,from_node,to_node,edge_tt,edge_var,distance
0,14,15,3.5,0.5,50.99
1,16,17,7.0,0.0,101.05
2,94,95,23.0,0.0,13.91
3,98,99,8.2,0.7,128.51
4,108,109,17.0,0.0,30.71
5,110,111,9.0,12.0,100.46
6,112,113,4.667,0.333,62.66
7,114,115,8.5,40.5,40.52
8,118,119,1.5,0.5,19.0
9,120,121,2.5,0.5,21.47
10,122,123,5.0,0.0,58.42
11,124,125,3.0,0.0,31.48
12,126,127,5.0,0.0,54.49
13,148,149,7.0,8.0,13.2
14,150,151,2.5,0.5,28.86
15,156,157,5.0,0.0,25.74
16,182,183,8.0,0.0,19.19
17,200,201,8.143,0.476,159.67
18,232,233,5.0,0.0,30.91
19,302,303,4.0,0.0,19.16
20,332,333,10.571,1.286,133.91
21,382,383,3.0,0.0,15.08
22,432,433,9.0,1.0,124.22
23,440,441,2.0,0.0,10.56
24,570,571,16.0,0.0,95.94
25,592,593,7.8,0.7,157.69
26,596,597,3.5,0.5,43.68
27,628,629,7.571,0.286,85.11
28,630,631,1.667,0.267,10.81
29,634,635,38.0,0.0,196.59
30,636,637,66.0,0.0,327.35
31,638,639,132.5,285.667,689.29
32,640,641,26.333,0.333,117.06
33,648,649,37.0,0.0,180.04
34,654,655,20.0,0.0,94.66
35,656,657,18.5,4.5,102.28
36,658,659,19.5,4.5,105.41
37,660,661,3.75,0.25,17.58
38,664,665,9.0,0.0,50.36
39,666,667,7.0,0.5,110.74
40,722,723,183.0,0.0,866.53
41,726,727,47.0,0.0,252.87
42,728,729,16.0,0.0,85.98
43,732,733,162.0,0.0,764.24
44,738,739,7.0,0.615,99.76
45,740,741,2.0,0.0,25.29
46,742,743,20.357,254.401,39.07
47,748,749,15.25,10.25,186.97
48,750,751,4.25,0.917,62.58
49,870,871,8.0,0.0,67.04
50,872,873,2.0,0.0,22.1
51,876,877,9.0,0.0,69.18
52,880,881,3.5,0.571,47.81
53,1050,1051,1.25,0.25,17.3
54,1052,1053,2.5,0.333,35.82
55,1054,1055,2.5,0.333,29.69
56,1056,1057,3.667,21.333,22.2
57,1214,1215,8.0,0.0,69.67
58,1216,1217,3.667,0.5,50.47
59,1218,1219,17.667,157.0,29.15
60,1220,1221,2.0,0.25,31.44
61,1222,1223,4.778,0.444,65.62
62,1224,1225,3.111,0.361,39.29
63,1238,1239,47.5,0.5,83.74
64,1240,1241,80.0,0.0,162.24
65,1286,1287,2.0,0.0,12.46
66,1294,1295,6.0,0.0,33.71
67,1360,1361,6.0,0.0,34.75
68,1408,1409,3.0,0.0,13.65
69,1428,1429,16.25,3.929,216.65
70,1430,1431,12.0,2.0,139.44
71,1432,1433,5.875,0.696,70.26
72,1434,1435,4.75,0.5,61.02
73,1436,1437,4.125,0.125,61.49
74,1438,1439,3.75,0.214,51.93
75,1440,1441,3.375,0.268,45.48
76,1444,1445,1.125,0.125,16.04
77,1458,1459,16.0,0.0,39.29
78,1460,1461,28.0,0.0,66.63
79,1472,1473,14.0,0.0,18.08
80,1500,1501,7.333,0.333,154.58
81,1502,1503,2.333,0.333,50.04
82,1526,1527,2.0,1.0,25.81
83,1528,1529,1.333,0.333,15.45
84,1576,1577,11.0,0.0,66.29
85,1600,1601,3.818,0.364,54.16
86,1602,1603,7.636,0.455,104.49
87,1604,1605,2.0,1.333,7.84
88,1606,1607,8.2,1.2,96.18
89,1608,1609,7.667,3.067,90.09
90,1610,1611,5.833,0.567,76.59
91,1616,1617,7.2,0.2,89.18
92,1620,1621,2.0,0.0,21.93
93,1646,1647,2.0,0.0,18.51
94,1648,1649,13.0,0.0,145.56
95,1650,1651,6.333,0.333,81.08
96,1678,1679,8.0,0.0,52.26
97,1694,1695,3.0,0.667,54.28
98,1704,1705,27.5,364.5,16.48
99,1706,1707,1.5,0.5,14.72
100,1708,1709,18.0,0.0,97.69
101,1710,1711,9.5,0.5,44.26
102,1806,1807,5.0,0.0,24.47
103,1826,1827,5.0,0.0,22.47
104,1838,1839,7.0,0.0,63.92
105,1840,1841,11.0,0.0,86.62
106,1850,1851,2.0,0.0,11.52
107,1852,1853,3.0,0.0,27.43
108,1854,1855,12.0,0.0,100.68
109,1856,1857,3.0,0.0,25.15
110,1920,1921,6.667,0.333,80.37
111,1922,1923,5.333,0.333,67.0
112,1938,1939,9.0,0.0,102.05
113,1940,1941,11.0,0.0,131.49
114,1942,1943,4.0,0.0,43.62
115,1944,1945,2.0,0.0,20.15
116,2010,2011,7.0,0.0,95.45
117,2012,2013,10.0,0.0,138.42
118,2086,2087,18.0,0.0,27.41
119,2088,2089,2.0,0.0,28.15
120,2090,2091,4.0,0.0,40.76
121,2092,2093,3.0,0.0,33.11
122,2130,2131,2.0,0.0,15.04
123,2148,2149,3.333,0.333,46.21
124,2150,2151,11.5,60.5,92.59
125,2162,2163,2.0,0.0,31.1
126,2164,2165,2.0,0.0,27.68
127,2168,2169,2.0,0.0,29.55
128,2170,2171,5.0,0.0,65.18
129,2172,2173,1.5,0.5,21.11
130,2174,2175,2.0,0.0,22.19
131,2188,2189,6.0,0.0,53.01
132,2190,2191,3.667,0.25,48.33
133,2192,2193,15.111,149.861,19.48
134,2194,2195,10.333,82.25,10.69
135,2196,2197,3.556,0.278,50.72
136,2202,2203,2.0,0.0,26.36
137,2204,2205,8.0,0.0,116.77
138,2206,2207,3.0,0.0,40.25
139,2208,2209,3.0,0.0,48.29
140,2210,2211,13.0,0.0,168.23
141,2218,2219,4.0,0.0,68.34
142,2220,2221,2.0,0.0,43.48
143,2222,2223,3.0,0.0,46.99
144,2224,2225,4.0,0.0,68.07
145,2226,2227,2.0,0.0,27.2
146,2228,2229,6.0,0.0,101.41
147,2230,2231,2.0,0.0,31.24
148,2262,2263,10.0,0.0,43.58
149,2274,2275,9.5,12.5,46.82
150,2276,2277,5.5,0.5,36.92
151,2298,2299,10.0,0.0,66.9
152,2300,2301,5.0,0.0,36.5
153,2304,2305,3.0,0.0,21.8
154,2306,2307,8.0,0.0,62.71
155,2308,2309,2.0,0.0,13.85
156,2326,2327,7.6,0.3,106.64
157,2366,2367,4.2,0.2,41.32
158,2368,2369,5.6,0.3,71.95
159,2370,2371,7.4,0.8,91.9
160,2372,2373,12.8,1.7,159.06
161,2374,2375,5.0,0.5,61.75
162,2376,2377,4.0,0.5,51.09
163,2378,2379,10.4,0.8,133.02
164,2380,2381,16.4,4.3,209.65
165,2382,2383,2.8,0.2,30.62
166,2392,2393,7.25,0.917,101.2
167,2394,2395,2.0,0.0,36.53
168,2396,2397,19.125,2.411,270.15
169,2432,2433,3.0,0.0,31.28
170,2442,2443,9.0,0.0,74.82
171,2496,2497,7.0,0.0,60.69
172,2498,2499,7.0,0.0,59.32
173,2500,2501,4.5,0.5,33.17
174,2504,2505,15.0,0.0,114.35
175,2558,2559,3.0,0.0,36.94
176,2560,2561,6.0,0.5,74.12
177,2626,2627,8.0,0.0,101.54
178,2630,2631,34.0,0.0,152.02
179,2632,2633,3.0,0.0,26.49
180,2644,2645,14.0,0.0,84.18
181,2648,2649,7.0,0.0,38.46
182,2664,2665,4.0,0.0,35.7
183,2666,2667,10.0,0.0,114.09
184,2668,2669,2.0,0.0,14.3
185,2728,2729,5.0,0.0,23.57
186,2760,2761,3.0,0.0,13.28
187,2762,2763,17.0,0.0,82.0
188,2770,2771,7.0,0.0,35.27
189,2774,2775,5.0,0.0,37.57
190,2776,2777,7.0,0.0,48.64
191,2790,2791,9.0,0.0,49.67
192,2826,2827,2.667,0.333,39.6
193,2828,2829,14.0,0.0,207.1
194,2830,2831,4.667,0.333,65.61
195,2844,2845,10.0,2.0,193.83
196,2848,2849,21.0,2.0,337.38
197,2850,2851,7.0,0.667,113.8
198,2852,2853,9.25,0.25,149.02
199,2854,2855,7.5,0.333,125.42
200,2856,2857,2.0,0.0,27.18
201,2858,2859,6.0,0.0,91.37
202,2904,2905,3.0,0.0,41.92
203,2906,2907,7.0,0.0,58.86
204,2924,2925,2.0,0.0,23.75
205,2926,2927,10.0,0.0,136.32
206,2928,2929,13.0,0.0,183.53
207,2930,2931,6.0,0.0,84.5
208,2932,2933,8.0,0.0,111.23
209,2934,2935,44.0,76.0,45.7
210,2950,2951,8.0,2.0,97.28
211,2952,2953,3.667,0.333,42.34
212,2954,2955,2.333,0.333,27.31
213,2958,2959,8.667,0.333,128.76
214,2960,2961,12.667,105.333,70.55
215,2962,2963,2.0,1.0,21.81
216,2988,2989,3.0,0.0,36.08
217,2990,2991,2.0,0.0,25.22
218,2992,2993,2.0,0.0,25.16
219,2994,2995,6.5,0.5,95.43
220,3354,3355,1.429,0.286,14.2
221,3366,3367,7.0,8.0,90.4
222,3368,3369,29.0,50.0,340.74
223,3372,3373,27.0,0.0,157.35
224,3382,3383,35.0,0.0,199.83
225,3384,3385,185.0,0.0,1045.06
226,3396,3397,1.667,0.333,14.72
227,3412,3413,25.0,0.0,46.66
228,3414,3415,25.0,0.0,43.85
229,3464,3465,74.0,0.0,398.83
230,3488,3489,51.0,0.0,116.64
231,3508,3509,29.0,32.0,159.58
232,3510,3511,304.0,0.0,776.65
233,3656,3657,3.0,0.0,14.9
234,3724,3725,10.5,112.5,57.35
235,3726,3727,6.0,0.0,95.12
236,3728,3729,2.0,0.0,47.19
237,3730,3731,11.0,0.0,176.13
238,3734,3735,3.0,0.0,39.77
239,3752,3753,20.0,0.0,91.25
240,3760,3761,26.0,0.0,123.4
241,3798,3799,23.0,0.0,119.98
242,3806,3807,3.0,0.0,13.15
243,3826,3827,3.0,0.0,11.88
244,3828,3829,8.0,0.0,45.98
245,3840,3841,12.0,0.0,52.89
246,3842,3843,9.0,0.0,44.26
247,3904,3905,9.0,0.0,59.98
248,3906,3907,6.0,0.0,43.88
249,3908,3909,7.0,0.0,47.6
250,3910,3911,3.0,0.0,11.38
251,4104,4105,5.0,0.0,40.09
252,4128,4129,45.5,112.5,309.1
253,4130,4131,2.0,0.0,24.34
254,4136,4137,4.0,0.0,56.55
255,4140,4141,13.0,0.0,202.41
256,4144,4145,4.0,0.0,56.63
257,4146,4147,2.0,0.0,31.83
258,4148,4149,2.0,0.0,16.77
259,4152,4153,2.5,0.5,30.85
260,4156,4157,1.5,0.5,22.92
261,4158,4159,19.5,420.5,57.09
262,4160,4161,5.5,0.5,80.15
263,4162,4163,2.0,0.0,24.33
264,4164,4165,2.0,0.0,27.56
265,4168,4169,3.5,0.5,45.62
266,4170,4171,9.0,0.0,120.47
267,4172,4173,12.0,0.0,166.06
268,4174,4175,10.0,0.0,124.87
269,4190,4191,23.0,8.0,47.58
270,4192,4193,24.0,2.0,50.3
271,4206,4207,4.5,0.5,18.49
272,4208,4209,60.333,34.333,0.19
273,4238,4239,14.714,3.905,116.16
274,4240,4241,1.857,0.143,17.11
275,4248,4249,11.667,1.467,181.31
276,4402,4403,27.0,3.5,401.9
277,4490,4491,11.167,2.167,164.0
278,4492,4493,3.5,0.3,56.29
279,4496,4497,1.5,0.5,27.91
280,4498,4499,10.2,0.2,176.68
281,4658,4659,12.0,0.0,65.52
282,4674,4675,2.0,0.0,9.12
283,4692,4693,4.0,0.0,44.38
284,4730,4731,2.0,0.0,13.33
285,4732,4733,8.0,0.0,113.26
286,4734,4735,2.0,0.0,30.35
287,4884,4885,3.286,0.238,39.58
288,4922,4923,1.333,0.333,20.25
289,4924,4925,3.333,0.333,41.15
290,4926,4927,10.667,114.333,50.64
291,4928,4929,3.333,0.333,46.31
292,4974,4975,9.0,0.0,118.08
293,4976,4977,6.333,0.333,75.28
294,4978,4979,33.333,654.333,48.94
295,4982,4983,9.333,0.333,102.36
296,4986,4987,9.667,0.333,110.7
297,4988,4989,2.0,0.0,22.17
298,4990,4991,2.333,0.333,28.54
299,4992,4993,5.0,0.0,54.97
300,4994,4995,3.667,0.333,38.46
301,4996,4997,6.0,0.0,4.34
302,4998,4999,16.5,0.5,191.25
303,5000,5001,4.0,0.0,44.76
304,5006,5007,33.143,93.143,114.62
305,5008,5009,2.833,0.167,37.34
306,5010,5011,5.5,0.7,73.56
307,5014,5015,4.833,0.167,59.09
308,5016,5017,4.5,0.5,56.57
309,5018,5019,4.0,0.0,46.42
310,5022,5023,7.75,87.643,8.8
311,5024,5025,7.429,31.286,62.51
312,5026,5027,16.286,116.238,36.02
313,5030,5031,4.0,0.0,40.25
314,5032,5033,2.5,0.333,32.77
315,5034,5035,3.75,0.25,51.47
316,5036,5037,3.0,0.0,31.06
317,5038,5039,6.25,0.25,89.76
318,5040,5041,2.5,0.333,31.75
319,5042,5043,2.75,0.25,36.82
320,5044,5045,13.5,1.0,191.35
321,5046,5047,3.25,0.25,39.55
322,5048,5049,6.0,0.0,81.96
323,5050,5051,1.5,0.333,24.14
324,5054,5055,1.857,0.143,19.98
325,5056,5057,20.0,0.0,143.73
326,5058,5059,2.0,0.0,14.5
327,5082,5083,13.0,0.0,159.3
328,5098,5099,9.0,0.0,57.83
329,5100,5101,7.0,0.0,40.3
330,5104,5105,3.0,0.0,43.43
331,5106,5107,3.0,0.0,51.51
332,5110,5111,3.0,0.0,49.79
333,5112,5113,4.0,0.0,58.6
334,5114,5115,5.0,0.0,67.44
335,5136,5137,5.0,7.0,22.53
336,5138,5139,2.0,0.0,26.68
337,5140,5141,2.667,0.333,39.57
338,5142,5143,2.0,2.0,43.06
339,5148,5149,1.667,0.333,17.22
340,5150,5151,2.333,0.333,21.29
341,5154,5155,3.667,0.333,54.65
342,5156,5157,3.0,0.0,43.57
343,5168,5169,4.0,0.0,51.18
344,5170,5171,4.0,0.0,64.21
345,5174,5175,4.0,0.0,54.28
346,5176,5177,2.0,0.0,19.67
347,5178,5179,2.0,0.0,30.13
348,5184,5185,6.0,0.0,78.74
349,5186,5187,3.0,0.0,27.38
350,5214,5215,62.5,0.5,49.54
351,5218,5219,4.5,0.333,57.03
352,5324,5325,4.0,0.0,44.63
353,5326,5327,4.0,0.0,46.02
354,5328,5329,2.0,0.0,19.87
355,5330,5331,3.0,0.0,36.0
356,5332,5333,12.0,2.0,148.64
357,5334,5335,3.0,0.0,39.22
358,5336,5337,2.0,0.0,18.44
359,5338,5339,2.0,0.0,21.21
360,5340,5341,2.0,0.0,18.59
361,5342,5343,2.0,0.0,23.94
362,5344,5345,2.0,0.0,22.69
363,5354,5355,2.0,0.0,29.79
364,5356,5357,4.667,0.333,62.66
365,5358,5359,2.667,0.333,35.58
366,5360,5361,3.0,0.0,37.96
367,5362,5363,7.667,1.333,92.9
368,5364,5365,2.0,0.0,19.28
369,5366,5367,8.0,1.0,104.46
370,5368,5369,6.667,1.333,83.14
371,5370,5371,4.333,0.333,55.37
372,5382,5383,3.0,0.0,38.78
373,5386,5387,3.0,1.0,39.99
374,5388,5389,6.0,1.0,78.51
375,5390,5391,1.667,0.333,20.8
376,5392,5393,5.333,0.333,67.84
377,5394,5395,3.0,0.667,37.74
378,5402,5403,7.0,0.0,46.96
379,5404,5405,5.0,0.0,36.1
380,5406,5407,3.0,0.0,21.26
381,5408,5409,2.0,0.0,12.9
382,5410,5411,2.0,0.0,11.47
383,5412,5413,7.0,0.0,51.46
384,5414,5415,13.143,0.81,181.08
385,5416,5417,18.429,94.619,65.03
386,5418,5419,4.429,3.286,42.54
387,5420,5421,3.714,0.238,50.97
388,5426,5427,3.333,0.333,39.16
389,5428,5429,20.333,1.333,253.18
390,5430,5431,5.0,21.0,21.05
391,5432,5433,8.333,1.333,91.29
392,5434,5435,2.0,0.0,17.12
393,5438,5439,2.0,0.0,24.66
394,5440,5441,4.333,0.333,61.57
395,5442,5443,8.0,31.0,36.76
396,5444,5445,2.0,0.0,19.63
397,5448,5449,10.0,0.0,142.6
398,5450,5451,7.0,2.0,98.35
399,5452,5453,4.0,0.0,51.47
400,5454,5455,8.0,0.0,107.02
401,5456,5457,7.0,0.0,100.67
402,5460,5461,9.0,0.0,134.1
403,5462,5463,6.0,0.0,76.11
404,5468,5469,4.0,0.0,62.86
405,5470,5471,2.0,0.0,29.0
406,5472,5473,16.6,110.3,36.8
407,5474,5475,6.4,0.3,97.96
408,5510,5511,8.0,0.0,55.08
409,5512,5513,8.0,0.0,59.67
410,5538,5539,5.0,0.0,72.93
411,5540,5541,5.0,0.0,62.58
412,5542,5543,2.5,0.5,34.47
413,5546,5547,5.5,0.5,77.6
414,5554,5555,3.0,0.0,42.7
415,5610,5611,13.75,4.917,204.76
416,5612,5613,2.0,0.0,24.23
417,5614,5615,3.0,0.0,41.17
418,5616,5617,12.0,0.0,162.93
419,5618,5619,9.0,0.0,125.19
420,5620,5621,3.5,0.5,49.32
421,5626,5627,2.5,0.5,27.03
422,5632,5633,4.0,0.0,18.01
423,5638,5639,11.5,0.5,82.3
424,5640,5641,8.0,0.0,59.53
425,5642,5643,10.0,0.0,73.89
426,5694,5695,20.0,0.0,88.45
427,5722,5723,9.0,0.0,170.01
428,5724,5725,4.0,0.0,60.45
429,5728,5729,1.333,0.333,22.11
430,5818,5819,14.0,0.0,91.01
431,5832,5833,11.0,0.0,60.86
432,5834,5835,9.0,0.0,63.67
433,5838,5839,6.0,0.0,62.46
434,5840,5841,7.0,0.0,83.0
435,5844,5845,12.0,0.0,131.87
436,5846,5847,8.0,0.0,80.82
437,5848,5849,20.0,0.0,230.66
438,5850,5851,10.0,0.0,113.63
439,5852,5853,2.0,0.0,18.59
440,5854,5855,20.0,0.0,229.87
441,5856,5857,14.0,0.0,161.82
442,5866,5867,2.571,0.286,21.46
443,5872,5873,2.0,0.0,14.42
444,5894,5895,3.25,0.25,37.53
445,5896,5897,1.333,0.333,16.37
446,5898,5899,11.667,1.333,149.55
447,5900,5901,5.333,0.333,66.86
448,5902,5903,8.667,1.333,106.25
449,5904,5905,7.333,0.333,96.73
450,5906,5907,4.333,0.333,54.41
451,5908,5909,3.0,0.0,39.2
452,5910,5911,1.667,0.333,22.07
453,5912,5913,3.0,0.0,37.6
454,5978,5979,25.714,12.238,203.67
455,5980,5981,6.714,1.238,54.3
456,5986,5987,16.714,3.905,132.67
457,6074,6075,7.0,0.5,79.22
458,6076,6077,4.6,0.3,51.29
459,6078,6079,8.6,1.3,104.74
460,6156,6157,12.0,0.0,130.13
461,6158,6159,8.0,0.0,90.34
462,6418,6419,8.0,0.0,56.0
463,6422,6423,9.0,0.0,68.25
464,6424,6425,6.0,0.0,50.42
465,6444,6445,19.0,0.0,28.93
466,6446,6447,8.429,0.619,169.38
467,6470,6471,32.0,1568.0,50.2
468,6472,6473,9.0,2.0,128.96
469,6496,6497,10.0,0.0,83.97
470,6534,6535,6.333,0.333,80.66
471,6542,6543,2.0,1.0,23.43
472,6544,6545,7.0,2.0,98.9
473,6546,6547,5.5,0.5,83.22
474,6550,6551,4.0,0.0,37.16
475,6552,6553,6.0,0.0,79.27
476,6554,6555,4.0,0.0,49.22
477,6598,6599,4.0,0.0,30.11
478,6600,6601,10.0,0.0,68.53
479,6602,6603,2.0,0.0,18.47
480,6604,6605,2.0,0.0,13.78
481,6606,6607,2.0,0.0,17.7
482,6628,6629,25.0,0.0,116.25
483,6632,6633,17.0,0.0,125.93
484,6642,6643,5.0,0.0,44.96
485,6674,6675,11.0,0.0,66.08
486,6676,6677,3.0,0.0,14.8
487,6690,6691,13.222,1.694,230.96
488,6732,6733,27.0,0.0,139.42
489,6734,6735,66.0,0.0,346.69
490,6736,6737,26.0,0.0,134.45
491,6774,6775,44.0,2.0,236.2
492,6776,6777,25.0,0.0,132.58
493,6878,6879,8.0,0.0,40.56
494,6968,6969,6.0,0.0,22.91
495,6970,6971,5.0,0.0,22.79
496,6988,6989,59.0,0.0,141.31
497,7018,7019,3.25,0.25,64.02
498,7020,7021,10.25,0.917,198.42
499,7066,7067,6.0,0.0,69.41
500,7112,7113,8.0,0.0,57.23
501,7130,7131,9.0,0.0,105.52
502,7132,7133,3.0,0.0,44.84
503,7142,7143,3.5,0.5,29.47
504,7144,7145,3.0,0.0,40.13
505,7158,7159,4.5,0.5,55.59
506,7160,7161,5.0,0.0,62.5
507,7172,7173,2.0,0.0,16.03
508,7174,7175,6.0,0.0,47.92
509,7176,7177,7.0,0.0,56.57
510,7184,7185,2.714,0.571,34.73
511,7186,7187,1.571,0.286,21.23
512,7188,7189,1.571,0.286,18.53
513,7192,7193,4.0,1.333,37.49
514,7196,7197,1.429,0.286,19.55
515,7198,7199,2.429,0.286,30.58
516,7202,7203,2.778,0.194,29.92
517,7204,7205,39.5,4.5,45.16
518,7208,7209,1.8,0.2,17.75
519,7214,7215,2.0,0.0,24.15
520,7216,7217,2.0,0.0,26.57
521,7218,7219,5.5,4.5,68.0
522,7220,7221,4.5,0.5,58.32
523,7222,7223,3.0,2.0,34.74
524,7230,7231,1.5,0.5,15.78
525,7232,7233,4.5,0.5,56.27
526,7234,7235,7.5,4.5,92.47
527,7236,7237,2.0,0.5,20.81
528,7238,7239,4.0,2.0,56.11
529,7240,7241,1.5,0.5,13.68
530,7242,7243,5.0,2.0,63.31
531,7244,7245,6.0,2.0,70.42
532,7246,7247,2.0,0.0,27.08
533,7248,7249,3.125,0.125,41.48
534,7250,7251,5.625,0.554,77.18
535,7252,7253,5.5,0.286,75.36
536,7254,7255,5.75,0.214,74.68
537,7256,7257,12.25,115.929,32.97
538,7260,7261,2.125,0.125,29.02
539,7262,7263,1.625,0.268,22.89
540,7264,7265,5.0,0.0,52.63
541,7356,7357,7.0,0.0,60.3
542,7390,7391,3.0,0.0,34.28
543,7392,7393,12.0,1.0,151.97
544,7394,7395,2.333,0.333,28.75
545,7396,7397,2.0,0.0,20.16
546,7398,7399,3.333,0.333,46.34
547,7402,7403,3.0,0.0,32.61
548,7430,7431,9.0,0.0,68.16
549,7458,7459,23.0,0.0,208.13
550,7464,7465,38.0,124.667,14.45
551,7466,7467,1.5,0.5,9.41
552,7470,7471,7.0,0.0,51.14
553,7482,7483,17.0,0.0,102.91
554,7484,7485,7.0,2.0,54.16
555,7492,7493,5.0,0.0,47.93
556,7494,7495,3.0,0.0,33.21
557,7496,7497,4.0,0.0,32.05
558,7524,7525,18.0,0.0,123.49
559,7534,7535,8.0,0.0,63.3
560,7572,7573,4.0,0.0,14.09
561,7574,7575,12.0,0.0,78.91
562,7576,7577,9.0,0.0,64.62
563,7578,7579,22.0,0.0,157.26
564,7580,7581,2.0,0.0,12.62
565,7582,7583,20.0,18.0,230.25
566,7594,7595,31.0,0.0,253.71
567,7596,7597,12.0,0.571,167.19
568,7600,7601,2.5,4.5,7.9
569,7604,7605,3.0,0.0,10.93
570,7606,7607,3.0,0.0,13.16
571,7636,7637,3.25,0.25,34.08
572,7640,7641,1.5,0.333,15.84
573,7642,7643,2.0,0.0,24.92
574,7644,7645,15.5,3.667,192.87
575,7646,7647,10.5,24.5,48.17
576,7650,7651,7.0,0.0,99.18
577,7652,7653,4.5,0.5,58.03
578,7756,7757,20.0,0.0,154.25
579,7796,7797,5.0,0.0,36.3
580,7898,7899,2.0,0.0,19.98
581,7900,7901,7.0,0.0,75.2
582,7906,7907,5.0,0.0,8.82
583,7908,7909,19.0,2.0,35.86
584,7910,7911,13.0,0.0,22.9
585,7912,7913,11.0,0.0,20.28
586,7918,7919,3.0,0.0,26.17
587,7924,7925,11.0,0.0,101.08
588,7926,7927,4.0,0.0,37.35
589,7928,7929,5.5,0.5,48.72
590,7930,7931,2.0,0.0,18.07
591,7932,7933,1.5,0.5,14.49
592,7944,7945,3.0,0.0,42.27
593,7946,7947,2.0,0.0,25.18
594,7948,7949,5.0,0.0,56.06
595,7954,7955,3.0,0.0,18.33
596,7956,7957,3.0,0.0,38.36
597,7958,7959,2.0,0.0,35.7
598,7960,7961,2.0,0.0,27.22
599,7962,7963,2.0,0.0,39.2
600,7980,7981,48.0,0.0,350.37
601,7988,7989,3.0,0.0,23.15
602,8024,8025,19.0,0.0,158.28
603,8026,8027,6.0,0.0,46.01
604,8028,8029,14.0,0.0,115.03
605,8090,8091,4.0,0.0,24.81
606,8140,8141,326.5,211900.5,29.27
607,8144,8145,4.0,0.0,47.69
608,8146,8147,4.0,0.0,41.54
609,8148,8149,10.0,0.0,101.02
610,8372,8373,17.0,0.0,134.57
611,8374,8375,8.0,0.0,57.52
612,8382,8383,2.0,0.0,17.57
613,8384,8385,6.0,0.0,40.71
614,8386,8387,11.0,0.0,88.48
615,8388,8389,9.0,0.0,70.0
616,8390,8391,3.0,0.0,22.48
617,8392,8393,5.0,0.0,26.99
618,8394,8395,15.0,0.0,92.19
619,8404,8405,9.0,0.0,44.24
620,8430,8431,5.0,0.0,34.23
621,8450,8451,11.0,0.0,77.15
622,8452,8453,5.5,0.5,36.96
623,8470,8471,3.0,0.0,18.43
624,8520,8521,2.0,0.0,11.48
625,8566,8567,5.0,0.0,37.26
626,8568,8569,4.0,0.0,28.71
627,8570,8571,2.0,0.0,19.69
628,8574,8575,11.0,0.0,100.85
629,8576,8577,14.0,0.0,121.86
630,8578,8579,10.0,0.0,87.6
631,8580,8581,3.0,0.0,19.38
632,8626,8627,32.0,0.0,190.63
633,8720,8721,28.0,0.0,208.04
634,8772,8773,3.0,0.0,78.16
635,8774,8775,8.0,0.0,92.41
636,8776,8777,8.0,0.0,89.23
637,8804,8805,5.5,0.333,24.38
638,8814,8815,6.667,0.333,49.58
639,8824,8825,3.0,0.0,18.97
640,8826,8827,2.0,0.0,18.94
641,8856,8857,6.333,0.333,45.95
642,8858,8859,12.667,0.333,103.54
643,8860,8861,4.333,0.333,35.88
644,8862,8863,6.667,0.333,53.42
645,8864,8865,6.333,0.333,54.81
646,8896,8897,2.0,0.0,13.67
647,8924,8925,4.0,0.0,32.33
648,8928,8929,8.0,0.0,72.83
649,8930,8931,5.0,0.0,42.88
650,8936,8937,4.0,0.0,25.94
651,9048,9049,14.0,202.8,55.35
652,9050,9051,3.0,0.4,36.96
653,9052,9053,4.909,0.491,60.79
654,9054,9055,2.667,0.5,34.42
655,9078,9079,15.143,6.476,228.19
656,9080,9081,5.5,0.3,71.42
657,9088,9089,13.0,0.0,96.41
658,9184,9185,2.0,0.0,14.24
659,9252,9253,2.0,0.0,9.5
660,9254,9255,9.0,0.0,42.08
661,9280,9281,7.0,0.0,46.13
662,9282,9283,6.0,0.0,47.32
663,9284,9285,7.0,0.0,55.34
664,9286,9287,8.0,0.0,54.87
665,9292,9293,12.0,0.0,98.22
666,9308,9309,24.0,0.0,179.56
667,9402,9403,13.0,0.0,64.04
668,9446,9447,6.0,0.0,42.61
669,9448,9449,6.0,0.0,52.8
670,9450,9451,9.0,0.0,79.3
671,9452,9453,4.857,0.143,91.21
672,9534,9535,3.0,0.0,26.25
673,9542,9543,3.0,0.0,24.51
674,9544,9545,5.0,0.0,41.14
675,9548,9549,5.0,0.0,40.56
676,9550,9551,2.0,0.0,15.78
677,9552,9553,12.0,0.0,96.69
678,9796,9797,2.0,0.0,22.01
679,9798,9799,10.0,0.0,107.71
680,9806,9807,3.0,0.0,35.74
681,9828,9829,2.0,0.0,37.88
682,9836,9837,2.0,0.0,24.47
683,9890,9891,6.0,0.0,42.86
684,9892,9893,2.0,0.0,14.13
685,9914,9915,5.0,0.0,64.67
686,9916,9917,3.643,0.709,44.98
687,9918,9919,1.75,0.214,21.97
688,9920,9921,3.0,0.286,36.44
689,9922,9923,4.5,0.5,52.8
690,9924,9925,4.0,0.0,55.07
691,9926,9927,9.0,0.0,118.4
692,9928,9929,11.0,0.0,137.78
693,9938,9939,4.0,0.0,49.64
694,9940,9941,8.0,0.0,113.13
695,9942,9943,2.0,0.0,33.76
696,9944,9945,1.857,0.143,23.14
697,9950,9951,4.143,0.476,50.56
698,9952,9953,3.857,0.143,51.15
699,9954,9955,5.143,0.476,66.86
700,9956,9957,3.286,0.238,41.11
701,9958,9959,1.857,0.143,22.58
702,9960,9961,1.571,0.286,18.95
703,9962,9963,3.0,0.333,38.66
704,9964,9965,3.857,0.476,47.92
705,9966,9967,3.714,0.571,49.77
706,9970,9971,2.25,0.5,26.52
707,9972,9973,3.75,0.5,47.58
708,9974,9975,9.25,2.5,119.18
709,9980,9981,2.25,0.214,26.05
710,9982,9983,1.25,0.214,14.46
711,9984,9985,1.857,0.143,23.52
712,9986,9987,3.143,0.143,32.76
713,9988,9989,13.714,44.905,59.25
714,9990,9991,15.286,117.571,54.56
715,9996,9997,5.0,0.333,61.48
716,9998,9999,8.857,1.143,104.4
717,10038,10039,9.0,0.0,64.04
718,10080,10081,5.0,0.0,58.86
719,10084,10085,9.5,0.333,120.26
720,10086,10087,3.5,0.333,46.99
721,10088,10089,5.333,0.333,70.22
722,10090,10091,12.2,64.7,45.31
723,10092,10093,4.4,0.3,54.91
724,10094,10095,1.6,0.3,22.9
725,10098,10099,14.333,0.667,188.58
726,10100,10101,2.167,0.167,29.42
727,10110,10111,7.0,0.0,75.6
728,10166,10167,2.75,0.25,33.54
729,10178,10179,14.667,2.267,193.0
730,10180,10181,7.0,0.667,85.37
731,10182,10183,2.571,0.286,34.12
732,10184,10185,2.125,0.125,26.97
733,10186,10187,1.75,0.214,21.54
734,10188,10189,3.375,0.268,46.43
735,10190,10191,3.375,0.268,42.59
736,10192,10193,1.875,0.125,23.58
737,10194,10195,8.5,0.286,103.63
738,10212,10213,2.8,0.2,39.37
739,10214,10215,4.8,0.2,73.75
740,10224,10225,15.0,0.0,79.6
741,10228,10229,21.0,0.0,108.47
742,10238,10239,8.0,0.0,59.77
743,10240,10241,6.0,0.0,51.32
744,10242,10243,5.0,0.0,39.44
745,10246,10247,3.0,0.0,18.5
746,10248,10249,3.0,0.0,26.1
747,10348,10349,7.5,43.429,57.96
748,10360,10361,6.0,0.0,75.87
749,10362,10363,3.0,0.0,36.03
750,10364,10365,5.0,0.0,79.61
751,10366,10367,4.0,0.0,60.84
752,10368,10369,9.0,0.0,139.07
753,10380,10381,3.0,0.0,20.84
754,10382,10383,2.0,0.0,19.98
755,10384,10385,5.0,0.0,28.09
756,10386,10387,3.0,0.0,36.61
757,10388,10389,2.0,0.0,28.53
758,10518,10519,19.0,0.0,36.05
759,10548,10549,14.0,0.0,203.66
760,10550,10551,3.0,0.0,57.04
761,10552,10553,14.0,0.0,214.59
762,10596,10597,13.9,58.989,36.96
763,10600,10601,11.857,109.67,10.49
764,10602,10603,4.467,0.267,55.69
765,10604,10605,5.533,0.41,72.35
766,10712,10713,8.0,0.0,37.41
767,10714,10715,5.0,0.0,26.79
768,10802,10803,13.5,0.5,163.43
769,10804,10805,16.6,0.8,232.54
770,10822,10823,7.5,0.333,96.85
771,10824,10825,5.667,0.333,75.6
772,10826,10827,1.333,0.333,19.39
773,10828,10829,4.0,0.0,40.15
774,10830,10831,2.0,0.0,13.29
775,10874,10875,1.5,0.5,15.92
776,10876,10877,2.5,0.5,31.23
777,10878,10879,2.0,0.0,29.31
778,10884,10885,2.0,0.0,8.01
779,10932,10933,4.0,0.0,8.96
780,10994,10995,2.0,0.0,24.06
781,10996,10997,3.0,0.0,39.76
782,10998,10999,4.0,0.0,42.9
783,11020,11021,8.8,36.7,15.16
784,11022,11023,3.0,0.0,29.14
785,11024,11025,4.0,0.0,42.47
786,11030,11031,3.0,0.0,24.6
787,11056,11057,60.0,0.0,119.98
788,11082,11083,4.0,0.0,25.89
789,11084,11085,3.0,0.0,21.6
790,11086,11087,12.0,0.0,85.91
791,11088,11089,8.0,0.0,58.45
792,11102,11103,21.889,115.861,63.92
793,11104,11105,13.25,4.5,67.94
794,11106,11107,59.0,0.0,405.88
795,11110,11111,10.0,0.0,61.75
796,11120,11121,9.0,8.0,67.05
797,11122,11123,20.0,32.0,152.16
798,11124,11125,3.0,0.0,19.29
799,11126,11127,2.0,0.0,18.62
800,11140,11141,2.4,0.8,23.69
801,11144,11145,2.0,0.5,23.12
802,11146,11147,7.2,0.2,89.98
803,11148,11149,3.667,0.667,40.77
804,11228,11229,8.0,0.0,51.71
805,11230,11231,9.75,0.917,111.54
806,11232,11233,2.0,0.0,26.94
807,11234,11235,8.25,1.583,101.94
808,11236,11237,4.5,0.333,53.48
809,11238,11239,1.5,0.333,19.71
810,11266,11267,6.571,1.286,84.15
811,11268,11269,5.0,0.0,66.9
812,11270,11271,13.0,0.0,184.03
813,11406,11407,11.0,0.0,86.81
814,11408,11409,5.8,0.379,117.83
815,11412,11413,11.2,1.2,227.3
816,11414,11415,5.4,0.3,82.0
817,11420,11421,2.0,0.0,30.35
818,11422,11423,12.5,4.5,170.38
819,11494,11495,2.0,0.0,20.54
820,11496,11497,22.25,127.583,129.96
821,11502,11503,1.5,0.5,17.74
822,11504,11505,3.0,0.0,30.83
823,11554,11555,7.0,0.0,77.54
824,11594,11595,3.2,0.7,45.31
825,11596,11597,4.2,0.2,57.81
826,11600,11601,5.4,0.3,78.41
827,11602,11603,9.6,1.3,137.46
828,11604,11605,7.2,0.7,101.04
829,11606,11607,2.6,0.3,32.06
830,11608,11609,4.0,0.0,57.61
831,11610,11611,1.8,0.2,27.24
832,11612,11613,2.0,0.0,35.61
833,11616,11617,4.8,0.2,66.05
834,11618,11619,1.6,0.3,22.8
835,11644,11645,18.0,288.0,89.51
836,11646,11647,2.5,0.5,24.78
837,11648,11649,2.5,0.5,32.67
838,11650,11651,21.0,18.0,40.98
839,11652,11653,7.5,4.5,92.3
840,11658,11659,3.5,0.333,41.76
841,11662,11663,39.0,527.2,42.09
842,11664,11665,11.2,0.7,157.13
843,11666,11667,21.833,1.367,312.16
844,11676,11677,3.0,0.0,22.94
845,11678,11679,10.0,0.0,99.45
846,11680,11681,11.0,0.0,113.68
847,11682,11683,3.0,0.0,29.1
848,11688,11689,5.0,0.0,79.36
849,11706,11707,2.0,0.0,8.7
850,11718,11719,3.0,0.0,25.28
851,11720,11721,2.0,0.0,18.15
852,11750,11751,7.5,0.5,86.12
853,11752,11753,6.0,0.0,63.85
854,11756,11757,4.333,0.333,51.71
855,11790,11791,4.0,0.0,44.94
856,11792,11793,5.0,0.0,61.32
857,11822,11823,9.286,0.571,101.05
858,11824,11825,2.286,0.238,26.68
859,11826,11827,11.143,0.476,136.87
860,11856,11857,2.2,0.2,36.38
861,11858,11859,38.0,0.0,67.34
862,11878,11879,68.0,0.0,129.02
863,11912,11913,2.286,0.238,26.99
864,11914,11915,1.143,0.143,14.21
865,11926,11927,47.0,0.0,270.73
866,11978,11979,30.0,0.0,204.12
867,11980,11981,1.6,0.3,34.21
868,11982,11983,4.2,0.2,84.08
869,11984,11985,3.0,0.0,53.69
870,11988,11989,5.25,0.25,75.14
871,11990,11991,7.0,0.0,79.43
872,11992,11993,30.75,313.583,88.51
873,11994,11995,2.0,0.0,29.45
874,11996,11997,4.25,0.25,68.02
875,11998,11999,2.0,1.0,30.28
876,12004,12005,5.0,0.667,71.39
877,12006,12007,5.667,8.333,60.67
878,12010,12011,3.5,0.5,46.71
879,12012,12013,2.0,0.0,30.32
880,12014,12015,2.0,0.0,27.71
881,12016,12017,1.75,0.25,14.72
882,12018,12019,6.25,0.25,89.17
883,12020,12021,1.5,0.333,16.92
884,12022,12023,1.5,0.5,25.16
885,12024,12025,4.5,0.5,61.97
886,12028,12029,5.0,2.0,68.28
887,12030,12031,1.5,0.5,22.26
888,12032,12033,2.0,0.0,21.26
889,12034,12035,6.0,2.0,67.37
890,12036,12037,4.25,0.25,51.43
891,12038,12039,2.0,0.0,20.9
892,12044,12045,4.0,0.0,45.23
893,12046,12047,2.0,0.0,33.91
894,12050,12051,4.0,0.0,49.09
895,12052,12053,7.0,0.0,84.59
896,12054,12055,10.5,180.5,21.49
897,12058,12059,7.0,0.0,32.14
898,12072,12073,2.0,0.0,8.56
899,12078,12079,18.0,0.0,34.78
900,12110,12111,8.0,0.0,89.74
901,12112,12113,2.0,0.0,15.82
902,12114,12115,8.0,2.0,64.02
903,12116,12117,12.0,2.0,93.13
904,12118,12119,4.0,0.0,32.29
905,12138,12139,11.0,0.0,148.33
906,12140,12141,59.0,98.0,21.0
907,12142,12143,4.0,0.0,46.76
908,12188,12189,3.0,0.0,37.58
909,12190,12191,4.5,0.5,58.75
910,12236,12237,3.0,0.0,41.09
911,12242,12243,1.857,0.143,29.43
912,12244,12245,7.714,6.905,225.84
913,12246,12247,16.833,2.567,215.11
914,12248,12249,2.0,0.0,16.98
915,12256,12257,6.0,0.0,48.34
916,12258,12259,13.0,0.0,110.59
917,12260,12261,13.0,0.0,108.07
918,12262,12263,8.0,0.0,66.01
919,12292,12293,7.0,0.0,18.78
920,12294,12295,17.0,0.0,44.09
921,12300,12301,2.0,0.0,11.36
922,12304,12305,2.0,0.0,16.06
923,12320,12321,11.0,0.0,91.8
924,12322,12323,4.0,0.0,35.48
925,12324,12325,12.0,0.0,92.75
926,12346,12347,3.0,0.0,26.75
927,12348,12349,5.0,0.0,50.98
928,12350,12351,9.0,0.0,82.4
929,12352,12353,3.0,0.0,19.06
930,12390,12391,2.667,0.267,36.89
931,12392,12393,2.333,0.267,34.73
932,12394,12395,4.5,0.3,65.37
933,12396,12397,3.4,0.3,42.14
934,12424,12425,18.0,0.0,39.92
935,12446,12447,3.2,0.2,31.41
936,12448,12449,3.8,0.2,45.36
937,12450,12451,2.6,0.3,33.46
938,12452,12453,11.6,1.3,141.1
939,12454,12455,6.8,0.2,83.44
940,12456,12457,5.2,0.7,57.16
941,12458,12459,6.0,0.0,46.0
942,12474,12475,5.0,0.0,41.79
943,12502,12503,41.0,2.0,94.82
944,12504,12505,237.0,242.0,517.01
945,12508,12509,16.0,0.0,36.8
946,12510,12511,29.0,0.0,63.2
947,12512,12513,8.0,0.0,19.71
948,12516,12517,92.0,0.0,207.25
949,12518,12519,56.0,0.0,155.47
950,12526,12527,12.0,0.0,100.7
951,12556,12557,4.0,0.0,24.62
952,12558,12559,13.0,0.0,84.21
953,12570,12571,50.0,0.0,404.64
954,12588,12589,51.0,0.0,415.97
955,12590,12591,6.0,0.0,40.74
956,12592,12593,2.0,0.0,22.83
957,12596,12597,4.429,0.286,54.85
958,12598,12599,1.714,0.238,19.86
959,12600,12601,2.857,0.476,36.77
960,12602,12603,1.714,0.238,19.19
961,12604,12605,7.0,2.0,95.43
962,12606,12607,7.5,0.5,103.85
963,12608,12609,2.0,0.0,25.91
964,12610,12611,16.0,0.0,23.19
965,12628,12629,6.0,0.0,16.9
966,12636,12637,8.5,1.667,109.36
967,12668,12669,14.0,0.0,72.63
968,12758,12759,2.0,0.0,18.42
969,12760,12761,4.0,0.0,49.55
970,13132,13133,5.0,0.0,28.69
971,13160,13161,15.0,0.0,94.01
972,13186,13187,26.0,0.0,160.93
973,13300,13301,4.0,0.0,54.78
974,13302,13303,3.5,0.5,65.29
975,13304,13305,7.5,4.5,138.46
976,13306,13307,1.5,0.5,32.25
977,13308,13309,6.0,2.0,117.35
978,13310,13311,9.667,1.067,251.82
979,13312,13313,10.5,0.7,219.66
980,13332,13333,13.0,0.0,52.44
981,13410,13411,5.0,0.0,22.78
982,13444,13445,12.0,0.0,111.56
983,13446,13447,23.0,0.0,235.32
984,13540,13541,9.0,0.5,139.23
985,13578,13579,2.556,0.278,17.42
986,13580,13581,2.778,0.444,40.25
987,13600,13601,3.0,0.0,30.79
988,13610,13611,15.0,0.0,33.53
989,13612,13613,7.0,0.0,123.75
990,13640,13641,5.0,0.0,34.03
991,13642,13643,12.0,0.0,81.18
992,13644,13645,8.0,0.0,60.94
993,13654,13655,9.5,0.5,69.32
994,13656,13657,7.5,0.5,59.02
995,13658,13659,8.5,0.5,58.51
996,13762,13763,6.0,0.0,42.01
997,13764,13765,4.0,0.0,26.94
998,13790,13791,7.0,0.0,62.41
999,13792,13793,8.0,0.0,60.96
1000,13870,13871,4.5,0.333,30.25
1001,13872,13873,1.75,0.25,14.96
1002,13874,13875,2.5,0.333,19.51
1003,13876,13877,2.25,0.25,18.24
1004,13878,13879,17.5,0.5,140.76
1005,13904,13905,21.0,0.0,188.61
1006,13910,13911,7.0,0.0,85.82
1007,13912,13913,3.0,0.0,38.0
1008,13916,13917,2.0,0.0,28.32
1009,13930,13931,51.0,32.0,105.6
1010,13932,13933,24.0,2.0,52.49
1011,14030,14031,4.0,0.0,38.65
1012,14032,14033,4.0,2.0,51.5
1013,14034,14035,5.0,2.0,61.95
1014,14120,14121,2.75,0.25,42.16
1015,14122,14123,20.25,144.917,43.47
1016,14128,14129,8.0,0.0,54.73
1017,14130,14131,6.0,0.0,74.22
1018,14138,14139,4.0,0.0,40.87
1019,14140,14141,3.0,0.0,25.11
1020,14142,14143,3.0,0.0,26.29
1021,14144,14145,3.0,0.0,27.98
1022,14154,14155,7.0,0.0,55.35
1023,14156,14157,26.0,0.0,205.76
1024,14158,14159,2.143,0.143,24.65
1025,14160,14161,2.429,0.286,33.87
1026,14162,14163,4.286,0.571,53.54
1027,14176,14177,3.0,0.0,39.73
1028,14178,14179,6.0,0.0,87.08
1029,14180,14181,8.0,2.0,116.22
1030,14182,14183,5.333,0.333,71.41
1031,14192,14193,7.0,0.0,53.17
1032,14194,14195,2.0,0.0,14.46
1033,14196,14197,2.0,0.0,18.47
1034,14198,14199,2.0,0.0,8.06
1035,14200,14201,9.0,0.0,61.98
1036,14216,14217,12.0,49.0,87.61
1037,14254,14255,15.286,3.604,204.9
1038,14256,14257,4.429,0.418,50.38
1039,14258,14259,11.429,1.341,134.94
1040,14260,14261,1.133,0.124,14.52
1041,14262,14263,1.786,0.181,21.77
1042,14264,14265,3.5,0.5,25.07
1043,14266,14267,3.0,0.0,18.16
1044,14272,14273,15.0,2.0,323.52
1045,14274,14275,4.5,0.5,98.88
1046,14276,14277,1.5,0.5,26.72
1047,14294,14295,3.5,0.5,27.28
1048,14296,14297,6.5,4.5,51.13
1049,14298,14299,3.5,0.5,27.33
1050,14302,14303,61.5,1740.5,24.63
1051,14304,14305,8.5,0.5,59.25
1052,14306,14307,2.5,0.5,15.68
1053,14310,14311,11.0,0.0,68.92
1054,14312,14313,3.0,0.0,17.75
1055,14342,14343,12.0,0.0,32.13
1056,14346,14347,15.0,0.0,78.99
1057,14384,14385,6.0,0.0,25.19
1058,14404,14405,5.0,0.0,70.06
1059,14432,14433,2.5,0.5,28.77
1060,14438,14439,21.0,0.0,305.31
1061,14440,14441,3.0,0.0,33.54
1062,14442,14443,5.0,0.0,77.08
1063,14468,14469,38.5,40.5,319.64
1064,14470,14471,19.0,8.0,158.08
1065,14476,14477,5.0,0.0,56.47
1066,14490,14491,2.0,0.0,14.11
1067,14492,14493,6.0,0.0,70.23
1068,14518,14519,10.0,0.0,68.3
1069,14520,14521,6.0,0.0,40.9
1070,14550,14551,3.0,0.0,26.43
1071,14552,14553,7.0,0.0,58.4
1072,14608,14609,2.0,0.0,19.34
1073,14664,14665,2.0,0.0,15.39
1074,14720,14721,9.0,0.0,81.93
1075,14724,14725,5.0,0.0,46.4
1076,14770,14771,2.0,0.0,9.87
1077,14792,14793,3.0,0.0,13.51
1078,14794,14795,8.0,0.0,40.51
1079,14818,14819,14.0,0.0,106.91
1080,14822,14823,25.0,0.0,100.4
1081,14868,14869,2.0,0.0,30.43
1082,14870,14871,4.333,0.333,51.93
1083,14880,14881,11.0,0.0,151.35
1084,14906,14907,10.6,2.267,217.67
1085,14908,14909,4.778,0.444,95.24
1086,14910,14911,3.0,0.0,25.2
1087,14916,14917,10.0,0.0,76.29
1088,14944,14945,2.0,0.0,8.19
1089,14950,14951,24.111,7.611,421.77
1090,14954,14955,26.0,0.0,449.23
1091,14956,14957,8.0,0.0,151.09
1092,14958,14959,6.0,0.0,114.71
1093,14960,14961,2.0,0.0,33.37
1094,14968,14969,94.0,0.0,561.1
1095,14972,14973,9.0,0.0,60.87
1096,14976,14977,15.0,0.0,100.77
1097,14978,14979,21.0,0.0,144.07
1098,15180,15181,3.0,0.0,10.62
1099,15194,15195,10.0,0.0,44.09
1100,15224,15225,16.4,11.3,227.65
1101,15226,15227,6.4,0.3,102.72
1102,15228,15229,5.6,0.8,88.98
1103,15230,15231,4.6,0.8,68.0
1104,15232,15233,2.2,0.171,27.22
1105,15234,15235,2.8,0.171,34.56
1106,15238,15239,17.0,0.0,75.83
1107,15240,15241,26.667,2.333,145.74
1108,15262,15263,2.0,0.0,7.45
1109,15266,15267,14.0,0.0,59.72
1110,15272,15273,5.0,0.0,19.04
1111,15274,15275,11.0,0.0,50.27
1112,15326,15327,4.0,0.0,22.33
1113,15364,15365,7.0,0.0,111.27
1114,15370,15371,8.0,0.0,116.31
1115,15376,15377,7.0,0.0,96.58
1116,15378,15379,14.0,0.0,195.33
1117,15456,15457,3.0,0.0,11.87
1118,15472,15473,4.0,0.0,17.91
1119,15494,15495,9.0,0.0,177.78
1120,15496,15497,11.0,0.0,101.13
1121,15498,15499,7.625,0.268,35.91
1122,15500,15501,55.5,34.7,255.28
1123,15502,15503,26.333,4.333,122.61
1124,15504,15505,31.0,0.0,146.96
1125,15506,15507,89.0,2.0,437.93
1126,15508,15509,27.0,0.0,131.96
1127,15512,15513,18.4,111.3,39.49
1128,15516,15517,1.25,0.25,15.28
1129,15518,15519,5.75,0.25,77.65
1130,15524,15525,6.833,0.167,77.43
1131,15526,15527,7.167,0.167,83.98
1132,15580,15581,4.0,0.0,26.42
1133,15590,15591,6.0,0.0,44.23
1134,15592,15593,6.0,0.0,39.49
1135,15594,15595,22.0,0.0,153.66
1136,15596,15597,6.0,0.0,46.41
1137,15704,15705,6.0,0.0,43.84
1138,15706,15707,4.0,0.0,25.79
1139,15710,15711,2.5,0.333,27.4
1140,15712,15713,3.75,0.25,45.06
1141,15724,15725,3.0,0.0,37.0
1142,15730,15731,3.0,0.0,41.82
1143,15732,15733,11.0,0.0,119.98
1144,15734,15735,4.0,0.0,41.95
1145,15736,15737,2.0,0.0,29.96
1146,15738,15739,2.0,0.0,26.07
1147,15742,15743,2.0,0.0,16.97
1148,15744,15745,6.0,0.0,61.58
1149,15746,15747,10.667,200.333,35.63
1150,15748,15749,12.0,2.0,91.57
1151,15752,15753,6.4,0.489,74.76
1152,15754,15755,5.8,0.622,72.97
1153,15868,15869,5.5,12.5,64.42
1154,15872,15873,5.0,0.0,41.88
1155,15874,15875,6.0,0.0,51.64
1156,15876,15877,4.0,0.0,28.22
1157,15878,15879,8.0,0.0,71.11
1158,15880,15881,5.5,0.5,41.3
1159,15898,15899,21.5,4.5,45.8
1160,15900,15901,1.5,0.5,19.84
1161,15902,15903,3.0,0.0,34.9
1162,15904,15905,5.308,4.397,43.94
1163,15910,15911,4.0,0.0,28.63
1164,15916,15917,3.0,0.0,30.09
1165,15936,15937,3.5,0.5,45.87
1166,15944,15945,22.0,143.0,10.41
1167,15946,15947,25.167,262.967,55.75
1168,15948,15949,3.0,0.0,7.12
1169,15950,15951,7.0,0.0,16.83
1170,15954,15955,2.0,0.0,8.45
1171,15972,15973,6.5,0.5,88.46
1172,15974,15975,6.0,0.0,71.58
1173,15978,15979,9.0,0.0,114.31
1174,15980,15981,2.0,0.0,25.49
1175,15982,15983,4.0,0.0,44.73
1176,15984,15985,28.0,0.0,379.48
1177,15986,15987,2.0,0.0,20.32
1178,15988,15989,38.0,0.0,307.38
1179,15990,15991,8.0,0.0,66.53
1180,15992,15993,8.0,0.0,64.35
1181,16022,16023,9.0,0.0,46.82
1182,16074,16075,18.444,1.278,389.64
1183,16076,16077,19.5,1.611,425.02
1184,16078,16079,6.9,0.322,130.06
1185,16080,16081,11.444,0.778,180.72
1186,16098,16099,13.0,0.0,180.51
1187,16102,16103,4.0,0.0,44.08
1188,16204,16205,1.5,0.333,21.04
1189,16206,16207,5.0,0.0,72.09
1190,16208,16209,4.0,0.0,56.66
1191,16218,16219,4.0,0.0,67.09
1192,16226,16227,17.5,4.5,209.79
1193,16228,16229,5.5,0.5,69.74
1194,16236,16237,1.5,0.5,8.44
1195,16238,16239,3.5,0.5,23.32
1196,16240,16241,3.5,0.5,23.47
1197,16242,16243,2.0,0.0,12.48
1198,16244,16245,2.0,0.0,12.89
1199,16248,16249,2.5,0.5,18.7
1200,16252,16253,14.5,0.5,105.3
1201,16274,16275,1.333,0.333,18.59
1202,16314,16315,1.25,0.25,14.74
1203,16344,16345,6.667,0.333,97.22
1204,16346,16347,4.0,0.667,48.84
1205,16348,16349,5.5,1.0,73.59
1206,16350,16351,2.0,0.0,18.54
1207,16384,16385,13.0,0.0,90.77
1208,16394,16395,9.8,0.7,144.89
1209,16432,16433,6.5,0.5,35.76
1210,16452,16453,18.0,0.0,140.86
1211,16500,16501,3.1,0.1,43.37
1212,16522,16523,10.25,0.214,145.02
1213,16524,16525,1.375,0.268,19.96
1214,16544,16545,17.0,0.0,260.19
1215,16566,16567,6.5,0.5,65.64
1216,16624,16625,4.0,0.0,37.72
1217,16626,16627,15.0,0.0,79.84
1218,16628,16629,2.0,0.0,7.22
1219,16654,16655,5.75,0.917,69.78
1220,16658,16659,16.5,5.667,253.03
1221,16660,16661,31.75,14.25,482.97
1222,16670,16671,1335.667,268827.467,110.66
1223,16672,16673,5.0,0.0,39.78
1224,16692,16693,5.0,0.0,32.09
1225,16694,16695,1.5,0.5,10.02
1226,16696,16697,13.5,0.5,158.93
1227,16698,16699,4.5,0.5,61.05
1228,16700,16701,2.0,0.0,27.95
1229,16702,16703,3.5,0.5,45.13
1230,16706,16707,3.0,0.0,44.58
1231,16708,16709,17.0,0.0,79.19
1232,16710,16711,7.0,0.0,33.37
1233,16814,16815,2.0,0.0,9.54
1234,16840,16841,6.0,0.0,41.7
1235,16904,16905,2.0,0.0,18.04
1236,16926,16927,24.0,2.0,80.26
1237,16944,16945,2.0,0.0,20.62
1238,16952,16953,6.0,0.0,58.29
1239,16954,16955,2.0,0.0,20.49
1240,16956,16957,5.0,0.0,54.7
1241,16958,16959,5.0,0.0,51.59
1242,16960,16961,3.0,0.0,33.88
1243,16966,16967,9.0,0.0,38.71
1244,16986,16987,2.0,0.0,19.52
1245,16990,16991,3.0,0.0,18.27
1246,17002,17003,7.0,0.0,78.13
1247,17004,17005,5.0,0.0,56.06
1248,17006,17007,8.0,0.0,49.13
1249,17014,17015,12.0,0.0,90.54
1250,17038,17039,5.6,0.8,78.59
1251,17040,17041,31.167,371.767,73.55
1252,17042,17043,7.0,0.5,100.12
1253,17064,17065,1.333,0.333,19.11
1254,17068,17069,2.0,0.0,25.92
1255,17126,17127,19.9,3.568,530.03
1256,17134,17135,5.9,0.832,96.28
1257,17152,17153,5.0,0.0,51.08
1258,17154,17155,4.0,0.0,62.73
1259,17234,17235,23.667,320.333,35.77
1260,17236,17237,2.143,0.143,23.82
1261,17238,17239,2.714,0.238,38.86
1262,17240,17241,1.286,0.238,17.73
1263,17242,17243,4.143,0.143,55.9
1264,17244,17245,1.714,0.238,22.81
1265,17256,17257,6.333,0.333,45.67
1266,17264,17265,2.6,0.3,42.06
1267,17266,17267,1.8,0.2,22.76
1268,17268,17269,2.2,0.2,31.38
1269,17270,17271,4.8,0.2,78.76
1270,17272,17273,5.0,34.5,13.76
1271,17288,17289,4.0,0.0,34.27
1272,17290,17291,2.0,0.0,17.26
1273,17292,17293,12.0,68.0,75.43
1274,17360,17361,10.0,0.0,80.01
1275,17362,17363,14.0,0.0,100.09
1276,17382,17383,4.0,0.0,30.54
1277,17384,17385,3.0,0.0,21.89
1278,17508,17509,4.0,0.0,19.42
1279,17568,17569,4.0,0.0,17.33
1280,17578,17579,9.0,0.0,47.07
1281,17668,17669,8.0,0.0,40.64
1282,17690,17691,5.0,0.0,25.7
1283,17870,17871,22.667,4.333,465.81
1284,17872,17873,4.0,0.0,81.48
1285,17874,17875,4.667,1.333,62.78
1286,17884,17885,3.0,0.0,57.84
1287,17892,17893,9.0,0.0,43.61
1288,17924,17925,21.5,4.5,105.16
1289,17928,17929,21.0,8.0,99.71
1290,18026,18027,2.0,0.0,21.78
1291,18034,18035,15.0,2.0,10.51
1292,18036,18037,2.0,0.0,26.71
1293,18038,18039,3.5,0.5,28.33
1294,18040,18041,5.0,0.0,37.96
1295,18042,18043,10.0,0.0,77.74
1296,18044,18045,4.0,2.0,30.72
1297,18046,18047,3.75,0.25,58.51
1298,18048,18049,31.5,136.333,15.6
1299,18050,18051,57.5,180.5,65.16
1300,18212,18213,3.0,0.0,12.95
1301,18442,18443,8.0,0.0,29.04
1302,18460,18461,10.0,0.0,48.11
1303,18466,18467,5.0,0.0,29.87
1304,18474,18475,37.0,0.0,215.98
1305,18478,18479,21.167,46.167,198.94
1306,18480,18481,12.167,0.567,164.77
1307,18482,18483,2.333,0.267,26.56
1308,18486,18487,44.0,128.0,426.06
1309,18488,18489,14.833,1.367,198.95
1310,18562,18563,7.0,0.0,32.76
1311,18632,18633,1.833,0.167,19.9
1312,18634,18635,6.667,0.267,45.44
1313,18756,18757,8.0,0.0,49.01
1314,18760,18761,5.0,0.0,29.09
1315,18824,18825,5.0,0.0,25.75
1316,18916,18917,4.0,0.0,17.13
1317,18918,18919,2.0,0.0,13.62
1318,18928,18929,26.0,0.0,117.59
1319,19014,19015,42.0,0.0,295.98
1320,19026,19027,18.0,0.0,128.7
1321,19028,19029,19.0,0.0,138.4
1322,19030,19031,7.0,0.0,52.07
1323,19032,19033,10.0,0.0,74.89
1324,19034,19035,11.0,0.0,78.71
1325,19056,19057,4.571,0.619,32.22
1326,19100,19101,5.0,0.0,26.26
1327,19112,19113,12.0,0.0,44.78
1328,19140,19141,3.4,0.3,48.73
1329,19166,19167,2.0,0.0,27.57
1330,19168,19169,5.0,2.0,60.66
1331,19170,19171,2.0,2.0,28.13
1332,19172,19173,16.5,12.5,208.02
1333,19176,19177,3.0,0.0,38.23
1334,19194,19195,4.5,0.5,29.5
1335,19212,19213,16.0,0.0,128.21
1336,19214,19215,15.0,0.0,99.58
1337,19284,19285,5.0,16.0,43.29
1338,19286,19287,2.4,0.3,36.31
1339,19306,19307,8.0,0.5,159.56
1340,19344,19345,5.333,0.333,75.33
1341,19426,19427,3.0,0.0,15.07
1342,19438,19439,2.0,0.0,21.19
1343,19442,19443,2.0,0.0,12.54
1344,19446,19447,6.0,0.0,84.01
1345,19448,19449,5.0,0.0,76.63
1346,19450,19451,3.0,0.0,44.14
1347,19452,19453,5.0,0.0,65.91
1348,19454,19455,12.0,0.0,151.69
1349,19456,19457,4.0,0.0,54.76
1350,19458,19459,5.0,0.0,64.1
1351,19460,19461,8.0,0.0,114.97
1352,19548,19549,5.0,0.0,50.06
1353,19554,19555,14.0,0.0,158.12
1354,19562,19563,14.0,0.0,171.54
1355,19592,19593,4.5,0.5,50.99
1356,19594,19595,19.5,264.5,100.8
1357,19672,19673,2.0,0.0,30.42
1358,19676,19677,7.25,72.25,27.95
1359,19678,19679,21.8,363.7,42.83
1360,19680,19681,7.857,73.81,19.04
1361,19682,19683,2.0,0.0,17.26
1362,19684,19685,2.0,0.0,26.62
1363,19686,19687,1.444,0.278,16.67
1364,19688,19689,21.5,840.5,19.51
1365,19690,19691,1.444,0.278,23.15
1366,19692,19693,28.0,0.0,27.57
1367,19694,19695,5.0,2.25,79.73
1368,19696,19697,2.333,0.333,26.15
1369,19702,19703,1.286,0.238,22.63
1370,19708,19709,43.0,0.0,25.21
1371,19710,19711,3.0,0.0,30.57
1372,19712,19713,5.0,0.0,63.91
1373,19714,19715,2.0,0.0,25.72
1374,19716,19717,15.5,60.5,38.61
1375,19718,19719,4.0,0.0,40.41
1376,19722,19723,1.667,0.333,18.44
1377,19724,19725,3.0,0.0,20.79
1378,19726,19727,4.667,0.333,60.16
1379,19728,19729,2.667,0.333,33.26
1380,19730,19731,4.0,0.0,54.68
1381,19754,19755,5.0,0.0,25.64
1382,19758,19759,4.5,0.333,82.23
1383,19760,19761,12.5,1.0,247.46
1384,19768,19769,17.0,0.0,49.76
1385,19784,19785,10.0,0.0,18.9
1386,19786,19787,11.0,0.0,19.17
1387,19808,19809,50.111,61.611,2525.79
1388,19812,19813,9.0,2.0,159.67
1389,19816,19817,10.0,0.0,77.67
1390,19818,19819,6.833,0.567,70.9
1391,19822,19823,5.0,0.0,56.26
1392,19840,19841,5.667,0.267,81.35
1393,19842,19843,8.667,0.333,112.77
1394,19844,19845,2.667,0.333,31.1
1395,19854,19855,6.0,0.0,38.09
1396,19858,19859,4.0,0.0,18.71
1397,19934,19935,11.0,0.0,123.9
1398,19940,19941,3.0,0.0,19.16
1399,19970,19971,10.167,45.767,32.14
1400,19972,19973,10.143,1.81,132.77
1401,19976,19977,20.667,42.267,2.04
1402,20016,20017,2.0,0.0,12.72
1403,20124,20125,3.0,0.0,17.51
1404,20138,20139,5.0,0.0,53.98
1405,20140,20141,2.5,0.5,49.53
1406,20142,20143,6.0,2.0,130.41
1407,20146,20147,4.0,0.0,60.86
1408,20226,20227,6.0,0.0,40.12
1409,20228,20229,14.0,8.0,105.02
1410,20254,20255,1.429,0.286,17.4
1411,20256,20257,13.857,205.476,23.49
1412,20258,20259,4.333,0.267,55.55
1413,20260,20261,22.667,193.067,78.23
1414,20262,20263,7.5,0.571,159.73
1415,20264,20265,1.6,0.3,33.56
1416,20268,20269,3.4,0.3,43.68
1417,20276,20277,1.5,0.5,6.06
1418,20310,20311,4.5,0.3,58.7
1419,20312,20313,6.5,0.7,83.08
1420,20320,20321,37.0,0.0,194.82
1421,20324,20325,156.25,20.917,689.66
1422,20332,20333,14.0,0.0,73.46
1423,20334,20335,36.0,0.0,177.2
1424,20338,20339,5.0,0.0,26.2
1425,20340,20341,18.0,0.0,93.57
1426,20342,20343,23.25,2.917,102.42
1427,20344,20345,23.0,2.0,105.38
1428,20346,20347,3.75,0.25,17.58
1429,20356,20357,97.5,0.5,524.74
1430,20358,20359,7.5,0.286,111.47
1431,20402,20403,175.0,0.0,864.72
1432,20404,20405,110.0,0.0,536.47
1433,20414,20415,160.0,0.0,761.98
1434,20420,20421,12.75,88.25,97.05
1435,20422,20423,11.143,89.476,25.12
1436,20424,20425,3.0,0.0,38.83
1437,20430,20431,1.25,0.25,23.38
1438,20438,20439,4.182,0.364,56.24
1439,20444,20445,2.556,0.278,23.38
1440,20446,20447,1.667,0.25,20.9
1441,20448,20449,3.0,0.0,25.36
1442,20450,20451,14.6,0.8,187.0
1443,20452,20453,4.75,0.25,62.58
1444,20454,20455,2.75,0.25,26.31
1445,20456,20457,14.667,85.333,1.3
1446,20458,20459,3.25,0.917,30.26
1447,20462,20463,2.0,0.0,25.12
1448,20464,20465,9.714,1.238,123.22
1449,20466,20467,22.857,52.81,313.73
1450,20664,20665,3.6,0.3,48.22
1451,20710,20711,2.0,0.0,13.98
1452,20712,20713,28.0,0.0,156.47
1453,20832,20833,2.0,0.0,34.67
1454,20834,20835,2.0,0.0,35.94
1455,20838,20839,2.0,0.0,29.69
1456,20980,20981,3.0,0.0,28.03
1457,20982,20983,2.5,0.5,25.04
1458,20998,20999,35.0,0.0,81.69
1459,21010,21011,2.286,0.238,29.02
1460,21012,21013,3.714,0.238,51.05
1461,21014,21015,2.429,0.286,31.84
1462,21016,21017,5.333,0.25,66.34
1463,21018,21019,4.444,0.278,39.77
1464,21032,21033,8.5,0.5,91.08
1465,21034,21035,44.0,32.0,83.67
1466,21036,21037,77.0,0.0,164.41
1467,21070,21071,13.5,0.5,26.29
1468,21082,21083,1.286,0.238,16.34
1469,21084,21085,5.143,9.476,24.27
1470,21098,21099,4.0,0.0,18.43
1471,21158,21159,13.0,0.0,64.89
1472,21234,21235,2.5,0.5,13.65
1473,21242,21243,17.5,24.5,45.27
1474,21258,21259,16.0,25.2,214.55
1475,21260,21261,10.667,0.267,139.53
1476,21262,21263,4.667,0.267,61.08
1477,21264,21265,20.333,136.267,70.57
1478,21266,21267,5.2,0.2,61.86
1479,21268,21269,4.0,0.5,51.93
1480,21270,21271,3.4,0.3,45.48
1481,21290,21291,29.0,0.0,66.48
1482,21330,21331,7.667,0.333,154.99
1483,21332,21333,2.0,0.0,48.78
1484,21364,21365,2.833,0.167,37.03
1485,21366,21367,29.25,566.25,68.39
1486,21374,21375,2.333,0.333,25.81
1487,21376,21377,1.333,0.333,15.3
1488,21448,21449,4.111,0.111,54.16
1489,21450,21451,8.111,0.611,104.74
1490,21452,21453,1.636,0.255,21.63
1491,21454,21455,17.364,397.855,22.73
1492,21456,21457,1.667,0.267,20.52
1493,21458,21459,1.6,0.3,7.84
1494,21460,21461,9.667,13.467,66.18
1495,21462,21463,7.333,0.667,90.18
1496,21464,21465,6.167,0.167,78.1
1497,21472,21473,7.167,0.697,92.25
1498,21478,21479,2.0,0.0,21.92
1499,21500,21501,46.0,0.0,201.74
1500,21504,21505,5.0,0.8,65.1
1501,21510,21511,6.333,0.333,81.29
1502,21542,21543,8.0,0.0,66.87
1503,21550,21551,1.8,0.2,19.0
1504,21564,21565,2.538,0.436,54.28
1505,21576,21577,13.333,46.333,12.41
1506,21578,21579,2.333,0.333,18.28
1507,21654,21655,5.0,0.0,23.76
1508,21678,21679,6.0,0.0,24.47
1509,21698,21699,4.0,0.0,22.47
1510,21764,21765,7.0,0.0,61.7
1511,21790,21791,7.0,0.0,108.84
1512,21796,21797,14.0,0.0,191.15
1513,21798,21799,6.0,2.0,81.5
1514,21800,21801,5.5,4.5,67.23
1515,21816,21817,9.0,0.0,102.17
1516,21818,21819,11.0,0.0,131.49
1517,21820,21821,3.0,0.0,43.62
1518,21832,21833,9.5,0.5,122.33
1519,21836,21837,2.0,0.0,12.16
1520,21874,21875,19.0,0.0,99.49
1521,21888,21889,31.0,0.0,228.36
1522,21890,21891,7.5,0.5,93.87
1523,21892,21893,11.0,0.0,137.28
1524,21896,21897,8.0,0.0,98.19
1525,21898,21899,4.0,0.0,45.29
1526,21902,21903,6.0,0.0,71.14
1527,21904,21905,2.0,0.0,23.9
1528,21908,21909,8.0,0.0,70.07
1529,21920,21921,2.0,0.0,15.6
1530,21922,21923,4.0,0.0,38.78
1531,21924,21925,4.0,0.0,36.67
1532,21928,21929,2.0,0.0,15.25
1533,21930,21931,2.0,0.0,15.6
1534,21932,21933,3.0,0.0,22.79
1535,21934,21935,4.0,0.0,23.41
1536,21948,21949,2.0,0.0,14.15
1537,21952,21953,3.0,0.0,9.38
1538,21954,21955,13.0,0.0,31.6
1539,21958,21959,8.0,0.0,62.52
1540,21960,21961,2.5,0.5,17.7
1541,21964,21965,8.0,0.0,62.47
1542,21984,21985,2.0,0.0,8.44
1543,21986,21987,5.0,0.0,22.47
1544,21988,21989,3.0,0.0,13.98
1545,21992,21993,11.0,0.0,80.87
1546,21994,21995,2.0,0.0,26.27
1547,21996,21997,2.25,0.25,28.16
1548,21998,21999,3.25,0.25,40.7
1549,22000,22001,3.5,0.333,32.65
1550,22010,22011,6.0,0.0,45.71
1551,22012,22013,13.0,0.0,103.32
1552,22056,22057,9.0,0.0,69.07
1553,22058,22059,3.0,0.0,20.37
1554,22060,22061,3.0,0.0,17.28
1555,22108,22109,2.0,0.0,11.92
1556,22110,22111,3.0,0.0,13.32
1557,22112,22113,9.0,0.0,70.64
1558,22116,22117,2.0,0.0,10.01
1559,22118,22119,34.0,0.0,109.11
1560,22128,22129,6.0,0.0,50.37
1561,22130,22131,2.0,0.0,14.1
1562,22132,22133,4.0,0.0,32.48
1563,22134,22135,9.0,0.0,63.92
1564,22140,22141,1.667,0.333,31.43
1565,22142,22143,8.25,0.917,138.74
1566,22144,22145,4.5,0.333,76.85
1567,22146,22147,7.25,0.25,120.95
1568,22148,22149,7.0,0.0,140.52
1569,22150,22151,5.0,0.0,85.66
1570,22154,22155,6.2,0.2,115.12
1571,22156,22157,3.6,0.3,63.86
1572,22164,22165,12.0,0.0,181.22
1573,22178,22179,3.333,0.333,63.77
1574,22180,22181,3.571,0.619,46.2
1575,22214,22215,7.0,0.0,74.04
1576,22216,22217,6.5,60.5,145.29
1577,22220,22221,5.0,0.0,53.08
1578,22224,22225,2.0,0.0,18.3
1579,22226,22227,5.8,16.7,47.9
1580,22230,22231,3.8,0.2,50.69
1581,22234,22235,2.5,0.3,26.7
1582,22236,22237,9.0,2.0,116.75
1583,22238,22239,3.0,0.0,40.25
1584,22240,22241,5.0,0.0,46.64
1585,22250,22251,5.25,0.25,67.8
1586,22252,22253,3.25,0.25,43.57
1587,22254,22255,3.75,0.25,46.99
1588,22256,22257,5.25,0.25,68.09
1589,22258,22259,2.667,0.333,27.2
1590,22260,22261,8.0,0.0,102.98
1591,22262,22263,2.0,0.0,31.24
1592,22264,22265,6.0,0.0,136.21
1593,22266,22267,19.0,0.0,349.2
1594,22268,22269,14.333,0.333,287.66
1595,22272,22273,5.0,0.0,39.06
1596,22276,22277,4.0,0.0,37.88
1597,22278,22279,5.0,0.0,40.8
1598,22280,22281,2.0,0.0,12.7
1599,22300,22301,10.0,0.0,43.58
1600,22306,22307,9.0,0.0,42.26
1601,22342,22343,18.0,0.0,33.95
1602,22368,22369,6.6,0.8,106.67
1603,22410,22411,4.0,0.0,41.32
1604,22412,22413,6.0,0.0,71.95
1605,22414,22415,7.0,0.0,91.9
1606,22416,22417,13.0,0.0,163.87
1607,22418,22419,5.0,0.0,61.75
1608,22420,22421,5.0,0.0,51.09
1609,22422,22423,10.5,0.5,133.67
1610,22424,22425,16.5,0.5,209.39
1611,22426,22427,3.0,0.0,30.62
1612,22428,22429,14.2,125.7,87.83
1613,22440,22441,6.833,1.767,101.2
1614,22442,22443,2.333,0.267,37.42
1615,22444,22445,18.857,5.81,271.59
1616,22482,22483,15.0,0.0,120.21
1617,22512,22513,5.0,0.0,40.4
1618,22530,22531,16.0,0.0,198.46
1619,22532,22533,2.0,0.0,27.26
1620,22534,22535,21.5,0.5,264.73
1621,22536,22537,3.0,0.0,26.82
1622,22538,22539,3.0,0.0,12.18
1623,22540,22541,24.0,0.0,124.1
1624,22542,22543,5.0,0.0,20.84
1625,22550,22551,4.0,0.0,36.55
1626,22552,22553,2.0,0.0,21.69
1627,22556,22557,3.0,0.0,22.63
1628,22562,22563,14.5,364.5,4.32
1629,22568,22569,6.0,0.0,61.13
1630,22570,22571,6.0,0.0,59.75
1631,22572,22573,4.0,0.0,33.47
1632,22576,22577,5.111,0.361,69.34
1633,22580,22581,28.25,444.917,94.49
1634,22582,22583,16.0,0.0,114.35
1635,22636,22637,2.8,0.2,36.59
1636,22638,22639,5.6,0.3,72.54
1637,22656,22657,5.0,0.0,47.02
1638,22658,22659,2.0,0.0,21.75
1639,22660,22661,5.0,0.0,59.55
1640,22664,22665,2.0,0.0,18.0
1641,22694,22695,2.0,0.0,14.12
1642,22696,22697,25.0,0.0,135.77
1643,22700,22701,10.0,0.667,49.49
1644,22702,22703,6.5,0.5,32.17
1645,22710,22711,8.0,0.0,100.97
1646,22714,22715,35.0,0.0,154.23
1647,22716,22717,4.0,0.0,26.49
1648,22718,22719,1.5,0.5,7.77
1649,22720,22721,2.0,0.0,15.75
1650,22732,22733,8.0,0.0,38.46
1651,22750,22751,2.5,0.5,35.7
1652,22752,22753,8.0,0.0,114.1
1653,22762,22763,16.0,1.0,133.12
1654,22764,22765,5.4,0.3,43.36
1655,22766,22767,2.2,0.2,17.22
1656,22770,22771,6.8,0.2,51.37
1657,22832,22833,5.0,0.0,25.07
1658,22854,22855,3.0,0.0,25.64
1659,22866,22867,6.0,0.0,45.88
1660,22884,22885,9.0,0.0,47.37
1661,22920,22921,3.333,0.267,38.89
1662,22922,22923,16.833,0.567,207.26
1663,22924,22925,21.833,444.567,61.22
1664,22928,22929,3.167,0.167,44.71
1665,22930,22931,12.333,1.333,170.9
1666,22934,22935,11.333,0.333,150.68
1667,22976,22977,20.667,34.333,335.23
1668,22978,22979,9.0,0.0,113.34
1669,22980,22981,11.0,0.0,147.5
1670,22982,22983,9.0,0.0,125.42
1671,22986,22987,7.0,0.0,92.51
1672,23036,23037,18.867,13.41,257.87
1673,23038,23039,1.75,0.214,20.91
1674,23040,23041,1.5,0.5,18.16
1675,23052,23053,5.0,0.0,63.02
1676,23056,23057,19.5,312.5,9.7
1677,23060,23061,2.0,0.0,22.01
1678,23076,23077,5.2,7.2,43.62
1679,23078,23079,7.0,0.0,48.19
1680,23090,23091,8.0,2.0,102.4
1681,23098,23099,14.0,0.0,204.25
1682,23100,23101,5.0,0.0,21.81
1683,23102,23103,5.0,0.0,69.91
1684,23504,23505,6.0,0.0,75.23
1685,23514,23515,8.857,58.476,16.79
1686,23526,23527,7.0,0.0,90.21
1687,23528,23529,27.0,0.0,340.4
1688,23530,23531,18.0,0.0,229.79
1689,23534,23535,27.0,0.0,154.06
1690,23542,23543,42.0,0.0,199.44
1691,23554,23555,1.5,0.3,15.22
1692,23580,23581,4.0,0.0,30.98
1693,23588,23589,2.0,0.0,16.02
1694,23590,23591,4.0,0.0,26.22
1695,23596,23597,3.0,0.0,22.33
1696,23598,23599,2.0,0.0,16.92
1697,23600,23601,2.0,0.0,15.64
1698,23610,23611,18.0,2.0,133.81
1699,23612,23613,4.5,0.5,32.8
1700,23614,23615,10.0,2.0,71.63
1701,23616,23617,4.5,0.5,29.73
1702,23618,23619,3.0,0.0,26.73
1703,23620,23621,12.0,0.0,95.35
1704,23622,23623,4.0,0.0,33.06
1705,23626,23627,74.0,0.0,399.3
1706,23648,23649,54.0,18.0,116.64
1707,23734,23735,19.6,13.3,250.96
1708,23736,23737,1.6,0.8,24.33
1709,23796,23797,13.429,0.952,167.14
1710,23798,23799,19.5,84.5,65.14
1711,23802,23803,3.0,0.0,32.25
1712,23838,23839,2.75,0.25,30.36
1713,23928,23929,40.0,0.0,222.4
1714,23986,23987,7.0,0.0,35.49
1715,23990,23991,26.0,0.0,120.86
1716,23994,23995,2.0,0.0,8.6
1717,24036,24037,3.0,0.0,13.17
1718,24128,24129,13.0,0.0,114.98
1719,24140,24141,20.1,10.767,1009.52
1720,24150,24151,2.0,0.0,11.38
1721,24158,24159,5.0,0.0,61.51
1722,24164,24165,3.0,0.0,40.03
1723,24186,24187,2.0,0.0,12.81
1724,24336,24337,7.125,0.411,86.61
1725,24338,24339,1.5,0.286,20.37
1726,24340,24341,13.875,5.554,168.23
1727,24342,24343,3.2,10.2,9.2
1728,24344,24345,9.25,0.5,112.09
1729,24346,24347,17.0,2.286,201.23
1730,24348,24349,36.625,199.125,250.11
1731,24386,24387,12.0,54.667,17.99
1732,24406,24407,1.333,0.25,20.12
1733,24410,24411,6.0,0.0,34.63
1734,24414,24415,2.0,0.0,14.99
1735,24416,24417,8.0,0.0,46.09
1736,24420,24421,20.0,0.0,306.0
1737,24422,24423,2.0,0.0,24.34
1738,24428,24429,3.0,0.0,57.1
1739,24430,24431,2.0,0.0,21.03
1740,24432,24433,14.0,0.0,200.7
1741,24434,24435,2.0,0.0,23.66
1742,24436,24437,3.0,0.0,56.52
1743,24438,24439,2.0,0.0,31.75
1744,24444,24445,2.0,0.0,30.85
1745,24448,24449,2.0,0.0,22.93
1746,24450,24451,4.0,0.0,56.25
1747,24452,24453,5.0,0.0,79.99
1748,24454,24455,2.0,0.0,24.33
1749,24456,24457,2.0,0.0,27.49
1750,24458,24459,1.5,0.5,22.5
1751,24460,24461,3.0,0.0,45.62
1752,24462,24463,8.0,0.0,120.47
1753,24464,24465,11.0,0.0,162.94
1754,24466,24467,8.5,0.5,126.4
1755,24532,24533,10.0,0.0,43.51
1756,24548,24549,11.4,2.3,181.0
1757,24550,24551,6.0,0.0,27.2
1758,24552,24553,11.0,0.0,46.31
1759,24556,24557,6.0,0.0,34.05
1760,24642,24643,21.0,0.0,144.52
1761,24672,24673,7.0,0.0,30.99
1762,24682,24683,3.0,0.0,17.89
1763,24710,24711,25.6,8.3,402.75
1764,24798,24799,3.4,0.3,56.24
1765,24800,24801,12.4,4.3,164.4
1766,24804,24805,3.0,0.0,25.27
1767,24806,24807,7.0,0.0,101.79
1768,24808,24809,13.5,0.5,246.48
1769,24816,24817,3.6,0.3,35.75
1770,24862,24863,4.0,0.0,23.53
1771,24876,24877,8.0,0.0,35.13
1772,24964,24965,2.0,0.0,23.18
1773,25012,25013,5.0,0.0,25.64
1774,25212,25213,4.714,20.571,39.7
1775,25258,25259,4.0,0.0,50.62
1776,25260,25261,4.0,0.0,44.51
1777,25308,25309,3.333,0.25,44.05
1778,25310,25311,5.0,0.5,62.7
1779,25314,25315,3.1,0.322,42.52
1780,25342,25343,1.5,0.5,10.1
1781,25348,25349,2.5,0.5,14.9
1782,25350,25351,5.5,0.278,66.27
1783,25352,25353,10.5,8.056,88.17
1784,25356,25357,9.2,0.844,114.16
1785,25358,25359,4.2,0.178,51.46
1786,25360,25361,5.667,1.067,73.34
1787,25362,25363,6.667,1.867,89.02
1788,25364,25365,11.5,4.3,155.22
1789,25366,25367,20.0,185.2,76.57
1790,25368,25369,18.333,29.467,169.84
1791,25370,25371,2.667,0.267,27.28
1792,25372,25373,2.167,0.167,28.51
1793,25374,25375,5.833,0.567,77.38
1794,25376,25377,6.833,2.567,91.53
1795,25378,25379,6.5,23.1,41.69
1796,25380,25381,2.0,0.0,15.89
1797,25382,25383,6.0,0.0,53.43
1798,25388,25389,2.0,0.0,22.86
1799,25390,25391,24.0,0.0,16.45
1800,25392,25393,24.2,178.7,141.04
1801,25394,25395,15.0,0.0,122.66
1802,25396,25397,10.0,0.0,74.62
1803,25398,25399,9.0,0.0,114.92
1804,25400,25401,3.0,0.0,37.59
1805,25402,25403,6.0,0.0,73.54
1806,25406,25407,6.0,0.0,59.12
1807,25408,25409,5.333,0.333,56.34
1808,25410,25411,31.667,329.333,45.77
1809,25412,25413,2.625,0.268,31.71
1810,25418,25419,4.333,0.25,60.26
1811,25420,25421,3.0,0.0,36.29
1812,25448,25449,5.857,35.476,20.59
1813,25452,25453,21.75,294.917,37.87
1814,25454,25455,17.0,0.0,142.09
1815,25456,25457,2.0,0.0,14.5
1816,25458,25459,8.5,0.5,64.37
1817,25460,25461,2.0,0.0,15.71
1818,25462,25463,1.5,0.5,5.99
1819,25464,25465,11.0,0.0,91.38
1820,25466,25467,9.0,0.0,75.75
1821,25468,25469,16.0,0.0,129.31
1822,25470,25471,7.0,0.0,62.98
1823,25472,25473,11.0,0.0,92.01
1824,25474,25475,6.0,0.0,48.03
1825,25476,25477,9.5,0.5,71.56
1826,25480,25481,13.0,0.0,159.13
1827,25482,25483,23.0,0.0,297.38
1828,25508,25509,5.0,0.0,49.89
1829,25510,25511,4.5,0.5,58.9
1830,25512,25513,6.0,0.0,67.44
1831,25544,25545,2.25,0.25,19.21
1832,25548,25549,1.75,0.25,13.39
1833,25552,25553,1.5,0.5,22.2
1834,25554,25555,2.0,0.0,26.68
1835,25556,25557,3.0,0.0,39.57
1836,25560,25561,3.0,0.0,43.16
1837,25568,25569,2.0,0.0,20.75
1838,25570,25571,1.333,0.267,17.11
1839,25572,25573,4.333,0.267,54.64
1840,25574,25575,3.4,0.3,43.13
1841,25586,25587,4.0,0.0,53.08
1842,25588,25589,5.0,0.0,65.55
1843,25592,25593,4.0,0.0,54.28
1844,25596,25597,2.0,0.0,29.04
1845,25600,25601,1.5,0.5,12.13
1846,25602,25603,6.0,0.0,78.86
1847,25606,25607,8.0,0.0,119.7
1848,25608,25609,10.0,0.0,142.5
1849,25632,25633,4.2,0.7,48.62
1850,25636,25637,4.25,0.25,56.7
1851,25742,25743,3.0,0.0,44.63
1852,25744,25745,4.0,0.0,45.95
1853,25748,25749,3.0,0.0,36.0
1854,25750,25751,10.0,0.0,148.53
1855,25752,25753,3.0,0.0,39.22
1856,25758,25759,2.0,0.0,18.67
1857,25760,25761,2.0,0.0,23.94
1858,25762,25763,2.0,0.0,22.69
1859,25764,25765,2.0,0.0,15.67
1860,25772,25773,2.0,0.0,30.2
1861,25774,25775,4.0,0.0,63.37
1862,25776,25777,2.0,0.0,36.1
1863,25778,25779,2.0,0.0,37.87
1864,25780,25781,6.0,0.0,91.12
1865,25784,25785,7.0,0.0,104.46
1866,25786,25787,5.0,0.0,83.14
1867,25788,25789,4.0,0.0,55.37
1868,25792,25793,16.0,0.0,42.47
1869,25802,25803,3.0,0.0,38.78
1870,25806,25807,3.0,0.0,39.99
1871,25808,25809,6.0,0.0,78.43
1872,25812,25813,4.0,0.0,68.07
1873,25814,25815,3.0,0.0,37.74
1874,25816,25817,15.125,2.125,197.57
1875,25818,25819,4.4,0.3,57.24
1876,25820,25821,17.6,272.3,14.13
1877,25822,25823,4.167,0.967,49.48
1878,25824,25825,2.778,0.694,35.9
1879,25826,25827,24.111,289.861,34.97
1880,25846,25847,13.0,1.5,164.17
1881,25848,25849,7.8,7.7,77.75
1882,25850,25851,3.6,0.3,42.44
1883,25852,25853,3.8,0.2,51.64
1884,25856,25857,2.2,0.2,25.3
1885,25858,25859,6.7,0.678,87.4
1886,25860,25861,6.6,22.711,46.53
1887,25864,25865,3.0,0.0,33.7
1888,25866,25867,10.8,0.7,139.14
1889,25868,25869,5.2,0.2,66.72
1890,25870,25871,6.2,0.2,78.69
1891,25874,25875,3.0,0.0,38.44
1892,25876,25877,17.5,0.5,254.32
1893,25878,25879,9.5,12.5,91.29
1894,25880,25881,2.5,0.5,21.05
1895,25882,25883,4.0,18.0,17.12
1896,25886,25887,2.0,0.0,24.66
1897,25888,25889,4.0,0.0,61.48
1898,25890,25891,2.5,0.5,36.73
1899,25892,25893,3.0,0.0,29.45
1900,25896,25897,1.125,0.125,9.27
1901,25900,25901,2.5,0.286,35.7
1902,25904,25905,1.5,0.5,19.63
1903,25906,25907,1.5,0.5,19.16
1904,25908,25909,12.5,0.5,142.6
1905,25910,25911,8.5,0.5,98.42
1906,25912,25913,4.0,0.0,51.25
1907,25914,25915,8.5,0.5,106.97
1908,25916,25917,8.5,0.5,100.67
1909,25920,25921,11.0,0.0,134.86
1910,25922,25923,6.5,0.5,76.1
1911,25928,25929,5.5,0.5,63.35
1912,25930,25931,2.0,0.0,29.0
1913,25932,25933,3.0,0.286,37.3
1914,25934,25935,6.75,1.071,101.26
1915,25942,25943,45.667,280.333,73.71
1916,25958,25959,5.0,0.0,38.4
1917,26000,26001,5.25,0.25,74.59
1918,26002,26003,4.25,0.25,62.58
1919,26004,26005,2.25,0.25,34.47
1920,26006,26007,1.25,0.25,8.95
1921,26010,26011,9.0,0.0,78.97
1922,26012,26013,4.0,0.0,36.78
1923,26014,26015,24.0,0.0,217.18
1924,26016,26017,3.0,0.0,42.7
1925,26072,26073,13.25,1.841,204.98
1926,26074,26075,2.6,0.3,24.23
1927,26076,26077,3.0,0.5,41.17
1928,26078,26079,12.2,3.7,163.14
1929,26080,26081,9.6,1.3,129.63
1930,26082,26083,3.6,0.3,49.32
1931,26104,26105,11.0,0.0,82.3
1932,26192,26193,10.0,0.0,170.01
1933,26194,26195,4.0,0.0,60.54
1934,26196,26197,4.0,0.0,36.08
1935,26200,26201,1.667,0.333,22.91
1936,26202,26203,4.0,0.0,33.65
1937,26306,26307,9.0,0.0,60.86
1938,26322,26323,17.0,0.0,233.21
1939,26324,26325,9.5,4.5,115.3
1940,26326,26327,2.0,0.0,18.59
1941,26328,26329,16.0,0.0,231.1
1942,26330,26331,13.0,0.0,157.92
1943,26332,26333,7.5,0.5,119.41
1944,26334,26335,4.5,0.5,82.74
1945,26336,26337,6.5,0.5,95.36
1946,26338,26339,3.0,0.0,23.62
1947,26342,26343,22.0,0.0,7.94
1948,26362,26363,3.667,0.333,37.53
1949,26364,26365,1.5,0.5,16.37
1950,26366,26367,12.5,0.5,150.21
1951,26368,26369,5.0,0.0,66.86
1952,26370,26371,8.5,0.5,105.82
1953,26372,26373,8.0,0.0,96.79
1954,26374,26375,4.0,0.0,54.4
1955,26376,26377,3.0,0.0,39.2
1956,26378,26379,1.5,0.5,22.07
1957,26380,26381,22.0,162.0,37.77
1958,26446,26447,25.0,0.0,203.67
1959,26448,26449,6.0,0.0,53.79
1960,26478,26479,8.0,0.0,69.68
1961,26540,26541,9.333,124.333,9.84
1962,26544,26545,5.889,0.361,79.22
1963,26546,26547,3.889,0.361,51.29
1964,26548,26549,8.111,0.611,104.74
1965,26572,26573,12.0,0.0,68.1
1966,26602,26603,3.0,0.0,23.59
1967,26604,26605,6.0,0.0,49.56
1968,26606,26607,12.0,0.0,92.58
1969,26608,26609,17.0,0.0,129.13
1970,26642,26643,2.0,0.0,13.9
1971,26644,26645,9.0,0.0,66.34
1972,26646,26647,8.0,0.0,54.13
1973,26678,26679,1.714,0.238,22.31
1974,26680,26681,1.286,0.238,16.65
1975,26682,26683,11.0,0.0,53.99
1976,26686,26687,8.5,60.5,17.35
1977,26900,26901,12.0,0.0,65.22
1978,26958,26959,3.0,0.0,27.37
1979,26960,26961,8.692,0.564,170.68
1980,26984,26985,4.0,0.0,47.31
1981,26986,26987,7.75,0.25,129.01
1982,26988,26989,3.0,0.0,24.79
1983,26990,26991,6.0,0.0,67.94
1984,26992,26993,7.0,0.0,74.51
1985,26994,26995,9.0,0.0,110.69
1986,26996,26997,6.0,0.0,62.64
1987,26998,26999,10.0,0.0,120.86
1988,27008,27009,11.0,0.0,82.84
1989,27018,27019,11.0,0.0,81.79
1990,27048,27049,7.0,0.0,82.79
1991,27050,27051,4.0,0.0,43.66
1992,27056,27057,2.0,0.0,19.8
1993,27058,27059,7.0,0.0,96.65
1994,27060,27061,7.0,0.0,87.12
1995,27064,27065,3.0,0.0,37.16
1996,27066,27067,6.0,0.0,79.3
1997,27068,27069,4.0,0.0,49.22
1998,27140,27141,26.0,0.0,119.42
1999,27142,27143,7.0,0.0,53.49
2000,27144,27145,16.0,0.0,124.95
2001,27148,27149,6.0,0.0,51.49
2002,27150,27151,9.0,0.0,70.52
2003,27188,27189,9.0,0.0,65.31
2004,27190,27191,2.0,0.0,14.8
2005,27192,27193,7.0,0.0,53.0
2006,27194,27195,7.0,0.0,56.57
2007,27196,27197,25.0,0.0,155.47
2008,27202,27203,1.375,0.268,8.85
2009,27204,27205,2.0,0.0,18.9
2010,27208,27209,13.714,1.571,232.5
2011,27220,27221,22.0,0.0,115.28
2012,27378,27379,4.333,0.267,47.21
2013,27388,27389,16.0,0.0,111.62
2014,27390,27391,35.0,0.0,16.22
2015,27452,27453,5.0,0.0,23.18
2016,27454,27455,10.0,0.0,39.63
2017,27462,27463,17.0,0.0,75.98
2018,27548,27549,3.0,0.0,64.02
2019,27550,27551,9.0,0.0,196.8
2020,27558,27559,15.0,0.0,323.47
2021,27586,27587,3.833,0.567,46.6
2022,27588,27589,5.667,1.067,78.02
2023,27590,27591,9.5,17.9,49.12
2024,27592,27593,22.167,200.967,155.59
2025,27602,27603,55.0,0.0,125.99
2026,27606,27607,6.0,0.0,68.21
2027,27616,27617,4.0,0.0,48.18
2028,27618,27619,5.0,0.0,57.61
2029,27650,27651,8.0,0.0,60.21
2030,27652,27653,15.0,0.0,113.34
2031,27654,27655,6.0,0.0,51.17
2032,27656,27657,8.0,0.0,57.23
2033,27708,27709,2.0,0.0,14.48
2034,27710,27711,27.0,13.0,215.44
2035,27712,27713,4.667,1.333,38.65
2036,27714,27715,9.667,1.333,75.8
2037,27716,27717,2.0,0.0,16.03
2038,27718,27719,5.667,1.333,47.92
2039,27720,27721,6.667,1.333,56.03
2040,27736,27737,2.714,0.238,35.43
2041,27738,27739,1.571,0.286,21.23
2042,27740,27741,1.286,0.238,18.31
2043,27742,27743,2.857,6.143,14.85
2044,27744,27745,3.0,0.333,37.49
2045,27748,27749,1.429,0.286,19.55
2046,27752,27753,1.167,0.167,14.67
2047,27756,27757,12.0,165.5,29.96
2048,27758,27759,4.0,0.0,45.16
2049,27762,27763,1.444,0.278,17.75
2050,27768,27769,1.8,0.2,24.15
2051,27770,27771,2.0,0.0,26.79
2052,27772,27773,5.2,0.7,68.04
2053,27774,27775,4.6,0.3,58.18
2054,27776,27777,17.8,89.7,35.36
2055,27782,27783,2.5,0.333,32.96
2056,27784,27785,4.0,0.0,56.42
2057,27786,27787,7.0,0.5,92.24
2058,27788,27789,15.5,67.0,30.25
2059,27790,27791,11.667,42.75,20.81
2060,27792,27793,4.4,1.3,56.19
2061,27794,27795,2.0,0.0,13.64
2062,27796,27797,4.75,0.25,63.31
2063,27798,27799,21.5,171.667,70.41
2064,27800,27801,39.333,22.333,29.24
2065,27802,27803,3.2,0.2,41.37
2066,27804,27805,6.0,0.0,77.18
2067,27806,27807,6.2,0.2,75.47
2068,27808,27809,8.0,13.5,74.44
2069,27810,27811,2.2,0.2,29.22
2070,27814,27815,2.4,0.3,29.02
2071,27816,27817,1.6,0.3,23.04
2072,27902,27903,16.0,0.0,123.23
2073,27904,27905,12.0,0.0,91.13
2074,27906,27907,2.0,0.0,11.96
2075,27908,27909,5.0,0.0,30.81
2076,27926,27927,7.0,0.0,53.61
2077,27928,27929,8.0,0.0,66.52
2078,27948,27949,3.0,0.0,28.8
2079,27952,27953,3.0,0.0,46.34
2080,27956,27957,2.0,0.0,32.61
2081,27958,27959,8.0,0.0,66.67
2082,27960,27961,6.0,0.0,49.19
2083,27962,27963,9.0,0.0,79.28
2084,27986,27987,16.0,0.0,145.48
2085,27988,27989,8.0,0.0,67.92
2086,27990,27991,4.0,0.0,28.43
2087,28012,28013,23.0,0.0,201.73
2088,28028,28029,6.0,0.0,97.37
2089,28082,28083,18.0,0.0,121.86
2090,28132,28133,3.0,0.0,14.09
2091,28194,28195,10.0,0.0,20.45
2092,28196,28197,11.0,0.0,20.93
2093,28198,28199,55.0,0.0,97.37
2094,28200,28201,2.5,0.3,30.57
2095,28206,28207,2.0,0.0,27.03
2096,28208,28209,14.167,0.967,193.19
2097,28210,28211,3.333,0.267,49.34
2098,28212,28213,4.5,0.5,48.36
2099,28214,28215,2.0,0.0,16.97
2100,28216,28217,10.0,0.0,99.37
2101,28218,28219,4.5,0.5,58.01
2102,28494,28495,9.0,0.0,20.51
2103,28516,28517,4.0,0.0,33.07
2104,28518,28519,4.0,0.0,37.74
2105,28524,28525,2.0,0.0,15.22
2106,28526,28527,3.0,0.0,42.27
2107,28528,28529,2.0,0.0,25.18
2108,28530,28531,34.5,0.5,56.3
2109,28532,28533,10.0,0.0,76.77
2110,28534,28535,3.0,0.0,18.09
2111,28536,28537,3.5,0.5,38.52
2112,28538,28539,2.5,0.5,35.77
2113,28540,28541,2.0,0.0,27.56
2114,28542,28543,3.5,0.5,39.2
2115,28546,28547,2.25,0.25,22.04
2116,28558,28559,2.667,0.333,23.46
2117,28574,28575,5.0,0.0,41.08
2118,28576,28577,8.0,0.0,61.69
2119,28582,28583,2.0,0.0,26.86
2120,28584,28585,10.0,0.0,26.84
2121,28586,28587,4.0,0.0,7.79
2122,28590,28591,11.0,0.0,27.75
2123,28596,28597,3.0,0.0,29.34
2124,28640,28641,16.0,0.0,129.77
2125,28646,28647,6.0,0.0,68.04
2126,28648,28649,2.0,0.0,22.08
2127,28650,28651,3.0,0.0,30.37
2128,28654,28655,6.333,0.333,67.51
2129,28656,28657,7.333,0.333,85.26
2130,28658,28659,5.667,0.333,69.6
2131,28660,28661,8.667,0.333,95.42
2132,28662,28663,11.0,1.0,132.05
2133,28664,28665,6.333,24.333,40.83
2134,28686,28687,2.0,0.0,25.7
2135,28702,28703,3.0,0.0,41.5
2136,28708,28709,7.0,0.0,105.71
2137,28718,28719,3.0,0.0,12.92
2138,28742,28743,4.0,0.0,28.59
2139,28748,28749,4.0,0.0,47.29
2140,28750,28751,4.0,0.0,41.54
2141,28752,28753,7.0,0.0,101.02
2142,28918,28919,16.0,0.0,143.83
2143,28930,28931,6.0,0.0,44.53
2144,28932,28933,9.0,0.0,65.19
2145,28940,28941,9.0,0.0,102.07
2146,28952,28953,1.5,0.5,14.15
2147,29040,29041,3.5,0.5,24.12
2148,29042,29043,5.0,0.0,34.22
2149,29044,29045,5.0,0.0,29.46
2150,29046,29047,9.0,0.0,65.01
2151,29048,29049,9.0,0.0,69.2
2152,29056,29057,9.0,0.0,70.46
2153,29058,29059,4.0,0.0,30.2
2154,29062,29063,8.0,0.0,77.16
2155,29064,29065,4.0,0.0,36.96
2156,29134,29135,3.0,0.0,11.48
2157,29138,29139,4.0,0.0,24.9
2158,29140,29141,7.0,0.0,42.39
2159,29142,29143,3.0,0.0,18.17
2160,29262,29263,12.333,82.333,15.21
2161,29266,29267,3.0,0.0,19.96
2162,29272,29273,2.667,0.333,17.86
2163,29276,29277,1.333,0.333,13.38
2164,29352,29353,3.0,0.0,22.06
2165,29386,29387,6.0,0.0,47.53
2166,29406,29407,4.5,0.5,68.51
2167,29410,29411,5.0,0.0,78.16
2168,29412,29413,7.333,0.333,93.23
2169,29414,29415,6.0,0.0,89.8
2170,29444,29445,2.667,0.333,29.37
2171,29448,29449,3.25,0.25,39.94
2172,29460,29461,5.5,0.5,51.64
2173,29514,29515,5.0,0.0,46.58
2174,29546,29547,2.0,0.0,13.72
2175,29560,29561,5.0,0.0,39.44
2176,29568,29569,7.0,0.0,57.34
2177,29580,29581,6.0,0.0,76.1
2178,29582,29583,4.0,0.0,35.37
2179,29584,29585,4.667,0.333,36.78
2180,29588,29589,9.0,0.0,73.03
2181,29590,29591,5.0,0.0,42.88
2182,29624,29625,7.0,0.0,42.03
2183,29656,29657,6.0,0.0,39.46
2184,29662,29663,2.0,0.0,15.13
2185,29712,29713,7.0,0.0,54.63
2186,29728,29729,5.0,0.4,54.29
2187,29730,29731,3.167,0.167,37.46
2188,29732,29733,5.143,0.81,60.71
2189,29734,29735,2.714,0.238,34.06
2190,29758,29759,13.0,0.0,224.36
2191,29760,29761,5.0,0.0,71.42
2192,29766,29767,16.333,2.333,210.63
2193,29768,29769,2.0,0.0,26.0
2194,29770,29771,9.333,0.333,131.17
2195,29772,29773,10.667,0.333,129.19
2196,29780,29781,4.6,0.8,54.84
2197,29782,29783,16.2,129.2,24.46
2198,29796,29797,7.5,0.5,77.5
2199,29906,29907,10.0,0.0,73.53
2200,29908,29909,4.0,0.0,26.38
2201,29910,29911,2.0,0.0,14.72
2202,29912,29913,6.0,0.0,38.47
2203,29914,29915,9.0,0.0,60.42
2204,29916,29917,11.0,0.0,75.94
2205,29920,29921,8.0,0.0,57.78
2206,29930,29931,6.667,0.667,87.87
2207,29960,29961,1.5,0.333,15.22
2208,29996,29997,2.0,0.25,24.81
2209,29998,29999,4.333,0.25,44.7
2210,30014,30015,12.0,0.0,103.63
2211,30118,30119,14.0,0.0,66.06
2212,30168,30169,4.0,0.0,42.56
2213,30170,30171,6.0,0.0,52.8
2214,30172,30173,9.0,0.0,76.44
2215,30174,30175,4.0,0.0,91.21
2216,30194,30195,1.333,0.267,16.51
2217,30212,30213,18.0,0.0,137.83
2218,30220,30221,5.0,0.0,37.59
2219,30222,30223,8.0,0.0,62.49
2220,30224,30225,4.0,0.0,34.55
2221,30226,30227,8.0,0.0,58.07
2222,30378,30379,9.0,0.0,62.74
2223,30380,30381,6.0,0.0,38.76
2224,30538,30539,9.0,0.0,105.11
2225,30548,30549,4.0,0.0,40.74
2226,30550,30551,3.0,0.0,35.74
2227,30552,30553,1.333,0.333,8.52
2228,30560,30561,5.333,0.333,24.55
2229,30562,30563,7.0,2.0,29.68
2230,30564,30565,13.5,4.5,61.35
2231,30566,30567,4.0,0.0,19.2
2232,30568,30569,4.0,0.0,16.55
2233,30584,30585,2.0,0.0,17.81
2234,30594,30595,14.6,0.8,170.89
2235,30596,30597,13.0,0.0,170.38
2236,30598,30599,3.5,0.5,47.03
2237,30600,30601,4.0,0.0,47.09
2238,30666,30667,7.0,0.0,42.86
2239,30688,30689,6.2,1.2,104.84
2240,30694,30695,23.375,1.125,1228.71
2241,30696,30697,4.0,2.571,184.36
2242,30698,30699,4.3,2.011,194.17
2243,30700,30701,5.6,0.3,254.73
2244,30702,30703,2.0,0.0,76.53
2245,30704,30705,2.6,0.3,62.12
2246,30706,30707,3.0,0.0,63.7
2247,30708,30709,3.0,0.0,77.84
2248,30712,30713,31.333,158.333,23.83
2249,30714,30715,2.2,0.2,37.12
2250,30720,30721,8.667,0.267,327.02
2251,30722,30723,16.25,116.917,61.83
2252,30724,30725,8.333,33.333,59.86
2253,30726,30727,16.5,312.5,64.7
2254,30728,30729,2.0,0.0,28.86
2255,30730,30731,17.0,450.0,29.14
2256,30732,30733,2.0,0.0,32.21
2257,30734,30735,3.0,2.0,25.51
2258,30736,30737,28.6,430.8,51.27
2259,30740,30741,1.2,0.2,15.36
2260,30742,30743,1.667,0.267,21.72
2261,30744,30745,5.0,19.6,43.69
2262,30746,30747,6.0,0.0,71.31
2263,30748,30749,3.5,0.5,44.85
2264,30750,30751,1.6,0.3,21.97
2265,30752,30753,2.6,0.3,35.8
2266,30754,30755,90.125,1686.411,52.83
2267,30756,30757,4.0,0.0,55.07
2268,30758,30759,9.5,0.5,118.45
2269,30760,30761,13.5,12.5,135.4
2270,30762,30763,14.5,0.5,184.57
2271,30764,30765,2.0,0.0,24.44
2272,30766,30767,14.0,2.0,174.38
2273,30770,30771,48.5,220.5,48.36
2274,30772,30773,15.25,262.917,6.22
2275,30776,30777,12.167,48.167,40.83
2276,30778,30779,8.333,1.333,113.58
2277,30780,30781,2.667,0.333,33.76
2278,30782,30783,21.0,0.0,22.85
2279,30784,30785,1.75,0.214,23.14
2280,30790,30791,3.875,0.411,50.56
2281,30792,30793,3.875,0.125,51.15
2282,30794,30795,5.429,0.286,66.86
2283,30796,30797,3.143,0.143,41.11
2284,30798,30799,1.667,0.25,22.58
2285,30800,30801,1.667,0.25,19.23
2286,30802,30803,3.0,0.25,38.66
2287,30804,30805,3.778,0.194,47.87
2288,30806,30807,3.778,0.194,50.14
2289,30810,30811,2.111,0.111,26.52
2290,30812,30813,3.556,0.278,47.5
2291,30814,30815,9.111,0.361,119.02
2292,30820,30821,2.111,0.111,26.05
2293,30822,30823,7.667,48.25,14.46
2294,30824,30825,1.5,0.3,23.52
2295,30826,30827,13.667,73.467,33.51
2296,30828,30829,5.111,0.111,58.67
2297,30830,30831,4.5,0.286,54.4
2298,30836,30837,24.889,71.861,63.94
2299,30838,30839,20.556,123.028,108.01
2300,30920,30921,49.583,8.629,2714.56
2301,30922,30923,2.5,0.571,140.66
2302,30924,30925,12.0,0.5,360.69
2303,30926,30927,6.429,0.286,340.62
2304,30928,30929,2.444,0.278,76.61
2305,30930,30931,3.444,0.278,97.77
2306,30932,30933,4.545,4.673,176.48
2307,30934,30935,15.778,0.444,479.22
2308,30936,30937,10.0,117.0,19.17
2309,30938,30939,3.333,0.667,45.22
2310,30940,30941,19.0,37.0,169.36
2311,30942,30943,4.0,0.0,52.0
2312,30944,30945,6.5,0.333,86.85
2313,30946,30947,6.75,9.583,58.97
2314,30950,30951,9.5,1.667,120.26
2315,30952,30953,3.5,0.333,46.99
2316,30954,30955,5.5,0.333,70.22
2317,30956,30957,3.75,0.25,46.1
2318,30958,30959,8.5,41.667,56.19
2319,30960,30961,4.0,0.0,54.82
2320,30962,30963,2.0,0.0,22.9
2321,30966,30967,14.0,0.667,188.5
2322,30968,30969,2.25,0.25,29.42
2323,31016,31017,14.5,3.0,71.07
2324,31018,31019,23.5,9.667,114.17
2325,31020,31021,11.5,3.0,56.69
2326,31034,31035,4.0,0.0,36.22
2327,31038,31039,5.857,0.476,93.6
2328,31046,31047,14.0,0.0,194.5
2329,31048,31049,7.0,2.0,85.44
2330,31050,31051,2.5,0.5,34.12
2331,31052,31053,2.0,0.0,26.84
2332,31054,31055,1.5,0.5,21.3
2333,31056,31057,4.0,0.0,46.01
2334,31058,31059,3.5,0.5,42.59
2335,31060,31061,1.5,0.5,23.58
2336,31062,31063,8.5,0.5,103.95
2337,31064,31065,20.0,32.0,259.33
2338,31066,31067,18.143,2.81,224.47
2339,31086,31087,2.125,0.125,32.01
2340,31088,31089,5.0,0.286,73.75
2341,31098,31099,25.0,0.0,180.25
2342,31110,31111,14.333,4.333,187.7
2343,31120,31121,6.0,0.0,49.88
2344,31122,31123,5.0,0.0,39.44
2345,31126,31127,2.0,0.0,18.5
2346,31128,31129,3.0,0.0,26.1
2347,31228,31229,4.8,0.7,57.45
2348,31296,31297,3.6,0.3,50.71
2349,31298,31299,1.2,0.2,15.17
2350,31300,31301,1.5,0.5,10.28
2351,31310,31311,6.0,0.0,41.38
2352,31424,31425,11.5,144.5,15.47
2353,31428,31429,4.0,0.0,18.54
2354,31462,31463,3.0,0.0,16.23
2355,31526,31527,5.5,0.278,73.96
2356,31528,31529,6.545,0.473,72.26
2357,31534,31535,4.889,0.611,56.62
2358,31536,31537,6.0,0.25,74.28
2359,31538,31539,3.2,0.2,57.34
2360,31668,31669,6.0,0.0,37.41
2361,31718,31719,8.0,0.0,104.12
2362,31720,31721,12.0,0.0,144.16
2363,31752,31753,14.0,0.0,105.05
2364,31758,31759,29.0,18.0,163.52
2365,31760,31761,20.0,0.0,233.07
2366,31772,31773,95.0,0.0,531.47
2367,31780,31781,2.5,0.333,33.47
2368,31782,31783,10.75,120.917,54.68
2369,31784,31785,5.5,0.5,74.29
2370,31786,31787,3.5,0.5,19.39
2371,31788,31789,3.5,0.5,41.89
2372,31794,31795,9.333,0.667,130.51
2373,31798,31799,3.375,0.268,41.2
2374,31832,31833,7.0,0.0,45.91
2375,31834,31835,29.0,0.0,217.87
2376,31844,31845,2.75,0.25,15.98
2377,31846,31847,2.75,0.25,30.76
2378,31848,31849,2.25,0.25,29.02
2379,31850,31851,5.75,0.25,70.29
2380,31860,31861,12.0,0.0,59.65
2381,31868,31869,2.0,0.0,13.87
2382,31872,31873,15.0,0.0,64.87
2383,31876,31877,2.75,0.25,28.75
2384,31938,31939,24.0,0.0,44.36
2385,32016,32017,11.0,0.0,103.48
2386,32018,32019,3.0,0.0,33.4
2387,32020,32021,6.0,0.0,50.26
2388,32022,32023,3.0,0.0,24.17
2389,32026,32027,73.0,0.0,4000.33
2390,32028,32029,2.6,0.3,27.74
2391,32036,32037,5.75,12.917,52.61
2392,32038,32039,5.0,0.571,64.57
2393,32048,32049,3.0,0.0,24.64
2394,32054,32055,6.0,0.0,37.84
2395,32082,32083,59.0,0.0,123.76
2396,32130,32131,2.0,0.0,14.22
2397,32150,32151,2.286,0.238,18.62
2398,32164,32165,4.333,24.333,7.73
2399,32166,32167,2.2,1.2,23.69
2400,32168,32169,1.8,0.2,23.12
2401,32170,32171,6.8,0.7,89.98
2402,32172,32173,3.0,0.5,39.97
2403,32214,32215,3.0,0.0,21.98
2404,32248,32249,3.0,0.0,18.93
2405,32250,32251,53.0,0.0,298.97
2406,32264,32265,8.5,0.7,111.0
2407,32266,32267,1.667,0.267,26.94
2408,32268,32269,7.5,0.3,101.94
2409,32270,32271,3.667,0.267,53.48
2410,32272,32273,1.5,0.7,19.71
2411,32300,32301,15.125,138.411,68.33
2412,32302,32303,6.444,0.528,84.81
2413,32304,32305,11.286,0.571,147.23
2414,32308,32309,16.0,0.0,187.05
2415,32400,32401,5.0,0.0,53.66
2416,32402,32403,3.0,0.0,25.98
2417,32404,32405,23.0,0.0,266.67
2418,32432,32433,5.0,0.0,39.11
2419,32434,32435,5.0,0.0,30.06
2420,32436,32437,9.0,0.0,57.66
2421,32474,32475,3.0,0.0,11.31
2422,32476,32477,11.0,3.0,86.83
2423,32478,32479,6.0,0.333,117.83
2424,32480,32481,12.286,2.905,257.78
2425,32482,32483,5.143,0.476,82.0
2426,32488,32489,2.0,0.0,30.35
2427,32490,32491,11.0,0.0,170.26
2428,32526,32527,20.0,0.0,145.77
2429,32528,32529,10.0,0.0,74.32
2430,32532,32533,4.0,0.0,51.66
2431,32534,32535,8.0,0.0,100.85
2432,32542,32543,5.5,0.333,105.61
2433,32544,32545,1.4,0.3,12.95
2434,32568,32569,5.833,54.567,20.18
2435,32570,32571,10.0,0.8,131.42
2436,32576,32577,4.143,0.143,56.25
2437,32580,32581,9.571,8.952,96.78
2438,32582,32583,18.714,3.905,245.12
2439,32586,32587,4.0,0.0,22.35
2440,32590,32591,10.0,73.0,19.89
2441,32592,32593,2.333,0.333,30.83
2442,32686,32687,3.8,0.2,44.69
2443,32688,32689,4.2,0.2,57.81
2444,32692,32693,6.333,0.267,78.4
2445,32694,32695,11.0,0.5,138.14
2446,32696,32697,8.0,0.5,101.89
2447,32698,32699,2.4,0.3,32.06
2448,32700,32701,4.6,0.3,57.78
2449,32702,32703,2.0,0.0,27.21
2450,32704,32705,3.0,0.0,35.54
2451,32706,32707,1.2,0.2,13.75
2452,32708,32709,5.2,0.2,65.76
2453,32710,32711,2.0,0.4,23.08
2454,32712,32713,2.75,0.214,32.68
2455,32714,32715,3.125,0.411,42.01
2456,32718,32719,1.286,0.238,13.89
2457,32726,32727,6.5,0.5,92.96
2458,32728,32729,4.0,0.0,66.61
2459,32730,32731,1.889,0.111,16.17
2460,32732,32733,1.429,0.286,15.28
2461,32758,32759,6.8,1.2,90.78
2462,32760,32761,2.0,0.0,24.91
2463,32762,32763,17.6,8.3,32.61
2464,32764,32765,3.2,0.2,40.97
2465,32766,32767,6.8,0.7,92.26
2466,32770,32771,39.0,0.0,10.99
2467,32774,32775,2.8,0.2,42.29
2468,32776,32777,9.8,1.7,157.22
2469,32778,32779,20.2,7.2,312.06
2470,32794,32795,7.0,0.0,98.82
2471,32796,32797,8.0,0.0,114.86
2472,32798,32799,2.0,0.0,29.29
2473,32840,32841,17.8,1.7,482.19
2474,32844,32845,25.0,2.667,665.97
2475,32846,32847,2.333,0.267,25.97
2476,32882,32883,6.0,0.0,63.84
2477,32886,32887,3.875,0.125,51.79
2478,32930,32931,3.0,0.0,45.02
2479,32932,32933,4.0,0.0,61.32
2480,32962,32963,8.5,0.5,102.82
2481,32964,32965,2.5,0.5,28.36
2482,32966,32967,11.5,0.5,139.73
2483,32990,32991,8.833,0.167,118.41
2484,32992,32993,11.5,139.1,29.19
2485,32994,32995,1.667,0.333,20.56
2486,32996,32997,3.8,0.2,47.54
2487,32998,32999,3.4,0.3,44.04
2488,33000,33001,2.6,0.3,37.14
2489,33002,33003,10.2,3.7,143.1
2490,33004,33005,11.8,161.7,63.75
2491,33006,33007,10.4,1.3,132.55
2492,33008,33009,8.8,1.2,119.47
2493,33010,33011,5.0,3.5,40.32
2494,33012,33013,2.6,0.3,26.78
2495,33014,33015,10.0,2.0,126.89
2496,33016,33017,4.0,7.5,28.25
2497,33020,33021,16.0,0.0,12.42
2498,33024,33025,2.875,0.411,38.37
2499,33046,33047,68.0,0.0,129.31
2500,33082,33083,2.0,0.5,26.99
2501,33084,33085,1.111,0.111,14.21
2502,33098,33099,3.0,0.0,15.2
2503,33148,33149,39.0,0.0,161.15
2504,33152,33153,1.375,0.268,34.07
2505,33154,33155,3.875,0.411,84.09
2506,33156,33157,2.25,0.214,51.12
2507,33158,33159,5.0,0.0,74.54
2508,33160,33161,25.0,0.0,79.27
2509,33162,33163,8.0,0.0,88.47
2510,33164,33165,2.0,0.0,29.07
2511,33166,33167,5.0,0.0,68.27
2512,33168,33169,2.0,0.0,30.27
2513,33170,33171,13.0,0.0,15.27
2514,33172,33173,2.0,0.0,21.45
2515,33174,33175,5.0,0.0,71.39
2516,33176,33177,5.0,0.0,60.21
2517,33178,33179,2.0,0.0,22.4
2518,33180,33181,4.0,0.0,46.66
2519,33182,33183,2.0,0.0,27.01
2520,33184,33185,8.0,0.0,16.53
2521,33186,33187,6.0,0.0,89.18
2522,33190,33191,2.5,0.5,24.74
2523,33192,33193,5.5,0.5,62.21
2524,33194,33195,15.0,0.0,130.86
2525,33196,33197,1.75,0.25,22.9
2526,33198,33199,2.0,0.0,21.06
2527,33200,33201,26.5,201.667,66.55
2528,33202,33203,4.0,0.0,51.51
2529,33204,33205,8.0,0.0,21.92
2530,33220,33221,7.5,0.5,35.0
2531,33234,33235,2.0,0.0,8.56
2532,33238,33239,4.556,0.278,51.89
2533,33242,33243,16.0,0.0,34.79
2534,33248,33249,2.0,0.0,8.47
2535,33280,33281,7.0,0.5,89.53
2536,33282,33283,11.8,29.2,16.23
2537,33284,33285,1.667,1.333,12.93
2538,33286,33287,6.6,0.8,88.75
2539,33294,33295,7.0,0.0,64.02
2540,33296,33297,10.0,0.0,93.14
2541,33298,33299,4.0,0.0,32.23
2542,33322,33323,1.889,0.361,20.1
2543,33324,33325,3.556,0.278,46.98
2544,33370,33371,2.8,0.2,37.58
2545,33372,33373,4.6,0.3,58.75
2546,33378,33379,1.2,0.2,14.12
2547,33408,33409,2.25,0.25,26.58
2548,33424,33425,2.0,0.0,13.3
2549,33428,33429,10.0,0.0,78.8
2550,33430,33431,3.0,0.0,29.72
2551,33432,33433,3.0,0.0,39.49
2552,33438,33439,2.0,0.0,29.43
2553,33440,33441,9.0,0.0,225.64
2554,33442,33443,15.0,0.0,210.02
2555,33444,33445,3.5,0.5,17.0
2556,33452,33453,6.0,0.0,48.34
2557,33454,33455,15.0,0.0,109.21
2558,33456,33457,15.0,0.0,107.81
2559,33458,33459,9.0,0.0,66.01
2560,33460,33461,1.5,0.5,9.73
2561,33466,33467,3.0,0.0,26.4
2562,33480,33481,5.0,0.0,39.73
2563,33490,33491,8.0,0.0,70.56
2564,33492,33493,5.0,0.0,44.71
2565,33494,33495,12.0,0.0,109.26
2566,33500,33501,6.0,0.0,26.78
2567,33504,33505,5.0,0.0,24.91
2568,33506,33507,2.0,0.0,12.24
2569,33510,33511,3.0,0.0,17.18
2570,33546,33547,4.6,0.3,59.8
2571,33548,33549,9.6,1.8,125.09
2572,33550,33551,16.4,190.8,39.03
2573,33574,33575,8.0,0.0,72.41
2574,33576,33577,4.0,0.0,31.84
2575,33590,33591,2.0,0.0,12.75
2576,33592,33593,2.0,0.0,20.86
2577,33596,33597,2.0,0.0,18.44
2578,33598,33599,2.0,0.0,11.26
2579,33600,33601,2.0,0.0,16.72
2580,33654,33655,29.0,0.0,11.82
2581,33656,33657,3.0,0.0,35.85
2582,33658,33659,5.6,0.3,65.77
2583,33660,33661,2.6,0.3,32.68
2584,33662,33663,9.8,83.2,42.06
2585,33666,33667,5.0,0.0,41.79
2586,33668,33669,6.0,1.0,49.92
2587,33670,33671,2.333,0.333,16.52
2588,33672,33673,3.0,0.0,22.1
2589,33674,33675,1.667,0.333,13.59
2590,33678,33679,4.667,0.333,28.83
2591,33690,33691,20.0,0.0,42.47
2592,33716,33717,2.5,0.5,31.41
2593,33718,33719,4.0,0.0,45.36
2594,33720,33721,2.0,0.0,33.27
2595,33722,33723,11.0,1.0,139.06
2596,33724,33725,6.333,0.333,83.44
2597,33726,33727,4.0,0.0,57.19
2598,33728,33729,6.0,1.0,46.0
2599,33732,33733,6.0,0.0,48.24
2600,33744,33745,6.0,0.0,47.53
2601,33776,33777,45.0,0.0,94.82
2602,33782,33783,1.333,0.25,3.01
2603,33784,33785,17.333,6.0,36.8
2604,33786,33787,32.667,62.75,63.2
2605,33788,33789,9.111,0.861,19.34
2606,33792,33793,90.333,77.467,207.22
2607,33794,33795,65.0,128.0,156.9
2608,33796,33797,18.0,0.0,54.18
2609,33810,33811,6.4,0.3,101.06
2610,33812,33813,4.2,0.2,67.32
2611,33814,33815,10.0,1.333,167.0
2612,33816,33817,3.4,0.3,55.6
2613,33824,33825,11.333,165.333,27.05
2614,33834,33835,32.0,0.0,263.68
2615,33846,33847,3.0,0.0,22.15
2616,33860,33861,1.556,0.278,22.83
2617,33864,33865,4.111,0.111,54.85
2618,33866,33867,1.556,0.278,19.86
2619,33868,33869,2.667,0.25,36.77
2620,33870,33871,1.333,0.25,19.19
2621,33872,33873,7.5,4.5,95.94
2622,33874,33875,9.0,2.0,110.77
2623,33876,33877,27.5,60.5,25.91
2624,33878,33879,2.0,0.0,22.22
2625,33890,33891,8.0,0.0,59.58
2626,33894,33895,1.2,0.2,31.15
2627,33896,33897,8.667,0.333,184.07
2628,33898,33899,3.7,0.9,69.12
2629,33900,33901,4.8,0.2,98.04
2630,33902,33903,12.857,2.476,254.04
2631,33904,33905,4.857,0.476,94.35
2632,33906,33907,13.0,2.0,382.05
2633,33908,33909,2.5,0.333,38.52
2634,33910,33911,3.25,0.25,43.93
2635,33912,33913,10.0,1.333,120.12
2636,33914,33915,9.0,89.333,19.43
2637,33916,33917,8.0,0.0,16.9
2638,33918,33919,130.0,0.0,270.81
2639,33920,33921,37.0,0.0,76.26
2640,33922,33923,54.0,0.0,116.53
2641,33924,33925,5.0,0.667,58.79
2642,33926,33927,8.0,28.667,46.2
2643,33928,33929,10.0,2.0,111.76
2644,33930,33931,5.0,8.0,34.63
2645,33974,33975,14.0,0.0,72.62
2646,33998,33999,13.0,0.0,61.02
2647,34064,34065,3.0,0.0,47.74
2648,34084,34085,7.0,0.0,89.47
2649,34088,34089,2.0,0.0,25.89
2650,34092,34093,3.4,0.3,47.36
2651,34094,34095,9.8,50.7,28.17
2652,34104,34105,19.0,0.0,101.17
2653,34344,34345,9.0,0.0,72.12
2654,34358,34359,5.0,0.0,28.71
2655,34442,34443,2.0,0.0,6.9
2656,34444,34445,7.0,0.0,50.56
2657,34446,34447,10.0,0.0,67.29
2658,34448,34449,2.0,0.0,23.9
2659,34450,34451,3.0,0.0,23.24
2660,34454,34455,17.0,0.0,97.84
2661,34456,34457,30.0,0.0,179.43
2662,34458,34459,3.0,0.0,19.77
2663,34482,34483,27.0,0.0,161.15
2664,34598,34599,7.0,0.0,65.31
2665,34600,34601,10.0,0.0,138.47
2666,34602,34603,2.0,0.0,32.68
2667,34604,34605,9.0,0.0,117.35
2668,34606,34607,9.0,0.0,252.27
2669,34608,34609,9.0,0.0,220.69
2670,34620,34621,11.0,0.0,45.28
2671,34624,34625,2.0,0.0,4.1
2672,34626,34627,7.0,0.0,26.74
2673,34628,34629,13.0,0.0,52.36
2674,34634,34635,4.333,0.333,54.03
2675,34646,34647,20.0,0.0,144.4
2676,34648,34649,6.0,2.0,43.16
2677,34650,34651,9.5,4.5,68.7
2678,34680,34681,3.0,0.0,39.55
2679,34682,34683,1.333,0.333,5.5
2680,34684,34685,2.333,0.333,28.05
2681,34686,34687,9.25,0.917,119.14
2682,34712,34713,6.0,0.0,28.24
2683,34746,34747,9.0,0.0,111.56
2684,34754,34755,127.0,0.0,594.09
2685,34756,34757,48.0,0.0,219.67
2686,34774,34775,1.4,0.267,18.36
2687,34776,34777,17.1,167.656,34.17
2688,34778,34779,2.875,0.125,36.54
2689,34780,34781,23.0,68.75,75.95
2690,34850,34851,10.5,15.143,137.19
2691,34852,34853,3.6,0.267,43.72
2692,34854,34855,2.5,2.5,20.46
2693,34856,34857,3.5,0.5,42.78
2694,34860,34861,4.5,0.5,60.8
2695,34864,34865,2.5,0.5,29.06
2696,34916,34917,2.0,0.25,18.2
2697,34918,34919,3.222,0.194,40.71
2698,34950,34951,3.0,0.0,33.56
2699,34952,34953,11.0,0.0,123.4
2700,34968,34969,13.0,0.0,60.12
2701,34994,34995,9.0,0.0,63.58
2702,35000,35001,13.0,0.0,85.28
2703,35008,35009,3.0,0.0,21.73
2704,35068,35069,7.0,0.0,91.07
2705,35152,35153,7.5,0.5,49.97
2706,35156,35157,6.0,0.0,45.9
2707,35160,35161,8.0,0.0,60.36
2708,35162,35163,4.0,0.0,36.66
2709,35164,35165,2.5,0.5,14.86
2710,35166,35167,5.0,0.0,34.32
2711,35168,35169,4.0,0.0,31.51
2712,35170,35171,6.0,0.0,42.22
2713,35174,35175,3.0,0.0,20.88
2714,35176,35177,5.0,0.0,35.21
2715,35178,35179,8.0,0.0,59.4
2716,35186,35187,17.0,0.0,122.02
2717,35252,35253,10.1,0.544,130.95
2718,35258,35259,6.5,0.5,90.04
2719,35260,35261,3.0,0.0,38.05
2720,35264,35265,16.5,312.5,26.74
2721,35274,35275,6.0,0.0,72.76
2722,35300,35301,3.0,0.0,28.39
2723,35310,35311,9.0,0.0,70.88
2724,35340,35341,4.0,0.0,40.18
2725,35344,35345,2.0,0.0,34.94
2726,35376,35377,1.056,0.056,13.9
2727,35382,35383,7.0,0.0,46.86
2728,35390,35391,2.0,0.0,16.76
2729,35402,35403,5.0,0.0,62.68
2730,35404,35405,3.0,0.0,33.86
2731,35406,35407,7.5,24.5,38.87
2732,35414,35415,1.286,0.22,15.09
2733,35434,35435,4.0,0.0,30.31
2734,35438,35439,3.5,10.7,22.86
2735,35440,35441,8.0,98.0,11.89
2736,35466,35467,5.0,0.0,45.2
2737,35468,35469,3.0,0.0,23.22
2738,35470,35471,6.0,0.0,49.65
2739,35472,35473,8.0,0.0,61.96
2740,35474,35475,5.0,0.0,34.28
2741,35478,35479,13.0,0.0,91.95
2742,35482,35483,5.0,0.0,35.83
2743,35484,35485,13.0,0.0,93.01
2744,35486,35487,4.0,0.0,30.88
2745,35488,35489,15.0,0.0,114.01
2746,35490,35491,4.0,0.0,29.18
2747,35500,35501,20.0,0.0,103.26
2748,35528,35529,1.2,0.2,14.93
2749,35530,35531,12.167,343.767,70.63
2750,35532,35533,6.5,0.5,82.16
2751,35536,35537,4.0,0.667,47.96
2752,35540,35541,4.0,0.0,49.76
2753,35560,35561,4.0,1.0,43.13
2754,35562,35563,3.333,0.333,42.16
2755,35578,35579,5.0,0.0,40.35
2756,35580,35581,4.0,0.0,25.11
2757,35582,35583,4.0,0.0,26.03
2758,35584,35585,2.0,0.0,27.98
2759,35592,35593,3.75,0.25,39.16
2760,35608,35609,6.0,0.0,56.12
2761,35616,35617,2.143,0.143,24.65
2762,35618,35619,2.286,0.238,33.87
2763,35620,35621,4.143,0.143,53.74
2764,35624,35625,2.0,0.0,14.97
2765,35634,35635,2.5,0.5,39.09
2766,35646,35647,1.8,0.2,23.2
2767,35648,35649,8.6,3.3,115.59
2768,35650,35651,7.2,1.7,90.65
2769,35652,35653,16.2,175.2,28.3
2770,35654,35655,5.5,0.333,71.32
2771,35656,35657,4.0,0.667,55.62
2772,35690,35691,4.0,0.0,28.03
2773,35692,35693,23.0,6.0,288.34
2774,35728,35729,17.0,1.0,204.68
2775,35730,35731,5.0,0.0,50.38
2776,35732,35733,11.0,1.0,134.81
2777,35734,35735,1.333,0.333,14.56
2778,35736,35737,2.0,0.0,21.77
2779,35748,35749,3.0,0.0,18.14
2780,35756,35757,4.0,0.0,97.29
2781,35768,35769,5.0,0.0,31.07
2782,35776,35777,2.0,0.0,25.32
2783,35784,35785,2.2,0.4,27.67
2784,35788,35789,9.222,63.694,8.31
2785,35794,35795,4.0,0.0,27.28
2786,35796,35797,6.0,0.0,51.13
2787,35798,35799,4.0,0.0,27.33
2788,35806,35807,3.0,0.0,15.68
2789,35822,35823,31.0,0.0,217.59
2790,35842,35843,14.0,0.0,32.13
2791,35844,35845,7.0,0.0,14.16
2792,35884,35885,3.0,0.0,35.09
2793,35886,35887,2.75,0.25,46.0
2794,35890,35891,5.0,0.0,25.18
2795,35908,35909,7.667,0.267,86.77
2796,35912,35913,5.0,0.333,70.48
2797,35924,35925,1.333,0.333,39.76
2798,35926,35927,12.6,1.3,347.43
2799,35948,35949,8.5,4.5,43.24
2800,35952,35953,2.5,0.5,30.31
2801,35954,35955,9.75,0.25,369.42
2802,35956,35957,15.0,0.0,156.29
2803,35960,35961,24.667,9.333,309.1
2804,35962,35963,3.0,1.0,35.91
2805,35964,35965,6.0,1.0,77.86
2806,35968,35969,4.0,8.0,30.29
2807,35970,35971,3.25,0.5,42.21
2808,35972,35973,7.167,0.567,107.98
2809,35974,35975,9.5,1.0,128.17
2810,35976,35977,5.333,0.267,72.54
2811,36008,36009,6.0,0.0,56.47
2812,36016,36017,4.0,0.0,35.89
2813,36018,36019,1.333,0.267,18.89
2814,36022,36023,6.667,0.267,70.25
2815,36048,36049,10.0,0.0,68.3
2816,36068,36069,7.0,0.0,29.53
2817,36070,36071,9.0,0.0,44.37
2818,36072,36073,9.0,0.0,37.34
2819,36074,36075,25.0,0.0,127.26
2820,36082,36083,4.0,0.0,25.99
2821,36084,36085,6.857,0.81,55.66
2822,36088,36089,4.75,0.25,57.98
2823,36110,36111,19.0,0.0,164.29
2824,36112,36113,23.0,0.0,201.85
2825,36126,36127,10.2,2.7,180.63
2826,36128,36129,1.125,0.125,11.81
2827,36130,36131,2.333,0.25,30.78
2828,36132,36133,7.0,0.0,47.22
2829,36134,36135,4.0,0.0,29.6
2830,36234,36235,2.0,0.0,11.58
2831,36296,36297,11.0,0.0,81.84
2832,36298,36299,2.0,0.0,11.43
2833,36300,36301,6.0,0.0,46.44
2834,36304,36305,2.0,0.0,13.6
2835,36350,36351,4.0,0.0,20.27
2836,36400,36401,12.0,0.0,93.15
2837,36450,36451,17.0,3.333,211.69
2838,36452,36453,3.25,1.583,34.23
2839,36464,36465,2.5,0.5,28.94
2840,36466,36467,4.0,0.0,49.73
2841,36468,36469,2.0,0.0,21.51
2842,36470,36471,2.0,0.0,26.07
2843,36472,36473,2.0,0.0,27.54
2844,36478,36479,2.0,0.0,29.64
2845,36482,36483,8.0,0.0,100.9
2846,36484,36485,4.0,0.0,43.98
2847,36486,36487,2.0,0.0,26.45
2848,36500,36501,11.143,1.81,219.58
2849,36502,36503,4.857,0.81,95.76
2850,36504,36505,2.0,0.0,24.93
2851,36508,36509,7.0,0.0,58.36
2852,36512,36513,6.0,0.0,48.68
2853,36542,36543,2.0,0.0,8.19
2854,36548,36549,2.0,0.0,40.06
2855,36550,36551,26.0,0.0,449.25
2856,36552,36553,9.0,0.0,151.6
2857,36554,36555,7.0,0.0,114.71
2858,36556,36557,2.0,0.0,33.37
2859,36558,36559,3.0,0.0,41.41
2860,36564,36565,95.0,0.0,560.25
2861,36572,36573,13.0,0.0,100.77
2862,36574,36575,19.0,8.0,145.75
2863,36794,36795,33.0,0.0,160.66
2864,36808,36809,56.0,0.0,308.14
2865,36812,36813,9.0,0.0,43.46
2866,36840,36841,18.273,39.618,159.22
2867,36846,36847,14.7,1.567,223.27
2868,36848,36849,5.8,0.622,88.4
2869,36850,36851,6.6,0.267,102.78
2870,36852,36853,5.5,7.167,68.26
2871,36854,36855,2.111,0.111,27.22
2872,36856,36857,7.111,24.611,34.67
2873,36858,36859,5.375,10.839,50.05
2874,36860,36861,18.0,0.0,75.83
2875,36862,36863,33.333,2.333,145.74
2876,36876,36877,20.818,4.564,269.94
2877,36878,36879,6.5,0.5,68.75
2878,36888,36889,2.0,0.0,7.45
2879,36896,36897,8.0,0.0,34.92
2880,36898,36899,4.0,0.0,19.07
2881,36910,36911,14.0,0.0,58.39
2882,36912,36913,2.0,0.0,6.89
2883,36918,36919,3.0,0.0,12.31
2884,36920,36921,10.0,0.0,41.06
2885,36978,36979,5.0,0.0,19.51
2886,36992,36993,3.0,0.0,32.92
2887,36998,36999,9.0,0.0,113.72
2888,37008,37009,1.111,0.105,13.38
2889,37012,37013,1.333,0.242,19.05
2890,37014,37015,1.1,0.1,14.07
2891,37018,37019,1.923,0.077,24.68
2892,37026,37027,6.0,0.0,97.66
2893,37028,37029,3.111,0.111,48.26
2894,37030,37031,2.2,0.2,32.44
2895,37032,37033,19.0,107.5,65.98
2896,37034,37035,3.8,0.2,51.44
2897,37036,37037,8.2,0.7,110.64
2898,37038,37039,2.333,0.25,32.81
2899,37128,37129,2.0,0.0,12.69
2900,37140,37141,3.0,0.0,11.87
2901,37158,37159,6.0,0.0,23.28
2902,37176,37177,7.0,0.0,75.71
2903,37180,37181,8.75,0.917,170.05
2904,37186,37187,1.5,0.5,11.92
2905,37194,37195,9.0,0.0,100.45
2906,37196,37197,7.0,1.667,36.48
2907,37198,37199,48.667,20.667,255.19
2908,37200,37201,25.0,18.0,120.82
2909,37202,37203,27.0,0.0,146.96
2910,37204,37205,86.0,18.0,436.35
2911,37206,37207,26.5,4.5,133.23
2912,37210,37211,3.333,0.333,38.09
2913,37216,37217,5.667,0.333,77.62
2914,37224,37225,18.75,12.25,249.6
2915,37226,37227,1.167,0.167,13.79
2916,37228,37229,15.4,11.8,197.5
2917,37232,37233,11.4,2.8,153.43
2918,37234,37235,8.6,2.3,117.22
2919,37236,37237,16.0,254.0,12.51
2920,37238,37239,6.5,1.0,78.72
2921,37240,37241,8.25,0.25,83.98
2922,37248,37249,9.0,0.0,75.02
2923,37298,37299,4.0,0.0,26.67
2924,37304,37305,12.0,0.0,133.2
2925,37306,37307,2.0,0.0,17.09
2926,37316,37317,5.0,0.0,49.63
2927,37420,37421,5.0,0.0,43.34
2928,37422,37423,3.5,0.5,25.79
2929,37426,37427,3.571,0.286,47.49
2930,37428,37429,3.286,0.238,27.52
2931,37438,37439,2.5,0.5,37.4
2932,37444,37445,3.0,0.0,42.12
2933,37446,37447,9.0,0.0,119.86
2934,37448,37449,3.0,0.0,41.69
2935,37450,37451,2.0,2.0,28.84
2936,37452,37453,2.0,0.0,25.56
2937,37458,37459,4.0,0.0,60.04
2938,37460,37461,2.5,0.333,29.65
2939,37462,37463,2.75,0.25,31.54
2940,37464,37465,27.0,317.333,11.45
2941,37466,37467,3.333,0.667,35.2
2942,37468,37469,11.0,2.0,91.51
2943,37470,37471,3.0,0.0,38.99
2944,37486,37487,2.0,0.0,7.57
2945,37606,37607,8.0,0.0,65.87
2946,37610,37611,6.0,0.0,41.88
2947,37612,37613,5.0,0.0,51.4
2948,37614,37615,4.0,0.0,27.25
2949,37616,37617,9.0,0.0,70.78
2950,37618,37619,5.0,0.0,42.6
2951,37632,37633,1.143,0.143,22.71
2952,37634,37635,2.143,1.81,15.34
2953,37636,37637,2.0,0.0,23.51
2954,37638,37639,22.0,0.0,275.91
2955,37646,37647,3.556,0.528,43.85
2956,37648,37649,5.6,9.8,4.04
2957,37650,37651,1.167,0.167,11.39
2958,37652,37653,3.667,0.267,28.18
2959,37658,37659,5.167,6.167,32.41
2960,37676,37677,10.5,2.0,147.75
2961,37678,37679,3.5,0.571,50.45
2962,37680,37681,5.5,1.429,78.83
2963,37684,37685,3.6,10.8,7.35
2964,37692,37693,2.375,0.268,28.69
2965,37694,37695,12.0,70.4,7.53
2966,37698,37699,1.5,0.5,24.17
2967,37704,37705,5.8,1.2,71.93
2968,37706,37707,6.4,2.3,80.81
2969,37708,37709,4.2,0.7,51.16
2970,37714,37715,3.8,0.7,55.74
2971,37718,37719,6.0,0.0,16.78
2972,37726,37727,8.0,0.0,63.72
2973,37750,37751,9.0,0.0,114.65
2974,37752,37753,2.0,0.0,25.49
2975,37754,37755,4.0,0.0,46.36
2976,37756,37757,30.0,0.0,382.91
2977,37758,37759,2.0,0.0,20.32
2978,37760,37761,41.0,0.0,312.78
2979,37798,37799,5.0,0.0,29.47
2980,37806,37807,8.0,0.0,45.84
2981,37808,37809,27.0,0.0,149.11
2982,37844,37845,16.667,36.667,118.79
2983,37846,37847,13.4,133.3,11.8
2984,37856,37857,19.286,7.238,388.54
2985,37858,37859,21.143,8.143,420.33
2986,37860,37861,6.714,1.238,130.2
2987,37862,37863,11.714,1.905,181.05
2988,37864,37865,24.714,9.905,422.35
2989,37866,37867,4.125,5.839,42.09
2990,38006,38007,2.0,0.0,24.16
2991,38008,38009,6.0,0.0,71.72
2992,38020,38021,5.0,0.0,66.73
2993,38022,38023,6.25,0.25,91.6
2994,38024,38025,6.0,0.667,109.84
2995,38026,38027,3.0,0.0,48.4
2996,38034,38035,15.0,0.0,213.88
2997,38036,38037,5.0,0.0,67.48
2998,38038,38039,5.0,0.0,58.42
2999,38200,38201,55.5,112.5,298.13
3000,38214,38215,1.5,0.333,12.66
3001,38218,38219,7.4,0.3,55.36
3002,38228,38229,2.0,0.0,15.02
3003,38230,38231,9.667,0.333,83.0
3004,38240,38241,9.667,1.152,145.6
3005,38324,38325,3.0,0.0,15.2
3006,38354,38355,8.0,0.0,31.84
3007,38364,38365,4.429,0.286,43.96
3008,38374,38375,6.0,0.0,80.24
3009,38376,38377,2.0,0.0,19.54
3010,38378,38379,2.0,0.0,17.62
3011,38380,38381,8.0,0.0,84.93
3012,38382,38383,4.0,0.0,47.28
3013,38386,38387,11.571,0.619,145.02
3014,38388,38389,2.571,0.286,31.34
3015,38408,38409,17.143,2.143,260.19
3016,38424,38425,10.0,0.0,179.26
3017,38430,38431,4.0,0.0,44.22
3018,38432,38433,22.0,0.0,16.31
3019,38490,38491,4.333,0.333,36.5
3020,38494,38495,2.0,0.0,7.22
3021,38518,38519,5.0,0.4,69.78
3022,38522,38523,15.286,2.571,247.78
3023,38524,38525,29.714,5.571,485.06
3024,38534,38535,17.5,4.5,110.66
3025,38540,38541,13.0,0.0,74.17
3026,38542,38543,4.5,0.3,58.3
3027,38544,38545,9.75,200.917,28.11
3028,38562,38563,4.0,0.0,32.12
3029,38566,38567,11.0,0.0,156.39
3030,38568,38569,4.0,0.0,61.05
3031,38570,38571,1.5,0.5,28.11
3032,38572,38573,3.0,0.0,45.13
3033,38576,38577,3.0,0.0,44.78
3034,38578,38579,7.0,0.0,33.37
3035,38606,38607,14.0,0.0,201.97
3036,38608,38609,5.0,0.0,63.98
3037,38610,38611,12.0,0.0,63.74
3038,38616,38617,8.0,0.0,106.74
3039,38624,38625,7.0,0.0,95.13
3040,38630,38631,2.0,0.0,22.72
3041,38632,38633,2.0,0.0,14.84
3042,38700,38701,16.0,0.0,21.92
3043,38734,38735,7.0,0.0,42.96
3044,38736,38737,4.0,0.0,23.44
3045,38738,38739,2.0,0.0,14.04
3046,38794,38795,2.0,0.0,26.68
3047,38798,38799,5.0,0.0,69.72
3048,38800,38801,12.0,84.0,38.82
3049,38806,38807,7.5,0.333,120.46
3050,38810,38811,13.0,0.0,55.06
3051,38812,38813,2.0,0.0,19.67
3052,38854,38855,7.0,0.0,59.59
3053,38858,38859,4.0,0.0,57.63
3054,38860,38861,1.333,0.333,20.49
3055,38862,38863,4.333,0.333,54.43
3056,38864,38865,4.0,1.0,51.83
3057,38866,38867,2.667,0.333,33.94
3058,38894,38895,2.0,0.0,21.68
3059,38896,38897,2.2,0.178,31.3
3060,38898,38899,16.833,6.167,194.89
3061,38900,38901,4.583,0.265,52.95
3062,38902,38903,15.0,0.0,42.8
3063,38904,38905,3.0,0.167,38.31
3064,38906,38907,1.538,0.269,20.73
3065,38908,38909,6.308,0.231,82.79
3066,38910,38911,4.154,0.141,51.3
3067,38922,38923,2.0,0.0,24.26
3068,38928,38929,4.0,0.0,27.27
3069,38930,38931,5.0,0.0,69.36
3070,38948,38949,2.0,0.0,19.53
3071,38950,38951,3.5,0.5,33.01
3072,38962,38963,7.0,0.0,77.09
3073,38964,38965,6.0,0.0,56.06
3074,38974,38975,14.0,0.0,90.62
3075,38998,38999,29.833,19.367,400.74
3076,39000,39001,5.667,0.667,80.43
3077,39002,39003,5.2,0.2,72.24
3078,39004,39005,29.333,417.467,78.86
3079,39006,39007,6.6,0.8,99.97
3080,39008,39009,6.778,0.444,97.26
3081,39010,39011,3.6,0.3,50.75
3082,39030,39031,3.0,0.0,28.87
3083,39032,39033,2.0,0.0,21.15
3084,39036,39037,2.0,0.0,25.92
3085,39040,39041,4.444,0.278,58.77
3086,39108,39109,21.286,5.905,531.49
3087,39154,39155,3.5,0.5,42.32
3088,39156,39157,18.5,84.5,70.53
3089,39170,39171,3.571,0.286,45.6
3090,39172,39173,10.2,3.2,134.93
3091,39182,39183,13.0,3.333,165.51
3092,39184,39185,3.5,0.333,44.89
3093,39186,39187,2.0,0.0,39.28
3094,39188,39189,9.0,0.0,120.85
3095,39190,39191,4.0,0.0,37.34
3096,39194,39195,2.111,0.111,35.4
3097,39204,39205,2.889,0.361,81.43
3098,39206,39207,2.0,2.0,14.09
3099,39208,39209,9.75,0.917,158.19
3100,39218,39219,6.0,0.0,32.23
3101,39224,39225,8.0,0.0,41.29
3102,39228,39229,51.0,0.0,107.14
3103,39232,39233,1.714,0.238,21.52
3104,39234,39235,3.286,0.238,41.86
3105,39236,39237,2.857,0.143,35.38
3106,39238,39239,3.429,0.286,43.35
3107,39240,39241,9.375,1.411,123.88
3108,39242,39243,12.375,182.268,25.4
3109,39244,39245,5.0,0.571,59.64
3110,39250,39251,21.0,0.0,41.3
3111,39252,39253,3.0,0.0,35.6
3112,39254,39255,2.0,0.0,23.82
3113,39256,39257,3.25,0.25,38.83
3114,39258,39259,1.5,0.333,17.73
3115,39260,39261,4.25,0.25,55.07
3116,39262,39263,10.5,35.0,25.62
3117,39264,39265,3.0,0.0,34.69
3118,39270,39271,1.111,0.111,13.51
3119,39276,39277,5.0,0.0,45.78
3120,39284,39285,1.333,0.267,16.83
3121,39286,39287,7.0,18.0,46.8
3122,39288,39289,16.571,112.952,69.35
3123,39290,39291,5.286,0.238,77.9
3124,39292,39293,1.429,0.286,13.73
3125,39296,39297,2.0,0.0,11.31
3126,39326,39327,2.0,2.0,34.27
3127,39330,39331,7.0,0.0,21.74
3128,39334,39335,6.0,0.0,88.23
3129,39338,39339,3.0,0.0,22.46
3130,39340,39341,6.333,0.333,74.21
3131,39366,39367,8.0,0.0,43.89
3132,39368,39369,3.0,0.0,19.41
3133,39400,39401,4.143,0.81,53.04
3134,39402,39403,4.571,0.286,61.1
3135,39404,39405,2.0,0.0,17.18
3136,39406,39407,12.4,13.3,179.52
3137,39424,39425,10.857,2.143,81.61
3138,39452,39453,1.083,0.083,16.48
3139,39454,39455,1.429,0.619,19.28
3140,39458,39459,17.0,0.0,206.23
3141,39462,39463,1.833,0.167,18.67
3142,39466,39467,8.0,0.857,101.21
3143,39468,39469,9.375,1.411,104.55
3144,39604,39605,4.0,0.0,19.42
3145,39606,39607,2.0,0.0,10.62
3146,39628,39629,9.0,0.0,44.58
3147,39664,39665,3.0,0.0,17.33
3148,39674,39675,9.0,0.0,47.07
3149,39774,39775,8.0,0.0,103.26
3150,39776,39777,8.0,0.0,41.58
3151,39798,39799,4.0,0.0,25.31
3152,39986,39987,7.0,0.0,57.41
3153,39988,39989,5.0,0.0,37.03
3154,39992,39993,22.333,2.333,468.63
3155,39994,39995,3.75,0.25,81.48
3156,39996,39997,21.75,782.25,63.03
3157,40010,40011,1.6,0.3,17.68
3158,40020,40021,1.75,0.214,33.66
3159,40026,40027,2.75,0.5,58.81
3160,40032,40033,1.125,0.125,13.85
3161,40046,40047,8.0,0.0,43.03
3162,40072,40073,13.25,2.917,62.95
3163,40074,40075,1.667,0.333,5.57
3164,40076,40077,74.0,39.0,346.64
3165,40078,40079,24.0,0.0,109.96
3166,40082,40083,23.0,0.0,105.57
3167,40104,40105,4.0,0.0,16.75
3168,40170,40171,7.2,0.2,86.71
3169,40172,40173,1.6,0.3,15.54
3170,40174,40175,2.8,0.2,35.12
3171,40176,40177,6.8,0.2,82.55
3172,40178,40179,28.6,396.3,94.13
3173,40180,40181,9.0,169.0,20.32
3174,40192,40193,2.5,0.5,24.45
3175,40198,40199,9.0,0.0,104.21
3176,40210,40211,3.0,0.0,28.48
3177,40212,40213,9.0,0.0,119.55
3178,40214,40215,6.0,0.0,81.27
3179,40216,40217,6.0,0.0,64.43
3180,40218,40219,9.5,0.5,117.56
3181,40220,40221,5.714,0.238,72.84
3182,40222,40223,11.8,150.178,66.14
3183,40320,40321,4.75,0.25,52.92
3184,40332,40333,13.0,0.0,59.33
3185,40334,40335,7.0,0.0,33.34
3186,40384,40385,4.0,0.0,12.95
3187,40434,40435,10.75,36.25,55.53
3188,40436,40437,4.0,0.667,57.85
3189,40438,40439,8.333,0.75,98.44
3190,40440,40441,4.375,0.554,52.33
3191,40442,40443,2.5,0.5,30.12
3192,40444,40445,5.0,2.0,60.0
3193,40452,40453,7.0,0.0,15.05
3194,40456,40457,5.0,0.0,61.1
3195,40632,40633,7.0,0.0,29.04
3196,40648,40649,8.0,0.0,38.85
3197,40650,40651,10.0,2.0,48.11
3198,40656,40657,3.0,0.0,29.3
3199,40660,40661,8.0,0.0,72.17
3200,40664,40665,25.0,0.0,215.98
3201,40668,40669,10.143,52.476,25.54
3202,40670,40671,11.5,60.5,38.43
3203,40672,40673,4.0,2.0,39.17
3204,40674,40675,12.333,1.067,165.37
3205,40676,40677,6.833,56.167,25.95
3206,40678,40679,34.429,4.286,453.53
3207,40680,40681,4.0,0.4,49.98
3208,40682,40683,3.333,0.267,45.54
3209,40684,40685,2.0,0.571,25.57
3210,40792,40793,1.429,0.286,18.84
3211,40794,40795,5.857,0.143,75.54
3212,40796,40797,6.25,10.25,63.18
3213,40798,40799,5.333,0.333,62.85
3214,40802,40803,7.0,0.0,36.1
3215,40828,40829,2.0,0.0,9.72
3216,40840,40841,2.0,0.0,18.3
3217,40844,40845,4.0,0.0,51.78
3218,40848,40849,1.5,0.3,19.75
3219,40850,40851,5.0,1.2,45.44
3220,41132,41133,3.0,0.0,17.13
3221,41228,41229,6.0,0.0,46.58
3222,41230,41231,8.0,0.0,55.76
3223,41232,41233,17.0,0.0,131.54
3224,41234,41235,19.0,0.0,141.41
3225,41236,41237,6.0,0.0,52.07
3226,41238,41239,10.0,0.0,75.01
3227,41240,41241,11.0,0.0,73.26
3228,41250,41251,19.0,0.0,175.99
3229,41330,41331,13.0,0.0,51.24
3230,41366,41367,4.0,0.0,49.38
3231,41370,41371,4.0,18.0,10.26
3232,41408,41409,3.0,0.0,38.45
3233,41410,41411,3.0,0.0,24.75
3234,41430,41431,9.0,0.0,75.22
3235,41444,41445,15.714,4.238,126.84
3236,41454,41455,4.0,0.0,14.95
3237,41522,41523,2.889,0.111,43.57
3238,41524,41525,2.111,0.111,34.13
3239,41544,41545,7.429,0.952,163.08
3240,41694,41695,2.0,0.333,21.19
3241,41696,41697,1.833,0.167,9.2
3242,41702,41703,6.833,0.167,84.83
3243,41704,41705,6.286,0.571,75.46
3244,41706,41707,3.143,0.143,42.48
3245,41708,41709,5.714,0.238,66.95
3246,41710,41711,12.0,1.2,151.66
3247,41712,41713,4.333,0.267,54.12
3248,41714,41715,5.167,0.167,63.35
3249,41764,41765,25.0,0.0,275.51
3250,41824,41825,2.889,0.111,41.44
3251,41826,41827,28.571,592.286,22.4
3252,41838,41839,2.0,0.0,14.07
3253,41840,41841,12.0,0.667,158.56
3254,41842,41843,2.0,0.0,23.77
3255,41848,41849,7.5,84.5,7.43
3256,41850,41851,15.5,24.5,8.21
3257,41852,41853,15.2,148.7,4.89
3258,41856,41857,4.5,9.667,6.47
3259,41858,41859,35.0,550.0,36.64
3260,41862,41863,13.667,30.333,24.63
3261,41864,41865,20.429,4.952,258.24
3262,41874,41875,1.889,0.111,23.18
3263,41876,41877,19.667,1.25,258.17
3264,41878,41879,12.0,0.0,72.8
3265,41880,41881,7.0,0.0,72.8
3266,41882,41883,3.0,0.0,23.43
3267,41890,41891,13.333,320.333,37.23
3268,41892,41893,7.0,0.0,81.25
3269,41894,41895,5.0,0.0,42.98
3270,41906,41907,11.5,40.5,70.5
3271,41908,41909,2.0,0.0,36.24
3272,41918,41919,3.0,0.0,15.29
3273,41936,41937,2.0,0.4,12.54
3274,41942,41943,2.0,0.0,12.31
3275,41948,41949,11.75,10.917,9.85
3276,17,14,1.5,0.5,15.2
3277,95,5054,4.0,0.0,18.4
3278,99,19286,1.8,0.2,26.1
3279,109,35560,5.0,0.0,24.0
3280,111,2934,2.667,1.333,24.1
3281,115,24408,4.0,0.0,32.2
3282,115,25846,3.0,0.0,13.8
3283,121,118,2.0,0.0,16.3
3284,123,120,2.0,0.0,14.8
3285,151,148,2.0,0.0,13.7
3286,183,22832,4.0,0.0,17.0
3287,233,19854,3.0,0.0,18.1
3288,337,1602,1.273,0.218,15.1
3289,571,20228,2.0,0.0,14.2
3290,575,20226,3.0,0.0,14.2
3291,631,37196,2.0,0.0,13.2
3292,633,630,1.167,0.167,11.2
3293,635,15502,3.0,0.0,16.2
3294,637,660,2.0,0.0,9.0
3295,639,660,2.0,0.0,14.5
3296,641,20342,3.0,0.0,14.5
3297,649,20342,5.0,0.0,27.6
3298,657,13186,5.0,0.0,29.1
3299,657,20334,6.0,0.0,28.5
3300,659,656,2.5,0.5,14.4
3301,661,658,3.0,0.0,14.5
3302,661,20356,2.5,0.5,14.2
3303,665,20338,2.0,0.0,9.1
3304,727,31772,2.0,0.0,14.4
3305,729,726,2.0,0.0,14.4
3306,733,722,2.0,0.0,9.0
3307,741,17134,1.769,0.192,27.2
3308,743,740,3.769,1.692,26.7
3309,749,20456,3.5,0.333,27.0
3310,751,748,1.25,0.25,14.5
3311,871,4246,2.0,0.0,16.6
3312,873,874,3.0,0.0,24.7
3313,875,868,2.0,0.0,15.2
3314,877,872,2.0,0.0,19.4
3315,1051,18046,2.0,0.0,24.8
3316,1057,40210,2.0,0.0,7.1
3317,1057,12020,3.0,0.0,36.4
3318,1219,32048,2.0,0.0,11.1
3319,1219,1432,3.75,0.786,22.4
3320,1239,40452,16.0,0.0,33.8
3321,1239,10802,3.0,0.0,15.1
3322,1241,1238,6.0,0.0,10.8
3323,1251,18444,2.5,0.5,10.2
3324,1283,1296,4.0,0.0,21.2
3325,1287,1284,2.0,0.0,11.8
3326,1295,12392,2.0,0.0,12.8
3327,1297,1294,3.0,0.0,14.4
3328,1361,1376,2.0,0.0,7.5
3329,1371,21510,2.0,0.0,14.4
3330,1377,1370,2.0,0.0,12.3
3331,1409,1370,2.5,0.5,14.3
3332,1429,9920,2.5,0.286,34.8
3333,1431,1428,2.375,0.268,22.3
3334,1461,1458,7.0,0.0,14.4
3335,1473,40678,4.0,0.0,25.4
3336,1501,21160,2.0,0.0,17.9
3337,1527,1650,1.667,0.333,23.7
3338,1575,1572,2.0,0.0,9.1
3339,1577,1574,3.0,0.0,14.9
3340,1607,29780,2.0,0.0,27.8
3341,1609,1604,1.8,0.7,13.6
3342,1611,1608,1.333,0.267,16.6
3343,1679,18442,2.0,0.0,8.5
3344,1691,7262,2.875,0.125,38.6
3345,1705,1706,2.5,0.5,10.1
3346,1707,35440,2.0,0.0,24.8
3347,1709,28218,3.0,0.0,20.0
3348,1711,1756,2.0,0.0,9.3
3349,1713,1710,3.0,0.0,14.6
3350,1715,1712,3.0,0.0,14.8
3351,1717,1714,3.5,0.5,14.8
3352,1719,1716,3.0,0.0,14.7
3353,1721,1718,3.0,0.0,14.6
3354,1725,1722,3.0,0.0,14.6
3355,1727,1724,3.5,0.5,14.6
3356,1729,1726,3.0,0.0,14.5
3357,1763,21654,2.0,0.0,9.1
3358,1827,1762,2.0,0.0,9.0
3359,1841,1838,2.0,0.0,16.8
3360,1849,16628,2.0,0.0,8.0
3361,1855,1852,2.0,0.0,14.3
3362,1921,30550,2.0,0.0,20.4
3363,1939,15596,2.0,0.0,13.4
3364,2011,32264,2.0,0.0,21.8
3365,2087,12112,5.0,0.0,33.4
3366,2089,2086,2.0,0.0,22.5
3367,2151,7202,4.5,0.5,26.7
3368,2161,2158,4.0,0.0,52.0
3369,2167,2162,3.0,0.0,33.4
3370,2173,2164,4.5,0.5,63.9
3371,2177,2174,2.0,0.0,32.1
3372,2193,36128,2.556,1.028,17.3
3373,2195,2190,3.222,1.694,21.0
3374,2197,2194,1.222,0.194,14.1
3375,2227,2224,2.0,0.0,23.3
3376,2275,9928,2.0,0.0,5.4
3377,2277,2274,2.0,0.0,14.2
3378,2299,11676,2.0,0.0,12.0
3379,2301,2298,2.0,0.0,13.8
3380,2305,11676,2.0,0.0,13.3
3381,2367,32884,2.0,0.0,15.7
3382,2369,2366,1.6,0.3,14.4
3383,2377,2374,1.4,0.3,19.4
3384,2379,2376,1.2,0.2,14.5
3385,2381,2378,1.6,0.3,15.2
3386,2397,2394,1.25,0.25,15.7
3387,2497,9450,2.0,0.0,6.8
3388,2499,2496,3.0,0.0,22.9
3389,2505,22582,2.0,0.0,4.7
3390,2561,2558,2.2,0.2,29.7
3391,2633,7176,3.0,0.0,23.0
3392,2637,2634,2.0,0.0,11.2
3393,2729,26686,3.0,0.0,13.5
3394,2763,23920,2.0,0.0,9.0
3395,2777,2774,2.0,0.0,14.2
3396,2849,22976,2.0,0.0,4.7
3397,2853,2850,1.75,0.25,32.1
3398,2907,2932,2.0,0.0,22.3
3399,2907,2904,4.0,0.0,33.6
3400,2911,17204,3.0,0.0,31.0
3401,2923,25342,1.5,0.5,8.7
3402,2935,2830,4.0,0.0,23.7
3403,2951,9806,1.5,0.5,24.9
3404,2961,16566,4.0,0.0,22.8
3405,2961,26958,2.0,0.0,10.2
3406,3369,3366,2.0,0.0,19.8
3407,3383,20124,2.0,0.0,9.1
3408,3385,3382,3.0,0.0,15.9
3409,3415,3412,3.0,0.0,5.0
3410,3493,3508,1.5,0.5,9.0
3411,3509,38200,2.0,0.0,8.8
3412,3657,8406,3.0,0.0,14.4
3413,3725,25824,5.0,2.0,27.9
3414,3753,23984,2.0,0.0,8.8
3415,3769,3798,3.0,0.0,12.8
3416,3799,28940,2.0,0.0,15.8
3417,3825,14726,2.0,0.0,12.8
3418,3829,3826,2.0,0.0,14.4
3419,3841,3846,3.0,0.0,11.2
3420,3847,5006,2.0,0.0,17.7
3421,3903,31792,2.0,0.0,16.6
3422,3907,3904,3.0,0.0,23.2
3423,3909,3906,2.0,0.0,14.4
3424,3911,3908,2.0,0.0,14.4
3425,4091,24372,2.0,0.0,4.7
3426,4129,24450,4.0,0.0,22.0
3427,4159,24420,4.0,0.0,21.2
3428,4175,4172,2.0,0.0,14.6
3429,4193,4190,2.5,0.5,5.0
3430,4205,10502,3.5,0.5,14.4
3431,4207,4204,2.0,0.0,9.1
3432,4209,33322,3.0,0.0,15.5
3433,4209,17874,2.0,0.0,9.7
3434,4239,5986,1.857,0.476,14.5
3435,4245,16386,3.0,0.0,18.6
3436,4247,25932,4.0,0.0,20.6
3437,4275,24572,2.0,0.0,4.7
3438,4403,2326,3.2,0.2,48.5
3439,4659,4682,2.0,0.0,9.0
3440,4675,21374,2.0,0.0,12.2
3441,4677,4674,3.0,0.0,14.2
3442,4679,4676,3.0,0.0,14.4
3443,4681,4678,3.0,0.0,14.4
3444,4683,4680,3.0,0.0,14.4
3445,4731,38374,2.0,0.0,14.9
3446,4841,4694,2.0,0.0,7.5
3447,4843,4840,3.0,0.0,14.6
3448,4923,4982,1.667,0.333,15.4
3449,4927,12636,4.0,1.0,40.7
3450,4975,31310,4.0,0.0,34.5
3451,4979,5000,5.0,2.0,45.0
3452,4979,25350,4.0,0.0,18.1
3453,4981,4996,1.333,0.333,9.4
3454,4993,4990,1.333,0.333,16.9
3455,4997,4994,1.667,0.333,6.8
3456,4999,12052,3.0,0.0,25.3
3457,5007,28546,2.0,0.0,6.5
3458,5007,7948,4.0,0.0,28.6
3459,5007,17256,3.5,4.5,8.0
3460,5011,5008,1.167,0.167,15.4
3461,5017,126,2.5,0.5,26.4
3462,5019,5016,1.5,0.5,13.5
3463,5023,9982,3.5,1.714,26.5
3464,5025,5022,2.0,0.333,18.3
3465,5027,7236,3.8,0.2,20.6
3466,5029,5212,2.0,0.0,15.2
3467,5033,16210,1.25,0.25,16.2
3468,5039,5034,1.25,0.25,15.1
3469,5043,5040,1.25,0.25,19.9
3470,5045,5042,1.25,0.25,16.4
3471,5047,5044,2.5,1.0,35.0
3472,5051,5048,1.75,0.25,23.0
3473,5055,11266,2.0,0.0,25.5
3474,5057,15748,3.0,0.0,21.5
3475,5059,5056,3.0,0.0,15.3
3476,5097,18760,2.0,0.0,13.3
3477,5099,5096,2.0,0.0,10.8
3478,5101,5098,2.0,0.0,11.1
3479,5137,5434,2.333,1.333,16.1
3480,5169,23588,3.0,0.0,40.7
3481,5215,29728,4.0,0.0,18.6
3482,5217,5214,2.0,0.0,17.8
3483,5219,10080,2.0,0.0,28.4
3484,5355,1922,1.333,0.333,14.4
3485,5363,5360,2.667,0.333,32.6
3486,5407,5404,2.0,0.0,14.6
3487,5417,19718,2.667,0.333,12.9
3488,5417,10822,4.25,2.25,33.4
3489,5419,5414,1.857,1.143,20.4
3490,5429,5442,2.667,1.333,19.4
3491,5439,5436,2.333,0.333,32.1
3492,5443,5440,3.667,2.333,25.1
3493,5451,5448,2.0,0.0,27.9
3494,5473,17266,4.2,0.2,24.4
3495,5475,5472,1.8,0.2,26.7
3496,5481,18050,1.5,0.5,24.0
3497,5511,5030,2.0,0.0,12.9
3498,5513,5510,2.0,0.0,14.2
3499,5545,5542,1.5,0.5,16.3
3500,5547,5544,1.5,0.5,15.7
3501,5611,15230,2.25,0.25,25.7
3502,5627,2984,2.0,0.0,14.4
3503,5633,5630,4.0,0.0,14.5
3504,5637,24532,2.0,0.0,13.1
3505,5643,5640,2.0,0.0,10.4
3506,5729,112,1.333,0.333,18.5
3507,5819,5834,2.0,0.0,14.0
3508,5835,5832,3.0,0.0,16.4
3509,5847,26324,2.0,0.0,9.4
3510,5849,5894,2.0,0.0,15.5
3511,5855,5852,2.0,0.0,17.3
3512,5869,14842,3.0,0.0,12.6
3513,5901,5898,1.333,0.333,13.6
3514,5903,5900,1.333,0.333,22.6
3515,5905,5902,1.333,0.333,14.2
3516,5907,5904,2.0,0.0,19.5
3517,5911,5908,1.5,0.5,13.4
3518,5913,5910,1.667,0.333,19.4
3519,5979,4240,1.714,0.238,9.6
3520,5981,5978,2.714,0.238,20.2
3521,5987,19056,1.714,0.238,14.4
3522,6073,7208,1.6,0.3,22.1
3523,6157,12456,2.0,0.0,10.7
3524,6419,14870,3.0,0.0,14.7
3525,6425,6422,2.0,0.0,14.6
3526,6445,23098,3.0,0.0,12.8
3527,6447,2324,2.0,0.333,30.2
3528,6471,17038,5.0,8.0,38.8
3529,6473,6470,1.5,0.5,15.8
3530,6497,27008,2.0,0.0,4.7
3531,6535,9052,1.667,0.333,14.2
3532,6551,6548,2.0,0.0,15.1
3533,6599,6606,2.0,0.0,12.9
3534,6601,5632,3.0,0.0,18.7
3535,6603,6600,2.0,0.0,8.2
3536,6607,6604,2.0,0.0,11.4
3537,6629,35806,2.0,0.0,12.6
3538,6689,27204,1.222,0.194,8.8
3539,6733,6774,3.0,0.0,15.5
3540,6735,6732,3.0,0.0,14.5
3541,6737,6734,3.0,0.0,14.6
3542,6775,2906,1.5,0.5,9.0
3543,6777,6774,3.0,0.0,15.8
3544,6879,6882,4.0,0.0,20.0
3545,6967,8804,4.0,0.0,18.8
3546,6969,6966,3.0,0.0,14.4
3547,6979,6970,2.0,0.0,7.2
3548,6989,15992,2.0,0.0,9.6
3549,7027,7024,2.0,0.0,5.2
3550,7131,36556,2.0,0.0,16.4
3551,7143,22214,1.5,0.5,10.0
3552,7159,7144,3.0,0.0,32.5
3553,7173,39674,2.0,0.0,8.0
3554,7185,5026,1.857,0.143,21.9
3555,7187,7184,1.286,0.238,15.0
3556,7189,7186,1.857,0.81,24.6
3557,7191,7188,1.167,0.167,10.9
3558,7193,7190,1.714,0.905,13.7
3559,7197,7194,1.143,0.143,13.9
3560,7203,7200,1.111,0.111,14.1
3561,7205,7244,4.0,0.0,22.3
3562,7211,5216,2.0,0.0,14.6
3563,7217,7214,1.5,0.5,15.0
3564,7221,7218,1.5,0.5,18.6
3565,7225,7238,3.5,0.5,34.4
3566,7241,22124,2.0,0.0,11.4
3567,7241,12304,2.0,0.0,17.9
3568,7257,7254,2.375,0.268,21.8
3569,7265,20392,5.0,0.0,36.1
3570,7387,35390,1.25,0.25,9.6
3571,7391,7388,4.5,0.333,50.5
3572,7401,7398,1.333,0.333,13.6
3573,7431,27986,2.0,0.0,14.4
3574,7459,28012,2.0,0.0,4.7
3575,7465,15230,4.0,0.0,20.0
3576,7465,26072,5.0,0.0,26.5
3577,7467,7464,3.0,2.0,26.0
3578,7469,7466,1.5,0.5,9.2
3579,7471,7468,3.0,0.0,22.7
3580,7483,14312,2.0,0.0,14.5
3581,7485,7482,5.0,0.0,32.6
3582,7485,13904,2.0,0.0,10.9
3583,7573,34598,2.0,0.0,11.1
3584,7575,14216,2.0,0.0,15.3
3585,7577,7574,2.0,0.0,12.9
3586,7579,7576,2.0,0.0,14.9
3587,7597,16524,1.375,0.268,17.1
3588,7599,33658,4.0,0.0,27.1
3589,7601,7598,5.0,0.0,21.3
3590,7603,7600,3.0,0.0,10.9
3591,7647,32028,2.0,0.0,6.6
3592,7649,7646,1.5,0.5,18.4
3593,7757,25394,2.0,0.0,14.1
3594,7759,7756,2.0,0.0,10.6
3595,7797,7758,2.0,0.0,14.3
3596,7899,12636,3.0,0.0,22.2
3597,7909,7906,7.0,0.0,13.8
3598,7909,19014,4.0,0.0,13.9
3599,7911,7908,7.0,0.0,14.7
3600,7913,7910,8.0,0.0,14.1
3601,7921,7918,2.0,0.0,11.1
3602,7925,7922,2.0,0.0,13.8
3603,7927,1214,2.0,0.0,7.6
3604,7927,7924,2.0,0.0,16.6
3605,7929,7926,2.0,0.0,13.5
3606,7933,7930,1.5,0.5,10.2
3607,7981,27902,2.0,0.0,9.7
3608,8025,22866,2.0,0.0,16.0
3609,8091,7246,4.0,0.0,33.3
3610,8143,33202,3.0,0.0,19.2
3611,8373,2776,2.0,0.0,9.8
3612,8375,8372,2.0,0.0,15.2
3613,8389,8386,2.0,0.0,12.0
3614,8567,37420,2.0,0.0,17.8
3615,8569,8566,3.0,0.0,30.1
3616,8575,8572,2.0,0.0,12.5
3617,8579,8576,2.0,0.0,15.0
3618,8721,29352,2.0,0.0,11.3
3619,8777,8774,2.0,0.0,14.9
3620,8805,35592,1.75,0.25,7.6
3621,8807,8804,3.0,0.0,23.2
3622,8809,8806,2.0,0.0,13.2
3623,8811,8808,3.0,0.0,14.4
3624,8825,16988,2.0,0.0,11.8
3625,8857,8814,2.0,0.0,15.7
3626,8859,8856,1.333,0.333,11.7
3627,8861,8858,2.0,0.0,16.1
3628,8865,8862,2.0,0.0,15.0
3629,8937,29386,2.0,0.0,14.1
3630,9049,25632,2.5,1.0,19.4
3631,9049,7202,3.857,0.143,20.0
3632,9055,27048,2.0,0.0,19.0
3633,9055,9052,2.0,0.571,23.5
3634,9185,31122,2.0,0.0,10.5
3635,9253,29906,2.0,0.0,8.7
3636,9255,9252,3.0,0.0,14.8
3637,9281,32308,2.0,0.0,14.9
3638,9283,9280,2.0,0.0,13.8
3639,9285,9282,2.0,0.0,9.7
3640,9287,9284,2.0,0.0,14.5
3641,9309,9286,2.0,0.0,14.4
3642,9447,15868,2.0,0.0,15.8
3643,9537,9534,2.0,0.0,10.4
3644,9543,9536,2.0,0.0,9.0
3645,9545,9542,2.0,0.0,14.5
3646,9551,9548,2.0,0.0,17.7
3647,9797,12608,2.0,0.0,18.1
3648,9807,21798,1.5,0.5,20.3
3649,9829,30548,3.0,0.0,36.2
3650,9837,30590,2.6,0.3,24.0
3651,9893,9890,2.0,0.0,14.3
3652,9895,9892,2.0,0.0,12.6
3653,9923,11756,1.5,0.5,16.1
3654,9955,9952,1.143,0.143,13.6
3655,9957,9954,1.143,0.143,16.6
3656,9975,9972,1.5,0.286,19.8
3657,9981,9974,1.125,0.125,14.0
3658,9989,9986,3.143,0.143,15.9
3659,9991,9996,3.429,2.286,24.2
3660,9993,9990,1.143,0.143,14.5
3661,10091,19842,3.333,1.333,20.8
3662,10093,10090,1.2,0.2,19.0
3663,10101,10098,2.0,0.0,23.0
3664,10167,41840,1.5,0.333,16.1
3665,10185,21888,2.0,0.0,4.8
3666,10185,10182,1.143,0.143,14.1
3667,10187,10184,1.375,0.268,17.1
3668,10229,156,3.0,0.0,16.4
3669,10239,16452,2.0,0.0,13.3
3670,10241,10250,2.0,0.0,9.9
3671,10243,10238,4.0,0.0,35.3
3672,10245,10242,2.0,0.0,13.9
3673,10251,10248,5.0,0.0,37.3
3674,10349,9916,3.625,1.125,41.4
3675,10383,10380,2.0,0.0,10.8
3676,10385,10382,3.0,0.0,16.0
3677,10503,4208,4.0,0.0,14.3
3678,10519,28930,2.0,0.0,5.6
3679,10549,7582,2.0,0.0,14.8
3680,10597,9998,3.0,0.667,21.5
3681,10597,41874,2.0,0.0,9.3
3682,10601,19900,3.0,0.667,14.3
3683,10601,336,5.273,1.418,46.0
3684,10709,21070,3.5,0.5,16.3
3685,10825,12236,1.333,0.333,21.4
3686,10833,10830,2.0,0.0,26.1
3687,10877,10874,2.5,0.5,29.9
3688,10885,21016,2.0,0.0,12.4
3689,10933,14476,3.0,0.0,19.6
3690,11021,3354,5.5,1.0,31.6
3691,11021,6070,2.0,0.0,17.2
3692,11023,28212,3.0,0.0,28.4
3693,11057,11088,3.0,0.0,14.6
3694,11083,22656,2.0,0.0,9.0
3695,11087,11084,2.0,0.0,11.6
3696,11089,11086,4.0,0.0,27.5
3697,11103,738,2.625,0.268,14.5
3698,11103,37714,4.0,0.0,24.7
3699,11105,11102,3.375,0.554,16.7
3700,11107,11978,2.0,0.0,14.2
3701,11111,19194,2.0,0.0,9.2
3702,11115,11112,2.0,0.0,14.5
3703,11117,11114,2.0,0.0,14.6
3704,11121,41804,2.0,0.0,13.7
3705,11123,11120,2.0,0.0,14.4
3706,11149,11146,1.2,0.2,14.4
3707,11229,19038,2.0,0.0,13.5
3708,11231,15714,2.25,0.25,13.9
3709,11233,11230,2.25,0.25,25.1
3710,11241,11238,1.75,0.25,11.3
3711,11277,17886,1.2,0.2,22.6
3712,11407,39984,2.0,0.0,9.7
3713,11421,14054,1.5,0.5,18.9
3714,11491,15944,2.0,0.0,22.7
3715,11497,11494,2.2,1.2,12.9
3716,11595,15902,4.0,0.0,43.1
3717,11595,19344,3.0,0.0,47.0
3718,11599,11618,2.4,0.3,35.0
3719,11603,11600,1.4,0.3,17.3
3720,11613,11610,1.2,0.2,13.6
3721,11645,7222,2.0,2.0,15.5
3722,11647,11644,1.5,0.5,25.0
3723,11651,11648,4.0,0.0,20.0
3724,11661,11658,2.25,0.25,28.2
3725,11663,17038,5.333,1.333,43.9
3726,11663,26984,5.333,0.333,32.1
3727,11677,11674,1.5,0.5,13.7
3728,11707,23832,3.0,0.0,14.3
3729,11823,10194,1.833,0.167,14.8
3730,11859,35340,2.0,0.0,8.4
3731,11879,33046,3.0,0.0,4.7
3732,11927,7468,3.0,0.0,21.9
3733,11979,24642,2.0,0.0,12.6
3734,11983,11980,1.4,0.3,25.4
3735,11993,11990,2.0,0.0,8.3
3736,12007,2962,1.333,0.333,9.2
3737,12009,12002,1.5,0.5,14.2
3738,12037,4924,2.333,0.333,24.4
3739,12055,9914,3.0,0.0,11.9
3740,12055,16986,2.0,0.0,29.6
3741,12057,16674,1.5,0.5,9.4
3742,12073,16306,2.0,0.0,12.1
3743,12079,11756,4.0,0.0,18.0
3744,12115,11422,2.0,0.0,13.5
3745,12119,12116,2.5,0.5,20.7
3746,12141,17874,5.0,0.0,30.9
3747,12189,12196,1.5,0.5,14.5
3748,12197,12194,2.0,0.0,26.2
3749,12257,12254,2.0,0.0,14.4
3750,12261,12258,2.0,0.0,12.7
3751,12293,28584,3.0,0.0,9.0
3752,12295,12292,5.0,0.0,11.2
3753,12303,12300,2.0,0.0,14.4
3754,12305,12302,2.0,0.0,10.9
3755,12321,8896,2.0,0.0,9.6
3756,12323,12320,2.0,0.0,14.2
3757,12325,12322,2.0,0.0,15.6
3758,12349,12346,2.0,0.0,13.9
3759,12351,12348,2.0,0.0,10.9
3760,12395,12390,1.333,0.267,19.0
3761,12397,12392,1.8,0.2,22.3
3762,12447,14176,3.0,0.0,35.1
3763,12475,33744,2.0,0.0,4.7
3764,12503,12514,4.0,0.0,8.2
3765,12511,12508,7.0,0.0,14.5
3766,12513,12510,4.0,0.0,9.0
3767,12515,12512,7.0,0.0,13.4
3768,12527,7594,2.0,0.0,16.2
3769,12539,15752,1.5,0.5,12.1
3770,12539,16500,2.0,0.0,20.9
3771,12571,22550,2.0,0.0,14.6
3772,12591,11124,2.0,0.0,12.1
3773,12605,35952,1.5,0.5,17.0
3774,12611,12608,4.0,0.0,18.9
3775,12755,19178,2.0,0.0,16.0
3776,13187,34482,2.0,0.0,4.7
3777,13307,13304,1.5,0.5,19.6
3778,13411,34712,2.0,0.0,4.7
3779,13445,15496,2.0,0.0,15.9
3780,13611,19706,3.0,0.0,13.9
3781,13641,8374,3.0,0.0,21.1
3782,13643,13640,2.0,0.0,13.9
3783,13645,36512,2.0,0.0,14.2
3784,13655,22572,2.0,0.0,18.0
3785,13657,13654,2.0,0.0,14.3
3786,13659,13656,2.0,0.0,14.6
3787,13793,13790,2.0,0.0,14.7
3788,13871,32882,1.333,0.333,9.4
3789,13871,11750,2.0,0.0,14.7
3790,13873,13870,2.0,0.0,15.4
3791,13877,13874,1.25,0.25,10.4
3792,13879,13876,1.5,0.5,10.4
3793,13907,94,2.0,0.0,25.8
3794,13933,13930,2.0,0.0,3.8
3795,14123,19710,2.0,0.0,7.0
3796,14123,16,5.0,0.0,28.9
3797,14139,14136,2.0,0.0,17.5
3798,14141,14138,2.0,0.0,11.0
3799,14147,37486,2.0,0.0,10.6
3800,14149,14146,2.0,0.0,14.5
3801,14157,14154,2.0,0.0,14.2
3802,14173,14170,2.0,0.0,19.7
3803,14193,36400,2.0,0.0,16.8
3804,14195,14192,2.0,0.0,14.5
3805,14199,14196,2.0,0.0,15.4
3806,14215,27710,2.0,0.0,11.2
3807,14217,14214,1.333,0.333,5.0
3808,14257,14254,1.357,0.247,18.4
3809,14261,35814,2.0,0.0,14.2
3810,14261,14258,1.357,0.247,17.4
3811,14297,14294,2.0,0.0,10.4
3812,14303,9922,5.5,0.5,37.8
3813,14305,14302,2.5,0.5,17.8
3814,14307,14304,2.0,0.0,10.4
3815,14309,14306,2.0,0.0,10.4
3816,14311,14308,2.0,0.0,14.4
3817,14313,14310,2.0,0.0,10.4
3818,14343,35842,2.0,0.0,4.7
3819,14347,150,2.0,0.0,9.4
3820,14385,31462,3.0,0.0,13.5
3821,14405,30596,2.0,0.0,26.0
3822,14433,33872,1.5,0.5,17.8
3823,14437,5724,2.0,0.0,18.5
3824,14469,26332,2.0,0.0,16.5
3825,14471,14468,1.5,0.5,10.4
3826,14521,14518,2.0,0.0,14.6
3827,14553,14550,2.0,0.0,15.3
3828,14663,4090,2.0,0.0,10.1
3829,14665,14662,2.0,0.0,18.2
3830,14725,14722,2.0,0.0,14.6
3831,14749,29732,3.0,0.0,19.5
3832,14755,14748,2.0,0.0,8.8
3833,14771,14754,2.0,0.0,9.0
3834,14785,14770,4.0,0.0,14.2
3835,14795,14792,3.0,0.0,15.0
3836,14823,40792,3.0,0.0,14.5
3837,14907,36110,4.0,0.0,3.5
3838,14911,11984,2.0,0.0,45.6
3839,14917,28640,3.0,0.0,18.8
3840,14969,36564,2.0,0.0,4.7
3841,14973,29056,2.0,0.0,14.0
3842,14977,25476,2.0,0.0,16.1
3843,14979,14976,3.0,0.0,19.8
3844,15181,9836,2.0,0.0,13.5
3845,15195,7606,2.0,0.0,10.6
3846,15225,13540,3.0,1.5,39.5
3847,15227,15228,1.8,0.2,26.5
3848,15233,10604,1.133,0.124,14.8
3849,15263,36888,2.0,0.0,4.7
3850,15267,36910,3.0,0.0,14.5
3851,15273,15262,2.0,0.0,9.2
3852,15275,36918,4.0,0.0,14.3
3853,15327,32710,3.0,0.0,14.7
3854,15377,8864,2.0,0.0,19.3
3855,15473,37158,2.0,0.0,5.3
3856,15497,7582,2.0,0.0,14.8
3857,15499,628,3.143,0.143,19.0
3858,15501,15498,1.667,0.267,6.9
3859,15503,15500,3.0,0.0,14.3
3860,15505,15502,3.0,0.0,15.5
3861,15507,15504,4.0,0.0,16.8
3862,15507,37204,2.0,0.0,4.7
3863,15509,15506,3.0,0.0,18.8
3864,15513,17244,7.4,0.3,63.2
3865,15581,37298,3.0,0.0,8.4
3866,15593,15590,2.0,0.0,9.7
3867,15597,15594,2.0,0.0,9.8
3868,15705,12262,2.0,0.0,17.4
3869,15713,11498,1.75,0.25,23.7
3870,15715,15710,1.5,0.333,12.9
3871,15747,12396,2.333,2.333,25.1
3872,15749,14870,1.5,0.5,13.1
3873,15755,10596,1.7,0.233,20.0
3874,15869,15880,3.5,0.5,24.0
3875,15873,37610,2.0,0.0,4.7
3876,15875,15872,2.0,0.0,14.7
3877,15877,15874,2.0,0.0,14.0
3878,15879,15876,2.0,0.0,16.0
3879,15881,15878,5.0,0.0,40.7
3880,15899,15234,4.0,0.0,28.0
3881,15905,15234,3.385,0.756,29.5
3882,15907,15916,2.0,0.0,11.9
3883,15945,16066,5.4,0.8,36.1
3884,15947,738,4.5,1.5,27.8
3885,15949,19548,3.0,0.0,12.8
3886,15955,19194,2.0,0.0,14.4
3887,15993,15990,2.0,0.0,14.4
3888,16211,16208,1.25,0.25,18.1
3889,16223,16220,2.0,2.0,13.5
3890,16225,16222,1.5,0.5,14.0
3891,16237,10080,2.5,0.5,13.1
3892,16247,16244,1.5,0.5,10.4
3893,16249,16246,3.0,2.0,21.8
3894,16349,16346,1.25,0.25,16.7
3895,16383,32132,2.0,0.0,9.4
3896,16385,16382,2.0,0.0,10.3
3897,16395,24864,3.0,0.0,22.1
3898,16395,5610,2.0,0.0,32.8
3899,16433,7464,4.5,0.5,28.2
3900,16453,21908,3.0,0.0,22.0
3901,16525,32300,2.25,0.214,31.9
3902,16693,16690,2.0,0.0,14.6
3903,16709,7160,3.0,0.0,19.5
3904,16711,16708,3.0,0.0,14.2
3905,16813,31016,2.0,0.667,11.1
3906,16815,16812,2.5,0.333,13.6
3907,16873,15326,6.0,0.0,29.0
3908,16927,15972,4.5,0.5,33.2
3909,16945,12160,2.0,0.0,29.6
3910,16947,2846,1.5,0.333,20.0
3911,16957,16954,2.0,0.0,19.6
3912,16959,16956,2.0,0.0,13.4
3913,16967,38904,3.0,0.0,21.6
3914,16991,23734,2.0,0.0,9.7
3915,17003,17016,2.0,0.0,18.1
3916,17007,38974,2.0,0.0,9.2
3917,17041,21364,4.667,0.667,34.6
3918,17067,5394,1.5,0.333,15.3
3919,17235,5912,2.667,0.333,18.6
3920,17237,5036,2.0,4.0,3.7
3921,17257,2922,3.0,0.0,23.4
3922,17265,11856,2.0,0.0,28.0
3923,17273,4490,2.6,1.8,24.4
3924,17291,17288,3.0,0.0,16.7
3925,17293,19142,2.8,1.2,21.9
3926,17363,24672,3.0,0.0,14.1
3927,17383,8520,6.0,0.0,40.2
3928,17385,17382,2.0,0.0,15.1
3929,17793,6554,2.0,0.0,12.7
3930,17929,17924,2.0,0.0,9.2
3931,18035,15370,5.5,0.5,38.6
3932,18039,18036,1.5,0.5,10.4
3933,18045,12020,3.0,2.0,15.6
3934,18049,12012,6.0,0.0,48.0
3935,18049,20982,2.0,0.0,8.9
3936,18051,35536,7.0,0.0,36.5
3937,18443,40632,2.0,0.0,4.7
3938,18445,10708,3.0,0.0,15.1
3939,18461,40650,2.0,0.0,4.7
3940,18467,18474,2.0,0.0,8.4
3941,18479,40792,4.833,1.367,46.8
3942,18487,18482,2.833,0.967,21.9
3943,18563,17006,2.0,0.0,8.3
3944,18633,632,1.333,0.267,14.6
3945,18761,18758,2.0,0.0,10.2
3946,18825,14200,2.0,0.0,12.6
3947,18919,11116,2.0,0.0,14.6
3948,18929,39296,4.0,0.0,16.4
3949,19027,30220,2.0,0.0,13.6
3950,19029,19026,2.0,0.0,14.1
3951,19031,19028,2.0,0.0,10.9
3952,19033,19030,2.0,0.0,11.2
3953,19039,11110,3.0,0.0,20.3
3954,19057,11124,2.429,0.286,19.9
3955,19097,19094,4.0,0.0,17.1
3956,19099,19096,3.0,0.0,14.4
3957,19101,19098,3.0,0.0,14.8
3958,19111,19112,3.0,0.0,12.5
3959,19143,19144,1.4,0.3,19.4
3960,19167,15936,1.5,0.5,13.6
3961,19195,11122,2.0,0.0,17.0
3962,19285,17264,2.6,1.8,28.7
3963,19345,5728,1.667,0.333,22.3
3964,19427,14822,4.0,0.0,19.9
3965,19455,19452,2.0,0.0,24.2
3966,19457,19454,2.0,0.0,22.5
3967,19595,35560,3.5,0.5,29.6
3968,19677,25856,2.5,1.0,23.9
3969,19679,20258,3.5,1.0,22.9
3970,19681,25896,6.571,1.619,54.3
3971,19683,25896,3.0,0.0,34.3
3972,19685,25856,4.0,0.0,49.1
3973,19687,19690,1.222,0.194,16.0
3974,19689,19696,3.5,4.5,35.4
3975,19693,19696,8.0,0.0,47.5
3976,19697,12238,2.333,0.333,32.7
3977,19709,25858,4.0,0.0,17.6
3978,19713,26200,2.0,0.0,18.7
3979,19717,35774,3.0,0.0,13.2
3980,19723,19724,2.0,0.0,11.7
3981,19725,19726,1.333,0.333,14.7
3982,19731,25408,2.0,0.0,26.5
3983,19761,22700,2.5,0.333,15.6
3984,19769,21920,3.0,0.0,10.3
3985,19785,19786,8.0,0.0,14.5
3986,19787,20982,9.0,0.0,50.5
3987,19815,25586,3.0,0.0,40.0
3988,19819,5014,2.167,0.167,19.1
3989,19901,40170,1.4,0.3,18.8
3990,19935,19940,2.0,0.0,16.0
3991,19971,28572,4.0,1.6,28.9
3992,19977,31532,5.111,1.861,45.9
3993,20017,450,1.5,0.5,7.6
3994,20123,23542,2.0,0.0,7.3
3995,20147,730,1.5,0.5,6.5
3996,20227,20228,2.0,0.0,14.4
3997,20229,32476,1.5,0.5,13.4
3998,20257,25824,3.857,2.143,28.6
3999,20261,25818,3.8,2.7,34.4
4000,20261,25792,3.0,0.0,10.8
4001,20277,39454,1.5,0.5,9.3
4002,20313,20314,1.167,0.167,15.4
4003,20317,40848,1.167,0.167,14.4
4004,20325,36862,2.333,0.333,8.1
4005,20325,638,2.0,0.0,4.7
4006,20335,654,2.0,0.0,11.8
4007,20339,20332,2.0,0.0,14.4
4008,20341,648,3.0,0.0,13.5
4009,20343,20344,3.0,0.667,14.4
4010,20345,20346,3.5,0.333,14.4
4011,20347,20324,3.25,0.25,14.5
4012,20357,664,3.0,0.0,15.7
4013,20403,20404,3.0,0.0,14.4
4014,20421,37714,3.0,1.333,24.9
4015,20423,20424,4.333,0.333,23.2
4016,20423,20428,3.5,4.333,11.9
4017,20427,32770,2.0,0.0,20.6
4018,20439,35410,1.444,0.278,17.7
4019,20443,4974,3.0,0.0,35.0
4020,20445,37006,1.222,0.194,14.1
4021,20447,17250,1.556,0.278,20.0
4022,20453,31780,1.25,0.25,14.1
4023,20455,37010,1.5,0.333,11.9
4024,20457,20458,2.0,0.667,8.4
4025,20459,20460,1.5,0.333,14.9
4026,20463,20464,2.0,0.0,25.8
4027,20467,25412,3.5,0.3,41.1
4028,20711,20712,3.0,0.0,14.4
4029,20713,20714,3.0,0.0,13.8
4030,20715,33098,3.0,0.0,16.5
4031,20895,20916,2.0,0.0,14.4
4032,20917,20938,3.0,0.0,14.4
4033,20939,20942,2.0,0.0,14.4
4034,20943,20944,3.0,0.0,14.4
4035,20945,20946,3.0,0.0,14.4
4036,20981,182,6.0,0.0,42.0
4037,20999,21000,5.0,0.0,14.4
4038,21001,1206,2.0,0.0,4.7
4039,21033,40440,2.5,0.5,22.6
4040,21071,39040,3.5,0.5,19.4
4041,21083,21084,1.286,0.238,17.1
4042,21085,39042,3.429,1.952,26.4
4043,21185,21234,1.5,0.5,9.0
4044,21243,36846,5.0,0.0,38.9
4045,21259,21260,2.333,0.267,22.3
4046,21261,21262,1.167,0.167,14.8
4047,21265,21010,3.0,1.2,22.6
4048,21275,27802,1.2,0.2,13.4
4049,21365,41906,2.5,0.5,31.6
4050,21365,21366,3.0,0.0,32.8
4051,21367,5018,4.0,2.0,34.8
4052,21367,25412,5.0,0.0,34.6
4053,21379,31832,2.0,0.0,15.0
4054,21451,19976,2.556,4.028,14.2
4055,21455,29930,3.5,1.5,31.7
4056,21455,32712,2.8,0.7,14.0
4057,21465,32164,2.8,12.2,13.0
4058,21473,21474,2.917,0.265,31.1
4059,21475,33406,1.083,0.083,9.8
4060,21505,20438,1.333,0.267,10.6
4061,21511,24186,2.0,0.0,9.4
4062,21511,21374,1.5,0.5,23.7
4063,21541,21542,2.0,0.0,19.4
4064,21543,35466,2.0,0.0,14.8
4065,21577,21578,2.333,0.333,10.8
4066,21655,1726,2.0,0.0,14.2
4067,21699,1826,2.0,0.0,4.7
4068,21833,38896,1.3,0.233,15.3
4069,21837,16432,5.0,0.0,22.2
4070,21875,21836,2.0,0.0,9.0
4071,21923,21924,2.0,0.0,13.9
4072,21953,21954,2.0,0.0,5.0
4073,21961,22108,2.0,0.0,15.4
4074,21961,2130,2.0,0.0,13.9
4075,21989,33500,2.0,0.0,7.2
4076,21995,21996,2.0,0.0,21.9
4077,22001,10166,1.333,0.333,14.8
4078,22111,22112,2.0,0.0,14.7
4079,22113,22114,2.0,0.0,13.7
4080,22119,21984,2.0,0.0,8.1
4081,22129,33426,2.0,0.0,12.3
4082,22131,22116,2.0,0.0,15.5
4083,22133,22134,2.0,0.0,13.0
4084,22181,16624,2.5,0.5,18.1
4085,22181,23554,2.0,0.0,25.3
4086,22219,22220,1.5,0.5,9.9
4087,22221,35912,2.5,0.5,20.4
4088,22227,22228,2.0,1.5,21.8
4089,22231,27754,1.2,0.2,13.8
4090,22235,23596,1.5,0.5,7.3
4091,22257,22258,2.0,0.0,23.4
4092,22257,34648,5.0,18.0,7.9
4093,22259,13644,1.5,0.5,5.6
4094,22277,22278,2.0,0.0,10.3
4095,22301,2262,2.0,0.0,4.7
4096,22307,22300,2.0,0.0,9.1
4097,22343,11502,5.0,0.0,34.5
4098,22367,26960,1.4,0.3,30.4
4099,22369,24710,3.4,0.3,48.8
4100,22415,22416,1.5,0.5,15.8
4101,22423,22424,1.5,0.5,15.8
4102,22429,22430,1.75,0.25,8.6
4103,22431,20450,2.6,0.3,26.1
4104,22445,2396,1.4,0.3,9.4
4105,22483,2442,2.0,0.0,15.1
4106,22513,36400,3.0,0.0,22.2
4107,22535,22536,2.0,0.0,30.0
4108,22541,10224,2.0,0.0,9.1
4109,22543,22544,3.0,0.0,13.9
4110,22545,22546,3.0,0.0,17.0
4111,22547,24876,2.0,0.0,9.2
4112,22551,37248,2.0,0.0,14.4
4113,22553,41250,2.0,0.0,15.4
4114,22561,22562,1.333,0.333,14.4
4115,22563,29766,5.667,1.333,62.6
4116,22569,22570,3.0,0.0,23.1
4117,22577,30746,2.0,0.0,27.8
4118,22577,30738,2.0,0.5,27.2
4119,22581,35974,4.0,2.0,25.6
4120,22581,37848,4.5,0.5,29.9
4121,22585,38894,1.143,0.143,17.2
4122,22637,22638,2.2,0.2,29.6
4123,22639,37846,1.2,0.2,13.0
4124,22663,22664,2.0,0.0,10.4
4125,22697,22694,2.0,0.0,9.0
4126,22701,2762,3.0,0.0,13.7
4127,22701,22702,3.5,0.5,17.2
4128,22701,2770,3.0,0.0,14.9
4129,22703,22860,2.0,0.0,14.0
4130,22715,2630,2.0,0.0,4.7
4131,22731,22732,3.0,0.0,14.3
4132,22731,2644,2.0,0.0,14.2
4133,22763,22764,1.8,0.2,14.8
4134,22765,22766,1.4,0.3,13.4
4135,22767,22768,1.2,0.2,9.7
4136,22769,22770,1.2,0.2,8.8
4137,22771,36084,2.0,0.0,15.2
4138,22855,37612,2.0,0.0,9.2
4139,22867,28918,2.0,0.0,14.4
4140,22925,23076,3.0,2.0,23.6
4141,22925,28646,3.0,0.0,20.7
4142,22937,2858,2.0,0.0,16.6
4143,22955,22956,1.25,0.25,6.4
4144,22957,30194,1.25,0.25,10.7
4145,22961,38852,2.0,0.0,20.1
4146,22979,22980,2.0,0.0,32.1
4147,22987,25240,2.0,0.0,21.0
4148,23037,28952,1.5,0.5,8.5
4149,23037,26198,1.846,0.141,21.5
4150,23057,20258,3.0,0.0,16.8
4151,23063,39276,2.0,0.0,23.4
4152,23077,39774,2.0,0.0,27.7
4153,23077,36878,3.0,2.0,23.6
4154,23101,33176,2.0,0.0,8.9
4155,23423,19784,7.0,0.0,17.9
4156,23515,32024,4.429,0.952,32.7
4157,23527,23528,2.0,0.0,19.8
4158,23555,3396,2.0,1.0,9.3
4159,23581,16626,2.0,0.0,14.0
4160,23591,23620,2.0,0.0,14.3
4161,23597,23598,1.5,0.5,10.5
4162,23599,23606,1.5,0.5,10.8
4163,23607,23608,2.0,0.0,12.4
4164,23609,23610,1.5,0.5,10.1
4165,23611,23612,2.0,0.0,14.8
4166,23617,23618,2.0,0.0,9.2
4167,23617,8028,2.0,0.0,15.6
4168,23619,23600,2.0,0.0,12.4
4169,23621,23622,2.0,0.0,18.2
4170,23649,3488,2.0,0.0,4.7
4171,23737,37704,1.4,0.3,18.8
4172,23799,40222,2.5,0.5,11.9
4173,23833,23504,2.0,0.0,12.6
4174,23985,23986,2.0,0.0,7.2
4175,23991,3760,2.0,0.0,4.7
4176,23995,39280,2.0,0.0,12.1
4177,24129,14260,2.0,0.0,16.5
4178,24187,25004,2.0,0.0,10.5
4179,24341,24342,1.167,0.167,5.4
4180,24343,24344,2.375,1.125,22.8
4181,24345,24346,1.125,0.125,13.6
4182,24347,24348,1.167,0.167,7.9
4183,24349,25350,5.0,1.714,38.3
4184,24373,36234,2.0,0.0,14.5
4185,24387,4490,2.0,0.0,11.2
4186,24387,39292,3.667,0.333,24.8
4187,24407,25308,1.889,0.111,21.3
4188,24409,24410,2.0,0.0,14.7
4189,24413,24414,3.0,0.0,15.2
4190,24415,24416,4.0,0.0,30.1
4191,24417,3414,2.0,0.0,10.8
4192,24421,24436,2.0,0.0,20.0
4193,24461,24462,1.5,0.5,16.8
4194,24551,24552,6.0,0.0,27.3
4195,24553,18928,4.0,0.0,15.9
4196,24555,24556,3.0,0.0,14.6
4197,24557,24558,3.0,0.0,14.4
4198,24573,24574,4.0,0.0,14.4
4199,24575,24550,8.0,0.0,37.0
4200,24615,39294,3.0,0.0,13.8
4201,24643,17362,4.0,0.0,25.1
4202,24673,38522,2.0,0.0,15.3
4203,24801,39292,2.75,0.917,23.9
4204,24801,32124,2.0,0.0,6.2
4205,24805,39192,2.0,0.0,20.8
4206,24817,33898,2.0,0.0,18.2
4207,25005,25006,3.0,0.0,14.4
4208,25007,25008,2.0,0.0,14.4
4209,25009,25010,3.0,0.0,14.4
4210,25011,25012,2.0,0.0,14.4
4211,25213,19560,1.857,1.143,21.7
4212,25317,12142,1.5,0.5,21.1
4213,25349,31300,1.5,0.5,11.5
4214,25351,25352,1.2,0.178,14.2
4215,25353,25354,2.0,1.111,11.8
4216,25355,25356,1.1,0.1,14.0
4217,25357,25358,1.2,0.178,13.5
4218,25359,25942,4.333,0.333,50.1
4219,25359,31066,4.286,0.571,50.8
4220,25365,25366,1.667,0.267,19.5
4221,25367,25392,1.5,0.5,9.6
4222,25367,38998,4.5,1.0,39.4
4223,25369,41938,1.667,0.267,7.0
4224,25379,25362,3.0,1.2,21.7
4225,25391,25350,2.0,0.0,6.0
4226,25393,39002,4.0,2.0,36.6
4227,25397,25388,2.0,0.0,15.3
4228,25407,39264,2.0,0.0,19.1
4229,25411,25392,5.333,0.333,36.6
4230,25417,25418,1.556,0.278,18.3
4231,25421,27736,1.571,0.286,20.9
4232,25449,32304,2.143,1.476,17.0
4233,25451,41890,1.333,0.333,14.8
4234,25453,40440,5.5,1.0,43.5
4235,25455,25456,2.0,0.0,15.0
4236,25457,25464,3.0,0.0,24.0
4237,25459,25460,2.0,0.0,12.5
4238,25463,35622,2.0,0.0,19.3
4239,25463,35630,2.0,0.0,14.5
4240,25469,25470,2.0,0.0,16.2
4241,25473,25474,2.0,0.0,13.5
4242,25475,25476,2.0,0.0,15.8
4243,25477,25458,2.0,2.0,14.4
4244,25481,15748,3.0,0.0,21.3
4245,25545,16814,1.25,0.25,7.4
4246,25561,38948,1.333,0.333,15.9
4247,25569,25904,2.0,0.0,22.7
4248,25573,25574,1.2,0.2,13.4
4249,25605,25606,2.0,0.0,17.0
4250,25609,23102,2.0,0.0,29.7
4251,25633,25634,1.2,0.2,18.4
4252,25635,27764,1.2,0.2,14.5
4253,25779,25780,2.0,0.0,32.6
4254,25793,34950,3.0,0.0,13.2
4255,25821,25822,3.833,2.167,32.7
4256,25827,25858,4.444,2.778,34.5
4257,25849,25850,2.2,1.7,20.5
4258,25855,20664,1.2,0.2,13.0
4259,25861,19686,2.333,0.75,19.6
4260,25861,2916,2.0,0.0,13.9
4261,25881,25882,1.5,0.5,13.4
4262,25883,25552,2.5,4.5,16.3
4263,25885,25886,2.0,0.0,31.7
4264,25889,25890,2.0,0.0,25.3
4265,25897,25898,1.125,0.125,10.3
4266,25909,25910,2.0,0.0,28.1
4267,25929,25930,1.5,0.5,13.6
4268,25931,25906,1.5,0.5,13.2
4269,25933,25934,1.125,0.125,22.5
4270,25943,40216,2.0,0.0,9.0
4271,25943,12016,6.0,0.0,39.3
4272,26003,26004,1.5,0.333,17.7
4273,26005,26006,1.5,0.333,16.1
4274,26011,26012,2.0,0.0,15.8
4275,26073,38240,2.083,0.083,32.9
4276,26197,35274,2.0,0.0,19.9
4277,26201,35274,1.667,0.333,22.4
4278,26203,36876,2.0,0.0,24.5
4279,26327,26328,2.0,0.0,18.5
4280,26331,5028,2.0,0.0,18.6
4281,26343,5872,5.0,0.0,37.7
4282,26369,26370,2.0,0.0,22.3
4283,26373,26374,2.0,0.0,19.5
4284,26377,26378,1.5,0.5,13.4
4285,26379,26380,2.0,0.0,19.6
4286,26381,39252,3.5,0.5,18.6
4287,26447,26448,3.0,0.0,20.7
4288,26449,17360,2.0,0.0,9.0
4289,26541,3354,3.0,0.0,18.0
4290,26545,26546,1.111,0.111,13.9
4291,26603,26604,2.0,0.0,10.4
4292,26605,26606,2.0,0.0,14.6
4293,26607,26608,2.0,0.0,17.9
4294,26609,39256,2.0,0.0,14.2
4295,26643,26644,2.0,0.0,13.8
4296,26645,26646,3.0,0.0,18.1
4297,26647,36574,2.0,0.0,10.4
4298,26679,26680,1.143,0.143,13.1
4299,26681,20462,2.0,0.0,20.6
4300,26683,26684,2.0,0.0,8.0
4301,26685,26686,2.0,0.0,8.2
4302,26687,33322,2.5,0.5,13.8
4303,26995,26996,2.0,0.0,27.4
4304,27009,38854,2.0,0.0,14.3
4305,27019,21816,2.0,0.0,14.5
4306,27051,40330,2.0,0.0,8.7
4307,27061,27062,2.0,0.0,9.8
4308,27063,27064,2.0,0.0,15.2
4309,27143,27144,1.333,0.333,14.0
4310,27149,27150,2.0,0.0,14.5
4311,27191,27192,2.0,0.0,14.4
4312,27193,27194,2.0,0.0,14.6
4313,27195,22272,2.0,0.0,13.7
4314,27197,6676,2.0,0.0,14.2
4315,27205,32730,1.333,0.25,13.6
4316,27379,17134,2.333,0.267,27.5
4317,27389,27390,2.0,0.0,10.6
4318,27391,19900,7.0,0.0,51.2
4319,27455,27480,3.0,0.0,14.2
4320,27463,6980,4.0,0.0,14.2
4321,27481,27482,3.0,0.0,14.4
4322,27483,27484,3.0,0.0,14.4
4323,27487,8804,4.5,0.5,18.6
4324,27529,15752,2.0,0.0,22.2
4325,27591,41936,2.0,0.4,11.1
4326,27593,25360,4.667,1.067,38.5
4327,27603,22716,6.0,0.0,26.9
4328,27651,27652,2.0,0.0,14.2
4329,27655,27656,2.0,0.0,8.4
4330,27711,27712,1.333,0.333,10.6
4331,27713,27714,1.333,0.333,10.4
4332,27715,27716,1.333,0.333,10.5
4333,27717,27718,1.667,0.333,10.6
4334,27719,27720,1.333,0.333,10.3
4335,27721,27722,3.5,0.5,25.8
4336,27721,22716,3.0,0.0,23.0
4337,27723,27724,1.5,0.5,10.4
4338,27725,22730,2.0,0.0,10.8
4339,27737,27738,1.143,0.143,14.9
4340,27739,27740,2.0,0.0,24.8
4341,27743,27744,1.714,0.905,13.6
4342,27755,27756,1.2,0.2,14.1
4343,27757,29728,4.75,0.917,33.4
4344,27757,25632,3.0,0.0,56.0
4345,27763,26542,1.556,0.278,21.8
4346,27769,27770,1.2,0.2,14.8
4347,27777,32758,2.6,0.8,15.1
4348,27783,27784,1.5,0.333,14.3
4349,27789,37470,4.25,0.25,25.5
4350,27791,16350,2.0,0.0,5.9
4351,27791,25420,3.286,1.238,20.8
4352,27793,27778,3.25,0.25,34.7
4353,27793,35068,4.0,0.0,38.1
4354,27799,27758,2.0,0.0,22.3
4355,27799,34678,4.0,0.0,19.7
4356,27801,35442,3.0,0.0,13.8
4357,27801,28686,5.0,0.0,36.3
4358,27809,27810,2.8,1.2,21.8
4359,27817,21560,3.0,0.0,38.3
4360,27903,27904,3.0,0.0,21.2
4361,27905,27906,2.0,0.0,12.4
4362,27927,27928,2.0,0.0,14.6
4363,27957,29062,2.0,0.0,12.8
4364,27963,27926,2.0,0.0,14.3
4365,27989,27990,2.0,0.0,14.2
4366,27991,4136,2.0,0.0,15.7
4367,28133,7572,2.0,0.0,4.7
4368,28195,28196,2.0,0.0,5.0
4369,28197,28198,3.0,0.0,5.0
4370,28211,32772,1.833,0.167,28.3
4371,28213,28214,2.0,0.0,18.1
4372,28217,28218,2.0,0.0,13.0
4373,28495,15580,3.0,0.0,16.4
4374,28525,28532,3.0,0.0,21.0
4375,28531,17256,3.0,0.0,16.9
4376,28531,25398,5.0,0.0,28.7
4377,28539,28540,2.0,0.0,22.9
4378,28559,7932,2.5,0.5,22.3
4379,28577,30118,2.0,0.0,14.2
4380,28585,28586,2.0,0.0,5.0
4381,28589,28590,4.0,0.0,11.0
4382,28657,28658,2.0,0.0,22.6
4383,28659,28660,1.333,0.333,19.4
4384,28665,32028,4.0,2.0,32.2
4385,28665,28212,6.0,0.0,2.5
4386,28719,34620,3.0,0.0,15.6
4387,28931,28932,2.0,0.0,13.6
4388,28941,3724,3.0,0.0,34.6
4389,29041,29042,2.0,0.0,14.0
4390,29045,29046,2.0,0.0,19.5
4391,29047,29048,2.0,0.0,14.8
4392,29049,8450,2.0,0.0,18.7
4393,29057,29058,2.0,0.0,16.1
4394,29059,29040,2.0,0.0,13.5
4395,29065,23064,3.0,0.0,26.0
4396,29139,29140,2.0,0.0,10.6
4397,29141,29142,2.0,0.0,9.7
4398,29215,31424,4.0,0.0,14.2
4399,29259,29260,1.5,0.5,10.4
4400,29261,29264,1.5,0.5,10.4
4401,29265,29266,1.5,0.5,13.3
4402,29267,29268,2.0,0.0,19.1
4403,29273,29274,1.333,0.333,10.6
4404,29415,29770,2.333,0.333,28.7
4405,29445,29446,1.333,0.333,10.4
4406,29461,33574,2.0,0.0,15.4
4407,29569,29544,2.0,0.0,10.4
4408,29583,29460,4.0,0.0,28.7
4409,29585,29586,1.333,0.333,10.4
4410,29587,29588,2.0,0.0,15.0
4411,29589,10194,2.0,0.0,10.3
4412,29589,12118,2.0,0.0,15.8
4413,29591,8930,2.0,0.0,4.7
4414,29657,29662,2.0,0.0,14.3
4415,29663,29624,2.0,0.0,14.4
4416,29713,10994,2.0,0.0,9.2
4417,29731,29732,1.167,0.167,14.6
4418,29733,29734,1.857,0.476,22.7
4419,29773,36016,2.0,0.0,13.9
4420,29783,33238,4.4,1.3,31.2
4421,29907,29908,2.0,0.0,10.6
4422,29911,29912,2.0,0.0,14.1
4423,29917,41942,2.0,0.0,13.5
4424,29931,21456,2.0,0.0,28.4
4425,29999,36876,2.0,0.0,21.5
4426,30173,22568,2.0,0.0,14.7
4427,30213,41228,2.0,0.0,10.4
4428,30225,30226,2.0,0.0,10.4
4429,30227,7908,3.0,0.0,9.6
4430,30381,37304,2.0,0.0,7.5
4431,30549,23036,3.0,0.0,29.1
4432,30551,23090,2.0,0.0,25.3
4433,30553,30558,3.0,0.0,14.5
4434,30559,30560,1.333,0.333,6.6
4435,30561,30562,3.0,0.0,11.4
4436,30561,30566,3.0,0.0,11.9
4437,30575,21678,3.0,0.0,12.8
4438,30595,35912,1.6,0.3,25.9
4439,30597,37182,2.0,0.0,13.4
4440,30601,37190,2.0,0.0,10.6
4441,30689,33814,2.2,0.2,36.2
4442,30713,39186,6.0,0.0,40.8
4443,30713,35974,5.0,0.0,29.2
4444,30723,9914,5.0,0.0,27.8
4445,30723,16986,2.0,0.0,10.6
4446,30725,33908,2.0,0.0,29.6
4447,30725,29768,5.0,0.0,32.4
4448,30727,32544,3.0,2.0,26.8
4449,30731,25892,6.0,2.0,54.5
4450,30735,33908,3.0,2.0,29.4
4451,30737,30740,4.4,0.3,25.6
4452,30745,38950,2.0,0.0,9.0
4453,30745,23734,1.5,0.333,21.8
4454,30747,35976,1.25,0.25,14.0
4455,30749,31228,3.5,0.5,41.3
4456,30753,21258,2.6,0.3,34.5
4457,30755,9916,4.0,0.0,18.6
4458,30755,31228,2.333,1.333,11.9
4459,30761,30762,2.0,2.0,14.4
4460,30763,30764,1.5,0.5,14.1
4461,30771,35442,5.5,0.5,38.4
4462,30773,32990,5.4,0.8,46.9
4463,30775,30772,1.8,1.7,13.7
4464,30777,38542,5.5,0.7,44.2
4465,30783,33286,6.0,0.0,52.2
4466,30793,30794,1.167,0.167,13.6
4467,30795,30796,1.143,0.143,16.6
4468,30813,30814,1.444,0.278,19.6
4469,30823,25416,3.778,0.694,26.6
4470,30827,30828,2.333,1.067,16.0
4471,30831,30832,1.125,0.125,13.9
4472,30837,30830,4.0,0.0,22.4
4473,30839,41874,5.0,0.0,31.8
4474,30839,37470,5.667,1.467,50.8
4475,30937,22932,3.333,1.333,21.0
4476,30939,22140,1.333,0.333,22.9
4477,30939,30936,1.667,0.333,23.3
4478,30941,22930,2.5,4.5,21.4
4479,30941,22926,4.0,0.0,13.2
4480,30947,25636,3.0,2.0,28.4
4481,30957,30960,1.5,0.333,18.9
4482,30959,30956,2.5,3.0,21.8
4483,30967,30968,2.0,0.0,23.1
4484,31017,31018,2.75,0.25,14.4
4485,31019,31020,2.75,0.25,14.3
4486,31021,40072,2.0,0.0,11.0
4487,31039,20422,1.857,0.143,26.3
4488,31053,31054,1.5,0.5,16.7
4489,31067,36858,1.143,0.143,13.4
4490,31087,31088,1.125,0.125,16.1
4491,31099,37426,3.0,0.0,27.8
4492,31111,37036,2.333,0.333,31.8
4493,31121,1610,2.0,0.0,15.2
4494,31123,31124,2.0,0.0,13.6
4495,31129,31130,5.0,0.0,37.0
4496,31131,31120,2.0,0.0,9.8
4497,31301,8452,3.0,0.0,24.0
4498,31311,10714,2.0,0.0,12.2
4499,31389,10498,2.0,0.0,9.0
4500,31419,33814,2.2,0.2,37.0
4501,31425,4208,2.0,0.0,9.0
4502,31425,31426,3.0,0.0,16.8
4503,31427,31428,3.0,0.0,14.2
4504,31429,29214,4.0,0.0,14.3
4505,31433,31424,3.0,0.0,10.6
4506,31463,24804,3.0,0.0,19.3
4507,31529,16500,2.111,0.111,21.7
4508,31529,33826,2.0,0.0,16.3
4509,31537,36854,1.222,0.194,15.6
4510,31719,31720,2.0,0.0,14.1
4511,31753,35152,2.0,0.0,13.9
4512,31759,14030,3.0,0.0,19.4
4513,31783,25846,4.0,1.333,33.6
4514,31791,31792,2.5,0.5,26.0
4515,31821,36068,3.0,0.0,17.0
4516,31835,31820,3.0,0.0,14.5
4517,31845,31846,3.0,0.0,29.8
4518,31861,10886,2.0,0.0,11.1
4519,31869,31870,2.0,0.0,5.5
4520,31871,31872,3.0,0.0,14.5
4521,31873,31874,3.0,0.0,12.2
4522,31875,21016,3.0,0.0,18.8
4523,31877,31878,1.25,0.25,8.7
4524,31879,35738,1.75,0.25,9.7
4525,32037,32038,2.5,1.0,26.8
4526,32041,32584,2.0,0.0,22.9
4527,32041,41852,3.143,6.81,22.5
4528,32055,20998,5.0,0.0,26.1
4529,32133,41270,1.75,0.25,14.4
4530,32141,32142,2.0,0.0,14.6
4531,32143,41244,2.0,0.0,19.3
4532,32167,32168,1.4,0.3,14.7
4533,32173,22634,1.6,0.3,18.2
4534,32215,32216,2.0,0.0,14.4
4535,32217,26478,2.0,0.0,14.4
4536,32249,32250,3.0,0.0,13.3
4537,32251,41430,2.0,0.0,14.2
4538,32265,32266,2.0,0.0,25.0
4539,32273,32274,1.333,0.267,11.2
4540,32301,40222,3.375,0.554,25.6
4541,32303,35266,2.0,0.0,26.6
4542,32303,25448,2.143,0.143,26.6
4543,32305,35252,2.143,0.143,27.5
4544,32391,32392,2.0,0.0,12.5
4545,32435,32436,2.0,0.0,17.1
4546,32437,33722,2.0,0.0,9.5
4547,32475,38430,2.0,0.0,15.0
4548,32527,32528,2.0,0.0,12.9
4549,32529,37636,2.0,0.0,9.9
4550,32545,28028,2.0,0.0,29.8
4551,32545,35372,2.333,0.333,29.8
4552,32559,14972,3.0,0.0,14.9
4553,32569,32570,1.5,0.7,13.2
4554,32573,37426,1.833,0.167,23.8
4555,32581,39400,2.286,1.238,18.1
4556,32591,37674,2.0,0.0,8.0
4557,32591,31796,3.5,0.5,21.1
4558,32693,29656,2.0,0.0,9.2
4559,32693,32694,1.4,0.3,17.2
4560,32699,25570,1.4,0.3,15.5
4561,32711,32690,2.8,0.2,34.7
4562,32715,29796,1.5,0.5,21.4
4563,32715,32716,1.5,0.3,19.3
4564,32725,40032,1.125,0.125,10.8
4565,32731,16080,1.222,0.194,13.5
4566,32733,27202,1.571,0.286,14.0
4567,32759,32760,2.0,0.0,25.3
4568,32763,32764,3.8,0.2,20.2
4569,32771,20424,4.0,0.0,29.7
4570,32775,32776,1.2,0.2,14.6
4571,32847,23580,3.0,0.0,33.0
4572,32847,22762,3.2,0.2,36.2
4573,32887,30754,1.5,0.286,16.3
4574,32993,33238,1.5,0.333,5.7
4575,32993,32726,3.0,2.0,31.7
4576,32995,32592,1.333,0.333,12.0
4577,33005,37226,4.2,2.7,39.3
4578,33007,33008,1.4,0.3,13.5
4579,33011,33012,1.5,0.333,8.7
4580,33017,35692,3.25,2.25,27.6
4581,33025,20310,2.333,0.267,28.5
4582,33025,39286,2.0,0.0,28.9
4583,33047,11858,9.0,0.0,14.7
4584,33099,5186,2.0,0.0,13.8
4585,33149,41454,5.0,0.0,20.8
4586,33153,33154,1.5,0.286,25.8
4587,33157,36504,2.125,0.125,45.3
4588,33161,33162,2.0,0.0,8.2
4589,33171,35434,2.0,0.0,11.4
4590,33185,35532,6.0,0.0,38.1
4591,33189,20836,3.0,0.0,36.2
4592,33195,12034,5.0,0.0,30.8
4593,33201,12038,4.0,0.0,15.5
4594,33205,12034,3.0,0.0,12.1
4595,33221,12058,1.5,0.5,4.7
4596,33235,12072,2.0,0.0,4.7
4597,33243,12078,3.0,0.0,4.7
4598,33249,33250,3.0,0.0,14.7
4599,33259,12098,4.0,0.0,14.2
4600,33283,21994,4.5,0.333,32.5
4601,33283,19822,4.0,0.0,19.6
4602,33297,33298,2.0,0.0,20.7
4603,33299,8928,2.0,0.0,15.7
4604,33325,24406,1.556,0.278,18.5
4605,33343,34448,2.25,0.25,27.8
4606,33377,33378,2.0,0.0,26.3
4607,33379,33370,1.2,0.2,14.6
4608,33431,39152,2.0,0.0,30.7
4609,33433,31784,2.0,0.0,22.7
4610,33435,19682,4.0,0.0,32.8
4611,33435,19684,3.0,0.0,32.7
4612,33445,29580,2.0,0.0,18.2
4613,33445,11826,3.0,0.0,15.5
4614,33451,33452,2.0,0.0,14.5
4615,33455,33456,2.0,0.0,12.2
4616,33459,37420,3.0,0.0,17.0
4617,33469,27388,2.0,0.0,17.0
4618,33481,32016,2.0,0.0,11.3
4619,33493,33494,2.0,0.0,13.4
4620,33501,33504,2.0,0.0,11.6
4621,33505,33506,2.0,0.0,9.2
4622,33507,33508,2.0,0.0,15.6
4623,33509,33510,2.0,0.0,11.6
4624,33511,27794,2.0,0.0,17.9
4625,33551,33006,2.8,2.7,19.3
4626,33591,33592,2.0,0.0,14.4
4627,33599,33600,2.0,0.0,14.5
4628,33655,32990,5.0,0.0,26.7
4629,33657,33658,1.667,0.333,19.0
4630,33661,33662,2.0,0.0,23.6
4631,33663,37466,3.0,1.333,24.5
4632,33665,33666,2.333,1.333,21.0
4633,33667,33668,1.333,0.333,10.4
4634,33669,33670,1.333,0.333,10.4
4635,33673,33674,1.667,0.333,14.7
4636,33675,33676,1.333,0.333,10.4
4637,33679,11606,2.0,0.0,15.6
4638,33691,12424,3.0,0.0,4.7
4639,33723,33724,1.333,0.333,14.2
4640,33731,26642,2.0,0.0,11.8
4641,33731,12460,2.0,0.0,4.7
4642,33777,12502,2.0,0.0,4.7
4643,33785,33786,7.222,1.694,14.4
4644,33787,33788,7.0,2.0,14.3
4645,33789,33790,6.375,1.982,13.6
4646,33789,33796,6.0,0.0,14.3
4647,33791,33792,5.667,0.267,12.6
4648,33791,33776,6.0,0.0,13.0
4649,33793,23648,5.0,0.0,10.4
4650,33793,33794,7.0,2.0,14.6
4651,33793,12516,2.0,0.0,4.7
4652,33795,12504,7.0,0.0,14.3
4653,33825,35252,4.333,1.333,32.1
4654,33847,26446,2.0,0.0,15.2
4655,33863,33864,1.125,0.125,13.9
4656,33877,33878,4.0,0.0,20.2
4657,33915,14130,4.0,0.0,15.5
4658,33915,28654,1.667,0.333,9.6
4659,33917,33918,7.0,0.0,14.4
4660,33919,33920,3.0,0.0,5.0
4661,33921,33922,5.0,0.0,11.0
4662,33923,30212,3.0,0.0,13.2
4663,33927,36088,3.0,0.0,35.1
4664,33927,18026,3.0,0.0,10.8
4665,33929,25258,4.5,0.5,40.7
4666,33931,33430,3.0,0.0,9.2
4667,33975,12668,2.0,0.0,4.7
4668,33999,7158,2.0,0.0,9.0
4669,34023,40104,4.5,0.5,21.6
4670,34039,34040,3.5,0.5,14.6
4671,34041,34042,3.0,0.0,14.5
4672,34043,12736,1.5,0.5,4.7
4673,34083,34084,2.0,0.0,21.6
4674,34095,41694,4.2,1.2,36.5
4675,34105,16432,5.0,0.0,22.8
4676,34125,2174,3.0,0.0,19.4
4677,34345,21948,3.0,0.0,23.7
4678,34451,11984,4.25,0.25,45.8
4679,34457,34458,2.0,0.0,13.4
4680,34459,21540,2.0,0.0,15.4
4681,34601,34602,2.0,0.0,19.5
4682,34621,34622,2.0,0.0,5.7
4683,34623,34624,3.0,0.0,14.0
4684,34625,34626,3.0,0.0,14.5
4685,34627,34628,3.0,0.0,14.4
4686,34647,22258,2.0,0.0,18.6
4687,34649,34650,2.0,0.0,13.4
4688,34651,1678,2.0,0.0,9.2
4689,34651,13792,3.0,0.0,28.2
4690,34681,34682,1.333,0.333,10.4
4691,34683,34684,1.667,0.333,14.7
4692,34687,25548,1.5,0.333,8.2
4693,34713,13404,2.0,0.0,10.5
4694,34755,34756,2.0,0.0,9.1
4695,34777,36840,4.3,1.122,30.7
4696,34781,21832,4.667,0.267,29.7
4697,34781,40798,3.333,2.333,12.2
4698,34851,36846,2.875,0.982,38.8
4699,34855,35374,2.2,0.4,24.7
4700,34859,20436,2.0,0.0,9.1
4701,34867,25316,2.0,0.0,22.1
4702,35001,35008,2.0,0.0,14.2
4703,35009,35174,2.0,0.0,9.1
4704,35153,13658,2.0,0.0,14.1
4705,35161,35162,2.0,0.0,14.3
4706,35163,35164,2.0,0.0,14.2
4707,35165,35166,2.0,0.0,13.4
4708,35167,35168,4.0,0.0,35.9
4709,35169,35170,2.0,0.0,14.8
4710,35171,35152,2.0,0.0,19.9
4711,35175,35176,2.0,0.0,13.6
4712,35177,35178,2.0,0.0,14.6
4713,35179,35186,2.0,0.0,14.5
4714,35187,35164,2.0,0.0,14.2
4715,35265,17244,6.5,0.5,59.1
4716,35275,32686,3.4,0.3,46.4
4717,35341,35342,2.0,0.0,15.8
4718,35343,35344,2.0,0.0,19.3
4719,35379,35412,1.077,0.077,14.3
4720,35381,20438,1.8,0.2,19.7
4721,35407,10802,4.0,0.0,19.8
4722,35411,35374,1.778,0.194,24.7
4723,35435,40214,4.0,0.0,47.6
4724,35439,22928,3.167,0.967,31.7
4725,35441,9938,4.0,2.0,36.9
4726,35443,21576,2.333,0.333,30.8
4727,35467,35468,4.0,0.0,37.1
4728,35469,35470,2.0,0.0,14.5
4729,35471,3734,2.0,0.0,13.5
4730,35473,35474,2.0,0.0,14.3
4731,35475,35476,4.0,0.0,31.0
4732,35477,35478,4.0,0.0,27.8
4733,35479,35480,2.0,0.0,14.5
4734,35481,35482,4.0,0.0,25.1
4735,35489,32390,2.0,0.0,9.2
4736,35501,35502,2.0,0.0,8.4
4737,35531,12016,2.0,0.0,6.0
4738,35531,35536,3.333,2.333,34.1
4739,35563,33424,2.0,0.0,8.2
4740,35577,35578,3.0,0.0,17.7
4741,35583,36296,2.0,0.0,15.0
4742,35587,35588,2.0,0.0,14.2
4743,35609,35490,3.0,0.0,21.4
4744,35629,35630,2.0,0.0,19.2
4745,35635,33716,2.5,0.5,34.4
4746,35653,37228,3.5,1.667,28.2
4747,35657,39182,1.5,0.333,18.6
4748,35691,34442,3.0,0.0,21.2
4749,35729,35730,1.333,0.333,18.5
4750,35733,35734,1.333,0.333,17.6
4751,35741,22936,1.75,0.25,6.7
4752,35775,35776,2.0,0.0,18.4
4753,35787,35788,1.667,4.0,9.2
4754,35789,34852,2.3,0.9,14.8
4755,35795,35796,2.0,0.0,10.4
4756,35815,35816,2.0,0.0,14.3
4757,35817,21158,3.0,0.0,24.3
4758,35823,37176,2.0,0.0,16.9
4759,35843,35844,4.0,0.0,9.3
4760,35845,150,2.0,0.0,8.5
4761,35887,30712,1.333,0.333,17.7
4762,35891,14384,2.0,0.0,4.7
4763,35909,32846,2.333,0.267,22.7
4764,35949,37036,6.0,2.0,33.7
4765,35957,8776,3.0,0.0,16.6
4766,35969,37698,3.0,2.0,29.0
4767,36009,22530,2.0,0.0,17.8
4768,36017,15378,3.0,0.0,24.8
4769,36023,11826,1.333,0.267,13.5
4770,36069,36070,4.0,0.0,20.2
4771,36073,36074,8.0,0.0,38.6
4772,36083,36084,2.0,0.0,15.3
4773,36085,23590,4.0,0.0,23.6
4774,36111,36112,2.0,0.0,10.4
4775,36113,6642,2.0,0.0,13.5
4776,36129,36130,1.778,0.194,23.7
4777,36131,39194,1.111,0.111,15.7
4778,36137,36138,4.0,0.0,25.9
4779,36299,36300,2.0,0.0,14.6
4780,36301,36302,2.0,0.0,14.8
4781,36303,36304,2.0,0.0,10.5
4782,36351,14784,2.0,0.0,9.1
4783,36423,26340,2.889,1.611,10.9
4784,36451,36452,1.5,0.333,19.0
4785,36453,22578,2.0,0.667,19.0
4786,36467,37468,1.5,0.5,13.2
4787,36473,25482,2.0,0.0,16.4
4788,36513,14916,2.0,0.0,9.0
4789,36565,17154,2.0,0.0,16.1
4790,36573,36574,3.0,0.0,20.2
4791,36795,15180,2.0,0.0,9.0
4792,36809,3384,2.0,0.0,10.6
4793,36813,15194,2.0,0.0,4.7
4794,36841,38900,2.545,0.673,14.7
4795,36849,36850,1.8,0.178,26.4
4796,36853,26072,2.1,0.544,26.0
4797,36857,37646,3.222,0.944,27.2
4798,36859,39230,1.571,0.952,13.6
4799,36863,15500,2.333,0.333,10.2
4800,36877,30584,1.333,0.333,5.5
4801,36877,23038,1.25,0.214,13.8
4802,36897,36898,4.0,0.0,14.2
4803,36911,36912,5.0,0.0,22.1
4804,36913,36896,3.0,0.0,14.2
4805,36921,15268,2.0,0.0,9.0
4806,36923,36924,2.0,0.0,14.7
4807,36925,36926,3.0,0.0,14.5
4808,36927,36928,3.0,0.0,14.6
4809,36929,36930,3.0,0.0,14.6
4810,36931,36932,3.0,0.0,13.6
4811,36933,11706,2.0,0.0,13.8
4812,36979,19426,3.0,0.0,14.3
4813,36993,5546,1.5,0.5,16.0
4814,37013,38194,1.143,0.143,9.7
4815,37015,37006,1.2,0.178,13.2
4816,37027,22930,2.0,0.0,27.0
4817,37029,39008,1.333,0.25,17.0
4818,37033,22224,2.8,2.2,18.2
4819,37035,39010,1.2,0.2,17.1
4820,37105,2728,3.0,0.0,13.2
4821,37129,15456,2.0,0.0,11.3
4822,37137,37128,2.0,0.0,10.4
4823,37195,34746,3.0,0.0,23.5
4824,37197,37198,1.4,0.3,6.8
4825,37197,15498,2.0,0.0,4.7
4826,37199,37200,3.0,0.0,13.8
4827,37199,15240,2.333,0.333,14.3
4828,37199,15500,2.0,0.0,4.7
4829,37201,37202,3.0,0.0,15.4
4830,37201,15502,2.0,0.0,4.7
4831,37203,37204,3.0,0.0,16.9
4832,37205,37206,3.0,0.0,18.2
4833,37205,636,4.0,0.0,18.2
4834,37207,15508,2.0,0.0,4.7
4835,37229,37230,1.25,0.25,9.9
4836,37231,37232,1.2,0.2,14.0
4837,37237,32998,2.6,1.3,19.5
4838,37241,11240,2.25,0.25,14.4
4839,37249,12588,2.0,0.0,16.3
4840,37421,37422,1.5,0.5,13.1
4841,37429,37430,1.857,0.143,12.7
4842,37431,21890,1.5,0.5,19.6
4843,37465,40320,3.25,0.25,17.2
4844,37469,25454,3.0,0.0,21.5
4845,37471,31526,1.4,0.267,20.1
4846,37487,39218,4.0,0.0,16.1
4847,37569,37570,3.0,0.0,14.9
4848,37571,37572,3.0,0.0,19.0
4849,37589,37568,3.0,0.0,14.8
4850,37607,30168,2.0,0.0,15.6
4851,37613,37614,2.0,0.0,13.6
4852,37615,37616,2.0,0.0,15.5
4853,37617,37618,4.0,0.0,40.3
4854,37619,37606,3.0,0.0,25.1
4855,37635,39040,2.571,0.952,23.8
4856,37639,35472,2.0,0.0,11.5
4857,37649,37650,1.8,0.2,5.9
4858,37651,37652,1.333,0.267,9.4
4859,37653,37654,2.333,0.267,15.3
4860,37659,37648,2.167,0.167,12.5
4861,37679,37680,1.375,0.268,16.0
4862,37681,37682,1.875,0.125,21.9
4863,37685,39244,1.75,1.071,14.0
4864,37695,32996,5.0,0.5,38.7
4865,37695,37712,2.0,2.0,16.0
4866,37699,37700,1.5,0.5,18.8
4867,37709,39172,1.4,0.3,18.8
4868,37713,32564,1.667,0.267,21.1
4869,37719,15950,2.0,0.0,4.2
4870,37725,37726,2.0,0.0,14.4
4871,37727,33836,2.0,0.0,14.4
4872,37799,11024,2.0,0.0,14.9
4873,37809,37588,3.0,0.0,14.2
4874,37845,39406,4.0,0.0,20.1
4875,37847,37712,4.25,0.917,36.6
4876,37847,37226,6.0,0.0,15.8
4877,37863,32732,2.0,0.0,13.2
4878,37867,37692,1.5,0.7,11.8
4879,37999,5840,2.0,0.0,9.0
4880,38039,16228,1.5,0.5,16.0
4881,38201,14470,3.5,0.5,26.4
4882,38215,38216,1.75,0.25,14.4
4883,38219,32476,2.0,0.0,15.3
4884,38223,38224,2.0,0.0,15.7
4885,38225,38226,2.0,0.0,15.7
4886,38325,38352,3.0,0.0,14.2
4887,38353,38354,3.0,0.0,14.4
4888,38355,38902,2.0,0.0,17.2
4889,38365,15752,2.143,0.143,22.5
4890,38381,38382,2.0,0.0,19.6
4891,38389,23796,1.143,0.143,16.2
4892,38433,26958,3.0,0.0,12.1
4893,38491,2148,3.0,0.0,26.9
4894,38541,33286,8.0,0.0,78.4
4895,38543,28702,1.5,0.5,9.7
4896,38545,33284,2.0,1.0,12.1
4897,38545,28742,6.0,0.0,40.8
4898,38561,38562,2.0,0.0,15.2
4899,38611,38700,7.0,0.0,56.7
4900,38701,38624,3.0,0.0,12.8
4901,38739,31788,2.0,0.0,11.9
4902,38801,38806,4.0,4.0,17.6
4903,38811,38806,2.0,0.0,9.1
4904,38855,36572,2.0,0.0,17.3
4905,38861,38862,1.333,0.333,19.2
4906,38895,40434,1.25,0.25,19.5
4907,38899,5054,1.667,1.067,16.6
4908,38903,38900,4.0,0.0,17.0
4909,38909,38910,3.154,0.474,40.9
4910,38911,23036,2.154,0.141,28.6
4911,38927,38928,2.0,0.0,7.9
4912,38931,27794,2.0,0.0,14.0
4913,38949,32544,2.0,0.0,12.2
4914,38963,38964,2.0,0.0,15.4
4915,38965,32690,2.0,0.0,14.5
4916,38977,38962,2.0,0.0,17.7
4917,38999,39000,1.333,0.267,20.3
4918,39001,21504,2.0,0.0,20.4
4919,39005,26984,5.0,0.0,28.3
4920,39005,32774,4.6,3.8,43.9
4921,39155,39156,1.5,0.5,22.3
4922,39157,40218,5.5,0.5,35.1
4923,39159,17176,1.5,0.5,13.1
4924,39161,24944,1.25,0.25,12.1
4925,39173,35646,1.2,0.2,13.4
4926,39185,36450,1.5,0.333,19.6
4927,39191,13600,2.0,0.0,18.5
4928,39207,38038,2.5,0.5,27.1
4929,39225,39226,3.0,0.0,14.7
4930,39227,26216,2.0,0.0,8.1
4931,39229,5058,5.0,0.0,22.3
4932,39231,39232,1.143,0.143,13.9
4933,39233,39234,1.429,0.286,19.7
4934,39235,39236,1.143,0.143,13.3
4935,39243,2300,2.0,0.0,11.0
4936,39243,31796,5.0,1.2,49.7
4937,39243,11502,5.0,0.0,30.2
4938,39245,35528,1.333,0.267,22.3
4939,39245,31064,1.5,0.5,22.1
4940,39251,39252,4.0,0.0,14.1
4941,39259,39260,1.25,0.25,13.3
4942,39263,37210,7.333,0.333,63.9
4943,39271,20444,1.333,0.25,19.7
4944,39277,7948,3.0,0.0,17.0
4945,39281,3752,3.0,0.0,14.2
4946,39287,41522,3.5,4.5,34.1
4947,39289,25932,3.286,0.905,24.3
4948,39295,39296,3.0,0.0,15.0
4949,39297,24386,2.0,0.0,10.4
4950,39327,39338,2.0,0.0,16.7
4951,39331,39340,4.0,0.0,22.1
4952,39339,12294,3.0,0.0,15.2
4953,39339,38932,3.0,0.0,19.5
4954,39367,21952,2.0,0.0,7.2
4955,39369,17290,3.0,0.0,24.6
4956,39403,37694,3.667,42.667,11.1
4957,39425,5980,2.0,0.0,14.6
4958,39453,40016,1.333,0.25,13.0
4959,39469,26960,3.0,0.0,32.1
4960,39471,21330,2.667,0.333,23.7
4961,39473,1616,2.6,0.3,31.5
4962,39605,39606,3.0,0.0,14.4
4963,39623,39628,3.0,0.0,14.4
4964,39799,17690,2.0,0.0,4.7
4965,39997,33322,3.5,1.0,30.6
4966,40017,20278,1.4,0.3,7.7
4967,40029,32322,1.125,0.125,22.9
4968,40073,23534,2.0,0.0,13.1
4969,40073,40074,3.0,0.0,14.6
4970,40075,40076,2.333,0.333,12.1
4971,40077,40078,3.0,0.0,14.4
4972,40077,17928,3.0,0.0,14.4
4973,40079,40082,4.0,0.0,16.5
4974,40105,34038,3.0,0.0,14.5
4975,40179,25862,6.2,1.2,60.2
4976,40181,32712,3.333,2.333,31.5
4977,40193,36088,3.0,0.0,28.7
4978,40199,26102,2.0,0.0,7.3
4979,40213,40198,3.0,0.0,31.3
4980,40215,20832,2.0,0.0,24.6
4981,40217,25940,1.5,0.5,24.5
4982,40219,33928,1.5,0.5,18.1
4983,40223,40438,1.333,0.267,8.1
4984,40223,40436,3.25,2.25,30.1
4985,40331,40332,2.0,0.0,9.8
4986,40333,40334,3.0,0.0,13.2
4987,40335,40336,3.0,0.0,13.0
4988,40435,40442,5.5,0.5,42.0
4989,40435,40440,2.5,0.5,16.1
4990,40437,37632,1.75,0.25,18.0
4991,40439,24130,1.222,0.194,17.9
4992,40441,40220,2.143,0.143,28.6
4993,40441,23802,3.0,0.0,36.4
4994,40453,41918,2.0,0.0,4.9
4995,40457,39250,2.0,0.0,22.0
4996,40647,40648,2.0,0.0,9.1
4997,40649,40650,3.0,0.0,14.4
4998,40651,1250,3.0,0.0,13.8
4999,40659,32794,2.0,0.0,16.9
5000,40665,40656,2.0,0.0,9.2
5001,40669,40672,2.0,0.0,9.3
5002,40669,40680,3.833,2.567,25.8
5003,40671,40684,4.0,0.0,26.1
5004,40677,40678,2.667,3.867,20.9
5005,40683,18488,4.0,0.0,47.9
5006,40793,40794,1.143,0.143,14.2
5007,40795,40684,2.0,0.0,27.7
5008,40795,40672,2.0,0.0,13.6
5009,40797,21832,2.75,0.917,18.0
5010,40803,36840,2.0,0.0,9.8
5011,40829,18622,3.0,0.0,14.3
5012,40841,40842,2.0,0.0,25.4
5013,40845,19034,3.0,0.0,17.0
5014,40851,18634,1.167,0.167,4.7
5015,41231,41232,2.0,0.0,13.6
5016,41233,41234,2.0,0.0,14.3
5017,41235,41236,2.0,0.0,11.0
5018,41237,41238,2.0,0.0,11.2
5019,41241,40842,4.0,0.0,32.1
5020,41245,37724,2.0,0.0,13.4
5021,41251,570,2.0,0.0,9.5
5022,41269,32132,1.333,0.333,14.5
5023,41313,19110,4.0,0.0,15.1
5024,41369,41370,1.5,0.5,19.0
5025,41371,39340,2.5,0.5,22.0
5026,41431,32130,2.0,0.0,9.1
5027,41525,41824,1.778,0.194,28.2
5028,41683,36978,2.0,0.0,9.1
5029,41699,41700,1.167,0.167,13.8
5030,41707,41708,1.143,0.143,12.5
5031,41709,41710,1.833,0.167,24.7
5032,41711,41712,1.833,0.167,22.5
5033,41715,41696,1.167,0.167,13.6
5034,41731,34104,2.0,0.0,7.8
5035,41805,24386,2.0,0.0,15.2
5036,41827,41522,4.286,0.905,33.9
5037,41843,19554,2.0,0.0,13.7
5038,41849,37466,3.0,2.0,18.7
5039,41851,12396,3.0,0.0,12.2
5040,41853,37674,5.286,1.571,44.6
5041,41857,4884,2.714,1.571,23.9
5042,41859,23838,4.25,0.917,29.3
5043,41863,9998,5.333,0.333,33.0
5044,41875,41876,1.222,0.194,16.0
5045,41879,10166,4.0,0.0,21.8
5046,41891,40438,4.333,2.333,35.6
5047,41893,37632,2.0,0.0,17.1
5048,41895,37700,2.0,0.0,19.0
5049,41907,38998,1.5,0.5,10.5
5050,41937,10038,2.0,0.0,9.8
5051,41939,25370,1.333,0.267,14.5
5052,41943,11148,2.0,0.0,13.7
5053,41949,32038,5.0,0.0,31.8
