,from_node,to_node,edge_tt,edge_var,distance
0,8,9,4.5,0.5,20.95
1,10,11,8.0,0.0,60.57
2,14,15,20.977,1840.659,50.99
3,16,17,11.564,131.187,101.05
4,18,19,8.0,0.0,41.6
5,34,35,2.0,0.0,8.85
6,38,39,2.0,0.0,9.08
7,40,41,8.0,0.0,41.93
8,42,43,5.732,0.701,42.99
9,44,45,3.25,0.968,18.6
10,46,47,35.0,0.0,160.59
11,50,51,5.0,0.0,23.07
12,66,67,18.0,0.0,94.31
13,94,95,17.915,1510.838,13.91
14,98,99,8.326,0.782,128.51
15,100,101,9.5,0.5,68.52
16,104,105,1.068,0.064,22.63
17,108,109,20.986,283.546,30.71
18,110,111,12.609,68.413,100.46
19,112,113,4.871,0.487,62.66
20,114,115,24.815,384.9,40.52
21,116,117,1.118,0.562,9.82
22,118,119,1.495,0.308,19.0
23,120,121,3.231,1.645,21.47
24,122,123,6.821,10.528,58.42
25,124,125,2.641,0.318,31.48
26,126,127,4.547,0.457,54.49
27,130,131,43.0,50.0,183.52
28,134,135,22.75,2.917,112.05
29,136,137,4.0,0.0,28.17
30,138,139,9.5,0.5,68.83
31,142,143,9.333,20.25,36.62
32,144,145,10.667,0.333,144.65
33,146,147,8.0,1.0,115.78
34,148,149,2.0,0.0,13.2
35,150,151,3.0,0.0,28.86
36,154,155,3.4,0.267,17.94
37,156,157,6.0,0.0,25.74
38,160,161,4.663,0.776,80.97
39,162,163,13.852,1.296,250.33
40,168,169,10.0,2.0,52.02
41,172,173,8.0,1.0,90.82
42,174,175,8.5,0.5,85.57
43,176,177,9.438,1.462,71.63
44,178,179,2.6,0.3,5.18
45,180,181,8.667,0.267,19.08
46,182,183,8.769,1.192,19.19
47,192,193,1.2,0.178,7.88
48,194,195,5.556,0.278,38.67
49,196,197,1.438,0.262,9.98
50,200,201,7.764,0.696,159.67
51,202,203,10.472,1.562,77.67
52,206,207,15.171,80.492,56.26
53,208,209,29.385,14.256,146.58
54,210,211,34.0,0.0,87.48
55,214,215,20.0,0.0,96.05
56,224,225,5.471,0.265,36.69
57,226,227,17.667,3.067,90.42
58,228,229,4.682,0.608,21.62
59,230,231,1.333,0.242,6.4
60,232,233,5.769,3.945,30.91
61,236,237,3.0,0.0,15.07
62,250,251,4.333,0.333,21.65
63,252,253,14.0,0.0,68.87
64,254,255,2.0,0.0,11.68
65,258,259,7.0,0.0,34.09
66,260,261,24.469,219.418,28.02
67,264,265,11.798,373.87,6.31
68,266,267,2.182,0.442,4.23
69,274,275,10.0,0.0,26.7
70,276,277,16.0,0.0,41.42
71,280,281,8.0,0.0,19.73
72,282,283,18.0,0.0,35.59
73,284,285,32.0,18.0,230.28
74,286,287,11.0,0.0,72.84
75,288,289,3.0,0.0,21.26
76,290,291,15.0,0.0,108.36
77,292,293,3.667,0.333,26.21
78,294,295,9.0,0.0,68.01
79,296,297,10.5,0.286,123.9
80,302,303,2.75,0.25,19.16
81,304,305,2.5,0.333,20.18
82,306,307,4.5,0.5,36.83
83,310,311,2.0,0.0,9.19
84,316,317,9.0,0.0,69.25
85,318,319,3.0,0.0,19.18
86,320,321,7.0,0.0,50.43
87,332,333,11.718,10.402,133.91
88,338,339,52.143,154.143,268.44
89,340,341,9.0,2.0,42.31
90,346,347,4.5,0.5,35.57
91,348,349,1.5,0.5,8.82
92,360,361,3.3,0.233,41.81
93,362,363,1.6,0.267,21.87
94,368,369,7.0,0.0,31.8
95,370,371,11.5,4.5,57.72
96,374,375,18.0,8.0,88.29
97,378,379,2.333,0.333,12.65
98,384,385,2.5,0.5,14.21
99,386,387,3.0,0.0,12.97
100,394,395,3.0,0.0,15.87
101,396,397,3.0,0.0,12.03
102,398,399,2.0,0.0,12.15
103,402,403,13.2,3.289,170.52
104,404,405,22.2,9.956,281.09
105,406,407,32.7,20.456,416.58
106,408,409,13.9,14.767,182.01
107,416,417,56.0,0.0,299.99
108,418,419,24.0,0.0,125.95
109,420,421,4.0,0.0,20.5
110,424,425,24.0,2.0,98.71
111,426,427,3.0,0.0,19.27
112,432,433,9.333,1.81,124.22
113,462,463,21.25,22.917,106.27
114,466,467,105.0,2.0,460.6
115,468,469,28.0,0.0,115.47
116,470,471,28.0,0.0,111.76
117,478,479,3.0,0.0,17.51
118,480,481,68.0,2.0,327.89
119,486,487,6.667,1.333,33.14
120,494,495,3.796,1.332,54.03
121,496,497,2.116,0.2,48.35
122,498,499,5.884,0.867,126.35
123,500,501,1.167,0.289,20.69
124,502,503,5.103,0.2,60.86
125,506,507,211.826,2851.332,1088.11
126,512,513,20.5,4.5,100.79
127,516,517,11.0,0.0,47.21
128,522,523,2.5,0.5,11.45
129,528,529,23.0,0.0,100.97
130,530,531,24.0,18.0,100.58
131,538,539,4.333,0.333,19.91
132,540,541,22.0,8.0,117.01
133,542,543,14.0,0.0,61.67
134,552,553,21.0,2.0,91.05
135,554,555,4.667,0.333,22.08
136,558,559,7.5,0.7,36.12
137,566,567,6.0,0.0,40.12
138,568,569,15.167,4.167,111.17
139,570,571,21.0,6.667,95.94
140,578,579,9.0,0.0,47.49
141,588,589,6.0,0.0,56.97
142,592,593,7.565,0.765,157.69
143,594,595,1.75,5.38,14.03
144,596,597,3.607,1.803,43.68
145,600,601,12.667,1.067,27.29
146,602,603,9.0,0.0,22.99
147,610,611,2.4,0.3,9.76
148,622,623,10.0,0.0,56.67
149,628,629,8.555,15.917,85.11
150,630,631,1.8,0.217,10.81
151,632,633,1.206,0.165,3.75
152,634,635,40.917,19.174,196.59
153,636,637,62.5,45.667,327.35
154,638,639,151.266,992.401,689.29
155,640,641,24.667,9.75,117.06
156,642,643,22.75,13.533,100.7
157,644,645,25.4,14.3,114.83
158,646,647,16.0,0.0,73.46
159,648,649,36.727,20.017,180.04
160,650,651,20.0,8.0,115.13
161,652,653,5.0,0.0,26.2
162,654,655,19.167,2.167,94.66
163,656,657,23.259,27.879,102.28
164,658,659,22.625,13.349,105.41
165,660,661,5.162,14.361,17.58
166,664,665,10.182,1.764,50.36
167,666,667,7.146,0.794,110.74
168,668,669,2.0,0.0,10.52
169,672,673,2.0,0.0,15.16
170,674,675,6.3,7.789,21.77
171,676,677,5.5,0.5,29.18
172,680,681,14.25,0.917,69.2
173,682,683,10.0,0.0,55.99
174,686,687,38.5,4.5,207.14
175,688,689,13.0,0.0,68.83
176,690,691,98.0,0.0,520.75
177,700,701,7.0,0.0,39.19
178,710,711,3.0,0.0,16.38
179,716,717,46.5,40.5,227.01
180,722,723,160.273,2138.018,866.53
181,724,725,42.0,0.0,343.44
182,726,727,54.245,36.112,252.87
183,728,729,18.372,5.094,85.98
184,732,733,147.75,171.114,764.24
185,734,735,24.0,0.0,120.42
186,736,737,31.1,40.989,156.67
187,738,739,6.901,0.875,99.76
188,740,741,1.836,0.362,25.29
189,742,743,13.339,257.228,39.07
190,748,749,24.453,170.595,186.97
191,750,751,5.242,0.506,62.58
192,752,753,2.0,0.0,4.86
193,792,793,6.667,1.867,28.86
194,794,795,5.0,0.0,32.44
195,796,797,5.0,0.0,30.47
196,800,801,6.0,0.0,30.46
197,802,803,5.5,0.5,30.61
198,808,809,7.5,0.5,34.94
199,810,811,6.5,0.5,28.87
200,812,813,5.5,0.333,28.88
201,814,815,7.0,0.0,34.95
202,818,819,6.0,0.8,28.87
203,820,821,6.0,0.0,28.87
204,822,823,7.0,0.0,34.94
205,826,827,5.667,0.333,28.87
206,828,829,6.0,0.0,30.4
207,830,831,6.0,0.0,30.61
208,832,833,6.0,0.0,30.46
209,840,841,5.5,0.5,28.86
210,850,851,6.0,0.0,34.94
211,852,853,6.0,1.0,30.46
212,854,855,6.0,2.0,30.61
213,862,863,5.8,0.7,28.87
214,868,869,1.167,0.142,8.57
215,870,871,8.898,1.385,67.04
216,872,873,2.979,0.239,22.1
217,874,875,1.298,0.214,9.37
218,876,877,9.378,2.02,69.18
219,880,881,6.514,44.738,47.81
220,890,891,7.0,0.0,48.33
221,894,895,6.0,0.0,46.02
222,900,901,11.0,0.0,62.7
223,906,907,11.0,0.0,117.26
224,908,909,2.0,0.0,9.06
225,912,913,5.0,0.0,25.08
226,914,915,6.5,0.5,32.21
227,916,917,2.0,0.0,11.34
228,918,919,1.5,0.5,6.09
229,922,923,1.5,0.5,6.06
230,924,925,3.0,0.0,13.98
231,926,927,33.0,32.0,156.47
232,958,959,16.0,8.0,75.76
233,960,961,12.5,0.5,68.08
234,964,965,7.5,40.5,55.39
235,966,967,15.2,4.7,71.94
236,970,971,5.0,0.0,30.07
237,972,973,11.0,0.0,47.51
238,974,975,9.0,0.0,42.97
239,984,985,15.714,10.571,67.56
240,986,987,16.333,1.333,78.12
241,988,989,1.438,0.262,6.85
242,990,991,9.727,5.018,45.22
243,1000,1001,8.0,0.0,42.5
244,1044,1045,1.667,0.235,7.49
245,1046,1047,2.174,1.332,8.13
246,1048,1049,1.287,0.207,17.09
247,1050,1051,1.307,0.215,17.3
248,1052,1053,2.93,0.369,35.82
249,1054,1055,3.833,21.336,29.69
250,1056,1057,8.562,65.383,22.2
251,1058,1059,1.143,0.143,5.71
252,1080,1081,16.0,0.0,80.24
253,1086,1087,13.0,0.0,72.83
254,1094,1095,17.0,8.0,73.06
255,1096,1097,16.0,19.0,74.2
256,1098,1099,18.0,0.0,80.27
257,1100,1101,3.0,0.0,11.95
258,1102,1103,2.0,0.0,12.71
259,1104,1105,1.721,4.635,3.45
260,1114,1115,1.333,0.333,5.16
261,1140,1141,1.667,1.333,3.66
262,1162,1163,3.333,0.333,13.96
263,1166,1167,9.391,1.34,45.02
264,1168,1169,5.5,0.5,29.26
265,1170,1171,2.0,0.0,10.52
266,1182,1183,9.0,1.0,43.61
267,1184,1185,1.5,0.5,4.68
268,1190,1191,8.75,0.25,64.47
269,1192,1193,4.333,0.333,32.42
270,1194,1195,2.333,0.333,19.56
271,1196,1197,17.0,0.0,134.96
272,1202,1203,21.0,0.0,108.53
273,1210,1211,6.0,0.0,45.15
274,1212,1213,9.8,0.7,75.46
275,1214,1215,9.25,0.25,69.67
276,1216,1217,6.553,31.165,50.47
277,1218,1219,12.85,124.197,29.15
278,1220,1221,2.553,0.48,31.44
279,1222,1223,5.129,0.502,65.62
280,1224,1225,3.509,0.279,39.29
281,1226,1227,3.778,47.103,4.29
282,1228,1229,73.464,203.369,142.94
283,1230,1231,67.333,90.333,143.4
284,1234,1235,14.125,1.839,72.74
285,1236,1237,16.667,3.467,71.93
286,1238,1239,44.25,116.917,83.74
287,1240,1241,69.75,10.25,162.24
288,1244,1245,47.0,2.0,97.62
289,1250,1251,2.4,9.8,1.56
290,1254,1255,24.16,9.807,118.28
291,1256,1257,10.4,14.3,48.11
292,1260,1261,10.0,2.0,48.11
293,1282,1283,1.556,1.778,4.97
294,1286,1287,2.0,0.0,12.46
295,1288,1289,3.667,0.333,16.78
296,1292,1293,4.333,0.333,18.74
297,1294,1295,56.643,7685.94,33.71
298,1298,1299,6.667,16.333,13.52
299,1300,1301,5.0,1.0,25.92
300,1304,1305,2.5,1.5,8.53
301,1306,1307,5.571,0.619,25.78
302,1308,1309,4.8,0.7,21.45
303,1310,1311,3.0,0.0,18.38
304,1312,1313,3.0,0.0,11.86
305,1316,1317,3.5,0.3,19.07
306,1318,1319,2.75,0.25,12.65
307,1322,1323,4.667,0.667,21.62
308,1324,1325,4.0,0.0,15.98
309,1332,1333,5.091,0.491,24.86
310,1334,1335,11.875,1.839,56.25
311,1336,1337,4.0,0.0,21.33
312,1340,1341,20.0,0.0,94.12
313,1342,1343,16.0,0.0,79.54
314,1344,1345,13.571,2.619,71.76
315,1346,1347,13.167,2.567,65.3
316,1348,1349,10.0,2.0,49.14
317,1352,1353,22.667,21.333,260.94
318,1354,1355,15.0,0.0,100.69
319,1356,1357,4.25,0.214,30.44
320,1358,1359,1.5,0.3,11.65
321,1360,1361,9.0,11.333,34.75
322,1362,1363,7.8,0.7,37.47
323,1366,1367,4.667,0.333,22.87
324,1368,1369,4.0,0.0,17.58
325,1370,1371,1.333,0.333,0.39
326,1372,1373,2.667,0.333,15.15
327,1374,1375,6.0,0.0,33.46
328,1378,1379,7.0,0.0,37.64
329,1380,1381,4.0,0.0,21.45
330,1384,1385,3.0,0.0,16.75
331,1388,1389,4.0,0.0,15.89
332,1394,1395,10.5,4.5,45.98
333,1400,1401,2.0,0.0,12.29
334,1402,1403,11.0,2.0,51.34
335,1408,1409,6.867,65.41,13.65
336,1410,1411,3.0,0.8,14.16
337,1412,1413,7.5,0.5,39.82
338,1420,1421,12.0,0.0,96.84
339,1422,1423,8.0,0.0,56.78
340,1424,1425,4.0,2.0,25.73
341,1428,1429,17.152,3.848,216.65
342,1430,1431,13.341,5.518,139.44
343,1432,1433,5.823,0.583,70.26
344,1434,1435,5.081,1.313,61.02
345,1436,1437,6.307,18.197,61.49
346,1438,1439,4.944,6.301,51.93
347,1440,1441,4.108,0.592,45.48
348,1444,1445,1.467,0.25,16.04
349,1458,1459,17.667,17.333,39.29
350,1460,1461,36.0,0.0,66.63
351,1462,1463,77.0,4249.0,262.11
352,1470,1471,4.167,1.367,28.5
353,1472,1473,23.667,796.333,18.08
354,1474,1475,21.0,0.0,79.49
355,1482,1483,2.0,0.0,8.14
356,1500,1501,13.132,64.913,154.58
357,1502,1503,2.36,0.34,50.04
358,1508,1509,1.5,0.5,5.38
359,1510,1511,2.0,0.0,10.13
360,1512,1513,2.0,0.0,8.57
361,1526,1527,2.127,0.687,25.81
362,1528,1529,1.355,0.304,15.45
363,1532,1533,14.0,0.0,67.31
364,1548,1549,25.5,12.5,113.24
365,1550,1551,5.0,0.0,23.65
366,1552,1553,1.5,0.333,7.68
367,1554,1555,3.667,1.333,16.76
368,1556,1557,6.0,2.0,27.75
369,1566,1567,2.0,0.0,5.53
370,1568,1569,1.5,0.286,7.75
371,1570,1571,2.5,0.5,11.38
372,1576,1577,13.333,4.333,66.29
373,1578,1579,4.167,6.967,12.57
374,1586,1587,2.538,1.202,14.24
375,1588,1589,4.079,0.723,44.45
376,1590,1591,3.067,0.21,43.15
377,1592,1593,6.765,0.316,87.25
378,1594,1595,10.0,0.0,76.85
379,1596,1597,8.0,0.0,54.44
380,1598,1599,1.012,0.012,2.88
381,1600,1601,4.462,0.838,54.16
382,1602,1603,8.485,0.794,104.49
383,1604,1605,2.493,7.55,7.84
384,1606,1607,8.242,0.875,96.18
385,1608,1609,9.138,10.755,90.09
386,1610,1611,6.274,0.717,76.59
387,1612,1613,14.5,1.667,63.48
388,1614,1615,7.0,0.0,36.68
389,1616,1617,6.905,0.725,89.18
390,1620,1621,1.797,0.207,21.93
391,1622,1623,6.0,0.667,30.04
392,1626,1627,5.8,0.7,28.4
393,1638,1639,201.417,306.447,1016.73
394,1642,1643,42.188,30.829,201.51
395,1644,1645,57.692,54.897,268.29
396,1646,1647,1.97,0.545,18.51
397,1648,1649,11.507,1.829,145.56
398,1650,1651,7.095,4.661,81.08
399,1654,1655,8.0,0.0,39.52
400,1656,1657,1.571,0.286,17.18
401,1658,1659,2.0,0.333,24.53
402,1662,1663,9.5,1.429,121.31
403,1664,1665,7.8,0.167,85.38
404,1666,1667,6.962,126.758,7.52
405,1668,1669,5.381,8.948,34.72
406,1670,1671,6.889,0.611,50.69
407,1672,1673,25.0,2.0,194.98
408,1676,1677,8.0,0.0,61.12
409,1678,1679,6.0,0.0,52.26
410,1682,1683,8.75,1.583,66.87
411,1686,1687,25.0,0.0,129.93
412,1690,1691,1.276,5.975,9.23
413,1692,1693,41.0,0.0,219.67
414,1694,1695,2.805,0.592,54.28
415,1696,1697,13.0,0.0,62.03
416,1698,1699,3.0,0.0,17.16
417,1702,1703,11.667,46.333,72.84
418,1704,1705,14.728,531.925,16.48
419,1706,1707,5.917,234.146,14.72
420,1708,1709,20.4,9.822,97.69
421,1730,1731,24.0,0.0,117.77
422,1734,1735,1.667,0.333,6.99
423,1738,1739,8.462,0.436,40.48
424,1740,1741,1.5,0.3,5.79
425,1762,1763,1.357,0.247,4.82
426,1782,1783,5.0,0.0,23.76
427,1808,1809,16.0,0.0,74.71
428,1810,1811,14.0,0.0,76.31
429,1812,1813,13.0,0.0,76.45
430,1818,1819,5.5,0.5,26.48
431,1828,1829,11.833,2.967,26.07
432,1832,1833,6.25,1.583,63.68
433,1834,1835,11.8,1.956,83.29
434,1836,1837,5.364,0.255,38.07
435,1840,1841,12.25,2.25,86.62
436,1846,1847,1.111,0.111,7.97
437,1850,1851,1.5,0.286,11.52
438,1852,1853,3.333,0.267,27.43
439,1854,1855,16.0,0.0,100.68
440,1864,1865,12.0,2.0,76.04
441,1866,1867,5.0,0.6,35.11
442,1868,1869,8.0,0.0,51.06
443,1870,1871,3.0,0.0,22.69
444,1872,1873,5.25,0.25,35.81
445,1874,1875,3.091,0.291,23.78
446,1876,1877,2.556,0.278,20.3
447,1878,1879,2.556,0.278,19.66
448,1880,1881,3.333,0.25,26.13
449,1882,1883,2.222,0.194,15.0
450,1884,1885,10.0,2.0,61.93
451,1886,1887,6.0,0.0,43.41
452,1888,1889,8.0,0.0,53.57
453,1890,1891,6.25,1.071,62.0
454,1892,1893,25.0,0.0,149.4
455,1896,1897,12.0,3.2,26.63
456,1898,1899,6.25,1.583,16.01
457,1902,1903,8.0,0.0,14.06
458,1904,1905,4.0,0.0,7.94
459,1906,1907,12.75,10.25,25.89
460,1908,1909,9.25,1.583,20.1
461,1912,1913,7.5,0.5,108.21
462,1918,1919,14.0,1.333,191.19
463,1920,1921,7.0,0.414,80.37
464,1922,1923,5.1,0.369,67.0
465,1924,1925,8.6,0.3,66.4
466,1926,1927,3.833,0.167,23.68
467,1930,1931,23.0,0.0,54.0
468,1932,1933,19.0,0.0,47.43
469,1936,1937,7.0,0.0,19.4
470,1938,1939,8.136,1.119,102.05
471,1940,1941,10.312,0.948,131.49
472,1942,1943,3.352,0.27,43.62
473,1944,1945,1.611,0.242,20.15
474,1956,1957,3.0,0.0,12.63
475,1960,1961,9.0,0.0,37.44
476,1962,1963,4.0,0.0,17.66
477,1964,1965,2.0,0.0,10.47
478,1968,1969,3.667,0.333,18.09
479,1972,1973,1.25,0.25,5.55
480,1978,1979,2.5,0.3,13.7
481,1982,1983,1.333,0.333,5.93
482,1988,1989,3.333,0.333,15.48
483,1992,1993,36.5,7.429,184.39
484,2002,2003,12.0,2.0,56.01
485,2004,2005,17.0,0.0,78.72
486,2006,2007,79.846,64.474,383.7
487,2010,2011,7.812,0.972,95.45
488,2012,2013,11.134,2.283,138.42
489,2016,2017,8.874,1.154,97.1
490,2018,2019,3.511,0.317,45.29
491,2020,2021,1.489,0.253,18.69
492,2022,2023,5.532,0.617,71.13
493,2024,2025,1.937,0.145,23.9
494,2026,2027,8.0,0.0,62.05
495,2028,2029,8.0,0.0,68.3
496,2030,2031,4.75,0.25,31.72
497,2032,2033,9.0,0.0,68.41
498,2036,2037,18.0,0.0,161.84
499,2038,2039,2.5,0.5,15.6
500,2040,2041,5.0,0.0,38.78
501,2042,2043,5.0,0.0,36.67
502,2044,2045,1.5,0.5,10.77
503,2050,2051,3.0,0.0,22.5
504,2052,2053,3.0,0.0,22.3
505,2060,2061,11.957,1291.737,9.38
506,2062,2063,43.132,3467.955,31.6
507,2064,2065,13.444,37.333,26.51
508,2068,2069,3.333,0.333,20.08
509,2070,2071,4.0,1.0,28.16
510,2072,2073,2.333,0.333,18.89
511,2074,2075,4.0,1.0,27.67
512,2076,2077,2.333,0.333,17.72
513,2078,2079,3.333,0.333,25.65
514,2080,2081,36.682,4187.664,8.44
515,2082,2083,74.182,16089.222,22.47
516,2084,2085,43.727,10110.622,13.98
517,2086,2087,19.325,236.233,27.41
518,2088,2089,10.194,159.906,28.15
519,2090,2091,8.761,155.943,40.76
520,2092,2093,5.826,98.27,33.11
521,2100,2101,2.0,0.0,11.54
522,2116,2117,21.0,0.0,133.07
523,2118,2119,2.5,0.5,16.83
524,2120,2121,7.25,0.917,31.18
525,2122,2123,3.727,17.618,11.92
526,2124,2125,35.231,6472.359,13.32
527,2126,2127,14.783,578.087,70.98
528,2130,2131,3.25,13.841,15.04
529,2134,2135,69.0,200.0,295.21
530,2142,2143,13.556,1.778,181.3
531,2148,2149,3.629,0.353,46.21
532,2150,2151,33.581,778.894,92.59
533,2158,2159,1.686,0.23,21.71
534,2162,2163,2.404,0.257,31.1
535,2164,2165,2.199,0.234,27.68
536,2166,2167,1.009,0.009,9.85
537,2168,2169,2.272,0.239,29.55
538,2170,2171,5.01,0.604,65.18
539,2172,2173,1.665,0.235,21.11
540,2174,2175,1.758,0.229,22.19
541,2176,2177,1.164,0.138,14.56
542,2178,2179,7.154,0.141,76.27
543,2180,2181,6.615,0.423,81.11
544,2182,2183,5.941,0.434,74.04
545,2184,2185,11.545,1.117,145.3
546,2188,2189,4.609,0.249,53.01
547,2190,2191,11.215,121.295,48.33
548,2192,2193,7.84,132.225,19.48
549,2194,2195,4.611,87.713,10.69
550,2196,2197,15.257,186.332,50.72
551,2198,2199,5.0,0.5,24.48
552,2200,2201,80.5,208.333,407.94
553,2202,2203,2.385,0.24,26.36
554,2204,2205,8.917,0.949,116.77
555,2206,2207,2.333,0.333,40.25
556,2208,2209,4.0,0.0,48.29
557,2210,2211,12.0,0.0,168.23
558,2212,2213,4.0,0.0,37.74
559,2218,2219,5.0,0.348,68.34
560,2220,2221,3.292,0.216,43.48
561,2222,2223,3.417,0.254,46.99
562,2224,2225,5.25,0.717,68.07
563,2226,2227,2.75,0.2,27.2
564,2228,2229,7.333,0.333,101.41
565,2230,2231,2.0,0.0,31.24
566,2232,2233,19.0,0.0,95.88
567,2234,2235,5.5,0.5,39.06
568,2238,2239,5.0,0.0,38.39
569,2250,2251,3.125,0.411,26.6
570,2252,2253,7.5,1.0,75.92
571,2254,2255,2.0,0.0,8.11
572,2256,2257,1.111,0.111,5.18
573,2258,2259,3.25,0.25,18.22
574,2264,2265,11.0,0.0,45.08
575,2266,2267,4.0,0.0,97.37
576,2268,2269,22.0,0.0,119.47
577,2270,2271,15.0,1.0,108.74
578,2274,2275,15.478,175.443,46.82
579,2276,2277,4.824,0.654,36.92
580,2278,2279,9.429,1.069,65.69
581,2280,2281,4.107,0.396,31.31
582,2282,2283,8.321,0.967,63.41
583,2284,2285,11.788,180.485,51.86
584,2286,2287,15.0,1.0,122.69
585,2288,2289,9.5,40.5,44.88
586,2290,2291,4.0,0.0,27.81
587,2294,2295,13.0,0.0,100.05
588,2298,2299,8.778,1.694,66.9
589,2300,2301,4.926,0.379,36.5
590,2304,2305,3.4,0.267,21.8
591,2306,2307,8.667,0.333,62.71
592,2318,2319,19.0,224.571,69.11
593,2320,2321,3.2,0.2,17.29
594,2322,2323,7.2,0.2,37.91
595,2326,2327,6.917,0.719,106.64
596,2346,2347,18.5,4.5,231.35
597,2366,2367,6.0,13.6,41.32
598,2368,2369,5.846,0.695,71.95
599,2370,2371,7.462,0.818,91.9
600,2372,2373,12.885,2.266,159.06
601,2374,2375,4.962,0.758,61.75
602,2376,2377,4.231,0.265,51.09
603,2378,2379,10.538,1.618,133.02
604,2380,2381,16.731,3.885,209.65
605,2382,2383,2.538,0.258,30.62
606,2384,2385,24.0,11.6,166.04
607,2386,2387,12.75,2.25,84.93
608,2388,2389,25.0,5.5,177.71
609,2390,2391,11.333,0.333,84.61
610,2392,2393,6.745,0.577,101.2
611,2394,2395,2.427,0.247,36.53
612,2396,2397,18.638,4.704,270.15
613,2406,2407,4.0,0.0,22.57
614,2414,2415,5.0,0.0,28.7
615,2416,2417,14.0,8.0,64.27
616,2428,2429,10.333,2.333,68.45
617,2430,2431,5.5,0.5,41.23
618,2432,2433,4.667,0.333,31.28
619,2436,2437,3.5,0.333,19.87
620,2438,2439,3.0,0.0,21.52
621,2446,2447,10.0,0.0,74.71
622,2448,2449,5.429,0.286,39.52
623,2450,2451,10.0,0.0,78.34
624,2454,2455,15.0,18.0,106.2
625,2456,2457,14.0,6.667,100.36
626,2458,2459,4.833,0.567,32.43
627,2460,2461,3.6,0.3,23.74
628,2462,2463,9.0,0.0,69.86
629,2464,2465,7.0,0.0,45.5
630,2466,2467,17.22,3.562,197.5
631,2468,2469,2.222,0.212,27.78
632,2470,2471,21.346,7.134,270.5
633,2472,2473,2.287,0.263,26.27
634,2474,2475,18.25,96.214,12.55
635,2476,2477,24.714,2.238,127.86
636,2478,2479,5.167,8.167,21.09
637,2484,2485,2.8,0.457,21.69
638,2488,2489,4.75,8.25,22.63
639,2490,2491,13.5,1.667,96.76
640,2492,2493,16.5,3.667,115.63
641,2494,2495,11.333,0.333,77.28
642,2496,2497,8.474,1.041,60.69
643,2498,2499,8.316,0.895,59.32
644,2500,2501,4.234,0.357,33.17
645,2502,2503,62.174,497.423,168.94
646,2504,2505,14.0,0.0,114.35
647,2506,2507,8.0,0.0,45.37
648,2508,2509,2.0,0.0,9.83
649,2514,2515,3.333,8.267,3.89
650,2516,2517,28.0,0.0,126.59
651,2518,2519,18.0,3.0,87.61
652,2524,2525,5.5,0.333,30.39
653,2528,2529,18.0,0.0,88.14
654,2532,2533,5.667,4.333,17.48
655,2538,2539,5.667,0.333,30.08
656,2540,2541,4.0,0.0,25.04
657,2542,2543,6.25,0.25,28.52
658,2544,2545,3.0,0.0,15.59
659,2548,2549,8.5,0.5,44.31
660,2550,2551,9.0,0.0,43.97
661,2554,2555,6.0,0.0,27.23
662,2556,2557,1.009,0.009,6.73
663,2558,2559,3.011,0.389,36.94
664,2560,2561,5.967,0.558,74.12
665,2562,2563,6.333,0.333,29.34
666,2568,2569,2.4,0.3,11.84
667,2570,2571,3.0,0.0,17.65
668,2578,2579,4.083,0.447,44.76
669,2580,2581,1.583,0.447,21.75
670,2582,2583,4.7,0.456,59.63
671,2586,2587,2.429,0.286,19.02
672,2598,2599,8.952,91.448,43.87
673,2600,2601,16.4,4.463,121.56
674,2602,2603,5.0,0.333,32.63
675,2604,2605,4.333,0.333,27.94
676,2606,2607,5.0,0.0,40.39
677,2608,2609,1.333,0.333,7.97
678,2610,2611,10.333,2.333,83.85
679,2612,2613,10.0,0.0,87.32
680,2614,2615,26.528,21.113,134.84
681,2616,2617,58.25,97.659,298.75
682,2618,2619,10.44,2.906,47.63
683,2620,2621,7.069,3.995,30.74
684,2626,2627,8.863,1.481,101.54
685,2630,2631,34.0,60.333,152.02
686,2632,2633,3.643,0.416,26.49
687,2634,2635,1.074,0.07,7.77
688,2636,2637,2.078,0.274,15.75
689,2638,2639,11.0,0.0,53.33
690,2640,2641,13.538,121.603,40.19
691,2642,2643,5.889,0.861,28.47
692,2644,2645,21.25,17.583,84.18
693,2646,2647,6.25,220.5,4.16
694,2648,2649,8.091,1.291,38.46
695,2650,2651,8.667,1.333,42.45
696,2652,2653,202.214,65620.915,17.27
697,2654,2655,360.2,196717.476,71.79
698,2656,2657,200.444,118534.379,62.2
699,2660,2661,4.25,2.25,20.05
700,2662,2663,13.0,93.0,21.91
701,2664,2665,5.34,33.255,35.7
702,2666,2667,9.851,9.985,114.09
703,2668,2669,1.25,0.189,14.3
704,2670,2671,3.083,404.84,11.8
705,2676,2677,17.857,3.129,133.12
706,2678,2679,5.524,0.262,43.36
707,2680,2681,2.4,0.253,18.95
708,2682,2683,1.75,0.197,14.41
709,2684,2685,6.75,0.408,51.37
710,2690,2691,7.0,0.0,56.39
711,2692,2693,12.0,0.0,88.0
712,2694,2695,3.786,2.181,23.79
713,2696,2697,1.167,0.833,4.09
714,2698,2699,1.087,0.083,7.32
715,2700,2701,15.0,0.0,104.24
716,2702,2703,1.391,0.794,8.63
717,2704,2705,1.353,0.243,8.55
718,2706,2707,3.0,0.0,22.06
719,2710,2711,21.0,2.0,165.4
720,2712,2713,18.0,2.0,125.19
721,2716,2717,13.0,0.0,97.35
722,2720,2721,6.0,0.0,24.94
723,2722,2723,4.0,0.0,22.18
724,2728,2729,5.333,0.333,23.57
725,2732,2733,5.222,0.694,25.07
726,2734,2735,3.0,0.0,26.54
727,2736,2737,3.0,0.0,27.6
728,2738,2739,2.0,0.0,12.3
729,2742,2743,2.0,0.0,14.07
730,2750,2751,5.0,0.0,38.62
731,2754,2755,3.5,0.5,25.64
732,2760,2761,2.818,0.764,13.28
733,2762,2763,17.556,6.67,82.0
734,2764,2765,5.182,0.164,26.27
735,2768,2769,1.111,0.105,4.81
736,2770,2771,8.571,9.557,35.27
737,2772,2773,7.0,0.0,45.35
738,2776,2777,7.5,0.5,48.64
739,2778,2779,14.0,0.0,101.23
740,2780,2781,3.75,0.25,22.02
741,2782,2783,13.25,4.917,62.79
742,2786,2787,13.5,0.857,71.17
743,2788,2789,1.2,0.2,9.19
744,2790,2791,22.5,264.5,49.67
745,2792,2793,10.333,4.333,48.81
746,2794,2795,22.0,0.0,58.98
747,2796,2797,5.667,7.067,22.26
748,2798,2799,7.5,0.5,34.7
749,2800,2801,8.0,0.0,36.54
750,2802,2803,20.0,0.0,101.15
751,2804,2805,8.0,36.0,36.13
752,2806,2807,11.0,0.0,72.92
753,2808,2809,11.25,2.25,81.44
754,2810,2811,9.0,0.0,69.18
755,2812,2813,9.5,1.0,72.73
756,2814,2815,11.8,0.7,75.96
757,2816,2817,14.667,0.333,103.14
758,2818,2819,7.0,0.667,53.52
759,2820,2821,4.69,0.365,36.9
760,2826,2827,23.065,3459.696,39.6
761,2828,2829,61.945,19984.233,207.1
762,2830,2831,5.521,0.458,65.61
763,2840,2841,9.0,2.0,103.53
764,2842,2843,3.0,0.0,23.7
765,2844,2845,9.85,0.438,193.83
766,2848,2849,22.929,10.812,337.38
767,2850,2851,7.323,0.752,113.8
768,2852,2853,9.558,0.89,149.02
769,2854,2855,7.923,0.732,125.42
770,2856,2857,1.663,0.225,27.18
771,2858,2859,6.385,0.375,91.37
772,2880,2881,2.0,0.0,8.4
773,2882,2883,2.333,0.333,10.49
774,2888,2889,2.0,0.0,8.87
775,2896,2897,6.0,0.0,36.15
776,2898,2899,1.6,0.3,8.99
777,2904,2905,3.12,0.193,41.92
778,2906,2907,5.714,0.563,58.86
779,2908,2909,2.029,0.205,26.99
780,2912,2913,5.308,0.302,63.02
781,2916,2917,1.03,0.089,9.36
782,2918,2919,2.0,3.556,1.39
783,2920,2921,2.354,0.632,22.85
784,2924,2925,1.667,0.233,23.75
785,2926,2927,9.905,0.89,136.32
786,2928,2929,13.381,1.048,183.53
787,2930,2931,6.346,0.475,84.5
788,2932,2933,8.385,0.566,111.23
789,2934,2935,25.009,238.788,45.7
790,2936,2937,6.0,0.0,47.48
791,2940,2941,11.5,4.5,88.06
792,2944,2945,6.0,0.0,38.73
793,2950,2951,7.263,0.76,97.28
794,2952,2953,3.655,0.377,42.34
795,2954,2955,2.276,0.207,27.31
796,2958,2959,10.82,3.113,128.76
797,2960,2961,11.396,57.932,70.55
798,2962,2963,2.315,0.4,21.81
799,2964,2965,5.556,0.425,69.78
800,2972,2973,16.778,380.194,15.63
801,2974,2975,5.0,0.333,24.24
802,2976,2977,3.176,5.362,10.78
803,2978,2979,3.971,0.382,19.55
804,2980,2981,16.905,4.89,82.19
805,2986,2987,1.027,0.027,5.79
806,2988,2989,3.364,5.37,36.08
807,2990,2991,2.149,1.799,25.22
808,2992,2993,1.952,0.169,25.16
809,2994,2995,7.313,0.723,95.43
810,3018,3019,46.875,36.982,206.84
811,3022,3023,5.4,0.3,25.27
812,3024,3025,3.8,0.2,19.51
813,3040,3041,11.0,0.0,65.13
814,3042,3043,6.0,0.0,30.18
815,3044,3045,23.5,15.0,117.7
816,3046,3047,5.778,0.444,27.41
817,3048,3049,10.429,0.952,49.11
818,3050,3051,4.2,0.7,19.13
819,3070,3071,9.0,0.0,39.22
820,3072,3073,16.625,4.554,78.94
821,3112,3113,5.294,25.221,14.74
822,3130,3131,45.0,25.0,203.46
823,3134,3135,41.333,34.333,202.85
824,3142,3143,27.765,15.191,130.36
825,3144,3145,23.75,12.6,110.33
826,3146,3147,25.071,10.841,114.55
827,3148,3149,65.833,36.967,330.73
828,3156,3157,5.571,0.418,27.44
829,3158,3159,7.833,2.167,39.41
830,3180,3181,12.0,0.0,53.02
831,3182,3183,5.0,0.0,21.76
832,3196,3197,26.0,13.0,123.53
833,3226,3227,9.0,0.0,48.92
834,3228,3229,7.0,0.0,29.66
835,3230,3231,6.5,0.5,30.35
836,3234,3235,2.667,0.25,11.48
837,3242,3243,23.222,10.944,114.88
838,3246,3247,10.92,7.493,47.36
839,3248,3249,3.0,0.0,17.04
840,3252,3253,10.889,2.861,48.01
841,3254,3255,1.25,0.25,4.47
842,3256,3257,1.8,0.2,7.26
843,3258,3259,1.071,0.071,4.07
844,3266,3267,2.0,0.0,8.31
845,3270,3271,18.25,4.25,94.49
846,3274,3275,4.0,20.0,9.7
847,3276,3277,4.333,0.333,22.71
848,3282,3283,5.0,0.667,23.89
849,3288,3289,5.667,0.5,23.93
850,3294,3295,5.0,0.0,23.86
851,3296,3297,5.5,0.5,23.03
852,3302,3303,13.111,795.611,1.82
853,3304,3305,29.333,170.333,110.61
854,3308,3309,4.2,0.2,18.15
855,3310,3311,5.364,38.855,2.89
856,3312,3313,12.0,7.0,39.67
857,3318,3319,3.0,0.0,12.62
858,3320,3321,13.0,0.0,62.03
859,3326,3327,4.667,0.333,19.1
860,3336,3337,120.0,0.0,616.24
861,3340,3341,2.0,0.0,11.04
862,3344,3345,2.0,0.0,23.34
863,3346,3347,1.375,0.268,14.7
864,3350,3351,3.241,0.333,23.44
865,3352,3353,11.621,1.672,88.46
866,3354,3355,1.259,0.253,14.2
867,3358,3359,2.5,0.5,11.35
868,3366,3367,7.404,0.914,90.4
869,3368,3369,29.234,7.281,340.74
870,3370,3371,1.5,0.5,3.89
871,3376,3377,42.667,17.5,207.28
872,3378,3379,33.25,10.786,158.42
873,3382,3383,44.0,14.8,199.83
874,3384,3385,214.375,1156.839,1045.06
875,3386,3387,76.941,71.936,341.18
876,3388,3389,47.667,20.406,210.43
877,3390,3391,49.286,28.22,220.26
878,3392,3393,1.5,0.269,6.6
879,3394,3395,193.444,2887.278,949.7
880,3396,3397,2.111,0.34,14.72
881,3406,3407,22.2,12.7,44.65
882,3408,3409,40.8,51.7,81.43
883,3410,3411,11.667,4.333,28.44
884,3418,3419,15.0,0.0,90.96
885,3420,3421,4.667,0.333,30.98
886,3422,3423,8.333,0.333,55.5
887,3424,3425,6.667,0.333,46.42
888,3426,3427,12.0,2.0,85.19
889,3428,3429,7.0,12.4,26.22
890,3430,3431,19.0,0.0,130.23
891,3434,3435,3.909,4.121,22.33
892,3436,3437,2.185,0.267,16.74
893,3438,3439,2.308,0.231,15.64
894,3440,3441,12.182,1.764,91.7
895,3442,3443,1.5,0.5,12.46
896,3444,3445,1.192,0.158,4.9
897,3446,3447,1.111,0.159,5.15
898,3448,3449,17.327,9.401,134.51
899,3450,3451,4.227,0.279,32.8
900,3452,3453,9.182,1.108,71.32
901,3454,3455,3.955,0.426,29.73
902,3456,3457,3.818,0.364,26.73
903,3458,3459,12.6,1.3,96.77
904,3460,3461,5.4,0.3,33.56
905,3462,3463,3.75,0.25,26.8
906,3472,3473,31.5,0.5,142.82
907,3484,3485,5.667,1.067,114.52
908,3486,3487,2.5,0.3,29.41
909,3488,3489,57.364,28.909,116.64
910,3490,3491,243.2,872.886,526.52
911,3508,3509,32.789,11.738,159.58
912,3510,3511,318.5,19454.056,776.65
913,3512,3513,23.091,51.491,113.94
914,3518,3519,7.333,0.333,83.39
915,3520,3521,11.8,1.2,56.88
916,3522,3523,18.8,93.7,71.78
917,3526,3527,13.8,28.2,43.26
918,3528,3529,8.0,0.0,39.13
919,3530,3531,9.0,0.0,46.27
920,3534,3535,7.0,0.0,31.48
921,3536,3537,14.0,0.0,77.47
922,3538,3539,15.333,101.333,0.2
923,3548,3549,9.0,0.0,46.8
924,3550,3551,10.333,5.333,39.93
925,3554,3555,11.0,0.5,53.34
926,3556,3557,2.0,0.0,7.35
927,3560,3561,8.5,0.5,42.04
928,3562,3563,9.1,0.767,43.65
929,3564,3565,3.333,0.333,19.57
930,3568,3569,6.0,0.0,24.7
931,3572,3573,7.0,0.0,41.14
932,3574,3575,8.0,0.0,40.04
933,3580,3581,5.0,0.0,24.46
934,3582,3583,3.0,0.0,11.78
935,3588,3589,2.167,5.242,2.69
936,3590,3591,9.143,1.67,44.43
937,3592,3593,9.308,1.231,44.55
938,3594,3595,6.667,0.333,34.82
939,3604,3605,1.333,0.333,9.64
940,3606,3607,2.4,6.8,7.1
941,3608,3609,8.0,2.0,39.69
942,3610,3611,18.778,5.444,89.28
943,3612,3613,5.5,0.5,28.12
944,3614,3615,9.0,0.0,37.19
945,3616,3617,10.0,0.0,43.99
946,3618,3619,10.0,0.0,48.28
947,3624,3625,33.5,40.5,189.7
948,3628,3629,2.6,0.3,11.57
949,3630,3631,6.333,2.333,27.82
950,3632,3633,4.0,0.0,19.08
951,3634,3635,8.267,32.924,23.99
952,3636,3637,20.75,2.25,100.14
953,3638,3639,5.0,0.222,24.01
954,3640,3641,5.0,0.0,24.75
955,3642,3643,1.5,0.267,7.15
956,3644,3645,5.5,40.5,0.63
957,3652,3653,10.0,0.667,46.07
958,3654,3655,14.0,0.0,60.83
959,3656,3657,4.833,12.567,14.9
960,3658,3659,13.0,2.0,70.85
961,3662,3663,26.333,0.333,62.42
962,3664,3665,16.333,4.333,34.08
963,3668,3669,1.667,0.333,4.48
964,3672,3673,25.2,1.7,58.06
965,3674,3675,3.286,0.238,16.55
966,3678,3679,3.294,2.221,13.93
967,3680,3681,3.5,7.5,14.94
968,3682,3683,3.9,0.544,19.79
969,3684,3685,2.421,0.813,11.5
970,3686,3687,4.607,1.729,20.63
971,3688,3689,1.12,0.11,6.03
972,3694,3695,47.056,39.114,230.05
973,3696,3697,52.0,18.0,224.71
974,3698,3699,2.444,0.278,12.38
975,3702,3703,11.0,0.0,58.48
976,3704,3705,6.0,0.0,26.32
977,3706,3707,9.5,0.5,44.89
978,3708,3709,19.0,0.0,75.98
979,3710,3711,47.0,0.0,196.34
980,3712,3713,3.75,0.917,18.26
981,3716,3717,9.0,1.0,44.65
982,3718,3719,1.25,0.25,6.58
983,3720,3721,6.0,0.0,34.11
984,3722,3723,18.0,2.0,78.4
985,3724,3725,39.153,1709.088,57.35
986,3726,3727,7.533,1.712,95.12
987,3728,3729,3.707,0.507,47.19
988,3730,3731,13.716,3.549,176.13
989,3732,3733,1.553,0.253,17.38
990,3734,3735,3.391,0.377,39.77
991,3736,3737,16.5,4.5,36.44
992,3746,3747,3.0,0.0,18.03
993,3748,3749,9.25,1.841,44.48
994,3750,3751,13.25,3.357,64.23
995,3752,3753,18.0,11.273,91.25
996,3756,3757,7.6,0.8,37.02
997,3760,3761,26.0,50.0,123.4
998,3764,3765,2.375,0.332,11.09
999,3772,3773,9.5,0.5,42.79
1000,3776,3777,13.875,6.125,67.11
1001,3778,3779,22.0,7.0,89.49
1002,3780,3781,4.0,0.0,2.24
1003,3782,3783,5.333,56.333,4.56
1004,3786,3787,1.25,0.205,5.51
1005,3788,3789,21.6,5.8,100.75
1006,3790,3791,1.263,0.205,5.71
1007,3792,3793,23.846,30.474,101.23
1008,3796,3797,9.5,0.5,48.86
1009,3798,3799,26.75,32.786,119.98
1010,3800,3801,33.667,21.333,165.69
1011,3802,3803,2.643,1.786,10.14
1012,3806,3807,3.0,2.2,13.15
1013,3810,3811,9.0,128.0,2.4
1014,3814,3815,1.5,0.5,7.45
1015,3818,3819,12.5,0.5,54.34
1016,3820,3821,23.333,177.333,60.32
1017,3822,3823,3.667,0.333,18.69
1018,3826,3827,2.0,0.0,11.88
1019,3828,3829,9.667,0.333,45.98
1020,3830,3831,6.5,0.5,28.14
1021,3836,3837,2.0,0.0,9.29
1022,3840,3841,12.333,5.333,52.89
1023,3842,3843,9.0,0.0,44.26
1024,3844,3845,5.0,0.0,26.69
1025,3848,3849,4.667,0.333,21.63
1026,3854,3855,45.667,0.333,229.01
1027,3858,3859,13.875,1.839,66.25
1028,3860,3861,11.333,34.333,37.37
1029,3862,3863,10.0,0.0,43.05
1030,3864,3865,2.0,0.0,9.69
1031,3866,3867,3.5,0.5,26.82
1032,3868,3869,1.5,0.5,14.36
1033,3870,3871,2.5,0.5,17.42
1034,3874,3875,3.0,0.0,24.71
1035,3876,3877,5.5,0.5,43.35
1036,3890,3891,4.0,0.0,21.43
1037,3892,3893,15.571,1.952,117.53
1038,3894,3895,12.0,0.0,58.66
1039,3902,3903,2.778,7.444,1.36
1040,3904,3905,9.484,14.925,59.98
1041,3906,3907,5.778,0.418,43.88
1042,3908,3909,6.444,0.614,47.6
1043,3910,3911,2.071,0.225,11.38
1044,3912,3913,5.429,0.264,40.79
1045,3914,3915,2.5,0.423,20.1
1046,3916,3917,16.333,2.133,118.79
1047,3918,3919,4.971,0.492,61.49
1048,3924,3925,3.262,0.626,39.96
1049,3926,3927,3.0,0.0,18.68
1050,3928,3929,11.0,0.0,134.57
1051,3932,3933,1.2,0.2,6.32
1052,3938,3939,28.0,0.0,143.94
1053,3942,3943,22.5,16.286,110.46
1054,3948,3949,34.941,54.434,156.42
1055,3950,3951,11.333,0.333,54.43
1056,3956,3957,13.5,4.5,66.87
1057,3958,3959,14.0,0.0,61.3
1058,3960,3961,2.0,0.0,27.47
1059,3964,3965,13.5,5.667,88.17
1060,3966,3967,3.0,0.0,13.61
1061,3972,3973,11.5,4.5,82.49
1062,3974,3975,4.0,0.0,26.89
1063,3976,3977,11.0,0.0,78.86
1064,3978,3979,14.0,1.0,100.52
1065,3980,3981,12.0,1.5,82.26
1066,3982,3983,1.3,0.233,9.29
1067,3984,3985,3.222,0.194,22.71
1068,3986,3987,2.778,0.194,18.43
1069,3992,3993,3.0,0.0,19.15
1070,3998,3999,8.0,0.0,38.57
1071,4000,4001,5.5,0.5,24.68
1072,4006,4007,27.0,0.0,135.83
1073,4010,4011,12.0,0.0,59.47
1074,4028,4029,1.25,0.214,5.68
1075,4030,4031,3.375,0.268,22.46
1076,4032,4033,7.444,1.028,52.1
1077,4036,4037,16.0,8.0,93.15
1078,4040,4041,18.333,5.467,82.39
1079,4046,4047,20.0,0.0,90.01
1080,4054,4055,4.5,0.5,24.11
1081,4056,4057,15.0,7.0,68.08
1082,4058,4059,36.667,10.333,177.11
1083,4060,4061,38.5,19.143,188.69
1084,4072,4073,6.0,0.0,34.49
1085,4074,4075,28.0,2.0,59.57
1086,4080,4081,15.0,0.0,62.71
1087,4082,4083,5.0,0.0,26.76
1088,4092,4093,36.2,13.2,183.03
1089,4094,4095,48.5,12.5,267.12
1090,4104,4105,5.061,1.121,40.09
1091,4110,4111,6.0,0.0,31.13
1092,4116,4117,18.943,532.17,2.2
1093,4118,4119,21.622,366.855,34.63
1094,4122,4123,2.245,3.458,14.68
1095,4124,4125,6.122,0.86,46.05
1096,4126,4127,4.8,0.341,35.98
1097,4128,4129,41.213,228.608,309.1
1098,4130,4131,2.0,0.255,24.34
1099,4136,4137,4.603,0.537,56.55
1100,4138,4139,1.696,0.213,21.03
1101,4140,4141,16.159,4.423,202.41
1102,4142,4143,1.865,0.23,23.66
1103,4144,4145,4.571,0.59,56.63
1104,4146,4147,2.554,0.273,31.83
1105,4148,4149,1.412,0.279,16.77
1106,4150,4151,1.045,0.043,11.62
1107,4152,4153,2.518,0.251,30.85
1108,4154,4155,1.695,0.228,21.06
1109,4156,4157,1.83,0.171,22.92
1110,4158,4159,22.554,251.551,57.09
1111,4160,4161,8.508,57.616,80.15
1112,4162,4163,1.977,0.193,24.33
1113,4164,4165,2.254,0.206,27.56
1114,4166,4167,1.877,0.233,22.5
1115,4168,4169,3.763,0.367,45.62
1116,4170,4171,9.802,1.984,120.47
1117,4172,4173,13.567,2.549,166.06
1118,4174,4175,10.63,1.002,124.87
1119,4176,4177,3.5,0.5,18.48
1120,4178,4179,3.0,0.0,17.02
1121,4182,4183,9.0,0.0,40.86
1122,4190,4191,21.0,3.0,47.58
1123,4192,4193,22.667,1.333,50.3
1124,4206,4207,6.0,8.0,18.49
1125,4208,4209,29.462,805.936,0.19
1126,4212,4213,17.4,2.3,73.32
1127,4216,4217,21.971,205.852,37.52
1128,4218,4219,1.625,0.268,10.65
1129,4220,4221,1.375,0.268,16.86
1130,4222,4223,5.667,1.333,27.86
1131,4224,4225,10.125,1.268,45.23
1132,4226,4227,2.357,5.016,9.45
1133,4228,4229,3.118,0.36,14.34
1134,4230,4231,5.0,0.0,22.41
1135,4234,4235,7.25,0.25,35.07
1136,4238,4239,14.5,1.0,116.16
1137,4240,4241,2.5,0.333,17.11
1138,4242,4243,9.769,6.026,43.51
1139,4246,4247,14.176,190.21,16.07
1140,4248,4249,11.694,2.597,181.31
1141,4256,4257,7.0,0.0,34.12
1142,4260,4261,23.429,9.286,123.49
1143,4282,4283,2.0,0.0,7.29
1144,4286,4287,2.0,0.0,7.35
1145,4290,4291,2.0,0.0,7.21
1146,4294,4295,1.5,0.5,7.14
1147,4296,4297,2.0,0.0,7.37
1148,4302,4303,6.5,0.5,34.38
1149,4304,4305,3.833,0.167,18.09
1150,4306,4307,2.0,0.0,7.53
1151,4314,4315,60.75,20.917,321.18
1152,4322,4323,16.0,0.0,108.36
1153,4326,4327,11.0,0.0,74.19
1154,4334,4335,15.0,2.0,121.25
1155,4338,4339,3.0,0.0,19.18
1156,4340,4341,4.2,0.7,33.55
1157,4348,4349,8.0,0.0,63.11
1158,4350,4351,7.0,50.0,84.32
1159,4354,4355,5.25,1.583,40.88
1160,4362,4363,16.0,0.0,69.99
1161,4364,4365,6.0,1.0,30.69
1162,4368,4369,17.0,0.0,91.28
1163,4374,4375,4.0,0.0,17.89
1164,4376,4377,18.417,6.083,39.68
1165,4378,4379,13.5,4.5,33.62
1166,4380,4381,17.75,5.583,40.95
1167,4382,4383,29.571,25.619,63.76
1168,4388,4389,1.2,0.171,6.17
1169,4396,4397,16.0,1.0,71.27
1170,4402,4403,25.988,8.191,401.9
1171,4404,4405,35.0,0.0,182.71
1172,4418,4419,9.75,1.583,49.21
1173,4422,4423,9.0,0.0,49.23
1174,4426,4427,2.4,0.3,12.92
1175,4428,4429,11.0,2.0,49.21
1176,4434,4435,5.0,0.0,25.89
1177,4436,4437,4.0,0.0,18.99
1178,4438,4439,12.0,0.0,49.14
1179,4440,4441,8.25,0.25,32.93
1180,4442,4443,8.0,0.0,43.4
1181,4448,4449,2.2,4.4,5.67
1182,4458,4459,64.0,0.0,317.5
1183,4462,4463,74.5,60.5,317.49
1184,4472,4473,17.0,0.0,82.2
1185,4482,4483,7.0,0.5,32.68
1186,4486,4487,8.455,2.073,38.64
1187,4488,4489,4.625,0.554,21.98
1188,4490,4491,11.133,1.281,164.0
1189,4492,4493,3.625,0.346,56.29
1190,4494,4495,1.012,0.012,12.69
1191,4496,4497,1.856,0.215,27.91
1192,4498,4499,11.4,2.071,176.68
1193,4506,4507,1.5,0.3,7.39
1194,4508,4509,5.0,0.0,25.92
1195,4518,4519,2.0,0.0,8.02
1196,4520,4521,3.0,0.0,13.68
1197,4528,4529,10.75,2.25,50.88
1198,4530,4531,7.6,0.3,35.41
1199,4532,4533,16.0,2.4,74.25
1200,4536,4537,22.0,0.0,86.69
1201,4538,4539,11.0,8.0,45.47
1202,4540,4541,30.2,21.7,148.92
1203,4542,4543,5.167,0.697,23.54
1204,4544,4545,12.0,0.0,45.18
1205,4546,4547,22.333,341.333,1.18
1206,4550,4551,8.0,0.0,42.55
1207,4552,4553,9.0,2.0,37.2
1208,4556,4557,6.0,0.0,27.83
1209,4560,4561,4.0,2.0,23.34
1210,4562,4563,5.5,0.333,25.97
1211,4566,4567,6.0,0.0,27.85
1212,4568,4569,6.0,0.0,32.05
1213,4572,4573,4.5,1.0,23.72
1214,4576,4577,22.0,32.0,95.48
1215,4578,4579,1.25,0.25,4.31
1216,4582,4583,5.1,0.767,23.41
1217,4588,4589,13.333,2.333,63.8
1218,4590,4591,3.0,0.0,12.27
1219,4592,4593,4.333,2.333,21.72
1220,4616,4617,4.0,0.0,19.16
1221,4622,4623,4.3,40.233,4.74
1222,4628,4629,1.143,0.143,4.04
1223,4634,4635,1.125,0.117,5.51
1224,4638,4639,12.529,178.265,31.62
1225,4642,4643,10.0,0.0,50.48
1226,4646,4647,2.5,2.3,5.27
1227,4648,4649,1.5,0.5,7.9
1228,4650,4651,7.0,0.0,26.04
1229,4652,4653,7.0,0.0,32.13
1230,4654,4655,4.0,0.0,19.65
1231,4656,4657,5.5,0.5,26.42
1232,4664,4665,2.0,0.0,10.1
1233,4666,4667,7.0,0.0,34.49
1234,4674,4675,2.417,0.811,9.12
1235,4680,4681,1.167,0.167,5.05
1236,4684,4685,4.667,0.333,25.64
1237,4686,4687,24.0,882.0,0.2
1238,4690,4691,4.0,0.0,38.84
1239,4692,4693,3.0,0.0,44.38
1240,4696,4697,2.6,0.8,31.97
1241,4698,4699,3.2,0.2,44.19
1242,4700,4701,4.8,0.7,50.12
1243,4702,4703,5.222,0.694,68.68
1244,4704,4705,1.889,0.111,25.55
1245,4710,4711,3.25,0.25,36.57
1246,4712,4713,4.0,0.0,53.85
1247,4714,4715,2.167,0.167,19.05
1248,4716,4717,1.25,0.25,13.73
1249,4718,4719,2.0,0.0,17.24
1250,4720,4721,4.0,0.0,43.25
1251,4722,4723,26.5,12.5,306.6
1252,4724,4725,5.526,0.596,63.27
1253,4726,4727,1.263,0.205,15.53
1254,4728,4729,4.4,0.253,46.15
1255,4730,4731,2.0,0.0,13.33
1256,4732,4733,9.0,8.0,113.26
1257,4734,4735,2.667,0.333,30.35
1258,4750,4751,10.0,0.0,47.47
1259,4752,4753,1.778,0.194,9.34
1260,4790,4791,4.0,0.0,18.39
1261,4792,4793,4.0,0.0,15.63
1262,4794,4795,4.0,0.0,20.42
1263,4798,4799,6.0,0.0,30.69
1264,4806,4807,6.5,0.5,29.56
1265,4812,4813,10.222,1.694,50.59
1266,4818,4819,3.0,0.0,20.41
1267,4822,4823,4.0,0.0,18.59
1268,4826,4827,6.5,0.5,29.77
1269,4834,4835,7.0,0.0,30.84
1270,4846,4847,2.75,0.568,12.89
1271,4848,4849,29.2,29.289,126.51
1272,4850,4851,7.143,0.542,51.11
1273,4852,4853,2.196,0.161,18.42
1274,4856,4857,10.0,2.0,47.46
1275,4860,4861,5.0,0.0,24.75
1276,4864,4865,13.0,0.0,54.53
1277,4866,4867,9.0,8.0,36.45
1278,4868,4869,12.4,109.8,0.2
1279,4870,4871,8.2,169.2,0.21
1280,4872,4873,6.0,0.0,27.44
1281,4878,4879,20.2,30.7,84.55
1282,4880,4881,3.333,0.333,17.58
1283,4884,4885,3.241,0.812,39.58
1284,4886,4887,4.0,0.0,20.53
1285,4890,4891,10.0,0.0,48.22
1286,4898,4899,13.5,0.5,68.65
1287,4900,4901,21.0,0.0,0.2
1288,4902,4903,8.316,30.895,30.99
1289,4904,4905,3.0,0.0,18.3
1290,4906,4907,6.0,0.0,25.65
1291,4908,4909,31.0,882.0,50.29
1292,4912,4913,8.75,0.917,45.85
1293,4914,4915,4.5,0.5,26.71
1294,4916,4917,2.556,0.278,28.56
1295,4918,4919,3.1,0.1,30.96
1296,4922,4923,1.709,0.288,20.25
1297,4924,4925,3.326,0.336,41.15
1298,4926,4927,15.785,224.881,50.64
1299,4928,4929,6.831,81.426,46.31
1300,4934,4935,2.697,0.28,33.84
1301,4936,4937,3.0,0.188,37.07
1302,4938,4939,2.212,0.172,29.12
1303,4940,4941,3.273,0.267,44.86
1304,4942,4943,2.303,0.218,31.2
1305,4944,4945,5.545,1.006,76.46
1306,4946,4947,6.375,0.435,85.6
1307,4950,4951,2.219,0.176,30.22
1308,4952,4953,3.286,0.328,42.23
1309,4954,4955,2.343,0.291,29.7
1310,4956,4957,2.667,0.25,30.4
1311,4958,4959,3.222,0.194,42.8
1312,4960,4961,2.667,0.25,34.99
1313,4962,4963,2.0,0.25,29.02
1314,4966,4967,2.667,0.25,36.32
1315,4968,4969,2.222,0.194,29.06
1316,4970,4971,2.844,0.523,29.15
1317,4972,4973,13.424,28.371,109.22
1318,4974,4975,9.222,1.443,118.08
1319,4976,4977,7.273,19.364,75.28
1320,4978,4979,23.093,338.052,48.94
1321,4980,4981,1.917,5.782,4.87
1322,4982,4983,10.59,16.778,102.36
1323,4986,4987,9.346,1.992,110.7
1324,4988,4989,1.851,0.197,22.17
1325,4990,4991,2.366,0.233,28.54
1326,4992,4993,4.574,1.217,54.97
1327,4994,4995,3.372,0.375,38.46
1328,4996,4997,2.989,10.245,4.34
1329,4998,4999,15.579,4.396,191.25
1330,5000,5001,3.831,0.418,44.76
1331,5002,5003,17.333,0.333,124.87
1332,5004,5005,10.0,0.444,76.81
1333,5006,5007,27.63,212.51,114.62
1334,5008,5009,3.221,2.446,37.34
1335,5010,5011,6.101,1.876,73.56
1336,5014,5015,5.636,13.071,59.09
1337,5016,5017,4.921,0.602,56.57
1338,5018,5019,3.976,0.309,46.42
1339,5020,5021,19.75,2.917,151.94
1340,5022,5023,7.738,85.732,8.8
1341,5024,5025,13.605,135.811,62.51
1342,5026,5027,12.202,85.287,36.02
1343,5028,5029,1.125,0.117,13.13
1344,5030,5031,3.667,0.667,40.25
1345,5032,5033,2.423,0.254,32.77
1346,5034,5035,4.152,0.445,51.47
1347,5036,5037,3.205,0.165,31.06
1348,5038,5039,6.8,0.871,89.76
1349,5040,5041,2.441,0.254,31.75
1350,5042,5043,2.853,0.25,36.82
1351,5044,5045,14.639,3.209,191.35
1352,5046,5047,3.14,0.313,39.55
1353,5048,5049,6.319,0.744,81.96
1354,5050,5051,2.205,1.189,24.14
1355,5054,5055,6.452,702.614,19.98
1356,5056,5057,18.516,9.525,143.73
1357,5058,5059,1.966,0.034,14.5
1358,5060,5061,8.727,0.955,64.91
1359,5062,5063,2.273,0.205,16.16
1360,5066,5067,12.1,1.128,90.85
1361,5068,5069,10.069,1.067,75.75
1362,5070,5071,17.414,2.394,130.58
1363,5072,5073,8.357,0.608,63.11
1364,5074,5075,12.458,1.476,92.01
1365,5076,5077,6.625,0.766,48.03
1366,5078,5079,9.806,1.295,71.56
1367,5082,5083,13.143,1.476,159.3
1368,5084,5085,22.71,12.827,296.96
1369,5086,5087,16.0,2.0,0.29
1370,5088,5089,2.057,3.585,9.91
1371,5092,5093,8.6,1.378,61.45
1372,5094,5095,3.0,0.0,17.27
1373,5098,5099,7.333,0.333,57.83
1374,5100,5101,5.667,0.333,40.3
1375,5102,5103,2.154,0.474,25.26
1376,5104,5105,3.385,0.256,43.43
1377,5106,5107,4.5,0.455,51.51
1378,5108,5109,2.534,0.323,27.21
1379,5110,5111,4.0,0.414,49.79
1380,5112,5113,4.5,0.522,58.6
1381,5114,5115,5.083,0.688,67.44
1382,5116,5117,10.0,0.0,48.75
1383,5120,5121,5.0,0.667,24.01
1384,5122,5123,3.0,0.0,3.25
1385,5126,5127,5.25,2.917,27.97
1386,5128,5129,5.333,0.333,26.63
1387,5134,5135,5.0,0.0,38.27
1388,5136,5137,4.804,20.394,22.53
1389,5138,5139,2.14,0.323,26.68
1390,5140,5141,3.045,0.245,39.57
1391,5142,5143,3.326,0.314,43.06
1392,5148,5149,1.363,0.233,17.22
1393,5150,5151,1.895,0.396,21.29
1394,5152,5153,1.352,0.23,17.11
1395,5154,5155,4.369,0.417,54.65
1396,5156,5157,3.496,0.319,43.57
1397,5162,5163,4.439,0.404,56.78
1398,5164,5165,6.701,0.819,86.1
1399,5166,5167,4.0,0.364,49.56
1400,5168,5169,3.977,0.395,51.18
1401,5170,5171,4.935,0.64,64.21
1402,5174,5175,4.136,0.4,54.28
1403,5176,5177,1.431,0.249,19.67
1404,5178,5179,2.4,0.4,30.13
1405,5182,5183,1.109,0.099,12.13
1406,5184,5185,6.171,0.734,78.74
1407,5186,5187,2.314,0.281,27.38
1408,5188,5189,9.5,0.66,119.68
1409,5190,5191,11.214,0.915,142.42
1410,5200,5201,1.286,0.238,6.93
1411,5202,5203,12.407,7.405,166.06
1412,5204,5205,1.094,0.277,6.35
1413,5206,5207,5.588,0.65,61.87
1414,5208,5209,6.152,0.758,69.72
1415,5210,5211,4.632,0.468,62.06
1416,5214,5215,48.246,1387.068,49.54
1417,5216,5217,1.4,11.105,6.79
1418,5218,5219,12.779,98.707,57.03
1419,5220,5221,1.538,0.253,10.95
1420,5222,5223,8.14,1.337,61.81
1421,5224,5225,64.0,0.0,252.94
1422,5226,5227,6.667,0.333,30.89
1423,5228,5229,24.333,5.333,115.6
1424,5236,5237,2.2,7.755,7.66
1425,5238,5239,3.05,0.459,22.05
1426,5240,5241,2.865,0.398,20.87
1427,5244,5245,2.273,0.418,12.18
1428,5248,5249,17.667,1.333,124.86
1429,5250,5251,7.0,0.0,60.28
1430,5252,5253,6.867,0.695,46.25
1431,5254,5255,8.353,0.868,59.0
1432,5256,5257,11.889,1.869,86.82
1433,5258,5259,2.55,0.261,17.07
1434,5260,5261,4.583,0.254,29.74
1435,5262,5263,5.28,0.543,38.18
1436,5264,5265,1.76,0.273,13.22
1437,5266,5267,4.714,0.314,32.35
1438,5268,5269,2.842,0.474,22.02
1439,5270,5271,4.167,0.382,30.85
1440,5272,5273,17.25,0.917,135.46
1441,5274,5275,11.304,0.949,80.87
1442,5276,5277,2.85,0.239,20.07
1443,5278,5279,6.143,0.901,42.12
1444,5280,5281,6.909,0.491,50.17
1445,5282,5283,1.111,0.111,6.55
1446,5284,5285,5.778,1.359,41.81
1447,5286,5287,4.267,0.21,31.34
1448,5302,5303,13.0,0.0,88.01
1449,5304,5305,2.5,0.5,20.39
1450,5310,5311,6.5,4.5,47.19
1451,5314,5315,8.75,2.25,66.25
1452,5316,5317,5.5,0.5,43.83
1453,5318,5319,6.5,0.5,53.6
1454,5322,5323,1.143,0.129,10.65
1455,5324,5325,3.824,0.279,44.63
1456,5326,5327,3.769,0.359,46.02
1457,5328,5329,1.615,0.256,19.87
1458,5330,5331,2.692,0.231,36.0
1459,5332,5333,11.462,0.936,148.64
1460,5334,5335,3.15,0.345,39.22
1461,5336,5337,1.45,0.261,18.44
1462,5338,5339,1.65,0.345,21.21
1463,5340,5341,1.545,0.45,18.59
1464,5342,5343,1.864,0.219,23.94
1465,5344,5345,2.045,0.522,22.69
1466,5346,5347,1.294,0.221,15.67
1467,5348,5349,7.4,1.3,99.87
1468,5350,5351,6.2,0.7,85.33
1469,5352,5353,5.875,0.411,78.75
1470,5354,5355,2.542,0.296,29.79
1471,5356,5357,4.894,0.401,62.66
1472,5358,5359,2.792,0.254,35.58
1473,5360,5361,2.917,0.206,37.96
1474,5362,5363,7.275,0.763,92.9
1475,5364,5365,1.549,0.253,19.28
1476,5366,5367,8.118,0.986,104.46
1477,5368,5369,6.647,0.873,83.14
1478,5370,5371,4.289,0.482,55.37
1479,5374,5375,11.8,1.289,153.14
1480,5376,5377,10.0,1.111,130.16
1481,5378,5379,4.5,0.278,54.04
1482,5380,5381,7.2,0.622,97.44
1483,5382,5383,3.105,0.367,38.78
1484,5386,5387,3.237,0.294,39.99
1485,5388,5389,6.026,0.405,78.51
1486,5390,5391,1.5,0.257,20.8
1487,5392,5393,5.211,0.495,67.84
1488,5394,5395,3.047,0.283,37.74
1489,5396,5397,4.5,1.963,27.61
1490,5398,5399,6.481,0.875,48.42
1491,5400,5401,5.917,0.775,45.54
1492,5402,5403,6.25,1.065,46.96
1493,5404,5405,4.727,0.303,36.1
1494,5406,5407,2.917,0.341,21.26
1495,5408,5409,1.667,0.232,12.9
1496,5410,5411,1.5,0.261,11.47
1497,5412,5413,6.958,0.911,51.46
1498,5414,5415,17.545,46.699,181.08
1499,5416,5417,19.366,199.69,65.03
1500,5418,5419,7.246,42.587,42.54
1501,5420,5421,6.089,21.082,50.97
1502,5422,5423,1.217,3.755,6.28
1503,5424,5425,2.681,54.837,7.49
1504,5426,5427,3.953,25.621,39.16
1505,5428,5429,22.029,18.22,253.18
1506,5430,5431,3.762,10.073,21.05
1507,5432,5433,7.698,1.247,91.29
1508,5434,5435,1.612,0.339,17.12
1509,5436,5437,1.016,0.016,10.55
1510,5438,5439,1.913,0.132,24.66
1511,5440,5441,4.922,0.378,61.57
1512,5442,5443,4.885,15.293,36.76
1513,5444,5445,1.755,0.402,19.63
1514,5446,5447,1.466,0.252,19.16
1515,5448,5449,11.112,1.715,142.6
1516,5450,5451,7.716,0.906,98.35
1517,5452,5453,4.013,0.402,51.47
1518,5454,5455,8.577,0.949,107.02
1519,5456,5457,8.099,1.201,100.67
1520,5460,5461,10.648,1.541,134.1
1521,5462,5463,6.023,0.551,76.11
1522,5468,5469,4.909,0.497,62.86
1523,5470,5471,2.295,0.257,29.0
1524,5472,5473,21.221,218.349,36.8
1525,5474,5475,6.192,0.608,97.96
1526,5476,5477,1.235,0.191,7.9
1527,5482,5483,1.5,0.5,8.38
1528,5484,5485,5.0,0.0,60.47
1529,5488,5489,47.667,24.333,228.79
1530,5490,5491,21.667,1.333,107.32
1531,5496,5497,5.17,0.528,38.4
1532,5498,5499,12.667,2.333,57.71
1533,5502,5503,24.0,7.0,114.34
1534,5506,5507,9.0,0.0,48.27
1535,5508,5509,18.5,4.5,79.42
1536,5510,5511,7.667,0.333,55.08
1537,5512,5513,8.0,1.0,59.67
1538,5514,5515,39.0,0.0,258.57
1539,5516,5517,14.5,0.5,97.54
1540,5518,5519,7.786,0.489,53.7
1541,5520,5521,10.917,0.992,81.54
1542,5522,5523,12.167,7.676,79.04
1543,5524,5525,10.294,0.971,77.19
1544,5528,5529,6.286,0.571,47.3
1545,5530,5531,6.25,0.5,47.32
1546,5532,5533,8.9,0.989,65.31
1547,5534,5535,7.167,0.697,53.35
1548,5536,5537,5.267,0.638,38.95
1549,5538,5539,5.825,0.54,72.93
1550,5540,5541,4.93,0.459,62.58
1551,5542,5543,2.852,0.461,34.47
1552,5544,5545,1.021,0.021,9.33
1553,5546,5547,6.094,0.933,77.6
1554,5548,5549,11.6,3.3,78.97
1555,5550,5551,5.714,0.238,38.99
1556,5552,5553,32.0,72.0,225.31
1557,5554,5555,3.347,0.343,42.7
1558,5556,5557,2.714,0.238,11.61
1559,5558,5559,6.5,0.5,23.96
1560,5562,5563,12.6,217.8,29.7
1561,5566,5567,15.5,0.5,85.82
1562,5570,5571,2.0,0.0,10.42
1563,5572,5573,11.5,0.5,71.6
1564,5576,5577,9.0,0.0,33.62
1565,5578,5579,3.0,0.0,14.16
1566,5582,5583,3.0,0.0,24.78
1567,5584,5585,5.667,0.333,27.04
1568,5590,5591,7.0,0.0,32.89
1569,5592,5593,5.0,0.0,20.22
1570,5598,5599,2.6,0.8,13.48
1571,5600,5601,4.0,0.0,25.14
1572,5602,5603,18.0,0.0,86.6
1573,5606,5607,3.0,0.0,13.92
1574,5608,5609,12.333,2.333,60.84
1575,5610,5611,22.575,176.819,204.76
1576,5612,5613,15.219,584.834,24.23
1577,5614,5615,14.345,557.602,41.17
1578,5616,5617,21.703,754.618,162.93
1579,5618,5619,9.966,1.597,125.19
1580,5620,5621,3.986,0.458,49.32
1581,5622,5623,4.5,0.3,35.04
1582,5624,5625,1.484,1.212,15.33
1583,5626,5627,4.704,39.646,27.03
1584,5628,5629,3.5,0.5,18.76
1585,5632,5633,3.556,0.278,18.01
1586,5634,5635,2.0,0.0,11.44
1587,5636,5637,1.636,0.255,7.81
1588,5638,5639,13.0,54.545,82.3
1589,5640,5641,7.455,0.673,59.53
1590,5642,5643,9.364,1.055,73.89
1591,5644,5645,4.545,0.273,34.99
1592,5646,5647,2.4,0.267,18.22
1593,5648,5649,8.136,0.981,61.97
1594,5656,5657,5.0,0.0,29.2
1595,5658,5659,3.667,0.333,18.95
1596,5660,5661,6.0,0.0,29.49
1597,5662,5663,16.5,81.667,58.94
1598,5664,5665,6.0,0.0,37.66
1599,5676,5677,10.0,0.0,39.06
1600,5678,5679,12.0,0.0,143.46
1601,5680,5681,4.667,0.333,52.84
1602,5682,5683,16.25,3.929,188.55
1603,5686,5687,5.333,1.333,24.12
1604,5688,5689,6.0,2.0,28.83
1605,5690,5691,15.0,0.0,65.52
1606,5692,5693,19.286,22.571,84.04
1607,5694,5695,17.0,2.0,88.45
1608,5704,5705,12.0,0.0,58.12
1609,5706,5707,5.0,0.0,20.96
1610,5710,5711,6.0,0.0,23.43
1611,5716,5717,7.667,0.667,38.42
1612,5718,5719,5.429,0.619,25.82
1613,5720,5721,4.7,0.678,22.84
1614,5722,5723,10.9,2.2,170.01
1615,5724,5725,4.45,0.471,60.45
1616,5728,5729,1.758,0.228,22.11
1617,5730,5731,3.357,0.401,23.36
1618,5732,5733,9.7,0.9,69.94
1619,5734,5735,10.2,1.067,72.61
1620,5736,5737,15.111,1.861,107.93
1621,5738,5739,17.4,3.156,130.63
1622,5740,5741,2.7,0.233,21.26
1623,5744,5745,7.4,0.489,53.43
1624,5746,5747,4.111,0.111,29.3
1625,5748,5749,10.444,1.278,74.66
1626,5750,5751,4.75,0.214,32.63
1627,5752,5753,6.875,0.411,49.81
1628,5754,5755,14.5,2.0,104.31
1629,5756,5757,11.75,1.071,81.57
1630,5758,5759,3.75,0.214,27.92
1631,5764,5765,3.667,7.75,11.45
1632,5766,5767,8.0,0.0,39.4
1633,5774,5775,9.5,17.9,60.38
1634,5776,5777,9.6,1.3,70.12
1635,5778,5779,9.0,0.0,71.9
1636,5780,5781,6.0,1.0,41.35
1637,5782,5783,10.0,2.0,64.16
1638,5784,5785,6.667,1.333,48.55
1639,5788,5789,54.0,0.0,397.83
1640,5790,5791,6.333,1.333,46.92
1641,5792,5793,11.667,0.333,80.67
1642,5794,5795,9.0,0.0,61.22
1643,5796,5797,24.0,0.0,163.75
1644,5798,5799,28.333,9.333,192.39
1645,5800,5801,13.143,47.476,75.95
1646,5802,5803,13.8,0.7,101.61
1647,5804,5805,12.222,1.194,88.99
1648,5806,5807,3.833,0.167,30.09
1649,5808,5809,4.125,0.411,27.17
1650,5810,5811,3.25,0.25,24.22
1651,5812,5813,3.2,0.2,23.34
1652,5814,5815,10.0,27.0,50.52
1653,5816,5817,10.0,0.667,75.18
1654,5818,5819,11.75,4.25,91.01
1655,5820,5821,5.667,0.333,40.92
1656,5824,5825,5.0,1.0,38.11
1657,5826,5827,2.0,0.0,11.55
1658,5830,5831,5.0,0.8,34.57
1659,5832,5833,8.167,0.567,60.86
1660,5834,5835,9.25,0.917,63.67
1661,5836,5837,13.0,0.0,167.65
1662,5838,5839,7.0,0.0,62.46
1663,5840,5841,9.5,0.5,83.0
1664,5842,5843,5.25,0.25,54.9
1665,5844,5845,11.25,4.25,131.87
1666,5846,5847,8.0,0.0,80.82
1667,5848,5849,21.957,44.225,230.66
1668,5850,5851,8.955,1.474,113.63
1669,5852,5853,1.652,0.419,18.59
1670,5854,5855,18.35,3.608,229.87
1671,5856,5857,12.9,1.779,161.82
1672,5860,5861,8.761,2.23,118.52
1673,5862,5863,6.029,1.246,82.74
1674,5864,5865,6.257,0.918,92.9
1675,5866,5867,2.917,6.287,21.46
1676,5872,5873,1.27,0.198,14.42
1677,5876,5877,4.0,0.0,17.17
1678,5878,5879,10.75,1.643,51.1
1679,5880,5881,9.714,0.905,46.82
1680,5882,5883,9.125,0.696,43.39
1681,5886,5887,1.667,0.97,7.42
1682,5890,5891,8.0,0.0,37.37
1683,5894,5895,3.311,0.53,37.53
1684,5896,5897,1.327,0.222,16.37
1685,5898,5899,11.935,1.892,149.55
1686,5900,5901,5.612,0.973,66.86
1687,5902,5903,8.885,11.921,106.25
1688,5904,5905,7.736,0.946,96.73
1689,5906,5907,4.281,0.454,54.41
1690,5908,5909,3.11,0.236,39.2
1691,5910,5911,1.86,0.522,22.07
1692,5912,5913,3.073,0.235,37.6
1693,5914,5915,48.667,4.333,217.58
1694,5918,5919,26.286,3.905,121.4
1695,5924,5925,8.0,0.0,57.51
1696,5926,5927,8.0,0.0,56.77
1697,5928,5929,18.333,2.333,127.23
1698,5932,5933,9.5,0.5,67.03
1699,5936,5937,16.0,2.0,117.47
1700,5940,5941,3.0,0.0,20.78
1701,5942,5943,7.25,0.917,50.28
1702,5944,5945,21.333,6.333,154.57
1703,5948,5949,13.667,21.333,82.85
1704,5952,5953,5.214,0.335,40.37
1705,5954,5955,3.857,0.81,26.39
1706,5956,5957,2.556,0.278,19.11
1707,5958,5959,7.75,0.5,59.21
1708,5960,5961,5.0,0.222,36.73
1709,5964,5965,1.154,0.141,8.02
1710,5966,5967,6.857,0.44,51.55
1711,5968,5969,17.0,0.0,84.68
1712,5970,5971,10.0,0.0,45.99
1713,5972,5973,19.0,0.0,74.07
1714,5974,5975,17.0,0.0,79.7
1715,5976,5977,36.0,0.0,176.19
1716,5978,5979,25.9,3.656,203.67
1717,5980,5981,6.9,0.544,54.3
1718,5982,5983,6.1,0.544,44.16
1719,5984,5985,12.7,2.233,99.09
1720,5986,5987,17.0,2.0,132.67
1721,5990,5991,2.0,0.0,14.57
1722,5992,5993,2.4,0.3,15.09
1723,5996,5997,7.0,0.0,57.06
1724,5998,5999,10.5,0.5,80.34
1725,6000,6001,4.0,0.0,29.59
1726,6002,6003,1.333,0.333,13.11
1727,6006,6007,18.25,0.917,143.16
1728,6008,6009,9.4,1.3,69.63
1729,6012,6013,1.143,0.143,5.82
1730,6016,6017,9.4,2.3,47.47
1731,6018,6019,3.0,0.0,16.42
1732,6020,6021,10.0,1.0,53.82
1733,6022,6023,1.5,0.5,4.61
1734,6024,6025,7.0,0.0,40.62
1735,6026,6027,9.0,0.0,46.77
1736,6028,6029,7.0,0.0,33.56
1737,6032,6033,17.75,0.917,96.75
1738,6034,6035,5.6,0.267,25.51
1739,6036,6037,5.667,0.667,25.86
1740,6038,6039,5.333,0.333,26.44
1741,6040,6041,5.0,0.0,26.39
1742,6042,6043,6.167,16.493,21.72
1743,6050,6051,19.0,0.0,77.28
1744,6052,6053,26.0,3.333,116.88
1745,6054,6055,1.133,0.124,4.5
1746,6056,6057,1.5,1.0,1.59
1747,6068,6069,1.444,0.278,5.17
1748,6074,6075,6.271,2.185,79.22
1749,6076,6077,3.997,0.711,51.29
1750,6078,6079,8.128,1.143,104.74
1751,6080,6081,3.0,0.0,20.22
1752,6082,6083,7.0,0.0,40.39
1753,6084,6085,3.625,0.268,16.74
1754,6090,6091,11.0,0.0,55.53
1755,6092,6093,2.0,0.0,16.45
1756,6094,6095,5.0,0.0,35.48
1757,6098,6099,7.333,0.333,34.54
1758,6102,6103,3.0,0.0,18.02
1759,6108,6109,24.686,11.104,172.95
1760,6110,6111,14.0,0.0,105.67
1761,6114,6115,3.0,0.0,23.08
1762,6116,6117,5.0,0.0,36.91
1763,6122,6123,3.333,0.333,23.59
1764,6124,6125,6.4,0.3,49.55
1765,6126,6127,11.833,1.767,92.58
1766,6128,6129,17.857,5.81,129.13
1767,6130,6131,63.0,14560.667,19.1
1768,6132,6133,3.25,2.25,29.21
1769,6136,6137,13.0,0.0,94.44
1770,6140,6141,3.0,0.0,20.7
1771,6142,6143,11.667,1.333,90.15
1772,6146,6147,13.0,0.0,90.9
1773,6150,6151,9.6,0.3,76.08
1774,6156,6157,15.5,58.481,130.13
1775,6158,6159,7.308,0.622,90.34
1776,6160,6161,3.15,11.397,1.77
1777,6164,6165,9.0,0.0,66.2
1778,6168,6169,10.0,0.0,75.69
1779,6170,6171,21.0,0.0,168.19
1780,6174,6175,11.5,0.5,86.53
1781,6176,6177,29.0,0.0,208.81
1782,6182,6183,7.0,0.0,53.83
1783,6184,6185,9.5,0.5,66.83
1784,6186,6187,25.0,0.0,115.34
1785,6188,6189,14.5,4.5,74.85
1786,6190,6191,7.143,1.143,31.74
1787,6200,6201,5.5,40.5,2.13
1788,6202,6203,13.6,4.3,59.56
1789,6206,6207,6.611,0.84,30.9
1790,6208,6209,4.0,0.0,17.44
1791,6210,6211,18.0,0.0,0.37
1792,6212,6213,16.0,0.0,74.9
1793,6216,6217,3.333,0.242,17.46
1794,6218,6219,7.467,0.981,35.13
1795,6220,6221,30.5,11.0,68.66
1796,6224,6225,40.5,4.5,90.96
1797,6226,6227,4.0,0.0,7.55
1798,6230,6231,12.625,0.554,28.51
1799,6232,6233,2.0,0.0,9.16
1800,6238,6239,11.0,0.0,63.71
1801,6242,6243,9.0,0.0,43.13
1802,6248,6249,5.0,0.0,22.09
1803,6254,6255,2.0,0.0,8.47
1804,6262,6263,8.333,1.333,40.4
1805,6268,6269,3.5,0.5,15.27
1806,6270,6271,2.0,0.0,13.54
1807,6274,6275,2.0,0.0,11.06
1808,6278,6279,4.8,0.7,25.52
1809,6280,6281,7.0,0.0,0.89
1810,6284,6285,5.6,0.3,27.36
1811,6286,6287,5.0,0.0,22.03
1812,6288,6289,2.0,0.0,5.35
1813,6290,6291,14.0,0.0,73.91
1814,6292,6293,12.333,0.333,60.03
1815,6294,6295,10.0,0.0,52.79
1816,6300,6301,21.8,6.7,103.74
1817,6306,6307,6.0,0.0,28.13
1818,6308,6309,4.25,0.5,18.24
1819,6316,6317,1.5,0.5,9.37
1820,6322,6323,15.0,0.0,65.89
1821,6324,6325,11.0,0.0,63.84
1822,6342,6343,2.727,0.398,12.96
1823,6346,6347,2.0,0.0,11.29
1824,6350,6351,11.0,0.0,47.5
1825,6352,6353,7.0,0.0,47.72
1826,6354,6355,34.5,4.5,159.31
1827,6356,6357,8.0,0.0,41.56
1828,6360,6361,11.0,0.0,51.37
1829,6362,6363,11.0,8.0,40.22
1830,6366,6367,22.0,3.0,103.51
1831,6368,6369,7.0,0.0,36.39
1832,6370,6371,8.0,0.0,38.49
1833,6374,6375,8.0,1.0,37.52
1834,6384,6385,8.0,0.0,47.15
1835,6388,6389,15.0,0.0,74.35
1836,6392,6393,7.0,0.0,38.56
1837,6394,6395,14.0,2.0,70.62
1838,6396,6397,7.0,0.0,32.77
1839,6400,6401,2.333,0.333,9.68
1840,6402,6403,18.333,1.333,90.65
1841,6404,6405,6.0,0.0,33.35
1842,6406,6407,3.0,0.364,13.41
1843,6408,6409,19.5,6.278,94.9
1844,6410,6411,29.0,2.0,72.92
1845,6414,6415,4.667,0.333,20.67
1846,6416,6417,5.0,0.0,24.54
1847,6418,6419,8.053,0.386,56.0
1848,6422,6423,9.444,0.85,68.25
1849,6424,6425,6.786,0.335,50.42
1850,6428,6429,5.625,0.554,42.25
1851,6430,6431,2.0,0.0,17.91
1852,6432,6433,24.0,2.0,168.85
1853,6434,6435,5.0,0.0,35.9
1854,6436,6437,32.0,9.0,244.19
1855,6444,6445,13.096,115.866,28.93
1856,6446,6447,8.341,1.12,169.38
1857,6448,6449,20.0,0.0,117.52
1858,6450,6451,7.0,0.0,30.75
1859,6452,6453,9.0,0.0,39.16
1860,6454,6455,3.6,0.3,19.89
1861,6456,6457,5.4,1.3,22.44
1862,6460,6461,3.667,0.333,25.72
1863,6470,6471,34.338,1036.457,50.2
1864,6472,6473,11.971,79.386,128.96
1865,6474,6475,3.25,0.25,26.06
1866,6476,6477,5.5,0.333,67.63
1867,6478,6479,6.0,0.545,72.38
1868,6480,6481,8.455,0.873,109.15
1869,6482,6483,5.0,0.6,62.1
1870,6484,6485,8.889,0.861,119.78
1871,6486,6487,7.6,2.267,50.1
1872,6488,6489,6.714,0.571,51.71
1873,6490,6491,19.75,44.917,176.62
1874,6494,6495,9.2,1.7,67.52
1875,6496,6497,12.2,1.7,83.97
1876,6498,6499,15.0,0.0,119.74
1877,6500,6501,5.5,0.286,37.66
1878,6502,6503,2.538,0.269,15.37
1879,6504,6505,7.571,0.619,55.48
1880,6506,6507,10.5,0.7,80.22
1881,6508,6509,21.667,9.467,155.31
1882,6512,6513,7.444,0.528,56.42
1883,6514,6515,11.5,1.143,83.88
1884,6516,6517,9.333,5.333,58.39
1885,6520,6521,7.0,0.0,58.13
1886,6522,6523,9.0,0.0,67.44
1887,6524,6525,24.2,9.7,183.09
1888,6526,6527,31.125,35.839,206.09
1889,6528,6529,4.9,0.322,32.16
1890,6530,6531,5.143,1.143,37.85
1891,6532,6533,23.286,7.905,178.42
1892,6534,6535,18.757,163.411,80.66
1893,6536,6537,3.556,0.528,43.66
1894,6538,6539,3.0,0.286,32.21
1895,6540,6541,8.857,1.143,102.22
1896,6542,6543,1.857,0.303,23.43
1897,6544,6545,7.758,1.564,98.9
1898,6546,6547,6.469,0.967,83.22
1899,6550,6551,4.174,0.605,37.16
1900,6552,6553,6.15,0.976,79.27
1901,6554,6555,4.545,0.831,49.22
1902,6556,6557,12.0,0.0,148.7
1903,6558,6559,8.0,0.0,107.73
1904,6560,6561,10.0,0.0,117.59
1905,6568,6569,2.55,0.366,33.34
1906,6570,6571,3.8,0.379,49.13
1907,6572,6573,5.25,0.333,69.56
1908,6574,6575,4.875,0.383,65.17
1909,6578,6579,2.312,0.229,31.38
1910,6580,6581,3.5,0.267,44.45
1911,6582,6583,9.75,0.6,119.35
1912,6586,6587,4.0,0.0,17.96
1913,6588,6589,8.0,0.0,30.95
1914,6592,6593,3.5,0.5,18.2
1915,6598,6599,4.133,0.41,30.11
1916,6600,6601,9.625,0.554,68.53
1917,6602,6603,2.364,0.255,18.47
1918,6604,6605,2.083,0.265,13.78
1919,6606,6607,2.25,0.205,17.7
1920,6614,6615,5.0,0.0,22.11
1921,6616,6617,5.0,0.0,19.98
1922,6624,6625,4.0,0.0,18.14
1923,6626,6627,11.667,4.333,57.15
1924,6628,6629,23.25,2.25,116.25
1925,6630,6631,7.75,0.917,53.49
1926,6632,6633,16.333,2.333,125.93
1927,6636,6637,7.0,0.0,51.48
1928,6638,6639,10.167,2.567,70.29
1929,6642,6643,6.233,0.516,44.96
1930,6648,6649,18.0,0.0,124.29
1931,6650,6651,14.5,4.3,109.85
1932,6652,6653,12.75,2.25,98.68
1933,6654,6655,1.25,0.25,8.38
1934,6656,6657,21.0,0.0,190.61
1935,6658,6659,8.5,0.5,70.57
1936,6660,6661,15.0,0.0,135.01
1937,6662,6663,8.25,0.25,59.5
1938,6664,6665,9.0,0.0,67.17
1939,6666,6667,21.75,4.932,165.11
1940,6668,6669,18.5,0.5,139.79
1941,6670,6671,23.0,0.0,189.13
1942,6674,6675,7.25,12.25,66.08
1943,6676,6677,2.0,0.0,14.8
1944,6678,6679,7.5,0.5,55.51
1945,6680,6681,8.4,0.3,58.54
1946,6688,6689,2.5,7.0,2.13
1947,6690,6691,16.245,14.246,230.96
1948,6692,6693,22.0,0.0,134.86
1949,6694,6695,32.8,16.677,158.99
1950,6696,6697,36.929,22.379,173.6
1951,6702,6703,19.0,0.0,115.28
1952,6708,6709,36.0,3.0,165.51
1953,6710,6711,19.0,0.0,116.13
1954,6714,6715,23.0,0.0,115.45
1955,6730,6731,14.5,4.5,61.64
1956,6734,6735,77.0,0.0,346.69
1957,6742,6743,27.0,0.0,145.54
1958,6744,6745,36.0,0.0,174.68
1959,6750,6751,27.0,0.0,167.77
1960,6752,6753,33.0,0.0,164.84
1961,6760,6761,174.0,0.0,860.68
1962,6762,6763,18.5,12.5,91.41
1963,6764,6765,19.0,0.0,112.01
1964,6768,6769,28.0,0.0,121.98
1965,6770,6771,28.5,0.5,126.08
1966,6774,6775,48.0,0.0,236.2
1967,6778,6779,22.0,0.0,127.1
1968,6786,6787,43.417,1556.629,103.54
1969,6788,6789,4.167,0.167,27.66
1970,6790,6791,18.25,1.583,135.6
1971,6792,6793,9.0,0.0,64.13
1972,6800,6801,10.5,4.5,75.91
1973,6802,6803,15.0,8.0,102.29
1974,6804,6805,44.75,160.917,267.36
1975,6806,6807,6.333,0.333,43.89
1976,6810,6811,7.0,0.0,45.93
1977,6814,6815,9.0,0.0,73.3
1978,6816,6817,7.0,0.0,54.59
1979,6818,6819,3.0,0.0,24.72
1980,6820,6821,7.0,0.0,57.97
1981,6822,6823,2.0,0.0,14.49
1982,6828,6829,11.889,195.611,20.76
1983,6830,6831,3.556,0.528,24.85
1984,6836,6837,3.0,0.0,18.69
1985,6838,6839,5.625,1.125,43.24
1986,6840,6841,4.571,0.952,33.98
1987,6842,6843,3.2,0.7,25.43
1988,6844,6845,1.25,0.25,9.08
1989,6846,6847,6.6,0.8,44.66
1990,6848,6849,4.333,0.333,28.74
1991,6852,6853,2.5,0.5,13.12
1992,6862,6863,24.311,422.946,30.05
1993,6864,6865,1.613,1.645,12.4
1994,6870,6871,10.0,0.0,40.2
1995,6872,6873,8.0,0.0,40.24
1996,6874,6875,9.0,0.0,40.17
1997,6876,6877,10.0,0.0,40.52
1998,6878,6879,7.5,0.5,40.56
1999,6880,6881,6.0,1.0,33.54
2000,6884,6885,5.0,2.0,19.25
2001,6886,6887,5.0,0.0,20.96
2002,6918,6919,2.0,0.0,7.02
2003,6920,6921,8.0,0.0,42.29
2004,6922,6923,5.0,2.0,23.18
2005,6924,6925,9.5,4.5,39.63
2006,6940,6941,4.0,0.0,23.05
2007,6942,6943,7.667,0.333,39.8
2008,6946,6947,9.5,1.667,44.11
2009,6958,6959,7.0,0.0,35.23
2010,6960,6961,4.0,0.0,22.72
2011,6964,6965,7.0,0.0,37.21
2012,6968,6969,4.667,0.333,22.91
2013,6970,6971,5.667,0.333,22.79
2014,6988,6989,79.0,0.0,141.31
2015,6990,6991,16.667,3.0,125.22
2016,6992,6993,5.455,0.673,37.56
2017,6994,6995,5.185,0.311,38.33
2018,7000,7001,21.062,627.929,5.16
2019,7002,7003,5.5,0.8,63.47
2020,7004,7005,4.125,4.783,45.58
2021,7006,7007,1.188,0.162,17.56
2022,7010,7011,1.25,0.2,12.73
2023,7012,7013,2.684,0.228,19.23
2024,7014,7015,19.0,2.4,260.73
2025,7016,7017,3.5,0.267,46.52
2026,7018,7019,3.1,0.1,64.02
2027,7020,7021,9.6,2.044,198.42
2028,7022,7023,3.889,0.361,45.68
2029,7024,7025,1.5,0.5,0.2
2030,7026,7027,1.41,0.467,9.79
2031,7038,7039,119.2,2122.2,653.65
2032,7062,7063,69.0,18.0,129.14
2033,7064,7065,44.333,24.333,96.23
2034,7066,7067,5.893,0.321,69.41
2035,7068,7069,31.167,795.699,30.28
2036,7070,7071,1.063,0.06,9.29
2037,7072,7073,9.506,153.701,70.46
2038,7074,7075,3.451,0.508,37.03
2039,7076,7077,79.474,2803.746,51.57
2040,7078,7079,13.652,510.377,56.7
2041,7080,7081,9.447,1.497,120.36
2042,7082,7083,1.974,0.026,16.17
2043,7084,7085,16.0,0.0,90.52
2044,7086,7087,16.5,4.5,82.68
2045,7088,7089,13.5,0.5,99.75
2046,7090,7091,17.75,4.25,135.03
2047,7092,7093,10.0,2.0,81.81
2048,7096,7097,11.0,0.0,90.81
2049,7100,7101,8.5,0.5,61.27
2050,7102,7103,16.0,0.0,277.77
2051,7104,7105,12.5,0.5,103.26
2052,7106,7107,8.815,1.08,60.21
2053,7108,7109,16.087,5.719,114.86
2054,7110,7111,7.316,1.339,51.17
2055,7112,7113,8.667,2.333,57.23
2056,7114,7115,16.0,0.0,139.79
2057,7116,7117,13.857,1.824,98.67
2058,7118,7119,4.9,0.544,34.06
2059,7120,7121,2.667,0.333,18.15
2060,7122,7123,9.853,1.341,69.31
2061,7124,7125,27.333,2.333,214.06
2062,7126,7127,18.667,3.067,87.46
2063,7128,7129,9.5,0.5,68.97
2064,7142,7143,3.0,0.0,29.47
2065,7144,7145,4.0,0.0,40.13
2066,7146,7147,3.0,0.0,13.7
2067,7158,7159,5.0,0.0,55.59
2068,7160,7161,5.0,0.0,62.5
2069,7162,7163,3.0,0.0,17.36
2070,7164,7165,1.25,0.333,10.82
2071,7166,7167,32.518,29.396,214.87
2072,7168,7169,5.519,0.779,39.99
2073,7170,7171,10.455,2.435,75.99
2074,7172,7173,2.299,0.212,16.03
2075,7174,7175,6.551,1.186,47.92
2076,7176,7177,7.727,1.464,56.57
2077,7180,7181,1.545,2.273,5.94
2078,7184,7185,2.927,2.781,34.73
2079,7186,7187,1.673,0.234,21.23
2080,7188,7189,1.519,0.25,18.53
2081,7190,7191,1.288,0.206,14.85
2082,7192,7193,5.215,9.687,37.49
2083,7194,7195,1.027,0.034,10.49
2084,7196,7197,1.557,0.273,19.55
2085,7198,7199,2.416,0.326,30.58
2086,7200,7201,1.171,3.088,7.59
2087,7202,7203,4.497,30.075,29.92
2088,7204,7205,18.472,216.321,45.16
2089,7206,7207,1.964,18.927,8.48
2090,7208,7209,2.783,30.398,17.75
2091,7210,7211,3.262,106.771,4.77
2092,7212,7213,2.77,54.605,9.96
2093,7214,7215,4.217,61.876,24.15
2094,7216,7217,2.734,17.724,26.57
2095,7218,7219,5.498,0.577,68.0
2096,7220,7221,4.689,0.451,58.32
2097,7222,7223,3.011,0.247,34.74
2098,7224,7225,2.86,15.086,13.08
2099,7226,7227,1.346,1.725,10.72
2100,7230,7231,1.284,0.204,15.78
2101,7232,7233,4.459,0.321,56.27
2102,7234,7235,7.375,0.767,92.47
2103,7236,7237,1.826,0.217,20.81
2104,7238,7239,4.466,0.385,56.11
2105,7240,7241,39.741,10322.026,13.68
2106,7242,7243,5.301,0.396,63.31
2107,7244,7245,6.11,0.425,70.42
2108,7246,7247,2.277,0.219,27.08
2109,7248,7249,4.045,6.11,41.48
2110,7250,7251,7.087,4.495,77.18
2111,7252,7253,6.623,0.757,75.36
2112,7254,7255,6.558,0.707,74.68
2113,7256,7257,6.566,69.084,32.97
2114,7258,7259,1.054,0.543,5.12
2115,7260,7261,4.751,43.888,29.02
2116,7262,7263,3.047,25.319,22.89
2117,7264,7265,6.538,9.436,52.63
2118,7266,7267,10.25,0.25,79.76
2119,7268,7269,26.0,0.0,207.98
2120,7270,7271,1.8,0.178,12.11
2121,7272,7273,11.5,0.5,78.56
2122,7274,7275,18.0,8.0,192.24
2123,7276,7277,8.867,0.981,69.59
2124,7278,7279,6.714,0.571,44.2
2125,7280,7281,6.75,0.786,47.36
2126,7282,7283,5.625,0.554,39.85
2127,7284,7285,6.625,0.554,47.56
2128,7286,7287,7.455,0.473,53.53
2129,7288,7289,8.4,1.8,59.78
2130,7290,7291,8.0,0.0,65.88
2131,7292,7293,3.0,0.0,17.29
2132,7308,7309,21.429,1.952,49.73
2133,7310,7311,7.405,27.748,32.6
2134,7312,7313,2.029,0.151,16.79
2135,7314,7315,2.704,0.293,19.68
2136,7316,7317,4.172,0.433,30.74
2137,7318,7319,2.0,0.069,14.02
2138,7320,7321,3.944,0.225,26.36
2139,7322,7323,1.029,0.029,7.53
2140,7324,7325,3.03,0.218,22.83
2141,7326,7327,3.273,0.267,25.51
2142,7328,7329,4.29,0.346,30.89
2143,7330,7331,5.724,0.635,41.82
2144,7332,7333,6.69,0.507,49.84
2145,7334,7335,3.207,0.313,23.6
2146,7336,7337,18.0,0.0,35.57
2147,7342,7343,29.5,12.5,66.67
2148,7344,7345,27.0,8.0,56.9
2149,7348,7349,18.0,0.0,123.25
2150,7350,7351,12.467,2.838,93.62
2151,7352,7353,1.611,0.252,11.96
2152,7354,7355,4.111,0.458,30.81
2153,7356,7357,8.0,1.25,60.3
2154,7358,7359,6.875,1.268,52.28
2155,7360,7361,2.286,0.238,18.5
2156,7362,7363,3.2,0.622,23.42
2157,7366,7367,1.357,0.247,6.09
2158,7368,7369,4.154,0.641,29.78
2159,7370,7371,5.5,0.533,42.43
2160,7372,7373,6.556,0.528,53.61
2161,7374,7375,8.636,1.255,66.52
2162,7376,7377,6.5,0.333,53.48
2163,7378,7379,4.0,0.5,27.36
2164,7380,7381,6.6,1.8,57.51
2165,7384,7385,1.75,0.214,13.31
2166,7386,7387,5.786,44.797,1.36
2167,7390,7391,3.595,7.258,34.28
2168,7392,7393,12.014,1.986,151.97
2169,7394,7395,2.405,0.424,28.75
2170,7396,7397,1.636,0.234,20.16
2171,7398,7399,3.738,0.525,46.34
2172,7400,7401,1.346,0.229,16.43
2173,7402,7403,2.795,0.238,32.61
2174,7404,7405,9.75,2.917,66.67
2175,7406,7407,7.333,1.333,53.76
2176,7408,7409,10.667,2.333,80.73
2177,7414,7415,51.0,37.0,120.63
2178,7416,7417,3.0,0.0,12.74
2179,7418,7419,4.0,0.0,8.88
2180,7420,7421,59.25,87.583,124.19
2181,7424,7425,3.0,0.0,13.63
2182,7426,7427,13.667,0.333,32.4
2183,7430,7431,9.5,0.722,68.16
2184,7432,7433,19.6,6.3,148.59
2185,7434,7435,9.0,2.0,70.9
2186,7436,7437,3.833,0.567,28.43
2187,7444,7445,20.0,2.0,55.1
2188,7448,7449,11.0,1.0,77.58
2189,7452,7453,8.0,0.0,72.32
2190,7454,7455,26.75,2.917,195.38
2191,7456,7457,8.333,0.333,61.68
2192,7458,7459,27.0,2.0,208.13
2193,7460,7461,8.0,0.0,52.28
2194,7462,7463,4.0,0.0,29.96
2195,7464,7465,64.75,985.731,14.45
2196,7466,7467,22.6,1227.937,9.41
2197,7468,7469,8.944,405.82,11.5
2198,7470,7471,18.143,635.129,51.14
2199,7474,7475,12.75,2.25,162.95
2200,7478,7479,5.0,0.0,50.56
2201,7482,7483,15.0,4.8,102.91
2202,7484,7485,7.176,0.529,54.16
2203,7486,7487,4.75,0.917,30.16
2204,7490,7491,25.5,6.333,193.3
2205,7492,7493,6.0,0.0,47.93
2206,7496,7497,4.75,0.25,32.05
2207,7498,7499,5.0,0.0,47.57
2208,7502,7503,33.583,704.992,114.91
2209,7504,7505,8.111,1.861,56.46
2210,7508,7509,1.545,0.273,9.91
2211,7512,7513,1.667,0.25,13.14
2212,7516,7517,2.8,0.7,19.9
2213,7518,7519,2.0,0.0,14.46
2214,7520,7521,15.222,130.694,19.57
2215,7522,7523,5.0,0.0,34.24
2216,7524,7525,17.5,0.5,123.49
2217,7526,7527,8.5,0.333,65.27
2218,7528,7529,7.5,0.5,45.91
2219,7530,7531,10.4,0.8,76.32
2220,7532,7533,11.571,1.619,87.11
2221,7534,7535,8.0,0.0,63.3
2222,7536,7537,11.5,0.857,86.03
2223,7538,7539,6.0,6.5,31.88
2224,7540,7541,3.0,0.0,20.42
2225,7542,7543,7.0,2.0,48.39
2226,7544,7545,12.0,0.0,93.13
2227,7546,7547,15.0,0.0,84.02
2228,7548,7549,2.833,0.967,28.21
2229,7550,7551,7.222,2.944,91.77
2230,7558,7559,1.333,0.333,9.03
2231,7560,7561,9.0,0.0,124.01
2232,7562,7563,30.6,5.3,234.97
2233,7564,7565,2.667,8.333,0.2
2234,7566,7567,26.833,48.967,54.03
2235,7568,7569,17.6,8.8,36.76
2236,7572,7573,2.6,0.3,14.09
2237,7576,7577,9.0,0.0,64.62
2238,7580,7581,2.0,0.0,12.62
2239,7582,7583,19.761,5.556,230.25
2240,7584,7585,12.333,1.867,93.74
2241,7588,7589,4.0,0.0,24.85
2242,7590,7591,6.333,0.333,45.87
2243,7592,7593,6.0,0.0,44.5
2244,7594,7595,36.0,0.0,253.71
2245,7596,7597,43.131,2032.585,167.19
2246,7598,7599,2.312,16.362,4.75
2247,7600,7601,4.125,7.268,7.9
2248,7604,7605,2.0,0.0,10.93
2249,7606,7607,2.75,0.25,13.16
2250,7608,7609,2.0,30.0,5.73
2251,7610,7611,17.034,9.963,116.72
2252,7612,7613,3.56,0.34,26.57
2253,7614,7615,2.167,0.167,9.99
2254,7616,7617,12.0,0.5,90.66
2255,7624,7625,2.0,0.0,8.22
2256,7628,7629,7.5,4.5,19.79
2257,7636,7637,3.772,0.596,34.08
2258,7640,7641,1.283,0.205,15.84
2259,7642,7643,2.141,0.189,24.92
2260,7644,7645,15.564,5.453,192.87
2261,7646,7647,12.917,85.027,48.17
2262,7648,7649,1.596,0.324,17.07
2263,7650,7651,8.038,5.152,99.18
2264,7652,7653,4.804,1.001,58.03
2265,7656,7657,2.773,0.374,19.01
2266,7658,7659,4.0,0.0,19.3
2267,7660,7661,4.0,0.0,20.39
2268,7664,7665,9.0,0.0,40.69
2269,7666,7667,9.0,2.0,44.64
2270,7670,7671,4.0,1.0,23.2
2271,7672,7673,6.0,2.0,33.14
2272,7674,7675,3.0,0.0,20.49
2273,7676,7677,13.0,1.0,93.09
2274,7678,7679,2.0,0.0,17.42
2275,7680,7681,8.0,0.0,59.01
2276,7684,7685,9.5,0.333,71.09
2277,7686,7687,19.0,0.0,135.13
2278,7688,7689,8.25,1.583,58.22
2279,7690,7691,13.0,0.0,104.61
2280,7692,7693,6.0,0.0,52.01
2281,7694,7695,5.0,0.0,44.62
2282,7696,7697,18.667,4.333,141.85
2283,7698,7699,12.0,2.0,91.62
2284,7704,7705,17.0,0.0,138.46
2285,7706,7707,8.667,266.667,13.48
2286,7708,7709,20.0,331.0,80.63
2287,7712,7713,14.0,0.0,105.44
2288,7714,7715,6.0,0.0,50.72
2289,7716,7717,2.8,0.2,20.87
2290,7718,7719,3.286,0.238,24.95
2291,7720,7721,2.0,0.0,11.36
2292,7722,7723,8.5,0.5,62.04
2293,7726,7727,6.4,0.358,48.17
2294,7738,7739,8.333,0.333,63.6
2295,7752,7753,3.0,0.0,18.94
2296,7756,7757,20.778,2.889,154.25
2297,7760,7761,2.4,0.3,19.17
2298,7762,7763,6.8,0.7,54.91
2299,7766,7767,4.0,0.0,29.63
2300,7768,7769,5.667,0.333,49.04
2301,7770,7771,4.667,0.333,34.78
2302,7772,7773,2.0,0.0,16.24
2303,7774,7775,5.0,0.0,43.15
2304,7776,7777,5.333,0.333,44.88
2305,7780,7781,3.25,0.5,23.74
2306,7782,7783,3.333,0.25,27.14
2307,7784,7785,6.167,0.967,47.68
2308,7786,7787,1.6,0.3,11.42
2309,7788,7789,4.0,0.0,29.7
2310,7790,7791,8.5,0.5,70.34
2311,7792,7793,3.0,0.0,20.91
2312,7794,7795,10.0,1.333,76.24
2313,7796,7797,5.9,0.544,36.3
2314,7798,7799,11.5,0.5,87.84
2315,7800,7801,13.0,8.0,28.6
2316,7802,7803,17.0,0.0,38.67
2317,7808,7809,1.667,1.333,6.14
2318,7810,7811,16.0,2.667,37.45
2319,7812,7813,4.5,0.5,10.2
2320,7814,7815,4.444,0.278,10.22
2321,7816,7817,7.5,1.143,14.78
2322,7818,7819,10.4,11.3,17.98
2323,7820,7821,6.75,2.25,16.79
2324,7826,7827,41.0,0.0,95.71
2325,7828,7829,36.833,11.767,80.62
2326,7830,7831,30.36,420.194,37.8
2327,7832,7833,2.941,0.184,22.37
2328,7834,7835,4.688,0.229,35.14
2329,7836,7837,4.0,0.167,28.37
2330,7838,7839,2.917,0.265,20.68
2331,7842,7843,4.5,0.286,37.1
2332,7844,7845,4.0,0.5,31.96
2333,7854,7855,8.194,114.618,42.55
2334,7860,7861,4.061,0.309,30.1
2335,7862,7863,4.143,0.349,32.16
2336,7864,7865,3.519,0.259,25.93
2337,7872,7873,9.375,0.839,21.24
2338,7878,7879,10.0,0.0,26.89
2339,7880,7881,46.0,0.0,117.16
2340,7882,7883,11.0,0.0,27.09
2341,7884,7885,8.0,0.0,49.45
2342,7888,7889,35.56,10254.757,4.85
2343,7892,7893,1.583,0.265,12.2
2344,7896,7897,2.0,0.0,16.44
2345,7898,7899,17.297,409.807,19.98
2346,7900,7901,8.586,71.953,75.2
2347,7902,7903,2.476,0.862,12.81
2348,7904,7905,45.667,76.333,98.11
2349,7906,7907,3.2,2.622,8.82
2350,7908,7909,18.0,32.0,35.86
2351,7910,7911,12.25,30.023,22.9
2352,7912,7913,11.095,13.649,20.28
2353,7914,7915,2.826,0.332,20.76
2354,7916,7917,24.5,15.192,185.65
2355,7918,7919,3.435,0.257,26.17
2356,7920,7921,1.478,0.261,10.77
2357,7924,7925,13.385,3.686,101.08
2358,7926,7927,5.148,0.9,37.35
2359,7928,7929,6.742,1.065,48.72
2360,7930,7931,2.419,0.252,18.07
2361,7932,7933,2.0,0.125,14.49
2362,7934,7935,5.182,0.564,37.17
2363,7936,7937,4.714,0.238,37.74
2364,7938,7939,5.6,0.3,41.97
2365,7940,7941,8.0,0.5,59.01
2366,7942,7943,1.958,0.126,12.91
2367,7944,7945,3.322,0.308,42.27
2368,7946,7947,2.974,5.539,25.18
2369,7948,7949,4.605,0.367,56.06
2370,7950,7951,3.457,0.31,26.1
2371,7952,7953,7.7,50.213,40.02
2372,7954,7955,2.486,0.31,18.33
2373,7956,7957,3.267,0.434,38.36
2374,7958,7959,2.659,0.299,35.7
2375,7960,7961,2.398,1.402,27.22
2376,7962,7963,2.938,0.219,39.2
2377,7966,7967,24.698,451.249,23.66
2378,7976,7977,1.327,0.224,17.93
2379,7978,7979,2.469,0.254,23.46
2380,7980,7981,43.0,32.0,350.37
2381,7982,7983,10.25,4.25,79.36
2382,7984,7985,7.667,1.067,58.89
2383,7986,7987,22.5,3.667,153.62
2384,7988,7989,90.667,13103.0,23.15
2385,7990,7991,138.788,38054.994,26.84
2386,7992,7993,37.595,6066.735,7.79
2387,7994,7995,4.333,33.333,0.2
2388,7996,7997,165.471,32436.64,27.75
2389,8000,8001,70.0,0.0,140.24
2390,8002,8003,2.0,0.0,23.11
2391,8004,8005,8.0,0.0,98.89
2392,8006,8007,27.667,6.333,143.54
2393,8008,8009,37.0,0.0,191.5
2394,8012,8013,7.0,0.0,31.05
2395,8014,8015,7.0,0.0,36.12
2396,8016,8017,49.0,0.0,247.73
2397,8018,8019,9.5,0.5,45.93
2398,8020,8021,3.889,0.111,32.64
2399,8022,8023,9.0,0.667,71.07
2400,8024,8025,21.0,2.0,158.28
2401,8026,8027,6.222,0.194,46.01
2402,8028,8029,15.8,3.289,115.03
2403,8030,8031,1.625,0.268,10.53
2404,8032,8033,6.778,0.694,48.07
2405,8034,8035,8.125,0.982,62.56
2406,8036,8037,4.875,0.696,40.51
2407,8038,8039,5.6,0.8,41.1
2408,8040,8041,9.667,3.467,79.52
2409,8042,8043,10.0,0.0,69.13
2410,8052,8053,26.545,312.256,66.62
2411,8054,8055,1.871,0.183,22.08
2412,8056,8057,2.433,0.254,30.38
2413,8058,8059,18.852,105.419,67.5
2414,8060,8061,6.945,0.745,86.39
2415,8062,8063,5.692,0.417,71.01
2416,8064,8065,7.626,0.629,95.38
2417,8066,8067,10.423,1.312,131.97
2418,8068,8069,3.154,0.214,39.9
2419,8070,8071,2.81,5.862,16.65
2420,8072,8073,5.0,0.571,59.19
2421,8074,8075,1.804,1.288,7.54
2422,8076,8077,1.915,0.217,19.57
2423,8078,8079,7.167,160.967,0.2
2424,8080,8081,1.043,0.043,4.07
2425,8084,8085,16.4,3.8,74.0
2426,8088,8089,3.333,0.267,16.28
2427,8090,8091,23.628,634.192,24.81
2428,8092,8093,6.667,0.267,45.75
2429,8094,8095,8.0,0.0,67.25
2430,8098,8099,11.8,0.2,54.32
2431,8100,8101,1.01,0.01,7.24
2432,8102,8103,6.0,0.0,64.49
2433,8104,8105,1.074,0.069,12.1
2434,8106,8107,6.886,0.682,86.12
2435,8108,8109,1.059,0.056,13.14
2436,8110,8111,21.0,0.0,113.43
2437,8116,8117,3.4,4.5,12.49
2438,8118,8119,10.073,2.32,45.74
2439,8122,8123,12.667,1.333,92.18
2440,8124,8125,4.25,0.917,28.33
2441,8126,8127,18.0,0.0,141.85
2442,8128,8129,9.0,0.0,60.62
2443,8134,8135,11.667,1.467,84.66
2444,8136,8137,6.8,0.2,49.39
2445,8140,8141,42.5,842.571,29.27
2446,8142,8143,3.478,60.897,3.98
2447,8144,8145,6.56,35.423,47.69
2448,8146,8147,3.16,0.14,41.54
2449,8148,8149,8.84,1.473,101.02
2450,8150,8151,6.636,4.855,60.89
2451,8152,8153,5.5,0.636,74.79
2452,8154,8155,6.714,0.527,77.31
2453,8158,8159,31.96,268.207,20.65
2454,8166,8167,10.5,0.5,49.77
2455,8168,8169,38.667,6.333,189.67
2456,8170,8171,13.0,0.0,67.57
2457,8172,8173,2.0,0.0,11.38
2458,8174,8175,11.25,1.583,57.73
2459,8176,8177,10.0,0.0,48.78
2460,8178,8179,9.6,3.8,40.32
2461,8180,8181,8.333,0.333,38.41
2462,8182,8183,8.0,0.0,40.06
2463,8184,8185,10.0,1.333,49.18
2464,8188,8189,12.0,0.0,58.66
2465,8192,8193,6.333,0.333,27.94
2466,8194,8195,22.0,0.0,112.9
2467,8198,8199,45.0,0.0,204.76
2468,8200,8201,13.5,0.5,57.94
2469,8202,8203,16.455,70.673,82.95
2470,8206,8207,24.5,4.5,109.12
2471,8208,8209,5.4,0.8,25.13
2472,8210,8211,2.0,0.0,8.75
2473,8212,8213,13.0,0.0,101.62
2474,8214,8215,16.0,0.0,130.06
2475,8216,8217,2.0,1.0,13.42
2476,8218,8219,7.0,0.0,52.33
2477,8220,8221,16.0,0.0,125.37
2478,8228,8229,8.333,0.333,65.72
2479,8234,8235,10.8,0.7,79.01
2480,8236,8237,62.333,6737.533,84.23
2481,8238,8239,14.818,3.108,110.91
2482,8240,8241,16.0,0.0,123.07
2483,8242,8243,12.5,6.333,86.37
2484,8258,8259,7.0,0.0,52.66
2485,8260,8261,3.857,0.593,25.08
2486,8264,8265,5.875,0.411,37.43
2487,8266,8267,2.4,0.3,13.4
2488,8268,8269,33.545,284.26,202.91
2489,8270,8271,5.158,0.585,39.6
2490,8272,8273,9.694,0.961,67.78
2491,8274,8275,13.0,2.0,95.69
2492,8276,8277,2.25,0.25,18.57
2493,8278,8279,19.333,27.678,221.68
2494,8280,8281,28.821,21.337,218.48
2495,8282,8283,13.824,11.779,111.71
2496,8284,8285,36.75,11.295,275.33
2497,8288,8289,18.75,1.643,144.59
2498,8290,8291,6.6,0.3,48.2
2499,8294,8295,19.0,1.0,142.72
2500,8296,8297,12.5,12.5,86.09
2501,8298,8299,8.0,0.0,58.54
2502,8302,8303,20.0,0.0,136.63
2503,8304,8305,8.25,0.25,55.9
2504,8308,8309,20.0,2.0,143.83
2505,8312,8313,10.4,2.044,74.19
2506,8316,8317,13.0,0.0,90.89
2507,8322,8323,26.0,0.0,189.79
2508,8324,8325,8.857,4.129,94.22
2509,8326,8327,13.95,2.471,181.84
2510,8328,8329,8.048,0.848,98.71
2511,8330,8331,14.0,1.0,67.98
2512,8332,8333,12.5,0.5,63.2
2513,8334,8335,23.5,12.5,132.23
2514,8340,8341,33.0,0.0,214.37
2515,8344,8345,13.595,2.859,156.31
2516,8346,8347,17.545,3.068,225.82
2517,8348,8349,1.03,0.03,6.61
2518,8352,8353,7.5,0.5,52.7
2519,8356,8357,3.0,0.0,16.21
2520,8358,8359,5.5,0.5,39.46
2521,8360,8361,4.0,0.0,33.43
2522,8362,8363,7.333,0.333,51.89
2523,8364,8365,16.0,0.0,114.45
2524,8366,8367,6.0,0.0,52.33
2525,8368,8369,8.0,0.0,52.39
2526,8370,8371,8.0,0.0,58.16
2527,8372,8373,18.75,7.583,134.57
2528,8374,8375,8.286,1.238,57.52
2529,8376,8377,10.0,2.0,64.92
2530,8378,8379,6.333,0.333,46.02
2531,8380,8381,22.0,7.0,170.07
2532,8382,8383,2.294,0.221,17.57
2533,8384,8385,5.867,0.981,40.71
2534,8386,8387,11.769,1.192,88.48
2535,8388,8389,9.727,1.018,70.0
2536,8390,8391,3.385,2.256,22.48
2537,8392,8393,3.947,0.386,26.99
2538,8394,8395,12.636,2.242,92.19
2539,8396,8397,1.333,0.333,0.2
2540,8398,8399,1.333,0.333,5.21
2541,8400,8401,1.5,0.5,8.09
2542,8404,8405,10.25,6.75,44.24
2543,8408,8409,3.143,0.143,13.78
2544,8412,8413,16.4,1.3,74.33
2545,8418,8419,9.333,0.667,46.04
2546,8420,8421,33.875,39.554,173.22
2547,8422,8423,45.2,8.7,226.12
2548,8424,8425,5.036,0.406,37.23
2549,8426,8427,6.5,0.66,47.21
2550,8428,8429,3.5,0.278,24.02
2551,8430,8431,4.556,0.778,34.23
2552,8432,8433,4.0,0.25,29.36
2553,8434,8435,8.6,1.3,63.71
2554,8436,8437,8.0,0.0,69.7
2555,8438,8439,3.296,0.293,24.74
2556,8440,8441,4.613,0.312,34.46
2557,8442,8443,3.258,0.198,25.21
2558,8444,8445,10.294,3.221,71.09
2559,8446,8447,4.385,0.256,30.26
2560,8448,8449,13.0,2.0,98.9
2561,8450,8451,10.537,1.931,77.15
2562,8452,8453,5.191,0.866,36.96
2563,8460,8461,24.938,212.196,116.31
2564,8462,8463,2.714,0.681,27.88
2565,8464,8465,1.5,0.3,19.94
2566,8466,8467,4.8,0.2,60.02
2567,8468,8469,3.125,0.696,31.27
2568,8470,8471,2.0,0.0,18.43
2569,8472,8473,10.25,76.932,63.52
2570,8474,8475,2.0,0.0,20.47
2571,8476,8477,3.875,0.125,28.46
2572,8496,8497,9.167,0.967,95.38
2573,8498,8499,3.667,0.667,30.7
2574,8512,8513,16.0,0.0,44.15
2575,8514,8515,38.0,0.0,98.42
2576,8518,8519,9.25,0.917,62.6
2577,8520,8521,1.333,0.333,11.48
2578,8522,8523,4.0,0.0,31.69
2579,8524,8525,4.0,0.0,24.9
2580,8526,8527,5.0,0.0,42.12
2581,8528,8529,2.5,0.5,18.17
2582,8530,8531,8.0,0.0,63.6
2583,8532,8533,15.333,2.333,116.14
2584,8534,8535,3.0,0.0,23.98
2585,8538,8539,7.0,0.0,52.22
2586,8544,8545,7.667,0.333,59.53
2587,8546,8547,6.0,2.0,43.95
2588,8548,8549,11.8,3.062,84.33
2589,8550,8551,3.571,0.328,26.56
2590,8552,8553,1.152,0.133,8.15
2591,8554,8555,3.033,0.24,22.92
2592,8556,8557,6.429,0.357,45.53
2593,8558,8559,1.062,0.062,6.83
2594,8560,8561,1.867,0.41,12.64
2595,8562,8563,11.667,9.333,68.04
2596,8566,8567,5.214,0.489,37.26
2597,8568,8569,3.786,0.335,28.71
2598,8570,8571,2.417,0.447,19.69
2599,8572,8573,1.091,0.091,8.29
2600,8574,8575,12.9,6.322,100.85
2601,8576,8577,14.667,29.467,121.86
2602,8578,8579,11.6,4.3,87.6
2603,8580,8581,3.5,0.333,19.38
2604,8582,8583,20.0,18.0,133.12
2605,8584,8585,10.0,1.0,76.9
2606,8596,8597,15.5,1.667,78.33
2607,8598,8599,2.125,2.411,3.04
2608,8602,8603,15.333,1.333,75.42
2609,8606,8607,2.5,0.5,14.43
2610,8614,8615,17.0,0.0,167.36
2611,8616,8617,6.667,2.333,50.54
2612,8624,8625,8.333,120.333,13.49
2613,8626,8627,28.0,39.0,190.63
2614,8628,8629,10.0,0.0,81.1
2615,8630,8631,9.0,0.0,67.94
2616,8632,8633,14.0,0.0,98.39
2617,8634,8635,10.0,0.0,77.71
2618,8636,8637,1.375,0.245,11.48
2619,8638,8639,1.167,0.144,8.41
2620,8640,8641,2.067,0.131,14.26
2621,8644,8645,2.583,0.364,19.28
2622,8646,8647,1.031,0.031,5.63
2623,8648,8649,1.381,0.827,7.71
2624,8650,8651,2.4,0.408,16.68
2625,8654,8655,1.898,0.265,13.38
2626,8658,8659,9.0,0.0,57.83
2627,8660,8661,1.667,0.333,12.57
2628,8662,8663,3.333,0.333,28.14
2629,8668,8669,1.667,0.333,13.67
2630,8674,8675,2.0,0.0,15.92
2631,8676,8677,8.714,31.238,19.69
2632,8678,8679,8.8,0.7,63.34
2633,8682,8683,4.0,0.0,28.94
2634,8684,8685,2.8,0.2,19.01
2635,8686,8687,3.143,0.143,23.8
2636,8688,8689,4.4,4.3,22.65
2637,8690,8691,3.25,0.25,24.18
2638,8692,8693,6.0,0.0,54.42
2639,8698,8699,16.0,0.0,121.55
2640,8700,8701,10.5,0.5,76.01
2641,8702,8703,7.0,0.667,54.54
2642,8706,8707,13.0,0.0,105.89
2643,8708,8709,3.333,0.333,23.64
2644,8710,8711,3.333,0.333,28.42
2645,8712,8713,2.333,0.333,18.3
2646,8718,8719,7.0,0.0,54.44
2647,8720,8721,27.5,4.5,208.04
2648,8722,8723,18.167,18.567,118.05
2649,8724,8725,5.0,0.0,33.29
2650,8726,8727,14.0,0.0,100.05
2651,8728,8729,31.333,2.333,233.65
2652,8730,8731,3.333,0.333,21.93
2653,8732,8733,8.4,48.8,19.78
2654,8734,8735,3.6,0.8,28.06
2655,8736,8737,12.0,2.0,95.65
2656,8742,8743,3.0,0.0,19.93
2657,8746,8747,14.0,0.0,110.68
2658,8748,8749,7.25,0.386,47.53
2659,8752,8753,5.455,1.273,35.65
2660,8754,8755,3.091,0.091,23.16
2661,8756,8757,6.615,0.423,48.63
2662,8758,8759,2.214,0.335,15.79
2663,8762,8763,4.938,0.596,37.37
2664,8764,8765,8.538,1.103,59.5
2665,8766,8767,5.529,0.515,38.14
2666,8768,8769,5.278,0.318,66.17
2667,8772,8773,5.86,0.653,78.16
2668,8774,8775,6.9,1.48,92.41
2669,8776,8777,6.682,0.734,89.23
2670,8778,8779,4.0,0.25,33.79
2671,8780,8781,2.0,0.0,31.72
2672,8782,8783,10.5,1.9,125.36
2673,8784,8785,3.0,0.0,31.58
2674,8786,8787,1.667,1.333,15.75
2675,8788,8789,4.0,0.0,48.16
2676,8790,8791,30.75,4.917,232.04
2677,8792,8793,11.0,0.0,88.6
2678,8794,8795,26.714,7.571,205.89
2679,8796,8797,6.0,0.0,41.75
2680,8798,8799,5.75,0.25,43.0
2681,8800,8801,13.0,0.0,102.3
2682,8802,8803,9.6,0.3,73.81
2683,8804,8805,6.6,16.267,24.38
2684,8814,8815,7.303,1.974,49.58
2685,8818,8819,4.75,0.333,56.1
2686,8820,8821,5.875,0.517,73.01
2687,8824,8825,2.0,0.0,18.97
2688,8826,8827,3.0,0.0,18.94
2689,8830,8831,3.5,0.3,44.89
2690,8834,8835,5.429,1.286,66.51
2691,8836,8837,14.857,3.143,178.14
2692,8840,8841,1.111,0.111,2.5
2693,8842,8843,5.125,0.696,25.26
2694,8844,8845,1.381,3.022,4.46
2695,8846,8847,3.05,3.208,11.22
2696,8848,8849,2.0,0.0,9.98
2697,8850,8851,9.0,0.0,89.3
2698,8856,8857,7.063,3.964,45.95
2699,8858,8859,13.754,2.755,103.54
2700,8860,8861,4.758,0.383,35.88
2701,8862,8863,7.063,0.673,53.42
2702,8864,8865,7.222,0.595,54.81
2703,8866,8867,1.5,0.5,8.81
2704,8874,8875,10.333,0.333,75.44
2705,8876,8877,4.6,0.8,31.71
2706,8878,8879,6.25,0.917,45.76
2707,8880,8881,3.0,0.5,25.08
2708,8884,8885,2.4,0.3,17.37
2709,8896,8897,2.571,0.286,13.67
2710,8898,8899,14.2,5.7,102.77
2711,8900,8901,16.92,4.91,125.43
2712,8902,8903,5.667,4.333,34.72
2713,8906,8907,12.5,9.5,81.27
2714,8910,8911,13.111,4.361,87.67
2715,8912,8913,8.0,0.0,58.67
2716,8914,8915,17.0,0.0,97.51
2717,8916,8917,19.0,0.0,155.79
2718,8920,8921,33.567,430.254,74.78
2719,8922,8923,4.964,0.554,35.14
2720,8924,8925,4.5,0.423,32.33
2721,8928,8929,9.167,1.242,72.83
2722,8932,8933,8.222,0.694,56.59
2723,8934,8935,11.0,1.0,78.0
2724,8936,8937,3.6,0.3,25.94
2725,8938,8939,30.714,11.905,236.98
2726,8940,8941,13.0,0.0,94.57
2727,8942,8943,12.0,0.0,91.63
2728,8944,8945,7.5,0.333,55.38
2729,8946,8947,14.2,4.7,103.54
2730,8948,8949,3.9,0.322,25.14
2731,8952,8953,8.0,0.0,53.08
2732,8956,8957,18.0,2.0,132.34
2733,8960,8961,5.667,0.333,42.03
2734,8962,8963,4.0,1.0,27.87
2735,8964,8965,6.667,0.333,46.88
2736,8966,8967,1.25,0.25,9.15
2737,8968,8969,3.25,0.25,24.23
2738,8970,8971,9.5,1.0,69.98
2739,8972,8973,8.0,0.0,50.75
2740,8978,8979,9.0,0.0,60.12
2741,8982,8983,17.6,49.3,112.58
2742,8984,8985,6.083,2.629,40.52
2743,8986,8987,4.75,0.25,33.11
2744,8988,8989,13.0,0.667,92.09
2745,8990,8991,2.125,0.125,15.13
2746,8992,8993,6.5,0.333,47.89
2747,8994,8995,2.5,0.5,21.38
2748,8996,8997,5.0,0.0,45.64
2749,9000,9001,19.562,2562.929,1.51
2750,9002,9003,8.778,1.194,40.37
2751,9010,9011,16.5,0.5,134.12
2752,9012,9013,10.5,0.5,72.64
2753,9014,9015,16.5,0.5,116.87
2754,9016,9017,18.0,4.0,91.2
2755,9018,9019,88.167,13.367,460.25
2756,9020,9021,42.0,2.4,217.89
2757,9022,9023,19.7,7.567,143.21
2758,9024,9025,16.143,1.476,128.45
2759,9026,9027,4.875,0.411,33.94
2760,9028,9029,7.8,0.7,55.77
2761,9030,9031,5.5,0.5,39.24
2762,9032,9033,6.5,0.333,54.17
2763,9034,9035,1.25,0.214,5.96
2764,9036,9037,4.0,0.4,30.41
2765,9040,9041,4.182,0.364,33.43
2766,9042,9043,1.538,0.269,7.73
2767,9044,9045,4.286,0.22,34.55
2768,9046,9047,7.5,0.577,59.08
2769,9048,9049,45.16,1110.001,55.35
2770,9050,9051,8.256,187.164,36.96
2771,9052,9053,5.316,12.481,60.79
2772,9054,9055,2.835,0.39,34.42
2773,9056,9057,9.0,1.111,64.75
2774,9058,9059,2.714,0.238,21.02
2775,9060,9061,4.375,0.268,32.39
2776,9062,9063,2.375,0.268,17.12
2777,9064,9065,3.111,0.111,24.75
2778,9066,9067,48.8,14.7,234.8
2779,9070,9071,63.0,0.0,343.99
2780,9072,9073,82.0,0.0,453.03
2781,9078,9079,15.806,6.046,228.19
2782,9080,9081,5.808,0.582,71.42
2783,9082,9083,3.5,0.5,25.3
2784,9084,9085,10.146,1.489,132.34
2785,9086,9087,3.75,0.568,23.62
2786,9088,9089,13.429,1.286,96.41
2787,9094,9095,14.0,3.0,94.51
2788,9098,9099,14.0,0.0,115.43
2789,9100,9101,13.5,12.5,59.94
2790,9104,9105,15.0,3.333,113.63
2791,9106,9107,4.333,0.333,34.18
2792,9108,9109,7.6,1.3,60.41
2793,9110,9111,22.0,0.0,0.2
2794,9112,9113,1.667,0.333,23.82
2795,9114,9115,9.333,6.333,116.72
2796,9116,9117,4.0,1.0,53.65
2797,9118,9119,3.4,0.3,46.2
2798,9120,9121,2.75,0.25,29.5
2799,9126,9127,10.429,2.619,90.39
2800,9130,9131,10.0,0.0,67.63
2801,9134,9135,6.0,0.0,28.02
2802,9136,9137,6.667,0.333,30.04
2803,9138,9139,2.667,0.333,17.26
2804,9140,9141,1.417,0.265,7.33
2805,9142,9143,13.357,2.401,99.63
2806,9144,9145,9.167,0.967,69.17
2807,9146,9147,13.714,2.238,104.31
2808,9150,9151,15.4,35.3,136.47
2809,9160,9161,6.312,0.629,42.19
2810,9162,9163,12.0,0.0,87.47
2811,9166,9167,7.0,0.0,53.43
2812,9172,9173,4.846,0.474,35.8
2813,9174,9175,7.25,1.0,55.74
2814,9176,9177,7.115,0.746,48.94
2815,9178,9179,29.0,61.0,189.99
2816,9182,9183,14.0,0.0,164.04
2817,9184,9185,2.6,0.267,14.24
2818,9186,9187,1.286,0.22,9.47
2819,9190,9191,2.222,0.183,15.81
2820,9192,9193,3.211,0.287,24.2
2821,9194,9195,9.682,1.275,72.81
2822,9198,9199,11.273,1.018,75.8
2823,9200,9201,3.786,0.489,26.38
2824,9202,9203,1.933,0.21,14.72
2825,9204,9205,5.04,0.457,34.85
2826,9206,9207,8.714,1.249,64.07
2827,9208,9209,11.345,1.805,82.47
2828,9210,9211,4.5,0.333,38.83
2829,9212,9213,8.286,1.238,59.42
2830,9214,9215,15.0,0.0,110.12
2831,9220,9221,79.083,90.447,542.74
2832,9222,9223,13.0,2.0,60.09
2833,9226,9227,3.0,0.0,16.94
2834,9230,9231,11.0,0.0,48.37
2835,9236,9237,14.667,0.333,117.07
2836,9238,9239,1.227,0.184,4.78
2837,9240,9241,6.6,0.674,47.78
2838,9242,9243,5.0,0.0,29.85
2839,9244,9245,20.756,265.589,51.97
2840,9246,9247,8.158,0.947,56.39
2841,9250,9251,3.675,0.379,26.64
2842,9252,9253,2.077,0.41,9.5
2843,9254,9255,9.0,0.0,42.08
2844,9256,9257,2.167,4.879,8.22
2845,9262,9263,11.0,0.0,55.74
2846,9264,9265,8.0,8.0,34.04
2847,9268,9269,6.0,2.0,45.01
2848,9274,9275,2.0,0.0,8.12
2849,9278,9279,7.0,0.0,38.39
2850,9280,9281,6.5,0.5,46.13
2851,9282,9283,7.0,0.0,47.32
2852,9284,9285,7.0,0.0,55.34
2853,9290,9291,12.667,0.333,60.45
2854,9296,9297,24.0,0.0,178.44
2855,9298,9299,5.667,1.333,36.81
2856,9300,9301,5.0,0.0,28.32
2857,9304,9305,19.0,0.0,140.71
2858,9306,9307,13.0,0.0,96.08
2859,9310,9311,2.0,0.0,13.85
2860,9312,9313,17.0,0.0,117.75
2861,9314,9315,10.5,4.5,84.83
2862,9316,9317,10.5,4.5,88.75
2863,9320,9321,7.0,0.0,47.6
2864,9324,9325,8.0,0.0,53.21
2865,9326,9327,8.0,1.0,60.22
2866,9328,9329,9.0,0.0,64.02
2867,9330,9331,3.667,0.333,26.05
2868,9332,9333,3.25,0.917,22.41
2869,9336,9337,30.0,0.0,190.26
2870,9338,9339,4.333,0.333,32.76
2871,9340,9341,4.667,0.333,34.3
2872,9342,9343,35.0,0.0,83.91
2873,9344,9345,4.571,0.286,32.28
2874,9352,9353,9.5,0.5,42.82
2875,9356,9357,4.0,0.0,18.38
2876,9358,9359,2.0,0.0,11.96
2877,9362,9363,14.333,6.333,61.58
2878,9364,9365,14.0,0.0,63.0
2879,9366,9367,10.0,0.0,43.21
2880,9368,9369,2.0,0.0,6.31
2881,9370,9371,10.0,0.0,42.75
2882,9372,9373,13.571,2.952,63.32
2883,9374,9375,5.0,0.75,23.16
2884,9376,9377,17.6,1.3,134.86
2885,9378,9379,6.25,0.214,43.58
2886,9380,9381,14.625,0.839,113.24
2887,9382,9383,5.0,0.0,35.04
2888,9386,9387,5.375,0.554,26.75
2889,9388,9389,5.0,0.0,26.76
2890,9390,9391,6.25,0.25,29.95
2891,9392,9393,5.8,0.2,45.34
2892,9394,9395,4.0,0.0,32.03
2893,9398,9399,2.0,0.0,16.15
2894,9400,9401,4.5,0.333,35.91
2895,9402,9403,13.5,0.5,64.04
2896,9404,9405,9.167,0.567,42.11
2897,9408,9409,15.5,0.333,110.67
2898,9414,9415,1.75,0.25,8.91
2899,9424,9425,33.0,0.0,77.8
2900,9426,9427,52.0,0.0,216.62
2901,9428,9429,9.0,0.0,38.01
2902,9430,9431,14.0,0.0,57.66
2903,9432,9433,37.0,0.0,190.1
2904,9436,9437,24.0,0.0,97.33
2905,9444,9445,47.0,0.0,267.23
2906,9446,9447,6.294,0.346,42.61
2907,9448,9449,7.368,0.69,52.8
2908,9450,9451,10.2,3.747,79.3
2909,9452,9453,4.748,0.511,91.21
2910,9454,9455,61.6,20.8,297.01
2911,9464,9465,4.875,49.268,0.88
2912,9466,9467,9.0,0.0,41.18
2913,9484,9485,11.5,1.667,78.45
2914,9486,9487,14.25,0.917,104.41
2915,9488,9489,6.077,0.283,42.35
2916,9490,9491,8.216,0.896,62.49
2917,9492,9493,4.676,0.447,34.55
2918,9496,9497,1.12,0.11,2.8
2919,9498,9499,4.024,1.926,25.3
2920,9500,9501,3.786,0.611,29.05
2921,9502,9503,23.2,3.511,165.09
2922,9504,9505,1.714,0.22,12.29
2923,9506,9507,3.0,0.0,22.11
2924,9508,9509,2.941,0.309,22.44
2925,9510,9511,6.5,0.4,48.29
2926,9512,9513,12.0,0.667,86.95
2927,9516,9517,3.6,0.3,28.51
2928,9518,9519,3.5,0.571,23.48
2929,9520,9521,13.5,4.5,87.61
2930,9522,9523,4.929,0.379,33.95
2931,9524,9525,9.667,1.067,67.84
2932,9526,9527,7.667,1.067,52.14
2933,9528,9529,3.0,0.0,19.64
2934,9534,9535,3.25,0.25,26.25
2935,9536,9537,2.0,0.0,12.12
2936,9538,9539,10.0,0.0,69.35
2937,9540,9541,5.5,0.5,26.49
2938,9542,9543,3.5,0.3,24.51
2939,9544,9545,5.706,0.456,41.14
2940,9548,9549,5.171,0.382,40.56
2941,9550,9551,2.3,0.233,15.78
2942,9552,9553,12.417,3.538,96.69
2943,9554,9555,14.8,2.743,105.55
2944,9556,9557,2.244,0.939,11.85
2945,9558,9559,7.714,1.429,55.87
2946,9560,9561,10.256,1.29,78.31
2947,9562,9563,4.591,0.34,35.41
2948,9564,9565,8.521,0.893,65.32
2949,9566,9567,11.13,1.209,75.71
2950,9568,9569,33.667,30.333,226.15
2951,9570,9571,11.2,1.2,84.3
2952,9572,9573,1.8,0.2,12.09
2953,9574,9575,8.0,0.0,66.61
2954,9576,9577,8.0,0.0,60.41
2955,9578,9579,7.0,0.5,48.93
2956,9580,9581,6.0,0.0,45.77
2957,9582,9583,17.0,0.0,108.28
2958,9584,9585,15.5,4.5,109.74
2959,9586,9587,7.0,0.0,52.56
2960,9590,9591,13.0,0.0,107.59
2961,9592,9593,6.0,0.0,46.69
2962,9594,9595,4.0,0.0,39.05
2963,9598,9599,3.0,0.0,23.41
2964,9600,9601,88.333,6482.333,51.49
2965,9602,9603,5.667,0.333,46.47
2966,9604,9605,7.0,0.0,49.22
2967,9606,9607,5.0,0.0,36.11
2968,9608,9609,3.0,0.0,21.11
2969,9610,9611,2.5,0.5,14.81
2970,9614,9615,13.0,0.0,27.76
2971,9616,9617,6.5,4.5,16.28
2972,9620,9621,26.5,4.333,195.08
2973,9622,9623,17.2,3.2,126.45
2974,9624,9625,4.2,0.2,28.65
2975,9628,9629,9.0,0.0,45.31
2976,9632,9633,2.0,0.0,9.61
2977,9634,9635,18.0,0.0,39.12
2978,9636,9637,16.5,24.5,116.85
2979,9638,9639,8.75,0.6,62.74
2980,9640,9641,5.062,0.329,38.76
2981,9642,9643,28.4,13.3,220.5
2982,9644,9645,4.571,0.264,32.12
2983,9646,9647,8.438,0.796,65.81
2984,9650,9651,6.556,4.528,50.52
2985,9652,9653,6.0,0.0,53.18
2986,9656,9657,3.333,0.333,24.09
2987,9660,9661,4.0,0.0,30.99
2988,9662,9663,5.0,0.0,37.67
2989,9664,9665,7.143,0.143,51.2
2990,9666,9667,6.2,0.2,48.58
2991,9668,9669,1.5,0.5,10.94
2992,9672,9673,6.0,0.0,37.65
2993,9674,9675,1.8,0.2,14.91
2994,9676,9677,2.6,0.8,19.01
2995,9680,9681,4.0,0.667,30.15
2996,9682,9683,4.5,0.5,26.64
2997,9684,9685,3.0,0.0,21.37
2998,9686,9687,3.5,0.5,21.89
2999,9688,9689,2.0,0.0,13.75
3000,9690,9691,5.0,0.0,37.83
3001,9694,9695,8.0,0.0,51.98
3002,9696,9697,6.0,0.5,46.9
3003,9698,9699,15.667,2.267,110.16
3004,9700,9701,7.0,0.0,50.24
3005,9702,9703,6.0,0.0,48.62
3006,9704,9705,10.5,0.5,79.9
3007,9706,9707,3.0,0.0,23.96
3008,9710,9711,3.0,0.0,23.11
3009,9716,9717,11.0,2.0,104.06
3010,9726,9727,3.5,0.5,40.13
3011,9728,9729,3.0,0.0,36.54
3012,9732,9733,15.875,2.696,193.22
3013,9734,9735,30.0,0.0,136.14
3014,9738,9739,6.849,6.935,56.31
3015,9740,9741,7.924,0.933,102.16
3016,9742,9743,3.702,0.392,45.13
3017,9744,9745,1.234,0.183,14.2
3018,9746,9747,12.512,1.906,157.39
3019,9748,9749,3.293,0.212,41.92
3020,9752,9753,3.026,0.184,38.09
3021,9754,9755,16.0,0.0,166.62
3022,9760,9761,11.25,33.841,40.69
3023,9762,9763,16.8,1.2,80.21
3024,9764,9765,21.5,24.5,80.54
3025,9766,9767,9.0,161.667,13.87
3026,9782,9783,2.0,0.0,11.9
3027,9786,9787,3.0,0.222,14.29
3028,9788,9789,7.143,0.476,34.62
3029,9796,9797,21.308,292.231,22.01
3030,9798,9799,9.2,1.956,107.71
3031,9802,9803,2.0,0.0,22.68
3032,9804,9805,1.75,0.25,8.82
3033,9806,9807,2.611,0.252,35.74
3034,9808,9809,2.0,0.0,8.61
3035,9810,9811,11.0,2.0,63.73
3036,9812,9813,2.0,0.0,11.21
3037,9818,9819,6.0,0.0,29.68
3038,9828,9829,2.893,0.099,37.88
3039,9830,9831,38.667,44.333,163.7
3040,9834,9835,45.0,0.0,226.63
3041,9836,9837,2.261,0.747,24.47
3042,9842,9843,13.0,0.0,72.96
3043,9872,9873,5.75,0.917,36.86
3044,9880,9881,19.0,3.333,150.65
3045,9886,9887,8.3,1.789,62.08
3046,9888,9889,13.357,13.94,107.92
3047,9890,9891,5.615,0.423,42.86
3048,9892,9893,1.786,0.335,14.13
3049,9898,9899,5.0,0.0,35.88
3050,9900,9901,24.5,0.5,122.95
3051,9902,9903,6.0,0.0,30.97
3052,9904,9905,6.0,0.5,31.67
3053,9906,9907,6.857,5.476,29.73
3054,9908,9909,9.0,0.0,40.23
3055,9914,9915,5.227,0.387,64.67
3056,9916,9917,3.973,0.468,44.98
3057,9918,9919,2.475,19.754,21.97
3058,9920,9921,3.216,4.903,36.44
3059,9922,9923,4.808,0.547,52.8
3060,9924,9925,5.317,17.755,55.07
3061,9926,9927,9.15,1.266,118.4
3062,9928,9929,10.798,2.093,137.78
3063,9930,9931,17.211,24.406,180.74
3064,9932,9933,2.369,4.624,23.09
3065,9934,9935,13.584,4.453,172.67
3066,9936,9937,2.774,51.691,9.84
3067,9938,9939,3.942,0.526,49.64
3068,9940,9941,10.053,41.727,113.13
3069,9942,9943,2.711,0.26,33.76
3070,9944,9945,2.725,17.585,23.14
3071,9946,9947,1.073,0.199,12.67
3072,9950,9951,4.04,0.507,50.56
3073,9952,9953,4.22,2.231,51.15
3074,9954,9955,5.608,7.673,66.86
3075,9956,9957,3.249,0.313,41.11
3076,9958,9959,1.76,0.196,22.58
3077,9960,9961,1.429,0.246,18.95
3078,9962,9963,3.082,0.358,38.66
3079,9964,9965,3.731,0.374,47.92
3080,9966,9967,3.898,0.362,49.77
3081,9970,9971,2.087,0.271,26.52
3082,9972,9973,3.669,0.39,47.58
3083,9974,9975,9.174,1.229,119.18
3084,9976,9977,1.082,0.179,13.08
3085,9980,9981,2.078,0.151,26.05
3086,9982,9983,1.234,0.18,14.46
3087,9984,9985,1.854,0.221,23.52
3088,9986,9987,2.838,0.27,32.76
3089,9988,9989,11.981,59.198,59.25
3090,9990,9991,26.048,533.022,54.56
3091,9992,9993,2.181,24.758,7.48
3092,9996,9997,5.53,4.222,61.48
3093,9998,9999,8.386,1.069,104.4
3094,10002,10003,5.0,0.667,34.77
3095,10004,10005,5.667,0.333,38.88
3096,10006,10007,5.0,1.0,39.99
3097,10012,10013,3.0,0.0,23.12
3098,10014,10015,1.5,0.5,10.09
3099,10032,10033,4.0,0.0,30.05
3100,10034,10035,4.0,0.0,29.39
3101,10036,10037,7.0,0.0,51.22
3102,10038,10039,9.0,0.0,64.04
3103,10042,10043,13.0,0.0,94.2
3104,10044,10045,13.0,0.0,95.14
3105,10046,10047,14.0,0.0,89.72
3106,10048,10049,10.0,0.0,68.32
3107,10066,10067,5.0,0.0,33.91
3108,10070,10071,10.25,1.841,72.08
3109,10072,10073,4.429,0.619,30.9
3110,10074,10075,3.333,0.267,26.12
3111,10076,10077,10.5,0.5,76.53
3112,10080,10081,4.641,0.38,58.86
3113,10084,10085,9.152,1.255,120.26
3114,10086,10087,3.553,0.317,46.99
3115,10088,10089,5.278,0.594,70.22
3116,10090,10091,7.864,33.769,45.31
3117,10092,10093,4.284,0.354,54.91
3118,10094,10095,1.799,0.213,22.9
3119,10098,10099,14.57,4.079,188.58
3120,10100,10101,2.415,0.749,29.42
3121,10102,10103,3.0,0.476,37.41
3122,10104,10105,10.467,0.838,130.93
3123,10106,10107,35.7,11.122,458.21
3124,10108,10109,4.8,0.178,55.58
3125,10110,10111,10.75,32.25,75.6
3126,10112,10113,9.75,0.917,123.23
3127,10134,10135,33.0,0.0,167.09
3128,10136,10137,21.0,0.0,92.04
3129,10148,10149,16.326,5.272,71.55
3130,10150,10151,25.4,14.927,114.17
3131,10152,10153,12.822,2.513,56.69
3132,10154,10155,2.0,0.0,11.09
3133,10158,10159,1.261,0.202,6.58
3134,10160,10161,4.6,0.463,34.41
3135,10162,10163,7.0,0.941,50.81
3136,10166,10167,5.671,573.425,33.54
3137,10168,10169,82.0,0.0,1265.75
3138,10170,10171,19.0,0.0,291.23
3139,10172,10173,2.0,0.0,10.01
3140,10178,10179,15.353,3.83,193.0
3141,10180,10181,7.107,2.322,85.37
3142,10182,10183,2.696,0.342,34.12
3143,10184,10185,2.082,0.229,26.97
3144,10186,10187,1.708,0.267,21.54
3145,10188,10189,3.608,0.31,46.43
3146,10190,10191,3.345,0.298,42.59
3147,10192,10193,1.83,0.212,23.58
3148,10194,10195,8.251,0.801,103.63
3149,10196,10197,13.188,3.319,92.19
3150,10198,10199,2.845,15.361,13.6
3151,10208,10209,3.643,0.401,22.82
3152,10210,10211,10.714,1.604,74.2
3153,10212,10213,2.637,0.339,39.37
3154,10214,10215,4.711,0.458,73.75
3155,10220,10221,4.0,0.0,19.39
3156,10222,10223,23.294,8.096,179.01
3157,10224,10225,15.6,2.267,79.6
3158,10226,10227,89.333,218.667,454.2
3159,10228,10229,20.75,2.214,108.47
3160,10230,10231,54.0,0.0,288.74
3161,10234,10235,7.636,1.055,58.31
3162,10236,10237,2.75,15.477,10.51
3163,10238,10239,8.667,0.97,59.77
3164,10240,10241,6.857,1.209,51.32
3165,10242,10243,5.5,0.533,39.44
3166,10246,10247,2.231,0.359,18.5
3167,10248,10249,3.462,0.769,26.1
3168,10250,10251,1.615,0.423,12.33
3169,10252,10253,5.421,0.368,37.69
3170,10254,10255,1.4,0.3,7.29
3171,10258,10259,11.0,0.0,62.99
3172,10260,10261,5.25,0.25,27.0
3173,10264,10265,2.0,0.0,13.01
3174,10266,10267,2.625,0.268,15.45
3175,10268,10269,8.75,0.917,66.29
3176,10270,10271,11.0,2.0,89.01
3177,10272,10273,2.7,0.9,17.46
3178,10274,10275,12.722,2.448,90.82
3179,10276,10277,14.8,5.75,104.8
3180,10280,10281,12.0,0.0,81.09
3181,10282,10283,14.4,1.8,105.98
3182,10286,10287,6.0,1.0,43.7
3183,10288,10289,5.25,0.917,35.8
3184,10292,10293,10.0,8.0,70.37
3185,10294,10295,24.75,15.357,170.63
3186,10296,10297,13.0,5.0,90.69
3187,10298,10299,13.778,4.694,94.63
3188,10300,10301,4.769,0.192,32.36
3189,10302,10303,5.385,0.256,40.29
3190,10304,10305,25.0,0.0,160.47
3191,10306,10307,1.3,0.233,10.24
3192,10308,10309,3.182,0.164,23.37
3193,10310,10311,5.167,0.167,38.45
3194,10312,10313,5.667,0.267,41.93
3195,10314,10315,3.4,0.3,22.1
3196,10316,10317,32.0,0.0,202.51
3197,10322,10323,5.667,0.333,44.53
3198,10324,10325,3.0,0.2,22.56
3199,10326,10327,6.5,0.7,47.13
3200,10328,10329,3.0,0.0,19.38
3201,10332,10333,4.0,0.0,21.6
3202,10348,10349,32.716,456.018,57.96
3203,10350,10351,56.667,6.333,287.48
3204,10356,10357,97.333,532.061,469.92
3205,10360,10361,6.667,1.25,75.87
3206,10362,10363,2.667,0.267,36.03
3207,10364,10365,6.75,0.917,79.61
3208,10366,10367,5.0,1.0,60.84
3209,10368,10369,11.333,1.333,139.07
3210,10370,10371,1.4,0.3,7.6
3211,10372,10373,3.25,0.25,24.87
3212,10374,10375,6.0,0.0,45.83
3213,10376,10377,2.0,0.0,12.09
3214,10378,10379,14.0,0.0,108.29
3215,10380,10381,3.057,0.408,20.84
3216,10382,10383,2.5,0.314,19.98
3217,10384,10385,4.216,0.396,28.09
3218,10386,10387,3.179,0.362,36.61
3219,10388,10389,2.135,0.176,28.53
3220,10390,10391,6.833,0.167,48.09
3221,10392,10393,2.545,0.273,18.83
3222,10394,10395,3.9,0.322,27.39
3223,10396,10397,4.5,0.278,32.79
3224,10398,10399,1.2,0.178,8.62
3225,10400,10401,4.846,0.141,36.16
3226,10402,10403,2.0,0.0,14.75
3227,10408,10409,33.0,0.0,190.67
3228,10418,10419,15.333,2.333,75.86
3229,10422,10423,17.875,236.783,41.37
3230,10424,10425,8.833,0.879,72.15
3231,10428,10429,19.909,312.691,21.4
3232,10432,10433,3.444,0.278,25.07
3233,10434,10435,3.75,0.386,26.19
3234,10436,10437,2.667,0.25,17.46
3235,10460,10461,1.333,0.333,6.08
3236,10464,10465,2.462,0.269,12.83
3237,10472,10473,1.6,1.8,3.96
3238,10482,10483,75.462,37.103,358.62
3239,10484,10485,79.8,106.7,400.25
3240,10486,10487,114.333,90.667,560.56
3241,10488,10489,26.0,18.0,122.91
3242,10490,10491,50.0,18.0,263.66
3243,10492,10493,7.0,0.0,35.17
3244,10498,10499,1.682,1.37,6.29
3245,10500,10501,4.0,0.0,15.47
3246,10502,10503,5.5,162.0,3.39
3247,10504,10505,5.0,10.5,18.54
3248,10506,10507,15.5,5.667,75.59
3249,10512,10513,16.75,4.917,75.39
3250,10514,10515,35.0,0.0,71.58
3251,10516,10517,23.571,10.286,49.67
3252,10518,10519,19.0,2.0,36.05
3253,10522,10523,23.5,24.5,50.53
3254,10524,10525,29.5,12.333,60.89
3255,10526,10527,33.0,0.0,65.9
3256,10534,10535,3.625,0.268,17.72
3257,10536,10537,12.0,0.0,89.48
3258,10548,10549,18.338,12.627,203.66
3259,10550,10551,4.457,0.476,57.04
3260,10552,10553,17.979,3.282,214.59
3261,10584,10585,7.0,0.0,44.18
3262,10586,10587,1.6,0.8,15.33
3263,10588,10589,16.111,4.361,198.77
3264,10590,10591,4.154,0.474,48.74
3265,10592,10593,5.714,0.681,72.1
3266,10596,10597,67.215,876.349,36.96
3267,10600,10601,7.437,164.141,10.49
3268,10602,10603,14.702,181.028,55.69
3269,10604,10605,6.171,5.442,72.35
3270,10610,10611,2.917,0.083,26.03
3271,10612,10613,8.333,64.061,14.97
3272,10620,10621,6.0,0.0,49.26
3273,10624,10625,6.0,0.0,47.84
3274,10626,10627,18.5,0.5,152.26
3275,10628,10629,20.75,2.25,153.82
3276,10630,10631,25.667,2.333,186.55
3277,10632,10633,3.5,0.333,21.86
3278,10634,10635,2.6,0.8,19.96
3279,10636,10637,4.0,0.0,23.76
3280,10638,10639,5.0,0.0,33.69
3281,10640,10641,2.0,0.0,10.7
3282,10644,10645,17.0,0.0,151.99
3283,10646,10647,14.5,0.5,115.14
3284,10650,10651,23.333,7.067,175.0
3285,10652,10653,9.875,1.05,72.55
3286,10656,10657,13.167,0.967,104.14
3287,10658,10659,4.0,0.0,36.76
3288,10660,10661,18.0,0.0,158.3
3289,10664,10665,10.0,0.0,77.86
3290,10666,10667,6.0,0.0,46.87
3291,10672,10673,5.0,0.0,39.19
3292,10674,10675,2.0,0.0,14.9
3293,10676,10677,7.0,0.0,61.72
3294,10678,10679,7.0,0.0,58.89
3295,10680,10681,5.4,0.8,44.25
3296,10684,10685,23.5,220.5,252.79
3297,10686,10687,8.0,0.0,39.21
3298,10688,10689,39.5,24.333,77.56
3299,10690,10691,9.0,0.0,25.21
3300,10692,10693,24.0,0.0,49.3
3301,10694,10695,21.0,0.0,88.99
3302,10706,10707,1.167,0.167,6.51
3303,10710,10711,9.0,0.0,42.14
3304,10712,10713,8.667,2.333,37.41
3305,10714,10715,5.667,1.333,26.79
3306,10720,10721,27.0,0.0,50.44
3307,10726,10727,10.0,0.0,77.27
3308,10728,10729,7.333,0.333,54.45
3309,10730,10731,9.667,0.333,75.18
3310,10732,10733,17.5,0.5,137.66
3311,10734,10735,7.0,0.0,49.16
3312,10736,10737,13.0,0.0,101.3
3313,10742,10743,18.0,0.0,120.98
3314,10744,10745,6.0,0.0,33.26
3315,10748,10749,7.0,0.0,29.52
3316,10754,10755,12.0,0.0,54.2
3317,10760,10761,1.167,0.167,5.49
3318,10762,10763,19.099,629.77,75.81
3319,10764,10765,15.404,467.889,104.12
3320,10772,10773,4.0,0.4,27.26
3321,10774,10775,3.667,0.267,25.25
3322,10776,10777,23.5,0.5,147.3
3323,10782,10783,24.8,181.7,114.19
3324,10784,10785,3.0,0.0,23.11
3325,10786,10787,6.333,0.333,47.25
3326,10790,10791,5.5,0.5,44.44
3327,10796,10797,14.357,5.17,105.25
3328,10800,10801,54.455,25.673,268.19
3329,10802,10803,268.902,264846.335,163.43
3330,10804,10805,108.559,44033.361,232.54
3331,10812,10813,31.667,2.333,156.44
3332,10814,10815,16.091,6.291,79.39
3333,10816,10817,18.417,6.629,90.08
3334,10818,10819,11.0,0.0,51.27
3335,10822,10823,8.168,0.972,96.85
3336,10824,10825,6.164,0.852,75.6
3337,10826,10827,1.58,0.255,19.39
3338,10828,10829,3.783,0.485,40.15
3339,10830,10831,1.133,0.118,13.29
3340,10832,10833,1.093,0.086,9.94
3341,10834,10835,24.25,0.917,187.99
3342,10836,10837,31.333,14.333,175.92
3343,10842,10843,5.5,0.571,26.2
3344,10862,10863,13.333,209.333,45.24
3345,10866,10867,111.0,0.0,601.14
3346,10870,10871,15.0,128.0,30.28
3347,10872,10873,3.333,0.333,18.81
3348,10874,10875,1.188,0.154,15.92
3349,10876,10877,2.858,0.942,31.23
3350,10878,10879,2.458,0.286,29.31
3351,10882,10883,1.5,0.5,4.69
3352,10884,10885,2.0,0.0,8.01
3353,10888,10889,14.0,1.0,66.56
3354,10890,10891,13.667,0.333,66.25
3355,10894,10895,2.5,0.333,13.6
3356,10898,10899,3.0,0.0,13.92
3357,10902,10903,13.667,1.879,67.68
3358,10924,10925,27.667,112.333,1.91
3359,10926,10927,3.5,11.0,3.45
3360,10930,10931,3.0,0.0,22.55
3361,10932,10933,8.174,136.15,8.96
3362,10934,10935,9.8,157.7,1.94
3363,10944,10945,4.0,0.0,23.17
3364,10948,10949,4.5,0.5,36.97
3365,10950,10951,3.0,0.0,15.93
3366,10952,10953,21.0,0.0,84.44
3367,10954,10955,5.333,0.333,25.26
3368,10956,10957,8.75,1.583,40.29
3369,10960,10961,5.0,2.0,24.11
3370,10962,10963,20.0,22.0,44.36
3371,10966,10967,6.0,0.0,16.9
3372,10968,10969,51.5,12.5,116.29
3373,10970,10971,63.0,21.0,147.37
3374,10978,10979,2.154,5.415,7.54
3375,10980,10981,6.667,1.275,47.46
3376,10982,10983,9.786,1.104,72.04
3377,10984,10985,8.0,0.0,40.28
3378,10990,10991,15.0,0.0,70.88
3379,10992,10993,7.0,0.0,36.69
3380,10994,10995,3.5,0.286,24.06
3381,10996,10997,3.167,0.145,39.76
3382,10998,10999,4.0,0.417,42.9
3383,11000,11001,6.231,0.692,77.2
3384,11002,11003,2.455,0.273,28.78
3385,11006,11007,3.545,0.473,45.07
3386,11010,11011,3.0,0.222,40.49
3387,11012,11013,6.636,0.655,86.06
3388,11014,11015,14.0,2.2,104.83
3389,11016,11017,4.143,0.329,32.5
3390,11018,11019,5.524,0.462,43.29
3391,11020,11021,8.816,161.634,15.16
3392,11022,11023,8.704,57.931,29.14
3393,11024,11025,3.356,0.28,42.47
3394,11026,11027,2.159,0.137,27.82
3395,11030,11031,10.333,103.81,24.6
3396,11036,11037,5.25,0.75,37.84
3397,11040,11041,6.5,1.9,30.1
3398,11046,11047,4.4,0.3,21.98
3399,11048,11049,4.8,0.7,23.19
3400,11052,11053,1.364,1.455,3.16
3401,11054,11055,6.5,0.7,31.34
3402,11060,11061,23.0,4.0,51.34
3403,11064,11065,13.0,72.0,51.48
3404,11080,11081,25.0,0.0,52.88
3405,11082,11083,4.174,0.605,25.89
3406,11084,11085,2.957,0.134,21.6
3407,11086,11087,11.538,1.436,85.91
3408,11088,11089,7.727,0.818,58.45
3409,11090,11091,5.818,0.564,43.88
3410,11092,11093,6.857,0.593,52.46
3411,11094,11095,7.5,0.722,55.93
3412,11096,11097,6.167,0.967,46.0
3413,11098,11099,6.0,0.0,29.08
3414,11100,11101,21.0,0.0,42.83
3415,11102,11103,21.292,175.346,63.92
3416,11104,11105,14.0,4.0,67.94
3417,11108,11109,2.789,0.398,14.22
3418,11112,11113,1.8,0.2,11.35
3419,11120,11121,10.45,10.892,67.05
3420,11122,11123,19.818,7.364,152.16
3421,11124,11125,3.0,0.0,19.29
3422,11126,11127,2.273,0.218,18.62
3423,11132,11133,1.071,0.071,9.33
3424,11134,11135,13.727,90.818,53.48
3425,11136,11137,7.125,0.696,55.13
3426,11138,11139,13.0,2.0,94.22
3427,11140,11141,5.092,16.936,23.69
3428,11142,11143,1.112,0.116,7.73
3429,11144,11145,2.624,7.151,23.12
3430,11146,11147,7.699,5.472,89.98
3431,11148,11149,3.524,0.694,40.77
3432,11150,11151,11.0,0.0,100.08
3433,11154,11155,12.0,0.0,90.0
3434,11160,11161,48.0,0.0,352.44
3435,11170,11171,7.0,0.0,35.77
3436,11172,11173,5.0,0.0,28.97
3437,11174,11175,6.333,2.333,32.38
3438,11194,11195,6.0,0.0,46.86
3439,11196,11197,3.0,0.0,22.1
3440,11202,11203,17.0,2.0,93.29
3441,11204,11205,9.0,2.0,49.79
3442,11216,11217,12.0,4.0,55.59
3443,11220,11221,5.0,0.0,18.93
3444,11222,11223,21.0,0.0,108.43
3445,11228,11229,6.667,2.333,51.71
3446,11230,11231,33.241,659.493,111.54
3447,11232,11233,2.258,0.256,26.94
3448,11234,11235,8.084,1.099,101.94
3449,11236,11237,4.095,0.47,53.48
3450,11238,11239,1.558,0.271,19.71
3451,11242,11243,5.0,0.0,37.72
3452,11244,11245,4.0,0.0,29.29
3453,11252,11253,4.0,2.0,17.39
3454,11254,11255,1.727,0.218,7.38
3455,11258,11259,11.0,0.0,50.17
3456,11260,11261,4.0,0.0,21.41
3457,11262,11263,13.143,66.901,32.92
3458,11264,11265,21.483,213.687,57.12
3459,11266,11267,37.682,3487.964,84.15
3460,11268,11269,5.538,0.436,66.9
3461,11270,11271,15.438,3.329,184.03
3462,11272,11273,9.0,1.5,63.11
3463,11274,11275,8.222,0.944,57.84
3464,11306,11307,11.721,1.548,88.99
3465,11308,11309,7.293,0.772,54.99
3466,11310,11311,5.093,0.425,38.85
3467,11312,11313,13.318,1.71,101.6
3468,11314,11315,4.429,0.37,33.49
3469,11316,11317,11.0,0.625,82.76
3470,11320,11321,7.643,14.247,49.42
3471,11322,11323,1.917,0.083,17.55
3472,11324,11325,3.727,0.418,18.45
3473,11326,11327,69.0,175.5,326.37
3474,11328,11329,11.5,7.0,100.12
3475,11330,11331,3.0,0.0,30.18
3476,11336,11337,19.143,63.476,33.75
3477,11342,11343,5.0,1.0,53.66
3478,11344,11345,2.333,0.333,28.12
3479,11346,11347,21.25,4.917,262.68
3480,11348,11349,68.667,9.333,266.99
3481,11352,11353,81.0,0.0,135.95
3482,11354,11355,6.0,0.0,10.43
3483,11360,11361,20.522,5.17,148.89
3484,11362,11363,23.0,0.0,167.75
3485,11364,11365,13.5,0.5,105.93
3486,11366,11367,11.667,4.333,80.91
3487,11368,11369,8.143,9.67,44.02
3488,11370,11371,2.2,0.178,15.53
3489,11372,11373,5.667,0.333,39.11
3490,11374,11375,4.667,0.333,30.06
3491,11376,11377,8.0,1.0,57.66
3492,11378,11379,14.25,13.643,97.94
3493,11382,11383,16.0,0.0,119.11
3494,11384,11385,21.333,16.333,165.2
3495,11388,11389,14.056,2.879,148.19
3496,11390,11391,11.933,1.638,131.6
3497,11392,11393,10.55,0.892,129.31
3498,11394,11395,5.714,0.571,24.77
3499,11396,11397,2.0,0.0,9.73
3500,11398,11399,6.0,0.0,21.39
3501,11400,11401,27.0,18.0,175.43
3502,11402,11403,5.778,0.694,29.23
3503,11404,11405,2.474,0.263,11.31
3504,11406,11407,11.636,2.055,86.81
3505,11408,11409,6.009,0.448,117.83
3506,11412,11413,11.157,1.5,227.3
3507,11414,11415,5.212,0.493,82.0
3508,11418,11419,4.0,0.0,29.49
3509,11420,11421,2.347,0.249,30.35
3510,11422,11423,13.569,2.98,170.38
3511,11424,11425,1.5,0.5,3.8
3512,11426,11427,1.5,0.5,9.36
3513,11430,11431,2.0,0.0,14.93
3514,11434,11435,5.0,0.0,27.05
3515,11436,11437,8.5,40.5,19.28
3516,11438,11439,4.0,0.0,17.14
3517,11440,11441,2.75,0.25,11.88
3518,11442,11443,4.0,0.667,18.85
3519,11456,11457,20.094,4.356,149.81
3520,11458,11459,9.846,1.152,73.51
3521,11460,11461,4.737,48.145,2.54
3522,11462,11463,4.106,0.435,52.05
3523,11464,11465,7.727,0.724,99.97
3524,11466,11467,4.0,0.0,24.61
3525,11468,11469,15.0,4.0,111.33
3526,11470,11471,11.25,3.583,82.63
3527,11472,11473,13.0,2.0,51.52
3528,11476,11477,2.0,0.0,8.62
3529,11478,11479,2.0,0.1,9.24
3530,11490,11491,3.991,120.268,8.08
3531,11492,11493,2.137,25.627,11.01
3532,11494,11495,1.94,1.763,20.54
3533,11496,11497,26.922,185.867,129.96
3534,11502,11503,1.861,0.123,17.74
3535,11504,11505,7.021,168.144,30.83
3536,11530,11531,1.5,0.5,5.7
3537,11536,11537,2.0,0.0,10.37
3538,11538,11539,2.0,0.0,7.71
3539,11540,11541,4.333,2.333,17.04
3540,11546,11547,3.75,0.205,17.25
3541,11548,11549,10.786,1.104,54.45
3542,11550,11551,16.667,0.333,77.71
3543,11554,11555,7.0,1.2,77.54
3544,11556,11557,9.5,0.333,113.75
3545,11558,11559,9.0,0.0,90.71
3546,11560,11561,1.92,0.077,11.08
3547,11564,11565,11.52,1.26,53.99
3548,11566,11567,48.471,144.015,244.65
3549,11568,11569,3.4,0.257,16.41
3550,11570,11571,14.706,2.221,68.29
3551,11572,11573,3.857,0.143,17.63
3552,11576,11577,12.714,4.238,94.41
3553,11578,11579,15.5,12.5,107.17
3554,11580,11581,15.0,0.0,97.11
3555,11582,11583,7.0,0.0,51.69
3556,11584,11585,10.333,2.333,75.97
3557,11588,11589,6.5,0.333,49.55
3558,11590,11591,7.5,0.5,77.66
3559,11592,11593,10.667,0.333,127.39
3560,11594,11595,3.752,0.31,45.31
3561,11596,11597,4.726,0.421,57.81
3562,11600,11601,6.432,0.957,78.41
3563,11602,11603,11.285,2.543,137.46
3564,11604,11605,8.136,0.897,101.04
3565,11606,11607,2.652,0.275,32.06
3566,11608,11609,4.815,0.497,57.61
3567,11610,11611,2.232,0.222,27.24
3568,11612,11613,2.898,0.239,35.61
3569,11614,11615,1.154,0.132,13.75
3570,11616,11617,5.411,0.801,66.05
3571,11618,11619,1.843,0.177,22.8
3572,11620,11621,5.295,0.399,66.57
3573,11622,11623,8.455,0.998,107.93
3574,11624,11625,5.0,0.122,54.7
3575,11626,11627,3.447,0.426,42.53
3576,11628,11629,2.957,0.302,38.42
3577,11630,11631,1.66,0.229,23.0
3578,11636,11637,1.34,0.229,18.73
3579,11638,11639,1.84,0.137,23.87
3580,11640,11641,7.737,7.983,85.13
3581,11642,11643,11.705,2.539,146.76
3582,11644,11645,15.062,57.439,89.51
3583,11646,11647,1.962,0.187,24.78
3584,11648,11649,2.772,0.267,32.67
3585,11650,11651,12.142,73.856,40.98
3586,11652,11653,7.416,1.263,92.3
3587,11656,11657,148.6,139.3,721.33
3588,11658,11659,3.319,0.284,41.76
3589,11662,11663,38.365,1187.866,42.09
3590,11664,11665,19.255,315.083,157.13
3591,11666,11667,20.675,5.868,312.16
3592,11676,11677,3.067,0.21,22.94
3593,11678,11679,7.867,0.695,99.45
3594,11680,11681,8.4,0.543,113.68
3595,11682,11683,2.0,0.0,29.1
3596,11686,11687,1.692,0.482,15.49
3597,11688,11689,6.729,1.478,79.36
3598,11702,11703,5.333,0.333,29.35
3599,11706,11707,1.6,0.3,8.7
3600,11712,11713,2.0,0.0,11.24
3601,11714,11715,6.0,0.0,26.28
3602,11716,11717,3.25,0.25,26.31
3603,11718,11719,3.4,0.3,25.28
3604,11720,11721,2.25,0.25,18.15
3605,11722,11723,6.889,56.361,12.08
3606,11724,11725,4.857,0.476,24.3
3607,11736,11737,9.0,0.0,48.54
3608,11742,11743,63.0,40.444,138.8
3609,11750,11751,6.585,2.099,86.12
3610,11752,11753,5.222,0.768,63.85
3611,11756,11757,4.443,0.917,51.71
3612,11760,11761,244.0,0.0,9.94
3613,11774,11775,3.833,0.167,24.7
3614,11788,11789,69.667,105.333,333.54
3615,11790,11791,3.542,0.317,44.94
3616,11792,11793,4.834,0.406,61.32
3617,11794,11795,29.0,0.0,141.82
3618,11796,11797,3.0,0.0,25.63
3619,11822,11823,10.393,8.757,101.05
3620,11824,11825,2.127,0.191,26.68
3621,11826,11827,11.031,1.29,136.87
3622,11828,11829,34.778,11.694,173.99
3623,11830,11831,16.333,0.333,75.97
3624,11848,11849,1.333,0.333,2.47
3625,11850,11851,28.571,696.11,11.34
3626,11852,11853,1.238,0.19,12.41
3627,11854,11855,1.214,0.175,12.73
3628,11856,11857,2.306,0.231,36.38
3629,11864,11865,10.0,0.0,25.14
3630,11866,11867,45.0,72.0,100.99
3631,11868,11869,51.75,24.917,115.25
3632,11884,11885,22.0,2.0,47.32
3633,11894,11895,17.833,2510.058,17.93
3634,11896,11897,3.875,3.245,43.87
3635,11898,11899,1.75,0.196,22.27
3636,11902,11903,7.0,1.0,83.94
3637,11904,11905,10.0,0.0,121.96
3638,11906,11907,12.0,0.0,151.76
3639,11908,11909,15.0,0.0,176.81
3640,11910,11911,3.0,0.0,25.48
3641,11912,11913,3.873,91.466,26.99
3642,11914,11915,1.678,25.256,14.21
3643,11918,11919,1.286,0.374,0.87
3644,11920,11921,1.667,1.067,0.4
3645,11922,11923,2.545,0.473,13.86
3646,11924,11925,3.684,0.339,17.75
3647,11926,11927,59.5,84.5,270.73
3648,11932,11933,3.0,0.0,15.21
3649,11934,11935,19.0,0.0,165.94
3650,11938,11939,6.5,0.7,46.87
3651,11940,11941,3.0,0.0,16.55
3652,11942,11943,3.5,0.333,24.09
3653,11946,11947,1.25,0.25,10.09
3654,11952,11953,9.5,4.5,70.11
3655,11954,11955,11.0,1.333,72.49
3656,11956,11957,4.0,0.25,25.05
3657,11960,11961,13.0,0.0,89.88
3658,11964,11965,6.0,0.0,41.32
3659,11974,11975,30.0,0.0,196.37
3660,11976,11977,9.0,0.0,57.49
3661,11980,11981,1.668,0.243,34.21
3662,11982,11983,4.072,0.369,84.08
3663,11984,11985,2.759,0.218,53.69
3664,11986,11987,14.5,0.5,50.26
3665,11988,11989,5.917,0.582,75.14
3666,11990,11991,7.092,0.788,79.43
3667,11992,11993,24.642,214.658,88.51
3668,11994,11995,2.239,0.22,29.45
3669,11996,11997,5.367,0.512,68.02
3670,11998,11999,2.369,0.255,30.28
3671,12000,12001,1.194,0.178,14.95
3672,12002,12003,1.806,0.201,21.45
3673,12004,12005,5.525,0.512,71.39
3674,12006,12007,9.573,24.718,60.67
3675,12008,12009,1.832,0.333,22.4
3676,12010,12011,3.688,0.413,46.71
3677,12012,12013,4.583,170.638,30.32
3678,12014,12015,2.218,0.209,27.71
3679,12016,12017,1.409,0.244,14.72
3680,12018,12019,6.86,0.647,89.17
3681,12020,12021,1.476,0.271,16.92
3682,12022,12023,2.011,0.122,25.16
3683,12024,12025,4.758,0.496,61.97
3684,12026,12027,10.806,0.733,130.83
3685,12028,12029,5.369,0.474,68.28
3686,12030,12031,1.726,0.236,22.26
3687,12032,12033,2.117,8.245,21.26
3688,12034,12035,6.227,9.65,67.37
3689,12036,12037,4.264,0.835,51.43
3690,12038,12039,2.075,0.099,20.9
3691,12040,12041,12.684,3.006,94.81
3692,12044,12045,3.779,0.368,45.23
3693,12046,12047,2.778,0.314,33.91
3694,12050,12051,4.063,0.496,49.09
3695,12052,12053,6.875,1.103,84.59
3696,12054,12055,13.714,128.582,21.49
3697,12060,12061,6.5,0.5,50.21
3698,12066,12067,2.333,0.333,13.24
3699,12068,12069,6.5,0.5,44.03
3700,12070,12071,10.5,0.5,84.2
3701,12072,12073,1.333,0.267,8.56
3702,12074,12075,2.25,0.25,9.74
3703,12076,12077,42.0,6.5,212.21
3704,12078,12079,17.167,1.767,34.78
3705,12080,12081,3.86,17.429,7.82
3706,12082,12083,2.06,1.486,8.48
3707,12086,12087,2.0,0.0,10.08
3708,12088,12089,15.5,1.667,72.89
3709,12090,12091,2.0,5.0,2.43
3710,12094,12095,33.0,0.0,20.89
3711,12100,12101,9.429,5.286,38.66
3712,12102,12103,1.429,0.286,7.1
3713,12104,12105,8.0,0.0,36.97
3714,12110,12111,7.781,10.185,89.74
3715,12112,12113,1.381,0.237,15.82
3716,12114,12115,8.664,1.301,64.02
3717,12116,12117,12.505,2.366,93.13
3718,12118,12119,4.316,0.731,32.29
3719,12120,12121,8.023,1.046,103.35
3720,12122,12123,2.707,0.262,21.3
3721,12124,12125,3.098,0.19,23.33
3722,12126,12127,7.275,0.974,56.34
3723,12128,12129,5.146,0.478,39.61
3724,12130,12131,4.0,2.051,25.16
3725,12134,12135,12.537,2.555,94.2
3726,12138,12139,11.685,1.03,148.33
3727,12140,12141,24.989,710.468,21.0
3728,12142,12143,13.64,202.47,46.76
3729,12144,12145,2.0,0.0,16.45
3730,12146,12147,11.0,0.0,126.47
3731,12150,12151,6.0,0.0,85.24
3732,12152,12153,4.0,0.0,56.1
3733,12156,12157,2.4,0.3,32.83
3734,12162,12163,2.13,0.119,20.16
3735,12164,12165,1.926,0.523,19.82
3736,12168,12169,1.033,0.032,4.55
3737,12170,12171,7.86,3.273,89.83
3738,12172,12173,16.223,5.761,199.05
3739,12174,12175,5.839,0.839,72.59
3740,12178,12179,2.884,0.356,36.27
3741,12180,12181,1.786,0.206,20.6
3742,12182,12183,4.25,1.002,37.31
3743,12184,12185,1.863,0.201,23.82
3744,12186,12187,7.355,0.914,91.65
3745,12188,12189,3.0,0.074,37.58
3746,12190,12191,4.643,0.312,58.75
3747,12194,12195,1.04,0.04,11.4
3748,12196,12197,1.179,0.152,14.12
3749,12198,12199,4.0,0.4,32.14
3750,12200,12201,2.294,0.221,17.06
3751,12202,12203,4.412,0.382,32.91
3752,12204,12205,1.941,0.059,14.78
3753,12208,12209,11.0,1.6,82.1
3754,12210,12211,16.444,1.908,125.77
3755,12212,12213,4.333,0.267,32.54
3756,12214,12215,9.167,1.367,75.99
3757,12216,12217,2.333,0.267,17.28
3758,12218,12219,4.667,0.667,35.91
3759,12220,12221,1.667,0.267,12.53
3760,12222,12223,1.333,0.267,8.41
3761,12228,12229,10.75,2.917,51.86
3762,12230,12231,4.0,0.0,13.22
3763,12234,12235,9.333,2.333,44.63
3764,12236,12237,3.504,1.17,41.09
3765,12240,12241,86.0,0.0,365.4
3766,12242,12243,1.86,0.206,29.43
3767,12244,12245,9.635,2.943,225.84
3768,12246,12247,17.389,5.175,215.11
3769,12248,12249,2.0,0.125,16.98
3770,12250,12251,5.75,0.25,40.07
3771,12252,12253,6.667,0.333,50.78
3772,12256,12257,6.875,1.183,48.34
3773,12258,12259,15.75,5.0,110.59
3774,12260,12261,15.188,4.296,108.07
3775,12262,12263,9.188,1.629,66.01
3776,12264,12265,1.073,0.069,9.73
3777,12268,12269,3.0,0.0,16.37
3778,12270,12271,3.4,0.3,26.39
3779,12276,12277,3.2,0.2,24.53
3780,12278,12279,15.2,3.7,118.85
3781,12280,12281,7.308,0.564,55.27
3782,12282,12283,4.923,0.41,38.61
3783,12286,12287,5.238,0.39,39.58
3784,12290,12291,1.2,0.178,3.17
3785,12292,12293,124.792,20376.085,18.78
3786,12294,12295,365.0,81178.621,44.09
3787,12296,12297,67.341,23969.16,27.99
3788,12298,12299,18.224,2675.719,26.37
3789,12300,12301,12.691,2566.217,11.36
3790,12302,12303,3.115,77.626,2.32
3791,12304,12305,11.955,1618.831,16.06
3792,12306,12307,63.273,8093.541,10.74
3793,12308,12309,67.2,12916.333,15.33
3794,12310,12311,3.0,2.0,0.2
3795,12314,12315,6.143,0.476,43.26
3796,12316,12317,2.0,0.0,17.79
3797,12320,12321,11.5,0.5,91.8
3798,12322,12323,4.667,0.333,35.48
3799,12324,12325,13.286,2.905,92.75
3800,12326,12327,94.0,113.75,92.27
3801,12328,12329,42.667,37.333,45.05
3802,12330,12331,8.143,6.143,9.65
3803,12334,12335,63.0,49.0,136.94
3804,12336,12337,5.0,0.0,29.0
3805,12338,12339,6.0,0.0,29.76
3806,12346,12347,4.0,0.4,26.75
3807,12348,12349,7.286,1.238,50.98
3808,12350,12351,11.667,2.0,82.4
3809,12352,12353,2.778,0.444,19.06
3810,12354,12355,9.692,1.564,71.83
3811,12356,12357,4.462,0.269,31.84
3812,12358,12359,2.636,0.255,17.33
3813,12360,12361,18.0,0.0,127.2
3814,12362,12363,2.2,0.314,14.61
3815,12364,12365,7.769,0.859,60.14
3816,12366,12367,3.833,0.567,20.4
3817,12368,12369,16.5,4.5,39.86
3818,12370,12371,1.778,0.194,14.21
3819,12372,12373,3.571,0.286,26.67
3820,12374,12375,6.3,1.122,45.07
3821,12382,12383,10.625,8.839,76.37
3822,12388,12389,4.0,0.0,31.82
3823,12390,12391,40.266,18834.435,36.89
3824,12392,12393,22.65,10059.855,34.73
3825,12394,12395,46.541,16557.883,65.37
3826,12396,12397,28.964,14724.88,42.14
3827,12400,12401,5.632,0.579,41.94
3828,12402,12403,6.947,0.83,49.96
3829,12404,12405,2.474,0.263,16.52
3830,12406,12407,3.0,0.333,22.1
3831,12408,12409,1.857,0.229,13.59
3832,12412,12413,3.857,0.329,28.77
3833,12414,12415,5.0,0.0,12.41
3834,12420,12421,57.0,0.0,113.66
3835,12422,12423,31.0,4.0,67.32
3836,12428,12429,6.5,0.5,45.45
3837,12432,12433,3.5,0.5,19.55
3838,12444,12445,15.0,0.0,32.99
3839,12446,12447,2.57,0.402,31.41
3840,12448,12449,3.557,0.327,45.36
3841,12450,12451,2.605,0.242,33.46
3842,12452,12453,11.459,2.333,141.1
3843,12454,12455,6.61,1.336,83.44
3844,12456,12457,4.495,0.368,57.16
3845,12458,12459,6.6,0.8,46.0
3846,12462,12463,7.0,0.0,51.83
3847,12466,12467,9.0,0.0,67.19
3848,12468,12469,9.0,0.0,66.56
3849,12470,12471,24.0,7.0,165.4
3850,12472,12473,4.0,0.0,17.63
3851,12474,12475,4.0,0.0,41.79
3852,12476,12477,5.0,0.0,21.84
3853,12480,12481,15.0,0.0,71.49
3854,12482,12483,8.0,0.0,36.67
3855,12484,12485,8.0,0.0,31.73
3856,12488,12489,5.0,0.0,27.59
3857,12492,12493,2.0,0.0,8.37
3858,12494,12495,10.0,0.0,55.96
3859,12500,12501,34.0,0.0,224.34
3860,12502,12503,38.5,60.5,94.82
3861,12504,12505,221.0,1486.5,517.01
3862,12506,12507,1.345,0.663,3.01
3863,12508,12509,18.1,7.334,36.8
3864,12510,12511,30.688,12.544,63.2
3865,12512,12513,9.613,2.245,19.71
3866,12514,12515,2.25,6.25,0.2
3867,12516,12517,104.688,131.77,207.25
3868,12518,12519,76.3,57.567,155.47
3869,12520,12521,10.333,2.333,54.25
3870,12524,12525,4.0,0.0,20.71
3871,12526,12527,14.0,0.0,100.7
3872,12528,12529,18.5,24.5,108.21
3873,12530,12531,6.5,0.3,48.49
3874,12532,12533,8.0,0.8,62.89
3875,12534,12535,39.471,20.765,188.85
3876,12538,12539,12.175,330.661,1.38
3877,12544,12545,30.167,4.567,149.86
3878,12546,12547,11.333,2.333,57.85
3879,12548,12549,33.167,6.167,263.81
3880,12550,12551,7.714,0.238,63.67
3881,12556,12557,3.167,0.567,24.62
3882,12558,12559,11.75,1.929,84.21
3883,12560,12561,10.5,0.5,57.47
3884,12568,12569,2.833,0.167,22.71
3885,12572,12573,28.667,5.333,374.25
3886,12576,12577,4.385,0.256,52.18
3887,12580,12581,4.571,0.725,23.05
3888,12592,12593,2.316,25.631,22.83
3889,12594,12595,1.042,0.078,10.27
3890,12596,12597,5.929,83.785,54.85
3891,12598,12599,1.783,2.281,19.86
3892,12600,12601,3.2,1.228,36.77
3893,12602,12603,1.897,5.012,19.19
3894,12604,12605,7.344,1.484,95.43
3895,12606,12607,8.41,0.779,103.85
3896,12608,12609,2.197,0.194,25.91
3897,12610,12611,5.263,40.355,23.19
3898,12612,12613,3.333,0.267,26.65
3899,12616,12617,2.333,0.267,19.65
3900,12620,12621,8.057,1.054,59.58
3901,12622,12623,3.768,4.599,44.13
3902,12624,12625,9.185,0.835,120.12
3903,12626,12627,1.878,0.108,17.75
3904,12632,12633,41.0,0.0,75.84
3905,12634,12635,52.0,67.0,114.43
3906,12636,12637,9.554,3.315,109.36
3907,12640,12641,12.75,0.786,66.5
3908,12642,12643,7.25,0.214,38.4
3909,12644,12645,6.0,2.0,30.38
3910,12646,12647,2.5,0.5,14.76
3911,12680,12681,4.0,0.0,22.86
3912,12682,12683,5.0,0.0,28.38
3913,12690,12691,2.0,0.0,7.53
3914,12692,12693,9.417,0.811,43.41
3915,12694,12695,2.667,1.333,10.14
3916,12696,12697,23.0,0.0,114.36
3917,12702,12703,3.647,2.118,16.61
3918,12706,12707,2.0,0.0,10.48
3919,12714,12715,6.0,0.0,34.25
3920,12716,12717,15.0,168.105,2.66
3921,12718,12719,2.0,0.0,10.57
3922,12720,12721,3.0,0.0,18.06
3923,12724,12725,20.0,0.0,101.1
3924,12726,12727,24.5,40.5,101.38
3925,12728,12729,8.333,0.851,39.38
3926,12730,12731,2.0,0.0,10.62
3927,12734,12735,5.286,128.571,1.84
3928,12736,12737,1.5,0.5,0.96
3929,12738,12739,1.375,1.125,1.79
3930,12742,12743,6.0,0.0,32.66
3931,12744,12745,2.0,0.0,9.76
3932,12746,12747,35.0,0.0,72.63
3933,12748,12749,72.0,0.0,143.35
3934,12750,12751,36.25,31.583,80.76
3935,12752,12753,11.333,3.067,26.06
3936,12756,12757,17.362,222.105,22.61
3937,12758,12759,1.63,0.479,18.42
3938,12760,12761,4.127,0.434,49.55
3939,12762,12763,2.0,0.0,9.05
3940,12766,12767,3.5,4.5,11.12
3941,12770,12771,1.158,0.134,9.82
3942,12772,12773,7.891,10.491,90.33
3943,12776,12777,2.082,0.219,25.89
3944,12778,12779,1.018,0.018,8.0
3945,12780,12781,3.784,0.268,47.36
3946,12782,12783,2.47,0.272,28.17
3947,12784,12785,21.5,5.9,101.17
3948,12788,12789,2.0,0.0,7.29
3949,12790,12791,9.667,0.333,44.28
3950,12794,12795,4.0,0.0,13.57
3951,12796,12797,6.0,0.0,23.42
3952,12798,12799,3.0,0.0,0.72
3953,12810,12811,18.0,273.0,28.73
3954,12816,12817,6.75,2.25,29.0
3955,12824,12825,4.333,0.333,17.7
3956,12828,12829,31.25,94.25,117.4
3957,12834,12835,13.5,0.7,68.29
3958,12848,12849,9.0,2.0,41.64
3959,12850,12851,7.25,0.917,35.53
3960,12852,12853,4.029,41.787,4.74
3961,12854,12855,4.25,24.386,2.89
3962,12856,12857,15.0,0.0,69.19
3963,12860,12861,12.0,0.0,66.3
3964,12862,12863,12.0,0.0,61.09
3965,12864,12865,25.462,72.603,77.68
3966,12866,12867,9.571,1.619,47.48
3967,12882,12883,3.667,0.333,16.16
3968,12884,12885,21.0,72.0,79.66
3969,12886,12887,9.0,31.2,26.15
3970,12888,12889,8.0,0.0,42.69
3971,12892,12893,17.2,3.2,91.19
3972,12896,12897,7.053,0.942,34.06
3973,12898,12899,51.0,0.0,210.42
3974,12900,12901,7.0,0.0,28.24
3975,12902,12903,6.5,0.5,30.13
3976,12906,12907,7.0,0.0,40.96
3977,12908,12909,21.0,2.0,109.48
3978,12910,12911,1.75,0.214,8.64
3979,12914,12915,11.667,4.333,56.5
3980,12918,12919,3.333,0.333,16.06
3981,12928,12929,8.0,1.0,40.4
3982,12930,12931,2.0,0.0,11.4
3983,12934,12935,22.5,1.667,107.38
3984,12938,12939,4.111,37.861,5.48
3985,12940,12941,38.5,12.5,199.64
3986,12942,12943,4.167,0.167,20.56
3987,12960,12961,23.5,8.571,117.87
3988,12962,12963,18.5,4.5,100.9
3989,12974,12975,5.429,0.952,28.56
3990,12978,12979,7.0,0.0,21.39
3991,12982,12983,25.0,0.0,83.44
3992,12984,12985,2.0,0.0,8.11
3993,12996,12997,1.6,0.3,6.53
3994,13010,13011,13.5,1.143,68.37
3995,13016,13017,13.25,0.5,101.86
3996,13022,13023,18.0,0.0,90.89
3997,13026,13027,5.0,0.0,29.9
3998,13032,13033,13.0,0.0,73.15
3999,13034,13035,6.0,1.0,23.52
4000,13036,13037,26.0,0.0,123.48
4001,13040,13041,11.0,0.0,59.1
4002,13048,13049,3.0,0.0,12.77
4003,13050,13051,6.0,0.0,31.79
4004,13054,13055,35.286,33.905,156.51
4005,13060,13061,18.105,103.433,72.69
4006,13064,13065,19.5,1.667,94.59
4007,13066,13067,2.0,0.0,4.76
4008,13086,13087,3.5,0.5,15.62
4009,13102,13103,21.0,0.0,108.51
4010,13104,13105,8.0,0.0,45.18
4011,13110,13111,19.0,162.0,54.92
4012,13118,13119,9.0,0.0,46.92
4013,13120,13121,19.0,0.0,115.87
4014,13128,13129,4.957,44.953,4.85
4015,13132,13133,6.5,0.5,28.69
4016,13134,13135,14.0,0.0,77.28
4017,13152,13153,1.026,0.026,6.9
4018,13154,13155,7.143,0.907,52.61
4019,13156,13157,8.229,1.338,61.79
4020,13160,13161,20.0,18.0,94.01
4021,13162,13163,39.667,60.333,179.43
4022,13164,13165,4.0,1.0,19.41
4023,13166,13167,1.594,6.12,5.26
4024,13170,13171,2.522,3.188,28.04
4025,13172,13173,4.348,0.321,58.2
4026,13174,13175,4.583,0.461,60.39
4027,13176,13177,1.562,0.251,21.0
4028,13180,13181,3.585,0.324,46.27
4029,13182,13183,23.0,1.667,119.88
4030,13186,13187,32.4,13.8,160.93
4031,13214,13215,5.0,0.0,34.02
4032,13260,13261,41.0,0.0,278.14
4033,13288,13289,24.0,0.0,176.89
4034,13298,13299,1.842,0.14,14.63
4035,13300,13301,4.632,0.737,54.78
4036,13302,13303,4.237,0.288,65.29
4037,13304,13305,8.949,1.359,138.46
4038,13306,13307,2.129,0.245,32.25
4039,13308,13309,7.537,0.858,117.35
4040,13310,13311,10.141,1.451,251.82
4041,13312,13313,10.304,0.786,219.66
4042,13314,13315,24.0,0.0,112.46
4043,13316,13317,80.0,72.0,391.04
4044,13318,13319,36.0,35.5,168.0
4045,13320,13321,3.5,0.5,17.68
4046,13324,13325,9.0,0.0,44.79
4047,13330,13331,6.0,0.0,26.73
4048,13338,13339,24.0,12.0,192.82
4049,13340,13341,6.0,1.0,46.51
4050,13348,13349,6.083,0.811,43.16
4051,13350,13351,9.8,1.7,69.47
4052,13352,13353,14.667,1.333,113.32
4053,13354,13355,4.0,0.0,25.15
4054,13356,13357,34.286,58.571,268.58
4055,13358,13359,6.667,0.667,50.57
4056,13360,13361,6.8,0.2,48.18
4057,13362,13363,5.5,0.5,43.74
4058,13364,13365,9.0,0.0,108.38
4059,13366,13367,3.0,0.0,39.24
4060,13368,13369,8.0,0.0,113.25
4061,13370,13371,5.0,0.25,57.46
4062,13372,13373,8.571,1.341,112.28
4063,13374,13375,3.333,0.333,36.73
4064,13376,13377,29.733,694.745,12.56
4065,13378,13379,31.711,2493.937,39.89
4066,13382,13383,3.422,0.249,28.05
4067,13384,13385,10.733,0.973,122.17
4068,13396,13397,5.0,0.0,60.87
4069,13410,13411,5.0,0.0,22.78
4070,13414,13415,2.333,0.333,11.52
4071,13416,13417,12.0,0.0,54.7
4072,13422,13423,16.0,2.0,80.69
4073,13424,13425,14.444,65.438,69.53
4074,13426,13427,2.375,0.25,27.77
4075,13444,13445,10.5,0.949,111.56
4076,13446,13447,20.345,2.52,235.32
4077,13448,13449,10.519,1.259,107.93
4078,13452,13453,119.44,847.507,594.26
4079,13454,13455,47.0,53.429,219.67
4080,13458,13459,4.0,0.0,21.77
4081,13460,13461,89.0,54.0,438.49
4082,13462,13463,4.0,0.0,18.42
4083,13464,13465,42.333,30.333,195.49
4084,13466,13467,79.0,62.0,382.16
4085,13468,13469,1.727,0.208,19.19
4086,13470,13471,6.818,0.442,75.2
4087,13472,13473,1.25,0.2,8.64
4088,13476,13477,3.0,0.0,23.16
4089,13478,13479,8.0,1.0,118.15
4090,13482,13483,4.667,0.333,47.07
4091,13484,13485,3.0,0.0,42.56
4092,13488,13489,6.667,0.333,97.99
4093,13494,13495,12.4,2.3,95.71
4094,13496,13497,4.0,0.0,33.64
4095,13498,13499,14.0,0.0,114.22
4096,13502,13503,2.4,0.267,17.2
4097,13504,13505,16.7,2.9,126.45
4098,13512,13513,179.5,60.5,938.89
4099,13514,13515,30.5,4.5,162.29
4100,13524,13525,8.0,0.0,41.59
4101,13526,13527,7.0,0.0,40.52
4102,13530,13531,12.5,7.9,87.65
4103,13532,13533,2.0,0.0,17.65
4104,13536,13537,5.0,0.0,37.57
4105,13538,13539,4.0,0.0,29.4
4106,13540,13541,9.229,0.867,139.23
4107,13544,13545,6.25,0.25,51.18
4108,13546,13547,5.0,0.667,37.74
4109,13548,13549,9.75,1.583,79.74
4110,13550,13551,13.0,0.0,75.2
4111,13554,13555,6.333,1.333,58.97
4112,13556,13557,7.0,0.0,87.33
4113,13558,13559,5.0,0.0,61.82
4114,13560,13561,5.0,0.0,66.38
4115,13562,13563,8.0,0.0,81.76
4116,13574,13575,5.0,0.0,21.72
4117,13578,13579,2.583,0.29,17.42
4118,13580,13581,3.262,0.758,40.25
4119,13582,13583,6.0,0.0,27.1
4120,13596,13597,36.0,0.0,79.05
4121,13600,13601,2.923,0.154,30.79
4122,13602,13603,39.5,24.5,85.67
4123,13606,13607,7.75,0.917,48.11
4124,13610,13611,25.79,1247.54,33.53
4125,13612,13613,32.559,2954.898,123.75
4126,13626,13627,3.0,2.0,14.89
4127,13628,13629,8.0,0.0,47.17
4128,13634,13635,23.0,0.0,138.8
4129,13636,13637,2.5,9.429,6.26
4130,13640,13641,4.667,0.5,34.03
4131,13642,13643,11.0,2.0,81.18
4132,13644,13645,8.0,1.4,60.94
4133,13650,13651,17.0,0.0,142.18
4134,13652,13653,5.0,0.0,35.87
4135,13654,13655,10.115,6.106,69.32
4136,13656,13657,7.72,1.627,59.02
4137,13658,13659,8.208,1.303,58.51
4138,13662,13663,13.0,0.0,95.64
4139,13666,13667,7.0,0.0,41.16
4140,13668,13669,8.0,0.0,21.73
4141,13672,13673,3.0,0.0,15.61
4142,13688,13689,13.25,4.25,67.69
4143,13704,13705,10.0,0.0,48.99
4144,13708,13709,10.0,1.0,56.61
4145,13722,13723,13.0,0.0,65.89
4146,13726,13727,38.364,497.655,97.51
4147,13738,13739,8.0,0.0,52.26
4148,13742,13743,9.0,2.0,46.29
4149,13744,13745,120.0,0.0,620.38
4150,13746,13747,8.0,0.0,59.28
4151,13748,13749,3.0,0.0,21.28
4152,13750,13751,23.0,0.0,166.31
4153,13752,13753,9.5,0.5,73.86
4154,13754,13755,2.0,0.0,11.87
4155,13762,13763,6.333,1.333,42.01
4156,13764,13765,4.0,0.667,26.94
4157,13766,13767,9.0,0.0,42.27
4158,13772,13773,6.0,0.0,39.13
4159,13774,13775,6.0,0.0,35.96
4160,13778,13779,6.0,0.0,49.96
4161,13780,13781,4.0,0.0,37.53
4162,13782,13783,8.0,0.0,49.86
4163,13792,13793,9.25,0.25,60.96
4164,13794,13795,16.333,2.333,111.0
4165,13798,13799,34.0,0.0,81.38
4166,13800,13801,11.0,0.0,83.96
4167,13804,13805,5.0,0.0,40.69
4168,13810,13811,7.333,1.333,59.03
4169,13812,13813,7.176,2.029,50.07
4170,13814,13815,9.0,0.0,64.32
4171,13816,13817,7.5,0.5,48.75
4172,13820,13821,8.714,0.571,64.98
4173,13822,13823,4.714,0.571,36.66
4174,13824,13825,2.286,0.238,14.86
4175,13826,13827,4.857,0.476,34.32
4176,13828,13829,4.833,0.167,31.64
4177,13830,13831,5.833,0.967,42.66
4178,13832,13833,21.0,0.0,244.87
4179,13834,13835,3.0,0.0,20.88
4180,13840,13841,15.6,0.8,112.71
4181,13844,13845,8.25,0.25,54.35
4182,13848,13849,73.0,0.0,150.73
4183,13856,13857,3.0,13.857,1.56
4184,13858,13859,4.944,17.114,19.22
4185,13860,13861,7.769,1.192,56.18
4186,13862,13863,3.5,0.5,26.08
4187,13864,13865,3.0,0.0,16.56
4188,13870,13871,4.786,0.643,30.25
4189,13872,13873,2.3,0.233,14.96
4190,13874,13875,2.75,0.386,19.51
4191,13876,13877,2.333,0.267,18.24
4192,13878,13879,18.25,4.917,140.76
4193,13894,13895,4.667,0.333,46.34
4194,13896,13897,3.0,1.0,41.98
4195,13898,13899,4.333,0.333,56.26
4196,13904,13905,23.0,1.0,188.61
4197,13906,13907,1.577,0.288,17.83
4198,13910,13911,7.025,2.835,85.82
4199,13912,13913,3.0,0.35,38.0
4200,13914,13915,1.213,1.657,12.42
4201,13916,13917,2.333,0.25,28.32
4202,13918,13919,3.0,0.0,15.27
4203,13920,13921,8.0,0.0,58.14
4204,13922,13923,8.0,2.0,19.15
4205,13926,13927,16.0,0.0,77.83
4206,13930,13931,45.5,0.5,105.6
4207,13946,13947,1.875,0.696,10.88
4208,13948,13949,4.25,0.5,28.39
4209,13950,13951,2.5,0.333,15.8
4210,13956,13957,23.5,1.667,174.34
4211,13958,13959,3.0,0.0,17.03
4212,13962,13963,4.0,2.0,23.16
4213,13964,13965,3.0,2.0,24.39
4214,13968,13969,4.5,0.333,35.75
4215,13970,13971,4.667,0.333,37.04
4216,13972,13973,8.8,0.7,116.18
4217,13974,13975,15.6,4.3,258.64
4218,13978,13979,10.4,2.8,169.57
4219,13980,13981,7.333,1.067,122.01
4220,13982,13983,2.5,0.3,40.18
4221,13986,13987,2.286,0.238,34.85
4222,14012,14013,50.5,39.1,230.4
4223,14020,14021,3.0,0.0,15.98
4224,14024,14025,7.286,0.238,35.72
4225,14026,14027,5.059,0.504,63.63
4226,14028,14029,2.632,0.266,34.05
4227,14030,14031,7.096,44.884,38.65
4228,14032,14033,4.15,0.438,51.5
4229,14034,14035,4.925,0.43,61.95
4230,14036,14037,7.0,0.0,42.1
4231,14040,14041,5.0,0.0,27.0
4232,14044,14045,14.333,46.0,47.37
4233,14046,14047,2.833,0.167,14.08
4234,14056,14057,1.011,0.011,12.14
4235,14060,14061,6.571,0.286,45.2
4236,14062,14063,3.7,2.456,23.22
4237,14064,14065,6.4,0.8,49.65
4238,14066,14067,8.149,0.888,59.48
4239,14068,14069,4.333,0.33,31.7
4240,14072,14073,11.976,1.414,88.77
4241,14076,14077,4.962,0.473,35.83
4242,14078,14079,12.611,1.649,93.01
4243,14080,14081,4.194,0.272,30.88
4244,14082,14083,15.25,2.472,113.72
4245,14084,14085,4.34,0.267,28.81
4246,14086,14087,25.778,4.944,182.4
4247,14088,14089,8.889,0.861,63.57
4248,14092,14093,9.0,0.0,67.68
4249,14094,14095,11.6,0.3,89.19
4250,14098,14099,3.667,0.333,27.13
4251,14100,14101,12.0,0.0,86.61
4252,14106,14107,29.0,64.667,57.04
4253,14108,14109,2.75,0.25,34.76
4254,14110,14111,12.0,2.0,163.68
4255,14112,14113,2.667,0.333,25.24
4256,14116,14117,15.5,1.667,69.57
4257,14118,14119,1.349,0.233,13.4
4258,14120,14121,3.481,0.854,42.16
4259,14122,14123,29.065,1861.477,43.47
4260,14124,14125,5.22,0.576,40.38
4261,14126,14127,2.854,0.328,21.32
4262,14128,14129,7.235,0.944,54.73
4263,14130,14131,6.265,0.574,74.22
4264,14132,14133,21.455,7.835,151.88
4265,14134,14135,8.292,0.977,60.65
4266,14138,14139,5.976,3.926,40.87
4267,14140,14141,3.286,0.209,25.11
4268,14142,14143,3.463,0.405,26.29
4269,14144,14145,8.966,1582.197,27.98
4270,14150,14151,5.75,0.336,54.66
4271,14154,14155,8.0,2.0,55.35
4272,14156,14157,28.75,20.25,205.76
4273,14158,14159,1.937,0.184,24.65
4274,14160,14161,2.663,0.383,33.87
4275,14162,14163,4.199,0.413,53.54
4276,14166,14167,2.25,0.25,15.44
4277,14174,14175,1.085,0.078,8.34
4278,14176,14177,3.566,3.049,39.73
4279,14178,14179,7.02,0.659,87.08
4280,14180,14181,9.298,1.862,116.22
4281,14182,14183,5.645,0.552,71.41
4282,14184,14185,3.682,0.227,36.49
4283,14186,14187,6.286,0.571,65.07
4284,14188,14189,5.875,0.411,48.06
4285,14190,14191,9.562,1.062,72.77
4286,14196,14197,2.75,0.25,18.47
4287,14198,14199,1.2,0.2,8.06
4288,14200,14201,9.2,1.2,61.98
4289,14202,14203,4.333,0.333,30.34
4290,14204,14205,8.75,0.25,64.2
4291,14206,14207,7.571,0.286,60.21
4292,14208,14209,2.429,0.286,19.13
4293,14210,14211,12.0,0.0,155.11
4294,14212,14213,6.333,2.333,79.85
4295,14214,14215,1.047,0.045,6.08
4296,14216,14217,13.701,48.733,87.61
4297,14218,14219,3.391,0.962,24.01
4298,14220,14221,2.167,0.167,16.62
4299,14224,14225,14.5,0.5,109.93
4300,14226,14227,17.235,11.337,131.5
4301,14228,14229,12.0,3.333,89.83
4302,14230,14231,2.6,0.3,19.82
4303,14232,14233,4.571,0.286,36.81
4304,14234,14235,5.0,0.5,40.79
4305,14236,14237,2.333,0.267,17.7
4306,14238,14239,20.0,0.0,101.32
4307,14240,14241,21.0,20.667,88.9
4308,14250,14251,7.0,2.667,28.69
4309,14254,14255,15.655,2.889,204.9
4310,14256,14257,4.817,5.862,50.38
4311,14258,14259,11.54,1.146,134.94
4312,14260,14261,1.217,0.171,14.52
4313,14262,14263,1.979,0.636,21.77
4314,14264,14265,4.032,2.975,25.07
4315,14266,14267,4.2,0.7,18.16
4316,14272,14273,16.71,4.955,323.52
4317,14274,14275,4.782,0.532,98.88
4318,14276,14277,1.44,0.249,26.72
4319,14280,14281,17.0,0.0,82.9
4320,14282,14283,3.0,0.0,15.21
4321,14284,14285,31.0,0.0,61.0
4322,14286,14287,5.0,0.0,30.67
4323,14288,14289,50.0,72.0,225.97
4324,14292,14293,11.941,3.451,152.62
4325,14294,14295,3.714,0.286,27.28
4326,14296,14297,6.667,0.769,51.13
4327,14298,14299,3.556,0.333,27.33
4328,14302,14303,29.65,443.669,24.63
4329,14304,14305,8.349,3.947,59.25
4330,14306,14307,2.186,0.25,15.68
4331,14310,14311,9.179,1.52,68.92
4332,14312,14313,2.263,0.199,17.75
4333,14314,14315,6.625,109.125,3.18
4334,14316,14317,3.917,26.265,16.18
4335,14318,14319,70.0,83.0,507.86
4336,14324,14325,8.25,2.25,93.95
4337,14332,14333,3.0,1.0,22.24
4338,14334,14335,4.0,0.095,46.74
4339,14340,14341,30.0,0.0,71.12
4340,14342,14343,15.0,0.0,32.13
4341,14344,14345,6.2,0.2,14.16
4342,14346,14347,15.0,0.0,78.99
4343,14348,14349,1.25,0.25,18.53
4344,14352,14353,7.0,0.0,76.41
4345,14354,14355,12.5,4.5,54.33
4346,14362,14363,5.0,0.0,26.05
4347,14364,14365,4.25,0.5,9.16
4348,14366,14367,19.125,5.268,41.86
4349,14368,14369,33.0,0.0,53.46
4350,14370,14371,12.5,0.5,60.74
4351,14378,14379,71.0,0.0,295.76
4352,14384,14385,5.0,0.0,25.19
4353,14388,14389,6.0,0.0,25.45
4354,14390,14391,2.0,0.0,8.96
4355,14394,14395,25.5,9.0,123.57
4356,14396,14397,6.0,0.0,33.17
4357,14398,14399,42.0,0.0,101.65
4358,14400,14401,7.25,0.917,83.73
4359,14404,14405,5.103,3.447,70.06
4360,14406,14407,2.143,0.81,12.78
4361,14408,14409,2.8,0.7,20.02
4362,14412,14413,10.0,0.0,69.92
4363,14416,14417,26.0,0.0,141.24
4364,14426,14427,3.556,0.528,27.34
4365,14430,14431,2.9,0.544,22.01
4366,14432,14433,10.324,3480.972,28.77
4367,14434,14435,11.857,1.143,154.3
4368,14438,14439,23.909,24.398,305.31
4369,14440,14441,2.636,0.239,33.54
4370,14442,14443,6.0,0.727,77.08
4371,14444,14445,1.121,0.11,14.84
4372,14446,14447,37.0,72.0,245.99
4373,14454,14455,12.0,8.0,58.34
4374,14466,14467,100.25,746.2,502.82
4375,14468,14469,41.083,19.123,319.64
4376,14470,14471,19.833,7.324,158.08
4377,14476,14477,4.541,0.447,56.47
4378,14478,14479,6.0,0.0,29.08
4379,14484,14485,9.792,0.722,126.99
4380,14486,14487,4.438,0.251,35.48
4381,14488,14489,1.423,0.246,18.89
4382,14490,14491,1.127,0.111,14.11
4383,14492,14493,5.753,0.423,70.23
4384,14494,14495,13.5,4.5,105.3
4385,14496,14497,1.5,0.5,14.03
4386,14506,14507,4.667,0.333,32.08
4387,14508,14509,2.333,0.333,20.09
4388,14510,14511,5.0,1.0,36.26
4389,14512,14513,5.0,1.0,40.63
4390,14514,14515,2.333,0.333,14.91
4391,14516,14517,5.8,1.2,43.37
4392,14518,14519,8.4,0.8,68.3
4393,14520,14521,5.167,0.167,40.9
4394,14522,14523,14.0,0.0,97.53
4395,14524,14525,6.333,0.333,19.53
4396,14532,14533,8.476,201.062,26.28
4397,14534,14535,14.25,3.461,106.67
4398,14536,14537,5.0,0.0,29.53
4399,14538,14539,9.0,2.0,44.37
4400,14540,14541,9.0,0.0,37.34
4401,14544,14545,4.0,0.0,23.49
4402,14550,14551,3.41,0.323,26.43
4403,14552,14553,9.51,16.067,58.4
4404,14556,14557,22.0,0.0,41.42
4405,14560,14561,5.0,0.0,43.3
4406,14572,14573,3.75,0.25,27.03
4407,14574,14575,1.5,0.5,4.16
4408,14576,14577,20.0,4.667,94.6
4409,14578,14579,110.0,0.0,697.9
4410,14580,14581,8.333,2.333,36.42
4411,14582,14583,25.222,567.194,32.74
4412,14584,14585,5.667,0.333,27.41
4413,14586,14587,6.179,1.204,48.25
4414,14588,14589,3.912,0.51,29.6
4415,14594,14595,3.0,0.0,17.5
4416,14600,14601,3.154,0.141,35.47
4417,14604,14605,1.062,0.062,7.38
4418,14606,14607,1.345,0.305,14.39
4419,14608,14609,2.233,0.254,19.34
4420,14610,14611,29.0,578.0,0.2
4421,14612,14613,4.167,32.167,1.08
4422,14614,14615,12.0,0.4,58.65
4423,14616,14617,5.0,0.0,25.58
4424,14618,14619,11.5,0.5,56.07
4425,14620,14621,1.111,0.111,4.19
4426,14622,14623,10.4,10.044,46.35
4427,14628,14629,1.167,0.167,1.04
4428,14650,14651,13.0,0.0,28.02
4429,14652,14653,16.0,7.0,33.63
4430,14656,14657,10.0,0.0,105.08
4431,14664,14665,3.0,0.0,15.39
4432,14666,14667,1.667,0.333,13.49
4433,14668,14669,9.0,0.0,67.47
4434,14670,14671,5.0,0.0,45.55
4435,14678,14679,2.0,0.0,10.82
4436,14680,14681,2.0,0.0,14.86
4437,14684,14685,2.0,0.0,8.97
4438,14690,14691,27.0,18.0,197.7
4439,14694,14695,24.667,14.333,176.48
4440,14696,14697,4.0,0.5,28.77
4441,14698,14699,11.667,1.333,61.58
4442,14700,14701,22.0,11.333,107.44
4443,14702,14703,13.0,2.5,61.48
4444,14704,14705,3.889,0.361,17.99
4445,14706,14707,32.0,0.0,130.77
4446,14716,14717,9.5,0.5,70.8
4447,14718,14719,9.0,0.0,68.98
4448,14720,14721,10.75,1.526,81.93
4449,14722,14723,1.625,0.24,11.43
4450,14724,14725,6.047,0.426,46.4
4451,14728,14729,1.854,0.212,13.61
4452,14730,14731,10.0,0.0,91.25
4453,14732,14733,29.25,6.214,63.53
4454,14736,14737,28.25,4.917,60.26
4455,14738,14739,18.333,2.333,141.96
4456,14742,14743,54.5,24.5,268.53
4457,14744,14745,59.5,24.5,290.8
4458,14748,14749,2.875,22.517,5.17
4459,14750,14751,5.0,0.0,24.75
4460,14752,14753,2.5,0.3,11.36
4461,14756,14757,6.0,50.0,3.22
4462,14758,14759,2.0,0.0,3.18
4463,14760,14761,6.0,0.0,34.08
4464,14762,14763,5.333,0.333,27.02
4465,14770,14771,2.75,0.917,9.87
4466,14772,14773,3.5,0.5,16.65
4467,14776,14777,2.5,0.5,13.57
4468,14786,14787,4.0,18.0,3.02
4469,14792,14793,3.0,0.0,13.51
4470,14818,14819,14.0,0.0,106.91
4471,14820,14821,12.792,1.911,93.71
4472,14822,14823,51.333,229.333,100.4
4473,14834,14835,3.0,0.0,19.72
4474,14842,14843,3.0,0.0,0.12
4475,14848,14849,169.452,1726.656,841.98
4476,14850,14851,149.211,1060.62,776.82
4477,14852,14853,14.385,4.256,65.78
4478,14854,14855,32.0,0.0,167.67
4479,14858,14859,74.158,71.918,375.27
4480,14860,14861,107.16,427.89,523.45
4481,14862,14863,21.5,4.5,97.75
4482,14864,14865,6.0,0.0,28.06
4483,14868,14869,44.714,1382.659,30.43
4484,14870,14871,17.133,837.914,51.93
4485,14872,14873,4.674,30.222,21.51
4486,14874,14875,2.096,0.722,26.07
4487,14876,14877,2.096,0.161,27.49
4488,14878,14879,1.778,2.944,5.15
4489,14880,14881,16.182,75.013,151.35
4490,14882,14883,2.25,0.192,28.82
4491,14886,14887,8.359,0.762,102.37
4492,14888,14889,4.718,0.524,44.07
4493,14890,14891,2.122,0.51,26.45
4494,14892,14893,8.0,0.0,18.57
4495,14900,14901,13.0,2.0,66.63
4496,14902,14903,4.625,25.982,0.2
4497,14904,14905,15.714,95.905,44.49
4498,14906,14907,10.969,1.596,217.67
4499,14908,14909,4.794,0.399,95.24
4500,14910,14911,2.376,0.236,25.2
4501,14914,14915,8.5,0.5,58.36
4502,14916,14917,11.0,8.0,76.29
4503,14918,14919,6.6,0.8,48.68
4504,14920,14921,4.667,0.333,30.7
4505,14922,14923,9.0,0.0,67.72
4506,14926,14927,27.0,108.0,3.37
4507,14938,14939,13.0,0.0,71.18
4508,14942,14943,2.0,0.0,13.35
4509,14944,14945,1.561,0.252,8.19
4510,14946,14947,49.5,144.5,235.71
4511,14948,14949,13.0,2.0,64.75
4512,14950,14951,24.786,9.057,421.77
4513,14952,14953,2.9,0.544,40.06
4514,14954,14955,29.158,10.363,449.23
4515,14956,14957,10.65,12.345,151.09
4516,14958,14959,7.5,1.211,114.71
4517,14960,14961,2.3,0.326,33.37
4518,14962,14963,3.1,0.322,41.41
4519,14964,14965,17.0,0.0,189.85
4520,14966,14967,17.0,0.0,175.6
4521,14968,14969,110.4,583.3,561.1
4522,14970,14971,10.0,0.0,51.95
4523,14972,14973,8.947,2.051,60.87
4524,14974,14975,2.263,0.233,18.58
4525,14976,14977,15.0,8.0,100.77
4526,14978,14979,25.0,0.0,144.07
4527,14980,14981,16.0,2.0,102.85
4528,14992,14993,6.5,0.5,48.28
4529,14994,14995,4.0,0.0,25.84
4530,14996,14997,10.0,0.0,66.06
4531,15000,15001,1.5,0.5,4.77
4532,15002,15003,2.0,0.0,8.56
4533,15004,15005,31.5,684.5,71.52
4534,15006,15007,14.5,0.5,103.09
4535,15008,15009,18.0,0.0,134.78
4536,15010,15011,3.5,0.333,27.01
4537,15050,15051,2.0,0.0,12.01
4538,15054,15055,3.0,0.0,12.48
4539,15060,15061,2.0,0.0,9.48
4540,15062,15063,20.0,8.0,102.63
4541,15068,15069,21.0,0.0,114.63
4542,15090,15091,7.0,0.0,36.07
4543,15114,15115,10.0,0.0,42.7
4544,15118,15119,15.0,0.0,60.45
4545,15120,15121,6.5,0.5,27.88
4546,15122,15123,3.0,0.0,19.32
4547,15126,15127,6.0,0.0,28.87
4548,15128,15129,5.0,0.0,24.09
4549,15164,15165,5.0,0.0,28.11
4550,15168,15169,6.0,1.0,30.11
4551,15180,15181,3.25,6.25,10.62
4552,15184,15185,19.0,25.0,33.47
4553,15190,15191,64.385,111.446,306.63
4554,15198,15199,5.8,0.2,27.12
4555,15200,15201,10.333,0.333,52.54
4556,15202,15203,39.0,0.0,72.82
4557,15204,15205,34.0,0.0,75.4
4558,15210,15211,33.0,0.0,71.71
4559,15222,15223,3.0,0.0,25.27
4560,15224,15225,22.104,73.232,227.65
4561,15226,15227,6.996,0.801,102.72
4562,15228,15229,5.756,0.48,88.98
4563,15230,15231,4.802,0.482,68.0
4564,15232,15233,2.181,0.23,27.22
4565,15234,15235,2.85,0.4,34.56
4566,15240,15241,32.741,11.272,145.74
4567,15250,15251,14.667,2.333,76.56
4568,15254,15255,25.25,224.023,73.08
4569,15256,15257,1.077,0.072,5.31
4570,15262,15263,2.0,0.0,7.45
4571,15264,15265,4.0,0.0,35.7
4572,15266,15267,11.0,0.0,59.72
4573,15270,15271,8.0,0.0,34.92
4574,15272,15273,3.667,0.267,19.04
4575,15274,15275,9.0,0.0,50.27
4576,15278,15279,3.0,0.0,13.7
4577,15284,15285,11.4,2.3,58.24
4578,15286,15287,2.0,0.0,6.89
4579,15288,15289,11.0,0.0,53.04
4580,15292,15293,2.0,0.0,12.31
4581,15294,15295,7.0,0.0,41.04
4582,15312,15313,4.0,0.0,6.45
4583,15324,15325,1.6,0.3,8.81
4584,15328,15329,9.0,0.0,46.81
4585,15332,15333,76.0,0.0,148.5
4586,15340,15341,3.0,0.0,31.5
4587,15348,15349,4.5,0.5,23.91
4588,15358,15359,2.909,0.491,32.92
4589,15362,15363,4.0,0.0,22.79
4590,15364,15365,8.563,0.968,111.27
4591,15366,15367,1.04,0.039,12.2
4592,15370,15371,8.943,0.761,116.31
4593,15372,15373,10.0,0.0,52.83
4594,15374,15375,7.0,0.0,43.83
4595,15376,15377,7.857,0.899,96.58
4596,15378,15379,15.0,1.733,195.33
4597,15380,15381,8.0,0.0,15.84
4598,15382,15383,20.0,0.0,137.97
4599,15386,15387,9.0,0.0,42.12
4600,15400,15401,8.5,0.5,43.81
4601,15412,15413,4.0,0.0,21.72
4602,15442,15443,2.0,0.0,8.92
4603,15452,15453,2.0,0.0,11.92
4604,15454,15455,6.0,0.0,22.04
4605,15462,15463,13.0,1.333,66.51
4606,15464,15465,9.4,90.8,0.2
4607,15466,15467,17.0,204.8,24.93
4608,15468,15469,1.5,0.3,7.42
4609,15472,15473,3.5,0.5,17.91
4610,15480,15481,25.0,0.0,189.72
4611,15482,15483,12.0,0.0,144.89
4612,15484,15485,8.667,0.333,119.17
4613,15486,15487,27.717,879.187,31.1
4614,15488,15489,8.587,289.32,25.3
4615,15490,15491,3.418,134.967,6.01
4616,15492,15493,17.957,2.498,230.81
4617,15494,15495,8.623,1.171,177.78
4618,15496,15497,9.709,0.951,101.13
4619,15498,15499,8.242,2.689,35.91
4620,15500,15501,54.586,79.827,255.28
4621,15502,15503,25.833,16.386,122.61
4622,15504,15505,29.963,11.729,146.96
4623,15506,15507,85.571,78.264,437.93
4624,15508,15509,26.778,12.194,131.96
4625,15512,15513,17.211,175.846,39.49
4626,15514,15515,1.426,5.867,5.3
4627,15516,15517,2.426,16.163,15.28
4628,15518,15519,9.615,74.188,77.65
4629,15520,15521,27.833,94.967,212.62
4630,15522,15523,40.214,27.412,83.51
4631,15524,15525,7.518,0.84,77.43
4632,15526,15527,7.644,0.564,83.98
4633,15528,15529,23.667,5.333,109.49
4634,15534,15535,5.0,0.0,36.05
4635,15536,15537,7.667,6.333,75.02
4636,15538,15539,8.0,0.0,47.55
4637,15540,15541,4.4,0.8,28.82
4638,15544,15545,4.0,0.0,49.02
4639,15546,15547,4.0,0.0,53.59
4640,15550,15551,2.0,0.0,30.84
4641,15566,15567,4.5,1.0,20.61
4642,15568,15569,3.5,12.5,2.93
4643,15570,15571,28.0,50.0,186.09
4644,15572,15573,11.0,0.0,22.62
4645,15574,15575,9.5,3.5,22.75
4646,15576,15577,51.75,8.917,232.1
4647,15578,15579,99.0,0.0,415.24
4648,15582,15583,16.55,106.151,108.38
4649,15584,15585,4.619,0.388,59.4
4650,15586,15587,10.368,1.737,132.21
4651,15588,15589,1.891,0.099,17.09
4652,15590,15591,7.578,11.168,44.23
4653,15592,15593,5.328,0.541,39.49
4654,15594,15595,20.477,5.191,153.66
4655,15596,15597,5.952,0.594,46.41
4656,15598,15599,4.015,0.231,46.98
4657,15600,15601,2.214,0.181,9.69
4658,15606,15607,9.667,0.333,50.12
4659,15616,15617,16.0,0.0,72.91
4660,15620,15621,11.0,3.0,51.17
4661,15626,15627,2.0,0.0,23.68
4662,15628,15629,9.667,1.333,106.59
4663,15632,15633,7.5,0.5,41.14
4664,15650,15651,2.0,0.0,5.99
4665,15678,15679,8.5,0.5,47.57
4666,15684,15685,7.75,0.917,40.47
4667,15686,15687,9.0,1.0,40.61
4668,15690,15691,7.667,1.333,40.78
4669,15696,15697,7.5,1.0,33.92
4670,15698,15699,8.0,0.0,41.94
4671,15700,15701,11.0,0.0,48.16
4672,15704,15705,5.903,0.824,43.84
4673,15706,15707,3.515,0.445,25.79
4674,15710,15711,2.534,0.25,27.4
4675,15712,15713,3.644,2.037,45.06
4676,15718,15719,6.857,0.44,53.52
4677,15720,15721,9.0,5.714,72.6
4678,15722,15723,18.333,417.524,25.37
4679,15724,15725,11.715,1848.138,37.0
4680,15728,15729,1.051,0.117,7.07
4681,15730,15731,10.124,1289.498,41.82
4682,15732,15733,16.764,1230.944,119.98
4683,15734,15735,5.007,1.007,41.95
4684,15736,15737,2.612,0.465,29.96
4685,15738,15739,2.191,0.304,26.07
4686,15742,15743,2.274,4.335,16.97
4687,15744,15745,6.267,7.303,61.58
4688,15746,15747,37.929,6197.23,35.63
4689,15748,15749,12.07,1.114,91.57
4690,15750,15751,2.0,0.0,8.21
4691,15752,15753,117.474,1463.354,74.76
4692,15754,15755,121.489,1254.09,72.97
4693,15758,15759,28.714,22.374,131.77
4694,15760,15761,11.667,1.867,58.51
4695,15762,15763,51.0,18.5,269.05
4696,15764,15765,56.8,69.2,239.42
4697,15768,15769,2.0,0.0,8.64
4698,15770,15771,7.0,0.0,31.54
4699,15772,15773,9.0,0.0,46.37
4700,15774,15775,8.2,44.2,25.85
4701,15786,15787,4.0,0.0,19.62
4702,15788,15789,4.667,0.333,24.0
4703,15790,15791,5.273,1.218,24.84
4704,15792,15793,5.357,0.555,25.41
4705,15794,15795,107.0,697.0,429.15
4706,15804,15805,13.0,0.0,92.58
4707,15806,15807,6.0,0.0,44.85
4708,15808,15809,22.0,0.0,151.01
4709,15810,15811,4.0,0.0,30.98
4710,15812,15813,17.0,3.0,82.31
4711,15824,15825,11.0,0.0,86.12
4712,15858,15859,2.0,0.0,5.46
4713,15860,15861,9.0,2.0,46.39
4714,15864,15865,5.75,0.25,46.19
4715,15866,15867,9.0,2.0,66.31
4716,15868,15869,9.25,0.867,64.42
4717,15870,15871,10.0,2.0,72.95
4718,15872,15873,5.875,0.411,41.88
4719,15874,15875,6.75,0.5,51.64
4720,15876,15877,4.25,0.205,28.22
4721,15878,15879,9.923,2.077,71.11
4722,15880,15881,6.062,0.596,41.3
4723,15882,15883,18.0,0.0,133.8
4724,15884,15885,3.0,0.0,25.94
4725,15886,15887,4.0,0.0,29.25
4726,15888,15889,4.0,0.0,28.82
4727,15890,15891,4.0,0.0,30.32
4728,15892,15893,7.0,0.0,34.91
4729,15894,15895,2.786,0.287,21.95
4730,15896,15897,22.097,4.638,274.81
4731,15898,15899,22.953,194.109,45.8
4732,15900,15901,1.597,0.245,19.84
4733,15902,15903,3.159,0.136,34.9
4734,15904,15905,8.017,47.424,43.94
4735,15908,15909,4.807,14.426,12.1
4736,15910,15911,4.25,3.13,28.63
4737,15914,15915,4.333,0.25,36.58
4738,15916,15917,3.977,0.413,30.09
4739,15926,15927,3.0,0.0,16.51
4740,15930,15931,10.5,0.5,55.86
4741,15934,15935,1.04,0.039,12.26
4742,15936,15937,3.625,0.446,45.87
4743,15942,15943,1.667,0.333,6.43
4744,15944,15945,14.607,473.31,10.41
4745,15946,15947,22.826,257.828,55.75
4746,15954,15955,1.333,0.333,8.45
4747,15956,15957,2.5,5.1,11.69
4748,15960,15961,25.667,6.333,134.47
4749,15964,15965,17.5,1.667,91.21
4750,15966,15967,1.444,0.278,7.09
4751,15968,15969,1.5,0.5,5.75
4752,15970,15971,1.913,2.174,8.72
4753,15972,15973,6.938,0.516,88.46
4754,15974,15975,6.346,1.035,71.58
4755,15976,15977,3.0,0.0,14.82
4756,15978,15979,9.863,1.681,114.31
4757,15980,15981,2.356,0.371,25.49
4758,15982,15983,3.486,0.257,44.73
4759,15984,15985,30.576,12.752,379.48
4760,15986,15987,2.788,0.297,20.32
4761,15988,15989,41.879,29.922,307.38
4762,15990,15991,8.571,0.286,66.53
4763,16010,16011,3.0,1.0,14.75
4764,16012,16013,1.333,0.333,7.13
4765,16016,16017,4.0,0.0,19.35
4766,16026,16027,5.0,0.0,23.64
4767,16032,16033,22.0,0.0,88.98
4768,16034,16035,5.6,0.3,26.01
4769,16038,16039,17.5,12.5,85.86
4770,16048,16049,18.0,2.0,89.98
4771,16050,16051,2.167,0.167,5.86
4772,16058,16059,3.0,0.0,7.07
4773,16060,16061,2.667,0.333,6.58
4774,16064,16065,1.25,0.214,1.95
4775,16074,16075,19.756,5.825,389.64
4776,16076,16077,21.259,6.8,425.02
4777,16078,16079,7.034,0.494,130.06
4778,16080,16081,11.446,0.921,180.72
4779,16084,16085,13.5,0.5,58.68
4780,16088,16089,3.0,0.0,15.9
4781,16092,16093,16.0,32.0,64.47
4782,16094,16095,18.6,3.3,80.28
4783,16098,16099,14.5,3.667,180.51
4784,16100,16101,1.25,0.25,15.38
4785,16102,16103,4.852,0.285,44.08
4786,16104,16105,20.429,0.952,100.24
4787,16110,16111,10.167,0.567,47.72
4788,16114,16115,2.0,0.0,12.86
4789,16116,16117,7.667,0.333,37.3
4790,16118,16119,14.5,0.5,79.92
4791,16120,16121,16.5,4.5,80.05
4792,16126,16127,16.0,8.0,80.13
4793,16138,16139,3.0,0.0,13.61
4794,16140,16141,7.0,0.0,35.39
4795,16162,16163,19.333,4.333,93.26
4796,16180,16181,19.786,5.72,100.66
4797,16182,16183,35.947,21.719,163.28
4798,16184,16185,23.571,4.952,116.97
4799,16186,16187,6.0,1.0,40.37
4800,16188,16189,5.0,2.0,23.91
4801,16192,16193,2.0,0.0,15.31
4802,16194,16195,4.75,0.25,32.48
4803,16196,16197,1.5,0.333,7.09
4804,16202,16203,3.5,0.5,16.66
4805,16204,16205,2.0,0.522,21.04
4806,16206,16207,5.125,0.462,72.09
4807,16208,16209,4.167,0.319,56.66
4808,16210,16211,1.125,0.114,11.27
4809,16212,16213,17.0,8.0,78.43
4810,16214,16215,29.0,32.0,133.8
4811,16216,16217,9.25,0.917,42.59
4812,16218,16219,5.671,0.777,67.09
4813,16226,16227,16.611,3.546,209.79
4814,16228,16229,5.611,0.722,69.74
4815,16234,16235,1.431,25.315,10.44
4816,16236,16237,9.913,119.719,8.44
4817,16238,16239,3.714,0.238,23.32
4818,16240,16241,3.095,0.29,23.47
4819,16242,16243,1.714,0.314,12.48
4820,16244,16245,1.81,0.262,12.89
4821,16248,16249,2.364,0.255,18.7
4822,16252,16253,13.286,0.571,105.3
4823,16254,16255,27.25,37.587,56.46
4824,16256,16257,12.708,1.781,26.12
4825,16266,16267,9.0,0.0,53.71
4826,16272,16273,24.0,0.0,169.91
4827,16274,16275,1.415,0.251,18.59
4828,16276,16277,9.0,0.769,43.4
4829,16278,16279,23.5,12.5,117.21
4830,16280,16281,1.5,0.5,17.05
4831,16282,16283,10.0,0.0,114.15
4832,16288,16289,2.333,0.333,19.79
4833,16290,16291,4.0,0.0,34.37
4834,16300,16301,2.571,0.264,32.82
4835,16302,16303,1.5,0.269,16.75
4836,16304,16305,9.0,0.0,44.03
4837,16308,16309,1.3,0.221,14.69
4838,16312,16313,1.067,0.067,9.34
4839,16314,16315,1.224,0.176,14.74
4840,16316,16317,8.5,0.5,42.33
4841,16320,16321,5.4,0.3,28.06
4842,16326,16327,8.667,0.333,35.66
4843,16330,16331,22.0,5.25,109.57
4844,16332,16333,5.667,0.433,52.84
4845,16334,16335,3.0,1.2,38.94
4846,16336,16337,3.875,0.125,55.19
4847,16338,16339,6.667,0.667,86.46
4848,16344,16345,7.589,0.943,97.22
4849,16346,16347,4.054,3.042,48.84
4850,16348,16349,5.688,0.613,73.59
4851,16350,16351,2.137,0.152,18.54
4852,16366,16367,8.0,0.0,55.88
4853,16376,16377,119.333,374.333,544.82
4854,16378,16379,61.333,33.747,292.08
4855,16380,16381,21.75,0.25,109.12
4856,16384,16385,13.0,2.118,90.77
4857,16388,16389,24.125,86.982,205.98
4858,16390,16391,49.0,0.0,431.5
4859,16394,16395,9.718,2.433,144.89
4860,16396,16397,3.25,0.25,16.02
4861,16398,16399,11.0,2.0,57.51
4862,16400,16401,4.5,0.333,23.1
4863,16406,16407,2.5,0.333,12.28
4864,16410,16411,10.0,0.0,0.86
4865,16414,16415,10.5,0.5,47.72
4866,16418,16419,5.292,113.52,23.1
4867,16422,16423,9.0,0.0,42.89
4868,16424,16425,12.25,1.583,60.93
4869,16430,16431,43.0,0.0,205.55
4870,16432,16433,23.65,1240.239,35.76
4871,16436,16437,1.52,0.26,16.85
4872,16440,16441,1.462,0.603,14.57
4873,16442,16443,4.9,0.322,50.51
4874,16446,16447,8.583,7.174,71.22
4875,16452,16453,20.0,0.0,140.86
4876,16454,16455,22.0,0.0,151.63
4877,16462,16463,3.0,0.0,15.33
4878,16464,16465,3.0,0.0,15.61
4879,16466,16467,5.0,15.0,16.55
4880,16468,16469,2.167,0.167,9.85
4881,16476,16477,3.0,1.0,15.82
4882,16480,16481,4.0,0.0,18.23
4883,16490,16491,5.2,0.2,27.42
4884,16494,16495,2.0,0.0,9.72
4885,16496,16497,5.0,0.0,28.42
4886,16498,16499,48.0,0.0,211.82
4887,16500,16501,3.571,0.334,43.37
4888,16502,16503,3.0,0.0,14.49
4889,16510,16511,18.885,85.146,75.72
4890,16512,16513,5.5,0.278,80.24
4891,16514,16515,1.7,0.233,20.73
4892,16516,16517,2.1,0.322,18.22
4893,16518,16519,7.5,4.5,85.61
4894,16520,16521,5.0,0.0,47.28
4895,16522,16523,27.788,1352.277,145.02
4896,16524,16525,5.063,334.851,19.96
4897,16526,16527,3.333,0.333,18.77
4898,16528,16529,6.0,19.6,18.89
4899,16530,16531,4.2,0.2,20.07
4900,16532,16533,4.0,2.273,18.68
4901,16534,16535,15.095,2.869,72.64
4902,16536,16537,2.0,0.0,7.81
4903,16540,16541,9.333,1.333,48.15
4904,16544,16545,17.019,4.354,260.19
4905,16546,16547,10.5,0.5,51.99
4906,16550,16551,9.5,0.5,41.79
4907,16552,16553,8.0,1.0,41.81
4908,16554,16555,7.0,0.0,37.6
4909,16558,16559,8.333,1.333,42.11
4910,16560,16561,9.833,2.679,179.12
4911,16566,16567,7.226,1.782,65.64
4912,16568,16569,31.857,1.81,157.95
4913,16582,16583,19.5,0.5,101.89
4914,16584,16585,2.5,0.333,11.21
4915,16586,16587,2.5,0.5,9.98
4916,16590,16591,2.429,0.286,11.21
4917,16592,16593,2.2,0.2,9.98
4918,16594,16595,4.2,0.2,20.76
4919,16596,16597,15.75,0.917,72.57
4920,16600,16601,54.5,89.667,254.31
4921,16606,16607,17.0,0.0,86.53
4922,16612,16613,7.0,0.0,30.09
4923,16614,16615,7.0,0.0,39.02
4924,16624,16625,3.872,0.114,37.72
4925,16626,16627,16.2,8.2,79.84
4926,16630,16631,2.0,0.0,10.54
4927,16634,16635,4.0,0.0,16.99
4928,16636,16637,16.2,4.7,77.7
4929,16638,16639,22.5,11.667,102.89
4930,16640,16641,10.0,4.667,47.43
4931,16642,16643,32.75,20.25,154.16
4932,16646,16647,28.0,18.0,136.25
4933,16648,16649,40.0,16.0,200.33
4934,16650,16651,12.5,60.333,25.27
4935,16654,16655,5.553,0.701,69.78
4936,16656,16657,1.029,0.029,9.82
4937,16658,16659,16.641,4.87,253.03
4938,16660,16661,30.826,11.53,482.97
4939,16666,16667,5.0,0.0,25.35
4940,16668,16669,12.0,98.0,23.5
4941,16670,16671,15.0,5.429,110.66
4942,16672,16673,5.5,0.5,39.78
4943,16678,16679,4.571,0.657,28.02
4944,16680,16681,19.636,5.655,140.71
4945,16682,16683,21.0,28.0,166.63
4946,16686,16687,4.917,0.879,35.27
4947,16688,16689,11.718,2.313,85.46
4948,16690,16691,1.519,0.252,11.76
4949,16692,16693,4.491,0.491,32.09
4950,16694,16695,1.345,0.228,10.02
4951,16696,16697,13.149,2.429,158.93
4952,16698,16699,4.888,0.483,61.05
4953,16700,16701,2.174,0.198,27.95
4954,16702,16703,3.539,0.338,45.13
4955,16704,16705,1.078,0.073,13.67
4956,16706,16707,3.583,0.301,44.58
4957,16714,16715,12.5,0.5,61.54
4958,16720,16721,19.5,0.5,96.58
4959,16724,16725,52.0,0.0,248.19
4960,16726,16727,10.5,0.5,46.91
4961,16730,16731,14.818,3.164,200.08
4962,16732,16733,4.636,0.655,61.82
4963,16734,16735,4.545,0.473,59.51
4964,16738,16739,8.37,0.704,106.74
4965,16746,16747,25.944,188.469,95.66
4966,16752,16753,2.036,0.258,22.72
4967,16754,16755,1.038,0.038,14.84
4968,16774,16775,1.036,0.036,8.03
4969,16776,16777,8.231,0.866,104.75
4970,16778,16779,3.949,0.418,51.66
4971,16796,16797,2.0,0.0,4.74
4972,16808,16809,9.5,35.143,21.56
4973,16814,16815,2.074,0.372,9.54
4974,16820,16821,5.0,0.0,20.69
4975,16826,16827,3.333,0.333,15.85
4976,16828,16829,31.0,18.0,127.88
4977,16830,16831,6.6,0.3,31.76
4978,16834,16835,2.5,0.333,14.07
4979,16836,16837,10.25,1.583,76.75
4980,16838,16839,9.0,0.0,66.82
4981,16840,16841,5.667,0.667,41.7
4982,16842,16843,3.088,0.507,20.58
4983,16844,16845,1.941,0.421,14.04
4984,16850,16851,8.0,0.0,58.96
4985,16852,16853,31.333,0.333,210.75
4986,16854,16855,4.0,0.0,26.91
4987,16862,16863,6.0,3.0,26.28
4988,16864,16865,36.333,52.333,152.42
4989,16866,16867,3.133,0.267,14.55
4990,16868,16869,12.667,1.81,61.36
4991,16872,16873,2.0,0.0,7.02
4992,16874,16875,9.0,0.0,53.02
4993,16876,16877,3.0,0.0,19.26
4994,16880,16881,3.0,0.0,17.64
4995,16890,16891,1.167,0.167,4.93
4996,16894,16895,1.5,0.5,1.92
4997,16900,16901,1.175,0.371,14.08
4998,16904,16905,3.333,26.941,18.04
4999,16906,16907,21.167,8.567,108.94
5000,16908,16909,18.556,3.528,89.26
5001,16910,16911,4.667,0.333,21.97
5002,16926,16927,14.056,65.533,80.26
5003,16928,16929,5.667,0.333,23.36
5004,16930,16931,5.0,3.0,23.31
5005,16932,16933,5.0,0.0,23.63
5006,16934,16935,7.0,0.0,41.87
5007,16940,16941,15.667,176.333,43.02
5008,16942,16943,4.5,0.5,25.03
5009,16944,16945,1.87,0.115,20.62
5010,16948,16949,8.429,0.286,59.59
5011,16950,16951,36.2,13.7,178.62
5012,16952,16953,4.615,0.437,58.29
5013,16954,16955,1.615,0.281,20.49
5014,16956,16957,4.345,0.453,54.7
5015,16958,16959,3.982,0.574,51.59
5016,16960,16961,2.828,0.25,33.88
5017,16962,16963,4.1,0.095,31.35
5018,16964,16965,3.909,0.091,42.8
5019,16966,16967,26.938,454.862,38.71
5020,16972,16973,11.171,1726.852,6.71
5021,16974,16975,103.0,339.5,468.6
5022,16976,16977,38.5,55.0,172.12
5023,16978,16979,86.286,149.238,398.1
5024,16980,16981,6.059,0.421,25.96
5025,16986,16987,1.882,0.386,19.52
5026,16990,16991,17.37,248.351,18.27
5027,16992,16993,8.5,4.5,43.61
5028,16994,16995,4.667,0.333,33.01
5029,16996,16997,2.0,0.0,14.96
5030,16998,16999,15.5,4.5,117.23
5031,17000,17001,18.75,6.917,138.2
5032,17002,17003,6.444,0.278,78.13
5033,17004,17005,5.25,0.214,56.06
5034,17006,17007,7.0,1.0,49.13
5035,17008,17009,5.667,0.333,41.73
5036,17010,17011,17.0,0.0,124.78
5037,17012,17013,2.0,0.0,17.49
5038,17014,17015,12.0,1.857,90.54
5039,17016,17017,1.357,0.247,10.37
5040,17024,17025,5.75,0.25,79.27
5041,17028,17029,6.714,0.571,81.22
5042,17030,17031,2.545,0.673,28.14
5043,17034,17035,2.722,0.33,36.5
5044,17036,17037,3.0,0.091,29.42
5045,17038,17039,5.671,0.582,78.59
5046,17040,17041,22.489,224.952,73.55
5047,17042,17043,7.129,3.134,100.12
5048,17048,17049,4.0,0.0,30.98
5049,17050,17051,6.727,0.418,55.44
5050,17052,17053,8.333,47.067,25.1
5051,17054,17055,3.5,0.3,27.52
5052,17056,17057,2.0,0.0,19.34
5053,17058,17059,10.5,0.5,81.11
5054,17060,17061,10.0,0.0,48.83
5055,17064,17065,1.5,0.256,19.11
5056,17066,17067,1.349,0.233,16.64
5057,17068,17069,1.977,0.166,25.92
5058,17126,17127,20.528,6.009,530.03
5059,17128,17129,75.0,0.0,305.61
5060,17130,17131,10.0,0.0,38.67
5061,17132,17133,3.0,0.0,9.42
5062,17134,17135,6.28,0.675,96.28
5063,17140,17141,11.0,0.0,47.61
5064,17150,17151,1.333,0.333,16.63
5065,17152,17153,4.923,0.231,51.08
5066,17154,17155,5.333,0.333,62.73
5067,17162,17163,3.0,0.0,16.71
5068,17164,17165,2.0,0.0,23.85
5069,17166,17167,2.5,0.5,21.08
5070,17168,17169,11.333,2.333,57.45
5071,17170,17171,21.0,512.0,26.38
5072,17180,17181,6.625,20.839,21.81
5073,17186,17187,1.831,8.733,12.78
5074,17188,17189,17.088,223.17,16.26
5075,17190,17191,1.452,0.303,13.6
5076,17192,17193,2.074,0.456,24.87
5077,17194,17195,36.562,242.529,39.24
5078,17196,17197,10.333,2.524,129.49
5079,17198,17199,4.0,0.714,37.34
5080,17200,17201,1.292,0.209,18.83
5081,17202,17203,19.0,46.0,79.74
5082,17208,17209,14.0,0.0,50.73
5083,17210,17211,5.676,9.135,36.35
5084,17212,17213,4.154,0.141,26.44
5085,17214,17215,12.0,0.0,86.88
5086,17216,17217,22.5,40.5,169.07
5087,17218,17219,6.2,0.2,32.23
5088,17220,17221,2.0,0.0,13.37
5089,17222,17223,3.833,1.367,18.55
5090,17224,17225,9.5,0.5,41.27
5091,17228,17229,49.75,12.25,112.39
5092,17232,17233,3.947,0.05,40.36
5093,17234,17235,17.098,280.641,35.77
5094,17236,17237,8.5,149.414,23.82
5095,17238,17239,9.276,144.434,38.86
5096,17240,17241,2.661,26.737,17.73
5097,17242,17243,5.867,34.382,55.9
5098,17244,17245,2.176,9.871,22.81
5099,17250,17251,1.103,0.093,13.51
5100,17256,17257,6.437,2.888,45.67
5101,17258,17259,3.6,12.8,10.23
5102,17260,17261,1.188,0.296,4.5
5103,17262,17263,19.833,1.367,98.3
5104,17264,17265,2.875,0.278,42.06
5105,17266,17267,1.796,0.223,22.76
5106,17268,17269,2.093,0.205,31.38
5107,17270,17271,7.383,30.255,78.76
5108,17272,17273,8.33,90.656,13.76
5109,17276,17277,2.5,0.5,11.42
5110,17278,17279,2.25,0.25,10.42
5111,17280,17281,3.2,19.2,4.84
5112,17284,17285,21.0,0.0,89.92
5113,17286,17287,3.854,0.278,30.77
5114,17288,17289,4.653,0.397,34.27
5115,17290,17291,2.434,0.285,17.26
5116,17292,17293,12.757,66.342,75.43
5117,17294,17295,100.0,0.0,456.23
5118,17296,17297,22.0,0.0,101.8
5119,17298,17299,78.0,0.0,423.91
5120,17300,17301,112.944,148.997,558.75
5121,17302,17303,64.0,18.0,311.35
5122,17304,17305,4.0,0.0,18.68
5123,17308,17309,9.0,0.0,45.76
5124,17310,17311,124.453,25597.906,34.46
5125,17312,17313,33.734,5393.976,19.54
5126,17316,17317,31.121,4998.354,10.96
5127,17318,17319,197.462,28479.623,43.89
5128,17320,17321,18.4,4.489,235.59
5129,17322,17323,8.0,0.909,81.96
5130,17336,17337,4.5,0.5,30.61
5131,17338,17339,23.0,2.0,171.15
5132,17340,17341,7.333,0.333,39.2
5133,17342,17343,2.833,0.167,13.82
5134,17344,17345,22.316,602.561,11.67
5135,17346,17347,1.25,0.25,5.87
5136,17354,17355,15.667,2.267,70.9
5137,17360,17361,10.909,2.491,80.01
5138,17362,17363,13.0,1.0,100.09
5139,17364,17365,12.0,4.5,56.47
5140,17368,17369,12.0,1.0,57.37
5141,17370,17371,19.0,223.0,6.37
5142,17372,17373,12.0,0.0,56.71
5143,17374,17375,11.0,0.0,55.69
5144,17376,17377,14.0,0.0,63.31
5145,17378,17379,2.0,0.0,0.2
5146,17380,17381,9.857,2.132,47.22
5147,17382,17383,3.667,0.333,30.54
5148,17384,17385,3.0,0.0,21.89
5149,17394,17395,15.4,37.3,56.35
5150,17398,17399,8.4,0.8,38.9
5151,17402,17403,9.0,2.0,44.69
5152,17406,17407,19.0,0.0,89.77
5153,17410,17411,7.333,0.333,32.66
5154,17412,17413,16.667,6.333,72.38
5155,17422,17423,9.667,4.333,51.62
5156,17426,17427,33.0,0.0,64.7
5157,17444,17445,28.667,3.467,140.01
5158,17446,17447,1.25,0.25,6.92
5159,17448,17449,4.5,0.5,18.33
5160,17450,17451,19.0,19.0,83.93
5161,17456,17457,1.333,0.333,5.31
5162,17460,17461,10.5,0.5,51.47
5163,17462,17463,4.5,0.5,20.32
5164,17468,17469,2.0,0.0,12.74
5165,17470,17471,9.0,0.8,43.47
5166,17476,17477,3.0,0.0,23.35
5167,17478,17479,9.0,0.0,56.89
5168,17482,17483,16.0,0.0,30.1
5169,17486,17487,10.0,0.0,45.2
5170,17492,17493,15.0,0.0,81.8
5171,17494,17495,10.5,0.333,48.78
5172,17496,17497,16.0,338.0,14.84
5173,17508,17509,4.0,2.0,19.42
5174,17510,17511,2.0,0.0,10.62
5175,17512,17513,2.0,0.0,14.5
5176,17524,17525,7.167,38.967,0.2
5177,17526,17527,4.333,33.333,1.13
5178,17528,17529,25.0,4.0,129.57
5179,17532,17533,9.0,0.0,44.58
5180,17534,17535,7.2,92.7,2.09
5181,17536,17537,7.625,8.554,31.59
5182,17540,17541,15.0,0.0,81.77
5183,17544,17545,7.0,1.0,32.92
5184,17556,17557,6.1,0.726,28.38
5185,17564,17565,7.0,0.0,38.17
5186,17566,17567,6.667,0.333,31.9
5187,17568,17569,3.857,0.143,17.33
5188,17570,17571,9.0,0.0,41.29
5189,17572,17573,6.0,0.0,23.98
5190,17578,17579,9.5,3.0,47.07
5191,17590,17591,6.5,24.5,49.2
5192,17604,17605,2.0,0.0,9.58
5193,17610,17611,10.0,0.0,53.52
5194,17622,17623,11.333,0.333,55.01
5195,17630,17631,6.0,0.0,27.23
5196,17642,17643,1.571,0.286,7.42
5197,17644,17645,15.0,0.0,66.17
5198,17656,17657,7.0,0.0,33.67
5199,17662,17663,5.0,0.0,25.69
5200,17668,17669,9.5,0.5,40.64
5201,17678,17679,7.0,0.0,37.93
5202,17682,17683,11.6,1.971,55.84
5203,17684,17685,12.0,0.0,53.36
5204,17692,17693,8.5,84.5,10.57
5205,17694,17695,3.0,0.0,14.32
5206,17700,17701,11.0,0.0,41.27
5207,17704,17705,9.417,0.447,43.6
5208,17706,17707,12.0,0.0,68.75
5209,17714,17715,39.125,31.016,192.19
5210,17716,17717,21.094,4.088,101.0
5211,17720,17721,16.0,0.0,68.83
5212,17724,17725,9.167,2.167,46.58
5213,17730,17731,10.833,0.567,51.44
5214,17732,17733,3.5,0.5,18.11
5215,17736,17737,5.0,0.0,19.65
5216,17738,17739,10.0,0.0,53.76
5217,17740,17741,13.25,0.917,66.05
5218,17742,17743,27.0,800.0,29.7
5219,17748,17749,2.0,0.0,8.32
5220,17754,17755,4.5,0.5,21.06
5221,17758,17759,20.0,0.0,102.73
5222,17760,17761,1.5,0.5,7.78
5223,17762,17763,7.0,0.0,38.18
5224,17764,17765,11.0,0.0,62.61
5225,17766,17767,6.667,0.333,34.06
5226,17768,17769,5.0,0.0,25.66
5227,17772,17773,15.0,0.0,43.69
5228,17776,17777,9.364,4.655,41.9
5229,17778,17779,1.188,0.162,4.87
5230,17780,17781,16.0,2.0,83.44
5231,17782,17783,8.0,0.0,34.59
5232,17784,17785,9.0,0.0,42.15
5233,17790,17791,8.0,0.0,40.14
5234,17794,17795,24.0,0.0,114.27
5235,17796,17797,27.0,0.0,131.05
5236,17798,17799,2.0,0.0,6.98
5237,17800,17801,10.0,2.0,44.66
5238,17804,17805,7.0,1.0,32.61
5239,17810,17811,5.0,0.0,28.0
5240,17812,17813,5.0,0.0,20.91
5241,17820,17821,4.0,0.0,21.21
5242,17824,17825,25.333,16.333,111.76
5243,17838,17839,2.0,0.545,8.74
5244,17848,17849,3.0,10.0,9.25
5245,17850,17851,32.5,12.5,160.98
5246,17864,17865,7.0,0.0,30.65
5247,17868,17869,8.0,0.0,55.81
5248,17870,17871,24.376,21.566,465.81
5249,17872,17873,4.228,0.379,81.48
5250,17874,17875,3.783,0.352,62.78
5251,17876,17877,11.25,2.25,57.17
5252,17878,17879,6.667,1.333,35.35
5253,17880,17881,8.5,2.3,40.18
5254,17884,17885,2.816,0.254,57.84
5255,17892,17893,9.333,2.333,43.61
5256,17904,17905,2.5,0.5,12.01
5257,17906,17907,2.0,0.0,8.85
5258,17908,17909,2.333,0.333,10.82
5259,17910,17911,1.333,0.333,8.77
5260,17918,17919,13.5,3.909,60.85
5261,17920,17921,1.727,0.218,8.2
5262,17922,17923,75.545,97.273,345.01
5263,17924,17925,27.0,0.0,105.16
5264,17926,17927,59.933,58.781,283.07
5265,17928,17929,22.5,12.5,99.71
5266,17936,17937,13.0,0.0,54.3
5267,17946,17947,8.667,2.333,46.17
5268,17952,17953,4.5,0.5,23.77
5269,17962,17963,13.0,0.0,30.69
5270,17964,17965,5.667,0.333,12.1
5271,17966,17967,7.167,0.567,15.18
5272,17968,17969,5.167,0.567,12.28
5273,17970,17971,11.333,14.667,61.91
5274,17972,17973,7.0,0.0,14.09
5275,17976,17977,1.5,0.5,7.46
5276,17980,17981,22.0,0.0,111.14
5277,17982,17983,11.0,0.0,48.52
5278,17986,17987,23.0,0.0,113.43
5279,17992,17993,2.0,0.0,8.44
5280,17994,17995,2.0,0.0,11.87
5281,17998,17999,8.0,0.0,42.2
5282,18000,18001,4.0,0.0,19.67
5283,18002,18003,17.333,6.333,70.39
5284,18006,18007,14.571,2.619,73.73
5285,18008,18009,2.647,0.256,32.97
5286,18010,18011,9.634,168.47,49.1
5287,18012,18013,1.303,0.212,15.54
5288,18014,18015,2.869,0.259,35.12
5289,18016,18017,7.151,4.521,82.55
5290,18018,18019,2.497,0.252,30.35
5291,18020,18021,4.357,0.372,53.05
5292,18026,18027,2.099,0.09,21.78
5293,18032,18033,18.909,88.291,105.49
5294,18034,18035,9.16,70.307,10.51
5295,18036,18037,3.16,3.473,26.71
5296,18038,18039,3.467,0.267,28.33
5297,18040,18041,4.875,0.25,37.96
5298,18042,18043,10.0,0.625,77.74
5299,18044,18045,10.943,83.644,30.72
5300,18046,18047,5.396,18.422,58.51
5301,18048,18049,21.713,746.767,15.6
5302,18050,18051,37.097,586.349,65.16
5303,18052,18053,4.167,0.167,30.8
5304,18056,18057,7.0,0.0,36.62
5305,18062,18063,17.0,0.0,90.15
5306,18064,18065,13.5,0.5,66.4
5307,18110,18111,22.0,7.0,108.87
5308,18138,18139,11.0,0.0,54.03
5309,18144,18145,2.5,0.5,12.94
5310,18148,18149,12.143,0.901,94.64
5311,18150,18151,25.571,225.495,21.48
5312,18152,18153,5.5,0.5,32.33
5313,18156,18157,18.0,0.0,97.4
5314,18160,18161,11.0,1.0,58.63
5315,18162,18163,6.0,2.0,32.96
5316,18166,18167,11.833,0.967,58.11
5317,18176,18177,1.5,0.5,7.55
5318,18180,18181,17.0,0.0,74.51
5319,18186,18187,33.0,0.0,164.07
5320,18196,18197,9.5,0.5,45.11
5321,18206,18207,9.0,0.0,37.48
5322,18208,18209,2.0,0.118,8.44
5323,18210,18211,8.0,4.4,34.49
5324,18212,18213,2.417,0.265,12.95
5325,18214,18215,5.3,6.011,21.04
5326,18216,18217,5.429,0.286,27.71
5327,18218,18219,1.833,3.97,5.74
5328,18220,18221,23.0,0.0,118.89
5329,18224,18225,15.0,0.0,74.68
5330,18226,18227,14.0,8.0,53.49
5331,18232,18233,11.0,0.0,56.68
5332,18234,18235,2.0,0.0,9.46
5333,18236,18237,2.0,3.0,9.28
5334,18240,18241,1.5,0.333,8.43
5335,18242,18243,33.0,0.0,165.5
5336,18244,18245,1.5,0.333,8.45
5337,18246,18247,1.9,0.1,9.28
5338,18250,18251,1.667,1.333,3.05
5339,18258,18259,13.5,0.5,67.33
5340,18260,18261,4.0,0.0,44.27
5341,18266,18267,12.884,50.246,143.38
5342,18268,18269,4.736,0.363,61.1
5343,18272,18273,4.0,0.0,19.57
5344,18274,18275,17.0,4.0,84.34
5345,18276,18277,2.5,0.5,13.12
5346,18278,18279,26.0,0.0,133.31
5347,18284,18285,6.0,0.0,30.84
5348,18292,18293,19.0,0.0,108.4
5349,18300,18301,8.5,4.5,44.37
5350,18304,18305,9.5,4.5,48.53
5351,18320,18321,15.0,0.0,84.44
5352,18322,18323,11.5,4.5,50.45
5353,18324,18325,1.5,0.5,6.08
5354,18330,18331,3.667,0.267,18.56
5355,18332,18333,26.0,0.0,119.79
5356,18334,18335,65.0,0.0,385.18
5357,18358,18359,12.125,2.982,53.79
5358,18360,18361,25.833,8.567,122.85
5359,18362,18363,21.842,8.029,104.08
5360,18366,18367,27.0,0.0,105.52
5361,18372,18373,5.0,0.0,21.42
5362,18386,18387,5.25,0.25,24.06
5363,18392,18393,15.0,0.0,49.16
5364,18412,18413,11.333,0.333,55.91
5365,18414,18415,6.667,0.333,34.45
5366,18440,18441,9.0,0.0,43.67
5367,18450,18451,2.458,0.259,12.27
5368,18458,18459,8.0,0.0,38.85
5369,18460,18461,11.0,0.0,48.11
5370,18466,18467,3.75,0.25,29.87
5371,18468,18469,1.286,0.238,9.48
5372,18470,18471,9.6,1.156,72.17
5373,18472,18473,1.364,0.255,7.11
5374,18474,18475,29.1,6.322,215.98
5375,18478,18479,50.842,3111.58,198.94
5376,18480,18481,28.923,1672.349,164.77
5377,18482,18483,5.13,310.688,26.56
5378,18484,18485,1.091,0.083,13.56
5379,18486,18487,65.263,2213.138,426.06
5380,18488,18489,15.73,3.055,198.95
5381,18492,18493,11.0,28.0,42.69
5382,18504,18505,6.333,0.333,29.53
5383,18506,18507,2.667,4.333,0.2
5384,18508,18509,4.0,0.0,18.04
5385,18520,18521,4.6,0.3,20.3
5386,18522,18523,1.667,1.333,0.86
5387,18524,18525,4.077,0.744,17.08
5388,18526,18527,4.125,0.411,18.12
5389,18528,18529,6.0,0.0,26.6
5390,18530,18531,8.0,2.0,36.51
5391,18532,18533,9.0,0.0,53.02
5392,18534,18535,8.5,0.5,42.19
5393,18536,18537,11.0,8.0,44.58
5394,18538,18539,3.0,0.0,19.89
5395,18542,18543,4.0,1.0,20.51
5396,18544,18545,6.556,0.778,34.79
5397,18558,18559,6.5,0.5,34.2
5398,18560,18561,30.5,4.5,55.92
5399,18562,18563,6.0,1.0,32.76
5400,18568,18569,16.0,0.0,93.33
5401,18570,18571,10.0,0.0,48.96
5402,18582,18583,6.0,0.0,26.36
5403,18588,18589,19.0,2.0,88.01
5404,18590,18591,5.5,0.333,29.23
5405,18598,18599,5.0,0.0,27.1
5406,18602,18603,17.5,40.5,96.42
5407,18610,18611,5.5,40.5,3.49
5408,18614,18615,20.0,2.0,40.4
5409,18618,18619,37.0,8.0,92.63
5410,18620,18621,2.0,0.0,9.72
5411,18632,18633,2.685,2.492,19.9
5412,18634,18635,6.974,6.253,45.44
5413,18636,18637,5.0,0.0,26.85
5414,18642,18643,2.0,0.0,7.31
5415,18650,18651,6.0,0.0,28.17
5416,18654,18655,10.0,0.0,50.22
5417,18656,18657,17.25,10.25,82.36
5418,18658,18659,10.0,0.0,48.06
5419,18674,18675,25.5,24.5,111.06
5420,18684,18685,3.0,0.0,12.37
5421,18686,18687,12.0,0.0,59.62
5422,18688,18689,5.0,2.0,25.24
5423,18690,18691,17.0,0.0,75.15
5424,18694,18695,4.0,0.0,15.7
5425,18696,18697,8.25,1.583,39.51
5426,18698,18699,10.5,4.5,50.22
5427,18702,18703,13.0,0.0,61.85
5428,18704,18705,9.0,0.0,45.08
5429,18710,18711,21.667,97.333,77.98
5430,18714,18715,11.0,0.0,65.02
5431,18716,18717,3.625,0.554,15.52
5432,18718,18719,20.667,708.788,57.73
5433,18720,18721,6.667,0.333,31.94
5434,18726,18727,9.5,4.5,39.32
5435,18728,18729,6.0,0.0,32.91
5436,18730,18731,2.0,0.0,6.74
5437,18738,18739,2.0,0.0,5.83
5438,18748,18749,5.5,0.5,27.15
5439,18754,18755,3.0,0.0,19.51
5440,18756,18757,6.5,0.5,49.01
5441,18760,18761,3.0,0.0,29.09
5442,18762,18763,14.0,3.0,53.68
5443,18770,18771,2.5,0.5,11.56
5444,18778,18779,3.75,0.25,18.5
5445,18780,18781,9.5,1.0,44.46
5446,18782,18783,2.0,3.0,0.83
5447,18786,18787,6.5,0.5,33.56
5448,18790,18791,4.0,0.0,18.51
5449,18794,18795,4.0,0.0,18.16
5450,18798,18799,11.5,4.5,56.56
5451,18806,18807,13.25,0.25,66.03
5452,18810,18811,4.0,0.0,0.2
5453,18814,18815,8.0,6.0,32.03
5454,18816,18817,12.0,0.0,63.05
5455,18822,18823,5.0,0.0,19.45
5456,18826,18827,11.0,0.0,55.34
5457,18828,18829,8.5,0.5,40.61
5458,18832,18833,8.0,1.0,42.96
5459,18834,18835,9.0,0.0,39.01
5460,18840,18841,15.0,0.0,51.01
5461,18850,18851,8.5,0.5,34.92
5462,18852,18853,21.0,32.0,85.7
5463,18856,18857,8.25,0.5,40.09
5464,18860,18861,26.333,2.333,60.92
5465,18862,18863,7.333,0.333,60.6
5466,18868,18869,9.0,3.0,40.27
5467,18874,18875,9.333,1.333,43.48
5468,18876,18877,3.0,0.0,17.54
5469,18880,18881,3.143,0.143,15.99
5470,18882,18883,3.0,0.0,21.36
5471,18890,18891,7.0,0.571,36.21
5472,18892,18893,8.0,0.0,30.32
5473,18894,18895,30.0,0.0,143.17
5474,18898,18899,8.0,0.0,42.16
5475,18904,18905,4.0,0.0,21.21
5476,18922,18923,5.0,0.0,24.12
5477,18924,18925,3.0,0.0,17.31
5478,18928,18929,27.0,0.0,117.59
5479,18950,18951,4.0,0.0,15.5
5480,18952,18953,7.667,2.333,30.36
5481,18958,18959,6.0,0.0,26.06
5482,18962,18963,5.333,0.267,24.69
5483,18964,18965,6.0,0.0,30.38
5484,18966,18967,5.0,0.0,23.16
5485,18974,18975,8.0,0.0,40.63
5486,18976,18977,34.0,578.0,53.8
5487,18984,18985,4.0,0.0,26.19
5488,18988,18989,2.0,0.0,9.92
5489,18990,18991,12.0,21.0,44.87
5490,18992,18993,3.0,0.0,13.35
5491,19002,19003,1.818,0.164,9.65
5492,19006,19007,4.0,0.0,21.61
5493,19010,19011,15.875,9.766,112.3
5494,19012,19013,8.054,1.053,58.07
5495,19014,19015,40.3,17.567,295.98
5496,19016,19017,49.933,39.781,357.43
5497,19018,19019,4.455,0.273,36.08
5498,19020,19021,19.8,9.886,138.94
5499,19022,19023,6.818,0.364,46.58
5500,19024,19025,7.727,0.618,55.76
5501,19026,19027,18.87,8.391,128.7
5502,19028,19029,19.45,7.103,138.4
5503,19030,19031,7.421,0.813,52.07
5504,19032,19033,10.6,1.621,74.89
5505,19034,19035,10.895,1.433,78.71
5506,19038,19039,1.4,0.3,6.43
5507,19040,19041,4.0,0.5,26.79
5508,19044,19045,23.333,6.81,173.4
5509,19046,19047,19.0,6.667,141.49
5510,19048,19049,1.167,0.167,8.41
5511,19052,19053,44.75,52.917,333.13
5512,19056,19057,4.75,0.25,32.22
5513,19062,19063,39.0,0.0,295.27
5514,19078,19079,64.0,61.0,318.97
5515,19090,19091,9.0,0.0,76.12
5516,19096,19097,1.667,0.267,8.0
5517,19100,19101,6.0,0.0,26.26
5518,19104,19105,6.5,0.333,33.19
5519,19106,19107,7.25,0.25,36.87
5520,19108,19109,5.0,0.0,26.08
5521,19118,19119,5.6,0.8,26.59
5522,19128,19129,10.0,0.0,53.67
5523,19140,19141,3.993,0.418,48.73
5524,19146,19147,4.0,0.0,16.43
5525,19154,19155,16.0,0.0,72.86
5526,19156,19157,16.0,0.0,79.59
5527,19158,19159,11.917,1.902,58.46
5528,19166,19167,2.171,0.195,27.57
5529,19168,19169,4.902,0.44,60.66
5530,19170,19171,2.171,0.145,28.13
5531,19172,19173,16.4,3.374,208.02
5532,19174,19175,1.081,0.077,12.13
5533,19176,19177,3.144,0.466,38.23
5534,19178,19179,1.975,0.213,25.22
5535,19182,19183,18.0,0.0,17.71
5536,19184,19185,7.0,12.0,10.27
5537,19186,19187,2.0,0.0,6.1
5538,19188,19189,22.5,60.5,18.6
5539,19194,19195,4.667,0.333,29.5
5540,19196,19197,4.0,0.0,18.52
5541,19198,19199,10.0,0.4,75.17
5542,19200,19201,4.0,0.0,27.58
5543,19204,19205,6.5,0.5,32.0
5544,19208,19209,2.0,0.0,13.63
5545,19210,19211,5.0,0.0,23.04
5546,19212,19213,17.091,5.091,128.21
5547,19214,19215,13.6,4.8,99.58
5548,19216,19217,26.0,39.0,121.36
5549,19218,19219,2.0,0.0,9.28
5550,19224,19225,3.5,0.5,21.36
5551,19226,19227,19.0,8.0,80.49
5552,19242,19243,14.667,0.333,80.37
5553,19262,19263,1.5,0.5,5.97
5554,19266,19267,9.0,0.5,44.11
5555,19268,19269,10.158,4.251,80.48
5556,19270,19271,4.684,0.45,36.63
5557,19272,19273,9.591,1.206,72.44
5558,19278,19279,14.0,0.0,71.39
5559,19280,19281,1.333,0.333,6.36
5560,19282,19283,13.667,4.333,59.71
5561,19284,19285,7.907,43.062,43.29
5562,19286,19287,2.432,0.308,36.31
5563,19288,19289,3.333,0.333,14.96
5564,19290,19291,24.0,8.0,121.05
5565,19296,19297,6.0,0.0,28.79
5566,19298,19299,3.0,0.0,14.32
5567,19300,19301,15.0,2.5,69.88
5568,19302,19303,6.25,0.917,29.81
5569,19306,19307,7.908,1.412,159.56
5570,19310,19311,5.333,0.333,26.35
5571,19312,19313,4.75,56.25,6.38
5572,19330,19331,1.2,0.2,5.47
5573,19332,19333,4.25,0.917,19.71
5574,19334,19335,1.667,0.267,7.14
5575,19344,19345,5.897,0.582,75.33
5576,19346,19347,8.0,0.0,46.72
5577,19402,19403,13.0,0.0,85.86
5578,19406,19407,3.286,0.238,24.75
5579,19408,19409,11.75,1.643,91.38
5580,19410,19411,7.0,0.0,42.76
5581,19412,19413,22.0,0.0,128.95
5582,19416,19417,1.6,0.3,10.37
5583,19418,19419,3.5,0.5,25.74
5584,19420,19421,4.0,0.0,24.48
5585,19422,19423,3.0,0.0,23.92
5586,19424,19425,3.4,0.3,24.38
5587,19426,19427,4.0,0.0,15.07
5588,19428,19429,3.0,0.0,10.35
5589,19430,19431,2.0,0.0,9.24
5590,19432,19433,24.0,0.0,93.09
5591,19436,19437,9.0,2.0,59.24
5592,19438,19439,14.271,338.04,21.19
5593,19440,19441,1.025,0.025,9.2
5594,19442,19443,2.048,0.07,12.54
5595,19444,19445,1.244,0.239,3.31
5596,19446,19447,7.657,4.821,84.01
5597,19448,19449,15.566,239.351,76.63
5598,19450,19451,3.549,0.318,44.14
5599,19452,19453,5.254,0.528,65.91
5600,19454,19455,11.643,2.842,151.69
5601,19456,19457,4.198,0.388,54.76
5602,19458,19459,4.855,0.415,64.1
5603,19460,19461,8.977,0.936,114.97
5604,19472,19473,1.545,0.873,7.24
5605,19474,19475,21.5,4.5,105.18
5606,19484,19485,3.0,0.0,18.36
5607,19490,19491,3.929,0.533,18.77
5608,19494,19495,20.8,1.7,96.01
5609,19496,19497,2.0,0.0,10.01
5610,19498,19499,1.167,0.167,5.29
5611,19500,19501,11.0,2.0,48.95
5612,19514,19515,15.125,2.411,76.46
5613,19528,19529,5.382,0.486,42.07
5614,19530,19531,9.579,0.702,103.64
5615,19532,19533,2.0,0.0,13.51
5616,19536,19537,2.0,0.0,19.29
5617,19538,19539,7.545,0.673,88.99
5618,19540,19541,4.417,0.265,37.88
5619,19542,19543,3.263,0.316,20.17
5620,19544,19545,11.0,0.571,115.86
5621,19548,19549,4.333,0.267,50.06
5622,19552,19553,1.182,0.156,6.58
5623,19554,19555,15.083,31.064,158.12
5624,19556,19557,7.412,623.468,12.2
5625,19560,19561,1.686,6.084,6.47
5626,19562,19563,156.444,9810.028,171.54
5627,19564,19565,1.042,0.042,4.84
5628,19568,19569,26.667,382.333,98.48
5629,19570,19571,8.0,91.0,23.05
5630,19572,19573,2.308,1.534,12.31
5631,19586,19587,5.0,0.0,20.95
5632,19588,19589,9.0,0.0,69.88
5633,19590,19591,25.333,7.067,126.17
5634,19592,19593,8.16,573.95,50.99
5635,19594,19595,39.204,3201.828,100.8
5636,19610,19611,2.0,0.0,8.85
5637,19612,19613,8.0,0.0,41.75
5638,19614,19615,2.2,0.2,9.08
5639,19618,19619,5.824,0.654,44.67
5640,19620,19621,3.188,1.096,18.89
5641,19622,19623,34.0,0.0,155.24
5642,19624,19625,1.857,0.174,13.44
5643,19628,19629,4.0,0.0,21.56
5644,19670,19671,131.469,42012.004,44.28
5645,19672,19673,2.417,0.246,30.42
5646,19674,19675,15.0,707.6,1.95
5647,19676,19677,47.835,6079.77,27.95
5648,19678,19679,33.867,4466.397,42.83
5649,19680,19681,15.304,740.467,19.04
5650,19682,19683,36.489,1509.426,17.26
5651,19684,19685,63.941,6020.236,26.62
5652,19686,19687,2.097,20.958,16.67
5653,19688,19689,28.838,1497.322,19.51
5654,19690,19691,6.871,220.091,23.15
5655,19692,19693,33.466,1160.618,27.57
5656,19694,19695,5.34,0.574,79.73
5657,19696,19697,2.562,0.318,26.15
5658,19698,19699,10.0,3.333,69.21
5659,19702,19703,1.133,0.116,22.63
5660,19706,19707,6.782,387.918,12.14
5661,19708,19709,46.934,3168.177,25.21
5662,19710,19711,8.241,745.669,30.57
5663,19712,19713,5.333,0.715,63.91
5664,19714,19715,2.112,1.067,25.72
5665,19716,19717,11.371,74.338,38.61
5666,19718,19719,4.115,2.225,40.41
5667,19722,19723,2.454,6.622,18.44
5668,19724,19725,3.0,0.0,20.79
5669,19726,19727,4.803,0.397,60.16
5670,19728,19729,2.622,0.285,33.26
5671,19730,19731,4.654,2.403,54.68
5672,19734,19735,35.0,0.0,190.33
5673,19740,19741,6.0,0.0,28.17
5674,19742,19743,7.333,0.267,36.62
5675,19748,19749,2.818,0.364,28.86
5676,19752,19753,3.0,0.0,15.04
5677,19758,19759,5.121,0.364,82.23
5678,19760,19761,13.631,6.405,247.46
5679,19764,19765,17.0,0.0,29.76
5680,19766,19767,5.0,1.0,38.26
5681,19768,19769,23.5,24.5,49.76
5682,19776,19777,9.0,0.0,90.82
5683,19778,19779,8.333,0.333,85.57
5684,19780,19781,9.882,1.735,71.65
5685,19782,19783,1.333,0.267,3.87
5686,19784,19785,8.143,1.476,18.9
5687,19786,19787,26.8,301.011,19.17
5688,19796,19797,1.077,0.077,7.88
5689,19798,19799,5.308,0.564,38.68
5690,19800,19801,1.412,0.257,9.87
5691,19802,19803,6.2,0.7,42.78
5692,19804,19805,10.2,1.7,80.34
5693,19806,19807,1.6,0.3,8.06
5694,19808,19809,49.111,45.908,2525.79
5695,19812,19813,7.955,1.101,159.67
5696,19816,19817,10.327,3.401,77.67
5697,19818,19819,7.807,5.98,70.9
5698,19822,19823,5.01,0.134,56.26
5699,19824,19825,30.778,16.694,149.88
5700,19826,19827,50.0,0.0,154.44
5701,19828,19829,17.667,177.333,17.09
5702,19830,19831,36.5,12.5,77.79
5703,19832,19833,1.5,0.5,9.73
5704,19838,19839,20.0,2.0,96.22
5705,19840,19841,6.545,0.589,81.35
5706,19842,19843,8.85,1.096,112.77
5707,19844,19845,2.411,0.259,31.1
5708,19846,19847,4.0,0.0,29.17
5709,19852,19853,7.0,0.0,36.97
5710,19854,19855,5.36,0.657,38.09
5711,19856,19857,19.25,6.25,95.24
5712,19858,19859,3.893,0.544,18.71
5713,19860,19861,1.636,0.255,6.4
5714,19878,19879,4.333,0.333,21.65
5715,19882,19883,2.2,0.2,11.68
5716,19884,19885,3.0,0.0,21.4
5717,19886,19887,6.0,0.0,31.64
5718,19888,19889,2.2,0.178,25.41
5719,19890,19891,2.171,0.264,28.37
5720,19892,19893,4.771,0.299,57.21
5721,19894,19895,4.314,0.281,57.16
5722,19896,19897,2.086,0.139,27.69
5723,19898,19899,43.0,0.0,91.32
5724,19902,19903,1.778,0.694,4.3
5725,19932,19933,22.75,6.25,115.97
5726,19936,19937,1.5,0.5,11.25
5727,19938,19939,15.0,2.0,103.62
5728,19948,19949,2.0,0.0,10.44
5729,19950,19951,7.0,0.0,48.41
5730,19960,19961,15.0,0.0,106.16
5731,19964,19965,18.0,0.0,125.21
5732,19968,19969,56.0,0.0,241.11
5733,19970,19971,6.234,85.682,32.14
5734,19972,19973,45.573,729.926,132.77
5735,19974,19975,3.792,83.261,4.02
5736,19976,19977,15.32,228.004,2.04
5737,19978,19979,56.5,36.7,271.09
5738,19980,19981,10.0,2.0,45.3
5739,19988,19989,4.5,0.286,35.57
5740,19994,19995,1.333,0.333,9.63
5741,20002,20003,1.8,0.178,23.67
5742,20014,20015,23.0,0.0,88.28
5743,20018,20019,3.0,0.0,12.65
5744,20026,20027,3.0,0.0,12.97
5745,20034,20035,41.0,16.0,163.5
5746,20036,20037,3.0,0.0,15.87
5747,20038,20039,3.0,0.0,12.03
5748,20040,20041,2.0,0.0,12.15
5749,20042,20043,16.0,0.0,88.63
5750,20044,20045,13.3,2.011,170.52
5751,20046,20047,22.0,3.556,281.51
5752,20048,20049,33.111,6.361,416.58
5753,20050,20051,15.0,1.25,182.01
5754,20060,20061,26.0,0.0,126.38
5755,20062,20063,4.0,0.0,20.5
5756,20066,20067,23.0,2.0,98.07
5757,20074,20075,9.438,1.729,125.76
5758,20076,20077,1.1,0.1,8.61
5759,20084,20085,1.1,0.1,9.02
5760,20104,20105,23.5,4.5,107.59
5761,20108,20109,5.0,0.0,24.45
5762,20110,20111,78.5,1413.667,461.21
5763,20114,20115,24.5,12.5,111.76
5764,20120,20121,51.6,19.3,270.56
5765,20126,20127,74.5,52.333,330.83
5766,20132,20133,7.0,0.0,30.69
5767,20138,20139,4.495,1.233,53.98
5768,20140,20141,2.632,0.278,49.53
5769,20142,20143,6.375,0.847,130.41
5770,20144,20145,1.447,0.981,21.23
5771,20146,20147,5.21,1.943,60.86
5772,20152,20153,218.812,843.362,1086.88
5773,20156,20157,1.02,0.019,9.91
5774,20166,20167,21.75,10.917,100.79
5775,20174,20175,18.5,4.5,91.22
5776,20176,20177,2.2,0.2,9.77
5777,20184,20185,22.0,7.0,100.97
5778,20188,20189,51.0,2.0,263.72
5779,20194,20195,5.0,0.0,19.91
5780,20198,20199,11.0,0.0,61.67
5781,20204,20205,27.5,0.5,144.7
5782,20206,20207,30.0,2.0,146.71
5783,20216,20217,30.0,0.0,125.4
5784,20218,20219,7.6,0.8,36.43
5785,20226,20227,5.0,0.0,40.12
5786,20228,20229,15.4,4.3,105.02
5787,20230,20231,18.25,4.786,91.57
5788,20236,20237,9.0,0.0,48.15
5789,20246,20247,3.875,0.411,18.81
5790,20248,20249,3.0,0.0,0.2
5791,20250,20251,7.333,0.333,56.97
5792,20254,20255,9.496,445.975,17.4
5793,20256,20257,19.464,1083.896,23.49
5794,20258,20259,17.063,1115.192,55.55
5795,20260,20261,62.074,3418.222,78.23
5796,20262,20263,7.649,0.702,159.73
5797,20264,20265,1.639,0.238,33.56
5798,20266,20267,1.308,0.222,14.04
5799,20268,20269,3.231,0.345,43.68
5800,20270,20271,107.0,0.0,372.59
5801,20274,20275,1.786,7.212,12.95
5802,20276,20277,3.714,17.989,6.06
5803,20278,20279,4.846,10.308,0.28
5804,20282,20283,16.0,0.0,28.42
5805,20292,20293,2.0,0.25,9.76
5806,20302,20303,11.0,0.0,62.98
5807,20308,20309,29.714,4.571,373.14
5808,20310,20311,5.019,0.903,58.7
5809,20312,20313,6.571,0.641,83.08
5810,20318,20319,2.067,2.88,10.42
5811,20320,20321,40.895,21.877,194.82
5812,20322,20323,67.125,33.839,327.62
5813,20324,20325,139.53,846.161,689.66
5814,20326,20327,23.824,21.404,117.06
5815,20328,20329,19.133,21.695,100.7
5816,20330,20331,25.8,11.7,114.83
5817,20332,20333,14.385,2.423,73.46
5818,20334,20335,38.444,17.949,177.2
5819,20338,20339,5.2,0.7,26.2
5820,20340,20341,18.5,2.3,93.57
5821,20342,20343,20.308,5.324,102.42
5822,20344,20345,20.711,8.049,105.38
5823,20346,20347,3.576,0.34,17.58
5824,20350,20351,10.0,1.2,50.36
5825,20352,20353,103.15,407.292,529.22
5826,20354,20355,52.643,30.247,234.34
5827,20356,20357,111.769,199.065,524.74
5828,20358,20359,7.4,1.029,111.47
5829,20360,20361,3.0,0.0,10.52
5830,20366,20367,6.0,0.0,29.18
5831,20376,20377,56.0,0.0,303.39
5832,20380,20381,7.0,0.0,36.46
5833,20390,20391,3.0,0.0,16.38
5834,20402,20403,178.765,1923.191,864.72
5835,20404,20405,117.929,525.918,536.47
5836,20408,20409,52.261,37.565,252.87
5837,20410,20411,17.639,6.237,85.98
5838,20414,20415,158.636,98.855,761.98
5839,20416,20417,22.333,1.333,118.3
5840,20418,20419,33.533,28.41,160.44
5841,20420,20421,18.304,106.567,97.05
5842,20422,20423,21.547,250.819,25.12
5843,20424,20425,3.088,0.271,38.83
5844,20426,20427,1.41,4.379,10.58
5845,20430,20431,1.946,0.14,23.38
5846,20434,20435,86.0,0.0,406.91
5847,20436,20437,2.95,8.05,9.7
5848,20438,20439,6.575,172.576,56.24
5849,20440,20441,1.508,1.882,7.14
5850,20444,20445,13.832,477.116,23.38
5851,20446,20447,1.92,0.269,20.9
5852,20448,20449,5.787,39.919,25.36
5853,20450,20451,15.618,9.656,187.0
5854,20452,20453,6.48,37.598,62.58
5855,20454,20455,12.455,201.473,26.31
5856,20456,20457,15.485,250.961,1.3
5857,20458,20459,5.086,22.851,30.26
5858,20460,20461,2.315,30.739,11.08
5859,20462,20463,1.972,0.162,25.12
5860,20464,20465,9.8,1.639,123.22
5861,20466,20467,61.172,662.494,313.73
5862,20468,20469,1.231,0.425,4.86
5863,20484,20485,10.5,2.3,51.62
5864,20496,20497,1.333,0.333,3.46
5865,20506,20507,1.571,0.286,7.77
5866,20508,20509,2.0,0.0,8.64
5867,20510,20511,1.5,0.5,8.47
5868,20532,20533,6.286,0.571,30.42
5869,20536,20537,8.947,0.608,46.74
5870,20538,20539,9.333,0.333,46.7
5871,20542,20543,1.5,1.0,3.42
5872,20544,20545,3.625,49.411,3.52
5873,20546,20547,1.333,0.667,3.96
5874,20548,20549,1.125,0.125,3.46
5875,20556,20557,8.588,0.856,41.64
5876,20560,20561,1.8,0.2,7.52
5877,20568,20569,6.25,0.25,28.86
5878,20570,20571,5.5,1.0,30.47
5879,20574,20575,5.5,0.5,30.46
5880,20578,20579,6.333,5.333,30.46
5881,20580,20581,5.5,0.5,30.61
5882,20582,20583,7.0,0.0,34.94
5883,20584,20585,4.667,1.333,28.87
5884,20586,20587,6.125,0.125,28.88
5885,20588,20589,6.6,0.3,34.95
5886,20592,20593,6.167,2.567,28.87
5887,20594,20595,5.5,0.5,28.87
5888,20596,20597,7.0,0.0,34.94
5889,20600,20601,6.0,0.0,28.87
5890,20602,20603,5.5,0.333,30.4
5891,20606,20607,6.0,0.0,30.46
5892,20608,20609,6.5,0.333,30.6
5893,20612,20613,6.0,1.0,30.86
5894,20614,20615,6.0,1.0,28.86
5895,20618,20619,6.0,0.0,30.46
5896,20620,20621,5.8,0.2,30.61
5897,20624,20625,7.0,0.0,34.94
5898,20626,20627,2.0,0.0,9.09
5899,20630,20631,6.0,0.5,30.46
5900,20632,20633,6.75,0.25,30.61
5901,20634,20635,6.2,0.4,30.61
5902,20638,20639,6.25,0.25,28.87
5903,20640,20641,6.5,0.5,34.95
5904,20642,20643,6.0,0.0,28.86
5905,20654,20655,10.933,2.064,83.68
5906,20656,20657,7.714,0.614,58.59
5907,20658,20659,9.474,0.485,70.19
5908,20660,20661,5.0,0.0,71.91
5909,20662,20663,5.0,0.0,76.79
5910,20664,20665,3.988,0.371,48.22
5911,20666,20667,12.0,0.0,76.85
5912,20668,20669,5.0,0.0,32.4
5913,20670,20671,6.0,0.0,37.32
5914,20674,20675,5.833,1.367,46.32
5915,20678,20679,5.75,0.5,45.96
5916,20682,20683,29.0,0.0,136.38
5917,20696,20697,6.0,0.0,25.08
5918,20698,20699,3.0,0.0,11.34
5919,20700,20701,7.5,4.5,32.21
5920,20704,20705,5.0,0.0,21.81
5921,20706,20707,37.0,8.0,204.24
5922,20710,20711,2.667,0.333,13.98
5923,20712,20713,29.667,84.667,156.47
5924,20746,20747,9.667,1.333,49.67
5925,20748,20749,10.0,0.0,55.39
5926,20752,20753,3.0,0.0,16.8
5927,20754,20755,6.0,0.0,30.07
5928,20770,20771,14.0,0.0,78.12
5929,20772,20773,1.455,0.273,6.85
5930,20774,20775,9.167,0.333,45.22
5931,20784,20785,8.0,2.0,42.5
5932,20804,20805,3.0,0.0,10.91
5933,20828,20829,1.455,0.26,7.35
5934,20830,20831,2.048,2.048,8.14
5935,20832,20833,2.726,0.271,34.67
5936,20834,20835,2.764,0.291,35.94
5937,20836,20837,1.755,0.25,21.95
5938,20838,20839,2.348,0.228,29.69
5939,20862,20863,15.5,0.5,80.24
5940,20870,20871,13.0,0.0,72.83
5941,20878,20879,14.0,0.0,73.06
5942,20880,20881,14.0,1.0,74.2
5943,20884,20885,16.5,3.5,80.27
5944,20886,20887,2.0,0.0,11.95
5945,20888,20889,2.0,0.0,10.8
5946,20890,20891,2.0,0.0,12.71
5947,20892,20893,4.0,0.0,17.2
5948,20904,20905,1.25,0.25,6.9
5949,20938,20939,1.5,0.5,0.83
5950,20952,20953,2.8,0.2,13.96
5951,20956,20957,8.0,0.667,38.62
5952,20960,20961,2.0,0.0,10.52
5953,20972,20973,9.0,0.0,43.61
5954,20980,20981,11.146,223.957,28.03
5955,20982,20983,2.538,0.436,25.04
5956,20984,20985,9.0,0.0,64.47
5957,20986,20987,3.667,0.333,32.42
5958,20988,20989,2.8,0.2,19.56
5959,20990,20991,17.5,3.0,134.77
5960,20994,20995,23.5,4.5,108.87
5961,20996,20997,21.0,0.0,102.21
5962,20998,20999,36.667,32.333,81.69
5963,21004,21005,5.0,0.0,45.15
5964,21006,21007,10.0,0.0,75.02
5965,21008,21009,8.0,0.0,69.67
5966,21010,21011,2.526,0.261,29.02
5967,21012,21013,4.253,0.397,51.05
5968,21014,21015,2.979,5.357,31.84
5969,21016,21017,5.738,0.871,66.34
5970,21018,21019,5.218,1.136,39.77
5971,21020,21021,1.375,0.268,4.29
5972,21022,21023,70.0,0.0,142.91
5973,21024,21025,69.8,117.7,143.4
5974,21026,21027,16.375,190.268,2.92
5975,21028,21029,14.467,2.838,72.74
5976,21030,21031,16.0,2.0,71.93
5977,21032,21033,52.207,1188.927,91.08
5978,21034,21035,35.9,137.878,83.67
5979,21036,21037,69.75,4.25,164.41
5980,21044,21045,1.25,0.25,8.46
5981,21046,21047,3.667,0.333,28.87
5982,21050,21051,27.0,0.0,119.66
5983,21054,21055,2.6,3.3,2.28
5984,21056,21057,10.0,0.0,48.11
5985,21060,21061,10.0,0.0,48.11
5986,21062,21063,6.0,0.0,28.79
5987,21070,21071,20.222,203.477,26.29
5988,21078,21079,3.1,0.093,14.45
5989,21080,21081,7.0,0.0,29.86
5990,21082,21083,8.971,895.866,16.34
5991,21084,21085,19.126,1807.732,24.27
5992,21086,21087,5.0,0.0,4.0
5993,21092,21093,1.222,0.194,5.51
5994,21096,21097,3.5,0.5,12.46
5995,21098,21099,4.0,0.0,18.43
5996,21102,21103,4.333,0.333,18.74
5997,21104,21105,4.0,0.0,19.05
5998,21106,21107,1.333,0.333,1.52
5999,21108,21109,2.0,0.0,13.52
6000,21110,21111,6.0,0.667,25.92
6001,21112,21113,2.0,0.0,7.24
6002,21114,21115,2.0,0.0,8.53
6003,21116,21117,6.5,0.5,25.78
6004,21118,21119,4.2,0.2,21.45
6005,21120,21121,5.0,0.0,22.76
6006,21128,21129,3.75,3.583,19.07
6007,21130,21131,2.75,0.25,12.65
6008,21134,21135,26.5,1849.667,21.62
6009,21136,21137,3.0,0.0,15.98
6010,21138,21139,2.0,0.0,13.25
6011,21144,21145,6.0,0.0,24.96
6012,21146,21147,11.2,0.7,56.43
6013,21148,21149,4.375,0.554,21.12
6014,21152,21153,18.8,6.2,93.1
6015,21154,21155,16.0,0.0,81.06
6016,21156,21157,13.667,2.667,71.35
6017,21158,21159,12.75,0.917,64.89
6018,21160,21161,2.923,9.994,3.38
6019,21162,21163,10.0,3.0,48.51
6020,21168,21169,15.0,0.0,101.32
6021,21170,21171,4.5,0.3,30.44
6022,21172,21173,4.667,27.067,11.65
6023,21174,21175,6.8,0.7,34.75
6024,21176,21177,7.0,1.0,37.47
6025,21180,21181,4.333,0.333,19.27
6026,21182,21183,5.0,0.0,22.66
6027,21184,21185,2.5,9.0,0.53
6028,21186,21187,3.0,0.0,15.15
6029,21188,21189,7.0,0.0,33.46
6030,21192,21193,7.75,0.917,37.64
6031,21194,21195,4.75,0.25,21.45
6032,21198,21199,3.0,0.0,16.75
6033,21202,21203,3.25,0.25,15.89
6034,21208,21209,8.5,0.5,47.07
6035,21212,21213,46.0,0.0,217.09
6036,21214,21215,5.0,0.0,20.87
6037,21218,21219,4.5,0.5,19.82
6038,21220,21221,11.0,4.667,50.73
6039,21226,21227,2.5,0.5,12.29
6040,21234,21235,2.941,0.184,13.65
6041,21236,21237,21.0,2.0,105.17
6042,21238,21239,1.5,0.333,8.9
6043,21240,21241,8.0,0.0,39.82
6044,21242,21243,19.289,185.121,45.27
6045,21246,21247,4.5,0.5,32.93
6046,21250,21251,13.0,0.0,96.84
6047,21252,21253,7.667,1.333,56.78
6048,21254,21255,3.667,0.267,25.73
6049,21256,21257,41.0,0.0,217.33
6050,21258,21259,19.23,7.238,214.55
6051,21260,21261,11.302,1.517,139.53
6052,21262,21263,5.04,0.682,61.08
6053,21264,21265,18.377,126.351,70.57
6054,21266,21267,5.303,2.978,61.86
6055,21268,21269,4.834,12.345,51.93
6056,21270,21271,4.866,59.695,45.48
6057,21274,21275,1.675,22.546,16.04
6058,21288,21289,20.0,0.0,39.29
6059,21290,21291,30.5,12.5,66.48
6060,21292,21293,260.0,22050.0,262.3
6061,21300,21301,37.455,2338.873,28.49
6062,21302,21303,2.667,1.333,18.06
6063,21304,21305,17.0,0.0,85.86
6064,21330,21331,8.182,0.441,154.99
6065,21332,21333,2.057,0.14,48.78
6066,21338,21339,2.0,0.0,10.13
6067,21342,21343,3.0,2.0,23.1
6068,21364,21365,3.538,3.955,37.03
6069,21366,21367,45.766,697.22,68.39
6070,21374,21375,2.2,1.104,25.81
6071,21376,21377,1.299,0.23,15.3
6072,21380,21381,15.0,2.0,73.71
6073,21382,21383,7.0,0.0,35.14
6074,21394,21395,25.0,18.0,111.26
6075,21396,21397,30.857,9.143,149.76
6076,21400,21401,1.5,0.5,7.68
6077,21402,21403,6.0,2.0,22.82
6078,21404,21405,5.5,0.5,24.36
6079,21410,21411,51.0,0.0,59.66
6080,21416,21417,1.667,0.5,5.75
6081,21418,21419,2.667,1.333,11.38
6082,21424,21425,11.75,0.917,55.47
6083,21426,21427,2.5,0.333,12.57
6084,21428,21429,8.0,0.0,40.07
6085,21434,21435,1.6,0.3,14.24
6086,21436,21437,6.6,34.3,49.62
6087,21438,21439,3.0,0.0,38.39
6088,21440,21441,6.667,1.333,82.85
6089,21442,21443,11.25,2.917,86.18
6090,21444,21445,8.0,0.0,54.44
6091,21448,21449,4.282,0.306,54.16
6092,21450,21451,17.469,166.054,104.74
6093,21452,21453,4.386,60.9,21.63
6094,21454,21455,18.008,428.928,22.73
6095,21456,21457,1.864,1.41,20.52
6096,21458,21459,1.088,0.081,7.84
6097,21460,21461,8.716,15.31,66.18
6098,21462,21463,7.667,1.304,90.18
6099,21464,21465,9.659,15.834,78.1
6100,21466,21467,13.75,0.25,63.02
6101,21468,21469,50.0,23.0,231.86
6102,21470,21471,8.0,0.0,43.29
6103,21472,21473,8.178,4.218,92.25
6104,21474,21475,1.438,2.713,4.96
6105,21478,21479,3.744,34.004,21.92
6106,21480,21481,6.333,1.333,30.41
6107,21484,21485,5.0,0.0,28.4
6108,21496,21497,208.5,619.667,1016.58
6109,21500,21501,40.0,18.5,201.74
6110,21502,21503,58.125,44.125,268.72
6111,21504,21505,6.722,2.039,65.1
6112,21506,21507,2.068,0.509,18.69
6113,21508,21509,11.431,1.488,145.9
6114,21510,21511,6.424,0.73,81.29
6115,21512,21513,10.0,0.0,44.79
6116,21514,21515,2.533,0.267,27.11
6117,21516,21517,2.0,0.143,26.88
6118,21520,21521,9.133,1.695,120.37
6119,21522,21523,7.929,0.841,85.46
6120,21524,21525,7.571,0.571,94.95
6121,21528,21529,5.333,0.333,35.55
6122,21530,21531,6.667,0.333,50.69
6123,21532,21533,28.0,0.0,194.98
6124,21534,21535,8.5,1.1,111.34
6125,21536,21537,9.0,0.0,61.19
6126,21538,21539,8.0,0.0,52.27
6127,21542,21543,9.571,0.952,66.87
6128,21546,21547,1.333,0.238,12.26
6129,21548,21549,2.286,0.571,10.21
6130,21550,21551,1.684,0.327,19.0
6131,21554,21555,1.884,1.284,14.78
6132,21556,21557,24.25,18.917,134.44
6133,21560,21561,2.0,189.32,9.45
6134,21562,21563,41.0,0.0,223.88
6135,21564,21565,2.596,0.284,54.28
6136,21574,21575,15.25,2.786,72.84
6137,21576,21577,9.151,186.708,12.41
6138,21578,21579,1.566,0.327,18.28
6139,21580,21581,23.5,0.5,102.47
6140,21604,21605,2.182,0.364,9.27
6141,21610,21611,8.0,0.0,34.08
6142,21612,21613,1.75,0.25,5.79
6143,21638,21639,1.4,0.3,5.35
6144,21654,21655,5.167,0.567,23.76
6145,21660,21661,4.5,0.5,23.46
6146,21674,21675,5.5,0.5,23.69
6147,21682,21683,12.75,1.583,63.5
6148,21690,21691,7.25,0.917,32.89
6149,21692,21693,8.625,0.268,40.74
6150,21700,21701,14.0,0.0,60.8
6151,21702,21703,12.0,0.0,24.25
6152,21706,21707,7.0,0.0,63.68
6153,21708,21709,10.571,1.286,80.22
6154,21710,21711,5.0,0.571,36.03
6155,21712,21713,8.5,0.3,60.21
6156,21714,21715,12.0,1.556,85.03
6157,21724,21725,1.833,0.167,11.3
6158,21726,21727,4.286,0.238,27.43
6159,21728,21729,13.167,1.367,100.59
6160,21730,21731,3.167,0.167,25.15
6161,21738,21739,11.0,2.0,76.7
6162,21740,21741,4.6,0.3,35.11
6163,21744,21745,3.0,0.0,22.69
6164,21746,21747,5.125,0.125,35.81
6165,21748,21749,3.25,0.25,23.78
6166,21750,21751,2.75,0.917,20.3
6167,21752,21753,2.5,0.333,19.66
6168,21754,21755,3.5,0.333,26.13
6169,21756,21757,2.6,0.3,17.26
6170,21758,21759,9.333,2.333,64.61
6171,21764,21765,5.458,0.259,61.7
6172,21766,21767,24.0,0.0,144.36
6173,21770,21771,10.75,6.917,26.63
6174,21772,21773,8.0,0.0,16.01
6175,21780,21781,12.667,9.333,27.49
6176,21784,21785,5.75,0.25,69.9
6177,21790,21791,8.6,0.8,108.84
6178,21796,21797,15.2,1.7,191.15
6179,21798,21799,6.056,0.526,81.5
6180,21800,21801,5.381,0.848,67.23
6181,21802,21803,7.0,0.0,60.83
6182,21804,21805,3.667,0.667,23.68
6183,21806,21807,21.0,0.0,52.01
6184,21808,21809,22.5,0.5,54.0
6185,21810,21811,18.0,1.0,47.43
6186,21812,21813,16.5,0.5,33.25
6187,21816,21817,8.0,0.724,102.17
6188,21818,21819,10.229,1.367,131.49
6189,21820,21821,3.486,0.34,43.62
6190,21822,21823,1.657,0.373,20.15
6191,21824,21825,1.078,0.073,11.68
6192,21832,21833,11.174,27.694,122.33
6193,21840,21841,9.0,0.0,37.44
6194,21846,21847,27.0,0.0,150.54
6195,21848,21849,3.25,0.25,18.09
6196,21850,21851,1.75,2.25,5.28
6197,21852,21853,1.25,0.25,5.55
6198,21858,21859,2.5,0.3,13.7
6199,21860,21861,28.0,0.0,132.5
6200,21864,21865,1.429,0.286,5.25
6201,21866,21867,1.375,0.268,6.34
6202,21868,21869,3.714,0.238,17.4
6203,21870,21871,34.5,60.5,182.06
6204,21872,21873,39.4,20.711,184.39
6205,21876,21877,15.5,4.5,69.89
6206,21878,21879,12.0,0.0,46.74
6207,21882,21883,11.667,2.333,55.89
6208,21884,21885,16.667,0.333,78.59
6209,21886,21887,74.0,591.111,391.72
6210,21890,21891,7.623,1.021,93.87
6211,21892,21893,11.566,4.754,137.28
6212,21896,21897,7.845,1.28,98.19
6213,21898,21899,3.724,0.375,45.29
6214,21900,21901,1.534,0.529,18.57
6215,21902,21903,5.983,0.947,71.14
6216,21904,21905,2.351,1.15,23.9
6217,21906,21907,9.0,0.0,62.05
6218,21908,21909,10.0,0.0,70.07
6219,21910,21911,5.0,0.0,31.72
6220,21914,21915,9.0,0.0,85.93
6221,21916,21917,19.0,0.0,166.0
6222,21918,21919,11.0,0.5,85.48
6223,21920,21921,3.0,0.0,15.6
6224,21922,21923,5.0,0.0,38.78
6225,21924,21925,5.0,0.0,36.67
6226,21926,21927,2.0,0.0,10.77
6227,21928,21929,2.2,0.2,15.25
6228,21930,21931,2.0,0.0,15.6
6229,21932,21933,2.75,0.25,22.79
6230,21934,21935,3.25,0.25,23.41
6231,21938,21939,4.333,0.424,30.69
6232,21942,21943,80.5,11400.5,31.56
6233,21944,21945,12.0,4.0,87.35
6234,21948,21949,2.538,0.269,14.15
6235,21950,21951,22.0,0.0,41.71
6236,21952,21953,20.675,4416.222,9.38
6237,21954,21955,61.929,13001.575,31.6
6238,21956,21957,36.475,6824.598,26.51
6239,21958,21959,79.207,25673.5,62.52
6240,21960,21961,41.925,8225.84,17.7
6241,21962,21963,2.5,0.5,13.33
6242,21964,21965,8.154,1.141,62.47
6243,21968,21969,2.6,0.3,20.08
6244,21970,21971,3.8,0.2,28.16
6245,21972,21973,2.8,0.2,18.89
6246,21974,21975,3.4,0.3,28.44
6247,21976,21977,2.6,0.3,17.72
6248,21978,21979,3.333,0.267,25.59
6249,21984,21985,4.79,179.382,8.44
6250,21986,21987,29.18,4185.05,22.47
6251,21988,21989,20.22,2635.416,13.98
6252,21990,21991,34.25,36.917,74.08
6253,21992,21993,13.067,57.21,80.87
6254,21994,21995,2.428,0.939,26.27
6255,21996,21997,2.313,0.295,28.16
6256,21998,21999,4.362,151.698,40.7
6257,22000,22001,7.515,597.263,32.65
6258,22010,22011,6.292,0.824,45.71
6259,22012,22013,14.25,2.978,103.32
6260,22014,22015,8.5,0.333,62.65
6261,22016,22017,2.75,0.25,17.53
6262,22018,22019,4.739,0.383,31.54
6263,22020,22021,2.048,0.048,11.54
6264,22024,22025,3.0,0.0,16.2
6265,22026,22027,14.333,1.333,120.86
6266,22028,22029,4.25,0.25,34.26
6267,22030,22031,8.0,0.0,18.24
6268,22032,22033,25.0,0.0,49.31
6269,22034,22035,11.0,5.333,26.15
6270,22036,22037,4.0,0.0,31.62
6271,22042,22043,8.167,0.567,64.29
6272,22044,22045,13.167,0.567,99.66
6273,22048,22049,35.769,7483.945,29.09
6274,22050,22051,16.4,2941.833,7.69
6275,22052,22053,12.895,2663.211,5.45
6276,22056,22057,9.48,0.927,69.07
6277,22058,22059,2.739,0.292,20.37
6278,22060,22061,7.595,433.748,17.28
6279,22062,22063,9.5,4.5,68.86
6280,22064,22065,5.5,0.5,39.88
6281,22066,22067,2.0,0.0,11.26
6282,22080,22081,22.0,0.0,134.71
6283,22082,22083,3.0,0.0,16.83
6284,22084,22085,16.0,0.0,99.94
6285,22086,22087,4.0,0.0,26.12
6286,22088,22089,14.0,2.0,70.79
6287,22096,22097,4.5,0.333,34.53
6288,22098,22099,7.5,1.667,54.89
6289,22100,22101,11.0,0.0,90.31
6290,22102,22103,2.0,0.0,14.26
6291,22104,22105,8.0,0.0,57.16
6292,22106,22107,2.0,0.0,11.67
6293,22108,22109,27.567,4551.771,11.92
6294,22110,22111,23.241,3919.975,13.32
6295,22112,22113,9.0,0.941,70.64
6296,22116,22117,5.42,821.432,10.01
6297,22118,22119,121.667,12842.226,109.11
6298,22120,22121,216.684,40123.117,54.23
6299,22122,22123,33.0,0.0,82.41
6300,22124,22125,62.333,8367.25,2.3
6301,22126,22127,17.122,2799.651,7.86
6302,22128,22129,186.509,46735.485,50.37
6303,22130,22131,37.355,5879.17,14.1
6304,22132,22133,67.806,19024.79,32.48
6305,22134,22135,122.938,52500.383,63.92
6306,22138,22139,60.0,0.0,269.78
6307,22140,22141,2.207,0.384,31.43
6308,22142,22143,8.909,1.67,138.74
6309,22144,22145,4.954,0.393,76.85
6310,22146,22147,7.5,0.718,120.95
6311,22148,22149,9.235,1.742,140.52
6312,22150,22151,5.893,0.606,85.66
6313,22154,22155,7.029,0.793,115.12
6314,22156,22157,4.057,0.467,63.86
6315,22158,22159,3.846,0.141,46.95
6316,22160,22161,11.286,0.238,123.07
6317,22164,22165,13.238,1.69,181.22
6318,22168,22169,19.0,0.0,279.0
6319,22178,22179,3.614,0.269,63.77
6320,22180,22181,3.656,0.396,46.2
6321,22182,22183,8.046,5.205,93.69
6322,22188,22189,1.017,0.016,8.21
6323,22190,22191,1.683,0.218,21.71
6324,22194,22195,2.591,0.596,31.15
6325,22196,22197,2.224,0.384,27.2
6326,22198,22199,1.761,0.183,9.81
6327,22200,22201,2.62,0.371,29.65
6328,22202,22203,5.078,0.476,65.18
6329,22204,22205,1.775,0.827,20.88
6330,22206,22207,2.055,1.168,21.92
6331,22208,22209,1.244,0.32,14.62
6332,22210,22211,7.5,0.5,79.72
6333,22212,22213,6.5,0.5,81.06
6334,22214,22215,6.333,0.333,74.04
6335,22216,22217,11.4,4.267,145.29
6336,22220,22221,5.4,0.267,53.08
6337,22222,22223,1.263,0.196,14.59
6338,22224,22225,1.655,0.952,18.3
6339,22226,22227,7.097,38.447,47.9
6340,22228,22229,1.177,5.553,10.17
6341,22230,22231,6.379,75.987,50.69
6342,22232,22233,86.5,40.5,407.31
6343,22234,22235,3.208,1.125,26.7
6344,22236,22237,9.45,1.208,116.75
6345,22238,22239,3.0,0.571,40.25
6346,22240,22241,4.25,0.214,46.64
6347,22242,22243,14.0,0.0,167.86
6348,22244,22245,4.0,0.0,37.74
6349,22246,22247,5.0,0.0,51.06
6350,22250,22251,5.35,0.661,67.8
6351,22252,22253,3.55,0.261,43.57
6352,22254,22255,3.905,0.29,46.99
6353,22256,22257,5.381,1.448,68.09
6354,22258,22259,2.647,0.618,27.2
6355,22260,22261,8.2,1.733,102.98
6356,22262,22263,2.375,0.268,31.24
6357,22264,22265,6.529,1.025,136.21
6358,22266,22267,21.842,160.363,349.2
6359,22268,22269,14.031,1.778,287.66
6360,22272,22273,5.5,0.333,39.06
6361,22276,22277,5.0,0.5,37.88
6362,22278,22279,5.556,0.278,40.8
6363,22280,22281,1.727,0.218,12.7
6364,22282,22283,11.818,5.364,77.53
6365,22288,22289,3.0,0.0,26.6
6366,22290,22291,7.0,0.0,70.31
6367,22292,22293,8.0,72.0,8.11
6368,22294,22295,1.5,0.5,5.18
6369,22300,22301,9.0,0.0,43.58
6370,22302,22303,23.0,0.0,102.18
6371,22304,22305,16.0,7.0,78.09
6372,22306,22307,8.8,1.2,42.26
6373,22308,22309,20.5,9.0,97.37
6374,22310,22311,24.75,16.917,115.12
6375,22312,22313,15.0,0.0,110.91
6376,22314,22315,8.5,4.5,65.6
6377,22316,22317,6.611,0.369,47.83
6378,22318,22319,4.75,1.133,36.92
6379,22320,22321,8.267,1.21,61.28
6380,22322,22323,4.429,0.571,31.06
6381,22324,22325,10.286,1.143,69.66
6382,22326,22327,7.647,3.368,49.95
6383,22328,22329,17.0,0.0,122.69
6384,22330,22331,6.0,0.667,44.88
6385,22332,22333,3.889,0.361,27.81
6386,22334,22335,6.857,1.143,48.2
6387,22336,22337,15.0,4.0,101.63
6388,22338,22339,14.5,1.0,94.44
6389,22340,22341,8.25,0.932,67.15
6390,22342,22343,56.647,1483.993,33.95
6391,22344,22345,19.0,0.0,120.99
6392,22346,22347,3.4,0.3,21.8
6393,22360,22361,13.333,0.333,64.03
6394,22362,22363,3.5,0.5,17.29
6395,22364,22365,21.0,392.0,30.74
6396,22368,22369,6.835,0.771,106.67
6397,22390,22391,19.0,2.0,231.46
6398,22396,22397,6.0,0.0,74.86
6399,22398,22399,6.0,0.0,65.89
6400,22410,22411,4.231,0.185,41.32
6401,22412,22413,5.72,0.377,71.95
6402,22414,22415,7.24,0.523,91.9
6403,22416,22417,12.88,1.193,163.87
6404,22418,22419,4.92,0.327,61.75
6405,22420,22421,4.04,0.123,51.09
6406,22422,22423,10.6,0.917,133.67
6407,22424,22425,16.72,1.543,209.39
6408,22426,22427,2.4,0.25,30.62
6409,22428,22429,26.719,167.496,87.83
6410,22430,22431,1.043,0.087,2.32
6411,22432,22433,21.778,4.444,169.05
6412,22434,22435,11.0,0.8,85.13
6413,22436,22437,22.0,2.0,177.6
6414,22438,22439,11.0,0.0,84.61
6415,22440,22441,6.308,0.435,101.2
6416,22442,22443,2.415,0.247,37.42
6417,22444,22445,18.185,7.177,271.59
6418,22454,22455,4.0,0.0,22.57
6419,22460,22461,4.0,0.0,23.31
6420,22462,22463,5.0,0.0,28.7
6421,22476,22477,11.0,0.0,67.64
6422,22482,22483,16.2,2.7,120.21
6423,22486,22487,2.857,0.476,21.74
6424,22488,22489,3.143,0.143,21.33
6425,22490,22491,2.857,0.476,21.71
6426,22492,22493,2.857,0.143,19.87
6427,22494,22495,2.857,1.143,20.93
6428,22496,22497,6.364,31.055,34.86
6429,22498,22499,9.5,0.333,74.55
6430,22500,22501,6.222,0.444,48.81
6431,22504,22505,3.826,0.605,28.9
6432,22506,22507,12.5,37.346,73.62
6433,22510,22511,9.5,0.5,75.51
6434,22512,22513,5.4,0.3,40.4
6435,22514,22515,10.5,0.5,78.34
6436,22520,22521,15.0,0.0,100.36
6437,22522,22523,4.333,0.5,33.4
6438,22524,22525,3.286,0.571,23.74
6439,22526,22527,9.143,2.143,68.44
6440,22528,22529,6.0,0.0,46.29
6441,22530,22531,15.822,4.616,198.46
6442,22532,22533,2.242,0.216,27.26
6443,22534,22535,22.555,8.989,264.73
6444,22536,22537,3.587,0.756,26.82
6445,22538,22539,2.429,0.264,12.18
6446,22540,22541,25.308,6.564,124.1
6447,22542,22543,4.357,0.401,20.84
6448,22548,22549,17.0,0.0,83.95
6449,22550,22551,5.0,0.0,36.55
6450,22552,22553,3.0,0.286,21.69
6451,22556,22557,3.0,0.0,22.63
6452,22558,22559,12.0,0.0,96.08
6453,22560,22561,3.502,63.288,10.81
6454,22562,22563,13.41,453.39,4.32
6455,22564,22565,17.333,1.333,115.56
6456,22566,22567,10.0,0.0,77.08
6457,22568,22569,7.6,0.938,61.13
6458,22570,22571,7.667,0.854,59.75
6459,22572,22573,4.393,0.376,33.47
6460,22574,22575,21.462,5.603,166.43
6461,22576,22577,5.479,0.524,69.34
6462,22580,22581,29.565,364.541,94.49
6463,22584,22585,2.019,55.577,10.87
6464,22586,22587,26.5,6.333,125.88
6465,22588,22589,8.0,0.0,45.37
6466,22590,22591,2.0,0.0,9.83
6467,22592,22593,2.0,0.0,11.32
6468,22598,22599,19.0,0.0,87.41
6469,22606,22607,21.167,21.367,89.65
6470,22608,22609,4.333,0.333,22.49
6471,22610,22611,4.0,0.0,17.3
6472,22614,22615,3.0,0.0,16.91
6473,22616,22617,7.0,0.0,30.08
6474,22620,22621,6.333,0.333,28.52
6475,22622,22623,2.667,1.333,15.59
6476,22626,22627,15.0,50.0,44.31
6477,22628,22629,9.0,0.0,43.97
6478,22636,22637,3.004,0.255,36.59
6479,22638,22639,14.735,322.702,72.54
6480,22640,22641,7.0,1.0,31.09
6481,22646,22647,2.0,0.0,11.84
6482,22656,22657,4.231,0.185,47.02
6483,22658,22659,1.84,0.223,21.75
6484,22660,22661,4.524,0.362,59.55
6485,22664,22665,2.611,0.252,18.0
6486,22676,22677,16.615,7.606,121.56
6487,22678,22679,4.25,0.917,32.63
6488,22680,22681,3.5,1.0,27.74
6489,22682,22683,5.0,2.0,40.39
6490,22684,22685,1.333,0.333,7.97
6491,22686,22687,11.8,1.7,83.85
6492,22688,22689,11.0,1.6,87.23
6493,22690,22691,18.273,31.74,76.66
6494,22692,22693,5.263,0.316,26.79
6495,22694,22695,3.091,0.291,14.12
6496,22696,22697,27.542,10.607,135.77
6497,22698,22699,69.444,146.028,314.25
6498,22700,22701,16.025,111.363,49.49
6499,22702,22703,6.758,1.189,32.17
6500,22704,22705,3.0,0.0,12.22
6501,22708,22709,2.364,0.255,17.98
6502,22710,22711,8.5,0.556,100.97
6503,22714,22715,31.833,20.967,154.23
6504,22716,22717,3.594,0.249,26.49
6505,22718,22719,1.062,0.06,7.77
6506,22720,22721,2.214,0.175,15.75
6507,22722,22723,10.5,0.5,53.33
6508,22724,22725,8.812,1.362,40.19
6509,22726,22727,5.765,1.066,28.98
6510,22728,22729,11.0,0.0,70.65
6511,22732,22733,8.643,4.709,38.46
6512,22734,22735,8.6,0.3,42.45
6513,22736,22737,24.857,134.143,65.91
6514,22738,22739,59.452,10255.523,12.18
6515,22740,22741,126.391,38516.976,71.73
6516,22742,22743,25.308,1919.564,62.0
6517,22746,22747,4.0,0.0,17.84
6518,22750,22751,11.111,1447.114,35.7
6519,22752,22753,30.526,6826.81,114.1
6520,22754,22755,5.359,1054.673,14.3
6521,22756,22757,1.01,0.01,11.8
6522,22762,22763,17.741,7.169,133.12
6523,22764,22765,6.076,1.276,43.36
6524,22766,22767,2.707,1.345,17.22
6525,22768,22769,1.351,0.231,10.04
6526,22770,22771,8.081,8.076,51.37
6527,22772,22773,12.667,0.333,95.59
6528,22780,22781,1.9,0.095,22.54
6529,22786,22787,14.0,0.0,102.79
6530,22788,22789,1.333,0.238,8.85
6531,22790,22791,1.4,0.3,8.55
6532,22792,22793,3.0,0.0,22.06
6533,22794,22795,5.0,0.0,39.62
6534,22796,22797,21.5,0.5,165.34
6535,22798,22799,17.5,3.0,126.48
6536,22800,22801,13.0,0.0,96.52
6537,22802,22803,13.0,2.0,97.7
6538,22806,22807,5.0,0.0,24.94
6539,22814,22815,4.375,0.268,20.19
6540,22816,22817,1.6,0.3,6.4
6541,22822,22823,5.3,0.9,23.57
6542,22830,22831,4.0,0.0,21.17
6543,22832,22833,5.571,0.619,25.07
6544,22834,22835,2.667,1.333,26.54
6545,22836,22837,2.333,0.333,27.6
6546,22838,22839,2.0,0.0,12.3
6547,22848,22849,3.571,0.264,33.2
6548,22850,22851,6.0,0.0,37.76
6549,22852,22853,7.5,0.5,55.57
6550,22854,22855,3.667,0.333,25.64
6551,22856,22857,24.0,0.0,190.45
6552,22858,22859,15.0,0.0,125.64
6553,22860,22861,1.667,5.333,1.43
6554,22862,22863,1.545,0.26,7.48
6555,22864,22865,8.033,1.344,39.64
6556,22866,22867,6.25,0.917,45.88
6557,22868,22869,4.667,0.333,37.18
6558,22870,22871,7.2,0.7,48.64
6559,22872,22873,13.0,2.0,100.22
6560,22874,22875,3.0,0.0,22.02
6561,22876,22877,14.333,6.333,62.65
6562,22880,22881,14.0,7.0,71.17
6563,22882,22883,2.0,0.0,9.19
6564,22886,22887,9.333,2.333,42.57
6565,22888,22889,13.0,0.0,57.77
6566,22890,22891,5.0,0.0,22.26
6567,22892,22893,8.0,0.0,37.02
6568,22894,22895,8.0,0.0,39.75
6569,22898,22899,4.5,0.333,36.13
6570,22900,22901,9.5,0.5,72.92
6571,22902,22903,11.5,0.5,80.82
6572,22906,22907,12.0,0.0,72.73
6573,22908,22909,10.75,2.205,75.96
6574,22910,22911,14.2,1.7,103.14
6575,22912,22913,7.103,0.739,53.52
6576,22914,22915,6.097,10.624,36.9
6577,22920,22921,3.128,0.385,38.89
6578,22922,22923,16.388,4.034,207.26
6579,22924,22925,29.349,301.47,61.22
6580,22926,22927,1.828,0.145,17.52
6581,22928,22929,3.553,0.355,44.71
6582,22930,22931,13.646,2.446,170.9
6583,22932,22933,1.251,0.189,15.58
6584,22934,22935,12.089,1.39,150.68
6585,22946,22947,9.0,0.0,103.46
6586,22948,22949,2.0,0.0,23.7
6587,22952,22953,9.902,1.05,194.05
6588,22954,22955,1.045,0.044,10.24
6589,22956,22957,2.0,4.6,3.13
6590,22962,22963,9.714,48.238,0.2
6591,22966,22967,3.045,19.273,6.58
6592,22976,22977,23.539,6.036,335.23
6593,22978,22979,7.433,0.947,113.34
6594,22980,22981,9.692,1.404,147.5
6595,22982,22983,8.224,1.119,125.42
6596,22984,22985,1.785,0.189,27.28
6597,22986,22987,15.421,493.529,92.51
6598,22996,22997,12.5,4.5,59.9
6599,23010,23011,13.5,0.5,60.53
6600,23014,23015,3.4,0.3,16.42
6601,23018,23019,2.0,0.0,8.87
6602,23026,23027,5.0,0.0,34.6
6603,23028,23029,1.667,0.333,8.99
6604,23032,23033,4.5,0.286,48.24
6605,23036,23037,20.824,8.844,257.87
6606,23038,23039,1.601,0.24,20.91
6607,23040,23041,1.75,0.91,18.16
6608,23042,23043,1.667,1.067,0.2
6609,23044,23045,3.384,0.462,41.49
6610,23046,23047,4.646,0.451,58.86
6611,23048,23049,2.073,0.18,26.99
6612,23050,23051,1.02,0.02,9.92
6613,23052,23053,5.308,0.649,63.02
6614,23054,23055,1.022,0.022,8.64
6615,23056,23057,18.94,1073.515,9.7
6616,23060,23061,2.007,0.007,22.01
6617,23064,23065,1.673,0.243,10.12
6618,23066,23067,2.0,0.0,18.78
6619,23068,23069,10.333,0.75,136.32
6620,23070,23071,13.7,1.344,184.8
6621,23072,23073,6.5,0.571,84.82
6622,23074,23075,9.375,1.982,111.64
6623,23076,23077,14.242,186.839,43.62
6624,23078,23079,7.25,0.25,48.19
6625,23084,23085,11.0,0.0,81.75
6626,23086,23087,5.0,0.0,38.73
6627,23088,23089,2.0,0.0,10.1
6628,23090,23091,7.833,0.167,102.4
6629,23098,23099,15.994,3.685,204.25
6630,23100,23101,4.092,9.961,21.81
6631,23102,23103,5.63,0.681,69.91
6632,23112,23113,3.25,0.5,16.5
6633,23114,23115,4.167,0.167,20.69
6634,23116,23117,2.154,0.135,11.06
6635,23118,23119,4.0,0.353,20.42
6636,23120,23121,17.0,6.333,81.69
6637,23122,23123,1.333,0.788,3.4
6638,23128,23129,3.0,0.0,36.08
6639,23130,23131,2.5,0.5,25.22
6640,23134,23135,6.0,0.0,93.49
6641,23136,23137,2.0,0.0,16.84
6642,23138,23139,4.0,1.0,26.11
6643,23140,23141,1.8,0.171,12.13
6644,23164,23165,45.0,32.0,206.84
6645,23168,23169,6.0,0.0,25.27
6646,23170,23171,5.0,0.0,19.51
6647,23186,23187,24.667,0.333,128.81
6648,23188,23189,12.667,5.467,65.13
6649,23190,23191,6.0,0.5,30.18
6650,23192,23193,23.833,10.167,117.7
6651,23194,23195,5.571,0.619,27.41
6652,23196,23197,9.583,2.992,49.11
6653,23198,23199,4.333,0.267,19.13
6654,23218,23219,8.2,1.2,39.22
6655,23220,23221,16.286,2.905,78.94
6656,23258,23259,40.0,1.0,205.73
6657,23278,23279,34.0,0.0,203.46
6658,23280,23281,14.833,2.167,73.34
6659,23282,23283,35.0,0.0,202.85
6660,23290,23291,26.1,8.1,130.36
6661,23292,23293,21.143,4.476,110.33
6662,23294,23295,22.667,2.667,114.55
6663,23296,23297,65.8,42.7,323.07
6664,23304,23305,5.88,1.61,27.44
6665,23306,23307,8.25,0.75,39.41
6666,23328,23329,10.8,2.2,53.1
6667,23330,23331,4.4,0.3,21.76
6668,23344,23345,26.364,26.655,123.53
6669,23374,23375,10.75,1.583,48.92
6670,23376,23377,7.667,0.333,35.71
6671,23378,23379,7.333,0.333,36.66
6672,23382,23383,1.2,0.2,8.0
6673,23384,23385,2.0,0.0,8.73
6674,23386,23387,5.0,0.0,26.03
6675,23388,23389,2.867,1.124,11.48
6676,23398,23399,25.25,3.929,127.64
6677,23402,23403,10.065,1.129,47.36
6678,23404,23405,3.824,2.404,17.04
6679,23410,23411,1.636,0.255,7.26
6680,23420,23421,3.0,0.0,7.59
6681,23424,23425,19.0,2.0,88.36
6682,23426,23427,5.0,0.0,22.92
6683,23430,23431,2.0,0.333,9.7
6684,23432,23433,4.5,0.5,22.71
6685,23434,23435,5.0,0.0,23.83
6686,23442,23443,3.0,0.0,14.87
6687,23450,23451,5.8,0.7,23.86
6688,23452,23453,5.0,0.0,23.03
6689,23454,23455,3.0,0.0,19.48
6690,23460,23461,25.667,16.333,123.62
6691,23464,23465,4.4,0.3,18.15
6692,23468,23469,8.8,0.2,40.14
6693,23474,23475,1.5,0.333,7.98
6694,23476,23477,7.25,0.917,31.19
6695,23480,23481,13.0,0.0,66.61
6696,23486,23487,2.333,0.333,12.61
6697,23494,23495,123.0,0.0,616.85
6698,23500,23501,2.087,0.083,21.98
6699,23502,23503,1.125,0.117,9.57
6700,23504,23505,6.474,1.986,75.23
6701,23506,23507,1.316,0.222,16.62
6702,23510,23511,3.4,0.8,23.44
6703,23512,23513,11.25,0.25,83.02
6704,23514,23515,7.572,172.897,16.79
6705,23518,23519,2.667,0.333,11.35
6706,23520,23521,6.25,0.917,44.9
6707,23522,23523,5.0,2.0,23.59
6708,23524,23525,5.0,0.0,23.49
6709,23526,23527,7.012,1.0,90.21
6710,23528,23529,26.779,9.398,340.4
6711,23530,23531,19.128,6.207,229.79
6712,23538,23539,44.0,13.667,205.53
6713,23540,23541,33.556,16.278,158.93
6714,23542,23543,41.333,20.5,199.44
6715,23544,23545,216.429,2352.571,1046.79
6716,23546,23547,42.519,74.875,210.72
6717,23548,23549,41.857,104.44,220.24
6718,23550,23551,1.5,0.3,6.6
6719,23552,23553,153.0,8552.667,952.36
6720,23554,23555,2.056,0.291,15.22
6721,23566,23567,22.0,8.0,44.65
6722,23568,23569,43.75,31.583,90.9
6723,23570,23571,12.667,4.333,30.5
6724,23572,23573,20.75,4.25,51.13
6725,23574,23575,20.375,24.839,43.85
6726,23578,23579,14.0,2.0,91.15
6727,23580,23581,4.5,0.333,30.98
6728,23582,23583,7.5,0.5,55.5
6729,23584,23585,6.5,0.5,46.42
6730,23588,23589,3.457,8.373,16.02
6731,23590,23591,3.75,0.214,26.22
6732,23592,23593,17.0,0.0,132.13
6733,23594,23595,9.0,0.0,63.15
6734,23596,23597,3.075,1.11,22.33
6735,23598,23599,2.981,3.274,16.92
6736,23600,23601,2.4,0.3,15.64
6737,23602,23603,11.6,0.8,92.56
6738,23606,23607,1.061,0.121,4.9
6739,23608,23609,1.396,0.244,9.9
6740,23610,23611,19.306,7.384,133.81
6741,23612,23613,4.4,0.463,32.8
6742,23614,23615,9.571,1.187,71.63
6743,23616,23617,4.429,0.418,29.73
6744,23618,23619,3.5,0.333,26.73
6745,23620,23621,13.0,2.571,95.35
6746,23622,23623,4.429,0.619,33.06
6747,23624,23625,3.75,0.917,28.74
6748,23644,23645,6.538,0.269,114.52
6749,23646,23647,3.462,0.269,30.39
6750,23648,23649,58.3,33.695,116.64
6751,23650,23651,254.364,1248.455,509.79
6752,23652,23653,2.5,0.5,15.04
6753,23658,23659,3.154,0.141,15.07
6754,23660,23661,1.833,0.167,9.03
6755,23662,23663,22.8,12.844,104.11
6756,23666,23667,2.333,0.25,11.37
6757,23668,23669,3.667,0.333,18.71
6758,23670,23671,3.719,1.047,17.56
6759,23672,23673,16.312,2.496,79.58
6760,23674,23675,6.091,0.291,29.27
6761,23676,23677,7.182,0.364,34.25
6762,23678,23679,15.909,1.491,77.53
6763,23680,23681,1.364,0.255,7.07
6764,23682,23683,3.091,0.291,14.88
6765,23694,23695,12.0,0.0,59.82
6766,23696,23697,11.333,0.333,58.29
6767,23706,23707,11.667,1.333,59.85
6768,23710,23711,12.0,2.0,56.82
6769,23714,23715,10.667,0.333,52.86
6770,23722,23723,33.829,14.087,158.03
6771,23724,23725,25.455,6.673,113.94
6772,23728,23729,8.0,0.667,83.31
6773,23734,23735,20.053,4.031,250.96
6774,23736,23737,1.943,0.181,24.33
6775,23738,23739,12.034,114.677,28.66
6776,23740,23741,3.682,0.323,27.58
6777,23750,23751,6.5,0.5,31.48
6778,23752,23753,18.5,0.5,76.36
6779,23758,23759,11.0,2.0,62.68
6780,23762,23763,8.0,0.0,43.76
6781,23764,23765,18.0,0.0,46.8
6782,23766,23767,8.333,1.333,39.93
6783,23770,23771,12.5,0.5,59.37
6784,23772,23773,1.25,0.25,7.35
6785,23774,23775,4.0,0.0,17.24
6786,23776,23777,9.2,0.7,42.04
6787,23778,23779,9.333,0.267,43.65
6788,23784,23785,4.0,0.0,18.2
6789,23792,23793,12.0,0.0,54.74
6790,23796,23797,15.967,35.979,167.14
6791,23798,23799,96.208,5794.358,65.14
6792,23800,23801,5.0,0.0,25.87
6793,23802,23803,2.95,0.276,32.25
6794,23804,23805,3.0,0.0,11.78
6795,23806,23807,3.0,0.0,14.16
6796,23810,23811,12.75,167.583,12.12
6797,23812,23813,1.688,0.629,7.43
6798,23814,23815,10.5,0.5,50.85
6799,23816,23817,11.0,0.0,50.65
6800,23818,23819,7.25,0.25,34.82
6801,23824,23825,12.5,107.667,35.4
6802,23830,23831,2.0,0.0,9.64
6803,23832,23833,1.778,0.444,7.1
6804,23834,23835,8.1,1.656,39.69
6805,23836,23837,18.0,8.857,89.28
6806,23838,23839,2.415,0.244,30.36
6807,23840,23841,6.333,0.333,28.12
6808,23846,23847,2.0,0.0,15.46
6809,23848,23849,9.5,0.5,48.28
6810,23854,23855,34.0,27.0,184.52
6811,23858,23859,2.833,0.167,13.72
6812,23860,23861,7.0,0.0,37.87
6813,23862,23863,5.0,1.0,25.26
6814,23866,23867,5.091,0.091,25.58
6815,23868,23869,22.5,3.0,111.51
6816,23870,23871,7.0,8.0,24.01
6817,23872,23873,5.5,0.5,25.17
6818,23874,23875,1.526,0.263,7.08
6819,23882,23883,88.0,0.0,492.31
6820,23884,23885,10.5,1.0,42.81
6821,23886,23887,14.5,4.5,60.83
6822,23888,23889,3.143,0.143,14.9
6823,23890,23891,12.5,0.5,72.66
6824,23894,23895,34.2,21.2,71.96
6825,23896,23897,17.667,1.333,35.55
6826,23898,23899,2.0,0.0,5.94
6827,23900,23901,2.25,0.25,4.48
6828,23902,23903,21.0,0.0,49.42
6829,23904,23905,26.0,0.0,58.14
6830,23906,23907,3.467,0.41,16.55
6831,23908,23909,8.5,207.9,1.01
6832,23910,23911,2.933,0.067,13.93
6833,23912,23913,3.0,0.5,14.94
6834,23914,23915,3.895,0.544,18.63
6835,23916,23917,2.552,0.256,11.5
6836,23918,23919,4.342,0.61,20.63
6837,23920,23921,1.652,3.51,6.06
6838,23926,23927,55.1,272.305,235.34
6839,23934,23935,6.0,0.0,28.0
6840,23936,23937,9.714,0.905,43.97
6841,23938,23939,16.875,2.125,76.08
6842,23940,23941,36.0,0.0,201.63
6843,23942,23943,5.0,0.0,18.85
6844,23950,23951,6.0,0.0,34.11
6845,23952,23953,17.0,0.0,78.36
6846,23954,23955,4.688,0.351,57.56
6847,23956,23957,7.267,0.638,95.76
6848,23958,23959,3.6,0.4,47.54
6849,23960,23961,13.733,2.495,174.65
6850,23962,23963,1.429,0.286,17.38
6851,23964,23965,3.333,0.667,38.83
6852,23966,23967,17.143,3.81,38.67
6853,23978,23979,9.5,1.0,44.48
6854,23980,23981,12.167,1.367,57.95
6855,23982,23983,19.571,6.286,91.25
6856,23986,23987,8.0,0.0,35.49
6857,23990,23991,25.5,40.5,120.86
6858,23994,23995,1.833,0.213,8.6
6859,24002,24003,15.333,17.333,45.3
6860,24014,24015,19.0,2.0,91.34
6861,24016,24017,1.087,0.083,5.51
6862,24018,24019,22.214,17.258,100.75
6863,24020,24021,1.75,0.829,5.71
6864,24022,24023,21.258,7.731,101.23
6865,24026,24027,9.5,1.5,48.86
6866,24028,24029,25.25,12.917,119.98
6867,24030,24031,36.0,37.0,172.91
6868,24032,24033,2.111,0.111,10.19
6869,24036,24037,2.5,0.286,13.17
6870,24038,24039,2.0,0.0,9.64
6871,24044,24045,1.667,0.333,6.29
6872,24048,24049,10.0,4.0,47.94
6873,24050,24051,11.0,0.667,59.82
6874,24052,24053,4.0,0.0,18.1
6875,24056,24057,2.667,0.333,11.88
6876,24058,24059,11.333,0.333,52.38
6877,24060,24061,5.5,0.5,28.14
6878,24066,24067,2.0,0.0,9.29
6879,24070,24071,11.0,0.0,51.71
6880,24072,24073,11.0,0.0,46.68
6881,24074,24075,15.0,0.0,29.51
6882,24078,24079,4.5,0.5,18.61
6883,24082,24083,8.0,0.0,37.35
6884,24084,24085,7.0,0.0,32.14
6885,24090,24091,13.0,1.091,66.25
6886,24094,24095,2.0,0.0,9.43
6887,24096,24097,12.8,7.7,87.62
6888,24098,24099,2.2,0.2,12.73
6889,24100,24101,2.0,0.5,12.17
6890,24126,24127,4.5,0.5,22.68
6891,24128,24129,15.4,0.3,114.98
6892,24130,24131,1.017,0.016,11.0
6893,24132,24133,12.0,0.0,61.8
6894,24136,24137,42.25,16.25,223.26
6895,24140,24141,22.109,4.433,1009.52
6896,24144,24145,9.0,0.571,60.09
6897,24146,24147,5.6,0.8,43.88
6898,24148,24149,6.4,0.3,47.6
6899,24150,24151,1.5,0.3,11.38
6900,24152,24153,5.2,0.2,40.79
6901,24154,24155,3.2,0.2,20.1
6902,24156,24157,17.5,11.0,118.7
6903,24158,24159,5.04,0.438,61.51
6904,24164,24165,3.138,0.276,40.03
6905,24168,24169,12.0,0.0,135.49
6906,24172,24173,1.333,0.333,6.32
6907,24180,24181,32.8,13.289,150.02
6908,24186,24187,2.5,0.278,12.81
6909,24188,24189,11.0,0.0,54.43
6910,24194,24195,13.333,6.333,61.73
6911,24196,24197,15.0,0.0,61.24
6912,24202,24203,13.667,4.667,88.74
6913,24204,24205,2.0,0.0,13.61
6914,24208,24209,3.5,0.5,27.61
6915,24210,24211,12.333,0.333,97.16
6916,24212,24213,11.0,0.0,82.72
6917,24220,24221,12.0,0.0,84.39
6918,24228,24229,6.0,0.0,29.85
6919,24230,24231,6.0,0.0,33.21
6920,24232,24233,3.0,0.0,19.15
6921,24234,24235,4.565,0.984,31.33
6922,24236,24237,1.059,0.059,7.82
6923,24238,24239,16.471,8.765,118.72
6924,24240,24241,15.0,22.143,90.97
6925,24242,24243,9.048,162.348,9.5
6926,24244,24245,5.118,0.471,57.16
6927,24250,24251,8.2,0.2,38.57
6928,24252,24253,5.0,0.0,24.68
6929,24254,24255,11.667,0.333,58.75
6930,24256,24257,9.667,0.333,46.9
6931,24258,24259,26.5,12.5,135.83
6932,24260,24261,32.0,200.667,160.27
6933,24262,24263,6.0,0.0,31.98
6934,24266,24267,12.333,1.067,61.58
6935,24282,24283,2.0,0.0,14.07
6936,24286,24287,2.833,0.152,22.46
6937,24288,24289,11.333,25.515,52.24
6938,24290,24291,3.571,88.457,4.44
6939,24292,24293,17.0,2.0,93.16
6940,24296,24297,17.5,12.5,82.39
6941,24304,24305,116.8,3648.7,723.6
6942,24314,24315,4.0,0.0,20.35
6943,24316,24317,4.75,0.25,24.11
6944,24322,24323,31.0,0.0,167.88
6945,24332,24333,3.0,0.0,15.63
6946,24336,24337,7.229,0.894,86.61
6947,24338,24339,1.725,0.217,20.37
6948,24340,24341,16.109,17.503,168.23
6949,24342,24343,2.239,8.454,9.2
6950,24344,24345,9.221,1.442,112.09
6951,24346,24347,19.816,23.936,201.23
6952,24348,24349,33.304,194.097,250.11
6953,24350,24351,21.0,0.0,59.57
6954,24374,24375,37.625,17.411,182.88
6955,24376,24377,58.0,25.333,266.99
6956,24386,24387,15.543,121.373,17.99
6957,24388,24389,5.125,0.25,42.01
6958,24390,24391,14.0,0.0,102.98
6959,24392,24393,2.333,0.333,14.36
6960,24394,24395,1.5,0.3,9.25
6961,24406,24407,1.944,2.732,20.12
6962,24410,24411,4.698,0.715,34.63
6963,24414,24415,2.025,0.128,14.99
6964,24416,24417,6.143,0.655,46.09
6965,24418,24419,4.895,0.853,35.98
6966,24420,24421,25.641,8.453,306.0
6967,24422,24423,1.973,0.229,24.34
6968,24428,24429,4.907,0.795,57.1
6969,24430,24431,1.765,0.202,21.03
6970,24432,24433,16.775,4.652,200.7
6971,24434,24435,1.971,0.207,23.66
6972,24436,24437,4.754,0.491,56.52
6973,24438,24439,2.736,0.47,31.75
6974,24440,24441,1.568,0.989,16.45
6975,24442,24443,1.212,0.185,11.62
6976,24444,24445,2.5,0.307,30.85
6977,24446,24447,1.703,0.247,21.06
6978,24448,24449,1.938,0.131,22.93
6979,24450,24451,4.817,0.377,56.25
6980,24452,24453,6.765,0.85,79.99
6981,24454,24455,2.07,0.188,24.33
6982,24456,24457,2.376,0.264,27.49
6983,24458,24459,1.915,0.211,22.5
6984,24460,24461,3.939,0.352,45.62
6985,24462,24463,10.238,1.75,120.47
6986,24464,24465,14.304,4.241,162.94
6987,24466,24467,11.831,3.856,126.4
6988,24470,24471,3.5,0.5,17.02
6989,24482,24483,22.5,0.5,48.81
6990,24484,24485,23.0,2.0,51.66
6991,24486,24487,51.0,0.0,106.22
6992,24496,24497,2.5,4.5,0.36
6993,24500,24501,3.6,0.3,18.49
6994,24504,24505,10.154,69.808,0.11
6995,24506,24507,5.8,0.7,29.44
6996,24508,24509,15.0,1.5,77.02
6997,24512,24513,2.902,0.25,34.96
6998,24516,24517,5.875,25.268,16.87
6999,24518,24519,7.0,2.0,27.86
7000,24520,24521,11.0,0.667,49.98
7001,24522,24523,2.0,0.5,9.45
7002,24524,24525,3.6,0.3,14.37
7003,24526,24527,5.0,0.0,22.41
7004,24528,24529,6.25,1.583,30.93
7005,24530,24531,2.714,0.238,17.11
7006,24532,24533,9.48,2.177,43.51
7007,24536,24537,3.375,0.268,16.77
7008,24538,24539,10.5,0.5,53.5
7009,24540,24541,4.4,3.829,28.25
7010,24542,24543,2.412,0.257,32.65
7011,24546,24547,1.769,0.359,16.06
7012,24548,24549,12.486,2.108,181.0
7013,24550,24551,6.0,0.0,27.2
7014,24552,24553,11.0,0.0,46.31
7015,24554,24555,1.5,0.5,7.19
7016,24556,24557,8.0,2.0,34.05
7017,24576,24577,12.0,0.0,47.37
7018,24582,24583,2.0,0.0,7.29
7019,24590,24591,2.0,0.0,7.21
7020,24594,24595,2.0,0.0,7.14
7021,24596,24597,2.0,0.0,7.37
7022,24598,24599,28.333,6.333,124.49
7023,24604,24605,7.111,1.611,34.38
7024,24606,24607,3.833,0.333,18.09
7025,24608,24609,2.0,0.0,7.53
7026,24616,24617,68.4,46.3,322.13
7027,24618,24619,2.5,0.5,10.65
7028,24628,24629,9.5,0.5,74.19
7029,24630,24631,9.0,2.0,69.45
7030,24632,24633,8.0,2.0,56.61
7031,24634,24635,6.0,0.0,42.58
7032,24644,24645,25.0,0.0,166.63
7033,24648,24649,2.889,0.361,19.18
7034,24650,24651,4.571,0.619,33.55
7035,24658,24659,12.0,0.0,84.32
7036,24662,24663,5.556,0.528,35.94
7037,24670,24671,11.5,0.5,64.68
7038,24672,24673,9.333,17.067,30.99
7039,24682,24683,3.556,0.278,17.89
7040,24688,24689,18.0,8.0,47.2
7041,24690,24691,34.0,0.0,64.98
7042,24692,24693,18.0,0.0,82.35
7043,24694,24695,9.0,0.0,41.56
7044,24696,24697,1.333,0.242,6.17
7045,24710,24711,25.537,10.583,402.75
7046,24718,24719,10.0,0.0,48.45
7047,24720,24721,1.5,0.5,1.94
7048,24722,24723,3.0,8.0,2.22
7049,24734,24735,13.0,0.0,49.23
7050,24738,24739,2.333,0.333,12.92
7051,24740,24741,11.0,0.0,49.21
7052,24754,24755,11.0,0.0,43.4
7053,24760,24761,1.667,0.333,5.67
7054,24784,24785,3.0,0.0,8.37
7055,24786,24787,16.0,0.0,62.06
7056,24790,24791,6.333,1.067,32.68
7057,24794,24795,8.0,3.6,38.64
7058,24796,24797,12.333,151.067,21.98
7059,24798,24799,3.8,0.276,56.24
7060,24800,24801,13.266,16.921,164.4
7061,24802,24803,1.556,0.278,12.69
7062,24804,24805,2.5,0.333,25.27
7063,24806,24807,6.75,0.25,101.79
7064,24808,24809,16.36,5.596,246.48
7065,24810,24811,10.923,1.077,173.28
7066,24812,24813,3.231,0.359,48.37
7067,24814,24815,6.385,0.756,98.55
7068,24816,24817,8.114,72.281,35.75
7069,24824,24825,2.0,0.0,7.39
7070,24834,24835,6.333,0.333,34.15
7071,24836,24837,2.0,0.0,8.02
7072,24838,24839,3.0,0.0,13.68
7073,24846,24847,10.75,0.25,50.88
7074,24848,24849,7.571,0.619,35.41
7075,24850,24851,14.75,2.75,74.25
7076,24854,24855,21.0,0.0,86.68
7077,24858,24859,33.25,12.917,148.92
7078,24860,24861,24.438,363.596,10.62
7079,24862,24863,5.364,0.655,23.53
7080,24864,24865,1.059,0.059,9.02
7081,24866,24867,12.0,0.0,46.07
7082,24876,24877,7.0,0.0,35.13
7083,24878,24879,5.714,1.238,27.84
7084,24882,24883,4.75,0.25,23.34
7085,24884,24885,7.667,42.333,1.38
7086,24886,24887,5.167,0.567,25.15
7087,24888,24889,1.905,0.09,8.05
7088,24890,24891,8.333,0.333,37.96
7089,24892,24893,7.417,22.265,27.86
7090,24894,24895,7.0,0.0,32.94
7091,24898,24899,7.0,0.0,34.05
7092,24908,24909,5.4,2.8,23.41
7093,24912,24913,12.0,0.0,48.46
7094,24914,24915,14.0,0.0,59.23
7095,24944,24945,7.136,389.05,7.29
7096,24948,24949,1.143,0.143,4.74
7097,24960,24961,7.0,59.5,5.51
7098,24964,24965,2.957,0.279,23.18
7099,24966,24967,6.222,0.771,31.62
7100,24970,24971,11.0,0.0,50.45
7101,24972,24973,2.5,0.571,11.46
7102,24974,24975,1.5,0.5,5.27
7103,24976,24977,1.667,0.333,7.9
7104,24978,24979,4.0,0.0,20.59
7105,24982,24983,3.833,0.567,19.65
7106,24984,24985,5.5,0.5,23.97
7107,24986,24987,20.0,0.0,78.41
7108,24994,24995,5.667,0.667,29.01
7109,24996,24997,4.143,0.143,22.24
7110,25002,25003,42.0,0.0,202.3
7111,25012,25013,5.0,0.0,25.64
7112,25020,25021,3.0,0.0,44.38
7113,25030,25031,5.4,0.3,65.86
7114,25032,25033,2.0,0.0,25.55
7115,25040,25041,4.0,0.0,54.95
7116,25042,25043,2.25,0.917,19.05
7117,25046,25047,2.0,0.667,17.42
7118,25048,25049,3.75,0.917,42.83
7119,25050,25051,23.667,2.333,304.94
7120,25052,25053,5.692,0.897,60.64
7121,25054,25055,1.385,0.256,15.53
7122,25056,25057,5.0,0.4,46.15
7123,25060,25061,8.0,0.0,113.45
7124,25062,25063,2.0,0.0,30.35
7125,25080,25081,1.6,0.3,9.34
7126,25090,25091,6.0,0.0,38.42
7127,25096,25097,7.667,1.467,38.76
7128,25098,25099,8.333,1.333,39.45
7129,25106,25107,11.333,4.333,47.97
7130,25118,25119,4.333,0.333,18.39
7131,25126,25127,5.0,0.0,30.71
7132,25144,25145,3.75,0.25,20.41
7133,25148,25149,3.0,0.0,18.59
7134,25152,25153,5.667,1.333,29.77
7135,25160,25161,16.75,81.071,49.88
7136,25166,25167,2.5,4.5,2.22
7137,25174,25175,2.733,0.21,12.89
7138,25176,25177,26.733,12.924,131.9
7139,25178,25179,6.981,3.078,50.91
7140,25180,25181,15.98,156.469,18.38
7141,25184,25185,11.0,0.0,47.46
7142,25188,25189,5.0,0.0,24.75
7143,25198,25199,2.0,0.0,0.21
7144,25200,25201,5.5,0.5,27.44
7145,25206,25207,24.8,85.7,84.76
7146,25208,25209,4.0,0.0,17.43
7147,25212,25213,13.645,164.795,39.7
7148,25216,25217,21.75,2.917,110.37
7149,25218,25219,9.667,1.067,48.22
7150,25222,25223,11.5,0.5,52.04
7151,25226,25227,12.5,0.5,68.65
7152,25230,25231,6.545,0.673,31.15
7153,25232,25233,4.0,0.0,18.31
7154,25234,25235,6.5,0.5,31.8
7155,25236,25237,9.333,8.333,50.21
7156,25240,25241,7.258,46.531,1.36
7157,25242,25243,8.333,0.788,42.22
7158,25244,25245,5.9,0.322,29.02
7159,25246,25247,2.571,0.286,29.04
7160,25248,25249,2.5,0.571,31.58
7161,25252,25253,8.667,0.788,109.19
7162,25254,25255,1.696,0.225,20.25
7163,25256,25257,3.811,10.0,41.15
7164,25258,25259,4.236,0.589,50.62
7165,25260,25261,4.128,8.768,44.51
7166,25270,25271,2.611,0.244,33.84
7167,25272,25273,2.694,0.39,37.07
7168,25274,25275,2.111,0.102,29.12
7169,25276,25277,3.361,0.352,44.86
7170,25278,25279,2.361,0.237,31.2
7171,25280,25281,5.639,0.466,76.46
7172,25282,25283,6.389,0.473,85.6
7173,25286,25287,2.298,0.211,30.22
7174,25288,25289,3.321,0.331,42.23
7175,25290,25291,2.845,0.682,29.71
7176,25292,25293,2.915,0.178,31.32
7177,25294,25295,3.22,0.223,42.8
7178,25296,25297,2.654,0.279,34.99
7179,25298,25299,2.222,0.225,29.02
7180,25302,25303,2.691,0.291,36.32
7181,25304,25305,2.274,0.249,29.06
7182,25306,25307,2.442,0.443,29.15
7183,25308,25309,3.412,0.275,44.05
7184,25310,25311,4.876,0.42,62.7
7185,25312,25313,1.009,0.009,6.2
7186,25314,25315,3.391,0.294,42.52
7187,25316,25317,1.276,0.201,15.92
7188,25318,25319,8.984,0.59,109.42
7189,25320,25321,9.92,4.453,118.03
7190,25322,25323,11.0,1.049,136.21
7191,25326,25327,8.399,3.403,102.13
7192,25328,25329,1.01,0.01,7.62
7193,25330,25331,9.006,0.949,111.69
7194,25332,25333,1.735,0.231,22.17
7195,25334,25335,2.294,0.209,28.54
7196,25336,25337,4.676,3.285,54.76
7197,25338,25339,6.386,15.499,38.46
7198,25342,25343,1.392,0.241,10.1
7199,25344,25345,1.226,0.381,8.48
7200,25348,25349,1.932,0.28,14.9
7201,25350,25351,6.276,3.683,66.27
7202,25352,25353,10.907,20.567,88.17
7203,25354,25355,1.046,0.044,8.92
7204,25356,25357,10.105,7.198,114.16
7205,25358,25359,6.475,89.75,51.46
7206,25360,25361,5.871,0.495,73.34
7207,25362,25363,7.172,0.761,89.02
7208,25364,25365,12.261,3.937,155.22
7209,25366,25367,36.501,715.756,76.57
7210,25368,25369,18.358,33.657,169.84
7211,25370,25371,2.366,0.243,27.28
7212,25372,25373,2.272,0.23,28.51
7213,25374,25375,6.0,0.66,77.38
7214,25376,25377,7.215,0.943,91.53
7215,25378,25379,6.404,17.473,41.69
7216,25380,25381,2.0,0.125,15.89
7217,25382,25383,7.03,0.843,53.43
7218,25386,25387,16.224,24.304,187.46
7219,25388,25389,4.93,51.441,22.86
7220,25390,25391,12.949,317.896,16.45
7221,25392,25393,31.573,280.73,141.04
7222,25394,25395,17.0,1.0,122.66
7223,25396,25397,17.667,187.25,74.62
7224,25398,25399,9.45,0.925,114.92
7225,25400,25401,3.005,0.316,37.59
7226,25402,25403,6.213,1.061,73.54
7227,25406,25407,6.326,1.118,59.12
7228,25408,25409,7.688,42.857,56.34
7229,25410,25411,35.724,856.522,45.77
7230,25412,25413,2.737,0.25,31.71
7231,25414,25415,20.0,2.5,153.35
7232,25416,25417,1.004,0.004,8.78
7233,25418,25419,4.777,0.5,60.26
7234,25420,25421,3.017,0.325,36.29
7235,25422,25423,1.269,0.205,12.29
7236,25424,25425,3.222,0.194,43.48
7237,25426,25427,2.642,0.311,32.77
7238,25428,25429,4.153,0.442,51.47
7239,25430,25431,53.608,2642.762,36.12
7240,25432,25433,6.887,0.79,87.85
7241,25434,25435,2.839,0.662,31.75
7242,25436,25437,3.34,0.229,36.82
7243,25438,25439,14.851,3.608,192.33
7244,25440,25441,3.111,0.289,39.8
7245,25442,25443,31.722,2595.563,81.96
7246,25444,25445,22.4,1208.02,24.14
7247,25446,25447,5.602,238.584,8.13
7248,25448,25449,3.479,10.709,20.59
7249,25450,25451,19.187,1992.991,13.28
7250,25452,25453,92.639,7180.418,37.87
7251,25454,25455,19.125,1.839,142.09
7252,25456,25457,2.25,0.214,14.5
7253,25458,25459,8.786,1.874,64.37
7254,25460,25461,3.154,3.474,15.71
7255,25462,25463,3.692,18.064,5.99
7256,25464,25465,12.0,0.333,91.38
7257,25466,25467,9.714,0.238,75.75
7258,25468,25469,16.857,0.476,129.31
7259,25470,25471,7.167,9.367,62.98
7260,25472,25473,12.667,3.067,92.01
7261,25474,25475,6.5,0.7,48.03
7262,25476,25477,9.786,1.566,71.56
7263,25480,25481,12.5,4.885,159.13
7264,25482,25483,23.169,9.385,297.38
7265,25486,25487,1.308,0.217,11.21
7266,25490,25491,9.0,0.0,62.22
7267,25492,25493,3.0,0.0,19.46
7268,25496,25497,8.25,0.25,60.75
7269,25498,25499,5.667,0.333,38.79
7270,25500,25501,1.75,0.214,25.26
7271,25502,25503,3.375,0.268,43.43
7272,25504,25505,4.25,0.214,50.11
7273,25506,25507,2.302,0.311,27.21
7274,25508,25509,4.328,0.891,49.89
7275,25510,25511,4.786,0.426,58.9
7276,25512,25513,5.608,0.603,67.44
7277,25514,25515,20.0,2.0,84.89
7278,25516,25517,11.5,5.667,49.84
7279,25522,25523,4.75,0.917,24.01
7280,25530,25531,8.5,28.3,27.97
7281,25532,25533,5.2,0.2,26.63
7282,25536,25537,16.0,0.0,65.13
7283,25538,25539,19.667,6.242,90.22
7284,25544,25545,2.291,0.21,19.21
7285,25546,25547,4.178,0.195,31.73
7286,25548,25549,1.836,0.139,13.39
7287,25552,25553,1.855,0.221,22.2
7288,25554,25555,2.149,0.192,26.68
7289,25556,25557,3.224,0.403,39.57
7290,25558,25559,2.0,0.4,21.84
7291,25560,25561,3.472,0.388,43.16
7292,25562,25563,9.75,2.25,74.06
7293,25564,25565,8.25,1.583,62.01
7294,25566,25567,1.495,0.274,16.97
7295,25568,25569,2.065,0.518,20.75
7296,25570,25571,1.446,0.25,17.11
7297,25572,25573,4.516,0.579,54.64
7298,25574,25575,3.505,0.361,43.13
7299,25580,25581,4.875,1.801,56.78
7300,25582,25583,7.441,0.817,88.86
7301,25584,25585,4.03,0.43,46.94
7302,25586,25587,4.257,0.303,53.08
7303,25588,25589,5.198,0.513,65.55
7304,25592,25593,4.207,0.422,54.28
7305,25594,25595,1.464,0.258,19.67
7306,25596,25597,2.286,0.212,29.04
7307,25600,25601,1.2,0.25,12.13
7308,25602,25603,6.2,1.118,78.86
7309,25604,25605,2.068,0.205,27.31
7310,25606,25607,9.245,1.689,119.7
7311,25608,25609,11.0,2.571,142.5
7312,25610,25611,10.8,0.2,55.42
7313,25618,25619,2.0,0.0,6.93
7314,25620,25621,12.579,2.591,166.06
7315,25624,25625,4.98,0.66,61.83
7316,25626,25627,5.821,0.677,69.72
7317,25628,25629,5.081,0.521,62.03
7318,25632,25633,4.066,0.588,48.62
7319,25636,25637,4.678,0.507,56.7
7320,25638,25639,1.667,0.25,10.95
7321,25640,25641,20.333,134.75,62.26
7322,25642,25643,59.0,0.0,241.17
7323,25644,25645,6.0,0.0,30.89
7324,25646,25647,23.333,1.067,115.6
7325,25652,25653,10.0,0.0,45.17
7326,25654,25655,1.077,0.074,7.66
7327,25656,25657,2.87,0.209,22.04
7328,25658,25659,2.773,0.47,20.35
7329,25660,25661,1.211,0.175,5.38
7330,25662,25663,1.833,0.567,12.18
7331,25668,25669,8.5,0.5,60.28
7332,25670,25671,5.833,0.515,46.26
7333,25672,25673,8.231,0.526,59.0
7334,25674,25675,11.467,1.41,86.82
7335,25676,25677,2.842,0.251,17.07
7336,25678,25679,4.088,0.386,29.74
7337,25680,25681,5.235,0.731,38.18
7338,25682,25683,2.514,6.09,13.22
7339,25684,25685,4.353,0.493,32.35
7340,25686,25687,3.133,0.41,22.02
7341,25688,25689,4.438,0.263,30.85
7342,25690,25691,17.667,3.467,135.46
7343,25692,25693,10.167,0.971,80.61
7344,25694,25695,2.824,0.279,20.07
7345,25696,25697,5.0,0.6,42.12
7346,25698,25699,6.5,0.278,50.17
7347,25700,25701,1.364,0.255,6.55
7348,25702,25703,5.85,0.661,41.83
7349,25704,25705,4.118,0.11,31.34
7350,25712,25713,4.0,0.0,32.98
7351,25714,25715,5.0,0.0,39.1
7352,25716,25717,2.0,0.0,18.41
7353,25718,25719,8.5,0.333,63.3
7354,25720,25721,13.4,7.8,88.3
7355,25722,25723,2.5,0.5,20.39
7356,25728,25729,6.333,0.333,47.4
7357,25730,25731,1.333,0.333,8.02
7358,25732,25733,9.25,0.917,66.25
7359,25734,25735,5.0,0.0,43.41
7360,25736,25737,7.0,0.0,53.54
7361,25738,25739,1.042,0.042,11.05
7362,25740,25741,1.292,0.737,10.65
7363,25742,25743,3.5,0.308,44.63
7364,25744,25745,3.705,0.306,45.95
7365,25746,25747,1.568,0.298,19.87
7366,25748,25749,2.979,0.404,36.0
7367,25750,25751,13.0,96.681,148.53
7368,25752,25753,3.071,0.439,39.22
7369,25754,25755,1.321,0.226,18.44
7370,25756,25757,1.645,0.237,21.21
7371,25758,25759,1.484,0.258,18.67
7372,25760,25761,1.903,0.357,23.94
7373,25762,25763,1.871,0.383,22.69
7374,25764,25765,1.425,0.251,15.67
7375,25766,25767,7.931,0.709,99.02
7376,25768,25769,6.733,0.616,85.29
7377,25770,25771,6.342,1.096,75.99
7378,25772,25773,2.304,0.221,30.2
7379,25774,25775,4.652,0.328,63.37
7380,25776,25777,2.652,0.237,36.1
7381,25778,25779,2.739,0.202,37.87
7382,25780,25781,6.826,0.605,91.12
7383,25782,25783,1.435,0.257,19.28
7384,25784,25785,8.107,1.284,104.46
7385,25786,25787,6.5,0.63,83.14
7386,25788,25789,4.333,0.493,55.37
7387,25790,25791,1.05,0.05,12.58
7388,25792,25793,9.6,379.128,42.47
7389,25794,25795,11.5,0.5,152.56
7390,25796,25797,9.5,0.5,129.59
7391,25798,25799,4.0,0.0,53.74
7392,25800,25801,8.0,2.0,97.51
7393,25802,25803,2.917,0.341,38.78
7394,25806,25807,3.107,0.396,39.99
7395,25808,25809,5.724,1.278,78.43
7396,25810,25811,1.567,0.254,20.8
7397,25812,25813,5.276,0.493,68.07
7398,25814,25815,2.946,0.219,37.74
7399,25816,25817,15.312,3.612,197.57
7400,25818,25819,14.314,350.413,57.24
7401,25820,25821,6.153,93.951,14.13
7402,25822,25823,7.429,8.923,49.48
7403,25824,25825,15.971,926.085,35.9
7404,25826,25827,30.163,1709.892,34.97
7405,25828,25829,3.567,0.323,27.72
7406,25830,25831,6.367,0.792,48.43
7407,25832,25833,6.133,0.602,46.65
7408,25834,25835,6.3,0.7,47.9
7409,25836,25837,4.967,0.447,36.68
7410,25838,25839,2.804,0.339,21.26
7411,25840,25841,1.765,0.184,12.66
7412,25842,25843,1.453,0.253,11.13
7413,25844,25845,30.527,390.921,51.13
7414,25846,25847,13.61,1.791,164.17
7415,25848,25849,8.314,19.383,77.75
7416,25850,25851,3.577,0.34,42.44
7417,25852,25853,4.485,1.922,51.64
7418,25854,25855,1.011,0.011,6.28
7419,25856,25857,13.874,1883.796,25.3
7420,25858,25859,18.382,818.97,87.4
7421,25860,25861,19.584,862.963,46.53
7422,25862,25863,1.114,1.301,10.36
7423,25864,25865,3.509,14.119,33.7
7424,25866,25867,11.527,1.907,139.14
7425,25868,25869,5.665,0.769,66.72
7426,25870,25871,6.766,1.851,78.69
7427,25874,25875,3.064,0.406,38.44
7428,25876,25877,20.513,8.562,254.32
7429,25878,25879,10.977,31.922,91.29
7430,25880,25881,3.438,11.544,21.05
7431,25882,25883,3.224,16.46,17.12
7432,25884,25885,1.024,0.031,10.55
7433,25886,25887,2.07,0.311,24.66
7434,25888,25889,8.649,23.624,61.48
7435,25890,25891,5.73,22.611,36.73
7436,25892,25893,2.939,0.125,29.45
7437,25894,25895,6.889,1.111,62.5
7438,25896,25897,2.707,1.574,9.27
7439,25898,25899,1.113,0.141,7.36
7440,25900,25901,3.974,22.997,35.7
7441,25902,25903,1.017,0.043,6.95
7442,25904,25905,1.806,0.333,19.63
7443,25906,25907,1.625,0.242,19.16
7444,25908,25909,11.281,1.757,142.6
7445,25910,25911,7.828,1.219,98.42
7446,25912,25913,3.963,0.345,51.25
7447,25914,25915,8.593,1.174,106.97
7448,25916,25917,7.879,0.985,100.67
7449,25920,25921,10.562,1.609,134.86
7450,25922,25923,6.062,0.641,76.1
7451,25928,25929,4.938,0.512,63.35
7452,25930,25931,2.312,0.222,29.0
7453,25932,25933,3.094,0.45,37.3
7454,25934,25935,6.884,0.95,101.26
7455,25936,25937,1.4,0.3,7.9
7456,25942,25943,33.724,686.003,73.71
7457,25944,25945,2.0,0.667,8.38
7458,25946,25947,5.333,0.333,59.01
7459,25950,25951,49.333,32.333,233.06
7460,25952,25953,23.0,0.0,108.84
7461,25954,25955,3.0,0.0,18.65
7462,25958,25959,5.373,0.598,38.4
7463,25960,25961,14.0,0.0,64.07
7464,25968,25969,9.0,2.0,48.27
7465,25970,25971,18.0,8.0,79.17
7466,25972,25973,6.875,0.982,55.59
7467,25974,25975,7.5,1.143,59.67
7468,25976,25977,37.0,0.0,257.81
7469,25978,25979,14.0,0.0,97.54
7470,25980,25981,7.153,0.683,53.7
7471,25982,25983,11.547,1.445,81.54
7472,25984,25985,10.784,1.183,79.04
7473,25986,25987,10.711,1.961,77.19
7474,25990,25991,6.143,0.81,47.3
7475,25992,25993,6.5,0.857,47.32
7476,25994,25995,9.222,2.944,65.9
7477,25996,25997,7.273,1.018,53.35
7478,25998,25999,6.929,2.533,39.2
7479,26000,26001,5.625,1.05,74.59
7480,26002,26003,4.625,0.383,62.58
7481,26004,26005,2.632,0.357,34.47
7482,26006,26007,1.111,0.105,8.95
7483,26008,26009,5.571,0.418,74.57
7484,26010,26011,10.0,0.8,78.97
7485,26012,26013,5.0,0.667,36.78
7486,26016,26017,3.724,0.278,42.7
7487,26018,26019,2.333,0.267,11.61
7488,26020,26021,6.0,2.0,23.96
7489,26022,26023,18.0,0.0,84.01
7490,26024,26025,5.333,0.333,25.9
7491,26028,26029,20.5,40.5,80.86
7492,26032,26033,2.0,0.0,10.42
7493,26034,26035,15.0,0.0,70.46
7494,26038,26039,10.0,0.0,34.55
7495,26040,26041,3.0,0.0,14.15
7496,26042,26043,14.0,0.0,84.46
7497,26044,26045,4.0,0.0,24.78
7498,26046,26047,6.0,0.0,27.04
7499,26048,26049,13.333,97.333,86.41
7500,26050,26051,6.0,0.0,30.3
7501,26054,26055,7.0,0.0,32.89
7502,26056,26057,4.0,0.0,20.22
7503,26070,26071,16.0,29.5,60.89
7504,26072,26073,14.245,2.956,204.98
7505,26074,26075,2.691,0.33,24.23
7506,26076,26077,3.197,0.24,41.17
7507,26078,26079,22.526,630.975,163.14
7508,26080,26081,44.906,2731.826,129.63
7509,26082,26083,27.956,1412.017,49.32
7510,26084,26085,4.143,0.143,35.04
7511,26088,26089,3.0,0.0,27.07
7512,26090,26091,3.5,0.333,18.76
7513,26094,26095,3.375,0.268,18.01
7514,26096,26097,6.0,0.0,33.27
7515,26100,26101,3.0,0.0,11.44
7516,26104,26105,11.278,2.33,82.3
7517,26106,26107,7.938,0.996,59.53
7518,26108,26109,10.0,1.429,73.89
7519,26110,26111,4.688,0.363,34.99
7520,26112,26113,2.625,0.25,18.43
7521,26114,26115,8.789,1.064,64.86
7522,26120,26121,6.0,0.0,29.2
7523,26122,26123,3.0,0.0,18.95
7524,26126,26127,7.0,0.0,37.66
7525,26132,26133,7.0,0.0,34.89
7526,26136,26137,11.0,2.0,47.45
7527,26138,26139,13.8,0.7,66.31
7528,26140,26141,8.0,0.0,33.61
7529,26142,26143,12.5,1.667,144.81
7530,26144,26145,4.8,0.7,52.22
7531,26146,26147,17.5,20.333,184.64
7532,26154,26155,5.333,0.333,24.12
7533,26156,26157,7.0,0.0,29.35
7534,26158,26159,12.0,0.0,60.32
7535,26160,26161,18.4,8.3,83.25
7536,26164,26165,13.0,0.0,78.55
7537,26168,26169,33.0,0.0,157.36
7538,26174,26175,11.0,0.0,58.12
7539,26176,26177,4.0,0.0,20.96
7540,26180,26181,4.5,0.5,23.43
7541,26182,26183,4.0,0.0,20.46
7542,26186,26187,7.333,2.333,38.28
7543,26188,26189,5.143,0.476,25.82
7544,26190,26191,4.4,0.267,22.84
7545,26192,26193,10.682,1.571,170.01
7546,26194,26195,4.455,0.347,60.54
7547,26196,26197,6.2,23.422,36.08
7548,26198,26199,1.042,0.04,12.48
7549,26200,26201,1.907,0.277,22.91
7550,26202,26203,4.133,0.19,33.65
7551,26204,26205,3.154,0.308,23.36
7552,26206,26207,9.462,0.936,69.94
7553,26208,26209,9.4,1.378,71.86
7554,26210,26211,13.9,3.656,108.45
7555,26212,26213,16.833,6.879,132.13
7556,26214,26215,2.786,0.335,21.93
7557,26218,26219,7.385,0.923,53.43
7558,26220,26221,4.0,0.333,29.3
7559,26222,26223,10.143,2.132,74.53
7560,26224,26225,4.267,0.495,32.13
7561,26226,26227,6.857,0.901,49.81
7562,26228,26229,13.786,3.104,104.31
7563,26230,26231,10.692,2.231,81.57
7564,26232,26233,3.636,0.255,27.92
7565,26234,26235,3.0,0.0,15.91
7566,26238,26239,2.444,0.278,11.45
7567,26248,26249,8.25,0.25,60.38
7568,26250,26251,10.0,0.0,70.12
7569,26252,26253,11.0,0.0,71.9
7570,26254,26255,6.0,0.0,42.64
7571,26260,26261,48.5,0.5,401.35
7572,26264,26265,5.875,0.696,44.49
7573,26266,26267,9.857,2.143,78.47
7574,26268,26269,7.667,0.667,60.35
7575,26270,26271,19.0,4.667,154.38
7576,26272,26273,24.5,8.333,186.58
7577,26274,26275,9.6,2.3,75.95
7578,26276,26277,13.0,6.0,101.61
7579,26278,26279,11.667,6.333,88.99
7580,26280,26281,4.0,1.0,30.09
7581,26282,26283,4.0,0.0,27.17
7582,26284,26285,3.0,0.0,24.22
7583,26286,26287,4.0,0.0,23.34
7584,26288,26289,6.375,0.839,50.52
7585,26290,26291,9.875,2.696,76.85
7586,26292,26293,15.143,58.81,90.24
7587,26294,26295,5.444,0.778,40.92
7588,26298,26299,5.25,0.25,38.11
7589,26300,26301,2.0,0.0,11.55
7590,26304,26305,5.0,0.4,34.57
7591,26306,26307,8.2,0.7,60.86
7592,26308,26309,8.167,1.367,64.09
7593,26310,26311,14.0,0.0,171.05
7594,26312,26313,5.833,0.167,62.86
7595,26314,26315,7.667,0.333,78.93
7596,26316,26317,5.0,0.0,59.14
7597,26318,26319,11.0,0.0,134.29
7598,26320,26321,8.286,0.238,83.51
7599,26322,26323,18.6,1.3,233.21
7600,26326,26327,3.0,0.0,18.59
7601,26328,26329,17.5,27.167,231.1
7602,26330,26331,13.8,0.844,157.92
7603,26332,26333,7.871,1.183,119.41
7604,26334,26335,5.872,1.114,82.74
7605,26336,26337,6.468,1.559,95.36
7606,26338,26339,2.13,0.645,23.62
7607,26342,26343,4.737,84.072,7.94
7608,26344,26345,15.496,273.83,15.91
7609,26348,26349,4.0,0.0,17.17
7610,26350,26351,9.8,0.7,51.1
7611,26352,26353,9.4,0.8,47.7
7612,26354,26355,8.6,0.8,43.39
7613,26358,26359,8.0,0.0,43.02
7614,26362,26363,2.968,0.324,37.53
7615,26364,26365,1.341,0.227,16.37
7616,26366,26367,11.922,2.025,150.21
7617,26368,26369,5.276,0.653,66.86
7618,26370,26371,8.482,1.193,105.82
7619,26372,26373,7.8,0.78,96.79
7620,26374,26375,8.955,195.415,54.4
7621,26376,26377,9.804,404.796,39.2
7622,26378,26379,8.551,389.739,22.07
7623,26380,26381,28.199,856.225,37.77
7624,26382,26383,41.0,0.0,215.7
7625,26386,26387,23.6,3.8,121.4
7626,26388,26389,19.0,0.0,154.54
7627,26390,26391,22.8,2.7,166.93
7628,26392,26393,7.125,2.411,59.13
7629,26394,26395,8.8,2.7,56.77
7630,26398,26399,20.667,20.524,165.22
7631,26400,26401,16.0,125.412,66.66
7632,26402,26403,42.0,0.0,321.91
7633,26404,26405,19.0,0.0,116.23
7634,26408,26409,7.8,0.2,50.28
7635,26410,26411,35.25,222.917,154.57
7636,26412,26413,14.667,1.333,101.69
7637,26414,26415,18.5,4.5,124.83
7638,26416,26417,11.0,0.667,83.61
7639,26418,26419,1.143,0.143,6.87
7640,26420,26421,14.0,54.8,40.37
7641,26422,26423,3.692,1.064,27.6
7642,26424,26425,2.4,0.267,19.11
7643,26426,26427,7.667,0.75,59.65
7644,26428,26429,4.833,0.167,39.17
7645,26434,26435,6.6,0.3,51.55
7646,26436,26437,16.0,0.0,84.68
7647,26438,26439,9.0,2.0,45.6
7648,26440,26441,20.0,0.0,75.37
7649,26442,26443,16.5,1.0,79.7
7650,26446,26447,27.1,17.211,203.67
7651,26448,26449,7.5,0.944,53.79
7652,26450,26451,6.667,0.667,44.16
7653,26452,26453,13.4,7.3,99.09
7654,26454,26455,17.857,4.476,132.67
7655,26456,26457,15.0,5.0,116.24
7656,26460,26461,2.3,0.456,14.57
7657,26462,26463,2.125,0.125,15.09
7658,26466,26467,8.8,0.7,57.06
7659,26468,26469,11.8,1.7,80.34
7660,26470,26471,4.8,0.2,29.59
7661,26472,26473,2.0,0.0,13.11
7662,26476,26477,19.6,5.3,143.16
7663,26478,26479,9.941,2.934,69.68
7664,26486,26487,10.0,1.0,47.47
7665,26488,26489,4.0,0.667,20.47
7666,26490,26491,12.0,0.0,58.34
7667,26494,26495,9.0,0.0,40.29
7668,26496,26497,10.0,0.0,46.77
7669,26500,26501,7.0,0.0,32.85
7670,26502,26503,19.333,2.333,96.75
7671,26504,26505,6.0,0.0,25.51
7672,26506,26507,5.0,0.0,25.86
7673,26508,26509,4.5,0.5,26.44
7674,26510,26511,5.0,0.0,26.39
7675,26512,26513,5.154,0.615,23.84
7676,26514,26515,1.538,1.269,1.6
7677,26520,26521,15.0,0.0,71.04
7678,26522,26523,23.0,5.6,110.42
7679,26524,26525,1.32,1.56,4.5
7680,26540,26541,11.083,426.133,9.84
7681,26544,26545,6.162,0.583,79.22
7682,26546,26547,4.043,0.373,51.29
7683,26548,26549,9.329,17.844,104.74
7684,26554,26555,4.0,0.0,20.32
7685,26560,26561,9.0,0.0,48.87
7686,26562,26563,12.0,0.0,61.06
7687,26566,26567,13.0,0.0,67.25
7688,26568,26569,2.714,0.238,16.45
7689,26570,26571,6.125,5.839,35.48
7690,26574,26575,7.0,2.0,34.54
7691,26576,26577,3.0,0.0,11.85
7692,26578,26579,6.0,0.667,45.07
7693,26582,26583,4.4,0.8,20.61
7694,26588,26589,108.073,9066.624,172.95
7695,26590,26591,13.333,1.333,104.44
7696,26592,26593,9.0,0.0,75.08
7697,26594,26595,3.0,0.0,23.08
7698,26596,26597,6.0,0.0,34.86
7699,26602,26603,4.0,1.0,23.59
7700,26604,26605,6.75,0.917,49.56
7701,26606,26607,13.333,2.333,92.58
7702,26608,26609,21.333,25.333,129.13
7703,26610,26611,2.0,0.0,19.1
7704,26612,26613,4.0,0.0,29.21
7705,26614,26615,3.333,0.267,27.55
7706,26616,26617,12.0,1.0,94.44
7707,26618,26619,17.5,15.0,142.81
7708,26620,26621,2.735,0.201,20.7
7709,26622,26623,11.667,0.667,93.41
7710,26624,26625,14.0,0.0,101.33
7711,26630,26631,11.0,8.0,76.08
7712,26636,26637,11.368,0.912,130.13
7713,26638,26639,7.389,0.487,90.56
7714,26642,26643,2.0,0.5,13.9
7715,26644,26645,9.0,1.5,66.34
7716,26646,26647,7.0,0.0,54.13
7717,26648,26649,9.25,0.25,75.69
7718,26650,26651,19.0,0.0,170.64
7719,26654,26655,11.333,2.333,87.15
7720,26656,26657,28.0,13.0,210.48
7721,26658,26659,11.0,8.0,82.81
7722,26662,26663,8.0,0.0,56.85
7723,26664,26665,9.5,0.5,66.94
7724,26668,26669,3.6,0.267,18.65
7725,26670,26671,2.0,0.0,11.38
7726,26672,26673,22.6,2.3,91.39
7727,26674,26675,26.0,0.0,115.04
7728,26676,26677,13.0,0.0,74.85
7729,26678,26679,1.735,0.21,22.31
7730,26680,26681,1.297,0.209,16.65
7731,26682,26683,10.0,0.0,53.99
7732,26684,26685,2.0,0.0,9.01
7733,26686,26687,9.0,87.333,17.35
7734,26688,26689,8.0,0.0,31.74
7735,26700,26701,11.5,0.5,53.94
7736,26702,26703,15.4,49.8,58.21
7737,26706,26707,3.0,0.0,13.23
7738,26708,26709,4.0,0.0,18.09
7739,26712,26713,14.0,0.0,75.25
7740,26714,26715,2.5,0.5,14.87
7741,26716,26717,3.25,0.25,17.46
7742,26722,26723,30.0,18.0,68.66
7743,26728,26729,2.5,0.5,7.55
7744,26732,26733,14.5,4.5,28.38
7745,26734,26735,1.8,0.2,9.16
7746,26740,26741,16.0,4.0,66.44
7747,26742,26743,2.5,0.5,11.4
7748,26744,26745,10.0,0.0,43.13
7749,26748,26749,3.0,0.0,19.56
7750,26750,26751,4.833,0.567,22.11
7751,26756,26757,9.0,0.0,43.73
7752,26758,26759,1.75,0.25,8.47
7753,26766,26767,9.0,1.0,46.46
7754,26770,26771,3.0,0.0,12.33
7755,26772,26773,3.0,0.0,15.28
7756,26780,26781,3.0,0.0,11.93
7757,26784,26785,5.0,0.667,25.52
7758,26790,26791,5.364,0.655,27.36
7759,26792,26793,4.0,0.0,22.03
7760,26798,26799,12.0,0.0,60.03
7761,26806,26807,22.5,0.5,103.74
7762,26818,26819,7.0,0.0,33.87
7763,26820,26821,3.875,0.125,18.24
7764,26822,26823,7.0,0.0,33.32
7765,26828,26829,2.25,0.25,12.34
7766,26832,26833,2.0,0.0,8.45
7767,26834,26835,16.0,0.0,65.89
7768,26836,26837,11.0,0.0,63.84
7769,26858,26859,2.5,0.333,11.29
7770,26862,26863,10.0,2.0,52.35
7771,26864,26865,7.0,0.0,47.72
7772,26866,26867,34.0,2.0,157.85
7773,26868,26869,9.0,0.0,41.36
7774,26872,26873,10.0,0.0,51.37
7775,26874,26875,9.0,0.0,41.5
7776,26880,26881,8.0,0.0,36.39
7777,26882,26883,10.0,0.0,45.44
7778,26892,26893,4.0,0.0,18.07
7779,26896,26897,7.0,108.0,1.06
7780,26898,26899,7.0,0.0,40.86
7781,26902,26903,15.0,0.0,74.16
7782,26904,26905,8.333,0.333,38.41
7783,26906,26907,6.667,0.333,38.56
7784,26910,26911,7.0,0.0,32.77
7785,26912,26913,25.0,0.0,180.37
7786,26914,26915,2.5,0.5,9.68
7787,26916,26917,19.5,0.5,95.77
7788,26920,26921,3.125,1.554,13.41
7789,26922,26923,11.5,112.5,93.82
7790,26926,26927,4.0,0.0,23.26
7791,26928,26929,4.0,0.0,20.67
7792,26930,26931,5.0,0.0,24.54
7793,26932,26933,7.556,0.278,56.69
7794,26934,26935,31.0,0.0,234.75
7795,26936,26937,8.75,0.5,67.57
7796,26938,26939,6.6,0.3,50.42
7797,26942,26943,4.667,0.333,39.06
7798,26944,26945,1.667,0.333,16.3
7799,26946,26947,19.5,12.5,164.51
7800,26948,26949,4.0,0.0,32.07
7801,26950,26951,31.5,3.0,236.22
7802,26952,26953,25.667,2.333,192.53
7803,26956,26957,36.5,9.0,179.93
7804,26958,26959,2.966,0.177,27.37
7805,26960,26961,8.547,1.577,170.68
7806,26962,26963,15.0,0.0,133.62
7807,26964,26965,6.0,0.0,30.75
7808,26966,26967,8.0,0.0,39.16
7809,26970,26971,4.4,0.3,22.64
7810,26972,26973,9.0,0.0,43.42
7811,26974,26975,3.333,0.333,25.72
7812,26984,26985,4.207,0.166,47.31
7813,26986,26987,8.134,0.982,129.01
7814,26988,26989,2.0,0.0,24.79
7815,26990,26991,5.0,0.0,67.94
7816,26992,26993,7.0,0.0,74.51
7817,26994,26995,10.0,0.0,110.69
7818,26996,26997,5.333,0.333,62.64
7819,26998,26999,10.429,1.619,120.86
7820,27000,27001,7.333,0.267,50.1
7821,27002,27003,7.0,0.0,52.68
7822,27004,27005,25.75,12.25,185.95
7823,27006,27007,9.6,1.3,67.52
7824,27008,27009,11.75,2.214,82.84
7825,27010,27011,15.0,0.0,120.12
7826,27012,27013,5.714,0.571,37.87
7827,27014,27015,2.062,0.329,15.37
7828,27016,27017,7.778,0.444,57.31
7829,27018,27019,12.533,26.695,81.79
7830,27020,27021,23.571,10.286,166.4
7831,27022,27023,7.6,0.8,56.69
7832,27024,27025,8.0,0.5,56.48
7833,27026,27027,7.667,2.0,56.31
7834,27028,27029,12.923,20.41,81.01
7835,27030,27031,7.5,0.5,58.39
7836,27034,27035,7.0,0.0,57.34
7837,27036,27037,9.0,0.0,68.52
7838,27040,27041,27.5,1.714,208.41
7839,27042,27043,3.625,0.554,32.16
7840,27044,27045,4.556,0.528,33.57
7841,27046,27047,22.833,1.367,183.1
7842,27048,27049,7.018,0.685,82.79
7843,27050,27051,3.5,0.579,43.66
7844,27052,27053,4.0,3.231,35.35
7845,27054,27055,9.667,1.333,106.83
7846,27056,27057,1.702,0.301,19.8
7847,27058,27059,7.636,0.888,96.65
7848,27060,27061,6.791,0.836,87.12
7849,27062,27063,1.474,0.256,6.97
7850,27064,27065,3.206,0.411,37.16
7851,27066,27067,6.25,0.787,79.3
7852,27068,27069,3.96,0.54,49.22
7853,27070,27071,12.0,2.0,152.33
7854,27072,27073,9.5,0.5,112.91
7855,27080,27081,2.88,0.193,35.03
7856,27082,27083,3.889,0.718,49.14
7857,27084,27085,5.091,0.372,68.17
7858,27086,27087,4.909,0.277,65.0
7859,27090,27091,2.136,0.123,29.2
7860,27092,27093,2.909,0.468,39.12
7861,27094,27095,29.397,326.945,119.57
7862,27104,27105,3.0,0.0,18.2
7863,27110,27111,6.062,63.929,30.11
7864,27112,27113,9.0,0.769,68.53
7865,27114,27115,2.357,0.247,18.47
7866,27116,27117,1.8,0.314,13.78
7867,27118,27119,2.286,0.22,17.7
7868,27126,27127,5.0,0.0,22.11
7869,27128,27129,4.0,0.0,19.98
7870,27136,27137,5.0,0.0,18.14
7871,27138,27139,11.333,2.333,57.15
7872,27140,27141,24.0,2.0,119.42
7873,27142,27143,7.5,0.5,53.49
7874,27144,27145,17.0,2.0,124.95
7875,27146,27147,7.0,0.0,58.84
7876,27148,27149,6.953,0.807,51.49
7877,27150,27151,10.688,2.007,70.52
7878,27152,27153,24.0,0.0,178.91
7879,27154,27155,6.0,0.0,43.25
7880,27156,27157,15.8,2.7,121.28
7881,27158,27159,7.667,1.067,59.4
7882,27162,27163,14.75,3.071,109.85
7883,27164,27165,13.167,2.167,98.68
7884,27166,27167,1.167,0.167,8.38
7885,27168,27169,24.8,6.7,190.61
7886,27170,27171,8.714,1.571,70.04
7887,27172,27173,12.0,48.0,128.11
7888,27174,27175,8.5,1.0,57.27
7889,27178,27179,20.0,0.0,162.46
7890,27180,27181,9.0,0.0,70.28
7891,27182,27183,19.0,0.0,146.04
7892,27186,27187,4.0,0.0,20.19
7893,27188,27189,8.667,1.333,65.31
7894,27190,27191,3.0,0.0,14.8
7895,27192,27193,9.0,0.0,53.0
7896,27194,27195,8.5,0.333,56.57
7897,27198,27199,9.0,0.0,67.2
7898,27200,27201,9.5,0.5,71.82
7899,27202,27203,1.127,0.111,8.85
7900,27204,27205,2.23,0.292,18.9
7901,27208,27209,12.906,1.833,232.5
7902,27212,27213,32.731,16.525,158.99
7903,27214,27215,35.731,20.125,173.6
7904,27218,27219,23.0,0.0,111.58
7905,27222,27223,20.0,0.0,125.32
7906,27226,27227,27.0,0.0,165.51
7907,27228,27229,25.0,2.5,116.13
7908,27230,27231,74.0,578.0,424.13
7909,27248,27249,15.0,2.0,61.64
7910,27256,27257,12.2,3.2,62.62
7911,27258,27259,46.5,953.0,332.06
7912,27260,27261,29.0,8.0,145.54
7913,27262,27263,37.667,14.333,174.67
7914,27268,27269,35.143,6.143,167.77
7915,27270,27271,33.5,0.5,164.84
7916,27272,27273,19.0,0.0,94.72
7917,27288,27289,20.0,0.0,126.08
7918,27290,27291,24.0,0.0,115.58
7919,27292,27293,46.444,27.528,235.18
7920,27294,27295,26.0,10.571,132.29
7921,27296,27297,25.0,19.0,127.1
7922,27298,27299,47.0,50.0,226.44
7923,27300,27301,21.5,12.5,101.08
7924,27304,27305,13.3,1.379,105.22
7925,27306,27307,3.333,0.381,26.96
7926,27308,27309,17.929,4.533,134.37
7927,27310,27311,8.0,0.0,64.13
7928,27316,27317,9.6,0.933,74.3
7929,27318,27319,10.083,0.811,75.83
7930,27320,27321,21.75,65.357,101.83
7931,27322,27323,37.667,46.333,267.78
7932,27324,27325,5.0,0.0,43.89
7933,27328,27329,6.0,0.0,45.93
7934,27334,27335,7.25,0.917,55.52
7935,27336,27337,3.5,0.333,24.72
7936,27338,27339,7.0,1.0,57.97
7937,27340,27341,2.0,1.0,14.49
7938,27342,27343,2.0,0.0,14.99
7939,27344,27345,6.0,2.0,47.86
7940,27346,27347,2.25,0.205,19.4
7941,27348,27349,3.231,0.359,24.85
7942,27350,27351,1.167,0.167,8.99
7943,27352,27353,1.167,0.167,9.57
7944,27354,27355,2.75,0.25,18.69
7945,27356,27357,5.583,0.629,44.8
7946,27358,27359,4.25,0.205,34.15
7947,27360,27361,3.25,0.205,25.34
7948,27362,27363,1.273,0.218,9.08
7949,27364,27365,5.462,0.769,43.23
7950,27366,27367,3.273,0.418,27.79
7951,27368,27369,2.2,0.178,20.05
7952,27370,27371,1.6,0.711,13.12
7953,27374,27375,1.569,0.25,16.41
7954,27378,27379,5.442,3.153,47.21
7955,27380,27381,1.5,0.5,6.97
7956,27388,27389,18.231,155.34,111.62
7957,27390,27391,29.821,690.151,16.22
7958,27392,27393,3.18,0.354,30.01
7959,27394,27395,1.38,0.29,12.4
7960,27396,27397,8.0,0.0,40.31
7961,27398,27399,6.5,0.5,37.86
7962,27400,27401,10.0,0.0,40.2
7963,27404,27405,9.0,0.0,40.17
7964,27416,27417,4.0,0.0,20.96
7965,27446,27447,10.0,2.0,45.87
7966,27458,27459,3.0,0.0,22.02
7967,27464,27465,4.5,0.5,22.94
7968,27466,27467,8.5,0.5,39.93
7969,27476,27477,9.667,0.333,44.11
7970,27500,27501,4.333,0.333,22.79
7971,27504,27505,1.25,0.25,7.3
7972,27518,27519,70.0,0.0,152.4
7973,27520,27521,16.333,3.067,124.32
7974,27522,27523,5.214,1.258,37.56
7975,27524,27525,4.636,0.433,31.8
7976,27526,27527,654.522,50365.079,1102.08
7977,27528,27529,51.579,3632.035,2.85
7978,27532,27533,17.0,0.0,56.08
7979,27534,27535,3.583,0.629,45.58
7980,27536,27537,1.25,0.214,17.56
7981,27540,27541,2.125,0.125,12.73
7982,27542,27543,2.0,0.0,19.45
7983,27544,27545,17.0,0.0,275.92
7984,27546,27547,3.0,0.0,46.52
7985,27548,27549,3.094,0.349,64.02
7986,27550,27551,9.565,1.518,196.8
7987,27552,27553,5.0,0.286,46.66
7988,27556,27557,1.038,0.037,9.82
7989,27558,27559,16.463,2.216,323.47
7990,27564,27565,140.0,199.0,642.79
7991,27586,27587,3.878,0.358,46.6
7992,27588,27589,7.143,16.791,78.02
7993,27590,27591,12.217,50.219,49.12
7994,27592,27593,22.519,149.114,155.59
7995,27594,27595,51.5,60.5,268.63
7996,27596,27597,30.0,0.0,70.37
7997,27598,27599,15.0,0.0,35.85
7998,27600,27601,18.0,0.0,43.04
7999,27602,27603,59.0,0.0,125.99
8000,27604,27605,46.667,36.333,96.15
8001,27606,27607,6.569,0.49,68.21
8002,27608,27609,2.533,0.257,30.62
8003,27610,27611,1.105,0.099,9.19
8004,27612,27613,5.517,0.544,70.41
8005,27614,27615,2.963,0.422,37.03
8006,27616,27617,4.146,0.428,48.18
8007,27618,27619,4.684,0.708,57.61
8008,27620,27621,9.577,1.854,119.91
8009,27622,27623,5.04,29.29,14.91
8010,27624,27625,5.875,0.462,45.48
8011,27626,27627,17.0,0.0,91.41
8012,27630,27631,4.0,0.0,18.87
8013,27632,27633,13.0,0.0,101.91
8014,27634,27635,18.2,3.2,136.23
8015,27636,27637,11.0,1.0,85.16
8016,27638,27639,10.5,0.5,70.14
8017,27640,27641,13.333,2.333,91.9
8018,27642,27643,18.0,32.0,118.54
8019,27644,27645,8.5,0.5,61.27
8020,27648,27649,15.0,0.0,103.26
8021,27650,27651,8.333,1.381,60.21
8022,27652,27653,15.364,2.655,113.34
8023,27654,27655,7.222,0.444,51.17
8024,27658,27659,19.5,0.333,149.77
8025,27660,27661,12.882,1.735,97.72
8026,27662,27663,4.25,1.295,34.74
8027,27664,27665,2.714,0.238,21.31
8028,27666,27667,9.056,0.968,65.51
8029,27668,27669,29.333,2.333,217.04
8030,27670,27671,21.0,15.333,88.73
8031,27686,27687,3.25,0.25,29.47
8032,27688,27689,3.333,0.333,40.05
8033,27690,27691,1.667,1.333,13.66
8034,27692,27693,1.333,0.333,10.63
8035,27702,27703,4.333,0.333,52.14
8036,27704,27705,4.333,0.333,58.87
8037,27708,27709,1.833,0.147,14.48
8038,27710,27711,29.484,10.082,215.44
8039,27712,27713,5.38,0.612,38.65
8040,27714,27715,10.462,2.451,75.8
8041,27716,27717,2.193,0.328,16.03
8042,27718,27719,6.667,0.6,47.92
8043,27720,27721,7.886,0.666,56.03
8044,27722,27723,1.111,0.111,2.7
8045,27724,27725,1.062,0.062,5.94
8046,27726,27727,6.0,0.0,13.79
8047,27728,27729,9.0,0.0,17.7
8048,27730,27731,24.0,0.0,44.27
8049,27732,27733,13.833,110.967,9.46
8050,27736,27737,2.825,0.428,35.43
8051,27738,27739,1.822,1.223,21.23
8052,27740,27741,2.068,3.303,18.31
8053,27742,27743,3.075,7.919,14.85
8054,27744,27745,3.14,0.309,37.49
8055,27746,27747,1.006,0.006,10.49
8056,27748,27749,1.507,0.255,19.55
8057,27750,27751,1.017,0.017,10.9
8058,27752,27753,1.288,1.547,14.67
8059,27754,27755,1.521,16.899,7.59
8060,27756,27757,18.854,534.212,29.96
8061,27758,27759,3.889,0.525,45.16
8062,27762,27763,1.38,0.236,17.75
8063,27768,27769,1.905,0.188,24.15
8064,27770,27771,2.132,0.163,26.79
8065,27772,27773,5.394,0.746,68.04
8066,27774,27775,5.897,15.865,58.18
8067,27776,27777,11.862,85.463,35.36
8068,27778,27779,1.068,0.064,12.88
8069,27780,27781,1.008,0.008,10.72
8070,27782,27783,2.516,0.265,32.96
8071,27784,27785,4.327,0.409,56.42
8072,27786,27787,7.274,1.068,92.24
8073,27788,27789,14.059,113.996,30.25
8074,27790,27791,9.076,89.258,20.81
8075,27792,27793,9.849,146.192,56.19
8076,27794,27795,1.914,0.271,13.64
8077,27796,27797,5.02,0.655,63.31
8078,27798,27799,27.476,308.881,70.41
8079,27800,27801,14.693,456.905,29.24
8080,27802,27803,4.478,64.087,41.37
8081,27804,27805,9.322,261.053,77.18
8082,27806,27807,9.088,278.195,75.47
8083,27808,27809,13.383,793.547,74.44
8084,27810,27811,3.266,114.539,29.22
8085,27814,27815,4.098,234.196,29.02
8086,27816,27817,3.919,279.937,23.04
8087,27818,27819,4.75,0.214,56.59
8088,27820,27821,10.0,1.0,79.76
8089,27822,27823,26.0,0.0,199.7
8090,27824,27825,2.0,0.0,9.68
8091,27826,27827,10.0,2.0,74.72
8092,27830,27831,9.7,1.122,69.59
8093,27832,27833,5.8,0.7,44.2
8094,27834,27835,7.0,0.5,47.36
8095,27836,27837,5.5,0.5,39.85
8096,27838,27839,7.0,0.0,47.56
8097,27840,27841,8.0,0.0,53.53
8098,27842,27843,9.0,0.667,59.78
8099,27854,27855,11.0,0.0,97.18
8100,27856,27857,3.0,0.0,17.01
8101,27862,27863,25.333,0.333,49.73
8102,27864,27865,4.346,0.395,32.59
8103,27866,27867,2.19,0.262,16.79
8104,27868,27869,2.833,0.265,19.68
8105,27870,27871,4.05,0.471,30.74
8106,27872,27873,2.455,0.26,18.79
8107,27874,27875,3.636,0.242,26.36
8108,27878,27879,3.235,0.191,22.83
8109,27880,27881,3.688,0.363,25.51
8110,27882,27883,4.25,0.467,31.57
8111,27884,27885,5.562,0.529,41.82
8112,27886,27887,6.588,0.757,49.84
8113,27888,27889,3.188,0.429,23.6
8114,27894,27895,27.75,66.917,64.06
8115,27896,27897,30.6,199.3,67.36
8116,27898,27899,29.0,21.0,56.9
8117,27902,27903,15.5,4.5,123.23
8118,27904,27905,12.0,1.5,91.13
8119,27906,27907,1.444,0.278,11.96
8120,27908,27909,4.2,0.622,30.81
8121,27910,27911,9.143,1.143,60.3
8122,27912,27913,7.75,0.917,52.28
8123,27914,27915,2.333,0.267,18.52
8124,27916,27917,3.083,0.265,23.42
8125,27922,27923,3.875,0.25,29.78
8126,27924,27925,6.062,0.196,42.43
8127,27926,27927,8.3,2.678,53.61
8128,27928,27929,9.364,0.855,66.52
8129,27930,27931,6.5,0.5,53.22
8130,27932,27933,3.0,0.0,27.76
8131,27934,27935,8.0,0.0,57.51
8132,27938,27939,2.0,0.0,13.31
8133,27944,27945,2.605,0.349,34.28
8134,27946,27947,11.543,1.933,151.97
8135,27948,27949,2.338,0.358,28.8
8136,27950,27951,1.566,0.249,20.16
8137,27952,27953,3.494,0.332,46.34
8138,27954,27955,1.262,0.196,16.43
8139,27956,27957,2.762,0.28,32.61
8140,27958,27959,9.0,0.0,66.67
8141,27964,27965,2.0,0.0,15.79
8142,27968,27969,51.5,0.5,129.47
8143,27970,27971,14.667,8.333,29.39
8144,27972,27973,8.0,0.0,18.13
8145,27974,27975,50.5,12.5,117.94
8146,27980,27981,13.5,4.5,32.4
8147,27982,27983,35.0,0.0,252.39
8148,27984,27985,9.8,0.7,68.16
8149,27986,27987,18.909,6.491,145.48
8150,27988,27989,9.273,1.218,67.92
8151,27990,27991,8.417,117.356,28.43
8152,27994,27995,23.0,0.0,52.57
8153,27996,27997,24.5,4.5,61.49
8154,27998,27999,24.0,7.0,54.97
8155,28002,28003,10.333,0.667,70.66
8156,28008,28009,26.25,4.25,189.53
8157,28010,28011,8.0,0.0,55.72
8158,28012,28013,28.0,0.0,201.73
8159,28016,28017,4.0,0.0,29.96
8160,28018,28019,2.933,17.495,13.42
8161,28022,28023,1.455,0.273,11.45
8162,28024,28025,6.75,1.0,51.05
8163,28028,28029,6.446,0.97,97.37
8164,28030,28031,11.222,0.694,185.46
8165,28032,28033,13.5,0.5,162.91
8166,28034,28035,7.0,0.0,48.24
8167,28040,28041,14.0,1.917,102.82
8168,28042,28043,7.885,0.746,54.16
8169,28044,28045,4.0,1.333,30.16
8170,28046,28047,19.0,0.0,161.63
8171,28048,28049,23.75,2.917,187.33
8172,28050,28051,7.0,0.0,51.99
8173,28052,28053,6.0,0.0,41.07
8174,28054,28055,5.5,0.5,41.47
8175,28056,28057,6.0,0.0,44.51
8176,28060,28061,15.786,6.489,117.09
8177,28062,28063,17.0,197.4,56.41
8178,28066,28067,1.25,0.205,8.08
8179,28070,28071,1.909,0.291,13.14
8180,28074,28075,2.8,0.7,19.9
8181,28076,28077,2.222,0.194,14.46
8182,28078,28079,7.429,3.286,19.57
8183,28080,28081,5.0,0.0,34.24
8184,28082,28083,17.0,0.0,121.86
8185,28086,28087,8.0,0.0,45.91
8186,28090,28091,12.25,4.25,87.11
8187,28092,28093,8.0,0.0,62.23
8188,28094,28095,14.0,0.0,88.21
8189,28096,28097,4.667,0.333,35.73
8190,28098,28099,3.0,0.0,20.42
8191,28100,28101,6.833,1.367,48.39
8192,28102,28103,13.083,1.902,93.13
8193,28104,28105,13.0,7.0,84.02
8194,28106,28107,3.333,1.333,28.21
8195,28108,28109,8.667,2.267,96.53
8196,28110,28111,1.5,1.5,2.79
8197,28112,28113,1.286,0.238,11.6
8198,28114,28115,2.5,0.5,25.46
8199,28118,28119,15.286,123.571,124.44
8200,28120,28121,32.0,0.0,245.38
8201,28124,28125,25.333,30.333,54.03
8202,28126,28127,16.8,10.7,36.76
8203,28128,28129,34.182,10.764,163.46
8204,28132,28133,2.667,0.333,14.09
8205,28134,28135,2.125,0.125,15.26
8206,28136,28137,7.714,0.571,54.85
8207,28138,28139,2.571,0.286,17.69
8208,28140,28141,2.75,4.917,8.12
8209,28142,28143,10.4,0.8,80.08
8210,28148,28149,1.25,0.25,12.62
8211,28150,28151,29.2,446.2,93.7
8212,28152,28153,4.5,40.333,2.14
8213,28156,28157,7.0,0.0,45.87
8214,28160,28161,30.0,0.0,252.74
8215,28164,28165,1.727,0.418,7.9
8216,28168,28169,2.25,0.25,10.93
8217,28170,28171,3.5,0.333,13.18
8218,28174,28175,15.769,1.359,116.76
8219,28176,28177,5.25,12.786,26.9
8220,28178,28179,1.333,0.267,9.99
8221,28180,28181,13.444,4.528,90.66
8222,28188,28189,2.0,0.0,8.22
8223,28198,28199,40.667,24.333,97.37
8224,28200,28201,2.742,0.219,30.57
8225,28204,28205,1.258,0.193,15.38
8226,28206,28207,2.303,0.278,27.03
8227,28208,28209,15.922,3.349,193.19
8228,28210,28211,4.046,0.415,49.34
8229,28212,28213,4.691,1.516,48.36
8230,28214,28215,1.323,0.222,16.97
8231,28216,28217,9.0,0.623,99.37
8232,28218,28219,7.06,84.784,58.01
8233,28222,28223,2.628,0.287,19.01
8234,28224,28225,11.129,1.516,83.04
8235,28226,28227,2.5,0.5,8.76
8236,28228,28229,10.75,0.917,52.86
8237,28232,28233,8.0,0.0,40.69
8238,28234,28235,6.0,0.0,28.53
8239,28236,28237,8.0,0.0,44.64
8240,28238,28239,5.0,0.0,26.66
8241,28242,28243,5.0,0.0,23.2
8242,28244,28245,6.75,0.917,33.14
8243,28246,28247,6.0,0.0,28.41
8244,28250,28251,13.429,0.952,93.09
8245,28252,28253,2.5,0.333,17.42
8246,28254,28255,8.25,0.917,59.01
8247,28256,28257,38.0,968.0,114.28
8248,28258,28259,5.857,0.81,43.16
8249,28260,28261,5.4,0.267,41.2
8250,28262,28263,12.7,28.9,56.58
8251,28264,28265,10.833,0.967,77.46
8252,28266,28267,16.0,2.5,135.13
8253,28268,28269,8.0,0.0,58.22
8254,28270,28271,13.8,1.7,103.5
8255,28274,28275,5.0,3.0,44.62
8256,28276,28277,19.5,4.5,142.38
8257,28282,28283,4.0,0.0,36.42
8258,28284,28285,17.0,0.0,142.38
8259,28288,28289,12.333,6.333,81.58
8260,28290,28291,9.0,2.0,63.65
8261,28296,28297,3.5,0.5,20.87
8262,28298,28299,3.4,0.3,24.95
8263,28300,28301,4.8,26.7,15.47
8264,28302,28303,9.0,0.0,62.04
8265,28308,28309,5.826,0.423,41.33
8266,28322,28323,5.0,0.0,41.16
8267,28324,28325,7.0,0.0,56.01
8268,28326,28327,2.5,0.5,21.88
8269,28328,28329,3.5,0.5,25.36
8270,28330,28331,3.5,0.5,28.0
8271,28334,28335,3.5,0.5,18.94
8272,28338,28339,19.682,2.799,152.57
8273,28342,28343,2.571,0.264,19.17
8274,28344,28345,7.214,1.258,54.91
8275,28348,28349,3.923,0.41,29.63
8276,28350,28351,6.455,0.873,48.5
8277,28352,28353,4.636,0.255,34.78
8278,28354,28355,2.364,0.255,16.24
8279,28356,28357,5.636,0.655,43.15
8280,28358,28359,6.273,1.018,46.32
8281,28362,28363,3.391,0.249,23.74
8282,28364,28365,8.538,64.018,27.15
8283,28366,28367,6.1,0.621,47.68
8284,28368,28369,1.444,0.261,11.42
8285,28370,28371,3.733,0.21,29.17
8286,28372,28373,9.25,0.932,70.09
8287,28374,28375,2.909,0.291,20.9
8288,28376,28377,10.1,1.211,76.64
8289,28378,28379,5.25,0.25,36.3
8290,28380,28381,11.0,0.0,87.84
8291,28382,28383,15.0,0.0,29.52
8292,28384,28385,19.0,0.0,38.71
8293,28386,28387,22.0,0.0,46.55
8294,28390,28391,3.0,0.0,6.14
8295,28392,28393,17.0,3.0,37.45
8296,28394,28395,10.111,78.861,7.57
8297,28396,28397,4.2,0.7,10.22
8298,28398,28399,5.667,2.333,12.71
8299,28400,28401,6.0,0.0,17.98
8300,28406,28407,13.0,0.0,47.44
8301,28408,28409,40.0,8.0,97.57
8302,28410,28411,35.4,31.3,80.73
8303,28412,28413,4.958,0.381,37.45
8304,28414,28415,3.143,0.143,22.37
8305,28416,28417,4.714,0.905,35.62
8306,28418,28419,3.833,0.567,28.93
8307,28420,28421,3.25,0.25,20.95
8308,28424,28425,5.0,1.0,34.37
8309,28426,28427,4.25,0.25,31.96
8310,28428,28429,1.038,0.038,7.53
8311,28430,28431,1.333,0.333,8.0
8312,28434,28435,2.5,0.5,23.58
8313,28436,28437,5.88,0.693,42.55
8314,28442,28443,3.95,0.366,27.74
8315,28444,28445,4.333,0.424,30.77
8316,28446,28447,3.5,0.273,25.64
8317,28448,28449,15.5,0.5,32.1
8318,28450,28451,7.0,2.0,14.03
8319,28454,28455,8.5,4.5,21.24
8320,28466,28467,6.333,0.333,46.71
8321,28470,28471,3.963,108.96,4.85
8322,28472,28473,60.75,14280.25,0.2
8323,28478,28479,9.455,68.673,16.68
8324,28480,28481,2.022,0.022,18.89
8325,28482,28483,5.929,0.561,74.5
8326,28484,28485,2.0,0.0,11.28
8327,28486,28487,45.0,67.818,98.11
8328,28488,28489,3.579,0.813,8.82
8329,28490,28491,17.542,6.509,35.86
8330,28492,28493,11.52,13.01,22.9
8331,28494,28495,9.492,2.521,20.51
8332,28496,28497,2.8,0.234,20.92
8333,28498,28499,25.267,19.03,190.42
8334,28500,28501,3.59,0.248,26.98
8335,28502,28503,1.538,0.255,10.74
8336,28506,28507,13.364,2.888,99.59
8337,28508,28509,4.976,0.756,37.35
8338,28510,28511,6.708,0.679,49.48
8339,28512,28513,2.521,0.34,18.59
8340,28514,28515,2.163,1.431,15.51
8341,28516,28517,4.5,0.5,33.07
8342,28518,28519,5.4,0.267,37.74
8343,28520,28521,5.6,0.8,42.77
8344,28522,28523,8.333,1.333,60.05
8345,28524,28525,2.655,0.234,15.22
8346,28526,28527,3.298,0.297,42.27
8347,28528,28529,2.444,0.944,25.18
8348,28530,28531,19.126,201.336,56.3
8349,28532,28533,10.12,1.087,76.77
8350,28534,28535,2.549,0.253,18.09
8351,28536,28537,3.351,0.268,38.52
8352,28538,28539,2.672,0.259,35.77
8353,28540,28541,2.429,0.314,27.56
8354,28542,28543,3.043,0.174,39.2
8355,28546,28547,2.161,0.236,22.04
8356,28548,28549,1.098,0.14,7.67
8357,28552,28553,1.2,0.4,1.76
8358,28556,28557,1.343,0.291,17.93
8359,28558,28559,2.914,0.198,23.46
8360,28560,28561,51.0,8.0,364.87
8361,28562,28563,12.0,2.0,81.46
8362,28564,28565,8.0,0.0,58.89
8363,28566,28567,20.5,6.286,153.62
8364,28568,28569,10.4,0.8,81.29
8365,28570,28571,2.667,0.267,20.95
8366,28572,28573,1.008,0.008,9.5
8367,28574,28575,5.667,0.333,41.08
8368,28576,28577,8.0,1.333,61.69
8369,28578,28579,8.0,0.571,59.31
8370,28580,28581,6.375,33.125,21.6
8371,28582,28583,4.167,0.567,26.86
8372,28584,28585,91.565,17208.207,26.84
8373,28586,28587,43.323,6341.559,7.79
8374,28588,28589,1.714,3.571,0.2
8375,28590,28591,35.312,8898.229,27.75
8376,28596,28597,2.976,0.087,29.34
8377,28598,28599,2.0,0.0,23.11
8378,28600,28601,7.167,0.167,98.89
8379,28602,28603,37.333,6.333,186.87
8380,28604,28605,7.667,0.333,37.83
8381,28606,28607,6.75,0.25,31.05
8382,28608,28609,7.25,0.25,36.12
8383,28610,28611,45.333,43.867,247.47
8384,28612,28613,9.2,0.7,46.67
8385,28614,28615,4.0,0.0,35.55
8386,28618,28619,23.5,0.5,158.28
8387,28620,28621,7.4,0.8,46.15
8388,28622,28623,15.25,3.071,113.7
8389,28624,28625,1.625,0.268,10.53
8390,28626,28627,6.833,0.167,47.82
8391,28628,28629,9.5,0.333,71.38
8392,28630,28631,6.667,0.333,43.02
8393,28632,28633,5.667,0.333,39.22
8394,28634,28635,10.667,4.333,77.82
8395,28636,28637,8.0,0.0,69.13
8396,28638,28639,6.0,0.0,49.26
8397,28640,28641,17.25,6.917,129.77
8398,28644,28645,10.5,0.5,77.71
8399,28646,28647,6.0,0.17,68.04
8400,28648,28649,1.979,0.319,22.08
8401,28650,28651,2.465,0.302,30.37
8402,28652,28653,3.625,0.25,36.32
8403,28654,28655,5.875,0.339,67.51
8404,28656,28657,7.298,5.826,85.26
8405,28658,28659,5.933,3.012,69.6
8406,28660,28661,7.876,1.132,95.42
8407,28662,28663,11.226,6.88,132.05
8408,28664,28665,10.205,61.832,40.83
8409,28666,28667,2.0,0.0,16.65
8410,28668,28669,5.8,0.7,58.97
8411,28670,28671,2.935,35.471,7.54
8412,28672,28673,26.175,391.856,19.63
8413,28684,28685,4.5,0.5,16.16
8414,28686,28687,2.185,0.181,25.7
8415,28688,28689,6.333,0.333,45.75
8416,28690,28691,28.0,0.0,67.28
8417,28692,28693,7.0,0.0,45.02
8418,28700,28701,11.4,1.3,54.32
8419,28702,28703,3.551,0.345,41.5
8420,28706,28707,6.0,0.0,61.36
8421,28708,28709,8.235,1.109,105.71
8422,28710,28711,1.074,0.07,13.14
8423,28712,28713,22.5,0.5,111.93
8424,28714,28715,2.0,0.0,5.72
8425,28718,28719,2.735,0.201,12.92
8426,28720,28721,9.881,1.864,45.58
8427,28724,28725,11.5,0.5,87.44
8428,28726,28727,4.333,0.333,28.33
8429,28728,28729,18.5,3.0,142.59
8430,28730,28731,8.2,0.7,61.15
8431,28732,28733,8.0,1.0,52.94
8432,28736,28737,11.222,1.194,85.85
8433,28738,28739,7.0,0.286,49.39
8434,28742,28743,3.2,0.2,28.59
8435,28744,28745,16.333,1.333,39.72
8436,28748,28749,4.065,0.129,47.29
8437,28750,28751,4.581,0.385,41.54
8438,28752,28753,7.871,0.516,101.02
8439,28754,28755,5.558,0.586,60.89
8440,28756,28757,5.737,0.469,73.6
8441,28758,28759,6.564,0.726,77.57
8442,28762,28763,2.647,0.243,20.62
8443,28764,28765,6.5,0.5,52.67
8444,28766,28767,5.0,0.0,35.53
8445,28770,28771,10.0,1.0,49.77
8446,28772,28773,40.0,36.0,188.34
8447,28778,28779,12.333,1.333,59.01
8448,28780,28781,10.0,1.0,49.14
8449,28782,28783,9.2,7.7,40.22
8450,28784,28785,9.0,5.5,38.41
8451,28786,28787,8.714,5.571,40.06
8452,28788,28789,10.636,4.855,48.68
8453,28790,28791,17.0,0.0,75.93
8454,28792,28793,11.0,0.0,58.25
8455,28796,28797,5.0,0.0,27.78
8456,28798,28799,20.5,0.5,112.57
8457,28800,28801,9.333,2.333,46.05
8458,28802,28803,41.0,32.0,204.14
8459,28804,28805,13.0,0.0,57.94
8460,28806,28807,10.0,0.0,82.41
8461,28812,28813,6.5,0.5,27.37
8462,28814,28815,2.0,0.286,8.75
8463,28816,28817,2.375,0.268,12.16
8464,28820,28821,21.0,0.0,129.72
8465,28822,28823,3.0,0.0,13.42
8466,28824,28825,8.0,0.0,52.33
8467,28826,28827,19.0,8.0,125.37
8468,28830,28831,4.0,2.0,31.04
8469,28832,28833,9.0,3.0,62.62
8470,28834,28835,9.5,4.5,65.72
8471,28836,28837,12.0,0.0,77.16
8472,28840,28841,35.333,3613.467,78.24
8473,28846,28847,17.5,12.5,123.17
8474,28850,28851,15.0,1.6,114.49
8475,28852,28853,3.833,0.167,28.52
8476,28856,28857,4.0,0.0,34.67
8477,28858,28859,2.5,0.333,19.07
8478,28864,28865,7.5,1.1,52.66
8479,28866,28867,4.125,0.125,24.96
8480,28870,28871,5.667,0.333,39.91
8481,28872,28873,2.5,0.5,13.4
8482,28878,28879,9.25,0.934,67.04
8483,28880,28881,12.0,0.0,96.66
8484,28882,28883,17.0,0.0,15.98
8485,28884,28885,7.625,0.839,39.79
8486,28886,28887,52.333,598.25,122.66
8487,28888,28889,17.923,1.91,224.43
8488,28890,28891,28.833,7.424,218.49
8489,28892,28893,14.455,3.273,111.03
8490,28894,28895,36.538,34.603,271.65
8491,28896,28897,1.778,5.444,2.6
8492,28898,28899,18.889,3.361,147.34
8493,28900,28901,6.778,0.444,48.2
8494,28904,28905,20.0,2.0,140.56
8495,28906,28907,13.0,8.0,86.09
8496,28914,28915,8.0,1.0,55.9
8497,28916,28917,3.0,0.0,23.76
8498,28918,28919,20.0,0.0,143.83
8499,28920,28921,11.5,4.5,70.5
8500,28924,28925,14.0,0.0,112.68
8501,28926,28927,12.0,0.0,90.89
8502,28928,28929,1.286,0.238,5.41
8503,28936,28937,8.526,0.263,103.16
8504,28938,28939,14.526,0.819,183.6
8505,28940,28941,12.96,147.373,102.07
8506,28942,28943,14.2,3.2,70.54
8507,28944,28945,11.5,0.5,64.02
8508,28946,28947,27.0,0.0,134.85
8509,28950,28951,23.0,0.0,130.64
8510,28952,28953,1.607,0.241,14.15
8511,28954,28955,32.0,0.0,222.43
8512,28956,28957,12.333,2.333,96.21
8513,28958,28959,12.136,1.361,146.12
8514,28960,28961,20.947,50.275,224.52
8515,28962,28963,2.5,21.559,6.13
8516,28964,28965,1.238,0.208,14.88
8517,28966,28967,7.0,0.0,52.9
8518,28972,28973,5.5,0.5,39.46
8519,28974,28975,4.0,0.0,33.43
8520,28976,28977,7.0,2.0,51.89
8521,28978,28979,14.0,3.0,109.52
8522,28982,28983,7.25,1.071,51.9
8523,28984,28985,8.0,0.0,58.16
8524,28986,28987,18.0,4.0,134.57
8525,28988,28989,8.333,1.067,57.52
8526,28990,28991,9.5,0.5,64.92
8527,28992,28993,6.5,0.5,46.02
8528,28996,28997,2.8,0.171,17.57
8529,28998,28999,5.391,0.522,40.72
8530,29000,29001,11.45,2.261,86.66
8531,29002,29003,8.952,1.148,68.47
8532,29004,29005,3.571,0.476,26.45
8533,29006,29007,3.586,0.466,26.99
8534,29008,29009,12.515,2.945,91.86
8535,29018,29019,8.474,1.041,44.21
8536,29022,29023,2.778,0.444,13.78
8537,29026,29027,16.5,0.5,77.12
8538,29032,29033,34.833,7.767,173.22
8539,29036,29037,4.857,0.429,37.08
8540,29038,29039,6.227,0.946,47.2
8541,29040,29041,3.412,0.257,24.12
8542,29042,29043,4.444,0.278,34.22
8543,29044,29045,4.0,0.25,29.46
8544,29046,29047,9.167,0.697,65.01
8545,29048,29049,11.625,7.982,69.2
8546,29050,29051,3.227,0.279,24.74
8547,29052,29053,4.381,0.448,34.11
8548,29054,29055,3.273,0.208,24.98
8549,29056,29057,9.526,1.596,70.46
8550,29058,29059,4.105,0.433,30.2
8551,29060,29061,14.5,12.5,98.01
8552,29062,29063,10.048,1.588,77.16
8553,29064,29065,5.071,1.25,36.96
8554,29066,29067,3.0,0.0,22.67
8555,29068,29069,1.5,0.5,9.34
8556,29070,29071,5.0,0.0,53.04
8557,29072,29073,5.2,0.178,25.82
8558,29074,29075,9.333,0.667,117.11
8559,29076,29077,3.333,0.667,30.57
8560,29078,29079,1.667,0.333,23.94
8561,29080,29081,5.6,0.3,63.23
8562,29082,29083,3.375,0.839,31.7
8563,29084,29085,4.0,9.2,18.58
8564,29086,29087,5.2,1.2,63.15
8565,29088,29089,3.0,0.0,20.47
8566,29090,29091,4.111,0.111,28.46
8567,29110,29111,8.0,0.5,95.14
8568,29112,29113,3.5,1.0,28.97
8569,29118,29119,5.0,0.0,65.18
8570,29126,29127,23.0,0.0,43.33
8571,29128,29129,26.0,128.0,90.42
8572,29132,29133,8.0,8.0,60.73
8573,29134,29135,2.0,0.0,11.48
8574,29136,29137,4.25,0.917,31.69
8575,29138,29139,3.167,0.167,24.9
8576,29140,29141,5.0,0.0,42.39
8577,29148,29149,3.0,0.0,23.98
8578,29150,29151,3.0,0.0,25.83
8579,29154,29155,5.0,0.0,50.77
8580,29158,29159,7.667,1.333,59.53
8581,29160,29161,6.5,0.5,43.95
8582,29162,29163,12.182,6.823,84.33
8583,29164,29165,3.955,1.569,26.56
8584,29166,29167,1.15,0.134,8.15
8585,29168,29169,3.905,0.89,22.92
8586,29170,29171,6.714,2.114,45.53
8587,29172,29173,1.105,0.099,6.83
8588,29174,29175,2.0,0.0,12.64
8589,29176,29177,10.0,0.0,68.04
8590,29180,29181,4.478,0.261,36.41
8591,29182,29183,3.682,0.323,28.86
8592,29184,29185,2.444,0.261,20.13
8593,29186,29187,1.067,0.067,8.29
8594,29188,29189,13.357,2.709,103.62
8595,29190,29191,15.5,3.182,120.87
8596,29192,29193,11.636,1.055,89.84
8597,29194,29195,2.625,0.268,19.38
8598,29196,29197,20.333,5.333,133.12
8599,29198,29199,9.0,0.0,78.73
8600,29208,29209,2.667,8.333,2.44
8601,29216,29217,16.4,5.3,78.34
8602,29222,29223,13.5,0.5,75.42
8603,29238,29239,5.0,0.0,50.54
8604,29240,29241,15.0,2.0,105.31
8605,29248,29249,30.5,40.5,190.99
8606,29256,29257,12.0,0.0,77.71
8607,29260,29261,1.133,0.124,8.41
8608,29262,29263,9.719,81.564,15.21
8609,29266,29267,2.6,0.253,19.96
8610,29268,29269,1.067,0.067,5.63
8611,29270,29271,1.048,0.048,7.99
8612,29272,29273,2.308,0.302,17.86
8613,29276,29277,1.719,0.273,13.38
8614,29298,29299,2.429,0.286,19.69
8615,29300,29301,8.0,1.0,63.34
8616,29304,29305,4.0,0.0,28.94
8617,29306,29307,2.0,0.0,19.01
8618,29308,29309,3.667,0.333,23.8
8619,29310,29311,3.0,0.0,20.35
8620,29314,29315,6.5,0.5,54.42
8621,29320,29321,17.0,0.0,129.58
8622,29324,29325,8.4,0.8,54.54
8623,29328,29329,15.667,1.333,107.35
8624,29330,29331,4.0,0.0,23.64
8625,29332,29333,3.667,0.333,28.7
8626,29334,29335,2.667,0.333,18.3
8627,29340,29341,8.333,1.333,54.89
8628,29344,29345,16.6,2.3,117.87
8629,29346,29347,4.5,0.5,33.29
8630,29348,29349,13.5,4.5,100.05
8631,29352,29353,3.5,0.5,22.06
8632,29354,29355,4.5,0.333,30.52
8633,29356,29357,4.333,0.267,32.28
8634,29358,29359,3.833,0.167,27.4
8635,29360,29361,1.6,0.3,10.61
8636,29362,29363,1.5,0.3,8.95
8637,29366,29367,3.2,0.2,23.82
8638,29370,29371,2.833,0.167,19.78
8639,29372,29373,4.667,0.267,30.21
8640,29374,29375,12.5,0.5,92.46
8641,29376,29377,11.0,0.0,79.42
8642,29380,29381,3.0,0.0,19.74
8643,29386,29387,7.2,0.7,47.53
8644,29390,29391,5.067,0.133,35.65
8645,29392,29393,2.926,0.456,23.16
8646,29394,29395,6.296,0.986,47.23
8647,29396,29397,2.24,0.357,15.79
8648,29400,29401,5.357,0.401,37.37
8649,29402,29403,7.6,0.3,59.5
8650,29404,29405,5.75,0.5,38.14
8651,29406,29407,5.346,0.427,68.51
8652,29410,29411,5.938,0.656,78.16
8653,29412,29413,7.37,0.638,93.23
8654,29414,29415,6.822,0.513,89.8
8655,29416,29417,3.667,0.333,33.79
8656,29418,29419,3.25,0.917,31.72
8657,29420,29421,10.0,0.8,124.74
8658,29422,29423,3.6,0.3,32.19
8659,29424,29425,2.0,0.0,14.64
8660,29426,29427,5.0,0.0,47.52
8661,29428,29429,34.0,0.0,238.01
8662,29430,29431,12.0,0.0,88.6
8663,29432,29433,28.5,4.5,207.67
8664,29434,29435,5.5,0.3,40.77
8665,29436,29437,6.125,0.696,43.0
8666,29438,29439,13.8,0.7,103.42
8667,29440,29441,29.75,340.917,73.5
8668,29444,29445,2.474,0.263,29.37
8669,29446,29447,2.0,2.0,1.28
8670,29448,29449,3.6,0.358,39.94
8671,29450,29451,5.4,0.686,24.38
8672,29460,29461,6.722,1.006,51.64
8673,29464,29465,5.172,0.291,55.73
8674,29466,29467,5.806,0.695,72.84
8675,29470,29471,2.25,0.197,13.09
8676,29472,29473,2.25,0.25,18.94
8677,29474,29475,2.25,0.25,16.51
8678,29478,29479,12.167,2.167,99.06
8679,29480,29481,3.25,0.786,23.85
8680,29482,29483,4.25,0.25,31.68
8681,29484,29485,8.667,0.667,63.25
8682,29486,29487,5.667,0.667,38.12
8683,29488,29489,4.0,0.0,44.89
8684,29492,29493,5.571,0.418,66.51
8685,29494,29495,15.077,1.244,177.93
8686,29500,29501,5.0,0.0,25.26
8687,29502,29503,1.038,0.038,4.46
8688,29504,29505,2.091,0.091,11.22
8689,29506,29507,2.0,0.0,9.98
8690,29508,29509,8.0,1.0,86.96
8691,29514,29515,6.087,0.901,46.58
8692,29516,29517,13.938,2.462,106.98
8693,29518,29519,4.364,0.909,35.71
8694,29520,29521,6.81,0.862,52.41
8695,29522,29523,6.952,0.948,54.77
8696,29524,29525,1.5,0.5,8.81
8697,29532,29533,11.0,1.0,76.1
8698,29534,29535,4.875,0.411,31.71
8699,29536,29537,6.5,0.286,45.76
8700,29538,29539,3.778,0.194,25.08
8701,29542,29543,3.0,0.0,17.37
8702,29544,29545,1.333,0.333,11.75
8703,29546,29547,2.0,0.0,13.72
8704,29554,29555,2.25,0.25,13.67
8705,29556,29557,13.75,2.917,100.61
8706,29558,29559,17.667,1.333,126.66
8707,29560,29561,5.5,1.9,39.44
8708,29562,29563,27.0,0.0,185.33
8709,29564,29565,11.0,2.0,81.27
8710,29568,29569,7.857,0.81,57.34
8711,29570,29571,12.0,1.333,87.67
8712,29572,29573,8.3,0.456,58.67
8713,29574,29575,16.0,0.0,97.51
8714,29578,29579,27.0,18.0,59.07
8715,29580,29581,6.852,0.593,76.1
8716,29582,29583,4.593,1.174,35.37
8717,29584,29585,5.132,0.809,36.78
8718,29586,29587,1.021,0.021,6.82
8719,29588,29589,26.039,789.878,73.03
8720,29590,29591,4.667,0.333,42.88
8721,29596,29597,3.75,0.25,25.94
8722,29598,29599,32.0,2.0,235.72
8723,29608,29609,4.0,0.0,20.29
8724,29612,29613,7.667,2.333,53.08
8725,29614,29615,11.5,4.5,86.79
8726,29618,29619,13.0,0.0,97.37
8727,29620,29621,2.0,0.0,19.86
8728,29622,29623,8.0,0.0,71.69
8729,29624,29625,5.667,0.333,42.03
8730,29626,29627,3.667,0.333,27.87
8731,29632,29633,3.0,0.0,24.23
8732,29634,29635,10.5,12.5,69.98
8733,29636,29637,9.0,0.0,75.34
8734,29642,29643,6.0,0.0,46.49
8735,29648,29649,9.0,0.0,60.12
8736,29652,29653,15.083,3.72,112.58
8737,29654,29655,10.571,1.286,135.35
8738,29656,29657,5.571,0.418,39.46
8739,29658,29659,6.0,0.8,42.65
8740,29660,29661,12.333,1.467,92.09
8741,29662,29663,2.333,0.267,15.13
8742,29664,29665,7.0,2.0,47.89
8743,29666,29667,3.5,0.5,21.38
8744,29668,29669,8.0,0.0,45.64
8745,29674,29675,8.857,0.476,40.31
8746,29678,29679,7.25,0.917,36.4
8747,29682,29683,9.5,0.5,64.38
8748,29684,29685,16.75,2.25,132.35
8749,29688,29689,8.857,10.143,73.75
8750,29690,29691,18.0,7.0,118.28
8751,29694,29695,21.143,6.143,92.54
8752,29696,29697,103.0,188.5,460.52
8753,29698,29699,44.667,22.333,217.77
8754,29700,29701,22.0,7.0,108.45
8755,29702,29703,19.308,4.397,146.07
8756,29704,29705,17.556,2.028,128.09
8757,29706,29707,4.8,0.7,33.94
8758,29708,29709,8.0,2.0,55.78
8759,29710,29711,6.0,0.0,39.09
8760,29712,29713,8.5,4.5,54.63
8761,29728,29729,4.739,0.332,54.29
8762,29730,29731,3.118,1.992,37.46
8763,29732,29733,5.494,11.506,60.71
8764,29734,29735,2.672,0.361,34.06
8765,29736,29737,8.6,1.378,64.75
8766,29738,29739,2.444,0.278,20.92
8767,29740,29741,4.091,0.291,32.39
8768,29742,29743,2.273,0.218,17.12
8769,29744,29745,4.385,2.923,24.82
8770,29746,29747,47.714,11.238,234.86
8771,29758,29759,14.493,3.518,224.36
8772,29760,29761,5.729,0.557,71.42
8773,29762,29763,3.0,1.0,25.3
8774,29764,29765,1.333,0.235,14.65
8775,29766,29767,20.331,68.645,210.63
8776,29768,29769,2.0,0.0,26.0
8777,29770,29771,10.066,0.862,131.17
8778,29772,29773,11.311,1.318,129.19
8779,29774,29775,3.0,0.286,21.65
8780,29776,29777,12.667,4.667,96.1
8781,29778,29779,11.2,2.7,81.5
8782,29780,29781,4.932,10.415,54.84
8783,29782,29783,22.861,400.874,24.46
8784,29788,29789,9.333,1.333,74.49
8785,29790,29791,3.0,0.667,23.93
8786,29792,29793,10.25,2.25,79.69
8787,29794,29795,2.023,0.071,22.36
8788,29796,29797,7.444,0.949,77.5
8789,29798,29799,11.0,2.0,93.52
8790,29800,29801,18.5,0.5,132.29
8791,29804,29805,13.5,12.5,60.51
8792,29806,29807,15.667,4.333,122.91
8793,29808,29809,14.667,4.25,112.5
8794,29810,29811,4.5,0.636,34.18
8795,29812,29813,14.944,61.114,60.41
8796,29830,29831,8.857,0.476,87.36
8797,29844,29845,1.08,0.077,7.33
8798,29846,29847,11.778,2.771,86.56
8799,29848,29849,10.0,1.25,72.84
8800,29850,29851,12.0,2.0,100.28
8801,29854,29855,22.733,133.924,135.58
8802,29856,29857,2.917,44.083,1.13
8803,29866,29867,6.0,1.167,42.19
8804,29868,29869,33.273,26.618,214.61
8805,29870,29871,12.333,1.067,87.51
8806,29872,29873,12.0,2.0,88.11
8807,29874,29875,7.333,0.333,53.84
8808,29876,29877,13.5,0.5,100.65
8809,29878,29879,9.833,1.367,74.52
8810,29880,29881,5.417,0.992,38.49
8811,29882,29883,7.917,1.902,55.74
8812,29884,29885,7.917,6.083,48.94
8813,29886,29887,24.2,3.2,186.57
8814,29888,29889,17.333,2.333,125.64
8815,29890,29891,19.0,0.0,165.95
8816,29892,29893,2.4,0.3,14.24
8817,29894,29895,1.6,0.3,9.47
8818,29898,29899,2.5,0.382,15.81
8819,29900,29901,3.333,0.233,24.2
8820,29902,29903,14.649,93.512,72.31
8821,29904,29905,2.0,18.711,5.16
8822,29906,29907,10.182,1.764,73.53
8823,29908,29909,3.636,0.255,26.38
8824,29910,29911,2.231,0.192,14.72
8825,29912,29913,5.043,0.498,38.47
8826,29914,29915,8.111,0.844,60.42
8827,29916,29917,14.946,106.775,75.94
8828,29918,29919,4.0,0.0,35.41
8829,29920,29921,7.5,0.333,57.78
8830,29922,29923,11.0,8.0,77.28
8831,29924,29925,14.333,0.333,110.12
8832,29926,29927,3.923,57.666,12.25
8833,29928,29929,5.354,55.013,8.43
8834,29930,29931,8.814,11.562,87.87
8835,29936,29937,76.615,111.923,541.84
8836,29938,29939,13.0,2.0,58.89
8837,29942,29943,3.25,0.25,16.85
8838,29946,29947,11.0,0.0,43.62
8839,29952,29953,20.75,96.214,116.97
8840,29956,29957,6.5,0.3,47.78
8841,29958,29959,4.0,0.0,29.85
8842,29960,29961,5.748,212.563,15.22
8843,29962,29963,6.692,0.564,49.81
8844,29964,29965,7.857,0.81,56.39
8845,29968,29969,10.5,58.3,23.48
8846,29970,29971,1.846,0.141,8.52
8847,29972,29973,9.5,0.5,47.08
8848,29974,29975,1.273,0.218,8.22
8849,29978,29979,7.0,0.0,46.34
8850,29980,29981,10.5,4.5,54.65
8851,29982,29983,6.333,2.333,34.05
8852,29986,29987,4.667,1.333,45.02
8853,29988,29989,3.0,0.0,31.5
8854,29990,29991,2.0,0.0,22.53
8855,29992,29993,1.333,0.333,11.35
8856,29996,29997,2.29,0.536,24.81
8857,29998,29999,6.104,1.677,44.7
8858,30000,30001,6.0,0.0,38.39
8859,30002,30003,6.125,0.411,46.13
8860,30004,30005,6.429,0.286,47.76
8861,30006,30007,7.0,0.0,51.21
8862,30008,30009,7.0,0.0,54.87
8863,30010,30011,8.0,0.0,52.96
8864,30012,30013,10.5,0.333,56.0
8865,30014,30015,11.0,0.0,103.63
8866,30016,30017,24.0,0.0,191.64
8867,30018,30019,6.5,3.667,37.06
8868,30022,30023,17.0,0.0,137.75
8869,30024,30025,18.75,2.917,140.93
8870,30026,30027,12.25,2.25,92.37
8871,30028,30029,24.0,0.0,180.13
8872,30034,30035,10.5,0.5,84.83
8873,30036,30037,11.5,0.5,89.06
8874,30038,30039,20.0,0.0,161.58
8875,30040,30041,6.5,0.5,46.78
8876,30042,30043,14.0,0.0,104.94
8877,30044,30045,7.0,0.0,53.21
8878,30046,30047,8.0,0.0,60.22
8879,30050,30051,4.0,0.0,26.05
8880,30052,30053,3.333,0.333,22.41
8881,30056,30057,5.0,0.0,32.76
8882,30058,30059,5.0,0.0,34.3
8883,30062,30063,3.333,0.25,32.28
8884,30068,30069,19.0,0.0,74.16
8885,30070,30071,8.5,0.5,42.82
8886,30074,30075,5.0,0.0,18.38
8887,30076,30077,3.0,0.0,11.96
8888,30080,30081,13.0,3.0,63.0
8889,30082,30083,9.0,1.0,43.21
8890,30084,30085,1.25,0.25,6.31
8891,30086,30087,8.4,0.8,43.13
8892,30088,30089,13.091,1.091,64.65
8893,30090,30091,4.833,0.333,23.22
8894,30092,30093,18.0,2.0,133.34
8895,30094,30095,6.0,0.0,41.26
8896,30096,30097,19.0,45.333,111.23
8897,30098,30099,5.0,0.5,37.36
8898,30100,30101,23.5,1.667,166.14
8899,30102,30103,7.0,0.0,33.17
8900,30104,30105,6.0,2.0,33.17
8901,30106,30107,6.0,0.364,29.95
8902,30108,30109,5.5,0.333,45.34
8903,30110,30111,4.25,0.25,32.03
8904,30114,30115,2.0,0.0,16.15
8905,30116,30117,5.25,0.25,37.59
8906,30118,30119,15.0,0.0,66.06
8907,30120,30121,9.0,1.333,42.11
8908,30124,30125,54.333,1385.333,102.62
8909,30134,30135,2.0,0.0,8.91
8910,30146,30147,52.0,2.0,217.96
8911,30148,30149,9.0,0.0,38.0
8912,30150,30151,13.0,0.0,57.66
8913,30152,30153,38.0,8.0,190.18
8914,30154,30155,68.0,0.0,324.01
8915,30166,30167,48.0,0.0,267.25
8916,30168,30169,5.56,0.423,42.56
8917,30170,30171,6.852,0.67,52.8
8918,30172,30173,10.333,1.126,76.44
8919,30174,30175,4.735,0.417,91.21
8920,30176,30177,59.0,13.333,297.01
8921,30188,30189,14.333,0.333,69.46
8922,30192,30193,9.0,0.0,41.18
8923,30194,30195,1.407,0.244,16.51
8924,30212,30213,17.921,6.994,137.83
8925,30214,30215,19.0,2.0,136.8
8926,30216,30217,10.538,0.269,85.04
8927,30218,30219,13.929,5.764,101.47
8928,30220,30221,5.444,0.528,37.59
8929,30222,30223,8.778,1.194,62.49
8930,30224,30225,4.8,0.4,34.55
8931,30226,30227,8.667,0.75,58.07
8932,30228,30229,15.429,4.357,112.48
8933,30234,30235,3.387,0.245,25.3
8934,30236,30237,4.29,0.213,29.05
8935,30238,30239,20.6,4.3,164.56
8936,30240,30241,1.75,0.214,12.29
8937,30242,30243,2.889,0.111,19.42
8938,30244,30245,2.4,0.489,18.88
8939,30246,30247,6.769,0.359,48.29
8940,30248,30249,11.0,1.0,86.95
8941,30252,30253,3.692,0.731,28.51
8942,30254,30255,3.812,0.429,23.48
8943,30256,30257,12.6,2.3,87.61
8944,30258,30259,4.455,0.273,33.95
8945,30260,30261,8.143,0.476,67.84
8946,30262,30263,6.6,0.3,52.14
8947,30270,30271,3.167,0.167,26.25
8948,30272,30273,1.833,0.167,12.12
8949,30274,30275,11.375,22.554,69.35
8950,30276,30277,6.0,0.0,26.49
8951,30278,30279,3.5,0.5,24.51
8952,30280,30281,5.875,0.549,41.14
8953,30284,30285,6.24,0.44,41.17
8954,30286,30287,2.259,0.199,15.78
8955,30288,30289,46.194,820.628,96.48
8956,30290,30291,13.667,4.333,107.87
8957,30294,30295,6.5,0.5,53.38
8958,30296,30297,10.5,0.5,78.31
8959,30298,30299,5.0,0.0,31.67
8960,30300,30301,48.5,475.1,62.49
8961,30302,30303,10.111,0.949,76.94
8962,30304,30305,28.167,5.367,224.35
8963,30306,30307,11.333,0.97,87.37
8964,30308,30309,11.833,3.767,83.33
8965,30310,30311,2.0,0.0,12.09
8966,30312,30313,9.5,0.636,66.61
8967,30314,30315,8.875,0.411,60.41
8968,30316,30317,67.923,6731.244,48.97
8969,30318,30319,27.0,0.0,216.1
8970,30320,30321,6.0,0.0,45.77
8971,30322,30323,14.0,0.5,109.02
8972,30324,30325,14.923,1.41,112.15
8973,30326,30327,6.727,0.97,52.56
8974,30328,30329,5.176,0.279,38.75
8975,30330,30331,14.455,1.273,107.59
8976,30332,30333,5.867,0.41,46.69
8977,30334,30335,4.846,0.141,39.05
8978,30338,30339,4.3,2.456,23.66
8979,30346,30347,6.0,0.0,36.11
8980,30348,30349,2.0,0.0,21.11
8981,30350,30351,2.0,0.0,14.81
8982,30354,30355,13.5,0.5,26.59
8983,30358,30359,3.0,0.0,6.41
8984,30360,30361,30.0,4.667,204.31
8985,30362,30363,18.0,2.0,125.01
8986,30364,30365,3.667,0.333,28.65
8987,30372,30373,2.0,0.0,9.64
8988,30374,30375,17.0,0.0,39.02
8989,30376,30377,16.0,0.0,116.85
8990,30378,30379,8.412,1.007,62.74
8991,30380,30381,5.682,0.513,38.76
8992,30382,30383,30.0,13.0,220.47
8993,30384,30385,4.273,0.618,31.33
8994,30386,30387,9.706,1.096,68.31
8995,30388,30389,19.0,0.0,133.28
8996,30392,30393,6.75,0.25,50.52
8997,30394,30395,7.0,0.0,53.18
8998,30396,30397,6.5,0.5,53.55
8999,30398,30399,4.2,0.7,24.09
9000,30400,30401,6.0,0.0,48.78
9001,30404,30405,6.0,0.0,37.67
9002,30406,30407,6.667,1.333,51.2
9003,30408,30409,6.667,0.333,52.84
9004,30410,30411,1.333,0.333,10.53
9005,30414,30415,5.0,0.0,37.65
9006,30416,30417,2.333,0.333,16.88
9007,30418,30419,2.6,0.3,19.28
9008,30420,30421,1.333,0.333,10.96
9009,30422,30423,3.667,0.333,30.15
9010,30424,30425,3.75,0.25,26.64
9011,30426,30427,2.5,0.5,21.37
9012,30428,30429,3.0,0.0,21.89
9013,30430,30431,1.5,0.5,13.75
9014,30432,30433,5.5,0.5,35.93
9015,30434,30435,9.0,0.0,67.76
9016,30436,30437,7.0,0.0,51.98
9017,30438,30439,7.0,0.0,46.9
9018,30442,30443,7.0,2.0,50.24
9019,30444,30445,7.25,0.25,48.62
9020,30446,30447,10.714,1.238,79.9
9021,30448,30449,4.0,2.0,23.96
9022,30450,30451,12.0,0.0,107.75
9023,30452,30453,2.727,0.218,23.11
9024,30454,30455,4.6,0.3,56.31
9025,30468,30469,4.0,0.0,37.27
9026,30472,30473,16.714,1.238,194.22
9027,30474,30475,31.0,0.0,142.5
9028,30478,30479,5.17,0.188,56.3
9029,30480,30481,8.39,8.144,102.25
9030,30482,30483,3.969,1.515,45.16
9031,30484,30485,1.35,0.239,14.37
9032,30486,30487,11.867,0.695,159.27
9033,30488,30489,3.071,0.071,44.24
9034,30492,30493,3.0,0.0,38.23
9035,30494,30495,12.0,0.0,166.62
9036,30500,30501,8.429,1.619,40.56
9037,30502,30503,17.0,1.0,80.21
9038,30506,30507,2.4,0.3,13.65
9039,30510,30511,1.2,0.2,5.35
9040,30522,30523,1.5,0.333,5.56
9041,30526,30527,9.846,140.141,14.27
9042,30528,30529,6.75,0.25,34.62
9043,30536,30537,2.25,0.205,21.24
9044,30538,30539,8.615,0.756,105.11
9045,30542,30543,2.167,0.167,22.68
9046,30544,30545,1.167,0.167,8.82
9047,30548,30549,12.4,84.386,40.74
9048,30550,30551,2.5,0.5,35.74
9049,30552,30553,1.722,0.212,8.52
9050,30554,30555,14.909,3.091,67.11
9051,30556,30557,2.455,0.273,11.21
9052,30560,30561,5.4,0.3,24.55
9053,30562,30563,6.333,2.333,29.68
9054,30564,30565,12.0,0.0,61.35
9055,30566,30567,4.0,0.0,19.2
9056,30568,30569,4.0,0.0,16.55
9057,30570,30571,9.0,0.0,50.79
9058,30572,30573,3.0,0.0,15.78
9059,30578,30579,9.0,0.0,48.42
9060,30580,30581,9.0,0.0,48.4
9061,30584,30585,1.862,0.123,17.81
9062,30588,30589,45.0,0.0,220.73
9063,30590,30591,5.0,0.0,0.2
9064,30592,30593,2.214,0.172,24.47
9065,30594,30595,13.781,1.225,170.89
9066,30596,30597,13.902,2.028,170.38
9067,30598,30599,3.851,0.22,47.03
9068,30600,30601,4.182,1.043,47.09
9069,30602,30603,1.13,0.119,12.55
9070,30604,30605,2.625,3.696,10.93
9071,30636,30637,6.0,0.0,38.5
9072,30640,30641,5.75,0.917,38.4
9073,30648,30649,50.5,0.5,108.9
9074,30652,30653,3.0,1.0,27.33
9075,30654,30655,18.0,0.0,39.29
9076,30656,30657,20.0,13.0,150.65
9077,30658,30659,3.25,20.25,9.06
9078,30660,30661,1.111,0.111,3.0
9079,30662,30663,8.0,0.0,62.08
9080,30664,30665,13.0,0.0,107.75
9081,30666,30667,5.75,0.25,42.86
9082,30668,30669,11.5,55.0,14.13
9083,30672,30673,22.0,556.0,6.27
9084,30674,30675,6.0,0.0,35.88
9085,30676,30677,23.0,0.0,116.78
9086,30678,30679,6.0,0.4,30.68
9087,30680,30681,7.167,0.567,31.73
9088,30682,30683,6.5,0.857,29.73
9089,30684,30685,9.0,0.0,40.23
9090,30688,30689,6.997,0.88,104.84
9091,30692,30693,97.125,474.696,4198.01
9092,30694,30695,25.209,16.16,1228.71
9093,30696,30697,5.881,16.407,184.36
9094,30698,30699,3.954,0.936,194.17
9095,30700,30701,5.598,0.338,254.73
9096,30702,30703,2.506,1.434,76.53
9097,30704,30705,4.032,8.005,62.12
9098,30706,30707,3.379,0.548,63.7
9099,30708,30709,3.046,0.213,77.84
9100,30710,30711,8.375,2.839,235.09
9101,30712,30713,41.194,530.504,23.83
9102,30714,30715,2.468,0.257,37.12
9103,30716,30717,5.25,1.071,188.91
9104,30718,30719,4.5,0.286,228.5
9105,30720,30721,8.927,0.776,327.02
9106,30722,30723,14.957,88.052,61.83
9107,30724,30725,7.015,17.05,59.86
9108,30726,30727,14.359,103.616,64.7
9109,30728,30729,5.766,111.319,28.86
9110,30730,30731,21.824,511.963,29.14
9111,30732,30733,2.524,0.253,32.21
9112,30734,30735,10.878,37.61,25.51
9113,30736,30737,31.32,421.845,51.27
9114,30738,30739,1.074,0.551,11.13
9115,30740,30741,1.309,0.221,15.36
9116,30742,30743,2.1,2.884,21.72
9117,30744,30745,8.607,55.573,43.69
9118,30746,30747,9.579,60.591,71.31
9119,30748,30749,24.978,368.065,44.85
9120,30750,30751,1.786,0.231,21.97
9121,30752,30753,3.237,3.536,35.8
9122,30754,30755,35.358,542.36,52.83
9123,30756,30757,4.27,0.316,55.07
9124,30758,30759,9.108,1.166,118.45
9125,30760,30761,13.152,18.507,135.4
9126,30762,30763,14.634,2.264,184.57
9127,30764,30765,2.078,0.288,24.44
9128,30766,30767,15.95,28.983,174.38
9129,30770,30771,46.537,1067.707,48.36
9130,30772,30773,5.043,80.952,6.22
9131,30774,30775,3.683,56.756,4.43
9132,30776,30777,15.76,223.464,40.83
9133,30778,30779,14.974,196.507,113.58
9134,30780,30781,11.395,310.092,33.76
9135,30782,30783,18.881,544.093,22.85
9136,30784,30785,5.344,57.071,23.14
9137,30786,30787,2.559,25.585,12.67
9138,30788,30789,3.723,43.105,1.24
9139,30790,30791,13.947,161.755,50.56
9140,30792,30793,16.47,202.203,51.15
9141,30794,30795,22.47,258.331,66.86
9142,30796,30797,12.7,129.542,41.11
9143,30798,30799,1.842,0.328,22.58
9144,30800,30801,1.568,0.256,19.23
9145,30802,30803,3.681,8.935,38.66
9146,30804,30805,3.944,1.326,47.87
9147,30806,30807,3.956,0.377,50.14
9148,30810,30811,2.057,0.174,26.52
9149,30812,30813,3.764,0.383,47.5
9150,30814,30815,9.754,4.807,119.02
9151,30816,30817,1.53,5.123,13.08
9152,30818,30819,2.226,18.211,5.07
9153,30820,30821,4.416,25.467,26.05
9154,30822,30823,5.927,48.957,14.46
9155,30824,30825,2.713,9.036,23.52
9156,30826,30827,10.216,59.727,33.51
9157,30828,30829,4.87,0.324,58.67
9158,30830,30831,9.833,97.065,54.4
9159,30832,30833,1.32,0.909,7.48
9160,30834,30835,6.627,252.316,2.96
9161,30836,30837,40.648,1404.628,63.94
9162,30838,30839,27.82,183.711,108.01
9163,30842,30843,4.4,0.3,34.77
9164,30844,30845,4.75,0.25,39.24
9165,30846,30847,5.0,0.667,40.35
9166,30852,30853,3.0,0.0,23.12
9167,30854,30855,1.667,0.333,10.09
9168,30870,30871,6.5,0.5,45.32
9169,30872,30873,5.0,0.0,30.76
9170,30874,30875,4.333,0.333,29.39
9171,30876,30877,7.0,0.0,51.22
9172,30878,30879,9.5,0.5,64.04
9173,30904,30905,4.0,0.0,30.97
9174,30906,30907,5.0,0.0,33.91
9175,30910,30911,9.0,0.857,72.49
9176,30912,30913,3.667,1.333,31.66
9177,30914,30915,3.5,0.333,26.12
9178,30916,30917,9.5,0.5,76.09
9179,30920,30921,50.571,28.042,2714.56
9180,30922,30923,4.918,2.225,140.66
9181,30924,30925,13.605,2.578,360.69
9182,30926,30927,6.27,0.563,340.62
9183,30928,30929,2.74,0.243,76.61
9184,30930,30931,3.748,0.288,97.77
9185,30932,30933,5.549,5.157,176.48
9186,30934,30935,18.101,3.816,479.22
9187,30936,30937,9.213,90.545,19.17
9188,30938,30939,4.156,7.673,45.22
9189,30940,30941,17.027,37.217,169.36
9190,30942,30943,4.2,0.327,52.0
9191,30944,30945,6.916,0.886,86.85
9192,30946,30947,15.768,128.135,58.97
9193,30950,30951,10.208,4.226,120.26
9194,30952,30953,3.823,0.607,46.99
9195,30954,30955,5.69,0.596,70.22
9196,30956,30957,3.725,0.278,46.1
9197,30958,30959,8.75,34.376,56.19
9198,30960,30961,4.429,0.789,54.82
9199,30962,30963,2.461,5.891,22.9
9200,30964,30965,1.043,0.129,6.86
9201,30966,30967,14.705,2.422,188.5
9202,30968,30969,2.443,2.166,29.42
9203,30970,30971,3.0,0.0,36.41
9204,30972,30973,10.0,2.0,128.2
9205,30974,30975,34.5,24.5,459.49
9206,30976,30977,4.5,0.5,56.34
9207,30980,30981,6.9,0.322,75.53
9208,30982,30983,10.444,1.028,122.03
9209,30992,30993,11.0,0.0,58.15
9210,30994,30995,2.0,0.0,7.96
9211,31000,31001,22.0,0.0,102.91
9212,31002,31003,38.0,0.0,156.23
9213,31004,31005,21.0,0.0,92.04
9214,31016,31017,15.074,2.674,71.07
9215,31018,31019,24.0,9.102,114.17
9216,31020,31021,12.88,9.904,56.69
9217,31022,31023,1.828,0.148,11.09
9218,31024,31025,12.0,0.4,88.41
9219,31026,31027,1.033,0.033,6.58
9220,31028,31029,4.517,0.33,34.41
9221,31030,31031,7.308,0.782,52.3
9222,31034,31035,6.612,57.22,36.22
9223,31036,31037,7.0,3.0,34.63
9224,31038,31039,7.419,40.904,93.6
9225,31044,31045,10.0,0.0,140.03
9226,31046,31047,15.671,3.771,194.5
9227,31048,31049,6.947,0.675,85.44
9228,31050,31051,2.763,0.248,34.12
9229,31052,31053,2.185,0.196,26.84
9230,31054,31055,1.739,0.195,21.3
9231,31056,31057,3.728,0.332,46.01
9232,31058,31059,3.38,0.304,42.59
9233,31060,31061,1.88,0.194,23.58
9234,31062,31063,9.717,1.546,103.95
9235,31064,31065,22.169,2.78,259.33
9236,31066,31067,19.482,4.93,224.47
9237,31068,31069,13.417,3.907,90.92
9238,31070,31071,2.102,1.302,10.05
9239,31080,31081,3.2,0.2,22.82
9240,31082,31083,9.167,0.967,68.12
9241,31084,31085,26.333,0.333,199.82
9242,31086,31087,2.128,0.206,32.01
9243,31088,31089,4.86,0.457,73.75
9244,31094,31095,4.0,0.5,22.05
9245,31096,31097,10.4,2.3,51.86
9246,31098,31099,29.737,136.094,180.25
9247,31100,31101,17.0,4.0,79.2
9248,31102,31103,93.444,77.778,458.71
9249,31104,31105,7.5,0.5,32.61
9250,31110,31111,16.222,11.209,187.7
9251,31112,31113,2.667,0.333,20.42
9252,31114,31115,19.75,2.25,155.01
9253,31116,31117,10.667,1.152,76.17
9254,31118,31119,8.727,1.618,59.79
9255,31120,31121,10.545,92.355,49.88
9256,31122,31123,4.944,0.291,39.44
9257,31126,31127,2.2,0.168,18.5
9258,31128,31129,3.476,0.362,26.1
9259,31130,31131,1.45,0.261,12.33
9260,31136,31137,14.0,0.0,62.92
9261,31138,31139,6.0,0.0,27.0
9262,31140,31141,6.0,0.0,51.77
9263,31142,31143,2.5,0.333,13.01
9264,31144,31145,2.571,0.286,15.45
9265,31146,31147,9.25,0.917,74.5
9266,31148,31149,11.0,2.667,89.52
9267,31150,31151,2.5,0.3,17.46
9268,31152,31153,12.0,1.75,90.75
9269,31154,31155,17.8,49.956,104.8
9270,31158,31159,11.0,1.0,81.09
9271,31160,31161,16.111,23.361,105.66
9272,31164,31165,6.4,0.3,44.43
9273,31166,31167,6.0,1.0,39.0
9274,31168,31169,7.0,0.0,52.7
9275,31170,31171,10.0,0.0,73.88
9276,31172,31173,22.75,0.25,171.8
9277,31174,31175,13.0,0.0,90.69
9278,31176,31177,22.667,301.067,91.67
9279,31178,31179,4.5,1.192,33.29
9280,31180,31181,5.7,0.678,40.29
9281,31184,31185,1.714,0.238,10.24
9282,31186,31187,3.143,0.143,23.37
9283,31188,31189,5.667,0.667,38.45
9284,31190,31191,5.857,1.81,41.09
9285,31192,31193,2.25,0.917,18.42
9286,31194,31195,23.0,0.0,202.51
9287,31202,31203,2.733,0.352,21.24
9288,31204,31205,6.333,1.381,47.75
9289,31206,31207,3.143,0.286,19.38
9290,31210,31211,3.0,0.0,21.54
9291,31218,31219,12.0,0.0,12.68
9292,31220,31221,46.5,28.667,347.03
9293,31228,31229,4.748,0.436,57.45
9294,31230,31231,54.0,19.6,283.3
9295,31236,31237,100.333,128.242,464.57
9296,31240,31241,6.071,0.533,71.58
9297,31242,31243,3.0,0.5,36.3
9298,31244,31245,7.5,0.7,88.39
9299,31246,31247,5.25,0.25,60.84
9300,31248,31249,11.25,0.917,139.07
9301,31250,31251,1.25,0.25,7.6
9302,31252,31253,3.333,0.333,25.6
9303,31254,31255,5.333,0.333,41.53
9304,31256,31257,2.0,0.0,11.75
9305,31260,31261,3.167,0.232,24.0
9306,31262,31263,2.542,0.259,19.42
9307,31264,31265,3.458,0.346,27.22
9308,31266,31267,3.038,0.598,33.26
9309,31268,31269,2.321,0.226,31.24
9310,31270,31271,2.591,0.348,19.36
9311,31272,31273,3.696,0.312,28.28
9312,31274,31275,4.368,0.579,32.79
9313,31276,31277,1.053,0.053,8.62
9314,31278,31279,5.1,0.516,36.16
9315,31280,31281,20.227,514.279,15.73
9316,31284,31285,14.0,0.0,95.81
9317,31286,31287,23.0,2.0,192.2
9318,31296,31297,16.029,2085.032,50.71
9319,31298,31299,13.371,1346.176,15.17
9320,31300,31301,1.372,0.236,10.28
9321,31308,31309,13.0,50.0,0.2
9322,31310,31311,5.375,0.839,41.38
9323,31312,31313,9.167,0.967,72.14
9324,31314,31315,41.25,710.917,211.39
9325,31316,31317,2.833,0.147,21.4
9326,31320,31321,3.278,0.212,25.07
9327,31322,31323,3.5,0.265,26.19
9328,31324,31325,2.824,0.154,17.46
9329,31328,31329,10.811,1.047,54.26
9330,31330,31331,8.6,0.8,35.04
9331,31338,31339,1.143,0.129,5.73
9332,31340,31341,7.538,65.436,14.07
9333,31348,31349,4.842,0.251,24.77
9334,31352,31353,6.333,0.833,31.72
9335,31354,31355,8.333,0.633,42.08
9336,31378,31379,1.6,0.8,6.08
9337,31382,31383,3.333,1.0,12.65
9338,31384,31385,1.571,2.286,3.54
9339,31386,31387,1.5,1.5,3.67
9340,31388,31389,1.583,4.083,3.34
9341,31404,31405,72.25,39.071,357.62
9342,31406,31407,86.571,58.619,399.59
9343,31408,31409,118.444,91.778,559.23
9344,31410,31411,25.455,6.873,123.01
9345,31414,31415,7.0,0.0,35.17
9346,31416,31417,4.0,0.0,20.47
9347,31420,31421,1.333,0.333,1.4
9348,31422,31423,1.231,0.185,6.29
9349,31424,31425,8.5,182.087,15.47
9350,31428,31429,3.5,0.5,18.54
9351,31430,31431,14.5,1.0,75.59
9352,31440,31441,15.0,2.0,69.0
9353,31442,31443,32.0,1.0,71.58
9354,31444,31445,22.143,7.81,49.67
9355,31462,31463,3.333,0.333,16.23
9356,31464,31465,10.0,0.0,83.49
9357,31468,31469,13.0,2.0,68.96
9358,31470,31471,6.0,2.0,30.15
9359,31476,31477,17.424,3.002,205.04
9360,31478,31479,4.667,0.633,57.64
9361,31480,31481,17.048,7.348,213.14
9362,31482,31483,11.6,1.3,139.28
9363,31510,31511,19.0,2.0,146.57
9364,31512,31513,2.0,0.0,15.08
9365,31514,31515,18.667,241.333,44.16
9366,31516,31517,2.0,0.0,15.33
9367,31518,31519,19.0,0.0,198.56
9368,31520,31521,5.0,1.0,48.72
9369,31522,31523,10.833,129.767,72.1
9370,31524,31525,1.167,0.167,7.23
9371,31526,31527,6.056,0.722,73.96
9372,31528,31529,9.757,43.368,72.26
9373,31532,31533,1.148,0.184,10.78
9374,31534,31535,5.121,1.283,56.62
9375,31536,31537,7.304,11.97,74.28
9376,31538,31539,3.009,0.287,57.34
9377,31542,31543,5.0,0.0,28.64
9378,31544,31545,8.0,2.0,47.79
9379,31546,31547,5.625,0.268,49.0
9380,31554,31555,15.0,0.0,49.26
9381,31558,31559,1.714,0.238,11.51
9382,31560,31561,3.0,0.0,20.39
9383,31562,31563,1.2,0.2,11.64
9384,31564,31565,10.6,1.3,80.99
9385,31574,31575,29.75,224.917,152.73
9386,31576,31577,22.0,0.0,187.34
9387,31578,31579,3.0,0.0,21.86
9388,31580,31581,4.0,0.0,19.96
9389,31582,31583,3.75,0.25,23.76
9390,31584,31585,5.667,0.333,33.69
9391,31586,31587,4.0,0.0,24.13
9392,31588,31589,2.0,0.0,15.58
9393,31590,31591,20.833,1.367,153.27
9394,31592,31593,14.5,3.0,114.94
9395,31594,31595,9.0,0.0,60.51
9396,31596,31597,22.667,10.333,175.0
9397,31598,31599,10.786,1.258,72.55
9398,31600,31601,26.0,0.0,188.22
9399,31602,31603,13.75,0.917,104.14
9400,31604,31605,5.0,0.0,36.76
9401,31612,31613,3.0,0.0,77.86
9402,31614,31615,10.4,48.8,46.87
9403,31624,31625,6.0,0.0,51.52
9404,31626,31627,6.0,0.0,49.55
9405,31628,31629,6.0,0.0,44.25
9406,31634,31635,7.5,0.5,39.21
9407,31636,31637,41.0,25.0,77.83
9408,31640,31641,21.0,0.0,47.71
9409,31648,31649,23.0,0.0,85.19
9410,31650,31651,1.5,2.0,1.29
9411,31656,31657,1.25,0.25,6.51
9412,31658,31659,8.167,0.967,41.02
9413,31666,31667,9.667,0.333,42.14
9414,31668,31669,7.8,1.7,37.41
9415,31670,31671,6.667,1.333,26.79
9416,31678,31679,20.8,1.7,158.11
9417,31680,31681,5.667,0.333,40.08
9418,31690,31691,6.75,0.917,49.16
9419,31692,31693,13.0,1.0,100.4
9420,31694,31695,14.5,0.5,108.69
9421,31696,31697,7.0,0.0,55.11
9422,31698,31699,16.0,0.0,113.75
9423,31700,31701,6.0,0.0,36.85
9424,31704,31705,6.0,0.0,35.89
9425,31708,31709,1.2,0.2,4.77
9426,31710,31711,9.5,0.5,48.19
9427,31712,31713,11.0,0.0,49.33
9428,31718,31719,8.674,3.654,104.12
9429,31720,31721,11.773,4.656,144.16
9430,31730,31731,3.5,0.5,22.35
9431,31732,31733,22.0,0.0,146.37
9432,31738,31739,15.875,3.839,114.56
9433,31740,31741,3.5,0.286,25.84
9434,31742,31743,6.875,0.696,47.92
9435,31744,31745,1.286,0.238,9.91
9436,31746,31747,6.25,0.786,44.71
9437,31750,31751,5.0,0.5,36.57
9438,31752,31753,13.778,2.536,105.05
9439,31756,31757,59.727,91.418,266.41
9440,31758,31759,31.0,334.724,163.52
9441,31760,31761,49.7,4087.101,233.07
9442,31770,31771,18.875,7.268,93.63
9443,31772,31773,122.875,743.268,531.47
9444,31774,31775,9.4,0.3,46.92
9445,31776,31777,11.0,0.0,54.05
9446,31778,31779,7.0,8.0,3.04
9447,31780,31781,3.908,18.186,33.47
9448,31782,31783,15.812,130.766,54.68
9449,31784,31785,26.848,906.807,74.29
9450,31786,31787,14.151,452.162,19.39
9451,31788,31789,3.591,0.336,41.89
9452,31790,31791,1.114,0.102,13.29
9453,31792,31793,1.062,0.059,9.85
9454,31794,31795,10.528,1.777,130.51
9455,31796,31797,1.127,1.883,7.22
9456,31798,31799,5.574,44.919,41.2
9457,31800,31801,1.704,13.301,8.04
9458,31802,31803,26.0,14.0,186.91
9459,31808,31809,6.667,0.333,34.39
9460,31812,31813,7.571,14.952,27.16
9461,31818,31819,25.5,480.5,0.2
9462,31822,31823,2.0,0.0,10.04
9463,31828,31829,21.0,0.0,95.48
9464,31832,31833,6.25,0.25,45.91
9465,31834,31835,30.5,4.5,217.87
9466,31838,31839,39.333,104.333,155.7
9467,31840,31841,7.5,0.5,30.28
9468,31842,31843,2.667,0.333,12.21
9469,31844,31845,3.098,3.423,15.98
9470,31846,31847,2.515,0.282,30.76
9471,31848,31849,2.319,0.263,29.02
9472,31850,31851,5.717,0.686,70.29
9473,31854,31855,1.4,0.3,8.01
9474,31864,31865,3.0,0.0,13.6
9475,31866,31867,9.0,3.2,39.03
9476,31868,31869,3.0,0.0,13.87
9477,31872,31873,20.0,32.667,64.87
9478,31874,31875,21.333,345.333,0.2
9479,31876,31877,2.745,0.815,28.75
9480,31878,31879,3.0,0.0,0.11
9481,31904,31905,3.667,0.333,22.55
9482,31914,31915,8.0,0.0,60.49
9483,31920,31921,3.0,0.0,23.17
9484,31922,31923,1.5,0.5,10.77
9485,31924,31925,5.0,0.0,36.97
9486,31926,31927,3.0,0.0,15.93
9487,31928,31929,23.0,0.0,84.44
9488,31930,31931,5.5,1.0,25.26
9489,31932,31933,8.0,1.333,41.78
9490,31936,31937,6.0,0.0,24.11
9491,31938,31939,20.5,2.722,44.36
9492,31942,31943,7.571,0.286,15.83
9493,31944,31945,52.5,24.5,106.72
9494,31946,31947,61.0,0.0,152.23
9495,31954,31955,1.029,0.029,7.2
9496,31956,31957,7.029,1.302,47.46
9497,31958,31959,9.9,1.042,72.04
9498,31960,31961,5.556,1.278,40.28
9499,31962,31963,13.0,0.0,96.98
9500,31964,31965,2.0,0.0,11.61
9501,31966,31967,14.0,0.0,70.85
9502,31968,31969,7.5,1.0,37.55
9503,31970,31971,3.182,0.164,24.06
9504,31972,31973,35.5,4.5,223.74
9505,31976,31977,6.75,6.917,55.49
9506,31978,31979,8.0,0.0,63.97
9507,31982,31983,99.0,42474.0,62.63
9508,31984,31985,32.12,5212.443,10.69
9509,31986,31987,77.833,15952.058,23.79
9510,31988,31989,120.739,18905.929,17.2
9511,31990,31991,111.391,35324.431,66.16
9512,31992,31993,61.286,4558.212,50.55
9513,31994,31995,9.333,0.333,71.07
9514,31996,31997,5.0,0.0,36.82
9515,31998,31999,3.184,0.361,38.7
9516,32000,32001,3.714,0.333,41.58
9517,32002,32003,6.463,0.705,76.91
9518,32004,32005,2.432,0.251,28.85
9519,32008,32009,3.786,0.758,45.07
9520,32012,32013,3.111,0.273,40.49
9521,32014,32015,14.973,199.638,84.12
9522,32016,32017,13.686,2.516,103.48
9523,32018,32019,4.343,0.408,33.4
9524,32020,32021,6.371,0.946,50.26
9525,32022,32023,2.923,0.244,24.17
9526,32024,32025,1.025,0.03,11.82
9527,32026,32027,72.368,72.783,4000.33
9528,32028,32029,2.397,0.241,27.74
9529,32030,32031,21.0,1.5,161.29
9530,32032,32033,6.0,0.667,43.88
9531,32034,32035,2.836,91.344,11.29
9532,32036,32037,18.369,577.525,52.61
9533,32038,32039,21.759,672.366,64.57
9534,32040,32041,5.734,268.409,6.61
9535,32042,32043,3.343,0.232,42.47
9536,32044,32045,2.27,0.203,27.71
9537,32048,32049,3.1,0.1,24.64
9538,32054,32055,5.667,0.424,37.84
9539,32058,32059,8.0,0.0,36.49
9540,32064,32065,5.5,0.5,28.39
9541,32068,32069,1.4,0.8,3.23
9542,32072,32073,7.667,0.333,37.75
9543,32074,32075,19.5,3.0,41.4
9544,32076,32077,28.0,17.6,57.87
9545,32080,32081,20.0,0.0,51.48
9546,32082,32083,58.75,23.583,123.76
9547,32098,32099,25.0,12.0,53.26
9548,32100,32101,3.679,0.368,28.65
9549,32102,32103,2.907,0.274,22.46
9550,32104,32105,10.917,0.949,83.83
9551,32106,32107,7.857,0.329,60.77
9552,32108,32109,5.615,0.256,43.88
9553,32110,32111,7.273,0.418,53.83
9554,32112,32113,7.889,0.611,61.96
9555,32114,32115,6.333,0.267,46.0
9556,32116,32117,5.5,0.5,29.52
9557,32120,32121,12.286,3.514,59.55
9558,32122,32123,14.333,5.75,67.9
9559,32124,32125,2.846,12.308,2.14
9560,32126,32127,2.762,5.69,5.16
9561,32128,32129,9.385,11.59,29.26
9562,32130,32131,2.125,0.696,14.22
9563,32134,32135,9.5,0.333,61.22
9564,32136,32137,2.0,0.0,14.68
9565,32144,32145,9.556,0.278,67.05
9566,32146,32147,21.286,3.238,152.16
9567,32148,32149,3.0,0.25,19.29
9568,32150,32151,2.714,0.238,18.62
9569,32158,32159,6.875,0.696,52.26
9570,32160,32161,7.0,1.333,54.56
9571,32162,32163,12.0,1.0,94.22
9572,32164,32165,2.448,7.948,7.73
9573,32166,32167,2.244,0.405,23.69
9574,32168,32169,1.936,0.175,23.12
9575,32170,32171,7.595,1.218,89.98
9576,32172,32173,3.692,2.573,39.97
9577,32174,32175,13.0,2.0,100.15
9578,32176,32177,23.4,28.3,159.08
9579,32178,32179,14.0,6.5,90.0
9580,32184,32185,48.5,0.5,352.44
9581,32186,32187,71.0,0.0,317.8
9582,32200,32201,7.5,4.5,36.25
9583,32202,32203,7.0,2.0,31.94
9584,32206,32207,4.0,0.0,31.74
9585,32216,32217,2.0,0.0,11.64
9586,32218,32219,9.0,0.0,59.74
9587,32220,32221,1.5,0.5,9.22
9588,32222,32223,7.333,0.333,46.86
9589,32224,32225,3.25,0.25,22.1
9590,32226,32227,11.0,0.0,49.77
9591,32228,32229,1.333,0.333,7.31
9592,32230,32231,20.0,0.0,93.29
9593,32236,32237,43.5,0.5,198.93
9594,32238,32239,29.5,12.5,131.64
9595,32240,32241,16.0,0.0,68.66
9596,32242,32243,10.5,4.5,55.59
9597,32244,32245,18.0,0.0,89.48
9598,32246,32247,78.0,0.0,305.41
9599,32252,32253,43.5,7.5,202.81
9600,32256,32257,65.0,0.0,317.52
9601,32260,32261,67.5,40.5,317.4
9602,32262,32263,6.75,0.25,48.23
9603,32264,32265,9.339,1.096,111.0
9604,32266,32267,2.171,0.201,26.94
9605,32268,32269,8.382,1.042,101.94
9606,32270,32271,4.743,2.216,53.48
9607,32272,32273,2.283,2.228,19.71
9608,32276,32277,5.0,0.0,37.72
9609,32278,32279,4.0,0.0,29.29
9610,32280,32281,12.0,1.111,85.98
9611,32286,32287,3.6,0.8,17.39
9612,32288,32289,1.917,1.902,7.61
9613,32294,32295,4.0,0.0,21.41
9614,32296,32297,4.8,1.537,33.57
9615,32298,32299,11.342,128.772,57.22
9616,32300,32301,56.527,3803.786,68.33
9617,32302,32303,6.713,0.737,84.81
9618,32304,32305,23.629,105.171,147.23
9619,32306,32307,5.182,0.537,67.58
9620,32308,32309,14.833,3.912,187.05
9621,32310,32311,8.455,0.873,63.11
9622,32312,32313,10.364,15.855,55.68
9623,32320,32321,14.0,0.0,4.75
9624,32322,32323,1.016,0.016,15.23
9625,32352,32353,11.5,1.52,87.64
9626,32354,32355,7.286,0.708,53.22
9627,32356,32357,5.37,0.46,39.8
9628,32358,32359,13.952,3.168,104.97
9629,32360,32361,4.457,0.55,32.25
9630,32362,32363,10.846,1.308,80.54
9631,32366,32367,5.059,0.059,51.87
9632,32368,32369,1.643,0.247,17.55
9633,32370,32371,3.692,0.564,18.45
9634,32372,32373,40.7,31.789,188.88
9635,32374,32375,67.833,111.061,326.47
9636,32376,32377,8.667,0.333,94.84
9637,32378,32379,3.0,0.0,30.18
9638,32384,32385,19.0,12.0,37.28
9639,32390,32391,2.226,0.342,13.36
9640,32400,32401,5.0,0.182,53.66
9641,32402,32403,3.0,0.182,25.98
9642,32404,32405,23.444,4.278,266.67
9643,32406,32407,12.316,1.228,142.33
9644,32408,32409,49.5,391.5,266.32
9645,32412,32413,69.0,50.0,136.31
9646,32414,32415,7.0,0.0,11.67
9647,32420,32421,21.0,8.368,148.89
9648,32422,32423,20.0,0.0,167.75
9649,32426,32427,11.25,3.583,80.91
9650,32428,32429,6.5,0.333,44.02
9651,32430,32431,2.571,0.286,15.53
9652,32432,32433,5.0,0.5,39.11
9653,32434,32435,4.0,0.0,30.06
9654,32436,32437,11.0,68.0,57.66
9655,32438,32439,13.4,2.358,97.94
9656,32442,32443,15.0,0.0,119.11
9657,32444,32445,21.667,1.333,161.45
9658,32446,32447,13.25,0.25,96.79
9659,32448,32449,12.9,0.783,156.51
9660,32450,32451,11.5,0.286,143.86
9661,32452,32453,12.0,0.667,141.07
9662,32456,32457,5.4,0.3,24.79
9663,32458,32459,2.6,0.3,9.73
9664,32460,32461,4.667,0.333,20.42
9665,32464,32465,25.5,6.333,175.43
9666,32466,32467,4.0,0.0,30.09
9667,32468,32469,2.5,0.5,15.44
9668,32472,32473,6.0,0.0,32.95
9669,32474,32475,5.125,21.839,11.31
9670,32476,32477,11.429,2.286,86.83
9671,32478,32479,5.716,0.453,117.83
9672,32480,32481,13.133,1.919,257.78
9673,32482,32483,5.264,0.601,82.0
9674,32488,32489,2.316,0.291,30.35
9675,32490,32491,13.21,2.496,170.26
9676,32492,32493,1.5,0.5,5.72
9677,32496,32497,2.0,0.0,9.36
9678,32506,32507,4.0,0.0,19.17
9679,32512,32513,4.0,0.0,13.54
9680,32526,32527,20.569,6.37,145.77
9681,32528,32529,10.571,1.917,74.32
9682,32532,32533,4.132,0.54,51.66
9683,32534,32535,8.0,0.846,100.85
9684,32536,32537,3.75,0.25,23.11
9685,32538,32539,14.0,1.0,112.19
9686,32540,32541,11.0,1.0,82.63
9687,32542,32543,5.6,0.489,105.61
9688,32544,32545,1.248,0.187,12.95
9689,32546,32547,12.0,2.0,51.52
9690,32550,32551,2.0,0.0,8.62
9691,32552,32553,1.789,0.175,9.27
9692,32556,32557,1.333,0.333,7.99
9693,32564,32565,1.466,5.124,8.08
9694,32566,32567,2.171,16.799,10.84
9695,32568,32569,5.058,50.295,20.18
9696,32570,32571,11.652,11.789,131.42
9697,32572,32573,1.036,0.035,5.45
9698,32574,32575,3.5,12.681,13.23
9699,32576,32577,4.732,0.607,56.25
9700,32578,32579,1.199,0.197,13.8
9701,32580,32581,11.287,31.119,96.78
9702,32582,32583,20.458,8.205,245.12
9703,32584,32585,1.122,0.31,5.98
9704,32586,32587,3.419,1.288,22.35
9705,32588,32589,2.912,53.303,10.08
9706,32590,32591,42.185,1449.311,19.89
9707,32592,32593,2.589,0.285,30.83
9708,32594,32595,2.15,14.871,4.14
9709,32626,32627,2.0,0.0,10.36
9710,32628,32629,1.5,0.5,7.98
9711,32630,32631,3.0,0.0,17.04
9712,32636,32637,3.5,0.278,17.25
9713,32638,32639,10.875,1.554,54.18
9714,32640,32641,45.0,8.0,7.55
9715,32642,32643,4.66,136.352,12.36
9716,32644,32645,6.5,0.333,73.64
9717,32646,32647,9.0,1.0,113.75
9718,32648,32649,8.333,0.333,90.71
9719,32650,32651,1.824,0.279,11.08
9720,32654,32655,11.0,1.5,53.77
9721,32656,32657,51.545,34.473,244.65
9722,32658,32659,3.364,0.455,16.41
9723,32660,32661,15.0,3.0,68.41
9724,32662,32663,3.667,0.267,17.63
9725,32666,32667,6.667,1.879,56.82
9726,32668,32669,13.125,3.05,94.41
9727,32670,32671,16.0,3.0,106.23
9728,32672,32673,13.5,1.0,99.62
9729,32674,32675,7.667,0.333,52.5
9730,32676,32677,12.0,0.0,76.06
9731,32680,32681,7.0,0.0,49.55
9732,32682,32683,7.333,0.267,75.16
9733,32684,32685,12.2,0.2,127.39
9734,32686,32687,3.576,0.359,44.69
9735,32688,32689,4.561,0.511,57.81
9736,32692,32693,6.373,1.19,78.4
9737,32694,32695,11.243,1.922,138.14
9738,32696,32697,8.381,1.257,101.89
9739,32698,32699,2.743,0.481,32.06
9740,32700,32701,4.707,0.471,57.78
9741,32702,32703,2.248,0.257,27.21
9742,32704,32705,2.81,0.271,35.54
9743,32706,32707,1.117,0.104,13.75
9744,32708,32709,5.536,2.196,65.76
9745,32710,32711,1.854,0.243,23.08
9746,32712,32713,3.257,8.425,32.68
9747,32714,32715,4.262,23.782,42.01
9748,32716,32717,1.728,10.559,14.79
9749,32718,32719,12.75,1314.103,13.89
9750,32724,32725,1.161,0.411,6.28
9751,32726,32727,7.484,0.839,92.96
9752,32728,32729,6.692,25.418,66.61
9753,32730,32731,1.928,0.149,16.17
9754,32732,32733,1.684,0.309,15.28
9755,32734,32735,5.328,0.329,65.94
9756,32736,32737,8.414,0.843,107.98
9757,32738,32739,22.169,238.281,54.77
9758,32740,32741,3.397,0.279,42.34
9759,32742,32743,3.017,0.263,38.35
9760,32744,32745,1.879,0.178,23.0
9761,32750,32751,1.542,0.287,18.73
9762,32752,32753,1.814,0.258,23.87
9763,32754,32755,6.692,0.492,83.82
9764,32756,32757,11.576,1.662,146.6
9765,32758,32759,7.835,2.35,90.78
9766,32760,32761,2.476,4.267,24.91
9767,32762,32763,8.153,43.151,32.61
9768,32764,32765,3.452,0.855,40.97
9769,32766,32767,7.34,0.878,92.26
9770,32768,32769,2.0,0.0,6.29
9771,32770,32771,14.573,244.142,10.99
9772,32774,32775,3.609,0.372,42.29
9773,32776,32777,10.19,1.443,157.22
9774,32778,32779,19.959,4.807,312.06
9775,32788,32789,3.6,2.4,22.94
9776,32790,32791,1.143,0.143,8.81
9777,32794,32795,7.979,0.872,98.82
9778,32796,32797,8.854,1.021,114.86
9779,32798,32799,2.312,0.262,29.29
9780,32802,32803,35.133,1607.124,37.74
9781,32804,32805,1.636,0.283,15.94
9782,32806,32807,6.325,0.635,78.09
9783,32808,32809,48.0,0.0,204.86
9784,32810,32811,16.75,2.786,78.45
9785,32812,32813,2.875,0.125,13.12
9786,32830,32831,2.0,0.0,8.7
9787,32832,32833,5.0,0.0,22.38
9788,32838,32839,5.0,0.0,26.28
9789,32840,32841,18.73,3.641,482.19
9790,32842,32843,1.012,0.012,23.88
9791,32844,32845,25.516,8.104,665.97
9792,32846,32847,2.282,0.205,25.97
9793,32852,32853,2.5,0.5,13.44
9794,32854,32855,5.5,0.5,24.3
9795,32872,32873,63.067,50.352,139.72
9796,32880,32881,6.843,0.615,86.12
9797,32882,32883,5.21,0.595,63.84
9798,32886,32887,4.213,0.329,51.79
9799,32890,32891,3.0,0.0,9.94
9800,32906,32907,4.0,0.0,23.67
9801,32908,32909,29.5,24.5,134.97
9802,32924,32925,1.667,1.333,6.58
9803,32928,32929,42.0,0.0,177.9
9804,32930,32931,3.617,0.436,45.02
9805,32932,32933,5.0,0.691,61.32
9806,32934,32935,27.5,4.5,145.64
9807,32936,32937,3.0,0.0,25.63
9808,32962,32963,8.507,1.046,102.82
9809,32964,32965,2.254,0.247,28.36
9810,32966,32967,12.56,2.091,139.73
9811,32968,32969,34.571,7.952,174.26
9812,32970,32971,14.143,31.476,77.14
9813,32976,32977,1.5,0.5,5.98
9814,32986,32987,3.0,0.0,13.37
9815,32990,32991,13.092,53.424,118.41
9816,32992,32993,10.608,164.861,29.19
9817,32994,32995,2.875,1.346,20.56
9818,32996,32997,4.42,2.43,47.54
9819,32998,32999,3.833,0.782,44.04
9820,33000,33001,3.033,0.388,37.14
9821,33002,33003,17.507,138.598,143.1
9822,33004,33005,27.485,459.491,63.75
9823,33006,33007,10.413,1.37,132.55
9824,33008,33009,9.621,2.309,119.47
9825,33010,33011,5.997,13.048,40.32
9826,33012,33013,2.406,0.338,26.78
9827,33014,33015,16.427,144.155,126.89
9828,33016,33017,15.213,290.242,28.25
9829,33018,33019,1.909,0.091,10.89
9830,33020,33021,10.829,99.911,12.42
9831,33022,33023,22.054,469.497,12.73
9832,33024,33025,2.982,0.293,38.37
9833,33062,33063,3.4,0.267,42.91
9834,33064,33065,2.0,0.0,17.93
9835,33066,33067,2.667,0.333,43.87
9836,33068,33069,2.0,0.0,22.27
9837,33072,33073,7.5,1.0,87.37
9838,33080,33081,4.0,0.0,25.48
9839,33082,33083,2.244,0.867,26.99
9840,33084,33085,1.165,0.138,14.21
9841,33090,33091,2.4,0.4,13.86
9842,33092,33093,4.905,2.69,20.15
9843,33094,33095,38.5,24.5,188.38
9844,33096,33097,41.0,8.5,196.61
9845,33098,33099,3.667,2.524,15.2
9846,33104,33105,6.286,0.238,46.87
9847,33106,33107,2.0,0.5,16.55
9848,33108,33109,3.5,1.0,24.09
9849,33112,33113,1.4,0.3,10.09
9850,33114,33115,1.667,0.333,11.35
9851,33116,33117,4.333,0.333,33.88
9852,33118,33119,8.667,0.333,70.11
9853,33120,33121,9.125,0.411,72.49
9854,33122,33123,7.0,29.5,25.05
9855,33126,33127,4.714,0.905,34.62
9856,33128,33129,13.286,2.905,94.22
9857,33132,33133,5.889,0.611,41.32
9858,33152,33153,1.65,0.229,34.07
9859,33154,33155,4.146,0.37,84.09
9860,33156,33157,2.543,0.304,51.12
9861,33158,33159,5.814,0.64,74.54
9862,33160,33161,29.865,230.13,79.27
9863,33162,33163,11.031,106.142,88.47
9864,33164,33165,10.611,430.885,29.07
9865,33166,33167,45.935,3435.044,68.27
9866,33168,33169,10.15,607.952,30.27
9867,33170,33171,14.6,447.94,15.27
9868,33172,33173,2.0,3.755,21.45
9869,33174,33175,5.768,1.55,71.39
9870,33176,33177,7.824,142.602,60.21
9871,33178,33179,1.865,0.181,22.4
9872,33180,33181,3.802,0.413,46.66
9873,33182,33183,26.22,1133.49,27.01
9874,33184,33185,33.453,907.835,16.53
9875,33186,33187,6.915,0.859,89.18
9876,33188,33189,3.115,14.798,16.75
9877,33190,33191,1.947,0.352,24.74
9878,33192,33193,5.457,9.52,62.21
9879,33194,33195,38.292,823.28,130.86
9880,33196,33197,1.906,0.217,22.9
9881,33198,33199,2.164,14.455,21.06
9882,33200,33201,40.577,557.763,66.55
9883,33202,33203,9.683,135.069,51.51
9884,33204,33205,18.609,451.653,21.92
9885,33208,33209,3.389,0.284,45.09
9886,33210,33211,2.633,0.256,34.29
9887,33214,33215,3.856,0.325,50.49
9888,33216,33217,7.247,5.43,85.84
9889,33220,33221,7.0,0.0,35.0
9890,33222,33223,6.5,0.571,50.23
9891,33224,33225,13.333,2.333,97.78
9892,33228,33229,2.0,0.0,13.24
9893,33230,33231,6.0,2.0,44.03
9894,33232,33233,11.2,0.2,86.99
9895,33234,33235,2.0,0.0,8.56
9896,33236,33237,2.0,0.0,9.74
9897,33238,33239,4.312,0.459,51.89
9898,33240,33241,48.5,60.5,212.22
9899,33242,33243,16.875,4.982,34.79
9900,33244,33245,11.0,5.0,23.48
9901,33246,33247,1.527,0.253,7.79
9902,33248,33249,2.081,0.87,8.47
9903,33252,33253,2.4,0.3,10.08
9904,33254,33255,16.0,3.333,74.16
9905,33260,33261,25.0,0.0,126.9
9906,33262,33263,14.0,200.0,20.89
9907,33266,33267,3.0,8.0,4.05
9908,33268,33269,7.667,0.333,39.33
9909,33270,33271,2.0,0.0,7.1
9910,33272,33273,8.0,0.0,36.87
9911,33276,33277,21.5,3.667,166.51
9912,33280,33281,15.956,282.003,89.53
9913,33282,33283,10.495,103.949,16.23
9914,33284,33285,3.146,2.136,12.93
9915,33286,33287,12.739,103.286,88.75
9916,33292,33293,35.865,522.278,52.08
9917,33294,33295,8.27,1.168,64.02
9918,33296,33297,12.429,2.668,93.14
9919,33298,33299,12.643,240.204,32.23
9920,33300,33301,8.054,0.664,103.2
9921,33302,33303,2.949,0.153,21.12
9922,33304,33305,3.19,0.332,23.35
9923,33306,33307,7.966,1.516,56.77
9924,33308,33309,5.259,0.511,37.2
9925,33310,33311,3.343,0.291,25.17
9926,33314,33315,12.514,1.757,93.86
9927,33318,33319,6.895,0.7,85.85
9928,33320,33321,4.448,0.348,55.17
9929,33322,33323,1.716,1.767,20.1
9930,33324,33325,3.683,0.383,46.98
9931,33338,33339,3.0,0.0,32.49
9932,33344,33345,2.724,0.207,20.16
9933,33346,33347,2.63,0.238,17.26
9934,33352,33353,7.0,0.891,89.18
9935,33354,33355,15.819,4.515,199.58
9936,33356,33357,6.157,0.695,75.85
9937,33360,33361,2.748,0.313,34.23
9938,33362,33363,2.791,0.781,19.2
9939,33364,33365,3.072,0.18,37.31
9940,33366,33367,1.976,0.185,24.13
9941,33368,33369,8.336,8.741,90.85
9942,33370,33371,3.0,0.261,37.58
9943,33372,33373,4.625,0.592,58.75
9944,33374,33375,1.05,0.05,9.66
9945,33376,33377,1.043,0.043,11.41
9946,33378,33379,1.12,0.11,14.12
9947,33380,33381,4.0,0.0,32.14
9948,33382,33383,2.25,0.194,17.06
9949,33384,33385,5.0,10.968,33.2
9950,33386,33387,5.25,74.0,14.78
9951,33390,33391,10.417,0.629,81.94
9952,33392,33393,15.667,5.979,125.65
9953,33394,33395,4.0,0.0,32.54
9954,33396,33397,9.429,0.619,76.04
9955,33398,33399,2.286,0.238,17.28
9956,33400,33401,4.75,0.386,37.65
9957,33402,33403,1.833,0.152,12.53
9958,33404,33405,1.083,0.083,8.41
9959,33406,33407,1.041,0.039,6.42
9960,33408,33409,2.253,0.214,26.58
9961,33414,33415,11.5,0.333,55.55
9962,33416,33417,11.857,0.476,58.28
9963,33418,33419,5.25,0.917,13.22
9964,33422,33423,11.0,1.0,51.93
9965,33424,33425,26.694,4839.075,13.3
9966,33426,33427,32.193,5541.087,8.24
9967,33428,33429,290.467,127546.524,78.8
9968,33430,33431,7.962,168.688,29.72
9969,33432,33433,8.465,209.541,39.49
9970,33434,33435,2.083,14.083,0.2
9971,33438,33439,1.725,0.202,29.43
9972,33440,33441,9.767,3.145,225.64
9973,33442,33443,16.635,4.615,210.02
9974,33444,33445,14.923,262.954,17.0
9975,33446,33447,5.667,0.333,40.07
9976,33448,33449,8.0,0.0,61.06
9977,33452,33453,6.5,1.067,48.34
9978,33454,33455,15.0,4.267,109.21
9979,33456,33457,15.0,5.143,107.81
9980,33458,33459,9.267,1.638,66.01
9981,33460,33461,1.221,0.252,9.73
9982,33462,33463,6.0,0.0,70.0
9983,33464,33465,3.0,0.0,16.37
9984,33466,33467,3.54,0.335,26.4
9985,33470,33471,1.455,0.273,10.26
9986,33472,33473,3.273,0.218,24.53
9987,33474,33475,16.273,5.818,118.07
9988,33476,33477,7.429,1.033,55.27
9989,33478,33479,5.214,0.643,38.66
9990,33480,33481,5.6,0.653,39.73
9991,33482,33483,2.889,0.81,17.21
9992,33486,33487,9.6,1.8,73.6
9993,33488,33489,5.333,0.333,40.84
9994,33490,33491,9.0,1.2,70.56
9995,33492,33493,5.4,0.3,44.71
9996,33494,33495,13.667,1.067,109.26
9997,33496,33497,48.884,5215.633,20.41
9998,33498,33499,81.756,9155.248,42.64
9999,33500,33501,38.671,6984.724,26.78
10000,33502,33503,40.686,6070.751,13.51
10001,33504,33505,41.149,7961.115,24.91
10002,33506,33507,14.029,2027.622,12.24
10003,33508,33509,34.733,6188.271,2.32
10004,33510,33511,26.921,4303.967,17.18
10005,33520,33521,11.0,0.667,87.81
10006,33522,33523,5.571,0.286,39.19
10007,33524,33525,5.773,0.374,43.26
10008,33526,33527,3.316,2.228,17.79
10009,33528,33529,3.0,0.5,19.39
10010,33534,33535,5.5,0.5,35.48
10011,33536,33537,23.714,210.571,93.01
10012,33538,33539,87.75,244.917,93.77
10013,33542,33543,8.5,0.5,10.58
10014,33544,33545,1.037,0.046,4.94
10015,33546,33547,6.368,7.587,59.8
10016,33548,33549,12.888,26.349,125.09
10017,33550,33551,6.008,35.168,39.03
10018,33554,33555,62.0,0.0,136.94
10019,33556,33557,4.0,0.0,29.0
10020,33558,33559,4.5,0.5,29.76
10021,33566,33567,3.8,0.4,26.75
10022,33568,33569,6.778,0.944,50.34
10023,33570,33571,11.091,1.491,83.04
10024,33572,33573,2.583,0.265,19.44
10025,33574,33575,9.733,2.067,72.41
10026,33576,33577,4.294,0.471,31.84
10027,33578,33579,2.333,0.25,17.33
10028,33580,33581,15.75,3.929,127.36
10029,33582,33583,2.167,0.567,14.61
10030,33584,33585,8.25,2.25,60.44
10031,33586,33587,12.036,2121.665,9.32
10032,33588,33589,4.5,0.333,20.4
10033,33590,33591,2.133,0.124,12.75
10034,33592,33593,2.6,0.4,20.86
10035,33596,33597,2.611,0.369,18.44
10036,33598,33599,1.909,0.087,11.26
10037,33600,33601,2.2,0.274,16.72
10038,33602,33603,6.25,0.917,29.97
10039,33604,33605,3.5,0.333,15.91
10040,33606,33607,3.0,0.667,13.5
10041,33608,33609,20.0,0.0,43.41
10042,33610,33611,10.25,42.25,92.68
10043,33612,33613,10.75,2.5,83.41
10044,33614,33615,2.571,0.619,19.07
10045,33616,33617,6.333,0.333,45.85
10046,33618,33619,9.286,1.571,67.09
10047,33620,33621,1.933,0.067,14.21
10048,33622,33623,3.733,0.21,26.41
10049,33624,33625,6.077,0.41,44.77
10050,33638,33639,4.143,0.143,32.71
10051,33640,33641,14.667,4.333,105.72
10052,33642,33643,10.0,0.0,76.04
10053,33650,33651,3.0,0.0,22.16
10054,33652,33653,36.939,576.975,25.1
10055,33654,33655,27.542,505.129,11.82
10056,33656,33657,2.903,0.332,35.85
10057,33658,33659,5.436,2.346,65.77
10058,33660,33661,3.756,23.783,32.68
10059,33662,33663,15.23,199.271,42.06
10060,33666,33667,5.611,0.605,41.79
10061,33668,33669,6.737,1.205,49.92
10062,33670,33671,2.2,0.274,16.52
10063,33672,33673,3.1,0.516,22.1
10064,33674,33675,1.773,0.374,13.59
10065,33678,33679,5.909,15.42,28.83
10066,33684,33685,7.0,0.0,21.19
10067,33696,33697,14.0,0.0,113.82
10068,33708,33709,6.0,0.0,13.91
10069,33712,33713,11.0,0.0,27.27
10070,33714,33715,15.5,4.5,32.99
10071,33716,33717,2.519,0.253,31.41
10072,33718,33719,3.595,0.449,45.36
10073,33720,33721,2.595,0.321,33.27
10074,33722,33723,10.913,1.575,139.06
10075,33724,33725,6.531,0.808,83.44
10076,33726,33727,4.398,0.448,57.19
10077,33728,33729,6.5,2.056,46.0
10078,33732,33733,7.0,2.0,48.24
10079,33734,33735,8.5,1.667,56.32
10080,33736,33737,9.0,4.0,67.19
10081,33738,33739,11.0,0.0,66.56
10082,33740,33741,26.5,9.0,171.2
10083,33742,33743,4.0,0.0,17.63
10084,33744,33745,7.0,0.0,47.53
10085,33746,33747,5.0,0.0,21.84
10086,33752,33753,7.333,0.333,36.67
10087,33754,33755,7.0,0.0,27.96
10088,33758,33759,5.0,0.0,27.59
10089,33762,33763,2.25,0.25,12.2
10090,33768,33769,8.5,3.0,67.08
10091,33770,33771,9.0,0.0,90.77
10092,33774,33775,33.0,0.0,218.93
10093,33776,33777,43.857,19.81,94.82
10094,33778,33779,226.5,3.667,508.14
10095,33780,33781,326.864,14695.838,764.86
10096,33782,33783,1.432,0.248,3.01
10097,33784,33785,17.691,6.066,36.8
10098,33786,33787,34.45,51.466,63.2
10099,33788,33789,10.388,16.483,19.34
10100,33792,33793,109.8,195.073,207.22
10101,33794,33795,74.75,76.408,156.9
10102,33796,33797,10.6,2.3,54.18
10103,33802,33803,14.6,2.3,101.29
10104,33804,33805,14.0,0.0,108.21
10105,33806,33807,6.6,1.3,48.49
10106,33808,33809,8.75,0.25,62.89
10107,33810,33811,6.593,0.884,101.06
10108,33812,33813,4.282,0.362,67.32
10109,33814,33815,11.246,1.742,167.0
10110,33816,33817,3.606,0.29,55.6
10111,33818,33819,48.923,116.41,233.73
10112,33820,33821,44.5,160.0,188.8
10113,33822,33823,4.25,17.929,0.2
10114,33824,33825,9.735,72.596,27.05
10115,33832,33833,11.0,1.2,57.87
10116,33834,33835,33.667,74.333,263.68
10117,33838,33839,3.667,0.333,24.62
10118,33840,33841,11.8,0.2,79.96
10119,33842,33843,46.667,1.333,228.98
10120,33846,33847,3.0,1.0,22.15
10121,33850,33851,3.727,0.218,49.61
10122,33854,33855,5.091,1.891,23.05
10123,33858,33859,59.0,50.0,408.87
10124,33860,33861,1.84,0.383,22.83
10125,33862,33863,1.052,0.288,10.27
10126,33864,33865,4.608,5.49,54.85
10127,33866,33867,2.325,20.369,19.86
10128,33868,33869,9.269,212.463,36.77
10129,33870,33871,6.318,197.187,19.19
10130,33872,33873,56.957,34029.027,95.94
10131,33874,33875,97.953,74997.147,110.77
10132,33876,33877,31.813,7779.055,25.91
10133,33878,33879,14.742,5447.484,22.22
10134,33880,33881,3.571,0.286,26.72
10135,33884,33885,2.571,0.286,19.65
10136,33888,33889,4.0,0.0,25.8
10137,33890,33891,8.412,1.327,59.58
10138,33894,33895,1.311,0.216,31.15
10139,33896,33897,8.765,0.864,184.07
10140,33898,33899,3.365,0.829,69.12
10141,33900,33901,4.936,0.474,98.04
10142,33902,33903,12.492,1.821,254.04
10143,33904,33905,4.459,0.486,94.35
10144,33906,33907,14.692,1.903,382.05
10145,33908,33909,2.646,0.298,38.52
10146,33910,33911,3.611,0.333,43.93
10147,33912,33913,14.807,77.769,120.12
10148,33914,33915,9.194,139.946,19.43
10149,33918,33919,106.0,0.0,270.81
10150,33920,33921,35.0,72.0,76.26
10151,33922,33923,56.25,58.25,116.53
10152,33924,33925,5.019,0.946,58.79
10153,33926,33927,7.46,27.118,46.2
10154,33928,33929,16.488,83.793,111.76
10155,33930,33931,8.757,88.762,34.63
10156,33934,33935,10.0,0.0,47.74
10157,33936,33937,8.0,0.0,29.97
10158,33938,33939,14.0,1.5,72.54
10159,33940,33941,7.6,1.3,36.77
10160,33944,33945,3.0,0.0,15.18
10161,33964,33965,13.0,0.0,68.96
10162,33966,33967,13.0,0.0,66.17
10163,33968,33969,13.333,2.267,65.22
10164,34000,34001,1.333,0.333,7.52
10165,34004,34005,21.0,0.0,108.16
10166,34006,34007,4.0,0.0,23.17
10167,34012,34013,2.5,0.5,10.48
10168,34014,34015,6.5,0.5,31.41
10169,34020,34021,9.0,0.0,40.63
10170,34024,34025,2.0,0.0,10.57
10171,34026,34027,4.0,0.0,18.06
10172,34030,34031,21.0,0.0,103.01
10173,34032,34033,22.0,32.0,101.24
10174,34034,34035,8.778,2.006,39.83
10175,34048,34049,5.0,0.0,26.2
10176,34050,34051,32.75,26.917,72.8
10177,34054,34055,36.0,49.0,80.76
10178,34056,34057,11.333,1.25,26.06
10179,34058,34059,2.75,25.975,9.98
10180,34060,34061,3.176,0.279,22.71
10181,34062,34063,1.386,0.286,16.79
10182,34064,34065,4.868,9.85,47.74
10183,34066,34067,2.0,0.0,9.05
10184,34068,34069,13.0,0.0,74.88
10185,34070,34071,2.0,0.0,11.12
10186,34074,34075,6.951,2.754,79.85
10187,34076,34077,9.693,1.026,122.2
10188,34078,34079,6.458,0.553,79.67
10189,34080,34081,15.967,250.221,58.1
10190,34082,34083,1.114,0.84,9.82
10191,34084,34085,7.533,1.752,89.47
10192,34088,34089,2.427,2.941,25.89
10193,34090,34091,1.07,0.406,8.0
10194,34092,34093,7.698,75.558,47.36
10195,34094,34095,14.127,284.472,28.17
10196,34096,34097,45.0,0.0,93.37
10197,34098,34099,17.0,0.0,33.68
10198,34100,34101,7.0,0.0,15.59
10199,34102,34103,2.667,8.333,2.44
10200,34104,34105,20.263,4.538,101.17
10201,34106,34107,2.0,0.0,12.23
10202,34108,34109,2.0,0.0,7.29
10203,34110,34111,10.667,0.333,50.73
10204,34116,34117,5.0,0.0,23.42
10205,34120,34121,3.667,0.333,17.26
10206,34124,34125,6.5,60.5,0.2
10207,34144,34145,3.5,0.333,16.23
10208,34146,34147,6.5,0.333,30.17
10209,34150,34151,22.333,5.333,104.42
10210,34172,34173,7.75,0.917,35.42
10211,34188,34189,3.2,0.2,16.16
10212,34190,34191,19.0,0.0,92.29
10213,34192,34193,12.25,24.917,49.36
10214,34194,34195,5.111,0.611,25.06
10215,34196,34197,15.429,2.286,80.98
10216,34198,34199,1.048,0.048,4.68
10217,34200,34201,7.357,0.709,35.53
10218,34202,34203,56.667,156.333,222.61
10219,34204,34205,8.0,0.0,31.93
10220,34206,34207,6.143,1.476,30.41
10221,34210,34211,8.2,1.2,42.39
10222,34212,34213,19.0,0.0,108.05
10223,34214,34215,17.667,186.333,8.61
10224,34222,34223,8.0,50.0,16.06
10225,34232,34233,9.333,2.333,46.68
10226,34240,34241,22.0,7.0,114.72
10227,34258,34259,36.75,1986.917,20.56
10228,34264,34265,27.273,12.218,140.04
10229,34278,34279,5.0,0.5,21.39
10230,34282,34283,20.25,12.917,83.38
10231,34284,34285,2.0,0.0,8.11
10232,34288,34289,8.0,0.0,49.39
10233,34300,34301,4.5,0.5,20.24
10234,34310,34311,20.333,289.067,65.51
10235,34312,34313,14.571,2.286,102.13
10236,34318,34319,18.0,0.0,90.89
10237,34340,34341,3.0,0.0,12.77
10238,34344,34345,10.111,2.611,72.12
10239,34348,34349,36.0,37.667,157.36
10240,34354,34355,15.381,4.348,73.35
10241,34358,34359,5.0,0.0,28.71
10242,34360,34361,18.8,4.7,94.01
10243,34362,34363,2.0,0.0,4.76
10244,34376,34377,10.0,0.0,52.5
10245,34378,34379,11.0,0.0,53.93
10246,34380,34381,4.0,0.0,15.62
10247,34388,34389,7.0,0.0,35.77
10248,34390,34391,7.0,2.0,33.48
10249,34396,34397,22.25,2.917,108.4
10250,34398,34399,10.111,0.361,51.85
10251,34400,34401,33.0,0.0,182.5
10252,34402,34403,10.667,1.333,54.44
10253,34410,34411,9.0,0.0,46.92
10254,34424,34425,15.0,2.0,77.28
10255,34440,34441,6.0,0.0,30.87
10256,34442,34443,1.314,0.217,6.9
10257,34444,34445,6.53,0.898,50.56
10258,34446,34447,8.961,2.057,67.29
10259,34448,34449,2.238,0.183,23.9
10260,34450,34451,3.05,0.099,23.24
10261,34454,34455,20.0,2.0,97.84
10262,34456,34457,40.0,28.0,179.43
10263,34458,34459,4.333,0.333,19.77
10264,34464,34465,2.111,0.159,27.41
10265,34466,34467,4.389,0.302,58.44
10266,34468,34469,4.611,0.587,60.35
10267,34470,34471,1.611,0.244,21.02
10268,34474,34475,3.343,0.408,46.27
10269,34476,34477,25.0,0.0,127.3
10270,34478,34479,26.75,162.25,84.94
10271,34482,34483,30.0,20.667,161.15
10272,34512,34513,6.0,0.0,34.02
10273,34524,34525,17.0,0.0,113.85
10274,34526,34527,4.0,0.0,21.66
10275,34528,34529,6.0,0.0,40.37
10276,34530,34531,8.0,0.0,55.59
10277,34532,34533,7.0,0.0,42.8
10278,34534,34535,30.0,0.0,198.27
10279,34538,34539,2.0,0.0,14.23
10280,34542,34543,7.0,0.0,47.39
10281,34548,34549,19.0,0.0,123.12
10282,34564,34565,1.5,0.5,10.37
10283,34570,34571,12.0,0.0,83.46
10284,34572,34573,8.5,0.5,57.65
10285,34574,34575,20.5,0.5,145.52
10286,34576,34577,15.0,2.0,104.36
10287,34578,34579,47.0,8.0,339.02
10288,34580,34581,15.0,0.0,118.46
10289,34582,34583,3.0,0.0,26.14
10290,34584,34585,5.0,0.0,34.53
10291,34586,34587,25.0,2.0,176.23
10292,34596,34597,4.5,0.605,54.78
10293,34598,34599,4.262,0.397,65.31
10294,34600,34601,8.85,0.74,138.47
10295,34602,34603,2.234,0.214,32.68
10296,34604,34605,7.621,0.577,117.35
10297,34606,34607,9.706,1.686,252.27
10298,34608,34609,9.271,1.319,220.69
10299,34612,34613,86.6,161.3,389.79
10300,34614,34615,35.0,61.0,161.52
10301,34616,34617,8.75,60.917,17.68
10302,34620,34621,8.5,0.5,45.28
10303,34626,34627,5.0,0.0,26.74
10304,34634,34635,4.191,0.46,54.03
10305,34638,34639,24.0,0.0,190.1
10306,34640,34641,6.5,0.5,46.57
10307,34644,34645,6.0,0.0,46.69
10308,34648,34649,5.75,0.214,43.16
10309,34650,34651,9.6,0.8,68.7
10310,34652,34653,13.333,2.333,112.25
10311,34654,34655,3.75,1.583,25.15
10312,34656,34657,35.0,6.8,267.49
10313,34658,34659,6.833,0.167,50.57
10314,34660,34661,6.75,0.214,48.18
10315,34662,34663,22.0,0.0,163.75
10316,34664,34665,4.091,0.091,40.92
10317,34666,34667,9.0,0.0,107.42
10318,34668,34669,3.0,0.0,40.03
10319,34672,34673,5.8,0.2,61.27
10320,34674,34675,8.857,1.476,112.37
10321,34676,34677,8.0,31.333,36.73
10322,34678,34679,1.2,0.163,12.56
10323,34680,34681,3.293,0.211,39.55
10324,34682,34683,1.268,0.2,5.5
10325,34684,34685,2.418,0.248,28.05
10326,34686,34687,10.073,0.809,119.14
10327,34696,34697,3.0,0.0,46.69
10328,34698,34699,5.0,0.0,60.45
10329,34708,34709,12.0,0.0,58.55
10330,34714,34715,6.0,0.0,38.6
10331,34716,34717,2.0,0.0,10.36
10332,34718,34719,11.0,0.0,54.7
10333,34726,34727,5.963,0.191,69.53
10334,34728,34729,2.259,0.199,22.51
10335,34734,34735,1.333,0.333,15.93
10336,34740,34741,2.333,0.333,15.46
10337,34746,34747,8.939,0.809,111.56
10338,34748,34749,19.038,13.398,244.69
10339,34750,34751,10.739,0.474,107.93
10340,34754,34755,115.571,483.757,594.09
10341,34756,34757,45.625,69.125,219.67
10342,34760,34761,4.0,0.0,21.77
10343,34762,34763,89.125,42.696,438.1
10344,34764,34765,4.0,0.0,18.3
10345,34766,34767,35.0,0.0,195.94
10346,34768,34769,72.5,30.333,382.16
10347,34774,34775,2.573,23.81,18.36
10348,34776,34777,17.032,177.884,34.17
10349,34778,34779,2.914,0.458,36.54
10350,34780,34781,18.34,119.912,75.95
10351,34800,34801,12.1,2.1,95.8
10352,34802,34803,4.9,0.322,33.64
10353,34808,34809,2.5,0.333,17.2
10354,34810,34811,17.0,0.667,126.73
10355,34820,34821,29.0,0.0,162.56
10356,34822,34823,13.5,0.5,69.24
10357,34826,34827,8.5,0.3,41.54
10358,34832,34833,8.0,1.0,41.31
10359,34834,34835,8.5,0.5,41.59
10360,34840,34841,12.667,0.333,87.55
10361,34842,34843,2.667,0.333,17.65
10362,34844,34845,9.0,0.0,66.75
10363,34850,34851,17.023,129.634,137.19
10364,34852,34853,10.465,159.971,43.72
10365,34854,34855,14.738,345.807,20.46
10366,34856,34857,3.594,0.972,42.78
10367,34860,34861,4.813,0.484,60.8
10368,34864,34865,2.339,0.449,29.06
10369,34868,34869,26.667,203.067,94.49
10370,34870,34871,7.0,0.0,51.47
10371,34872,34873,6.0,0.0,37.74
10372,34876,34877,14.5,1.0,67.35
10373,34878,34879,13.0,0.0,72.1
10374,34890,34891,7.0,0.0,81.76
10375,34902,34903,5.0,0.0,23.45
10376,34904,34905,6.0,0.0,25.3
10377,34908,34909,5.25,0.917,33.67
10378,34910,34911,6.25,0.917,46.13
10379,34912,34913,3.667,0.667,26.82
10380,34914,34915,7.0,1.333,49.51
10381,34916,34917,1.743,0.232,18.2
10382,34918,34919,4.519,6.154,40.71
10383,34920,34921,1.062,0.128,8.47
10384,34934,34935,17.0,0.0,79.47
10385,34938,34939,2.636,0.255,30.79
10386,34942,34943,38.0,21.5,82.91
10387,34946,34947,6.5,0.5,50.1
10388,34950,34951,5.362,318.179,33.56
10389,34952,34953,11.456,17.777,123.4
10390,34954,34955,2.0,0.0,4.39
10391,34956,34957,4.0,0.0,16.69
10392,34966,34967,3.0,0.0,14.89
10393,34976,34977,1.429,0.286,6.26
10394,34980,34981,4.0,0.286,31.66
10395,34982,34983,10.8,1.733,80.84
10396,34984,34985,8.312,1.029,60.94
10397,34986,34987,25.0,8.0,209.45
10398,34990,34991,22.0,0.0,142.92
10399,34992,34993,5.0,0.0,39.0
10400,34994,34995,8.741,1.046,63.58
10401,34996,34997,7.5,1.316,59.28
10402,34998,34999,8.053,1.275,58.17
10403,35000,35001,12.429,0.286,85.28
10404,35002,35003,21.5,112.5,95.09
10405,35006,35007,5.0,0.0,41.16
10406,35008,35009,3.375,0.268,21.73
10407,35012,35013,3.5,0.5,15.16
10408,35030,35031,15.0,8.0,67.68
10409,35050,35051,10.333,0.333,56.65
10410,35068,35069,7.86,0.551,91.07
10411,35080,35081,8.0,0.0,52.26
10412,35084,35085,10.0,0.0,43.2
10413,35088,35089,9.0,0.0,58.8
10414,35090,35091,2.333,0.333,21.28
10415,35092,35093,22.0,1.0,164.64
10416,35094,35095,11.0,0.0,75.19
10417,35096,35097,2.0,0.0,11.87
10418,35098,35099,3.0,0.0,19.93
10419,35104,35105,5.0,0.0,42.07
10420,35106,35107,4.5,0.5,26.94
10421,35108,35109,9.0,0.0,42.27
10422,35114,35115,5.8,0.7,39.13
10423,35116,35117,5.5,0.5,35.96
10424,35118,35119,7.333,0.333,59.5
10425,35120,35121,6.25,0.917,50.47
10426,35122,35123,5.0,0.4,37.87
10427,35124,35125,6.0,0.0,49.86
10428,35126,35127,14.0,0.0,108.66
10429,35134,35135,9.25,0.917,60.96
10430,35136,35137,15.5,0.5,111.0
10431,35138,35139,26.0,1250.0,122.53
10432,35140,35141,34.0,0.0,81.04
10433,35142,35143,12.0,0.0,84.14
10434,35150,35151,9.0,1.0,64.19
10435,35152,35153,7.182,0.823,49.97
10436,35154,35155,8.5,0.5,62.92
10437,35156,35157,6.667,0.333,45.9
10438,35160,35161,9.0,0.0,60.36
10439,35162,35163,5.0,0.667,36.66
10440,35164,35165,2.333,0.333,14.86
10441,35166,35167,5.5,0.5,34.32
10442,35168,35169,4.5,0.3,31.51
10443,35170,35171,6.286,0.571,42.22
10444,35172,35173,23.0,0.0,250.15
10445,35174,35175,2.875,0.125,20.88
10446,35176,35177,5.25,0.214,35.21
10447,35178,35179,8.25,1.583,59.4
10448,35184,35185,8.0,0.0,54.35
10449,35188,35189,61.0,0.0,152.94
10450,35190,35191,13.0,8.0,98.25
10451,35200,35201,2.6,0.4,19.22
10452,35202,35203,8.0,0.889,55.8
10453,35204,35205,3.0,0.0,26.08
10454,35206,35207,3.0,0.0,16.56
10455,35214,35215,4.364,0.255,30.25
10456,35216,35217,1.857,0.143,14.96
10457,35218,35219,2.857,0.143,19.51
10458,35220,35221,2.667,0.333,18.23
10459,35222,35223,19.0,4.0,140.33
10460,35248,35249,24.667,0.333,191.54
10461,35250,35251,40.333,1.333,207.93
10462,35252,35253,11.782,35.079,130.95
10463,35254,35255,1.442,0.25,17.83
10464,35256,35257,1.065,0.061,9.34
10465,35258,35259,7.305,0.511,90.04
10466,35260,35261,3.422,6.222,38.05
10467,35262,35263,1.278,1.973,12.41
10468,35264,35265,28.86,421.345,26.74
10469,35266,35267,1.265,0.197,16.83
10470,35268,35269,2.25,0.25,17.38
10471,35270,35271,8.167,0.167,58.27
10472,35272,35273,10.571,41.619,19.15
10473,35274,35275,5.99,0.847,72.76
10474,35280,35281,16.0,0.0,77.83
10475,35294,35295,8.5,0.5,22.62
10476,35298,35299,1.35,0.231,10.88
10477,35300,35301,3.8,0.4,28.39
10478,35302,35303,4.764,182.073,15.8
10479,35304,35305,22.154,2848.917,46.03
10480,35306,35307,41.511,8568.821,34.2
10481,35308,35309,31.171,7336.145,22.02
10482,35310,35311,117.875,49426.625,70.88
10483,35314,35315,24.571,3.286,182.28
10484,35316,35317,3.0,0.0,18.66
10485,35320,35321,4.0,0.5,25.06
10486,35322,35323,3.6,0.3,25.35
10487,35324,35325,1.125,0.125,1.88
10488,35326,35327,4.875,0.383,35.75
10489,35328,35329,5.438,0.262,37.04
10490,35330,35331,8.478,0.352,116.18
10491,35332,35333,15.696,2.312,259.1
10492,35334,35335,1.235,0.191,13.79
10493,35336,35337,10.5,0.853,169.61
10494,35338,35339,7.389,0.487,121.96
10495,35340,35341,2.389,0.252,40.18
10496,35344,35345,2.222,0.183,34.94
10497,35348,35349,4.8,0.7,21.5
10498,35374,35375,1.242,1.14,9.26
10499,35376,35377,1.824,3.386,13.9
10500,35378,35379,1.057,0.054,11.67
10501,35382,35383,6.365,0.681,46.86
10502,35384,35385,2.4,0.3,17.86
10503,35388,35389,2.2,0.2,16.95
10504,35390,35391,2.296,0.349,16.76
10505,35392,35393,3.25,0.25,15.98
10506,35400,35401,7.4,0.8,35.72
10507,35402,35403,5.067,0.468,62.68
10508,35404,35405,2.707,0.345,33.86
10509,35406,35407,26.696,7312.487,38.87
10510,35408,35409,1.018,0.054,4.48
10511,35410,35411,1.017,0.017,4.29
10512,35412,35413,1.017,0.016,9.07
10513,35414,35415,1.331,0.353,15.09
10514,35416,35417,4.02,0.34,51.5
10515,35418,35419,4.941,0.376,61.95
10516,35424,35425,1.019,0.019,9.69
10517,35430,35431,1.17,0.142,6.41
10518,35434,35435,4.331,11.217,30.31
10519,35436,35437,8.0,0.0,32.4
10520,35438,35439,7.098,48.036,22.86
10521,35440,35441,16.421,610.41,11.89
10522,35442,35443,2.481,50.607,10.67
10523,35444,35445,5.0,0.0,27.0
10524,35446,35447,10.0,0.0,51.33
10525,35448,35449,11.0,0.0,47.54
10526,35462,35463,1.041,0.04,12.14
10527,35466,35467,6.5,0.731,45.2
10528,35468,35469,3.773,0.279,23.22
10529,35470,35471,7.24,1.523,49.65
10530,35472,35473,8.512,1.193,61.96
10531,35474,35475,4.753,0.538,34.28
10532,35478,35479,12.687,2.825,91.95
10533,35482,35483,5.077,0.635,35.83
10534,35484,35485,12.968,2.392,93.01
10535,35486,35487,4.371,0.401,30.88
10536,35488,35489,15.968,3.507,114.01
10537,35490,35491,3.961,0.278,29.18
10538,35498,35499,35.9,59.433,146.25
10539,35508,35509,23.0,2.0,173.34
10540,35510,35511,10.0,0.0,63.66
10541,35514,35515,8.0,0.0,67.53
10542,35516,35517,12.0,1.0,90.02
10543,35520,35521,4.333,0.333,28.95
10544,35522,35523,12.0,0.0,86.61
10545,35528,35529,2.874,43.757,14.93
10546,35530,35531,26.439,553.91,70.63
10547,35532,35533,6.86,0.989,82.16
10548,35534,35535,1.991,0.327,24.86
10549,35536,35537,4.014,0.38,47.96
10550,35538,35539,1.102,0.092,12.35
10551,35540,35541,4.187,0.406,49.76
10552,35546,35547,5.125,0.411,57.04
10553,35548,35549,2.625,0.268,34.76
10554,35550,35551,13.25,1.929,163.68
10555,35552,35553,2.5,0.571,25.24
10556,35556,35557,16.4,5.3,69.57
10557,35558,35559,1.254,0.193,12.21
10558,35560,35561,3.985,1.496,43.13
10559,35562,35563,13.64,2064.884,42.16
10560,35564,35565,5.216,0.452,38.77
10561,35566,35567,2.838,0.251,20.74
10562,35568,35569,7.231,0.551,54.19
10563,35570,35571,20.175,162.815,74.03
10564,35572,35573,20.375,3.125,151.88
10565,35574,35575,8.0,0.857,60.65
10566,35578,35579,5.44,0.507,40.35
10567,35580,35581,3.32,0.227,25.11
10568,35582,35583,3.4,0.333,26.03
10569,35584,35585,2.25,0.245,27.98
10570,35588,35589,1.167,0.167,2.09
10571,35590,35591,4.0,0.0,50.63
10572,35592,35593,3.842,0.474,39.16
10573,35594,35595,3.429,0.286,33.93
10574,35598,35599,2.308,0.231,30.18
10575,35602,35603,1.029,0.029,7.23
10576,35608,35609,5.981,0.622,56.12
10577,35612,35613,7.833,0.567,56.0
10578,35614,35615,27.0,5.143,206.08
10579,35616,35617,9.604,225.007,24.65
10580,35618,35619,12.561,271.168,33.87
10581,35620,35621,19.253,484.131,53.74
10582,35624,35625,2.0,0.0,14.97
10583,35628,35629,1.257,0.194,5.76
10584,35634,35635,3.08,0.264,39.09
10585,35636,35637,7.129,1.114,86.54
10586,35638,35639,9.551,1.59,116.22
10587,35640,35641,5.837,0.818,71.41
10588,35642,35643,4.417,1.356,26.24
10589,35644,35645,11.867,149.573,36.49
10590,35646,35647,1.959,0.265,23.2
10591,35648,35649,9.135,1.34,115.59
10592,35650,35651,8.749,24.299,90.65
10593,35652,35653,16.714,287.21,28.3
10594,35654,35655,6.19,5.176,71.32
10595,35656,35657,12.238,93.975,55.62
10596,35658,35659,6.0,0.333,62.78
10597,35660,35661,6.0,0.0,49.74
10598,35662,35663,10.5,2.571,74.75
10599,35668,35669,2.4,0.3,18.47
10600,35672,35673,8.8,1.7,61.98
10601,35674,35675,4.5,0.333,30.34
10602,35676,35677,10.0,0.0,67.7
10603,35678,35679,9.0,0.0,62.98
10604,35680,35681,3.0,0.0,19.13
10605,35682,35683,14.5,0.5,158.13
10606,35684,35685,7.0,0.0,79.85
10607,35686,35687,4.836,22.5,6.08
10608,35688,35689,7.655,1.289,87.61
10609,35690,35691,3.959,0.651,28.03
10610,35692,35693,23.29,14.707,288.34
10611,35694,35695,2.0,0.0,16.62
10612,35698,35699,18.0,18.0,109.1
10613,35700,35701,18.467,14.189,127.23
10614,35702,35703,11.8,5.289,89.83
10615,35704,35705,2.8,0.178,19.82
10616,35706,35707,5.0,0.667,36.81
10617,35708,35709,5.7,0.678,40.79
10618,35710,35711,5.895,46.988,17.7
10619,35712,35713,25.333,1.333,101.32
10620,35714,35715,21.667,8.267,88.87
10621,35716,35717,1.25,0.25,5.94
10622,35724,35725,5.0,0.0,28.69
10623,35728,35729,15.766,2.596,204.68
10624,35730,35731,5.165,0.298,50.38
10625,35732,35733,11.181,0.943,134.81
10626,35734,35735,1.182,0.15,14.56
10627,35736,35737,2.377,14.105,21.77
10628,35738,35739,1.053,0.051,8.16
10629,35742,35743,2.667,0.333,25.07
10630,35746,35747,1.17,0.142,10.73
10631,35748,35749,8.0,62.5,18.14
10632,35756,35757,4.5,0.519,97.29
10633,35758,35759,1.339,0.265,26.72
10634,35760,35761,21.0,0.0,70.26
10635,35762,35763,19.0,0.0,82.9
10636,35764,35765,1.77,0.278,14.9
10637,35766,35767,3.0,0.0,14.47
10638,35768,35769,4.76,0.523,31.07
10639,35774,35775,1.573,0.406,15.91
10640,35776,35777,2.104,0.274,25.32
10641,35778,35779,5.667,0.333,30.41
10642,35780,35781,45.5,12.5,229.89
10643,35784,35785,2.493,1.26,27.67
10644,35786,35787,2.438,11.557,7.35
10645,35788,35789,5.352,53.647,8.31
10646,35792,35793,11.528,3.056,152.62
10647,35794,35795,3.655,0.377,27.28
10648,35796,35797,7.0,0.714,51.13
10649,35798,35799,3.862,0.409,27.33
10650,35800,35801,1.091,0.091,3.18
10651,35802,35803,3.275,0.278,24.67
10652,35804,35805,8.041,0.724,59.25
10653,35806,35807,2.081,0.158,15.68
10654,35810,35811,9.516,1.301,69.75
10655,35812,35813,2.593,0.284,17.69
10656,35816,35817,2.182,0.364,16.18
10657,35818,35819,70.4,71.378,508.22
10658,35820,35821,19.4,3.3,141.96
10659,35822,35823,32.0,2.0,217.59
10660,35824,35825,9.0,0.0,93.95
10661,35826,35827,4.0,12.0,9.67
10662,35828,35829,2.5,0.5,13.22
10663,35830,35831,3.0,0.0,13.82
10664,35832,35833,2.333,0.333,22.24
10665,35834,35835,18.0,291.0,46.74
10666,35836,35837,14.667,0.333,29.92
10667,35838,35839,14.0,2.0,30.21
10668,35844,35845,5.5,0.333,14.16
10669,35846,35847,16.333,3.067,78.99
10670,35848,35849,1.5,0.3,18.53
10671,35850,35851,6.5,0.5,53.83
10672,35852,35853,7.0,0.0,74.67
10673,35854,35855,12.5,4.5,57.58
10674,35858,35859,5.0,0.0,43.92
10675,35862,35863,5.0,0.0,26.05
10676,35864,35865,4.667,1.333,9.16
10677,35866,35867,19.0,0.0,40.12
10678,35870,35871,12.5,0.5,63.3
10679,35884,35885,5.868,22.385,35.09
10680,35886,35887,2.922,0.268,46.0
10681,35888,35889,6.0,0.0,30.31
10682,35890,35891,5.3,0.456,25.18
10683,35894,35895,5.444,0.528,25.45
10684,35896,35897,1.7,0.233,8.96
10685,35900,35901,26.286,7.758,121.69
10686,35902,35903,6.5,0.5,33.28
10687,35906,35907,4.5,3.0,14.8
10688,35908,35909,8.066,0.889,86.77
10689,35910,35911,2.4,0.3,16.05
10690,35912,35913,4.594,0.396,70.48
10691,35914,35915,2.308,0.731,12.21
10692,35916,35917,2.857,0.244,34.32
10693,35918,35919,8.486,5.963,93.13
10694,35922,35923,3.615,0.423,43.91
10695,35924,35925,1.938,0.164,39.76
10696,35926,35927,13.561,1.908,347.43
10697,35934,35935,32.429,52.952,141.24
10698,35946,35947,16.0,507.0,22.01
10699,35948,35949,12.919,93.911,43.24
10700,35950,35951,9.222,8.252,106.33
10701,35952,35953,2.339,0.242,30.31
10702,35954,35955,9.732,0.847,369.42
10703,35956,35957,12.944,2.291,156.29
10704,35960,35961,24.05,5.126,309.1
10705,35962,35963,2.85,0.336,35.91
10706,35964,35965,6.075,0.635,77.86
10707,35966,35967,1.225,0.179,14.84
10708,35968,35969,10.363,49.303,30.29
10709,35970,35971,3.379,0.317,42.21
10710,35972,35973,7.307,0.792,107.98
10711,35974,35975,10.19,2.221,128.17
10712,35976,35977,5.93,1.814,72.54
10713,35978,35979,42.0,0.0,239.68
10714,35984,35985,67.0,0.0,264.45
10715,35986,35987,10.0,0.0,58.07
10716,35990,35991,4.0,0.0,22.55
10717,35996,35997,24.0,0.0,109.5
10718,35998,35999,102.231,116.692,502.03
10719,36000,36001,42.75,116.756,319.99
10720,36002,36003,22.0,7.75,159.0
10721,36008,36009,5.8,0.727,56.47
10722,36016,36017,4.541,2.086,35.89
10723,36018,36019,2.329,2.899,18.89
10724,36020,36021,1.352,0.229,14.11
10725,36022,36023,7.785,12.295,70.25
10726,36024,36025,13.0,0.0,105.78
10727,36026,36027,1.667,0.333,14.03
10728,36028,36029,3.0,0.0,21.77
10729,36030,36031,2.0,0.0,10.67
10730,36032,36033,4.0,0.0,28.58
10731,36034,36035,4.0,0.0,40.21
10732,36036,36037,5.0,1.0,32.08
10733,36040,36041,4.333,0.333,36.26
10734,36042,36043,5.5,0.333,40.63
10735,36044,36045,2.0,0.0,14.91
10736,36046,36047,6.0,1.0,42.18
10737,36048,36049,9.0,1.0,68.3
10738,36050,36051,20.0,350.0,40.9
10739,36052,36053,13.0,0.0,98.13
10740,36054,36055,10.667,16.333,19.53
10741,36058,36059,4.0,0.0,16.61
10742,36062,36063,3.625,0.65,26.23
10743,36064,36065,14.714,0.989,106.78
10744,36066,36067,13.214,0.797,93.12
10745,36082,36083,3.407,0.328,25.99
10746,36084,36085,7.505,0.952,55.66
10747,36088,36089,4.777,1.531,57.98
10748,36092,36093,6.0,0.0,45.26
10749,36094,36095,12.0,0.0,101.37
10750,36096,36097,8.0,0.0,59.88
10751,36098,36099,5.75,0.25,60.14
10752,36100,36101,2.0,0.0,14.9
10753,36102,36103,2.0,0.0,14.07
10754,36104,36105,4.0,0.0,27.03
10755,36108,36109,19.0,2.0,90.85
10756,36110,36111,22.196,8.472,164.29
10757,36112,36113,27.578,12.977,201.85
10758,36120,36121,8.667,8.333,36.16
10759,36122,36123,6.286,0.905,33.05
10760,36124,36125,5.6,0.3,27.41
10761,36126,36127,12.017,2.265,180.63
10762,36128,36129,1.088,0.08,11.81
10763,36130,36131,2.66,0.348,30.78
10764,36132,36133,6.308,0.787,47.22
10765,36134,36135,4.218,0.484,29.6
10766,36140,36141,4.0,0.0,17.5
10767,36146,36147,3.571,0.286,35.47
10768,36150,36151,1.095,0.09,7.38
10769,36152,36153,1.289,0.265,14.39
10770,36154,36155,2.683,0.372,19.34
10771,36160,36161,12.625,1.696,65.26
10772,36162,36163,5.0,0.0,25.58
10773,36166,36167,3.5,9.833,4.19
10774,36168,36169,10.8,6.2,46.35
10775,36170,36171,1.167,0.167,0.2
10776,36172,36173,6.333,41.333,0.12
10777,36174,36175,15.2,514.2,1.04
10778,36196,36197,2.5,5.667,4.15
10779,36198,36199,17.0,0.0,32.37
10780,36204,36205,1.75,0.25,5.31
10781,36206,36207,22.5,0.5,42.97
10782,36210,36211,3.0,1.0,5.0
10783,36212,36213,2.357,0.555,5.7
10784,36214,36215,4.8,0.622,10.55
10785,36216,36217,17.2,5.289,36.8
10786,36218,36219,11.5,0.5,28.02
10787,36220,36221,15.75,4.932,33.63
10788,36222,36223,16.833,5.767,82.27
10789,36228,36229,14.0,0.0,115.7
10790,36230,36231,13.0,0.0,117.33
10791,36232,36233,2.0,0.0,19.29
10792,36236,36237,2.0,0.0,15.39
10793,36238,36239,2.0,0.0,13.54
10794,36250,36251,2.0,0.0,10.82
10795,36252,36253,3.0,0.0,14.86
10796,36256,36257,2.0,0.0,8.97
10797,36262,36263,22.667,2.333,177.38
10798,36264,36265,9.0,0.0,66.19
10799,36270,36271,23.0,7.0,176.37
10800,36272,36273,13.25,367.583,28.95
10801,36274,36275,12.25,0.917,58.46
10802,36276,36277,22.714,2.238,108.47
10803,36278,36279,12.857,1.81,61.26
10804,36280,36281,3.714,0.238,18.41
10805,36282,36283,31.0,0.0,126.91
10806,36284,36285,6.5,0.5,47.33
10807,36288,36289,16.5,4.5,119.53
10808,36292,36293,13.5,24.5,70.56
10809,36296,36297,10.6,2.833,81.84
10810,36298,36299,1.44,0.257,11.43
10811,36300,36301,6.077,0.394,46.44
10812,36302,36303,1.067,0.067,4.14
10813,36304,36305,1.759,0.261,13.6
10814,36306,36307,13.0,3.0,91.25
10815,36308,36309,28.286,9.238,63.53
10816,36310,36311,5.0,0.0,12.46
10817,36312,36313,36.333,30.333,60.26
10818,36314,36315,17.0,0.0,139.52
10819,36318,36319,54.5,12.5,266.6
10820,36320,36321,59.0,32.0,287.49
10821,36324,36325,1.083,0.083,4.74
10822,36326,36327,6.333,0.333,29.9
10823,36328,36329,3.6,6.3,11.36
10824,36348,36349,3.5,0.333,16.65
10825,36350,36351,4.0,0.0,20.27
10826,36354,36355,4.5,0.5,17.92
10827,36356,36357,6.0,0.0,23.84
10828,36368,36369,3.0,0.0,13.51
10829,36388,36389,4.5,0.5,22.89
10830,36398,36399,14.0,2.0,100.04
10831,36400,36401,12.2,2.743,93.15
10832,36402,36403,21.25,0.25,104.8
10833,36406,36407,21.0,0.0,44.01
10834,36408,36409,9.5,0.5,72.31
10835,36414,36415,3.0,0.0,19.19
10836,36430,36431,163.826,3832.968,841.94
10837,36432,36433,159.895,207.988,781.43
10838,36434,36435,13.208,1.737,63.63
10839,36438,36439,75.107,37.062,374.38
10840,36442,36443,10.2,0.7,48.83
10841,36444,36445,9.667,1.067,50.56
10842,36446,36447,9.25,0.917,45.04
10843,36448,36449,115.6,285.4,523.2
10844,36450,36451,18.848,29.087,211.69
10845,36452,36453,5.336,18.883,34.23
10846,36454,36455,21.0,2.0,97.75
10847,36456,36457,47.0,2.0,193.37
10848,36458,36459,7.0,0.0,28.06
10849,36460,36461,24.0,4.0,110.51
10850,36464,36465,2.455,0.26,28.94
10851,36466,36467,4.182,0.251,49.73
10852,36468,36469,2.095,0.088,21.51
10853,36470,36471,2.017,0.186,26.07
10854,36472,36473,2.167,0.175,27.54
10855,36476,36477,11.909,2.335,148.79
10856,36478,36479,2.467,0.3,29.64
10857,36480,36481,1.024,0.024,11.82
10858,36482,36483,9.111,0.828,100.9
10859,36484,36485,4.089,0.446,43.98
10860,36486,36487,2.082,0.243,26.45
10861,36490,36491,7.25,0.25,33.06
10862,36498,36499,9.25,0.917,44.49
10863,36500,36501,10.697,1.805,219.58
10864,36502,36503,4.874,0.461,95.76
10865,36504,36505,2.488,1.658,24.93
10866,36508,36509,8.5,0.5,58.36
10867,36510,36511,11.0,8.0,75.97
10868,36512,36513,7.0,0.0,48.68
10869,36514,36515,4.0,0.0,30.7
10870,36516,36517,8.5,0.5,67.72
10871,36520,36521,6.0,0.0,40.1
10872,36528,36529,14.0,0.0,72.27
10873,36534,36535,5.0,0.0,0.2
10874,36542,36543,1.735,0.241,8.19
10875,36546,36547,14.333,1.333,66.23
10876,36548,36549,2.714,0.314,40.06
10877,36550,36551,29.07,10.209,449.25
10878,36552,36553,9.644,1.462,151.6
10879,36554,36555,7.364,0.609,114.71
10880,36556,36557,2.182,0.152,33.37
10881,36558,36559,2.952,0.248,41.41
10882,36564,36565,118.0,147.0,560.25
10883,36566,36567,10.0,0.0,51.95
10884,36568,36569,8.195,1.261,60.74
10885,36570,36571,4.095,6.039,18.54
10886,36572,36573,14.0,0.0,100.77
10887,36574,36575,18.5,4.5,145.75
10888,36576,36577,13.0,2.0,102.85
10889,36580,36581,9.6,0.8,76.9
10890,36588,36589,6.667,1.333,48.28
10891,36590,36591,3.333,0.333,25.84
10892,36592,36593,9.0,0.0,66.06
10893,36598,36599,2.0,0.0,8.56
10894,36600,36601,28.0,32.667,55.02
10895,36602,36603,17.25,18.917,36.05
10896,36604,36605,14.667,6.667,30.86
10897,36606,36607,6.0,2.0,12.89
10898,36608,36609,39.6,151.3,84.18
10899,36610,36611,10.167,1.767,71.42
10900,36612,36613,14.0,1.0,103.15
10901,36614,36615,18.0,2.0,135.06
10902,36618,36619,7.111,0.872,75.82
10903,36622,36623,6.0,0.0,37.34
10904,36686,36687,13.0,0.0,59.7
10905,36702,36703,9.0,0.0,40.78
10906,36704,36705,6.0,0.0,27.71
10907,36724,36725,9.0,0.0,42.69
10908,36726,36727,6.0,0.0,27.68
10909,36730,36731,6.0,0.0,27.88
10910,36740,36741,8.0,0.0,34.82
10911,36770,36771,8.0,0.0,40.77
10912,36772,36773,6.0,0.0,27.69
10913,36782,36783,27.0,0.0,149.22
10914,36790,36791,2.143,0.143,10.62
10915,36794,36795,35.0,21.0,160.66
10916,36800,36801,6.0,2.0,43.77
10917,36802,36803,15.667,5.333,33.47
10918,36808,36809,64.167,46.879,308.14
10919,36816,36817,5.8,1.7,27.12
10920,36818,36819,11.0,8.0,50.68
10921,36820,36821,32.0,0.0,73.37
10922,36822,36823,40.75,18.25,74.5
10923,36828,36829,42.0,0.0,72.24
10924,36830,36831,34.0,0.0,60.28
10925,36832,36833,14.5,0.5,30.17
10926,36840,36841,18.606,48.06,159.22
10927,36842,36843,3.75,0.25,49.69
10928,36844,36845,3.5,0.333,31.88
10929,36846,36847,15.141,3.047,223.27
10930,36848,36849,6.071,0.671,88.4
10931,36850,36851,7.021,0.802,102.78
10932,36852,36853,7.636,78.241,68.26
10933,36854,36855,3.872,16.439,27.22
10934,36856,36857,7.229,43.534,34.67
10935,36858,36859,6.759,15.959,50.05
10936,36860,36861,15.0,0.0,75.83
10937,36862,36863,31.571,13.459,145.74
10938,36872,36873,16.667,0.333,82.04
10939,36876,36877,21.023,4.656,269.94
10940,36878,36879,6.349,0.328,68.75
10941,36880,36881,3.833,0.152,35.77
10942,36882,36883,1.462,1.413,5.31
10943,36890,36891,6.8,0.2,35.7
10944,36892,36893,11.8,1.2,59.72
10945,36896,36897,7.5,4.5,34.92
10946,36898,36899,3.5,0.5,19.07
10947,36904,36905,3.0,0.0,13.7
10948,36910,36911,11.0,0.0,58.39
10949,36914,36915,12.333,0.333,62.14
10950,36916,36917,25.0,0.0,121.2
10951,36918,36919,2.0,0.0,12.31
10952,36920,36921,8.0,0.0,41.06
10953,36938,36939,3.0,0.0,6.45
10954,36940,36941,3.0,0.0,14.16
10955,36946,36947,8.0,0.0,40.57
10956,36950,36951,2.0,0.0,8.81
10957,36952,36953,5.0,0.0,22.47
10958,36954,36955,13.0,0.0,65.07
10959,36958,36959,13.0,0.0,111.27
10960,36960,36961,14.5,6.333,109.21
10961,36962,36963,4.0,0.0,21.67
10962,36964,36965,38.0,0.0,157.02
10963,36974,36975,8.0,0.0,51.99
10964,36988,36989,1.006,0.006,13.98
10965,36992,36993,3.537,0.367,32.92
10966,36996,36997,4.667,0.333,23.36
10967,36998,36999,14.248,34.828,113.72
10968,37000,37001,1.939,3.792,12.16
10969,37002,37003,4.375,43.125,2.16
10970,37006,37007,1.178,0.489,3.32
10971,37008,37009,2.68,8.3,13.38
10972,37010,37011,1.065,0.183,3.52
10973,37012,37013,2.692,5.085,19.05
10974,37014,37015,1.299,0.655,14.07
10975,37016,37017,1.252,0.534,13.55
10976,37018,37019,2.539,3.88,24.68
10977,37022,37023,6.5,0.333,45.82
10978,37024,37025,7.811,39.158,46.26
10979,37026,37027,17.146,94.387,97.66
10980,37028,37029,4.744,2.025,48.26
10981,37030,37031,2.553,0.294,32.44
10982,37032,37033,11.743,68.917,65.98
10983,37034,37035,4.033,0.412,51.44
10984,37036,37037,8.586,1.29,110.64
10985,37038,37039,2.878,1.655,32.81
10986,37040,37041,7.735,0.616,99.19
10987,37042,37043,14.959,2.29,197.01
10988,37046,37047,90.0,50.0,198.18
10989,37048,37049,17.0,2.0,86.58
10990,37050,37051,40.0,8.0,218.63
10991,37052,37053,12.667,0.333,67.4
10992,37054,37055,44.467,197.552,188.17
10993,37058,37059,21.0,0.0,137.97
10994,37070,37071,5.0,0.0,21.66
10995,37088,37089,4.0,0.0,21.72
10996,37116,37117,2.0,0.0,8.92
10997,37128,37129,3.0,0.0,12.69
10998,37130,37131,3.0,0.0,11.92
10999,37132,37133,3.0,0.333,12.59
11000,37142,37143,3.0,0.0,12.57
11001,37144,37145,2.0,0.0,10.7
11002,37146,37147,4.0,0.0,42.27
11003,37152,37153,5.0,0.0,24.44
11004,37160,37161,5.0,0.0,17.15
11005,37164,37165,25.0,0.0,189.63
11006,37166,37167,11.667,0.333,147.19
11007,37168,37169,9.0,1.0,114.61
11008,37170,37171,3.048,0.046,29.62
11009,37172,37173,2.012,0.156,25.3
11010,37176,37177,6.068,0.685,75.71
11011,37178,37179,18.0,0.571,228.09
11012,37180,37181,8.7,1.344,170.05
11013,37182,37183,1.031,0.03,9.22
11014,37186,37187,1.271,0.285,11.92
11015,37190,37191,1.353,0.37,11.33
11016,37194,37195,8.892,0.655,100.45
11017,37196,37197,7.506,2.24,36.48
11018,37198,37199,58.053,94.654,255.19
11019,37200,37201,24.86,15.73,120.82
11020,37202,37203,30.806,10.39,146.96
11021,37204,37205,89.889,85.163,436.35
11022,37206,37207,28.0,11.4,133.23
11023,37210,37211,3.142,0.286,38.09
11024,37214,37215,1.307,0.214,15.25
11025,37216,37217,6.824,3.02,77.62
11026,37218,37219,32.167,14.967,212.62
11027,37220,37221,40.722,26.33,83.51
11028,37224,37225,22.696,119.083,249.6
11029,37226,37227,1.285,0.216,13.79
11030,37228,37229,19.556,18.473,197.5
11031,37230,37231,1.121,0.106,9.1
11032,37232,37233,12.305,2.202,153.43
11033,37234,37235,17.236,130.069,117.22
11034,37236,37237,5.957,90.605,12.51
11035,37238,37239,6.316,0.58,78.72
11036,37240,37241,8.223,1.423,83.98
11037,37242,37243,23.714,6.571,109.49
11038,37244,37245,1.429,1.286,4.63
11039,37254,37255,2.0,0.0,8.64
11040,37256,37257,2.0,0.0,8.62
11041,37258,37259,4.0,0.0,28.82
11042,37262,37263,4.667,0.333,49.02
11043,37264,37265,5.0,0.0,53.59
11044,37268,37269,2.5,0.5,30.69
11045,37284,37285,5.0,0.0,20.71
11046,37288,37289,24.667,3.467,186.09
11047,37292,37293,10.5,1.667,22.75
11048,37294,37295,39.75,508.917,232.56
11049,37296,37297,85.0,0.0,412.59
11050,37300,37301,8.704,1.231,103.44
11051,37302,37303,4.727,0.646,59.38
11052,37304,37305,10.895,1.989,133.2
11053,37306,37307,1.846,0.21,17.09
11054,37308,37309,5.433,0.487,43.34
11055,37310,37311,5.083,0.451,39.27
11056,37312,37313,20.164,10.106,153.73
11057,37314,37315,6.172,1.093,46.8
11058,37316,37317,5.283,0.553,49.63
11059,37318,37319,1.5,0.5,9.14
11060,37326,37327,1.75,0.25,10.8
11061,37328,37329,2.833,4.567,10.42
11062,37338,37339,10.667,1.333,51.17
11063,37392,37393,8.0,0.0,40.95
11064,37396,37397,9.0,0.0,53.94
11065,37402,37403,8.0,0.0,40.47
11066,37404,37405,8.667,2.333,40.61
11067,37410,37411,7.4,69.8,0.38
11068,37414,37415,7.0,0.0,41.94
11069,37416,37417,11.0,0.0,48.42
11070,37420,37421,5.818,1.203,43.34
11071,37422,37423,3.462,0.578,25.79
11072,37426,37427,6.663,37.521,47.49
11073,37428,37429,6.118,24.983,27.52
11074,37436,37437,8.605,58.245,31.05
11075,37438,37439,3.056,0.296,37.4
11076,37444,37445,3.541,1.269,42.12
11077,37446,37447,11.686,5.226,119.86
11078,37448,37449,3.992,2.316,41.69
11079,37450,37451,2.331,0.223,28.84
11080,37452,37453,2.039,0.227,25.56
11081,37456,37457,1.409,0.244,17.75
11082,37458,37459,4.756,0.519,60.04
11083,37460,37461,3.064,12.725,29.65
11084,37462,37463,13.987,403.637,31.54
11085,37464,37465,8.81,351.82,11.45
11086,37466,37467,3.041,0.257,35.2
11087,37468,37469,12.0,1.571,91.51
11088,37470,37471,3.213,0.243,38.99
11089,37472,37473,69.667,3566.333,8.21
11090,37474,37475,85.0,0.0,402.51
11091,37476,37477,27.857,8.476,133.07
11092,37478,37479,9.333,16.333,60.05
11093,37480,37481,47.333,2.333,264.34
11094,37482,37483,57.0,18.0,239.47
11095,37488,37489,4.333,0.333,19.84
11096,37490,37491,2.0,0.0,6.08
11097,37492,37493,5.8,0.7,25.12
11098,37494,37495,8.333,0.667,43.47
11099,37498,37499,5.0,0.0,25.85
11100,37510,37511,3.833,0.567,19.62
11101,37512,37513,4.4,0.8,24.0
11102,37514,37515,5.167,1.242,24.84
11103,37516,37517,5.444,1.278,25.41
11104,37518,37519,87.667,376.333,425.4
11105,37520,37521,2.5,0.5,12.74
11106,37522,37523,4.5,24.5,0.2
11107,37524,37525,1.824,0.154,13.36
11108,37530,37531,1.75,0.214,14.72
11109,37532,37533,2.25,0.214,17.87
11110,37534,37535,7.0,0.5,53.71
11111,37536,37537,1.667,0.25,12.84
11112,37540,37541,5.667,0.333,44.56
11113,37542,37543,18.5,12.5,152.32
11114,37544,37545,4.0,0.667,30.98
11115,37546,37547,16.667,1.333,80.37
11116,37552,37553,4.0,0.0,31.02
11117,37554,37555,5.0,0.0,39.72
11118,37556,37557,7.0,0.0,49.41
11119,37558,37559,12.5,0.5,86.12
11120,37562,37563,4.0,0.0,36.11
11121,37596,37597,2.0,0.0,5.45
11122,37598,37599,10.5,0.5,46.25
11123,37602,37603,5.667,0.267,47.04
11124,37604,37605,8.0,0.286,65.77
11125,37606,37607,8.92,0.743,65.87
11126,37608,37609,9.125,0.696,72.95
11127,37610,37611,5.833,0.333,41.88
11128,37612,37613,6.4,0.686,51.4
11129,37614,37615,3.958,0.389,27.25
11130,37616,37617,9.391,1.158,70.78
11131,37618,37619,5.48,0.343,42.6
11132,37630,37631,5.0,0.0,29.77
11133,37632,37633,1.897,0.588,22.71
11134,37634,37635,2.425,5.188,15.34
11135,37636,37637,2.393,0.241,23.51
11136,37638,37639,22.143,5.497,275.91
11137,37640,37641,3.886,0.575,45.58
11138,37642,37643,1.647,0.235,20.37
11139,37644,37645,10.688,206.286,34.86
11140,37646,37647,3.843,0.492,43.85
11141,37648,37649,4.23,14.18,4.04
11142,37650,37651,1.518,0.253,11.39
11143,37652,37653,3.988,0.329,28.18
11144,37656,37657,6.833,30.879,48.64
11145,37658,37659,5.425,4.852,32.41
11146,37660,37661,14.5,0.5,113.94
11147,37662,37663,6.0,0.0,47.04
11148,37664,37665,8.5,0.5,63.23
11149,37668,37669,3.5,0.5,16.51
11150,37674,37675,1.02,0.02,9.92
11151,37676,37677,13.484,6.177,147.75
11152,37678,37679,4.652,2.001,50.45
11153,37680,37681,8.256,23.361,78.83
11154,37682,37683,2.007,5.263,17.85
11155,37684,37685,1.57,3.965,7.35
11156,37686,37687,2.667,0.333,19.25
11157,37690,37691,1.033,0.032,12.26
11158,37692,37693,2.421,0.346,28.69
11159,37694,37695,6.85,192.698,7.53
11160,37696,37697,3.38,0.322,45.87
11161,37698,37699,1.959,0.169,24.17
11162,37702,37703,19.0,0.0,121.25
11163,37704,37705,5.701,0.573,71.93
11164,37706,37707,6.383,0.681,80.81
11165,37708,37709,6.178,18.809,51.16
11166,37710,37711,2.0,0.0,6.43
11167,37712,37713,1.179,0.765,10.2
11168,37714,37715,4.207,0.41,55.74
11169,37716,37717,3.0,0.667,7.12
11170,37718,37719,7.5,0.333,16.78
11171,37720,37721,2.25,0.25,4.91
11172,37722,37723,1.5,0.5,10.19
11173,37724,37725,1.8,0.2,9.79
11174,37726,37727,8.8,2.2,63.72
11175,37728,37729,28.5,12.5,137.36
11176,37732,37733,20.0,0.0,92.06
11177,37734,37735,1.571,0.286,7.09
11178,37736,37737,27.167,4.167,149.86
11179,37740,37741,8.963,64.499,8.44
11180,37742,37743,17.91,86.207,88.82
11181,37744,37745,7.333,2.854,70.11
11182,37746,37747,3.0,0.0,14.82
11183,37748,37749,12.0,1.333,56.86
11184,37750,37751,9.357,0.757,114.65
11185,37752,37753,2.32,0.227,25.49
11186,37754,37755,3.556,0.261,46.36
11187,37756,37757,29.833,14.147,382.91
11188,37758,37759,2.706,0.221,20.32
11189,37760,37761,43.824,30.029,312.78
11190,37762,37763,9.5,4.5,65.43
11191,37764,37765,9.0,0.0,64.35
11192,37768,37769,39.471,85.89,294.7
11193,37770,37771,13.5,0.5,69.15
11194,37774,37775,15.0,0.0,72.2
11195,37776,37777,6.6,0.3,34.94
11196,37778,37779,13.25,0.25,69.2
11197,37786,37787,2.0,3.0,1.64
11198,37788,37789,3.143,0.593,14.75
11199,37790,37791,1.5,0.273,7.13
11200,37792,37793,1.111,0.111,3.79
11201,37794,37795,3.7,0.456,18.63
11202,37798,37799,6.25,1.583,29.47
11203,37804,37805,4.0,0.0,17.09
11204,37806,37807,9.0,0.5,45.84
11205,37808,37809,35.0,0.0,149.11
11206,37810,37811,17.0,0.0,89.56
11207,37812,37813,5.444,0.278,26.02
11208,37814,37815,28.333,6.333,149.22
11209,37822,37823,24.0,0.0,128.96
11210,37826,37827,17.0,0.0,90.31
11211,37828,37829,4.0,1.0,8.51
11212,37844,37845,12.53,26.164,118.79
11213,37846,37847,15.017,549.008,11.8
11214,37848,37849,1.374,0.489,5.89
11215,37850,37851,1.286,0.238,6.4
11216,37856,37857,20.677,24.558,388.54
11217,37858,37859,362.786,109371.664,420.33
11218,37860,37861,376.609,21572.624,130.2
11219,37862,37863,12.273,5.971,181.05
11220,37864,37865,24.351,6.553,422.35
11221,37866,37867,4.971,9.156,42.09
11222,37872,37873,14.0,2.0,65.24
11223,37874,37875,8.4,88.8,0.55
11224,37880,37881,11.8,3.2,58.09
11225,37882,37883,19.667,5.867,84.68
11226,37884,37885,19.333,1.333,101.99
11227,37886,37887,30.0,367.0,87.68
11228,37890,37891,14.125,1.554,178.4
11229,37894,37895,8.625,59.125,43.91
11230,37900,37901,11.0,6.0,45.87
11231,37902,37903,24.25,15.583,98.27
11232,37904,37905,13.0,0.0,60.95
11233,37906,37907,2.25,0.25,13.03
11234,37908,37909,7.333,1.333,37.43
11235,37910,37911,15.0,0.0,79.92
11236,37916,37917,18.0,0.0,80.16
11237,37918,37919,17.5,0.5,80.13
11238,37930,37931,3.5,4.5,13.61
11239,37932,37933,10.0,0.0,29.91
11240,37966,37967,18.0,8.0,88.07
11241,37984,37985,19.846,6.808,100.66
11242,37986,37987,25.0,4.0,116.97
11243,37988,37989,5.0,0.0,34.54
11244,37990,37991,4.0,0.0,23.91
11245,37996,37997,4.4,0.3,32.48
11246,37998,37999,2.0,0.0,7.09
11247,38004,38005,4.0,0.0,16.53
11248,38006,38007,2.063,0.351,24.16
11249,38008,38009,5.524,0.576,71.72
11250,38010,38011,4.652,0.507,56.66
11251,38012,38013,1.042,0.041,11.27
11252,38014,38015,25.75,6.25,136.09
11253,38016,38017,15.25,4.25,78.4
11254,38018,38019,8.4,0.3,42.96
11255,38020,38021,5.01,0.489,66.73
11256,38022,38023,5.725,0.531,91.6
11257,38024,38025,7.613,1.051,109.84
11258,38026,38027,3.169,0.247,48.4
11259,38034,38035,16.118,2.652,213.88
11260,38036,38037,5.088,0.507,67.48
11261,38038,38039,4.833,0.382,58.42
11262,38048,38049,4.0,0.0,26.58
11263,38050,38051,3.125,0.125,23.47
11264,38052,38053,1.75,0.214,12.48
11265,38054,38055,1.75,0.214,12.89
11266,38058,38059,2.429,0.286,18.7
11267,38062,38063,13.857,1.81,105.3
11268,38064,38065,27.108,11.155,56.46
11269,38066,38067,12.73,2.147,26.12
11270,38076,38077,10.0,2.0,53.71
11271,38082,38083,18.0,2.0,169.91
11272,38084,38085,1.457,0.258,18.59
11273,38088,38089,24.0,8.0,127.41
11274,38090,38091,2.308,0.231,17.04
11275,38092,38093,9.833,0.567,114.15
11276,38098,38099,2.0,0.0,19.72
11277,38100,38101,4.0,0.0,34.35
11278,38110,38111,2.846,0.141,35.02
11279,38112,38113,1.538,0.269,17.05
11280,38114,38115,9.25,2.25,45.89
11281,38118,38119,1.412,0.382,15.8
11282,38122,38123,1.077,0.077,10.2
11283,38124,38125,1.137,0.12,14.74
11284,38126,38127,9.5,0.5,44.92
11285,38130,38131,5.5,0.5,27.77
11286,38136,38137,4.571,0.286,24.43
11287,38138,38139,5.857,0.81,28.08
11288,38140,38141,7.571,0.952,36.64
11289,38142,38143,1.714,0.238,9.09
11290,38144,38145,6.222,27.694,19.58
11291,38146,38147,8.333,2.333,35.66
11292,38148,38149,2.125,0.696,19.91
11293,38150,38151,5.0,0.154,51.68
11294,38152,38153,3.5,0.3,38.94
11295,38154,38155,4.333,0.333,55.19
11296,38156,38157,6.667,0.333,86.46
11297,38160,38161,25.5,12.5,181.9
11298,38162,38163,8.066,1.319,97.77
11299,38164,38165,3.991,0.514,48.84
11300,38166,38167,12.682,184.634,73.59
11301,38168,38169,15.974,241.69,18.54
11302,38170,38171,53.364,2955.576,52.85
11303,38186,38187,8.0,0.0,55.88
11304,38198,38199,110.5,112.333,546.17
11305,38200,38201,60.371,161.829,298.13
11306,38206,38207,22.25,0.917,109.12
11307,38210,38211,12.3,2.011,90.75
11308,38214,38215,1.917,0.083,12.66
11309,38218,38219,8.0,1.333,55.36
11310,38228,38229,2.111,0.361,15.02
11311,38230,38231,11.5,2.7,83.0
11312,38234,38235,27.4,23.8,205.98
11313,38236,38237,18.0,7.0,135.31
11314,38240,38241,10.335,2.144,145.6
11315,38242,38243,8.0,50.0,16.12
11316,38244,38245,14.833,108.167,57.99
11317,38246,38247,4.333,0.333,22.89
11318,38254,38255,27.0,0.0,143.15
11319,38256,38257,1.4,0.3,5.71
11320,38258,38259,3.0,0.0,14.8
11321,38266,38267,11.0,0.0,47.58
11322,38270,38271,35.656,859.459,23.25
11323,38274,38275,3.0,0.0,18.39
11324,38276,38277,7.0,0.0,34.78
11325,38282,38283,1.5,0.5,6.26
11326,38286,38287,1.333,0.242,6.33
11327,38292,38293,5.091,0.468,22.95
11328,38294,38295,12.25,0.917,60.06
11329,38296,38297,4.5,0.5,22.72
11330,38300,38301,9.8,0.7,43.28
11331,38302,38303,4.5,0.5,24.5
11332,38306,38307,1.8,0.2,14.57
11333,38308,38309,4.5,0.5,53.88
11334,38316,38317,20.0,0.5,140.93
11335,38318,38319,19.667,1.867,151.86
11336,38324,38325,3.0,0.0,15.2
11337,38332,38333,3.0,0.0,15.98
11338,38340,38341,2.0,0.0,15.82
11339,38344,38345,4.0,0.0,18.12
11340,38354,38355,6.5,0.5,31.84
11341,38358,38359,2.0,0.0,9.63
11342,38364,38365,142.779,3858.652,43.96
11343,38366,38367,2.0,0.0,12.02
11344,38374,38375,6.5,1.143,80.24
11345,38376,38377,1.75,0.214,19.54
11346,38378,38379,1.5,0.286,17.62
11347,38380,38381,8.25,0.917,84.93
11348,38382,38383,3.8,0.2,47.28
11349,38386,38387,21.733,487.963,145.02
11350,38388,38389,2.775,0.413,31.34
11351,38390,38391,3.0,0.0,17.58
11352,38392,38393,3.75,0.25,18.89
11353,38394,38395,4.167,0.567,20.05
11354,38396,38397,4.038,0.598,18.68
11355,38398,38399,14.971,3.617,72.64
11356,38408,38409,16.868,2.382,260.19
11357,38410,38411,10.6,0.3,55.92
11358,38412,38413,8.333,0.333,41.79
11359,38414,38415,8.0,0.0,41.81
11360,38416,38417,9.333,4.333,37.6
11361,38420,38421,9.8,2.2,42.11
11362,38424,38425,9.918,1.577,179.26
11363,38430,38431,6.397,37.241,44.22
11364,38432,38433,7.029,57.884,16.31
11365,38434,38435,31.714,18.571,159.19
11366,38450,38451,2.444,0.278,11.21
11367,38452,38453,2.286,0.238,9.98
11368,38456,38457,2.2,0.178,11.21
11369,38458,38459,2.0,0.0,9.98
11370,38464,38465,47.667,6.333,241.58
11371,38472,38473,7.88,0.443,95.09
11372,38478,38479,7.0,0.0,30.09
11373,38490,38491,4.541,0.619,36.5
11374,38492,38493,17.0,0.0,80.46
11375,38496,38497,2.0,0.0,10.54
11376,38498,38499,2.0,0.0,6.84
11377,38500,38501,4.0,0.0,16.99
11378,38502,38503,17.0,0.0,77.7
11379,38504,38505,22.0,0.0,102.77
11380,38506,38507,10.0,0.0,47.46
11381,38508,38509,35.0,0.0,154.06
11382,38512,38513,28.0,18.0,135.03
11383,38518,38519,5.847,0.6,69.78
11384,38520,38521,1.03,0.029,9.35
11385,38522,38523,17.193,5.15,247.78
11386,38524,38525,33.795,26.898,485.06
11387,38526,38527,1.25,0.25,5.01
11388,38528,38529,4.333,33.333,3.88
11389,38530,38531,4.0,0.0,25.35
11390,38534,38535,14.0,0.5,110.66
11391,38536,38537,5.25,0.25,39.78
11392,38538,38539,1.333,0.333,7.24
11393,38540,38541,37.649,684.855,74.17
11394,38542,38543,9.215,167.461,58.3
11395,38544,38545,40.096,913.215,28.11
11396,38548,38549,3.909,0.468,28.02
11397,38550,38551,21.083,4.992,148.8
11398,38552,38553,23.2,3.2,172.42
11399,38556,38557,5.586,0.466,37.87
11400,38558,38559,13.294,9.79,85.19
11401,38560,38561,1.628,0.268,11.76
11402,38562,38563,4.645,0.373,32.12
11403,38564,38565,1.344,0.227,10.02
11404,38566,38567,13.125,2.46,156.39
11405,38568,38569,5.963,30.621,61.05
11406,38570,38571,3.079,20.297,28.11
11407,38572,38573,7.899,223.57,45.13
11408,38574,38575,2.319,31.982,13.8
11409,38576,38577,24.41,1221.927,44.78
11410,38580,38581,23.143,2.476,108.4
11411,38584,38585,17.0,0.0,64.22
11412,38592,38593,20.0,0.0,98.84
11413,38602,38603,10.5,0.5,46.76
11414,38606,38607,16.302,3.74,201.97
11415,38608,38609,5.4,0.718,63.98
11416,38610,38611,14.333,55.057,63.74
11417,38612,38613,3.75,0.5,19.15
11418,38616,38617,8.351,0.79,106.74
11419,38622,38623,17.0,0.0,95.03
11420,38624,38625,7.647,0.859,95.13
11421,38630,38631,2.194,0.462,22.72
11422,38632,38633,1.083,0.079,14.84
11423,38636,38637,4.759,0.299,55.83
11424,38638,38639,2.185,0.154,26.69
11425,38640,38641,3.815,0.305,49.13
11426,38660,38661,8.0,0.0,35.29
11427,38664,38665,1.111,0.111,9.63
11428,38666,38667,7.75,0.205,107.01
11429,38668,38669,21.889,203.111,50.81
11430,38670,38671,6.0,0.0,28.58
11431,38680,38681,28.8,9.7,142.91
11432,38700,38701,16.516,155.925,21.92
11433,38706,38707,1.932,0.158,9.54
11434,38708,38709,34.5,116.333,103.77
11435,38712,38713,5.0,0.0,20.69
11436,38720,38721,3.0,0.0,15.85
11437,38722,38723,36.0,0.0,140.92
11438,38724,38725,6.667,0.333,31.76
11439,38726,38727,4.0,0.0,26.33
11440,38730,38731,10.75,2.917,76.75
11441,38732,38733,8.857,1.143,66.82
11442,38734,38735,6.2,0.4,42.96
11443,38736,38737,3.465,0.636,23.44
11444,38738,38739,2.512,0.542,14.04
11445,38746,38747,32.0,0.0,210.23
11446,38748,38749,13.0,0.0,26.91
11447,38756,38757,6.333,1.333,29.6
11448,38758,38759,34.0,48.0,142.01
11449,38760,38761,4.526,0.263,21.41
11450,38762,38763,15.0,2.0,73.98
11451,38766,38767,2.0,0.0,7.02
11452,38768,38769,9.0,0.0,51.71
11453,38770,38771,4.0,0.0,19.26
11454,38774,38775,4.5,0.5,17.64
11455,38782,38783,1.5,0.5,5.4
11456,38784,38785,1.273,0.218,4.93
11457,38794,38795,1.99,0.214,26.68
11458,38798,38799,5.938,0.746,69.72
11459,38800,38801,10.451,59.013,38.82
11460,38802,38803,1.057,0.055,13.34
11461,38804,38805,3.2,0.168,38.26
11462,38806,38807,10.755,23.801,120.46
11463,38810,38811,15.882,96.652,55.06
11464,38812,38813,5.471,22.135,19.67
11465,38814,38815,20.0,4.0,106.99
11466,38816,38817,17.6,2.3,92.5
11467,38818,38819,6.0,0.0,24.28
11468,38830,38831,19.0,18.0,88.62
11469,38834,38835,6.524,0.575,80.64
11470,38836,38837,4.667,1.333,23.36
11471,38840,38841,5.188,0.429,23.63
11472,38850,38851,6.273,121.065,20.54
11473,38854,38855,8.25,1.071,59.59
11474,38856,38857,37.0,16.0,178.68
11475,38858,38859,4.417,0.363,57.63
11476,38860,38861,1.542,0.25,20.49
11477,38862,38863,4.153,0.293,54.43
11478,38864,38865,6.51,38.668,51.83
11479,38866,38867,13.288,258.468,33.94
11480,38868,38869,2.333,0.333,4.58
11481,38870,38871,3.0,1.0,6.82
11482,38872,38873,2.0,0.0,4.76
11483,38880,38881,1.333,0.333,2.89
11484,38882,38883,2.667,0.333,6.06
11485,38884,38885,3.333,0.333,8.58
11486,38888,38889,11.8,17.2,25.43
11487,38890,38891,28.333,5.333,57.04
11488,38892,38893,14.68,186.56,31.32
11489,38894,38895,3.458,82.576,21.68
11490,38896,38897,4.929,101.62,31.3
11491,38898,38899,69.202,11521.841,194.89
11492,38900,38901,4.538,1.501,52.95
11493,38902,38903,22.729,251.478,42.8
11494,38904,38905,3.105,0.26,38.31
11495,38906,38907,1.654,0.231,20.73
11496,38908,38909,6.646,0.766,82.79
11497,38910,38911,4.132,0.376,51.3
11498,38912,38913,8.059,0.809,38.43
11499,38922,38923,2.082,2.241,24.26
11500,38924,38925,6.983,1091.807,6.08
11501,38926,38927,20.32,4352.893,1.97
11502,38928,38929,55.982,20768.636,27.27
11503,38930,38931,202.267,124063.284,69.36
11504,38932,38933,14.222,1867.384,6.71
11505,38934,38935,84.875,405.839,464.77
11506,38936,38937,33.667,19.467,170.49
11507,38938,38939,82.2,25.7,397.87
11508,38940,38941,4.323,0.359,20.68
11509,38942,38943,70.971,44.911,344.7
11510,38948,38949,19.079,308.528,19.53
11511,38950,38951,3.127,0.15,33.01
11512,38952,38953,5.0,1.0,43.45
11513,38954,38955,4.333,0.333,33.01
11514,38956,38957,2.0,0.0,14.96
11515,38962,38963,6.833,1.206,77.09
11516,38964,38965,8.4,13.829,56.06
11517,38966,38967,6.0,1.0,49.5
11518,38968,38969,5.5,0.5,42.03
11519,38974,38975,12.652,4.419,90.62
11520,38976,38977,1.375,0.245,10.14
11521,38980,38981,2.5,0.3,29.12
11522,38982,38983,2.667,0.267,33.16
11523,38984,38985,5.833,0.567,79.99
11524,38988,38989,6.286,1.238,80.2
11525,38990,38991,2.562,0.396,24.52
11526,38994,38995,3.0,0.267,36.48
11527,38996,38997,13.5,123.421,29.42
11528,38998,38999,35.187,28.037,400.74
11529,39000,39001,7.53,4.26,80.43
11530,39002,39003,5.163,0.604,72.24
11531,39004,39005,40.087,949.827,78.86
11532,39006,39007,7.337,6.886,99.97
11533,39008,39009,8.372,1.522,97.26
11534,39010,39011,4.006,0.412,50.75
11535,39016,39017,4.0,0.0,30.12
11536,39018,39019,8.0,0.0,57.38
11537,39020,39021,3.444,0.278,26.09
11538,39022,39023,4.111,0.111,27.91
11539,39024,39025,2.0,0.0,19.34
11540,39026,39027,10.5,0.5,81.23
11541,39028,39029,10.0,0.0,49.99
11542,39030,39031,3.6,0.3,28.87
11543,39032,39033,1.588,0.25,21.15
11544,39034,39035,1.091,0.085,15.32
11545,39036,39037,2.0,0.062,25.92
11546,39038,39039,7.0,0.5,33.72
11547,39040,39041,4.684,0.404,58.77
11548,39042,39043,5.433,434.714,7.03
11549,39044,39045,8.615,751.482,6.21
11550,39108,39109,20.276,3.776,531.49
11551,39110,39111,2.0,0.0,9.42
11552,39122,39123,1.5,0.333,16.63
11553,39124,39125,7.704,31.909,56.85
11554,39126,39127,5.5,0.333,62.83
11555,39128,39129,2.0,0.0,16.0
11556,39132,39133,2.0,0.0,18.62
11557,39134,39135,1.75,0.917,16.71
11558,39136,39137,2.25,0.25,23.85
11559,39138,39139,4.5,17.5,21.08
11560,39140,39141,11.75,0.917,57.45
11561,39142,39143,5.0,0.0,27.23
11562,39148,39149,2.541,0.35,30.94
11563,39150,39151,2.782,0.308,35.04
11564,39152,39153,1.008,0.008,10.14
11565,39154,39155,3.419,0.324,42.32
11566,39156,39157,16.485,130.942,70.53
11567,39158,39159,1.142,0.999,3.2
11568,39164,39165,5.333,0.333,28.74
11569,39170,39171,3.74,0.352,45.6
11570,39172,39173,10.924,1.72,134.93
11571,39174,39175,4.021,0.152,37.06
11572,39176,39177,1.35,0.239,13.6
11573,39178,39179,2.231,0.526,24.87
11574,39180,39181,1.8,0.178,19.84
11575,39182,39183,13.506,2.303,165.51
11576,39184,39185,3.786,0.977,44.89
11577,39186,39187,3.0,0.214,39.28
11578,39188,39189,9.2,1.269,120.85
11579,39190,39191,4.097,0.29,37.34
11580,39192,39193,1.25,0.25,18.37
11581,39194,39195,3.362,1.039,35.4
11582,39196,39197,19.667,6.333,92.36
11583,39204,39205,4.061,0.522,81.43
11584,39206,39207,5.333,14.333,14.09
11585,39208,39209,9.662,1.366,158.19
11586,39210,39211,5.0,0.333,36.35
11587,39212,39213,4.123,0.217,26.44
11588,39218,39219,6.5,0.5,32.23
11589,39220,39221,1.6,0.3,13.88
11590,39222,39223,3.5,0.5,18.55
11591,39224,39225,9.5,0.5,41.29
11592,39228,39229,46.0,0.0,107.14
11593,39232,39233,1.989,4.912,21.52
11594,39234,39235,4.122,19.546,41.86
11595,39236,39237,4.306,46.47,35.38
11596,39238,39239,6.047,100.996,43.35
11597,39240,39241,34.792,1041.195,123.88
11598,39242,39243,16.198,835.671,25.4
11599,39244,39245,7.503,83.665,59.64
11600,39246,39247,1.091,0.091,12.85
11601,39248,39249,26.091,396.691,14.56
11602,39250,39251,29.511,638.725,41.3
11603,39252,39253,3.486,0.414,35.6
11604,39254,39255,2.124,0.297,23.82
11605,39256,39257,3.206,0.604,38.83
11606,39258,39259,1.506,0.942,17.73
11607,39260,39261,10.707,158.678,55.07
11608,39262,39263,15.683,174.543,25.62
11609,39264,39265,2.947,0.89,34.69
11610,39266,39267,6.0,2.0,31.56
11611,39270,39271,1.22,0.172,13.51
11612,39272,39273,9.75,1.583,41.74
11613,39276,39277,30.589,431.156,45.78
11614,39278,39279,2.0,0.0,10.23
11615,39280,39281,1.05,0.05,4.14
11616,39282,39283,17.429,11.286,98.36
11617,39284,39285,1.534,0.268,16.83
11618,39286,39287,12.008,90.025,46.8
11619,39288,39289,14.59,95.376,69.35
11620,39290,39291,5.203,0.374,77.9
11621,39292,39293,1.116,0.118,13.73
11622,39296,39297,2.667,0.333,11.31
11623,39304,39305,33.5,180.5,66.4
11624,39306,39307,29.0,98.0,56.54
11625,39308,39309,6.333,85.333,2.16
11626,39318,39319,21.0,0.0,89.92
11627,39322,39323,5.8,19.7,19.33
11628,39324,39325,4.033,0.338,29.89
11629,39326,39327,144.195,77094.106,34.27
11630,39328,39329,1.491,7.821,9.4
11631,39330,39331,13.733,193.274,21.74
11632,39332,39333,37.588,9862.777,10.98
11633,39334,39335,196.029,93688.26,88.23
11634,39336,39337,160.714,80567.914,17.26
11635,39338,39339,108.288,21674.054,22.46
11636,39340,39341,6.24,1.266,74.21
11637,39342,39343,99.0,0.0,458.31
11638,39344,39345,24.0,0.0,108.57
11639,39348,39349,112.75,149.643,558.47
11640,39350,39351,65.0,13.0,311.35
11641,39352,39353,3.0,0.0,18.68
11642,39358,39359,23.407,2097.943,34.46
11643,39360,39361,61.167,10089.441,19.54
11644,39364,39365,32.529,1468.39,10.96
11645,39366,39367,148.818,57692.855,43.89
11646,39368,39369,50.803,14006.675,19.41
11647,39370,39371,18.375,1.982,235.24
11648,39372,39373,8.5,2.056,81.96
11649,39386,39387,4.0,0.0,30.61
11650,39388,39389,21.667,6.333,164.58
11651,39392,39393,3.0,0.0,13.82
11652,39398,39399,3.667,0.333,7.8
11653,39400,39401,5.517,25.185,53.04
11654,39402,39403,13.584,280.344,61.1
11655,39404,39405,2.0,0.0,17.18
11656,39406,39407,14.121,1.893,179.52
11657,39408,39409,1.333,0.333,5.87
11658,39414,39415,16.0,2.8,70.9
11659,39418,39419,8.0,0.0,37.81
11660,39422,39423,15.5,0.333,120.02
11661,39424,39425,10.714,1.571,81.61
11662,39426,39427,12.75,2.917,100.53
11663,39428,39429,11.25,0.917,56.41
11664,39432,39433,10.5,0.5,57.37
11665,39434,39435,1.429,0.286,6.47
11666,39440,39441,12.333,2.267,60.1
11667,39444,39445,9.727,2.418,47.0
11668,39446,39447,3.5,0.5,30.54
11669,39448,39449,5.0,8.0,21.89
11670,39452,39453,1.066,0.087,16.48
11671,39454,39455,1.147,0.194,19.28
11672,39458,39459,19.571,25.008,206.23
11673,39460,39461,5.7,34.424,0.2
11674,39462,39463,2.65,0.893,18.67
11675,39466,39467,8.202,0.977,101.21
11676,39468,39469,18.591,156.261,104.55
11677,39472,39473,1.085,0.584,7.4
11678,39474,39475,11.9,6.305,125.03
11679,39476,39477,7.667,58.333,0.2
11680,39478,39479,3.0,0.0,17.31
11681,39482,39483,7.0,2.0,34.51
11682,39484,39485,11.0,2.0,55.7
11683,39488,39489,7.667,0.333,39.61
11684,39490,39491,15.2,1.7,71.57
11685,39492,39493,9.6,1.3,44.69
11686,39496,39497,18.0,0.0,89.77
11687,39500,39501,7.0,3.333,31.09
11688,39502,39503,15.5,24.5,70.97
11689,39504,39505,12.667,2.333,63.6
11690,39512,39513,11.0,2.0,52.67
11691,39520,39521,15.0,0.0,72.99
11692,39524,39525,11.5,0.5,56.51
11693,39532,39533,8.0,0.0,43.21
11694,39534,39535,2.0,0.0,6.93
11695,39538,39539,4.5,0.5,18.33
11696,39552,39553,4.0,0.0,20.36
11697,39556,39557,5.0,0.0,28.63
11698,39558,39559,3.5,0.5,12.66
11699,39560,39561,88.2,14771.6,43.34
11700,39568,39569,5.636,2.055,12.63
11701,39570,39571,22.2,6.7,40.98
11702,39572,39573,9.0,4.0,57.27
11703,39574,39575,8.0,0.0,57.0
11704,39576,39577,10.0,2.0,18.76
11705,39578,39579,16.0,0.0,30.1
11706,39580,39581,10.0,2.0,41.42
11707,39582,39583,9.0,0.0,44.93
11708,39586,39587,7.0,2.0,39.49
11709,39588,39589,15.0,0.0,82.01
11710,39590,39591,10.5,1.667,49.39
11711,39592,39593,3.143,0.476,14.84
11712,39604,39605,4.5,0.5,19.42
11713,39606,39607,2.667,0.333,10.62
11714,39612,39613,3.0,0.0,14.95
11715,39624,39625,26.667,22.333,117.8
11716,39628,39629,10.5,13.182,44.58
11717,39632,39633,6.167,0.567,31.32
11718,39636,39637,15.0,0.0,88.36
11719,39640,39641,7.0,1.0,32.92
11720,39646,39647,7.0,0.0,5.22
11721,39652,39653,53.167,12608.493,28.38
11722,39662,39663,5.75,0.25,26.11
11723,39664,39665,3.6,0.3,17.33
11724,39668,39669,5.0,0.0,23.98
11725,39672,39673,22.0,3.0,100.71
11726,39674,39675,9.429,1.619,47.07
11727,39686,39687,9.667,0.333,50.01
11728,39690,39691,2.0,0.0,6.82
11729,39696,39697,2.0,0.0,4.08
11730,39700,39701,2.0,0.0,7.92
11731,39706,39707,10.0,0.0,52.35
11732,39718,39719,10.0,1.0,49.13
11733,39724,39725,7.5,0.5,38.63
11734,39726,39727,14.0,0.0,70.35
11735,39728,39729,41.0,0.0,209.52
11736,39732,39733,5.0,0.0,27.23
11737,39744,39745,1.5,0.333,7.42
11738,39748,39749,14.0,8.0,66.17
11739,39756,39757,6.0,0.0,31.86
11740,39758,39759,10.0,2.0,48.8
11741,39760,39761,10.0,0.0,52.23
11742,39762,39763,7.0,1.0,33.67
11743,39764,39765,15.5,12.5,79.74
11744,39766,39767,6.0,0.0,25.69
11745,39774,39775,8.548,1.864,103.26
11746,39776,39777,10.0,0.0,41.58
11747,39786,39787,7.5,0.5,41.07
11748,39790,39791,12.5,4.423,62.01
11749,39792,39793,11.0,0.0,49.79
11750,39800,39801,2.2,0.2,10.57
11751,39802,39803,3.0,0.0,14.32
11752,39804,39805,16.5,0.5,72.84
11753,39806,39807,6.0,0.0,36.24
11754,39808,39809,10.0,0.0,41.27
11755,39812,39813,9.091,0.491,41.98
11756,39820,39821,40.794,96.775,188.98
11757,39822,39823,22.303,19.468,101.87
11758,39826,39827,16.0,0.0,68.83
11759,39830,39831,10.5,4.5,46.58
11760,39832,39833,21.5,0.5,103.08
11761,39834,39835,10.0,0.0,58.69
11762,39836,39837,11.3,2.678,51.73
11763,39838,39839,3.875,0.696,18.33
11764,39840,39841,4.0,0.0,19.21
11765,39842,39843,5.0,0.0,20.08
11766,39846,39847,12.5,0.333,66.37
11767,39848,39849,6.25,0.917,29.68
11768,39856,39857,3.0,0.0,8.32
11769,39860,39861,4.0,0.0,21.41
11770,39864,39865,19.0,0.0,103.14
11771,39866,39867,1.556,0.278,7.78
11772,39874,39875,6.0,0.0,26.94
11773,39878,39879,8.0,0.0,43.69
11774,39882,39883,3.0,8.0,0.2
11775,39884,39885,8.333,1.333,41.9
11776,39886,39887,1.182,0.164,4.87
11777,39888,39889,18.0,0.0,98.87
11778,39890,39891,6.667,0.333,34.58
11779,39892,39893,8.75,0.25,38.93
11780,39896,39897,23.0,0.0,98.1
11781,39898,39899,8.0,0.0,40.0
11782,39902,39903,21.0,9.0,109.3
11783,39904,39905,24.0,6.0,123.01
11784,39906,39907,1.5,0.333,7.12
11785,39908,39909,9.5,0.5,44.66
11786,39912,39913,7.0,1.0,32.61
11787,39928,39929,4.286,0.238,21.21
11788,39932,39933,23.0,0.0,111.48
11789,39940,39941,9.0,0.0,38.23
11790,39946,39947,1.833,0.167,8.55
11791,39952,39953,21.5,0.5,103.0
11792,39956,39957,1.667,0.333,9.25
11793,39958,39959,8.0,0.0,44.51
11794,39962,39963,1.092,0.085,13.19
11795,39970,39971,4.0,0.0,25.96
11796,39974,39975,7.0,0.0,38.14
11797,39978,39979,8.667,0.333,37.01
11798,39980,39981,6.4,0.933,32.48
11799,39982,39983,6.786,3.72,32.91
11800,39986,39987,8.111,0.611,57.41
11801,39988,39989,5.2,0.4,37.03
11802,39990,39991,7.333,0.333,55.81
11803,39992,39993,21.384,6.981,468.63
11804,39994,39995,3.904,0.406,81.48
11805,39996,39997,39.758,527.546,63.03
11806,39998,39999,11.25,4.917,57.17
11807,40000,40001,8.0,0.0,35.35
11808,40002,40003,8.667,3.067,41.11
11809,40010,40011,1.885,0.346,17.68
11810,40020,40021,1.625,0.266,33.66
11811,40026,40027,2.873,0.313,58.81
11812,40032,40033,1.785,0.375,13.85
11813,40036,40037,1.051,0.048,7.57
11814,40046,40047,10.333,2.333,43.03
11815,40048,40049,2.0,0.0,8.8
11816,40058,40059,2.222,0.194,10.98
11817,40060,40061,2.0,0.0,8.85
11818,40062,40063,2.0,0.0,10.82
11819,40064,40065,2.0,0.0,8.77
11820,40072,40073,13.222,3.477,62.95
11821,40074,40075,1.071,0.071,5.57
11822,40076,40077,72.308,111.564,346.64
11823,40078,40079,22.9,11.656,109.96
11824,40080,40081,55.273,94.818,283.29
11825,40082,40083,22.75,11.841,105.57
11826,40088,40089,6.0,0.0,30.27
11827,40090,40091,13.0,0.0,54.3
11828,40098,40099,10.0,0.0,44.33
11829,40102,40103,9.5,1.667,46.97
11830,40104,40105,3.364,0.255,16.75
11831,40110,40111,4.5,0.5,23.77
11832,40118,40119,18.0,0.0,99.44
11833,40122,40123,7.0,0.0,13.53
11834,40124,40125,6.25,0.917,13.96
11835,40126,40127,6.333,0.333,12.29
11836,40128,40129,13.667,2.333,61.91
11837,40130,40131,6.0,0.0,14.09
11838,40132,40133,2.0,0.0,8.87
11839,40134,40135,3.5,0.5,7.46
11840,40140,40141,10.0,0.0,48.52
11841,40150,40151,2.0,0.0,9.56
11842,40156,40157,8.333,0.333,42.2
11843,40158,40159,5.0,0.0,28.81
11844,40160,40161,5.0,0.0,26.59
11845,40162,40163,4.0,0.0,19.67
11846,40164,40165,16.0,1.0,75.1
11847,40168,40169,16.0,0.8,79.56
11848,40170,40171,6.859,0.635,86.71
11849,40172,40173,1.258,0.192,15.54
11850,40174,40175,2.842,0.282,35.12
11851,40176,40177,8.23,33.468,82.55
11852,40178,40179,41.038,547.569,94.13
11853,40180,40181,10.899,201.75,20.32
11854,40182,40183,26.086,674.257,14.11
11855,40186,40187,1.087,0.081,7.23
11856,40190,40191,6.3,3.401,66.06
11857,40192,40193,17.979,192.147,24.45
11858,40196,40197,9.0,0.0,51.43
11859,40198,40199,9.0,1.0,104.21
11860,40202,40203,2.833,0.657,27.11
11861,40204,40205,3.731,0.365,28.33
11862,40206,40207,4.769,0.425,34.94
11863,40208,40209,10.593,1.558,77.06
11864,40210,40211,2.884,0.105,28.48
11865,40212,40213,17.674,63.463,119.55
11866,40214,40215,6.382,0.682,81.27
11867,40216,40217,5.43,0.568,64.43
11868,40218,40219,9.441,1.509,117.56
11869,40220,40221,6.593,0.803,72.84
11870,40222,40223,12.513,557.27,66.14
11871,40224,40225,4.267,0.21,30.76
11872,40226,40227,1.6,0.257,7.97
11873,40234,40235,18.0,0.0,90.85
11874,40282,40283,20.5,4.333,105.22
11875,40308,40309,2.0,0.0,12.42
11876,40310,40311,11.0,0.0,53.57
11877,40316,40317,3.0,0.0,13.19
11878,40318,40319,9.0,0.0,43.39
11879,40320,40321,5.161,0.552,52.92
11880,40328,40329,24.0,2.0,102.6
11881,40332,40333,12.0,0.667,59.33
11882,40334,40335,7.0,0.0,33.34
11883,40340,40341,14.0,0.0,66.65
11884,40342,40343,2.0,0.0,6.58
11885,40344,40345,4.0,0.0,17.01
11886,40348,40349,2.0,0.0,7.55
11887,40352,40353,17.0,0.0,75.52
11888,40358,40359,33.0,0.0,169.02
11889,40362,40363,35.0,8.0,167.83
11890,40368,40369,9.5,4.5,45.11
11891,40378,40379,6.0,0.0,31.96
11892,40380,40381,2.0,0.167,8.44
11893,40382,40383,7.222,0.654,33.92
11894,40384,40385,2.4,0.3,12.95
11895,40386,40387,4.25,0.25,20.93
11896,40388,40389,5.75,0.25,27.71
11897,40390,40391,1.4,0.3,5.39
11898,40392,40393,23.0,0.0,118.89
11899,40396,40397,15.0,0.0,74.68
11900,40398,40399,15.0,8.0,60.01
11901,40402,40403,9.0,0.0,40.93
11902,40404,40405,11.0,0.0,56.68
11903,40406,40407,2.0,0.0,9.46
11904,40410,40411,2.25,0.25,8.67
11905,40412,40413,2.0,0.0,8.43
11906,40416,40417,1.857,0.143,8.45
11907,40418,40419,2.0,0.0,9.28
11908,40434,40435,50.924,2284.535,55.53
11909,40436,40437,4.551,0.403,57.85
11910,40438,40439,8.496,1.422,98.44
11911,40440,40441,20.208,185.17,52.33
11912,40442,40443,2.613,0.282,30.12
11913,40444,40445,4.845,0.373,60.0
11914,40446,40447,14.0,0.0,66.71
11915,40448,40449,5.0,0.0,44.15
11916,40454,40455,14.8,20.7,116.46
11917,40456,40457,7.653,75.466,61.1
11918,40460,40461,4.0,0.0,19.57
11919,40462,40463,9.0,0.0,45.79
11920,40464,40465,17.143,3.81,84.35
11921,40466,40467,4.0,0.0,13.12
11922,40468,40469,27.0,0.0,133.22
11923,40474,40475,6.0,0.0,30.84
11924,40476,40477,7.0,0.0,44.03
11925,40482,40483,21.0,0.0,108.39
11926,40484,40485,7.0,0.0,31.56
11927,40500,40501,6.0,0.0,30.42
11928,40502,40503,8.0,0.0,39.33
11929,40504,40505,78.0,0.0,384.23
11930,40510,40511,22.0,2.0,89.72
11931,40512,40513,10.833,2.567,50.45
11932,40514,40515,1.5,0.5,6.08
11933,40520,40521,4.0,0.667,18.56
11934,40522,40523,26.333,5.333,116.51
11935,40548,40549,10.6,0.711,49.1
11936,40550,40551,25.571,8.571,117.98
11937,40552,40553,22.522,6.261,101.44
11938,40556,40557,26.0,0.0,106.06
11939,40562,40563,4.0,0.0,20.62
11940,40568,40569,17.0,4.667,82.84
11941,40576,40577,5.25,0.917,24.06
11942,40582,40583,9.5,0.5,54.46
11943,40604,40605,6.333,0.333,34.45
11944,40606,40607,11.0,0.0,56.67
11945,40612,40613,7.0,0.0,38.06
11946,40626,40627,6.0,0.0,31.87
11947,40628,40629,8.2,0.2,41.04
11948,40634,40635,1.056,0.056,1.66
11949,40650,40651,9.0,0.0,48.11
11950,40652,40653,14.0,0.0,62.22
11951,40656,40657,3.857,0.275,29.3
11952,40658,40659,2.6,5.697,9.48
11953,40660,40661,9.158,2.474,72.17
11954,40662,40663,1.188,0.163,7.11
11955,40664,40665,28.7,8.958,215.98
11956,40668,40669,10.449,237.906,25.54
11957,40670,40671,32.865,2366.951,38.43
11958,40672,40673,7.701,434.681,39.17
11959,40674,40675,14.255,23.548,165.37
11960,40676,40677,11.763,339.031,25.95
11961,40678,40679,60.799,2770.992,453.53
11962,40680,40681,4.073,0.399,49.98
11963,40682,40683,4.788,5.655,45.54
11964,40684,40685,3.961,161.39,25.57
11965,40688,40689,9.5,0.5,47.8
11966,40690,40691,15.0,0.0,93.6
11967,40692,40693,7.667,2.333,39.15
11968,40696,40697,18.0,8.0,87.77
11969,40698,40699,5.0,0.0,26.47
11970,40704,40705,3.0,0.0,18.16
11971,40716,40717,3.2,0.2,15.93
11972,40720,40721,3.333,0.333,17.37
11973,40722,40723,4.286,0.238,20.35
11974,40724,40725,5.4,0.3,26.6
11975,40726,40727,8.5,0.5,36.51
11976,40730,40731,8.5,0.5,42.19
11977,40732,40733,11.5,4.5,44.58
11978,40738,40739,3.5,0.5,20.51
11979,40740,40741,6.4,0.3,31.75
11980,40742,40743,4.0,0.0,0.2
11981,40754,40755,4.833,0.167,28.47
11982,40758,40759,8.0,0.0,32.79
11983,40766,40767,10.0,0.0,48.96
11984,40770,40771,9.0,0.0,40.15
11985,40774,40775,4.0,0.0,20.04
11986,40778,40779,5.25,0.25,27.72
11987,40784,40785,20.0,2.0,93.02
11988,40786,40787,6.0,0.0,29.23
11989,40790,40791,3.0,0.0,18.19
11990,40792,40793,3.951,224.213,18.84
11991,40794,40795,18.528,1080.799,75.54
11992,40796,40797,21.187,186.458,63.18
11993,40798,40799,5.516,0.398,62.85
11994,40800,40801,7.448,0.685,36.04
11995,40802,40803,23.039,214.638,36.1
11996,40804,40805,9.0,0.0,41.46
11997,40806,40807,5.0,0.0,27.1
11998,40814,40815,5.0,0.0,52.01
11999,40820,40821,8.286,0.571,37.07
12000,40822,40823,18.5,4.5,40.4
12001,40826,40827,38.75,5.583,89.11
12002,40832,40833,5.0,0.0,20.48
12003,40834,40835,42.5,24.5,211.56
12004,40836,40837,3.333,0.333,14.95
12005,40838,40839,29.0,0.0,125.97
12006,40840,40841,1.552,0.389,18.3
12007,40842,40843,1.116,0.272,11.27
12008,40844,40845,4.362,0.411,51.78
12009,40846,40847,1.25,0.19,16.11
12010,40848,40849,1.591,0.362,19.75
12011,40850,40851,6.574,8.857,45.44
12012,40852,40853,5.667,0.333,26.85
12013,40866,40867,7.0,0.0,28.17
12014,40868,40869,17.667,4.333,89.68
12015,40870,40871,9.0,0.0,50.22
12016,40872,40873,15.667,3.067,71.61
12017,40874,40875,11.0,0.0,52.52
12018,40886,40887,17.0,0.0,62.69
12019,40888,40889,10.0,0.0,45.51
12020,40900,40901,2.0,0.0,12.37
12021,40904,40905,5.0,0.0,25.24
12022,40910,40911,4.0,0.0,15.7
12023,40912,40913,8.4,1.3,39.51
12024,40914,40915,10.0,0.0,50.22
12025,40918,40919,14.0,2.667,62.72
12026,40926,40927,16.333,0.333,77.9
12027,40930,40931,11.0,0.0,65.02
12028,40932,40933,3.455,0.473,15.52
12029,40934,40935,12.583,2.629,59.4
12030,40936,40937,8.2,2.7,37.41
12031,40940,40941,10.0,2.0,53.26
12032,40942,40943,13.0,114.0,39.32
12033,40944,40945,9.5,4.5,42.1
12034,40946,40947,1.167,0.167,6.74
12035,40948,40949,1.25,0.25,4.46
12036,40950,40951,15.333,2.333,80.11
12037,40954,40955,2.167,5.767,5.83
12038,40964,40965,5.333,0.333,27.15
12039,40970,40971,2.333,0.333,19.8
12040,40972,40973,6.333,0.267,47.52
12041,40976,40977,4.6,0.3,29.09
12042,40978,40979,14.667,22.667,54.55
12043,40982,40983,5.0,0.0,27.83
12044,40994,40995,4.0,0.0,18.5
12045,40996,40997,10.0,0.0,40.34
12046,41002,41003,6.857,0.476,33.25
12047,41004,41005,7.5,0.5,33.55
12048,41006,41007,4.0,0.25,18.51
12049,41014,41015,11.25,3.583,56.56
12050,41022,41023,12.833,0.567,63.88
12051,41030,41031,6.6,0.3,32.19
12052,41032,41033,14.0,0.0,62.88
12053,41034,41035,2.0,0.0,14.26
12054,41036,41037,13.5,0.5,65.32
12055,41038,41039,5.0,0.0,19.45
12056,41042,41043,10.0,0.0,53.64
12057,41044,41045,7.25,0.25,36.88
12058,41048,41049,11.5,17.667,43.02
12059,41050,41051,9.0,0.0,39.01
12060,41052,41053,3.0,0.0,17.33
12061,41056,41057,13.0,0.0,45.88
12062,41060,41061,6.0,0.0,27.02
12063,41062,41063,4.0,0.0,18.1
12064,41066,41067,8.25,1.583,35.06
12065,41068,41069,21.5,24.5,91.31
12066,41072,41073,8.25,0.25,40.09
12067,41076,41077,25.0,0.667,61.82
12068,41078,41079,7.333,0.333,60.6
12069,41084,41085,9.667,4.333,40.2
12070,41090,41091,9.5,0.5,43.48
12071,41096,41097,3.25,0.214,15.99
12072,41098,41099,4.0,0.0,21.36
12073,41100,41101,2.0,0.0,10.63
12074,41106,41107,7.375,0.839,35.45
12075,41108,41109,7.0,0.0,30.36
12076,41114,41115,9.0,0.0,44.45
12077,41120,41121,5.0,0.0,22.89
12078,41138,41139,4.0,0.0,24.12
12079,41140,41141,3.0,0.0,18.84
12080,41150,41151,15.0,0.0,70.51
12081,41164,41165,6.0,0.0,31.96
12082,41166,41167,4.0,0.0,15.5
12083,41168,41169,7.667,0.333,30.33
12084,41176,41177,7.0,0.0,25.15
12085,41178,41179,5.5,0.333,24.69
12086,41180,41181,6.0,0.0,30.38
12087,41182,41183,5.333,0.333,27.66
12088,41184,41185,2.5,0.5,9.91
12089,41188,41189,2.75,0.25,14.01
12090,41190,41191,8.0,1.0,41.36
12091,41192,41193,11.0,4.0,54.44
12092,41200,41201,4.0,0.0,26.19
12093,41204,41205,2.0,0.0,9.09
12094,41208,41209,3.0,0.0,14.29
12095,41212,41213,10.0,2.0,50.11
12096,41218,41219,2.0,0.2,9.65
12097,41226,41227,5.0,0.0,38.14
12098,41228,41229,6.154,0.555,46.58
12099,41230,41231,8.1,1.169,55.76
12100,41232,41233,17.602,4.12,131.54
12101,41234,41235,19.319,8.192,141.41
12102,41236,41237,7.222,0.626,52.07
12103,41238,41239,10.205,1.471,75.01
12104,41240,41241,13.716,28.425,73.26
12105,41246,41247,13.667,63.867,26.79
12106,41250,41251,24.0,10.667,175.99
12107,41252,41253,18.667,7.0,141.65
12108,41254,41255,1.429,0.286,8.41
12109,41258,41259,42.0,0.0,333.16
12110,41272,41273,5.143,0.143,32.22
12111,41274,41275,3.5,0.5,26.56
12112,41276,41277,8.0,2.0,59.8
12113,41278,41279,42.0,32.0,292.17
12114,41290,41291,55.667,17.333,431.57
12115,41298,41299,4.0,18.0,3.77
12116,41308,41309,10.2,0.2,76.2
12117,41310,41311,2.0,0.0,16.24
12118,41314,41315,1.857,0.476,8.0
12119,41318,41319,5.0,0.0,26.26
12120,41322,41323,9.0,0.0,38.58
12121,41324,41325,11.0,0.0,43.26
12122,41332,41333,1.333,0.333,4.96
12123,41336,41337,4.75,0.917,21.09
12124,41346,41347,10.0,0.0,53.67
12125,41350,41351,6.0,0.0,25.05
12126,41360,41361,10.389,2.134,73.68
12127,41362,41363,4.722,0.33,33.73
12128,41364,41365,14.944,3.35,105.32
12129,41366,41367,22.73,3457.997,49.38
12130,41368,41369,1.382,3.018,6.22
12131,41370,41371,39.494,10439.003,10.26
12132,41372,41373,3.5,0.5,16.36
12133,41380,41381,13.714,1.571,66.79
12134,41382,41383,15.455,11.273,58.46
12135,41384,41385,2.143,4.143,1.11
12136,41390,41391,4.0,0.0,10.43
12137,41394,41395,2.08,0.116,27.57
12138,41396,41397,4.8,0.327,60.64
12139,41398,41399,2.18,0.232,28.04
12140,41400,41401,16.54,2.621,208.02
12141,41402,41403,1.045,0.044,12.13
12142,41404,41405,2.231,0.192,23.0
12143,41406,41407,3.091,0.091,26.07
12144,41408,41409,5.255,32.836,38.45
12145,41410,41411,3.399,19.044,24.75
12146,41416,41417,30.0,0.0,30.1
12147,41420,41421,22.5,0.5,21.95
12148,41422,41423,8.0,147.0,1.42
12149,41426,41427,4.5,0.3,29.5
12150,41428,41429,4.667,0.333,18.52
12151,41430,41431,11.0,0.0,75.22
12152,41432,41433,4.0,0.0,27.58
12153,41438,41439,2.0,0.0,7.28
12154,41440,41441,2.5,0.5,13.63
12155,41442,41443,4.5,0.5,19.78
12156,41444,41445,16.857,3.476,126.84
12157,41446,41447,15.0,1.0,102.79
12158,41448,41449,3.4,0.3,15.22
12159,41450,41451,3.75,0.25,15.75
12160,41454,41455,3.375,0.554,14.95
12161,41456,41457,28.667,0.333,122.37
12162,41460,41461,5.5,0.5,21.33
12163,41464,41465,4.0,0.0,21.36
12164,41466,41467,16.0,0.0,80.49
12165,41468,41469,8.0,2.0,37.39
12166,41480,41481,5.0,0.0,21.28
12167,41484,41485,5.0,0.0,26.89
12168,41486,41487,10.0,0.0,51.03
12169,41496,41497,17.667,9.333,80.22
12170,41498,41499,8.0,0.0,43.91
12171,41506,41507,5.034,0.32,36.91
12172,41508,41509,9.448,2.97,67.0
12173,41510,41511,12.0,0.0,51.58
12174,41516,41517,1.333,0.333,6.36
12175,41520,41521,14.667,6.333,65.23
12176,41522,41523,2.989,0.255,43.57
12177,41524,41525,2.267,0.243,34.13
12178,41526,41527,4.0,0.0,14.95
12179,41528,41529,25.0,0.0,121.01
12180,41534,41535,5.0,0.0,28.79
12181,41542,41543,34.0,0.0,161.46
12182,41544,41545,7.972,0.88,163.08
12183,41552,41553,6.0,0.0,26.35
12184,41554,41555,1.167,0.167,6.38
12185,41558,41559,11.5,4.5,55.25
12186,41572,41573,1.5,0.278,5.74
12187,41574,41575,10.5,84.5,19.71
12188,41576,41577,1.556,0.278,7.14
12189,41588,41589,2.552,0.256,17.51
12190,41590,41591,31.5,24.5,154.89
12191,41592,41593,9.2,2.7,46.72
12192,41604,41605,3.0,12.0,0.76
12193,41606,41607,8.0,0.0,44.43
12194,41610,41611,3.0,0.0,16.28
12195,41654,41655,11.5,1.667,79.02
12196,41656,41657,10.0,0.0,78.44
12197,41658,41659,3.143,0.476,24.75
12198,41660,41661,11.429,1.619,91.08
12199,41662,41663,5.0,0.0,43.13
12200,41664,41665,16.0,0.0,129.5
12201,41666,41667,2.0,0.0,12.55
12202,41668,41669,1.75,0.25,10.37
12203,41670,41671,3.25,0.25,25.74
12204,41672,41673,3.222,0.194,24.27
12205,41674,41675,2.875,0.411,23.92
12206,41676,41677,3.333,0.25,24.38
12207,41678,41679,2.75,0.25,15.05
12208,41680,41681,2.0,0.0,8.14
12209,41682,41683,2.0,0.0,8.63
12210,41684,41685,23.0,0.0,93.04
12211,41686,41687,3.727,0.218,19.2
12212,41688,41689,3.857,0.476,19.45
12213,41690,41691,9.0,2.0,59.24
12214,41692,41693,69.0,200.0,293.42
12215,41694,41695,1.96,0.183,21.19
12216,41696,41697,1.594,0.258,9.2
12217,41698,41699,1.039,0.038,12.54
12218,41702,41703,7.194,5.106,84.83
12219,41704,41705,6.216,0.972,75.46
12220,41706,41707,3.813,2.682,42.48
12221,41708,41709,5.668,0.859,66.95
12222,41710,41711,12.808,3.785,151.66
12223,41712,41713,4.588,0.657,54.12
12224,41714,41715,6.514,5.11,63.35
12225,41716,41717,3.451,0.319,43.05
12226,41718,41719,4.785,0.422,59.08
12227,41720,41721,3.181,0.275,37.49
12228,41732,41733,1.9,0.1,7.24
12229,41734,41735,21.5,3.0,105.18
12230,41744,41745,4.0,0.0,18.36
12231,41750,41751,4.0,0.0,18.77
12232,41754,41755,20.333,11.879,98.08
12233,41756,41757,2.167,0.152,10.01
12234,41760,41761,10.143,0.81,48.96
12235,41764,41765,29.769,254.745,275.51
12236,41778,41779,14.5,4.5,79.35
12237,41780,41781,8.286,0.571,93.95
12238,41782,41783,4.333,0.25,37.42
12239,41784,41785,5.0,0.0,52.27
12240,41798,41799,5.0,0.258,42.07
12241,41800,41801,10.625,0.517,103.64
12242,41802,41803,1.667,0.267,12.09
12243,41806,41807,2.333,0.333,19.29
12244,41808,41809,8.25,0.25,88.99
12245,41810,41811,4.167,0.167,37.88
12246,41812,41813,3.0,0.0,28.01
12247,41814,41815,3.333,0.333,20.37
12248,41816,41817,3.533,0.267,20.17
12249,41818,41819,10.0,0.667,115.86
12250,41824,41825,2.796,0.365,41.44
12251,41826,41827,10.561,92.358,22.4
12252,41828,41829,5.333,0.667,50.06
12253,41830,41831,3.467,0.533,28.72
12254,41832,41833,50.0,2888.0,18.74
12255,41836,41837,11.583,276.447,6.58
12256,41838,41839,3.684,23.784,14.07
12257,41840,41841,65.562,27896.832,158.56
12258,41842,41843,2.067,0.097,23.77
12259,41844,41845,2.795,5.378,25.64
12260,41846,41847,3.158,11.704,13.72
12261,41848,41849,7.571,121.125,7.43
12262,41850,41851,9.926,588.877,8.21
12263,41852,41853,10.059,597.316,4.89
12264,41856,41857,2.631,11.354,6.47
12265,41858,41859,11.371,93.607,36.64
12266,41860,41861,14.25,2.917,169.98
12267,41862,41863,16.301,241.337,24.63
12268,41864,41865,25.287,112.159,258.24
12269,41866,41867,3.0,0.0,19.87
12270,41868,41869,1.5,0.5,9.43
12271,41870,41871,21.0,284.333,43.51
12272,41872,41873,5.0,0.0,43.46
12273,41874,41875,1.846,0.179,23.18
12274,41876,41877,20.465,4.529,258.17
12275,41878,41879,8.5,0.5,72.8
12276,41880,41881,6.333,0.667,72.8
12277,41882,41883,3.444,0.278,23.43
12278,41884,41885,4.0,0.0,23.43
12279,41888,41889,5.0,0.0,43.27
12280,41890,41891,60.128,2714.504,37.23
12281,41892,41893,12.614,110.107,81.25
12282,41894,41895,7.0,12.0,42.98
12283,41896,41897,9.125,83.592,4.76
12284,41900,41901,1.571,0.879,8.74
12285,41902,41903,2.976,9.874,7.19
12286,41904,41905,6.727,0.218,67.14
12287,41906,41907,53.321,823.313,70.5
12288,41908,41909,3.019,0.234,36.24
12289,41912,41913,2.0,0.0,10.04
12290,41918,41919,8.5,84.5,15.29
12291,41920,41921,4.417,7.092,23.09
12292,41922,41923,2.219,0.979,13.17
12293,41924,41925,3.667,21.333,4.84
12294,41926,41927,2.5,4.5,3.82
12295,41928,41929,10.143,1.529,98.48
12296,41932,41933,3.354,0.232,39.9
12297,41934,41935,1.065,0.196,8.42
12298,41936,41937,2.147,0.164,12.54
12299,41938,41939,1.205,0.164,6.11
12300,41940,41941,3.85,6.131,25.88
12301,41942,41943,7.306,107.088,12.31
12302,41948,41949,14.03,630.289,9.85
12303,5,25428,2.2,0.2,13.2
12304,7,4,3.0,0.0,14.4
12305,9,6,2.0,0.0,14.4
12306,15,40670,3.856,226.488,8.6
12307,17,14,3.323,99.008,15.2
12308,21,37410,4.0,4.667,14.8
12309,23,20,3.0,0.286,14.4
12310,25,22,3.25,0.917,14.4
12311,29,2660,2.0,0.0,10.3
12312,35,20302,2.0,0.0,12.3
12313,41,15800,2.0,0.0,9.1
12314,43,19624,1.821,0.204,14.2
12315,45,42,3.469,0.322,27.2
12316,47,19178,3.0,0.0,16.9
12317,51,13330,3.0,0.0,14.4
12318,65,16120,2.0,0.0,9.0
12319,73,19226,2.0,0.0,9.0
12320,75,19242,1.333,0.333,9.0
12321,75,72,3.5,0.5,14.4
12322,77,74,3.333,0.333,14.4
12323,81,9762,2.0,2.0,9.0
12324,89,19664,1.4,0.3,4.7
12325,93,19668,2.0,0.182,4.7
12326,95,5054,3.056,0.695,18.4
12327,99,37052,2.333,0.333,25.4
12328,99,19286,1.647,0.229,26.1
12329,101,19700,4.5,0.5,33.1
12330,103,196,3.333,0.25,27.4
12331,105,19306,1.052,0.049,21.1
12332,109,16,2.405,0.354,10.3
12333,109,35560,4.882,0.762,24.0
12334,111,36878,2.731,0.205,13.6
12335,111,2934,2.707,1.454,24.1
12336,115,10822,2.5,0.3,13.4
12337,115,24408,4.286,0.914,32.2
12338,115,25846,5.585,31.653,13.8
12339,117,114,1.538,6.057,14.5
12340,117,38844,6.5,12.5,2.8
12341,119,2260,2.0,0.0,14.0
12342,119,116,1.031,0.03,11.5
12343,121,26828,2.0,0.0,11.7
12344,121,32970,3.0,0.0,18.2
12345,121,118,1.858,0.142,16.3
12346,123,120,1.598,0.329,14.8
12347,131,30658,2.5,0.5,15.9
12348,133,19590,2.667,0.333,14.5
12349,135,11030,2.0,0.0,13.0
12350,143,7166,2.25,0.214,13.2
12351,149,32024,6.0,0.0,18.3
12352,151,148,1.5,0.5,13.7
12353,169,20776,2.0,0.0,8.9
12354,171,19774,2.0,0.0,4.7
12355,173,31104,2.0,0.0,7.6
12356,173,19776,2.0,0.0,4.7
12357,177,23520,3.0,0.0,22.6
12358,177,11262,4.286,0.374,32.4
12359,177,22084,3.0,0.0,11.4
12360,179,19782,1.5,0.5,4.7
12361,181,3268,5.0,0.0,17.3
12362,181,178,1.6,0.3,3.7
12363,183,180,6.5,1.9,14.5
12364,183,22832,5.429,0.619,17.0
12365,191,194,1.2,0.2,9.6
12366,207,12112,2.784,0.174,12.2
12367,207,21994,4.618,1.031,24.3
12368,209,19824,1.25,0.25,4.7
12369,211,19830,2.0,0.0,4.7
12370,215,680,3.0,0.0,14.3
12371,225,31260,3.267,0.21,26.8
12372,225,31202,4.5,0.5,29.9
12373,231,228,2.857,0.143,14.4
12374,233,31260,4.0,0.0,25.5
12375,233,19854,3.12,1.36,18.1
12376,235,7310,1.5,0.333,7.6
12377,237,234,2.0,0.0,14.3
12378,239,4144,2.0,0.0,11.6
12379,253,238,3.0,0.0,15.2
12380,255,234,2.0,0.0,9.0
12381,259,7322,1.5,0.5,7.7
12382,261,16808,5.0,0.0,34.0
12383,261,38624,3.867,0.602,34.4
12384,265,31532,5.561,2.194,48.5
12385,267,1228,3.846,0.808,7.8
12386,267,21024,7.0,0.0,12.8
12387,267,19902,2.0,0.0,4.8
12388,277,274,6.0,0.0,14.4
12389,279,276,4.0,0.0,12.6
12390,283,37596,3.0,0.0,9.0
12391,285,304,2.0,0.0,16.1
12392,287,16246,2.5,0.5,11.6
12393,295,292,2.0,0.0,10.4
12394,297,1890,1.667,0.333,9.4
12395,297,25766,2.2,0.2,14.6
12396,303,296,1.75,0.25,15.9
12397,305,302,2.25,0.917,16.4
12398,307,304,2.0,2.0,15.7
12399,309,306,3.0,0.0,25.2
12400,317,296,2.0,0.0,16.3
12401,321,318,2.0,0.0,16.0
12402,337,1602,1.215,0.169,15.1
12403,339,19978,1.167,0.167,4.7
12404,341,19980,1.5,0.5,4.7
12405,347,348,1.5,0.5,10.4
12406,349,38084,2.0,0.0,9.8
12407,371,368,2.0,0.0,7.8
12408,379,434,2.0,0.0,7.5
12409,395,20036,2.0,0.0,4.7
12410,425,2198,5.0,0.0,19.9
12411,427,8006,3.0,0.0,14.3
12412,431,33664,1.125,0.117,12.0
12413,433,430,1.214,0.181,13.1
12414,447,432,1.077,0.077,10.4
12415,463,2200,3.75,0.917,18.3
12416,465,8020,2.833,0.167,16.7
12417,467,20110,1.5,0.5,4.7
12418,469,464,3.0,0.0,13.5
12419,471,468,4.0,0.0,15.5
12420,477,1642,2.0,0.0,11.2
12421,477,20122,2.0,0.0,4.7
12422,479,23542,3.5,0.5,13.8
12423,483,1640,2.0,0.0,10.2
12424,487,21468,2.0,0.0,9.7
12425,495,27554,1.8,4.303,4.1
12426,507,13448,1.333,0.238,8.4
12427,509,20150,1.154,0.141,4.7
12428,517,554,2.0,0.0,9.3
12429,523,528,3.0,0.0,14.3
12430,523,20176,2.0,0.0,4.7
12431,529,20184,2.0,0.0,4.7
12432,531,20712,3.5,0.5,14.3
12433,537,20192,2.0,0.0,4.7
12434,539,24090,1.5,0.5,9.0
12435,541,538,3.0,0.0,15.0
12436,543,40402,4.0,0.0,14.4
12437,545,3858,2.25,0.25,10.6
12438,545,542,4.0,0.0,16.2
12439,545,20200,2.0,0.0,4.7
12440,553,32236,3.0,0.0,9.0
12441,555,11926,3.0,0.0,9.0
12442,555,33094,2.5,0.5,14.3
12443,557,554,3.0,0.0,14.4
12444,569,20230,1.4,0.3,9.0
12445,571,566,2.0,0.0,9.0
12446,571,20228,2.667,0.333,14.2
12447,575,20226,3.0,0.0,14.2
12448,589,11096,2.0,0.0,14.5
12449,595,20274,1.1,0.1,3.6
12450,597,594,1.143,0.275,11.8
12451,601,12078,7.333,0.667,14.5
12452,603,600,6.0,0.0,13.9
12453,607,20292,3.0,0.0,9.4
12454,611,20286,4.5,0.5,14.3
12455,629,41826,2.852,16.823,1.2
12456,631,37196,2.028,0.028,13.2
12457,631,628,1.282,0.313,15.2
12458,633,630,1.194,0.186,11.2
12459,635,15502,3.375,0.268,16.2
12460,637,20324,3.0,0.0,14.5
12461,639,20322,2.0,0.0,9.9
12462,639,660,3.138,0.249,14.5
12463,641,20342,2.333,0.333,14.5
12464,643,664,2.333,0.333,12.9
12465,643,20352,3.667,0.333,17.3
12466,643,20328,1.25,0.25,4.7
12467,645,20344,2.0,0.0,14.4
12468,647,20332,1.5,0.5,4.7
12469,649,20342,5.619,0.848,27.6
12470,651,34482,2.0,0.0,8.5
12471,653,20350,3.0,0.0,14.9
12472,655,646,3.5,0.5,14.4
12473,657,20326,2.067,0.067,10.0
12474,657,13186,5.25,1.583,29.1
12475,657,20334,5.957,0.407,28.5
12476,657,20342,1.2,0.178,4.7
12477,659,20330,2.0,0.0,9.7
12478,659,656,3.208,0.591,14.4
12479,659,20344,2.0,0.0,4.7
12480,661,658,3.095,0.378,14.5
12481,661,20356,3.524,1.362,14.2
12482,661,20346,1.545,0.473,4.7
12483,665,20338,2.0,0.0,9.1
12484,673,674,2.5,0.5,13.8
12485,675,13988,2.3,0.233,9.9
12486,677,674,3.0,0.0,12.6
12487,681,11656,7.5,0.333,36.6
12488,683,13512,3.0,0.0,14.4
12489,687,11656,6.0,0.0,30.8
12490,689,686,2.0,0.0,15.2
12491,691,10230,3.0,0.0,14.5
12492,711,31624,2.0,0.0,14.2
12493,713,27818,2.125,0.125,26.1
12494,713,5166,3.129,0.316,39.9
12495,717,35758,2.0,0.0,15.2
12496,723,31048,1.333,0.25,8.7
12497,727,31772,2.857,0.476,14.4
12498,727,14860,3.0,0.333,14.2
12499,727,20408,1.364,0.255,4.7
12500,729,726,3.098,0.25,14.4
12501,729,16180,3.0,1.75,14.3
12502,729,20410,1.231,0.192,4.7
12503,731,728,1.371,0.237,7.2
12504,731,20412,1.833,0.167,4.7
12505,733,722,2.0,0.0,9.0
12506,733,20404,2.0,0.0,14.3
12507,735,11794,7.0,0.0,34.2
12508,737,500,1.667,0.333,7.9
12509,739,41920,1.1,0.091,13.2
12510,741,17134,1.855,0.201,27.2
12511,743,740,3.019,2.056,26.7
12512,743,22538,4.0,13.5,6.5
12513,745,11102,3.0,0.25,15.3
12514,749,20456,6.689,80.931,27.0
12515,749,28060,2.571,21.495,4.4
12516,751,22306,2.0,0.0,11.8
12517,751,748,1.169,0.141,14.5
12518,793,10472,1.8,0.2,9.0
12519,811,10442,2.0,0.0,9.0
12520,811,808,4.0,0.0,14.4
12521,813,31382,2.75,0.25,14.4
12522,815,10440,2.0,0.0,12.6
12523,819,31374,2.75,0.917,14.2
12524,819,20592,1.5,0.5,4.7
12525,821,31384,2.5,0.5,14.2
12526,823,10458,3.0,0.0,14.2
12527,827,10452,2.0,0.0,9.0
12528,829,20472,3.0,0.0,14.2
12529,841,31386,3.0,0.0,14.2
12530,853,20476,3.0,0.0,14.2
12531,855,20632,2.0,0.0,4.7
12532,863,10444,2.0,0.0,9.0
12533,863,31364,2.5,0.5,14.2
12534,869,870,1.167,0.27,8.3
12535,871,24540,2.067,0.067,20.1
12536,871,4246,1.882,0.168,16.6
12537,873,874,3.277,0.291,24.7
12538,875,868,2.064,0.148,15.2
12539,877,872,2.568,0.308,19.4
12540,881,5422,1.205,0.181,12.6
12541,881,9896,15.3,244.233,3.2
12542,901,34766,3.0,0.0,16.6
12543,909,906,2.0,0.0,14.4
12544,911,908,3.0,0.0,14.4
12545,915,20700,2.0,0.0,4.7
12546,919,914,2.5,0.5,14.4
12547,923,20166,2.0,0.0,9.0
12548,925,922,3.0,0.0,14.8
12549,927,924,3.0,2.0,14.4
12550,929,926,2.5,0.5,13.7
12551,941,988,2.0,0.0,9.0
12552,943,940,2.667,0.333,14.5
12553,951,970,2.0,0.0,13.8
12554,953,1000,3.0,0.0,13.7
12555,955,964,3.5,0.5,13.7
12556,959,20828,1.5,0.5,6.0
12557,961,20810,3.0,0.0,14.2
12558,965,20812,3.0,0.0,14.2
12559,967,20794,2.0,0.0,10.1
12560,967,1008,3.333,0.333,15.0
12561,971,1032,2.0,0.0,9.0
12562,973,940,3.0,0.0,14.7
12563,975,20724,2.0,0.0,9.7
12564,985,37740,1.857,0.476,8.2
12565,987,1012,4.0,0.0,15.0
12566,989,20826,2.875,0.25,14.3
12567,991,988,3.091,0.491,15.0
12568,999,990,2.667,0.267,14.5
12569,1001,998,2.0,0.0,14.4
12570,1009,37738,2.333,0.333,9.0
12571,1009,984,3.0,0.0,13.9
12572,1011,1008,3.4,0.3,14.5
12573,1013,1010,3.0,0.0,14.5
12574,1015,1012,3.0,0.0,14.5
12575,1017,1014,3.0,1.0,14.5
12576,1019,1016,3.333,0.333,14.5
12577,1033,998,3.0,0.0,14.2
12578,1037,170,2.0,0.0,9.3
12579,1039,1036,3.0,0.0,14.4
12580,1041,1038,3.0,0.0,14.4
12581,1043,20772,1.833,0.152,9.0
12582,1043,1040,3.0,0.0,14.5
12583,1043,986,3.5,0.5,14.3
12584,1043,20826,1.333,0.333,4.7
12585,1045,1042,1.889,0.222,9.0
12586,1047,1044,1.778,0.183,8.6
12587,1047,966,2.4,0.3,11.5
12588,1051,18046,1.921,0.134,24.8
12589,1053,12004,1.09,0.083,13.9
12590,1055,1056,1.25,0.325,13.2
12591,1055,14666,5.0,0.0,2.2
12592,1057,40210,1.5,0.267,7.1
12593,1057,12020,3.854,1.331,36.4
12594,1059,5178,1.286,0.238,7.8
12595,1075,20884,2.5,0.5,11.0
12596,1081,20844,1.5,0.5,5.6
12597,1087,1126,3.0,0.0,14.2
12598,1095,1148,3.0,0.0,14.2
12599,1097,1154,3.0,2.0,14.2
12600,1101,1184,4.0,0.0,17.0
12601,1103,1182,4.0,0.0,17.0
12602,1105,5182,2.385,0.246,16.4
12603,1105,25602,2.958,0.389,21.2
12604,1111,4434,2.0,0.0,11.2
12605,1113,4440,2.75,0.25,12.6
12606,1113,1110,3.0,0.0,15.5
12607,1115,4442,2.0,0.0,12.6
12608,1115,1112,4.0,0.0,15.5
12609,1119,4438,2.0,0.0,9.2
12610,1127,1104,2.92,0.483,14.4
12611,1135,24734,2.0,0.0,9.1
12612,1137,1134,4.0,0.0,14.4
12613,1139,1136,4.0,0.0,14.4
12614,1139,20928,1.75,0.25,4.7
12615,1141,24740,2.0,0.0,9.1
12616,1141,1138,4.0,0.0,14.4
12617,1141,20930,2.0,0.0,4.7
12618,1143,1140,3.667,0.333,14.4
12619,1143,20932,2.0,0.0,4.7
12620,1145,1142,3.667,0.333,14.4
12621,1147,1144,3.333,0.333,14.4
12622,1149,1126,3.02,0.395,14.4
12623,1151,1146,2.667,0.333,13.5
12624,1153,1148,2.935,0.418,14.4
12625,1155,1152,2.957,0.354,14.4
12626,1157,1154,2.929,0.263,14.4
12627,1159,1156,3.086,0.434,14.4
12628,1161,1158,2.889,0.333,14.0
12629,1163,1160,2.667,0.333,14.0
12630,1165,5344,1.5,0.3,7.6
12631,1165,25764,2.286,0.22,12.8
12632,1167,1164,1.316,0.228,5.2
12633,1169,20960,3.5,0.5,17.5
12634,1173,1170,3.0,0.0,14.1
12635,1175,1172,2.0,0.0,9.9
12636,1175,20972,3.0,0.0,13.5
12637,1183,20964,2.0,0.0,9.2
12638,1185,1182,3.5,0.5,15.5
12639,1187,1184,3.0,0.0,15.5
12640,1191,9138,2.0,0.0,13.8
12641,1193,1190,2.0,0.0,15.0
12642,1195,1192,1.667,0.333,13.4
12643,1197,1194,2.0,0.0,14.4
12644,1213,1210,1.333,0.333,13.9
12645,1215,1212,1.667,0.333,15.0
12646,1217,1218,2.47,20.226,8.0
12647,1219,32048,2.0,0.857,11.1
12648,1219,1432,2.449,0.777,22.4
12649,1221,2410,2.0,0.0,8.6
12650,1221,1216,1.013,0.026,9.3
12651,1223,10904,1.75,0.25,10.8
12652,1223,1220,1.037,0.035,11.6
12653,1223,31854,6.0,37.0,2.9
12654,1225,40778,4.0,18.0,5.6
12655,1227,21260,2.962,0.038,14.8
12656,1229,1226,4.214,0.335,9.0
12657,1231,19902,3.333,0.333,7.6
12658,1233,22456,4.0,0.0,14.4
12659,1235,24020,2.8,0.2,14.4
12660,1237,3786,3.25,0.25,14.1
12661,1239,14030,4.0,0.0,18.4
12662,1239,10802,3.333,0.333,15.1
12663,1241,1238,5.0,0.667,10.8
12664,1249,1250,2.0,0.571,10.0
12665,1249,18460,3.0,0.0,14.2
12666,1251,18444,2.0,0.333,10.2
12667,1251,40636,3.5,4.5,14.3
12668,1253,21080,1.5,0.5,8.7
12669,1255,11900,2.286,0.214,12.8
12670,1257,1248,2.75,0.25,14.2
12671,1261,18464,3.5,0.5,14.2
12672,1265,40650,2.0,0.0,9.0
12673,1269,1260,2.0,0.0,9.0
12674,1269,21062,4.0,0.0,14.2
12675,1271,21046,1.5,0.333,6.7
12676,1277,19554,3.0,0.0,16.8
12677,1283,1296,4.75,0.5,21.2
12678,1285,1282,2.0,0.0,9.6
12679,1289,21110,3.0,0.0,14.5
12680,1289,1286,4.0,0.0,16.5
12681,1295,12392,2.75,0.25,12.8
12682,1295,33662,4.0,0.571,28.8
12683,1297,1294,3.0,0.182,14.4
12684,1299,7598,3.333,5.333,10.5
12685,1301,21098,4.0,1.0,20.2
12686,1305,1284,2.4,0.3,10.1
12687,1309,1306,1.2,0.2,5.0
12688,1311,1318,2.0,0.0,9.0
12689,1313,21126,4.0,0.0,22.6
12690,1315,1296,3.25,0.25,16.7
12691,1317,1314,1.25,0.25,5.1
12692,1321,21120,2.0,0.0,9.0
12693,1321,1318,2.333,0.333,13.6
12694,1321,21132,2.0,0.0,4.7
12695,1333,12364,2.182,0.164,14.9
12696,1335,1332,2.875,0.411,14.6
12697,1337,8868,3.0,0.0,14.2
12698,1345,14316,2.5,0.333,18.5
12699,1347,14316,3.0,0.0,23.8
12700,1353,15570,1.5,0.5,13.7
12701,1353,5632,2.0,0.0,16.1
12702,1357,1354,2.0,0.0,13.6
12703,1361,1376,2.25,0.917,7.5
12704,1363,1360,2.75,0.917,14.2
12705,1367,21180,1.667,0.333,4.7
12706,1369,21182,1.5,0.5,4.7
12707,1371,21510,2.2,0.168,14.4
12708,1373,40460,2.0,0.0,9.2
12709,1373,1388,2.0,0.0,14.4
12710,1375,21188,2.0,0.0,4.7
12711,1377,1370,2.571,0.286,12.3
12712,1379,1376,2.5,0.5,12.2
12713,1381,1378,3.0,0.0,14.2
12714,1385,18272,2.0,0.0,9.0
12715,1389,40462,2.0,0.0,14.3
12716,1391,25246,3.5,0.5,28.4
12717,1395,1392,2.0,0.0,5.1
12718,1401,21226,2.0,0.0,4.7
12719,1405,1402,2.5,0.5,13.8
12720,1409,1370,3.2,0.314,14.3
12721,1411,1404,3.0,0.0,13.2
12722,1411,21238,1.5,0.5,4.7
12723,1423,1420,2.0,0.0,14.4
12724,1429,9920,2.858,0.259,34.8
12725,1431,19080,1.818,0.164,9.9
12726,1431,1428,2.211,0.168,22.3
12727,1431,21020,1.2,0.2,5.5
12728,1435,9884,2.0,0.0,8.0
12729,1435,1430,1.227,0.177,15.6
12730,1435,266,2.235,8.066,3.6
12731,1437,880,1.254,6.61,6.7
12732,1439,1436,1.027,0.033,9.6
12733,1441,1438,1.024,0.031,9.4
12734,1445,1442,1.004,0.004,9.4
12735,1461,1458,7.0,0.0,14.4
12736,1473,40678,3.667,2.333,25.4
12737,1475,1482,4.0,0.0,14.2
12738,1483,19170,3.0,0.0,17.7
12739,1501,21160,2.54,1.09,17.9
12740,1503,338,1.5,0.5,9.0
12741,1509,15924,3.0,0.0,14.4
12742,1511,1508,3.0,0.0,15.2
12743,1527,1650,1.925,0.353,23.7
12744,1527,24180,2.667,6.75,7.0
12745,1533,13554,2.0,0.0,7.6
12746,1551,1578,4.0,0.0,17.7
12747,1553,1574,3.25,0.25,15.1
12748,1555,21416,2.5,0.5,13.2
12749,1557,1578,2.0,0.0,10.1
12750,1559,1556,2.0,0.0,10.4
12751,1569,21402,2.5,0.5,11.2
12752,1569,1566,2.0,0.0,13.8
12753,1569,21416,2.0,0.0,5.5
12754,1571,1572,3.0,0.0,15.3
12755,1573,10998,1.467,0.267,8.7
12756,1573,32002,2.0,0.0,14.0
12757,1575,1572,2.0,0.0,9.1
12758,1577,1574,3.0,1.0,14.9
12759,1579,5110,2.5,0.3,14.3
12760,1587,6580,2.0,0.0,12.4
12761,1587,27094,2.086,0.081,17.5
12762,1595,29780,2.5,0.5,25.6
12763,1599,21452,1.617,18.21,10.1
12764,1601,1598,1.126,0.491,9.4
12765,1605,1606,1.05,0.048,4.0
12766,1607,29780,2.217,0.211,27.8
12767,1609,1604,1.969,3.499,13.6
12768,1609,12324,5.333,56.333,3.5
12769,1611,32158,1.5,0.5,5.6
12770,1611,1608,1.356,0.231,16.6
12771,1613,21466,2.0,0.0,4.7
12772,1621,12760,1.012,0.012,10.6
12773,1625,1622,2.0,0.0,10.4
12774,1627,1624,1.25,0.25,5.5
12775,1641,1638,4.5,0.273,23.9
12776,1643,1640,2.889,0.111,14.7
12777,1643,20128,3.0,0.333,11.7
12778,1645,1642,3.182,0.164,14.4
12779,1645,20122,1.5,0.5,9.6
12780,1647,12120,1.095,0.088,12.4
12781,1647,8396,1.353,1.118,2.9
12782,1649,1646,1.021,0.021,9.2
12783,1655,35844,4.0,0.0,14.5
12784,1657,21548,1.857,0.143,21.7
12785,1667,24346,1.808,0.402,10.3
12786,1669,1666,1.75,0.408,11.9
12787,1671,1668,3.444,0.278,26.7
12788,1673,14060,3.0,0.0,30.0
12789,1673,35468,2.0,0.0,14.2
12790,1677,13650,2.0,0.0,14.2
12791,1679,1676,2.0,0.0,14.4
12792,1681,13164,3.0,0.0,15.4
12793,1683,1680,2.5,0.333,19.3
12794,1691,7262,4.23,20.645,38.6
12795,1691,8238,5.0,18.0,0.6
12796,1697,10006,3.0,0.0,13.7
12797,1703,21574,1.667,0.333,4.7
12798,1705,1706,1.55,0.911,10.1
12799,1707,35440,15.938,543.1,24.8
12800,1709,28218,3.0,0.0,20.0
12801,1709,7650,3.333,0.333,27.1
12802,1731,32810,4.0,0.0,20.2
12803,1733,9812,2.0,0.0,11.4
12804,1735,1732,3.0,0.0,19.5
12805,1737,1754,3.333,0.25,14.4
12806,1737,21692,2.5,0.5,14.2
12807,1739,1736,3.25,0.386,14.4
12808,1739,21610,2.0,0.0,4.7
12809,1741,1734,3.0,1.0,15.4
12810,1743,1740,3.5,0.333,17.3
12811,1745,1742,3.25,0.25,14.8
12812,1745,1808,3.0,0.0,14.4
12813,1747,1744,3.4,0.3,14.4
12814,1749,1746,3.4,0.3,14.4
12815,1751,1748,3.25,0.25,14.4
12816,1753,1750,3.25,0.25,14.4
12817,1753,1810,3.0,0.0,14.2
12818,1755,1752,3.0,0.286,14.4
12819,1755,21682,3.0,0.0,14.2
12820,1757,16966,2.0,0.667,9.0
12821,1759,1756,3.5,0.5,14.3
12822,1761,21660,2.0,0.0,9.0
12823,1761,1780,3.0,0.0,14.3
12824,1763,21654,1.833,0.167,9.1
12825,1763,1760,3.0,0.0,14.4
12826,1763,21634,1.833,0.167,4.7
12827,1765,1762,3.0,0.308,14.4
12828,1767,1764,1.154,0.308,5.0
12829,1773,21674,2.0,0.0,8.9
12830,1775,1772,3.0,0.0,13.9
12831,1777,1774,3.0,0.0,14.2
12832,1779,1776,2.0,0.0,5.3
12833,1781,1778,3.0,0.0,14.1
12834,1783,21634,3.5,0.5,14.2
12835,1813,1748,2.0,0.0,14.2
12836,1825,1738,1.583,0.265,7.4
12837,1825,1822,2.0,0.0,11.8
12838,1829,1882,3.0,0.0,12.3
12839,1835,5368,1.25,0.214,9.6
12840,1835,25788,2.0,0.0,14.9
12841,1841,21706,1.5,0.5,12.0
12842,1841,21714,2.0,0.0,4.7
12843,1843,1836,1.444,0.278,10.8
12844,1847,1844,1.5,0.286,10.7
12845,1849,1846,1.571,0.286,10.4
12846,1851,1848,1.571,0.286,10.3
12847,1853,1850,1.833,0.167,10.5
12848,1855,1852,3.0,0.0,14.3
12849,1865,1874,2.5,0.5,13.8
12850,1867,25788,1.4,0.3,9.4
12851,1867,5368,2.0,0.0,14.2
12852,1873,1870,3.0,0.0,16.9
12853,1875,1866,2.091,0.291,14.1
12854,1877,1874,1.444,0.278,10.4
12855,1879,1876,1.444,0.278,10.8
12856,1881,1878,1.444,0.278,10.2
12857,1883,1880,1.333,0.25,9.1
12858,1891,25772,1.8,0.2,10.8
12859,1891,1922,2.333,0.333,16.2
12860,1893,1854,3.0,0.0,15.2
12861,1895,1892,2.0,0.0,4.9
12862,1897,1828,4.333,0.667,9.0
12863,1899,1896,7.0,0.0,14.4
12864,1905,1902,3.0,0.0,5.0
12865,1907,1904,2.0,0.0,5.0
12866,1909,1906,7.25,2.25,16.2
12867,1921,30550,1.5,0.5,20.4
12868,1921,9828,1.222,0.444,1.4
12869,1925,1852,2.0,0.0,14.1
12870,1933,21808,5.0,0.0,9.3
12871,1939,15596,1.623,0.239,13.4
12872,1939,34942,1.667,0.333,2.4
12873,1941,6514,1.125,0.125,5.3
12874,1941,1938,1.089,0.083,14.0
12875,1943,1940,1.094,0.087,14.2
12876,1957,21876,2.5,0.5,9.2
12877,1963,1960,2.0,0.0,7.0
12878,1965,1962,3.0,0.0,14.4
12879,1969,26094,3.0,0.0,14.3
12880,1971,1968,3.0,0.0,14.4
12881,1973,1970,3.0,0.0,14.4
12882,1975,1972,2.75,0.25,12.8
12883,1977,1974,2.5,0.333,12.1
12884,1977,27136,3.0,0.0,13.7
12885,1979,1976,3.25,0.25,13.8
12886,1979,21858,2.0,0.0,4.7
12887,1983,1978,3.0,0.0,14.4
12888,1983,27126,2.0,0.0,14.2
12889,1985,1982,3.0,0.0,14.4
12890,1987,1984,3.333,0.333,14.4
12891,1987,21866,2.0,0.0,4.7
12892,1989,1986,3.333,0.333,14.4
12893,1993,29976,2.0,0.0,8.3
12894,1993,9256,3.2,0.2,14.1
12895,2005,27952,2.0,0.0,12.6
12896,2007,21886,1.286,0.238,4.7
12897,2011,32264,1.95,0.261,21.8
12898,2011,15714,2.664,0.297,21.0
12899,2017,2472,1.617,0.239,15.5
12900,2019,2016,1.118,0.105,13.4
12901,2025,2022,1.074,0.07,13.3
12902,2029,2026,3.0,0.0,27.7
12903,2031,9400,1.75,0.25,14.1
12904,2039,21920,2.0,0.0,4.7
12905,2047,2044,2.0,0.0,10.4
12906,2049,2046,2.0,0.0,10.5
12907,2061,39358,2.389,0.252,7.2
12908,2061,17318,4.19,1.262,12.1
12909,2063,2060,2.5,0.318,5.0
12910,2065,2062,2.652,0.328,5.3
12911,2069,33610,1.667,0.333,12.2
12912,2079,2076,2.667,0.333,19.4
12913,2081,17316,1.171,0.195,5.0
12914,2085,2082,1.136,0.121,4.5
12915,2087,19822,2.744,0.459,16.9
12916,2087,12112,3.894,0.899,33.4
12917,2089,23754,4.0,0.0,26.3
12918,2089,2086,2.388,0.742,22.5
12919,2091,2088,1.15,0.129,8.8
12920,2093,2090,1.129,0.141,11.0
12921,2093,39568,9.667,86.333,2.2
12922,2101,33602,4.0,0.0,26.4
12923,2103,22014,2.0,0.0,10.2
12924,2117,31972,2.0,0.0,15.5
12925,2121,12308,2.0,0.0,9.2
12926,2123,22116,2.5,0.722,13.8
12927,2127,2124,1.333,0.25,10.4
12928,2127,31982,1.929,0.533,13.3
12929,2131,21964,1.5,0.278,9.1
12930,2131,22130,2.0,0.0,4.7
12931,2135,36120,3.0,0.0,15.1
12932,2141,23066,1.333,0.25,10.3
12933,2145,2142,1.111,0.111,13.5
12934,2151,7202,4.802,1.123,26.7
12935,2151,29728,4.207,0.763,42.5
12936,2151,25632,7.0,2.0,21.1
12937,2153,2176,1.107,0.096,14.0
12938,2155,2152,1.154,0.131,14.6
12939,2157,2154,1.055,0.052,13.4
12940,2159,2156,1.139,0.121,14.5
12941,2161,2158,4.0,0.385,52.0
12942,2165,2150,1.508,0.251,20.1
12943,2167,2162,2.533,0.266,33.4
12944,2169,2166,1.157,0.134,14.5
12945,2171,2168,1.176,0.147,15.4
12946,2173,2164,5.038,0.523,63.9
12947,2175,2172,1.073,0.068,13.9
12948,2177,2174,2.475,0.262,32.1
12949,2179,38090,1.692,0.397,10.9
12950,2183,2180,1.385,0.256,18.0
12951,2191,2192,3.614,59.261,8.2
12952,2193,36128,1.764,0.481,17.3
12953,2195,2190,2.313,1.533,21.0
12954,2197,2194,1.562,0.532,14.1
12955,2197,40600,12.333,160.333,2.2
12956,2199,464,3.25,0.917,15.7
12957,2199,20108,2.0,0.0,4.7
12958,2201,2232,2.0,0.0,9.1
12959,2201,2198,3.0,0.0,17.9
12960,2205,2202,1.136,0.123,13.9
12961,2205,23596,5.0,0.0,4.1
12962,2209,26836,2.0,0.0,10.0
12963,2227,2224,1.6,0.257,23.3
12964,2233,20114,3.0,0.0,13.3
12965,2235,6680,2.0,0.0,14.0
12966,2237,2234,1.5,0.5,10.3
12967,2253,2250,1.25,0.25,9.4
12968,2257,32980,3.429,0.286,15.5
12969,2257,2254,4.0,0.0,19.2
12970,2259,11834,2.25,0.25,8.8
12971,2261,22304,2.0,0.0,8.4
12972,2265,20452,3.0,0.0,16.9
12973,2267,2264,3.0,0.0,15.3
12974,2271,11674,2.0,0.0,16.0
12975,2275,30762,1.364,0.255,5.0
12976,2275,9928,1.3,0.233,5.4
12977,2277,2274,1.812,0.162,14.2
12978,2277,22318,2.0,0.0,4.7
12979,2279,2284,1.464,0.258,9.1
12980,2281,2278,1.107,0.099,7.8
12981,2285,22342,2.667,0.542,18.1
12982,2287,2284,2.0,0.0,14.4
12983,2289,9926,2.5,0.5,17.0
12984,2299,11676,1.375,0.268,12.0
12985,2299,22346,2.0,0.0,14.7
12986,2301,22326,1.188,0.162,6.6
12987,2301,2298,2.111,0.111,13.8
12988,2305,11676,1.571,0.286,13.3
12989,2319,2848,2.0,0.0,11.4
12990,2319,22978,3.0,0.0,17.8
12991,2321,22356,2.0,0.0,9.0
12992,2321,2318,3.25,0.25,14.4
12993,2323,2320,3.0,0.0,14.4
12994,2367,32884,2.5,0.82,15.7
12995,2369,2366,1.154,0.135,14.4
12996,2373,2370,1.269,0.205,15.4
12997,2375,2372,1.04,0.04,13.1
12998,2377,2374,1.577,0.254,19.4
12999,2379,2376,1.231,0.185,14.5
13000,2381,2378,1.115,0.106,15.2
13001,2385,10436,2.0,0.0,15.8
13002,2387,2384,4.0,0.667,26.7
13003,2389,2386,2.333,0.333,14.3
13004,2391,2388,2.0,0.0,15.2
13005,2395,2392,1.085,0.078,15.5
13006,2397,2394,1.086,0.079,15.7
13007,2409,21026,3.75,0.25,14.4
13008,2411,19740,2.0,0.0,9.0
13009,2411,134,3.0,0.0,14.0
13010,2417,21018,2.0,0.0,16.4
13011,2429,5172,2.0,0.0,9.5
13012,2429,25592,2.0,0.0,14.8
13013,2431,2428,1.5,0.5,10.4
13014,2449,2446,1.5,0.5,14.7
13015,2459,35662,1.333,0.267,9.1
13016,2463,2460,1.5,0.5,14.5
13017,2467,14476,1.835,0.176,16.9
13018,2471,2468,1.105,0.095,13.6
13019,2473,2470,2.364,0.253,29.6
13020,2475,20424,2.0,1.0,5.9
13021,2475,20428,4.75,0.25,27.0
13022,2475,740,6.0,0.0,26.1
13023,2477,2474,1.571,0.286,8.3
13024,2479,14126,1.5,0.5,10.9
13025,2479,35568,2.75,0.25,16.2
13026,2481,2478,3.0,0.0,13.9
13027,2483,2480,4.0,0.0,17.0
13028,2489,5154,2.0,0.0,9.4
13029,2489,25574,2.0,0.0,14.7
13030,2491,2488,2.0,0.667,14.9
13031,2497,9450,1.353,0.243,6.8
13032,2497,2494,2.333,0.333,15.2
13033,2499,2496,3.105,0.099,22.9
13034,2501,13662,4.0,0.0,23.4
13035,2501,34994,1.852,0.131,12.6
13036,2503,21302,2.0,0.0,11.4
13037,2503,18482,3.182,0.823,19.0
13038,2509,2520,2.5,0.5,14.2
13039,2513,13612,1.667,0.333,9.2
13040,2513,41408,2.75,0.25,14.6
13041,2515,2512,1.429,0.286,5.3
13042,2517,22600,2.0,0.0,9.0
13043,2519,2514,3.333,0.333,16.5
13044,2521,2518,2.333,0.333,14.4
13045,2521,22586,3.0,1.0,14.2
13046,2523,2520,2.75,0.25,14.4
13047,2525,2522,3.0,0.0,14.4
13048,2529,22606,2.0,0.0,4.9
13049,2533,32168,3.0,0.0,13.6
13050,2533,11140,3.0,0.0,16.3
13051,2545,22622,3.0,0.0,4.7
13052,2547,2554,2.5,0.5,14.3
13053,2549,22626,1.5,0.5,4.7
13054,2557,19572,1.042,0.042,4.8
13055,2557,11148,1.452,0.249,18.1
13056,2559,2556,1.009,0.009,6.8
13057,2561,2558,2.367,0.245,29.7
13058,2569,22648,2.0,0.0,11.7
13059,2569,9394,6.75,0.25,48.3
13060,2571,22646,4.0,0.0,20.3
13061,2585,2582,1.6,0.267,12.3
13062,2587,2584,1.167,0.167,10.4
13063,2599,5442,2.81,0.662,24.2
13064,2601,2598,2.053,0.053,19.1
13065,2601,22676,2.0,0.0,4.7
13066,2603,29324,2.0,0.0,14.2
13067,2605,2602,1.5,0.5,10.4
13068,2609,2606,2.5,0.5,18.1
13069,2615,22862,1.875,0.383,9.7
13070,2615,2766,2.733,0.495,14.5
13071,2617,2614,2.7,0.233,13.5
13072,2619,41686,3.0,0.0,16.3
13073,2619,162,2.716,0.218,19.3
13074,2621,2618,3.737,0.447,17.2
13075,2625,30212,1.727,0.218,11.8
13076,2631,2634,1.8,0.7,10.0
13077,2633,7176,3.286,0.39,23.0
13078,2635,2632,1.023,0.023,5.9
13079,2637,2634,1.627,0.238,11.2
13080,2639,2648,2.5,0.5,14.2
13081,2641,7178,2.667,0.267,12.6
13082,2643,7176,4.25,0.917,27.0
13083,2645,7180,3.0,3.0,7.8
13084,2647,7180,1.875,0.125,10.7
13085,2649,2646,2.833,0.567,14.4
13086,2651,2648,3.333,0.333,14.4
13087,2653,39368,2.81,4.862,10.5
13088,2655,2652,1.478,0.261,4.9
13089,2657,2654,1.75,1.0,5.8
13090,2659,22744,2.0,0.0,4.7
13091,2661,24,2.5,0.333,11.2
13092,2663,35584,3.0,0.0,13.9
13093,2665,108,1.235,0.227,10.9
13094,2667,2664,1.072,0.098,5.5
13095,2671,22048,14.5,264.5,2.5
13096,2677,22780,3.529,0.265,34.6
13097,2677,11716,4.25,0.25,36.4
13098,2679,2676,2.0,0.2,14.8
13099,2681,2678,1.75,0.197,13.4
13100,2683,2680,1.4,0.253,9.7
13101,2685,2682,1.15,0.134,9.1
13102,2691,13800,2.0,0.0,14.8
13103,2693,2690,2.0,0.0,14.4
13104,2695,23580,4.0,0.0,34.8
13105,2695,22762,4.385,0.423,36.4
13106,2697,3448,2.179,0.152,14.9
13107,2699,2696,1.667,0.232,10.8
13108,2701,23622,2.0,0.0,14.4
13109,2703,2698,1.478,0.261,10.7
13110,2705,2702,1.176,0.154,10.7
13111,2707,2704,1.5,0.333,10.7
13112,2711,39342,2.0,0.0,8.3
13113,2713,2710,2.0,0.0,14.1
13114,2713,22798,2.0,0.0,4.7
13115,2719,38230,1.5,0.5,6.6
13116,2721,37128,2.0,0.0,11.3
13117,2729,26686,2.667,0.333,13.5
13118,2733,19786,2.889,0.611,9.0
13119,2751,22850,1.5,0.5,4.7
13120,2755,22856,2.0,0.0,14.4
13121,2761,2614,3.3,0.456,14.6
13122,2763,23920,1.857,0.129,9.0
13123,2763,3686,3.167,0.58,14.3
13124,2763,22690,1.667,0.25,4.7
13125,2765,22692,1.143,0.143,4.7
13126,2767,2620,1.667,0.4,8.9
13127,2769,2766,2.556,0.278,13.9
13128,2769,22862,1.75,0.25,4.7
13129,2771,2768,2.385,0.256,12.5
13130,2771,2616,3.0,0.0,15.2
13131,2771,22864,1.75,0.25,4.7
13132,2773,28618,2.0,0.0,9.9
13133,2773,22866,2.0,0.0,4.7
13134,2777,8302,2.0,0.0,9.2
13135,2777,22870,2.0,0.0,4.7
13136,2781,12382,2.333,0.333,13.5
13137,2783,25672,2.0,0.0,12.7
13138,2785,9522,2.25,0.214,14.4
13139,2787,2784,1.125,0.125,5.0
13140,2793,9526,1.5,0.5,7.5
13141,2795,30796,3.0,0.0,15.0
13142,2797,37174,1.4,0.3,7.9
13143,2797,15488,5.0,0.0,12.5
13144,2799,2796,3.5,0.5,16.0
13145,2803,11912,2.0,0.0,9.0
13146,2805,25386,2.667,0.333,22.5
13147,2805,2820,5.0,0.0,27.9
13148,2807,2804,2.0,0.0,14.4
13149,2809,2806,2.0,0.0,14.7
13150,2811,2808,2.0,0.0,15.0
13151,2813,2810,2.0,0.0,14.3
13152,2813,22906,2.0,0.0,4.7
13153,2815,12002,2.0,0.0,13.4
13154,2817,2814,2.0,0.0,14.4
13155,2819,28308,1.35,0.239,11.4
13156,2821,2818,1.88,0.193,14.5
13157,2827,15746,2.178,76.954,8.5
13158,2829,2826,1.158,1.235,9.1
13159,2831,2828,1.113,0.101,13.5
13160,2849,22976,1.348,0.229,4.7
13161,2853,2322,3.0,0.0,29.4
13162,2853,2850,2.111,0.161,32.1
13163,2855,2852,1.011,0.011,13.9
13164,2883,2880,3.0,0.0,14.5
13165,2883,23010,3.5,0.5,14.3
13166,2891,37744,2.0,0.667,11.5
13167,2891,8382,2.5,0.5,14.8
13168,2899,2890,2.5,0.333,13.2
13169,2899,23028,2.0,0.0,4.7
13170,2905,2910,1.12,0.11,15.2
13171,2907,2932,2.333,0.242,22.3
13172,2907,2904,3.13,0.119,33.6
13173,2909,2906,1.118,0.107,14.5
13174,2911,17204,2.56,0.257,31.0
13175,2913,8056,1.091,0.087,14.0
13176,2919,24964,1.286,0.205,9.3
13177,2921,2918,1.007,0.007,5.4
13178,2923,25342,1.176,0.147,8.7
13179,2931,2928,1.1,0.095,12.8
13180,2935,2830,2.973,0.883,23.7
13181,2937,7978,2.0,0.0,15.9
13182,2941,2938,2.0,0.0,14.5
13183,2951,9806,1.889,0.222,24.9
13184,2953,2948,1.059,0.059,11.6
13185,2959,2960,1.013,0.013,8.3
13186,2961,16566,2.453,0.993,22.8
13187,2961,26958,6.4,38.8,10.2
13188,2965,5190,2.36,0.24,29.9
13189,2965,12204,3.0,13.0,6.6
13190,2973,21474,3.5,0.333,26.1
13191,2973,1616,2.667,0.333,13.8
13192,2977,28540,1.933,0.202,11.2
13193,2977,7958,3.5,0.5,26.3
13194,2979,2976,1.286,0.212,6.8
13195,2979,26786,2.0,0.0,10.2
13196,2981,2978,3.0,0.167,14.2
13197,2983,2980,2.867,0.267,14.1
13198,2987,8100,1.011,0.011,7.8
13199,2989,2986,1.078,0.09,10.4
13200,2991,2988,1.035,0.034,10.4
13201,3019,3146,3.5,0.857,14.3
13202,3023,23218,2.2,0.2,9.0
13203,3025,3022,2.4,0.3,10.8
13204,3041,23278,2.0,0.0,9.0
13205,3043,3040,2.0,0.0,14.1
13206,3045,3134,2.0,1.0,9.0
13207,3045,3042,2.0,0.0,14.3
13208,3047,3018,1.5,0.3,9.0
13209,3047,3044,2.333,0.333,14.4
13210,3049,3046,3.0,1.0,14.4
13211,3051,3048,4.0,0.0,17.1
13212,3071,23168,3.0,0.0,14.2
13213,3073,23280,2.0,0.0,9.8
13214,3073,3070,4.0,0.0,14.5
13215,3113,33440,2.118,0.11,12.8
13216,3131,23188,2.667,0.333,14.2
13217,3135,3144,3.333,0.333,14.2
13218,3143,3112,2.176,0.154,9.3
13219,3145,3142,3.062,0.462,14.3
13220,3147,3144,3.0,0.167,14.3
13221,3149,3146,3.0,1.0,14.6
13222,3157,36002,1.5,0.333,7.6
13223,3157,14468,2.1,0.1,12.6
13224,3159,3156,3.25,0.25,14.4
13225,3181,3158,3.0,0.0,14.3
13226,3183,3180,2.0,0.0,11.2
13227,3197,3156,2.0,0.0,9.2
13228,3227,3158,2.0,0.0,9.1
13229,3229,3226,3.0,0.0,14.5
13230,3241,12082,2.417,3.356,10.0
13231,3243,3240,2.5,0.571,12.4
13232,3245,3242,1.857,0.143,9.0
13233,3247,12082,5.304,0.585,24.3
13234,3251,32634,2.857,0.143,14.4
13235,3253,38842,2.25,0.25,9.7
13236,3255,3252,3.0,0.0,14.4
13237,3257,38842,3.5,0.5,11.7
13238,3259,38840,2.0,0.154,9.0
13239,3259,3256,3.0,0.0,14.4
13240,3259,23412,2.0,0.0,4.7
13241,3261,16938,3.333,0.333,13.0
13242,3265,23418,2.0,0.0,4.7
13243,3271,3302,3.0,0.0,16.3
13244,3273,23464,3.0,0.0,14.4
13245,3273,23428,2.0,0.0,4.7
13246,3275,3310,2.111,0.111,9.0
13247,3277,4608,2.333,0.333,9.0
13248,3283,4612,2.25,0.25,9.1
13249,3289,38176,2.0,0.286,9.1
13250,3295,4610,2.0,0.0,9.0
13251,3303,126,2.5,0.5,14.7
13252,3303,25408,4.077,0.577,29.5
13253,3305,3302,3.0,0.0,13.0
13254,3309,23428,2.0,2.0,9.0
13255,3311,3302,4.75,1.477,21.2
13256,3313,3310,3.333,0.333,14.3
13257,3321,7606,3.0,0.0,15.6
13258,3327,1298,3.0,0.0,14.5
13259,3337,23494,2.0,0.0,5.2
13260,3345,41834,1.75,0.214,9.9
13261,3347,3344,1.375,0.268,14.0
13262,3351,27624,1.042,0.042,5.4
13263,3351,26614,1.75,0.25,12.4
13264,3355,14162,1.021,0.021,10.6
13265,3357,4914,2.0,0.0,9.6
13266,3367,7204,1.673,6.921,8.4
13267,3369,3366,2.028,0.028,19.8
13268,3371,23532,1.5,0.5,4.7
13269,3375,23536,2.0,0.0,4.7
13270,3377,39812,1.625,0.268,9.0
13271,3379,3376,1.333,0.333,5.0
13272,3383,476,2.6,0.3,11.0
13273,3385,3382,3.5,0.3,15.9
13274,3385,482,2.0,0.0,10.8
13275,3387,16980,3.471,0.378,14.7
13276,3389,3386,3.261,0.292,14.4
13277,3391,3388,3.231,0.192,14.4
13278,3393,3390,1.125,0.125,3.9
13279,3395,3392,3.556,0.278,14.8
13280,3397,2148,2.571,0.286,25.9
13281,3407,4122,4.8,1.2,19.7
13282,3409,3406,2.6,0.3,4.9
13283,3411,3408,2.667,0.333,5.8
13284,3421,22780,5.667,8.333,36.7
13285,3423,3420,2.0,0.0,14.6
13286,3425,3422,2.0,0.0,14.6
13287,3427,3424,2.0,0.0,14.6
13288,3429,14552,4.8,0.7,31.5
13289,3431,2678,2.0,0.0,9.6
13290,3435,2202,1.982,0.24,15.1
13291,3437,3434,1.426,0.249,10.6
13292,3439,3456,1.727,0.218,12.4
13293,3443,3440,1.5,0.5,11.2
13294,3445,3436,1.519,0.255,12.2
13295,3447,3444,1.635,0.276,12.5
13296,3449,3446,1.275,0.203,9.8
13297,3451,3448,1.955,0.236,14.7
13298,3453,3450,1.455,0.26,10.5
13299,3457,28634,2.0,0.0,15.4
13300,3457,3454,2.0,0.0,14.5
13301,3459,3428,2.0,0.0,13.2
13302,3461,3458,2.0,0.0,18.1
13303,3461,22786,2.0,0.0,18.1
13304,3463,3460,2.0,1.0,14.6
13305,3473,28602,2.0,0.0,14.4
13306,3475,3472,2.0,0.0,9.3
13307,3487,30630,1.667,0.267,12.3
13308,3489,12516,7.55,0.576,14.7
13309,3491,3488,6.75,0.917,14.3
13310,3491,23650,1.5,0.5,4.7
13311,3493,3508,1.824,0.15,9.0
13312,3493,23684,1.5,0.333,4.7
13313,3509,38200,1.786,0.175,8.8
13314,3509,16376,3.333,0.333,15.4
13315,3509,23722,1.8,0.2,4.7
13316,3511,12518,6.75,0.917,14.4
13317,3513,23724,1.875,0.411,4.7
13318,3519,37748,2.333,0.333,15.3
13319,3521,23728,2.5,0.5,19.3
13320,3523,10826,2.2,0.2,13.8
13321,3527,10706,3.25,0.25,14.4
13322,3529,3526,2.5,0.5,9.4
13323,3535,19318,2.0,0.0,9.0
13324,3537,10702,2.0,0.0,9.0
13325,3539,2086,4.0,0.0,15.4
13326,3539,21996,3.667,1.333,26.1
13327,3541,3538,3.0,3.0,10.3
13328,3549,3552,2.0,0.0,14.6
13329,3551,3540,6.0,13.0,14.3
13330,3553,23762,2.0,0.0,8.8
13331,3555,23770,2.0,0.0,4.7
13332,3561,3566,2.0,0.0,9.0
13333,3563,9240,1.5,0.278,7.6
13334,3565,3562,2.667,0.333,14.4
13335,3567,3556,2.0,0.0,9.1
13336,3567,23774,3.0,0.0,14.2
13337,3569,23776,2.0,0.0,9.1
13338,3579,26728,2.0,0.0,8.9
13339,3579,6224,3.5,0.5,18.0
13340,3581,10392,2.0,0.0,13.3
13341,3589,24162,2.0,0.286,11.5
13342,3591,3588,2.5,0.278,12.6
13343,3597,24164,2.0,0.0,7.9
13344,3601,23826,2.5,0.5,4.7
13345,3605,23826,2.0,0.0,8.7
13346,3607,32814,1.75,0.25,7.9
13347,3607,32830,5.0,0.0,14.3
13348,3609,23504,2.0,0.0,8.8
13349,3611,4388,2.8,0.2,14.3
13350,3619,3626,2.0,0.0,9.6
13351,3623,23856,2.0,0.0,9.1
13352,3623,3624,2.0,0.0,14.2
13353,3625,23854,1.5,0.5,4.7
13354,3627,23852,3.0,0.222,14.3
13355,3629,3626,3.0,0.0,14.3
13356,3631,3628,2.5,0.5,13.7
13357,3633,3630,2.0,0.0,11.2
13358,3635,3644,2.5,0.273,10.2
13359,3643,29064,2.625,0.25,17.3
13360,3645,3642,2.667,0.242,14.6
13361,3649,9632,3.0,0.0,19.9
13362,3649,28532,3.455,0.26,21.7
13363,3649,7942,7.0,0.0,16.2
13364,3655,3652,2.0,0.0,5.8
13365,3657,8406,2.75,0.917,14.4
13366,3663,27916,3.667,0.333,17.6
13367,3665,3662,2.0,0.0,5.0
13368,3667,3664,3.0,0.0,5.0
13369,3673,23900,4.25,0.25,10.4
13370,3675,3692,2.0,0.0,10.6
13371,3675,23926,3.25,0.25,15.1
13372,3677,3694,2.895,0.322,13.4
13373,3679,3690,2.0,0.0,9.0
13374,3679,23924,3.222,0.194,14.2
13375,3681,3688,1.8,0.2,9.0
13376,3683,2006,1.5,0.3,6.4
13377,3683,23914,1.333,0.333,4.7
13378,3685,3682,1.125,0.125,5.0
13379,3685,23916,1.625,0.554,4.7
13380,3687,3684,1.143,0.132,5.0
13381,3687,23918,1.5,0.278,4.7
13382,3689,22690,3.136,0.123,14.5
13383,3691,3688,3.0,0.0,14.4
13384,3693,23910,2.0,0.0,9.1
13385,3693,3690,3.0,0.0,14.4
13386,3695,23906,3.333,0.424,16.4
13387,3695,3692,2.75,0.25,14.8
13388,3695,23926,2.0,0.0,5.2
13389,3697,23908,2.0,0.0,13.3
13390,3705,23934,1.667,0.333,4.7
13391,3707,23936,1.5,0.5,4.7
13392,3709,23938,2.0,0.0,4.7
13393,3713,28778,3.0,0.0,15.1
13394,3717,3712,2.0,0.0,9.6
13395,3719,3716,2.333,0.333,12.3
13396,3719,3702,3.0,0.0,12.8
13397,3723,3710,2.0,0.0,9.0
13398,3723,23952,2.0,0.0,4.7
13399,3725,25822,2.475,0.288,14.5
13400,3725,25824,5.05,0.625,27.9
13401,3727,3724,1.472,0.281,17.8
13402,3727,8328,3.333,0.333,21.1
13403,3733,3730,1.19,0.158,15.2
13404,3735,28898,1.429,0.286,6.4
13405,3735,3732,1.103,0.094,13.0
13406,3737,23966,2.0,0.0,4.7
13407,3739,3736,3.5,0.5,7.7
13408,3745,29038,2.0,0.0,9.2
13409,3745,8424,2.0,0.0,15.1
13410,3747,3744,3.0,0.0,14.6
13411,3749,3764,2.2,0.178,11.0
13412,3753,23984,1.857,0.143,8.8
13413,3753,23982,1.5,0.5,4.7
13414,3755,3750,2.167,0.167,10.6
13415,3757,3754,1.25,0.25,7.2
13416,3761,3758,3.5,0.5,13.6
13417,3765,39276,5.0,0.857,29.2
13418,3765,2922,4.0,0.0,19.0
13419,3769,3798,3.667,0.333,12.8
13420,3777,8600,2.833,0.567,14.4
13421,3779,3782,2.0,0.0,9.0
13422,3781,25314,2.0,0.0,7.7
13423,3783,3780,1.333,0.333,5.3
13424,3787,29206,2.5,0.5,14.6
13425,3787,3792,3.333,0.667,14.3
13426,3789,24018,2.0,0.0,4.7
13427,3791,21028,2.714,0.374,14.4
13428,3791,3788,2.333,0.333,14.2
13429,3793,24496,6.833,28.697,16.1
13430,3795,29212,3.0,0.5,14.5
13431,3795,4206,4.0,0.0,14.3
13432,3797,3794,3.0,0.0,14.4
13433,3799,28940,2.333,0.267,15.8
13434,3799,8326,2.0,0.0,18.0
13435,3801,3798,2.0,0.0,10.6
13436,3803,36152,2.083,0.265,12.6
13437,3807,36150,2.2,0.178,12.6
13438,3811,28544,3.0,0.0,15.7
13439,3815,28112,2.0,0.0,8.6
13440,3817,36148,1.111,0.111,6.9
13441,3821,28540,4.0,1.0,27.8
13442,3827,3824,2.0,0.0,8.0
13443,3833,3816,2.111,0.111,9.0
13444,3835,3832,2.571,0.286,14.4
13445,3837,3834,3.0,0.0,14.2
13446,3841,3846,2.0,0.0,11.2
13447,3847,25400,2.0,0.0,13.1
13448,3849,3846,2.0,0.0,7.6
13449,3859,536,3.5,0.5,15.3
13450,3859,36546,3.333,0.333,17.0
13451,3861,20200,2.5,0.5,9.4
13452,3861,3858,3.0,0.0,15.3
13453,3863,17848,3.0,0.0,15.6
13454,3865,3862,3.0,0.0,14.0
13455,3867,6840,1.5,0.5,13.6
13456,3893,24128,1.667,0.333,4.7
13457,3895,34454,2.5,0.5,11.3
13458,3903,10830,2.167,0.167,21.8
13459,3903,9064,3.0,0.0,25.3
13460,3903,31792,2.2,0.167,16.6
13461,3905,3902,1.258,0.198,5.1
13462,3907,3904,3.0,0.118,23.2
13463,3909,3906,1.941,0.059,14.4
13464,3911,3908,2.0,0.0,14.4
13465,3913,3910,1.429,0.264,10.4
13466,3915,3912,1.429,0.264,10.4
13467,3917,9698,1.5,0.3,9.4
13468,3917,3914,2.0,0.0,14.6
13469,3919,13156,1.114,0.103,8.5
13470,3925,3922,1.04,0.039,5.8
13471,3927,12386,2.0,0.0,7.9
13472,3933,3948,1.667,0.333,9.0
13473,3943,1410,2.167,0.167,9.8
13474,3943,21240,3.0,0.0,17.0
13475,3949,21374,2.818,0.364,20.3
13476,3951,3948,3.333,0.333,14.4
13477,3957,18274,2.0,0.0,9.1
13478,3963,19200,1.5,0.5,8.5
13479,3965,24202,2.5,0.5,4.7
13480,3967,20674,2.0,0.0,14.2
13481,3975,31554,2.0,0.0,9.1
13482,3977,3974,2.0,0.0,14.4
13483,3979,3976,2.0,0.0,14.4
13484,3981,3972,2.0,0.0,14.6
13485,3981,29874,2.0,0.0,15.1
13486,3981,24220,2.0,0.0,4.7
13487,3983,3980,1.4,0.3,10.8
13488,3985,3982,1.333,0.25,9.8
13489,4001,3998,3.0,0.0,11.8
13490,4001,30074,4.0,0.0,15.1
13491,4007,4010,2.0,0.0,9.0
13492,4011,30086,3.0,0.0,14.2
13493,4013,40416,2.333,0.333,8.1
13494,4017,40410,2.0,0.0,9.1
13495,4025,24250,2.75,0.25,13.0
13496,4033,4030,1.25,0.214,8.6
13497,4035,40934,2.75,0.205,15.2
13498,4035,4032,2.375,0.268,16.1
13499,4041,28362,2.8,0.7,15.7
13500,4055,11324,3.0,0.0,14.4
13501,4057,14074,1.333,0.333,7.4
13502,4059,4056,1.333,0.333,5.0
13503,4061,11324,3.0,0.333,14.4
13504,4065,24328,3.0,0.0,14.9
13505,4065,24326,2.0,0.0,4.7
13506,4083,918,3.5,0.5,18.2
13507,4093,8020,2.667,0.333,20.2
13508,4099,744,3.0,0.0,13.4
13509,4101,4098,2.0,0.0,13.4
13510,4105,876,1.812,0.286,13.0
13511,4105,19532,2.0,0.0,13.8
13512,4111,24404,3.0,0.0,10.3
13513,4117,19718,4.047,0.855,31.7
13514,4119,4116,3.0,15.78,14.6
13515,4121,4118,1.488,0.253,10.4
13516,4123,4120,2.057,0.285,15.2
13517,4125,4122,3.951,0.298,30.0
13518,4127,4124,1.914,0.198,14.5
13519,4129,24450,2.368,0.587,22.0
13520,4131,4156,1.097,0.088,12.9
13521,4137,4134,1.067,0.063,12.9
13522,4139,4136,1.067,0.063,12.5
13523,4145,4128,1.624,0.236,20.5
13524,4147,4144,1.008,0.008,9.6
13525,4153,4150,1.088,0.081,13.3
13526,4157,4154,1.009,0.009,9.4
13527,4159,5412,1.1,0.1,4.9
13528,4159,24420,2.339,0.722,21.2
13529,4159,28762,12.0,0.0,5.6
13530,4161,4158,1.051,0.048,9.0
13531,4171,4168,1.323,0.22,16.2
13532,4175,4172,1.215,0.17,14.6
13533,4177,4182,2.0,0.0,5.2
13534,4179,4180,2.0,0.0,9.2
13535,4181,1658,2.0,0.0,7.4
13536,4191,16238,1.333,0.333,4.9
13537,4193,4190,2.333,0.333,5.0
13538,4203,3790,3.0,0.0,15.3
13539,4205,10502,3.5,0.333,14.4
13540,4207,4204,3.0,0.0,9.1
13541,4209,33322,2.667,0.233,15.5
13542,4209,17874,2.286,0.571,9.7
13543,4213,26672,1.5,0.333,7.7
13544,4217,5872,5.065,1.462,43.9
13545,4217,34060,9.5,25.667,23.4
13546,4219,35558,2.125,0.125,24.2
13547,4223,24518,1.5,0.5,4.7
13548,4225,24520,1.5,0.333,4.7
13549,4227,4222,2.0,0.0,9.4
13550,4227,4224,3.375,1.696,14.6
13551,4227,24522,2.0,0.0,4.7
13552,4229,4230,2.0,0.0,9.0
13553,4229,4226,3.071,0.379,14.7
13554,4229,24524,2.0,0.0,4.8
13555,4239,5986,2.0,0.0,14.5
13556,4243,8156,2.5,0.5,13.6
13557,4243,18032,3.364,0.255,24.5
13558,4245,19054,2.0,0.0,12.6
13559,4245,16386,2.889,0.34,18.6
13560,4247,25932,4.0,0.97,20.6
13561,4257,4254,3.0,0.0,14.9
13562,4257,15002,3.0,0.0,14.5
13563,4259,4256,3.0,0.0,14.3
13564,4261,744,3.143,0.143,16.3
13565,4263,4260,2.286,0.238,14.4
13566,4263,24596,3.0,0.0,14.2
13567,4265,4262,2.75,0.25,14.4
13568,4267,4264,2.5,0.333,13.0
13569,4269,24566,2.0,0.0,4.7
13570,4271,4268,2.714,0.571,12.4
13571,4273,4270,3.25,0.25,14.4
13572,4275,4272,3.5,0.333,14.4
13573,4277,4274,4.0,0.667,14.4
13574,4277,24594,2.5,0.5,14.2
13575,4287,4262,2.25,0.25,14.2
13576,4293,4270,3.0,0.0,14.2
13577,4301,868,2.5,0.5,15.7
13578,4303,4300,3.0,0.0,10.7
13579,4305,4302,3.0,0.0,14.1
13580,4315,2476,2.0,0.0,10.4
13581,4323,24644,2.0,0.0,8.2
13582,4325,4322,3.0,0.0,14.4
13583,4327,4324,2.0,0.0,9.7
13584,4335,24628,2.0,0.0,12.3
13585,4337,4354,1.25,0.25,9.1
13586,4339,4336,2.0,0.0,14.4
13587,4341,4338,1.8,0.2,14.4
13588,4351,4348,2.0,0.0,14.4
13589,4355,4352,1.75,0.25,13.6
13590,4365,39426,1.75,0.25,9.0
13591,4365,4362,4.0,0.0,14.3
13592,4371,29946,2.0,0.0,5.7
13593,4375,4370,2.0,0.0,10.8
13594,4377,16442,1.818,0.164,6.8
13595,4379,4376,6.0,0.0,12.8
13596,4381,29878,2.25,0.25,9.3
13597,4383,4376,5.857,1.81,12.0
13598,4389,19550,1.25,0.205,7.2
13599,4389,41836,2.0,0.0,12.8
13600,4397,26474,2.0,0.0,9.1
13601,4403,2326,3.201,0.281,48.5
13602,4405,37244,3.0,0.0,14.7
13603,4409,24728,2.0,0.0,9.0
13604,4411,4408,3.5,0.5,14.3
13605,4417,24720,2.667,0.333,14.2
13606,4419,20926,3.25,0.917,14.2
13607,4423,20924,2.0,0.0,14.2
13608,4427,4452,1.6,0.3,9.2
13609,4429,20930,3.0,2.0,14.2
13610,4435,20936,2.0,0.0,14.2
13611,4437,20940,3.0,0.0,13.4
13612,4439,20928,4.0,0.0,14.2
13613,4441,20934,3.75,0.25,14.2
13614,4443,20932,2.0,0.0,14.2
13615,4449,1158,2.875,0.411,14.3
13616,4451,4448,2.833,0.167,14.4
13617,4453,4450,3.0,0.8,14.4
13618,4455,4452,3.0,0.0,14.4
13619,4463,11226,1.5,0.5,5.3
13620,4465,37572,3.5,0.5,13.6
13621,4483,24790,1.5,0.5,4.7
13622,4485,4482,5.75,0.25,27.8
13623,4487,24794,1.222,0.194,4.7
13624,4489,4486,1.714,0.238,9.0
13625,4493,24536,1.167,0.167,3.8
13626,4497,4494,1.216,0.171,17.9
13627,4505,24822,1.667,0.333,4.7
13628,4507,14948,1.8,0.2,9.0
13629,4507,24846,5.0,0.0,21.2
13630,4509,4506,2.333,0.333,14.4
13631,4519,24836,2.0,0.0,4.7
13632,4521,4518,4.0,0.0,13.9
13633,4527,4520,2.0,0.0,9.6
13634,4527,4524,3.0,0.0,14.3
13635,4529,24824,3.0,0.0,17.3
13636,4529,4504,3.333,0.333,14.4
13637,4531,4528,2.75,0.25,14.4
13638,4533,4530,2.5,0.333,14.4
13639,4533,4526,3.5,0.5,14.3
13640,4537,5310,3.0,0.0,13.7
13641,4539,530,2.0,0.0,9.0
13642,4541,15848,1.5,0.5,9.1
13643,4541,37586,3.0,0.0,14.2
13644,4541,24858,3.0,0.0,4.7
13645,4543,25748,1.75,0.5,8.2
13646,4543,5328,2.0,0.0,13.0
13647,4547,11664,2.5,0.3,13.9
13648,4561,4584,2.0,0.0,9.7
13649,4563,29076,2.0,0.0,14.9
13650,4569,11086,6.0,0.0,35.4
13651,4573,4576,3.5,0.5,15.2
13652,4573,24898,2.0,0.0,10.0
13653,4579,4560,4.0,0.0,21.4
13654,4579,24904,2.0,0.0,4.7
13655,4581,4578,3.0,0.0,14.4
13656,4583,4580,2.286,0.238,9.7
13657,4583,24896,4.0,0.0,13.6
13658,4585,4588,1.5,0.5,10.9
13659,4589,24914,2.0,0.0,4.7
13660,4591,9492,2.0,0.0,12.6
13661,4597,28766,2.0,0.0,13.8
13662,4609,3288,1.8,0.2,9.1
13663,4611,23432,2.0,0.0,9.0
13664,4611,4608,3.667,0.333,14.4
13665,4613,23450,2.0,0.5,9.1
13666,4613,4610,3.0,0.0,14.4
13667,4613,24938,2.0,0.0,4.7
13668,4615,4612,3.2,0.2,14.4
13669,4617,4614,3.0,0.0,14.4
13670,4619,17176,1.259,0.199,12.0
13671,4621,7196,1.5,0.3,9.2
13672,4621,27750,2.333,0.333,16.6
13673,4623,4620,1.857,0.476,8.6
13674,4623,39592,3.0,0.0,13.5
13675,4625,4622,3.0,0.667,14.4
13676,4627,4624,3.333,1.333,14.4
13677,4627,24976,3.5,0.5,14.2
13678,4629,4626,3.0,0.5,14.4
13679,4629,4664,2.0,0.0,14.3
13680,4629,24954,2.0,0.0,4.7
13681,4631,4628,3.0,0.0,14.4
13682,4631,24956,1.667,0.333,4.7
13683,4633,4630,3.273,0.418,14.4
13684,4635,4632,3.273,0.418,14.4
13685,4635,24974,3.0,0.0,14.2
13686,4635,24960,1.667,0.333,4.7
13687,4637,4634,2.062,0.196,9.7
13688,4637,24996,3.0,0.0,14.2
13689,4639,26082,2.0,0.0,9.1
13690,4639,5618,3.0,0.333,14.9
13691,4643,24970,2.0,0.0,4.7
13692,4647,24960,2.167,0.167,9.1
13693,4649,4624,3.0,0.0,14.2
13694,4651,39600,4.0,0.0,14.3
13695,4653,4678,2.0,0.0,9.0
13696,4655,4652,2.0,0.0,9.2
13697,4655,24982,2.0,0.0,4.7
13698,4665,17504,2.0,0.0,9.0
13699,4675,21374,2.1,0.1,12.2
13700,4677,4674,2.667,0.242,14.2
13701,4679,4676,3.0,0.0,14.4
13702,4681,4678,3.0,0.5,14.4
13703,4683,4680,2.5,0.333,14.4
13704,4685,4682,3.0,0.0,14.4
13705,4687,39160,2.0,0.0,8.4
13706,4687,5620,3.0,0.0,13.8
13707,4691,40732,1.5,0.5,7.8
13708,4697,25168,2.0,0.0,7.5
13709,4703,25160,1.875,0.125,14.4
13710,4711,40730,1.5,0.5,7.9
13711,4713,4708,9.833,1.767,131.4
13712,4725,25174,1.4,0.257,8.7
13713,4729,4838,2.0,0.0,7.5
13714,4731,16510,1.5,0.5,9.3
13715,4751,4806,2.5,0.5,14.3
13716,4753,25046,1.333,0.333,8.0
13717,4753,4714,2.167,0.167,13.5
13718,4755,4752,3.0,0.0,14.4
13719,4757,4754,3.5,0.5,14.4
13720,4759,4756,3.0,0.0,14.4
13721,4765,25092,2.0,0.0,4.7
13722,4783,4780,2.0,0.0,14.4
13723,4785,4782,3.333,0.333,14.4
13724,4787,25148,2.0,0.0,9.7
13725,4787,4784,3.167,0.167,14.4
13726,4787,25114,1.5,0.5,4.7
13727,4789,25098,2.333,0.333,9.7
13728,4789,4786,2.8,0.4,14.5
13729,4789,25116,1.5,0.5,4.7
13730,4793,25110,2.0,0.0,14.4
13731,4795,4758,2.0,0.0,9.0
13732,4799,4708,6.0,0.0,56.4
13733,4807,4708,15.0,0.0,117.7
13734,4813,4700,1.75,0.25,8.5
13735,4813,25030,2.0,0.0,15.5
13736,4819,4756,2.0,0.0,9.0
13737,4823,25114,3.0,0.0,14.4
13738,4827,4848,3.5,0.5,14.5
13739,4837,4834,3.0,0.0,14.4
13740,4839,4836,4.0,0.0,14.4
13741,4847,25052,2.75,0.386,15.8
13742,4849,4846,3.6,0.711,14.4
13743,4851,25178,1.571,2.286,1.4
13744,4865,25182,3.0,0.0,14.1
13745,4867,4870,4.5,0.5,16.5
13746,4869,30802,2.0,0.0,8.7
13747,4869,9960,3.0,0.4,16.2
13748,4871,4868,2.167,1.367,5.2
13749,4873,4870,2.0,0.0,13.0
13750,4879,25206,1.4,0.3,4.7
13751,4881,9986,1.333,0.333,10.2
13752,4883,28950,2.0,0.0,11.0
13753,4885,9956,1.003,0.003,8.8
13754,4885,30306,44.333,702.333,1.6
13755,4887,30246,2.0,0.0,12.6
13756,4899,9596,2.0,0.0,12.6
13757,4901,38864,1.5,0.267,8.0
13758,4905,10160,2.0,0.0,12.4
13759,4907,5274,2.0,0.0,12.8
13760,4909,14160,3.5,0.5,18.0
13761,4913,35392,3.5,0.333,17.7
13762,4915,4912,3.0,0.0,12.3
13763,4917,154,2.25,0.214,18.5
13764,4923,4982,1.188,0.154,15.4
13765,4927,12636,4.324,5.57,40.7
13766,4927,28480,10.065,131.126,10.6
13767,4929,4926,1.472,0.574,14.0
13768,4935,25318,1.6,0.3,9.0
13769,4935,4954,2.0,0.167,23.7
13770,4935,14974,1.333,0.333,6.6
13771,4949,25380,1.556,0.278,7.5
13772,4953,38392,2.0,3.0,3.0
13773,4957,4948,1.444,0.278,7.5
13774,4971,38396,2.3,11.168,3.1
13775,4973,4954,1.889,0.111,12.2
13776,4973,14974,2.647,0.993,14.5
13777,4973,25270,3.667,2.267,19.0
13778,4975,31310,4.5,0.333,34.5
13779,4975,4972,2.148,0.161,28.1
13780,4975,7504,4.429,14.619,4.8
13781,4977,4978,1.451,8.361,10.7
13782,4979,5000,4.723,0.955,45.0
13783,4979,25350,7.919,55.393,18.1
13784,4981,4996,1.74,4.046,9.4
13785,4983,4980,1.388,0.487,13.1
13786,4983,14690,5.0,0.0,2.9
13787,4987,4984,1.186,0.153,14.0
13788,4989,4986,1.077,0.071,13.0
13789,4993,4990,1.377,0.248,16.9
13790,4993,38246,12.0,0.0,6.1
13791,4995,4992,1.007,0.007,9.4
13792,4997,4994,1.256,0.192,6.8
13793,4999,12052,2.078,0.213,25.3
13794,4999,22898,4.0,27.0,6.6
13795,5001,4998,1.052,0.049,13.2
13796,5003,28338,1.5,0.5,9.1
13797,5005,40168,1.167,0.167,8.1
13798,5005,5002,1.333,0.333,11.8
13799,5007,28546,1.41,0.248,6.5
13800,5007,7948,2.86,0.869,28.6
13801,5007,17256,7.868,69.316,8.0
13802,5009,5006,1.012,0.012,10.3
13803,5009,24076,4.667,40.333,2.3
13804,5011,31316,1.222,0.183,5.9
13805,5011,5008,1.243,0.211,15.4
13806,5011,26856,4.333,0.333,24.3
13807,5013,10420,2.0,0.0,9.9
13808,5013,5010,1.055,0.052,12.2
13809,5013,26710,3.786,6.951,1.8
13810,5015,5012,1.031,0.03,5.0
13811,5017,23458,3.0,0.0,24.2
13812,5017,126,2.225,0.249,26.4
13813,5017,7782,6.8,129.2,3.8
13814,5019,5016,1.087,0.08,13.5
13815,5021,25414,1.25,0.25,4.7
13816,5023,9982,2.782,0.841,26.5
13817,5023,4852,20.333,342.333,2.6
13818,5025,5022,2.618,10.328,18.3
13819,5027,17036,1.6,0.267,5.7
13820,5027,7236,2.492,0.996,20.6
13821,5027,16350,10.607,93.729,0.8
13822,5029,5212,1.25,0.2,15.2
13823,5031,5028,1.2,0.2,18.8
13824,5033,16210,1.231,0.185,16.2
13825,5035,19582,1.286,0.238,7.7
13826,5039,5034,1.212,0.172,15.1
13827,5041,5038,1.118,0.107,14.3
13828,5043,5040,1.529,0.257,19.9
13829,5045,5042,1.088,0.083,16.4
13830,5047,5044,2.583,0.364,35.0
13831,5051,26610,2.0,0.0,12.1
13832,5051,5048,1.936,0.452,23.0
13833,5051,6108,1.429,0.605,6.5
13834,5055,11266,7.698,712.705,25.5
13835,5057,15748,2.933,0.34,21.5
13836,5059,5056,2.034,0.177,15.3
13837,5061,5078,1.871,0.183,14.4
13838,5063,5060,1.879,0.11,12.9
13839,5067,17228,3.0,0.0,11.1
13840,5067,5058,3.107,0.247,23.8
13841,5069,27668,1.5,0.5,5.7
13842,5069,5066,1.741,0.199,13.6
13843,5073,5070,2.143,0.127,16.2
13844,5075,5072,1.682,0.227,12.6
13845,5077,5074,1.833,0.232,13.5
13846,5079,5076,2.083,0.08,15.4
13847,5079,16948,1.429,1.286,4.5
13848,5085,14876,1.463,0.252,17.4
13849,5087,37636,2.257,0.197,18.5
13850,5089,5086,1.486,0.375,6.1
13851,5091,5088,1.257,0.255,9.4
13852,5093,11466,1.5,0.5,14.1
13853,5093,16446,2.0,0.0,15.5
13854,5095,5092,2.0,0.0,14.8
13855,5095,25492,2.0,0.0,4.7
13856,5097,18760,2.0,0.0,13.3
13857,5099,5096,2.0,0.0,10.8
13858,5101,26972,2.0,0.0,8.6
13859,5105,5102,1.077,0.077,13.4
13860,5121,25522,2.0,0.0,4.7
13861,5123,5132,3.0,0.0,8.9
13862,5125,5122,2.0,0.0,14.2
13863,5127,25530,1.667,0.333,4.7
13864,5129,12852,2.0,0.0,9.0
13865,5133,2176,3.5,0.333,20.7
13866,5137,5434,1.754,0.647,16.1
13867,5139,5136,1.104,0.119,11.9
13868,5153,11606,1.217,0.171,15.5
13869,5153,12412,3.5,12.5,4.1
13870,5157,5154,1.102,0.092,13.4
13871,5161,5158,1.167,0.141,14.1
13872,5165,5162,1.106,0.096,14.0
13873,5167,5164,1.048,0.047,13.5
13874,5169,25894,3.556,0.278,37.2
13875,5169,23588,3.086,0.257,40.7
13876,5171,5168,1.19,0.158,15.2
13877,5175,5172,1.091,0.085,14.9
13878,5177,5554,1.02,0.02,9.6
13879,5181,5178,1.021,0.021,9.5
13880,5185,20894,2.75,0.25,16.4
13881,5189,5186,1.25,0.196,17.1
13882,5189,11932,1.5,0.5,6.3
13883,5195,33414,1.5,0.333,7.5
13884,5201,5554,1.571,0.286,8.6
13885,5203,7074,1.111,0.103,14.4
13886,5205,5202,1.654,0.235,21.3
13887,5205,26588,1.16,0.504,4.1
13888,5207,5204,1.358,0.258,14.5
13889,5207,26390,1.25,0.25,4.0
13890,5209,5206,1.424,0.252,20.6
13891,5211,5208,1.062,0.062,14.5
13892,5215,7202,5.274,1.471,54.9
13893,5215,29728,3.519,0.413,18.6
13894,5217,5214,1.879,26.836,17.8
13895,5219,5222,1.667,0.333,7.2
13896,5219,10080,3.016,1.062,28.4
13897,5219,38046,8.0,2.0,1.5
13898,5223,5220,3.74,0.319,28.2
13899,5225,11354,4.0,0.0,9.2
13900,5227,25652,1.5,0.5,9.0
13901,5227,25644,2.0,0.0,4.7
13902,5237,7612,2.294,0.221,16.4
13903,5237,9500,2.321,0.374,16.2
13904,5239,5236,1.525,0.307,10.5
13905,5241,5238,1.351,0.234,10.4
13906,5245,5264,1.714,0.238,9.6
13907,5245,5242,2.5,0.5,14.4
13908,5247,5244,1.667,0.25,10.5
13909,5249,5246,2.0,0.0,14.2
13910,5253,3916,2.143,0.132,15.3
13911,5253,10162,2.0,0.0,14.4
13912,5255,22876,1.5,0.5,7.5
13913,5255,5252,1.357,0.247,10.4
13914,5257,5254,2.067,0.21,14.7
13915,5257,25674,2.0,0.0,4.7
13916,5259,5256,1.312,0.229,10.4
13917,5261,9518,1.2,0.2,12.4
13918,5261,5258,2.25,0.2,17.1
13919,5261,30256,2.0,0.0,16.1
13920,5261,25678,2.0,0.0,4.7
13921,5263,5260,1.375,0.245,10.4
13922,5265,5262,1.36,0.24,10.6
13923,5267,7612,1.571,0.286,11.6
13924,5267,9500,2.0,0.0,16.5
13925,5269,5266,1.421,0.257,11.4
13926,5273,30258,1.333,0.333,11.9
13927,5273,5270,2.0,0.0,16.6
13928,5275,3916,2.0,0.0,9.2
13929,5275,10162,2.067,0.067,15.3
13930,5275,25670,2.0,0.0,14.4
13931,5277,5274,1.45,0.261,10.4
13932,5279,5276,2.0,0.0,14.4
13933,5281,5278,2.1,0.544,14.3
13934,5285,5282,2.333,0.25,13.9
13935,5285,30238,2.0,0.0,14.4
13936,5305,10076,2.0,0.0,14.5
13937,5311,10014,2.0,0.0,17.3
13938,5313,5310,2.0,0.0,16.3
13939,5317,5314,3.0,0.0,23.1
13940,5321,8148,1.043,0.043,13.2
13941,5325,39700,6.0,0.0,2.9
13942,5353,6094,1.667,0.333,9.4
13943,5353,5350,1.4,0.3,19.1
13944,5355,1922,1.074,0.071,14.4
13945,5355,21764,1.357,1.786,3.6
13946,5359,5356,1.022,0.022,13.7
13947,5363,5360,2.521,0.255,32.6
13948,5367,5364,1.118,0.106,14.4
13949,5369,5366,1.041,0.04,12.2
13950,5371,5368,1.108,0.099,13.7
13951,5395,5392,1.079,0.075,12.9
13952,5397,4126,2.867,0.267,20.4
13953,5397,14292,2.462,1.269,20.5
13954,5399,5396,1.444,0.256,10.1
13955,5401,5398,1.417,0.254,9.6
13956,5403,5400,1.208,0.172,8.6
13957,5405,5402,1.429,0.257,9.8
13958,5407,13970,1.333,0.333,5.4
13959,5407,5404,1.952,0.448,14.6
13960,5409,5406,1.417,0.254,11.3
13961,5411,5408,1.542,0.259,10.4
13962,5413,5410,1.333,0.232,10.4
13963,5415,5416,1.448,6.623,9.2
13964,5417,19718,2.752,0.248,12.9
13965,5417,10822,3.228,0.741,33.4
13966,5417,24408,7.364,81.739,7.0
13967,5419,28412,1.447,0.254,7.0
13968,5419,5414,1.97,0.463,20.4
13969,5421,5418,1.558,6.629,8.3
13970,5423,18942,1.667,0.333,8.3
13971,5423,5420,1.082,0.123,9.6
13972,5425,22560,4.525,110.759,3.2
13973,5427,5424,1.911,16.7,9.5
13974,5429,31556,1.667,0.333,10.8
13975,5429,5442,2.18,0.943,19.4
13976,5431,5432,1.107,0.097,4.0
13977,5433,5428,1.096,0.088,13.6
13978,5435,5430,1.115,0.154,13.4
13979,5439,5436,2.548,0.258,32.1
13980,5443,5440,2.35,0.859,25.1
13981,5445,5150,1.904,0.234,23.3
13982,5447,5470,1.106,0.096,13.3
13983,5451,5448,2.2,0.238,27.9
13984,5453,5450,1.068,0.064,13.2
13985,5457,5444,1.122,0.108,13.9
13986,5471,5468,1.081,0.076,13.5
13987,5473,17266,3.243,1.127,24.4
13988,5475,24542,1.882,0.11,27.2
13989,5475,5472,1.663,0.225,26.7
13990,5477,4104,1.059,0.059,7.4
13991,5481,18050,1.925,0.223,24.0
13992,5483,38310,3.0,0.0,15.7
13993,5489,25950,1.333,0.333,4.7
13994,5491,5484,3.0,0.0,23.9
13995,5499,30386,1.667,0.333,8.4
13996,5503,19462,2.667,0.333,13.6
13997,5509,12008,2.5,0.5,15.3
13998,5513,5510,1.667,0.333,14.2
13999,5515,26264,2.0,0.0,10.1
14000,5517,5514,2.0,0.0,14.4
14001,5519,17212,1.333,0.242,9.1
14002,5521,5518,1.917,0.083,14.5
14003,5523,10096,1.692,0.231,10.0
14004,5523,30966,2.6,0.8,18.1
14005,5525,5522,1.882,0.11,14.0
14006,5531,5528,2.0,0.333,14.6
14007,5533,26272,1.5,0.5,9.5
14008,5533,5530,2.0,0.0,14.6
14009,5535,5532,2.0,0.222,14.5
14010,5537,5534,2.0,0.0,15.2
14011,5539,38006,1.167,0.142,14.8
14012,5543,5540,1.368,0.237,18.0
14013,5545,5542,1.344,0.23,16.3
14014,5547,5544,1.245,0.189,15.7
14015,5549,5544,1.75,0.25,10.7
14016,5549,26008,2.0,0.0,14.6
14017,5551,5548,2.25,0.25,16.1
14018,5553,5550,1.5,0.5,10.3
14019,5557,7610,2.0,0.0,12.8
14020,5563,33870,1.667,0.333,9.1
14021,5585,9668,2.0,0.0,7.7
14022,5585,30412,2.0,0.0,12.6
14023,5599,38862,2.8,0.2,21.3
14024,5601,5598,2.0,0.0,14.4
14025,5603,7208,3.0,0.0,26.3
14026,5607,26056,2.0,0.0,9.0
14027,5609,5606,3.0,0.0,14.6
14028,5609,26070,1.5,0.5,4.7
14029,5611,28018,3.6,0.8,17.6
14030,5611,15230,2.454,1.785,25.7
14031,5613,1704,1.328,0.24,6.9
14032,5615,5612,1.211,0.292,9.4
14033,5617,5614,1.091,0.1,9.7
14034,5627,2984,2.08,0.348,14.4
14035,5631,5628,3.0,0.0,14.5
14036,5633,21848,2.0,0.0,9.4
14037,5633,5630,3.0,0.0,14.5
14038,5637,24532,3.0,0.0,13.1
14039,5637,8156,1.667,0.25,13.4
14040,5639,5636,1.222,0.444,5.1
14041,5641,37142,1.5,0.5,7.5
14042,5641,5638,1.444,0.278,10.4
14043,5643,5640,1.545,0.273,10.4
14044,5645,5642,1.364,0.255,10.4
14045,5647,5644,1.4,0.267,10.4
14046,5649,37746,2.0,0.0,15.1
14047,5649,5646,4.2,0.178,31.4
14048,5657,30240,2.0,0.0,7.7
14049,5659,30252,2.0,0.0,12.7
14050,5661,30242,1.333,0.333,7.6
14051,5663,9950,3.0,0.0,17.0
14052,5681,5936,2.0,0.0,9.5
14053,5683,5680,1.5,0.5,17.8
14054,5687,28392,6.5,0.5,19.3
14055,5689,26160,4.0,2.0,17.8
14056,5691,28390,5.0,0.0,19.4
14057,5693,1668,3.571,0.952,19.3
14058,5695,8850,3.0,0.0,13.1
14059,5711,41230,2.0,0.0,7.6
14060,5717,40224,2.2,0.2,13.2
14061,5719,9624,2.0,0.0,12.8
14062,5721,40224,4.3,0.678,25.4
14063,5729,112,1.484,0.252,18.5
14064,5733,5730,1.9,0.322,14.5
14065,5735,5758,1.625,0.268,10.7
14066,5735,36316,1.5,0.5,2.8
14067,5737,5734,1.778,0.194,14.5
14068,5739,5736,2.0,0.25,14.5
14069,5741,5738,2.2,0.178,14.9
14070,5743,5740,1.6,0.3,10.2
14071,5745,5732,2.0,0.222,14.4
14072,5747,5744,1.333,0.25,10.4
14073,5749,5746,1.111,0.111,9.0
14074,5751,5748,1.875,0.125,13.6
14075,5753,5750,1.5,0.286,10.4
14076,5755,5752,2.125,0.125,14.4
14077,5757,5754,1.25,0.214,10.5
14078,5759,5756,1.375,0.268,10.5
14079,5765,8558,2.4,0.3,12.6
14080,5767,8552,2.0,0.0,13.0
14081,5769,8560,2.571,0.286,12.2
14082,5775,25440,3.6,0.8,34.6
14083,5775,26392,5.0,0.0,35.3
14084,5777,5774,2.0,0.0,14.5
14085,5779,5776,4.0,0.0,31.4
14086,5783,26408,1.5,0.5,9.3
14087,5785,5782,2.0,0.0,14.3
14088,5789,25998,2.0,0.0,9.7
14089,5791,5512,2.0,0.0,14.7
14090,5793,5790,2.0,0.0,12.9
14091,5795,5792,1.5,0.5,10.1
14092,5799,5530,2.0,0.0,9.8
14093,5799,25994,2.0,0.0,15.3
14094,5801,33724,1.667,0.667,11.2
14095,5803,5800,2.4,0.3,19.0
14096,5805,5802,2.0,0.5,15.1
14097,5807,5804,1.333,0.267,10.4
14098,5815,15358,1.5,0.5,10.4
14099,5815,5546,3.0,0.0,15.7
14100,5817,5814,1.667,0.333,13.6
14101,5819,5834,2.25,0.25,14.0
14102,5823,5820,1.5,0.5,14.1
14103,5835,5832,2.75,0.25,16.4
14104,5841,16188,2.0,0.0,8.2
14105,5845,5842,1.5,0.5,9.0
14106,5847,5848,2.0,0.0,13.7
14107,5849,26364,1.8,0.7,9.9
14108,5849,5894,2.444,0.614,15.5
14109,5851,5848,1.067,0.067,12.8
14110,5855,5852,2.0,0.125,17.3
14111,5855,16208,2.0,0.0,17.9
14112,5857,5854,1.158,0.14,14.1
14113,5861,36000,1.595,0.248,9.1
14114,5861,7022,1.333,0.25,15.4
14115,5863,5860,1.071,0.068,13.7
14116,5863,32448,1.389,2.016,3.5
14117,5867,36422,1.378,1.422,2.5
14118,5869,14842,3.034,0.32,12.6
14119,5871,12754,1.029,0.028,13.3
14120,5873,1620,1.416,0.256,17.5
14121,5879,7794,2.0,0.0,7.8
14122,5879,28342,2.0,0.0,12.6
14123,5883,5880,1.2,0.2,5.5
14124,5883,26354,2.0,0.0,4.7
14125,5887,15604,3.0,0.364,14.6
14126,5895,26636,1.053,0.053,5.3
14127,5895,12456,1.175,0.146,14.8
14128,5897,5894,1.109,0.098,13.5
14129,5897,26322,2.0,3.0,3.3
14130,5901,5898,1.125,0.11,13.6
14131,5903,5900,1.86,0.205,22.6
14132,5903,5944,3.0,0.0,4.3
14133,5905,5902,1.099,0.09,14.2
14134,5907,5904,1.612,0.24,19.5
14135,5909,5906,1.06,0.057,13.4
14136,5911,5908,1.132,0.115,13.4
14137,5911,41078,2.5,4.5,3.7
14138,5913,5910,1.606,0.26,19.4
14139,5915,5918,5.0,0.0,21.0
14140,5919,38990,3.5,0.3,22.5
14141,5927,5924,2.0,0.0,13.8
14142,5929,26400,2.0,0.0,9.4
14143,5937,25432,1.667,0.333,9.5
14144,5937,5784,2.0,0.0,15.0
14145,5941,19588,2.0,0.0,18.2
14146,5943,5940,2.0,0.0,14.7
14147,5945,5942,2.0,0.0,14.3
14148,5949,25640,2.333,0.333,14.2
14149,5951,5948,1.5,0.5,10.4
14150,5953,5966,1.929,0.379,15.0
14151,5957,5954,1.5,0.3,10.6
14152,5959,39478,2.0,0.0,12.3
14153,5959,5956,2.286,0.238,16.2
14154,5961,5958,1.875,0.411,13.6
14155,5963,5960,1.1,0.1,9.1
14156,5965,5962,1.385,0.256,10.5
14157,5969,10002,2.0,0.0,12.9
14158,5979,4240,1.5,0.333,9.6
14159,5979,12568,2.0,0.0,14.7
14160,5981,5978,2.5,0.278,20.2
14161,5983,5980,1.667,0.267,14.4
14162,5983,17360,1.75,0.25,14.4
14163,5985,5982,1.7,0.456,14.5
14164,5987,19056,1.75,0.25,14.4
14165,5989,6006,1.5,0.5,14.1
14166,5993,13016,2.0,0.0,14.5
14167,5995,5992,2.0,0.0,14.5
14168,5997,5994,1.667,0.333,14.4
14169,5999,5996,2.0,0.0,14.5
14170,6003,6000,2.0,0.0,9.0
14171,6005,6002,2.0,0.0,14.4
14172,6007,6004,1.667,0.333,14.5
14173,6007,32174,2.0,0.0,14.2
14174,6009,3964,2.0,0.0,14.6
14175,6009,5990,2.0,0.0,14.3
14176,6011,26486,2.0,0.0,10.1
14177,6013,28374,2.0,0.0,12.7
14178,6017,26480,3.0,0.0,14.2
14179,6019,7788,2.0,0.0,7.7
14180,6025,6022,3.0,0.0,14.2
14181,6027,6024,2.0,0.0,14.2
14182,6029,26536,2.0,0.0,9.0
14183,6033,26522,1.5,0.5,9.0
14184,6035,26520,3.0,0.0,14.3
14185,6035,6048,3.25,0.5,14.2
14186,6037,26518,1.5,0.333,9.0
14187,6039,6058,3.0,1.0,14.2
14188,6041,3826,2.0,0.0,9.0
14189,6043,3648,2.792,0.259,13.8
14190,6045,6042,3.059,0.309,14.4
14191,6047,6068,3.143,0.143,15.2
14192,6047,26516,2.0,0.0,5.4
14193,6049,6046,3.25,0.5,14.4
14194,6053,6050,4.0,0.0,14.4
14195,6053,26522,2.0,0.0,4.7
14196,6055,6044,3.0,0.4,14.4
14197,6057,6054,2.9,0.322,14.4
14198,6059,6056,3.0,0.333,14.4
14199,6061,6058,3.0,0.0,14.4
14200,6063,6060,3.0,0.0,14.4
14201,6069,6066,2.5,0.5,14.4
14202,6069,26538,1.2,0.2,4.7
14203,6071,16960,1.034,0.034,11.7
14204,6073,7208,1.779,0.32,22.1
14205,6075,6072,1.016,0.016,8.3
14206,6077,6074,1.094,0.086,13.8
14207,6077,36610,18.667,936.333,2.9
14208,6083,6084,3.0,0.0,14.3
14209,6085,29914,1.75,0.214,8.4
14210,6087,6084,2.75,0.917,14.4
14211,6091,32014,2.0,0.0,14.0
14212,6095,6092,1.5,0.5,14.3
14213,6099,7834,1.667,0.333,7.6
14214,6109,25622,2.118,0.107,19.0
14215,6117,6114,2.0,0.0,10.7
14216,6125,6122,1.667,0.333,10.4
14217,6127,6124,2.0,0.0,14.6
14218,6129,6126,2.0,0.0,16.5
14219,6129,26630,2.0,0.0,14.4
14220,6131,25444,2.667,0.333,20.5
14221,6141,13908,1.667,0.333,14.0
14222,6157,12456,2.0,0.0,10.7
14223,6157,26362,2.346,0.315,14.0
14224,6159,6156,1.192,0.162,14.7
14225,6161,27202,1.422,0.248,9.1
14226,6171,6168,2.0,0.0,15.3
14227,6175,25464,2.0,0.0,18.7
14228,6175,5058,2.0,0.0,14.7
14229,6185,6182,2.0,0.0,14.1
14230,6185,26664,2.0,0.0,4.7
14231,6189,3796,2.0,0.0,9.1
14232,6191,26688,2.333,0.333,4.7
14233,6193,3776,1.8,0.2,9.0
14234,6197,1236,1.5,0.5,9.1
14235,6201,34918,2.25,1.583,7.7
14236,6203,6200,2.5,0.333,8.9
14237,6209,27936,2.0,0.0,12.8
14238,6211,25404,2.0,0.0,13.6
14239,6211,5010,4.0,0.0,21.0
14240,6213,6210,2.0,0.0,9.0
14241,6217,10424,2.75,0.205,16.9
14242,6219,11478,1.867,0.41,9.0
14243,6221,27868,3.5,0.333,15.1
14244,6227,26728,2.0,0.0,4.7
14245,6229,6226,2.0,0.0,7.1
14246,6231,6228,1.571,0.286,5.2
14247,6233,2482,3.0,0.0,14.6
14248,6239,12126,8.0,0.0,32.4
14249,6249,2480,3.0,0.0,15.5
14250,6251,6248,3.0,0.0,14.2
14251,6253,6250,2.0,0.0,14.0
14252,6269,26780,2.0,0.0,13.9
14253,6269,27916,2.0,0.0,17.1
14254,6271,27916,7.0,0.0,40.6
14255,6273,6270,2.0,0.0,7.3
14256,6275,27916,4.0,0.0,22.3
14257,6277,6274,2.0,0.0,8.6
14258,6279,26784,1.25,0.25,4.7
14259,6281,2976,2.0,0.0,10.2
14260,6283,6280,1.333,0.267,6.4
14261,6285,6282,2.667,0.333,14.4
14262,6291,6288,2.0,0.0,14.0
14263,6293,14298,1.5,0.5,8.5
14264,6295,35576,2.0,0.0,13.4
14265,6299,28076,1.5,0.333,7.5
14266,6303,7512,4.0,0.0,17.1
14267,6305,7514,1.6,0.3,7.5
14268,6307,7502,3.0,0.0,18.6
14269,6309,26820,1.5,0.3,4.7
14270,6313,26884,2.0,0.0,9.1
14271,6317,118,3.0,0.0,22.8
14272,6319,31312,2.0,0.0,12.6
14273,6343,6206,2.833,0.265,14.1
14274,6343,32550,2.333,0.333,14.8
14275,6343,26706,2.0,0.0,4.7
14276,6345,25402,3.5,0.5,17.9
14277,6345,5008,4.0,0.0,27.7
14278,6351,26896,3.0,0.0,13.6
14279,6355,26866,1.5,0.5,4.7
14280,6357,6354,3.0,0.0,14.0
14281,6357,26868,2.0,0.0,4.7
14282,6361,11614,2.0,0.0,12.8
14283,6363,5456,2.5,0.5,12.6
14284,6367,21800,1.667,0.333,9.6
14285,6375,27630,2.0,0.0,9.0
14286,6375,7086,3.0,0.0,15.0
14287,6385,26898,2.0,0.0,4.7
14288,6393,10656,2.0,0.0,13.6
14289,6395,29484,2.0,0.0,8.4
14290,6401,6402,2.0,0.0,14.9
14291,6403,4130,2.0,0.0,9.3
14292,6405,6402,3.0,0.0,14.5
14293,6407,5882,1.286,0.238,5.8
14294,6407,26920,1.5,0.5,4.7
14295,6409,6406,1.429,0.286,7.6
14296,6415,37642,2.0,0.0,13.2
14297,6417,22104,2.0,0.0,7.5
14298,6419,14870,1.947,0.053,14.7
14299,6423,6418,1.222,0.183,10.1
14300,6425,6422,2.0,0.154,14.6
14301,6427,6424,1.923,0.244,14.6
14302,6431,6428,1.667,0.333,11.4
14303,6437,6434,2.5,0.5,14.8
14304,6445,23098,2.413,0.337,12.8
14305,6445,16566,4.407,0.712,23.5
14306,6447,2324,2.136,0.658,30.2
14307,6449,16254,4.0,0.0,12.6
14308,6455,6426,1.4,0.3,7.6
14309,6457,6428,1.8,0.2,8.6
14310,6471,32774,3.632,0.482,17.5
14311,6471,17038,5.382,1.092,38.8
14312,6473,6470,1.752,0.247,15.8
14313,6481,6478,1.091,0.091,14.7
14314,6483,6480,1.9,0.1,27.3
14315,6487,25472,1.333,0.333,8.8
14316,6487,5072,2.0,0.4,13.8
14317,6489,6486,1.857,0.143,15.2
14318,6491,6488,2.0,0.0,16.0
14319,6495,27004,2.0,0.0,16.0
14320,6495,27006,1.5,0.5,4.7
14321,6497,6494,2.0,0.0,14.4
14322,6497,27008,2.0,0.0,4.7
14323,6499,27008,2.0,0.0,9.4
14324,6501,6498,1.667,0.333,14.0
14325,6501,6490,2.0,0.0,14.3
14326,6501,27012,1.5,0.5,4.7
14327,6503,6500,1.25,0.25,14.0
14328,6503,27042,2.0,0.0,14.1
14329,6505,27026,1.5,0.5,9.7
14330,6505,6502,2.0,0.0,14.6
14331,6507,6504,1.2,0.2,10.6
14332,6509,27002,2.0,0.0,9.7
14333,6509,6486,2.0,0.0,14.9
14334,6513,6502,1.125,0.125,10.1
14335,6515,6512,2.0,0.286,13.9
14336,6517,1938,2.333,0.333,14.8
14337,6525,27028,1.75,0.25,14.0
14338,6527,36470,2.0,0.0,10.7
14339,6527,14872,2.333,0.267,16.2
14340,6529,27014,1.5,0.286,9.3
14341,6529,6500,2.0,0.0,14.5
14342,6531,6528,1.429,0.286,10.8
14343,6533,6530,1.333,0.333,10.0
14344,6533,7090,2.0,0.0,15.1
14345,6535,9052,2.261,0.292,14.2
14346,6535,29734,3.769,0.692,25.8
14347,6551,6548,1.435,0.257,15.1
14348,6567,31846,1.85,0.345,14.3
14349,6583,21434,1.25,0.25,8.3
14350,6583,6580,1.167,0.152,14.3
14351,6591,6586,2.0,0.0,9.0
14352,6591,6588,4.0,0.0,14.4
14353,6593,1964,4.0,0.0,14.2
14354,6595,4508,2.0,0.0,8.0
14355,6597,4506,2.0,0.0,8.0
14356,6599,6606,2.0,0.182,12.9
14357,6601,5632,3.0,0.0,18.7
14358,6605,6602,1.091,0.091,8.2
14359,6607,6604,1.333,0.242,11.4
14360,6617,1976,3.0,0.0,13.8
14361,6629,35806,2.0,0.0,12.6
14362,6631,5544,2.0,0.0,15.4
14363,6633,6630,2.0,0.0,14.2
14364,6639,6636,2.0,0.0,14.6
14365,6639,27150,7.5,84.5,1.4
14366,6649,33740,2.0,0.0,15.2
14367,6651,11576,2.0,0.0,17.3
14368,6653,6650,2.0,0.0,14.8
14369,6655,6652,1.75,0.25,14.4
14370,6659,6656,2.0,0.0,14.6
14371,6663,32532,2.0,0.0,10.6
14372,6663,5084,2.0,0.0,16.8
14373,6665,6662,1.5,0.5,10.4
14374,6667,14876,2.833,0.152,26.7
14375,6669,35614,2.0,0.0,15.4
14376,6671,6668,2.0,0.0,14.2
14377,6675,35612,1.5,0.333,14.0
14378,6677,6674,2.0,0.0,10.4
14379,6679,6676,1.5,0.5,14.4
14380,6681,6678,1.5,0.5,9.2
14381,6689,27204,1.285,0.205,8.8
14382,6691,6688,1.011,0.011,5.4
14383,6693,27288,2.0,0.0,14.2
14384,6695,27248,2.0,0.0,9.0
14385,6695,27212,1.385,0.246,4.7
14386,6697,6694,3.0,0.154,14.5
14387,6709,27290,2.0,0.0,9.1
14388,6709,6770,3.5,0.5,14.2
14389,6745,13172,3.0,0.0,19.2
14390,6751,34474,2.0,0.0,11.4
14391,6769,6734,3.0,0.0,14.5
14392,6771,6768,3.5,0.5,14.4
14393,6787,27810,3.545,0.273,22.2
14394,6789,6786,2.0,0.0,16.0
14395,6791,6788,2.0,0.0,14.6
14396,6793,6788,2.0,0.0,16.7
14397,6801,28846,1.5,0.5,3.4
14398,6803,6800,2.5,0.5,17.0
14399,6805,4116,2.667,0.333,12.9
14400,6811,6808,2.0,0.0,14.2
14401,6817,25260,2.0,0.0,10.9
14402,6821,6818,2.0,0.0,10.4
14403,6823,6820,2.0,0.0,10.2
14404,6829,4986,1.5,0.3,10.9
14405,6829,25332,2.333,0.333,16.7
14406,6839,6830,1.125,0.125,9.3
14407,6841,6838,1.857,0.143,12.8
14408,6843,6840,2.4,0.3,16.6
14409,6845,6842,2.0,0.0,12.2
14410,6861,27384,2.0,0.0,4.7
14411,6863,32998,1.708,0.216,6.1
14412,6863,33018,4.857,0.476,32.7
14413,6863,33006,2.0,1.077,8.9
14414,6865,6862,1.125,0.25,7.6
14415,6879,6882,4.0,0.0,20.0
14416,6885,6918,4.0,0.0,14.6
14417,6899,6882,4.0,0.0,22.5
14418,6905,6902,3.0,2.0,16.1
14419,6907,6904,2.5,0.5,14.4
14420,6907,6946,3.25,0.25,14.2
14421,6909,6898,2.0,0.0,14.1
14422,6923,6984,2.0,0.0,9.0
14423,6931,6880,2.5,0.5,14.1
14424,6941,6982,2.0,0.0,9.0
14425,6941,27514,3.0,0.0,14.2
14426,6947,6964,3.0,0.0,13.4
14427,6947,27476,1.667,0.333,4.7
14428,6951,6924,2.5,0.5,9.1
14429,6953,6942,1.667,0.333,9.1
14430,6953,6950,3.0,2.0,14.4
14431,6955,6952,3.0,0.4,14.4
14432,6955,27484,2.0,0.0,4.7
14433,6959,6966,2.0,0.0,14.2
14434,6967,8804,3.5,0.333,18.8
14435,6969,6966,2.667,0.333,14.4
14436,6991,27520,1.167,0.167,4.7
14437,6993,6990,2.0,0.0,14.4
14438,6995,6992,1.636,0.255,14.2
14439,6999,15750,2.0,0.0,14.6
14440,7001,36128,4.188,2.029,30.5
14441,7005,7000,1.438,0.396,10.9
14442,7007,7004,1.143,0.132,16.6
14443,7007,13088,1.5,0.5,5.9
14444,7013,7010,1.5,0.267,14.5
14445,7013,30452,2.0,0.0,14.3
14446,7023,35998,2.222,0.194,14.0
14447,7025,20138,1.541,0.279,9.9
14448,7025,16560,2.115,0.186,15.1
14449,7027,7024,1.25,0.25,5.2
14450,7039,6882,2.25,0.25,8.9
14451,7065,27600,4.0,0.0,11.0
14452,7065,27604,2.5,0.5,4.7
14453,7069,37210,6.545,1.073,63.9
14454,7069,13916,6.929,0.81,64.1
14455,7069,39848,5.5,4.5,35.7
14456,7069,17244,3.769,9.945,3.9
14457,7071,7068,3.228,93.465,9.2
14458,7073,7070,1.103,0.094,10.5
14459,7077,30830,2.696,0.312,13.4
14460,7077,9996,4.312,0.432,22.7
14461,7079,7076,1.311,0.485,11.0
14462,7081,7078,1.105,0.097,14.9
14463,7083,41372,2.0,0.0,8.9
14464,7083,7080,1.026,0.026,11.4
14465,7089,27024,1.5,0.5,9.7
14466,7105,27170,1.5,0.5,9.4
14467,7107,15988,1.385,0.246,7.6
14468,7109,7106,1.696,0.221,13.3
14469,7113,7110,2.667,0.333,18.4
14470,7115,7116,2.0,0.0,9.5
14471,7117,27524,2.091,0.291,14.0
14472,7119,7116,1.667,0.267,15.1
14473,7123,25178,2.0,0.069,14.1
14474,7125,5066,1.333,0.333,9.6
14475,7127,6532,2.6,0.3,15.3
14476,7129,16104,5.0,0.0,28.0
14477,7143,22214,2.0,0.0,10.0
14478,7159,7144,2.0,0.0,32.5
14479,7163,7160,3.0,0.0,38.1
14480,7165,5286,1.286,0.22,5.1
14481,7167,35686,4.687,13.169,24.1
14482,7167,16854,3.0,0.0,24.2
14483,7169,7166,1.545,0.278,10.9
14484,7171,7168,1.455,0.251,10.4
14485,7173,7170,1.429,0.248,10.5
14486,7175,7172,1.416,0.246,10.5
14487,7177,7174,1.545,0.251,10.4
14488,7179,7176,4.588,0.632,34.0
14489,7181,7178,1.636,0.255,10.5
14490,7183,32216,2.0,0.0,9.0
14491,7185,5026,1.779,0.353,21.9
14492,7185,18832,5.0,21.0,6.6
14493,7187,7184,1.196,0.158,15.0
14494,7189,7186,1.913,0.24,24.6
14495,7191,7188,1.011,0.011,10.9
14496,7191,18828,6.0,0.0,3.2
14497,7193,7190,1.564,0.588,13.7
14498,7193,14696,13.0,0.0,2.7
14499,7195,7192,1.03,0.055,9.5
14500,7197,7194,1.105,0.095,13.9
14501,7201,2196,1.246,0.296,14.1
14502,7203,34202,2.0,0.0,14.3
14503,7203,7200,1.238,0.28,14.1
14504,7205,7244,2.368,0.878,22.3
14505,7207,11020,2.73,31.605,8.9
14506,7209,7206,1.323,4.637,9.6
14507,7211,5216,1.338,0.343,14.6
14508,7213,7210,1.828,33.244,9.4
14509,7215,7212,1.111,0.155,9.6
14510,7217,7214,1.28,0.272,15.0
14511,7219,7216,1.082,0.075,13.0
14512,7221,7218,1.534,0.25,18.6
14513,7223,7220,1.005,0.005,9.5
14514,7225,35068,2.75,0.25,14.0
14515,7225,7238,3.137,0.874,34.4
14516,7231,7226,1.234,0.49,15.1
14517,7233,7228,1.148,0.127,14.2
14518,7237,9978,1.005,0.005,9.7
14519,7241,22124,2.179,0.256,11.4
14520,7241,12304,2.375,0.333,17.9
14521,7249,1444,1.189,0.159,13.4
14522,7249,8312,8.167,38.567,3.5
14523,7251,36872,2.0,0.0,14.0
14524,7251,7248,1.017,0.028,5.2
14525,7253,7250,1.003,0.003,9.4
14526,7255,7252,1.143,0.123,12.9
14527,7255,27316,2.0,2.0,2.7
14528,7257,27304,1.133,0.124,5.0
14529,7257,7254,2.072,0.372,21.8
14530,7259,7256,1.092,0.096,9.7
14531,7261,7258,1.397,0.32,14.3
14532,7263,7260,1.628,9.802,4.5
14533,7265,5166,1.429,0.286,9.7
14534,7265,20392,4.0,1.6,36.1
14535,7267,6786,1.5,0.5,13.6
14536,7271,6408,2.111,0.361,12.1
14537,7271,7268,2.0,0.0,12.2
14538,7275,31526,2.5,0.5,17.1
14539,7277,2502,2.4,0.257,18.9
14540,7279,7276,2.0,0.0,14.6
14541,7281,7278,1.714,0.238,14.4
14542,7283,7280,2.0,0.0,14.5
14543,7285,7282,1.75,0.214,14.4
14544,7291,7266,2.5,0.5,20.2
14545,7309,6230,6.286,0.571,14.8
14546,7311,4150,2.4,0.317,15.4
14547,7311,27864,1.667,0.333,4.7
14548,7313,7310,1.394,0.246,10.4
14549,7315,7334,2.185,0.157,15.6
14550,7317,7314,1.375,0.245,10.4
14551,7319,39538,1.5,0.5,7.5
14552,7319,7316,1.185,0.157,10.4
14553,7321,7462,1.667,0.333,9.0
14554,7321,7312,1.879,0.11,14.4
14555,7323,7320,1.571,0.252,11.1
14556,7325,7322,1.303,0.218,10.4
14557,7329,7370,1.222,0.194,5.7
14558,7329,7326,2.045,0.045,15.1
14559,7331,7328,1.379,0.244,10.4
14560,7333,7330,1.893,0.173,14.4
14561,7335,7332,1.345,0.234,10.5
14562,7343,15204,7.0,0.0,15.1
14563,7343,27896,3.0,0.0,4.7
14564,7345,27898,3.0,0.0,4.7
14565,7351,28566,2.0,0.0,10.4
14566,7351,7348,3.0,0.0,21.2
14567,7351,7984,1.167,0.167,6.2
14568,7353,7350,1.667,0.238,13.1
14569,7357,27948,1.333,0.25,9.3
14570,7359,7356,1.75,0.214,14.5
14571,7363,26772,2.0,0.0,11.1
14572,7363,7360,5.5,0.3,43.2
14573,7363,23894,1.333,0.333,7.1
14574,7365,27918,2.0,0.0,4.7
14575,7367,7420,2.5,0.333,9.4
14576,7367,7364,2.0,0.0,14.4
14577,7371,7368,1.615,0.256,10.1
14578,7373,7358,1.75,0.214,14.5
14579,7375,28002,2.0,0.0,9.4
14580,7375,7372,1.571,0.286,14.6
14581,7375,28008,2.5,0.5,14.4
14582,7375,27928,2.0,0.0,4.7
14583,7377,7374,1.333,0.333,14.9
14584,7379,7376,1.333,0.333,13.9
14585,7383,7380,1.4,0.3,10.7
14586,7385,27938,2.0,0.0,4.7
14587,7387,35390,1.338,0.227,9.6
14588,7389,7386,1.034,0.034,4.8
14589,7391,7388,5.851,12.402,50.5
14590,7393,7390,1.113,0.101,13.9
14591,7395,7392,1.068,0.064,13.5
14592,7399,21884,1.5,0.5,7.8
14593,7401,7398,1.092,0.085,13.6
14594,7403,13320,2.0,0.0,10.3
14595,7405,27954,1.667,0.333,10.3
14596,7405,7398,3.0,0.0,16.1
14597,7407,7404,2.0,0.0,14.3
14598,7417,27974,5.0,0.0,12.3
14599,7421,27970,4.0,1.0,8.9
14600,7421,7418,6.0,0.0,12.4
14601,7423,27980,5.0,0.0,13.9
14602,7425,7422,3.0,0.0,8.7
14603,7427,27976,2.0,0.0,5.2
14604,7431,27986,2.0,0.0,14.4
14605,7431,27984,2.0,0.0,4.7
14606,7433,27984,1.25,0.25,9.7
14607,7437,7434,1.8,0.2,13.9
14608,7437,27990,2.0,0.0,4.7
14609,7449,7372,1.5,0.5,9.1
14610,7455,27928,1.25,0.25,9.1
14611,7459,7456,2.0,0.0,16.1
14612,7465,15230,3.909,1.491,20.0
14613,7465,26072,3.857,0.646,26.5
14614,7467,7464,8.75,266.513,26.0
14615,7469,7466,1.389,0.369,9.2
14616,7471,7468,3.824,2.029,22.7
14617,7473,7470,1.333,0.267,9.6
14618,7483,14312,2.133,0.124,14.5
14619,7485,7482,4.733,7.067,32.6
14620,7485,13904,6.0,32.0,10.9
14621,7487,27906,1.75,0.25,13.0
14622,7491,7486,2.0,0.0,9.8
14623,7493,7938,2.0,0.0,9.6
14624,7503,20450,2.0,0.5,15.1
14625,7503,20456,9.5,132.7,28.8
14626,7505,28122,5.0,1.0,21.5
14627,7505,6312,6.0,0.0,31.4
14628,7505,7518,3.75,0.25,31.5
14629,7515,7512,1.75,0.214,10.5
14630,7517,7514,1.333,0.333,10.4
14631,7519,7516,1.4,0.3,10.4
14632,7521,1226,6.0,0.333,14.2
14633,7525,1210,2.0,0.0,9.1
14634,7527,28102,1.5,0.333,9.5
14635,7531,7526,2.0,0.0,14.2
14636,7533,7530,1.8,0.7,14.2
14637,7537,7532,1.6,0.3,9.4
14638,7539,28506,2.2,0.2,13.7
14639,7541,7538,2.0,0.667,14.6
14640,7547,7538,2.0,0.0,14.6
14641,7549,31968,3.0,0.667,24.8
14642,7549,28106,1.5,0.5,4.7
14643,7557,7554,1.5,0.5,7.4
14644,7559,7556,1.5,0.5,8.5
14645,7563,11242,2.0,0.0,13.2
14646,7565,7518,3.667,0.333,16.5
14647,7565,28062,8.0,0.0,30.6
14648,7567,7564,3.167,0.967,7.2
14649,7569,7566,2.667,0.333,5.0
14650,7573,34598,1.667,0.333,11.1
14651,7583,23530,9.0,0.0,1.3
14652,7587,7584,1.5,0.5,7.9
14653,7589,35680,2.0,0.0,14.5
14654,7591,7588,2.0,0.0,14.2
14655,7593,7590,2.0,0.0,16.2
14656,7595,7592,2.0,0.0,14.5
14657,7597,16524,7.108,558.476,17.1
14658,7599,12390,2.923,0.244,18.6
14659,7599,33658,3.667,0.333,27.1
14660,7601,7598,9.875,237.554,21.3
14661,7603,7600,2.0,0.667,10.9
14662,7609,7078,1.806,0.161,9.5
14663,7609,27620,3.0,0.0,15.0
14664,7611,7608,1.179,0.152,8.4
14665,7613,7610,1.44,0.257,10.4
14666,7615,5246,2.0,0.0,14.3
14667,7617,7614,1.2,0.2,10.4
14668,7623,37792,2.0,0.0,9.8
14669,7627,2718,3.5,0.5,10.8
14670,7629,7626,3.0,0.0,8.5
14671,7637,37238,1.143,0.597,3.1
14672,7641,7638,1.026,0.026,10.5
14673,7647,8068,3.0,0.9,21.8
14674,7647,11852,4.0,1.5,37.0
14675,7647,32028,1.7,0.424,6.6
14676,7649,28718,2.091,0.291,13.7
14677,7649,7646,1.415,0.249,18.4
14678,7653,7650,1.064,0.061,13.0
14679,7657,12128,1.786,0.181,8.8
14680,7657,33310,2.286,11.571,3.1
14681,7659,7666,3.0,0.0,11.5
14682,7661,28234,2.5,0.5,12.8
14683,7665,19420,2.0,0.0,12.9
14684,7671,7674,2.0,0.0,9.8
14685,7671,7668,2.0,0.0,13.1
14686,7671,28242,2.0,0.0,4.7
14687,7673,41676,2.0,0.0,8.2
14688,7675,7672,2.0,0.0,11.4
14689,7677,9244,1.667,0.333,9.3
14690,7679,7676,2.0,0.0,14.4
14691,7691,1672,2.0,0.0,11.7
14692,7695,7692,2.0,0.0,14.2
14693,7699,7696,2.0,0.0,10.4
14694,7707,27588,2.0,0.5,9.1
14695,7709,7706,2.0,0.0,15.1
14696,7713,2808,2.0,0.0,14.6
14697,7715,7712,2.0,0.0,9.2
14698,7717,28302,1.5,0.5,5.0
14699,7717,7714,2.0,0.0,14.3
14700,7719,7716,1.8,0.2,14.5
14701,7727,22912,1.65,0.239,12.4
14702,7739,17678,4.0,0.0,25.9
14703,7757,25394,2.0,0.0,14.1
14704,7759,7756,1.467,0.267,10.6
14705,7761,26350,1.333,0.333,8.2
14706,7765,7762,1.333,0.333,11.0
14707,7771,7768,1.333,0.333,12.0
14708,7779,7758,1.667,0.267,14.3
14709,7781,24296,2.0,0.0,11.2
14710,7781,7776,2.0,0.0,15.1
14711,7781,28396,3.0,8.0,3.1
14712,7783,7780,1.375,0.268,10.5
14713,7787,7784,1.4,0.3,10.6
14714,7789,7786,1.5,0.333,10.5
14715,7791,7788,2.0,0.0,14.7
14716,7793,7790,1.5,0.5,10.4
14717,7795,7792,1.5,0.5,13.2
14718,7797,28360,2.0,0.0,9.4
14719,7797,7758,2.111,0.111,14.3
14720,7801,7762,2.5,0.5,12.9
14721,7803,7800,2.0,0.0,5.2
14722,7809,7806,8.0,0.0,17.1
14723,7811,26154,3.0,0.0,9.7
14724,7811,7808,7.0,0.0,17.0
14725,7813,7810,7.0,2.0,17.3
14726,7815,28362,2.143,0.143,7.8
14727,7817,7814,4.0,0.8,8.1
14728,7819,7816,2.4,0.3,5.0
14729,7821,7818,2.5,0.333,5.0
14730,7829,7826,2.0,0.0,5.0
14731,7829,28410,3.0,0.0,4.7
14732,7831,5414,1.952,0.348,11.0
14733,7831,25850,2.862,0.695,20.6
14734,7833,7864,2.529,0.265,20.0
14735,7835,7832,1.312,0.229,10.6
14736,7837,7834,1.308,0.231,10.4
14737,7839,7836,1.083,0.083,11.2
14738,7843,7840,2.25,0.214,15.6
14739,7847,7830,2.972,95.799,10.5
14740,7849,7844,1.667,0.333,12.8
14741,7855,7846,1.722,0.321,13.3
14742,7859,7856,1.194,0.161,9.7
14743,7861,7858,1.419,0.252,10.4
14744,7863,7860,1.321,0.226,9.9
14745,7873,7864,4.625,0.268,19.8
14746,7875,7872,6.8,0.7,13.8
14747,7879,7832,2.0,0.0,12.2
14748,7881,7878,6.0,0.0,14.4
14749,7883,6410,3.5,0.5,9.1
14750,7889,7994,17.955,2752.236,6.6
14751,7891,17470,2.091,0.091,6.9
14752,7891,7888,4.0,0.0,11.0
14753,7893,21938,1.25,0.205,10.8
14754,7895,7892,2.667,0.606,21.3
14755,7899,25258,2.872,3.418,15.4
14756,7899,12636,4.172,1.187,22.2
14757,7901,7898,1.082,0.077,3.3
14758,7903,30212,1.6,0.253,9.5
14759,7905,7902,2.0,0.0,8.1
14760,7907,7904,3.0,0.0,5.0
14761,7907,28488,2.286,0.571,4.7
14762,7909,7906,6.75,2.917,13.8
14763,7909,19014,3.25,0.25,13.9
14764,7909,28490,2.222,0.194,4.7
14765,7911,19012,2.333,0.333,9.4
14766,7911,7908,6.5,0.333,14.7
14767,7911,28492,2.0,0.0,4.7
14768,7913,7910,6.917,0.811,14.1
14769,7913,30228,4.143,3.055,14.2
14770,7913,28494,2.333,0.242,5.0
14771,7915,14312,2.0,0.182,14.5
14772,7917,7914,1.929,0.225,14.4
14773,7919,7916,1.846,0.308,14.4
14774,7921,7918,1.478,0.261,11.1
14775,7923,7920,1.652,0.328,11.2
14776,7925,7922,1.913,0.174,13.8
14777,7927,1214,1.5,0.5,7.6
14778,7927,7924,2.154,0.215,16.6
14779,7929,7926,1.593,0.251,13.5
14780,7933,7930,1.323,0.226,10.2
14781,7935,28500,1.1,0.1,10.2
14782,7935,7916,2.0,0.0,15.7
14783,7939,7936,2.25,0.25,18.4
14784,7941,7938,1.333,0.333,14.6
14785,7947,7944,1.043,0.041,11.0
14786,7947,33246,2.286,6.935,3.0
14787,7951,7952,1.171,0.144,8.6
14788,7953,7942,2.277,0.204,18.6
14789,7953,23880,4.5,1.024,24.6
14790,7955,7950,1.275,0.202,9.9
14791,7957,7954,1.5,0.283,13.9
14792,7961,24050,1.75,0.25,10.6
14793,7961,7958,1.735,0.246,23.3
14794,7961,23116,2.042,5.868,3.3
14795,7965,24040,4.0,0.0,1.3
14796,7967,7948,1.833,0.567,9.0
14797,7967,17256,4.429,0.657,30.0
14798,7967,25398,3.729,8.96,11.8
14799,7969,7966,1.206,2.295,9.4
14800,7973,7970,1.014,0.014,10.4
14801,7977,7974,1.2,0.164,14.4
14802,7981,27902,2.0,0.0,9.7
14803,7987,27904,3.0,0.0,19.0
14804,7989,33508,2.2,0.7,11.3
14805,7989,12300,2.0,0.0,13.9
14806,7991,33496,5.767,75.897,3.5
14807,7993,7990,2.659,0.68,5.0
14808,7997,28470,5.0,0.0,9.0
14809,7997,7994,8.857,23.143,11.0
14810,8007,23634,2.0,0.0,9.5
14811,8009,8006,2.0,0.0,14.4
14812,8017,8014,3.0,0.0,14.3
14813,8021,408,1.667,0.25,9.7
14814,8023,37604,2.0,0.0,14.4
14815,8025,8022,2.0,0.0,15.7
14816,8025,22866,2.0,0.0,16.0
14817,8027,8024,1.75,0.917,14.4
14818,8027,28972,2.0,0.0,14.5
14819,8027,28620,2.0,0.0,4.7
14820,8029,8026,2.0,0.0,14.7
14821,8029,28914,2.0,0.0,14.4
14822,8031,31752,2.25,0.214,18.0
14823,8033,8030,1.875,0.125,14.4
14824,8035,8032,1.375,0.268,12.2
14825,8037,8034,1.625,0.268,10.4
14826,8039,8036,2.0,0.0,16.2
14827,8041,23618,2.0,0.0,15.7
14828,8043,8040,3.0,0.0,25.4
14829,8053,2830,2.636,0.301,16.4
14830,8059,12626,3.582,0.473,17.1
14831,8059,14130,3.741,0.738,31.5
14832,8059,32298,3.0,8.0,9.1
14833,8061,30506,2.333,0.333,12.9
14834,8061,8058,1.009,0.009,11.1
14835,8063,30500,3.0,0.0,21.7
14836,8063,8060,1.828,0.213,23.2
14837,8063,31656,17.0,0.0,7.7
14838,8065,9786,3.0,0.0,18.9
14839,8065,8062,1.553,0.267,19.4
14840,8065,41572,5.333,56.333,3.0
14841,8071,23052,1.833,0.333,11.2
14842,8071,8056,2.125,0.125,15.8
14843,8075,28670,2.308,4.897,1.4
14844,8077,8074,1.118,0.168,5.1
14845,8079,28670,2.85,29.924,7.0
14846,8079,8072,2.364,0.455,12.2
14847,8081,8078,2.84,0.39,13.2
14848,8083,8080,3.0,0.2,14.4
14849,8085,8082,3.0,0.0,14.3
14850,8087,38516,2.0,0.0,14.1
14851,8087,8084,2.25,0.25,14.3
14852,8089,8086,2.0,0.0,10.9
14853,8091,9938,3.0,2.0,23.0
14854,8091,7246,3.382,0.836,33.3
14855,8091,35442,38.5,612.5,8.2
14856,8093,2816,1.5,0.5,9.2
14857,8093,28258,2.0,0.0,14.6
14858,8099,8082,3.333,0.333,14.2
14859,8099,28700,2.0,0.0,4.7
14860,8101,5624,1.043,0.041,9.4
14861,8111,28712,2.0,0.0,4.7
14862,8113,8110,4.0,0.0,18.1
14863,8117,7646,2.778,0.183,18.3
14864,8117,28214,3.0,0.667,19.0
14865,8119,8116,1.958,0.216,9.6
14866,8125,28726,1.5,0.5,4.7
14867,8127,28728,1.5,0.5,4.7
14868,8135,8290,2.0,0.0,14.0
14869,8141,33286,7.167,0.567,53.6
14870,8141,40188,5.5,0.5,30.1
14871,8143,33202,2.273,0.303,19.2
14872,8143,4924,2.333,0.333,19.2
14873,8145,8142,1.048,0.048,4.6
14874,8151,12004,1.545,1.473,12.6
14875,8155,8152,2.167,0.152,28.1
14876,8159,24450,2.5,0.278,9.1
14877,8159,5412,3.833,0.152,22.6
14878,8167,30678,2.0,0.0,9.0
14879,8169,8284,2.0,0.0,10.2
14880,8171,8168,3.0,0.0,14.5
14881,8173,8170,2.0,0.0,11.1
14882,8173,28790,3.0,0.0,14.0
14883,8175,23942,2.0,0.0,9.1
14884,8175,8172,3.0,0.0,13.9
14885,8177,8174,3.5,0.5,14.6
14886,8179,36946,2.0,0.0,9.0
14887,8179,8176,3.0,0.0,14.0
14888,8179,28782,2.0,0.0,4.7
14889,8181,8178,2.667,0.333,14.4
14890,8183,8180,3.0,0.0,12.5
14891,8185,8182,3.0,0.0,14.4
14892,8189,8174,2.0,0.0,9.9
14893,8191,8188,3.0,0.0,13.3
14894,8193,36274,3.0,0.0,14.7
14895,8195,8192,3.0,0.0,12.9
14896,8199,3718,3.0,0.0,14.9
14897,8201,8192,2.0,0.0,8.6
14898,8203,4168,2.0,0.667,14.6
14899,8203,24462,3.25,0.917,21.8
14900,8207,3722,2.5,0.5,9.0
14901,8209,23940,2.0,0.0,11.8
14902,8209,8206,3.5,0.5,14.5
14903,8209,28812,1.5,0.5,4.7
14904,8211,14704,3.222,0.444,15.5
14905,8215,8212,2.0,0.0,14.7
14906,8217,8214,2.0,0.0,10.3
14907,8237,16702,2.167,0.167,11.2
14908,8237,38574,3.0,0.923,17.0
14909,8239,8236,2.062,0.062,15.4
14910,8239,28840,2.0,0.0,15.1
14911,8241,27318,1.5,0.5,10.3
14912,8243,8240,1.5,0.5,14.2
14913,8261,2126,2.0,0.154,13.6
14914,8263,8260,2.0,0.0,8.9
14915,8265,8260,2.0,0.0,14.6
14916,8267,28872,2.0,0.0,4.7
14917,8269,23956,5.0,0.0,30.4
14918,8269,3724,6.667,70.133,38.8
14919,8273,28936,1.278,0.212,9.2
14920,8273,8270,2.056,0.291,14.2
14921,8275,28958,2.0,0.0,10.0
14922,8279,3730,2.1,0.3,14.8
14923,8281,8278,1.37,0.242,13.2
14924,8283,8280,1.375,0.25,10.8
14925,8285,8282,1.143,0.143,8.1
14926,8289,3732,1.875,0.125,10.3
14927,8291,8288,2.0,0.0,14.3
14928,8295,34056,2.0,0.0,7.7
14929,8297,28906,1.5,0.5,4.7
14930,8299,8040,3.0,0.0,25.4
14931,8313,28850,1.667,0.267,9.1
14932,8313,8242,2.25,0.25,14.3
14933,8317,8218,2.0,0.0,15.5
14934,8325,28878,1.85,0.134,14.1
14935,8327,8324,1.056,0.056,14.4
14936,8329,8326,1.316,0.228,12.2
14937,8329,24028,2.0,0.0,15.7
14938,8331,36112,1.5,0.5,7.5
14939,8331,28942,2.0,0.0,4.7
14940,8333,8330,2.5,0.5,12.6
14941,8335,8332,5.0,0.0,25.5
14942,8341,34050,2.0,0.0,7.6
14943,8345,8272,1.472,0.256,9.8
14944,8345,28880,2.0,0.0,15.1
14945,8347,3698,1.75,0.25,8.1
14946,8353,28956,2.0,0.0,13.9
14947,8357,28728,2.0,0.0,13.9
14948,8359,28620,2.0,0.0,9.2
14949,8359,8024,2.0,0.0,14.3
14950,8361,8358,2.0,0.0,14.5
14951,8363,8360,2.0,0.0,14.6
14952,8365,8362,2.0,0.0,16.0
14953,8367,8038,2.0,0.0,11.2
14954,8369,28982,2.0,0.0,4.7
14955,8371,37610,2.0,0.0,14.7
14956,8373,2776,2.0,0.0,9.8
14957,8373,8370,2.0,0.0,15.0
14958,8373,22872,2.0,0.0,14.7
14959,8375,8372,2.0,0.0,15.2
14960,8375,28988,1.667,0.333,4.7
14961,8377,28990,1.5,0.5,4.7
14962,8379,8376,2.0,0.0,14.3
14963,8381,27926,1.667,0.333,9.0
14964,8385,18042,1.071,0.071,9.6
14965,8387,8384,1.9,0.1,10.4
14966,8389,8386,2.0,0.0,12.0
14967,8391,8388,1.273,0.218,8.7
14968,8391,16004,2.5,0.5,11.7
14969,8393,41312,1.556,0.278,7.1
14970,8393,8390,1.6,0.267,10.4
14971,8395,8392,1.579,0.257,11.7
14972,8399,5790,2.0,0.0,12.3
14973,8399,26266,3.0,0.0,16.2
14974,8401,8398,3.0,0.0,14.5
14975,8405,28536,1.889,0.361,10.6
14976,8405,7954,3.5,0.5,21.6
14977,8409,8406,3.286,0.905,14.6
14978,8413,8410,1.2,0.2,5.8
14979,8415,8412,2.0,0.0,8.2
14980,8421,8418,3.0,0.0,13.8
14981,8423,8420,2.667,0.333,14.4
14982,8427,8424,1.538,0.258,10.6
14983,8429,8446,1.8,0.178,13.6
14984,8431,8428,2.0,0.0,14.2
14985,8435,8432,2.333,0.333,20.0
14986,8437,8434,2.0,0.0,14.7
14987,8441,8438,1.444,0.256,10.7
14988,8441,23970,1.667,1.333,2.4
14989,8443,8440,2.065,0.196,15.7
14990,8445,36568,2.176,10.779,5.6
14991,8447,8444,2.231,0.192,16.2
14992,8451,7402,1.476,0.252,12.6
14993,8453,23874,2.25,0.2,12.6
14994,8453,8450,1.346,0.229,9.5
14995,8461,11494,2.818,0.364,14.7
14996,8461,32570,3.0,0.0,15.5
14997,8463,24886,2.0,0.0,11.6
14998,8463,8460,1.273,0.218,13.2
14999,8473,17344,1.5,0.455,10.9
15000,8475,8472,1.273,0.218,14.3
15001,8497,33298,2.167,0.167,16.4
15002,8499,8496,1.2,0.2,12.6
15003,8513,8922,2.0,0.0,9.0
15004,8515,8512,2.0,0.0,5.8
15005,8521,8518,4.0,0.0,30.5
15006,8523,38866,2.0,0.0,12.2
15007,8525,38164,2.0,0.0,15.7
15008,8527,8524,2.0,0.0,10.6
15009,8531,8528,2.0,0.0,15.7
15010,8533,36270,1.333,0.333,5.6
15011,8549,35702,2.0,0.0,10.8
15012,8549,14226,2.586,0.894,19.0
15013,8551,8548,2.0,0.222,14.2
15014,8553,14088,1.286,0.238,5.0
15015,8553,8550,1.846,0.295,14.3
15016,8555,8552,1.3,0.217,10.4
15017,8557,38746,2.0,0.0,9.3
15018,8557,8554,2.0,0.0,15.0
15019,8557,29170,2.0,0.0,4.7
15020,8561,8558,1.417,0.265,10.4
15021,8563,27748,2.333,0.333,11.3
15022,8567,37420,2.167,0.152,17.8
15023,8569,8566,4.0,0.769,30.1
15024,8571,8568,1.091,0.091,8.1
15025,8575,8572,1.5,0.278,12.5
15026,8577,8574,2.0,0.667,14.8
15027,8579,8576,2.2,0.7,15.0
15028,8581,30062,2.0,0.0,14.2
15029,8583,19344,4.0,0.0,41.4
15030,8585,2502,2.0,0.0,11.8
15031,8593,4206,2.0,0.0,9.0
15032,8593,24024,3.111,0.361,14.5
15033,8593,8602,3.0,0.0,14.2
15034,8595,10504,1.75,0.25,9.0
15035,8595,8592,3.0,0.167,14.5
15036,8595,31430,2.667,0.333,14.3
15037,8597,31424,3.0,0.0,14.4
15038,8599,24504,4.571,8.619,15.2
15039,8601,8598,2.667,0.267,13.6
15040,8603,8600,3.0,0.0,14.2
15041,8607,20206,2.5,0.5,14.3
15042,8617,8614,2.0,0.0,14.6
15043,8617,29240,2.0,0.0,14.5
15044,8617,29238,2.0,0.0,4.7
15045,8625,27738,2.0,1.0,10.5
15046,8627,8624,1.667,0.333,10.2
15047,8629,8626,2.0,0.0,16.1
15048,8631,8628,2.0,0.0,16.7
15049,8633,33802,2.0,0.0,16.0
15050,8635,8632,2.0,0.0,15.1
15051,8639,8636,1.458,0.259,10.4
15052,8643,8638,1.452,0.256,10.4
15053,8645,8642,1.853,0.25,13.3
15054,8647,8644,2.444,0.254,18.8
15055,8649,8646,1.395,0.245,10.5
15056,8651,39612,1.333,0.333,6.9
15057,8651,8648,1.302,0.216,10.4
15058,8653,8650,1.36,0.235,10.7
15059,8653,40998,1.5,1.0,3.0
15060,8659,15006,2.0,0.0,14.6
15061,8667,8664,2.0,0.0,14.0
15062,8673,8670,1.5,0.5,10.3
15063,8677,11602,2.0,0.0,9.3
15064,8677,32696,3.0,0.0,14.4
15065,8679,8676,1.6,0.3,14.3
15066,8685,8682,1.2,0.2,10.4
15067,8687,8684,1.2,0.2,10.4
15068,8689,11600,1.75,0.25,10.2
15069,8689,32694,2.0,0.0,17.4
15070,8691,8688,2.0,0.0,14.2
15071,8701,29380,2.0,0.0,16.1
15072,8701,17012,3.0,0.0,21.1
15073,8703,22678,1.25,0.25,4.8
15074,8703,8700,2.0,0.0,14.4
15075,8707,25588,2.0,0.0,14.9
15076,8711,8708,1.5,0.5,10.0
15077,8715,8712,2.0,0.0,14.5
15078,8717,8714,2.0,0.0,9.8
15079,8723,5436,4.333,1.333,33.8
15080,8725,8722,2.0,0.0,14.6
15081,8729,37164,2.0,0.0,9.2
15082,8729,14718,2.0,0.0,14.5
15083,8733,10604,2.0,0.0,10.2
15084,8733,36854,3.0,0.0,21.6
15085,8737,8734,2.0,0.0,19.4
15086,8749,29596,1.25,0.25,9.0
15087,8749,8934,2.0,0.0,14.2
15088,8749,29386,1.667,0.333,4.7
15089,8753,11084,2.182,0.164,17.8
15090,8755,8752,2.091,0.091,14.9
15091,8757,8754,1.727,0.218,12.0
15092,8763,8760,1.667,0.238,10.6
15093,8765,31178,2.0,0.5,9.2
15094,8765,8762,2.0,0.0,14.4
15095,8767,8764,1.231,0.192,10.5
15096,8769,16988,1.051,0.05,8.6
15097,8777,29416,1.5,0.5,9.6
15098,8777,8774,1.095,0.088,14.9
15099,8779,8774,1.5,0.286,13.2
15100,8779,29414,2.0,0.0,19.4
15101,8783,40836,1.333,0.333,7.6
15102,8791,14210,1.333,0.333,6.6
15103,8793,8790,2.0,0.0,15.1
15104,8795,8792,2.0,0.0,15.1
15105,8799,8796,2.0,0.0,14.6
15106,8801,8798,2.0,0.0,14.6
15107,8803,8800,1.667,0.333,10.4
15108,8805,35592,1.3,0.233,7.6
15109,8807,8804,4.0,0.0,23.2
15110,8815,29584,1.082,0.077,8.4
15111,8815,8922,4.731,1.485,34.0
15112,8819,38150,1.143,0.132,5.3
15113,8827,8824,2.0,0.0,15.1
15114,8833,8830,1.167,0.167,14.5
15115,8837,8834,1.143,0.143,14.4
15116,8839,17190,2.083,0.083,12.8
15117,8841,8838,3.25,0.5,14.4
15118,8843,8840,3.125,0.411,14.4
15119,8845,17186,1.476,0.256,7.6
15120,8847,8844,3.167,0.147,14.4
15121,8849,8846,3.0,0.0,14.4
15122,8851,8472,2.0,0.0,14.1
15123,8857,8814,2.177,0.279,15.7
15124,8859,8856,1.583,0.281,11.7
15125,8861,8858,2.153,0.2,16.1
15126,8863,8860,1.403,0.245,10.4
15127,8865,8862,1.937,0.093,15.0
15128,8867,29524,1.5,0.5,4.7
15129,8869,29526,2.0,0.0,4.7
15130,8877,39744,2.0,0.0,13.7
15131,8883,8880,2.333,0.333,14.2
15132,8895,21148,3.167,0.167,14.4
15133,8897,9088,1.143,0.143,8.5
15134,8899,29890,2.0,0.0,15.1
15135,8901,8864,2.0,0.0,10.1
15136,8901,37040,2.565,1.075,18.8
15137,8903,8856,2.0,0.0,12.6
15138,8907,29518,3.0,2.4,15.8
15139,8911,8900,2.444,0.278,17.4
15140,8921,12248,3.167,0.167,18.0
15141,8921,14492,2.857,0.329,15.2
15142,8923,8920,1.926,0.071,17.1
15143,8925,8922,4.0,0.0,33.5
15144,8925,29460,2.125,3.554,2.4
15145,8927,8924,1.417,0.265,10.4
15146,8929,8926,2.0,0.2,14.8
15147,8933,2438,2.0,0.0,15.2
15148,8933,22496,2.0,0.0,14.2
15149,8935,8932,1.4,0.3,10.5
15150,8937,29386,2.0,0.0,14.1
15151,8939,8730,1.333,0.333,5.4
15152,8939,8936,1.667,0.333,14.5
15153,8943,8722,2.0,0.0,14.2
15154,8945,8942,2.0,0.0,15.1
15155,8945,29618,2.0,0.0,15.0
15156,8947,40886,2.0,0.0,7.5
15157,8947,8944,1.5,0.333,10.4
15158,8949,29612,1.333,0.333,9.2
15159,8949,8946,1.8,0.2,14.3
15160,8961,8990,2.333,0.333,14.3
15161,8963,8960,1.333,0.333,10.5
15162,8967,8964,1.333,0.333,9.1
15163,8969,8966,1.5,0.333,10.4
15164,8971,8968,1.25,0.25,9.1
15165,8973,41660,2.0,0.0,10.6
15166,8983,11610,2.2,0.2,14.7
15167,8985,32694,1.6,0.3,9.6
15168,8985,11600,2.333,0.267,17.2
15169,8987,8984,1.5,1.0,3.7
15170,8989,8986,2.0,0.0,14.4
15171,8993,8990,2.0,0.0,14.2
15172,8997,8994,2.0,0.0,8.7
15173,9001,15730,1.778,0.194,9.1
15174,9001,37446,2.533,0.267,14.3
15175,9003,9000,3.875,4.411,14.5
15176,9005,9002,3.5,0.5,14.5
15177,9013,11008,2.0,0.0,11.0
15178,9017,9126,2.0,0.0,10.3
15179,9019,9016,2.667,0.267,14.2
15180,9021,9018,2.0,0.0,9.4
15181,9023,14880,1.2,0.178,9.2
15182,9025,9022,1.714,0.238,14.6
15183,9027,9024,2.0,0.0,15.1
15184,9027,20986,2.0,0.0,14.8
15185,9035,37562,2.0,0.0,14.3
15186,9035,36580,2.0,0.0,14.1
15187,9035,29714,2.0,0.0,4.7
15188,9037,9034,1.25,0.214,10.4
15189,9043,9040,1.818,0.164,14.4
15190,9045,9042,1.538,0.269,10.4
15191,9047,9044,1.429,0.264,10.4
15192,9049,25632,3.35,0.57,19.4
15193,9049,22182,3.947,0.781,40.2
15194,9049,7202,7.161,28.695,20.0
15195,9051,9048,1.219,0.323,10.0
15196,9053,9050,1.295,0.238,15.6
15197,9053,7002,2.333,9.697,3.6
15198,9055,27048,2.105,0.211,19.0
15199,9055,9052,1.917,0.165,23.5
15200,9057,12532,2.0,0.0,14.7
15201,9057,29736,1.667,0.333,4.7
15202,9061,9058,1.143,0.143,10.0
15203,9071,15068,2.0,0.0,14.1
15204,9073,9070,2.0,0.0,11.3
15205,9077,5866,1.116,0.104,13.2
15206,9079,9076,1.067,0.063,6.5
15207,9085,8776,2.233,0.278,29.9
15208,9085,14434,2.0,0.0,12.2
15209,9087,34080,1.667,0.242,9.7
15210,9089,9086,2.167,0.167,14.0
15211,9095,1594,2.0,0.0,14.1
15212,9099,29810,2.0,0.0,11.4
15213,9105,29808,1.75,0.25,4.7
15214,9109,30120,2.0,0.0,8.0
15215,9109,9106,1.333,0.333,10.6
15216,9111,2468,2.5,0.5,12.0
15217,9113,9110,1.5,0.5,2.8
15218,9127,2472,2.429,0.619,11.1
15219,9129,8574,2.0,0.0,9.4
15220,9129,29190,2.0,0.0,13.9
15221,9131,9128,2.0,0.0,12.3
15222,9141,31070,2.0,0.0,13.0
15223,9145,9142,2.0,0.0,12.3
15224,9147,9160,1.4,0.3,9.3
15225,9151,31080,1.4,0.3,8.6
15226,9161,31068,1.364,0.255,10.0
15227,9163,17054,2.0,0.0,13.6
15228,9173,4382,3.5,0.5,16.0
15229,9175,11260,1.5,0.5,7.8
15230,9175,9172,1.538,0.269,10.5
15231,9177,3986,1.333,0.25,9.1
15232,9177,9174,2.062,0.063,15.5
15233,9177,24228,3.0,0.0,15.0
15234,9179,5444,2.333,0.333,14.8
15235,9185,31122,1.667,0.267,10.5
15236,9185,30108,3.5,0.5,28.6
15237,9187,9184,1.125,0.125,9.4
15238,9189,9186,1.25,0.214,10.5
15239,9191,9188,1.2,0.178,10.4
15240,9193,9190,2.0,0.182,15.7
15241,9193,2542,2.5,4.5,3.0
15242,9195,9192,1.867,0.124,14.4
15243,9195,12316,1.333,0.667,3.7
15244,9197,9194,1.182,0.156,10.0
15245,9199,29970,1.9,0.1,10.3
15246,9201,9198,1.364,0.255,10.7
15247,9203,9200,1.571,0.264,10.4
15248,9205,9202,1.857,0.132,14.3
15249,9207,9204,1.458,0.259,10.6
15250,9207,29914,2.0,2.0,1.4
15251,9209,9206,1.074,0.071,8.0
15252,9211,18016,1.5,0.5,9.3
15253,9213,29776,2.0,0.0,15.4
15254,9221,29936,1.6,0.267,4.7
15255,9223,41888,2.0,0.0,12.7
15256,9229,29944,1.667,0.333,5.0
15257,9239,40184,2.182,0.156,17.2
15258,9245,9932,2.622,0.464,16.3
15259,9247,28250,2.0,0.0,9.2
15260,9247,9244,1.919,0.132,14.3
15261,9249,9246,2.027,0.138,14.4
15262,9249,2286,2.0,0.0,14.5
15263,9251,9248,1.487,0.256,10.4
15264,9253,29906,1.818,0.164,8.7
15265,9255,9252,3.0,0.0,14.8
15266,9257,33400,1.667,0.267,8.2
15267,9257,12216,2.333,0.267,12.4
15268,9259,9256,2.0,0.0,12.7
15269,9263,29980,2.0,0.0,4.7
15270,9265,19490,3.0,2.0,13.3
15271,9267,9264,3.0,0.0,13.3
15272,9269,7646,3.0,2.0,23.7
15273,9281,11268,2.0,0.0,9.7
15274,9283,9280,2.0,0.0,13.8
15275,9291,10936,2.0,0.0,12.4
15276,9301,9022,3.0,0.0,14.3
15277,9305,1196,3.0,0.0,24.1
15278,9315,12252,2.5,0.5,23.8
15279,9317,9314,1.5,0.5,14.1
15280,9327,30040,2.0,0.0,9.8
15281,9327,9324,2.0,0.0,18.4
15282,9329,30026,2.0,0.0,9.2
15283,9331,9328,2.0,0.0,14.4
15284,9337,30018,3.0,0.0,14.1
15285,9339,9332,2.0,0.0,14.5
15286,9341,9338,1.667,0.333,14.5
15287,9343,41700,3.0,0.0,17.5
15288,9345,8578,2.25,0.25,14.8
15289,9347,39444,1.333,0.25,7.8
15290,9353,4024,2.0,0.0,10.9
15291,9357,24252,3.0,0.0,14.9
15292,9363,24260,4.0,0.0,14.3
15293,9363,24266,2.0,0.0,4.7
15294,9365,9362,2.0,0.0,8.9
15295,9369,9366,3.0,0.0,14.4
15296,9371,9368,3.0,0.0,14.4
15297,9373,24254,2.0,0.0,9.0
15298,9373,9370,4.0,0.0,17.6
15299,9373,4000,4.0,2.0,17.5
15300,9375,9372,3.0,0.333,14.8
15301,9375,38756,4.5,0.5,14.9
15302,9377,2030,1.75,0.25,9.7
15303,9379,30098,2.0,0.0,10.5
15304,9379,9376,2.5,0.333,20.2
15305,9381,9378,1.167,0.167,10.4
15306,9387,30106,2.857,0.476,14.2
15307,9391,30102,2.0,0.0,9.0
15308,9391,9388,3.0,0.0,14.4
15309,9391,30106,1.5,0.5,4.7
15310,9393,31122,4.0,0.0,32.1
15311,9397,9394,2.0,0.0,17.8
15312,9405,29812,2.0,0.0,14.2
15313,9409,30124,1.667,0.333,4.7
15314,9415,11054,2.0,0.0,9.0
15315,9417,16584,1.5,0.5,9.0
15316,9417,38452,2.0,0.0,14.2
15317,9419,8846,2.0,0.0,9.0
15318,9421,16590,2.0,0.0,9.0
15319,9427,9016,4.0,0.0,15.1
15320,9429,9426,4.0,0.0,14.4
15321,9431,9428,3.0,0.0,15.0
15322,9445,30166,2.0,0.0,4.7
15323,9447,15868,2.133,0.124,15.8
15324,9447,22246,2.0,0.0,14.6
15325,9449,9446,1.235,0.191,10.3
15326,9455,9066,2.8,0.2,14.8
15327,9465,15734,1.5,0.286,9.0
15328,9465,37450,2.6,0.3,13.0
15329,9467,9464,11.0,0.0,14.5
15330,9485,19026,2.5,1.0,14.2
15331,9489,41232,1.128,0.115,9.9
15332,9495,35690,1.256,0.195,8.1
15333,9497,9494,1.059,0.118,3.6
15334,9499,9496,1.057,0.055,5.0
15335,9501,9498,1.524,0.256,11.9
15336,9503,25702,1.2,0.178,9.1
15337,9505,9502,1.4,0.267,10.5
15338,9507,9504,1.25,0.205,10.2
15339,9511,9508,1.375,0.25,10.4
15340,9513,9510,2.0,0.0,16.2
15341,9515,9512,1.25,0.25,10.4
15342,9517,9514,1.6,0.3,10.4
15343,9519,30254,1.333,0.333,4.7
15344,9521,30256,1.5,0.5,4.7
15345,9523,5270,1.571,0.264,9.7
15346,9525,9522,1.5,0.3,10.6
15347,9535,5272,1.75,0.25,14.4
15348,9539,30278,2.0,0.0,9.0
15349,9541,30312,2.0,0.0,10.1
15350,9543,9536,1.25,0.25,9.0
15351,9543,30274,2.0,0.0,14.2
15352,9545,9542,1.8,0.2,14.5
15353,9545,30302,2.0,0.077,14.7
15354,9551,30292,2.0,0.0,13.3
15355,9551,9548,2.111,0.111,17.7
15356,9553,30288,1.5,0.5,4.7
15357,9555,31022,1.733,0.21,9.5
15358,9557,9548,1.577,0.254,9.7
15359,9557,9554,2.467,0.695,17.8
15360,9559,26140,2.0,0.0,7.5
15361,9559,9556,1.439,0.252,10.1
15362,9561,9558,1.429,0.251,10.6
15363,9565,9562,1.386,0.243,10.7
15364,9567,30280,1.391,0.249,10.6
15365,9569,9566,2.667,0.333,16.3
15366,9571,9706,2.0,0.0,14.7
15367,9571,3908,2.0,0.0,14.3
15368,9571,30308,2.0,0.0,4.7
15369,9573,9570,2.0,0.0,17.1
15370,9575,9572,1.667,0.333,14.5
15371,9577,9574,2.0,0.0,15.5
15372,9579,9576,2.0,0.0,14.8
15373,9579,9606,2.0,0.0,14.6
15374,9579,30316,2.0,0.667,4.7
15375,9585,9582,2.0,0.0,14.7
15376,9593,9590,2.0,0.0,15.4
15377,9595,9592,2.0,0.0,10.5
15378,9597,9594,2.0,0.0,14.3
15379,9601,23514,2.5,0.5,10.5
15380,9601,14162,20.0,0.0,22.2
15381,9603,9600,1.667,0.333,14.6
15382,9609,30316,2.0,0.0,14.6
15383,9611,9608,2.0,0.0,10.4
15384,9615,9612,4.0,0.0,8.8
15385,9617,9614,6.0,0.0,12.9
15386,9619,4910,6.0,0.0,11.2
15387,9621,28148,2.0,0.0,12.6
15388,9623,29256,2.0,0.0,9.1
15389,9623,9620,2.25,0.25,16.1
15390,9625,32794,1.8,0.2,11.0
15391,9629,34064,2.0,0.0,12.5
15392,9635,37300,3.0,0.0,13.9
15393,9639,25668,2.0,0.0,9.1
15394,9639,9646,2.0,0.0,14.7
15395,9641,9638,1.062,0.062,10.4
15396,9643,5278,2.0,0.0,14.5
15397,9643,30382,2.0,0.0,4.7
15398,9645,9510,1.5,0.273,11.3
15399,9645,9642,2.0,0.0,16.3
15400,9647,9644,1.571,0.264,11.3
15401,9651,5276,1.333,0.25,9.1
15402,9653,9650,2.0,0.0,14.4
15403,9665,30394,2.0,0.0,9.0
15404,9665,9650,1.833,0.167,14.2
15405,9673,30432,2.0,0.0,14.2
15406,9681,9678,2.0,0.0,14.4
15407,9687,30442,2.0,0.0,9.0
15408,9695,30436,2.0,0.0,4.7
15409,9697,9694,2.0,0.0,10.6
15410,9699,9696,2.0,0.0,14.6
15411,9703,30444,2.0,0.0,4.7
15412,9705,9702,2.0,0.0,14.6
15413,9717,9732,1.5,0.5,14.7
15414,9733,38582,2.0,0.0,10.6
15415,9735,30474,2.0,0.0,4.7
15416,9737,9734,3.0,0.0,13.4
15417,9739,23050,1.778,0.444,14.8
15418,9739,17204,3.484,0.698,28.7
15419,9741,9738,1.019,0.019,10.5
15420,9745,9742,1.087,0.081,14.4
15421,9751,9748,1.475,0.256,17.7
15422,9755,9742,2.0,0.0,11.2
15423,9761,8060,2.0,0.0,11.2
15424,9761,28658,3.8,0.7,26.4
15425,9763,9760,3.2,0.2,14.5
15426,9765,30522,3.5,0.5,14.7
15427,9767,8058,2.0,0.0,13.2
15428,9767,28656,3.0,0.667,18.7
15429,9769,37916,2.0,0.0,9.0
15430,9771,37918,2.0,0.0,9.0
15431,9771,9768,3.0,0.0,14.4
15432,9771,30510,2.0,0.0,4.7
15433,9773,9760,3.0,0.0,14.3
15434,9775,9772,3.0,0.0,14.4
15435,9783,9780,3.0,0.0,12.8
15436,9785,9782,3.0,0.0,14.4
15437,9787,9784,3.0,0.0,14.3
15438,9787,41576,2.571,0.619,14.2
15439,9789,9766,2.857,0.143,14.4
15440,9791,9788,4.0,0.0,19.9
15441,9797,33878,3.0,0.0,12.6
15442,9797,12608,3.111,1.361,18.1
15443,9807,21798,1.611,0.252,20.3
15444,9809,2948,2.0,0.0,20.6
15445,9811,9808,2.0,0.0,10.3
15446,9813,9810,1.5,0.5,8.5
15447,9821,30570,2.0,0.0,7.5
15448,9823,9820,2.0,0.0,12.6
15449,9829,30548,2.643,0.238,36.2
15450,9831,430,3.0,0.0,15.8
15451,9837,30590,2.696,0.858,24.0
15452,9873,30640,1.75,0.25,7.9
15453,9877,14408,2.2,0.2,12.6
15454,9887,8202,2.1,0.1,14.5
15455,9889,9886,2.0,0.222,15.2
15456,9891,9888,2.0,0.0,14.5
15457,9893,9890,1.769,0.192,14.3
15458,9895,9892,1.714,0.22,12.6
15459,9903,9900,3.0,0.0,14.1
15460,9903,28770,3.0,0.0,14.5
15461,9905,9902,2.8,0.2,14.2
15462,9907,9904,2.8,0.2,14.0
15463,9907,9908,7.0,0.0,15.1
15464,9909,30684,2.0,0.0,4.7
15465,9919,10348,1.545,21.627,9.2
15466,9921,9918,1.014,0.014,4.5
15467,9923,33242,3.75,3.071,14.5
15468,9923,11756,1.2,0.162,16.1
15469,9925,9936,2.188,26.781,8.6
15470,9927,9924,1.005,0.005,10.7
15471,9927,41066,4.0,18.0,3.6
15472,9929,9926,1.157,0.133,14.8
15473,9931,9928,1.638,0.641,14.3
15474,9931,22316,6.0,100.0,3.8
15475,9933,9930,1.129,0.113,14.2
15476,9933,2282,4.625,64.783,3.4
15477,9935,9932,1.076,0.193,12.0
15478,9935,29962,2.0,5.0,3.9
15479,9937,8090,4.788,127.977,7.7
15480,9941,11504,1.061,0.067,7.0
15481,9945,9992,1.994,19.331,8.6
15482,9947,9944,1.042,0.194,9.5
15483,9949,9946,1.003,0.003,9.7
15484,9953,9950,1.006,0.006,9.8
15485,9953,26138,31.0,0.0,2.7
15486,9955,9952,1.108,0.097,13.6
15487,9955,9552,25.0,288.0,3.0
15488,9957,9954,1.32,0.223,16.6
15489,9961,9958,1.037,0.036,13.1
15490,9965,14628,2.0,0.0,10.1
15491,9965,9962,1.004,0.004,10.8
15492,9971,9968,1.006,0.006,8.7
15493,9971,39630,5.0,0.0,2.0
15494,9975,9972,1.537,0.25,19.8
15495,9977,37870,7.5,78.7,2.3
15496,9981,9974,1.134,0.117,14.0
15497,9987,9984,1.009,0.009,9.2
15498,9989,9986,1.973,0.716,15.9
15499,9989,8640,9.158,85.474,8.9
15500,9991,37170,1.197,0.161,5.1
15501,9991,9996,2.393,0.597,24.2
15502,9991,27616,27.273,291.018,10.1
15503,9993,9990,1.845,5.482,14.5
15504,9995,12602,1.107,1.282,8.1
15505,9997,9994,1.029,0.034,9.5
15506,9997,41420,10.0,0.0,2.0
15507,9999,5024,1.014,0.014,7.9
15508,10003,21170,1.25,0.25,9.4
15509,10005,10002,1.333,0.333,10.5
15510,10007,10004,1.333,0.333,10.3
15511,10009,10006,1.5,0.5,9.1
15512,10011,39706,2.0,0.0,7.5
15513,10015,10012,1.5,0.5,10.7
15514,10033,30872,2.0,0.0,4.7
15515,10035,10032,2.0,0.0,15.7
15516,10035,30874,2.0,0.0,4.7
15517,10041,30880,2.0,0.0,4.7
15518,10043,10040,2.0,0.0,4.3
15519,10045,10042,3.0,0.0,15.2
15520,10047,10044,2.0,0.0,14.5
15521,10049,10046,2.0,0.0,14.9
15522,10051,10048,2.0,0.0,9.1
15523,10071,25744,1.5,0.3,9.8
15524,10071,5324,2.167,0.167,14.7
15525,10073,10070,1.429,0.286,10.4
15526,10075,10072,1.333,0.267,10.4
15527,10077,10074,2.0,0.0,15.1
15528,10091,34022,1.25,0.214,5.7
15529,10091,19842,2.136,0.94,20.8
15530,10091,36618,4.5,18.423,5.7
15531,10093,10090,1.432,0.246,19.0
15532,10097,10094,1.005,0.005,9.4
15533,10099,10096,1.084,0.077,13.7
15534,10101,10098,1.839,0.274,23.0
15535,10101,4812,6.0,27.25,5.3
15536,10103,3734,1.136,0.123,14.4
15537,10111,7390,1.667,1.333,10.6
15538,10111,27946,3.0,0.0,16.5
15539,10145,31002,2.0,0.0,9.1
15540,10147,10134,2.0,0.0,9.2
15541,10147,10144,3.5,0.5,14.5
15542,10147,31004,3.5,0.5,14.2
15543,10149,38704,3.093,0.229,13.4
15544,10151,10148,3.302,0.406,14.4
15545,10153,10150,3.089,0.401,14.0
15546,10155,30290,2.333,0.333,15.2
15547,10159,30304,1.25,0.25,11.3
15548,10159,9566,2.158,0.14,15.8
15549,10161,10158,3.0,0.211,21.0
15550,10163,10160,1.611,0.252,10.0
15551,10167,7896,2.0,0.0,13.1
15552,10167,41840,1.361,0.245,16.1
15553,10169,8914,2.0,0.0,19.9
15554,10173,10170,2.0,0.0,20.7
15555,10181,10178,1.066,0.062,12.6
15556,10181,20402,2.714,9.905,2.8
15557,10183,10180,1.207,0.165,14.7
15558,10185,10182,1.154,0.131,14.1
15559,10187,10184,1.374,0.236,17.1
15560,10197,9220,2.167,0.167,15.0
15561,10197,29866,2.167,0.152,14.8
15562,10197,31068,1.583,0.265,4.7
15563,10199,10196,1.462,0.258,10.3
15564,10199,29844,2.364,0.814,16.9
15565,10199,31070,1.4,0.3,4.8
15566,10209,29854,2.0,0.0,13.6
15567,10219,1646,2.0,0.0,6.5
15568,10223,24910,2.375,0.268,13.5
15569,10225,31100,2.0,0.0,4.7
15570,10227,20380,2.0,0.0,9.2
15571,10227,31102,1.444,0.278,4.7
15572,10229,9020,2.833,0.167,15.0
15573,10229,156,3.0,0.0,16.4
15574,10231,21256,3.0,0.0,14.6
15575,10235,10236,1.273,0.218,8.4
15576,10237,11850,1.2,0.178,7.4
15577,10239,16452,2.0,0.0,13.3
15578,10239,10234,2.222,0.194,17.9
15579,10239,31118,1.5,0.5,4.7
15580,10241,10250,1.385,0.256,9.9
15581,10243,30108,4.0,0.0,28.8
15582,10243,10238,4.727,0.618,35.3
15583,10243,29892,2.0,0.0,17.4
15584,10245,10242,2.0,0.333,13.9
15585,10249,10246,1.385,0.256,10.8
15586,10251,10248,4.923,0.577,37.3
15587,10253,33524,1.421,0.257,9.2
15588,10255,10252,1.8,0.2,13.4
15589,10259,10256,3.0,0.0,14.0
15590,10265,31574,2.0,0.0,10.6
15591,10265,31142,2.0,0.0,4.7
15592,10267,10264,2.0,0.0,14.3
15593,10267,10630,2.0,0.0,15.1
15594,10267,31144,1.75,0.25,4.7
15595,10269,10644,2.0,0.0,14.2
15596,10269,10266,2.0,0.0,14.2
15597,10271,10268,1.5,0.333,14.2
15598,10273,31158,2.0,0.0,9.1
15599,10273,10270,1.75,0.25,14.2
15600,10275,10272,2.0,0.0,14.2
15601,10275,8766,2.077,0.077,15.2
15602,10275,31152,2.0,0.0,4.7
15603,10277,10274,2.2,0.171,17.3
15604,10277,10294,2.5,0.3,16.0
15605,10281,31150,2.0,0.0,14.0
15606,10283,31160,1.5,0.333,4.7
15607,10287,31176,1.333,0.333,13.4
15608,10297,31154,2.0,0.0,17.0
15609,10299,10296,2.5,0.333,17.2
15610,10299,31164,2.5,0.333,17.4
15611,10299,31176,2.0,0.0,4.7
15612,10301,8762,1.3,0.233,9.4
15613,10305,10316,2.5,0.5,15.0
15614,10311,10308,4.4,0.3,32.9
15615,10313,10310,1.8,0.2,14.4
15616,10315,10312,1.667,0.333,13.5
15617,10323,10324,2.0,0.0,20.9
15618,10325,35768,3.333,0.333,20.9
15619,10327,10324,3.333,0.267,25.5
15620,10329,10326,2.0,0.0,14.2
15621,10333,11854,2.0,0.0,13.5
15622,10349,9922,1.789,0.175,7.4
15623,10349,9916,4.154,0.968,41.4
15624,10349,35802,14.75,126.2,4.2
15625,10351,10362,2.0,0.0,14.7
15626,10353,31236,3.0,0.0,15.3
15627,10353,10350,3.0,0.0,14.5
15628,10353,31232,1.5,0.333,4.7
15629,10357,31232,3.429,0.286,14.8
15630,10361,5106,1.333,0.25,11.5
15631,10369,10366,1.333,0.333,20.1
15632,10371,10326,2.0,0.0,9.8
15633,10371,31206,2.0,0.0,14.3
15634,10373,10370,1.25,0.25,10.5
15635,10375,10372,1.25,0.25,10.4
15636,10379,10376,2.0,0.0,14.5
15637,10381,35768,3.0,20.0,1.6
15638,10383,10380,1.543,0.314,10.8
15639,10385,10382,2.111,0.102,16.0
15640,10389,10386,1.036,0.036,10.6
15641,10391,26614,1.5,0.5,8.9
15642,10391,23510,1.5,0.333,12.2
15643,10393,35820,1.333,0.333,5.7
15644,10393,10390,2.0,0.4,14.5
15645,10395,10392,1.6,0.267,13.7
15646,10397,10394,1.4,0.267,12.2
15647,10401,26438,2.0,0.0,7.7
15648,10401,10398,1.5,0.278,10.4
15649,10403,10400,1.909,0.091,13.9
15650,10409,33298,3.0,0.0,14.8
15651,10415,10428,3.0,0.0,12.2
15652,10419,10414,3.0,0.0,14.0
15653,10421,10418,2.5,0.5,15.8
15654,10423,4972,3.667,0.333,32.0
15655,10423,25320,5.077,0.744,40.7
15656,10425,10422,1.75,0.205,12.8
15657,10429,25402,3.091,0.691,18.6
15658,10431,10428,1.333,0.25,10.5
15659,10435,10432,1.222,0.194,10.4
15660,10439,31330,2.0,0.0,7.1
15661,10441,10438,2.0,0.0,8.5
15662,10443,820,1.667,0.333,9.0
15663,10445,812,2.0,0.0,9.0
15664,10445,10440,4.0,0.0,13.2
15665,10451,20642,2.0,0.0,9.0
15666,10451,31368,2.0,0.0,4.7
15667,10453,792,2.0,0.0,9.0
15668,10457,20592,1.75,0.917,9.0
15669,10459,840,2.0,0.0,9.0
15670,10465,20586,3.0,0.286,14.2
15671,10465,10480,2.4,0.3,14.2
15672,10467,20594,2.0,0.0,9.0
15673,10469,20614,2.0,0.5,9.0
15674,10469,10466,3.0,0.0,14.4
15675,10471,818,2.167,0.567,9.0
15676,10471,10468,3.0,0.4,14.4
15677,10473,10498,2.8,0.2,14.2
15678,10481,862,1.75,0.25,9.0
15679,10481,10478,2.0,0.0,14.4
15680,10483,31404,2.0,0.0,4.7
15681,10485,31406,1.5,0.5,4.7
15682,10487,31408,1.667,0.333,4.7
15683,10489,10486,4.0,0.0,20.1
15684,10491,10486,3.0,0.0,19.6
15685,10491,31410,4.0,0.0,19.4
15686,10493,31414,2.0,0.0,4.7
15687,10497,34858,1.526,0.263,7.7
15688,10503,4208,8.1,127.433,14.3
15689,10505,10502,1.667,0.267,9.1
15690,10507,29214,2.0,0.0,9.2
15691,10511,41380,1.833,0.167,9.0
15692,10513,41382,3.0,0.667,14.2
15693,10515,14292,4.0,0.0,21.1
15694,10517,35314,2.5,0.333,9.1
15695,10517,10514,8.0,0.0,14.5
15696,10523,33224,2.5,0.5,10.2
15697,10525,10522,7.0,2.0,14.1
15698,10525,12428,3.5,0.5,14.2
15699,10535,35890,3.25,0.214,16.3
15700,10549,7582,2.282,0.262,14.8
15701,10553,10550,1.054,0.053,11.4
15702,10553,40550,1.667,1.333,2.2
15703,10587,6156,2.0,0.0,14.4
15704,10591,40868,2.667,0.333,21.1
15705,10591,10588,1.889,0.361,14.1
15706,10593,10590,1.167,0.152,14.5
15707,10595,10592,1.071,0.071,10.4
15708,10597,9998,3.541,0.714,21.5
15709,10597,41872,7.0,0.0,54.8
15710,10597,41874,2.556,2.614,9.3
15711,10601,19900,2.608,0.306,14.3
15712,10601,336,4.447,1.161,46.0
15713,10603,10600,3.083,52.083,0.3
15714,10605,10602,1.078,0.133,9.4
15715,10613,37704,3.364,0.255,28.4
15716,10621,3992,2.0,0.0,9.1
15717,10627,10624,1.5,0.5,14.0
15718,10629,31142,2.0,0.0,15.2
15719,10629,31574,1.5,0.5,4.7
15720,10631,31190,1.333,0.333,10.1
15721,10633,10308,3.25,0.25,25.9
15722,10639,10312,1.5,0.5,9.5
15723,10641,10638,2.0,0.0,16.9
15724,10651,8794,2.0,0.0,8.9
15725,10651,29434,1.75,0.25,14.0
15726,10653,10650,2.0,0.4,14.3
15727,10667,12444,2.0,0.0,7.5
15728,10687,8568,2.0,0.0,11.4
15729,10689,2580,3.0,0.0,12.6
15730,10691,10688,3.0,0.0,5.0
15731,10697,10694,3.0,0.0,13.8
15732,10697,31646,2.0,0.0,4.7
15733,10701,39980,1.571,0.286,8.7
15734,10703,8058,2.0,0.0,14.6
15735,10707,28658,3.0,0.0,20.0
15736,10707,8060,2.25,0.25,15.4
15737,10709,21070,3.176,0.279,16.3
15738,10711,31666,1.667,0.333,4.7
15739,10731,10728,1.667,0.333,14.6
15740,10735,14202,2.0,0.0,14.2
15741,10747,27736,2.0,0.0,21.7
15742,10751,10748,3.0,0.0,14.4
15743,10751,31706,2.0,0.0,4.7
15744,10753,10750,3.0,0.0,15.1
15745,10755,10746,3.0,0.0,9.0
15746,10761,31716,1.5,0.5,4.7
15747,10763,15490,1.446,0.515,13.4
15748,10765,10762,12.231,444.192,0.3
15749,10773,33126,1.833,0.167,9.1
15750,10775,10772,1.5,0.3,11.0
15751,10777,10774,1.5,0.5,9.8
15752,10779,10776,2.0,0.0,5.0
15753,10783,4982,2.0,0.0,12.2
15754,10783,25254,2.25,0.25,16.3
15755,10789,10786,1.5,0.5,14.5
15756,10791,10788,2.0,0.0,11.8
15757,10797,2208,1.667,0.333,13.0
15758,10797,28624,2.167,0.167,18.2
15759,10797,31752,1.2,0.2,4.7
15760,10799,3512,2.0,0.222,8.2
15761,10799,31754,1.4,0.3,4.7
15762,10801,31756,1.143,0.143,4.7
15763,10803,7240,1.26,5.195,3.0
15764,10807,9252,3.143,0.476,14.9
15765,10813,31766,3.0,0.0,13.9
15766,10815,8474,2.091,0.091,14.4
15767,10817,10814,4.364,0.455,21.2
15768,10821,10818,2.0,0.0,7.7
15769,10823,2256,1.5,0.333,9.0
15770,10823,750,1.214,0.169,14.3
15771,10825,23740,2.045,0.045,17.4
15772,10825,12236,1.757,0.236,21.4
15773,10829,11684,1.071,0.071,14.0
15774,10829,16844,1.435,1.166,2.9
15775,10833,10830,2.075,0.174,26.1
15776,10833,9064,3.857,10.81,9.0
15777,10835,31812,2.75,0.25,17.6
15778,10837,10862,2.0,0.0,15.0
15779,10843,31802,3.5,0.333,19.5
15780,10845,10842,1.125,0.125,6.2
15781,10847,31840,3.5,0.5,14.4
15782,10849,10846,1.5,0.5,5.2
15783,10851,10834,2.0,0.0,14.3
15784,10853,10850,3.0,0.0,10.9
15785,10857,10854,3.0,0.0,11.4
15786,10863,1530,3.0,3.0,14.6
15787,10871,31816,4.0,0.0,14.4
15788,10873,31842,1.667,0.333,4.7
15789,10877,10874,2.522,0.324,29.9
15790,10877,27078,2.042,0.042,19.6
15791,10879,10844,1.714,0.238,11.0
15792,10879,10876,1.016,0.015,9.2
15793,10885,21016,2.0,0.0,12.4
15794,10887,10884,1.333,0.333,7.8
15795,10889,10886,2.0,0.0,9.0
15796,10893,10882,2.0,0.0,10.6
15797,10893,3778,3.333,0.333,15.0
15798,10895,10892,3.25,0.25,14.3
15799,10899,6190,3.0,0.0,18.3
15800,10903,10900,3.0,0.0,14.7
15801,10903,22460,3.0,0.0,14.4
15802,10903,31872,1.429,0.286,4.7
15803,10905,10902,1.2,0.2,7.2
15804,10905,136,2.0,0.0,12.2
15805,10925,19444,2.25,0.25,13.5
15806,10927,10924,3.25,0.25,15.8
15807,10929,20308,1.714,0.238,7.6
15808,10931,10928,2.0,0.0,12.2
15809,10933,14476,2.783,0.723,19.6
15810,10935,10932,1.091,0.087,9.6
15811,10937,33568,2.0,0.0,13.8
15812,10947,10944,2.0,0.0,14.5
15813,10949,10946,2.0,0.0,14.4
15814,10951,6546,2.0,0.0,12.1
15815,10957,14582,3.5,0.333,16.6
15816,10961,14584,2.0,0.0,9.4
15817,10963,21036,6.0,0.667,12.9
15818,10965,10962,5.0,0.0,11.2
15819,10967,10964,6.0,0.0,12.6
15820,10969,10966,6.0,0.0,14.4
15821,10971,10962,6.333,0.333,14.1
15822,10979,33346,2.56,0.423,17.5
15823,10983,10980,1.917,0.083,14.4
15824,10991,12774,2.0,0.0,17.6
15825,11021,3354,3.154,1.062,31.6
15826,11021,6070,33.714,315.905,17.2
15827,11023,28212,4.196,0.872,28.4
15828,11023,8068,3.716,1.057,34.9
15829,11023,11852,6.909,27.691,6.6
15830,11029,12618,2.0,0.0,8.7
15831,11031,21010,1.429,1.341,3.8
15832,11033,11030,1.4,0.267,11.3
15833,11035,11032,1.2,0.178,10.4
15834,11045,8848,1.4,0.3,9.0
15835,11047,16592,2.0,0.667,9.0
15836,11049,9420,2.25,0.25,9.0
15837,11051,38456,2.0,0.0,9.0
15838,11051,11048,3.5,0.5,14.4
15839,11053,8844,3.176,0.154,14.2
15840,11055,11052,3.167,0.167,14.4
15841,11061,11080,3.0,0.0,5.1
15842,11083,22656,1.667,0.333,9.0
15843,11083,6864,1.4,0.253,13.5
15844,11085,11082,1.043,0.043,7.8
15845,11087,11084,1.25,0.205,11.6
15846,11089,11086,3.636,0.255,27.5
15847,11091,11088,2.0,0.0,14.8
15848,11093,11090,1.909,0.291,14.0
15849,11095,11092,1.8,0.178,12.3
15850,11097,11094,1.833,0.167,14.4
15851,11101,11092,3.0,0.0,13.2
15852,11103,738,2.667,0.353,14.5
15853,11103,37714,4.333,1.867,24.7
15854,11105,11102,3.25,0.25,16.7
15855,11109,37850,2.0,0.0,9.0
15856,11109,19198,2.167,0.167,14.2
15857,11113,33102,1.2,0.2,12.2
15858,11115,11112,2.0,0.0,14.5
15859,11117,11114,1.6,0.3,14.6
15860,11119,11116,1.6,0.3,14.6
15861,11121,41804,2.15,0.134,13.7
15862,11123,11120,1.909,0.091,14.4
15863,11131,18148,1.143,0.132,9.7
15864,11135,1608,2.2,0.4,11.4
15865,11135,21464,3.0,0.0,18.0
15866,11137,11134,1.75,0.214,12.1
15867,11141,11142,1.067,0.064,4.0
15868,11143,1610,1.21,0.192,12.7
15869,11145,11140,1.35,0.278,14.8
15870,11147,11144,1.075,0.082,12.2
15871,11149,11146,1.235,0.181,14.4
15872,11149,9196,5.375,60.268,2.8
15873,11161,32184,2.0,0.0,4.7
15874,11173,33118,2.0,0.0,13.8
15875,11175,11172,3.0,0.0,13.8
15876,11197,4084,2.0,0.0,14.2
15877,11203,11204,3.0,0.0,14.4
15878,11205,11206,3.0,0.0,14.4
15879,11207,32228,2.0,0.0,4.7
15880,11217,552,2.0,0.0,9.1
15881,11221,41428,3.0,0.0,9.0
15882,11223,16070,1.5,0.5,9.0
15883,11225,38206,3.0,0.0,14.3
15884,11227,15966,2.0,0.0,9.0
15885,11229,37724,1.333,0.333,11.0
15886,11231,15714,2.468,0.295,13.9
15887,11231,21890,4.357,1.786,25.4
15888,11233,11230,2.0,0.147,25.1
15889,11239,11236,1.012,0.012,10.4
15890,11241,11238,1.266,0.197,11.3
15891,11255,29880,1.75,0.786,8.6
15892,11255,4382,5.333,2.333,15.3
15893,11263,15722,3.643,1.17,23.0
15894,11265,28654,3.125,0.411,14.2
15895,11265,12626,3.8,1.432,32.6
15896,11265,14130,6.0,0.0,6.0
15897,11267,21082,7.214,666.576,12.7
15898,11269,14880,1.25,0.205,13.1
15899,11271,11268,1.5,0.273,14.1
15900,11273,10994,2.0,0.0,14.5
15901,11275,11272,1.111,0.111,8.8
15902,11277,17886,1.08,0.074,22.6
15903,11307,32392,1.324,0.252,8.6
15904,11309,11306,1.414,0.247,10.8
15905,11311,11308,1.377,0.239,10.4
15906,11313,11310,1.432,0.251,10.8
15907,11315,11312,2.114,0.104,16.2
15908,11317,11314,2.353,0.243,17.7
15909,11321,14070,2.357,0.247,14.2
15910,11323,11320,1.167,0.152,14.0
15911,11325,11322,2.0,0.0,13.9
15912,11327,4060,2.0,0.0,9.2
15913,11329,14066,3.5,1.667,15.5
15914,11337,14076,3.286,0.238,12.6
15915,11343,32394,1.667,0.333,9.6
15916,11347,32408,2.0,0.0,8.6
15917,11349,32404,3.0,0.0,15.6
15918,11353,15896,2.5,0.5,10.6
15919,11355,11352,6.0,0.0,10.8
15920,11361,38064,2.476,0.662,9.0
15921,11361,39210,2.0,0.0,14.1
15922,11369,21820,1.75,0.25,9.5
15923,11369,1940,2.5,0.278,14.7
15924,11371,11368,1.5,0.278,12.1
15925,11377,11374,2.0,0.0,16.7
15926,11379,12450,2.0,0.0,9.5
15927,11379,33722,1.714,0.238,14.4
15928,11383,32436,2.0,0.0,17.0
15929,11385,27158,2.0,0.0,13.5
15930,11389,26334,1.706,0.221,9.8
15931,11389,5860,3.0,0.0,15.4
15932,11391,11388,1.7,0.456,13.1
15933,11393,11390,1.375,0.268,5.8
15934,11395,7656,4.571,0.619,25.5
15935,11397,11394,1.571,0.286,7.1
15936,11399,11396,4.0,0.0,15.1
15937,11403,37734,1.714,0.238,9.3
15938,11403,16380,3.0,0.0,14.4
15939,11403,32128,2.0,0.0,4.7
15940,11407,39984,2.0,0.0,9.7
15941,11407,568,2.4,0.3,18.7
15942,11419,19846,3.0,0.0,19.8
15943,11421,32934,2.5,0.5,14.0
15944,11421,14054,1.545,0.271,18.9
15945,11423,11420,1.09,0.083,13.5
15946,11427,7934,2.0,0.0,7.3
15947,11429,3822,2.0,0.0,11.2
15948,11433,3834,2.4,0.3,14.4
15949,11437,3810,3.5,0.5,16.4
15950,11443,11440,1.25,0.25,5.0
15951,11445,11442,1.6,0.3,7.6
15952,11459,11456,1.769,0.22,13.6
15953,11461,32730,1.326,0.222,8.7
15954,11463,5084,1.246,0.188,16.4
15955,11467,6664,3.0,0.0,20.4
15956,11469,14876,3.25,0.25,31.9
15957,11473,35316,1.5,0.5,7.0
15958,11479,32552,1.4,0.257,4.7
15959,11491,15944,10.237,307.692,22.7
15960,11493,11490,2.295,48.722,9.9
15961,11495,11492,1.324,4.985,8.3
15962,11497,41932,1.677,0.597,14.6
15963,11497,11494,1.496,0.585,12.9
15964,11499,11496,1.007,0.007,9.9
15965,11505,32642,3.926,119.264,11.5
15966,11507,16528,1.833,0.167,8.9
15967,11511,11528,2.0,0.0,10.2
15968,11517,11508,1.167,0.167,5.0
15969,11525,11522,1.167,0.167,5.0
15970,11529,11526,2.0,0.0,5.0
15971,11531,29046,3.5,0.5,19.5
15972,11533,11546,1.8,0.4,9.0
15973,11533,32638,3.286,0.238,14.2
15974,11535,8434,4.0,0.0,21.8
15975,11539,29046,2.0,0.0,10.8
15976,11541,8446,2.333,0.333,13.6
15977,11545,23406,2.75,0.5,14.4
15978,11547,11544,1.75,0.25,8.7
15979,11549,32622,2.125,0.411,9.6
15980,11565,11562,3.84,0.39,19.5
15981,11567,11564,2.353,0.243,11.5
15982,11569,11566,1.133,0.124,5.0
15983,11571,11568,2.0,0.0,10.4
15984,11573,8286,1.5,0.333,6.5
15985,11573,11570,3.0,0.0,17.0
15986,11577,11378,3.333,1.867,23.7
15987,11579,11576,2.0,0.0,20.5
15988,11581,11370,2.0,0.0,16.2
15989,11585,26308,2.0,0.0,9.7
15990,11595,15902,4.127,0.403,43.1
15991,11595,19344,3.779,0.339,47.0
15992,11599,11618,2.939,0.304,35.0
15993,11603,11600,1.442,0.264,17.3
15994,11603,29656,2.8,6.2,3.7
15995,11605,11602,1.147,0.127,13.6
15996,11611,11608,1.092,0.084,13.5
15997,11613,11610,1.142,0.123,13.6
15998,11617,11614,1.009,0.009,9.7
15999,11617,32708,21.0,0.0,1.4
16000,11621,11642,1.068,0.065,14.4
16001,11627,39906,1.25,0.25,7.6
16002,11639,11636,1.32,0.222,17.1
16003,11641,5090,4.429,0.958,32.3
16004,11643,11640,1.368,0.239,15.5
16005,11643,9732,1.5,0.7,4.2
16006,11645,7222,1.871,0.787,15.5
16007,11647,13374,2.0,0.0,8.8
16008,11647,11644,1.985,0.174,25.0
16009,11649,11646,1.012,0.012,11.7
16010,11651,11648,2.462,0.958,20.0
16011,11651,11624,12.0,0.0,3.6
16012,11653,11650,1.18,0.177,14.3
16013,11657,17262,3.4,0.3,15.6
16014,11661,11658,2.277,0.245,28.2
16015,11663,17038,3.877,1.061,43.9
16016,11663,26984,6.433,1.394,32.1
16017,11665,11662,1.429,0.48,14.6
16018,11667,11664,1.022,0.022,14.3
16019,11667,24868,9.0,128.0,3.8
16020,11677,11674,1.769,0.192,13.7
16021,11679,18468,1.333,0.267,8.3
16022,11679,18054,1.667,0.267,16.5
16023,11687,15974,1.091,0.087,14.8
16024,11687,5648,2.0,0.0,17.0
16025,11689,11686,1.031,0.031,9.7
16026,11691,23832,2.75,0.917,13.0
16027,11693,11690,3.0,0.0,13.0
16028,11695,11692,3.333,0.333,14.4
16029,11697,11694,3.0,0.0,14.4
16030,11699,11696,3.333,0.333,14.4
16031,11701,11698,3.0,0.0,14.4
16032,11703,11700,1.5,0.5,9.0
16033,11707,23832,2.8,0.2,14.3
16034,11713,11690,2.0,0.0,8.0
16035,11717,14400,2.5,0.333,22.8
16036,11723,29904,1.444,0.278,7.5
16037,11725,11722,1.2,0.2,5.0
16038,11741,11736,3.0,0.0,14.2
16039,11743,35578,3.2,0.2,13.5
16040,11743,7940,4.0,0.0,17.6
16041,11743,14136,3.333,0.333,15.7
16042,11753,11750,1.15,0.131,13.4
16043,11753,35214,2.0,3.0,3.5
16044,11755,22410,1.16,0.14,6.4
16045,11755,11752,1.089,0.083,13.4
16046,11757,11754,1.071,0.068,9.3
16047,11759,22504,1.667,0.25,9.0
16048,11775,32238,2.5,0.5,13.7
16049,11775,15964,2.75,0.25,16.4
16050,11785,18040,2.0,0.0,6.4
16051,11785,40208,1.667,0.333,10.4
16052,11789,33098,4.5,0.5,20.5
16053,11791,5140,1.085,0.078,13.4
16054,11795,14054,2.0,0.0,17.0
16055,11815,34144,2.667,0.333,14.4
16056,11817,11814,2.5,0.5,14.5
16057,11823,10194,1.588,0.283,14.8
16058,11823,12118,2.338,6.645,3.8
16059,11829,10482,1.429,0.286,7.2
16060,11829,32968,2.0,0.0,4.7
16061,11831,118,3.0,0.0,17.0
16062,11831,19724,4.0,0.0,21.0
16063,11833,11830,3.0,0.0,14.7
16064,11835,11832,2.0,0.0,9.8
16065,11843,32982,2.0,0.0,4.7
16066,11851,27392,4.25,0.917,32.2
16067,11851,32998,3.1,1.211,15.8
16068,11867,11864,6.0,0.0,14.4
16069,11869,11884,7.0,2.0,14.1
16070,11869,11866,6.5,0.5,14.4
16071,11895,33874,13.9,2984.726,8.9
16072,11895,12604,2.333,0.333,20.3
16073,11897,11894,1.542,0.52,20.0
16074,11901,11898,1.091,0.087,10.4
16075,11909,11906,3.0,0.0,27.7
16076,11913,16234,1.738,36.536,4.8
16077,11915,11912,1.409,18.815,9.4
16078,11919,33484,3.114,13.222,12.9
16079,11921,11918,3.286,0.374,14.4
16080,11923,11920,2.0,0.0,9.0
16081,11925,11922,2.0,0.0,9.8
16082,11925,33092,1.545,0.273,4.7
16083,11927,7468,4.0,0.0,21.9
16084,11927,28024,3.0,0.0,16.6
16085,11933,928,3.5,0.5,16.4
16086,11937,15954,2.0,0.0,13.1
16087,11939,11936,2.75,0.25,14.4
16088,11941,11938,2.0,0.0,14.4
16089,11943,11940,2.0,0.0,14.4
16090,11945,11942,1.75,0.25,14.5
16091,11953,32200,2.0,0.0,9.2
16092,11955,34312,2.286,0.238,14.7
16093,11963,11960,2.0,0.0,13.8
16094,11963,33130,2.0,0.0,4.7
16095,11965,11962,3.0,0.0,14.4
16096,11967,11964,2.0,0.0,13.6
16097,11983,11980,1.171,0.142,25.4
16098,11987,33282,3.0,0.0,18.2
16099,11989,1054,1.012,0.012,8.7
16100,11993,11990,1.551,0.415,8.3
16101,11997,11994,1.114,0.102,13.5
16102,11997,5302,15.0,0.0,2.6
16103,11999,12006,1.223,0.175,16.0
16104,12007,2962,1.511,0.437,9.2
16105,12009,12002,1.121,0.107,14.2
16106,12011,12008,1.014,0.014,10.1
16107,12013,12000,1.122,0.243,11.1
16108,12017,12014,1.14,0.122,13.1
16109,12033,12030,1.052,0.049,11.9
16110,12033,4488,9.6,96.3,1.6
16111,12035,12032,1.045,0.059,10.3
16112,12035,16396,2.0,2.0,2.7
16113,12037,4924,1.942,0.172,24.4
16114,12037,28746,2.905,6.69,3.2
16115,12045,7900,1.072,0.068,12.9
16116,12055,9914,2.0,0.0,11.9
16117,12055,16986,3.654,1.195,29.6
16118,12061,32472,2.0,0.0,16.6
16119,12069,12066,2.0,0.0,14.4
16120,12071,12068,2.0,0.0,14.1
16121,12073,16306,2.2,0.2,12.1
16122,12079,30754,4.0,0.0,20.5
16123,12081,28528,1.84,0.178,9.6
16124,12083,12080,1.265,0.324,5.3
16125,12085,12082,2.833,0.567,15.2
16126,12087,12084,2.5,0.5,13.8
16127,12089,12086,3.0,0.0,14.4
16128,12091,1438,1.6,0.3,9.0
16129,12095,33266,3.0,0.0,14.4
16130,12097,12094,2.0,0.0,15.7
16131,12099,33262,3.0,0.0,14.4
16132,12099,33266,1.333,0.333,4.7
16133,12101,37452,2.429,0.286,14.0
16134,12105,12102,3.0,0.0,14.6
16135,12111,11022,1.266,0.247,14.3
16136,12113,12110,1.051,0.049,12.9
16137,12115,11422,1.578,0.246,13.5
16138,12117,12114,1.234,0.181,9.4
16139,12119,12116,2.738,0.327,20.7
16140,12119,29110,4.4,20.3,6.9
16141,12125,12122,1.22,0.176,9.4
16142,12127,12124,1.85,0.182,14.4
16143,12129,12126,4.081,0.299,31.6
16144,12129,38526,2.0,0.0,11.9
16145,12131,28222,2.077,0.077,13.5
16146,12131,12128,2.407,0.558,18.6
16147,12133,12130,1.4,0.246,10.5
16148,12135,12132,1.075,0.071,7.6
16149,12137,12134,1.171,0.145,9.1
16150,12141,26668,2.5,0.7,15.3
16151,12141,17874,3.121,1.123,30.9
16152,12143,12140,1.26,0.194,7.0
16153,12143,31432,9.778,89.694,1.5
16154,12151,12148,2.0,0.0,14.3
16155,12155,12152,2.0,0.0,10.0
16156,12163,41798,1.478,0.261,11.2
16157,12165,31954,1.25,0.194,6.5
16158,12165,12162,1.273,0.208,15.2
16159,12167,12164,2.019,0.019,19.7
16160,12169,12166,1.717,0.207,10.6
16161,12169,10198,1.326,0.758,3.8
16162,12171,12168,1.12,0.132,7.3
16163,12173,12170,1.477,0.271,18.4
16164,12173,9150,1.25,0.25,5.2
16165,12175,12172,3.205,0.345,39.3
16166,12179,12176,1.17,0.142,14.7
16167,12183,41404,2.0,0.0,11.1
16168,12183,12180,2.304,0.285,23.0
16169,12185,12182,1.138,0.12,14.1
16170,12189,12196,1.179,0.152,14.5
16171,12193,12190,1.042,0.042,10.6
16172,12197,12194,2.036,0.11,26.2
16173,12203,12200,1.059,0.059,9.6
16174,12205,12202,1.235,0.191,9.7
16175,12209,12206,1.167,0.167,10.2
16176,12211,12208,1.333,0.267,10.3
16177,12215,12212,1.167,0.167,9.4
16178,12217,12214,1.5,0.3,10.7
16179,12221,12218,1.667,0.267,10.1
16180,12223,12220,1.167,0.167,9.5
16181,12229,33416,1.333,0.333,4.7
16182,12231,33418,3.0,0.0,4.7
16183,12237,4928,1.088,0.143,1.0
16184,12245,23658,1.308,0.231,7.6
16185,12245,12242,1.016,0.016,9.4
16186,12251,37422,2.0,0.0,14.1
16187,12257,12254,1.867,0.124,14.4
16188,12261,12258,1.733,0.352,12.7
16189,12275,12272,2.0,0.0,14.9
16190,12281,12278,1.6,0.3,13.4
16191,12287,12290,1.238,0.19,6.9
16192,12291,29856,1.75,0.303,7.5
16193,12293,28584,6.2,20.622,9.0
16194,12293,33496,2.25,0.25,4.7
16195,12295,12292,10.643,315.786,11.2
16196,12295,33498,12.4,58.3,1.4
16197,12297,2084,1.659,0.276,6.9
16198,12299,22120,1.429,0.286,6.7
16199,12299,12296,2.643,0.333,11.9
16200,12301,12298,1.714,0.292,9.2
16201,12301,22056,1.588,0.257,10.6
16202,12303,12300,2.123,0.453,14.4
16203,12305,12302,1.706,0.33,10.9
16204,12307,21984,3.231,0.359,15.1
16205,12307,17316,4.429,13.286,4.2
16206,12309,12306,1.909,1.134,8.3
16207,12311,37456,1.667,0.333,10.5
16208,12311,15740,2.222,0.194,14.7
16209,12313,12310,1.667,0.97,6.3
16210,12315,33520,2.0,0.0,14.9
16211,12315,33522,2.0,0.0,14.0
16212,12315,33524,2.0,0.0,4.7
16213,12323,12320,2.0,0.0,14.2
16214,12325,9094,2.0,0.0,9.6
16215,12325,12322,2.0,0.0,15.6
16216,12325,33536,1.5,0.5,4.7
16217,12327,22638,5.0,0.0,23.1
16218,12329,12326,6.667,0.333,6.8
16219,12331,12328,7.0,0.0,7.4
16220,12331,33542,5.5,0.5,4.7
16221,12335,11094,2.333,0.333,9.1
16222,12337,9300,2.0,0.0,14.4
16223,12349,12346,1.8,0.2,13.9
16224,12351,9290,1.5,0.5,9.8
16225,12351,12348,1.429,0.286,10.9
16226,12353,12350,1.889,0.111,14.7
16227,12355,8814,2.077,0.077,15.4
16228,12357,12354,1.385,0.256,10.5
16229,12359,12356,2.545,0.273,18.8
16230,12361,12358,2.0,0.0,14.2
16231,12363,12360,2.0,0.0,21.0
16232,12365,12362,1.308,0.231,10.1
16233,12367,12374,1.5,0.3,8.6
16234,12369,33608,2.5,0.5,4.7
16235,12371,44,1.111,0.111,7.1
16236,12383,30250,1.286,0.238,8.0
16237,12385,12382,2.0,0.0,13.2
16238,12387,12384,2.0,0.0,15.0
16239,12389,12386,2.0,0.0,15.8
16240,12391,39334,1.387,1.356,10.4
16241,12393,12394,10.592,1776.131,8.0
16242,12395,12390,3.133,177.214,19.0
16243,12397,31036,1.462,0.269,8.5
16244,12397,12392,1.887,0.487,22.3
16245,12399,20072,1.053,0.053,12.0
16246,12401,12398,2.333,0.235,21.8
16247,12403,12400,1.421,0.257,10.4
16248,12405,12402,1.158,0.14,10.4
16249,12407,12404,1.421,0.257,10.4
16250,12409,12406,1.895,0.211,14.5
16251,12411,12408,1.476,0.262,10.4
16252,12413,12410,1.476,0.262,10.4
16253,12415,25840,3.6,0.3,16.6
16254,12421,5396,4.0,0.0,18.7
16255,12423,5398,4.0,0.0,17.6
16256,12433,35326,2.0,0.0,12.6
16257,12445,33714,3.0,0.0,4.7
16258,12447,14176,2.699,0.269,35.1
16259,12447,5818,1.333,0.333,10.8
16260,12451,39586,1.5,0.5,8.4
16261,12453,32438,1.059,0.059,5.4
16262,12453,12450,1.167,0.141,13.5
16263,12455,12452,1.227,0.198,14.3
16264,12459,14176,3.0,0.0,29.9
16265,12459,33716,2.333,0.333,16.9
16266,12467,11378,4.0,0.0,27.8
16267,12469,12466,2.0,0.0,9.2
16268,12471,12468,2.0,0.0,13.7
16269,12471,33740,2.5,0.5,4.7
16270,12473,33742,1.5,0.5,4.7
16271,12475,33744,2.0,0.0,4.7
16272,12481,10308,3.0,0.0,15.1
16273,12483,2088,2.0,0.0,16.8
16274,12491,10586,2.0,0.0,12.7
16275,12493,12490,2.5,0.5,12.7
16276,12495,12492,3.0,0.0,14.4
16277,12501,10930,3.0,0.0,16.8
16278,12503,12514,3.0,0.0,8.2
16279,12511,12508,6.833,1.73,14.5
16280,12513,12510,4.69,0.507,9.0
16281,12515,12512,6.846,0.855,13.4
16282,12517,12514,6.52,0.843,13.0
16283,12519,12516,6.833,1.367,14.6
16284,12521,12512,3.0,0.0,8.8
16285,12525,11986,2.0,0.0,9.1
16286,12527,7594,2.0,0.0,16.2
16287,12529,12526,2.0,0.0,14.9
16288,12529,35640,3.0,0.0,14.7
16289,12531,12528,2.0,0.0,14.4
16290,12533,12530,2.167,0.167,15.3
16291,12535,34762,3.125,0.125,14.4
16292,12537,12534,1.941,0.184,9.0
16293,12539,15752,5.958,93.147,12.1
16294,12539,6998,7.0,0.0,24.2
16295,12539,16500,4.25,6.023,20.9
16296,12545,15966,2.833,0.167,14.4
16297,12551,15956,1.857,0.143,14.5
16298,12553,12550,1.857,0.143,14.4
16299,12559,33840,3.0,8.0,2.3
16300,12561,10766,1.5,0.5,9.0
16301,12577,34800,1.1,0.1,6.0
16302,12579,15542,2.0,0.0,12.8
16303,12579,37262,2.667,0.333,17.6
16304,12581,12578,2.857,0.132,14.4
16305,12597,12594,1.213,0.243,14.2
16306,12599,12596,1.111,1.718,9.4
16307,12601,12598,1.024,0.029,9.4
16308,12603,12600,1.033,0.032,9.4
16309,12605,35952,1.293,0.209,17.0
16310,12607,12604,1.088,0.081,13.4
16311,12611,12608,1.861,0.495,18.9
16312,12611,30536,4.5,26.7,7.6
16313,12623,33292,1.043,0.042,9.2
16314,12625,12622,1.01,0.01,9.8
16315,12633,33920,10.0,0.0,1.4
16316,12637,33924,1.311,0.22,15.9
16317,12641,33854,1.8,0.2,9.0
16318,12643,12640,1.667,0.333,9.1
16319,12643,12996,2.8,0.2,14.1
16320,12647,12644,3.0,0.0,14.3
16321,12661,33966,2.0,0.0,9.6
16322,12661,12658,3.0,0.0,12.9
16323,12663,12660,2.75,0.25,14.5
16324,12665,12662,3.0,0.0,14.6
16325,12683,12680,2.0,0.0,14.4
16326,12693,16270,3.0,0.0,14.2
16327,12693,16276,1.625,0.268,4.7
16328,12695,12740,2.667,0.333,14.2
16329,12697,34030,2.0,0.0,12.8
16330,12703,12716,6.176,59.529,21.4
16331,12715,12738,2.0,0.0,9.2
16332,12717,19842,3.0,0.0,13.1
16333,12717,30956,3.0,0.333,13.6
16334,12721,12736,2.0,0.0,9.2
16335,12727,30960,4.0,0.0,19.4
16336,12729,16256,3.773,0.946,10.8
16337,12733,12702,3.176,0.529,14.5
16338,12735,12732,3.312,0.229,14.5
16339,12737,12734,3.077,0.41,14.5
16340,12739,12736,3.091,0.091,14.5
16341,12741,12738,2.875,0.411,14.5
16342,12745,7360,2.0,0.0,19.2
16343,12747,28954,3.0,0.0,12.8
16344,12751,12748,7.0,0.0,14.3
16345,12751,34054,1.333,0.333,4.7
16346,12753,12750,7.0,0.0,14.6
16347,12753,28904,3.0,0.0,12.8
16348,12753,34056,2.333,0.333,4.7
16349,12755,19178,1.315,0.218,16.0
16350,12757,24512,5.583,0.447,46.0
16351,12757,5870,5.4,1.095,46.4
16352,12757,5872,15.933,200.21,4.6
16353,12759,15728,1.013,0.013,5.1
16354,12761,12758,1.015,0.03,8.4
16355,12763,12766,2.0,0.0,14.3
16356,12767,29910,2.0,0.0,7.5
16357,12771,34074,1.006,0.006,7.7
16358,12773,39020,1.6,0.3,7.6
16359,12773,12770,1.994,0.432,21.1
16360,12773,4034,3.625,19.411,6.2
16361,12777,12774,1.171,0.143,14.6
16362,12779,12776,1.086,0.079,13.2
16363,12785,41732,2.0,0.0,9.2
16364,12785,19470,3.333,0.333,13.1
16365,12785,34104,2.0,0.0,4.7
16366,12793,12816,3.25,0.917,13.6
16367,12797,32952,3.0,0.0,14.2
16368,12799,2152,3.0,0.0,13.5
16369,12805,25514,5.0,0.0,20.5
16370,12811,5132,4.333,0.333,14.1
16371,12813,12810,2.0,0.0,8.9
16372,12817,25516,3.75,0.917,14.3
16373,12821,12798,3.0,0.0,14.2
16374,12825,32954,2.0,0.0,9.0
16375,12829,2158,5.75,0.25,44.1
16376,12835,33960,3.0,0.0,14.4
16377,12837,38420,3.333,0.333,14.2
16378,12839,38414,3.0,0.0,14.2
16379,12843,9738,2.143,0.143,12.7
16380,12845,12842,3.0,0.0,14.6
16381,12847,38416,3.5,0.5,14.3
16382,12849,12846,2.5,0.5,9.2
16383,12851,34172,1.5,0.333,4.7
16384,12853,2166,3.156,0.33,20.5
16385,12855,12852,3.133,0.267,14.4
16386,12861,33958,2.0,0.0,14.4
16387,12865,22190,2.0,0.0,12.9
16388,12865,2156,3.667,0.242,21.1
16389,12867,36884,1.286,0.238,5.8
16390,12881,12888,3.0,0.0,15.3
16391,12881,34186,2.0,0.0,4.7
16392,12883,34198,3.333,0.333,14.2
16393,12885,34184,2.0,0.0,8.4
16394,12887,2150,5.0,0.0,32.7
16395,12893,12896,3.0,0.0,14.4
16396,12895,34188,3.5,0.5,14.1
16397,12895,12892,2.75,0.25,14.1
16398,12895,34198,1.571,0.286,4.7
16399,12897,2150,2.053,0.164,7.5
16400,12903,34214,4.0,2.0,17.8
16401,12911,34206,3.286,0.238,16.5
16402,12911,12900,5.0,0.0,18.7
16403,12915,34232,2.333,0.333,14.4
16404,12919,34222,2.0,0.0,4.7
16405,12925,39194,2.0,0.286,11.4
16406,12935,12938,3.0,0.0,13.9
16407,12939,7222,2.0,0.5,9.6
16408,12941,12938,2.0,0.0,13.6
16409,12943,12956,2.75,0.25,14.4
16410,12943,34258,1.5,0.5,4.7
16411,12949,36388,2.0,0.0,9.0
16412,12951,12948,3.0,0.0,14.4
16413,12953,12950,3.0,0.0,14.4
16414,12955,12952,2.0,0.0,14.4
16415,12957,12954,2.0,0.0,14.4
16416,12959,34240,2.0,0.0,8.0
16417,12959,12934,2.75,0.25,13.0
16418,12975,12854,2.167,0.167,9.0
16419,12979,2168,4.0,0.0,21.4
16420,12981,12992,4.0,0.4,18.6
16421,12991,38410,3.0,0.0,14.2
16422,12991,34290,1.667,0.333,4.7
16423,12993,38412,2.333,0.333,12.9
16424,12993,12990,4.167,0.967,19.0
16425,12995,12646,3.5,0.5,14.5
16426,12997,12994,3.0,0.0,14.6
16427,12997,41610,2.667,0.333,14.3
16428,13011,14286,2.5,0.5,14.4
16429,13011,34310,2.0,0.0,4.7
16430,13017,33120,2.0,0.0,14.5
16431,13023,34318,2.0,0.0,4.7
16432,13029,13026,3.0,0.0,15.4
16433,13031,13028,2.0,0.0,12.4
16434,13033,13030,2.0,0.0,13.8
16435,13037,13034,3.0,0.0,14.4
16436,13041,34300,1.5,0.5,9.0
16437,13043,13040,2.0,0.0,6.5
16438,13061,7218,2.429,0.286,12.6
16439,13065,34360,1.333,0.333,4.7
16440,13089,18412,1.667,0.333,9.6
16441,13089,13086,3.0,0.0,14.4
16442,13093,34390,3.5,0.5,16.1
16443,13111,2158,3.5,0.5,21.4
16444,13119,34736,2.0,0.0,12.6
16445,13121,2174,3.0,0.0,28.7
16446,13129,40842,3.25,0.917,23.3
16447,13129,19034,5.875,0.125,37.4
16448,13129,40846,4.091,2.091,27.1
16449,13133,11554,1.5,0.5,7.6
16450,13135,13132,2.0,0.0,14.4
16451,13153,14218,2.857,0.327,21.5
16452,13153,7082,2.583,8.447,7.0
16453,13155,13152,1.757,0.216,13.0
16454,13157,13154,1.031,0.03,7.4
16455,13165,13162,3.0,0.0,13.8
16456,13167,260,2.688,0.286,27.9
16457,13169,13166,1.75,0.258,18.0
16458,13171,13168,1.37,0.371,14.4
16459,13173,13170,1.089,0.083,15.0
16460,13175,13172,1.2,0.164,14.3
16461,13177,13174,1.104,0.095,14.2
16462,13179,13176,1.167,0.142,14.5
16463,13181,13178,1.125,0.112,14.4
16464,13183,21574,1.6,0.3,9.0
16465,13183,10490,3.0,0.0,14.1
16466,13187,34482,1.333,0.333,4.7
16467,13215,34512,1.5,0.5,4.7
16468,13261,34524,2.0,0.0,13.5
16469,13289,34580,2.0,0.0,14.5
16470,13299,10798,1.357,0.247,7.8
16471,13303,28132,5.0,0.0,2.6
16472,13307,13304,1.186,0.154,19.6
16473,13309,12076,1.25,0.25,7.7
16474,13317,34612,2.0,0.0,4.7
16475,13319,34612,2.0,0.667,7.9
16476,13321,13316,6.0,0.0,31.9
16477,13325,8116,3.0,0.0,14.8
16478,13327,13324,2.0,0.0,5.9
16479,13329,13326,3.0,0.0,14.3
16480,13331,13328,2.0,0.0,14.4
16481,13349,2224,2.0,0.0,18.1
16482,13349,22258,2.0,0.0,15.5
16483,13351,13348,1.8,0.2,13.7
16484,13353,13350,4.0,0.0,31.1
16485,13357,15910,2.0,0.8,12.9
16486,13359,13356,1.833,0.167,14.4
16487,13361,13358,2.0,0.0,14.6
16488,13363,32766,2.0,0.0,22.3
16489,13377,7244,2.773,0.459,16.4
16490,13379,13376,2.841,78.23,10.4
16491,13381,13378,1.07,0.066,10.4
16492,13383,13380,1.6,0.245,15.0
16493,13385,13382,1.027,0.027,10.4
16494,13411,40358,3.0,0.0,15.2
16495,13415,6538,2.667,0.333,13.7
16496,13417,13414,3.0,0.0,9.1
16497,13423,18176,3.0,0.0,14.3
16498,13425,2158,5.944,1.703,51.4
16499,13445,15496,1.98,0.02,15.9
16500,13449,13446,1.053,0.053,2.5
16501,13453,13444,1.381,0.248,7.6
16502,13455,13452,3.143,0.476,14.2
16503,13461,33820,3.5,0.5,14.4
16504,13465,16950,5.5,0.5,27.7
16505,13467,34768,2.0,0.0,4.7
16506,13471,23504,4.5,24.5,1.4
16507,13475,13472,1.2,0.178,10.5
16508,13477,20332,2.0,0.0,13.0
16509,13483,13478,1.667,0.333,14.6
16510,13489,13486,2.0,0.0,28.8
16511,13495,33850,1.5,0.333,13.6
16512,13497,13494,1.4,0.3,10.4
16513,13499,13496,2.0,0.0,16.6
16514,13505,13502,1.8,0.178,13.0
16515,13515,13512,3.0,0.0,13.8
16516,13521,34832,2.0,0.0,9.0
16517,13525,15670,2.0,0.0,9.0
16518,13527,15664,2.0,0.0,9.1
16519,13531,5448,2.167,0.167,17.6
16520,13533,13530,1.667,0.267,14.4
16521,13539,13754,1.5,0.5,9.1
16522,13545,16338,1.5,0.333,9.8
16523,13547,13544,2.0,0.0,14.4
16524,13549,13546,2.0,0.0,14.4
16525,13555,12192,2.0,0.0,9.6
16526,13581,13578,1.017,0.017,9.5
16527,13581,26698,3.0,0.0,2.9
16528,13597,35260,2.0,0.0,13.7
16529,13603,21816,2.0,0.0,7.5
16530,13607,35588,2.667,0.333,15.9
16531,13611,19706,9.328,430.51,13.9
16532,13613,13610,3.505,104.554,10.4
16533,13627,24262,3.0,0.0,14.2
16534,13633,19844,2.0,0.0,8.5
16535,13637,13634,2.0,0.0,14.4
16536,13637,34976,1.857,0.143,4.7
16537,13641,8374,3.0,0.0,21.1
16538,13643,13640,1.875,0.125,13.9
16539,13645,13642,2.0,0.25,14.3
16540,13645,36512,2.0,0.0,14.2
16541,13655,22572,2.385,0.406,18.0
16542,13657,13654,1.76,0.19,14.3
16543,13659,36588,2.0,0.0,9.4
16544,13659,13656,1.957,0.043,14.6
16545,13663,35006,2.0,0.0,14.2
16546,13667,35002,2.0,0.0,9.8
16547,13669,13666,3.0,0.0,14.3
16548,13673,7242,3.0,0.667,19.8
16549,13687,13684,3.0,0.0,14.2
16550,13687,35026,8.0,0.0,4.7
16551,13689,13672,2.0,0.0,11.4
16552,13705,35022,4.5,0.5,15.3
16553,13709,35050,1.333,0.333,4.7
16554,13715,35056,2.0,0.0,4.7
16555,13717,13714,3.0,0.0,14.8
16556,13719,13716,2.0,0.0,14.3
16557,13721,13718,3.0,0.0,14.7
16558,13723,13720,2.0,0.0,14.7
16559,13727,7238,3.636,0.255,22.7
16560,13743,28610,2.5,0.5,14.2
16561,13745,13742,3.0,0.0,15.4
16562,13747,35088,2.0,0.0,4.7
16563,13749,15806,4.0,0.0,26.2
16564,13763,5450,1.667,0.333,9.1
16565,13765,13762,2.0,0.0,14.8
16566,13773,13356,2.0,0.0,14.5
16567,13779,35138,2.0,0.0,9.8
16568,13781,13778,2.0,0.0,10.6
16569,13783,35122,2.0,0.0,13.2
16570,13793,35136,2.0,0.0,9.2
16571,13793,35134,2.5,0.5,4.7
16572,13795,35134,2.0,0.0,14.6
16573,13801,35142,2.0,0.0,4.7
16574,13811,35126,2.0,0.0,16.6
16575,13813,13830,2.667,0.267,20.2
16576,13813,10796,2.273,0.818,18.2
16577,13815,13658,2.0,0.0,9.1
16578,13817,13814,2.0,0.0,11.0
16579,13819,13810,1.667,0.333,14.9
16580,13819,13794,2.0,0.0,15.7
16581,13821,13818,1.333,0.267,11.5
16582,13823,13820,1.714,0.238,14.2
16583,13825,13822,2.0,0.0,14.3
16584,13827,13824,1.571,0.286,13.0
16585,13829,13826,4.0,0.0,35.5
16586,13829,34990,2.0,0.0,14.8
16587,13829,35168,1.5,0.5,4.7
16588,13831,35190,1.5,0.5,9.5
16589,13831,13828,1.75,0.25,14.6
16590,13835,13668,2.0,0.0,14.3
16591,13841,13826,1.25,0.25,8.8
16592,13841,35168,4.0,0.0,31.7
16593,13845,35184,1.5,0.333,4.7
16594,13849,13772,3.0,0.0,14.3
16595,13857,35730,2.762,0.69,21.3
16596,13859,13856,1.833,0.382,9.2
16597,13861,13858,1.308,0.231,10.3
16598,13863,13860,2.5,0.5,20.7
16599,13865,13862,2.0,0.0,14.9
16600,13871,32882,1.538,0.269,9.4
16601,13871,11750,2.0,0.0,14.7
16602,13873,13870,2.1,0.1,15.4
16603,13877,13874,1.833,0.167,10.4
16604,13879,13876,1.667,0.333,10.4
16605,13905,35248,2.0,0.0,4.7
16606,13907,94,24.212,6098.876,25.8
16607,13911,26620,1.786,4.767,4.2
16608,13915,35262,20.0,0.0,1.4
16609,13921,13918,2.0,0.0,14.4
16610,13923,35272,2.5,0.5,4.7
16611,13947,12312,2.167,0.167,13.4
16612,13959,35316,1.5,0.5,4.7
16613,13967,13964,2.0,0.0,12.0
16614,13969,13966,1.667,0.333,10.4
16615,13971,13968,2.333,0.333,13.0
16616,13973,21522,1.2,0.2,9.1
16617,13987,13984,1.333,0.267,19.0
16618,13987,10172,2.0,0.0,5.8
16619,13989,872,4.0,0.444,22.7
16620,14013,1612,3.0,0.0,14.4
16621,14013,21468,2.0,0.0,4.7
16622,14021,14346,2.0,0.0,10.7
16623,14021,25242,3.6,0.3,19.6
16624,14027,12108,1.154,0.132,13.5
16625,14029,14026,1.25,0.19,16.9
16626,14031,12610,1.172,0.184,10.9
16627,14031,40770,21.0,0.0,7.0
16628,14045,9940,2.667,0.667,13.0
16629,14047,14044,3.25,0.25,14.3
16630,14047,35446,2.5,0.5,14.2
16631,14061,1682,2.0,0.0,14.6
16632,14061,7284,2.0,0.0,14.5
16633,14063,14060,4.833,0.567,37.2
16634,14063,35468,1.75,0.25,4.7
16635,14065,14062,2.25,0.25,14.5
16636,14065,35470,2.0,0.0,4.7
16637,14067,15896,1.287,0.207,11.2
16638,14069,14066,1.833,0.225,13.9
16639,14071,14068,4.165,0.431,31.4
16640,14073,14070,3.843,0.402,27.9
16641,14075,14072,1.902,0.188,14.3
16642,14077,14074,3.278,0.255,25.1
16643,14079,14076,1.333,0.225,10.5
16644,14085,14150,2.189,0.156,21.2
16645,14087,35710,1.556,0.278,9.2
16646,14089,14086,1.889,0.111,14.2
16647,14101,35522,1.333,0.333,4.7
16648,14107,7222,2.0,0.0,6.4
16649,14113,14110,1.333,0.333,14.4
16650,14117,35556,1.25,0.25,4.7
16651,14119,24514,2.125,0.125,18.2
16652,14119,4216,1.686,0.222,21.0
16653,14121,14122,1.299,2.334,7.9
16654,14123,19710,2.146,3.276,7.0
16655,14123,16,3.254,0.951,28.9
16656,14129,22542,2.0,0.182,11.1
16657,14129,14126,1.184,0.154,8.6
16658,14131,14128,1.224,0.178,9.4
16659,14133,7074,1.5,0.256,9.0
16660,14135,14132,2.205,0.26,16.0
16661,14135,17216,1.5,0.5,4.9
16662,14137,14300,1.457,0.255,10.9
16663,14139,14136,2.344,0.362,17.5
16664,14141,14138,1.405,0.247,11.0
16665,14143,14140,1.39,0.244,10.4
16666,14145,2670,1.065,0.342,9.2
16667,14147,37486,2.0,0.0,10.6
16668,14149,14146,1.667,0.267,14.5
16669,14151,15598,1.089,0.083,12.6
16670,14155,27188,2.0,0.0,8.9
16671,14155,5100,1.667,0.333,13.8
16672,14157,14154,2.0,0.0,14.2
16673,14159,334,1.099,0.09,13.6
16674,14161,14158,1.117,0.103,13.6
16675,14161,9578,7.0,0.0,3.0
16676,14165,35630,2.0,0.0,16.4
16677,14165,5064,2.333,0.333,21.2
16678,14173,5064,1.136,0.123,5.6
16679,14173,14170,2.019,0.057,19.7
16680,14177,14174,1.047,0.045,9.5
16681,14179,14216,1.326,0.245,16.6
16682,14179,28142,2.0,1.5,4.6
16683,14181,14178,1.173,0.165,14.4
16684,14183,14180,1.173,0.145,14.9
16685,14185,8820,1.067,0.067,14.2
16686,14189,14208,1.857,0.143,13.6
16687,14191,14188,1.75,0.214,13.1
16688,14199,14196,2.333,0.333,15.4
16689,14201,14198,1.4,0.3,10.4
16690,14205,14202,1.5,0.5,14.2
16691,14209,14206,1.714,0.238,14.7
16692,14211,14212,2.0,0.0,20.9
16693,14215,27710,1.832,0.163,11.2
16694,14217,14214,1.217,0.172,5.0
16695,14219,30230,1.5,2.087,3.5
16696,14221,35658,1.833,0.167,14.0
16697,14227,38736,1.118,0.107,9.1
16698,14229,14226,2.667,0.333,19.4
16699,14231,14228,1.667,0.333,14.5
16700,14233,14230,1.6,0.3,14.7
16701,14235,14232,2.0,0.0,14.8
16702,14237,14234,2.0,0.0,13.0
16703,14239,26472,2.0,0.0,9.0
16704,14241,14250,2.0,0.667,9.2
16705,14243,14240,4.0,2.0,17.0
16706,14245,14242,2.0,0.0,14.4
16707,14251,32176,2.5,0.333,14.2
16708,14257,35198,1.211,0.175,6.8
16709,14257,14254,1.439,0.249,18.4
16710,14261,35814,1.846,0.308,14.2
16711,14261,14258,1.405,0.243,17.4
16712,14263,14260,1.018,0.018,9.4
16713,14263,3892,5.0,16.0,2.2
16714,14265,26074,1.309,0.248,8.4
16715,14265,1704,1.667,0.333,12.5
16716,14267,35748,1.667,0.333,4.8
16717,14273,7026,1.071,0.117,5.2
16718,14295,7354,1.714,0.22,13.7
16719,14297,14294,1.5,0.26,10.4
16720,14301,26798,2.0,0.0,8.5
16721,14301,14298,1.292,0.216,11.2
16722,14301,4228,3.333,27.467,3.0
16723,14303,9922,5.118,5.016,37.8
16724,14303,9916,9.333,16.667,10.7
16725,14305,14302,2.4,0.297,17.8
16726,14307,14304,1.395,0.245,10.4
16727,14309,14306,1.3,0.215,10.4
16728,14311,14308,1.872,0.273,14.4
16729,14313,14310,1.368,0.239,10.4
16730,14315,35734,2.455,0.673,22.3
16731,14317,14314,1.909,0.491,14.4
16732,14319,13860,2.0,0.0,10.6
16733,14333,4918,1.2,0.178,12.4
16734,14333,18834,2.0,0.0,17.5
16735,14333,25250,2.5,0.286,16.7
16736,14343,14340,4.0,0.0,8.4
16737,14345,21512,4.0,0.0,14.6
16738,14345,14342,6.0,0.0,14.4
16739,14355,11322,2.0,0.0,10.4
16740,14365,11336,5.286,0.571,12.0
16741,14367,14364,5.429,0.286,11.7
16742,14371,14366,3.5,0.5,12.4
16743,14385,31462,3.0,0.0,13.5
16744,14387,14384,3.0,0.0,12.6
16745,14389,14386,3.0,0.0,12.6
16746,14391,35896,2.0,0.0,4.7
16747,14393,14390,2.0,0.0,12.5
16748,14395,14392,3.0,0.0,12.7
16749,14397,35902,1.5,0.5,4.7
16750,14399,22150,4.0,0.0,15.4
16751,14405,30596,1.835,0.23,26.0
16752,14405,2188,3.417,10.992,2.4
16753,14409,9872,1.75,0.25,10.4
16754,14417,35934,2.0,0.0,4.7
16755,14427,9876,2.375,0.268,14.4
16756,14431,14428,1.333,0.25,10.4
16757,14433,33872,1.453,0.337,17.8
16758,14437,38812,2.048,0.048,16.5
16759,14437,5724,2.091,0.091,18.5
16760,14455,5918,6.0,0.0,22.1
16761,14467,27552,1.875,0.125,8.1
16762,14469,26332,2.0,0.174,16.5
16763,14471,14468,1.5,0.269,10.4
16764,14479,2012,3.0,0.0,14.6
16765,14487,14484,1.312,0.219,13.8
16766,14495,9316,2.0,0.0,14.6
16767,14511,31598,2.0,0.0,9.5
16768,14513,14510,1.667,0.333,14.0
16769,14515,14512,2.0,0.0,14.4
16770,14517,14514,1.667,0.333,14.2
16771,14519,14516,1.75,0.25,14.7
16772,14521,14518,1.8,0.7,14.6
16773,14523,36046,2.0,0.0,14.1
16774,14533,38270,2.1,0.411,14.7
16775,14537,10850,3.667,0.333,15.5
16776,14539,41350,5.0,0.0,21.2
16777,14539,14536,5.0,0.0,21.7
16778,14541,14538,2.0,0.0,8.0
16779,14545,14546,2.0,0.0,14.2
16780,14547,25606,2.0,0.0,14.3
16781,14553,2684,1.35,0.239,10.0
16782,14553,14550,2.321,0.454,15.3
16783,14555,14116,3.0,0.0,10.9
16784,14559,14556,5.0,0.0,10.1
16785,14561,6480,2.0,0.0,20.6
16786,14573,36100,2.0,0.0,8.3
16787,14573,14570,2.0,0.0,15.4
16788,14577,14574,2.0,0.0,10.2
16789,14577,14288,2.5,0.5,14.4
16790,14581,41692,4.0,0.0,14.0
16791,14581,14578,4.0,0.0,15.2
16792,14583,2164,3.778,0.194,26.1
16793,14585,14582,3.0,0.0,14.6
16794,14593,14590,3.246,0.296,25.3
16795,14599,7558,1.333,0.333,12.7
16796,14599,36144,1.333,0.333,4.7
16797,14601,14598,1.182,0.164,4.4
16798,14605,14602,1.222,0.183,9.6
16799,14607,24032,1.5,0.333,7.6
16800,14607,14604,1.059,0.059,10.4
16801,14611,9964,1.4,0.267,8.6
16802,14611,30806,3.0,0.0,16.4
16803,14613,14610,1.231,0.359,4.8
16804,14617,36170,4.0,1.0,13.6
16805,14619,14616,2.0,0.0,9.0
16806,14621,39614,4.0,0.0,14.8
16807,14621,36166,1.286,0.238,4.7
16808,14623,36172,4.0,2.0,14.9
16809,14625,14614,1.5,0.3,8.2
16810,14625,36162,2.0,0.0,13.4
16811,14627,36168,2.0,0.0,9.0
16812,14627,14624,2.8,0.178,13.4
16813,14627,14620,3.2,0.2,14.7
16814,14629,14626,1.316,0.228,6.1
16815,14653,36220,2.0,0.0,4.7
16816,14655,36224,1.5,0.5,4.7
16817,14657,14654,2.0,0.0,12.8
16818,14665,10054,2.0,0.0,11.9
16819,14679,6848,2.0,0.0,8.8
16820,14683,14680,2.0,0.0,10.4
16821,14699,28796,2.0,0.0,8.2
16822,14699,8190,3.0,0.0,14.9
16823,14701,40448,2.0,0.0,7.9
16824,14701,14698,3.0,0.0,14.4
16825,14703,14700,3.25,0.25,13.9
16826,14703,8208,3.0,0.5,14.1
16827,14705,14702,3.111,0.361,14.5
16828,14707,28814,4.0,0.0,15.9
16829,14719,8718,2.0,0.0,14.1
16830,14721,14142,2.0,0.103,15.2
16831,14725,14722,1.925,0.276,14.6
16832,14727,14724,1.884,0.153,14.6
16833,14729,14726,1.273,0.203,10.5
16834,14731,29132,2.0,0.0,14.3
16835,14733,15990,2.143,0.143,9.4
16836,14739,7122,1.333,0.333,13.5
16837,14743,14740,1.5,0.5,6.9
16838,14745,14742,2.0,0.0,11.2
16839,14749,9050,1.615,0.256,8.3
16840,14749,29732,4.0,2.0,19.5
16841,14751,36326,2.0,0.0,4.7
16842,14753,36358,2.0,0.0,8.6
16843,14753,14750,3.0,0.0,14.4
16844,14753,36328,1.5,0.5,4.7
16845,14755,14748,2.167,0.167,8.8
16846,14757,14754,3.0,0.0,14.4
16847,14759,14756,3.0,0.0,14.5
16848,14761,14758,3.0,0.0,14.7
16849,14763,14788,1.5,0.5,9.2
16850,14765,36366,4.0,0.0,14.5
16851,14767,36342,1.5,0.5,4.7
16852,14771,14754,1.75,0.25,9.0
16853,14783,36328,3.0,0.0,13.8
16854,14785,14770,3.0,0.0,14.2
16855,14787,14784,3.0,0.0,14.4
16856,14791,36340,2.667,0.333,14.5
16857,14791,14762,2.667,0.333,14.6
16858,14821,2448,2.5,0.333,22.3
16859,14823,18488,5.667,0.333,39.3
16860,14825,14822,3.5,0.5,20.1
16861,14843,26338,1.31,0.222,7.7
16862,14849,10552,1.448,0.256,7.8
16863,14849,31482,2.0,0.0,12.6
16864,14851,11316,1.353,0.243,7.5
16865,14853,14850,3.0,0.0,14.6
16866,14853,36434,2.2,0.2,5.1
16867,14855,4060,3.0,0.0,14.4
16868,14859,36438,1.222,0.183,4.7
16869,14861,36448,1.615,0.256,4.7
16870,14863,36460,3.0,0.0,14.4
16871,14869,12538,2.525,2.72,9.0
16872,14871,14868,2.396,50.782,9.5
16873,14873,11460,1.052,0.05,5.0
16874,14875,14872,1.1,0.091,13.4
16875,14879,10934,1.364,0.433,12.8
16876,14881,14878,1.167,0.152,5.1
16877,14885,14882,1.103,0.094,15.5
16878,14891,38548,1.083,0.083,5.4
16879,14891,14888,1.034,0.034,13.6
16880,14893,14558,5.0,0.0,8.2
16881,14901,19154,2.0,0.0,4.7
16882,14903,41384,4.071,0.071,17.0
16883,14905,14902,4.0,0.667,14.0
16884,14907,14950,1.021,0.021,15.7
16885,14907,36110,2.667,8.333,3.5
16886,14911,11984,2.754,0.196,45.6
16887,14917,28640,2.0,0.0,18.8
16888,14917,36510,2.0,0.0,4.7
16889,14919,34984,1.6,0.3,9.3
16890,14921,14918,1.667,0.333,14.0
16891,14927,7244,6.667,21.333,10.7
16892,14929,14926,2.5,0.5,14.2
16893,14937,36534,2.0,0.0,4.7
16894,14943,14928,5.0,0.0,26.4
16895,14945,16740,1.481,0.259,7.5
16896,14947,38830,3.0,2.0,14.5
16897,14949,24090,3.8,0.2,17.0
16898,14957,14954,1.067,0.067,9.6
16899,14961,14958,1.35,0.239,22.3
16900,14965,17154,2.0,0.0,15.7
16901,14969,36564,1.5,0.333,4.7
16902,14971,40976,2.0,0.0,12.4
16903,14973,29056,1.947,0.053,14.0
16904,14973,7308,5.286,0.905,22.1
16905,14973,8442,2.871,0.316,20.8
16906,14975,14972,2.316,0.22,17.6
16907,14977,25476,2.5,0.5,16.1
16908,14979,14976,3.0,0.0,19.8
16909,14981,14978,2.0,0.0,14.8
16910,15001,24554,2.0,2.0,11.6
16911,15003,36598,2.0,0.0,4.7
16912,15005,26546,2.0,0.0,11.6
16913,15007,15004,2.0,0.0,16.0
16914,15009,15006,2.0,0.0,14.7
16915,15011,28134,1.5,0.333,9.3
16916,15045,15164,2.0,0.0,14.2
16917,15061,38198,1.5,0.5,9.0
16918,15069,27692,3.0,0.0,22.5
16919,15107,15050,2.0,0.0,8.6
16920,15115,16280,3.0,0.0,18.9
16921,15121,15118,2.0,0.0,5.0
16922,15123,36638,3.0,0.0,13.4
16923,15127,15054,3.0,0.0,14.3
16924,15129,15126,3.0,0.0,15.7
16925,15169,36622,4.0,0.0,18.3
16926,15169,15128,4.0,0.0,19.4
16927,15181,9836,2.667,0.333,13.5
16928,15183,15180,3.0,0.0,11.2
16929,15185,27882,2.0,0.0,8.9
16930,15185,7326,4.0,0.0,15.4
16931,15191,36550,1.522,0.261,9.9
16932,15191,14952,2.0,0.0,13.9
16933,15199,15364,1.75,0.25,12.6
16934,15201,15198,2.667,0.333,13.7
16935,15203,27862,8.0,0.0,14.5
16936,15211,27894,2.0,0.0,4.6
16937,15223,30548,3.0,0.0,34.4
16938,15225,41720,2.933,0.441,22.8
16939,15225,13540,3.896,1.843,39.5
16940,15227,15228,1.762,0.189,26.5
16941,15231,15226,1.008,0.008,13.9
16942,15233,10604,1.196,0.158,14.8
16943,15235,15232,1.01,0.01,8.0
16944,15241,638,1.013,0.013,2.7
16945,15241,36862,1.6,0.267,4.7
16946,15255,2934,2.417,0.265,16.0
16947,15257,36882,1.303,0.218,4.7
16948,15263,36890,2.8,0.2,14.2
16949,15267,36910,2.0,0.0,14.5
16950,15271,15286,2.0,0.0,9.3
16951,15273,15262,1.6,0.3,9.2
16952,15273,15270,3.0,0.0,14.3
16953,15275,36918,3.0,0.0,14.3
16954,15279,36896,3.0,0.0,14.3
16955,15285,36892,2.0,0.0,9.0
16956,15287,15264,2.0,0.0,9.0
16957,15297,11702,2.0,0.0,9.0
16958,15301,36926,1.333,0.333,4.7
16959,15313,36938,2.0,0.0,4.7
16960,15325,36950,1.5,0.333,4.7
16961,15333,14284,7.0,0.0,14.0
16962,15363,5148,2.0,0.0,13.0
16963,15371,18044,1.147,0.129,14.5
16964,15373,34446,2.0,0.0,11.8
16965,15377,29558,1.667,0.333,10.7
16966,15377,8864,2.136,0.292,19.3
16967,15381,14378,5.0,0.0,14.0
16968,15385,37060,2.0,0.0,4.7
16969,15387,15388,3.0,0.0,14.3
16970,15389,37070,3.0,0.0,14.2
16971,15411,15414,3.0,0.0,14.4
16972,15413,15410,4.0,0.0,14.7
16973,15415,15432,3.0,0.0,14.4
16974,15421,15400,2.5,0.5,14.2
16975,15423,15420,3.333,0.333,14.5
16976,15425,15422,3.25,0.25,14.5
16977,15427,15424,3.0,0.667,14.4
16978,15429,15426,2.75,0.25,14.4
16979,15431,15428,1.75,0.25,8.9
16980,15433,26670,11.0,0.0,49.3
16981,15443,15440,4.0,0.0,14.0
16982,15453,37132,2.0,0.0,11.4
16983,15463,15468,2.0,0.0,10.5
16984,15465,20440,4.833,0.167,34.5
16985,15467,15464,2.25,0.25,2.6
16986,15469,15466,3.0,0.0,15.0
16987,15473,23522,3.0,0.0,14.3
16988,15483,14150,2.0,0.0,20.9
16989,15487,9996,1.767,0.323,8.7
16990,15487,27616,3.708,1.085,34.5
16991,15487,30830,5.103,0.618,23.5
16992,15489,15486,7.183,232.492,16.1
16993,15491,15488,2.873,72.754,9.2
16994,15493,17300,2.188,0.162,14.0
16995,15493,38434,1.857,0.143,14.9
16996,15497,7582,1.509,0.255,14.8
16997,15499,628,2.847,0.293,19.0
16998,15501,15498,1.526,0.286,6.9
16999,15503,15500,3.146,0.428,14.3
17000,15505,15502,3.043,0.134,15.5
17001,15507,15504,3.462,0.269,16.8
17002,15509,15506,3.75,0.917,18.8
17003,15513,13916,3.368,0.357,23.5
17004,15513,17244,5.811,0.952,63.2
17005,15513,27608,9.643,5.94,64.4
17006,15515,15512,1.878,14.997,10.4
17007,15517,15514,1.414,0.539,14.3
17008,15517,5952,8.6,66.8,4.5
17009,15519,15516,1.129,0.15,9.4
17010,15519,18858,1.333,0.333,2.8
17011,15521,38558,1.5,0.333,11.1
17012,15523,38554,2.375,0.268,9.7
17013,15525,29072,2.778,0.194,20.8
17014,15529,19500,5.5,0.5,26.4
17015,15533,21870,2.0,0.0,8.3
17016,15535,41290,2.0,0.0,14.5
17017,15537,15534,2.0,0.0,14.4
17018,15541,15538,2.0,0.0,10.2
17019,15541,37546,2.333,0.333,14.8
17020,15541,37258,2.0,0.0,4.7
17021,15547,15544,2.0,0.0,14.1
17022,15559,15556,1.714,0.238,10.4
17023,15565,1850,2.0,0.0,7.6
17024,15565,21726,2.0,0.0,13.3
17025,15569,14314,2.0,0.0,9.2
17026,15575,37292,2.5,0.333,4.7
17027,15577,34636,2.0,0.0,9.8
17028,15583,7912,1.026,0.026,4.0
17029,15587,15584,1.128,0.115,13.4
17030,15587,9640,1.357,1.17,4.1
17031,15589,15586,1.113,0.102,14.1
17032,15591,6160,1.017,0.017,5.2
17033,15593,15590,1.281,0.205,9.7
17034,15595,15592,1.219,0.174,9.6
17035,15597,15594,1.381,0.24,9.8
17036,15601,1592,2.667,0.267,18.0
17037,15601,4616,2.2,7.2,4.6
17038,15603,15600,2.846,0.308,14.4
17039,15605,15602,3.25,0.386,14.4
17040,15607,15604,2.0,0.0,9.2
17041,15617,5104,2.0,0.0,7.8
17042,15633,15666,1.5,0.5,9.0
17043,15635,9466,3.0,0.0,9.1
17044,15639,37356,2.0,0.0,4.7
17045,15641,9002,2.333,0.333,9.1
17046,15643,37404,1.667,1.333,9.1
17047,15645,15690,2.0,0.0,9.1
17048,15649,34826,1.4,0.3,9.1
17049,15653,15650,3.0,0.0,14.5
17050,15655,13524,2.0,0.0,9.0
17051,15663,9000,3.091,0.491,14.2
17052,15665,15662,3.143,0.476,14.4
17053,15667,15664,3.0,0.0,14.4
17054,15669,15666,3.0,0.0,14.4
17055,15671,15668,3.0,0.0,14.4
17056,15677,9464,3.667,0.333,14.3
17057,15679,15676,2.0,0.0,14.3
17058,15681,19660,3.0,0.0,9.6
17059,15685,15662,2.0,0.0,9.1
17060,15687,15640,2.0,0.0,9.0
17061,15689,22744,2.333,0.333,14.5
17062,15691,15688,2.667,0.333,14.2
17063,15693,19598,3.0,0.0,14.7
17064,15695,15692,3.0,0.0,15.3
17065,15695,622,2.0,0.0,15.0
17066,15697,22,2.5,0.333,10.6
17067,15699,20,1.5,0.5,10.5
17068,15705,29180,1.471,0.265,8.2
17069,15705,12262,2.571,0.264,17.4
17070,15707,33446,1.5,0.5,5.0
17071,15707,15704,1.742,0.265,13.2
17072,15713,11498,1.876,0.209,23.7
17073,15713,10222,18.625,328.554,2.3
17074,15715,15710,1.293,0.208,12.9
17075,15719,11132,1.143,0.132,9.5
17076,15723,11854,3.357,1.632,29.3
17077,15725,14144,1.016,0.016,4.0
17078,15727,15724,1.025,0.025,10.5
17079,15729,15744,1.057,0.141,9.2
17080,15731,15726,1.027,0.027,6.0
17081,15733,15730,1.046,0.081,9.7
17082,15737,15734,1.041,0.04,8.3
17083,15739,15736,1.009,0.009,9.7
17084,15743,15740,1.216,0.171,12.9
17085,15743,33516,2.12,19.087,4.2
17086,15745,15742,1.065,0.08,5.8
17087,15747,12396,3.115,0.987,25.1
17088,15749,14870,1.463,0.255,13.1
17089,15753,15754,13.925,374.731,8.4
17090,15755,10596,3.421,21.685,20.0
17091,15759,7110,1.077,0.077,5.4
17092,15761,15758,3.0,0.0,14.8
17093,15765,15758,3.8,0.2,15.0
17094,15771,38310,3.0,0.0,13.4
17095,15775,11594,1.667,0.333,7.8
17096,15789,2698,2.0,0.0,8.8
17097,15791,2702,1.667,0.267,8.7
17098,15793,2704,1.727,0.218,8.7
17099,15795,37858,3.0,0.0,18.4
17100,15795,16102,4.0,0.0,23.9
17101,15795,16074,4.0,0.0,20.9
17102,15805,3428,2.0,0.0,14.4
17103,15807,2700,3.0,0.0,18.6
17104,15807,15804,4.0,0.0,24.7
17105,15809,15806,4.0,0.0,28.7
17106,15825,25712,2.0,0.0,16.0
17107,15833,18036,1.8,0.178,8.7
17108,15833,40204,2.0,0.0,16.4
17109,15835,15852,3.5,0.5,14.8
17110,15837,15834,3.0,1.0,14.9
17111,15839,15832,2.857,0.143,13.7
17112,15841,15838,3.0,0.5,14.6
17113,15843,15840,2.6,0.3,14.5
17114,15849,4470,2.0,0.0,9.0
17115,15851,24858,2.0,0.0,9.1
17116,15851,15848,3.0,0.0,14.5
17117,15853,15850,3.0,0.0,14.8
17118,15853,37810,3.0,0.0,14.7
17119,15859,280,2.0,0.0,9.1
17120,15861,15858,2.0,0.0,15.1
17121,15867,15864,2.0,0.0,13.3
17122,15869,15880,3.062,0.062,24.0
17123,15871,15866,1.75,0.25,11.6
17124,15873,15870,1.8,0.2,14.3
17125,15873,37610,2.0,0.0,4.7
17126,15875,15872,1.857,0.476,14.7
17127,15875,2754,2.0,0.0,14.5
17128,15877,8368,2.0,0.0,9.5
17129,15877,15874,2.0,0.0,14.0
17130,15877,37614,2.0,0.0,4.7
17131,15879,15876,2.091,0.091,16.0
17132,15879,23578,3.0,0.0,17.1
17133,15881,15878,5.385,0.423,40.7
17134,15881,8124,5.333,0.333,40.2
17135,15893,3446,2.0,0.0,12.3
17136,15895,25484,1.269,0.201,6.6
17137,15895,11458,2.077,0.072,18.3
17138,15899,15234,3.467,0.809,28.0
17139,15899,8076,4.576,1.127,39.8
17140,15901,15898,1.04,0.08,10.9
17141,15905,15234,2.956,1.019,29.5
17142,15905,8076,15.0,180.923,2.3
17143,15907,15916,1.651,0.23,11.9
17144,15909,15906,1.37,0.236,5.5
17145,15911,15908,1.47,0.594,9.4
17146,15913,15910,1.859,0.175,15.3
17147,15915,14552,3.0,0.0,25.8
17148,15925,38270,2.0,0.2,9.5
17149,15927,15924,2.0,0.0,9.7
17150,15929,15926,2.0,0.0,10.7
17151,15931,15928,3.5,0.5,15.1
17152,15943,15594,1.5,0.5,9.0
17153,15945,16066,3.531,0.834,36.1
17154,15945,32996,15.333,124.406,10.1
17155,15947,32120,2.571,0.286,16.9
17156,15947,738,3.319,1.54,27.8
17157,15955,19194,2.0,0.0,14.4
17158,15957,19038,1.4,0.3,8.7
17159,15957,32262,2.0,0.0,13.4
17160,15961,11202,2.5,0.5,13.0
17161,15961,37728,2.0,0.0,4.7
17162,15963,15960,2.0,0.0,11.2
17163,15963,37730,2.0,0.0,3.3
17164,15965,15962,2.75,0.25,15.0
17165,15967,32128,3.0,0.0,14.2
17166,15969,984,3.0,0.0,13.4
17167,15971,1046,1.826,0.332,9.0
17168,15975,23022,2.5,0.5,16.0
17169,15981,15978,1.4,0.245,17.8
17170,15983,28128,2.0,0.0,7.7
17171,15989,15986,1.094,0.088,7.4
17172,15991,15988,1.857,0.143,12.0
17173,16003,18276,3.0,0.0,14.4
17174,16011,16008,2.0,0.0,9.0
17175,16013,16010,3.0,0.0,14.6
17176,16035,15842,2.333,0.333,10.1
17177,16049,24858,3.0,0.0,14.7
17178,16051,8386,2.0,0.0,8.0
17179,16051,29002,2.667,0.333,10.8
17180,16059,37814,2.333,0.333,7.5
17181,16061,16058,4.667,0.333,10.4
17182,16063,4540,2.6,0.3,7.5
17183,16063,16060,5.0,1.0,10.4
17184,16065,16062,5.875,0.696,13.3
17185,16067,2560,1.085,0.078,13.1
17186,16077,16102,1.25,0.25,6.7
17187,16077,16074,1.079,0.083,20.3
17188,16083,30816,1.5,0.5,9.0
17189,16087,16084,4.0,0.0,14.4
17190,16087,37882,3.5,0.3,14.2
17191,16091,27740,3.667,0.333,27.2
17192,16093,16082,2.0,2.0,9.0
17193,16103,27526,1.087,0.083,5.2
17194,16111,37900,2.0,0.0,4.7
17195,16117,16114,2.0,0.0,9.5
17196,16119,9788,3.0,0.0,17.3
17197,16121,9790,3.0,0.0,12.6
17198,16127,30510,2.5,0.5,14.2
17199,16139,16140,2.0,0.0,14.2
17200,16141,9268,2.0,0.0,13.0
17201,16163,22946,2.0,0.0,12.6
17202,16181,37984,1.636,0.255,4.7
17203,16183,15980,1.273,0.218,7.9
17204,16185,15978,2.667,0.267,11.6
17205,16187,2460,1.5,0.5,10.3
17206,16197,37998,1.667,0.333,4.7
17207,16201,5550,2.0,0.0,10.2
17208,16203,16200,1.5,0.5,5.6
17209,16205,26000,1.167,0.152,14.6
17210,16209,16206,1.083,0.08,12.6
17211,16211,5852,1.2,0.2,8.2
17212,16211,16208,1.381,0.248,18.1
17213,16213,28948,3.0,0.0,15.7
17214,16217,16214,2.5,0.5,12.4
17215,16217,15578,3.0,0.0,13.9
17216,16221,16904,1.5,0.267,8.4
17217,16223,16220,7.611,27.428,13.5
17218,16225,16222,1.778,5.477,14.0
17219,16227,16224,1.278,0.212,14.3
17220,16237,25636,2.909,0.691,13.7
17221,16237,5222,4.0,0.0,31.1
17222,16237,10080,2.455,2.473,13.1
17223,16241,16236,1.524,0.262,10.7
17224,16243,16240,1.333,0.233,10.6
17225,16245,16242,1.381,0.248,10.4
17226,16247,16244,1.462,0.269,10.4
17227,16249,16246,2.909,0.091,21.8
17228,16251,16248,1.2,0.178,8.0
17229,16255,39210,4.0,0.0,14.3
17230,16255,32420,3.85,3.924,14.2
17231,16257,16254,7.174,1.423,14.3
17232,16275,10088,1.042,0.041,13.0
17233,16275,19986,1.4,0.8,3.0
17234,16277,16866,3.125,0.411,14.0
17235,16279,6158,2.0,0.0,12.6
17236,16281,22210,1.5,0.5,5.0
17237,16289,32904,1.333,0.333,8.5
17238,16291,14406,1.333,0.333,8.1
17239,16317,38126,1.5,0.5,4.7
17240,16321,16316,2.0,0.0,10.9
17241,16321,38128,2.0,0.0,12.1
17242,16321,38130,1.5,0.5,4.7
17243,16331,16244,1.375,0.268,7.5
17244,16333,29464,1.667,0.233,13.8
17245,16335,16332,1.273,0.218,14.0
17246,16341,16338,1.5,0.5,14.5
17247,16345,14182,1.224,0.176,15.5
17248,16347,16344,1.589,0.263,19.6
17249,16347,29138,1.8,1.7,4.7
17250,16349,16346,1.286,0.206,16.7
17251,16351,16086,1.333,0.242,7.6
17252,16351,16348,1.038,0.094,10.4
17253,16361,38292,2.0,0.444,9.1
17254,16363,23452,2.0,0.0,9.0
17255,16363,16360,3.2,0.2,14.4
17256,16365,16362,3.5,0.5,14.5
17257,16365,38182,2.0,0.0,4.7
17258,16367,38186,2.0,0.0,4.7
17259,16379,23722,3.52,0.26,16.3
17260,16381,38206,1.667,0.333,4.7
17261,16383,32132,1.294,0.221,9.4
17262,16385,16382,1.375,0.25,10.3
17263,16389,5984,2.0,0.0,14.5
17264,16391,22550,2.0,0.0,8.9
17265,16395,24864,2.182,0.164,22.1
17266,16395,5610,2.19,0.219,32.8
17267,16401,25336,3.0,0.0,14.8
17268,16407,38256,2.5,0.333,11.0
17269,16409,16406,1.667,0.333,8.2
17270,16411,25756,2.25,0.25,12.6
17271,16413,16410,1.25,0.25,5.5
17272,16415,16412,6.0,0.0,5.5
17273,16419,36062,2.062,0.062,14.8
17274,16421,34096,4.0,0.0,11.8
17275,16423,16364,3.0,1.0,14.4
17276,16433,7464,7.55,38.261,28.2
17277,16439,16436,1.333,0.235,14.0
17278,16445,25944,3.333,0.333,15.4
17279,16445,37492,3.25,0.25,17.5
17280,16447,6666,1.455,0.273,10.7
17281,16453,38316,2.0,0.0,4.7
17282,16459,16466,2.0,0.0,9.0
17283,16463,16470,2.0,0.0,9.0
17284,16465,16472,2.0,0.0,9.0
17285,16467,38902,2.889,0.361,15.7
17286,16469,16466,2.833,0.167,14.1
17287,16471,38324,2.0,0.0,9.2
17288,16471,16468,2.667,0.333,14.4
17289,16473,16470,2.667,0.333,14.4
17290,16475,16472,2.5,0.5,14.4
17291,16477,16474,2.0,0.0,9.2
17292,16479,16494,2.0,0.0,14.2
17293,16483,16476,2.0,0.0,9.0
17294,16485,16482,3.0,0.0,14.4
17295,16487,16484,2.5,0.5,14.4
17296,16487,38350,2.0,0.0,4.7
17297,16489,16486,3.0,2.0,14.4
17298,16491,16458,2.5,0.5,9.2
17299,16491,16488,3.0,2.0,14.4
17300,16491,38354,2.0,0.0,4.7
17301,16497,21928,1.333,0.333,7.6
17302,16503,27018,2.0,0.0,9.2
17303,16505,33374,2.0,0.0,7.7
17304,16511,30956,2.312,0.362,11.6
17305,16511,19842,2.8,0.178,13.3
17306,16513,16510,1.1,0.1,15.2
17307,16521,16518,2.0,0.0,20.2
17308,16523,7596,2.18,114.394,8.0
17309,16525,32300,16.042,1314.083,31.9
17310,16527,25304,1.667,0.333,7.5
17311,16529,25288,1.333,0.267,7.5
17312,16531,29048,3.5,0.5,24.2
17313,16531,8434,5.0,0.0,30.4
17314,16533,25306,1.5,0.262,7.6
17315,16533,4968,3.0,0.0,12.7
17316,16535,16532,1.091,0.087,5.0
17317,16537,16538,3.0,0.0,12.6
17318,16541,8432,4.333,0.333,28.9
17319,16547,12842,3.0,0.0,14.2
17320,16551,34292,5.0,0.0,17.1
17321,16553,16550,2.0,0.0,14.4
17322,16553,12836,2.0,0.0,14.2
17323,16555,16552,2.667,0.333,14.5
17324,16559,34158,2.0,0.0,9.0
17325,16559,38420,2.0,0.0,4.7
17326,16567,11404,1.667,0.242,9.1
17327,16583,1332,2.0,0.0,10.5
17328,16585,11052,2.0,0.0,9.0
17329,16587,16584,3.5,0.5,14.4
17330,16591,32068,3.333,0.667,14.2
17331,16593,16590,3.333,0.333,14.4
17332,16593,9418,2.5,0.5,14.2
17333,16595,8842,3.0,1.0,14.2
17334,16597,16604,3.0,0.0,14.4
17335,16601,17192,2.0,0.0,7.5
17336,16605,8838,2.0,0.0,9.0
17337,16615,29362,2.0,0.0,7.6
17338,16621,22570,4.0,0.0,21.6
17339,16631,38496,1.5,0.5,4.7
17340,16633,38498,1.667,0.333,4.7
17341,16637,16642,2.25,0.25,9.6
17342,16639,15566,9.25,1.583,42.5
17343,16647,5862,2.0,0.0,13.5
17344,16649,15376,1.5,0.5,7.3
17345,16651,37238,3.25,0.917,19.3
17346,16661,16658,1.047,0.045,13.8
17347,16663,33308,4.0,0.0,26.9
17348,16663,12126,3.0,0.0,18.3
17349,16665,16662,1.5,0.333,4.8
17350,16669,16664,3.0,0.0,14.3
17351,16679,14888,1.7,0.233,9.6
17352,16679,36486,2.333,0.25,15.2
17353,16681,16678,1.25,0.214,10.5
17354,16685,37220,2.091,0.491,7.6
17355,16687,16684,4.867,0.695,33.3
17356,16687,10352,1.25,0.386,5.9
17357,16687,38556,5.0,0.0,1.3
17358,16689,16686,2.176,0.15,14.9
17359,16689,37218,2.667,1.333,15.2
17360,16689,38558,1.5,0.5,4.7
17361,16693,16690,2.111,0.212,14.6
17362,16697,16694,1.809,0.248,14.3
17363,16697,8276,3.5,12.5,3.0
17364,16699,16696,1.071,0.066,13.0
17365,16701,16698,1.096,0.088,13.7
17366,16705,16702,1.121,0.108,13.7
17367,16713,30472,1.667,0.333,8.7
17368,16715,16712,3.5,0.5,16.4
17369,16721,16714,3.0,0.0,14.2
17370,16725,16712,3.0,0.0,16.2
17371,16741,16738,1.333,0.231,10.3
17372,16747,19888,2.0,0.286,16.6
17373,16747,16778,4.769,1.235,39.8
17374,16747,16808,2.286,0.905,14.5
17375,16755,16752,1.038,0.038,12.8
17376,16759,38708,2.75,0.917,14.1
17377,16761,16758,3.0,0.0,14.4
17378,16763,16760,2.25,0.25,14.4
17379,16775,9752,1.41,0.248,18.4
17380,16797,38686,2.0,0.0,4.7
17381,16799,16796,5.0,0.0,19.4
17382,16809,16734,6.25,0.786,56.8
17383,16813,31016,2.333,0.264,11.1
17384,16815,16812,2.833,0.33,13.6
17385,16827,16290,2.0,0.0,9.6
17386,16829,16826,3.0,0.0,14.4
17387,16831,16826,2.0,0.0,9.1
17388,16831,38724,2.0,0.0,4.7
17389,16835,16830,1.667,0.333,9.1
17390,16835,38726,3.0,0.0,13.3
17391,16839,16836,2.0,0.0,14.4
17392,16841,16838,2.5,0.5,18.8
17393,16843,16840,1.5,0.333,11.9
17394,16845,16842,1.265,0.201,9.8
17395,16849,26234,2.0,0.0,7.8
17396,16863,30090,2.0,0.0,10.9
17397,16865,16862,1.667,0.333,7.4
17398,16867,12728,3.267,0.352,14.4
17399,16869,16866,2.5,0.3,11.8
17400,16871,6212,2.0,0.0,9.8
17401,16871,39266,3.0,0.0,14.7
17402,16877,38770,2.0,0.0,4.7
17403,16889,38782,1.5,0.5,4.7
17404,16891,37260,1.833,0.167,7.6
17405,16893,16890,3.0,0.667,14.4
17406,16895,16892,4.0,7.0,14.4
17407,16901,38800,1.231,0.318,14.4
17408,16905,5724,1.667,0.25,23.8
17409,16905,35958,3.889,47.111,5.0
17410,16909,16906,2.667,0.333,13.2
17411,16909,38818,3.333,0.333,14.8
17412,16909,38816,2.0,0.0,4.7
17413,16911,38816,3.0,0.0,13.2
17414,16925,38832,2.0,1.0,4.7
17415,16927,15972,3.39,1.214,33.2
17416,16927,15970,6.0,6.5,12.1
17417,16931,3260,3.0,1.0,8.8
17418,16937,23410,1.818,0.364,9.0
17419,16937,16934,3.0,0.0,11.8
17420,16939,19720,2.333,0.333,16.1
17421,16939,114,3.0,0.0,21.2
17422,16941,7466,2.5,0.5,11.7
17423,16941,28022,3.0,0.0,16.8
17424,16945,12160,2.217,0.231,29.6
17425,16947,2846,1.559,0.25,20.0
17426,16949,6524,2.0,0.0,14.3
17427,16949,38854,2.0,0.0,4.7
17428,16957,16954,1.481,0.255,19.6
17429,16957,8662,4.5,24.5,3.9
17430,16959,16956,1.061,0.059,13.4
17431,16959,25228,2.5,3.0,4.1
17432,16961,16958,1.04,0.039,13.2
17433,16963,13128,7.053,131.83,15.2
17434,16965,16490,2.333,0.333,13.4
17435,16967,38918,2.3,0.233,12.6
17436,16967,38904,3.5,0.3,21.6
17437,16973,17290,3.5,2.561,18.6
17438,16975,3386,1.8,0.7,9.1
17439,16977,16974,3.75,0.917,16.5
17440,16979,16976,2.25,0.25,10.4
17441,16981,39820,4.676,0.468,20.9
17442,16987,5142,1.261,0.197,15.9
17443,16989,16990,1.026,0.026,7.9
17444,16991,23734,1.5,0.5,9.7
17445,16991,22578,3.654,0.466,20.7
17446,16993,17016,2.5,0.5,14.3
17447,16999,16996,3.5,0.5,22.9
17448,17001,16998,2.0,0.0,14.3
17449,17003,17016,2.0,0.25,18.1
17450,17005,17002,1.333,0.267,15.4
17451,17007,2600,2.0,0.0,14.6
17452,17009,17006,1.5,0.5,10.5
17453,17011,17008,2.0,0.0,14.5
17454,17015,2600,2.0,0.154,14.8
17455,17031,26386,2.0,0.0,11.4
17456,17031,17028,1.286,0.238,18.0
17457,17035,17032,1.067,0.067,13.4
17458,17037,10752,1.667,0.333,7.7
17459,17041,21364,3.246,0.9,34.6
17460,17041,6582,8.0,43.0,10.6
17461,17043,17040,1.657,9.407,17.5
17462,17053,12770,2.0,0.0,11.8
17463,17053,34084,4.0,0.0,21.8
17464,17055,17052,1.5,0.3,9.8
17465,17057,17054,2.0,0.0,13.3
17466,17059,17056,1.5,0.5,10.4
17467,17061,34912,3.0,0.0,20.9
17468,17067,5394,1.093,0.086,15.3
17469,17129,17140,4.0,0.0,14.7
17470,17141,9436,2.0,0.0,5.2
17471,17153,10388,1.297,0.215,17.3
17472,17169,39138,2.5,0.5,12.7
17473,17171,24338,1.5,0.5,9.2
17474,17177,5620,1.01,0.01,9.6
17475,17177,25014,1.333,1.0,2.6
17476,17179,24972,1.875,0.411,8.8
17477,17181,4686,4.667,4.333,13.5
17478,17187,17188,1.773,33.313,8.4
17479,17189,39182,2.4,0.358,11.8
17480,17189,39172,3.754,0.277,18.0
17481,17191,17186,1.026,0.026,10.6
17482,17195,35974,3.0,0.0,9.2
17483,17195,37848,5.0,0.0,31.5
17484,17195,30740,4.5,0.636,30.6
17485,17199,17738,3.0,0.0,2.5
17486,17201,35888,2.0,0.0,20.1
17487,17201,4496,1.369,0.235,21.2
17488,17203,12924,3.667,1.333,13.0
17489,17205,2170,1.143,0.124,14.0
17490,17207,16554,2.333,0.333,13.6
17491,17207,16546,2.0,0.0,13.1
17492,17209,39200,3.0,0.0,13.5
17493,17211,38064,4.125,2.383,14.4
17494,17213,5524,2.083,0.083,14.3
17495,17215,25980,2.0,0.0,9.2
17496,17219,37488,5.333,1.333,22.7
17497,17221,26146,2.0,0.0,11.6
17498,17223,39226,2.2,0.2,9.8
17499,17225,39224,1.5,0.5,4.7
17500,17229,13606,1.333,0.333,5.0
17501,17233,18268,1.595,0.251,22.1
17502,17235,17232,1.764,0.182,7.6
17503,17235,5912,2.345,0.595,18.6
17504,17237,17234,1.762,0.494,13.1
17505,17237,5036,3.833,18.282,3.7
17506,17239,6128,1.143,0.143,5.0
17507,17239,17236,1.468,0.42,13.4
17508,17241,17238,1.198,0.285,9.4
17509,17243,17240,1.207,0.198,13.4
17510,17245,17242,1.033,0.042,10.4
17511,17251,26582,2.5,0.333,13.2
17512,17257,2922,3.14,0.283,23.4
17513,17257,23994,2.44,8.923,6.3
17514,17257,6382,10.0,0.0,2.8
17515,17259,17260,2.5,1.0,14.4
17516,17261,3764,2.909,0.091,13.7
17517,17263,2974,2.667,0.267,12.4
17518,17265,11856,1.717,0.222,28.0
17519,17267,17268,1.107,0.096,16.3
17520,17271,24394,1.167,0.167,7.5
17521,17271,17272,3.271,32.287,3.0
17522,17273,4490,2.67,0.962,24.4
17523,17275,4312,3.0,0.0,11.7
17524,17277,17274,1.5,0.5,5.4
17525,17279,6080,2.0,0.0,9.2
17526,17279,5590,3.0,0.0,14.4
17527,17281,7184,3.0,0.0,14.0
17528,17281,27738,3.0,0.0,19.2
17529,17287,2516,2.0,0.0,11.8
17530,17287,14118,1.05,0.049,9.5
17531,17289,39328,1.021,0.041,4.1
17532,17291,17288,2.297,0.261,16.7
17533,17293,19142,2.563,0.758,21.9
17534,17297,28604,3.0,0.0,14.0
17535,17299,8418,2.0,0.0,10.2
17536,17301,39348,1.667,0.267,4.7
17537,17303,8420,2.0,0.0,9.0
17538,17309,17304,3.0,0.0,14.2
17539,17311,17318,2.25,0.333,9.5
17540,17311,21952,4.226,39.381,3.0
17541,17313,31992,3.0,1.111,7.2
17542,17313,17310,1.942,2.212,6.7
17543,17317,17314,1.296,1.42,3.5
17544,17321,39370,1.25,0.25,4.7
17545,17323,39372,1.75,0.5,4.7
17546,17337,10930,2.0,0.0,14.5
17547,17341,18476,2.0,0.0,12.5
17548,17343,19548,2.167,0.167,15.6
17549,17345,39406,2.6,0.267,13.7
17550,17345,39400,2.444,6.278,6.2
17551,17347,7314,2.0,0.0,12.9
17552,17363,24672,2.667,0.333,14.1
17553,17365,8080,3.75,0.25,14.2
17554,17369,33576,2.25,0.25,12.8
17555,17371,30744,2.0,0.0,9.1
17556,17373,17370,4.0,0.0,14.4
17557,17377,17370,3.0,0.0,11.6
17558,17379,8078,3.5,0.5,13.0
17559,17381,9344,1.571,0.619,7.6
17560,17383,8520,6.0,1.0,40.2
17561,17385,17382,2.333,0.333,15.1
17562,17395,7072,2.2,0.2,8.4
17563,17399,17394,1.75,0.25,10.4
17564,17407,39496,2.0,0.0,4.7
17565,17411,138,1.5,0.5,8.2
17566,17411,19802,3.0,0.0,12.8
17567,17413,17410,2.0,0.0,9.1
17568,17423,10782,2.333,0.333,13.0
17569,17427,32932,3.0,0.0,17.0
17570,17445,39504,1.5,0.5,9.0
17571,17445,17412,3.0,2.0,13.8
17572,17447,17444,1.333,0.333,5.6
17573,17447,39534,2.0,0.0,4.7
17574,17455,1322,1.167,0.167,5.3
17575,17457,39832,4.0,0.0,17.1
17576,17459,41072,2.0,0.0,8.3
17577,17461,17458,2.0,0.0,11.4
17578,17463,17460,3.0,0.0,14.8
17579,17471,39560,1.4,0.267,4.7
17580,17483,39578,2.0,0.0,4.7
17581,17495,27168,2.0,0.0,7.8
17582,17495,6654,3.5,4.5,13.2
17583,17497,4620,3.5,0.5,13.6
17584,17505,4648,2.0,0.0,9.7
17585,17511,17508,4.0,0.0,14.4
17586,17513,29266,3.0,0.0,14.0
17587,17519,36166,4.0,0.0,15.6
17588,17521,17518,4.0,0.0,14.4
17589,17525,9966,1.6,0.267,8.5
17590,17525,30808,2.333,0.333,15.8
17591,17527,17524,1.5,0.722,5.0
17592,17529,17526,3.125,0.411,14.5
17593,17533,17526,2.0,0.0,9.0
17594,17535,30810,3.0,0.0,10.6
17595,17535,9968,3.2,0.2,18.5
17596,17537,17534,1.4,0.3,5.1
17597,17545,19938,2.0,0.0,13.3
17598,17557,39652,1.5,0.265,4.7
17599,17565,26488,3.0,0.0,16.0
17600,17567,7786,2.0,0.0,12.6
17601,17569,7796,1.4,0.3,7.7
17602,17571,17568,3.0,0.0,14.4
17603,17573,17568,3.0,0.0,14.2
17604,17593,10072,3.0,0.0,12.8
17605,17595,39690,3.0,0.0,4.7
17606,17601,17602,2.0,0.0,9.0
17607,17603,10070,2.0,0.0,12.6
17608,17605,5346,2.0,0.0,13.1
17609,17621,6550,2.0,0.0,12.6
17610,17625,6548,2.0,0.0,12.6
17611,17629,6552,2.0,0.0,12.6
17612,17631,17628,3.0,0.0,14.4
17613,17643,29534,2.4,0.3,7.5
17614,17643,8910,4.0,0.0,21.9
17615,17657,39762,2.0,0.0,4.7
17616,17669,26602,1.5,0.5,7.7
17617,17679,39786,1.5,0.5,4.7
17618,17683,11312,2.444,0.278,16.3
17619,17693,7210,1.5,0.5,8.8
17620,17695,17692,1.5,0.5,8.2
17621,17701,37312,2.0,0.0,9.1
17622,17705,3374,2.333,0.333,11.0
17623,17705,23538,3.0,0.0,14.1
17624,17715,38940,4.032,0.299,19.2
17625,17717,17714,4.0,0.323,19.3
17626,17719,17716,3.219,0.176,15.1
17627,17719,39824,1.417,0.265,4.7
17628,17725,28260,1.4,0.3,7.8
17629,17733,13858,2.0,0.0,12.6
17630,17741,29492,1.25,0.25,7.5
17631,17743,13916,4.5,0.5,31.1
17632,17755,5956,3.0,0.0,17.0
17633,17759,8498,2.0,0.0,13.8
17634,17761,8760,2.0,0.0,12.7
17635,17763,17760,3.0,0.0,14.4
17636,17767,30380,1.333,0.333,7.5
17637,17773,13598,2.0,0.0,7.5
17638,17775,39882,1.6,0.8,4.7
17639,17777,17774,3.364,0.455,13.8
17640,17779,17776,3.286,0.238,14.2
17641,17779,39886,1.375,0.268,4.7
17642,17781,39886,3.5,0.5,14.2
17643,17793,6554,2.429,0.286,12.7
17644,17805,7756,1.667,0.333,8.0
17645,17813,17810,3.0,0.0,15.7
17646,17825,21926,3.0,0.0,13.5
17647,17839,15532,4.0,2.0,20.1
17648,17839,33392,2.9,0.322,17.4
17649,17849,15226,2.5,0.3,15.2
17650,17849,36852,3.0,0.0,19.8
17651,17851,23728,2.0,0.0,10.3
17652,17867,32476,2.0,0.0,14.7
17653,17869,39420,1.25,0.25,8.7
17654,17877,14306,2.0,0.0,12.9
17655,17881,2584,2.0,0.0,12.6
17656,17885,592,1.132,0.115,22.8
17657,17893,40046,1.333,0.333,4.7
17658,17899,17896,3.0,0.0,14.7
17659,17901,40064,2.0,0.0,9.1
17660,17901,17898,3.0,0.0,14.7
17661,17903,17900,3.5,0.5,14.7
17662,17905,17902,3.5,0.5,15.0
17663,17907,40058,4.0,0.0,15.8
17664,17909,40056,3.0,0.0,15.4
17665,17911,40054,3.0,0.0,15.3
17666,17919,17718,4.5,0.818,18.5
17667,17921,17918,2.5,0.278,10.1
17668,17923,17920,3.3,0.678,15.2
17669,17927,40082,3.182,0.764,15.1
17670,17929,17924,2.0,0.0,9.2
17671,17929,40082,2.0,0.0,4.7
17672,17965,17962,6.0,0.0,14.4
17673,17967,17964,9.667,4.333,21.4
17674,17967,17972,8.0,0.0,15.0
17675,17967,40124,2.0,0.0,5.0
17676,17969,17966,2.333,0.267,5.0
17677,17971,17968,3.833,0.167,12.1
17678,17973,40130,3.0,0.0,4.7
17679,17977,40134,2.0,0.0,4.7
17680,17983,22280,2.0,0.0,12.6
17681,17993,40148,3.0,0.0,16.5
17682,17995,17996,2.0,0.0,10.7
17683,17997,17986,2.0,0.0,10.9
17684,18001,26294,2.0,0.0,12.6
17685,18003,8462,3.0,0.0,16.4
17686,18007,25396,2.333,0.333,14.3
17687,18011,264,12.879,308.147,18.7
17688,18017,18014,1.133,0.13,13.1
17689,18017,8948,5.0,48.4,3.4
17690,18019,18020,1.007,0.007,11.6
17691,18021,18016,1.092,0.084,13.2
17692,18023,12282,2.538,0.269,20.6
17693,18023,29954,1.333,0.333,7.9
17694,18025,40718,1.5,0.5,8.0
17695,18033,15370,3.3,0.678,24.8
17696,18033,40200,7.0,0.0,30.0
17697,18035,15370,4.44,1.34,38.6
17698,18037,18034,1.4,0.5,12.7
17699,18039,18036,1.2,0.171,10.4
17700,18041,18038,1.267,0.21,10.6
17701,18045,12020,3.071,0.687,15.6
17702,18045,20836,4.65,1.503,28.1
17703,18047,18048,9.739,471.919,8.2
17704,18049,12012,5.176,1.991,48.0
17705,18049,20982,2.0,0.667,8.9
17706,18051,35532,1.217,0.178,5.5
17707,18051,12016,5.164,1.048,46.1
17708,18051,35536,6.0,0.0,36.5
17709,18053,26190,5.0,0.0,31.7
17710,18053,26186,3.0,0.0,18.7
17711,18139,40310,2.0,0.0,4.7
17712,18145,33010,2.0,0.0,10.4
17713,18149,18150,1.143,0.132,8.6
17714,18151,11854,3.786,0.181,17.8
17715,18159,6536,2.0,0.0,12.8
17716,18161,18158,2.0,0.0,11.6
17717,18165,18162,2.0,0.0,11.2
17718,18165,40336,1.5,0.5,4.7
17719,18167,18164,1.5,0.333,7.0
17720,18167,40328,3.5,0.5,12.0
17721,18171,18156,3.0,0.0,13.6
17722,18177,40344,3.0,0.0,14.1
17723,18179,6556,2.0,0.0,8.5
17724,18179,6540,3.0,0.0,14.8
17725,18209,40380,1.25,0.205,4.7
17726,18211,11314,2.556,0.278,16.5
17727,18213,32406,1.5,0.278,8.0
17728,18213,11346,2.0,0.0,13.4
17729,18215,11306,2.6,0.267,14.9
17730,18217,11308,1.4,0.3,7.9
17731,18219,11310,2.7,0.233,12.9
17732,18237,4016,2.0,0.0,9.0
17733,18241,4012,2.0,0.0,8.1
17734,18241,40412,2.0,0.0,4.7
17735,18243,24266,2.0,0.0,9.4
17736,18245,18242,3.0,0.0,14.6
17737,18245,24268,3.0,0.0,13.4
17738,18247,18244,3.0,0.0,14.0
17739,18247,40422,3.0,0.8,12.9
17740,18249,40418,1.6,0.3,7.8
17741,18251,18248,2.6,0.3,12.9
17742,18253,18250,4.0,0.0,14.0
17743,18255,18252,3.0,0.0,14.6
17744,18259,23936,3.0,0.0,15.2
17745,18261,36276,1.333,0.333,12.7
17746,18267,10764,1.192,0.497,13.9
17747,18269,18266,1.082,0.075,13.4
17748,18273,21186,3.0,0.0,14.2
17749,18275,29008,1.4,0.3,8.3
17750,18277,3938,2.0,0.0,9.0
17751,18277,40466,2.0,0.0,4.7
17752,18293,33160,3.0,0.0,23.1
17753,18301,18304,3.5,0.5,14.2
17754,18323,14112,1.5,0.5,7.5
17755,18329,9744,1.6,0.3,10.2
17756,18331,18328,3.0,1.0,14.4
17757,18333,18330,3.0,0.0,13.8
17758,18359,40552,2.714,0.238,11.8
17759,18361,10550,3.0,0.0,16.5
17760,18363,18360,2.0,0.0,11.9
17761,18363,40552,1.571,0.286,4.7
17762,18367,30468,2.0,0.0,7.5
17763,18385,12902,2.5,0.5,12.5
17764,18387,18384,2.5,0.5,12.9
17765,18391,7228,2.6,0.3,16.8
17766,18393,18390,3.0,0.0,15.9
17767,18405,40594,1.5,0.5,4.7
17768,18407,13688,1.5,0.333,9.0
17769,18415,36386,2.0,0.0,9.0
17770,18415,40604,1.5,0.5,4.7
17771,18419,18414,1.5,0.5,8.2
17772,18445,1252,3.0,0.0,13.1
17773,18445,10708,3.176,0.279,15.1
17774,18451,1254,3.417,0.341,16.3
17775,18457,18454,4.0,0.0,14.6
17776,18459,18456,4.0,0.0,15.4
17777,18461,18458,3.0,0.0,14.4
17778,18465,1248,3.0,0.0,14.4
17779,18467,18474,1.333,0.333,8.4
17780,18469,40658,2.0,0.0,1.4
17781,18477,17342,2.75,0.25,14.7
17782,18479,1462,7.0,0.0,48.1
17783,18479,36402,4.5,0.5,34.6
17784,18479,40792,4.357,0.63,46.8
17785,18481,18478,1.124,0.306,4.7
17786,18483,18480,2.457,69.041,11.2
17787,18487,18482,2.24,0.51,21.9
17788,18493,21446,2.5,0.5,17.1
17789,18505,40708,2.0,0.0,9.3
17790,18507,8768,3.0,0.667,12.0
17791,18521,18524,3.2,0.2,14.1
17792,18523,40186,2.6,0.257,13.6
17793,18525,18522,1.769,0.359,6.0
17794,18527,18524,2.143,0.143,10.5
17795,18529,21744,2.2,0.2,12.7
17796,18533,25044,2.0,0.0,12.7
17797,18543,40754,2.0,0.0,9.1
17798,18545,16516,1.111,0.111,7.2
17799,18547,18544,2.333,0.333,15.7
17800,18555,18538,3.0,0.0,13.8
17801,18557,18554,3.0,0.0,14.1
17802,18559,18556,3.0,0.0,14.5
17803,18561,1884,2.0,0.0,8.0
17804,18563,38968,3.0,0.0,13.9
17805,18571,5804,2.0,0.0,12.6
17806,18583,1222,4.0,0.0,27.6
17807,18589,10884,3.0,0.0,14.8
17808,18591,7540,2.0,0.0,7.6
17809,18591,28100,2.333,0.333,12.8
17810,18593,36300,2.0,0.0,9.8
17811,18603,18600,3.0,0.0,14.4
17812,18611,39184,2.0,0.0,8.8
17813,18615,40826,6.5,0.5,14.2
17814,18619,40826,2.0,0.0,4.7
17815,18623,8772,3.0,0.0,12.6
17816,18633,632,1.766,0.547,14.6
17817,18635,18632,1.031,0.031,6.7
17818,18643,18646,3.0,0.0,14.2
17819,18645,26422,1.667,0.333,7.6
17820,18647,18644,2.667,0.333,14.4
17821,18655,5794,2.0,0.0,7.6
17822,18657,4,2.333,0.333,9.0
17823,18675,17194,2.0,0.0,12.6
17824,18683,40904,3.0,0.0,14.4
17825,18685,35898,2.0,0.0,12.8
17826,18687,18684,3.0,0.0,14.4
17827,18689,18686,2.0,0.0,9.3
17828,18699,29308,2.0,0.0,7.5
17829,18705,5424,2.0,0.0,16.4
17830,18707,18704,2.0,0.0,9.2
17831,18707,40918,3.25,0.25,14.3
17832,18711,33014,2.0,0.0,9.8
17833,18717,18718,2.333,0.267,9.0
17834,18719,4032,2.0,0.0,13.9
17835,18719,24290,3.0,0.5,15.9
17836,18721,18718,3.0,0.0,14.4
17837,18727,18730,2.0,0.0,9.0
17838,18737,40944,3.0,0.0,13.6
17839,18739,18728,3.0,0.0,14.0
17840,18741,18726,1.5,0.5,9.0
17841,18741,18738,2.0,0.0,13.4
17842,18755,11470,1.75,0.25,9.4
17843,18755,7128,2.0,0.0,15.0
17844,18757,18754,2.0,0.0,12.6
17845,18761,18758,2.0,0.0,10.2
17846,18763,40978,1.667,0.333,4.7
17847,18769,18770,1.5,0.5,10.2
17848,18769,40984,2.0,0.0,4.7
17849,18775,29268,3.5,0.5,15.3
17850,18779,18782,2.667,0.333,9.1
17851,18783,29274,1.2,0.2,7.9
17852,18787,41008,3.0,0.0,13.6
17853,18793,18790,2.0,0.0,8.7
17854,18793,41008,2.0,0.0,4.7
17855,18795,18792,2.0,0.0,8.9
17856,18801,18814,2.0,0.667,7.6
17857,18803,18800,2.25,0.25,10.5
17858,18805,18802,2.0,0.0,10.6
17859,18807,18786,3.0,0.0,11.0
17860,18809,7830,1.636,0.255,7.8
17861,18811,18808,3.286,0.238,13.9
17862,18813,18810,3.143,0.143,13.9
17863,18815,18812,3.143,0.143,14.4
17864,18817,18814,3.0,0.0,14.2
17865,18823,19288,2.0,0.0,9.0
17866,18829,36272,3.0,0.0,13.4
17867,18833,16320,2.667,0.333,14.0
17868,18841,7192,4.0,0.0,18.6
17869,18857,17456,2.0,0.0,9.0
17870,18857,39548,3.0,0.0,12.2
17871,18861,10970,4.0,0.0,9.1
17872,18875,13950,1.333,0.333,7.9
17873,18877,29916,2.0,0.0,11.0
17874,18879,41102,3.0,0.0,14.6
17875,18881,41104,2.0,0.0,15.7
17876,18889,41096,2.286,0.238,12.4
17877,18891,18888,3.0,0.0,15.2
17878,18895,14478,5.0,0.0,23.0
17879,18923,15534,2.0,0.0,14.2
17880,18925,18922,3.0,0.0,14.4
17881,18929,39296,3.0,0.0,16.4
17882,18943,18950,3.0,0.0,15.2
17883,18943,41168,3.667,0.333,15.0
17884,18963,36312,2.0,0.0,7.5
17885,18965,32886,1.5,0.5,7.6
17886,18967,29582,2.0,0.0,16.5
17887,18975,41184,2.0,0.0,13.9
17888,18977,14490,3.0,0.0,13.9
17889,18989,18990,2.0,0.0,9.6
17890,18991,11496,2.0,0.0,10.2
17891,18993,18990,3.0,0.0,14.9
17892,19003,19010,2.0,0.0,9.3
17893,19007,19004,3.5,0.5,14.4
17894,19011,28494,2.579,0.368,9.2
17895,19013,9492,1.394,0.246,10.4
17896,19015,31220,1.667,0.333,6.7
17897,19015,37768,1.8,0.7,4.7
17898,19017,37768,2.0,0.0,12.6
17899,19017,31220,1.889,0.361,4.7
17900,19021,12634,2.5,0.5,8.8
17901,19021,28484,2.0,5.0,4.0
17902,19021,30212,2.5,4.5,1.4
17903,19023,19020,1.4,0.267,10.4
17904,19025,19022,1.5,0.278,10.1
17905,19027,19024,1.818,0.164,12.5
17906,19027,30220,2.0,0.75,13.6
17907,19027,41232,2.0,0.0,4.7
17908,19029,19026,2.059,0.184,14.1
17909,19031,19028,1.789,0.175,10.9
17910,19033,19030,1.684,0.339,11.2
17911,19035,19032,2.0,0.222,13.1
17912,19039,11118,2.6,0.3,20.9
17913,19045,2484,2.067,0.067,15.2
17914,19047,19044,2.143,0.143,14.3
17915,19049,19046,2.2,0.2,14.7
17916,19057,11124,2.0,0.0,19.9
17917,19065,19062,2.0,0.0,14.9
17918,19079,35934,3.0,1.0,14.7
17919,19081,14430,1.9,0.1,10.6
17920,19087,19084,2.0,0.0,10.4
17921,19091,28998,2.0,0.0,7.6
17922,19095,8390,2.0,0.0,7.1
17923,19095,29006,2.0,0.0,12.2
17924,19097,19094,3.667,0.267,17.1
17925,19099,19096,3.333,0.333,14.4
17926,19103,19098,3.0,0.0,14.2
17927,19105,41332,3.0,0.0,14.5
17928,19109,41318,3.0,0.0,12.2
17929,19111,19108,3.0,0.0,11.9
17930,19115,41322,2.0,0.0,9.0
17931,19115,19106,3.0,0.0,14.8
17932,19117,41334,2.0,0.0,4.7
17933,19119,19114,3.333,0.333,14.6
17934,19119,41336,2.0,0.0,4.7
17935,19143,19144,1.563,0.288,19.4
17936,19145,19140,1.019,0.019,9.2
17937,19155,41384,2.0,0.0,9.0
17938,19159,31440,2.0,0.0,9.1
17939,19159,19156,3.0,0.0,14.4
17940,19159,10510,3.0,0.4,14.2
17941,19159,41382,2.0,0.0,4.7
17942,19167,15936,1.025,0.025,13.6
17943,19169,19166,1.098,0.09,13.1
17944,19171,19168,1.027,0.027,12.3
17945,19173,19170,1.056,0.054,11.8
17946,19175,19172,1.051,0.05,13.4
17947,19177,13612,1.36,10.119,10.2
17948,19181,41416,9.0,0.0,9.3
17949,19181,19184,16.0,0.0,14.9
17950,19185,19182,13.0,0.0,13.2
17951,19185,19188,14.5,0.5,14.5
17952,19187,33918,2.0,0.0,9.4
17953,19189,30836,2.0,0.0,9.0
17954,19189,9994,4.0,0.0,20.2
17955,19195,11122,2.333,0.333,17.0
17956,19197,11216,3.667,0.333,14.5
17957,19199,11774,1.5,0.7,14.4
17958,19201,11952,2.5,0.5,14.5
17959,19203,38224,2.0,0.0,12.5
17960,19205,41438,2.0,0.0,9.3
17961,19217,19218,2.5,0.5,11.3
17962,19219,41454,4.5,4.5,21.1
17963,19225,19334,2.5,0.5,14.2
17964,19243,30518,3.0,0.0,14.3
17965,19267,11396,3.25,0.25,15.7
17966,19269,7656,3.571,0.571,26.9
17967,19271,19280,2.0,0.0,9.5
17968,19271,19268,1.722,0.212,11.1
17969,19273,41500,1.5,0.333,7.9
17970,19273,19270,1.222,0.183,9.5
17971,19275,19266,3.0,0.0,14.9
17972,19277,19274,2.0,0.0,11.3
17973,19279,19276,3.0,0.0,13.4
17974,19281,19278,2.0,0.0,10.3
17975,19285,17264,2.602,1.96,28.7
17976,19285,20318,3.752,9.444,16.2
17977,19287,19284,1.045,0.133,8.2
17978,19289,7206,2.0,0.0,10.4
17979,19291,19288,2.5,0.5,14.4
17980,19295,41924,2.0,0.0,12.7
17981,19299,41476,1.5,0.5,8.6
17982,19301,3440,1.8,0.2,9.7
17983,19303,19300,1.25,0.25,5.3
17984,19311,19320,2.0,0.0,9.2
17985,19311,41552,2.0,0.0,4.7
17986,19313,19330,4.333,0.333,18.6
17987,19319,41560,2.0,0.0,4.7
17988,19321,23750,2.0,0.0,9.0
17989,19331,28660,2.0,0.0,10.1
17990,19331,8062,3.0,0.0,21.1
17991,19333,19324,2.0,0.0,8.9
17992,19335,30526,1.833,0.167,9.0
17993,19337,19334,3.0,2.0,14.4
17994,19339,19336,4.0,0.0,14.4
17995,19341,19338,4.0,0.0,14.4
17996,19345,5728,1.77,0.179,22.3
17997,19347,41602,3.0,0.0,14.6
17998,19355,41592,2.0,0.0,8.6
17999,19357,41606,2.0,0.0,9.0
18000,19357,19354,2.5,0.333,14.4
18001,19357,41604,2.0,0.0,4.7
18002,19407,19424,1.4,0.3,11.2
18003,19409,19406,1.714,0.238,15.6
18004,19421,19418,1.5,0.5,10.4
18005,19425,19422,2.0,0.0,11.4
18006,19427,14822,5.0,0.0,19.9
18007,19429,19426,3.0,0.0,14.4
18008,19431,19428,2.0,0.0,8.3
18009,19433,19430,4.0,0.0,14.6
18010,19439,37228,1.444,0.252,6.8
18011,19439,12782,3.342,0.765,33.4
18012,19439,35692,11.0,200.0,8.7
18013,19441,19458,1.223,0.174,13.6
18014,19445,19442,1.5,0.419,13.7
18015,19447,19444,1.29,0.223,8.0
18016,19447,31898,4.0,0.0,2.6
18017,19449,19438,1.186,0.153,7.1
18018,19453,19450,1.035,0.034,12.9
18019,19455,19452,1.946,0.136,24.2
18020,19455,14520,5.5,40.5,8.7
18021,19457,19454,1.681,0.231,22.5
18022,19459,19456,1.136,0.118,14.3
18023,19459,8802,6.0,50.0,4.0
18024,19463,19492,3.5,0.5,15.4
18025,19463,41722,2.0,0.0,4.7
18026,19469,546,2.333,0.267,10.5
18027,19473,19470,3.25,0.25,12.9
18028,19473,34104,2.5,0.333,14.2
18029,19473,41732,1.667,0.333,4.7
18030,19475,1992,2.0,0.0,9.2
18031,19485,41744,2.0,0.0,4.7
18032,19491,41754,2.667,0.424,12.8
18033,19493,19490,3.444,0.278,17.2
18034,19495,41750,2.8,0.2,13.5
18035,19497,19494,1.4,0.3,6.6
18036,19499,19496,1.167,0.167,5.1
18037,19501,12040,2.5,0.5,15.4
18038,19515,34264,2.4,0.3,14.6
18039,19515,41778,2.0,0.0,4.7
18040,19529,33344,1.138,0.123,6.5
18041,19535,11956,1.5,0.286,8.4
18042,19535,32144,2.0,0.25,13.6
18043,19539,37054,2.444,0.278,18.5
18044,19539,19536,1.5,0.5,12.8
18045,19551,23500,1.4,0.253,9.8
18046,19551,3600,2.5,0.5,11.8
18047,19553,24696,1.083,0.083,7.5
18048,19553,19550,1.2,0.178,9.9
18049,19555,31034,1.444,0.368,14.3
18050,19555,7896,7.8,79.2,22.1
18051,19557,41850,7.988,170.397,5.7
18052,19557,41848,2.923,35.389,5.1
18053,19561,19972,1.23,0.533,2.6
18054,19563,27528,2.0,0.0,9.3
18055,19565,41532,2.0,0.0,7.8
18056,19565,14334,1.045,0.045,11.4
18057,19567,35836,1.667,0.333,7.2
18058,19567,19564,1.042,0.042,9.6
18059,19569,29370,4.0,0.0,25.8
18060,19569,10604,3.0,0.0,20.7
18061,19571,39406,3.0,1.0,16.7
18062,19573,9208,2.069,0.067,12.6
18063,19573,11012,2.3,0.233,17.6
18064,19583,19584,3.0,0.0,14.4
18065,19583,40872,3.4,0.8,14.7
18066,19585,19586,3.0,0.0,14.4
18067,19585,18656,3.0,0.0,14.5
18068,19591,30658,3.667,0.333,26.8
18069,19593,19594,3.082,169.772,16.3
18070,19595,35560,3.141,1.107,29.6
18071,19595,19710,4.034,23.237,8.5
18072,19599,19600,3.0,0.0,14.4
18073,19601,24,2.0,0.0,4.7
18074,19605,15696,3.667,0.333,16.3
18075,19609,20302,3.0,0.0,12.7
18076,19615,42,4.25,0.25,29.4
18077,19619,19620,3.357,0.247,26.7
18078,19621,33620,1.071,0.071,7.8
18079,19621,44,1.5,0.5,4.7
18080,19623,46,2.0,0.0,4.7
18081,19625,12756,1.976,34.316,8.3
18082,19643,16118,3.0,0.0,14.2
18083,19647,9764,3.5,0.5,14.2
18084,19665,12102,3.0,0.4,13.3
18085,19669,2064,4.769,1.359,9.7
18086,19669,19670,232.0,0.0,13.0
18087,19671,33496,26.636,5102.255,10.1
18088,19671,28584,24.759,3664.118,14.5
18089,19675,19678,15.833,1115.767,12.0
18090,19677,25856,2.783,0.821,23.9
18091,19679,2916,2.194,0.333,10.2
18092,19679,20258,2.446,2.312,22.9
18093,19681,25896,10.099,37.518,54.3
18094,19683,25896,10.036,43.789,34.3
18095,19685,25856,4.98,0.96,49.1
18096,19687,19690,3.062,85.83,16.0
18097,19689,19696,3.816,1.058,35.4
18098,19691,19688,11.064,458.06,12.9
18099,19691,19680,8.656,384.113,13.5
18100,19693,19696,7.831,2.196,47.5
18101,19697,12238,2.636,0.37,32.7
18102,19699,19802,1.5,0.333,10.8
18103,19703,19704,1.009,0.009,15.6
18104,19707,19708,8.029,676.028,7.7
18105,19709,25858,4.294,0.691,17.6
18106,19709,28884,4.571,0.619,35.4
18107,19709,25818,4.333,0.267,28.0
18108,19711,22750,2.803,337.796,10.4
18109,19713,26200,1.524,0.256,18.7
18110,19715,26674,2.0,0.0,13.9
18111,19715,19716,1.068,0.075,11.8
18112,19717,35774,1.869,0.747,13.2
18113,19719,38844,2.579,0.368,15.9
18114,19719,19720,1.125,0.126,14.1
18115,19721,19722,1.071,0.084,11.0
18116,19721,2260,3.0,8.0,5.1
18117,19723,16936,2.0,0.0,13.0
18118,19723,19724,2.017,0.15,11.7
18119,19723,26828,4.0,3.0,22.9
18120,19723,32970,7.0,2.0,1.4
18121,19725,19726,1.638,0.233,14.7
18122,19731,7782,2.0,0.0,17.8
18123,19731,25408,2.18,0.232,26.5
18124,19731,23458,9.5,144.5,3.0
18125,19735,19736,2.0,0.0,9.0
18126,19743,142,1.5,0.3,4.7
18127,19747,19748,1.273,0.218,15.1
18128,19749,35846,1.5,0.3,9.4
18129,19753,25246,3.0,0.0,24.1
18130,19759,3676,1.3,0.221,8.7
18131,19761,22700,2.529,0.518,15.6
18132,19761,41686,1.444,0.278,8.0
18133,19765,32022,5.0,0.0,16.9
18134,19769,21920,2.5,0.5,10.3
18135,19771,20776,3.0,0.0,14.0
18136,19779,33168,2.0,0.0,10.4
18137,19783,19784,4.25,0.917,10.1
18138,19785,19786,7.0,1.0,14.5
18139,19787,12012,6.5,0.7,42.6
18140,19787,20982,8.0,0.0,50.5
18141,19787,40214,5.6,0.267,30.0
18142,19799,22026,1.5,0.5,8.6
18143,19799,19794,1.714,0.238,9.5
18144,19801,19700,3.6,0.267,27.8
18145,19803,19806,1.6,0.3,10.6
18146,19805,32022,1.4,0.3,8.5
18147,19807,39570,3.0,0.0,9.2
18148,19815,25586,3.176,0.147,40.0
18149,19819,5014,2.037,0.088,19.1
18150,19819,16870,11.333,100.333,5.6
18151,19819,39264,3.0,0.0,6.6
18152,19825,15504,3.5,0.7,17.5
18153,19827,31532,6.0,0.0,37.6
18154,19829,9236,12.0,128.0,22.3
18155,19831,36296,2.0,0.0,9.8
18156,19831,14142,5.0,0.0,15.0
18157,19833,19768,1.5,0.5,4.4
18158,19845,34634,1.005,0.005,9.5
18159,19849,19852,3.0,0.0,19.0
18160,19857,228,2.0,0.0,9.6
18161,19859,19860,3.2,0.178,14.2
18162,19859,226,2.75,0.25,14.3
18163,19859,228,1.625,0.554,4.7
18164,19861,230,1.5,0.3,4.7
18165,19863,19882,3.0,0.0,14.3
18166,19867,19868,3.0,0.0,15.3
18167,19869,19870,3.0,0.0,14.2
18168,19869,19884,3.0,0.0,14.1
18169,19879,250,1.667,0.333,4.7
18170,19883,254,1.667,0.333,4.7
18171,19887,258,1.5,0.5,4.7
18172,19889,34460,2.2,0.4,28.1
18173,19901,40170,1.651,0.228,18.8
18174,19903,21262,2.571,0.286,11.4
18175,19933,16330,1.25,0.25,4.7
18176,19937,19938,1.5,0.5,11.3
18177,19939,25784,1.6,0.3,10.3
18178,19951,19936,1.5,0.5,10.7
18179,19961,19962,2.0,0.0,14.8
18180,19965,306,2.0,0.0,17.1
18181,19969,32928,3.0,0.0,8.9
18182,19971,28572,2.545,0.493,28.9
18183,19973,19974,1.54,3.518,9.8
18184,19975,35616,1.905,7.05,13.6
18185,19975,19566,8.333,163.71,3.6
18186,19977,31532,5.502,3.198,45.9
18187,19979,1500,2.0,2.0,9.7
18188,19987,19988,1.625,0.268,10.4
18189,19989,19990,1.667,0.267,11.6
18190,19991,19992,2.25,0.25,16.1
18191,19993,19994,2.0,0.0,12.2
18192,20015,41654,3.0,0.0,11.6
18193,20019,378,2.0,0.0,4.7
18194,20027,386,2.0,0.0,4.7
18195,20035,30588,2.0,0.0,9.4
18196,20035,9830,2.0,0.0,4.7
18197,20061,25924,2.0,0.0,7.9
18198,20073,20034,2.0,0.0,14.3
18199,20073,20074,1.25,0.2,14.8
18200,20105,3462,2.5,0.5,15.0
18201,20107,466,2.0,0.0,7.0
18202,20109,22232,4.0,0.0,17.9
18203,20111,464,2.0,0.0,14.8
18204,20115,20116,3.0,0.0,15.0
18205,20115,470,2.0,0.0,4.7
18206,20121,23542,4.0,0.0,16.3
18207,20123,23542,1.4,0.3,7.3
18208,20127,480,1.5,0.5,4.7
18209,20129,23544,1.571,0.286,6.1
18210,20133,486,2.0,0.0,4.7
18211,20145,20146,1.021,0.021,10.0
18212,20145,20418,1.692,2.897,3.0
18213,20147,730,1.275,0.202,6.5
18214,20151,13448,3.875,0.125,22.3
18215,20153,506,1.273,0.218,4.7
18216,20157,22960,1.01,0.01,12.3
18217,20167,4538,2.0,0.0,9.0
18218,20167,512,2.0,0.0,4.7
18219,20175,20176,3.0,0.0,14.4
18220,20177,17848,3.4,0.3,16.7
18221,20185,20176,1.5,0.5,9.4
18222,20189,20714,3.0,0.0,13.7
18223,20193,24090,4.333,0.333,20.2
18224,20195,538,2.0,0.0,4.7
18225,20199,3858,3.0,0.0,14.2
18226,20203,41728,2.167,0.147,10.7
18227,20205,11222,3.0,0.0,17.5
18228,20209,19486,2.0,0.0,10.8
18229,20209,550,2.0,0.0,4.7
18230,20215,556,2.0,0.0,4.7
18231,20217,20804,4.0,0.0,18.2
18232,20219,7856,1.4,0.3,7.6
18233,20229,32476,1.5,0.5,13.4
18234,20229,39984,3.5,0.5,19.4
18235,20231,19044,2.625,0.554,16.4
18236,20237,578,2.0,0.0,4.7
18237,20241,30992,3.0,0.0,14.9
18238,20247,20248,2.0,0.857,7.9
18239,20249,12142,3.25,0.214,22.4
18240,20251,32116,1.5,0.5,8.6
18241,20255,20256,10.642,660.407,8.2
18242,20257,25824,5.212,117.128,28.6
18243,20257,23954,9.304,304.585,4.4
18244,20259,20260,3.623,125.772,8.2
18245,20261,28884,2.0,0.0,10.7
18246,20261,25818,3.439,0.867,34.4
18247,20261,25792,8.05,232.796,10.8
18248,20263,40026,1.115,0.102,22.6
18249,20265,40018,1.004,0.004,17.9
18250,20267,20268,1.04,0.04,11.9
18251,20271,40022,3.0,0.0,11.0
18252,20275,20276,1.393,0.544,9.8
18253,20277,39454,1.857,0.646,9.3
18254,20279,40014,1.577,0.494,6.9
18255,20287,600,5.0,0.0,10.1
18256,20293,610,1.8,0.2,4.7
18257,20303,37410,2.5,0.5,10.0
18258,20311,39284,1.026,0.026,7.8
18259,20313,20314,1.219,0.172,15.4
18260,20315,20316,1.056,0.053,11.5
18261,20317,12536,1.176,0.154,7.6
18262,20317,40848,1.15,0.128,14.4
18263,20319,39284,1.03,0.03,7.9
18264,20321,634,1.625,0.268,4.7
18265,20323,15506,2.0,0.0,8.8
18266,20325,36862,1.79,0.201,8.1
18267,20327,640,1.5,0.286,4.7
18268,20329,648,2.0,0.222,10.2
18269,20331,644,1.25,0.25,4.7
18270,20333,20340,1.75,0.25,9.0
18271,20333,650,2.0,0.0,14.4
18272,20335,654,2.5,0.3,11.8
18273,20335,642,3.167,0.333,13.5
18274,20335,648,2.0,0.0,4.7
18275,20339,20332,3.2,0.2,14.4
18276,20341,648,2.8,0.2,13.5
18277,20343,20344,2.909,0.273,14.4
18278,20345,20346,2.714,0.328,14.4
18279,20347,20324,2.933,0.267,14.5
18280,20351,20352,3.0,0.0,15.7
18281,20351,20328,4.0,0.0,16.1
18282,20351,664,2.0,0.0,4.7
18283,20353,20346,1.933,0.067,9.0
18284,20355,33820,2.25,0.205,9.3
18285,20357,20328,2.0,0.0,9.3
18286,20357,664,3.0,0.333,15.7
18287,20357,20352,1.429,0.286,4.7
18288,20367,20360,2.0,0.0,9.0
18289,20377,682,3.0,0.0,14.4
18290,20381,700,2.0,0.0,4.7
18291,20393,36478,1.025,0.025,10.0
18292,20403,20404,3.222,0.444,14.4
18293,20403,20414,3.0,0.4,14.5
18294,20403,722,1.5,0.5,4.7
18295,20405,20408,2.6,0.3,14.4
18296,20409,20410,2.786,0.489,14.4
18297,20411,20412,1.355,0.237,7.0
18298,20413,502,1.949,0.155,11.3
18299,20415,732,1.429,0.286,4.7
18300,20419,736,1.167,0.167,4.7
18301,20421,37714,2.888,1.153,24.9
18302,20421,32120,2.923,10.244,10.9
18303,20423,22538,3.333,1.067,17.8
18304,20423,20424,3.302,1.253,23.2
18305,20423,20428,3.562,4.396,11.9
18306,20427,27378,2.135,7.766,20.4
18307,20427,32770,7.558,113.356,20.6
18308,20433,24598,3.333,0.333,16.1
18309,20435,24390,2.0,0.0,8.7
18310,20437,25312,1.05,0.05,6.2
18311,20439,19714,1.132,0.115,12.7
18312,20439,35410,1.543,0.664,17.7
18313,20441,37016,1.324,0.346,10.2
18314,20443,37150,3.5,0.5,31.1
18315,20443,4974,2.847,0.131,35.0
18316,20445,37006,2.591,1.924,14.1
18317,20447,17250,1.58,0.271,20.0
18318,20449,35412,2.013,0.56,15.5
18319,20451,20452,1.244,0.216,14.5
18320,20453,31780,1.349,1.857,14.1
18321,20453,2256,1.25,0.25,4.1
18322,20455,37010,2.095,0.943,11.9
18323,20457,20458,1.512,0.704,8.4
18324,20459,20460,1.765,1.063,14.9
18325,20463,20464,2.0,0.206,25.8
18326,20465,20466,1.022,0.022,12.0
18327,20467,25412,3.82,0.733,41.1
18328,20467,25392,22.25,43.357,27.5
18329,20467,38998,5.5,24.5,9.5
18330,20469,20470,2.962,0.118,14.4
18331,20471,20472,2.955,0.141,14.4
18332,20471,20602,2.5,0.333,14.2
18333,20473,20474,2.8,0.168,14.4
18334,20473,20618,3.0,0.0,14.2
18335,20475,20476,2.857,0.286,14.4
18336,20475,20630,3.0,0.5,14.2
18337,20475,758,2.0,0.0,4.7
18338,20477,20478,2.667,0.238,14.4
18339,20477,20578,2.0,0.0,14.2
18340,20479,20480,3.222,0.194,14.4
18341,20479,20570,3.0,0.0,14.2
18342,20481,20482,2.857,0.476,14.4
18343,20481,20606,3.0,0.0,14.2
18344,20483,20484,3.0,0.0,14.4
18345,20485,20634,2.667,0.267,14.4
18346,20487,20612,3.0,0.0,14.3
18347,20487,768,1.5,0.5,4.7
18348,20491,20620,2.75,0.25,14.2
18349,20493,852,2.0,0.0,9.0
18350,20493,20494,3.0,0.0,14.4
18351,20493,20632,2.5,0.5,14.2
18352,20495,20496,2.0,0.0,14.4
18353,20495,20580,2.0,0.0,14.2
18354,20495,776,1.5,0.5,4.7
18355,20497,20498,3.0,0.0,14.4
18356,20499,20500,2.5,0.5,14.4
18357,20499,20608,2.75,0.25,14.2
18358,20501,800,2.0,0.0,9.0
18359,20501,20502,2.0,0.0,14.4
18360,20503,20634,2.5,0.333,14.2
18361,20505,20506,1.8,0.2,9.4
18362,20507,20510,2.0,0.0,10.3
18363,20509,20626,2.0,0.0,9.2
18364,20511,20512,2.0,0.0,9.4
18365,20513,20514,2.0,0.0,9.4
18366,20513,20640,2.0,0.0,7.8
18367,20515,794,2.0,0.0,9.0
18368,20533,20486,1.8,0.2,9.0
18369,20535,20536,2.889,0.361,14.4
18370,20537,20646,1.111,0.105,5.0
18371,20539,20540,2.667,0.333,14.4
18372,20541,830,2.0,0.0,9.0
18373,20541,20542,2.75,0.25,14.4
18374,20543,20544,2.5,0.333,14.4
18375,20545,20546,2.8,0.2,14.4
18376,20547,20548,3.143,0.143,14.4
18377,20549,20550,2.625,0.268,14.4
18378,20551,20552,3.0,0.0,14.4
18379,20553,802,2.0,0.0,9.0
18380,20553,20534,2.556,0.278,14.4
18381,20557,20468,2.222,0.179,11.3
18382,20557,20532,2.143,0.143,10.4
18383,20561,35498,2.2,0.2,9.4
18384,20569,10450,1.5,0.5,9.0
18385,20571,20498,2.0,0.0,9.0
18386,20575,20502,2.0,0.0,9.0
18387,20579,20496,2.0,0.0,9.0
18388,20581,20548,2.0,0.0,9.0
18389,20583,20584,3.0,0.0,14.4
18390,20585,31380,2.5,0.5,14.2
18391,20587,10440,2.0,0.0,8.1
18392,20587,20588,2.8,0.2,14.4
18393,20589,20506,1.5,0.5,7.8
18394,20593,31388,2.75,0.917,14.2
18395,20595,10458,2.0,0.0,9.0
18396,20601,10498,3.0,0.0,14.4
18397,20603,20490,1.5,0.333,9.1
18398,20607,20500,2.0,0.0,9.0
18399,20609,20552,2.0,0.0,9.0
18400,20613,20540,2.0,0.0,9.0
18401,20615,10456,1.667,0.333,9.0
18402,20619,20492,2.0,0.0,9.0
18403,20621,20544,1.4,0.3,9.0
18404,20629,31352,4.0,0.0,18.2
18405,20631,20494,2.0,0.0,9.0
18406,20633,20546,1.75,0.25,9.0
18407,20635,20536,1.7,0.456,9.0
18408,20639,31398,3.0,0.667,14.2
18409,20641,31368,2.0,0.0,9.0
18410,20647,31348,2.474,0.263,12.2
18411,20655,24602,1.111,0.111,6.1
18412,20655,20656,2.143,0.129,17.5
18413,20657,35346,3.0,0.0,14.2
18414,20657,20658,2.474,0.263,18.8
18415,20659,19532,1.5,0.333,9.1
18416,20659,24388,2.0,0.0,13.7
18417,20667,20668,2.0,0.0,14.4
18418,20669,20670,2.0,0.0,14.5
18419,20673,20674,2.0,0.0,14.5
18420,20675,20676,1.6,0.3,14.2
18421,20679,20680,2.125,0.125,13.0
18422,20681,11122,1.75,0.214,14.4
18423,20683,13462,6.0,0.0,27.4
18424,20701,20702,3.0,0.0,14.4
18425,20703,20704,7.0,0.0,26.6
18426,20707,20708,3.0,0.0,13.9
18427,20709,20710,2.667,0.333,14.5
18428,20711,20712,3.0,0.0,14.4
18429,20713,20714,3.0,0.4,13.8
18430,20715,33098,3.5,0.571,16.5
18431,20725,988,3.0,0.0,14.7
18432,20727,20728,3.0,0.0,14.5
18433,20729,942,2.0,0.0,4.7
18434,20739,954,1.5,0.5,4.7
18435,20747,942,2.667,0.333,14.8
18436,20753,20732,3.0,0.0,16.4
18437,20755,948,2.0,0.0,9.5
18438,20773,20774,2.9,0.322,14.9
18439,20773,20726,3.0,0.0,14.4
18440,20775,20782,2.6,0.489,14.4
18441,20775,990,2.0,0.0,4.7
18442,20777,20746,2.0,0.0,9.0
18443,20783,20814,2.0,0.0,9.1
18444,20783,20784,3.0,0.0,14.5
18445,20783,998,1.333,0.333,4.7
18446,20795,1010,2.0,0.0,4.7
18447,20803,1018,1.5,0.5,4.7
18448,20805,516,5.0,0.0,18.8
18449,20811,20812,3.0,0.0,14.4
18450,20813,998,2.0,0.0,9.0
18451,20815,20816,3.25,0.25,14.4
18452,20815,20754,3.0,0.0,14.2
18453,20817,20752,3.0,0.0,14.2
18454,20827,20828,1.85,0.239,9.1
18455,20829,20830,1.81,0.162,8.7
18456,20831,37740,2.05,0.155,9.6
18457,20837,20838,1.091,0.083,13.3
18458,20841,1098,3.0,0.0,15.0
18459,20845,1058,2.0,0.0,10.5
18460,20855,20884,1.667,1.333,8.7
18461,20863,1080,2.0,0.0,4.7
18462,20881,1096,1.333,0.333,4.7
18463,20885,1058,3.2,0.2,14.7
18464,20887,20888,3.0,0.0,14.4
18465,20887,1100,2.0,0.0,4.7
18466,20889,1102,2.0,0.0,9.0
18467,20891,20892,3.0,0.0,14.2
18468,20895,20916,3.5,0.286,14.4
18469,20897,20898,3.0,0.0,14.9
18470,20899,20900,3.0,0.0,14.9
18471,20901,20902,3.0,0.0,15.5
18472,20903,20904,3.5,0.5,15.5
18473,20905,20906,3.0,0.0,14.4
18474,20905,1114,2.5,0.5,4.7
18475,20907,20908,3.0,0.0,14.4
18476,20909,20910,2.5,0.5,14.4
18477,20911,20912,3.0,0.0,14.4
18478,20911,1120,2.0,0.0,4.7
18479,20913,20914,3.0,0.0,14.4
18480,20915,1124,2.0,0.0,4.7
18481,20917,20938,3.111,0.611,14.4
18482,20921,20922,3.0,0.0,14.4
18483,20923,20924,3.0,0.0,14.4
18484,20925,20926,3.0,0.0,14.4
18485,20927,20928,3.0,0.333,14.4
18486,20929,20930,2.923,0.577,14.4
18487,20931,20932,2.8,0.457,14.4
18488,20933,20934,2.882,0.61,14.4
18489,20935,20936,3.238,0.59,14.4
18490,20937,20940,2.864,0.314,13.5
18491,20939,20942,4.0,4.75,14.4
18492,20941,1160,1.875,0.201,8.0
18493,20943,20944,3.444,0.278,14.4
18494,20945,20946,3.375,0.268,14.4
18495,20947,20948,3.375,0.268,14.4
18496,20949,24760,2.0,0.0,9.4
18497,20949,20950,3.4,0.3,14.0
18498,20951,20952,3.0,0.0,14.0
18499,20951,1150,3.333,0.333,13.3
18500,20953,20896,3.0,0.0,14.8
18501,20953,1162,1.333,0.333,4.7
18502,20957,1166,1.357,0.247,4.7
18503,20961,20962,3.0,0.0,14.1
18504,20963,20964,1.5,0.5,9.8
18505,20965,20966,1.2,0.2,4.7
18506,20967,5322,1.6,0.3,7.4
18507,20973,20890,2.0,0.0,9.3
18508,20981,40214,3.474,0.688,29.7
18509,20981,182,7.667,1.333,42.0
18510,20981,12012,2.5,0.3,13.3
18511,20987,20988,2.0,0.0,13.8
18512,20989,20990,2.0,0.0,14.5
18513,20991,30024,3.0,0.667,24.2
18514,20999,21000,7.0,0.0,14.4
18515,20999,41390,6.0,0.0,14.2
18516,21001,36832,4.5,0.5,9.0
18517,21005,21006,2.0,0.0,13.4
18518,21007,21008,2.0,0.0,14.7
18519,21013,21014,1.006,0.006,9.9
18520,21015,31854,2.0,0.0,11.2
18521,21015,21016,1.029,0.028,11.5
18522,21015,10904,18.0,242.0,3.0
18523,21017,40778,3.0,0.0,24.5
18524,21021,28078,5.0,2.0,9.2
18525,21021,21022,6.0,0.0,14.3
18526,21021,1226,2.667,0.333,4.7
18527,21025,21026,7.25,2.917,14.3
18528,21027,21010,3.375,0.268,14.7
18529,21029,6192,1.833,0.167,9.0
18530,21029,1234,1.667,0.333,4.7
18531,21031,1236,2.0,0.0,4.7
18532,21033,40440,3.176,0.654,22.6
18533,21033,40438,4.481,1.078,43.5
18534,21033,40436,11.697,142.861,22.5
18535,21035,31938,1.2,0.178,3.2
18536,21045,21072,1.75,0.25,7.1
18537,21049,21056,2.0,0.0,9.0
18538,21049,40654,3.0,0.0,14.4
18539,21049,1248,2.0,0.0,4.7
18540,21053,18460,3.0,0.0,12.4
18541,21053,21048,3.0,0.0,13.7
18542,21055,40634,4.6,1.8,16.4
18543,21057,21066,3.0,0.0,14.2
18544,21057,1256,2.0,0.0,4.7
18545,21061,1266,1.5,0.5,9.0
18546,21063,40644,2.5,0.5,10.6
18547,21067,21062,2.0,0.0,9.0
18548,21071,39040,3.278,0.33,19.4
18549,21079,31664,4.133,1.775,18.7
18550,21083,21084,9.615,992.976,17.1
18551,21085,39042,2.721,0.795,26.4
18552,21093,21094,2.167,0.167,9.6
18553,21095,21096,2.5,0.5,11.8
18554,21095,21114,3.0,1.0,12.8
18555,21103,1292,1.333,0.333,4.7
18556,21105,23486,2.0,0.0,6.4
18557,21107,21092,5.5,0.571,23.1
18558,21107,21126,5.333,0.333,22.2
18559,21109,21104,2.0,0.0,9.1
18560,21115,21116,1.5,0.5,5.1
18561,21119,1308,1.6,0.3,4.7
18562,21131,21132,2.5,0.5,13.6
18563,21145,21146,3.0,0.0,14.6
18564,21149,37040,2.2,0.2,14.0
18565,21149,8864,4.333,0.333,22.9
18566,21151,21152,1.5,0.5,6.0
18567,21157,1344,1.25,0.25,4.7
18568,21159,1346,1.5,0.5,4.7
18569,21161,40004,1.36,0.253,10.6
18570,21163,1348,1.5,0.5,4.7
18571,21173,4984,2.333,0.267,17.8
18572,21175,21176,2.0,0.0,9.0
18573,21175,1368,3.5,0.5,15.4
18574,21177,1372,3.5,0.5,14.1
18575,21181,1376,2.5,0.5,11.8
18576,21185,21234,1.824,0.279,9.0
18577,21185,21190,2.727,1.018,12.2
18578,21187,1362,1.6,0.3,9.0
18579,21189,1378,2.0,0.0,8.9
18580,21191,1366,2.0,0.0,7.3
18581,21191,21192,2.5,0.333,12.3
18582,21191,21174,2.4,0.3,11.9
18583,21193,21194,2.25,0.25,14.0
18584,21195,1400,3.333,0.333,14.6
18585,21203,21186,2.75,0.25,14.4
18586,21215,21216,2.0,0.0,10.0
18587,21217,21218,2.0,0.0,7.8
18588,21219,21220,3.0,0.0,11.3
18589,21221,1352,1.667,0.333,9.0
18590,21235,1408,1.533,0.267,4.7
18591,21237,21376,2.0,0.0,14.8
18592,21239,21236,3.0,0.0,14.1
18593,21241,1412,1.5,0.5,4.7
18594,21243,13540,2.957,0.777,23.0
18595,21243,36846,4.582,1.433,38.9
18596,21247,21248,1.5,0.5,11.2
18597,21249,38272,1.5,0.5,8.8
18598,21251,21252,2.0,0.0,14.4
18599,21253,21254,2.0,0.0,14.4
18600,21257,680,2.0,0.0,9.2
18601,21259,21260,2.254,0.191,22.3
18602,21261,21262,1.151,0.129,14.8
18603,21263,21264,1.008,0.008,8.4
18604,21265,1232,3.0,0.0,15.3
18605,21265,21010,2.421,0.716,22.6
18606,21265,32048,2.0,2.0,6.1
18607,21267,21268,1.012,0.012,9.7
18608,21269,21270,1.019,0.027,9.4
18609,21271,21272,1.006,0.006,5.0
18610,21273,21274,1.008,0.008,9.4
18611,21273,15250,2.0,2.0,2.8
18612,21275,27802,1.161,0.142,13.4
18613,21289,36406,6.0,0.0,9.5
18614,21291,21292,2.0,0.0,5.2
18615,21301,21302,2.5,0.5,23.6
18616,21301,18482,3.429,0.619,24.8
18617,21305,1474,2.0,0.0,4.7
18618,21331,21332,1.019,0.019,14.0
18619,21331,338,1.333,0.333,7.1
18620,21339,1510,2.0,0.0,4.7
18621,21341,1512,2.0,0.0,4.7
18622,21351,32790,1.4,0.3,8.1
18623,21363,25264,2.0,0.0,9.0
18624,21365,41906,3.263,14.055,31.6
18625,21365,21366,4.127,66.464,32.8
18626,21367,5018,3.448,0.881,34.8
18627,21367,25412,4.714,0.73,34.6
18628,21375,21376,1.013,0.013,9.6
18629,21377,32588,1.34,4.844,5.8
18630,21379,31832,2.75,0.25,15.0
18631,21381,1532,2.0,0.0,4.7
18632,21395,1548,1.5,0.5,4.7
18633,21397,31650,2.0,0.0,8.6
18634,21401,1552,2.0,0.0,4.7
18635,21403,1554,2.0,0.0,4.7
18636,21405,21406,4.0,0.0,13.4
18637,21405,1556,2.0,0.0,4.7
18638,21407,1558,1.5,0.5,4.7
18639,21411,32714,2.0,0.0,8.4
18640,21415,21416,1.5,0.333,10.1
18641,21417,1572,3.444,0.278,16.4
18642,21419,1570,2.0,0.0,4.7
18643,21421,1568,2.8,0.7,13.3
18644,21421,21418,3.5,0.5,17.0
18645,21421,21422,3.667,2.667,16.6
18646,21421,1572,2.0,1.0,4.8
18647,21423,21424,2.667,0.333,14.9
18648,21423,1574,2.0,0.0,4.7
18649,21425,1576,2.0,0.0,4.7
18650,21427,21428,4.0,0.0,19.8
18651,21427,21404,5.0,0.0,14.5
18652,21427,1578,2.0,0.0,4.7
18653,21429,34068,3.0,0.0,14.2
18654,21441,16424,2.0,0.0,16.1
18655,21441,37318,2.0,0.0,17.5
18656,21443,29798,2.0,0.0,14.2
18657,21445,1596,2.0,0.0,4.7
18658,21451,19976,3.539,37.598,14.2
18659,21453,21454,3.735,62.607,8.2
18660,21455,29930,3.473,1.04,31.7
18661,21455,32712,6.139,36.63,14.0
18662,21457,21460,1.148,0.47,10.0
18663,21459,21462,1.175,0.145,13.5
18664,21461,21458,1.076,0.071,4.0
18665,21463,9108,1.333,0.333,5.4
18666,21463,21464,1.484,0.444,16.7
18667,21465,32164,2.232,4.833,13.0
18668,21467,21468,2.667,0.333,14.4
18669,21469,1644,2.2,0.178,10.1
18670,21469,20120,3.0,0.0,17.5
18671,21471,1614,2.0,0.0,4.7
18672,21473,21474,3.964,4.664,31.1
18673,21475,33406,1.398,0.303,9.8
18674,21479,26344,6.372,80.689,18.8
18675,21487,7656,4.0,0.0,27.7
18676,21497,21498,4.75,0.25,23.9
18677,21499,21500,3.0,0.667,14.6
18678,21501,21502,3.0,1.0,14.5
18679,21503,14012,4.333,0.333,17.6
18680,21505,20438,1.391,0.447,10.6
18681,21511,24186,1.286,0.238,9.4
18682,21511,21374,1.869,0.26,23.7
18683,21521,35330,1.333,0.267,9.1
18684,21523,21524,1.643,0.247,13.8
18685,21525,2694,1.571,0.264,18.6
18686,21527,21528,1.5,0.5,11.9
18687,21529,21530,4.0,0.0,27.0
18688,21531,6010,3.0,0.0,15.2
18689,21531,1670,2.0,0.0,4.7
18690,21535,37494,1.833,0.167,13.5
18691,21537,21538,3.0,0.0,14.4
18692,21539,13792,4.0,0.0,24.0
18693,21541,21542,2.4,0.3,19.4
18694,21543,7284,1.25,0.25,9.1
18695,21543,35466,2.0,0.0,14.8
18696,21547,21514,2.2,0.314,17.8
18697,21549,32840,1.143,0.143,7.5
18698,21553,21554,1.12,0.427,9.0
18699,21555,39472,1.198,0.566,7.0
18700,21555,33410,1.182,0.156,9.4
18701,21557,25002,2.0,0.0,9.3
18702,21557,1686,2.0,0.0,5.0
18703,21561,31296,1.105,0.241,12.1
18704,21575,32662,2.25,0.25,13.8
18705,21575,11570,3.25,0.25,14.8
18706,21577,21578,1.49,0.535,10.8
18707,21581,41884,2.0,0.0,8.2
18708,21581,1708,2.0,0.0,4.7
18709,21601,1728,1.667,0.333,4.7
18710,21605,21686,3.818,0.164,17.9
18711,21611,21696,2.0,0.0,12.1
18712,21613,1818,2.0,0.0,9.3
18713,21613,1740,1.5,0.5,4.7
18714,21615,21616,3.0,0.0,14.6
18715,21625,21626,3.333,0.333,14.4
18716,21627,21692,1.667,0.267,9.0
18717,21629,21630,3.5,0.5,14.2
18718,21629,1756,2.0,0.0,4.7
18719,21631,21640,3.5,0.5,14.0
18720,21633,21634,3.0,0.0,14.5
18721,21635,21636,3.0,0.0,14.4
18722,21639,13474,2.0,0.0,11.3
18723,21639,40802,3.0,0.0,18.3
18724,21641,21642,3.0,0.0,14.3
18725,21643,21644,3.0,0.0,13.8
18726,21643,21674,3.0,0.0,13.9
18727,21645,21646,2.0,0.0,13.6
18728,21647,21648,3.0,0.0,13.9
18729,21651,21652,3.0,0.0,13.9
18730,21653,21632,2.0,0.0,14.1
18731,21653,21660,3.0,0.0,14.1
18732,21655,21600,1.667,0.333,9.0
18733,21659,21612,2.25,0.25,11.4
18734,21661,21598,2.0,0.0,9.2
18735,21683,21624,2.0,0.0,9.0
18736,21687,21688,1.091,0.091,4.0
18737,21689,21690,3.25,0.25,14.4
18738,21689,21658,3.25,0.25,15.2
18739,21691,21614,3.0,0.0,11.8
18740,21693,21694,3.333,0.267,14.4
18741,21695,21696,2.625,0.268,11.5
18742,21697,16966,2.833,0.152,12.5
18743,21703,21770,7.0,0.0,14.2
18744,21711,21716,1.4,0.3,10.6
18745,21713,21714,2.0,0.0,16.0
18746,21715,25814,2.0,0.0,13.8
18747,21719,21720,2.0,0.0,10.6
18748,21721,21722,1.333,0.333,10.3
18749,21723,21724,1.333,0.333,10.2
18750,21727,21728,2.0,0.0,14.3
18751,21729,21730,2.0,0.0,14.7
18752,21739,1864,2.0,0.0,4.7
18753,21741,21748,2.25,0.25,13.9
18754,21745,21746,2.4,0.3,16.8
18755,21747,25806,1.5,0.333,9.1
18756,21747,5384,2.0,0.0,12.8
18757,21749,21750,1.25,0.25,10.4
18758,21751,21752,1.5,0.333,10.6
18759,21753,21754,1.5,0.333,10.4
18760,21757,21702,2.0,0.0,7.3
18761,21759,1908,2.333,0.333,10.0
18762,21765,25766,1.167,0.145,13.7
18763,21769,1894,2.0,0.0,4.7
18764,21771,21772,7.0,0.0,14.4
18765,21773,1898,2.0,0.0,4.7
18766,21797,39030,1.2,0.2,17.8
18767,21801,25772,1.167,0.147,14.3
18768,21805,1926,1.333,0.267,4.7
18769,21809,21746,2.5,0.5,12.6
18770,21811,1936,6.0,0.0,15.7
18771,21811,1932,2.0,0.0,4.7
18772,21813,18560,4.5,0.5,9.1
18773,21817,21818,1.103,0.094,14.1
18774,21819,32428,1.25,0.25,5.4
18775,21819,21820,1.106,0.096,13.9
18776,21821,21822,1.021,0.021,9.4
18777,21823,21824,1.037,0.037,5.2
18778,21833,38896,1.588,3.921,15.3
18779,21849,21850,3.0,0.0,14.4
18780,21851,21852,2.75,0.25,14.4
18781,21853,21854,2.5,0.333,12.7
18782,21855,21856,3.0,0.0,12.1
18783,21857,21858,2.0,0.0,13.8
18784,21859,21862,3.0,0.4,14.4
18785,21861,37246,3.0,0.0,16.2
18786,21863,21864,2.833,0.167,14.4
18787,21865,21866,2.571,0.286,14.4
18788,21867,21868,3.0,0.667,14.4
18789,21867,1986,2.0,0.0,4.7
18790,21869,19492,2.714,0.571,14.9
18791,21871,9256,1.5,0.5,9.1
18792,21873,19472,2.0,0.0,9.0
18793,21873,1992,2.0,0.0,4.7
18794,21877,21878,3.0,0.0,13.9
18795,21885,2004,1.5,0.5,4.7
18796,21893,21894,1.043,0.055,9.9
18797,21897,21898,1.07,0.065,13.4
18798,21899,21900,1.011,0.011,9.5
18799,21903,21904,1.167,0.176,13.2
18800,21907,21908,4.0,0.0,28.3
18801,21909,21910,2.0,0.0,14.3
18802,21911,29806,2.0,0.0,15.3
18803,21911,30092,2.0,0.0,15.6
18804,21915,21916,2.0,0.0,14.6
18805,21923,21924,2.0,0.0,13.9
18806,21927,21928,1.5,0.5,10.4
18807,21929,21930,1.25,0.25,10.6
18808,21935,33490,1.75,0.25,12.2
18809,21939,33486,1.4,0.3,9.8
18810,21939,21918,1.25,0.25,7.9
18811,21943,38930,1.5,0.5,8.8
18812,21945,21946,2.0,0.0,13.7
18813,21949,21992,1.231,0.192,6.7
18814,21951,11028,3.0,0.0,14.3
18815,21953,21954,2.438,0.282,5.0
18816,21953,2060,3.0,4.8,1.4
18817,21955,21956,2.547,0.406,5.1
18818,21955,2062,3.2,9.2,1.4
18819,21957,19670,8.907,426.563,11.1
18820,21957,92,6.429,4.286,14.2
18821,21957,2064,2.333,0.267,4.7
18822,21959,21960,4.543,507.809,5.3
18823,21961,22116,1.562,0.262,11.3
18824,21961,22108,2.625,0.679,15.4
18825,21961,2130,1.667,0.25,13.9
18826,21967,33590,1.692,0.231,13.8
18827,21977,36114,2.0,0.0,11.1
18828,21977,21978,2.5,0.333,19.4
18829,21987,21988,1.182,0.3,4.8
18830,21989,33500,1.661,0.262,7.2
18831,21991,33598,2.0,0.0,5.0
18832,21993,22060,2.6,12.8,1.9
18833,21995,21996,1.754,0.301,21.9
18834,21995,31468,3.0,8.0,4.7
18835,21997,33752,2.5,0.5,12.0
18836,21997,21998,1.007,0.007,9.0
18837,21999,36196,3.333,0.333,19.3
18838,21999,39568,3.4,2.3,16.0
18839,21999,22000,1.041,0.053,10.9
18840,22001,10166,1.555,0.261,14.8
18841,22001,41880,4.25,27.583,1.7
18842,22013,22020,3.381,0.248,24.6
18843,22017,22018,1.333,0.333,13.1
18844,22017,2100,2.0,0.0,9.5
18845,22019,44,1.286,0.214,9.4
18846,22021,22018,1.35,0.239,9.5
18847,22023,22024,2.0,0.0,4.9
18848,22031,22032,3.0,0.0,4.8
18849,22033,22034,3.0,0.0,6.2
18850,22035,22010,2.5,0.333,10.2
18851,22037,22100,2.0,0.0,9.0
18852,22045,21968,1.6,0.3,12.1
18853,22047,36222,3.25,0.25,10.8
18854,22049,22050,1.087,0.083,5.2
18855,22051,22052,1.217,0.178,7.4
18856,22053,22054,1.056,0.056,5.3
18857,22055,31990,1.174,0.15,10.2
18858,22055,22062,2.0,0.0,11.2
18859,22057,22058,1.8,0.274,13.4
18860,22057,31994,1.667,0.333,9.1
18861,22059,22060,1.682,0.227,12.2
18862,22061,21958,1.27,0.203,8.1
18863,22067,22132,2.0,0.0,11.5
18864,22083,19624,2.0,0.0,9.2
18865,22085,22086,2.0,0.0,14.2
18866,22087,34908,2.0,0.0,11.3
18867,22089,22022,2.0,0.0,10.2
18868,22099,37534,4.0,0.0,18.9
18869,22103,26930,2.0,0.0,7.5
18870,22107,21950,3.0,0.0,13.1
18871,22109,22110,1.125,0.114,5.2
18872,22109,2122,2.0,0.0,4.7
18873,22111,31982,1.2,0.171,8.5
18874,22111,31978,2.0,0.0,16.0
18875,22111,22112,2.0,0.0,14.7
18876,22111,2124,2.0,0.0,4.7
18877,22113,2126,1.667,0.267,4.7
18878,22117,22118,1.031,0.031,4.9
18879,22119,21984,1.939,0.121,8.1
18880,22119,17316,3.647,0.368,17.7
18881,22121,33426,3.571,3.286,8.8
18882,22125,22126,2.604,67.18,4.6
18883,22129,33426,2.48,0.989,12.3
18884,22131,22116,2.333,0.58,15.5
18885,22131,22108,2.333,0.267,15.6
18886,22133,22134,1.906,0.539,13.0
18887,22133,21962,2.0,0.0,9.4
18888,22135,22130,1.586,0.323,9.4
18889,22143,14398,2.0,0.0,12.0
18890,22149,22150,1.16,0.135,16.7
18891,22151,35950,2.415,0.247,34.8
18892,22151,37026,2.358,0.239,34.5
18893,22155,22156,1.033,0.033,13.5
18894,22161,41780,1.714,0.238,13.5
18895,22181,16624,2.565,0.429,18.1
18896,22181,23554,2.071,0.225,25.3
18897,22183,25536,3.0,0.0,16.4
18898,22183,22196,1.505,0.262,19.2
18899,22183,34194,8.0,98.0,2.1
18900,22183,34200,5.7,60.456,1.7
18901,22185,22186,1.284,0.239,14.7
18902,22185,34118,4.0,18.0,3.2
18903,22187,12792,2.25,0.25,13.4
18904,22187,22188,1.153,0.13,13.8
18905,22189,25538,2.667,0.267,13.3
18906,22189,22190,1.104,0.094,14.4
18907,22191,34726,4.444,0.333,40.3
18908,22191,22192,4.022,0.404,52.0
18909,22191,34150,3.0,2.0,12.8
18910,22191,34402,2.0,0.0,5.5
18911,22195,13042,2.0,0.0,12.8
18912,22195,22198,3.03,0.375,33.4
18913,22197,25534,7.0,0.0,60.6
18914,22197,22204,4.962,0.758,62.4
18915,22197,36122,7.5,11.5,3.5
18916,22199,25520,2.154,0.141,12.6
18917,22199,22200,1.405,0.243,14.4
18918,22201,34278,2.4,0.3,13.2
18919,22201,22202,1.104,0.094,15.4
18920,22203,17206,2.0,0.0,12.7
18921,22203,39198,1.11,0.099,14.2
18922,22205,22206,1.117,0.127,13.3
18923,22207,12804,2.5,0.5,11.3
18924,22207,22208,2.744,0.527,32.0
18925,22209,25540,2.0,0.0,12.8
18926,22209,22184,1.363,0.457,14.2
18927,22213,22214,1.5,0.5,18.0
18928,22221,35912,2.1,0.1,20.4
18929,22225,22226,1.086,0.484,8.6
18930,22227,22228,2.057,0.608,21.8
18931,22227,34174,15.0,200.0,5.6
18932,22229,22230,1.151,0.137,14.3
18933,22231,27754,1.26,0.347,13.8
18934,22231,12898,5.0,0.0,2.7
18935,22233,20104,3.0,0.0,16.7
18936,22235,23596,1.308,0.217,7.3
18937,22235,22236,1.05,0.05,14.1
18938,22249,2492,2.0,0.0,13.3
18939,22257,22258,2.0,0.308,23.4
18940,22257,34648,1.5,0.3,7.9
18941,22259,13644,1.111,0.111,5.6
18942,22259,22260,1.125,0.125,13.2
18943,22261,4080,2.0,0.0,9.1
18944,22267,19812,1.278,0.212,8.6
18945,22273,22274,1.25,0.25,10.2
18946,22275,22276,1.125,0.125,10.4
18947,22277,22278,1.444,0.278,10.3
18948,22279,22280,1.111,0.111,10.4
18949,22281,22282,4.182,0.364,32.4
18950,22283,15598,2.4,0.267,15.8
18951,22293,22294,5.0,0.0,19.1
18952,22295,750,1.5,0.5,9.1
18953,22305,11842,2.0,0.0,8.9
18954,22307,22300,2.0,0.0,9.1
18955,22307,22308,3.0,0.667,14.7
18956,22313,2270,2.0,0.0,4.7
18957,22317,22344,2.0,0.0,9.3
18958,22317,22318,1.867,0.124,14.3
18959,22317,2274,2.0,0.0,4.7
18960,22319,32786,1.667,0.238,6.9
18961,22321,22322,1.077,0.077,6.8
18962,22325,30764,1.308,0.231,9.2
18963,22325,9930,2.0,0.0,18.2
18964,22327,22328,2.0,0.0,14.5
18965,22327,22320,2.067,0.067,14.3
18966,22329,9246,2.0,0.0,14.2
18967,22333,22334,2.286,0.238,18.3
18968,22333,2290,1.5,0.5,4.7
18969,22335,22314,1.5,0.5,11.7
18970,22335,22336,2.333,0.333,16.0
18971,22337,22338,3.0,0.0,18.2
18972,22339,28596,3.0,0.0,18.4
18973,22341,22342,1.833,0.152,14.2
18974,22343,31796,1.333,0.5,1.5
18975,22343,11502,4.667,0.242,34.5
18976,22361,22362,3.5,0.5,14.4
18977,22361,2318,2.0,0.0,4.7
18978,22363,22364,3.0,0.0,14.4
18979,22365,22980,5.5,0.5,34.4
18980,22367,26960,1.636,0.245,30.4
18981,22369,39474,3.75,0.513,44.6
18982,22369,24710,3.126,0.296,48.8
18983,22411,22412,1.16,0.14,14.3
18984,22415,22416,1.48,0.26,15.8
18985,22417,22418,1.125,0.114,13.6
18986,22419,22420,1.48,0.26,19.5
18987,22421,22422,1.24,0.19,14.5
18988,22423,22424,1.2,0.167,15.8
18989,22427,12192,1.36,0.24,16.4
18990,22429,22430,1.304,0.224,8.6
18991,22431,20450,2.407,0.596,26.1
18992,22433,7522,2.0,0.0,14.4
18993,22433,22434,3.833,0.567,27.1
18994,22435,22436,2.0,0.0,14.3
18995,22443,22444,1.033,0.032,15.8
18996,22445,2396,1.843,0.384,9.4
18997,22461,22462,3.0,0.0,17.3
18998,22461,22454,3.0,0.0,17.7
18999,22483,22500,2.0,0.0,15.2
19000,22485,22486,1.167,0.167,7.1
19001,22491,22492,1.143,0.143,9.2
19002,22495,22496,2.857,0.143,21.0
19003,22497,41896,1.273,0.218,9.3
19004,22501,22502,2.0,0.0,11.2
19005,22503,22504,2.0,0.0,14.4
19006,22505,22506,1.444,0.278,9.4
19007,22505,17778,1.385,0.256,7.8
19008,22507,41896,1.571,0.264,9.4
19009,22513,36400,3.0,0.5,22.2
19010,22525,22526,2.0,0.0,14.3
19011,22527,22528,2.0,0.0,13.7
19012,22533,22534,1.15,0.128,13.5
19013,22535,9122,3.0,0.0,23.4
19014,22535,22536,2.714,0.398,30.0
19015,22537,21896,1.69,0.234,15.7
19016,22537,29830,2.0,3.0,6.0
19017,22539,22540,1.385,0.256,7.9
19018,22541,10224,2.0,0.25,9.1
19019,22541,24616,3.25,0.25,14.4
19020,22543,22544,3.429,0.264,13.9
19021,22545,26750,2.2,0.2,11.2
19022,22545,22546,3.6,0.3,17.0
19023,22545,26758,3.5,0.333,16.4
19024,22547,26734,3.25,0.25,14.5
19025,22549,16606,2.0,0.0,4.7
19026,22553,41250,2.154,0.474,15.4
19027,22557,22558,2.0,0.0,14.7
19028,22559,8712,2.0,0.0,9.2
19029,22559,29336,2.0,0.0,14.3
19030,22561,22562,11.904,340.876,14.4
19031,22563,29766,6.066,2.824,62.6
19032,22563,18018,18.25,165.643,9.7
19033,22565,2492,1.333,0.333,4.7
19034,22569,22570,3.167,0.213,23.1
19035,22575,27830,2.4,0.267,18.9
19036,22575,29198,2.0,0.0,5.6
19037,22577,30746,2.0,0.111,27.8
19038,22577,30738,2.116,0.32,27.2
19039,22579,22580,1.027,0.034,9.1
19040,22581,9408,5.0,0.0,33.1
19041,22581,39186,3.727,0.618,26.0
19042,22581,35974,2.75,0.936,25.6
19043,22581,37848,4.379,3.232,29.9
19044,22581,30740,2.5,0.5,8.1
19045,22585,38894,1.949,31.483,17.2
19046,22587,14118,2.0,0.0,11.7
19047,22587,39324,3.0,0.0,17.4
19048,22591,2508,2.0,0.0,4.7
19049,22595,22596,1.25,0.25,5.2
19050,22597,22598,4.0,0.0,16.5
19051,22597,18762,4.0,0.0,17.0
19052,22597,2514,2.0,0.0,4.7
19053,22599,22600,3.0,0.0,14.4
19054,22601,22590,2.0,0.0,9.0
19055,22601,22602,3.0,0.0,14.4
19056,22603,22592,2.0,0.0,9.0
19057,22607,32170,2.0,0.4,11.7
19058,22609,31130,2.0,0.0,11.5
19059,22611,2532,2.0,0.0,4.7
19060,22615,31128,2.0,0.0,8.0
19061,22621,29900,2.0,0.0,7.7
19062,22623,22624,2.0,0.0,9.0
19063,22625,9186,1.4,0.3,7.7
19064,22627,29902,2.5,0.5,14.0
19065,22629,2542,3.0,0.0,16.2
19066,22637,33538,2.0,0.0,12.5
19067,22637,22638,2.424,0.724,29.6
19068,22639,37846,7.814,230.431,13.0
19069,22647,2568,1.2,0.2,4.7
19070,22659,31636,2.0,0.0,7.8
19071,22663,40002,1.333,0.333,7.6
19072,22663,22664,1.188,0.162,10.4
19073,22667,22668,4.0,0.0,14.5
19074,22669,22674,3.0,0.0,14.3
19075,22677,38974,2.174,0.241,14.8
19076,22679,22680,2.0,0.0,10.4
19077,22683,22684,2.0,0.0,17.8
19078,22687,38964,1.75,0.25,9.5
19079,22687,17002,2.0,0.0,15.2
19080,22689,8690,1.333,0.333,9.2
19081,22689,29314,2.0,0.0,14.0
19082,22691,22702,2.0,0.0,9.2
19083,22691,2618,3.767,0.419,17.3
19084,22693,2620,3.118,0.485,13.9
19085,22695,2760,1.333,0.267,4.7
19086,22697,22694,1.833,0.167,9.0
19087,22697,22698,3.5,0.3,14.2
19088,22697,2614,1.444,0.278,4.7
19089,22699,22864,2.0,1.0,8.8
19090,22701,2762,2.864,0.292,13.7
19091,22701,22702,4.3,1.734,17.2
19092,22701,2770,4.105,2.211,14.9
19093,22701,2618,1.455,0.273,4.7
19094,22703,2764,1.667,0.267,9.2
19095,22703,22860,2.864,0.314,14.0
19096,22703,2620,2.0,0.0,4.7
19097,22709,41904,1.5,0.278,8.5
19098,22715,2630,1.5,0.333,4.7
19099,22719,22720,1.464,0.258,11.3
19100,22719,22714,6.0,100.0,3.5
19101,22725,2640,1.5,0.278,4.7
19102,22727,2642,1.714,0.238,4.7
19103,22731,22732,3.071,0.225,14.3
19104,22731,2644,3.0,0.0,14.2
19105,22731,2646,1.5,0.5,4.7
19106,22733,22734,3.0,0.0,14.4
19107,22733,2648,1.6,0.3,4.7
19108,22737,17288,3.0,0.333,17.6
19109,22739,2652,1.75,0.25,4.7
19110,22741,2654,8.0,63.5,1.4
19111,22743,2656,1.583,0.265,4.7
19112,22745,9000,4.143,37.476,9.1
19113,22747,2660,2.0,0.0,5.7
19114,22751,22752,1.276,0.975,5.3
19115,22753,22754,1.02,0.02,3.8
19116,22755,22048,1.15,0.45,3.9
19117,22763,22764,1.962,0.165,14.8
19118,22765,22766,1.893,0.259,13.4
19119,22767,22768,1.392,0.242,9.7
19120,22769,22770,1.216,0.172,8.8
19121,22771,36084,2.176,0.174,15.2
19122,22781,38472,1.35,0.239,18.0
19123,22783,22784,1.421,0.257,10.8
19124,22785,22788,1.267,0.21,10.7
19125,22787,37540,3.0,0.0,24.3
19126,22789,22790,1.6,0.3,10.7
19127,22789,37514,2.4,9.8,2.5
19128,22795,22796,2.0,0.0,9.9
19129,22797,22798,1.5,0.5,13.7
19130,22799,3458,2.0,0.0,13.0
19131,22799,22786,2.0,0.0,17.7
19132,22805,23420,3.0,0.0,14.9
19133,22807,2720,2.0,0.0,4.7
19134,22811,22812,3.5,0.333,14.4
19135,22811,2722,3.0,0.0,11.7
19136,22813,22814,2.0,0.0,10.4
19137,22813,15454,3.0,0.0,11.7
19138,22815,22816,1.8,0.2,8.6
19139,22817,37132,2.2,0.2,10.4
19140,22823,15430,2.4,0.3,9.1
19141,22823,22824,9.0,0.0,52.5
19142,22823,2728,1.5,0.5,4.7
19143,22833,37136,2.0,0.0,9.0
19144,22833,22810,2.5,0.3,11.7
19145,22845,22846,2.0,0.0,20.3
19146,22849,2742,1.25,0.25,8.6
19147,22851,22852,1.5,0.5,15.0
19148,22853,22854,2.0,0.0,13.8
19149,22855,37612,1.333,0.333,9.2
19150,22861,22696,1.85,0.134,9.0
19151,22861,2766,1.286,0.238,4.7
19152,22863,22864,2.944,0.173,14.7
19153,22865,2618,1.821,0.3,9.0
19154,22867,22868,2.0,1.0,13.9
19155,22869,22870,1.667,0.333,14.0
19156,22871,22872,2.0,0.0,15.0
19157,22871,28986,2.0,0.0,14.8
19158,22873,28982,1.8,0.2,12.0
19159,22875,2780,2.0,0.0,4.7
19160,22877,2782,1.667,0.333,4.7
19161,22879,2784,1.667,0.333,4.7
19162,22881,2786,2.0,0.0,4.7
19163,22887,2792,1.667,0.333,4.7
19164,22891,22892,4.0,0.0,16.0
19165,22895,2796,3.0,0.0,13.4
19166,22899,22900,2.0,0.0,14.4
19167,22899,28276,2.0,0.0,14.3
19168,22901,22902,2.0,0.0,14.7
19169,22909,22910,1.75,0.25,14.4
19170,22911,28258,1.25,0.25,9.4
19171,22911,7680,2.0,0.0,14.4
19172,22913,22914,1.931,0.138,14.4
19173,22915,12052,2.621,0.458,23.1
19174,22921,22922,1.01,0.01,8.8
19175,22923,22924,1.055,0.052,13.8
19176,22925,23076,2.98,0.845,23.6
19177,22925,28646,3.625,0.324,20.7
19178,22929,31794,1.107,0.096,14.0
19179,22933,22934,1.362,0.232,16.8
19180,22937,2858,1.933,0.122,16.6
19181,22949,33338,2.0,0.0,13.8
19182,22951,14910,1.292,0.208,12.3
19183,22955,22956,1.016,0.016,6.4
19184,22957,30194,1.088,0.112,10.7
19185,22961,38852,1.765,0.281,20.1
19186,22963,35430,1.545,0.45,9.8
19187,22965,12186,1.033,0.032,10.0
19188,22967,35740,1.556,0.489,11.3
19189,22979,22980,2.087,0.216,32.1
19190,22981,22982,1.021,0.021,13.7
19191,22985,22986,1.014,0.014,9.7
19192,22987,25240,3.094,2.829,21.0
19193,23015,2882,1.667,0.333,9.0
19194,23015,22996,2.5,0.5,14.4
19195,23023,23028,1.5,0.5,11.2
19196,23023,2890,1.5,0.5,4.7
19197,23027,2896,2.0,0.0,5.2
19198,23029,41258,1.5,0.5,11.4
19199,23033,22708,1.625,0.268,8.5
19200,23037,28952,1.578,0.247,8.5
19201,23037,26198,1.696,0.222,21.5
19202,23039,25816,1.003,0.003,11.3
19203,23041,23042,1.543,0.608,7.4
19204,23043,35424,1.325,0.379,9.1
19205,23045,23046,2.525,0.288,34.0
19206,23045,2932,2.786,0.181,26.3
19207,23047,23048,1.093,0.086,14.7
19208,23051,23044,1.25,0.19,15.4
19209,23053,23054,1.149,0.13,13.2
19210,23057,20258,2.29,0.302,16.8
19211,23057,19686,4.89,1.025,23.7
19212,23063,23994,2.667,0.333,16.3
19213,23063,39276,3.034,0.249,23.4
19214,23065,25380,1.917,0.254,14.3
19215,23075,2904,2.5,0.5,21.1
19216,23077,39774,2.262,0.247,27.7
19217,23077,36878,3.439,0.501,23.6
19218,23079,39978,1.333,0.333,7.8
19219,23085,23086,2.0,0.0,10.4
19220,23093,30552,1.167,0.167,6.3
19221,23101,33176,1.47,0.371,8.9
19222,23101,11402,4.0,27.0,2.9
19223,23115,39282,2.5,0.3,11.2
19224,23117,26786,1.25,0.214,7.2
19225,23117,23118,2.111,0.222,10.6
19226,23119,3250,1.8,0.178,9.0
19227,23119,23120,3.125,0.696,14.3
19228,23121,23122,1.917,0.265,9.0
19229,23123,12082,3.667,0.5,8.2
19230,23127,23142,3.0,12.0,3.2
19231,23131,14046,2.0,0.0,7.6
19232,23137,39352,2.0,0.0,7.6
19233,23165,3044,2.0,0.0,9.0
19234,23165,23194,3.0,0.0,14.2
19235,23169,23170,2.0,0.0,10.9
19236,23171,3182,3.0,0.0,14.2
19237,23187,23188,2.667,0.333,14.3
19238,23189,23190,3.0,0.5,14.3
19239,23191,23192,3.0,0.0,14.2
19240,23193,23194,2.833,0.567,14.5
19241,23195,23196,2.714,0.571,14.4
19242,23197,23198,3.2,0.2,17.1
19243,23197,3148,3.0,0.0,17.5
19244,23197,3048,1.75,0.25,4.7
19245,23199,3050,1.8,0.2,4.7
19246,23219,23220,3.0,0.0,14.5
19247,23219,23280,3.0,0.0,14.8
19248,23221,3072,1.143,0.143,4.7
19249,23259,23186,2.333,0.333,14.2
19250,23279,3142,2.0,0.0,14.2
19251,23281,23196,2.0,0.0,9.0
19252,23281,3046,2.75,0.25,14.4
19253,23283,23192,2.0,0.0,14.2
19254,23291,3130,1.667,0.333,9.0
19255,23291,23292,2.857,0.143,14.4
19256,23293,23282,2.0,0.0,9.0
19257,23293,23294,2.5,0.3,14.4
19258,23295,23164,2.0,0.0,9.1
19259,23295,23296,3.333,0.333,14.5
19260,23297,3048,3.5,0.5,15.1
19261,23297,3148,2.0,0.0,4.7
19262,23305,23306,2.917,0.447,14.3
19263,23305,23344,3.25,0.5,14.2
19264,23305,3156,1.25,0.25,4.7
19265,23307,23328,3.0,0.0,14.2
19266,23307,23374,3.0,0.0,14.1
19267,23307,3158,1.5,0.5,4.7
19268,23329,23330,2.4,0.3,11.2
19269,23331,3024,2.2,0.2,9.0
19270,23345,3196,1.25,0.25,4.7
19271,23375,23376,2.667,0.333,14.7
19272,23375,3230,4.0,0.0,14.3
19273,23377,23378,1.667,0.333,7.9
19274,23383,23384,1.5,0.333,7.4
19275,23385,23662,1.75,0.25,8.7
19276,23387,23718,2.0,0.0,12.4
19277,23389,23664,1.375,0.268,7.8
19278,23389,3234,1.857,0.143,4.7
19279,23397,23398,2.167,0.167,12.4
19280,23397,3244,2.4,0.3,12.7
19281,23399,23400,2.714,0.238,14.3
19282,23401,3240,1.333,0.267,7.5
19283,23403,23404,3.2,0.4,14.9
19284,23403,11532,3.25,0.2,14.8
19285,23403,3246,1.75,0.25,4.7
19286,23405,23406,1.929,0.071,9.4
19287,23407,2978,2.8,0.484,14.1
19288,23409,16928,1.5,0.5,9.0
19289,23409,3254,1.333,0.333,4.7
19290,23411,23412,3.0,0.0,14.4
19291,23411,38840,3.5,0.5,14.2
19292,23411,3256,1.5,0.5,4.7
19293,23413,16938,2.5,0.5,12.6
19294,23413,3258,2.0,0.0,4.7
19295,23419,3254,3.0,0.0,14.5
19296,23421,3266,2.0,0.0,4.7
19297,23423,19784,5.667,0.333,17.9
19298,23425,3270,1.5,0.5,4.7
19299,23427,38178,4.0,0.0,14.2
19300,23427,38292,2.0,0.0,4.7
19301,23429,3312,2.5,0.5,8.8
19302,23431,3274,1.833,0.167,4.7
19303,23443,38176,4.0,0.0,14.3
19304,23451,16360,3.4,0.8,14.2
19305,23453,3296,2.0,0.0,4.7
19306,23455,38172,3.0,0.0,14.3
19307,23459,23466,3.167,0.167,16.2
19308,23459,23424,3.5,0.5,16.5
19309,23459,23460,2.667,0.333,13.4
19310,23465,3308,1.6,0.3,4.7
19311,23467,23468,3.0,0.0,14.0
19312,23467,23430,3.0,0.0,14.2
19313,23469,3272,3.0,0.0,13.9
19314,23475,23476,1.5,0.333,6.1
19315,23477,24928,1.5,0.333,7.4
19316,23483,3322,2.0,0.0,4.7
19317,23487,3318,2.0,0.0,4.7
19318,23495,14928,6.0,0.0,30.8
19319,23503,23834,1.6,0.3,8.2
19320,23513,6140,2.0,0.0,13.8
19321,23515,6070,1.412,0.247,6.7
19322,23515,32024,2.956,0.875,32.7
19323,23515,19746,3.556,14.028,16.6
19324,23519,3358,1.5,0.5,4.7
19325,23521,33640,1.333,0.333,10.8
19326,23527,23528,1.614,0.24,19.8
19327,23529,3368,5.5,40.5,1.4
19328,23531,31476,1.656,0.297,8.4
19329,23531,37194,1.364,0.239,14.3
19330,23537,39812,3.5,0.5,13.5
19331,23541,3378,1.625,0.268,4.7
19332,23543,482,2.0,1.0,7.6
19333,23543,23544,3.4,0.3,16.1
19334,23545,15190,3.786,0.643,16.5
19335,23547,17704,2.0,0.182,9.0
19336,23547,23548,2.846,0.141,14.4
19337,23547,3388,2.0,0.0,4.7
19338,23549,23550,1.167,0.167,6.3
19339,23549,3390,2.0,0.0,4.9
19340,23551,23552,2.0,0.0,14.8
19341,23551,16978,3.5,0.5,15.8
19342,23551,3392,2.0,0.0,4.7
19343,23553,3394,2.0,0.0,4.7
19344,23555,3396,1.875,0.383,9.3
19345,23567,23568,2.5,0.5,4.8
19346,23569,23570,3.0,0.0,5.8
19347,23571,23572,3.0,0.0,6.6
19348,23573,23574,1.75,0.25,5.0
19349,23575,24418,3.0,0.0,14.8
19350,23575,4124,4.5,0.3,19.9
19351,23579,3418,2.0,0.0,4.7
19352,23581,16626,2.333,0.333,14.0
19353,23583,23584,1.5,0.5,14.6
19354,23589,5150,1.194,0.161,8.9
19355,23589,25904,4.0,0.667,22.3
19356,23591,23620,2.0,0.0,14.3
19357,23593,23594,4.0,0.0,24.3
19358,23595,13804,2.0,0.0,14.5
19359,23597,23598,1.442,0.291,10.5
19360,23599,23606,1.706,0.292,10.8
19361,23601,3438,1.667,0.333,4.7
19362,23607,26174,2.0,0.0,11.5
19363,23607,23608,1.646,0.361,12.4
19364,23609,23610,1.375,0.239,10.1
19365,23611,22782,1.448,0.256,10.8
19366,23611,23612,2.35,0.661,14.8
19367,23613,23614,1.429,0.264,10.6
19368,23617,23618,1.333,0.333,9.2
19369,23617,8028,2.0,0.0,15.6
19370,23617,28634,3.0,0.0,15.3
19371,23619,23600,1.75,0.25,12.4
19372,23621,23622,2.25,0.25,18.2
19373,23621,2712,2.25,0.25,17.6
19374,23623,23624,2.0,0.0,14.5
19375,23625,462,2.5,0.333,15.0
19376,23635,4094,1.5,0.5,7.1
19377,23649,23650,7.714,0.571,14.0
19378,23649,3510,8.0,2.0,14.3
19379,23649,3488,2.4,0.3,4.7
19380,23651,12510,6.5,4.5,14.2
19381,23653,23696,1.5,0.5,7.7
19382,23659,23258,2.0,0.0,14.5
19383,23659,23290,2.6,0.711,14.3
19384,23661,23706,2.0,0.0,8.2
19385,23661,23710,2.0,0.0,7.4
19386,23663,23664,2.111,0.361,9.4
19387,23665,16378,2.3,0.233,10.4
19388,23665,14470,4.667,0.333,29.4
19389,23667,23668,2.667,0.333,11.9
19390,23667,23660,2.5,0.3,11.5
19391,23669,23714,2.0,0.0,8.2
19392,23671,23672,2.062,0.196,10.2
19393,23671,23388,2.308,0.231,9.2
19394,23673,23674,2.091,0.291,9.5
19395,23675,23676,1.909,0.091,9.5
19396,23677,23678,1.909,0.091,9.7
19397,23679,23680,1.727,0.218,8.5
19398,23681,23682,1.818,0.164,8.6
19399,23683,23666,1.556,0.278,7.8
19400,23683,23652,1.5,0.5,7.5
19401,23685,34596,1.308,0.219,8.2
19402,23685,13298,3.0,0.0,16.5
19403,23695,23662,3.0,0.0,14.7
19404,23697,23662,3.0,0.0,14.7
19405,23715,23382,2.5,0.5,11.3
19406,23719,23720,2.0,0.0,10.2
19407,23721,23662,2.0,0.0,8.7
19408,23723,23684,1.647,0.235,8.1
19409,23729,34602,2.25,0.25,22.4
19410,23737,37704,1.495,0.251,18.8
19411,23737,31546,6.0,56.0,9.1
19412,23739,12236,2.72,0.627,19.7
19413,23739,31784,3.5,0.333,26.6
19414,23741,19272,1.364,0.242,11.1
19415,23753,10706,3.5,0.5,14.3
19416,23755,23756,2.0,0.0,10.3
19417,23757,23766,2.333,0.333,9.8
19418,23757,3540,2.0,0.0,4.7
19419,23759,3550,2.5,0.5,9.0
19420,23765,3538,3.0,0.0,11.4
19421,23771,3562,1.5,0.5,9.2
19422,23773,23782,3.333,0.333,14.2
19423,23777,9240,2.333,0.267,12.0
19424,23779,3554,3.0,0.0,14.2
19425,23779,3562,2.0,1.0,4.7
19426,23783,23776,2.667,0.333,14.3
19427,23787,3574,3.0,0.0,13.6
19428,23797,38386,1.245,8.561,8.4
19429,23799,40222,1.9,0.495,11.9
19430,23799,40220,6.195,4.133,34.3
19431,23801,3580,2.0,0.0,4.7
19432,23805,3582,2.0,0.0,4.7
19433,23807,23804,4.0,0.0,14.6
19434,23811,19140,2.0,0.0,10.3
19435,23811,41368,3.333,0.333,20.5
19436,23813,23814,2.0,0.0,9.2
19437,23813,3592,2.714,0.571,14.0
19438,23813,3588,1.143,0.143,5.3
19439,23819,3594,1.333,0.333,4.7
19440,23825,38892,2.0,0.0,12.3
19441,23825,13128,5.0,8.0,20.3
19442,23827,41834,2.0,0.0,7.2
19443,23827,23500,2.0,0.0,12.9
19444,23833,3346,1.75,0.25,10.3
19445,23833,23504,2.4,0.3,12.6
19446,23835,4388,1.6,0.3,9.3
19447,23837,3610,1.75,0.25,4.7
19448,23839,15518,1.022,0.066,8.0
19449,23847,39322,1.4,0.3,13.9
19450,23849,3618,2.0,0.0,4.7
19451,23853,11742,3.545,0.873,12.6
19452,23855,23852,2.0,0.0,9.2
19453,23857,23858,2.667,0.667,14.1
19454,23859,23860,2.0,0.0,11.9
19455,23859,3632,3.0,0.0,14.2
19456,23861,23862,3.0,0.0,13.4
19457,23863,3628,2.0,0.0,10.8
19458,23871,3642,2.667,0.333,9.3
19459,23873,3640,2.0,0.0,4.7
19460,23875,23872,2.0,0.0,9.7
19461,23875,23876,3.125,0.125,14.6
19462,23875,3638,3.222,0.444,14.2
19463,23877,23866,3.0,0.0,14.6
19464,23877,3644,2.0,2.0,4.8
19465,23881,23882,3.0,0.0,14.6
19466,23881,26512,3.308,0.222,15.8
19467,23885,23886,2.0,0.0,8.7
19468,23887,3656,2.0,0.0,9.0
19469,23889,23890,2.5,0.5,14.2
19470,23889,3654,3.0,0.0,14.1
19471,23889,3656,1.333,0.333,4.7
19472,23895,23896,2.667,0.333,5.0
19473,23897,23898,2.0,0.0,5.0
19474,23901,23902,4.0,0.0,9.4
19475,23901,3668,2.333,0.333,4.7
19476,23905,27876,2.0,0.0,7.8
19477,23907,3674,1.75,0.25,4.7
19478,23909,160,2.05,0.155,12.1
19479,23911,3678,1.455,0.273,4.7
19480,23913,3680,1.667,0.333,4.7
19481,23919,22690,2.935,0.396,14.0
19482,23919,23920,3.0,0.0,14.2
19483,23921,23922,2.9,0.544,14.4
19484,23921,23912,2.667,0.333,14.2
19485,23921,3688,2.0,0.0,4.7
19486,23923,23924,2.333,0.333,14.4
19487,23923,23910,3.0,0.0,14.3
19488,23923,3690,1.5,0.5,4.7
19489,23925,23926,1.6,0.257,8.5
19490,23927,23908,2.056,0.173,8.5
19491,23935,23936,4.0,0.0,15.5
19492,23937,23938,2.0,0.0,9.0
19493,23939,28894,1.667,0.333,6.6
19494,23939,8282,2.0,0.0,11.3
19495,23941,3720,2.0,0.0,9.1
19496,23955,8328,2.722,0.212,33.2
19497,23955,23956,1.286,0.22,19.5
19498,23961,23962,1.286,0.238,14.8
19499,23965,14064,2.0,4.0,2.4
19500,23967,23968,3.4,0.3,8.2
19501,23969,25836,2.0,0.0,7.7
19502,23969,5402,3.333,0.333,12.3
19503,23971,32556,2.333,0.333,10.4
19504,23971,3740,2.0,0.0,4.7
19505,23981,23982,2.0,0.0,9.0
19506,23981,3750,1.5,0.5,4.7
19507,23983,17260,2.0,0.0,9.1
19508,23985,23986,2.0,0.0,7.2
19509,23985,3754,1.5,0.5,4.7
19510,23991,3760,1.5,0.5,4.7
19511,23993,39276,4.0,0.0,27.4
19512,23995,39280,2.389,0.487,12.1
19513,23995,23978,2.889,0.361,13.3
19514,23995,3764,1.667,0.333,4.8
19515,24003,3768,3.0,0.0,9.8
19516,24011,24012,1.5,0.5,5.3
19517,24013,24014,3.0,0.0,14.4
19518,24015,6196,1.5,0.5,9.0
19519,24017,24018,1.6,0.3,9.0
19520,24017,21030,2.75,0.25,14.2
19521,24017,3786,1.667,0.267,4.7
19522,24019,24020,1.818,0.364,9.1
19523,24021,24496,10.15,43.713,19.2
19524,24023,24016,1.95,0.155,9.0
19525,24023,29206,2.0,0.0,13.0
19526,24023,3792,1.4,0.3,4.7
19527,24025,4410,2.0,0.667,9.1
19528,24025,24026,3.0,0.5,14.4
19529,24027,24724,2.0,0.4,9.0
19530,24029,24030,3.0,0.0,12.4
19531,24029,3798,2.0,0.0,4.7
19532,24031,3800,1.667,0.333,4.7
19533,24033,3802,1.286,0.238,4.7
19534,24037,3806,1.667,0.267,4.7
19535,24041,32506,3.0,0.0,16.4
19536,24041,11434,4.0,0.0,20.6
19537,24047,3830,1.5,0.5,9.3
19538,24047,24048,3.333,0.333,14.5
19539,24047,24062,3.0,0.0,14.3
19540,24049,3818,1.5,0.5,4.7
19541,24053,32498,1.5,0.5,7.3
19542,24055,24056,1.667,0.333,8.0
19543,24057,24058,2.667,0.333,14.4
19544,24063,24038,2.0,0.0,9.0
19545,24063,24064,3.0,0.0,14.4
19546,24063,3832,1.333,0.333,4.7
19547,24071,3840,1.5,0.5,4.7
19548,24075,26896,2.0,0.0,9.0
19549,24077,24078,2.0,0.0,10.3
19550,24079,3848,1.5,0.5,4.7
19551,24085,38258,2.0,0.0,8.9
19552,24091,20200,2.917,0.447,14.9
19553,24097,24098,2.2,0.2,14.2
19554,24101,39990,1.5,0.5,10.8
19555,24101,39420,3.0,0.0,11.6
19556,24127,3876,2.0,0.0,12.6
19557,24129,14260,2.0,0.0,16.5
19558,24137,4882,2.0,0.0,13.8
19559,24137,24138,3.333,0.333,16.3
19560,24139,28948,2.0,0.0,9.0
19561,24139,38016,3.0,0.0,15.9
19562,24143,3902,1.5,0.5,4.7
19563,24145,30388,3.0,0.0,20.2
19564,24145,24146,3.2,0.2,23.1
19565,24145,9584,2.5,0.5,17.8
19566,24147,24148,2.0,0.0,14.4
19567,24149,24150,2.0,0.0,14.5
19568,24151,24152,1.4,0.3,10.4
19569,24153,24154,1.6,0.3,10.4
19570,24155,24156,2.0,0.0,14.7
19571,24157,25670,2.25,0.25,15.4
19572,24173,3932,2.0,0.0,4.7
19573,24181,24188,2.0,0.0,14.4
19574,24181,24172,3.0,0.0,14.2
19575,24181,3948,1.429,0.286,4.7
19576,24187,25004,2.25,0.25,10.5
19577,24187,24994,3.0,0.0,14.4
19578,24197,3958,2.0,0.0,4.7
19579,24203,26478,2.0,0.0,14.6
19580,24213,29874,2.0,0.0,9.7
19581,24229,24230,2.0,0.0,10.4
19582,24235,24236,1.353,0.368,10.7
19583,24235,39490,1.8,0.2,9.9
19584,24237,24238,1.176,0.154,9.1
19585,24239,24240,1.929,0.071,14.8
19586,24241,24242,1.867,0.552,11.4
19587,24243,5440,2.5,0.333,9.9
19588,24243,24244,4.067,0.781,32.4
19589,24245,22676,2.48,0.51,22.3
19590,24245,8938,2.143,0.143,21.5
19591,24245,2598,2.5,0.5,15.0
19592,24251,24252,3.5,0.333,15.3
19593,24253,30088,2.8,0.2,14.6
19594,24255,24256,3.0,1.0,14.3
19595,24257,24258,3.5,0.5,14.2
19596,24261,40416,3.667,2.333,14.5
19597,24267,30080,2.667,0.333,14.0
19598,24269,24270,3.0,0.0,13.2
19599,24269,4012,1.667,0.333,4.7
19600,24271,24272,3.0,0.0,14.4
19601,24273,24274,3.0,0.0,14.4
19602,24275,40406,3.0,0.0,14.2
19603,24283,30084,2.0,0.0,9.1
19604,24287,24288,1.25,0.205,9.2
19605,24289,24290,2.583,0.265,14.0
19606,24291,34084,2.111,0.111,13.0
19607,24291,39020,3.5,0.5,19.4
19608,24291,12770,2.0,0.0,17.4
19609,24293,1586,1.5,0.5,13.1
19610,24305,30188,7.0,0.0,36.1
19611,24305,35250,1.667,0.333,8.8
19612,24315,4064,3.0,0.0,13.1
19613,24327,11330,2.0,0.0,11.0
19614,24329,24330,3.0,0.0,10.2
19615,24331,24332,3.0,0.0,13.6
19616,24337,24338,1.007,0.007,9.4
19617,24341,24342,1.094,0.085,5.4
19618,24343,24344,2.214,0.645,22.8
19619,24345,24346,1.127,0.111,13.6
19620,24347,24348,1.198,0.159,7.9
19621,24349,5000,2.074,0.225,11.0
19622,24349,25350,4.044,1.32,38.3
19623,24349,25322,15.0,154.0,25.8
19624,24359,32224,2.0,0.0,13.9
19625,24377,20042,2.0,0.0,9.1
19626,24377,3474,2.5,0.5,10.9
19627,24381,24608,2.0,0.0,9.8
19628,24387,4490,2.312,0.362,11.2
19629,24387,39292,3.632,0.246,24.8
19630,24393,41804,1.333,0.333,8.6
19631,24395,24396,2.667,1.467,8.4
19632,24397,32126,2.667,0.267,7.9
19633,24399,30592,2.238,0.186,24.3
19634,24407,29210,3.615,3.348,22.8
19635,24407,25308,1.763,0.466,21.3
19636,24409,24410,2.038,0.075,14.7
19637,24411,24412,1.585,0.247,10.4
19638,24413,31436,2.154,0.141,12.1
19639,24413,24414,2.075,0.481,15.2
19640,24415,23566,2.5,0.5,10.5
19641,24415,24416,4.0,0.294,30.1
19642,24415,13956,2.0,0.0,11.2
19643,24417,24418,1.971,0.205,14.5
19644,24419,14292,2.714,0.214,14.5
19645,24419,25828,2.812,0.562,20.3
19646,24421,24436,1.683,0.218,20.0
19647,24423,26916,3.0,8.0,3.0
19648,24427,24428,1.113,0.101,13.1
19649,24429,24430,1.143,0.124,12.9
19650,24437,24438,1.01,0.01,9.5
19651,24439,24440,1.029,0.028,9.4
19652,24441,4148,2.0,0.0,1.4
19653,24443,24444,1.162,0.137,13.3
19654,24447,24448,1.012,0.012,9.4
19655,24449,24422,1.12,0.107,13.1
19656,24461,24462,1.438,0.247,16.8
19657,24465,24466,1.217,0.171,14.1
19658,24473,24470,3.0,0.0,13.8
19659,24473,4180,2.0,0.0,4.7
19660,24483,24484,3.0,0.0,5.0
19661,24485,24486,2.0,0.0,4.1
19662,24485,4192,2.0,0.0,4.7
19663,24497,24504,3.529,2.56,10.4
19664,24497,29218,5.5,17.5,14.6
19665,24499,4416,2.0,0.0,14.4
19666,24499,24500,3.0,0.0,14.2
19667,24501,29212,3.0,0.0,14.3
19668,24503,31426,3.0,0.0,14.3
19669,24503,10500,4.0,0.0,16.8
19670,24505,25308,3.25,0.917,22.4
19671,24505,25316,3.583,0.307,25.3
19672,24507,24508,4.4,0.3,22.0
19673,24511,20504,2.0,0.0,9.0
19674,24513,35558,1.588,0.327,20.5
19675,24517,19178,2.375,0.268,16.0
19676,24519,24522,3.0,2.0,14.6
19677,24523,24524,3.667,0.333,15.2
19678,24525,14298,3.0,0.0,12.7
19679,24529,4234,2.0,0.0,4.7
19680,24531,26446,2.0,0.0,14.7
19681,24537,24550,5.0,0.0,23.4
19682,24537,4276,4.571,1.286,19.8
19683,24541,17268,2.0,0.286,16.3
19684,24545,20654,1.412,0.257,14.2
19685,24547,20654,1.846,0.141,16.2
19686,24551,24552,6.0,0.0,27.3
19687,24553,18928,4.0,0.0,15.9
19688,24555,24556,3.0,2.0,14.6
19689,24557,24558,2.5,0.5,14.4
19690,24561,24562,3.333,0.333,14.4
19691,24563,24564,3.0,0.0,13.0
19692,24565,24566,1.333,0.333,4.6
19693,24567,24568,3.0,0.0,12.4
19694,24569,24570,3.5,0.5,14.4
19695,24571,24590,2.0,0.0,9.0
19696,24577,38086,2.0,0.0,7.5
19697,24583,4282,3.0,0.0,4.7
19698,24587,4286,1.5,0.333,4.7
19699,24591,4290,2.0,0.0,4.7
19700,24599,24560,3.667,0.333,14.4
19701,24603,24604,2.222,0.194,10.4
19702,24605,24606,2.0,0.0,9.0
19703,24609,4306,2.0,0.0,4.7
19704,24615,39294,2.5,0.5,13.8
19705,24617,24618,2.0,0.0,9.4
19706,24617,13466,2.667,0.333,14.3
19707,24629,24630,1.5,0.5,12.8
19708,24631,24632,1.5,0.5,13.0
19709,24633,5984,2.0,0.0,14.2
19710,24647,24648,2.222,0.194,14.4
19711,24649,4350,2.0,0.0,9.0
19712,24649,24650,2.0,0.0,14.4
19713,24649,4338,2.0,0.0,4.7
19714,24651,16388,3.143,0.143,23.0
19715,24661,24662,2.111,0.111,14.1
19716,24661,4352,2.0,0.0,4.7
19717,24663,24646,2.111,0.111,14.1
19718,24671,24672,3.0,0.0,14.3
19719,24673,16656,1.667,0.333,11.2
19720,24673,38522,3.333,0.333,15.3
19721,24679,24682,1.556,0.528,7.8
19722,24689,4380,2.0,0.0,4.7
19723,24691,29880,4.0,0.0,14.7
19724,24693,24694,4.0,0.0,20.3
19725,24697,23836,2.875,0.411,14.2
19726,24697,3608,2.0,0.0,14.2
19727,24697,4388,1.5,0.5,4.7
19728,24719,4408,3.0,0.0,14.1
19729,24721,24722,3.0,0.0,14.3
19730,24723,3794,3.5,0.5,14.2
19731,24725,24718,2.0,0.0,9.1
19732,24725,4412,1.333,0.333,4.7
19733,24729,4204,3.0,0.0,14.4
19734,24739,4426,1.5,0.5,4.7
19735,24755,1112,2.0,0.0,9.3
19736,24761,24762,4.0,0.0,14.4
19737,24761,4448,1.5,0.5,4.7
19738,24763,24764,3.0,0.0,14.4
19739,24765,24738,3.0,0.0,14.2
19740,24773,4464,1.5,0.5,4.7
19741,24783,24784,3.0,0.0,14.4
19742,24785,24786,3.0,0.0,14.8
19743,24791,24792,4.2,0.2,21.4
19744,24793,31774,2.667,0.333,14.6
19745,24793,6570,3.25,0.25,23.8
19746,24793,27084,4.0,0.0,24.6
19747,24795,24796,2.833,0.567,14.1
19748,24797,33198,2.75,0.25,14.3
19749,24797,12030,4.0,0.0,21.0
19750,24801,39292,2.008,1.0,23.9
19751,24801,32124,3.571,11.802,6.2
19752,24805,39192,1.25,0.25,20.8
19753,24817,33898,2.314,0.281,18.2
19754,24831,24836,1.5,0.5,9.0
19755,24833,24848,1.333,0.333,9.4
19756,24835,24832,3.0,0.0,14.4
19757,24837,24838,2.5,0.5,14.2
19758,24839,24844,2.667,0.333,13.8
19759,24845,24850,1.667,0.333,9.0
19760,24847,24848,3.25,0.25,14.4
19761,24849,24850,2.667,0.267,14.4
19762,24849,4530,2.0,0.0,4.7
19763,24851,17838,1.917,0.083,9.4
19764,24855,4536,2.0,0.0,4.7
19765,24859,37840,4.0,1.0,11.9
19766,24861,5610,2.125,0.411,11.6
19767,24861,38240,4.375,0.554,33.0
19768,24863,4542,1.667,0.25,4.7
19769,24879,4566,2.0,0.0,4.8
19770,24879,4572,3.333,0.333,13.6
19771,24879,4556,2.0,0.0,4.7
19772,24883,24904,3.0,0.0,17.1
19773,24885,33002,1.75,0.25,10.2
19774,24889,24890,4.0,0.0,17.3
19775,24889,24892,2.0,0.4,9.6
19776,24891,10696,3.0,0.0,14.4
19777,24893,4582,2.9,0.544,14.5
19778,24893,24884,4.0,0.0,13.4
19779,24905,24906,2.0,0.0,14.4
19780,24907,24908,3.0,0.667,14.4
19781,24909,4572,2.0,0.0,11.7
19782,24909,24884,5.0,1.0,19.0
19783,24911,24912,3.0,0.0,9.0
19784,24911,24882,3.25,0.917,13.9
19785,24911,4584,1.667,0.333,4.7
19786,24929,24930,3.0,0.667,14.4
19787,24931,24932,3.5,1.667,14.4
19788,24933,3288,3.5,0.333,14.2
19789,24945,41838,1.895,10.211,10.3
19790,24945,41948,7.025,346.177,9.2
19791,24947,39592,3.0,0.0,13.2
19792,24947,24948,3.0,0.0,13.5
19793,24949,4650,3.0,0.0,9.3
19794,24949,24950,3.0,2.0,14.4
19795,24949,4622,1.25,0.25,4.7
19796,24951,24952,3.5,4.5,14.4
19797,24953,4626,1.5,0.5,4.7
19798,24961,24962,3.143,0.476,14.2
19799,24963,27742,2.667,0.267,19.5
19800,24965,35764,1.919,0.207,18.4
19801,24967,4638,1.231,0.192,4.7
19802,24973,17180,1.875,0.696,9.1
19803,24975,24998,2.0,0.0,9.0
19804,24977,24978,2.0,0.0,9.0
19805,24979,4622,2.0,0.0,14.3
19806,24983,4676,1.667,0.267,9.0
19807,24995,24982,2.2,0.2,9.0
19808,24997,4646,1.5,0.3,9.2
19809,25003,4642,5.0,0.0,21.6
19810,25005,25006,3.5,0.5,14.4
19811,25005,4654,3.0,0.0,14.2
19812,25007,25008,3.5,0.5,14.4
19813,25009,25010,3.5,0.5,14.4
19814,25011,24986,4.0,0.0,14.3
19815,25011,4682,2.0,0.0,4.7
19816,25013,4684,1.5,0.5,4.7
19817,25015,39164,2.333,0.333,12.3
19818,25015,17178,2.556,0.278,13.5
19819,25035,25036,1.4,0.3,9.8
19820,25037,25040,10.5,0.333,128.0
19821,25043,25080,1.333,0.333,7.8
19822,25057,38374,2.0,0.0,9.2
19823,25057,16510,2.0,0.154,14.8
19824,25081,25082,3.25,0.25,14.4
19825,25083,25084,3.0,0.0,14.4
19826,25085,25144,3.0,0.0,14.2
19827,25091,25092,3.0,0.0,14.4
19828,25093,25094,2.5,0.5,14.4
19829,25095,25096,2.833,0.567,14.4
19830,25097,4752,1.833,0.167,9.0
19831,25099,25100,3.0,0.0,14.4
19832,25101,25102,3.0,0.0,14.4
19833,25103,25104,2.5,0.5,14.4
19834,25105,25106,3.5,0.5,14.4
19835,25107,25108,4.0,0.0,14.4
19836,25109,25110,4.0,0.0,14.4
19837,25111,25112,3.0,2.0,14.4
19838,25113,25114,4.0,2.0,14.5
19839,25115,25116,3.6,0.3,14.5
19840,25117,4848,2.0,0.667,9.5
19841,25119,25164,3.0,0.0,14.2
19842,25145,4764,2.0,0.0,9.1
19843,25145,25094,3.0,0.0,14.2
19844,25161,30968,3.0,0.571,19.5
19845,25165,25166,3.333,0.333,14.4
19846,25167,25056,2.333,0.333,12.7
19847,25175,25176,2.733,0.21,14.4
19848,25177,25152,2.0,0.0,14.5
19849,25177,4788,3.0,0.462,14.4
19850,25181,25416,4.714,0.905,31.9
19851,25181,9982,4.171,0.645,30.3
19852,25183,25184,2.0,0.0,5.0
19853,25185,4732,3.0,0.0,12.2
19854,25197,25198,2.5,3.0,6.0
19855,25199,25200,3.0,0.0,17.1
19856,25199,4870,1.5,0.5,4.7
19857,25201,25202,3.0,0.0,14.2
19858,25207,14868,2.25,0.25,9.2
19859,25213,19560,3.062,1.913,21.7
19860,25219,25238,7.5,0.5,26.9
19861,25223,30354,3.0,0.0,9.9
19862,25231,4902,1.667,0.25,4.7
19863,25235,4906,2.0,0.0,4.7
19864,25237,9604,2.0,0.0,12.6
19865,25239,30358,2.0,0.0,5.5
19866,25239,9616,5.0,0.0,9.2
19867,25241,35746,1.415,0.493,11.5
19868,25243,19290,2.0,0.0,9.0
19869,25243,25244,2.4,0.267,12.3
19870,25245,15010,1.5,0.333,6.2
19871,25245,38980,2.333,0.267,16.1
19872,25249,25250,1.333,0.267,16.0
19873,25251,6356,2.0,0.0,8.5
19874,25253,26768,2.0,0.0,6.1
19875,25257,33202,2.066,0.279,23.9
19876,25259,27334,1.667,0.333,11.6
19877,25259,25260,1.144,0.124,14.2
19878,25291,25270,1.966,0.606,23.7
19879,25291,25318,1.308,0.579,5.8
19880,25313,24010,1.5,0.5,6.2
19881,25313,25314,1.018,0.017,9.5
19882,25317,12142,1.621,0.237,21.1
19883,25319,7504,2.5,0.5,18.6
19884,25319,25320,2.193,0.208,28.0
19885,25319,31310,6.0,0.0,2.2
19886,25321,20440,3.396,0.835,35.2
19887,25325,25326,1.139,0.121,13.3
19888,25327,25254,1.195,0.17,15.3
19889,25327,31738,4.333,33.333,4.1
19890,25329,25330,1.124,0.109,13.9
19891,25331,25332,1.05,0.048,12.7
19892,25331,27346,1.778,3.944,2.9
19893,25335,25336,1.387,0.239,17.0
19894,25337,25338,1.022,0.022,9.4
19895,25337,16398,7.0,108.0,2.3
19896,25339,25340,1.28,0.203,6.8
19897,25341,25324,1.05,0.048,9.4
19898,25343,35382,1.5,0.252,11.0
19899,25345,23062,1.312,0.222,9.0
19900,25349,31300,1.663,0.226,11.5
19901,25349,28928,1.429,0.286,9.4
19902,25351,25352,1.358,0.408,14.2
19903,25353,25354,1.368,0.407,11.8
19904,25355,25356,1.258,0.214,14.0
19905,25357,25358,1.159,0.147,13.5
19906,25359,25942,4.087,0.657,50.1
19907,25359,31066,4.334,0.375,50.8
19908,25365,24082,2.5,0.5,18.6
19909,25365,25366,1.833,3.805,19.5
19910,25367,38998,3.661,0.711,39.4
19911,25367,5018,16.645,134.303,13.6
19912,25367,25412,27.0,0.0,3.3
19913,25369,41938,1.305,0.224,7.0
19914,25377,25378,1.021,0.021,9.3
19915,25379,25362,2.291,0.839,21.7
19916,25383,25344,1.25,0.194,10.3
19917,25387,25388,1.218,0.281,13.1
19918,25387,5004,4.0,18.0,3.5
19919,25389,25390,2.638,30.651,8.3
19920,25391,25350,1.667,0.267,6.0
19921,25391,25322,4.27,1.017,45.0
19922,25391,25360,5.732,19.951,23.4
19923,25393,6582,3.231,0.526,17.0
19924,25393,39002,3.485,0.912,36.6
19925,25397,4998,1.667,0.333,10.2
19926,25397,25388,2.667,0.267,15.3
19927,25401,26856,4.0,0.0,27.9
19928,25401,25402,1.259,0.193,15.6
19929,25403,26710,2.75,0.25,15.5
19930,25403,25404,1.043,0.042,12.0
19931,25407,39264,2.0,0.009,19.1
19932,25409,17166,2.0,0.0,11.9
19933,25409,25410,1.474,0.354,14.3
19934,25411,25412,1.549,0.253,7.2
19935,25411,25392,3.6,0.935,36.6
19936,25411,38998,4.429,1.286,38.3
19937,25417,25418,1.487,0.251,18.3
19938,25421,27736,1.645,0.234,20.9
19939,25421,31702,4.5,40.333,5.8
19940,25423,5856,1.737,0.205,10.6
19941,25423,25424,2.0,0.25,18.9
19942,25425,25972,1.5,0.286,13.4
19943,25429,25432,1.085,0.079,14.8
19944,25431,39254,1.692,0.302,9.1
19945,25431,17234,2.522,0.4,14.1
19946,25433,25434,1.115,0.103,14.5
19947,25435,25436,1.809,0.158,14.5
19948,25435,26398,2.0,0.0,19.6
19949,25437,25438,1.362,0.236,16.6
19950,25439,25440,2.745,0.281,35.6
19951,25443,25444,2.51,1.088,23.6
19952,25445,25446,1.817,23.983,5.0
19953,25447,25430,5.69,227.674,6.4
19954,25449,32304,1.832,0.706,17.0
19955,25451,25452,32.778,4013.852,14.6
19956,25451,41890,10.954,678.938,14.8
19957,25453,40442,2.1,0.4,13.3
19958,25453,40440,4.467,0.895,43.5
19959,25455,25456,2.125,0.125,15.0
19960,25457,25464,2.833,0.167,24.0
19961,25459,25460,1.692,0.231,12.5
19962,25463,14170,2.0,0.0,14.0
19963,25463,35630,2.25,0.386,14.5
19964,25465,25466,1.857,0.143,13.6
19965,25469,25470,2.0,0.0,16.2
19966,25471,25472,1.667,0.333,12.9
19967,25473,25474,1.833,0.167,13.5
19968,25475,25476,2.333,0.267,15.8
19969,25477,25458,2.0,0.154,14.4
19970,25479,25480,1.083,0.083,10.4
19971,25481,15748,2.231,0.359,21.3
19972,25483,27174,1.333,0.333,6.3
19973,25483,32532,1.231,0.181,16.2
19974,25487,25488,1.827,0.146,9.6
19975,25489,32754,4.192,0.158,40.9
19976,25491,22288,2.0,0.0,14.7
19977,25495,25496,1.333,0.333,10.8
19978,25497,25498,1.333,0.333,11.1
19979,25499,35612,2.0,0.0,13.0
19980,25499,27188,2.0,0.0,13.4
19981,25505,31240,1.667,0.333,10.4
19982,25513,31998,1.065,0.062,12.3
19983,25515,13034,3.0,0.0,14.2
19984,25517,34740,1.333,0.333,6.4
19985,25517,5116,2.0,0.0,4.7
19986,25521,5126,2.0,0.0,9.0
19987,25521,34170,3.25,0.25,14.4
19988,25521,25532,2.667,1.333,14.3
19989,25521,12852,1.857,0.143,4.7
19990,25523,12854,2.5,0.5,14.3
19991,25531,12852,3.0,0.5,14.3
19992,25533,5128,1.667,0.333,4.7
19993,25535,13036,3.0,0.0,14.4
19994,25539,12864,1.5,0.3,4.7
19995,25545,16814,1.333,0.264,7.4
19996,25551,25544,1.13,0.115,13.2
19997,25553,25554,1.039,0.037,12.0
19998,25557,32930,1.143,0.123,13.4
19999,25561,38948,2.225,22.29,15.9
20000,25563,25564,2.0,0.0,14.5
20001,25565,22484,2.0,0.0,14.5
20002,25569,25904,2.312,2.544,22.7
20003,25569,19814,2.377,5.439,8.4
20004,25573,25574,1.17,0.143,13.4
20005,25573,22556,3.0,8.0,3.5
20006,25577,17384,1.333,0.333,7.1
20007,25577,25578,1.127,0.112,14.0
20008,25581,25582,1.136,0.12,14.0
20009,25581,11418,2.25,6.25,4.6
20010,25583,25584,1.113,0.102,13.5
20011,25585,20392,3.118,0.592,38.2
20012,25585,16688,3.242,2.189,20.5
20013,25587,25588,1.181,0.15,15.8
20014,25591,25592,1.221,0.174,15.2
20015,25597,25598,1.087,0.174,9.5
20016,25599,25600,1.062,0.062,9.3
20017,25605,25606,1.364,0.237,17.0
20018,25609,12204,2.0,0.0,13.8
20019,25609,23102,2.341,0.23,29.7
20020,25611,5194,1.5,0.333,7.6
20021,25619,16562,3.0,0.0,12.7
20022,25621,25622,1.579,0.257,21.4
20023,25623,25624,1.115,0.104,14.4
20024,25625,25626,1.692,0.271,20.6
20025,25625,5520,2.091,7.691,4.0
20026,25627,11360,1.056,0.056,4.1
20027,25631,25422,1.074,0.071,14.9
20028,25633,25634,1.449,0.294,18.4
20029,25635,12942,2.167,0.167,15.3
20030,25635,27764,1.249,0.742,14.5
20031,25639,25640,3.833,0.167,28.1
20032,25639,5220,8.0,0.0,1.4
20033,25641,10080,1.5,0.5,6.4
20034,25641,38046,5.5,0.333,31.5
20035,25641,25636,6.0,32.0,16.4
20036,25647,25648,2.75,0.25,14.4
20037,25647,5228,2.0,0.0,4.7
20038,25649,5226,1.5,0.5,9.0
20039,25649,5230,1.5,0.5,4.7
20040,25653,5228,3.0,0.0,14.2
20041,25655,14280,2.0,0.0,7.9
20042,25655,25656,1.476,0.262,10.5
20043,25657,25658,1.619,0.248,10.4
20044,25659,5240,2.0,0.0,4.7
20045,25661,25662,1.5,0.5,14.3
20046,25661,5264,2.0,0.118,14.4
20047,25663,25664,1.75,0.25,10.5
20048,25665,28178,1.75,0.25,9.1
20049,25671,25672,1.545,0.273,10.4
20050,25673,25674,1.923,0.077,14.6
20051,25675,25676,1.333,0.238,10.4
20052,25677,25678,2.211,0.175,17.1
20053,25679,25680,1.273,0.205,10.4
20054,25681,25682,1.441,0.254,10.6
20055,25683,5242,1.394,0.309,10.0
20056,25683,25662,2.25,0.25,15.3
20057,25685,25686,1.467,0.267,11.4
20058,25689,9520,1.5,0.5,11.8
20059,25689,25690,2.0,0.0,16.6
20060,25689,30258,2.143,0.143,15.7
20061,25689,5270,2.0,0.0,4.7
20062,25691,30270,1.667,0.267,14.4
20063,25693,25694,1.176,0.154,10.4
20064,25695,25696,1.818,0.164,14.3
20065,25695,30392,2.667,1.333,14.2
20066,25697,25698,2.0,0.0,14.4
20067,25701,25702,1.9,0.1,14.2
20068,25703,5284,1.667,0.333,4.7
20069,25705,27708,1.75,0.2,12.1
20070,25719,25720,1.75,0.25,14.8
20071,25721,33166,1.333,0.333,11.0
20072,25721,11994,4.0,0.0,19.8
20073,25729,25730,2.0,0.0,16.4
20074,25733,25734,2.0,0.0,22.8
20075,25737,8148,2.0,0.0,14.5
20076,25743,25744,1.111,0.102,13.4
20077,25751,20980,1.029,0.029,7.8
20078,25767,25768,1.107,0.099,13.1
20079,25769,25770,1.433,0.254,18.7
20080,25771,38902,1.069,0.138,10.0
20081,25775,25776,1.136,0.123,13.7
20082,25779,25780,2.478,0.261,32.6
20083,25783,25784,1.043,0.043,14.0
20084,25787,21740,1.2,0.2,5.0
20085,25787,21708,1.25,0.25,3.6
20086,25793,34950,1.277,0.379,13.2
20087,25815,21784,1.25,0.25,12.2
20088,25815,39034,1.303,0.218,15.0
20089,25817,38918,1.057,0.054,12.8
20090,25819,25820,2.914,40.706,8.7
20091,25821,23954,2.333,0.25,10.2
20092,25821,25822,6.562,21.108,32.7
20093,25823,28744,2.333,0.333,13.3
20094,25823,18484,1.063,0.06,12.9
20095,25825,25826,9.383,742.38,11.9
20096,25827,25792,2.6,0.489,14.5
20097,25827,25858,4.23,14.184,34.5
20098,25829,25830,1.4,0.248,10.3
20099,25831,25832,1.3,0.217,9.8
20100,25833,25834,1.267,0.202,9.0
20101,25835,3738,2.0,0.0,7.8
20102,25835,25836,1.357,0.238,10.1
20103,25837,25838,1.867,0.189,14.7
20104,25839,25840,1.413,0.248,11.2
20105,25841,25842,1.392,0.243,10.4
20106,25843,25844,1.226,0.179,10.0
20107,25845,24420,2.429,0.286,12.3
20108,25845,28762,3.533,0.267,22.7
20109,25845,24450,3.438,0.319,16.4
20110,25847,25848,1.104,0.093,12.8
20111,25849,25850,1.925,0.507,20.5
20112,25849,28412,22.143,265.143,3.9
20113,25851,25852,1.018,0.027,8.0
20114,25853,25854,1.015,0.015,9.6
20115,25855,20664,1.123,0.108,13.0
20116,25857,19678,10.81,1512.684,16.6
20117,25859,25860,2.809,158.719,8.2
20118,25861,19686,2.025,0.539,19.6
20119,25861,2916,9.831,169.674,13.9
20120,25863,25864,1.3,1.426,13.6
20121,25865,25866,1.211,0.591,13.2
20122,25865,29774,4.0,14.857,8.7
20123,25871,34082,1.124,0.772,9.4
20124,25875,25884,1.037,0.175,9.4
20125,25877,25878,1.15,0.208,13.5
20126,25879,25880,1.066,0.062,4.0
20127,25881,25882,1.366,0.478,13.4
20128,25881,9176,2.643,17.94,3.1
20129,25883,25552,1.593,0.61,16.3
20130,25885,29344,2.0,0.0,14.3
20131,25885,25886,2.5,0.286,31.7
20132,25885,8698,7.0,0.0,3.5
20133,25887,25888,1.011,0.021,8.4
20134,25887,30128,4.667,40.333,2.5
20135,25889,24244,3.062,0.329,19.0
20136,25889,25890,2.547,0.783,25.3
20137,25891,25876,1.954,0.746,20.4
20138,25891,31556,2.25,0.25,15.3
20139,25897,25898,2.021,1.257,10.3
20140,25899,25900,1.363,5.966,11.5
20141,25901,25902,1.045,0.043,8.2
20142,25903,1690,1.194,0.813,12.6
20143,25909,34840,1.5,0.5,8.5
20144,25909,13750,3.0,0.0,22.3
20145,25909,25910,2.207,0.17,28.1
20146,25911,25912,1.115,0.106,13.0
20147,25929,25930,1.062,0.06,13.6
20148,25931,25906,1.031,0.031,13.2
20149,25933,25934,1.519,0.264,22.5
20150,25943,40216,2.032,0.232,9.0
20151,25943,35532,3.394,1.098,36.5
20152,25943,12016,5.227,1.898,39.3
20153,25955,25956,3.0,0.0,15.4
20154,25957,5490,2.5,0.5,14.6
20155,25969,9258,4.0,0.0,21.6
20156,25971,5508,1.5,0.5,4.7
20157,25973,25974,1.75,0.214,14.5
20158,25975,26264,1.714,0.238,14.8
20159,25977,25978,2.0,0.0,14.4
20160,25981,25982,1.925,0.187,14.4
20161,25983,5206,1.673,0.224,9.0
20162,25983,38082,2.0,0.0,16.1
20163,25985,25986,1.932,0.064,14.1
20164,25987,39212,1.536,0.253,9.1
20165,25987,17210,2.118,0.41,14.2
20166,25991,25992,1.8,0.2,14.5
20167,25993,25994,2.167,0.167,14.7
20168,25993,26272,2.0,0.0,14.6
20169,25995,25996,1.778,0.194,14.6
20170,25997,25998,1.909,0.291,14.9
20171,25999,38006,1.222,0.194,11.1
20172,25999,26000,2.75,0.25,16.6
20173,26003,26004,1.312,0.229,17.7
20174,26005,26006,1.105,0.099,16.1
20175,26007,26008,1.077,0.077,15.5
20176,26007,26010,1.5,1.0,4.3
20177,26009,26288,1.6,0.3,7.3
20178,26009,15358,1.111,0.111,15.5
20179,26011,27152,2.0,0.0,6.7
20180,26011,26012,2.0,0.667,15.8
20181,26019,5556,1.333,0.267,4.7
20182,26021,5558,2.0,0.0,4.7
20183,26023,25680,2.0,0.0,12.7
20184,26029,5238,3.0,0.0,12.8
20185,26035,5266,2.0,0.0,12.5
20186,26039,5576,2.0,0.0,4.7
20187,26043,17032,2.0,0.0,14.9
20188,26047,5584,1.5,0.5,4.7
20189,26049,5602,2.0,0.0,4.7
20190,26057,5592,2.0,0.0,4.7
20191,26071,26542,3.333,0.333,18.8
20192,26073,21212,4.0,0.0,33.0
20193,26073,38240,2.39,1.814,32.9
20194,26073,24864,8.0,121.6,8.1
20195,26079,26080,1.194,0.256,9.4
20196,26079,40492,6.0,0.0,2.9
20197,26081,26082,1.373,0.533,9.5
20198,26083,39160,1.312,0.33,9.5
20199,26091,26092,3.0,0.0,14.4
20200,26093,26094,2.75,0.25,14.5
20201,26095,27112,2.625,0.268,14.7
20202,26101,26110,2.0,0.0,12.6
20203,26105,26106,1.312,0.229,10.4
20204,26107,26108,1.467,0.267,10.4
20205,26109,26110,1.2,0.171,10.4
20206,26111,26112,1.375,0.25,10.4
20207,26113,26114,4.125,0.383,31.1
20208,26115,32804,1.25,0.2,6.5
20209,26123,5658,2.0,0.0,4.7
20210,26139,5662,1.333,0.333,4.7
20211,26141,5676,2.0,0.0,4.7
20212,26143,26144,1.25,0.25,16.4
20213,26145,5780,1.333,0.333,3.7
20214,26147,5212,2.0,0.0,14.8
20215,26155,5686,1.333,0.333,4.7
20216,26157,5688,2.0,0.0,4.7
20217,26161,5692,1.4,0.3,4.7
20218,26165,21382,3.0,0.0,17.7
20219,26165,31770,4.0,0.0,24.3
20220,26175,5704,2.0,0.0,4.7
20221,26177,5706,2.0,0.0,4.7
20222,26187,5716,2.0,0.0,4.7
20223,26189,5718,1.667,0.267,4.7
20224,26191,5720,1.667,0.267,4.7
20225,26195,35958,1.581,0.252,13.6
20226,26195,38812,2.154,0.308,24.4
20227,26197,35274,2.455,0.512,19.9
20228,26199,38922,1.009,0.009,10.6
20229,26201,35274,1.814,0.155,22.4
20230,26203,36876,2.229,0.179,24.5
20231,26205,26206,2.077,0.244,14.5
20232,26207,26218,1.923,0.077,14.4
20233,26209,26210,1.8,0.178,14.6
20234,26211,26212,1.9,0.1,14.6
20235,26213,26214,2.083,0.083,15.3
20236,26215,17226,2.0,0.0,7.8
20237,26215,26216,1.462,0.269,10.4
20238,26219,26220,1.385,0.256,10.4
20239,26221,26222,1.154,0.141,9.0
20240,26223,26224,1.786,0.181,13.2
20241,26225,26226,1.214,0.181,10.4
20242,26227,26228,1.786,0.181,14.4
20243,26229,26230,1.308,0.231,10.5
20244,26231,26232,1.455,0.273,10.5
20245,26233,36316,2.0,0.0,7.9
20246,26233,26208,1.3,0.233,10.6
20247,26239,5764,1.5,0.286,4.7
20248,26243,5768,1.4,0.3,4.7
20249,26249,26250,2.0,0.0,14.6
20250,26249,16272,2.0,0.0,14.3
20251,26251,26252,4.0,0.0,31.2
20252,26251,11362,2.0,0.0,14.2
20253,26253,26254,2.0,0.0,14.4
20254,26261,5030,2.0,0.0,13.3
20255,26265,26266,1.5,0.3,11.8
20256,26267,26268,1.167,0.167,9.7
20257,26271,25978,2.0,0.0,14.2
20258,26273,5844,2.0,0.0,17.4
20259,26273,26004,3.0,0.0,15.0
20260,26275,26276,2.75,0.25,18.9
20261,26277,26278,2.0,0.0,15.1
20262,26289,26290,1.625,0.268,13.8
20263,26291,26294,1.286,0.238,10.4
20264,26293,33716,3.167,0.567,28.2
20265,26293,14176,3.0,0.0,15.3
20266,26295,5812,2.0,0.0,15.5
20267,26295,26296,1.8,0.2,14.1
20268,26301,26302,2.0,0.0,14.2
20269,26307,26308,2.25,0.25,16.8
20270,26309,26292,2.0,0.0,14.2
20271,26313,16188,2.0,0.0,13.1
20272,26321,5836,2.0,0.0,11.9
20273,26321,26312,1.833,0.167,17.3
20274,26329,26330,1.111,0.111,13.9
20275,26331,5028,2.0,0.0,18.6
20276,26337,36422,1.286,0.238,7.7
20277,26337,26338,1.083,0.167,9.1
20278,26339,29756,1.031,0.03,13.6
20279,26343,5872,3.697,0.778,37.7
20280,26343,34060,5.0,0.5,46.3
20281,26345,24512,4.846,1.134,45.6
20282,26345,5870,2.825,10.399,7.2
20283,26351,26352,1.25,0.25,7.2
20284,26353,26354,2.0,0.0,8.6
20285,26355,5882,2.0,0.0,4.7
20286,26363,26364,1.115,0.102,13.5
20287,26367,26368,1.078,0.073,13.8
20288,26369,5944,2.0,0.0,13.4
20289,26369,26370,1.88,0.182,22.3
20290,26371,26372,1.13,0.114,14.2
20291,26373,26374,1.59,0.244,19.5
20292,26375,26376,1.227,0.242,13.4
20293,26377,26378,1.671,23.326,13.4
20294,26379,26380,1.756,0.469,19.6
20295,26381,39252,2.326,0.903,18.6
20296,26381,17232,10.5,296.627,6.2
20297,26387,35986,4.0,0.0,22.4
20298,26387,26382,4.0,0.0,22.7
20299,26387,5918,1.667,0.333,4.7
20300,26389,5778,2.0,0.0,14.2
20301,26391,25440,3.0,0.0,16.2
20302,26391,26392,2.5,0.333,21.0
20303,26393,26394,2.0,0.0,13.6
20304,26395,26376,1.5,0.5,9.3
20305,26395,5906,2.333,0.333,14.2
20306,26399,26400,2.0,0.333,14.5
20307,26401,26374,2.611,0.605,19.2
20308,26403,5902,2.0,0.0,17.5
20309,26409,26410,2.333,0.333,14.2
20310,26411,26370,3.25,0.917,22.2
20311,26417,26418,1.2,0.2,10.4
20312,26419,26422,1.5,0.3,10.4
20313,26421,37214,2.0,0.0,12.6
20314,26421,15514,2.8,0.2,16.8
20315,26423,26424,1.444,0.278,10.6
20316,26425,26426,2.111,0.361,16.2
20317,26427,26428,1.833,0.167,13.9
20318,26435,26420,2.0,0.0,15.0
20319,26437,5968,2.0,0.0,4.7
20320,26439,5970,2.0,0.0,4.7
20321,26443,1666,2.5,0.333,13.1
20322,26447,26448,2.6,0.489,20.7
20323,26449,17360,1.286,0.238,9.0
20324,26449,26450,1.667,0.333,14.4
20325,26451,11976,2.0,0.0,9.1
20326,26451,26452,2.0,0.0,14.4
20327,26453,38234,1.6,0.3,14.5
20328,26455,26456,2.0,0.0,14.4
20329,26461,26478,1.6,0.267,9.0
20330,26463,24692,2.0,0.0,9.0
20331,26463,26464,2.2,0.2,14.4
20332,26465,26466,2.2,0.2,14.4
20333,26467,26468,2.0,0.0,14.4
20334,26469,26470,1.8,0.2,11.0
20335,26471,35712,3.0,0.0,14.4
20336,26471,26472,2.0,0.0,14.2
20337,26473,26474,2.0,0.0,14.4
20338,26475,26476,2.25,0.25,14.4
20339,26477,26458,1.8,0.2,14.2
20340,26481,1670,3.0,0.0,16.4
20341,26481,28376,2.0,0.0,14.9
20342,26483,6012,1.75,0.25,4.7
20343,26487,6016,1.333,0.333,4.7
20344,26493,26494,3.0,0.0,14.4
20345,26495,26496,2.0,0.0,9.0
20346,26501,6060,3.0,0.0,14.2
20347,26503,6044,3.0,0.0,14.2
20348,26507,6056,2.5,0.5,14.2
20349,26509,26516,1.5,0.5,9.8
20350,26511,6040,2.0,0.0,4.7
20351,26513,6052,2.333,0.333,9.0
20352,26513,26514,3.043,0.316,14.4
20353,26515,6032,2.0,0.0,9.0
20354,26515,26524,3.0,0.435,14.4
20355,26517,26506,1.5,0.5,9.2
20356,26523,6042,3.0,0.8,14.1
20357,26525,6034,2.2,0.178,9.0
20358,26525,26526,3.222,0.194,14.4
20359,26525,6054,1.8,0.2,4.7
20360,26527,6036,2.0,0.0,9.0
20361,26527,26528,3.333,0.333,14.4
20362,26529,26530,3.0,0.0,14.4
20363,26531,26532,3.0,0.0,14.4
20364,26537,26500,2.0,0.0,9.2
20365,26539,6038,2.333,0.333,12.6
20366,26541,32024,1.053,0.051,4.8
20367,26541,19746,3.0,0.0,34.4
20368,26541,3354,2.934,0.748,18.0
20369,26545,26546,1.126,0.111,13.9
20370,26547,36606,7.0,72.0,1.4
20371,26549,30816,1.088,0.104,9.3
20372,26561,6090,2.0,0.0,4.7
20373,26569,26570,1.857,0.143,14.2
20374,26571,25770,2.125,0.125,17.7
20375,26575,26576,3.0,0.0,10.2
20376,26575,6098,2.0,0.0,4.7
20377,26579,21942,1.5,0.5,5.3
20378,26583,6026,4.0,0.0,21.7
20379,26583,39272,4.75,0.25,20.5
20380,26589,25444,3.062,1.251,20.4
20381,26591,26592,2.0,0.0,14.0
20382,26593,26594,2.0,0.0,14.6
20383,26595,39686,2.0,0.0,8.2
20384,26603,26604,1.5,0.5,10.4
20385,26605,26606,2.0,1.0,14.6
20386,26607,26608,2.667,0.333,17.9
20387,26609,39256,2.667,0.333,14.2
20388,26613,6132,1.5,0.5,4.7
20389,26615,26616,1.333,0.333,10.4
20390,26617,26618,2.0,0.0,15.5
20391,26621,3352,1.143,0.127,5.4
20392,26621,26622,1.5,0.3,10.6
20393,26637,26638,1.167,0.147,14.6
20394,26643,26644,1.8,0.2,13.8
20395,26645,26646,2.0,0.0,18.1
20396,26645,27642,2.5,0.5,16.8
20397,26647,26648,2.333,0.333,20.0
20398,26649,27034,1.5,0.5,9.3
20399,26649,26650,2.0,0.0,15.3
20400,26651,5070,2.0,0.0,14.7
20401,26655,26656,2.0,0.0,14.4
20402,26657,6176,2.0,0.0,4.7
20403,26663,26664,2.0,0.0,13.9
20404,26665,6174,1.5,0.5,9.8
20405,26669,22822,2.6,0.267,12.2
20406,26671,26684,2.0,0.0,7.9
20407,26673,20560,2.4,0.3,9.0
20408,26675,6186,2.0,0.0,4.7
20409,26677,3776,2.0,0.0,14.2
20410,26679,26680,1.055,0.052,13.1
20411,26681,20462,1.615,0.245,20.6
20412,26685,26686,2.0,0.0,8.2
20413,26687,33322,3.0,0.0,13.8
20414,26699,2416,3.0,0.0,9.5
20415,26699,26700,3.0,0.0,13.9
20416,26701,6202,2.0,0.0,4.7
20417,26703,6344,3.5,0.5,14.4
20418,26707,6210,3.0,0.0,14.4
20419,26711,26702,2.333,0.333,11.0
20420,26711,6342,2.81,0.262,14.4
20421,26711,26712,2.0,0.0,14.8
20422,26715,3754,2.0,0.0,8.8
20423,26717,11478,3.0,0.0,17.0
20424,26717,6216,2.0,0.0,4.7
20425,26733,27862,5.5,0.5,9.3
20426,26735,26736,4.0,0.0,14.6
20427,26737,4552,2.5,0.5,12.0
20428,26741,26742,3.0,2.0,14.2
20429,26747,12624,3.0,0.0,17.3
20430,26749,6238,2.0,0.0,14.1
20431,26751,26752,1.8,0.2,9.1
20432,26751,6248,2.0,0.0,4.7
20433,26753,26754,1.667,0.333,8.9
20434,26753,6250,2.0,0.0,4.7
20435,26755,6252,1.667,0.333,4.7
20436,26757,26566,2.0,0.0,9.0
20437,26759,6254,2.0,0.0,4.7
20438,26767,12010,2.0,0.0,14.4
20439,26773,6268,1.5,0.5,4.8
20440,26783,6276,1.5,0.5,4.7
20441,26785,7966,2.0,0.0,12.2
20442,26789,26790,3.0,0.0,14.4
20443,26791,26792,3.0,0.0,14.4
20444,26791,6376,2.333,0.333,14.2
20445,26791,6284,1.2,0.2,4.7
20446,26793,6286,2.0,0.0,4.7
20447,26807,6300,1.5,0.5,6.1
20448,26817,26822,2.0,0.0,9.0
20449,26817,6308,3.2,0.7,14.2
20450,26819,6306,2.0,0.0,4.7
20451,26821,6304,2.0,0.0,9.2
20452,26837,6324,2.0,0.0,4.7
20453,26857,26858,1.5,0.333,8.8
20454,26859,6346,2.0,0.0,4.7
20455,26863,6350,2.0,0.0,4.7
20456,26867,41052,4.0,0.0,14.1
20457,26869,25252,2.0,0.0,8.6
20458,26873,6360,2.0,0.0,4.7
20459,26875,6362,1.5,0.5,4.7
20460,26881,6368,2.0,0.0,4.7
20461,26891,26898,2.0,0.0,9.1
20462,26897,39276,2.667,0.333,14.4
20463,26897,2922,6.0,0.0,28.5
20464,26899,6282,3.0,0.0,14.2
20465,26907,6392,2.0,0.0,4.7
20466,26913,38210,2.0,0.0,12.5
20467,26915,6400,1.5,0.5,4.7
20468,26917,26914,2.0,0.0,9.0
20469,26921,6406,1.4,0.3,4.7
20470,26923,27824,2.5,0.5,13.4
20471,26929,6414,1.667,0.333,4.7
20472,26933,26934,2.0,0.0,14.7
20473,26933,26936,2.0,0.0,14.7
20474,26937,6436,1.333,0.333,10.0
20475,26937,26938,2.0,0.0,14.6
20476,26939,26940,2.0,0.0,14.6
20477,26941,26942,1.333,0.333,10.2
20478,26943,26944,1.667,0.333,10.4
20479,26949,26950,2.0,0.0,14.7
20480,26951,6422,2.0,0.0,14.6
20481,26953,26950,2.0,0.0,9.6
20482,26963,16262,2.0,0.0,5.0
20483,26971,6456,1.2,0.2,4.7
20484,26983,24242,1.5,0.333,10.2
20485,26985,26986,1.108,0.097,16.4
20486,26993,26994,1.667,0.333,14.9
20487,26995,26996,2.333,0.333,27.4
20488,26997,26998,1.667,0.333,13.9
20489,27001,27020,1.5,0.333,10.1
20490,27001,27002,2.0,0.0,14.9
20491,27003,27004,2.0,0.0,17.0
20492,27005,27012,1.667,0.333,10.1
20493,27007,27008,1.8,0.2,14.4
20494,27009,38854,2.0,0.0,14.3
20495,27011,27012,2.0,0.0,14.3
20496,27013,27014,2.0,0.0,14.2
20497,27015,27016,2.111,0.111,14.7
20498,27015,27026,2.0,0.0,14.6
20499,27017,27018,1.444,0.278,10.8
20500,27019,15596,1.7,0.233,10.0
20501,27019,21816,2.0,0.0,14.5
20502,27023,27024,1.667,0.333,14.3
20503,27025,27006,2.0,0.0,16.6
20504,27025,6488,2.0,0.0,16.5
20505,27027,27028,1.778,0.194,13.5
20506,27029,27030,2.0,0.0,16.1
20507,27029,21818,2.273,0.218,14.7
20508,27035,27036,2.0,0.0,14.1
20509,27035,6520,2.0,0.0,4.7
20510,27041,16104,5.0,0.0,29.1
20511,27043,27044,1.625,0.268,10.8
20512,27045,7090,1.5,0.5,11.3
20513,27045,27046,1.333,0.267,12.9
20514,27045,6530,2.0,0.0,5.0
20515,27047,27670,2.0,0.0,16.2
20516,27051,40330,1.333,0.267,8.7
20517,27053,34716,1.273,0.218,8.1
20518,27055,6540,1.5,0.5,4.7
20519,27057,36368,2.5,4.5,3.2
20520,27059,27060,1.031,0.031,10.4
20521,27061,31926,2.0,0.0,7.6
20522,27061,27062,1.075,0.071,9.8
20523,27063,27064,1.438,0.254,15.2
20524,27063,32644,1.75,0.25,14.0
20525,27065,39716,1.25,0.25,7.7
20526,27065,6550,4.0,0.0,1.4
20527,27069,39900,2.0,0.0,7.5
20528,27093,27094,1.095,0.09,14.6
20529,27095,39002,3.667,0.333,20.0
20530,27095,21364,5.455,1.586,31.7
20531,27105,27110,2.0,0.0,9.0
20532,27115,27116,1.077,0.077,8.2
20533,27117,27118,1.571,0.264,11.4
20534,27119,27110,1.643,0.247,12.8
20535,27139,6626,1.333,0.333,4.7
20536,27149,27150,1.93,0.209,14.5
20537,27151,36992,1.617,0.285,9.1
20538,27155,8334,4.0,0.0,20.8
20539,27157,27158,1.5,0.5,10.3
20540,27157,32444,1.333,0.333,12.1
20541,27159,26998,1.25,0.25,9.4
20542,27159,6482,2.0,0.0,14.4
20543,27163,36576,2.0,0.0,9.1
20544,27163,27164,1.833,0.167,14.8
20545,27165,27166,1.667,0.267,14.4
20546,27167,39590,1.5,0.5,7.7
20547,27167,27168,1.5,0.333,10.4
20548,27169,27170,2.0,0.0,14.7
20549,27171,27172,1.333,0.333,8.6
20550,27173,26212,2.0,0.0,14.4
20551,27179,27180,2.0,0.0,11.0
20552,27183,6668,2.0,0.0,4.7
20553,27189,27190,2.0,0.0,10.4
20554,27191,27192,2.0,0.0,14.4
20555,27195,22272,2.0,0.0,13.7
20556,27203,27206,1.189,0.155,9.0
20557,27203,27204,1.797,0.164,14.4
20558,27205,32530,1.079,0.074,5.2
20559,27205,32730,1.361,0.232,13.6
20560,27213,27214,2.923,0.394,14.4
20561,27215,34462,1.731,0.285,11.0
20562,27227,6710,2.0,0.0,14.2
20563,27229,6708,2.0,0.0,9.0
20564,27229,27230,3.0,0.0,14.2
20565,27249,6730,2.5,0.5,4.7
20566,27257,6714,2.0,0.0,9.0
20567,27257,27258,3.25,0.25,14.5
20568,27259,27260,3.5,0.5,17.7
20569,27259,6764,3.0,0.0,17.4
20570,27263,27264,4.0,2.0,18.1
20571,27263,27218,3.0,0.0,16.1
20572,27265,39580,3.0,0.0,14.3
20573,27269,27270,3.0,0.0,14.6
20574,27269,27228,3.0,0.0,14.2
20575,27271,27272,3.0,0.0,14.4
20576,27271,6752,2.0,0.0,4.7
20577,27273,6760,2.0,0.0,9.1
20578,27293,27294,3.125,0.125,15.2
20579,27293,6774,2.0,0.0,4.7
20580,27295,27256,2.4,0.3,12.6
20581,27295,27296,3.0,1.0,15.5
20582,27297,27298,5.0,2.0,22.3
20583,27299,27300,2.5,0.5,14.4
20584,27301,6762,3.5,0.5,14.2
20585,27305,27306,2.0,0.0,15.6
20586,27305,27820,2.0,0.0,16.4
20587,27305,6786,1.5,0.5,4.7
20588,27307,27308,2.0,0.154,14.8
20589,27309,27826,1.25,0.25,7.8
20590,27309,7270,1.3,0.233,11.1
20591,27317,27318,2.1,0.1,14.6
20592,27319,8228,2.0,0.0,9.8
20593,27319,27320,2.0,0.0,16.8
20594,27321,38568,2.375,0.268,15.2
20595,27339,27340,1.333,0.333,10.0
20596,27341,27342,1.5,0.5,10.7
20597,27343,27344,1.5,0.5,10.3
20598,27349,27356,1.083,0.083,9.2
20599,27351,27352,1.167,0.167,10.4
20600,27353,27354,1.25,0.25,10.4
20601,27355,6836,2.0,0.0,4.7
20602,27357,27358,1.667,0.242,12.8
20603,27359,27360,2.0,0.364,16.8
20604,27361,27362,1.545,0.273,11.8
20605,27365,6846,2.0,0.0,4.7
20606,27367,27368,1.9,0.1,13.0
20607,27379,17134,2.923,0.465,27.5
20608,27389,27390,3.821,63.677,10.6
20609,27391,19900,5.897,0.673,51.2
20610,27391,336,6.0,0.0,44.4
20611,27395,32100,1.357,0.234,12.2
20612,27395,22656,1.609,0.249,12.5
20613,27399,6910,2.0,0.0,14.3
20614,27413,27428,5.0,0.667,22.2
20615,27413,27564,3.0,0.0,14.4
20616,27429,27438,3.25,0.25,14.7
20617,27433,27434,4.0,0.0,15.2
20618,27435,27436,3.0,0.0,14.4
20619,27437,16282,2.0,0.0,14.6
20620,27439,27440,1.75,0.25,8.0
20621,27441,27442,2.25,0.25,11.6
20622,27443,6872,2.0,0.0,9.0
20623,27443,27444,3.333,1.333,14.4
20624,27445,6876,2.0,0.0,9.0
20625,27445,27446,4.5,0.5,21.0
20626,27459,6880,2.0,0.0,9.0
20627,27467,27484,3.0,0.0,14.2
20628,27479,27480,3.0,0.0,14.0
20629,27481,27482,3.333,0.333,14.4
20630,27483,27484,3.333,0.333,14.4
20631,27487,8804,4.4,0.3,18.6
20632,27501,6970,1.333,0.333,4.7
20633,27505,27506,4.0,0.0,14.5
20634,27505,6960,2.0,0.0,14.4
20635,27507,6976,2.0,0.0,4.7
20636,27515,6920,1.5,0.5,9.1
20637,27521,27522,1.333,0.333,14.3
20638,27523,27524,1.778,0.194,14.1
20639,27525,7122,1.048,0.048,8.9
20640,27527,27528,5.4,57.822,14.6
20641,27529,33826,5.0,18.0,24.0
20642,27529,15752,20.938,257.929,22.2
20643,27531,27534,1.417,0.265,10.4
20644,27533,29732,2.0,0.0,11.8
20645,27535,13088,2.0,0.0,7.5
20646,27535,27536,1.5,0.286,16.7
20647,27541,30452,1.25,0.214,9.1
20648,27565,7038,1.5,0.5,4.7
20649,27587,27588,1.006,0.006,9.4
20650,27589,27590,1.261,0.525,9.2
20651,27591,41936,1.998,0.534,11.1
20652,27593,25322,1.647,0.232,8.4
20653,27593,25360,3.538,1.009,38.5
20654,27593,5000,18.0,154.667,25.0
20655,27595,15982,2.0,0.0,11.7
20656,27597,27598,3.0,0.0,6.5
20657,27599,27604,4.0,0.0,9.1
20658,27601,27602,2.0,0.0,6.0
20659,27605,7174,3.0,0.0,7.8
20660,27615,25620,1.158,0.14,14.4
20661,27615,35572,1.714,3.571,4.1
20662,27617,19190,1.667,1.333,7.9
20663,27619,27620,1.12,0.11,15.4
20664,27619,28172,1.25,0.75,4.1
20665,27621,27622,1.182,0.156,11.4
20666,27623,34442,3.25,0.786,20.3
20667,27623,14218,2.941,1.309,18.3
20668,27625,31270,1.818,0.156,14.5
20669,27635,6530,1.667,0.333,13.1
20670,27645,7100,1.5,0.5,4.7
20671,27651,14736,1.25,0.25,5.8
20672,27651,27652,2.111,0.361,14.2
20673,27655,37476,2.5,4.5,1.8
20674,27659,27522,2.0,0.0,14.2
20675,27661,27662,2.0,0.286,15.7
20676,27665,7120,1.5,0.5,4.7
20677,27667,7122,2.778,10.194,1.4
20678,27669,26214,2.0,0.0,14.7
20679,27689,27702,2.0,0.0,32.6
20680,27691,27692,1.5,0.5,21.8
20681,27693,15168,1.333,0.333,8.4
20682,27705,27706,3.333,0.333,38.1
20683,27707,27690,2.667,0.333,32.7
20684,27711,19742,2.0,0.0,7.7
20685,27711,27712,1.554,0.25,10.6
20686,27713,27714,1.484,0.253,10.4
20687,27713,39874,7.0,0.0,3.0
20688,27715,27716,1.53,0.252,10.5
20689,27715,39674,1.4,0.8,3.4
20690,27717,27718,1.481,0.253,10.6
20691,27719,27720,1.468,0.252,10.3
20692,27719,7064,2.0,2.0,3.4
20693,27721,22726,3.667,0.381,20.5
20694,27721,27722,3.667,0.23,25.8
20695,27721,22716,3.219,0.176,23.0
20696,27723,22724,1.538,0.269,7.9
20697,27723,27724,2.0,0.125,10.4
20698,27725,22730,1.688,0.363,10.8
20699,27727,27728,3.0,0.0,5.0
20700,27729,27730,2.0,0.0,5.0
20701,27733,6074,2.0,0.0,11.4
20702,27733,26546,3.75,0.25,19.7
20703,27735,7182,2.0,0.0,4.7
20704,27737,27738,1.207,0.17,14.9
20705,27737,39300,4.5,24.5,3.6
20706,27739,27740,2.007,0.308,24.8
20707,27741,27742,1.244,0.597,11.1
20708,27741,4636,3.429,13.952,2.0
20709,27743,27744,1.636,0.673,13.6
20710,27747,27748,1.09,0.082,13.8
20711,27749,27750,1.003,0.003,9.3
20712,27751,27752,1.012,0.024,5.0
20713,27753,30824,1.209,2.365,8.7
20714,27755,27756,2.009,25.255,14.1
20715,27757,29728,4.711,1.248,33.4
20716,27757,25632,4.889,0.992,56.0
20717,27757,22182,6.73,1.813,45.4
20718,27763,26542,1.671,0.245,21.8
20719,27765,39800,7.333,32.333,2.8
20720,27769,27770,1.163,0.137,14.8
20721,27771,27772,1.043,0.041,12.6
20722,27773,27774,1.514,0.279,18.6
20723,27773,34354,3.5,14.577,3.0
20724,27775,27776,1.082,0.103,9.6
20725,27775,34348,2.8,9.2,2.6
20726,27777,35546,1.375,0.268,8.6
20727,27777,32758,1.831,0.692,15.1
20728,27781,40598,2.0,0.0,9.2
20729,27781,27782,1.118,0.104,14.6
20730,27783,40580,1.667,0.333,9.0
20731,27783,27784,1.141,0.122,14.3
20732,27785,27796,1.01,0.01,8.0
20733,27789,37470,3.364,0.739,25.5
20734,27791,16350,1.38,0.239,5.9
20735,27791,25420,2.334,0.851,20.8
20736,27791,17036,4.364,21.855,5.2
20737,27791,7236,9.0,37.0,1.4
20738,27793,27778,3.105,1.121,34.7
20739,27793,35068,5.923,0.757,38.1
20740,27797,35012,3.0,0.0,15.8
20741,27797,27798,1.009,0.009,9.9
20742,27799,36524,2.5,0.5,11.1
20743,27799,27758,3.074,1.269,22.3
20744,27799,34678,3.067,0.402,19.7
20745,27801,28686,3.393,0.515,36.3
20746,27801,9938,7.0,55.2,6.2
20747,27803,27804,1.021,0.035,5.3
20748,27805,27806,1.019,0.019,9.4
20749,27805,19006,32.0,1152.0,2.7
20750,27807,27808,1.239,0.222,13.3
20751,27809,27810,2.023,0.503,21.8
20752,27809,27304,5.667,25.333,4.8
20753,27811,27812,1.03,0.037,9.9
20754,27813,27814,1.2,0.167,14.1
20755,27817,8238,1.7,0.221,11.2
20756,27817,21560,5.882,462.606,38.3
20757,27831,8136,1.4,0.3,9.1
20758,27831,27832,1.8,0.2,14.5
20759,27833,27834,1.75,0.25,14.4
20760,27835,8616,1.5,0.5,9.1
20761,27835,27836,2.0,0.0,14.5
20762,27837,27838,2.0,0.0,14.3
20763,27843,7288,1.333,0.333,4.7
20764,27863,36568,5.0,1.0,22.2
20765,27865,27866,1.524,0.262,10.4
20766,27867,27874,1.857,0.329,14.4
20767,27869,39408,2.0,0.0,7.6
20768,27869,27870,1.438,0.262,10.4
20769,27871,27872,1.526,0.263,10.4
20770,27873,29036,1.381,0.248,10.8
20771,27875,3672,2.25,0.25,8.0
20772,27875,27876,1.438,0.262,10.8
20773,27877,27878,1.471,0.265,10.3
20774,27881,27882,2.111,0.361,15.6
20775,27881,7370,2.429,14.286,4.4
20776,27883,27884,1.312,0.229,10.4
20777,27885,27886,2.0,0.154,14.4
20778,27887,27888,1.467,0.267,10.5
20779,27889,27868,1.923,0.077,15.6
20780,27889,7334,2.0,0.0,1.4
20781,27895,8432,3.667,0.333,13.8
20782,27897,8428,4.0,0.0,13.5
20783,27897,16534,6.0,0.0,21.2
20784,27899,8444,3.0,0.0,13.2
20785,27903,27904,2.5,0.5,21.2
20786,27905,27906,1.4,0.3,12.4
20787,27909,35794,1.714,0.238,13.2
20788,27911,7458,2.0,0.0,9.2
20789,27911,27912,2.25,0.25,14.6
20790,27911,29060,2.0,0.0,14.4
20791,27913,27926,2.25,0.25,14.5
20792,27915,27916,5.667,0.667,43.3
20793,27919,27920,1.733,0.21,14.3
20794,27923,27924,1.188,0.162,10.2
20795,27925,7326,1.3,0.233,9.6
20796,27925,27882,2.2,0.2,15.0
20797,27927,27928,2.0,0.0,14.6
20798,27927,28002,2.333,1.333,14.3
20799,27929,7430,1.333,0.25,9.5
20800,27929,27930,2.0,0.0,14.7
20801,27929,7374,2.0,0.0,4.7
20802,27931,27932,2.0,0.0,13.4
20803,27931,7376,2.0,0.0,4.7
20804,27943,27944,4.197,0.161,49.6
20805,27945,27946,1.072,0.068,14.1
20806,27947,27948,1.015,0.015,13.5
20807,27953,27954,1.082,0.076,13.6
20808,27957,29062,1.452,0.251,12.8
20809,27969,6220,4.0,0.0,9.5
20810,27975,7364,2.0,0.0,9.2
20811,27975,27920,3.0,0.0,14.3
20812,27981,27886,2.5,0.5,9.7
20813,27985,7374,2.0,0.0,14.6
20814,27989,27990,1.909,0.091,14.2
20815,27991,4136,2.455,0.473,15.7
20816,27997,27998,6.0,2.0,14.1
20817,28001,4134,2.333,0.333,14.0
20818,28003,7448,1.667,0.333,4.7
20819,28009,7454,2.0,0.0,4.7
20820,28011,8380,2.0,0.0,12.6
20821,28011,28012,2.0,0.0,15.9
20822,28019,38300,4.8,0.7,25.3
20823,28019,28020,5.0,31.778,25.8
20824,28021,28022,1.3,0.233,9.2
20825,28023,28024,2.727,0.218,22.7
20826,28041,28042,4.48,0.26,32.6
20827,28043,7354,1.25,0.25,9.0
20828,28043,35794,1.955,0.045,14.0
20829,28045,28046,2.0,0.0,16.0
20830,28047,7478,2.0,0.0,14.3
20831,28049,7490,1.333,0.333,4.7
20832,28055,7936,2.0,0.0,12.2
20833,28057,36292,2.0,0.0,10.0
20834,28061,28064,1.083,0.083,6.4
20835,28063,25320,2.5,0.3,19.8
20836,28063,31310,7.5,4.5,47.2
20837,28063,26832,8.0,0.0,42.4
20838,28063,4972,4.5,0.5,27.1
20839,28067,28068,1.091,0.091,6.8
20840,28071,28072,1.182,0.164,10.5
20841,28073,28074,1.8,0.2,10.4
20842,28075,28076,1.4,0.3,10.4
20843,28077,28062,4.286,0.571,31.5
20844,28079,7520,2.0,0.4,4.7
20845,28087,2388,2.0,0.0,11.4
20846,28093,1212,2.0,0.0,14.6
20847,28095,2386,2.0,0.0,9.3
20848,28097,28098,2.0,0.0,14.6
20849,28101,28102,2.0,0.0,14.5
20850,28103,32280,2.2,0.178,14.8
20851,28105,28090,1.5,0.5,9.4
20852,28105,7546,2.0,0.0,4.7
20853,28111,28510,1.556,0.278,8.8
20854,28115,36144,1.5,0.5,5.3
20855,28117,28112,1.2,0.2,9.8
20856,28119,21258,4.0,1.0,32.4
20857,28121,14308,2.0,0.0,9.2
20858,28123,26834,2.0,0.0,5.9
20859,28123,28124,3.0,0.0,7.1
20860,28125,28126,2.5,0.5,5.1
20861,28127,7568,2.2,0.7,4.7
20862,28129,16182,1.455,0.273,4.7
20863,28133,7572,2.0,0.0,4.7
20864,28139,28140,1.5,0.333,9.4
20865,28139,37904,1.5,0.5,8.3
20866,28141,6072,2.0,0.667,10.3
20867,28151,28152,1.8,0.2,8.1
20868,28153,30814,2.0,0.0,16.4
20869,28153,9972,3.25,0.917,23.0
20870,28161,8630,2.0,0.0,6.5
20871,28161,33802,2.0,0.0,16.1
20872,28163,17454,3.571,0.286,18.5
20873,28163,28164,4.571,0.286,21.3
20874,28163,21108,3.0,0.0,14.7
20875,28165,28166,2.25,0.25,10.9
20876,28171,1288,3.333,0.333,14.5
20877,28171,23480,4.0,0.0,18.0
20878,28175,28176,1.25,0.214,10.4
20879,28177,25654,2.167,0.167,16.6
20880,28177,25684,2.0,0.0,16.2
20881,28179,28180,1.4,0.3,10.4
20882,28183,37306,1.571,0.286,7.7
20883,28183,15586,2.0,0.0,13.5
20884,28189,7624,2.0,0.0,4.7
20885,28201,28202,1.008,0.008,10.5
20886,28203,28204,1.033,0.032,10.4
20887,28205,28206,1.03,0.03,10.8
20888,28207,28208,1.015,0.015,10.2
20889,28211,32772,2.331,0.25,28.3
20890,28213,29986,2.0,0.0,14.4
20891,28213,28214,1.455,0.29,18.1
20892,28213,28718,1.056,0.056,3.3
20893,28217,21580,5.0,0.0,29.0
20894,28217,28218,1.164,0.139,13.0
20895,28219,30770,1.047,0.045,8.4
20896,28223,1628,3.714,0.238,23.4
20897,28223,28224,3.613,0.312,26.9
20898,28223,32456,4.0,31.5,7.9
20899,28225,41506,1.621,0.244,11.5
20900,28227,28228,2.5,0.5,12.7
20901,28229,28248,2.0,0.0,8.2
20902,28233,7658,2.0,0.0,9.8
20903,28239,7664,3.0,0.0,14.4
20904,28245,7660,2.0,0.0,9.9
20905,28245,28246,3.0,0.0,13.6
20906,28249,8992,2.0,0.0,10.0
20907,28251,28256,1.5,0.5,9.1
20908,28251,28252,2.0,0.0,14.4
20909,28251,7676,2.0,0.0,4.7
20910,28255,28688,1.667,0.333,9.3
20911,28255,28258,2.0,0.0,13.9
20912,28257,39236,3.0,0.0,10.3
20913,28259,28260,1.2,0.2,9.4
20914,28261,28262,1.375,0.268,10.2
20915,28263,33430,1.889,0.361,9.7
20916,28265,22912,1.2,0.2,8.0
20917,28271,10104,1.6,0.3,10.8
20918,28275,8278,1.333,0.333,8.5
20919,28283,28284,2.0,0.0,11.5
20920,28289,28290,2.0,0.0,14.8
20921,28291,2808,1.5,0.5,9.1
20922,28299,28300,1.2,0.2,8.4
20923,28301,33928,1.8,0.2,13.2
20924,28303,7722,1.5,0.5,4.7
20925,28309,28338,1.9,0.095,14.2
20926,28309,7726,1.333,0.333,4.7
20927,28323,28324,2.0,0.0,14.4
20928,28339,28340,1.5,0.357,10.6
20929,28341,28378,1.333,0.333,5.5
20930,28341,28360,1.842,0.251,14.4
20931,28345,28382,3.0,0.0,8.8
20932,28345,28346,1.231,0.192,10.8
20933,28349,28350,1.182,0.164,10.4
20934,28351,28352,1.545,0.273,11.6
20935,28355,28356,1.455,0.273,9.8
20936,28359,28362,2.091,0.291,15.6
20937,28363,28364,1.391,0.249,10.4
20938,28365,25408,2.318,0.227,15.0
20939,28365,126,3.75,0.917,26.9
20940,28367,28368,1.5,0.265,10.6
20941,28369,28370,1.467,0.267,10.5
20942,28371,28372,2.083,0.083,14.7
20943,28373,28374,1.25,0.214,10.4
20944,28375,28376,1.75,0.214,13.8
20945,28377,28342,1.444,0.278,10.2
20946,28383,28384,3.0,0.0,5.3
20947,28385,28386,4.0,0.0,6.7
20948,28391,28392,7.333,2.333,17.0
20949,28393,28394,7.714,1.238,17.3
20950,28395,24340,2.222,0.194,9.5
20951,28397,28398,2.5,0.5,5.4
20952,28397,7814,2.333,0.333,4.7
20953,28399,7816,2.0,0.0,4.7
20954,28401,7818,2.0,0.0,4.7
20955,28407,39128,3.0,0.0,12.1
20956,28409,28410,2.0,0.0,5.0
20957,28413,28428,1.423,0.254,10.5
20958,28413,41024,1.083,0.083,3.2
20959,28415,28416,1.571,0.286,11.0
20960,28417,28418,1.6,0.3,10.4
20961,28419,7882,2.5,0.5,9.9
20962,28419,28420,1.333,0.333,12.2
20963,28423,28424,1.667,0.333,15.5
20964,28427,28430,1.5,0.5,11.2
20965,28429,28436,1.72,0.293,13.2
20966,28431,28432,2.0,0.0,11.4
20967,28439,28440,1.222,0.183,8.0
20968,28439,558,2.0,4.0,3.1
20969,28441,28442,1.333,0.235,10.4
20970,28443,28444,1.25,0.205,9.4
20971,28447,28454,3.0,0.0,16.1
20972,28447,28414,2.429,0.286,19.8
20973,28449,28450,6.0,2.0,11.6
20974,28455,28456,6.0,0.0,13.8
20975,28457,17672,4.0,0.0,12.0
20976,28467,7884,1.333,0.333,4.7
20977,28471,28472,5.364,0.255,11.0
20978,28471,7888,34.375,7061.125,1.4
20979,28479,41840,2.0,1.0,13.7
20980,28479,31034,3.25,1.071,19.9
20981,28483,33208,1.07,0.066,13.0
20982,28485,28486,3.0,0.0,10.7
20983,28485,7902,1.25,0.25,4.7
20984,28487,28488,2.556,0.278,5.0
20985,28489,28490,6.667,0.941,14.0
20986,28491,28492,7.625,1.183,14.9
20987,28491,19012,4.103,3.31,14.6
20988,28493,28494,7.083,1.297,14.3
20989,28495,37300,4.113,0.141,23.0
20990,28497,28498,1.933,0.064,14.4
20991,28499,28500,2.0,0.143,14.5
20992,28501,28502,1.436,0.252,11.1
20993,28503,28504,1.333,0.228,11.2
20994,28505,28506,1.667,0.281,13.1
20995,28507,28508,2.238,0.283,16.6
20996,28509,28510,1.897,0.2,13.8
20997,28513,28514,1.438,0.251,10.6
20998,28515,7978,2.468,0.254,13.9
20999,28515,23078,3.5,0.5,23.3
21000,28517,28518,1.222,0.194,9.6
21001,28519,28520,2.4,0.3,17.4
21002,28519,7496,1.25,0.25,5.5
21003,28521,28522,1.667,0.333,14.6
21004,28523,32872,4.333,1.333,17.4
21005,28525,23880,2.0,0.0,10.8
21006,28525,28532,2.75,0.196,21.0
21007,28529,28530,1.04,0.066,6.1
21008,28531,17256,2.091,0.491,16.9
21009,28531,25398,2.762,0.855,28.7
21010,28531,28546,15.2,181.7,16.3
21011,28533,28534,1.265,0.199,9.9
21012,28535,28536,1.438,0.251,13.8
21013,28539,28540,1.862,0.226,22.9
21014,28547,6278,1.333,0.333,7.1
21015,28547,28548,1.019,0.019,9.7
21016,28549,28550,1.048,0.095,10.4
21017,28551,28552,1.062,0.102,10.4
21018,28553,28554,1.029,0.029,5.0
21019,28555,28556,1.129,0.116,14.4
21020,28555,14608,1.478,0.897,4.0
21021,28559,23078,1.5,0.5,5.5
21022,28559,7932,2.424,0.252,22.3
21023,28565,27904,2.0,0.0,16.5
21024,28567,7474,2.0,0.0,14.2
21025,28567,7986,2.0,2.0,4.7
21026,28569,28570,1.25,0.25,10.2
21027,28571,33636,2.833,0.167,23.1
21028,28573,39170,1.025,0.024,11.2
21029,28577,30118,2.0,0.0,14.2
21030,28577,28578,3.0,0.0,18.3
21031,28581,29780,3.333,0.267,25.6
21032,28581,21456,2.0,0.0,15.2
21033,28583,26578,2.0,0.0,16.4
21034,28583,7988,2.0,0.0,4.7
21035,28585,28586,7.926,817.84,5.0
21036,28585,7990,2.625,0.839,4.7
21037,28587,7992,10.0,0.0,1.4
21038,28589,28590,5.0,0.75,11.0
21039,28589,28470,2.615,22.59,2.4
21040,28589,7994,8.0,170.0,1.4
21041,28597,39158,1.381,1.022,10.7
21042,28603,28604,3.0,0.0,14.2
21043,28605,28606,3.0,0.0,14.9
21044,28609,28610,2.667,0.333,14.1
21045,28609,35084,3.0,0.0,14.2
21046,28615,24374,2.333,0.267,12.0
21047,28615,20106,2.0,0.0,17.0
21048,28619,28620,2.0,0.0,14.4
21049,28621,28622,1.8,0.2,14.6
21050,28623,3454,2.0,0.0,15.5
21051,28625,28626,1.833,0.167,14.4
21052,28625,34986,2.0,0.0,14.4
21053,28627,28628,1.75,0.25,8.7
21054,28627,22858,2.0,0.0,14.2
21055,28627,8032,2.0,0.0,4.7
21056,28631,28632,2.0,0.0,15.9
21057,28633,8364,2.0,0.0,13.0
21058,28633,8038,2.0,0.0,4.7
21059,28635,28636,3.0,0.0,25.6
21060,28635,8296,3.0,0.0,20.2
21061,28637,34980,2.0,0.0,14.3
21062,28639,36510,2.0,0.0,16.1
21063,28641,8036,2.0,0.0,15.7
21064,28645,37618,4.5,0.5,35.0
21065,28649,28650,1.027,0.027,11.9
21066,28651,23052,1.175,0.148,13.8
21067,28653,18024,1.5,0.267,14.9
21068,28655,28656,1.021,0.021,10.7
21069,28655,30506,6.0,50.0,2.1
21070,28657,31656,1.667,0.333,9.9
21071,28657,28658,1.912,0.245,22.6
21072,28657,30500,4.333,17.333,2.5
21073,28659,41572,2.714,0.571,17.4
21074,28659,28660,1.518,0.263,19.4
21075,28659,9786,6.5,14.333,3.4
21076,28663,28664,1.04,0.039,8.3
21077,28665,11852,4.0,0.0,19.6
21078,28665,32028,3.325,0.941,32.2
21079,28665,28212,9.389,93.781,2.5
21080,28669,28670,2.0,2.0,11.2
21081,28671,28672,2.457,65.854,5.2
21082,28673,37646,3.936,0.278,20.0
21083,28673,37640,5.143,0.476,39.4
21084,28673,15234,4.167,19.767,3.7
21085,28675,28676,2.4,0.267,13.2
21086,28677,39428,2.0,0.0,9.1
21087,28677,28678,3.0,0.0,14.4
21088,28677,8080,1.167,0.167,4.7
21089,28679,28700,2.0,0.0,9.1
21090,28679,8082,1.5,0.333,4.7
21091,28683,8098,1.333,0.333,9.0
21092,28685,28650,3.0,0.0,10.7
21093,28685,8054,3.0,0.0,14.0
21094,28691,39232,2.0,0.0,10.7
21095,28701,28684,3.5,0.5,14.9
21096,28701,8098,2.0,0.0,4.7
21097,28713,28714,3.0,0.0,17.8
21098,28717,12622,2.0,0.0,9.6
21099,28719,34620,3.0,0.0,15.6
21100,28719,28720,2.969,0.289,14.7
21101,28721,8118,1.593,0.251,4.7
21102,28727,37618,4.0,0.0,35.5
21103,28729,28730,2.25,0.25,15.1
21104,28731,28732,1.667,0.333,14.9
21105,28731,8294,2.0,0.0,14.5
21106,28733,2502,2.0,0.0,18.3
21107,28737,28738,1.375,0.268,10.4
21108,28739,7276,1.875,0.125,14.4
21109,28745,34050,6.0,0.0,14.5
21110,28753,25738,1.069,0.067,13.3
21111,28757,28758,2.289,0.211,28.6
21112,28759,28760,1.081,0.077,5.2
21113,28761,26102,1.867,0.124,13.7
21114,28765,28766,1.5,0.5,12.7
21115,28767,33306,2.0,0.0,16.7
21116,28767,12124,2.0,0.0,21.0
21117,28773,28800,3.0,1.0,14.3
21118,28779,28780,1.667,0.333,9.0
21119,28781,28782,3.0,0.0,13.0
21120,28783,28784,3.4,0.8,14.4
21121,28785,28786,3.0,1.5,13.9
21122,28787,28788,3.375,1.411,14.2
21123,28789,8280,2.182,0.164,13.0
21124,28793,28794,2.0,0.0,13.3
21125,28795,36274,2.0,0.0,11.7
21126,28797,28798,2.5,0.5,11.7
21127,28801,3718,2.0,0.0,10.0
21128,28805,8200,2.0,0.0,4.7
21129,28815,28816,1.125,0.125,5.4
21130,28817,8344,1.714,0.238,8.5
21131,28817,28960,3.0,0.0,14.2
21132,28821,28822,2.0,0.0,10.1
21133,28823,8216,2.0,0.0,4.7
21134,28825,28826,3.0,0.0,15.2
21135,28827,28828,1.5,0.5,14.4
21136,28831,28832,2.0,0.0,14.4
21137,28833,8322,2.0,0.0,4.9
21138,28833,28834,2.0,0.0,14.4
21139,28835,28836,3.0,0.0,16.8
21140,28841,19674,1.5,0.3,8.5
21141,28855,8378,2.333,0.333,14.0
21142,28861,28862,2.0,0.0,14.2
21143,28865,9888,2.0,0.0,14.6
21144,28867,28868,2.2,1.2,14.0
21145,28869,33596,1.333,0.333,7.8
21146,28879,28958,2.053,0.053,15.7
21147,28883,38566,2.0,0.0,11.0
21148,28887,23056,25.5,1104.5,8.7
21149,28887,16706,4.429,4.619,15.9
21150,28889,28890,1.333,0.242,12.4
21151,28891,8184,2.0,0.0,10.0
21152,28891,28892,1.571,0.286,11.1
21153,28893,28894,1.333,0.267,8.8
21154,28895,28772,2.0,0.0,6.5
21155,28895,28896,1.222,0.194,7.7
21156,28897,11570,2.5,0.278,13.4
21157,28897,32662,3.0,0.0,17.5
21158,28899,28900,1.889,0.111,14.3
21159,28901,28736,1.333,0.25,8.9
21160,28907,8040,2.0,0.0,11.9
21161,28915,8304,1.5,0.333,4.7
21162,28917,8298,2.0,0.0,14.4
21163,28919,8358,2.0,0.0,14.3
21164,28921,28832,2.0,0.0,14.2
21165,28937,28938,1.053,0.053,14.4
21166,28939,28940,1.579,0.257,15.3
21167,28941,3724,3.522,0.534,34.6
21168,28943,22138,2.0,0.0,8.2
21169,28943,28944,2.5,0.5,14.6
21170,28945,24136,3.0,0.0,20.8
21171,28947,6642,3.0,0.0,18.4
21172,28955,28956,2.0,0.0,13.3
21173,28957,8288,1.333,0.333,9.0
21174,28961,28962,1.091,0.091,3.1
21175,28963,4172,2.105,0.099,16.6
21176,28965,41588,1.862,0.123,11.3
21177,28973,8308,2.0,0.0,9.1
21178,28973,28974,2.0,0.0,14.5
21179,28975,28976,2.0,0.0,14.7
21180,28977,28978,2.0,0.0,15.2
21181,28979,8038,2.0,0.0,16.3
21182,28983,37614,2.0,0.0,14.0
21183,28985,28986,2.0,0.0,15.0
21184,28987,28988,2.0,0.0,15.2
21185,28989,34980,2.4,0.3,18.6
21186,28989,8042,2.0,0.0,20.2
21187,28999,29000,1.5,0.263,10.4
21188,29001,29002,1.471,0.265,9.9
21189,29003,29004,1.5,0.263,11.1
21190,29005,29006,1.375,0.245,10.4
21191,29007,40464,2.0,0.0,9.1
21192,29007,29008,1.536,0.258,11.7
21193,29011,21506,1.343,0.232,6.5
21194,29013,34340,2.0,0.0,10.0
21195,29019,29020,1.278,0.212,5.1
21196,29021,23888,1.833,0.167,9.7
21197,29021,29022,2.778,0.194,14.5
21198,29021,8406,1.5,0.5,4.7
21199,29023,29024,1.25,0.25,4.6
21200,29027,29028,2.0,0.0,8.6
21201,29033,39350,3.5,0.5,14.3
21202,29033,8420,2.0,0.0,4.7
21203,29037,29038,1.286,0.214,10.6
21204,29041,16534,2.143,0.286,11.3
21205,29041,29042,2.0,0.0,14.0
21206,29045,32628,4.0,0.0,23.2
21207,29045,29046,2.5,0.286,19.5
21208,29047,32626,9.0,0.0,57.5
21209,29047,38394,4.6,0.3,25.8
21210,29047,29048,1.833,0.167,14.8
21211,29049,29064,3.0,0.0,23.0
21212,29049,8450,2.75,0.917,18.7
21213,29051,23970,2.0,0.0,9.4
21214,29051,29052,1.524,0.262,10.6
21215,29053,29054,2.0,0.2,15.5
21216,29055,36568,1.864,0.123,11.0
21217,29057,29058,2.167,0.265,16.1
21218,29059,29040,1.882,0.235,13.5
21219,29063,8436,2.5,0.5,13.5
21220,29063,29064,1.215,0.171,9.5
21221,29065,23064,3.515,0.293,26.0
21222,29069,29070,1.5,0.5,14.5
21223,29075,24886,1.333,0.333,4.8
21224,29077,29078,1.5,0.5,11.4
21225,29085,17344,2.0,0.8,13.4
21226,29089,26164,2.0,0.0,14.4
21227,29091,41108,2.0,0.0,7.7
21228,29127,29578,5.0,0.0,9.4
21229,29129,8514,2.0,0.0,4.7
21230,29133,29134,4.0,2.0,31.1
21231,29135,39446,5.0,2.0,39.3
21232,29137,29148,1.5,0.5,14.5
21233,29139,29140,1.75,0.25,10.6
21234,29149,29150,1.5,0.5,10.5
21235,29159,29160,2.0,0.0,17.7
21236,29161,29162,3.0,0.0,19.4
21237,29163,29164,2.048,0.248,14.3
21238,29165,29166,2.1,0.305,14.1
21239,29167,29168,1.4,0.253,10.4
21240,29169,16850,2.0,0.0,9.1
21241,29169,29170,2.125,0.25,15.0
21242,29169,8554,2.0,0.0,4.7
21243,29173,26238,1.4,0.3,7.7
21244,29173,29174,1.5,0.286,10.4
21245,29175,26242,1.25,0.25,7.2
21246,29175,8560,1.8,0.2,4.7
21247,29181,29182,3.909,0.182,30.2
21248,29183,29184,1.222,0.183,9.0
21249,29187,29188,1.615,0.256,13.1
21250,29189,29190,1.818,0.364,14.6
21251,29191,29192,1.636,0.255,15.3
21252,29193,29194,1.6,0.3,14.2
21253,29209,25312,1.8,0.7,8.4
21254,29211,24496,4.625,18.268,9.8
21255,29211,3790,4.647,1.868,21.5
21256,29211,24022,3.963,0.652,18.4
21257,29213,29214,3.0,0.333,14.5
21258,29213,10504,2.4,0.3,14.3
21259,29215,31424,3.0,0.2,14.2
21260,29217,4202,3.25,0.917,14.6
21261,29219,10506,2.0,0.0,9.5
21262,29219,29220,2.8,0.2,14.1
21263,29223,29212,1.5,0.5,9.1
21264,29241,35468,4.0,0.0,30.0
21265,29241,21532,4.0,0.0,28.7
21266,29249,8626,2.0,2.0,4.7
21267,29257,7576,2.0,0.0,10.0
21268,29259,29260,1.5,0.269,10.4
21269,29261,29264,1.286,0.22,10.4
21270,29263,30828,1.333,0.242,4.7
21271,29263,9986,2.944,0.526,16.2
21272,29265,29266,1.786,0.335,13.3
21273,29267,29268,2.579,0.368,19.1
21274,29269,29270,1.409,0.253,10.5
21275,29271,29272,1.458,0.259,10.4
21276,29273,29274,1.375,0.245,10.6
21277,29299,29300,2.0,0.0,14.1
21278,29305,29306,2.0,0.0,10.4
21279,29307,29308,2.0,0.0,10.4
21280,29309,8688,2.0,0.0,14.1
21281,29325,11608,2.0,0.5,9.1
21282,29331,29332,2.0,0.0,10.2
21283,29335,29336,2.0,0.0,14.5
21284,29337,29338,1.333,0.333,10.0
21285,29341,22484,1.667,0.333,10.1
21286,29345,29346,2.0,0.0,14.8
21287,29345,8940,2.0,0.0,14.4
21288,29345,8722,2.0,0.0,4.7
21289,29347,29348,1.5,0.5,10.1
21290,29355,29356,1.75,0.25,10.4
21291,29361,29362,1.2,0.2,10.6
21292,29365,29366,1.8,0.2,10.5
21293,29365,40378,2.0,0.0,9.6
21294,29367,29368,1.75,0.25,10.3
21295,29367,18206,3.0,0.0,12.6
21296,29369,2432,1.667,0.333,6.2
21297,29369,22498,2.0,0.0,7.4
21298,29371,29372,1.167,0.167,10.6
21299,29373,29374,2.5,0.5,19.5
21300,29373,26904,3.0,0.0,20.1
21301,29373,8734,2.0,0.0,4.8
21302,29375,8736,2.0,0.0,4.7
21303,29387,5428,2.0,0.0,18.4
21304,29389,14476,2.0,0.0,8.2
21305,29391,29392,2.0,0.154,14.7
21306,29393,29394,1.37,0.242,11.0
21307,29399,39866,1.625,0.268,8.3
21308,29399,29400,1.429,0.264,10.5
21309,29401,29402,1.8,0.2,14.3
21310,29401,31178,1.889,0.111,14.2
21311,29403,29404,1.75,0.25,10.5
21312,29405,10272,2.0,0.0,14.4
21313,29413,29414,1.136,0.121,15.1
21314,29415,29770,2.209,0.169,28.7
21315,29417,17904,1.5,0.5,7.5
21316,29427,14212,2.0,0.0,19.1
21317,29429,29430,3.0,0.0,15.1
21318,29431,29432,2.0,0.0,15.2
21319,29433,29434,2.0,0.0,14.1
21320,29435,29436,2.0,0.0,14.5
21321,29437,29438,1.8,0.2,14.6
21322,29439,29440,1.667,0.333,10.5
21323,29441,41714,2.0,0.0,10.8
21324,29441,19456,2.5,0.5,16.1
21325,29445,29446,1.421,0.257,10.4
21326,29447,27412,1.6,1.8,5.9
21327,29451,6956,3.857,0.81,17.3
21328,29451,29452,5.333,0.267,23.2
21329,29453,29454,3.4,0.8,13.2
21330,29453,27396,2.0,0.0,13.2
21331,29455,29456,3.25,0.25,14.4
21332,29455,27400,4.0,0.0,14.2
21333,29457,29458,3.0,0.0,14.0
21334,29457,27404,4.0,0.0,14.2
21335,29459,27478,2.5,0.5,7.4
21336,29459,27416,4.0,0.0,18.0
21337,29459,6884,3.5,0.5,13.5
21338,29461,29514,1.524,0.262,8.1
21339,29461,33574,1.786,0.335,15.4
21340,29467,35644,1.069,0.067,13.9
21341,29471,29450,1.267,0.21,9.5
21342,29473,29474,1.333,0.333,10.1
21343,29479,29480,1.75,0.25,13.5
21344,29481,34868,1.4,0.3,9.1
21345,29481,29482,2.0,0.0,14.3
21346,29483,29484,1.25,0.25,9.5
21347,29485,29486,1.8,0.2,13.5
21348,29487,29464,2.0,0.0,10.3
21349,29489,29490,1.143,0.143,14.6
21350,29495,35644,1.846,0.141,14.1
21351,29497,29498,2.667,0.333,14.4
21352,29497,38468,2.0,0.0,14.2
21353,29501,8842,2.0,0.0,4.7
21354,29503,32070,1.889,0.111,9.0
21355,29503,29504,3.0,0.4,14.4
21356,29503,11050,3.167,0.152,14.2
21357,29505,29506,4.0,0.0,14.4
21358,29505,30138,3.0,2.0,14.2
21359,29505,8846,1.286,0.238,4.7
21360,29507,32062,3.0,0.0,14.2
21361,29509,8850,4.0,0.0,1.4
21362,29515,29560,1.167,0.167,5.0
21363,29515,29516,1.667,0.238,12.9
21364,29515,8856,19.0,0.0,1.4
21365,29517,29518,1.933,0.21,16.1
21366,29517,8858,4.0,0.0,1.4
21367,29519,29520,1.286,0.214,10.4
21368,29521,29522,1.905,0.09,14.7
21369,29523,37040,2.048,0.048,19.2
21370,29525,29526,2.0,0.0,9.2
21371,29527,21148,1.5,0.5,9.0
21372,29531,33704,2.75,0.25,12.3
21373,29531,26168,3.0,0.0,14.4
21374,29533,29534,2.0,0.0,11.7
21375,29555,8896,2.0,0.0,4.7
21376,29557,29922,2.0,0.0,14.6
21377,29557,8898,2.0,0.0,4.7
21378,29559,33582,1.5,0.5,9.1
21379,29559,29570,3.0,0.0,17.7
21380,29561,29562,2.0,0.0,13.4
21381,29565,29568,2.0,0.0,18.3
21382,29565,12356,2.0,0.0,18.0
21383,29569,8884,1.5,0.5,9.0
21384,29569,29544,2.0,0.0,10.4
21385,29571,29534,3.0,0.0,15.1
21386,29571,8910,1.667,0.333,4.7
21387,29573,12358,1.3,0.233,9.1
21388,29579,8926,2.0,0.0,9.9
21389,29581,41182,2.0,0.0,19.1
21390,29581,29582,2.12,0.277,18.3
21391,29583,29460,4.318,0.513,28.7
21392,29583,29584,4.5,0.333,34.0
21393,29585,29586,1.373,0.238,10.4
21394,29587,29588,1.941,0.176,15.0
21395,29589,10194,1.583,0.265,10.3
21396,29589,12118,2.684,0.438,15.8
21397,29599,2598,2.0,0.0,13.2
21398,29609,18014,4.0,0.0,15.6
21399,29613,29614,1.5,0.5,10.3
21400,29621,29622,2.0,0.0,10.4
21401,29623,8582,3.0,0.0,23.4
21402,29625,29626,1.667,0.333,10.4
21403,29635,33674,3.5,4.5,14.4
21404,29643,8972,2.0,0.0,5.4
21405,29653,38148,2.333,0.333,11.2
21406,29653,19408,2.0,0.0,16.3
21407,29655,38136,1.143,0.143,5.2
21408,29657,29658,1.167,0.167,9.1
21409,29657,29662,2.0,0.0,14.3
21410,29659,29660,1.6,0.3,14.4
21411,29661,19416,2.0,1.0,14.2
21412,29661,8988,2.0,0.0,4.7
21413,29663,29624,2.0,0.0,14.4
21414,29663,8990,6.0,0.0,1.4
21415,29669,19412,2.0,0.0,14.2
21416,29673,37380,1.667,0.333,9.1
21417,29673,29674,2.833,0.167,14.6
21418,29673,2658,11.0,0.0,13.5
21419,29675,15638,2.0,0.0,9.1
21420,29675,29676,2.75,0.25,14.6
21421,29675,9002,1.5,0.5,4.7
21422,29677,29678,3.25,0.25,15.1
21423,29677,9004,1.5,0.5,4.7
21424,29683,29804,2.0,0.0,7.6
21425,29689,29690,1.5,0.5,8.2
21426,29691,9014,1.5,0.5,4.7
21427,29695,30146,2.0,0.0,9.1
21428,29695,29696,3.2,0.7,14.5
21429,29697,29698,1.667,0.333,9.2
21430,29699,29700,3.0,0.0,15.1
21431,29703,29704,1.889,0.111,14.6
21432,29705,20986,1.5,0.5,9.3
21433,29705,29706,2.0,0.0,15.0
21434,29705,1190,2.0,0.0,14.8
21435,29713,32310,2.5,0.5,14.3
21436,29731,29732,1.147,0.126,14.6
21437,29731,36324,1.667,0.75,3.9
21438,29733,29734,1.864,0.152,22.7
21439,29733,27048,3.722,23.406,4.7
21440,29739,29740,1.667,0.25,10.2
21441,29745,31792,2.583,0.629,22.5
21442,29747,30176,1.857,0.143,9.0
21443,29763,9082,1.5,0.5,4.7
21444,29765,3492,2.0,0.0,9.4
21445,29767,40180,2.212,22.646,8.2
21446,29773,36016,1.246,0.189,13.9
21447,29775,29776,1.8,0.2,13.3
21448,29777,29778,1.2,0.2,12.1
21449,29779,33528,1.2,0.2,9.7
21450,29781,29782,1.757,9.808,8.2
21451,29783,32712,1.353,0.243,6.4
21452,29783,33238,3.469,0.971,31.2
21453,29783,32726,9.483,70.259,11.7
21454,29789,29790,1.667,0.333,13.7
21455,29791,29792,1.25,0.25,9.3
21456,29797,25508,1.375,0.25,10.5
21457,29797,10700,3.0,0.5,20.0
21458,29797,5108,2.167,0.167,13.7
21459,29801,29810,2.0,0.0,15.8
21460,29807,29808,2.0,0.0,14.8
21461,29809,29810,2.0,0.0,16.4
21462,29811,29812,1.364,0.255,10.5
21463,29813,21464,1.833,0.167,11.3
21464,29813,1608,2.818,0.564,18.2
21465,29831,29694,1.286,0.238,10.8
21466,29845,29846,1.062,0.062,6.2
21467,29847,29848,1.8,0.2,13.4
21468,29847,9142,1.556,0.528,4.7
21469,29849,10210,1.5,0.333,11.6
21470,29855,33354,2.286,0.22,10.9
21471,29857,33088,3.0,0.154,14.3
21472,29857,11924,2.923,0.91,14.2
21473,29867,29868,2.5,0.333,14.3
21474,29867,29850,2.0,0.0,14.8
21475,29867,9160,2.0,0.4,4.7
21476,29869,10210,1.429,0.286,7.4
21477,29871,29872,2.0,0.0,14.2
21478,29871,29924,2.0,0.0,14.6
21479,29873,30098,3.0,0.0,20.1
21480,29875,9166,2.0,0.0,4.7
21481,29879,4382,2.0,0.0,8.2
21482,29879,32288,3.0,0.0,15.0
21483,29879,29880,2.0,0.0,14.1
21484,29881,29882,1.417,0.265,10.5
21485,29883,29884,2.0,0.182,15.1
21486,29885,5430,1.571,0.286,10.4
21487,29885,25882,3.0,1.0,18.2
21488,29887,29888,2.0,0.0,13.9
21489,29891,10242,2.0,0.0,8.9
21490,29895,29896,1.25,0.25,10.6
21491,29897,29898,1.444,0.278,10.4
21492,29899,29900,1.938,0.196,15.9
21493,29901,29902,1.944,0.173,14.4
21494,29903,29904,1.784,0.508,10.2
21495,29905,32172,1.7,0.286,12.3
21496,29905,11146,2.625,1.183,18.8
21497,29907,29908,1.545,0.273,10.6
21498,29909,29910,1.636,0.255,10.4
21499,29911,29912,1.923,0.077,14.1
21500,29913,29914,1.435,0.257,10.6
21501,29917,11012,2.0,0.0,16.5
21502,29917,41942,2.629,0.829,13.5
21503,29919,9210,2.0,0.0,4.7
21504,29921,32848,2.0,0.0,18.0
21505,29921,9212,2.0,0.0,4.9
21506,29923,8896,2.0,0.0,10.5
21507,29925,2032,2.0,0.0,9.3
21508,29927,29928,1.227,0.18,5.0
21509,29929,37844,2.258,0.379,17.5
21510,29931,21456,2.531,0.955,28.4
21511,29937,31068,2.0,0.0,14.8
21512,29945,24678,1.111,0.111,5.6
21513,29947,9230,2.0,0.0,4.7
21514,29953,19976,10.0,234.571,10.2
21515,29957,3560,1.5,0.5,7.5
21516,29961,38544,3.973,128.733,7.6
21517,29963,29964,1.857,0.143,14.2
21518,29963,28250,1.8,0.2,14.2
21519,29965,29966,2.0,0.0,14.4
21520,29967,29968,1.167,0.167,10.4
21521,29969,39240,2.333,0.267,12.4
21522,29971,31762,1.5,0.333,9.1
21523,29971,29972,3.0,0.0,14.6
21524,29971,9252,1.6,0.3,4.7
21525,29973,9254,2.0,0.0,4.7
21526,29975,21872,2.167,0.167,9.5
21527,29975,29976,3.0,0.0,12.7
21528,29975,9256,2.0,0.0,4.7
21529,29977,5502,3.0,0.0,13.4
21530,29977,29978,4.0,0.0,21.5
21531,29981,41752,3.0,0.0,15.4
21532,29981,19490,3.0,0.0,15.0
21533,29983,29984,2.667,0.333,13.6
21534,29985,21254,1.333,0.333,8.1
21535,29987,37932,2.0,0.0,8.3
21536,29993,12524,2.0,0.0,9.2
21537,29997,36880,3.667,0.788,24.6
21538,29999,36876,2.091,0.083,21.5
21539,30003,30004,1.667,0.667,14.1
21540,30005,30006,1.333,0.333,12.0
21541,30007,33556,2.0,0.0,9.1
21542,30011,20988,2.0,0.0,9.0
21543,30013,33570,2.0,0.0,12.7
21544,30017,1194,2.0,0.0,9.2
21545,30019,9022,2.0,0.0,9.4
21546,30025,30026,2.5,0.5,14.4
21547,30027,9128,2.667,0.333,15.8
21548,30029,31920,2.0,0.0,9.0
21549,30035,30036,1.5,0.5,14.2
21550,30037,36024,2.0,0.0,14.8
21551,30045,30046,2.0,0.0,18.6
21552,30047,12254,2.0,0.0,10.6
21553,30053,30056,2.5,0.5,14.6
21554,30057,30058,2.0,0.0,14.5
21555,30059,12258,2.0,0.0,9.4
21556,30059,33456,3.0,0.0,14.8
21557,30063,30064,1.556,0.528,10.4
21558,30065,9346,1.333,0.25,4.7
21559,30071,9352,1.5,0.5,4.7
21560,30075,30076,3.0,0.0,13.0
21561,30077,30068,3.0,0.0,11.9
21562,30083,30084,3.0,0.0,14.4
21563,30085,30086,2.75,0.25,14.4
21564,30087,30088,3.4,0.3,17.6
21565,30089,30090,2.545,0.273,14.8
21566,30093,9376,2.0,0.0,4.7
21567,30097,12776,2.0,0.0,10.4
21568,30097,34090,2.5,0.5,15.6
21569,30099,30100,1.5,0.333,9.4
21570,30099,9382,2.0,0.0,4.7
21571,30101,38316,3.0,0.0,22.5
21572,30103,30104,2.0,0.0,7.7
21573,30105,30106,3.0,0.0,14.4
21574,30107,10252,2.3,0.233,14.5
21575,30109,30110,1.25,0.25,10.3
21576,30111,22646,7.0,0.0,44.0
21577,30111,30112,2.0,0.0,18.0
21578,30113,30114,1.5,0.5,11.1
21579,30117,2028,2.0,0.0,14.5
21580,30121,9404,1.75,0.917,4.7
21581,30125,37848,5.333,1.333,46.0
21582,30129,36490,1.5,0.333,9.0
21583,30137,8846,3.0,0.0,14.2
21584,30141,11046,2.0,0.0,9.0
21585,30147,30148,3.5,0.5,14.4
21586,30149,36964,2.0,0.0,9.2
21587,30149,30150,3.0,0.0,15.0
21588,30151,39110,4.0,0.0,15.5
21589,30151,9430,2.0,0.0,4.7
21590,30155,31284,2.0,0.0,9.5
21591,30169,30170,1.24,0.19,10.0
21592,30173,22568,2.034,0.034,14.7
21593,30177,22216,1.5,0.3,8.8
21594,30189,19838,2.0,0.0,9.0
21595,30189,680,2.0,0.0,4.7
21596,30191,37394,1.5,0.5,9.2
21597,30191,30192,3.0,0.0,14.6
21598,30191,13520,3.0,0.0,14.3
21599,30193,37352,3.0,0.0,14.2
21600,30195,39960,1.047,0.045,7.7
21601,30213,41228,1.417,0.25,10.4
21602,30215,41236,2.0,0.0,11.1
21603,30215,19028,3.0,0.0,12.4
21604,30219,13152,2.083,0.083,12.4
21605,30219,34444,2.0,2.0,14.7
21606,30225,30226,1.429,0.286,10.4
21607,30227,7908,2.8,0.2,9.6
21608,30227,19012,1.667,0.333,4.7
21609,30229,41218,2.667,0.267,17.5
21610,30229,19010,1.636,0.455,4.7
21611,30235,30236,1.581,0.252,11.9
21612,30237,25654,1.438,0.262,11.7
21613,30237,25684,2.071,0.071,16.4
21614,30237,7612,3.0,0.0,15.3
21615,30239,30240,1.2,0.2,10.5
21616,30241,30242,1.167,0.167,10.3
21617,30245,30246,1.7,0.233,10.5
21618,30247,9642,1.5,0.5,9.4
21619,30247,30248,2.0,0.0,16.4
21620,30247,30384,2.111,0.111,15.9
21621,30249,30250,1.333,0.333,10.4
21622,30251,30252,1.5,0.278,10.4
21623,30255,5258,2.0,0.0,9.8
21624,30255,30256,2.0,0.0,17.2
21625,30255,25678,2.214,0.335,16.8
21626,30259,22878,1.75,0.25,8.1
21627,30259,30260,1.333,0.267,10.6
21628,30271,30272,1.333,0.267,10.4
21629,30273,30274,1.6,0.3,14.1
21630,30273,30278,2.0,0.0,14.1
21631,30275,23818,3.25,1.583,19.2
21632,30275,10158,2.333,0.333,19.6
21633,30275,9538,2.0,0.0,4.7
21634,30277,9540,2.0,0.0,4.7
21635,30279,30280,2.0,0.0,14.6
21636,30279,9542,2.0,0.0,4.7
21637,30285,30286,2.292,0.216,17.6
21638,30285,30292,2.0,0.0,15.5
21639,30289,9952,3.323,1.026,19.2
21640,30293,30294,2.0,0.0,9.8
21641,30295,30296,2.0,0.0,10.5
21642,30301,9990,3.167,0.167,18.6
21643,30303,31026,1.8,0.167,9.8
21644,30303,30304,2.0,0.0,16.1
21645,30305,30312,2.0,0.0,15.5
21646,30309,30310,2.167,0.167,17.1
21647,30311,30312,2.0,0.0,14.5
21648,30313,30332,1.5,0.333,10.5
21649,30313,30314,2.0,0.0,15.5
21650,30315,30316,2.0,0.0,14.9
21651,30317,35618,4.0,2.0,11.8
21652,30317,14158,3.455,0.273,19.5
21653,30321,30322,2.0,0.0,14.5
21654,30323,30324,2.0,0.0,15.0
21655,30325,3904,2.077,0.077,10.7
21656,30327,30328,1.882,0.11,14.8
21657,30329,30330,1.273,0.218,10.4
21658,30331,30332,2.0,0.0,15.5
21659,30333,30334,1.538,0.269,10.5
21660,30335,30336,1.636,0.255,14.1
21661,30335,9602,2.0,0.0,14.2
21662,30337,25226,1.5,0.5,8.2
21663,30337,30338,1.25,0.214,10.5
21664,30339,16956,2.0,0.0,10.5
21665,30339,25228,3.0,0.0,15.8
21666,30339,38864,2.4,0.3,15.8
21667,30355,9618,6.0,0.0,13.6
21668,30361,30362,2.25,0.25,15.4
21669,30363,35638,1.8,0.2,9.1
21670,30365,26188,1.667,0.333,7.5
21671,30373,28532,2.0,0.0,12.4
21672,30375,9634,2.0,0.0,4.7
21673,30377,37302,1.5,0.5,10.1
21674,30379,30380,1.471,0.265,10.4
21675,30381,37304,1.545,0.26,7.5
21676,30383,30384,2.0,0.0,16.2
21677,30385,30386,1.545,0.273,11.1
21678,30387,30378,2.067,0.067,14.6
21679,30393,30406,1.333,0.333,9.0
21680,30395,30396,2.0,0.0,14.6
21681,30399,30400,2.0,0.0,14.6
21682,30399,30446,1.75,0.25,14.2
21683,30401,30450,2.0,0.0,14.3
21684,30405,30324,2.0,0.0,14.7
21685,30411,30412,1.333,0.333,10.4
21686,30413,30432,2.0,0.0,9.1
21687,30413,30414,2.0,0.0,14.4
21688,30415,30322,1.667,0.333,14.4
21689,30419,9676,2.0,0.0,4.7
21690,30421,30422,2.0,0.0,14.3
21691,30427,30428,1.5,0.5,14.1
21692,30433,26044,2.0,0.0,15.3
21693,30445,30446,2.0,0.0,14.5
21694,30449,30308,2.25,0.25,14.5
21695,30451,3906,2.0,0.0,9.1
21696,30457,34396,1.75,0.25,12.8
21697,30473,32756,1.571,0.286,9.4
21698,30479,41594,1.167,0.167,7.5
21699,30481,12980,1.455,0.473,7.4
21700,30483,19356,2.0,0.25,10.0
21701,30483,30484,1.15,0.134,14.5
21702,30483,9742,15.0,0.0,1.4
21703,30485,40518,1.25,0.25,2.8
21704,30489,30490,1.429,0.264,18.3
21705,30493,38664,1.385,0.256,19.2
21706,30501,30512,2.333,0.333,9.1
21707,30501,9770,3.25,0.25,14.2
21708,30503,9762,1.333,0.333,4.7
21709,30507,41470,2.0,0.0,9.1
21710,30507,30528,3.0,0.0,14.4
21711,30509,30510,2.5,0.5,14.4
21712,30511,9760,2.0,0.0,9.0
21713,30513,41496,3.333,0.333,14.3
21714,30519,19224,2.0,0.0,9.1
21715,30521,30522,2.5,0.5,11.8
21716,30523,30524,3.25,0.25,14.4
21717,30525,30526,3.286,0.571,14.4
21718,30527,8062,2.0,0.0,12.7
21719,30527,28660,3.857,0.143,22.3
21720,30529,37910,3.0,0.0,17.3
21721,30529,66,3.0,0.0,17.0
21722,30529,9788,1.5,0.5,4.7
21723,30541,20994,1.5,0.5,7.5
21724,30543,30544,1.333,0.267,6.0
21725,30549,23036,3.6,1.007,29.1
21726,30551,23090,2.0,0.0,25.3
21727,30553,30558,3.143,0.143,14.5
21728,30553,30554,3.182,0.364,14.6
21729,30555,30556,1.909,0.091,8.4
21730,30557,21604,2.273,0.218,11.3
21731,30559,30560,1.8,0.2,6.6
21732,30561,30562,2.333,0.333,11.4
21733,30561,30566,3.0,0.0,11.9
21734,30567,30568,2.0,0.0,7.8
21735,30569,30574,2.0,0.0,8.1
21736,30573,9812,2.0,0.0,11.8
21737,30575,30576,3.0,0.0,11.7
21738,30581,9822,2.0,0.0,9.0
21739,30591,35602,1.043,0.043,7.8
21740,30593,36790,1.286,0.238,8.3
21741,30593,35916,1.059,0.057,13.0
21742,30595,35912,1.958,0.146,25.9
21743,30597,37182,1.466,0.251,13.4
21744,30601,37190,1.53,0.314,10.6
21745,30605,37186,1.875,0.982,13.5
21746,30649,30654,11.0,2.0,21.8
21747,30651,30652,2.667,0.333,14.4
21748,30655,9880,4.0,0.0,19.6
21749,30657,30636,3.0,0.0,23.7
21750,30659,30660,1.6,0.3,9.8
21751,30661,1430,2.0,1.0,13.5
21752,30661,21262,2.375,0.268,19.1
21753,30665,30666,2.0,0.0,14.5
21754,30667,30668,1.5,0.333,14.2
21755,30669,30670,8.667,9.333,12.6
21756,30671,30672,1.333,0.333,3.4
21757,30673,5422,2.667,0.333,14.8
21758,30675,8202,2.0,0.0,14.7
21759,30677,30678,3.0,0.0,14.3
21760,30679,30680,3.0,0.0,14.3
21761,30681,30682,3.167,0.167,14.4
21762,30683,11564,2.625,0.554,11.8
21763,30689,33814,2.49,0.271,36.2
21764,30697,30694,1.1,0.091,8.0
21765,30703,30704,1.005,0.005,13.1
21766,30713,39186,4.889,0.693,40.8
21767,30713,35974,4.176,0.654,29.2
21768,30723,25558,1.5,0.5,10.8
21769,30723,9914,3.262,1.141,27.8
21770,30723,16986,13.222,174.654,10.6
21771,30725,33908,2.676,0.948,29.6
21772,30725,29768,4.429,1.187,32.4
21773,30727,16986,2.4,0.3,14.1
21774,30727,32544,2.688,0.852,26.8
21775,30727,25558,2.0,0.0,10.3
21776,30729,30730,6.296,186.062,10.0
21777,30731,25892,7.208,1.777,54.5
21778,30731,25862,5.925,0.956,55.9
21779,30733,30734,1.178,0.195,13.4
21780,30735,33908,3.918,1.16,29.4
21781,30737,30740,2.709,0.709,25.6
21782,30739,30736,1.38,8.293,8.2
21783,30741,30742,1.061,0.058,12.1
21784,30743,39434,1.429,0.286,9.0
21785,30743,30744,1.755,7.712,14.4
21786,30745,38950,1.688,0.219,9.0
21787,30745,23734,2.262,0.746,21.8
21788,30747,35976,1.895,1.544,14.0
21789,30749,35802,4.2,0.844,28.0
21790,30749,31228,4.117,0.829,41.3
21791,30749,9922,9.24,84.107,4.6
21792,30753,21258,2.89,0.448,34.5
21793,30753,14656,17.0,0.0,6.4
21794,30755,9916,3.471,0.515,18.6
21795,30755,35802,4.923,0.857,37.9
21796,30755,31228,5.296,14.14,11.9
21797,30757,41066,2.0,0.0,8.7
21798,30759,30760,1.173,0.144,14.6
21799,30761,22316,1.071,0.071,5.2
21800,30761,30762,1.406,0.477,14.4
21801,30763,30764,1.121,0.107,14.1
21802,30765,30766,1.118,0.115,12.8
21803,30767,33930,1.897,15.927,8.2
21804,30771,7246,3.0,0.667,26.1
21805,30771,35442,4.17,0.798,38.4
21806,30771,28686,5.9,0.544,33.4
21807,30773,32990,4.34,0.981,46.9
21808,30773,29794,10.667,192.989,3.8
21809,30775,28652,1.875,3.85,7.4
21810,30775,30772,3.107,33.817,13.7
21811,30777,38542,4.117,1.007,44.2
21812,30777,33650,30.0,0.0,11.6
21813,30779,35448,2.0,0.0,7.7
21814,30779,30780,1.152,0.212,9.4
21815,30781,27800,4.535,153.188,7.2
21816,30783,33286,4.884,1.091,52.2
21817,30785,30786,1.229,0.229,9.5
21818,30787,30788,1.425,2.489,9.8
21819,30789,30790,1.329,0.413,9.3
21820,30789,35828,12.0,242.0,2.5
21821,30791,30792,1.719,0.963,9.8
21822,30793,30794,2.26,2.197,13.6
21823,30795,30796,2.583,2.487,16.6
21824,30797,30306,1.143,0.143,6.0
21825,30797,25212,1.461,0.501,9.0
21826,30799,30800,1.052,0.055,13.3
21827,30801,30802,1.007,0.014,9.6
21828,30803,30804,1.031,0.03,10.9
21829,30803,14628,6.6,52.489,2.9
21830,30805,30806,1.016,0.016,9.1
21831,30805,36156,8.0,182.571,2.5
21832,30807,30808,1.008,0.008,8.7
21833,30807,39620,1.25,0.25,2.5
21834,30811,17530,3.0,0.0,2.6
21835,30813,30814,1.536,0.273,19.6
21836,30815,30820,1.268,0.356,13.7
21837,30817,30818,1.923,13.304,8.4
21838,30819,27790,1.892,11.43,10.0
21839,30821,30822,1.136,1.171,4.0
21840,30823,25416,2.99,1.873,26.6
21841,30825,30826,1.172,1.036,9.0
21842,30827,30828,1.871,0.668,16.0
21843,30831,30832,1.592,0.687,13.9
21844,30833,30784,2.79,27.411,8.0
21845,30835,30836,1.729,10.926,9.6
21846,30837,30830,3.031,3.19,22.4
21847,30837,37170,23.875,380.125,13.0
21848,30839,41874,3.489,1.063,31.8
21849,30839,37470,4.944,0.788,50.8
21850,30843,30844,1.5,0.333,10.4
21851,30845,30846,1.5,0.333,10.3
21852,30847,30848,1.75,0.25,9.8
21853,30853,30854,1.333,0.333,10.7
21854,30855,25728,2.333,0.333,17.1
21855,30873,15824,2.0,0.0,15.5
21856,30907,5304,2.0,0.0,8.9
21857,30911,39698,2.0,0.0,7.6
21858,30911,30912,1.333,0.333,10.4
21859,30913,30914,1.667,0.333,10.4
21860,30915,35080,2.0,0.0,10.1
21861,30915,30916,1.5,0.5,15.1
21862,30915,10074,2.0,0.0,4.7
21863,30917,25722,1.5,0.5,14.5
21864,30937,22932,2.476,0.939,21.0
21865,30939,22140,3.241,13.261,22.9
21866,30939,30936,3.609,19.839,23.3
21867,30941,22930,2.303,0.862,21.4
21868,30941,22926,6.356,33.888,13.2
21869,30943,30944,1.008,0.008,9.8
21870,30943,13636,2.857,5.476,5.2
21871,30945,30958,1.019,0.047,8.0
21872,30947,38046,1.5,0.5,5.8
21873,30947,25636,3.074,0.967,28.4
21874,30947,5222,8.061,81.642,8.1
21875,30951,30952,1.017,0.017,9.4
21876,30955,38084,1.097,0.088,13.2
21877,30957,30960,1.473,0.25,18.9
21878,30959,36618,1.462,0.269,6.9
21879,30959,30956,2.278,0.765,21.8
21880,30959,34022,10.25,44.25,5.2
21881,30961,30962,1.028,0.043,9.3
21882,30963,30964,1.118,0.12,9.5
21883,30965,30966,1.166,0.139,14.0
21884,30965,25984,3.919,38.993,3.5
21885,30967,30968,1.765,0.226,23.1
21886,30969,30946,1.021,0.02,8.6
21887,30975,25794,1.5,0.5,15.2
21888,30993,30994,3.0,0.0,14.4
21889,30995,580,2.0,0.0,11.1
21890,31005,31000,2.0,0.0,9.0
21891,31005,10136,2.0,0.0,4.7
21892,31017,10146,2.2,0.2,9.0
21893,31017,31018,3.02,0.229,14.4
21894,31019,31020,3.0,0.327,14.3
21895,31021,40072,2.556,0.261,11.0
21896,31021,17718,4.094,0.668,19.1
21897,31023,31024,1.6,0.3,14.0
21898,31023,30326,1.905,0.09,14.1
21899,31023,10154,2.0,0.0,4.7
21900,31025,9566,2.0,0.0,11.3
21901,31025,31026,2.0,0.0,16.1
21902,31027,31028,2.69,0.365,21.0
21903,31029,25232,1.5,0.5,8.3
21904,31029,31030,1.296,0.217,10.2
21905,31031,25692,2.0,0.118,15.3
21906,31031,3916,2.5,0.7,14.6
21907,31035,2092,1.73,0.287,15.2
21908,31037,21106,3.455,0.273,14.4
21909,31037,21100,3.0,0.667,14.4
21910,31037,1294,2.0,0.0,4.7
21911,31039,20422,2.689,26.409,26.3
21912,31047,31048,1.065,0.062,12.5
21913,31049,31050,1.183,0.151,14.7
21914,31051,31052,1.089,0.082,13.9
21915,31053,31054,1.38,0.238,16.7
21916,31063,12118,1.5,0.5,5.7
21917,31063,32962,1.553,0.25,14.8
21918,31063,8928,5.0,21.333,4.3
21919,31067,36858,1.291,0.513,13.4
21920,31069,31070,2.3,0.631,14.4
21921,31071,33350,1.438,0.251,8.5
21922,31083,9144,1.4,0.3,9.9
21923,31083,10210,2.0,0.0,4.7
21924,31085,9160,2.0,0.0,14.4
21925,31087,31088,1.073,0.068,16.1
21926,31095,31096,1.8,0.2,9.2
21927,31097,21202,2.0,0.0,9.0
21928,31099,37426,3.857,1.978,27.8
21929,31099,11498,3.5,0.5,24.1
21930,31101,24616,3.0,0.0,14.0
21931,31101,2476,3.0,0.0,15.0
21932,31111,37036,2.915,0.87,31.8
21933,31111,38796,4.895,15.433,14.6
21934,31115,11850,1.333,0.333,9.8
21935,31117,38318,1.5,0.333,13.6
21936,31117,31118,2.333,0.267,17.9
21937,31119,29892,4.0,0.0,30.0
21938,31119,31122,4.25,0.25,34.9
21939,31119,30108,2.0,0.0,14.3
21940,31119,10238,2.0,0.0,4.7
21941,31121,32164,2.2,1.2,10.8
21942,31121,1610,3.176,7.404,15.2
21943,31123,31124,1.706,0.221,13.6
21944,31123,9182,5.0,0.0,3.9
21945,31127,31128,1.3,0.221,10.7
21946,31129,22606,3.6,0.8,21.3
21947,31129,31130,4.667,0.238,37.0
21948,31131,31120,1.3,0.221,9.8
21949,31139,10260,2.0,0.0,4.7
21950,31141,31142,2.0,0.0,15.5
21951,31143,31144,1.667,0.333,14.4
21952,31147,31148,2.0,0.0,14.0
21953,31149,31150,1.75,0.25,14.0
21954,31151,31152,2.0,0.0,14.4
21955,31153,31154,2.125,0.125,17.2
21956,31153,31174,2.0,0.0,16.1
21957,31155,37232,1.889,0.361,10.8
21958,31159,31160,1.8,0.2,13.8
21959,31161,19452,2.5,0.333,19.7
21960,31161,41710,3.0,0.0,16.1
21961,31165,31166,1.5,0.333,11.1
21962,31173,10294,1.5,0.5,4.7
21963,31175,31176,2.0,0.0,17.8
21964,31177,19450,1.667,0.333,10.2
21965,31177,41708,3.0,0.0,15.1
21966,31179,10300,1.667,0.333,4.7
21967,31181,10302,1.667,0.333,4.7
21968,31187,31188,4.167,0.967,32.8
21969,31187,31578,2.0,0.0,10.5
21970,31189,31190,2.0,0.0,14.5
21971,31191,31192,1.75,0.25,12.3
21972,31191,31584,2.0,0.0,15.1
21973,31191,10312,2.0,0.0,4.7
21974,31203,31204,3.4,0.257,25.3
21975,31205,31206,2.077,0.077,13.7
21976,31205,31250,2.0,0.0,15.8
21977,31207,31240,1.273,0.218,12.6
21978,31219,15722,2.0,0.0,6.5
21979,31231,31232,2.0,0.0,9.0
21980,31233,38556,6.071,0.687,36.5
21981,31237,10356,1.625,0.554,4.7
21982,31241,15520,2.0,0.0,5.9
21983,31243,31230,1.429,0.286,12.2
21984,31247,31248,1.75,0.25,20.1
21985,31251,31252,1.333,0.333,10.5
21986,31253,31254,1.333,0.333,10.4
21987,31261,31262,1.458,0.259,10.8
21988,31263,31264,1.917,0.08,14.9
21989,31269,39124,1.357,0.238,17.8
21990,31271,31272,2.0,0.4,14.7
21991,31273,31274,1.684,0.228,12.3
21992,31275,31276,1.053,0.053,8.1
21993,31277,31278,1.389,0.252,10.4
21994,31279,31280,1.7,0.221,13.8
21995,31281,38894,2.636,0.242,14.1
21996,31285,14882,3.0,0.0,21.9
21997,31297,31298,6.301,446.726,10.6
21998,31299,19676,1.022,0.022,1.8
21999,31299,19692,1.171,0.144,3.2
22000,31301,8452,3.2,0.438,24.0
22001,31309,25404,3.0,0.0,14.2
22002,31311,10714,2.0,1.0,12.2
22003,31311,31312,2.0,0.0,12.7
22004,31313,26716,1.5,0.5,12.0
22005,31313,31314,1.333,0.333,10.3
22006,31315,5008,4.5,0.5,28.6
22007,31317,31318,1.278,0.212,10.4
22008,31321,31322,1.294,0.221,10.4
22009,31325,22432,2.111,0.111,15.9
22010,31325,2940,2.0,0.0,15.5
22011,31325,10436,1.25,0.25,4.7
22012,31329,31330,2.0,0.0,9.6
22013,31329,31356,1.611,0.244,7.2
22014,31331,4214,2.4,0.3,11.3
22015,31333,31334,1.5,0.5,5.9
22016,31335,31378,2.0,0.0,9.1
22017,31337,31338,2.238,0.19,11.2
22018,31339,20246,3.875,0.411,19.6
22019,31339,31340,4.0,0.333,20.3
22020,31341,25308,5.0,0.5,38.5
22021,31349,31350,1.316,0.228,5.4
22022,31351,31352,2.632,0.357,14.0
22023,31353,31354,1.571,0.257,7.1
22024,31355,31336,1.714,0.314,9.2
22025,31357,20556,1.5,0.258,7.9
22026,31359,10440,2.0,2.0,4.7
22027,31365,20624,2.0,0.0,9.0
22028,31369,792,2.667,0.333,14.2
22029,31379,31380,2.667,0.333,14.4
22030,31379,810,3.0,0.0,14.2
22031,31381,31384,2.2,0.2,14.4
22032,31383,35776,2.25,0.214,13.2
22033,31385,31386,2.571,0.286,14.4
22034,31387,31388,2.889,0.611,14.4
22035,31389,10498,1.812,0.296,9.0
22036,31391,31392,2.667,0.333,14.4
22037,31391,20568,3.0,0.0,14.2
22038,31391,10472,2.0,0.0,4.7
22039,31399,31382,1.6,0.3,9.1
22040,31407,10484,2.0,0.0,4.7
22041,31409,31410,2.889,0.111,15.9
22042,31411,10108,2.0,0.0,12.1
22043,31417,35570,3.0,0.0,14.9
22044,31417,14128,3.0,0.0,19.6
22045,31419,33814,2.345,0.228,37.0
22046,31423,31390,1.875,0.411,9.0
22047,31423,826,3.5,0.5,14.4
22048,31423,10470,3.0,0.429,14.2
22049,31425,4208,19.444,527.203,9.0
22050,31425,31426,3.333,0.267,16.8
22051,31427,24498,2.5,0.5,14.4
22052,31427,31428,3.0,0.0,14.2
22053,31431,8598,3.0,0.0,14.0
22054,31433,31424,2.0,0.286,10.6
22055,31433,8594,3.158,0.918,14.7
22056,31433,29216,2.6,0.3,13.0
22057,31437,36496,2.0,0.0,8.6
22058,31437,19158,3.0,0.2,15.0
22059,31437,14900,6.0,0.0,19.3
22060,31439,41382,1.8,0.2,9.0
22061,31443,31444,5.0,0.0,14.6
22062,31443,35314,3.5,0.5,14.3
22063,31445,33228,2.5,0.5,9.1
22064,31445,10516,2.0,0.5,4.7
22065,31463,24804,3.0,0.0,19.3
22066,31463,10534,2.0,0.0,4.7
22067,31469,31470,3.0,0.0,14.4
22068,31477,18362,1.417,0.265,8.2
22069,31479,31480,1.067,0.067,11.4
22070,31481,36430,2.5,6.3,2.1
22071,31481,10552,8.5,112.5,1.5
22072,31513,31514,1.333,0.333,10.4
22073,31515,34776,4.0,8.0,9.7
22074,31523,31524,1.5,0.7,10.4
22075,31525,26368,2.0,0.0,14.4
22076,31529,6998,2.0,0.0,14.3
22077,31529,16500,2.368,1.807,21.7
22078,31529,33826,2.579,1.48,16.3
22079,31535,31536,1.025,0.025,9.4
22080,31537,36854,1.524,0.534,15.6
22081,31545,37258,3.0,0.0,14.9
22082,31547,22840,1.167,0.167,9.7
22083,31547,2738,2.0,0.0,15.0
22084,31555,5428,3.0,0.0,10.4
22085,31561,3978,1.5,0.5,10.9
22086,31561,31562,2.0,0.0,14.8
22087,31565,24208,2.5,0.5,15.9
22088,31575,19456,3.0,0.0,10.4
22089,31575,41714,2.5,0.5,16.2
22090,31577,10264,2.0,0.0,14.4
22091,31581,10634,2.0,0.0,4.7
22092,31583,10636,1.5,0.333,4.7
22093,31585,31586,2.0,0.0,17.0
22094,31585,10642,2.0,0.0,17.0
22095,31591,10266,1.6,0.3,9.2
22096,31591,31146,2.0,0.0,14.3
22097,31593,31594,3.0,0.0,14.4
22098,31597,31598,1.5,0.5,14.4
22099,31599,16332,1.3,0.233,9.4
22100,31599,38152,2.0,0.0,14.5
22101,31599,10652,2.0,0.0,4.7
22102,31603,31604,1.5,0.5,10.5
22103,31605,36050,2.0,0.0,14.6
22104,31615,32490,2.2,0.7,14.3
22105,31629,33294,2.0,0.0,14.3
22106,31635,10686,1.5,0.5,4.7
22107,31637,10688,3.0,0.0,4.7
22108,31649,24906,4.0,0.0,14.7
22109,31651,5108,1.87,0.209,9.5
22110,31657,31658,3.0,0.667,14.4
22111,31659,3526,1.667,0.333,4.7
22112,31665,40634,3.294,0.275,15.5
22113,31671,10422,3.333,0.333,17.3
22114,31679,31680,2.0,0.0,14.8
22115,31691,31692,1.333,0.333,14.4
22116,31697,31698,2.0,0.0,14.4
22117,31699,10734,2.0,0.0,14.8
22118,31701,10744,2.0,0.0,4.7
22119,31703,31704,3.0,0.0,14.8
22120,31703,31710,3.0,0.0,14.8
22121,31707,31708,2.5,0.5,15.1
22122,31709,38996,2.333,0.333,13.2
22123,31711,31708,2.0,0.0,14.9
22124,31713,31716,3.0,0.0,14.7
22125,31717,38992,2.0,0.0,11.8
22126,31719,31720,1.267,0.198,14.1
22127,31719,19040,7.5,84.5,3.6
22128,31721,40456,1.163,0.138,13.5
22129,31721,6150,4.5,24.5,3.8
22130,31731,10774,2.0,0.0,5.6
22131,31735,10778,2.0,0.0,4.7
22132,31739,31740,1.625,0.268,10.9
22133,31741,31742,1.375,0.268,10.6
22134,31743,31744,2.0,0.0,14.6
22135,31745,31746,1.571,0.286,11.8
22136,31747,10790,2.0,0.0,4.7
22137,31749,31750,2.0,0.0,14.4
22138,31753,35152,1.933,0.21,13.9
22139,31755,29764,2.571,0.286,13.3
22140,31757,494,1.429,0.286,6.5
22141,31759,14030,2.207,0.875,19.4
22142,31761,41366,1.08,0.075,5.1
22143,31763,10806,1.125,0.125,4.7
22144,31767,29080,2.0,0.0,7.5
22145,31767,8464,2.0,0.0,12.2
22146,31771,10816,1.375,0.268,4.7
22147,31773,20414,2.0,0.0,9.4
22148,31773,722,3.0,0.0,14.4
22149,31775,16942,3.0,0.0,11.0
22150,31775,38846,2.0,0.0,9.6
22151,31779,33312,2.0,0.0,9.3
22152,31781,31782,1.415,4.436,9.0
22153,31783,24408,4.0,0.0,20.9
22154,31783,25846,3.268,0.822,33.6
22155,31783,19718,16.75,46.917,12.8
22156,31787,33434,1.105,0.099,1.2
22157,31791,31792,1.976,0.17,26.0
22158,31791,24142,2.5,5.667,8.6
22159,31797,31798,1.222,7.142,5.6
22160,31799,31800,1.489,7.339,4.6
22161,31801,28596,1.185,0.152,5.4
22162,31801,19970,1.193,1.099,9.3
22163,31803,31820,1.667,0.333,9.2
22164,31803,21246,2.0,0.0,14.5
22165,31809,6470,2.0,0.0,12.9
22166,31809,26986,3.0,0.0,20.6
22167,31813,31814,1.714,0.238,6.4
22168,31815,10876,2.0,0.0,11.4
22169,31815,31848,2.0,0.0,15.2
22170,31817,31818,2.0,0.8,5.5
22171,31819,11662,2.5,0.333,14.9
22172,31823,31824,3.0,0.0,14.4
22173,31825,38280,2.667,0.333,11.8
22174,31833,31834,2.0,0.0,14.7
22175,31835,21246,2.0,0.0,14.3
22176,31839,31816,34.333,732.333,9.1
22177,31841,10870,2.0,0.0,4.7
22178,31843,31808,2.667,0.333,14.6
22179,31845,27078,3.0,0.0,26.6
22180,31845,31846,3.054,0.303,29.8
22181,31853,10882,2.0,0.0,4.8
22182,31855,40784,2.0,0.0,9.0
22183,31855,31856,2.75,0.25,11.6
22184,31863,31864,2.0,0.0,14.4
22185,31865,31866,2.5,0.5,14.1
22186,31867,31868,3.0,0.0,20.9
22187,31873,31874,4.0,1.0,12.2
22188,31875,21016,2.857,0.476,18.8
22189,31877,31878,1.227,0.251,8.7
22190,31879,35738,1.491,0.252,9.7
22191,31899,21138,2.0,0.0,9.2
22192,31899,1324,2.0,0.0,15.0
22193,31903,31904,1.667,0.333,12.8
22194,31905,39386,1.667,0.333,14.8
22195,31913,30012,1.5,0.5,7.3
22196,31913,31914,2.0,0.0,9.8
22197,31921,31922,2.0,0.0,14.6
22198,31923,31924,2.0,0.0,14.4
22199,31925,36028,2.0,0.0,9.2
22200,31925,14496,2.0,0.0,14.3
22201,31927,31928,4.0,0.0,14.6
22202,31927,10950,2.0,0.0,4.7
22203,31931,10954,1.333,0.333,4.7
22204,31933,31930,3.0,0.0,16.0
22205,31933,10956,1.667,0.333,4.7
22206,31939,31946,3.0,0.0,9.0
22207,31939,31940,6.125,1.839,11.9
22208,31941,31942,6.143,0.476,12.5
22209,31943,31944,7.5,0.5,14.4
22210,31943,1244,7.5,0.5,14.6
22211,31945,10968,3.0,0.0,4.7
22212,31947,41076,4.0,0.0,10.7
22213,31955,10978,2.0,0.0,4.7
22214,31957,31958,1.882,0.11,14.5
22215,31957,17322,2.125,0.125,14.8
22216,31957,10980,1.833,0.167,4.7
22217,31959,31960,2.0,0.0,14.4
22218,31959,17320,2.125,0.125,15.0
22219,31959,10982,1.8,0.2,4.7
22220,31961,32030,2.0,0.0,18.6
22221,31961,10984,2.0,0.0,4.7
22222,31963,32030,2.0,0.0,19.7
22223,31971,32310,2.111,0.111,14.5
22224,31977,2120,1.75,0.25,8.3
22225,31983,31984,1.222,0.183,5.0
22226,31985,31986,1.125,0.114,6.8
22227,31987,31988,1.389,0.369,5.2
22228,31989,12308,13.286,2770.614,9.1
22229,31991,21958,1.611,0.369,6.6
22230,31993,33502,4.231,0.526,8.1
22231,31993,17556,2.556,0.278,8.1
22232,31995,7988,1.667,0.333,13.9
22233,32003,32004,1.244,0.189,15.7
22234,32009,32010,1.03,0.03,9.4
22235,32011,32012,1.139,0.123,13.7
22236,32015,41942,2.135,0.953,15.9
22237,32019,32020,1.03,0.03,6.0
22238,32025,17278,1.25,0.25,9.1
22239,32029,33280,1.127,0.112,14.4
22240,32031,32032,1.75,0.25,14.0
22241,32033,10928,3.25,0.25,23.6
22242,32035,32036,2.838,86.671,6.7
22243,32037,32038,2.647,0.797,26.8
22244,32037,19574,21.893,782.544,8.9
22245,32039,32040,5.303,255.866,8.2
22246,32041,32584,1.857,0.256,22.9
22247,32041,41852,15.192,793.73,22.5
22248,32047,22038,1.167,0.167,5.7
22249,32049,32050,1.4,0.267,10.6
22250,32051,32052,1.571,0.286,10.4
22251,32055,20998,5.333,0.333,26.1
22252,32055,30656,2.0,0.0,14.1
22253,32055,11036,1.5,0.286,4.7
22254,32059,16586,4.0,0.0,14.2
22255,32063,11044,1.667,0.333,4.7
22256,32069,8844,2.333,0.667,9.0
22257,32071,38450,3.0,0.25,14.2
22258,32071,11052,1.75,0.25,4.7
22259,32073,11054,1.667,0.333,4.7
22260,32077,11096,3.75,0.917,14.3
22261,32083,32074,3.25,0.25,7.6
22262,32099,32076,3.5,0.5,6.6
22263,32101,32102,1.315,0.22,9.2
22264,32103,29390,1.667,0.23,9.3
22265,32103,32104,1.542,0.259,12.2
22266,32105,24894,5.0,0.0,34.1
22267,32105,32106,3.476,0.262,27.5
22268,32107,32108,2.077,0.077,14.6
22269,32109,32110,1.818,0.164,14.2
22270,32111,32112,1.75,0.214,13.3
22271,32113,32114,2.0,0.0,14.4
22272,32115,20250,1.333,0.333,14.6
22273,32117,11098,2.0,0.0,4.7
22274,32121,20432,2.0,0.0,8.6
22275,32121,32122,3.0,0.25,14.5
22276,32125,32126,4.467,0.552,8.7
22277,32127,27380,3.5,0.5,9.0
22278,32127,19534,3.765,0.316,16.1
22279,32127,17276,6.0,0.0,20.9
22280,32129,2962,2.0,0.4,9.1
22281,32129,33176,4.0,0.0,17.1
22282,32133,41270,2.062,0.196,14.4
22283,32135,41244,3.0,0.0,20.4
22284,32137,32138,2.0,0.0,14.6
22285,32139,32140,2.0,0.0,14.6
22286,32141,32142,2.0,0.0,14.6
22287,32143,41244,3.0,0.0,19.3
22288,32145,11966,1.5,0.5,8.4
22289,32145,32146,2.0,0.0,14.4
22290,32147,896,2.0,0.0,10.2
22291,32147,41426,2.167,0.167,17.0
22292,32149,41272,2.286,0.238,19.9
22293,32149,24634,3.5,0.5,15.2
22294,32159,39896,2.0,0.0,7.7
22295,32161,11136,2.0,0.0,4.7
22296,32163,32004,1.667,0.333,10.8
22297,32163,11000,2.0,0.0,18.0
22298,32165,32166,1.051,0.049,4.0
22299,32167,32168,1.252,0.19,14.7
22300,32169,32170,1.047,0.045,12.3
22301,32171,32172,1.196,0.159,14.2
22302,32173,22634,1.526,0.345,18.2
22303,32173,19572,2.357,7.016,5.3
22304,32175,35724,2.0,0.0,9.0
22305,32175,32176,2.0,0.0,14.1
22306,32179,26458,1.4,0.3,8.9
22307,32185,24390,2.0,0.0,17.8
22308,32201,32202,3.0,0.0,14.2
22309,32217,26478,2.0,0.0,14.4
22310,32219,32220,2.0,0.0,14.5
22311,32221,32222,2.0,0.0,14.6
22312,32223,32224,2.0,0.0,14.0
22313,32225,11946,2.0,0.667,9.0
22314,32227,32230,4.0,0.0,14.4
22315,32229,32226,3.0,0.0,14.4
22316,32231,37728,3.0,0.0,14.4
22317,32237,32228,3.0,0.0,14.1
22318,32239,32240,3.0,0.0,14.4
22319,32239,32244,3.0,0.0,14.3
22320,32241,32242,4.0,0.0,14.5
22321,32243,41428,3.0,2.0,14.4
22322,32247,11220,3.0,0.0,13.3
22323,32253,41454,4.667,0.667,20.7
22324,32259,32260,1.5,0.5,5.3
22325,32261,32464,1.5,0.5,9.0
22326,32265,32266,2.065,0.238,25.0
22327,32267,32268,1.02,0.02,10.4
22328,32267,40946,2.333,5.333,3.1
22329,32271,32272,1.072,0.082,10.4
22330,32273,32274,1.531,0.387,11.2
22331,32273,40282,2.667,8.333,2.1
22332,32275,15526,1.049,0.047,4.8
22333,32281,7914,1.444,0.278,9.3
22334,32287,11252,1.5,0.5,4.7
22335,32289,18246,2.1,0.1,9.1
22336,32289,40404,7.0,0.0,17.9
22337,32297,19780,4.412,0.382,32.5
22338,32301,23802,1.837,0.425,12.2
22339,32301,40222,2.597,0.891,25.6
22340,32303,35266,2.241,0.77,26.6
22341,32303,25448,2.251,1.359,26.6
22342,32305,35252,3.133,1.019,27.5
22343,32307,32308,1.111,0.105,14.5
22344,32311,32312,1.364,0.255,8.8
22345,32313,21896,1.5,0.5,9.0
22346,32313,29830,2.0,0.0,17.4
22347,32313,2472,2.286,0.238,16.1
22348,32315,32316,2.0,0.0,11.3
22349,32319,32320,2.0,0.0,11.4
22350,32321,17886,4.0,0.0,23.1
22351,32323,32314,4.8,9.2,2.3
22352,32353,40386,2.0,0.0,8.3
22353,32353,32354,1.429,0.25,10.8
22354,32355,32356,1.304,0.216,10.4
22355,32357,40390,1.25,0.25,9.1
22356,32357,32358,1.5,0.256,10.8
22357,32359,32360,2.229,0.182,16.1
22358,32359,39790,1.333,0.667,4.0
22359,32361,40382,1.833,0.152,8.9
22360,32361,32362,2.385,0.256,17.7
22361,32361,18208,1.2,0.178,5.1
22362,32367,35852,2.0,0.0,4.7
22363,32367,32368,1.154,0.141,14.2
22364,32369,32370,2.0,0.167,13.7
22365,32371,24316,2.0,0.0,9.0
22366,32371,32372,3.3,0.233,14.4
22367,32373,32374,3.333,0.25,14.3
22368,32373,4060,2.0,0.0,4.7
22369,32375,11326,1.571,0.286,4.7
22370,32385,35864,4.0,0.0,7.7
22371,32391,32352,1.04,0.039,4.6
22372,32391,32392,1.667,0.242,12.5
22373,32393,32394,1.779,0.174,13.1
22374,32395,32396,1.254,0.192,9.1
22375,32397,32398,1.183,0.152,6.9
22376,32403,32408,1.8,0.2,10.6
22377,32407,36430,1.2,0.2,8.1
22378,32409,11348,2.0,0.0,4.7
22379,32413,32414,8.0,0.0,12.8
22380,32413,11352,2.0,0.0,4.7
22381,32421,5208,1.588,0.257,9.1
22382,32421,25628,2.286,0.714,14.3
22383,32427,11366,1.667,0.333,4.7
22384,32429,32430,1.75,0.25,12.8
22385,32431,26992,2.0,0.0,12.5
22386,32431,32672,2.0,0.0,16.9
22387,32431,6476,2.0,0.0,16.4
22388,32435,32436,2.2,0.2,17.1
22389,32437,33722,1.714,0.238,9.5
22390,32437,32438,2.0,0.0,16.6
22391,32437,12450,2.0,0.0,14.9
22392,32439,33736,3.0,0.0,24.3
22393,32439,32668,3.071,0.379,24.1
22394,32439,11378,2.0,0.0,4.7
22395,32443,26292,2.0,0.0,9.3
22396,32445,32446,3.0,0.0,25.1
22397,32449,11392,1.059,0.059,13.2
22398,32457,32458,1.6,0.3,7.3
22399,32459,41510,2.667,0.333,12.5
22400,32459,32460,3.5,0.5,15.2
22401,32461,32462,4.0,2.0,15.0
22402,32463,41512,2.0,0.0,10.0
22403,32475,12138,2.333,0.333,14.1
22404,32475,38430,3.0,2.0,15.0
22405,32489,32490,1.094,0.087,13.5
22406,32491,33294,1.516,0.254,13.5
22407,32493,28514,2.0,0.0,12.0
22408,32495,28542,2.0,0.0,15.9
22409,32497,11426,2.0,0.0,4.7
22410,32513,32514,2.0,0.0,7.0
22411,32515,7556,2.0,0.0,11.6
22412,32527,32528,1.735,0.199,12.9
22413,32529,37636,1.857,0.125,9.9
22414,32539,32540,1.333,0.333,10.3
22415,32541,40970,2.0,0.0,14.7
22416,32545,28028,2.245,0.224,29.8
22417,32545,35372,2.308,0.224,29.8
22418,32547,11472,2.0,0.0,4.7
22419,32553,6216,2.375,0.268,12.4
22420,32559,36570,3.0,0.0,17.5
22421,32565,32566,1.451,4.28,10.5
22422,32567,32568,1.956,15.082,8.2
22423,32569,32570,1.337,0.398,13.2
22424,32569,29074,8.75,37.583,3.2
22425,32571,32572,1.051,0.057,9.9
22426,32573,10222,2.5,0.278,18.2
22427,32573,37426,2.42,5.571,23.8
22428,32575,2560,1.792,0.381,14.5
22429,32577,32578,1.004,0.004,5.2
22430,32579,32580,1.045,0.378,8.2
22431,32581,39400,1.793,0.81,18.1
22432,32581,39404,12.833,154.967,10.3
22433,32585,32586,1.114,0.132,11.7
22434,32589,32590,7.06,249.527,3.9
22435,32591,37674,1.857,0.143,8.0
22436,32591,2300,4.25,1.583,37.7
22437,32591,31796,5.167,8.077,21.1
22438,32595,40182,1.969,22.741,11.5
22439,32595,33654,1.1,0.2,10.0
22440,32605,29058,2.0,0.0,8.6
22441,32605,8444,3.0,0.0,18.1
22442,32613,32614,1.5,0.5,5.0
22443,32619,32600,1.667,0.333,10.2
22444,32621,11530,1.5,0.5,4.7
22445,32623,3246,1.733,0.21,9.0
22446,32631,11540,2.0,0.0,4.7
22447,32635,32636,2.625,0.268,13.7
22448,32637,32622,3.0,0.667,14.4
22449,32639,12084,2.5,0.333,14.0
22450,32641,33284,6.0,0.0,39.0
22451,32643,41866,2.5,4.5,14.8
22452,32643,30782,6.981,225.929,11.1
22453,32649,35552,1.5,0.5,9.1
22454,32653,32654,4.235,0.566,20.6
22455,32655,32656,2.455,0.273,11.9
22456,32657,32658,1.091,0.091,5.0
22457,32659,32660,2.111,0.111,10.4
22458,32661,32662,4.0,0.0,16.9
22459,32663,13182,1.5,0.5,7.2
22460,32667,5910,2.25,0.386,20.3
22461,32669,7092,2.0,0.0,13.1
22462,32669,32670,2.5,0.5,18.8
22463,32669,27162,2.5,0.286,19.6
22464,32669,27638,3.0,0.0,17.0
22465,32669,11576,2.0,0.0,4.7
22466,32671,5748,2.0,0.0,8.6
22467,32671,26224,2.0,0.0,13.6
22468,32671,11578,2.0,0.0,4.7
22469,32673,26964,2.0,0.0,7.6
22470,32675,32676,2.0,0.0,16.8
22471,32681,32426,2.0,0.0,15.1
22472,32685,11368,2.0,0.0,12.9
22473,32689,32700,1.021,0.021,9.5
22474,32693,29656,1.571,0.286,9.2
22475,32693,32694,1.386,0.239,17.2
22476,32695,32696,1.115,0.103,13.8
22477,32695,29298,4.333,12.333,4.0
22478,32697,32698,1.012,0.012,9.5
22479,32699,12412,1.053,0.053,5.6
22480,32699,25570,1.306,0.215,15.5
22481,32699,25562,2.0,0.0,4.2
22482,32701,32702,1.14,0.122,13.6
22483,32701,8702,2.2,7.2,3.9
22484,32703,29652,1.083,0.083,5.1
22485,32703,32704,1.127,0.112,13.5
22486,32709,36952,2.5,0.5,14.5
22487,32709,15324,2.5,4.5,1.7
22488,32711,32690,2.777,0.312,34.7
22489,32713,32714,1.159,3.229,8.6
22490,32715,29796,1.727,0.208,21.4
22491,32715,32716,1.601,0.373,19.3
22492,32717,30776,2.159,26.782,8.2
22493,32719,25450,10.634,1094.376,14.1
22494,32725,40032,1.321,0.235,10.8
22495,32727,32728,1.008,0.008,9.4
22496,32729,30728,1.807,15.677,7.8
22497,32731,16080,1.518,0.26,13.5
22498,32731,32732,1.047,0.045,10.9
22499,32733,27202,1.351,0.252,14.0
22500,32735,32736,1.02,0.02,10.4
22501,32739,11648,3.78,0.278,20.3
22502,32741,32742,1.02,0.02,10.4
22503,32743,32744,1.021,0.021,10.6
22504,32751,32752,1.424,0.248,17.0
22505,32755,32756,1.173,0.146,15.0
22506,32757,32734,1.086,0.08,14.4
22507,32759,32760,2.105,0.298,25.3
22508,32759,13374,3.333,38.824,4.3
22509,32761,32762,1.196,0.261,11.6
22510,32763,11624,2.0,0.292,10.1
22511,32763,32764,2.538,0.927,20.2
22512,32765,32766,1.157,0.144,14.2
22513,32765,34664,2.714,8.571,2.9
22514,32767,27786,1.007,0.007,8.7
22515,32771,22538,4.333,0.333,32.4
22516,32771,20424,4.043,0.911,29.7
22517,32775,10848,1.5,0.5,10.0
22518,32775,32776,1.021,0.021,14.6
22519,32777,32778,1.012,0.012,14.3
22520,32787,32788,1.867,0.124,14.3
22521,32789,22340,2.0,0.182,13.3
22522,32801,16844,1.5,0.5,8.5
22523,32801,31788,1.109,0.099,14.2
22524,32803,35440,9.929,142.533,23.1
22525,32803,23136,3.0,0.0,18.4
22526,32807,11688,2.333,5.333,1.4
22527,32809,32810,5.0,0.0,20.2
22528,32811,32812,1.625,0.268,7.1
22529,32813,13472,2.125,0.411,8.7
22530,32815,32816,2.5,0.333,13.0
22531,32817,32818,2.75,0.25,14.4
22532,32819,32820,3.0,1.0,14.4
22533,32821,32822,3.0,2.0,14.4
22534,32821,32832,3.0,0.0,14.4
22535,32823,32824,3.0,0.0,14.4
22536,32823,32838,2.0,0.0,14.2
22537,32823,11698,2.0,0.0,4.7
22538,32831,15306,2.0,0.0,9.4
22539,32833,15298,2.0,0.0,10.0
22540,32839,15296,2.0,0.0,10.1
22541,32845,22264,1.174,0.145,26.2
22542,32845,33896,1.196,0.161,26.4
22543,32847,23580,3.333,0.333,33.0
22544,32847,22762,3.754,0.365,36.2
22545,32855,11724,1.5,0.5,4.7
22546,32873,3622,2.267,0.352,7.5
22547,32881,35214,1.5,0.5,5.1
22548,32881,32882,1.125,0.112,13.4
22549,32883,32884,1.15,0.13,13.4
22550,32885,32886,1.014,0.014,9.3
22551,32887,30754,1.416,0.246,16.3
22552,32889,32930,1.5,0.333,9.4
22553,32891,11760,2.0,0.0,4.7
22554,32893,36770,2.0,0.0,9.0
22555,32893,32894,3.2,0.7,14.4
22556,32895,32896,3.2,0.2,14.5
22557,32897,36702,2.0,0.0,9.0
22558,32897,32898,3.667,0.333,14.6
22559,32897,15090,3.0,0.0,14.3
22560,32899,32900,3.333,0.333,14.5
22561,32901,32902,3.333,0.333,14.7
22562,32903,11772,1.333,0.333,4.7
22563,32905,15044,3.0,0.0,12.6
22564,32905,15120,3.0,0.0,12.1
22565,32925,15836,4.0,0.0,19.0
22566,32929,13260,3.0,0.0,17.0
22567,32931,32932,1.028,0.027,9.4
22568,32933,30726,1.335,5.916,8.6
22569,32935,20416,6.5,0.5,34.3
22570,32947,32948,2.0,0.0,8.6
22571,32947,33936,4.0,0.0,13.7
22572,32949,32950,4.0,0.0,13.4
22573,32951,12794,2.0,0.0,9.1
22574,32953,34144,2.0,0.0,9.4
22575,32955,32956,3.667,0.333,14.5
22576,32955,11814,2.0,0.0,4.7
22577,32957,34108,3.0,0.0,12.7
22578,32957,32958,4.0,0.0,15.2
22579,32959,11818,2.0,0.0,4.7
22580,32967,12248,1.273,0.218,6.1
22581,32967,14492,1.354,0.23,13.4
22582,32971,32972,2.5,0.5,14.5
22583,32971,11830,1.5,0.5,4.7
22584,32973,32974,2.0,0.0,9.7
22585,32975,32976,2.0,0.0,11.0
22586,32977,22292,4.0,0.0,15.8
22587,32981,32982,3.5,0.5,14.4
22588,32981,2258,3.5,0.333,14.2
22589,32983,22302,3.0,0.0,11.1
22590,32987,6098,2.5,0.5,10.5
22591,32991,32992,1.935,12.622,8.0
22592,32993,33238,1.34,0.227,5.7
22593,32993,32726,3.112,0.852,31.7
22594,32993,29930,9.556,113.278,12.5
22595,32995,32592,1.108,0.097,12.0
22596,32997,33544,1.137,0.132,9.7
22597,33001,33002,1.005,0.005,8.1
22598,33003,33004,2.579,50.424,7.1
22599,33005,37712,2.37,0.292,12.8
22600,33005,37226,4.165,1.642,39.3
22601,33005,16066,1.5,0.5,11.5
22602,33005,32996,62.0,0.0,3.3
22603,33007,33008,1.081,0.075,13.5
22604,33009,33010,1.051,0.056,9.6
22605,33011,33012,1.268,0.239,8.7
22606,33015,33016,3.246,66.615,8.2
22607,33017,12782,1.25,0.214,5.6
22608,33017,35692,2.829,1.029,27.6
22609,33017,41694,7.176,58.01,8.5
22610,33017,37228,13.5,132.0,3.9
22611,33021,32028,1.227,1.136,2.4
22612,33021,28212,3.727,2.218,36.6
22613,33023,37436,3.789,1.144,29.6
22614,33025,20310,2.275,0.243,28.5
22615,33025,39286,2.111,0.151,28.9
22616,33065,33066,1.667,0.333,20.0
22617,33081,31522,2.0,0.0,14.3
22618,33083,33084,1.013,0.013,9.4
22619,33089,33090,3.2,0.7,14.4
22620,33089,11920,1.7,0.456,4.6
22621,33091,33092,4.2,0.4,19.4
22622,33093,11918,2.188,0.163,9.1
22623,33095,33096,3.5,0.5,15.4
22624,33097,33098,3.2,0.2,14.7
22625,33099,25606,2.25,0.25,14.7
22626,33099,5186,2.364,0.255,13.8
22627,33103,33104,1.714,0.238,13.4
22628,33105,33106,1.8,0.2,14.5
22629,33105,11938,1.5,0.5,4.7
22630,33107,33108,1.75,0.25,14.4
22631,33109,33110,2.0,0.667,14.7
22632,33113,33114,2.0,0.0,14.5
22633,33113,11196,2.0,0.0,14.7
22634,33115,33116,1.333,0.333,14.3
22635,33117,11170,2.0,0.0,9.0
22636,33117,33118,2.5,0.5,17.1
22637,33119,41432,1.5,0.5,9.6
22638,33119,32206,2.0,0.0,14.8
22639,33123,41804,2.333,0.25,12.9
22640,33127,33128,1.714,0.238,14.4
22641,33129,33130,1.286,0.238,8.8
22642,33131,33132,1.875,0.411,14.4
22643,33133,33134,2.111,0.111,13.6
22644,33135,11120,2.111,0.111,13.6
22645,33153,33154,1.295,0.209,25.8
22646,33155,33156,1.018,0.018,18.4
22647,33157,36504,2.673,0.79,45.3
22648,33159,33160,1.027,0.045,8.8
22649,33161,33162,1.503,0.265,8.2
22650,33163,33164,1.379,6.394,8.1
22651,33165,33166,2.462,34.441,13.5
22652,33167,33182,2.056,26.124,9.4
22653,33169,33170,3.947,203.597,4.1
22654,33171,35434,1.795,0.654,11.4
22655,33173,33178,1.191,0.156,14.2
22656,33173,22908,1.125,0.125,4.0
22657,33175,20834,1.049,0.047,13.6
22658,33175,28754,4.125,26.917,1.6
22659,33177,33168,1.179,0.2,14.3
22660,33179,33180,1.016,0.016,9.4
22661,33183,33184,11.988,554.412,11.2
22662,33185,35536,2.0,0.0,6.1
22663,33185,40216,5.0,0.921,45.9
22664,33185,35532,6.475,0.762,38.1
22665,33187,33188,1.031,0.046,9.5
22666,33189,20836,3.209,1.094,36.2
22667,33189,40210,2.731,6.125,14.4
22668,33193,40192,1.19,1.42,7.3
22669,33195,16418,3.0,0.0,16.0
22670,33195,12034,3.667,1.057,30.8
22671,33195,12038,10.385,175.611,7.0
22672,33197,4488,2.5,0.5,13.8
22673,33197,33198,1.023,0.022,12.2
22674,33199,33200,1.067,0.08,10.5
22675,33201,12038,3.627,0.281,15.5
22676,33201,12026,4.6,0.8,31.4
22677,33203,33204,4.975,135.937,9.1
22678,33205,12026,2.267,0.478,10.8
22679,33205,16418,4.368,0.801,33.4
22680,33205,12034,2.322,0.459,12.1
22681,33217,25386,2.065,0.325,25.2
22682,33217,2820,2.76,21.44,5.1
22683,33223,37530,2.375,0.268,17.6
22684,33225,41690,1.5,0.5,8.8
22685,33231,33232,2.0,0.0,14.0
22686,33233,35324,1.2,0.2,9.1
22687,33235,12072,2.0,0.0,4.7
22688,33237,16308,2.0,0.0,15.6
22689,33241,34604,2.5,0.5,12.6
22690,33243,33244,7.5,2.0,14.6
22691,33245,20282,8.0,0.0,12.7
22692,33245,606,6.857,1.143,13.8
22693,33245,600,2.333,0.333,4.7
22694,33247,33248,1.149,0.128,5.4
22695,33249,23402,3.724,0.35,17.9
22696,33249,33250,3.0,0.364,14.7
22697,33249,23396,3.4,0.686,15.2
22698,33251,11548,1.667,0.25,9.0
22699,33251,33252,2.667,0.333,14.2
22700,33253,33254,2.5,0.333,14.4
22701,33255,12088,1.5,0.333,4.7
22702,33259,12098,2.0,0.0,14.2
22703,33261,33262,2.0,0.0,9.0
22704,33263,33264,4.0,0.0,19.6
22705,33267,12090,2.0,0.0,9.0
22706,33271,88,2.667,0.333,13.3
22707,33277,29090,2.0,0.0,15.2
22708,33277,9202,2.0,0.0,10.1
22709,33279,35402,1.147,0.127,13.5
22710,33279,17152,1.323,1.026,3.3
22711,33281,33282,1.695,2.515,13.1
22712,33283,21994,3.589,1.126,32.5
22713,33283,19822,3.763,0.322,19.6
22714,33285,32994,1.025,0.025,2.1
22715,33287,30774,2.771,35.127,8.2
22716,33293,39148,4.0,0.0,17.8
22717,33293,39152,3.901,0.99,36.6
22718,33295,33296,1.238,0.184,9.5
22719,33297,33298,2.794,0.231,20.7
22720,33299,32962,1.474,0.289,9.5
22721,33299,8928,2.286,0.238,15.7
22722,33299,10194,3.8,0.7,15.1
22723,33303,33304,1.259,0.195,9.4
22724,33305,33306,1.947,0.158,14.2
22725,33307,38526,2.0,0.0,12.5
22726,33307,26740,5.0,0.0,28.3
22727,33307,33308,4.228,0.429,31.4
22728,33309,33310,2.429,0.328,18.6
22729,33309,28222,2.667,0.299,20.7
22730,33311,33312,1.514,0.257,10.5
22731,33315,33316,1.167,0.143,8.8
22732,33323,31432,2.0,0.667,11.6
22733,33325,24406,1.505,0.279,18.5
22734,33343,34448,2.812,0.256,27.8
22735,33343,38850,2.227,0.374,29.7
22736,33345,33346,1.172,0.148,15.2
22737,33347,33348,2.037,0.036,19.7
22738,33349,33350,1.019,0.019,11.2
22739,33353,33354,1.48,0.252,18.1
22740,33355,33356,3.113,0.241,39.3
22741,33359,33360,1.174,0.145,14.7
22742,33363,33364,2.096,0.123,21.5
22743,33365,33366,1.088,0.081,13.8
22744,33369,22966,2.595,13.155,13.1
22745,33375,2382,1.308,0.222,16.4
22746,33377,33378,2.077,0.074,26.3
22747,33379,22390,2.0,0.0,6.2
22748,33379,33370,1.125,0.114,14.6
22749,33381,26084,1.429,0.286,9.4
22750,33383,33384,1.375,0.242,9.5
22751,33385,33386,2.031,17.838,9.6
22752,33387,23102,2.414,0.894,18.0
22753,33387,5190,4.667,8.333,23.9
22754,33389,33390,1.417,0.265,10.6
22755,33391,33392,1.25,0.205,10.3
22756,33395,33396,1.143,0.143,9.3
22757,33397,33398,1.143,0.143,11.0
22758,33401,33402,1.25,0.205,10.6
22759,33403,33404,1.083,0.083,9.5
22760,33407,39464,1.01,0.01,5.6
22761,33407,33408,1.052,0.05,9.7
22762,33409,39462,1.093,0.085,9.8
22763,33415,33416,3.0,0.0,14.4
22764,33425,38924,1.265,0.261,8.4
22765,33427,33428,1.76,1.615,4.7
22766,33429,22738,1.87,0.209,9.0
22767,33429,39368,1.571,0.311,9.5
22768,33431,24528,3.5,1.0,28.0
22769,33431,39152,2.828,0.651,30.7
22770,33431,40320,12.947,120.942,7.7
22771,33433,31784,2.325,1.768,22.7
22772,33435,19682,17.559,589.552,32.8
22773,33435,19684,23.376,1858.497,32.7
22774,33445,14492,1.727,0.618,10.2
22775,33445,29580,4.0,0.0,18.2
22776,33445,11826,2.857,0.747,15.5
22777,33449,30034,3.0,0.0,23.4
22778,33451,33452,2.0,0.133,14.5
22779,33453,33454,1.071,0.071,6.6
22780,33455,33456,1.571,0.264,12.2
22781,33459,37420,2.6,0.267,17.0
22782,33469,27388,2.308,0.219,17.0
22783,33469,33470,2.182,0.164,16.0
22784,33475,33476,1.818,0.164,13.4
22785,33479,40184,2.917,0.265,21.0
22786,33481,32016,1.571,0.252,11.3
22787,33481,15720,2.667,1.524,19.4
22788,33483,29856,1.167,0.333,3.2
22789,33485,33480,2.053,0.159,15.3
22790,33487,33488,1.667,0.333,12.5
22791,33487,10720,2.5,0.5,9.9
22792,33489,33490,2.0,0.0,14.0
22793,33491,33492,1.4,0.3,10.8
22794,33493,33494,1.8,0.2,13.4
22795,33495,32022,1.167,0.167,8.0
22796,33497,33498,5.623,0.939,11.2
22797,33497,12292,126.5,26680.5,1.4
22798,33499,17290,7.375,74.519,21.2
22799,33501,33504,2.606,0.299,11.6
22800,33501,22120,15.75,451.583,1.4
22801,33501,12296,8.0,0.0,1.4
22802,33503,33500,3.385,0.566,10.6
22803,33505,22056,1.8,0.2,9.6
22804,33505,33506,1.853,0.277,9.2
22805,33507,33508,2.147,0.247,15.6
22806,33509,33510,1.64,0.315,11.6
22807,33511,27794,2.217,0.173,17.9
22808,33511,22124,26.2,687.7,3.1
22809,33517,33518,1.035,0.034,6.4
22810,33521,4550,2.0,0.0,8.5
22811,33523,9390,2.0,0.0,14.4
22812,33527,29902,1.294,0.221,9.7
22813,33527,9192,2.0,0.0,15.0
22814,33529,8898,2.333,0.333,9.1
22815,33535,33536,2.0,0.0,15.7
22816,33537,21462,2.0,0.0,10.7
22817,33537,1604,2.6,0.3,16.2
22818,33539,12326,4.667,0.333,4.7
22819,33543,33544,3.0,0.0,8.8
22820,33545,33546,1.053,0.157,5.8
22821,33547,33548,1.107,0.23,5.5
22822,33549,33550,1.032,0.06,8.2
22823,33551,33006,1.763,0.65,19.3
22824,33551,27392,9.041,70.248,8.5
22825,33567,33568,1.75,0.214,13.6
22826,33569,33570,1.444,0.278,10.4
22827,33571,33572,2.0,0.0,14.6
22828,33575,33576,1.091,0.091,10.5
22829,33577,8906,1.333,0.267,7.9
22830,33577,33578,2.286,0.238,18.7
22831,33579,33580,1.875,0.125,13.9
22832,33581,8900,2.0,0.0,10.5
22833,33581,33582,3.0,0.667,21.3
22834,33583,33584,1.333,0.333,10.3
22835,33583,12362,6.0,0.0,1.4
22836,33585,21144,2.0,0.0,15.1
22837,33587,38924,1.179,0.374,7.9
22838,33589,34876,4.0,0.667,18.6
22839,33591,33592,1.929,0.225,14.4
22840,33593,33594,1.267,0.21,4.7
22841,33595,33596,1.467,0.267,12.0
22842,33599,33600,1.895,0.099,14.5
22843,33601,22010,1.368,0.246,11.8
22844,33603,12368,3.0,0.0,10.4
22845,33603,33604,6.333,1.333,30.8
22846,33605,33606,2.25,0.25,11.3
22847,33607,35272,2.0,0.0,7.4
22848,33609,33604,6.0,0.0,23.4
22849,33611,33612,1.75,0.25,7.2
22850,33615,15540,1.4,0.3,7.6
22851,33615,33616,1.5,0.5,10.5
22852,33617,28764,1.5,0.5,13.3
22853,33617,22080,2.0,0.0,14.4
22854,33625,33588,1.5,0.333,8.4
22855,33639,33222,1.143,0.143,8.4
22856,33641,38890,6.0,2.0,24.4
22857,33651,18024,2.0,0.0,17.7
22858,33653,32990,4.133,1.124,21.5
22859,33653,29794,5.333,0.267,39.4
22860,33653,38542,4.929,1.328,40.1
22861,33655,33650,5.0,0.0,38.7
22862,33655,32990,4.435,0.621,26.7
22863,33657,33658,1.55,0.249,19.0
22864,33657,28162,5.0,14.0,3.0
22865,33659,33660,1.366,10.122,8.6
22866,33661,33662,2.034,0.42,23.6
22867,33663,37466,2.821,1.148,24.5
22868,33663,41842,3.223,17.567,6.9
22869,33665,33666,2.375,0.25,21.0
22870,33667,33668,1.211,0.175,10.4
22871,33669,33670,1.368,0.246,10.4
22872,33671,33672,1.5,0.263,10.4
22873,33673,33674,1.9,0.2,14.7
22874,33675,33676,1.409,0.253,10.4
22875,33677,33678,1.364,0.242,10.4
22876,33679,25570,1.714,0.238,11.5
22877,33679,25562,2.667,1.333,17.2
22878,33679,11606,2.5,0.273,15.6
22879,33685,12414,4.25,0.25,10.6
22880,33697,33224,3.0,0.0,21.7
22881,33705,11868,3.5,0.333,13.2
22882,33709,9424,3.0,0.0,7.5
22883,33713,33714,13.0,0.0,26.4
22884,33715,31614,3.0,0.0,12.6
22885,33719,33720,1.02,0.02,9.6
22886,33721,33722,1.026,0.026,13.5
22887,33723,33724,1.109,0.098,14.2
22888,33727,26362,1.184,0.151,14.6
22889,33731,33732,1.5,0.333,11.1
22890,33731,26642,1.4,0.3,11.8
22891,33731,12460,1.667,0.333,4.7
22892,33735,33736,4.5,0.5,30.4
22893,33735,32668,4.0,0.0,27.4
22894,33739,33740,3.0,0.0,13.4
22895,33741,5730,1.333,0.333,10.0
22896,33761,33762,2.0,0.0,9.6
22897,33763,33758,2.5,0.5,15.1
22898,33769,33770,2.0,0.0,13.2
22899,33769,27636,1.333,0.333,9.8
22900,33777,12502,2.0,0.0,4.7
22901,33779,12518,4.0,0.0,9.0
22902,33781,3488,5.077,0.577,10.1
22903,33785,33786,7.45,1.289,14.4
22904,33785,12508,3.0,0.0,4.7
22905,33787,3490,4.4,0.489,9.2
22906,33787,33788,6.776,1.964,14.3
22907,33787,12510,3.0,0.0,4.7
22908,33789,33790,6.542,1.942,13.6
22909,33789,33796,6.0,3.5,14.3
22910,33789,12512,2.5,0.5,4.7
22911,33791,33792,6.111,0.828,12.6
22912,33791,33776,6.0,1.0,13.0
22913,33791,12514,2.25,0.25,4.7
22914,33793,23648,5.294,0.971,10.4
22915,33793,33794,8.15,3.082,14.6
22916,33793,12516,2.8,0.2,4.7
22917,33795,33780,7.2,1.7,14.3
22918,33795,12504,6.5,1.0,14.3
22919,33795,12518,2.6,0.3,4.7
22920,33803,35640,1.6,0.3,9.2
22921,33805,33806,2.0,0.0,14.5
22922,33807,33808,2.0,0.0,15.0
22923,33809,29736,2.0,0.0,15.0
22924,33819,20354,1.9,0.1,4.7
22925,33821,33822,3.333,4.238,9.0
22926,33823,632,2.5,0.267,12.9
22927,33825,35252,3.985,2.597,32.1
22928,33847,26446,1.667,0.333,15.2
22929,33853,33854,3.0,0.4,14.4
22930,33855,13426,3.0,0.0,21.0
22931,33859,41274,2.0,0.0,15.9
22932,33861,33862,1.036,0.218,5.9
22933,33863,33864,1.138,0.119,13.9
22934,33863,14326,6.0,18.0,1.6
22935,33865,33866,1.029,0.046,9.4
22936,33867,33868,1.508,20.428,9.4
22937,33869,33870,1.423,3.566,9.4
22938,33871,30834,4.041,92.307,8.5
22939,33873,33874,1.175,0.289,13.4
22940,33875,33876,14.092,3762.627,13.0
22941,33877,33878,7.624,1786.559,20.2
22942,33879,35406,1.157,0.183,12.7
22943,33887,32046,1.143,0.143,8.8
22944,33889,12618,1.2,0.2,11.4
22945,33889,32046,2.0,0.0,14.4
22946,33911,33912,1.006,0.006,10.0
22947,33913,33914,1.247,0.317,10.0
22948,33915,14130,3.095,0.49,15.5
22949,33915,32298,3.485,1.508,31.0
22950,33915,28654,2.515,6.029,9.6
22951,33919,33920,2.0,0.0,5.0
22952,33921,33922,5.5,0.5,11.0
22953,33923,30212,3.0,0.0,13.2
22954,33925,33926,1.021,0.029,7.6
22955,33927,36088,3.285,0.931,35.1
22956,33927,18026,6.78,57.073,10.8
22957,33927,40218,12.0,0.0,4.8
22958,33929,28480,2.433,0.293,11.3
22959,33929,25258,3.974,1.314,40.7
22960,33931,33430,1.333,0.281,9.2
22961,33935,16890,3.0,0.0,14.2
22962,33939,33940,2.4,0.3,14.2
22963,33941,13426,2.0,0.0,11.9
22964,33953,33944,2.0,0.0,9.0
22965,33959,33960,2.0,0.0,14.7
22966,33961,33962,3.0,0.0,14.9
22967,33963,34674,2.5,0.5,19.6
22968,33969,37270,1.8,0.2,7.5
22969,34001,12716,4.0,0.0,19.2
22970,34005,12696,2.0,0.0,4.7
22971,34007,12732,2.0,0.0,9.0
22972,34013,12734,3.0,0.0,14.3
22973,34015,34028,3.0,0.0,16.4
22974,34023,12690,3.0,0.0,15.2
22975,34023,40104,4.455,0.473,21.6
22976,34023,12724,3.0,0.0,14.7
22977,34031,12716,2.0,0.0,9.0
22978,34035,38760,3.0,0.353,14.4
22979,34035,16868,2.778,0.194,14.2
22980,34035,12728,1.556,0.278,4.7
22981,34039,34040,3.0,0.0,14.6
22982,34041,34042,3.0,0.0,14.5
22983,34041,34014,3.0,0.0,14.3
22984,34043,12718,2.0,0.0,9.0
22985,34043,34044,3.333,0.333,14.5
22986,34043,34026,3.0,0.0,14.3
22987,34043,12736,2.0,0.0,4.7
22988,34045,34046,2.5,0.5,14.5
22989,34045,34020,3.0,0.0,14.3
22990,34047,34048,3.0,0.0,14.4
22991,34047,12740,1.667,0.333,4.7
22992,34051,8356,3.0,0.0,11.7
22993,34055,34056,6.0,1.0,14.4
22994,34059,23846,4.4,49.8,7.3
22995,34059,26342,6.144,108.704,13.0
22996,34061,37524,1.059,0.059,8.0
22997,34063,34064,1.012,0.012,7.5
22998,34065,21478,1.312,1.442,10.8
22999,34071,12766,2.0,0.0,4.7
23000,34075,24234,5.625,118.65,10.2
23001,34077,34078,1.104,0.093,13.4
23002,34079,34080,1.232,2.51,13.6
23003,34081,18018,5.421,0.898,60.9
23004,34083,4034,1.083,0.083,6.9
23005,34083,34084,1.808,0.237,21.6
23006,34083,39020,7.0,72.0,4.5
23007,34085,34086,1.007,0.007,8.0
23008,34087,34088,1.219,0.172,14.7
23009,34089,34090,1.143,0.153,13.1
23010,34089,9380,5.0,0.0,3.4
23011,34091,34092,1.107,0.255,9.5
23012,34093,34094,2.851,65.272,9.6
23013,34095,35692,1.815,0.311,9.4
23014,34095,41694,3.571,0.779,36.5
23015,34095,37228,14.333,115.81,12.0
23016,34097,34098,6.0,0.0,11.3
23017,34101,34102,2.0,0.0,5.2
23018,34103,12040,3.0,0.0,12.9
23019,34105,16432,4.421,0.48,22.8
23020,34107,11816,1.5,0.5,9.0
23021,34109,12788,2.0,0.0,4.7
23022,34111,12790,1.333,0.333,4.7
23023,34117,12796,2.0,0.0,4.7
23024,34119,34120,3.0,0.0,14.8
23025,34121,34110,1.667,0.333,8.9
23026,34125,2174,3.0,0.0,19.4
23027,34147,34478,1.75,0.25,9.0
23028,34151,2162,3.0,0.0,20.5
23029,34159,12836,1.5,0.5,4.7
23030,34167,17208,2.0,0.0,9.0
23031,34171,5120,2.0,0.0,9.2
23032,34171,12854,1.8,0.2,4.7
23033,34173,16894,2.667,0.333,14.4
23034,34175,12908,3.0,0.0,15.1
23035,34185,34186,4.5,0.3,20.6
23036,34187,2150,4.333,0.242,28.7
23037,34189,12882,2.0,0.0,4.7
23038,34191,34186,2.0,0.0,9.0
23039,34193,34186,4.5,0.5,19.3
23040,34195,34192,1.5,0.5,7.1
23041,34195,12886,1.2,0.2,4.7
23042,34197,34198,2.0,0.0,9.0
23043,34199,12896,3.118,0.36,14.3
23044,34201,12894,2.0,0.2,9.3
23045,34201,34196,3.0,1.0,14.4
23046,34203,2196,2.5,0.5,14.1
23047,34205,34214,2.0,0.0,9.7
23048,34207,40574,2.0,0.0,9.9
23049,34207,34208,2.6,0.3,13.9
23050,34209,34210,2.2,0.2,11.9
23051,34211,13092,4.5,0.5,19.4
23052,34211,34388,3.0,0.0,19.1
23053,34211,12906,1.5,0.5,4.7
23054,34215,39010,3.0,0.0,12.7
23055,34223,12924,1.5,0.5,7.8
23056,34229,39196,1.667,0.333,8.2
23057,34229,12918,3.0,0.0,13.3
23058,34229,12924,1.667,0.333,4.7
23059,34233,12928,1.333,0.333,4.7
23060,34249,34250,2.0,0.0,14.4
23061,34251,34252,3.0,0.0,14.4
23062,34253,34254,3.0,0.0,14.4
23063,34255,34256,3.0,0.0,14.5
23064,34257,34258,3.0,0.0,14.4
23065,34259,5216,4.0,0.0,24.8
23066,34265,41782,2.0,0.25,8.1
23067,34279,34282,3.25,1.583,14.4
23068,34281,9740,2.143,0.143,12.6
23069,34283,34284,3.0,0.0,14.3
23070,34283,12982,2.0,0.0,4.7
23071,34289,34290,3.0,0.0,17.4
23072,34291,34292,4.0,0.0,18.9
23073,34293,34280,4.0,0.4,18.6
23074,34301,34302,2.5,0.5,14.4
23075,34303,13424,1.5,0.5,7.7
23076,34311,36502,3.0,0.0,18.7
23077,34311,14906,2.5,0.333,19.6
23078,34313,26462,2.333,0.267,14.6
23079,34313,31722,2.0,0.0,14.1
23080,34345,21948,3.2,0.2,23.7
23081,34349,13054,1.571,0.286,4.7
23082,34355,13060,1.286,0.22,4.7
23083,34359,34424,3.0,0.0,14.4
23084,34361,11556,2.0,0.0,13.2
23085,34379,34380,2.0,0.0,14.4
23086,34381,34382,2.0,0.0,14.4
23087,34383,7004,2.0,0.0,12.7
23088,34399,7012,2.0,0.0,12.1
23089,34403,13110,1.5,0.5,4.7
23090,34411,11796,2.0,0.0,12.7
23091,34421,38892,1.75,0.283,14.0
23092,34441,9748,3.0,0.0,16.8
23093,34445,34446,1.15,0.129,8.8
23094,34447,30214,1.5,0.5,1.7
23095,34451,11984,3.975,0.126,45.8
23096,34457,34458,3.333,0.333,13.4
23097,34459,21540,2.667,0.333,15.4
23098,34461,34462,1.5,0.278,18.0
23099,34463,34464,1.686,0.222,14.4
23100,34465,34466,1.083,0.079,15.3
23101,34467,34468,1.086,0.081,14.4
23102,34469,34470,1.057,0.055,14.1
23103,34471,34472,1.057,0.055,14.6
23104,34473,27268,2.0,0.0,11.4
23105,34473,34474,1.088,0.083,14.4
23106,34477,11572,2.0,0.0,12.2
23107,34479,34124,5.0,0.667,20.4
23108,34483,20342,5.4,1.3,29.0
23109,34513,34564,2.0,0.0,16.2
23110,34525,34526,2.0,0.0,14.0
23111,34527,34528,3.0,0.0,18.3
23112,34529,34530,3.0,0.0,22.2
23113,34531,34532,2.0,0.0,14.6
23114,34533,34534,2.0,0.0,14.7
23115,34535,34538,3.0,0.0,16.4
23116,34539,34542,2.0,0.0,13.8
23117,34565,34570,2.0,0.0,16.5
23118,34571,34572,4.0,0.0,30.0
23119,34573,34574,1.5,0.5,14.6
23120,34575,34576,2.0,0.0,13.7
23121,34577,34578,2.0,0.0,14.1
23122,34579,34586,2.0,0.0,14.9
23123,34581,34582,2.0,0.0,14.5
23124,34583,34584,2.0,0.0,15.7
23125,34601,34602,1.267,0.199,19.5
23126,34613,34616,7.0,2.0,31.3
23127,34615,13318,1.333,0.333,4.7
23128,34617,27956,3.0,0.0,17.0
23129,34621,34622,1.5,0.5,5.7
23130,34623,34624,2.0,0.0,14.0
23131,34625,34626,3.0,0.0,14.5
23132,34627,19628,2.0,0.0,9.0
23133,34641,36516,2.0,0.0,14.6
23134,34641,13340,2.0,0.0,4.7
23135,34645,34982,2.0,0.0,13.9
23136,34649,34650,1.8,0.2,13.4
23137,34649,13780,2.0,0.0,13.6
23138,34651,34652,4.0,0.0,31.0
23139,34651,13792,3.5,0.5,28.2
23140,34653,34654,1.667,0.333,10.4
23141,34655,35162,1.333,0.333,9.1
23142,34657,35114,1.4,0.3,10.0
23143,34657,34658,2.0,0.0,14.5
23144,34659,13798,2.0,0.0,9.9
23145,34659,34660,2.0,0.0,14.6
23146,34661,34662,2.0,0.0,14.4
23147,34661,13360,1.6,0.3,4.7
23148,34663,35150,2.0,0.0,14.6
23149,34673,34674,1.2,0.2,12.3
23150,34677,11644,2.429,0.286,13.1
23151,34679,34680,1.018,0.018,10.1
23152,34681,34682,1.214,0.171,10.4
23153,34683,34684,1.4,0.244,14.7
23154,34683,13396,2.0,0.0,14.2
23155,34687,25548,1.218,0.174,8.2
23156,34707,34714,3.0,0.0,15.3
23157,34707,13410,3.0,0.0,15.1
23158,34717,18152,2.0,0.0,9.2
23159,34717,18166,3.5,0.3,14.8
23160,34717,34718,3.0,0.0,14.4
23161,34717,13414,2.5,0.5,4.7
23162,34729,34730,2.0,0.0,22.3
23163,34735,34736,1.5,0.5,10.4
23164,34737,34738,2.0,0.0,13.2
23165,34741,32946,1.5,0.5,7.7
23166,34749,13446,9.0,72.0,2.3
23167,34755,34756,1.667,0.333,9.1
23168,34755,13452,1.643,0.247,4.7
23169,34757,13454,1.5,0.3,4.7
23170,34763,13460,1.333,0.333,4.7
23171,34765,16950,2.333,0.333,11.4
23172,34769,4314,2.75,0.25,14.0
23173,34773,40802,1.949,2.103,11.4
23174,34775,34776,2.533,28.634,12.5
23175,34777,40798,1.89,1.531,6.6
23176,34777,36840,3.116,0.986,30.7
23177,34777,40800,13.571,73.286,9.5
23178,34777,21832,12.667,174.333,3.8
23179,34779,34780,1.025,0.046,7.5
23180,34781,40800,1.571,0.264,6.6
23181,34781,21832,3.219,1.137,29.7
23182,34781,40798,10.302,63.085,12.2
23183,34801,34802,1.3,0.233,10.4
23184,34803,13504,2.1,0.1,17.0
23185,34809,34810,1.5,0.333,11.3
23186,34811,13496,2.0,0.0,13.8
23187,34821,688,2.0,0.0,9.4
23188,34823,13514,3.0,0.0,14.6
23189,34823,688,2.0,0.0,4.7
23190,34827,34828,2.833,0.167,14.0
23191,34829,34830,2.833,0.167,14.4
23192,34831,9464,2.143,0.143,9.1
23193,34833,15634,2.0,0.0,9.0
23194,34833,37354,3.0,0.0,14.2
23195,34835,15652,1.5,0.5,9.0
23196,34841,34842,2.0,0.0,14.4
23197,34843,35094,3.0,0.0,18.7
23198,34843,34844,3.0,0.0,20.8
23199,34843,15810,2.0,0.0,15.9
23200,34851,36846,3.167,0.929,38.8
23201,34851,41720,4.304,0.715,36.8
23202,34853,34854,1.394,1.106,6.9
23203,34855,35374,3.262,2.549,24.7
23204,34857,31420,1.25,0.269,6.3
23205,34859,34860,1.007,0.007,10.8
23206,34859,20436,1.45,0.261,9.1
23207,34867,25316,1.749,0.201,22.1
23208,34867,29210,3.769,13.192,15.2
23209,34869,35650,2.0,0.4,9.0
23210,34871,34872,2.0,0.0,14.4
23211,34877,2106,2.5,0.5,9.2
23212,34877,36222,3.5,0.5,13.7
23213,34903,31218,3.0,0.0,13.1
23214,34905,22086,2.0,0.0,10.9
23215,34911,34912,3.25,0.25,22.4
23216,34915,196,2.0,0.0,13.8
23217,34917,34918,1.012,0.012,9.4
23218,34919,39270,1.23,0.178,9.5
23219,34921,37010,1.242,1.299,9.9
23220,34935,13596,2.0,0.0,4.7
23221,34939,17198,1.818,0.364,10.4
23222,34941,21946,3.4,0.3,16.3
23223,34943,14576,3.25,0.25,10.6
23224,34947,39228,2.0,0.0,4.3
23225,34951,34952,1.017,0.017,10.4
23226,34953,41408,1.382,3.684,10.7
23227,34955,34956,3.0,0.0,13.2
23228,34957,34958,4.0,0.0,14.1
23229,34959,3982,2.0,0.0,8.3
23230,34977,34634,1.667,0.333,8.6
23231,34977,30944,2.0,0.0,20.5
23232,34981,34982,1.571,0.286,13.5
23233,34983,34984,1.889,0.111,14.3
23234,34985,2226,2.071,0.071,15.6
23235,34991,21536,2.0,0.0,9.0
23236,34995,35000,1.286,0.238,9.8
23237,34995,34996,1.85,0.134,14.4
23238,34997,34998,1.889,0.222,14.8
23239,34997,36588,2.0,0.0,14.7
23240,34999,13812,1.188,0.162,9.0
23241,34999,35154,1.5,0.5,13.7
23242,35001,35008,2.0,0.0,14.2
23243,35003,22572,4.0,0.0,19.6
23244,35007,35008,2.0,0.0,14.2
23245,35009,35174,1.625,0.268,9.1
23246,35013,35030,3.5,0.5,14.5
23247,35021,35022,8.0,0.0,14.7
23248,35023,35024,7.667,30.333,14.6
23249,35025,35026,3.667,0.333,14.2
23250,35027,18390,1.75,0.25,8.8
23251,35031,18404,2.0,0.0,9.1
23252,35051,18406,1.667,0.333,9.1
23253,35085,41542,3.0,0.0,16.7
23254,35089,37540,2.0,0.0,14.8
23255,35093,5448,3.0,0.0,28.0
23256,35097,35098,2.0,0.0,14.3
23257,35105,35106,2.0,0.0,14.9
23258,35109,13766,2.0,0.0,4.7
23259,35115,35188,2.0,0.0,9.3
23260,35115,35116,2.0,0.0,14.5
23261,35115,13772,1.5,0.5,4.7
23262,35117,13774,1.5,0.5,4.7
23263,35119,35120,2.0,0.0,15.2
23264,35121,35122,1.5,0.333,10.8
23265,35123,13348,1.667,0.267,8.6
23266,35135,13350,3.5,0.5,24.6
23267,35137,35158,2.0,0.0,12.9
23268,35137,13794,2.0,0.0,4.7
23269,35139,35140,2.0,0.0,5.6
23270,35151,13794,2.0,0.0,11.1
23271,35153,13658,1.955,0.045,14.1
23272,35157,13816,2.0,0.0,4.7
23273,35159,35160,2.0,0.0,11.5
23274,35161,35162,2.0,0.0,14.3
23275,35163,35164,2.0,0.0,14.2
23276,35165,35166,2.0,0.0,13.4
23277,35167,35168,5.5,0.5,35.9
23278,35169,35170,2.333,0.267,14.8
23279,35171,35152,2.571,0.286,19.9
23280,35173,2148,2.0,0.0,10.4
23281,35175,35176,1.875,0.125,13.6
23282,35177,35178,2.0,0.0,14.6
23283,35177,13840,2.0,0.0,14.2
23284,35179,13844,1.25,0.25,9.3
23285,35199,35200,1.467,0.267,9.3
23286,35199,13856,1.667,1.333,1.5
23287,35201,39838,1.429,0.286,7.4
23288,35201,35202,1.5,0.286,10.3
23289,35203,35204,2.0,0.0,20.6
23290,35203,35818,2.5,0.3,18.7
23291,35203,13860,1.5,0.5,4.7
23292,35215,35216,2.143,0.143,15.4
23293,35219,35220,2.0,0.0,10.4
23294,35223,13864,1.5,0.5,13.8
23295,35223,13878,2.0,0.0,4.7
23296,35249,28042,3.0,0.0,27.0
23297,35249,19898,6.0,0.0,27.8
23298,35249,7482,4.0,0.0,16.3
23299,35251,34822,1.5,0.5,9.3
23300,35253,34774,1.487,10.139,8.2
23301,35255,35256,1.02,0.02,7.1
23302,35257,35258,1.013,0.013,12.6
23303,35259,13910,12.0,0.0,1.4
23304,35261,13912,2.0,0.0,1.4
23305,35263,35264,1.838,22.603,10.6
23306,35265,39848,4.0,0.0,22.2
23307,35265,17244,6.185,0.934,59.1
23308,35265,27608,7.25,0.214,62.9
23309,35265,37210,6.0,4.571,2.1
23310,35269,35270,2.0,0.0,14.4
23311,35271,28298,1.8,0.2,9.2
23312,35273,12312,2.0,0.0,8.4
23313,35273,35298,4.0,0.0,14.1
23314,35275,32686,3.729,0.431,46.4
23315,35275,29196,15.667,645.333,5.6
23316,35281,13926,2.0,0.0,4.7
23317,35295,35296,2.0,0.0,4.7
23318,35301,13948,1.8,0.2,4.7
23319,35303,35304,1.385,0.241,10.3
23320,35305,35306,1.298,0.214,9.3
23321,35307,35308,21.195,4952.261,9.9
23322,35307,21990,8.333,102.333,8.3
23323,35309,35310,1.042,0.042,5.0
23324,35311,22132,1.235,0.185,5.3
23325,35315,4122,3.143,0.143,24.1
23326,35323,35324,1.6,0.3,13.3
23327,35325,35326,1.538,0.436,10.4
23328,35327,35328,1.812,0.296,13.6
23329,35329,25838,2.2,0.171,15.5
23330,35335,29530,1.4,0.3,7.7
23331,35341,35342,1.067,0.067,15.8
23332,35343,35344,1.222,0.183,19.3
23333,35347,35348,2.0,0.0,11.5
23334,35349,20366,3.0,0.0,13.8
23335,35349,674,1.5,0.333,4.8
23336,35375,35376,1.227,0.942,8.2
23337,35377,20446,1.373,0.381,11.0
23338,35377,37014,1.066,0.11,10.1
23339,35379,35412,1.167,0.139,14.3
23340,35381,20438,1.693,0.698,19.7
23341,35391,23058,1.041,0.039,5.0
23342,35391,24964,1.364,0.255,14.0
23343,35403,35404,1.378,0.238,16.3
23344,35407,10802,1.966,0.982,19.8
23345,35407,21034,1.333,0.333,5.7
23346,35409,37016,1.069,0.445,8.9
23347,35411,35374,2.269,1.94,24.7
23348,35413,35414,1.016,0.021,8.2
23349,35415,20442,1.1,0.092,8.2
23350,35415,35408,1.04,0.039,11.6
23351,35427,35430,1.159,0.135,9.5
23352,35429,35740,1.218,0.171,10.0
23353,35431,22950,1.081,0.075,5.6
23354,35431,40034,1.105,0.099,8.7
23355,35435,20982,2.0,0.0,11.3
23356,35435,40214,4.371,0.795,47.6
23357,35435,182,4.857,8.81,12.5
23358,35439,22928,3.261,0.939,31.7
23359,35441,9938,3.767,0.897,36.9
23360,35441,7246,2.683,0.413,14.8
23361,35443,21576,8.17,151.836,30.8
23362,35449,14044,1.5,0.5,4.7
23363,35461,32488,1.286,0.208,19.0
23364,35467,35468,4.929,0.687,37.1
23365,35469,35470,1.955,0.045,14.5
23366,35471,3734,1.667,0.319,13.5
23367,35473,35474,2.074,0.219,14.3
23368,35475,35476,4.407,0.419,31.0
23369,35477,35478,3.833,0.387,27.8
23370,35479,35858,1.5,0.5,5.8
23371,35479,35480,2.046,0.232,14.5
23372,35481,35482,3.554,0.313,25.1
23373,35483,32384,2.0,0.0,7.5
23374,35483,35484,1.548,0.252,10.4
23375,35489,32390,1.387,0.241,9.2
23376,35499,20466,2.0,0.222,11.8
23377,35509,35510,2.0,0.0,14.3
23378,35517,33806,2.0,0.0,14.3
23379,35523,8544,2.0,0.0,16.6
23380,35529,35530,1.442,9.176,9.8
23381,35531,12016,1.286,0.214,6.0
23382,35531,35536,3.248,0.704,34.1
23383,35531,40216,4.167,0.879,36.1
23384,35533,35534,1.007,0.007,8.3
23385,35535,36858,1.085,0.097,13.0
23386,35551,35552,1.167,0.167,14.4
23387,35557,16436,3.6,0.3,20.9
23388,35559,39324,1.203,0.165,9.5
23389,35561,35562,1.115,0.472,8.6
23390,35563,33424,2.611,3.502,8.2
23391,35565,35566,1.029,0.029,7.3
23392,35567,35568,1.118,0.107,8.3
23393,35567,22542,4.0,18.0,2.1
23394,35569,35570,1.051,0.05,9.8
23395,35571,32298,3.0,0.667,14.0
23396,35571,28654,3.839,1.34,31.6
23397,35571,12626,22.2,162.7,8.4
23398,35573,35574,2.25,0.214,16.0
23399,35577,35578,2.2,0.168,17.7
23400,35579,35580,1.4,0.25,10.7
23401,35581,35582,1.44,0.257,10.4
23402,35583,36296,2.0,0.091,15.0
23403,35587,35588,1.692,0.231,14.2
23404,35587,34946,3.5,12.5,3.1
23405,35589,25478,1.067,0.067,7.0
23406,35595,27504,1.333,0.333,7.2
23407,35597,35590,2.25,0.25,28.5
23408,35601,25478,1.333,0.333,7.6
23409,35603,30594,1.406,0.286,10.6
23410,35609,37166,2.0,0.0,12.6
23411,35609,35490,2.431,0.29,21.4
23412,35613,35614,1.167,0.167,10.2
23413,35617,35618,1.894,2.769,13.7
23414,35619,35620,1.323,0.344,9.3
23415,35621,23514,1.393,0.479,12.4
23416,35629,35630,2.016,0.016,19.2
23417,35629,5064,1.625,3.125,6.6
23418,35635,33716,2.557,0.337,34.4
23419,35635,33728,1.4,0.3,7.4
23420,35637,35638,1.226,0.177,14.4
23421,35639,35640,1.276,0.202,14.9
23422,35641,38162,1.327,0.222,15.5
23423,35643,31022,2.0,0.182,15.0
23424,35645,35646,2.044,0.225,9.3
23425,35649,35650,1.083,0.077,13.4
23426,35651,35652,2.334,26.73,8.5
23427,35653,37228,2.879,0.821,28.2
23428,35653,12782,10.345,112.16,8.5
23429,35653,35692,5.0,0.0,3.2
23430,35655,35656,1.298,3.662,8.2
23431,35657,39174,1.034,0.034,4.6
23432,35657,39182,1.972,0.835,18.6
23433,35659,29424,1.5,0.5,11.8
23434,35661,35662,2.0,0.0,13.8
23435,35663,36400,2.625,0.268,19.3
23436,35669,10730,2.0,0.0,6.2
23437,35669,35670,2.333,0.333,15.3
23438,35671,35672,1.333,0.333,10.4
23439,35673,35674,1.333,0.333,10.4
23440,35675,35676,2.0,0.0,14.3
23441,35679,35680,2.0,0.0,14.9
23442,35681,35660,2.0,0.0,14.1
23443,35683,40048,1.5,0.5,7.5
23444,35685,35682,1.5,0.5,21.0
23445,35687,35688,1.397,0.243,5.0
23446,35689,35636,1.321,0.221,16.6
23447,35691,34442,2.83,0.379,21.2
23448,35693,35654,1.127,0.163,13.4
23449,35693,14184,6.0,54.0,5.9
23450,35699,38162,2.0,0.0,10.4
23451,35701,29162,2.05,0.261,11.2
23452,35701,35702,2.5,0.286,19.2
23453,35703,35704,1.889,0.111,14.6
23454,35705,35706,2.0,0.286,14.6
23455,35707,35708,2.1,0.1,14.8
23456,35709,35710,1.667,0.25,13.7
23457,35711,14216,1.833,0.567,12.0
23458,35711,35636,2.833,1.061,15.9
23459,35713,35714,3.667,0.333,14.5
23460,35715,35716,5.333,1.333,22.0
23461,35715,14240,1.5,0.5,4.7
23462,35717,35718,3.333,1.333,14.4
23463,35717,14242,2.0,0.0,4.7
23464,35719,35720,3.0,0.0,14.4
23465,35719,38774,4.0,0.0,14.2
23466,35721,14246,2.0,0.0,4.7
23467,35725,35714,3.0,0.0,14.2
23468,35729,35730,1.462,0.251,18.5
23469,35733,35734,1.378,0.237,17.6
23470,35735,35736,1.133,1.724,9.4
23471,35737,30748,1.077,0.091,8.0
23472,35739,27372,1.196,0.161,5.6
23473,35741,22936,1.471,0.252,6.7
23474,35741,36986,1.112,0.1,9.6
23475,35747,22958,1.072,0.068,7.6
23476,35747,35426,1.105,0.095,10.8
23477,35749,28534,2.5,0.5,12.6
23478,35749,7950,5.0,0.0,21.9
23479,35761,36138,6.0,0.0,28.5
23480,35763,5236,3.0,0.0,13.8
23481,35765,27940,1.105,0.095,5.3
23482,35765,35390,1.353,0.231,14.2
23483,35767,14282,2.0,0.0,4.7
23484,35775,31328,1.667,0.235,10.6
23485,35775,10464,1.5,0.278,7.9
23486,35775,35776,1.478,0.251,18.4
23487,35779,34310,1.333,0.333,9.0
23488,35781,36108,2.0,0.0,14.0
23489,35785,35786,2.058,6.09,12.2
23490,35785,41902,2.22,7.026,11.5
23491,35787,19558,2.0,0.0,9.1
23492,35787,35788,3.247,23.347,9.2
23493,35789,34852,2.011,1.082,14.8
23494,35793,25828,1.714,0.22,15.4
23495,35793,31442,3.0,0.0,21.1
23496,35793,4126,2.4,0.253,23.6
23497,35795,35796,1.379,0.244,10.4
23498,35797,35798,1.043,0.043,6.2
23499,35799,4228,1.429,0.286,8.0
23500,35799,35800,1.5,0.262,11.2
23501,35801,35576,1.583,0.254,10.6
23502,35803,27138,1.333,0.333,7.5
23503,35803,35804,2.425,0.275,17.9
23504,35803,28118,2.25,6.25,5.7
23505,35805,35806,1.5,0.254,10.4
23506,35807,39998,1.333,0.333,7.6
23507,35807,35808,1.406,0.245,10.4
23508,35809,35810,1.875,0.111,14.4
23509,35811,35812,1.426,0.249,10.4
23510,35813,28040,1.2,0.167,5.7
23511,35813,28496,1.828,0.148,14.5
23512,35815,35816,1.455,0.273,14.3
23513,35817,21158,2.667,0.333,24.3
23514,35817,21156,3.0,0.0,23.4
23515,35817,14316,1.333,0.333,4.7
23516,35819,14318,1.5,0.333,4.7
23517,35823,15490,3.0,0.0,11.8
23518,35827,12594,1.333,0.333,12.1
23519,35835,41924,2.0,0.0,11.5
23520,35837,35838,2.5,0.5,5.0
23521,35845,150,2.25,0.25,8.5
23522,35847,25242,3.2,0.2,16.0
23523,35853,14352,2.0,0.0,4.7
23524,35855,14354,1.5,0.5,4.7
23525,35865,14368,6.0,0.0,11.2
23526,35865,35866,7.0,0.0,13.7
23527,35865,14364,2.0,0.0,4.7
23528,35867,14366,2.0,0.0,4.7
23529,35871,14370,2.0,0.0,4.7
23530,35885,30742,1.362,0.558,11.9
23531,35887,35884,1.029,0.029,17.3
23532,35887,30712,1.714,6.563,17.7
23533,35889,35890,3.5,0.5,15.8
23534,35891,18690,2.0,0.0,9.1
23535,35891,35892,2.556,0.278,12.6
23536,35893,35894,2.375,0.268,12.6
23537,35893,18688,2.0,0.0,12.9
23538,35895,35896,3.0,0.571,14.4
23539,35895,14388,2.0,0.0,4.7
23540,35897,35898,2.444,0.278,12.5
23541,35899,35900,1.538,0.269,7.9
23542,35901,25588,2.0,0.364,10.7
23543,35901,5168,2.5,0.5,14.6
23544,35907,32844,1.75,0.25,8.2
23545,35909,32846,2.127,0.112,22.7
23546,35909,35910,2.2,0.2,23.3
23547,35911,38472,2.0,0.0,19.9
23548,35915,38100,3.0,0.0,23.8
23549,35915,16834,3.75,0.25,27.4
23550,35915,15062,3.0,0.0,24.3
23551,35915,16288,2.333,0.333,19.8
23552,35915,14406,1.667,0.333,4.7
23553,35917,35918,1.091,0.085,13.2
23554,35919,35920,1.133,0.124,13.2
23555,35919,29470,1.45,0.261,9.0
23556,35921,36796,2.0,0.0,7.5
23557,35923,35598,1.462,0.436,21.1
23558,35935,30660,1.667,0.267,7.3
23559,35947,41298,2.0,1.0,10.6
23560,35949,37036,4.355,1.741,33.7
23561,35951,22934,2.074,0.296,16.8
23562,35957,29770,2.471,0.39,22.7
23563,35957,8776,2.0,0.0,16.6
23564,35969,37698,3.643,1.348,29.0
23565,35971,22576,1.081,0.075,12.5
23566,35983,35984,2.0,0.0,6.6
23567,35985,14454,5.0,0.0,23.2
23568,35987,14454,2.0,0.0,4.7
23569,35991,35996,4.0,0.0,14.5
23570,35997,5914,3.0,0.0,14.5
23571,35999,14466,1.545,0.273,4.7
23572,36001,23304,1.556,0.379,7.6
23573,36001,36002,1.286,0.214,10.4
23574,36003,23670,2.562,0.262,13.8
23575,36003,16378,4.778,0.694,27.4
23576,36009,31908,1.97,0.155,11.7
23577,36009,22530,2.0,0.079,17.8
23578,36017,15378,2.295,0.278,24.8
23579,36021,36022,1.01,0.01,9.4
23580,36023,29580,1.154,0.135,6.2
23581,36023,11826,1.36,0.231,13.5
23582,36023,12248,3.133,19.41,3.6
23583,36027,36028,2.0,0.0,14.2
23584,36041,36042,2.0,0.0,14.3
23585,36043,36044,2.0,0.0,14.5
23586,36047,36048,2.0,0.0,14.6
23587,36049,36050,2.333,0.333,14.5
23588,36051,41710,2.667,1.333,20.6
23589,36051,19452,3.0,0.0,15.2
23590,36055,712,4.0,0.0,22.0
23591,36067,41760,2.429,0.286,11.4
23592,36067,19498,3.167,0.167,18.6
23593,36067,16420,4.0,0.0,16.7
23594,36083,36084,2.074,0.071,15.3
23595,36085,23590,3.5,0.286,23.6
23596,36085,37656,2.875,0.125,26.4
23597,36085,37658,1.041,0.039,6.4
23598,36089,37460,1.019,0.019,8.2
23599,36099,11384,2.667,0.333,22.4
23600,36103,36104,1.5,0.333,15.5
23601,36105,26302,2.0,0.0,14.1
23602,36109,13602,4.5,0.5,14.3
23603,36111,36112,1.535,0.255,10.4
23604,36113,8334,2.0,0.0,10.0
23605,36113,6642,1.857,0.174,13.5
23606,36113,27156,3.0,0.0,22.0
23607,36115,36116,1.5,0.5,4.6
23608,36117,21978,3.0,0.0,14.3
23609,36121,5084,1.667,0.333,9.2
23610,36123,31932,3.5,0.333,16.4
23611,36123,36124,3.667,0.333,17.0
23612,36125,31936,3.0,0.0,14.3
23613,36125,14584,2.0,0.0,4.7
23614,36129,34212,3.0,0.0,16.3
23615,36129,36130,2.025,0.208,23.7
23616,36131,39194,1.415,0.32,15.7
23617,36137,36138,3.513,0.435,25.9
23618,36139,35690,1.03,0.03,6.7
23619,36141,5056,2.0,0.0,12.4
23620,36149,36150,1.231,0.192,9.6
23621,36155,7974,1.324,0.225,9.2
23622,36155,28556,2.333,0.333,14.5
23623,36157,36158,1.083,0.083,4.7
23624,36159,17532,2.0,0.0,9.2
23625,36159,36160,3.25,0.25,14.4
23626,36159,14622,2.857,0.143,14.2
23627,36161,36170,3.5,0.333,13.6
23628,36167,36172,3.2,1.733,9.3
23629,36169,14612,2.667,0.333,9.0
23630,36171,36172,4.556,1.028,13.7
23631,36173,36174,1.692,0.302,6.0
23632,36175,9962,1.875,0.201,9.4
23633,36175,30804,2.5,0.5,17.5
23634,36197,36202,4.5,0.333,7.5
23635,36199,36200,3.0,0.0,5.8
23636,36201,28478,2.182,0.164,10.3
23637,36203,36220,5.167,1.767,10.0
23638,36205,36218,6.0,0.0,12.6
23639,36205,36206,8.5,0.5,15.8
23640,36207,39576,6.0,0.0,10.7
23641,36209,36210,5.5,0.5,12.8
23642,36211,36212,7.5,4.5,14.6
23643,36213,17482,4.0,0.0,8.9
23644,36213,15312,11.0,0.0,24.0
23645,36213,36214,7.727,2.218,18.6
23646,36215,36216,2.2,0.178,5.3
23647,36217,36200,2.1,0.322,5.6
23648,36219,36210,3.0,0.0,8.6
23649,36219,14650,2.0,0.0,4.7
23650,36221,36212,4.545,0.473,9.1
23651,36221,14652,2.0,0.0,4.7
23652,36223,12366,2.0,0.0,8.2
23653,36233,36234,2.0,0.0,14.5
23654,36235,36236,2.0,0.0,17.1
23655,36271,36272,1.667,0.333,10.5
23656,36273,27744,2.333,0.333,10.7
23657,36275,36276,3.25,0.25,14.3
23658,36277,36278,3.143,0.476,14.2
23659,36279,36280,3.0,0.333,14.5
23660,36281,28814,3.286,0.238,16.0
23661,36283,14706,2.0,0.0,4.7
23662,36285,36286,1.5,0.5,11.7
23663,36293,36302,2.5,0.5,14.5
23664,36299,36300,2.0,0.25,14.6
23665,36301,36302,2.115,0.186,14.8
23666,36303,36304,1.464,0.258,10.5
23667,36309,6988,5.0,0.0,9.0
23668,36309,14732,2.167,0.167,4.7
23669,36311,36312,4.0,0.0,10.4
23670,36313,7106,4.0,0.0,16.3
23671,36317,36318,1.5,0.5,6.9
23672,36319,36320,2.5,0.5,11.5
23673,36321,14744,1.5,0.5,4.7
23674,36325,14752,1.5,0.333,8.0
23675,36325,14748,1.667,0.333,4.5
23676,36327,36328,3.0,0.0,14.5
23677,36329,14748,1.8,0.2,7.6
23678,36331,36332,3.4,0.3,14.2
23679,36333,36334,2.5,0.5,14.4
23680,36333,14776,3.0,0.0,15.1
23681,36333,14756,2.0,0.0,4.7
23682,36335,36354,3.0,0.0,15.2
23683,36341,36342,2.5,0.5,14.6
23684,36343,36344,3.0,0.0,14.5
23685,36343,36350,3.0,0.0,14.6
23686,36345,36326,3.0,0.0,14.5
23687,36345,14772,3.0,0.0,14.6
23688,36357,14764,3.0,0.0,10.1
23689,36359,36348,3.0,2.0,13.8
23690,36363,36356,3.0,0.0,14.2
23691,36367,6534,2.0,0.0,7.6
23692,36369,18418,2.5,0.5,14.0
23693,36373,34248,3.0,0.0,14.3
23694,36381,36382,2.5,0.5,14.4
23695,36383,40606,2.5,0.5,14.5
23696,36387,36372,2.0,0.0,14.2
23697,36399,28156,2.0,0.0,9.0
23698,36403,41678,3.75,0.25,19.4
23699,36409,38302,1.5,0.5,7.5
23700,36423,26340,3.259,1.494,10.9
23701,36431,14852,5.5,0.571,23.7
23702,36433,36434,3.0,0.0,14.6
23703,36433,14858,2.889,0.361,14.5
23704,36433,14850,1.75,0.25,4.7
23705,36435,14848,6.261,0.838,30.0
23706,36439,14850,2.0,0.4,10.9
23707,36439,36434,3.429,0.725,16.0
23708,36443,29032,2.8,0.2,12.3
23709,36445,36446,1.25,0.25,5.4
23710,36447,8412,3.0,0.0,15.8
23711,36449,20408,1.714,0.238,9.0
23712,36451,36452,1.875,1.927,19.0
23713,36453,22578,1.958,0.743,19.0
23714,36453,38950,3.143,27.476,7.1
23715,36459,36460,2.0,0.0,9.0
23716,36461,6528,1.667,0.333,9.2
23717,36467,37468,1.467,0.267,13.2
23718,36469,36470,1.068,0.064,13.4
23719,36473,25482,1.107,0.097,16.4
23720,36479,36480,1.25,0.192,16.1
23721,36485,36486,1.175,0.148,14.1
23722,36485,38548,1.2,0.2,3.4
23723,36491,26982,3.0,0.0,14.7
23724,36497,14902,1.2,0.2,4.7
23725,36499,14904,1.5,0.333,4.7
23726,36501,13010,2.0,0.0,17.6
23727,36505,32724,1.118,0.313,6.7
23728,36511,14918,1.5,0.5,14.0
23729,36513,36514,2.0,0.0,14.2
23730,36515,14920,1.5,0.5,4.7
23731,36525,14938,2.0,0.0,9.0
23732,36525,36526,3.0,0.0,14.1
23733,36527,36528,4.0,0.0,20.3
23734,36529,3340,2.0,0.0,14.3
23735,36535,7242,3.0,0.0,16.8
23736,36543,14944,1.593,0.251,4.7
23737,36547,24846,3.667,0.333,17.6
23738,36549,36808,2.0,0.0,8.1
23739,36555,36556,1.455,0.254,22.3
23740,36565,17154,2.0,0.0,16.1
23741,36569,36570,2.317,0.272,17.6
23742,36571,25270,2.0,0.0,13.8
23743,36571,25318,2.075,0.533,14.5
23744,36571,4954,3.0,0.0,17.4
23745,36573,36574,2.0,0.0,20.2
23746,36575,36576,2.0,0.0,15.1
23747,36577,14980,2.0,0.0,4.7
23748,36581,40964,1.333,0.333,7.6
23749,36581,36582,1.5,0.5,10.4
23750,36589,36590,1.5,0.5,14.3
23751,36601,36602,7.0,4.0,13.2
23752,36601,27726,5.0,0.0,9.0
23753,36603,36604,2.25,0.917,5.0
23754,36605,28134,2.5,0.333,8.8
23755,36607,36608,2.4,0.3,4.9
23756,36609,36600,4.25,0.25,8.4
23757,36611,36612,2.0,0.0,15.3
23758,36611,29154,4.0,0.0,15.4
23759,36613,36614,2.0,0.0,14.8
23760,36615,29158,2.5,0.5,14.8
23761,36619,4728,1.1,0.095,5.5
23762,36619,38374,1.286,0.238,15.0
23763,36639,38098,2.0,0.0,12.0
23764,36705,36762,3.0,0.0,14.2
23765,36727,36756,3.0,0.0,14.2
23766,36763,36764,3.0,0.0,14.4
23767,36765,36686,2.0,0.0,9.0
23768,36791,36792,2.5,0.3,11.2
23769,36791,15180,2.0,0.0,4.7
23770,36793,15182,1.25,0.25,4.7
23771,36795,15180,2.0,0.0,9.0
23772,36797,36794,2.5,0.5,8.9
23773,36801,22030,1.5,0.5,6.3
23774,36809,3384,2.125,0.125,10.6
23775,36809,21496,2.75,0.25,15.6
23776,36817,36818,2.5,0.5,10.4
23777,36817,15198,2.0,0.0,4.7
23778,36821,27898,3.0,0.0,5.1
23779,36823,27896,2.75,0.25,5.2
23780,36829,36830,9.0,0.0,14.0
23781,36831,7402,4.0,0.0,17.7
23782,36841,38900,1.617,0.57,14.7
23783,36843,36844,4.5,7.0,11.6
23784,36845,23090,2.0,0.0,25.4
23785,36849,36850,1.812,0.187,26.4
23786,36851,36852,1.033,0.032,13.6
23787,36851,39956,3.5,12.5,2.8
23788,36853,26072,2.196,0.694,26.0
23789,36853,28018,19.375,644.268,7.6
23790,36855,36856,1.799,8.234,8.6
23791,36857,37646,2.661,0.882,27.2
23792,36857,37640,8.929,102.735,11.3
23793,36859,39230,1.451,0.496,13.6
23794,36861,36520,2.0,0.0,7.5
23795,36863,15500,2.348,0.26,10.2
23796,36873,1442,2.0,0.0,9.0
23797,36877,30584,1.138,0.123,5.5
23798,36877,23038,1.091,0.083,13.8
23799,36883,16752,2.25,0.194,13.5
23800,36885,15258,1.5,0.5,4.7
23801,36891,15284,3.2,0.2,16.0
23802,36895,36914,2.0,0.0,9.0
23803,36895,15294,3.0,0.0,14.3
23804,36897,36898,3.0,0.0,14.2
23805,36905,15278,2.0,0.0,4.7
23806,36911,36912,5.0,0.0,22.1
23807,36913,36896,3.0,0.0,14.2
23808,36915,36916,2.0,0.0,12.9
23809,36921,15268,2.0,0.0,9.0
23810,36927,36928,3.0,1.0,14.6
23811,36929,36930,2.667,0.333,14.6
23812,36931,36932,2.667,0.333,13.6
23813,36933,11706,3.0,0.0,13.8
23814,36953,38766,6.0,0.0,25.6
23815,36953,36954,2.0,0.0,9.5
23816,36961,36958,2.0,0.0,4.7
23817,36975,3430,3.0,0.0,21.9
23818,36987,35746,1.038,0.037,10.1
23819,36993,5546,1.314,0.22,16.0
23820,36997,15362,2.0,0.0,4.7
23821,36999,36816,3.0,0.0,1.7
23822,37001,37002,1.112,0.101,5.8
23823,37003,35764,1.152,0.171,10.8
23824,37007,37008,1.418,1.598,6.8
23825,37009,19818,1.588,0.592,12.3
23826,37009,35378,1.149,0.148,11.0
23827,37011,37012,1.154,0.5,7.3
23828,37013,38194,1.539,0.363,9.7
23829,37013,35380,1.16,0.148,12.9
23830,37015,37006,1.331,0.98,13.2
23831,37017,37018,1.055,0.125,7.3
23832,37019,22428,1.474,3.653,10.6
23833,37019,34920,1.107,0.347,11.9
23834,37023,15374,2.0,0.0,4.7
23835,37025,31794,1.757,0.689,14.0
23836,37027,22930,3.341,0.985,27.0
23837,37029,39008,1.559,0.39,17.0
23838,37029,12910,33.0,0.0,6.9
23839,37031,37032,1.335,0.244,16.6
23840,37031,34228,4.143,55.476,10.0
23841,37033,27530,2.364,0.255,14.5
23842,37033,22224,1.94,0.679,18.2
23843,37035,39010,1.384,0.245,17.1
23844,37039,41908,1.009,0.008,10.7
23845,37039,35438,2.138,10.941,9.5
23846,37043,14486,2.5,0.383,17.2
23847,37043,20660,2.0,0.0,35.4
23848,37047,41810,3.5,0.5,16.9
23849,37049,19306,3.0,0.0,21.0
23850,37053,38086,2.0,0.0,8.5
23851,37055,41824,3.571,0.286,28.8
23852,37055,19286,3.2,0.7,17.2
23853,37059,26570,2.0,0.0,14.1
23854,37089,37098,2.0,0.0,9.0
23855,37099,37100,3.0,0.0,14.5
23856,37101,37102,3.0,0.0,14.4
23857,37105,2728,3.0,0.0,13.2
23858,37115,15440,2.0,0.0,4.7
23859,37129,37134,2.0,0.0,10.3
23860,37133,2732,2.571,0.286,11.3
23861,37135,37130,2.0,0.0,9.0
23862,37135,37132,2.0,0.0,10.4
23863,37137,37128,2.0,0.0,10.4
23864,37153,15462,2.0,0.0,15.3
23865,37155,15468,2.0,0.0,4.8
23866,37161,15380,3.0,0.0,9.5
23867,37163,40656,1.7,0.233,6.9
23868,37171,37172,1.226,0.177,15.9
23869,37175,37176,1.103,0.094,13.4
23870,37183,30602,1.304,0.221,9.8
23871,37183,37184,1.12,0.107,11.4
23872,37185,37186,1.046,0.082,10.1
23873,37187,30598,1.152,0.131,10.0
23874,37189,37190,1.025,0.025,8.9
23875,37191,35606,1.069,0.066,9.4
23876,37195,34746,2.273,0.205,23.5
23877,37195,15496,11.333,146.333,2.3
23878,37197,37198,1.386,0.238,6.8
23879,37197,15498,1.545,0.273,4.7
23880,37199,37200,2.827,0.381,13.8
23881,37199,15240,3.487,0.859,14.3
23882,37199,15500,1.5,0.5,4.7
23883,37201,20320,2.933,0.352,13.0
23884,37201,37202,3.353,0.538,15.4
23885,37201,15502,1.667,0.267,4.7
23886,37203,208,3.167,0.152,15.0
23887,37203,37204,3.562,0.262,16.9
23888,37203,15504,1.833,0.167,4.7
23889,37205,37206,3.6,0.489,18.2
23890,37205,636,3.0,0.0,18.2
23891,37205,15506,1.333,0.333,4.8
23892,37207,15508,1.5,0.3,4.7
23893,37211,37212,1.009,0.009,9.9
23894,37213,37214,1.146,0.126,14.3
23895,37217,33824,1.286,0.866,8.1
23896,37219,10360,2.667,0.333,16.2
23897,37227,37844,1.062,0.059,11.6
23898,37229,37230,1.343,0.335,9.9
23899,37231,37232,1.195,0.158,14.0
23900,37237,27392,1.111,0.102,5.6
23901,37237,32998,2.13,0.67,19.5
23902,37239,37240,1.014,0.014,9.9
23903,37241,11240,2.032,0.117,14.4
23904,37243,37244,3.0,0.0,14.8
23905,37243,15528,2.0,0.0,4.7
23906,37245,37246,3.857,0.476,16.4
23907,37247,39946,4.167,0.167,20.1
23908,37257,5354,2.0,0.0,14.9
23909,37259,33616,2.0,0.0,7.7
23910,37271,37272,1.333,0.267,10.3
23911,37275,37276,1.167,0.167,10.4
23912,37277,34672,1.4,0.3,9.0
23913,37277,13368,2.0,0.0,14.2
23914,37285,38504,9.0,0.0,43.3
23915,37289,27112,2.5,0.3,19.3
23916,37293,13874,2.0,0.0,7.5
23917,37297,38018,2.0,0.0,11.9
23918,37301,37302,1.078,0.074,13.1
23919,37303,37304,1.185,0.154,13.4
23920,37305,7618,1.2,0.2,5.4
23921,37305,37306,1.141,0.123,13.8
23922,37309,37310,1.233,0.182,9.7
23923,37311,37312,1.233,0.182,9.5
23924,37313,37314,1.31,0.218,10.0
23925,37315,21816,1.491,0.255,13.4
23926,37317,35608,1.245,0.189,13.0
23927,37319,37320,3.0,0.0,14.4
23928,37321,15602,1.5,0.5,4.7
23929,37327,37328,2.0,0.0,11.4
23930,37329,37330,1.833,0.167,7.7
23931,37331,1592,2.0,0.0,14.2
23932,37339,15620,1.667,0.333,4.7
23933,37355,37366,3.0,0.0,14.6
23934,37369,37370,2.5,0.5,14.6
23935,37371,37372,3.5,0.5,14.4
23936,37371,15652,2.0,0.0,4.7
23937,37373,37374,3.0,0.0,14.5
23938,37375,37376,3.333,0.333,14.5
23939,37377,37378,3.0,0.0,14.3
23940,37379,15684,2.667,0.333,14.2
23941,37381,37382,3.0,0.0,14.4
23942,37383,37384,3.0,0.0,14.3
23943,37385,37386,2.333,0.333,14.4
23944,37387,37388,3.0,2.0,14.5
23945,37387,18,3.0,0.0,14.3
23946,37389,34834,2.5,0.5,14.1
23947,37393,15680,2.0,0.0,8.2
23948,37395,37396,3.0,0.0,14.2
23949,37395,37392,3.0,0.0,14.1
23950,37397,19660,2.0,0.0,6.6
23951,37405,22744,3.0,0.0,14.2
23952,37411,15724,4.125,41.268,9.5
23953,37411,37440,2.333,0.267,14.2
23954,37415,15698,2.0,0.0,4.7
23955,37417,15700,2.0,0.0,4.7
23956,37421,37422,1.864,0.123,13.1
23957,37427,37428,1.713,5.037,8.1
23958,37429,37430,4.169,37.68,12.7
23959,37431,21890,1.91,0.32,19.6
23960,37431,32264,3.495,31.836,2.9
23961,37437,32296,3.25,0.724,20.8
23962,37437,41358,1.389,0.252,6.7
23963,37439,37440,1.032,0.053,10.6
23964,37439,15694,2.0,0.0,3.1
23965,37445,29672,2.833,5.767,2.8
23966,37449,30190,17.5,544.5,2.9
23967,37453,37454,1.011,0.011,8.6
23968,37455,37456,1.097,0.088,13.3
23969,37461,37462,1.656,8.51,8.1
23970,37463,37464,1.142,0.122,5.0
23971,37465,40320,3.052,0.503,17.2
23972,37465,39148,3.082,0.966,33.8
23973,37469,25454,2.75,0.214,21.5
23974,37471,31526,1.674,0.249,20.1
23975,37473,27528,3.5,0.5,14.9
23976,37475,27186,2.0,0.0,12.6
23977,37477,37482,2.5,0.5,11.2
23978,37477,37478,5.0,8.0,14.8
23979,37477,15758,2.0,0.0,4.7
23980,37479,15760,2.0,0.0,4.7
23981,37481,15762,2.0,0.0,4.7
23982,37487,17222,2.0,0.0,11.1
23983,37493,15770,2.0,0.0,4.7
23984,37499,15774,1.4,0.3,4.7
23985,37513,15788,1.667,0.333,4.7
23986,37515,15790,1.857,0.143,4.7
23987,37517,15792,1.875,0.125,4.7
23988,37519,27670,4.0,0.0,13.8
23989,37523,12366,5.0,2.0,14.9
23990,37525,19618,1.824,0.154,13.9
23991,37541,35090,3.667,0.333,25.9
23992,37543,37544,2.0,0.0,11.7
23993,37545,13532,1.25,0.25,5.6
23994,37547,15812,1.333,0.333,4.7
23995,37553,37554,2.0,0.0,14.4
23996,37557,37558,2.0,0.0,18.4
23997,37559,30874,2.0,0.0,15.4
23998,37567,37574,2.889,0.111,14.2
23999,37567,15832,1.75,0.25,4.7
24000,37575,37576,3.111,0.361,14.5
24001,37577,16038,2.0,0.0,9.0
24002,37577,37578,3.0,0.333,14.5
24003,37579,16032,2.0,0.0,9.0
24004,37579,37812,2.833,0.167,14.7
24005,37587,37588,2.0,0.0,14.8
24006,37597,37598,3.0,0.0,15.3
24007,37599,346,3.0,0.0,12.5
24008,37603,37604,1.5,0.3,12.1
24009,37605,37608,1.571,0.286,11.1
24010,37607,30168,2.0,0.0,15.6
24011,37609,37610,1.714,0.238,14.2
24012,37609,28984,2.0,0.0,14.2
24013,37611,37612,2.0,0.2,14.6
24014,37613,37614,1.8,0.171,13.6
24015,37615,37616,2.0,0.0,15.5
24016,37617,8124,2.0,0.0,9.8
24017,37617,37618,5.136,0.314,40.3
24018,37619,37606,3.2,0.167,25.1
24019,37631,15892,2.0,0.0,4.7
24020,37633,37634,1.297,1.023,11.2
24021,37635,39040,2.241,0.789,23.8
24022,37635,39038,4.333,0.333,27.9
24023,37639,35472,1.422,0.247,11.5
24024,37639,32412,2.0,0.0,2.2
24025,37641,37642,1.036,0.036,11.3
24026,37645,32686,4.966,0.963,47.7
24027,37647,29996,1.039,0.038,7.8
24028,37649,37650,1.359,0.233,5.9
24029,37651,37652,1.337,0.226,9.4
24030,37653,37654,2.056,0.194,15.3
24031,37653,34656,3.667,16.25,2.3
24032,37657,37648,2.0,0.0,9.1
24033,37657,15916,2.667,0.333,14.2
24034,37657,15914,1.75,0.25,4.7
24035,37659,37648,2.744,6.143,12.5
24036,37659,15916,8.0,0.0,1.4
24037,37665,30870,1.5,0.5,10.3
24038,37667,37668,3.5,0.5,14.4
24039,37667,15924,1.167,0.167,4.7
24040,37669,37670,1.5,0.5,6.8
24041,37677,37678,1.042,0.04,9.2
24042,37679,37680,1.562,0.573,16.0
24043,37681,9046,1.833,0.152,9.8
24044,37681,37682,1.986,0.349,21.9
24045,37683,37684,1.313,1.615,9.9
24046,37685,39244,1.529,6.413,14.0
24047,37695,32996,3.77,1.2,38.7
24048,37695,37712,18.823,350.063,16.0
24049,37697,41394,1.1,0.092,13.7
24050,37699,37700,1.456,0.25,18.8
24051,37703,35658,2.0,0.0,13.9
24052,37707,37708,1.005,0.005,8.2
24053,37709,39172,1.732,0.649,18.8
24054,37709,39174,4.625,37.05,5.5
24055,37713,32564,2.788,9.407,21.1
24056,37719,37720,4.75,0.917,10.5
24057,37721,39394,5.0,1.0,10.3
24058,37725,37726,2.0,0.0,14.4
24059,37727,33836,1.8,0.2,14.4
24060,37729,37730,2.0,0.0,10.1
24061,37731,37732,4.0,0.0,15.3
24062,37733,32906,3.0,0.0,17.3
24063,37735,37736,2.5,0.333,14.3
24064,37735,32258,3.0,0.0,14.3
24065,37739,16924,3.333,0.333,14.3
24066,37741,38834,3.312,0.229,16.0
24067,37741,15972,4.1,1.433,24.0
24068,37743,15970,2.722,0.212,18.8
24069,37743,38834,3.654,1.022,33.6
24070,37745,5648,2.0,0.0,13.9
24071,37745,32804,1.964,0.628,14.8
24072,37747,15976,2.0,0.0,4.7
24073,37749,3520,1.5,0.333,4.7
24074,37751,37752,1.48,0.26,16.8
24075,37751,37986,3.333,4.333,7.9
24076,37753,28128,1.333,0.333,2.6
24077,37761,27650,1.308,1.231,3.5
24078,37763,37764,2.0,0.0,14.4
24079,37769,28490,2.529,0.515,8.8
24080,37771,8384,2.0,0.0,11.6
24081,37773,37776,2.5,0.5,10.8
24082,37773,37774,2.0,0.0,9.8
24083,37777,37778,3.0,0.0,14.4
24084,37777,37770,3.0,0.0,14.3
24085,37779,37780,3.0,0.0,14.1
24086,37783,29004,1.75,0.5,9.6
24087,37787,37788,2.929,0.225,14.4
24088,37789,37790,2.917,0.265,14.5
24089,37789,16010,1.5,0.5,4.7
24090,37791,28186,2.0,0.0,9.6
24091,37791,37792,2.667,0.25,14.5
24092,37791,16012,2.0,0.0,4.7
24093,37797,37806,1.6,0.3,10.1
24094,37797,37798,2.333,0.333,13.6
24095,37799,32044,2.0,0.0,11.5
24096,37799,11024,3.0,0.0,14.9
24097,37807,11740,3.0,0.0,14.2
24098,37809,15850,2.0,0.0,9.4
24099,37813,16034,1.2,0.2,4.7
24100,37823,37572,4.0,0.0,17.7
24101,37829,19086,2.0,0.0,6.0
24102,37841,37842,4.667,0.333,10.6
24103,37843,26114,6.667,0.333,30.0
24104,37845,39404,1.444,0.278,6.9
24105,37845,39406,2.01,0.789,20.1
24106,37847,32996,1.562,0.262,7.5
24107,37847,37712,3.712,0.755,36.6
24108,37847,37226,11.265,96.877,15.8
24109,37849,35976,2.472,1.422,14.2
24110,37857,37858,1.299,0.516,19.9
24111,37857,16102,3.636,14.719,5.0
24112,37861,38364,13.121,546.485,1.3
24113,37863,32732,2.011,0.198,13.2
24114,37865,36110,1.628,0.287,15.0
24115,37865,36500,1.062,0.059,15.7
24116,37867,37692,1.3,0.374,11.8
24117,37867,16964,11.0,64.667,2.9
24118,37871,37872,2.667,0.333,14.4
24119,37871,37880,3.333,0.333,14.2
24120,37873,37874,3.0,0.0,14.4
24121,37875,38168,2.429,0.286,12.8
24122,37881,37874,3.0,0.0,14.2
24123,37883,16094,1.8,0.2,4.7
24124,37887,16090,2.0,0.0,7.5
24125,37895,37858,2.375,0.268,16.7
24126,37903,6526,6.5,0.333,30.2
24127,37907,27732,2.5,0.5,7.5
24128,37907,37908,2.0,0.0,9.3
24129,37909,16116,1.667,0.333,4.7
24130,37919,19636,3.0,0.0,14.3
24131,37931,16138,2.0,0.0,4.7
24132,37933,37930,2.0,0.0,9.0
24133,37985,20410,1.714,0.238,9.4
24134,37987,16184,1.333,0.333,4.7
24135,37991,26314,2.0,0.0,14.7
24136,38007,38008,1.164,0.139,14.1
24137,38009,38010,1.018,0.018,11.6
24138,38011,26328,1.6,0.267,10.1
24139,38011,38012,1.411,0.246,17.8
24140,38013,26142,1.667,0.333,8.9
24141,38013,25426,1.226,0.179,16.0
24142,38015,38018,2.75,0.25,14.1
24143,38021,38794,1.33,0.223,18.9
24144,38023,38026,1.092,0.085,17.7
24145,38023,39206,1.333,0.333,17.7
24146,38027,38802,1.117,0.105,15.7
24147,38029,38030,1.412,0.25,14.3
24148,38031,38032,1.324,0.225,14.7
24149,38033,38034,1.206,0.168,14.6
24150,38039,16228,1.167,0.147,16.0
24151,38047,38050,1.375,0.268,10.7
24152,38049,24482,2.0,0.0,6.9
24153,38051,38052,1.25,0.214,10.5
24154,38053,38054,1.375,0.268,10.4
24155,38055,38056,1.286,0.238,10.3
24156,38057,38058,2.857,0.143,21.7
24157,38059,38060,1.286,0.238,8.0
24158,38061,16250,1.5,0.5,4.7
24159,38065,26962,2.0,0.0,7.6
24160,38065,38066,7.389,1.216,14.4
24161,38073,6448,3.0,0.0,8.8
24162,38081,16276,1.5,0.5,9.2
24163,38087,39316,2.5,0.333,12.9
24164,38091,36724,2.0,0.0,18.9
24165,38093,6906,1.333,0.267,9.5
24166,38099,14406,2.0,0.0,11.0
24167,38115,16312,2.25,0.25,14.1
24168,38117,33234,2.0,0.0,7.0
24169,38119,12074,1.5,0.333,8.6
24170,38123,16304,2.0,0.0,8.0
24171,38131,41048,3.0,0.0,14.3
24172,38139,38140,1.286,0.238,6.9
24173,38143,38144,1.143,0.143,5.5
24174,38145,35274,2.0,0.0,13.7
24175,38145,5728,3.125,0.411,22.2
24176,38147,16326,1.667,0.333,4.7
24177,38149,38146,2.333,0.333,13.7
24178,38151,38152,1.333,0.333,13.5
24179,38157,38158,1.333,0.333,14.6
24180,38161,19826,2.0,0.0,15.0
24181,38161,29620,2.0,0.0,13.2
24182,38163,38164,1.698,0.213,19.8
24183,38165,38166,1.343,0.227,16.8
24184,38167,38168,1.233,0.279,10.6
24185,38169,25420,1.712,0.208,7.6
24186,38169,17036,3.0,2.0,31.4
24187,38169,7236,2.179,1.046,9.9
24188,38171,12592,2.636,0.242,15.3
24189,38173,38174,3.0,0.0,14.5
24190,38175,38176,2.0,0.0,14.5
24191,38177,38292,3.091,0.491,14.2
24192,38179,3294,2.0,0.0,9.2
24193,38195,26678,1.125,0.11,10.4
24194,38199,23722,2.0,0.0,11.4
24195,38201,14470,4.333,0.238,26.4
24196,38201,23670,4.143,1.055,19.5
24197,38201,16378,1.6,0.3,4.8
24198,38207,32128,2.0,0.0,9.0
24199,38209,38210,1.222,0.194,10.2
24200,38211,38212,1.125,0.125,5.0
24201,38213,24534,2.455,0.273,18.6
24202,38215,38216,2.0,0.222,14.4
24203,38219,568,3.0,0.0,15.4
24204,38219,24096,2.2,0.2,16.7
24205,38219,32476,2.0,0.0,15.3
24206,38223,38224,2.182,0.164,15.7
24207,38225,38226,2.2,0.178,15.7
24208,38227,38228,2.111,0.111,15.9
24209,38229,38230,1.75,0.25,11.5
24210,38231,38232,1.667,0.267,12.0
24211,38235,4340,3.0,0.5,23.0
24212,38243,33200,2.0,0.0,9.8
24213,38243,12032,5.0,0.0,17.2
24214,38245,4992,1.25,0.25,8.6
24215,38247,16400,1.5,0.5,4.7
24216,38257,23474,1.75,0.25,7.3
24217,38259,38260,2.0,0.0,8.8
24218,38267,16414,2.0,0.0,4.7
24219,38271,12038,4.143,0.794,33.6
24220,38271,12026,5.0,0.0,10.2
24221,38273,10856,2.0,0.0,9.0
24222,38273,31828,3.0,0.0,12.0
24223,38275,38276,2.0,0.0,11.2
24224,38277,38282,1.5,0.5,9.0
24225,38281,21248,1.667,0.333,9.0
24226,38283,34100,2.5,0.5,9.0
24227,38285,38276,2.0,0.0,9.0
24228,38287,12040,2.583,0.265,15.1
24229,38293,1588,2.455,0.26,14.0
24230,38295,1592,2.667,0.333,18.7
24231,38297,15606,2.0,0.0,10.1
24232,38301,1956,5.5,0.5,20.9
24233,38301,12784,4.0,0.0,18.5
24234,38311,5080,2.0,0.0,13.0
24235,38317,10234,2.0,0.0,10.0
24236,38317,38318,3.5,0.5,18.0
24237,38319,33522,1.667,0.333,14.0
24238,38319,33524,2.0,0.0,14.3
24239,38319,16454,2.0,0.0,4.7
24240,38341,16480,3.0,0.0,14.2
24241,38343,38344,2.0,0.0,13.8
24242,38345,38346,2.0,0.0,9.1
24243,38347,38348,4.0,0.0,14.4
24244,38349,16462,3.0,0.0,14.4
24245,38351,38352,4.0,0.0,14.4
24246,38353,38354,4.0,0.0,14.4
24247,38355,38902,3.0,0.0,17.2
24248,38365,33826,20.0,0.0,15.4
24249,38365,15752,7.031,84.124,22.5
24250,38371,16504,2.0,0.0,9.0
24251,38381,38382,2.0,0.0,19.6
24252,38381,4722,3.0,0.0,16.7
24253,38387,40668,1.459,15.622,1.4
24254,38389,23796,1.43,0.259,16.2
24255,38393,32596,1.5,0.333,8.9
24256,38395,16536,3.0,0.0,14.8
24257,38395,16530,1.333,0.333,4.7
24258,38397,38398,1.08,0.077,5.1
24259,38399,29042,1.667,0.267,9.1
24260,38399,7342,6.0,0.0,21.2
24261,38399,16534,1.538,0.269,4.7
24262,38403,38400,4.0,0.0,22.9
24263,38411,41602,4.5,0.5,23.1
24264,38415,12844,2.0,0.0,9.2
24265,38415,38416,3.0,0.0,14.5
24266,38417,39200,3.0,0.0,13.7
24267,38421,12842,1.75,0.25,9.3
24268,38425,27554,1.35,0.239,9.9
24269,38425,20138,1.045,0.045,15.5
24270,38427,5200,1.714,0.238,7.6
24271,38431,38432,1.352,0.384,8.4
24272,38433,26958,2.208,0.172,12.1
24273,38433,23098,2.621,1.003,23.3
24274,38435,16568,1.333,0.333,4.7
24275,38451,9414,1.667,0.333,9.0
24276,38451,38452,3.0,0.4,14.4
24277,38453,11040,1.833,0.167,9.0
24278,38457,9418,2.0,0.0,9.0
24279,38457,38458,2.75,0.25,14.4
24280,38457,30140,2.5,0.5,14.2
24281,38457,16590,2.0,0.0,4.7
24282,38459,11044,2.0,0.0,9.0
24283,38459,32064,2.5,0.5,14.2
24284,38479,16612,2.0,0.0,4.7
24285,38489,16622,2.0,0.0,4.7
24286,38491,2148,2.639,0.468,26.9
24287,38493,23582,2.0,0.0,14.0
24288,38497,1844,2.0,0.0,9.2
24289,38499,21724,2.0,0.0,12.7
24290,38503,16636,2.0,0.0,4.7
24291,38509,38502,3.0,0.0,14.4
24292,38521,4364,3.0,0.0,2.8
24293,38523,38524,1.043,0.041,14.0
24294,38527,38528,1.333,0.333,6.3
24295,38529,38530,2.0,0.0,9.7
24296,38529,16664,1.5,0.5,4.7
24297,38531,16666,2.0,0.0,4.7
24298,38539,33218,1.333,0.333,5.3
24299,38541,28742,1.667,0.333,10.4
24300,38541,11552,2.0,0.0,13.2
24301,38541,33286,7.659,1.494,78.4
24302,38543,28702,1.741,0.207,9.7
24303,38543,29960,1.457,0.343,16.4
24304,38545,33284,2.468,1.234,12.1
24305,38545,40188,7.348,0.877,73.4
24306,38545,28742,9.5,40.5,40.8
24307,38545,11552,10.0,0.0,39.4
24308,38549,38550,1.571,0.286,10.5
24309,38551,16680,1.75,0.214,4.7
24310,38555,38556,4.583,0.265,33.9
24311,38557,38558,1.964,0.036,14.9
24312,38559,5166,3.966,0.392,35.0
24313,38559,20392,2.2,0.2,15.0
24314,38561,38562,2.295,0.22,15.2
24315,38565,38566,1.689,0.216,14.5
24316,38567,38568,1.106,0.095,12.7
24317,38569,38570,1.275,0.222,13.9
24318,38571,38572,1.064,0.125,5.7
24319,38573,38574,1.291,0.282,13.8
24320,38575,38576,3.945,224.21,8.7
24321,38577,23056,7.513,483.725,6.3
24322,38581,32252,2.5,0.3,11.6
24323,38583,38584,4.0,0.0,17.3
24324,38593,16720,1.5,0.5,4.7
24325,38603,16726,1.5,0.5,4.7
24326,38607,38612,2.0,0.0,16.4
24327,38607,38608,1.029,0.029,12.2
24328,38609,38714,2.667,0.267,16.5
24329,38609,38610,1.034,0.034,12.4
24330,38611,38700,6.0,0.966,56.7
24331,38613,16820,2.0,0.0,14.3
24332,38613,38682,2.6,0.3,11.1
24333,38617,38618,1.278,0.206,10.4
24334,38623,16762,2.0,0.0,14.2
24335,38631,38632,1.029,0.029,12.8
24336,38631,15256,1.4,0.933,1.4
24337,38639,38640,1.074,0.07,13.6
24338,38647,16762,1.333,0.333,4.7
24339,38665,16774,9.0,0.0,1.4
24340,38669,38624,4.778,1.444,40.1
24341,38671,40392,2.0,0.0,13.5
24342,38683,38680,1.6,0.3,9.1
24343,38691,38622,3.0,0.0,17.3
24344,38691,38692,4.0,0.0,21.5
24345,38701,38624,2.379,0.387,12.8
24346,38701,19888,2.5,0.5,36.0
24347,38705,38706,3.233,0.421,14.3
24348,38707,25546,1.409,0.247,7.3
24349,38709,16734,4.333,0.333,24.0
24350,38715,16798,2.0,0.0,9.2
24351,38715,38690,2.8,0.7,12.0
24352,38721,38722,4.0,0.0,14.4
24353,38723,16828,2.0,0.0,4.7
24354,38731,38732,1.75,0.25,14.4
24355,38733,38734,2.333,0.267,19.1
24356,38735,38736,1.5,0.286,13.1
24357,38737,38738,1.233,0.23,10.0
24358,38739,31788,1.5,0.305,11.9
24359,38739,11684,2.0,0.0,18.2
24360,38749,35686,3.0,0.0,15.4
24361,38757,38758,1.667,0.333,7.1
24362,38759,16864,2.0,0.0,4.7
24363,38761,12692,1.8,0.178,8.2
24364,38761,38762,2.6,0.3,13.2
24365,38761,16866,3.0,0.0,11.0
24366,38763,12728,2.0,0.0,9.0
24367,38769,16874,2.0,0.0,4.7
24368,38783,25842,2.5,0.5,13.0
24369,38785,12866,1.714,0.238,9.1
24370,38785,38786,2.75,0.25,14.4
24371,38787,38788,2.0,0.0,14.4
24372,38795,37024,1.027,0.027,14.5
24373,38795,35948,1.18,0.15,14.8
24374,38797,38798,1.105,0.099,13.3
24375,38799,16218,1.498,0.279,18.3
24376,38801,38038,3.4,0.829,24.3
24377,38801,38806,2.631,1.335,17.6
24378,38805,38802,1.25,0.197,15.4
24379,38807,38024,2.192,2.563,18.0
24380,38811,38806,2.071,0.533,9.1
24381,38811,38804,3.35,1.187,23.0
24382,38813,38028,1.536,0.258,9.1
24383,38815,38816,3.333,0.333,14.8
24384,38819,16910,1.5,0.5,4.7
24385,38831,38832,3.0,0.0,14.3
24386,38833,15968,3.0,2.0,14.2
24387,38837,3264,2.0,0.0,9.2
24388,38837,16928,2.0,0.0,4.7
24389,38841,23408,2.5,0.5,9.2
24390,38841,3252,2.8,0.7,14.3
24391,38841,16932,1.5,0.3,4.7
24392,38843,19724,2.0,0.0,12.9
24393,38843,118,3.0,0.0,19.6
24394,38845,23414,1.333,0.333,7.9
24395,38845,38836,4.333,10.333,14.4
24396,38845,3258,3.706,0.221,16.8
24397,38847,27082,2.0,0.0,12.7
24398,38851,22962,1.909,1.134,9.6
24399,38855,25476,1.5,0.3,12.0
24400,38855,36572,2.0,0.0,17.3
24401,38861,38862,1.513,0.252,19.2
24402,38863,38864,1.092,0.085,13.4
24403,38865,38866,1.266,0.298,13.2
24404,38867,26540,1.587,0.568,11.8
24405,38869,38872,2.333,0.333,5.0
24406,38871,38888,4.0,1.0,8.2
24407,38873,38874,3.5,0.5,5.0
24408,38875,38876,2.5,0.5,5.6
24409,38877,38878,2.75,0.25,6.6
24410,38879,38880,2.333,0.333,6.0
24411,38881,38882,2.333,0.333,5.0
24412,38883,38884,1.667,0.333,5.0
24413,38885,38870,4.333,0.333,9.1
24414,38887,38888,4.0,0.0,9.4
24415,38889,19804,5.8,1.7,23.8
24416,38891,38868,2.667,0.333,5.0
24417,38893,24130,2.48,0.343,17.0
24418,38895,41892,1.66,1.186,19.4
24419,38895,40434,4.521,155.834,19.5
24420,38897,38898,2.398,56.791,8.0
24421,38897,41858,2.307,22.464,8.3
24422,38899,5054,1.829,0.915,16.6
24423,38901,38904,1.107,0.1,13.0
24424,38901,38912,7.625,177.696,5.2
24425,38903,38900,2.923,0.41,17.0
24426,38903,37692,3.8,1.047,29.1
24427,38905,38906,1.053,0.05,13.0
24428,38909,36842,2.75,0.25,22.4
24429,38909,38910,3.29,0.26,40.9
24430,38911,23036,2.281,0.242,28.6
24431,38913,1824,1.867,0.124,8.3
24432,38913,21628,3.5,0.5,14.8
24433,38919,37866,1.014,0.02,8.2
24434,38923,15904,1.136,1.722,8.8
24435,38925,38926,1.078,0.074,6.3
24436,38927,38928,1.804,25.361,7.9
24437,38927,34344,1.111,0.111,5.0
24438,38929,38930,1.836,0.362,12.0
24439,38931,27794,2.136,0.167,14.0
24440,38931,22124,2.667,0.333,18.0
24441,38931,12304,2.333,0.333,14.3
24442,38935,38936,2.833,0.167,12.8
24443,38937,38938,2.75,0.25,13.6
24444,38941,38942,3.032,0.299,14.6
24445,38943,23546,2.889,0.256,14.4
24446,38943,38934,3.0,0.0,14.2
24447,38943,3386,1.333,0.333,4.7
24448,38949,32544,2.174,0.469,12.2
24449,38949,25558,4.375,0.839,29.2
24450,38949,9914,2.75,2.205,12.0
24451,38951,29406,1.021,0.021,11.2
24452,38963,38964,1.3,0.233,15.4
24453,38965,11618,3.25,0.5,28.7
24454,38965,32690,2.333,0.267,14.5
24455,38965,17004,2.0,0.0,4.7
24456,38969,8726,2.0,0.0,9.7
24457,38977,38962,2.0,0.0,17.7
24458,38989,38990,1.429,0.286,12.6
24459,38993,38994,1.188,0.162,13.3
24460,38997,7236,1.833,0.167,6.8
24461,38997,25420,4.5,23.038,13.5
24462,38999,39000,1.9,0.47,20.3
24463,39001,24506,2.0,0.0,11.9
24464,39001,21504,1.927,0.55,20.4
24465,39003,39006,1.24,0.184,17.4
24466,39005,26984,4.5,1.192,28.3
24467,39005,32774,3.867,0.971,43.9
24468,39007,39004,1.35,6.672,8.2
24469,39009,37038,1.003,0.003,8.2
24470,39019,23032,2.0,0.0,23.2
24471,39021,39022,1.333,0.25,10.1
24472,39023,29870,1.167,0.167,8.6
24473,39023,39024,2.0,0.0,13.7
24474,39025,39026,1.5,0.5,10.4
24475,39031,39032,2.0,0.0,9.9
24476,39031,17068,2.0,0.0,13.8
24477,39041,32302,1.077,0.072,13.2
24478,39043,39044,7.654,623.329,7.9
24479,39045,32718,10.225,1096.727,11.2
24480,39109,17126,1.5,0.5,7.0
24481,39111,17132,2.0,0.0,4.7
24482,39121,17130,3.0,0.0,13.0
24483,39125,12108,1.407,0.251,9.8
24484,39127,14968,1.75,0.25,13.0
24485,39139,25410,1.833,0.167,10.2
24486,39141,28364,1.667,0.333,7.5
24487,39155,7688,2.25,0.25,13.1
24488,39155,39156,1.813,0.206,22.3
24489,39157,18026,3.415,0.399,15.9
24490,39157,40218,3.564,0.966,35.1
24491,39159,17176,1.198,0.192,13.1
24492,39161,24944,7.0,370.371,12.1
24493,39165,39166,2.333,0.333,13.0
24494,39167,24984,1.5,0.5,9.2
24495,39173,35646,1.085,0.078,13.4
24496,39175,29502,1.12,0.36,3.2
24497,39177,29496,1.25,0.25,7.6
24498,39185,36450,1.734,0.54,19.6
24499,39185,37704,3.0,8.0,5.8
24500,39191,24210,2.333,0.333,20.7
24501,39191,13600,2.038,0.038,18.5
24502,39195,37028,1.068,0.073,8.2
24503,39199,30478,2.489,0.299,17.3
24504,39199,23050,2.438,0.313,29.9
24505,39201,2170,3.25,0.25,21.0
24506,39207,38038,3.333,1.333,27.1
24507,39211,5524,1.4,0.3,9.1
24508,39213,25980,1.982,0.053,14.4
24509,39221,26330,2.0,0.0,14.0
24510,39223,17222,2.0,0.0,4.7
24511,39225,39226,3.5,0.5,14.7
24512,39227,5740,2.4,0.3,13.6
24513,39231,39232,1.221,0.173,13.9
24514,39233,39234,1.657,0.321,19.7
24515,39233,9046,27.0,72.0,25.4
24516,39235,39236,1.137,0.142,13.3
24517,39237,39238,1.065,0.071,9.4
24518,39239,39240,1.201,0.24,12.9
24519,39241,39242,3.748,162.558,8.0
24520,39243,2300,2.0,0.0,11.0
24521,39243,31796,4.6,1.274,49.7
24522,39243,11502,4.273,0.874,30.2
24523,39245,35528,3.908,59.16,22.3
24524,39245,31064,1.876,0.182,22.1
24525,39249,4884,3.4,1.156,22.4
24526,39251,39252,3.167,0.253,14.1
24527,39253,5036,1.04,0.039,4.9
24528,39253,39254,1.067,0.063,13.2
24529,39255,39256,1.093,0.085,13.4
24530,39257,39258,1.024,0.04,9.4
24531,39259,39260,1.116,0.103,13.3
24532,39261,39262,1.274,0.354,11.5
24533,39263,27608,4.375,0.839,29.6
24534,39263,37210,6.246,1.099,63.9
24535,39263,13916,4.833,30.902,5.8
24536,39265,17248,2.0,0.0,11.6
24537,39265,20448,1.051,0.125,9.6
24538,39267,39268,3.0,0.0,14.2
24539,39269,20448,2.0,0.0,10.2
24540,39271,20444,2.221,9.719,19.7
24541,39273,39274,2.75,0.25,12.4
24542,39275,31866,2.75,0.25,12.5
24543,39277,28546,4.389,0.722,30.9
24544,39277,7948,4.417,4.447,17.0
24545,39281,39278,3.0,0.0,14.4
24546,39281,3752,2.8,0.4,14.2
24547,39281,17260,1.143,0.143,4.7
24548,39283,24304,3.0,0.0,15.3
24549,39287,41522,3.927,2.298,34.1
24550,39289,25932,2.968,1.583,24.3
24551,39289,24546,4.091,13.291,4.6
24552,39295,39296,3.0,0.0,15.0
24553,39297,24386,2.0,1.0,10.4
24554,39301,39304,3.5,0.5,11.7
24555,39305,39306,2.5,0.5,5.4
24556,39307,39308,5.0,2.0,9.1
24557,39309,17280,2.75,0.917,9.0
24558,39319,33132,2.0,0.0,9.1
24559,39323,1620,2.25,0.25,17.5
24560,39327,39338,11.968,1813.676,16.7
24561,39327,17288,32.0,0.0,1.4
24562,39329,39330,1.674,16.904,8.1
24563,39331,39340,3.076,0.733,22.1
24564,39333,39326,30.029,7233.646,6.7
24565,39335,39332,26.955,5330.37,7.0
24566,39337,39332,62.421,16464.924,7.5
24567,39339,12294,77.714,8731.614,15.2
24568,39339,38932,7.762,95.796,19.5
24569,39341,33656,1.006,0.006,9.8
24570,39343,17294,2.0,0.0,4.7
24571,39349,37178,3.0,0.0,22.9
24572,39351,17302,2.0,0.0,4.7
24573,39359,39360,1.529,0.265,6.7
24574,39359,31992,4.5,1.714,10.2
24575,39365,21984,2.312,0.362,10.2
24576,39367,21952,2.795,0.378,7.2
24577,39367,39358,2.125,0.411,9.8
24578,39369,17290,3.235,0.504,24.6
24579,39369,12294,104.0,11148.0,33.2
24580,39369,38932,13.111,40.111,20.6
24581,39389,17338,2.0,0.0,4.7
24582,39393,17342,1.5,0.5,4.7
24583,39395,39396,7.0,0.0,14.3
24584,39397,39398,7.667,2.333,16.3
24585,39401,39402,1.312,5.221,8.5
24586,39403,37694,6.401,187.7,11.1
24587,39409,17346,1.333,0.333,4.7
24588,39415,16678,1.6,0.3,7.8
24589,39423,39986,1.5,0.5,9.4
24590,39423,17866,1.5,0.5,7.8
24591,39425,26450,1.667,0.333,9.6
24592,39425,5980,2.0,0.0,14.6
24593,39427,16390,6.0,0.0,48.8
24594,39427,38236,2.667,0.333,14.3
24595,39433,29548,2.0,0.0,11.4
24596,39435,17374,3.0,0.0,15.5
24597,39435,39440,3.0,0.0,15.6
24598,39441,22666,4.75,0.25,22.1
24599,39443,17378,2.0,2.0,4.7
24600,39445,17380,1.556,0.278,4.7
24601,39447,39448,2.5,0.5,15.4
24602,39449,5158,2.0,2.0,15.1
24603,39453,40016,1.147,0.221,13.0
24604,39459,39460,1.566,0.736,7.2
24605,39461,39462,1.474,0.341,10.2
24606,39463,39470,1.023,0.023,4.7
24607,39467,39468,1.114,0.585,9.3
24608,39469,26960,3.522,0.787,32.1
24609,39471,21330,2.491,0.251,23.7
24610,39473,1616,3.061,4.663,31.5
24611,39473,23112,3.875,6.982,18.3
24612,39475,39476,2.529,4.64,8.2
24613,39477,21554,1.222,0.183,8.1
24614,39485,39488,3.0,0.0,14.7
24615,39485,17394,2.0,0.0,4.7
24616,39491,39492,3.2,0.7,14.4
24617,39493,17402,1.5,0.5,4.7
24618,39501,39502,3.0,2.0,14.9
24619,39501,17410,2.0,0.0,4.7
24620,39503,17412,2.0,0.0,4.7
24621,39513,17422,1.5,0.5,4.7
24622,39521,32750,2.0,0.0,12.6
24623,39523,39524,3.5,0.5,14.4
24624,39525,40362,3.0,0.0,13.5
24625,39535,19764,9.0,0.0,27.8
24626,39545,7598,7.4,49.8,21.1
24627,39553,26432,2.0,0.0,7.9
24628,39557,39558,3.0,0.0,14.4
24629,39559,28570,1.5,0.5,7.4
24630,39561,7888,33.25,7320.5,9.0
24631,39569,36220,5.0,0.0,11.9
24632,39569,36204,5.667,1.333,11.9
24633,39571,39572,4.5,0.5,13.6
24634,39571,19764,16.0,0.0,28.8
24635,39571,17446,2.0,0.0,7.1
24636,39573,17824,1.5,0.5,7.5
24637,39575,33494,2.0,0.0,11.0
24638,39577,36198,2.0,0.0,4.6
24639,39589,17492,2.0,0.0,4.7
24640,39591,17494,2.0,0.0,4.7
24641,39593,39594,3.0,0.667,14.4
24642,39593,17496,1.5,0.5,4.7
24643,39595,17498,1.75,0.25,4.7
24644,39605,39606,2.0,0.0,14.4
24645,39615,39616,5.0,0.0,14.4
24646,39617,39634,3.0,0.0,12.9
24647,39617,17520,2.0,0.0,4.7
24648,39623,39624,3.667,0.333,14.7
24649,39623,39628,3.111,0.361,14.4
24650,39629,14612,3.25,1.071,14.3
24651,39631,17534,1.5,0.333,4.5
24652,39633,17536,1.4,0.3,4.7
24653,39641,17544,1.333,0.333,4.7
24654,39649,33508,32.0,1800.0,14.3
24655,39653,33502,6.412,252.757,7.5
24656,39665,17568,1.8,0.2,4.7
24657,39669,17572,2.0,0.0,4.7
24658,39675,17578,1.5,0.333,4.7
24659,39691,17592,4.0,0.0,14.3
24660,39699,39696,2.0,0.0,14.3
24661,39701,39704,2.0,0.0,14.3
24662,39703,17604,4.0,0.0,14.5
24663,39717,39718,3.0,0.0,13.6
24664,39717,17620,1.5,0.5,4.7
24665,39719,17622,1.667,0.333,4.7
24666,39723,39728,2.0,0.0,8.5
24667,39723,39724,3.0,0.0,14.2
24668,39725,17620,3.0,0.0,14.4
24669,39727,17630,3.0,0.0,13.6
24670,39731,39732,2.5,0.5,14.4
24671,39745,17642,1.75,0.25,4.7
24672,39749,17644,2.0,0.0,4.7
24673,39757,39758,3.0,0.0,14.0
24674,39759,20174,4.0,0.0,17.8
24675,39761,39758,3.0,0.0,14.2
24676,39763,3860,3.0,0.0,14.6
24677,39777,17668,1.5,0.5,4.7
24678,39781,7874,5.0,0.0,14.6
24679,39791,17682,1.462,0.269,4.7
24680,39793,17684,2.0,0.0,4.7
24681,39801,39804,2.0,0.0,9.0
24682,39801,39802,2.0,0.0,12.8
24683,39807,5800,2.0,0.0,14.8
24684,39809,17700,2.0,0.0,4.7
24685,39813,3388,3.1,0.544,14.3
24686,39821,39822,3.968,0.432,18.2
24687,39823,39824,3.576,0.314,15.6
24688,39825,10152,3.844,0.362,17.1
24689,39831,17724,2.0,0.0,4.7
24690,39835,14140,2.0,0.0,12.9
24691,39837,17730,1.2,0.2,4.7
24692,39839,39842,3.0,0.0,14.2
24693,39839,39840,3.0,0.0,14.7
24694,39839,17732,1.5,0.5,4.7
24695,39847,17740,1.5,0.333,4.7
24696,39849,17742,1.5,0.5,4.7
24697,39851,39852,3.0,0.0,14.4
24698,39853,17746,2.0,0.0,4.7
24699,39861,17754,1.5,0.5,4.7
24700,39867,41084,3.333,0.333,14.2
24701,39867,17760,2.0,0.0,4.7
24702,39881,22502,1.444,0.278,9.0
24703,39885,39886,2.0,0.0,9.1
24704,39885,17776,1.5,0.5,4.7
24705,39887,22506,1.4,0.3,7.8
24706,39889,17774,3.0,0.0,13.9
24707,39893,17784,2.0,0.0,4.7
24708,39901,17796,2.0,0.0,9.2
24709,39905,17792,3.25,0.25,14.2
24710,39907,39908,3.0,0.0,14.4
24711,39907,17798,2.0,0.0,4.7
24712,39909,17800,1.5,0.5,4.7
24713,39913,17804,1.333,0.333,4.7
24714,39929,10102,2.143,0.143,14.0
24715,39947,4532,3.167,0.567,14.2
24716,39951,39952,4.0,0.0,18.0
24717,39953,39954,2.5,0.5,14.1
24718,39955,33096,1.667,0.333,8.7
24719,39957,39958,2.0,0.0,10.1
24720,39957,522,3.0,0.0,15.2
24721,39959,24094,2.0,0.0,13.1
24722,39971,40318,2.0,0.0,10.4
24723,39979,17864,1.333,0.333,4.7
24724,39981,39982,1.833,0.167,9.3
24725,39983,31650,2.231,0.192,10.9
24726,39985,39986,1.571,0.286,7.8
24727,39985,17866,2.0,0.0,4.7
24728,39997,24502,3.0,0.0,26.1
24729,39997,33322,3.642,3.088,30.6
24730,39997,26668,10.2,27.7,15.7
24731,39999,17876,1.25,0.25,4.7
24732,40003,17880,1.333,0.267,4.7
24733,40009,40004,1.013,0.013,8.9
24734,40015,40010,1.167,0.145,9.3
24735,40017,36988,1.009,0.009,9.1
24736,40017,20278,1.808,0.882,7.7
24737,40023,40018,2.0,0.0,15.0
24738,40029,32322,1.169,0.141,22.9
24739,40033,22964,1.325,0.221,6.6
24740,40033,35428,1.206,0.165,9.5
24741,40037,20154,1.05,0.048,7.1
24742,40039,40036,1.011,0.011,8.8
24743,40047,38010,1.333,0.333,8.4
24744,40049,40050,3.0,0.0,12.4
24745,40051,40052,3.5,0.5,14.8
24746,40053,40064,4.0,0.0,14.8
24747,40055,40056,3.0,0.0,14.7
24748,40057,40058,3.125,0.125,15.4
24749,40059,29418,2.0,0.0,8.7
24750,40059,8778,1.833,0.167,11.4
24751,40061,17906,2.0,0.0,4.7
24752,40063,17908,1.333,0.333,4.7
24753,40065,17910,2.0,0.0,4.7
24754,40073,40074,3.071,0.379,14.6
24755,40073,3370,1.5,0.5,6.2
24756,40075,40076,2.538,0.269,12.1
24757,40077,40078,3.1,0.544,14.4
24758,40077,17928,3.5,0.5,14.4
24759,40079,40080,2.714,0.238,11.8
24760,40081,17926,1.571,0.286,4.7
24761,40083,17922,1.9,0.322,9.0
24762,40091,17936,2.0,0.0,4.7
24763,40103,17946,1.333,0.333,4.7
24764,40105,12730,2.0,0.0,9.2
24765,40105,34038,3.0,0.0,14.5
24766,40111,17952,2.0,0.0,4.7
24767,40119,24534,2.0,0.0,15.0
24768,40123,40124,9.5,4.5,21.1
24769,40125,40126,2.333,1.333,5.0
24770,40127,40128,5.333,1.333,17.2
24771,40129,40202,2.0,0.0,7.2
24772,40129,18034,2.5,0.5,19.3
24773,40133,40124,13.0,0.0,19.2
24774,40135,40122,5.0,2.0,9.2
24775,40149,32536,2.667,0.333,16.9
24776,40157,17998,1.5,0.5,4.7
24777,40169,18006,1.5,0.333,4.7
24778,40173,340,5.5,40.5,2.9
24779,40175,40176,1.066,0.062,13.2
24780,40177,40178,1.175,0.189,13.1
24781,40177,29918,12.0,0.0,3.5
24782,40179,25892,2.913,0.356,19.6
24783,40179,25862,5.444,0.783,60.2
24784,40181,29930,1.3,0.233,6.6
24785,40181,32712,3.3,1.134,31.5
24786,40183,38542,3.029,0.97,19.2
24787,40185,40186,1.033,0.033,6.7
24788,40187,33652,2.0,0.042,17.8
24789,40193,40218,1.733,0.202,6.3
24790,40193,36088,5.015,0.507,28.7
24791,40199,26102,1.333,0.333,7.3
24792,40201,21556,2.333,0.333,16.4
24793,40201,17970,2.4,0.3,17.1
24794,40201,40202,1.057,0.055,13.0
24795,40203,40204,1.13,0.119,9.7
24796,40205,40206,1.269,0.205,10.5
24797,40207,40208,1.05,0.05,6.3
24798,40207,32922,2.5,4.5,2.7
24799,40211,40212,1.095,0.088,14.6
24800,40213,40200,4.0,1.487,38.2
24801,40213,40198,3.333,2.333,31.3
24802,40215,20832,1.949,0.221,24.6
24803,40217,25940,1.925,0.145,24.5
24804,40219,7720,1.143,0.143,8.8
24805,40219,33928,1.478,0.265,18.1
24806,40221,38388,1.115,0.102,12.6
24807,40223,40438,1.472,0.251,8.1
24808,40223,40436,2.403,0.358,30.1
24809,40223,40442,4.267,1.067,34.8
24810,40227,32794,1.867,0.124,16.4
24811,40283,18110,1.667,0.333,4.7
24812,40309,8860,2.0,0.0,12.6
24813,40319,39974,2.0,0.0,10.0
24814,40331,40332,2.0,0.0,9.8
24815,40333,40334,3.0,0.0,13.2
24816,40333,18160,1.5,0.5,4.7
24817,40341,40342,2.0,0.0,8.8
24818,40343,13416,3.0,0.0,14.4
24819,40351,40352,4.0,0.0,14.4
24820,40351,18178,2.0,0.0,4.7
24821,40367,40368,3.0,0.0,14.8
24822,40369,18196,2.0,0.0,4.7
24823,40381,11314,2.667,0.25,15.7
24824,40383,18210,1.615,0.256,4.7
24825,40385,18212,1.75,0.25,4.7
24826,40387,18214,2.0,0.0,4.7
24827,40389,18216,1.333,0.333,4.7
24828,40391,18218,1.667,0.333,4.7
24829,40393,18220,2.0,0.0,4.7
24830,40399,18226,2.0,2.0,4.7
24831,40405,18232,2.0,0.0,4.7
24832,40411,18250,2.5,0.333,14.1
24833,40417,40418,3.333,1.467,14.2
24834,40419,11254,3.455,0.673,16.0
24835,40423,18240,1.5,0.333,7.9
24836,40423,40424,3.5,0.5,12.9
24837,40425,40426,4.0,0.0,14.2
24838,40427,18236,3.0,0.0,9.1
24839,40427,40428,3.0,0.0,14.5
24840,40429,18234,2.0,0.0,9.0
24841,40435,40442,4.115,0.87,42.0
24842,40435,40440,3.865,22.141,16.1
24843,40437,37632,1.403,0.248,18.0
24844,40439,16962,2.2,0.274,12.3
24845,40439,24130,1.483,0.282,17.9
24846,40441,40220,6.861,3.999,28.6
24847,40441,23802,3.838,0.751,36.4
24848,40455,41246,1.333,0.333,9.1
24849,40457,32666,2.333,0.242,18.8
24850,40457,39250,2.012,0.459,22.0
24851,40461,21198,2.0,0.0,14.2
24852,40463,10220,3.0,0.0,14.2
24853,40465,24194,3.0,0.0,14.2
24854,40467,37780,3.0,0.0,8.8
24855,40483,40484,3.0,0.0,14.5
24856,40485,40486,3.0,0.0,14.5
24857,40493,18300,2.5,0.5,10.2
24858,40501,40502,3.0,0.0,13.9
24859,40503,40504,3.0,0.0,14.5
24860,40513,40514,3.0,2.0,14.6
24861,40513,40510,3.5,0.5,14.4
24862,40515,18324,1.5,0.5,4.7
24863,40519,18334,2.0,0.0,9.0
24864,40519,40520,2.5,0.333,14.4
24865,40521,40522,3.0,0.0,14.2
24866,40521,18330,1.5,0.333,4.7
24867,40523,18332,2.0,0.0,5.0
24868,40549,18358,1.2,0.2,4.7
24869,40551,40552,1.889,0.111,9.5
24870,40551,40548,2.0,0.0,12.3
24871,40553,10548,2.348,0.237,13.7
24872,40557,18366,2.0,0.0,4.7
24873,40563,18372,2.0,0.0,4.7
24874,40569,18754,1.5,0.333,9.7
24875,40575,40576,2.5,0.5,12.9
24876,40577,18386,1.5,0.333,4.7
24877,40581,40582,2.5,0.5,15.2
24878,40581,13686,3.0,0.0,14.1
24879,40583,40584,3.0,0.0,13.0
24880,40585,40586,2.0,0.0,13.2
24881,40587,40588,3.0,0.0,14.7
24882,40589,40590,3.0,0.0,14.6
24883,40591,40592,2.0,0.0,14.4
24884,40599,37160,2.0,0.0,9.1
24885,40601,12914,2.667,0.333,14.7
24886,40605,40608,2.0,0.0,11.3
24887,40607,40608,2.0,0.0,9.2
24888,40609,14792,1.333,0.333,8.1
24889,40613,40614,3.0,0.0,14.4
24890,40615,34258,2.0,0.0,9.0
24891,40635,40636,2.909,0.372,13.5
24892,40635,21052,3.0,0.0,14.6
24893,40635,18444,1.75,0.205,4.7
24894,40637,18450,2.333,0.232,11.2
24895,40645,40646,3.0,0.0,14.6
24896,40651,1250,3.0,0.0,13.8
24897,40653,1268,2.0,0.0,9.0
24898,40655,21060,2.0,0.0,9.0
24899,40655,18464,2.0,0.0,4.7
24900,40659,32794,2.172,0.219,16.9
24901,40665,40656,1.231,0.192,9.2
24902,40669,40672,2.0,0.239,9.3
24903,40669,40680,2.568,0.714,25.8
24904,40671,40680,2.143,0.476,17.2
24905,40671,40684,3.675,0.541,26.1
24906,40673,19592,1.168,2.588,7.3
24907,40675,40676,1.79,12.442,11.8
24908,40677,40678,2.023,0.731,20.9
24909,40677,1470,3.0,1.2,24.3
24910,40677,22574,3.636,0.255,19.4
24911,40679,20254,6.037,413.02,5.4
24912,40681,40682,1.022,0.03,10.2
24913,40683,18488,4.077,0.773,47.9
24914,40683,36402,3.0,2.0,16.8
24915,40685,16522,1.176,1.789,1.5
24916,40689,18492,2.0,0.0,4.7
24917,40693,40694,2.0,0.0,12.2
24918,40693,40690,3.0,0.0,13.9
24919,40695,40696,3.0,0.0,14.1
24920,40695,18498,2.0,0.0,4.9
24921,40697,40698,2.0,0.0,8.2
24922,40703,40704,3.0,0.0,13.4
24923,40703,18504,2.667,0.333,13.4
24924,40703,18506,2.0,1.0,4.7
24925,40705,18508,2.0,0.0,4.7
24926,40717,18520,1.6,0.3,4.7
24927,40721,40722,2.5,0.5,13.5
24928,40721,18524,2.0,0.0,4.7
24929,40723,18526,1.667,0.267,4.7
24930,40725,18528,1.4,0.3,4.7
24931,40727,18530,2.0,0.0,4.7
24932,40731,18534,1.5,0.5,4.7
24933,40733,18536,1.5,0.5,4.7
24934,40739,18546,2.5,0.5,14.1
24935,40741,18558,1.5,0.5,9.2
24936,40741,40742,3.333,0.333,14.6
24937,40743,18542,2.0,0.0,8.6
24938,40755,18544,3.167,0.167,16.2
24939,40759,18562,2.0,0.0,4.7
24940,40767,18570,2.0,0.0,4.7
24941,40779,40780,3.0,0.0,15.6
24942,40779,18582,2.0,0.0,4.7
24943,40781,40774,2.0,0.0,8.9
24944,40781,40782,3.0,0.0,13.4
24945,40783,18586,2.0,0.0,4.7
24946,40785,18588,1.5,0.5,4.7
24947,40787,18590,2.0,0.0,4.7
24948,40793,40794,2.996,212.713,14.2
24949,40795,40684,2.674,0.438,27.7
24950,40795,40672,23.571,496.286,13.6
24951,40797,36840,1.183,0.152,5.0
24952,40797,40800,5.0,0.5,33.2
24953,40797,21832,3.121,0.607,18.0
24954,40801,13474,1.875,0.125,12.7
24955,40801,40802,7.0,0.0,1.6
24956,40803,36840,2.667,2.27,9.8
24957,40807,40812,3.0,0.0,14.3
24958,40813,22838,2.333,0.333,12.6
24959,40819,40820,3.0,0.667,14.6
24960,40821,22846,2.571,0.286,18.4
24961,40823,18614,2.0,0.0,4.7
24962,40827,10376,3.0,0.0,13.6
24963,40831,18620,2.0,0.0,9.0
24964,40831,40832,4.0,0.0,14.4
24965,40837,40834,1.5,0.5,9.4
24966,40837,40838,4.0,0.0,14.4
24967,40841,34420,2.3,0.233,17.6
24968,40841,40842,2.406,14.586,25.4
24969,40843,23798,1.661,22.275,8.2
24970,40845,19034,2.545,0.273,17.0
24971,40845,40846,1.986,0.191,25.4
24972,40849,40850,1.031,0.047,6.9
24973,40851,18634,1.451,0.27,4.7
24974,40853,18636,1.333,0.333,4.7
24975,40859,18642,2.0,0.0,4.7
24976,40861,40862,3.0,0.0,14.4
24977,40861,18644,2.0,0.0,4.7
24978,40863,40864,3.0,0.0,14.4
24979,40867,18650,2.0,0.0,4.7
24980,40875,18658,2.0,0.0,4.7
24981,40877,40874,3.0,0.0,14.1
24982,40901,18684,1.5,0.5,4.7
24983,40905,14386,2.0,0.0,7.7
24984,40913,18696,1.333,0.333,4.7
24985,40927,30096,2.0,0.0,12.5
24986,40931,18714,2.0,0.0,4.7
24987,40933,18716,1.333,0.267,4.7
24988,40935,40936,3.0,0.0,14.4
24989,40935,40932,3.0,0.667,14.6
24990,40935,18718,2.0,0.0,4.7
24991,40941,40954,3.0,0.0,14.6
24992,40943,40956,3.0,0.0,14.4
24993,40945,40954,2.5,0.5,12.7
24994,40947,40948,3.0,0.667,14.7
24995,40947,40942,3.5,0.5,14.5
24996,40949,40940,2.0,0.0,14.4
24997,40951,40952,3.0,1.0,13.2
24998,40953,40954,3.25,0.917,17.9
24999,40955,40956,2.2,0.2,10.8
25000,40957,11230,1.455,0.273,7.7
25001,40965,18748,2.0,0.0,4.7
25002,40971,40972,1.667,0.333,12.4
25003,40973,40562,2.0,0.0,8.1
25004,40973,40974,1.5,0.333,10.5
25005,40977,25494,1.333,0.333,9.4
25006,40977,5094,2.0,0.0,14.2
25007,40979,2514,3.333,0.333,14.2
25008,40983,40984,3.0,0.0,14.9
25009,40985,29270,1.5,0.5,8.1
25010,40999,40994,3.333,0.267,15.5
25011,41003,18804,2.0,0.0,7.5
25012,41003,41022,2.25,0.25,13.2
25013,41005,18808,2.0,0.0,9.1
25014,41007,41002,1.857,0.143,8.8
25015,41009,41004,3.0,0.0,14.2
25016,41015,18798,1.5,0.5,4.7
25017,41017,41018,2.0,0.0,10.6
25018,41019,41014,1.75,0.25,7.4
25019,41019,18802,2.0,0.0,4.7
25020,41023,18806,1.75,0.25,4.7
25021,41025,41026,2.667,0.353,13.7
25022,41027,41028,2.929,0.225,13.8
25023,41027,18794,3.0,0.0,13.8
25024,41029,41030,2.6,0.3,14.4
25025,41029,41006,2.889,0.111,14.4
25026,41031,41032,3.0,0.0,14.0
25027,41031,41016,2.25,0.25,12.7
25028,41039,18822,2.0,0.0,4.7
25029,41045,7188,2.0,0.0,17.3
25030,41049,27736,2.75,0.25,17.8
25031,41051,35832,3.0,0.0,17.2
25032,41053,41050,2.0,0.0,9.0
25033,41057,18840,2.0,0.0,4.7
25034,41063,41060,2.0,0.0,12.3
25035,41067,41068,3.5,0.5,13.8
25036,41067,18850,1.5,0.5,4.7
25037,41075,37216,2.0,0.0,6.9
25038,41077,18860,2.0,0.0,4.7
25039,41079,18862,1.667,0.333,4.7
25040,41085,18868,2.0,0.0,4.7
25041,41097,18880,1.571,0.286,4.7
25042,41099,18882,2.0,0.0,4.7
25043,41101,41102,3.0,0.0,14.2
25044,41103,41104,3.333,0.267,15.4
25045,41105,41106,3.125,0.411,15.2
25046,41107,8476,1.875,0.125,11.1
25047,41109,18892,2.0,0.0,4.7
25048,41139,41140,3.0,0.0,14.3
25049,41151,32220,3.0,0.0,14.6
25050,41159,25854,3.0,0.0,14.4
25051,41165,41166,3.0,0.0,14.4
25052,41167,41158,3.0,0.0,14.7
25053,41169,18952,2.0,0.0,4.7
25054,41179,18962,1.25,0.25,4.7
25055,41181,18964,2.0,0.0,4.7
25056,41189,41184,2.0,0.0,8.9
25057,41189,41190,2.0,0.0,13.9
25058,41191,29582,3.0,0.0,19.2
25059,41191,8920,3.0,0.0,20.6
25060,41193,41188,3.0,1.0,13.8
25061,41201,18984,2.0,0.0,4.7
25062,41205,18988,1.5,0.5,4.7
25063,41219,19002,1.25,0.214,4.7
25064,41229,41230,1.359,0.236,10.2
25065,41231,41232,1.925,0.174,13.6
25066,41233,41234,1.986,0.243,14.3
25067,41235,41236,1.239,0.185,11.0
25068,41237,26358,2.0,0.0,9.8
25069,41237,41238,1.563,0.249,11.2
25070,41239,41240,1.767,0.181,12.9
25071,41241,34420,5.214,0.335,37.6
25072,41241,40842,4.033,1.253,32.1
25073,41245,32262,1.667,0.333,11.2
25074,41245,37724,1.5,0.5,13.4
25075,41247,31720,2.833,0.567,15.8
25076,41251,570,2.0,0.0,9.5
25077,41251,41252,2.111,0.111,14.6
25078,41253,41254,2.0,0.333,14.5
25079,41257,41270,1.714,0.238,9.5
25080,41261,24534,2.0,0.0,17.7
25081,41263,41264,1.1,0.1,4.5
25082,41267,41268,1.2,0.178,9.8
25083,41269,38208,1.111,0.111,9.5
25084,41269,32132,2.0,0.0,14.5
25085,41271,38214,1.111,0.111,6.8
25086,41271,41262,1.273,0.218,7.1
25087,41273,26454,1.857,0.143,14.4
25088,41275,41276,3.0,0.0,16.3
25089,41277,41278,3.0,0.0,18.5
25090,41279,41280,2.0,0.0,17.7
25091,41291,17362,6.0,0.0,49.3
25092,41299,21260,2.5,0.5,19.1
25093,41303,41304,2.0,0.0,10.4
25094,41305,16050,2.833,0.167,10.0
25095,41313,19118,1.8,0.2,9.4
25096,41313,41314,3.571,0.619,17.1
25097,41313,19110,3.0,0.0,15.1
25098,41315,19116,2.0,0.0,9.0
25099,41315,41316,3.0,0.5,14.4
25100,41319,19100,2.0,0.0,4.7
25101,41323,41324,2.0,0.0,7.7
25102,41333,41334,1.667,0.333,9.0
25103,41335,19096,2.667,0.333,14.3
25104,41337,19094,3.0,0.0,14.0
25105,41341,41346,2.0,0.0,9.4
25106,41361,41362,1.118,0.11,7.8
25107,41365,33482,1.167,0.147,7.7
25108,41367,41368,1.091,0.107,10.7
25109,41369,41370,8.147,1725.948,19.0
25110,41371,39340,2.103,0.535,22.0
25111,41371,39336,4.0,21.176,4.5
25112,41373,19146,2.0,0.0,4.7
25113,41381,41382,3.0,0.0,14.4
25114,41383,41384,3.545,0.273,15.2
25115,41385,4120,3.444,0.333,19.8
25116,41391,1208,3.0,0.0,8.3
25117,41395,41396,1.061,0.059,13.1
25118,41397,41398,1.062,0.06,12.4
25119,41401,41402,1.062,0.06,13.4
25120,41407,33364,2.091,0.091,21.1
25121,41409,41410,1.082,0.077,4.0
25122,41411,34058,5.248,76.327,16.3
25123,41411,4220,3.333,10.267,3.6
25124,41423,7076,2.167,0.167,12.9
25125,41427,37722,1.5,0.5,14.4
25126,41427,32134,2.0,0.0,14.2
25127,41431,32130,2.0,0.0,9.1
25128,41433,20666,2.0,0.0,9.0
25129,41433,24200,2.0,0.0,13.4
25130,41439,38226,2.5,0.5,12.9
25131,41443,19046,2.0,0.0,14.2
25132,41449,41450,2.25,0.25,11.3
25133,41451,41456,2.333,0.333,11.4
25134,41455,12558,1.125,0.125,7.5
25135,41457,19196,1.667,0.333,6.1
25136,41465,41466,2.0,0.0,14.4
25137,41469,41492,1.5,0.5,7.4
25138,41471,19298,2.5,0.5,14.4
25139,41477,41484,3.0,2.0,14.2
25140,41481,30518,2.0,0.0,9.0
25141,41485,30508,3.0,0.0,12.0
25142,41487,41468,2.0,0.0,8.6
25143,41493,9788,3.5,0.5,14.5
25144,41497,76,2.333,0.333,9.2
25145,41501,41502,1.5,0.5,5.7
25146,41503,19262,2.0,0.0,4.7
25147,41507,41508,1.345,0.234,9.5
25148,41509,23738,2.483,8.687,11.8
25149,41513,41498,3.0,0.0,14.8
25150,41517,19268,2.0,0.0,10.3
25151,41521,19282,2.0,0.0,4.7
25152,41525,41824,1.874,0.256,28.2
25153,41527,41528,3.0,0.0,14.5
25154,41533,41534,3.0,0.0,14.9
25155,41535,19296,2.0,0.0,4.7
25156,41545,19702,1.064,0.061,21.2
25157,41553,19312,2.0,0.0,9.1
25158,41555,41556,3.333,0.333,14.6
25159,41555,19310,3.5,0.5,15.3
25160,41557,41558,4.0,0.0,15.8
25161,41557,3534,3.0,0.0,15.4
25162,41561,41562,2.5,0.5,14.5
25163,41563,41564,3.5,0.5,14.4
25164,41567,41574,3.5,0.5,13.2
25165,41573,41554,3.0,0.4,14.2
25166,41573,19332,3.25,0.917,16.2
25167,41575,19330,3.5,0.5,16.2
25168,41577,41464,2.0,0.0,9.1
25169,41577,41578,3.0,0.8,14.4
25170,41577,19334,2.0,0.0,4.7
25171,41579,41480,2.0,0.0,9.1
25172,41579,41580,3.5,0.5,14.4
25173,41581,41460,2.5,0.5,9.0
25174,41589,112,2.172,0.148,21.5
25175,41593,34292,3.0,2.0,8.5
25176,41595,16558,3.333,0.333,14.3
25177,41603,41604,3.0,0.0,14.4
25178,41605,9742,2.667,0.667,14.8
25179,41607,34280,2.0,0.0,9.1
25180,41611,33952,1.667,0.333,9.0
25181,41655,33666,2.5,0.5,19.7
25182,41655,12398,3.0,0.0,20.9
25183,41659,41660,1.833,0.167,15.4
25184,41661,38148,2.0,0.0,16.0
25185,41665,41666,2.0,0.0,14.3
25186,41669,41670,2.0,0.0,14.4
25187,41671,41672,1.25,0.25,10.4
25188,41673,41674,1.375,0.268,10.8
25189,41675,28244,2.0,0.0,8.7
25190,41675,41676,1.143,0.143,11.0
25191,41677,7670,2.0,0.0,8.6
25192,41677,41658,1.143,0.143,10.9
25193,41679,15348,1.5,0.5,9.4
25194,41679,41680,3.0,0.0,14.4
25195,41685,19432,2.0,0.0,4.7
25196,41689,162,1.286,0.238,8.8
25197,41691,19436,1.5,0.5,4.7
25198,41693,2134,2.0,0.0,4.7
25199,41699,41700,1.094,0.085,13.8
25200,41703,36018,1.042,0.041,4.0
25201,41707,41708,1.088,0.081,12.5
25202,41707,10298,3.333,13.067,3.2
25203,41709,41710,2.069,0.258,24.7
25204,41709,10282,1.25,0.25,7.5
25205,41711,41712,1.868,0.193,22.5
25206,41711,31590,9.6,82.3,7.0
25207,41713,41714,1.234,0.188,14.2
25208,41715,41696,1.93,0.448,13.6
25209,41717,41718,1.069,0.065,13.4
25210,41731,34104,1.357,0.247,7.8
25211,41731,41732,2.0,0.0,12.9
25212,41733,41734,2.75,0.25,14.5
25213,41733,1992,2.8,0.2,14.4
25214,41751,41752,4.0,0.0,18.6
25215,41751,29982,3.5,0.5,17.1
25216,41753,41722,3.0,0.0,12.2
25217,41753,1988,3.333,0.333,15.2
25218,41755,41756,1.5,0.273,6.7
25219,41757,38286,1.333,0.242,6.6
25220,41761,14540,2.0,0.0,9.2
25221,41761,37242,5.857,1.81,29.6
25222,41765,11666,1.05,0.05,5.6
25223,41779,19514,2.0,0.0,4.7
25224,41781,19514,2.2,0.2,15.9
25225,41781,12960,2.0,0.0,15.2
25226,41785,17204,1.556,0.278,13.3
25227,41799,19528,3.0,4.0,1.4
25228,41803,876,1.6,0.3,13.6
25229,41805,24386,2.344,1.588,15.2
25230,41807,41808,1.333,0.333,8.1
25231,41815,41806,1.667,0.333,11.8
25232,41819,19544,1.333,0.267,4.7
25233,41827,41522,3.671,1.1,33.9
25234,41827,24576,7.0,0.0,37.1
25235,41827,17264,4.429,1.357,35.8
25236,41829,39392,2.0,0.0,15.7
25237,41829,37716,3.0,0.0,16.0
25238,41833,39044,2.0,0.0,8.1
25239,41837,38896,2.0,0.0,11.5
25240,41839,39170,1.579,0.48,13.1
25241,41841,19556,1.503,0.53,13.4
25242,41843,19554,1.118,0.105,13.7
25243,41845,41846,1.036,0.036,5.2
25244,41847,19554,1.351,0.345,13.2
25245,41849,37466,3.358,0.619,18.7
25246,41851,12396,1.947,0.455,12.2
25247,41853,37674,4.126,0.834,44.6
25248,41853,2300,5.333,0.533,44.7
25249,41853,31796,3.0,0.0,15.3
25250,41855,35788,1.5,0.5,11.6
25251,41857,4884,2.329,0.783,23.9
25252,41859,23838,3.005,0.91,29.3
25253,41861,19562,1.25,0.25,4.7
25254,41863,9998,3.509,1.075,33.0
25255,41863,41872,5.667,20.333,8.8
25256,41865,27788,1.294,0.214,5.2
25257,41865,41862,1.574,0.527,14.8
25258,41871,37470,5.8,2.7,55.9
25259,41871,9998,8.0,0.0,7.2
25260,41873,41870,3.4,0.3,10.8
25261,41875,41876,1.269,0.198,16.0
25262,41877,41864,2.474,0.31,12.1
25263,41879,2092,1.5,0.5,9.0
25264,41885,4374,2.0,0.0,9.1
25265,41889,29942,2.667,0.333,16.9
25266,41891,40438,3.748,0.809,35.6
25267,41893,37632,2.296,0.435,17.1
25268,41895,37700,2.647,0.743,19.0
25269,41897,25552,1.333,0.333,7.1
25270,41897,5434,2.909,0.753,22.1
25271,41901,25864,1.769,0.526,14.1
25272,41903,31328,3.25,0.303,21.3
25273,41903,10464,2.333,0.333,13.9
25274,41903,35776,2.278,0.212,14.5
25275,41907,38998,1.696,0.397,10.5
25276,41909,38798,1.016,0.016,11.8
25277,41913,20694,2.0,0.0,14.2
25278,41919,14030,2.5,0.5,11.2
25279,41921,41922,1.347,0.23,9.4
25280,41923,20430,1.042,0.04,7.7
25281,41925,41926,1.333,0.333,9.1
25282,41927,35616,3.0,2.0,24.1
25283,41929,2912,2.095,0.09,15.4
25284,41935,29926,2.308,16.529,17.9
25285,41937,27592,1.15,0.128,12.2
25286,41939,25370,1.512,0.261,14.5
25287,41941,19144,2.289,0.482,20.6
25288,41943,11148,2.333,0.242,13.7
25289,41943,22634,2.475,0.687,18.1
25290,41949,32038,3.401,1.257,31.8
