,from_node,to_node,edge_tt,edge_var,distance
0,14,15,4.0,0.615,50.99
1,16,17,8.571,0.725,101.05
2,18,19,7.0,0.0,41.6
3,42,43,6.0,0.4,42.99
4,44,45,3.0,0.0,18.6
5,82,83,4.0,0.0,48.69
6,94,95,32.0,0.0,13.91
7,98,99,8.13,0.482,128.51
8,104,105,1.167,0.152,22.63
9,108,109,15.312,110.229,30.71
10,110,111,8.143,0.476,100.46
11,112,113,5.143,0.143,62.66
12,114,115,29.333,1026.333,40.52
13,118,119,1.667,0.333,19.0
14,120,121,3.5,0.333,21.47
15,122,123,4.75,0.25,58.42
16,124,125,2.5,0.333,31.48
17,126,127,4.25,0.25,54.49
18,136,137,15.0,0.0,28.17
19,150,151,3.0,0.0,28.86
20,160,161,4.571,0.619,80.97
21,162,163,13.5,0.3,250.33
22,200,201,7.5,0.455,159.67
23,202,203,11.5,0.5,77.67
24,206,207,9.818,22.764,56.26
25,224,225,6.333,0.333,36.69
26,228,229,5.667,2.333,21.62
27,230,231,1.667,0.333,6.4
28,264,265,19.7,745.567,6.31
29,266,267,1.5,0.5,4.23
30,298,299,2.0,0.0,11.25
31,300,301,17.0,0.0,102.96
32,302,303,3.0,0.0,19.16
33,304,305,3.0,0.0,20.18
34,306,307,6.0,0.0,36.83
35,310,311,2.0,0.0,9.19
36,312,313,8.0,0.0,46.08
37,332,333,10.897,1.096,133.91
38,360,361,3.0,0.0,41.81
39,362,363,1.5,0.5,21.87
40,402,403,13.5,4.5,170.52
41,404,405,19.5,24.5,281.09
42,406,407,11.0,0.0,416.58
43,432,433,9.5,0.5,124.22
44,478,479,4.0,0.0,17.51
45,494,495,3.333,0.333,54.03
46,496,497,2.0,0.0,48.35
47,498,499,5.667,0.333,126.35
48,502,503,5.0,0.0,60.86
49,506,507,223.667,433.333,1088.11
50,592,593,7.412,1.132,157.69
51,596,597,3.0,0.0,43.68
52,622,623,10.0,0.0,56.67
53,628,629,49.125,3881.554,85.11
54,630,631,1.6,0.257,10.81
55,634,635,39.0,0.0,196.59
56,638,639,151.667,201.0,689.29
57,640,641,22.0,0.0,117.06
58,642,643,7.0,0.0,100.7
59,656,657,22.167,4.967,102.28
60,658,659,22.429,4.952,105.41
61,660,661,3.875,0.411,17.58
62,666,667,7.0,0.636,110.74
63,722,723,170.0,0.0,866.53
64,726,727,51.5,4.5,252.87
65,728,729,17.25,0.917,85.98
66,734,735,22.0,0.0,120.42
67,736,737,32.0,0.0,156.67
68,738,739,7.214,2.335,99.76
69,740,741,2.0,0.2,25.29
70,742,743,16.0,242.364,39.07
71,748,749,15.364,1.655,186.97
72,750,751,5.167,0.152,62.58
73,806,807,6.0,0.0,30.61
74,848,849,5.0,0.0,28.87
75,854,855,8.0,0.0,30.61
76,870,871,9.0,0.0,67.04
77,880,881,7.455,118.069,47.81
78,1022,1023,2.0,0.0,10.91
79,1050,1051,1.333,0.25,17.3
80,1052,1053,2.778,0.194,35.82
81,1054,1055,2.182,0.364,29.69
82,1056,1057,19.7,268.011,22.2
83,1166,1167,8.5,0.5,45.02
84,1202,1203,21.0,0.0,108.53
85,1216,1217,3.867,0.552,50.47
86,1218,1219,4.8,31.029,29.15
87,1220,1221,2.6,0.4,31.44
88,1222,1223,5.133,0.981,65.62
89,1224,1225,3.067,0.067,39.29
90,1228,1229,67.0,50.0,142.94
91,1238,1239,68.0,648.0,83.74
92,1240,1241,77.0,0.0,162.24
93,1254,1255,25.0,8.0,118.28
94,1294,1295,7.0,0.0,33.71
95,1304,1305,2.0,0.0,8.53
96,1310,1311,4.0,0.0,18.38
97,1322,1323,5.0,0.0,21.62
98,1352,1353,22.5,12.5,260.94
99,1408,1409,3.333,0.333,13.65
100,1416,1417,4.5,0.5,32.93
101,1420,1421,13.0,0.0,96.84
102,1424,1425,3.0,0.0,25.73
103,1426,1427,40.0,0.0,217.33
104,1428,1429,16.75,2.6,216.65
105,1430,1431,12.714,4.527,139.44
106,1432,1433,5.4,0.4,70.26
107,1434,1435,4.867,0.552,61.02
108,1436,1437,5.636,0.338,61.49
109,1438,1439,4.5,0.262,51.93
110,1440,1441,3.957,0.134,45.48
111,1444,1445,1.304,0.221,16.04
112,1458,1459,17.0,0.0,39.29
113,1460,1461,26.0,0.0,66.63
114,1472,1473,55.0,0.0,18.08
115,1500,1501,10.421,21.368,154.58
116,1502,1503,2.105,0.099,50.04
117,1526,1527,2.0,0.0,25.81
118,1528,1529,1.6,0.3,15.45
119,1554,1555,4.0,0.0,16.76
120,1586,1587,2.0,0.0,14.24
121,1588,1589,4.0,0.0,44.45
122,1590,1591,3.0,0.0,43.15
123,1592,1593,7.0,0.0,87.25
124,1600,1601,4.545,1.022,54.16
125,1602,1603,8.5,1.405,104.49
126,1606,1607,7.7,1.063,96.18
127,1608,1609,7.25,2.197,90.09
128,1610,1611,6.412,0.632,76.59
129,1616,1617,6.88,0.777,89.18
130,1620,1621,1.583,0.265,21.93
131,1622,1623,5.0,0.0,30.04
132,1646,1647,1.667,0.333,18.51
133,1648,1649,11.333,4.333,145.56
134,1650,1651,7.2,1.2,81.08
135,1654,1655,8.0,0.0,39.52
136,1658,1659,2.0,0.0,24.53
137,1662,1663,9.5,0.5,121.31
138,1664,1665,7.333,0.333,85.38
139,1666,1667,2.0,0.0,7.52
140,1668,1669,5.0,0.0,34.72
141,1670,1671,7.0,1.0,50.69
142,1682,1683,8.5,0.5,66.87
143,1694,1695,2.684,0.339,54.28
144,1704,1705,16.308,398.397,16.48
145,1706,1707,7.692,289.897,14.72
146,1708,1709,21.0,0.0,97.69
147,1710,1711,7.0,0.0,44.26
148,1738,1739,7.0,0.0,40.48
149,1804,1805,5.0,0.0,23.41
150,1828,1829,10.0,0.0,26.07
151,1838,1839,7.0,0.0,63.92
152,1840,1841,11.0,0.0,86.62
153,1852,1853,3.0,0.0,27.43
154,1854,1855,12.5,0.5,100.68
155,1856,1857,3.0,0.0,25.15
156,1866,1867,4.5,0.5,35.11
157,1872,1873,5.0,0.0,35.81
158,1874,1875,3.0,0.0,23.78
159,1876,1877,2.0,0.0,20.3
160,1878,1879,3.0,0.0,19.66
161,1880,1881,3.0,0.0,26.13
162,1882,1883,2.0,0.0,15.0
163,1896,1897,11.0,0.0,26.63
164,1898,1899,6.0,0.0,16.01
165,1912,1913,7.0,0.0,108.21
166,1918,1919,12.0,0.0,191.19
167,1928,1929,20.0,0.0,52.01
168,1930,1931,23.0,2.0,54.0
169,1938,1939,8.0,1.0,102.05
170,1940,1941,10.75,2.25,131.49
171,1942,1943,3.75,0.25,43.62
172,1944,1945,1.8,0.2,20.15
173,1946,1947,1.2,0.2,11.68
174,1950,1951,16.0,0.0,41.59
175,2006,2007,64.0,0.0,383.7
176,2010,2011,7.909,1.691,95.45
177,2012,2013,11.182,3.564,138.42
178,2016,2017,8.4,7.6,97.1
179,2018,2019,3.778,0.444,45.29
180,2020,2021,1.444,0.278,18.69
181,2022,2023,5.778,0.444,71.13
182,2024,2025,2.0,0.75,23.9
183,2028,2029,9.0,0.0,68.3
184,2030,2031,4.0,0.0,31.72
185,2032,2033,9.0,2.0,68.41
186,2060,2061,5.2,1.2,9.38
187,2062,2063,16.2,2.7,31.6
188,2064,2065,12.5,24.5,26.51
189,2080,2081,23.0,0.0,8.44
190,2082,2083,4.0,0.0,22.47
191,2084,2085,3.0,0.0,13.98
192,2086,2087,14.273,19.018,27.41
193,2088,2089,3.909,7.891,28.15
194,2090,2091,3.545,1.873,40.76
195,2092,2093,4.462,22.103,33.11
196,2098,2099,27.0,0.0,59.22
197,2130,2131,2.25,0.25,15.04
198,2148,2149,3.5,0.333,46.21
199,2150,2151,12.6,142.779,92.59
200,2158,2159,1.647,0.243,21.71
201,2162,2163,2.222,0.194,31.1
202,2164,2165,2.105,0.099,27.68
203,2168,2169,2.111,0.111,29.55
204,2170,2171,5.0,0.286,65.18
205,2172,2173,1.632,0.246,21.11
206,2174,2175,1.789,0.175,22.19
207,2176,2177,1.111,0.105,14.56
208,2190,2191,4.744,14.038,48.33
209,2192,2193,2.41,7.459,19.48
210,2194,2195,5.343,81.644,10.69
211,2196,2197,9.59,62.09,50.72
212,2202,2203,2.0,0.0,26.36
213,2234,2235,7.0,0.0,39.06
214,2258,2259,3.0,0.0,18.22
215,2268,2269,26.0,0.0,119.47
216,2274,2275,40.0,1058.0,46.82
217,2276,2277,5.0,0.0,36.92
218,2318,2319,13.0,0.0,69.11
219,2326,2327,6.571,0.286,106.64
220,2366,2367,4.0,0.0,41.32
221,2368,2369,6.0,0.0,71.95
222,2370,2371,7.0,0.0,91.9
223,2372,2373,12.0,0.0,159.06
224,2374,2375,4.0,0.0,61.75
225,2376,2377,3.0,0.0,51.09
226,2378,2379,9.0,0.0,133.02
227,2380,2381,15.0,0.0,209.65
228,2382,2383,2.0,0.0,30.62
229,2384,2385,22.6,4.3,166.04
230,2386,2387,11.0,2.0,84.93
231,2388,2389,23.333,2.333,177.71
232,2390,2391,11.0,1.0,84.61
233,2392,2393,6.727,0.818,101.2
234,2394,2395,2.455,0.273,36.53
235,2396,2397,18.947,5.275,270.15
236,2448,2449,6.0,0.0,39.52
237,2458,2459,4.5,0.5,32.43
238,2460,2461,3.5,0.5,23.74
239,2462,2463,9.0,0.0,69.86
240,2466,2467,17.455,5.873,197.5
241,2468,2469,2.364,0.255,27.78
242,2470,2471,21.818,11.164,270.5
243,2472,2473,2.182,0.164,26.27
244,2474,2475,22.0,450.0,12.55
245,2476,2477,24.0,0.0,127.86
246,2492,2493,14.0,0.0,115.63
247,2496,2497,9.0,0.0,60.69
248,2498,2499,8.0,0.0,59.32
249,2500,2501,5.0,0.0,33.17
250,2510,2511,2.0,0.0,11.32
251,2518,2519,16.5,0.5,87.61
252,2532,2533,5.0,0.0,17.48
253,2536,2537,4.0,0.0,17.58
254,2538,2539,6.0,0.0,30.08
255,2540,2541,5.0,0.0,25.04
256,2558,2559,3.25,0.303,36.94
257,2560,2561,6.05,0.471,74.12
258,2598,2599,5.0,0.0,43.87
259,2600,2601,16.0,0.0,121.56
260,2614,2615,27.0,0.0,134.84
261,2618,2619,10.0,0.5,47.63
262,2620,2621,6.0,0.0,30.74
263,2626,2627,9.0,0.0,101.54
264,2632,2633,3.667,0.333,26.49
265,2636,2637,2.667,0.333,15.75
266,2640,2641,10.0,0.0,40.19
267,2642,2643,5.0,0.0,28.47
268,2652,2653,20.0,0.0,17.27
269,2654,2655,17.0,0.0,71.79
270,2656,2657,13.667,2.333,62.2
271,2664,2665,6.062,86.862,35.7
272,2666,2667,9.588,5.632,114.09
273,2668,2669,1.176,0.154,14.3
274,2676,2677,17.0,0.0,133.12
275,2704,2705,1.5,0.5,8.55
276,2706,2707,3.0,0.0,22.06
277,2728,2729,5.0,0.0,23.57
278,2732,2733,5.5,0.5,25.07
279,2738,2739,2.0,0.0,12.3
280,2762,2763,15.25,0.917,82.0
281,2782,2783,13.5,4.5,62.79
282,2796,2797,5.333,2.333,22.26
283,2798,2799,7.0,0.0,34.7
284,2800,2801,6.0,0.0,36.54
285,2810,2811,10.0,0.0,69.18
286,2812,2813,9.0,2.0,72.73
287,2818,2819,6.5,0.5,53.52
288,2820,2821,4.5,0.5,36.9
289,2826,2827,3.333,0.242,39.6
290,2828,2829,17.25,3.295,207.1
291,2830,2831,5.667,0.424,65.61
292,2844,2845,9.556,0.278,193.83
293,2848,2849,23.421,7.368,337.38
294,2850,2851,7.5,0.731,113.8
295,2852,2853,9.571,1.495,149.02
296,2854,2855,8.071,0.995,125.42
297,2856,2857,1.714,0.22,27.18
298,2858,2859,6.429,0.264,91.37
299,2892,2893,2.0,0.0,14.22
300,2904,2905,3.0,0.0,41.92
301,2906,2907,5.0,0.0,58.86
302,2908,2909,2.0,0.0,26.99
303,2912,2913,6.5,0.5,63.02
304,2920,2921,2.143,0.143,22.85
305,2934,2935,32.875,115.554,45.7
306,2952,2953,4.0,0.0,42.34
307,2954,2955,2.0,0.0,27.31
308,2958,2959,9.8,2.622,128.76
309,2960,2961,10.889,104.111,70.55
310,2962,2963,1.6,0.267,21.81
311,2964,2965,5.0,0.333,69.78
312,2974,2975,5.0,0.0,24.24
313,2976,2977,2.333,0.333,10.78
314,2978,2979,4.0,0.0,19.55
315,2988,2989,2.2,0.2,36.08
316,2990,2991,1.8,0.2,25.22
317,2992,2993,2.0,0.0,25.16
318,2994,2995,6.8,1.7,95.43
319,3018,3019,47.0,0.0,206.84
320,3046,3047,7.0,0.0,27.41
321,3048,3049,11.5,0.5,49.11
322,3112,3113,7.0,0.0,14.74
323,3130,3131,44.0,0.0,203.46
324,3142,3143,31.0,0.0,130.36
325,3144,3145,25.0,0.0,110.33
326,3146,3147,27.0,0.0,114.55
327,3234,3235,2.0,0.0,11.48
328,3242,3243,20.0,0.0,114.88
329,3246,3247,8.667,0.333,47.36
330,3274,3275,2.0,0.0,9.7
331,3280,3281,3.0,0.0,17.63
332,3302,3303,8.5,12.5,1.82
333,3304,3305,21.0,0.0,110.61
334,3310,3311,4.0,0.0,2.89
335,3344,3345,2.0,0.0,23.34
336,3346,3347,2.0,0.0,14.7
337,3350,3351,3.0,0.0,23.44
338,3352,3353,12.5,0.5,88.46
339,3354,3355,1.286,0.212,14.2
340,3366,3367,7.0,0.571,90.4
341,3368,3369,27.0,2.857,340.74
342,3386,3387,71.5,40.5,341.18
343,3388,3389,45.0,32.0,210.43
344,3390,3391,43.0,0.0,220.26
345,3394,3395,161.0,0.0,949.7
346,3396,3397,2.333,0.333,14.72
347,3398,3399,6.0,0.0,15.42
348,3402,3403,2.0,0.0,29.93
349,3420,3421,5.0,0.0,30.98
350,3428,3429,4.0,0.0,26.22
351,3434,3435,3.5,0.5,22.33
352,3436,3437,2.5,0.5,16.74
353,3444,3445,2.0,0.0,4.9
354,3448,3449,18.5,0.5,134.51
355,3458,3459,12.0,0.0,96.77
356,3460,3461,5.0,0.0,33.56
357,3462,3463,3.5,0.5,26.8
358,3488,3489,59.5,312.5,116.64
359,3508,3509,30.667,16.333,159.58
360,3512,3513,20.0,0.0,113.94
361,3546,3547,12.0,0.0,57.51
362,3548,3549,10.0,0.0,46.8
363,3562,3563,8.5,0.5,43.65
364,3568,3569,5.0,0.0,24.7
365,3590,3591,8.0,0.0,44.43
366,3592,3593,8.0,0.0,44.55
367,3602,3603,3.0,0.0,9.62
368,3610,3611,16.0,0.0,89.28
369,3612,3613,6.0,0.0,28.12
370,3616,3617,13.0,0.0,43.99
371,3618,3619,10.0,2.0,48.28
372,3628,3629,3.0,0.0,11.57
373,3630,3631,6.0,0.0,27.82
374,3632,3633,3.0,0.0,19.08
375,3634,3635,6.0,0.0,23.99
376,3636,3637,18.0,0.0,100.14
377,3638,3639,6.0,0.0,24.01
378,3642,3643,4.333,10.333,7.15
379,3650,3651,103.0,0.0,482.05
380,3652,3653,10.0,0.0,46.07
381,3654,3655,13.333,12.333,60.83
382,3656,3657,3.0,0.0,14.9
383,3674,3675,3.0,0.0,16.55
384,3682,3683,4.0,0.0,19.79
385,3698,3699,3.0,0.0,12.38
386,3702,3703,11.0,0.0,58.48
387,3714,3715,7.5,0.5,41.4
388,3720,3721,6.0,0.0,34.11
389,3724,3725,26.143,681.143,57.35
390,3726,3727,7.25,0.25,95.12
391,3728,3729,4.0,0.0,47.19
392,3730,3731,13.0,0.667,176.13
393,3732,3733,2.0,0.0,17.38
394,3734,3735,3.25,0.25,39.77
395,3746,3747,4.0,0.0,18.03
396,3748,3749,9.0,0.0,44.48
397,3750,3751,13.0,0.0,64.23
398,3752,3753,19.0,0.0,91.25
399,3764,3765,3.0,0.0,11.09
400,3788,3789,19.0,0.0,100.75
401,3792,3793,19.0,0.0,101.23
402,3798,3799,21.0,0.0,119.98
403,3802,3803,2.0,0.0,10.14
404,3898,3899,43.0,0.0,224.49
405,3904,3905,9.333,0.333,59.98
406,3906,3907,6.0,0.0,43.88
407,3908,3909,7.0,0.0,47.6
408,3918,3919,5.2,0.7,61.49
409,3924,3925,3.857,2.143,39.96
410,3932,3933,2.0,0.0,6.32
411,3948,3949,30.0,0.0,156.42
412,3956,3957,13.0,0.0,66.87
413,3976,3977,10.0,0.0,78.86
414,3978,3979,14.0,0.0,100.52
415,3984,3985,3.0,0.0,22.71
416,3986,3987,3.0,0.0,18.43
417,4030,4031,3.0,0.0,22.46
418,4032,4033,6.0,0.0,52.1
419,4106,4107,13.0,0.0,103.55
420,4108,4109,2.0,0.0,14.36
421,4116,4117,13.75,650.25,2.2
422,4118,4119,16.667,355.867,34.63
423,4122,4123,5.2,59.7,14.68
424,4124,4125,6.0,1.0,46.05
425,4126,4127,4.333,0.333,35.98
426,4128,4129,30.0,116.8,309.1
427,4130,4131,1.6,0.3,24.34
428,4136,4137,4.4,0.3,56.55
429,4138,4139,1.75,0.25,21.03
430,4140,4141,14.25,0.917,202.41
431,4142,4143,1.75,0.25,23.66
432,4144,4145,4.5,0.3,56.63
433,4146,4147,2.333,0.267,31.83
434,4152,4153,2.167,0.167,30.85
435,4154,4155,1.667,0.267,21.06
436,4156,4157,2.0,0.0,22.92
437,4158,4159,11.778,53.194,57.09
438,4160,4161,6.778,1.444,80.15
439,4162,4163,1.889,0.361,24.33
440,4164,4165,2.222,0.444,27.56
441,4166,4167,1.889,0.111,22.5
442,4168,4169,3.444,0.528,45.62
443,4170,4171,10.111,2.611,120.47
444,4172,4173,13.444,4.278,166.06
445,4174,4175,10.6,2.489,124.87
446,4216,4217,26.5,85.667,37.52
447,4218,4219,2.0,0.0,10.65
448,4222,4223,5.0,0.0,27.86
449,4242,4243,9.5,0.5,43.51
450,4248,4249,11.727,0.818,181.31
451,4260,4261,25.0,0.0,123.49
452,4338,4339,3.0,0.0,19.18
453,4340,4341,4.0,0.0,33.55
454,4354,4355,6.0,0.0,40.88
455,4364,4365,5.0,0.0,30.69
456,4376,4377,17.0,0.0,39.68
457,4388,4389,2.0,0.0,6.17
458,4400,4401,59.0,0.0,300.49
459,4402,4403,23.857,3.81,401.9
460,4414,4415,15.0,0.0,68.11
461,4432,4433,13.0,0.0,49.24
462,4434,4435,5.0,0.0,25.89
463,4458,4459,64.0,0.0,317.5
464,4486,4487,8.0,0.0,38.64
465,4488,4489,5.0,0.0,21.98
466,4490,4491,10.818,0.364,164.0
467,4492,4493,3.545,0.273,56.29
468,4496,4497,1.857,0.286,27.91
469,4498,4499,10.5,0.5,176.68
470,4518,4519,2.0,0.0,8.02
471,4520,4521,3.0,0.0,13.68
472,4528,4529,12.0,0.0,50.88
473,4532,4533,15.0,0.0,74.25
474,4542,4543,5.0,0.0,23.54
475,4544,4545,11.0,0.0,45.18
476,4552,4553,7.0,0.0,37.2
477,4590,4591,2.0,0.0,12.27
478,4592,4593,4.5,0.5,21.72
479,4620,4621,21.0,0.0,1.61
480,4634,4635,2.0,0.0,5.51
481,4692,4693,4.0,0.0,44.38
482,4696,4697,3.0,0.0,31.97
483,4698,4699,4.0,0.0,44.19
484,4700,4701,6.0,0.0,50.12
485,4734,4735,3.0,0.0,30.35
486,4792,4793,4.0,0.0,15.63
487,4812,4813,12.0,0.0,50.59
488,4846,4847,3.0,0.0,12.89
489,4848,4849,28.0,0.0,126.51
490,4850,4851,7.333,0.333,51.11
491,4852,4853,2.0,0.0,18.42
492,4856,4857,11.0,0.0,47.46
493,4880,4881,4.0,0.0,17.58
494,4884,4885,3.31,0.222,39.58
495,4902,4903,6.0,0.0,30.99
496,4904,4905,3.0,0.0,18.3
497,4922,4923,1.5,0.267,20.25
498,4924,4925,3.312,0.496,41.15
499,4926,4927,11.783,124.905,50.64
500,4928,4929,3.609,0.249,46.31
501,4934,4935,3.0,0.0,33.84
502,4936,4937,2.0,0.0,37.07
503,4938,4939,2.0,0.0,29.12
504,4940,4941,3.0,0.0,44.86
505,4942,4943,2.0,0.0,31.2
506,4944,4945,6.0,0.0,76.46
507,4946,4947,7.0,0.0,85.6
508,4952,4953,4.0,0.0,42.23
509,4954,4955,3.0,0.0,29.7
510,4972,4973,13.5,34.3,109.22
511,4974,4975,8.667,0.267,118.08
512,4976,4977,7.875,52.65,75.28
513,4978,4979,35.5,306.4,48.94
514,4980,4981,1.25,0.5,4.87
515,4982,4983,9.75,13.133,102.36
516,4986,4987,8.875,0.917,110.7
517,4988,4989,1.75,0.2,22.17
518,4990,4991,2.188,0.162,28.54
519,4992,4993,4.438,0.396,54.97
520,4994,4995,3.25,0.2,38.46
521,4996,4997,2.75,8.786,4.34
522,4998,4999,16.333,6.267,191.25
523,5000,5001,4.0,0.571,44.76
524,5002,5003,16.5,0.5,124.87
525,5004,5005,9.0,0.0,76.81
526,5006,5007,18.333,70.242,114.62
527,5008,5009,2.75,0.386,37.34
528,5010,5011,5.714,1.758,73.56
529,5014,5015,4.5,0.423,59.09
530,5016,5017,4.25,2.25,56.57
531,5018,5019,4.333,0.333,46.42
532,5022,5023,7.542,77.129,8.8
533,5024,5025,10.231,57.065,62.51
534,5026,5027,10.375,62.332,36.02
535,5032,5033,2.25,0.25,32.77
536,5034,5035,3.75,0.25,51.47
537,5036,5037,3.0,0.0,31.06
538,5038,5039,5.75,0.25,89.76
539,5040,5041,2.25,0.25,31.75
540,5042,5043,2.75,0.25,36.82
541,5044,5045,12.5,0.333,191.35
542,5046,5047,3.0,0.0,39.55
543,5048,5049,5.8,0.2,81.96
544,5050,5051,2.0,0.5,24.14
545,5054,5055,13.0,890.276,19.98
546,5060,5061,8.0,8.0,64.91
547,5062,5063,2.0,2.0,16.16
548,5066,5067,13.0,0.0,90.85
549,5068,5069,10.0,0.0,75.75
550,5070,5071,18.0,0.0,130.58
551,5072,5073,9.0,0.0,63.11
552,5074,5075,13.0,0.0,92.01
553,5076,5077,6.0,0.0,48.03
554,5078,5079,9.0,8.0,71.56
555,5084,5085,23.5,4.5,296.96
556,5102,5103,2.0,0.0,25.26
557,5104,5105,3.0,0.0,43.43
558,5106,5107,5.0,0.0,51.51
559,5108,5109,2.5,0.333,27.21
560,5110,5111,4.0,0.667,49.79
561,5112,5113,5.25,0.917,58.6
562,5114,5115,6.0,0.667,67.44
563,5120,5121,4.0,0.0,24.01
564,5136,5137,25.885,605.706,22.53
565,5138,5139,7.885,268.586,26.68
566,5140,5141,4.038,26.118,39.57
567,5142,5143,3.25,0.214,43.06
568,5148,5149,1.286,0.238,17.22
569,5150,5151,2.5,0.3,21.29
570,5152,5153,1.444,0.278,17.11
571,5154,5155,4.222,0.444,54.65
572,5156,5157,3.444,0.528,43.57
573,5162,5163,4.25,0.25,56.78
574,5164,5165,6.75,0.25,86.1
575,5166,5167,3.75,0.25,49.56
576,5168,5169,4.0,0.0,51.18
577,5170,5171,4.857,0.476,64.21
578,5174,5175,4.25,0.214,54.28
579,5176,5177,1.6,0.3,19.67
580,5178,5179,2.2,0.2,30.13
581,5182,5183,1.333,0.333,12.13
582,5184,5185,6.571,0.952,78.74
583,5186,5187,2.143,0.143,27.38
584,5188,5189,7.833,6.567,119.68
585,5190,5191,11.0,0.8,142.42
586,5206,5207,5.333,0.333,61.87
587,5214,5215,34.938,1092.729,49.54
588,5218,5219,11.619,93.848,57.03
589,5222,5223,8.5,0.333,61.81
590,5236,5237,1.8,0.2,7.66
591,5238,5239,3.0,0.0,22.05
592,5240,5241,3.0,0.0,20.87
593,5260,5261,5.0,0.0,29.74
594,5262,5263,6.0,0.0,38.18
595,5264,5265,2.0,0.0,13.22
596,5304,5305,3.0,0.0,20.39
597,5334,5335,3.0,0.0,39.22
598,5344,5345,3.0,0.0,22.69
599,5352,5353,6.0,0.0,78.75
600,5354,5355,3.0,0.0,29.79
601,5356,5357,5.5,0.5,62.66
602,5358,5359,2.5,0.5,35.58
603,5360,5361,3.0,0.0,37.96
604,5362,5363,7.0,2.0,92.9
605,5364,5365,1.5,0.5,19.28
606,5366,5367,9.333,1.333,104.46
607,5368,5369,7.0,0.0,83.14
608,5370,5371,5.0,0.0,55.37
609,5374,5375,12.0,0.0,153.14
610,5376,5377,10.0,0.0,130.16
611,5378,5379,4.0,0.0,54.04
612,5380,5381,7.0,0.0,97.44
613,5382,5383,4.0,0.0,38.78
614,5386,5387,3.5,0.333,39.99
615,5388,5389,6.25,1.583,78.51
616,5390,5391,1.75,0.25,20.8
617,5392,5393,5.75,0.917,67.84
618,5394,5395,3.2,0.7,37.74
619,5396,5397,4.0,0.0,27.61
620,5398,5399,7.0,0.0,48.42
621,5400,5401,6.0,0.0,45.54
622,5402,5403,6.0,0.0,46.96
623,5404,5405,4.0,0.0,36.1
624,5406,5407,3.0,0.0,21.26
625,5408,5409,2.0,0.0,12.9
626,5410,5411,2.0,0.0,11.47
627,5412,5413,7.0,0.0,51.46
628,5414,5415,15.45,2.366,181.08
629,5416,5417,13.95,132.892,65.03
630,5418,5419,11.045,95.284,42.54
631,5420,5421,4.682,0.418,50.97
632,5424,5425,1.211,0.842,7.49
633,5426,5427,3.565,2.711,39.16
634,5428,5429,28.545,144.26,253.18
635,5430,5431,1.696,0.221,21.05
636,5432,5433,6.957,0.68,91.29
637,5434,5435,1.667,0.319,17.12
638,5438,5439,1.957,0.134,24.66
639,5440,5441,4.783,0.269,61.57
640,5442,5443,3.391,5.613,36.76
641,5444,5445,1.8,0.2,19.63
642,5446,5447,1.333,0.333,19.16
643,5448,5449,11.333,0.333,142.6
644,5450,5451,7.5,0.5,98.35
645,5452,5453,4.0,0.0,51.47
646,5454,5455,8.5,0.5,107.02
647,5456,5457,7.667,0.333,100.67
648,5460,5461,10.333,0.333,134.1
649,5462,5463,5.667,0.333,76.11
650,5468,5469,5.0,0.0,62.86
651,5470,5471,2.333,0.333,29.0
652,5472,5473,20.0,171.273,36.8
653,5474,5475,6.333,0.606,97.96
654,5496,5497,5.5,0.5,38.4
655,5528,5529,6.0,0.0,47.3
656,5530,5531,5.333,0.333,47.32
657,5532,5533,8.5,0.5,65.31
658,5534,5535,6.0,0.0,53.35
659,5536,5537,5.0,0.0,38.95
660,5538,5539,5.0,0.0,72.93
661,5540,5541,4.667,0.333,62.58
662,5542,5543,2.75,0.917,34.47
663,5546,5547,5.667,0.333,77.6
664,5548,5549,12.0,0.0,78.97
665,5554,5555,3.2,0.7,42.7
666,5582,5583,3.0,0.0,24.78
667,5586,5587,5.0,0.0,30.3
668,5602,5603,23.0,0.0,86.6
669,5610,5611,17.957,48.316,204.76
670,5612,5613,20.462,597.936,24.23
671,5614,5615,13.385,569.09,41.17
672,5616,5617,12.769,2.026,162.93
673,5618,5619,9.615,0.756,125.19
674,5620,5621,3.692,0.564,49.32
675,5624,5625,1.4,0.3,15.33
676,5626,5627,2.6,0.3,27.03
677,5632,5633,3.5,0.5,18.01
678,5662,5663,11.0,0.0,58.94
679,5666,5667,5.0,0.0,25.34
680,5672,5673,27.0,0.0,41.76
681,5680,5681,5.0,0.0,52.84
682,5682,5683,19.0,0.0,188.55
683,5690,5691,12.0,0.0,65.52
684,5716,5717,8.0,0.0,38.42
685,5722,5723,9.0,0.0,170.01
686,5724,5725,3.0,0.0,60.45
687,5728,5729,1.667,0.267,22.11
688,5730,5731,3.0,0.0,23.36
689,5732,5733,8.0,0.0,69.94
690,5744,5745,6.0,0.0,53.43
691,5746,5747,3.0,0.0,29.3
692,5748,5749,9.0,0.0,74.66
693,5750,5751,4.0,0.0,32.63
694,5752,5753,6.0,0.0,49.81
695,5754,5755,12.0,0.0,104.31
696,5756,5757,9.0,0.0,81.57
697,5758,5759,3.0,0.0,27.92
698,5776,5777,9.0,0.0,70.12
699,5798,5799,23.0,0.0,192.39
700,5850,5851,9.0,0.0,113.63
701,5852,5853,1.5,0.5,18.59
702,5854,5855,18.0,0.0,229.87
703,5856,5857,13.0,2.0,161.82
704,5860,5861,9.667,1.333,118.52
705,5862,5863,6.2,0.2,82.74
706,5864,5865,6.8,0.7,92.9
707,5866,5867,2.222,0.944,21.46
708,5872,5873,1.091,0.091,14.42
709,5878,5879,10.333,2.333,51.1
710,5880,5881,9.667,1.333,46.82
711,5882,5883,9.0,3.0,43.39
712,5894,5895,3.083,0.811,37.53
713,5896,5897,1.25,0.205,16.37
714,5898,5899,11.75,2.568,149.55
715,5900,5901,5.0,0.615,66.86
716,5902,5903,8.286,1.912,106.25
717,5904,5905,7.429,1.033,96.73
718,5906,5907,4.571,0.725,54.41
719,5908,5909,3.0,0.0,39.2
720,5910,5911,1.571,0.264,22.07
721,5912,5913,2.818,0.164,37.6
722,5914,5915,42.0,0.0,217.58
723,5918,5919,23.0,0.0,121.4
724,5960,5961,5.0,0.0,36.73
725,5974,5975,16.5,4.5,79.7
726,5978,5979,28.0,0.0,203.67
727,5980,5981,7.0,0.0,54.3
728,5982,5983,6.0,0.0,44.16
729,5984,5985,13.0,0.0,99.09
730,6026,6027,11.0,0.0,46.77
731,6042,6043,7.5,24.5,21.72
732,6050,6051,15.0,0.0,77.28
733,6074,6075,6.875,5.071,79.22
734,6076,6077,4.36,0.823,51.29
735,6078,6079,8.25,0.717,104.74
736,6092,6093,3.0,0.0,16.45
737,6094,6095,5.0,0.0,35.48
738,6140,6141,3.0,0.0,20.7
739,6152,6153,3.0,0.0,5.26
740,6156,6157,10.5,0.5,130.13
741,6158,6159,6.5,0.5,90.34
742,6160,6161,5.5,4.5,1.77
743,6162,6163,3.0,0.0,16.33
744,6174,6175,12.0,0.0,86.53
745,6184,6185,10.0,0.0,66.83
746,6202,6203,11.0,0.0,59.56
747,6216,6217,4.5,0.5,17.46
748,6218,6219,8.0,0.0,35.13
749,6278,6279,6.0,0.0,25.52
750,6284,6285,6.5,0.5,27.36
751,6294,6295,17.0,0.0,52.79
752,6324,6325,13.0,0.0,63.84
753,6368,6369,7.0,0.0,36.39
754,6374,6375,8.0,0.0,37.52
755,6402,6403,19.0,0.0,90.65
756,6406,6407,2.75,0.25,13.41
757,6408,6409,19.0,3.333,94.9
758,6410,6411,31.0,0.0,72.92
759,6414,6415,4.0,0.0,20.67
760,6444,6445,27.6,572.3,28.93
761,6446,6447,7.895,0.988,169.38
762,6452,6453,9.0,0.0,39.16
763,6470,6471,31.412,303.007,50.2
764,6472,6473,9.444,0.732,128.96
765,6484,6485,9.0,0.0,119.78
766,6492,6493,6.0,0.0,54.84
767,6494,6495,8.0,0.0,67.52
768,6496,6497,9.0,0.0,83.97
769,6502,6503,3.0,0.0,15.37
770,6512,6513,9.0,0.0,56.42
771,6514,6515,11.0,2.0,83.88
772,6534,6535,12.0,45.5,80.66
773,6536,6537,4.0,0.0,43.66
774,6542,6543,2.0,0.0,23.43
775,6544,6545,8.0,1.333,98.9
776,6546,6547,7.25,0.917,83.22
777,6550,6551,4.25,0.25,37.16
778,6552,6553,6.667,1.333,79.27
779,6554,6555,5.0,1.0,49.22
780,6568,6569,3.5,0.5,33.34
781,6570,6571,4.5,0.5,49.13
782,6572,6573,5.0,0.0,69.56
783,6574,6575,5.0,0.0,65.17
784,6578,6579,3.0,0.0,31.38
785,6580,6581,4.0,0.0,44.45
786,6582,6583,9.0,0.0,119.35
787,6592,6593,4.0,0.0,18.2
788,6598,6599,4.0,0.667,30.11
789,6600,6601,8.333,0.333,68.53
790,6602,6603,2.667,0.333,18.47
791,6604,6605,1.667,0.333,13.78
792,6606,6607,2.667,0.333,17.7
793,6608,6609,5.0,0.0,24.56
794,6640,6641,26.0,0.0,179.38
795,6642,6643,5.5,0.5,44.96
796,6646,6647,8.0,0.0,62.81
797,6656,6657,21.0,0.0,190.61
798,6658,6659,10.0,0.0,70.57
799,6674,6675,12.0,0.0,66.08
800,6676,6677,2.0,0.0,14.8
801,6678,6679,10.0,0.0,55.51
802,6680,6681,10.0,0.0,58.54
803,6688,6689,4.0,18.0,2.13
804,6690,6691,16.667,8.75,230.96
805,6694,6695,30.0,0.0,158.99
806,6786,6787,61.0,0.0,103.54
807,6788,6789,4.0,0.0,27.66
808,6792,6793,9.0,0.0,64.13
809,6794,6795,17.0,0.0,138.53
810,6796,6797,2.0,2.0,13.17
811,7022,7023,4.5,0.5,45.68
812,7024,7025,3.0,0.0,0.2
813,7026,7027,1.125,0.125,9.79
814,7038,7039,124.0,0.0,653.65
815,7048,7049,12.0,0.0,52.93
816,7066,7067,5.75,0.25,69.41
817,7076,7077,66.875,636.696,51.57
818,7078,7079,4.625,0.554,56.7
819,7080,7081,8.833,0.967,120.36
820,7082,7083,2.0,0.0,16.17
821,7106,7107,9.333,0.333,60.21
822,7108,7109,16.0,0.0,114.86
823,7110,7111,7.0,0.0,51.17
824,7116,7117,15.0,0.0,98.67
825,7118,7119,5.0,0.0,34.06
826,7120,7121,2.0,0.0,18.15
827,7122,7123,9.5,4.5,69.31
828,7142,7143,4.0,0.0,29.47
829,7144,7145,3.333,0.333,40.13
830,7158,7159,4.5,0.5,55.59
831,7160,7161,4.5,0.5,62.5
832,7162,7163,2.0,0.0,17.36
833,7164,7165,2.0,0.0,10.82
834,7166,7167,28.5,17.667,214.87
835,7168,7169,5.0,0.667,39.99
836,7170,7171,9.75,3.583,75.99
837,7172,7173,2.25,0.25,16.03
838,7174,7175,6.25,0.917,47.92
839,7176,7177,7.5,1.0,56.57
840,7184,7185,3.292,6.476,34.73
841,7186,7187,1.692,0.222,21.23
842,7188,7189,1.462,0.258,18.53
843,7190,7191,1.259,0.199,14.85
844,7192,7193,5.214,6.397,37.49
845,7196,7197,1.679,0.3,19.55
846,7198,7199,2.571,0.698,30.58
847,7202,7203,2.744,0.196,29.92
848,7204,7205,4.125,7.839,45.16
849,7206,7207,1.154,0.141,8.48
850,7208,7209,3.76,80.607,17.75
851,7214,7215,1.733,0.21,24.15
852,7216,7217,1.933,0.495,26.57
853,7218,7219,5.067,0.352,68.0
854,7220,7221,4.4,0.257,58.32
855,7222,7223,2.786,0.181,34.74
856,7224,7225,4.0,15.111,13.08
857,7230,7231,1.273,0.218,15.78
858,7232,7233,4.2,0.178,56.27
859,7234,7235,6.909,0.491,92.47
860,7236,7237,1.625,0.245,20.81
861,7238,7239,4.091,0.091,56.11
862,7240,7241,1.789,0.175,13.68
863,7242,7243,4.6,0.489,63.31
864,7244,7245,5.4,0.711,70.42
865,7246,7247,2.458,0.259,27.08
866,7248,7249,4.739,11.565,41.48
867,7250,7251,7.609,5.976,77.18
868,7252,7253,6.696,0.767,75.36
869,7254,7255,6.609,0.431,74.68
870,7256,7257,4.414,29.68,32.97
871,7260,7261,3.567,13.495,29.02
872,7262,7263,3.0,15.793,22.89
873,7264,7265,5.0,0.0,52.63
874,7270,7271,1.75,0.25,12.11
875,7274,7275,20.0,0.0,192.24
876,7314,7315,2.333,0.333,19.68
877,7316,7317,3.667,0.333,30.74
878,7318,7319,2.0,0.0,14.02
879,7328,7329,4.0,0.0,30.89
880,7330,7331,5.333,0.333,41.82
881,7332,7333,6.333,0.333,49.84
882,7334,7335,2.667,0.333,23.6
883,7336,7337,14.0,0.0,35.57
884,7350,7351,15.0,0.0,93.62
885,7352,7353,2.0,0.0,11.96
886,7354,7355,5.0,0.0,30.81
887,7356,7357,8.0,0.0,60.3
888,7358,7359,8.0,0.0,52.28
889,7362,7363,3.0,0.0,23.42
890,7366,7367,1.5,0.5,6.09
891,7368,7369,4.75,0.25,29.78
892,7370,7371,5.5,0.333,42.43
893,7374,7375,9.5,0.5,66.52
894,7390,7391,2.5,0.5,34.28
895,7392,7393,10.5,0.5,151.97
896,7394,7395,2.0,0.0,28.75
897,7396,7397,1.5,0.5,20.16
898,7398,7399,3.0,0.0,46.34
899,7402,7403,2.0,0.0,32.61
900,7430,7431,9.0,0.0,68.16
901,7432,7433,21.0,2.0,148.59
902,7434,7435,10.0,0.0,70.9
903,7436,7437,4.0,0.0,28.43
904,7464,7465,45.5,220.5,14.45
905,7466,7467,2.0,0.0,9.41
906,7470,7471,6.0,0.0,51.14
907,7482,7483,13.167,2.967,102.91
908,7484,7485,6.333,0.667,54.16
909,7486,7487,4.0,0.0,30.16
910,7488,7489,19.0,0.0,158.18
911,7538,7539,5.0,0.0,31.88
912,7540,7541,3.0,0.0,20.42
913,7542,7543,6.0,0.0,48.39
914,7544,7545,12.0,0.0,93.13
915,7562,7563,29.0,1.0,234.97
916,7566,7567,27.0,0.0,54.03
917,7568,7569,17.0,0.0,36.76
918,7572,7573,3.0,0.0,14.09
919,7582,7583,18.75,0.786,230.25
920,7596,7597,22.083,362.821,167.19
921,7610,7611,18.0,2.0,116.72
922,7612,7613,3.5,0.5,26.57
923,7620,7621,4.0,0.0,17.63
924,7636,7637,3.667,0.667,34.08
925,7640,7641,1.167,0.167,15.84
926,7642,7643,2.0,0.0,24.92
927,7644,7645,15.167,1.367,192.87
928,7646,7647,15.167,70.967,48.17
929,7648,7649,1.5,0.333,17.07
930,7650,7651,8.25,2.25,99.18
931,7652,7653,4.75,0.917,58.03
932,7656,7657,2.0,0.0,19.01
933,7660,7661,3.0,0.0,20.39
934,7664,7665,7.0,0.0,40.69
935,7706,7707,2.0,0.0,13.48
936,7726,7727,6.0,0.0,48.17
937,7738,7739,6.0,0.0,63.6
938,7794,7795,10.5,0.5,76.24
939,7830,7831,30.0,0.0,37.8
940,7854,7855,5.0,0.0,42.55
941,7860,7861,4.0,0.0,30.1
942,7866,7867,13.0,0.0,33.11
943,7882,7883,12.0,0.0,27.09
944,7888,7889,1.25,0.25,4.85
945,7892,7893,2.0,0.0,12.2
946,7896,7897,2.0,0.0,16.44
947,7898,7899,29.8,479.7,19.98
948,7900,7901,7.0,0.5,75.2
949,7906,7907,4.0,0.0,8.82
950,7908,7909,18.333,6.333,35.86
951,7910,7911,10.4,1.8,22.9
952,7912,7913,10.5,3.5,20.28
953,7914,7915,3.5,0.5,20.76
954,7916,7917,25.5,12.5,185.65
955,7918,7919,4.0,0.0,26.17
956,7924,7925,14.0,2.0,101.08
957,7926,7927,5.0,0.0,37.35
958,7928,7929,7.5,0.5,48.72
959,7930,7931,2.5,0.5,18.07
960,7932,7933,1.5,0.5,14.49
961,7936,7937,6.0,0.0,37.74
962,7942,7943,1.5,0.5,12.91
963,7944,7945,3.0,1.333,42.27
964,7946,7947,3.2,10.7,25.18
965,7948,7949,4.6,0.8,56.06
966,7950,7951,3.0,0.0,26.1
967,7952,7953,5.0,0.0,40.02
968,7954,7955,2.0,0.0,18.33
969,7956,7957,3.333,1.333,38.36
970,7958,7959,2.5,0.333,35.7
971,7960,7961,1.75,0.25,27.22
972,7962,7963,2.75,0.25,39.2
973,7966,7967,10.0,84.0,23.66
974,7978,7979,3.0,0.0,23.46
975,7984,7985,10.0,0.0,58.89
976,7990,7991,12.2,15.2,26.84
977,7992,7993,3.6,0.8,7.79
978,7996,7997,17.0,0.0,27.75
979,7998,7999,4.0,0.0,10.39
980,8026,8027,6.0,0.0,46.01
981,8028,8029,15.5,0.5,115.03
982,8030,8031,2.0,0.0,10.53
983,8032,8033,7.0,0.0,48.07
984,8034,8035,9.0,0.0,62.56
985,8052,8053,37.25,158.25,66.62
986,8054,8055,1.75,0.25,22.08
987,8056,8057,3.25,0.25,30.38
988,8058,8059,20.4,138.044,67.5
989,8060,8061,6.5,1.167,86.39
990,8062,8063,5.222,0.444,71.01
991,8064,8065,7.125,0.411,95.38
992,8066,8067,9.625,0.839,131.97
993,8068,8069,2.875,0.125,39.9
994,8070,8071,2.333,0.333,16.65
995,8072,8073,5.333,0.333,59.19
996,8074,8075,1.333,0.333,7.54
997,8076,8077,2.0,0.0,19.57
998,8090,8091,26.636,427.055,24.81
999,8106,8107,6.818,0.564,86.12
1000,8116,8117,2.667,0.333,12.49
1001,8118,8119,9.333,2.333,45.74
1002,8140,8141,20.25,182.25,29.27
1003,8144,8145,4.0,0.0,47.69
1004,8146,8147,4.0,0.0,41.54
1005,8148,8149,9.0,0.0,101.02
1006,8158,8159,31.0,0.0,20.65
1007,8176,8177,10.0,0.0,48.78
1008,8178,8179,9.0,0.0,40.32
1009,8180,8181,8.0,0.0,38.41
1010,8182,8183,8.0,0.0,40.06
1011,8184,8185,10.0,0.0,49.18
1012,8210,8211,1.5,0.5,8.75
1013,8214,8215,15.0,0.0,130.06
1014,8268,8269,23.0,0.0,202.91
1015,8270,8271,4.0,0.0,39.6
1016,8272,8273,9.0,0.0,67.78
1017,8308,8309,18.0,0.0,143.83
1018,8324,8325,8.0,0.0,94.22
1019,8326,8327,13.0,2.0,181.84
1020,8328,8329,7.0,0.0,98.71
1021,8344,8345,13.5,0.5,156.31
1022,8346,8347,21.0,0.0,225.82
1023,8372,8373,19.0,0.0,134.57
1024,8374,8375,8.0,0.0,57.52
1025,8382,8383,2.0,0.0,17.57
1026,8384,8385,6.0,0.0,40.71
1027,8386,8387,11.667,0.333,88.48
1028,8388,8389,9.333,0.333,70.0
1029,8390,8391,2.667,0.333,22.48
1030,8392,8393,4.0,0.0,26.99
1031,8404,8405,8.0,0.0,44.24
1032,8408,8409,2.0,0.0,13.78
1033,8412,8413,14.0,0.0,74.33
1034,8424,8425,4.333,0.333,37.23
1035,8426,8427,5.667,0.333,47.21
1036,8428,8429,3.0,0.0,24.02
1037,8430,8431,5.0,0.0,34.23
1038,8438,8439,3.333,0.333,24.74
1039,8440,8441,4.5,0.333,34.46
1040,8442,8443,3.0,0.0,25.21
1041,8444,8445,11.0,0.0,71.09
1042,8446,8447,5.0,0.0,30.26
1043,8450,8451,8.5,0.5,77.15
1044,8452,8453,5.333,0.333,36.96
1045,8472,8473,6.0,0.0,63.52
1046,8476,8477,4.0,0.0,28.46
1047,8522,8523,4.0,0.0,31.69
1048,8530,8531,7.0,0.0,63.6
1049,8534,8535,3.0,0.0,23.98
1050,8536,8537,4.0,0.0,25.83
1051,8538,8539,9.0,0.0,52.22
1052,8606,8607,3.0,0.0,14.43
1053,8636,8637,1.667,0.267,11.48
1054,8638,8639,1.167,0.167,8.41
1055,8640,8641,2.111,0.111,14.26
1056,8644,8645,2.857,0.143,19.28
1057,8650,8651,2.286,0.238,16.68
1058,8654,8655,1.778,0.194,13.38
1059,8700,8701,10.0,0.0,76.01
1060,8702,8703,7.0,0.0,54.54
1061,8730,8731,2.0,0.0,21.93
1062,8738,8739,9.0,0.0,78.44
1063,8740,8741,9.0,0.0,71.76
1064,8748,8749,6.0,0.0,47.53
1065,8768,8769,6.6,0.3,66.17
1066,8772,8773,7.0,1.0,78.16
1067,8774,8775,8.333,1.333,92.41
1068,8776,8777,7.333,1.333,89.23
1069,8778,8779,4.0,0.0,33.79
1070,8780,8781,3.0,0.0,31.72
1071,8800,8801,12.0,0.0,102.3
1072,8802,8803,9.0,0.0,73.81
1073,8814,8815,7.0,2.0,49.58
1074,8818,8819,5.0,0.0,56.1
1075,8820,8821,6.0,0.0,73.01
1076,8830,8831,4.0,0.0,44.89
1077,8834,8835,5.0,0.0,66.51
1078,8836,8837,14.0,0.0,178.14
1079,8850,8851,9.0,0.0,89.3
1080,8856,8857,6.0,0.0,45.95
1081,8858,8859,11.0,0.0,103.54
1082,8860,8861,4.0,0.0,35.88
1083,8862,8863,6.0,0.0,53.42
1084,8864,8865,6.0,0.0,54.81
1085,8876,8877,4.0,0.0,31.71
1086,8878,8879,6.0,0.0,45.76
1087,8880,8881,3.0,0.0,25.08
1088,8898,8899,13.0,0.0,102.77
1089,8900,8901,18.5,4.5,125.43
1090,8910,8911,12.0,0.0,87.67
1091,8920,8921,29.0,0.0,74.78
1092,8922,8923,5.0,0.0,35.14
1093,8924,8925,6.0,0.0,32.33
1094,8928,8929,13.0,0.0,72.83
1095,8944,8945,8.0,0.0,55.38
1096,8946,8947,14.0,25.0,103.54
1097,8948,8949,4.5,0.5,25.14
1098,8950,8951,47.0,0.0,100.49
1099,8952,8953,8.0,0.0,53.08
1100,8956,8957,17.0,0.0,132.34
1101,8958,8959,16.0,0.0,106.55
1102,8970,8971,9.0,0.0,69.98
1103,8982,8983,14.0,0.0,112.58
1104,8986,8987,3.0,0.0,33.11
1105,9016,9017,17.0,0.0,91.2
1106,9018,9019,85.0,0.0,460.25
1107,9020,9021,40.0,0.0,217.89
1108,9036,9037,4.0,0.0,30.41
1109,9040,9041,4.0,0.0,33.43
1110,9042,9043,2.0,0.0,7.73
1111,9044,9045,5.0,0.0,34.55
1112,9046,9047,8.0,0.0,59.08
1113,9048,9049,41.75,528.75,55.35
1114,9050,9051,2.909,0.291,36.96
1115,9052,9053,4.9,0.544,60.79
1116,9054,9055,2.571,0.619,34.42
1117,9078,9079,16.333,2.25,228.19
1118,9080,9081,6.091,0.491,71.42
1119,9084,9085,11.667,2.333,132.34
1120,9100,9101,11.0,0.0,59.94
1121,9102,9103,17.0,0.0,123.05
1122,9104,9105,16.0,0.0,113.63
1123,9106,9107,5.0,0.0,34.18
1124,9108,9109,8.0,0.0,60.41
1125,9126,9127,10.0,0.0,90.39
1126,9130,9131,8.0,0.0,67.63
1127,9132,9133,5.0,0.0,39.22
1128,9166,9167,8.0,0.0,53.43
1129,9172,9173,5.333,0.333,35.8
1130,9174,9175,7.667,1.333,55.74
1131,9176,9177,7.25,0.25,48.94
1132,9178,9179,25.5,12.5,189.99
1133,9180,9181,16.0,2.0,125.77
1134,9184,9185,2.0,0.0,14.24
1135,9186,9187,1.5,0.5,9.47
1136,9190,9191,2.0,0.0,15.81
1137,9192,9193,3.333,0.333,24.2
1138,9194,9195,10.0,2.0,72.81
1139,9198,9199,10.0,0.0,75.8
1140,9200,9201,4.0,0.0,26.38
1141,9202,9203,2.0,0.0,14.72
1142,9204,9205,5.0,0.0,34.85
1143,9206,9207,9.333,2.333,64.07
1144,9208,9209,11.667,4.333,82.47
1145,9216,9217,6.0,0.0,68.04
1146,9218,9219,3.0,0.0,23.18
1147,9222,9223,12.0,0.0,60.09
1148,9240,9241,5.5,0.5,47.78
1149,9252,9253,2.0,0.0,9.5
1150,9256,9257,2.0,0.0,8.22
1151,9264,9265,7.0,0.0,34.04
1152,9268,9269,4.0,0.0,45.01
1153,9270,9271,2.0,0.0,32.44
1154,9272,9273,2.0,0.0,23.38
1155,9290,9291,13.0,1.0,60.45
1156,9324,9325,8.0,0.0,53.21
1157,9326,9327,9.0,0.0,60.22
1158,9342,9343,10.0,0.0,83.91
1159,9370,9371,8.0,0.0,42.75
1160,9372,9373,12.0,0.0,63.32
1161,9374,9375,4.0,0.0,23.16
1162,9378,9379,6.0,0.0,43.58
1163,9380,9381,16.0,0.0,113.24
1164,9382,9383,6.0,0.0,35.04
1165,9384,9385,24.0,0.0,163.31
1166,9386,9387,7.0,0.0,26.75
1167,9388,9389,7.0,0.0,26.76
1168,9390,9391,7.0,0.0,29.95
1169,9404,9405,9.0,0.0,42.11
1170,9408,9409,13.0,0.0,110.67
1171,9444,9445,50.0,0.0,267.23
1172,9448,9449,8.0,0.0,52.8
1173,9450,9451,11.0,0.0,79.3
1174,9452,9453,4.833,0.152,91.21
1175,9488,9489,6.111,1.111,42.35
1176,9490,9491,8.222,2.444,62.49
1177,9492,9493,4.556,0.528,34.55
1178,9498,9499,3.333,0.333,25.3
1179,9500,9501,4.0,1.0,29.05
1180,9510,9511,6.0,0.0,48.29
1181,9516,9517,5.0,0.0,28.51
1182,9518,9519,4.0,0.0,23.48
1183,9544,9545,6.0,0.0,41.14
1184,9548,9549,6.0,0.0,40.56
1185,9550,9551,2.667,0.333,15.78
1186,9552,9553,12.75,2.917,96.69
1187,9564,9565,8.0,0.0,65.32
1188,9572,9573,2.0,0.0,12.09
1189,9574,9575,9.0,0.0,66.61
1190,9580,9581,8.0,0.0,45.77
1191,9584,9585,14.5,0.5,109.74
1192,9598,9599,3.0,0.0,23.41
1193,9608,9609,3.0,0.0,21.11
1194,9610,9611,2.0,0.0,14.81
1195,9620,9621,25.0,0.0,195.08
1196,9622,9623,16.0,0.0,126.45
1197,9632,9633,2.0,0.0,9.61
1198,9634,9635,18.0,0.0,39.12
1199,9638,9639,9.0,0.0,62.74
1200,9640,9641,5.0,0.0,38.76
1201,9644,9645,5.0,0.0,32.12
1202,9646,9647,8.0,0.0,65.81
1203,9648,9649,17.0,0.0,131.17
1204,9650,9651,7.5,0.5,50.52
1205,9652,9653,7.0,0.0,53.18
1206,9654,9655,8.0,0.0,53.55
1207,9656,9657,3.0,0.0,24.09
1208,9662,9663,5.0,0.0,37.67
1209,9664,9665,9.0,0.0,51.2
1210,9666,9667,8.0,0.0,48.58
1211,9674,9675,2.0,0.0,14.91
1212,9676,9677,3.0,0.0,19.01
1213,9678,9679,2.0,0.0,10.96
1214,9680,9681,4.0,0.0,30.15
1215,9682,9683,4.0,0.0,26.64
1216,9690,9691,5.0,0.0,37.83
1217,9702,9703,7.0,0.0,48.62
1218,9720,9721,10.0,0.0,136.77
1219,9734,9735,29.0,0.0,136.14
1220,9738,9739,5.333,0.333,56.31
1221,9740,9741,7.333,0.333,102.16
1222,9742,9743,3.667,0.333,45.13
1223,9746,9747,11.0,2.0,157.39
1224,9748,9749,3.0,0.0,41.92
1225,9752,9753,3.0,0.0,38.09
1226,9760,9761,10.5,12.5,40.69
1227,9764,9765,15.0,0.0,80.54
1228,9766,9767,4.0,8.0,13.87
1229,9772,9773,2.0,0.0,5.34
1230,9796,9797,56.0,0.0,22.01
1231,9798,9799,9.0,0.0,107.71
1232,9836,9837,2.5,0.5,24.47
1233,9914,9915,5.115,0.266,64.67
1234,9916,9917,3.714,0.374,44.98
1235,9918,9919,2.875,9.05,21.97
1236,9920,9921,3.562,7.996,36.44
1237,9922,9923,4.231,0.526,52.8
1238,9924,9925,4.091,0.291,55.07
1239,9926,9927,8.909,0.491,118.4
1240,9928,9929,10.636,1.055,137.78
1241,9930,9931,19.0,120.75,180.74
1242,9932,9933,1.778,0.194,23.09
1243,9934,9935,13.7,2.678,172.67
1244,9938,9939,3.75,0.25,49.64
1245,9940,9941,8.542,0.781,113.13
1246,9942,9943,2.625,0.332,33.76
1247,9944,9945,1.793,0.17,23.14
1248,9946,9947,1.111,0.103,12.67
1249,9950,9951,4.036,0.258,50.56
1250,9952,9953,4.071,0.217,51.15
1251,9954,9955,5.214,0.397,66.86
1252,9956,9957,3.179,0.374,41.11
1253,9958,9959,1.769,0.265,22.58
1254,9960,9961,1.423,0.254,18.95
1255,9962,9963,2.885,0.266,38.66
1256,9964,9965,3.63,0.319,47.92
1257,9966,9967,3.786,0.323,49.77
1258,9970,9971,2.107,0.099,26.52
1259,9972,9973,3.607,0.247,47.58
1260,9974,9975,9.25,0.787,119.18
1261,9980,9981,2.107,0.173,26.05
1262,9982,9983,1.357,0.238,14.46
1263,9984,9985,1.857,0.127,23.52
1264,9986,9987,2.679,0.3,32.76
1265,9988,9989,10.538,85.218,59.25
1266,9990,9991,10.345,63.448,54.56
1267,9996,9997,5.088,0.507,61.48
1268,9998,9999,8.846,4.375,104.4
1269,10024,10025,7.0,0.0,58.16
1270,10026,10027,6.0,0.0,57.08
1271,10044,10045,11.0,0.0,95.14
1272,10046,10047,11.0,0.0,89.72
1273,10048,10049,8.0,0.0,68.32
1274,10056,10057,12.0,0.0,93.18
1275,10058,10059,3.0,0.0,24.96
1276,10068,10069,20.0,0.0,174.77
1277,10080,10081,4.545,0.926,58.86
1278,10084,10085,9.619,1.748,120.26
1279,10086,10087,3.762,0.29,46.99
1280,10088,10089,5.429,0.657,70.22
1281,10090,10091,18.9,1161.568,45.31
1282,10092,10093,8.9,105.568,54.91
1283,10094,10095,1.857,0.329,22.9
1284,10098,10099,14.81,4.062,188.58
1285,10100,10101,2.318,0.227,29.42
1286,10102,10103,3.0,0.0,37.41
1287,10104,10105,10.0,0.0,130.93
1288,10106,10107,35.0,0.0,458.21
1289,10108,10109,5.0,0.0,55.58
1290,10148,10149,15.5,4.5,71.55
1291,10150,10151,24.5,4.5,114.17
1292,10152,10153,12.5,0.5,56.69
1293,10166,10167,2.929,0.379,33.54
1294,10178,10179,16.182,3.164,193.0
1295,10180,10181,7.0,2.0,85.37
1296,10182,10183,2.929,0.225,34.12
1297,10184,10185,2.286,0.22,26.97
1298,10186,10187,1.714,0.374,21.54
1299,10188,10189,3.857,0.44,46.43
1300,10190,10191,3.5,0.269,42.59
1301,10192,10193,1.929,0.071,23.58
1302,10194,10195,8.571,0.879,103.63
1303,10196,10197,14.5,0.5,92.19
1304,10198,10199,2.0,0.0,13.6
1305,10212,10213,2.522,0.261,39.37
1306,10214,10215,4.565,0.348,73.75
1307,10224,10225,15.0,0.0,79.6
1308,10228,10229,20.0,0.0,108.47
1309,10234,10235,9.0,0.0,58.31
1310,10238,10239,9.0,0.0,59.77
1311,10240,10241,7.0,0.0,51.32
1312,10242,10243,7.0,0.0,39.44
1313,10246,10247,2.0,0.0,18.5
1314,10248,10249,4.0,0.0,26.1
1315,10250,10251,1.5,0.5,12.33
1316,10252,10253,7.0,0.0,37.69
1317,10262,10263,8.0,0.0,51.77
1318,10264,10265,2.0,0.0,13.01
1319,10266,10267,3.0,0.0,15.45
1320,10268,10269,11.0,0.0,66.29
1321,10270,10271,14.0,0.0,89.01
1322,10272,10273,3.0,0.0,17.46
1323,10276,10277,14.0,0.0,104.8
1324,10328,10329,3.0,0.0,19.38
1325,10332,10333,59.0,0.0,21.6
1326,10340,10341,2.0,0.0,12.68
1327,10348,10349,9.812,74.162,57.96
1328,10380,10381,3.0,0.0,20.84
1329,10382,10383,3.0,0.0,19.98
1330,10384,10385,4.0,0.0,28.09
1331,10386,10387,3.0,0.0,36.61
1332,10388,10389,2.0,0.0,28.53
1333,10390,10391,9.0,0.0,48.09
1334,10418,10419,17.0,0.0,75.86
1335,10422,10423,6.5,0.5,41.37
1336,10424,10425,10.0,2.0,72.15
1337,10428,10429,5.2,10.7,21.4
1338,10432,10433,3.25,0.25,25.07
1339,10434,10435,3.0,0.0,26.19
1340,10436,10437,2.5,0.333,17.46
1341,10482,10483,89.0,504.0,358.62
1342,10488,10489,26.0,0.0,122.91
1343,10516,10517,24.0,0.0,49.67
1344,10528,10529,35.0,0.0,85.19
1345,10548,10549,17.5,3.0,203.66
1346,10550,10551,5.0,0.0,57.04
1347,10554,10555,11.0,0.0,53.29
1348,10556,10557,20.0,0.0,95.04
1349,10558,10559,4.0,0.0,19.89
1350,10562,10563,2.0,0.0,10.94
1351,10580,10581,23.0,0.0,140.92
1352,10588,10589,18.0,0.0,198.77
1353,10590,10591,3.5,0.5,48.74
1354,10592,10593,6.0,2.0,72.1
1355,10596,10597,54.938,648.729,36.96
1356,10600,10601,6.606,148.996,10.49
1357,10602,10603,15.514,247.139,55.69
1358,10604,10605,6.629,26.711,72.35
1359,10622,10623,12.0,0.0,84.72
1360,10654,10655,25.0,0.0,188.6
1361,10656,10657,19.0,0.0,104.14
1362,10658,10659,7.0,0.0,36.76
1363,10662,10663,3.0,0.0,14.89
1364,10664,10665,9.0,0.0,77.86
1365,10666,10667,5.0,0.0,46.87
1366,10762,10763,9.105,103.655,75.81
1367,10764,10765,8.263,1.427,104.12
1368,10802,10803,13.789,4.953,163.43
1369,10804,10805,19.684,10.339,232.54
1370,10822,10823,8.154,0.641,96.85
1371,10824,10825,5.913,0.356,75.6
1372,10826,10827,1.609,0.249,19.39
1373,10828,10829,4.5,8.3,40.15
1374,10832,10833,1.167,0.167,9.94
1375,10834,10835,27.0,2.0,187.99
1376,10836,10837,45.0,0.0,175.92
1377,10838,10839,9.0,0.0,34.41
1378,10840,10841,43.0,0.0,188.43
1379,10842,10843,7.0,0.0,26.2
1380,10872,10873,5.0,0.0,18.81
1381,10874,10875,1.444,0.261,15.92
1382,10876,10877,2.647,0.368,31.23
1383,10878,10879,2.688,0.496,29.31
1384,10894,10895,2.0,0.0,13.6
1385,10896,10897,8.0,0.0,38.89
1386,10930,10931,3.0,0.0,22.55
1387,10962,10963,20.0,0.0,44.36
1388,10970,10971,71.0,0.0,147.37
1389,10978,10979,2.667,1.333,7.54
1390,10980,10981,7.0,2.0,47.46
1391,10994,10995,3.333,0.333,24.06
1392,10996,10997,3.25,0.25,39.76
1393,10998,10999,4.0,0.667,42.9
1394,11000,11001,7.0,1.0,77.2
1395,11002,11003,2.667,0.333,28.78
1396,11006,11007,3.667,0.333,45.07
1397,11010,11011,3.333,0.333,40.49
1398,11012,11013,7.0,1.0,86.06
1399,11020,11021,9.417,191.21,15.16
1400,11022,11023,12.2,43.956,29.14
1401,11024,11025,2.5,0.5,42.47
1402,11026,11027,1.5,0.5,27.82
1403,11030,11031,42.0,0.0,24.6
1404,11058,11059,24.0,0.0,41.4
1405,11102,11103,30.25,374.917,63.92
1406,11108,11109,3.0,0.0,14.22
1407,11110,11111,8.0,0.0,61.75
1408,11112,11113,2.0,0.0,11.35
1409,11120,11121,9.667,1.333,67.05
1410,11122,11123,21.5,12.5,152.16
1411,11126,11127,3.0,0.0,18.62
1412,11140,11141,2.059,0.309,23.69
1413,11144,11145,1.882,0.235,23.12
1414,11146,11147,7.333,1.095,89.98
1415,11148,11149,3.684,0.339,40.77
1416,11160,11161,45.0,0.0,352.44
1417,11230,11231,10.714,7.905,111.54
1418,11232,11233,2.429,0.286,26.94
1419,11234,11235,7.857,0.143,101.94
1420,11236,11237,4.286,0.238,53.48
1421,11238,11239,1.286,0.238,19.71
1422,11242,11243,4.667,0.333,37.72
1423,11248,11249,7.0,0.0,54.16
1424,11264,11265,9.0,13.0,57.12
1425,11266,11267,32.1,2330.162,84.15
1426,11272,11273,8.667,0.333,63.11
1427,11274,11275,7.667,0.333,57.84
1428,11306,11307,9.5,0.5,88.99
1429,11308,11309,6.0,0.0,54.99
1430,11310,11311,4.0,0.0,38.85
1431,11312,11313,11.0,0.0,101.6
1432,11314,11315,4.0,0.0,33.49
1433,11316,11317,9.0,0.0,82.76
1434,11326,11327,62.0,0.0,326.37
1435,11342,11343,8.0,0.0,53.66
1436,11344,11345,3.0,0.0,28.12
1437,11348,11349,52.0,2.0,266.99
1438,11394,11395,6.0,0.0,24.77
1439,11396,11397,2.0,0.0,9.73
1440,11398,11399,5.0,0.0,21.39
1441,11404,11405,2.0,0.0,11.31
1442,11406,11407,12.0,0.0,86.81
1443,11408,11409,6.0,0.4,117.83
1444,11412,11413,11.417,1.538,227.3
1445,11414,11415,5.417,0.629,82.0
1446,11420,11421,2.429,0.286,30.35
1447,11422,11423,12.875,0.696,170.38
1448,11442,11443,4.0,0.0,18.85
1449,11456,11457,20.5,4.5,149.81
1450,11458,11459,9.5,0.5,73.51
1451,11462,11463,3.5,0.5,52.05
1452,11464,11465,7.0,2.0,99.97
1453,11494,11495,1.615,0.256,20.54
1454,11496,11497,10.533,1.552,129.96
1455,11502,11503,2.0,0.0,17.74
1456,11504,11505,2.208,0.172,30.83
1457,11548,11549,10.0,0.0,54.45
1458,11550,11551,19.0,0.0,77.71
1459,11560,11561,2.0,0.0,11.08
1460,11564,11565,12.0,0.0,53.99
1461,11566,11567,54.0,0.0,244.65
1462,11568,11569,3.0,0.0,16.41
1463,11570,11571,15.0,0.0,68.29
1464,11594,11595,3.667,0.25,45.31
1465,11596,11597,4.778,0.694,57.81
1466,11600,11601,6.333,0.25,78.41
1467,11602,11603,11.111,2.111,137.46
1468,11604,11605,8.0,1.0,101.04
1469,11606,11607,2.667,0.5,32.06
1470,11608,11609,4.778,0.444,57.61
1471,11610,11611,2.4,0.267,27.24
1472,11612,11613,2.778,0.444,35.61
1473,11614,11615,1.111,0.111,13.75
1474,11616,11617,5.222,0.694,66.05
1475,11618,11619,2.0,0.0,22.8
1476,11620,11621,4.5,0.5,66.57
1477,11622,11623,7.5,0.5,107.93
1478,11624,11625,4.0,0.0,54.7
1479,11626,11627,3.0,0.0,42.53
1480,11628,11629,3.0,0.0,38.42
1481,11630,11631,1.5,0.5,23.0
1482,11636,11637,1.5,0.5,18.73
1483,11638,11639,2.0,0.0,23.87
1484,11640,11641,6.5,0.5,85.13
1485,11642,11643,10.5,0.5,146.76
1486,11644,11645,8.538,29.603,89.51
1487,11646,11647,1.923,0.244,24.78
1488,11648,11649,2.538,0.436,32.67
1489,11650,11651,4.909,29.491,40.98
1490,11652,11653,6.818,0.564,92.3
1491,11658,11659,3.667,0.267,41.76
1492,11662,11663,21.333,575.467,42.09
1493,11664,11665,10.333,5.467,157.13
1494,11666,11667,16.429,36.619,312.16
1495,11678,11679,8.75,1.583,99.45
1496,11680,11681,8.75,0.917,113.68
1497,11682,11683,2.25,0.25,29.1
1498,11686,11687,1.5,0.5,15.49
1499,11688,11689,7.0,7.0,79.36
1500,11706,11707,2.0,0.0,8.7
1501,11742,11743,67.0,79.0,138.8
1502,11750,11751,6.4,0.489,86.12
1503,11752,11753,4.909,0.691,63.85
1504,11756,11757,4.0,0.167,51.71
1505,11790,11791,3.423,0.254,44.94
1506,11792,11793,4.654,0.475,61.32
1507,11822,11823,10.333,4.833,101.05
1508,11824,11825,2.048,0.148,26.68
1509,11826,11827,10.667,6.433,136.87
1510,11828,11829,40.333,124.333,173.99
1511,11830,11831,15.0,0.0,75.97
1512,11850,11851,10.0,0.0,11.34
1513,11856,11857,2.333,0.242,36.38
1514,11864,11865,13.0,0.0,25.14
1515,11866,11867,56.0,0.0,100.99
1516,11868,11869,63.0,0.0,115.25
1517,11894,11895,2.0,0.0,17.93
1518,11896,11897,3.333,0.333,43.87
1519,11898,11899,2.0,0.0,22.27
1520,11912,11913,2.242,0.189,26.99
1521,11914,11915,1.152,0.133,14.21
1522,11928,11929,37.0,0.0,188.38
1523,11930,11931,40.0,0.0,196.71
1524,11932,11933,3.0,0.0,15.21
1525,11954,11955,10.0,0.0,72.49
1526,11956,11957,4.0,0.0,25.05
1527,11980,11981,1.529,0.265,34.21
1528,11982,11983,4.059,0.309,84.08
1529,11984,11985,2.882,0.235,53.69
1530,11988,11989,5.636,0.255,75.14
1531,11990,11991,5.818,0.164,79.43
1532,11992,11993,6.364,0.455,88.51
1533,11994,11995,2.273,0.218,29.45
1534,11996,11997,5.0,0.4,68.02
1535,11998,11999,2.222,0.194,30.28
1536,12000,12001,1.111,0.111,14.95
1537,12002,12003,1.25,0.25,21.45
1538,12004,12005,5.111,0.361,71.39
1539,12006,12007,4.4,0.933,60.67
1540,12008,12009,1.75,0.25,22.4
1541,12010,12011,3.75,0.25,46.71
1542,12012,12013,3.444,15.778,30.32
1543,12014,12015,2.0,0.2,27.71
1544,12016,12017,1.4,0.267,14.72
1545,12018,12019,6.556,0.528,89.17
1546,12020,12021,1.4,0.267,16.92
1547,12022,12023,1.75,0.25,25.16
1548,12024,12025,4.75,0.25,61.97
1549,12026,12027,10.143,0.476,130.83
1550,12028,12029,5.625,0.783,68.28
1551,12030,12031,1.938,0.062,22.26
1552,12032,12033,2.294,3.596,21.26
1553,12034,12035,5.941,1.559,67.37
1554,12036,12037,4.059,0.559,51.43
1555,12038,12039,2.0,0.125,20.9
1556,12040,12041,12.0,2.0,94.81
1557,12044,12045,3.8,0.7,45.23
1558,12046,12047,3.4,0.3,33.91
1559,12050,12051,4.0,0.5,49.09
1560,12052,12053,7.0,1.5,84.59
1561,12054,12055,19.8,135.7,21.49
1562,12066,12067,2.0,0.0,13.24
1563,12074,12075,2.0,0.0,9.74
1564,12080,12081,3.8,16.7,7.82
1565,12082,12083,1.6,0.3,8.48
1566,12100,12101,8.667,2.333,38.66
1567,12102,12103,2.0,0.0,7.1
1568,12104,12105,10.0,0.0,36.97
1569,12110,12111,7.0,0.667,89.74
1570,12112,12113,1.3,0.233,15.82
1571,12114,12115,8.375,0.268,64.02
1572,12116,12117,12.0,0.571,93.13
1573,12118,12119,4.125,0.125,32.29
1574,12120,12121,8.333,4.333,103.35
1575,12122,12123,3.0,0.667,21.3
1576,12124,12125,3.25,0.25,23.33
1577,12126,12127,8.0,4.667,56.34
1578,12128,12129,5.667,1.333,39.61
1579,12130,12131,3.5,0.5,25.16
1580,12134,12135,11.5,0.5,94.2
1581,12138,12139,11.364,3.255,148.33
1582,12140,12141,19.857,726.929,21.0
1583,12142,12143,18.87,331.391,46.76
1584,12162,12163,2.0,0.0,20.16
1585,12164,12165,2.5,0.5,19.82
1586,12170,12171,7.25,0.25,89.83
1587,12172,12173,16.0,2.667,199.05
1588,12174,12175,5.75,0.917,72.59
1589,12178,12179,2.8,0.2,36.27
1590,12180,12181,1.8,0.2,20.6
1591,12182,12183,4.0,0.4,37.31
1592,12184,12185,1.667,0.267,23.82
1593,12186,12187,7.333,0.267,91.65
1594,12188,12189,2.5,0.5,37.58
1595,12190,12191,4.0,0.0,58.75
1596,12200,12201,2.0,0.0,17.06
1597,12202,12203,4.0,0.0,32.91
1598,12204,12205,2.0,0.0,14.78
1599,12208,12209,10.0,0.0,82.1
1600,12210,12211,17.0,3.0,125.77
1601,12218,12219,5.0,0.0,35.91
1602,12220,12221,2.0,0.0,12.53
1603,12236,12237,3.304,0.221,41.09
1604,12242,12243,1.444,0.278,29.43
1605,12244,12245,9.917,1.538,225.84
1606,12246,12247,17.583,4.811,215.11
1607,12248,12249,2.0,0.0,16.98
1608,12264,12265,1.143,0.143,9.73
1609,12280,12281,8.0,0.0,55.27
1610,12282,12283,5.0,0.0,38.61
1611,12284,12285,18.0,0.0,75.44
1612,12292,12293,10.429,14.952,18.78
1613,12294,12295,32.0,459.0,44.09
1614,12296,12297,6.0,0.0,27.99
1615,12298,12299,6.0,0.0,26.37
1616,12300,12301,2.625,2.268,11.36
1617,12302,12303,2.0,3.0,2.32
1618,12304,12305,2.625,1.125,16.06
1619,12314,12315,7.0,0.0,43.26
1620,12316,12317,3.0,0.0,17.79
1621,12350,12351,11.333,1.333,82.4
1622,12352,12353,2.667,0.333,19.06
1623,12354,12355,11.0,0.0,71.83
1624,12382,12383,10.0,0.0,76.37
1625,12390,12391,2.824,0.404,36.89
1626,12392,12393,2.667,0.353,34.73
1627,12394,12395,5.222,0.654,65.37
1628,12396,12397,3.75,0.197,42.14
1629,12408,12409,2.0,0.0,13.59
1630,12412,12413,3.0,0.0,28.77
1631,12430,12431,14.0,0.0,107.08
1632,12438,12439,6.0,0.0,13.91
1633,12440,12441,9.0,0.0,16.46
1634,12442,12443,12.0,0.0,27.27
1635,12446,12447,2.714,0.238,31.41
1636,12448,12449,3.429,0.619,45.36
1637,12450,12451,2.429,0.286,33.46
1638,12452,12453,10.375,2.554,141.1
1639,12454,12455,6.444,1.278,83.44
1640,12456,12457,4.333,0.25,57.16
1641,12458,12459,7.0,0.0,46.0
1642,12476,12477,6.0,0.0,21.84
1643,12478,12479,6.0,0.0,19.06
1644,12482,12483,8.0,0.0,36.67
1645,12484,12485,6.0,0.0,31.73
1646,12498,12499,21.0,0.0,36.85
1647,12506,12507,1.25,0.25,3.01
1648,12508,12509,18.0,18.0,36.8
1649,12510,12511,31.5,31.0,63.2
1650,12512,12513,10.0,7.0,19.71
1651,12514,12515,6.5,60.5,0.2
1652,12516,12517,103.0,571.0,207.25
1653,12518,12519,74.0,0.0,155.47
1654,12548,12549,34.0,0.0,263.81
1655,12550,12551,8.0,0.0,63.67
1656,12556,12557,3.0,0.0,24.62
1657,12558,12559,10.0,0.0,84.21
1658,12568,12569,3.0,0.0,22.71
1659,12576,12577,5.0,0.0,52.18
1660,12582,12583,45.0,0.0,353.57
1661,12592,12593,1.848,0.195,22.83
1662,12596,12597,4.606,0.309,54.85
1663,12598,12599,1.576,0.252,19.86
1664,12600,12601,2.941,0.239,36.77
1665,12602,12603,1.559,0.254,19.19
1666,12604,12605,7.467,0.552,95.43
1667,12606,12607,8.267,1.21,103.85
1668,12608,12609,2.133,0.267,25.91
1669,12610,12611,7.929,84.687,23.19
1670,12620,12621,8.5,0.5,59.58
1671,12622,12623,3.3,0.233,44.13
1672,12624,12625,8.818,0.964,120.12
1673,12626,12627,1.727,0.218,17.75
1674,12636,12637,8.538,1.603,109.36
1675,12640,12641,14.0,0.0,66.5
1676,12642,12643,8.0,0.0,38.4
1677,12650,12651,9.0,0.0,43.02
1678,12700,12701,3.0,0.0,10.79
1679,12702,12703,3.0,0.0,16.61
1680,12716,12717,73.0,0.0,2.66
1681,12736,12737,57.0,0.0,0.96
1682,12756,12757,27.143,169.143,22.61
1683,12758,12759,1.615,0.256,18.42
1684,12760,12761,3.923,0.41,49.55
1685,12766,12767,2.0,0.0,11.12
1686,12770,12771,1.3,0.233,9.82
1687,12772,12773,7.75,0.5,90.33
1688,12776,12777,2.375,0.268,25.89
1689,12780,12781,4.125,0.411,47.36
1690,12782,12783,2.375,0.268,28.17
1691,12848,12849,8.0,0.0,41.64
1692,12862,12863,11.0,0.0,61.09
1693,12864,12865,17.0,0.0,77.68
1694,12896,12897,7.0,0.0,34.06
1695,12942,12943,5.0,1.0,20.56
1696,12978,12979,4.5,0.5,21.39
1697,12982,12983,18.0,0.0,83.44
1698,13004,13005,3.0,0.0,16.4
1699,13032,13033,13.0,0.0,73.15
1700,13110,13111,11.0,0.0,54.92
1701,13154,13155,7.4,1.3,52.61
1702,13156,13157,8.4,2.3,61.79
1703,13160,13161,22.0,0.0,94.01
1704,13162,13163,36.5,24.5,179.43
1705,13164,13165,4.5,0.5,19.41
1706,13186,13187,36.0,0.0,160.93
1707,13226,13227,15.0,0.0,113.85
1708,13228,13229,3.0,0.0,21.66
1709,13230,13231,5.0,0.0,40.51
1710,13232,13233,8.0,0.0,56.36
1711,13298,13299,2.0,0.0,14.63
1712,13300,13301,5.2,0.7,54.78
1713,13302,13303,4.333,0.267,65.29
1714,13304,13305,8.5,0.3,138.46
1715,13306,13307,2.0,0.8,32.25
1716,13308,13309,7.0,0.8,117.35
1717,13310,13311,10.333,1.515,251.82
1718,13312,13313,10.417,0.811,219.66
1719,13316,13317,76.0,0.0,391.04
1720,13322,13323,99.0,0.0,452.96
1721,13324,13325,11.0,0.0,44.79
1722,13330,13331,6.0,0.0,26.73
1723,13332,13333,11.0,0.0,52.44
1724,13334,13335,10.0,0.0,47.98
1725,13336,13337,5.0,0.0,24.49
1726,13340,13341,8.0,0.0,46.51
1727,13376,13377,123.0,10816.0,12.56
1728,13378,13379,55.333,3614.333,39.89
1729,13382,13383,4.0,1.0,28.05
1730,13384,13385,10.0,2.0,122.17
1731,13408,13409,3.0,0.0,17.13
1732,13422,13423,17.0,0.0,80.69
1733,13424,13425,6.714,1.238,69.53
1734,13426,13427,2.286,0.238,27.77
1735,13444,13445,9.667,0.333,111.56
1736,13446,13447,19.667,1.333,235.32
1737,13448,13449,10.667,0.333,107.93
1738,13494,13495,12.0,2.0,95.71
1739,13496,13497,4.0,0.0,33.64
1740,13498,13499,15.0,0.0,114.22
1741,13512,13513,174.0,0.0,938.89
1742,13514,13515,30.0,0.0,162.29
1743,13524,13525,7.0,0.0,41.59
1744,13540,13541,9.261,0.929,139.23
1745,13544,13545,8.0,0.0,51.18
1746,13574,13575,5.0,0.0,21.72
1747,13576,13577,2.0,0.0,11.1
1748,13578,13579,2.8,0.314,17.42
1749,13580,13581,3.467,1.838,40.25
1750,13600,13601,3.0,0.0,30.79
1751,13610,13611,2.923,0.244,33.53
1752,13612,13613,10.385,1.423,123.75
1753,13628,13629,10.0,0.0,47.17
1754,13634,13635,30.0,0.0,138.8
1755,13640,13641,5.0,0.0,34.03
1756,13642,13643,11.0,0.0,81.18
1757,13644,13645,8.0,0.0,60.94
1758,13654,13655,11.5,12.5,69.32
1759,13656,13657,8.0,2.0,59.02
1760,13658,13659,8.0,2.0,58.51
1761,13694,13695,14.0,2.0,62.7
1762,13722,13723,12.0,0.0,65.89
1763,13848,13849,73.0,0.0,150.73
1764,13854,13855,31.0,0.0,266.22
1765,13858,13859,8.0,0.0,19.22
1766,13860,13861,7.0,0.0,56.18
1767,13876,13877,3.0,0.0,18.24
1768,13910,13911,25.0,578.0,85.82
1769,13912,13913,3.5,0.5,38.0
1770,13916,13917,3.0,0.0,28.32
1771,13930,13931,62.0,0.0,105.6
1772,13940,13941,24.0,0.0,48.92
1773,13942,13943,12.0,0.0,22.62
1774,13946,13947,2.667,2.333,10.88
1775,13948,13949,4.0,1.0,28.39
1776,13950,13951,1.5,0.5,15.8
1777,13952,13953,6.5,0.5,46.03
1778,13968,13969,5.0,0.0,35.75
1779,14026,14027,4.857,0.81,63.63
1780,14028,14029,2.571,0.286,34.05
1781,14030,14031,4.857,27.67,38.65
1782,14032,14033,3.889,0.111,51.5
1783,14034,14035,4.667,0.75,61.95
1784,14066,14067,7.0,0.0,59.48
1785,14068,14069,4.0,0.0,31.7
1786,14072,14073,10.0,1.0,88.77
1787,14076,14077,4.667,0.333,35.83
1788,14078,14079,11.0,0.0,93.01
1789,14080,14081,3.333,0.333,30.88
1790,14082,14083,13.333,0.333,113.72
1791,14084,14085,7.0,0.0,28.81
1792,14106,14107,170.0,0.0,57.04
1793,14108,14109,3.0,0.0,34.76
1794,14110,14111,13.0,0.0,163.68
1795,14112,14113,2.0,0.0,25.24
1796,14118,14119,1.25,0.25,13.4
1797,14120,14121,3.333,0.424,42.16
1798,14122,14123,20.143,235.824,43.47
1799,14124,14125,5.0,0.0,40.38
1800,14126,14127,2.0,0.0,21.32
1801,14128,14129,7.0,0.0,54.73
1802,14130,14131,5.0,0.0,74.22
1803,14132,14133,21.0,0.0,151.88
1804,14134,14135,8.0,0.0,60.65
1805,14138,14139,5.0,2.0,40.87
1806,14140,14141,3.0,2.0,25.11
1807,14142,14143,3.5,0.5,26.29
1808,14144,14145,2.235,0.191,27.98
1809,14150,14151,6.0,0.0,54.66
1810,14158,14159,1.931,0.138,24.65
1811,14160,14161,2.643,0.312,33.87
1812,14162,14163,4.321,0.3,53.54
1813,14174,14175,1.375,0.268,8.34
1814,14176,14177,3.5,0.857,39.73
1815,14178,14179,6.333,0.267,87.08
1816,14180,14181,8.857,0.81,116.22
1817,14182,14183,5.571,0.619,71.41
1818,14184,14185,3.5,0.5,36.49
1819,14188,14189,7.0,0.0,48.06
1820,14190,14191,10.0,0.667,72.77
1821,14196,14197,3.0,0.0,18.47
1822,14198,14199,2.0,0.0,8.06
1823,14200,14201,9.0,0.0,61.98
1824,14202,14203,4.0,0.0,30.34
1825,14204,14205,9.0,0.0,64.2
1826,14206,14207,9.0,0.0,60.21
1827,14208,14209,2.0,0.0,19.13
1828,14212,14213,6.0,0.0,79.85
1829,14216,14217,11.833,30.167,87.61
1830,14218,14219,3.25,0.214,24.01
1831,14220,14221,2.0,0.0,16.62
1832,14254,14255,15.625,0.554,204.9
1833,14256,14257,4.364,0.255,50.38
1834,14258,14259,12.091,1.291,134.94
1835,14260,14261,1.143,0.132,14.52
1836,14262,14263,1.786,0.643,21.77
1837,14264,14265,3.5,0.7,25.07
1838,14272,14273,14.875,2.125,323.52
1839,14274,14275,4.714,0.238,98.88
1840,14276,14277,1.714,0.238,26.72
1841,14282,14283,3.0,0.0,15.21
1842,14292,14293,12.0,0.0,152.62
1843,14294,14295,3.6,0.3,27.28
1844,14296,14297,6.0,0.667,51.13
1845,14298,14299,3.25,0.25,27.33
1846,14302,14303,26.556,500.528,24.63
1847,14304,14305,14.444,169.028,59.25
1848,14306,14307,2.0,0.5,15.68
1849,14310,14311,9.0,2.0,68.92
1850,14312,14313,2.125,0.125,17.75
1851,14320,14321,95.0,0.0,141.53
1852,14332,14333,3.0,0.0,22.24
1853,14334,14335,3.0,0.0,46.74
1854,14344,14345,5.5,0.5,14.16
1855,14366,14367,21.0,0.0,41.86
1856,14384,14385,6.0,0.0,25.19
1857,14388,14389,5.0,0.0,25.45
1858,14390,14391,2.0,0.0,8.96
1859,14398,14399,21.0,0.0,101.65
1860,14404,14405,4.636,0.255,70.06
1861,14412,14413,10.0,0.0,69.92
1862,14426,14427,4.0,0.0,27.34
1863,14430,14431,3.0,0.0,22.01
1864,14432,14433,2.111,0.105,28.77
1865,14438,14439,23.0,2.0,305.31
1866,14440,14441,3.0,0.0,33.54
1867,14442,14443,6.0,0.0,77.08
1868,14466,14467,122.0,0.0,502.82
1869,14468,14469,48.0,0.0,319.64
1870,14470,14471,22.0,0.0,158.08
1871,14476,14477,4.818,0.564,56.47
1872,14484,14485,11.667,2.333,126.99
1873,14486,14487,4.333,0.333,35.48
1874,14488,14489,1.5,0.273,18.89
1875,14490,14491,1.25,0.205,14.11
1876,14492,14493,5.75,0.386,70.23
1877,14510,14511,5.0,0.0,36.26
1878,14512,14513,5.0,0.0,40.63
1879,14514,14515,2.0,0.0,14.91
1880,14516,14517,5.5,0.5,43.37
1881,14518,14519,8.0,2.0,68.3
1882,14520,14521,5.667,2.333,40.9
1883,14532,14533,3.667,0.333,26.28
1884,14534,14535,13.667,2.333,106.67
1885,14550,14551,3.5,0.5,26.43
1886,14552,14553,8.0,0.0,58.4
1887,14586,14587,6.5,1.1,48.25
1888,14588,14589,4.0,0.4,29.6
1889,14596,14597,12.0,0.0,97.01
1890,14600,14601,3.5,0.5,35.47
1891,14606,14607,1.333,0.333,14.39
1892,14608,14609,2.333,0.333,19.34
1893,14618,14619,11.0,0.0,56.07
1894,14622,14623,8.0,0.0,46.35
1895,14664,14665,3.0,0.0,15.39
1896,14666,14667,2.0,0.0,13.49
1897,14694,14695,20.0,0.0,176.48
1898,14696,14697,3.0,0.0,28.77
1899,14698,14699,11.5,0.5,61.58
1900,14700,14701,20.0,2.0,107.44
1901,14702,14703,11.5,0.5,61.48
1902,14704,14705,3.5,0.5,17.99
1903,14720,14721,10.0,2.0,81.93
1904,14722,14723,1.5,0.5,11.43
1905,14724,14725,6.0,2.0,46.4
1906,14728,14729,2.0,0.0,13.61
1907,14730,14731,11.0,2.0,91.25
1908,14742,14743,49.0,0.0,268.53
1909,14744,14745,53.0,0.0,290.8
1910,14774,14775,3.5,0.5,20.27
1911,14780,14781,4.5,0.5,23.84
1912,14820,14821,13.167,2.167,93.71
1913,14850,14851,131.0,0.0,776.82
1914,14852,14853,11.0,0.0,65.78
1915,14860,14861,97.0,32.0,523.45
1916,14872,14873,7.5,0.5,21.51
1917,14874,14875,3.0,0.0,26.07
1918,14876,14877,2.0,0.0,27.49
1919,14882,14883,2.0,0.0,28.82
1920,14886,14887,8.333,0.333,102.37
1921,14888,14889,4.667,1.333,44.07
1922,14890,14891,2.25,0.25,26.45
1923,14904,14905,10.0,0.0,44.49
1924,14906,14907,11.143,3.81,217.67
1925,14908,14909,6.25,13.071,95.24
1926,14910,14911,2.4,0.267,25.2
1927,14948,14949,17.0,0.0,64.75
1928,14950,14951,24.571,17.619,421.77
1929,14952,14953,2.0,0.0,40.06
1930,14954,14955,24.0,0.0,449.23
1931,14956,14957,8.0,0.0,151.09
1932,14958,14959,6.0,0.0,114.71
1933,14960,14961,2.0,0.0,33.37
1934,14962,14963,2.0,0.0,41.41
1935,14972,14973,8.2,0.2,60.87
1936,14974,14975,2.0,0.0,18.58
1937,15010,15011,3.0,0.0,27.01
1938,15162,15163,11.0,0.0,60.3
1939,15164,15165,5.0,0.0,28.11
1940,15180,15181,2.0,0.0,10.62
1941,15190,15191,73.0,0.0,306.63
1942,15224,15225,29.2,203.833,227.65
1943,15226,15227,6.6,0.5,102.72
1944,15228,15229,5.56,0.257,88.98
1945,15230,15231,4.667,0.493,68.0
1946,15232,15233,2.382,0.546,27.22
1947,15234,15235,2.824,0.21,34.56
1948,15240,15241,31.667,10.5,145.74
1949,15262,15263,2.0,0.0,7.45
1950,15264,15265,7.0,2.0,35.7
1951,15266,15267,11.0,0.0,59.72
1952,15272,15273,4.0,0.0,19.04
1953,15288,15289,9.0,0.0,53.04
1954,15312,15313,3.0,2.0,6.45
1955,15334,15335,5.0,0.0,21.67
1956,15336,15337,29.0,0.0,156.9
1957,15358,15359,2.0,0.0,32.92
1958,15360,15361,11.0,0.0,107.05
1959,15362,15363,19.0,0.0,22.79
1960,15364,15365,8.0,0.667,111.27
1961,15370,15371,8.667,0.333,116.31
1962,15372,15373,17.0,0.0,52.83
1963,15376,15377,6.0,0.0,96.58
1964,15378,15379,14.5,4.5,195.33
1965,15486,15487,20.6,448.779,31.1
1966,15488,15489,3.1,18.2,25.3
1967,15492,15493,18.0,0.0,230.81
1968,15494,15495,8.5,0.722,177.78
1969,15496,15497,9.333,0.333,101.13
1970,15498,15499,7.833,0.567,35.91
1971,15500,15501,50.2,26.7,255.28
1972,15502,15503,25.0,20.667,122.61
1973,15504,15505,28.6,32.3,146.96
1974,15506,15507,75.667,149.333,437.93
1975,15508,15509,23.0,18.0,131.96
1976,15512,15513,13.278,161.389,39.49
1977,15514,15515,1.667,4.0,5.3
1978,15516,15517,1.733,3.21,15.28
1979,15518,15519,6.688,2.763,77.65
1980,15522,15523,40.0,0.0,83.51
1981,15524,15525,6.778,2.418,77.43
1982,15526,15527,7.5,0.735,83.98
1983,15534,15535,5.0,0.0,36.05
1984,15544,15545,5.0,0.0,49.02
1985,15570,15571,24.0,0.0,186.09
1986,15576,15577,53.0,0.0,232.1
1987,15582,15583,12.286,27.905,108.38
1988,15584,15585,5.143,0.81,59.4
1989,15586,15587,10.667,2.267,132.21
1990,15588,15589,1.833,0.167,17.09
1991,15590,15591,6.333,0.333,44.23
1992,15592,15593,5.0,0.0,39.49
1993,15594,15595,20.0,3.0,153.66
1994,15596,15597,6.333,0.333,46.41
1995,15598,15599,4.0,0.0,46.98
1996,15600,15601,2.0,0.0,9.69
1997,15610,15611,2.0,0.0,10.42
1998,15632,15633,8.0,0.0,41.14
1999,15674,15675,9.0,0.0,40.95
2000,15706,15707,4.0,0.0,25.79
2001,15710,15711,2.467,0.267,27.4
2002,15712,15713,3.533,0.41,45.06
2003,15718,15719,7.0,0.0,53.52
2004,15720,15721,9.0,0.0,72.6
2005,15722,15723,33.0,0.0,25.37
2006,15724,15725,3.059,0.309,37.0
2007,15730,15731,3.5,0.265,41.82
2008,15732,15733,10.0,0.625,119.98
2009,15734,15735,5.0,1.375,41.95
2010,15736,15737,2.75,0.467,29.96
2011,15738,15739,2.154,0.308,26.07
2012,15742,15743,1.308,0.231,16.97
2013,15744,15745,5.538,6.769,61.58
2014,15746,15747,28.5,226.278,35.63
2015,15752,15753,56.667,2274.095,74.76
2016,15754,15755,90.125,2488.917,72.97
2017,15758,15759,28.0,0.0,131.77
2018,15760,15761,13.0,0.0,58.51
2019,15762,15763,57.5,0.5,269.05
2020,15764,15765,48.5,12.5,239.42
2021,15774,15775,6.0,0.0,25.85
2022,15824,15825,11.0,0.0,86.12
2023,15894,15895,3.0,1.0,21.95
2024,15896,15897,19.0,1.0,274.81
2025,15898,15899,23.333,1064.333,45.8
2026,15902,15903,4.0,0.0,34.9
2027,15904,15905,13.4,147.894,43.94
2028,15908,15909,1.5,0.5,12.1
2029,15910,15911,4.0,0.0,28.63
2030,15916,15917,4.5,0.5,30.09
2031,15918,15919,13.0,0.0,114.24
2032,15926,15927,3.0,0.0,16.51
2033,15936,15937,3.556,0.278,45.87
2034,15944,15945,11.917,193.72,10.41
2035,15946,15947,21.182,476.764,55.75
2036,15954,15955,2.0,0.0,8.45
2037,15956,15957,1.5,0.5,11.69
2038,15972,15973,6.818,0.764,88.46
2039,15974,15975,6.0,2.0,71.58
2040,15978,15979,10.0,1.0,114.31
2041,15980,15981,2.0,0.0,25.49
2042,15982,15983,3.667,0.333,44.73
2043,15984,15985,30.667,2.333,379.48
2044,15986,15987,2.667,0.333,20.32
2045,15988,15989,42.667,2.333,307.38
2046,16010,16011,3.0,0.0,14.75
2047,16032,16033,18.0,0.0,88.98
2048,16074,16075,21.111,9.611,389.64
2049,16076,16077,22.333,11.25,425.02
2050,16078,16079,7.333,0.75,130.06
2051,16080,16081,12.25,3.643,180.72
2052,16102,16103,5.0,0.0,44.08
2053,16182,16183,30.0,0.0,163.28
2054,16194,16195,4.5,0.5,32.48
2055,16196,16197,2.0,0.0,7.09
2056,16204,16205,2.333,0.333,21.04
2057,16206,16207,5.0,0.0,72.09
2058,16208,16209,3.667,0.333,56.66
2059,16212,16213,15.0,0.0,78.43
2060,16214,16215,26.0,0.0,133.8
2061,16216,16217,8.0,0.0,42.59
2062,16218,16219,5.467,0.838,67.09
2063,16226,16227,16.25,10.25,209.79
2064,16228,16229,5.5,1.0,69.74
2065,16234,16235,1.161,0.54,10.44
2066,16274,16275,1.409,0.253,18.59
2067,16280,16281,2.0,0.0,17.05
2068,16282,16283,11.0,0.0,114.15
2069,16288,16289,3.0,0.0,19.79
2070,16300,16301,2.0,0.0,32.82
2071,16308,16309,1.5,0.5,14.69
2072,16314,16315,1.167,0.147,14.74
2073,16344,16345,7.714,0.905,97.22
2074,16346,16347,3.714,0.238,48.84
2075,16348,16349,5.429,0.619,73.59
2076,16350,16351,2.0,0.0,18.54
2077,16378,16379,56.5,4.5,292.08
2078,16384,16385,10.0,0.0,90.77
2079,16388,16389,27.0,0.0,205.98
2080,16390,16391,49.0,0.0,431.5
2081,16394,16395,9.36,0.74,144.89
2082,16418,16419,3.0,0.667,23.1
2083,16432,16433,9.0,0.0,35.76
2084,16436,16437,2.0,0.0,16.85
2085,16442,16443,5.0,0.0,50.51
2086,16462,16463,3.0,0.0,15.33
2087,16490,16491,6.0,0.0,27.42
2088,16500,16501,3.556,0.528,43.37
2089,16510,16511,29.333,1241.333,75.72
2090,16512,16513,5.5,0.5,80.24
2091,16514,16515,1.5,0.5,20.73
2092,16516,16517,1.5,0.5,18.22
2093,16518,16519,6.0,0.0,85.61
2094,16520,16521,5.0,0.0,47.28
2095,16522,16523,13.806,59.19,145.02
2096,16524,16525,2.167,5.914,19.96
2097,16528,16529,4.0,0.0,18.89
2098,16532,16533,3.0,0.0,18.68
2099,16534,16535,14.0,0.0,72.64
2100,16544,16545,16.909,2.491,260.19
2101,16560,16561,10.0,2.0,179.12
2102,16566,16567,7.273,1.218,65.64
2103,16588,16589,7.0,0.0,42.15
2104,16610,16611,6.0,0.0,30.51
2105,16624,16625,4.0,0.0,37.72
2106,16650,16651,5.0,0.0,25.27
2107,16654,16655,5.333,0.667,69.78
2108,16658,16659,16.2,1.2,253.03
2109,16660,16661,30.2,6.7,482.97
2110,16670,16671,15.0,0.667,110.66
2111,16672,16673,5.333,0.333,39.78
2112,16674,16675,1.667,0.333,7.24
2113,16678,16679,5.0,0.0,28.02
2114,16680,16681,22.0,0.0,140.71
2115,16682,16683,26.0,0.0,166.63
2116,16686,16687,4.5,0.5,35.27
2117,16688,16689,12.5,0.5,85.46
2118,16690,16691,1.5,0.278,11.76
2119,16692,16693,4.5,0.722,32.09
2120,16694,16695,1.4,0.267,10.02
2121,16696,16697,13.2,4.178,158.93
2122,16698,16699,5.0,0.444,61.05
2123,16700,16701,2.364,0.255,27.95
2124,16702,16703,3.636,0.455,45.13
2125,16706,16707,3.545,0.473,44.58
2126,16736,16737,7.0,0.0,76.17
2127,16814,16815,1.5,0.333,9.54
2128,16842,16843,3.0,0.0,20.58
2129,16844,16845,1.5,0.5,14.04
2130,16860,16861,2.0,0.0,9.16
2131,16900,16901,1.067,0.067,14.08
2132,16904,16905,1.75,0.25,18.04
2133,16926,16927,8.364,2.055,80.26
2134,16932,16933,6.0,0.0,23.63
2135,16934,16935,10.0,0.0,41.87
2136,16944,16945,1.833,0.147,20.62
2137,16948,16949,7.0,0.0,59.59
2138,16952,16953,4.667,0.667,58.29
2139,16954,16955,1.667,0.267,20.49
2140,16956,16957,4.333,0.667,54.7
2141,16958,16959,4.143,0.143,51.59
2142,16960,16961,2.714,0.238,33.88
2143,16962,16963,4.0,0.0,31.35
2144,16964,16965,4.5,0.5,42.8
2145,16966,16967,22.0,0.0,38.71
2146,16972,16973,1.25,0.25,6.71
2147,16980,16981,5.5,0.5,25.96
2148,16986,16987,1.875,0.125,19.52
2149,16990,16991,24.6,567.8,18.27
2150,16992,16993,6.0,0.0,43.61
2151,16994,16995,4.0,0.0,33.01
2152,16998,16999,14.0,0.0,117.23
2153,17014,17015,10.0,0.0,90.54
2154,17038,17039,6.4,0.3,78.59
2155,17040,17041,4.6,0.8,73.55
2156,17042,17043,6.2,0.7,100.12
2157,17048,17049,4.333,0.333,30.98
2158,17050,17051,6.667,0.333,55.44
2159,17064,17065,1.4,0.3,19.11
2160,17066,17067,1.4,0.3,16.64
2161,17068,17069,2.2,0.2,25.92
2162,17126,17127,20.409,7.015,530.03
2163,17134,17135,6.571,0.357,96.28
2164,17152,17153,5.0,0.0,51.08
2165,17164,17165,2.0,0.0,23.85
2166,17166,17167,2.0,0.0,21.08
2167,17188,17189,14.333,457.333,16.26
2168,17190,17191,1.333,0.333,13.6
2169,17192,17193,2.0,0.0,24.87
2170,17194,17195,15.333,82.333,39.24
2171,17196,17197,9.0,2.0,129.49
2172,17198,17199,4.0,0.0,37.34
2173,17200,17201,1.071,0.071,18.83
2174,17202,17203,20.0,0.0,79.74
2175,17210,17211,5.5,0.5,36.35
2176,17232,17233,3.895,0.099,40.36
2177,17234,17235,9.96,68.873,35.77
2178,17236,17237,2.696,4.403,23.82
2179,17238,17239,3.348,0.419,38.86
2180,17240,17241,1.478,0.352,17.73
2181,17242,17243,4.478,0.443,55.9
2182,17244,17245,1.783,0.178,22.81
2183,17250,17251,1.062,0.062,13.51
2184,17256,17257,5.5,0.333,45.67
2185,17264,17265,2.75,0.205,42.06
2186,17266,17267,1.833,0.152,22.76
2187,17268,17269,2.167,0.152,31.38
2188,17270,17271,9.833,71.606,78.76
2189,17272,17273,5.3,48.233,13.76
2190,17286,17287,4.0,0.667,30.77
2191,17288,17289,4.222,1.007,34.27
2192,17290,17291,2.222,0.301,17.26
2193,17292,17293,17.4,156.829,75.43
2194,17300,17301,101.0,0.0,558.75
2195,17304,17305,3.0,0.0,18.68
2196,17310,17311,7.5,0.5,34.46
2197,17312,17313,4.0,0.0,19.54
2198,17316,17317,2.333,0.333,10.96
2199,17318,17319,8.75,0.25,43.89
2200,17322,17323,7.667,2.333,81.96
2201,17324,17325,2.0,0.0,11.35
2202,17336,17337,4.0,0.0,30.61
2203,17338,17339,22.0,0.0,171.15
2204,17344,17345,2.0,0.0,11.67
2205,17354,17355,13.0,0.0,70.9
2206,17360,17361,10.5,0.5,80.01
2207,17362,17363,13.0,0.0,100.09
2208,17364,17365,12.0,0.0,56.47
2209,17368,17369,14.0,0.0,57.37
2210,17386,17387,7.0,0.0,69.73
2211,17400,17401,14.0,0.0,72.26
2212,17450,17451,18.0,0.0,83.93
2213,17452,17453,9.5,4.5,46.9
2214,17470,17471,8.5,3.0,43.47
2215,17496,17497,3.0,0.0,14.84
2216,17502,17503,13.0,0.0,51.78
2217,17512,17513,4.0,0.0,14.5
2218,17564,17565,8.0,0.0,38.17
2219,17568,17569,4.0,0.0,17.33
2220,17622,17623,14.0,0.0,55.01
2221,17656,17657,6.0,0.0,33.67
2222,17678,17679,6.0,0.0,37.93
2223,17688,17689,6.0,0.0,33.23
2224,17714,17715,42.333,56.333,192.19
2225,17716,17717,19.0,3.0,101.0
2226,17734,17735,5.0,0.0,21.64
2227,17750,17751,2.0,0.0,7.84
2228,17764,17765,13.0,0.0,62.61
2229,17870,17871,24.368,9.023,465.81
2230,17872,17873,4.053,0.164,81.48
2231,17874,17875,3.737,0.316,62.78
2232,17884,17885,2.765,0.316,57.84
2233,17936,17937,11.0,0.0,54.3
2234,18008,18009,3.0,0.222,32.97
2235,18010,18011,4.0,0.444,49.1
2236,18012,18013,1.5,0.278,15.54
2237,18014,18015,3.4,0.267,35.12
2238,18016,18017,7.455,0.673,82.55
2239,18018,18019,2.556,0.278,30.35
2240,18020,18021,4.727,0.218,53.05
2241,18026,18027,2.25,0.25,21.78
2242,18032,18033,33.5,1200.5,105.49
2243,18034,18035,9.5,188.333,10.51
2244,18036,18037,2.25,0.25,26.71
2245,18038,18039,4.0,0.0,28.33
2246,18040,18041,4.667,0.333,37.96
2247,18042,18043,10.333,0.333,77.74
2248,18044,18045,12.667,229.333,30.72
2249,18046,18047,4.667,0.5,58.51
2250,18048,18049,12.889,282.361,15.6
2251,18050,18051,47.5,407.0,65.16
2252,18052,18053,4.0,0.0,30.8
2253,18148,18149,12.0,0.0,94.64
2254,18150,18151,14.0,0.0,21.48
2255,18160,18161,12.0,0.0,58.63
2256,18162,18163,6.0,0.0,32.96
2257,18246,18247,2.0,0.0,9.28
2258,18256,18257,4.0,0.0,17.48
2259,18266,18267,11.211,2.287,143.38
2260,18268,18269,4.579,0.368,61.1
2261,18274,18275,16.0,2.0,84.34
2262,18338,18339,16.0,0.0,79.54
2263,18344,18345,19.0,0.0,95.4
2264,18358,18359,10.0,0.0,53.79
2265,18360,18361,23.0,2.0,122.85
2266,18362,18363,23.0,0.0,104.08
2267,18370,18371,19.0,0.0,93.79
2268,18388,18389,8.0,0.0,40.5
2269,18436,18437,5.5,0.5,25.59
2270,18450,18451,2.5,0.5,12.27
2271,18452,18453,12.0,0.0,42.51
2272,18466,18467,4.0,0.0,29.87
2273,18470,18471,9.0,0.0,72.17
2274,18474,18475,29.0,0.0,215.98
2275,18478,18479,23.857,60.729,198.94
2276,18480,18481,13.714,2.514,164.77
2277,18482,18483,2.143,0.129,26.56
2278,18484,18485,1.182,0.156,13.56
2279,18486,18487,40.636,57.004,426.06
2280,18488,18489,15.636,4.719,198.95
2281,18504,18505,7.0,0.0,29.53
2282,18508,18509,4.5,0.5,18.04
2283,18544,18545,7.0,0.0,34.79
2284,18580,18581,3.0,0.0,11.74
2285,18602,18603,18.0,0.0,96.42
2286,18628,18629,3.0,0.0,14.95
2287,18630,18631,23.0,0.0,131.27
2288,18632,18633,2.533,2.124,19.9
2289,18634,18635,6.667,0.238,45.44
2290,18652,18653,16.0,0.0,88.97
2291,18674,18675,19.0,0.0,111.06
2292,18684,18685,2.0,0.0,12.37
2293,18686,18687,12.0,0.0,59.62
2294,18716,18717,2.0,0.0,15.52
2295,18718,18719,12.5,12.5,57.73
2296,18720,18721,7.0,0.0,31.94
2297,18780,18781,8.0,0.0,44.46
2298,18818,18819,3.0,0.0,14.26
2299,18822,18823,5.0,0.0,19.45
2300,18834,18835,7.0,0.0,39.01
2301,18836,18837,2.0,0.0,17.33
2302,18856,18857,8.5,0.5,40.09
2303,18860,18861,25.0,0.0,60.92
2304,18864,18865,9.0,0.0,45.29
2305,18916,18917,3.0,0.0,17.13
2306,18922,18923,5.0,0.0,24.12
2307,18924,18925,4.0,0.0,17.31
2308,19002,19003,2.5,0.5,9.65
2309,19010,19011,16.667,1.333,112.3
2310,19012,19013,8.333,2.267,58.07
2311,19018,19019,4.667,0.333,36.08
2312,19026,19027,19.0,0.0,128.7
2313,19028,19029,18.5,0.5,138.4
2314,19030,19031,7.0,0.0,52.07
2315,19032,19033,10.0,0.0,74.89
2316,19034,19035,11.0,0.0,78.71
2317,19046,19047,22.0,0.0,141.49
2318,19062,19063,37.0,0.0,295.27
2319,19094,19095,4.0,0.0,0.2
2320,19096,19097,2.0,0.0,8.0
2321,19140,19141,3.947,0.608,48.73
2322,19152,19153,5.0,0.0,24.51
2323,19166,19167,2.0,0.0,27.57
2324,19168,19169,4.778,0.444,60.66
2325,19170,19171,2.222,0.444,28.13
2326,19172,19173,15.778,2.944,208.02
2327,19174,19175,1.125,0.125,12.13
2328,19176,19177,3.0,0.2,38.23
2329,19178,19179,2.091,0.291,25.22
2330,19188,19189,33.0,0.0,18.6
2331,19194,19195,5.0,0.0,29.5
2332,19212,19213,17.0,2.0,128.21
2333,19232,19233,7.0,2.0,34.14
2334,19256,19257,16.0,0.0,80.22
2335,19258,19259,9.0,0.0,43.91
2336,19284,19285,8.348,53.237,43.29
2337,19286,19287,2.348,0.237,36.31
2338,19290,19291,28.0,0.0,121.05
2339,19306,19307,8.25,3.295,159.56
2340,19332,19333,5.0,0.0,19.71
2341,19344,19345,6.143,0.143,75.33
2342,19404,19405,10.0,0.0,77.92
2343,19406,19407,4.0,0.0,24.75
2344,19408,19409,12.0,0.0,91.38
2345,19424,19425,3.0,0.0,24.38
2346,19438,19439,21.231,569.026,21.19
2347,19442,19443,2.154,0.141,12.54
2348,19446,19447,6.75,0.75,84.01
2349,19448,19449,8.154,18.141,76.63
2350,19450,19451,3.538,0.436,44.14
2351,19452,19453,5.308,0.231,65.91
2352,19454,19455,12.308,1.064,151.69
2353,19456,19457,4.308,0.397,54.76
2354,19458,19459,5.154,0.308,64.1
2355,19460,19461,9.0,1.2,114.97
2356,19464,19465,34.0,8.0,187.77
2357,19490,19491,4.0,0.0,18.77
2358,19494,19495,21.0,18.0,96.01
2359,19496,19497,2.5,0.5,10.01
2360,19528,19529,5.0,0.0,42.07
2361,19530,19531,11.0,0.0,103.64
2362,19542,19543,2.0,0.0,20.17
2363,19552,19553,2.0,0.0,6.58
2364,19554,19555,13.25,5.477,158.12
2365,19556,19557,5.583,103.174,12.2
2366,19560,19561,1.31,0.936,6.47
2367,19568,19569,11.0,8.0,98.48
2368,19572,19573,2.0,0.0,12.31
2369,19592,19593,3.0,0.0,50.99
2370,19594,19595,15.333,208.333,100.8
2371,19612,19613,7.5,0.5,41.75
2372,19614,19615,2.0,0.0,9.08
2373,19620,19621,3.0,0.0,18.89
2374,19624,19625,2.0,0.0,13.44
2375,19632,19633,17.0,0.0,100.74
2376,19634,19635,2.0,0.0,11.5
2377,19670,19671,21.0,0.0,44.28
2378,19672,19673,2.455,0.273,30.42
2379,19676,19677,16.538,235.769,27.95
2380,19678,19679,14.586,124.966,42.83
2381,19680,19681,12.412,250.632,19.04
2382,19682,19683,17.538,533.103,17.26
2383,19684,19685,26.75,573.933,26.62
2384,19686,19687,1.452,0.256,16.67
2385,19688,19689,27.357,273.632,19.51
2386,19690,19691,1.839,0.273,23.15
2387,19692,19693,35.222,797.194,27.57
2388,19694,19695,5.1,0.411,79.73
2389,19696,19697,2.348,0.328,26.15
2390,19706,19707,6.077,173.744,12.14
2391,19708,19709,25.154,750.474,25.21
2392,19710,19711,3.333,0.5,30.57
2393,19712,19713,5.375,0.268,63.91
2394,19714,19715,1.952,0.148,25.72
2395,19716,19717,3.0,0.4,38.61
2396,19718,19719,4.143,0.476,40.41
2397,19722,19723,1.6,0.3,18.44
2398,19724,19725,3.0,0.0,20.79
2399,19726,19727,4.4,0.3,60.16
2400,19728,19729,2.4,0.3,33.26
2401,19730,19731,4.2,0.2,54.68
2402,19732,19733,10.0,0.0,59.47
2403,19744,19745,8.0,0.0,115.3
2404,19748,19749,2.75,0.25,28.86
2405,19758,19759,5.167,0.167,82.23
2406,19760,19761,14.0,7.6,247.46
2407,19786,19787,35.5,480.5,19.17
2408,19798,19799,5.0,0.0,38.68
2409,19808,19809,46.412,102.632,2525.79
2410,19812,19813,7.6,0.933,159.67
2411,19816,19817,10.0,1.0,77.67
2412,19818,19819,7.071,1.61,70.9
2413,19822,19823,5.167,0.167,56.26
2414,19840,19841,6.385,0.566,81.35
2415,19842,19843,9.0,4.381,112.77
2416,19844,19845,2.455,0.355,31.1
2417,19890,19891,2.0,0.0,28.37
2418,19892,19893,5.0,0.0,57.21
2419,19894,19895,5.0,0.0,57.16
2420,19896,19897,2.0,0.0,27.69
2421,19898,19899,34.0,0.0,91.32
2422,19970,19971,9.581,104.185,32.14
2423,19972,19973,25.176,393.668,132.77
2424,19974,19975,2.727,44.97,4.02
2425,19976,19977,7.455,158.273,2.04
2426,19988,19989,4.0,0.0,35.57
2427,20014,20015,17.0,2.0,88.28
2428,20104,20105,20.5,0.5,107.59
2429,20108,20109,4.0,0.0,24.45
2430,20124,20125,4.0,0.0,17.51
2431,20138,20139,4.8,0.2,53.98
2432,20140,20141,2.8,0.2,49.53
2433,20142,20143,6.2,0.2,130.41
2434,20144,20145,1.2,0.2,21.23
2435,20146,20147,6.75,12.25,60.86
2436,20152,20153,263.5,760.5,1086.88
2437,20170,20171,10.0,0.0,47.21
2438,20206,20207,29.0,0.0,146.71
2439,20212,20213,5.0,0.0,22.08
2440,20246,20247,4.0,0.0,18.81
2441,20254,20255,1.5,0.579,17.4
2442,20256,20257,10.1,127.147,23.49
2443,20258,20259,4.44,0.423,55.55
2444,20260,20261,8.88,83.777,78.23
2445,20262,20263,7.679,0.745,159.73
2446,20264,20265,1.882,0.11,33.56
2447,20268,20269,3.0,0.0,43.68
2448,20278,20279,2.0,0.0,0.28
2449,20308,20309,30.0,0.0,373.14
2450,20310,20311,4.75,0.917,58.7
2451,20312,20313,6.067,0.21,83.08
2452,20318,20319,1.636,0.255,10.42
2453,20320,20321,38.5,0.5,194.82
2454,20322,20323,54.0,0.0,327.62
2455,20324,20325,130.0,0.0,689.66
2456,20326,20327,22.0,0.0,117.06
2457,20334,20335,38.5,24.5,177.2
2458,20344,20345,21.0,0.0,105.38
2459,20356,20357,109.0,0.0,524.74
2460,20358,20359,7.1,0.726,111.47
2461,20382,20383,144.0,0.0,800.42
2462,20402,20403,184.5,60.5,864.72
2463,20404,20405,110.0,0.0,536.47
2464,20408,20409,48.333,4.333,252.87
2465,20410,20411,16.5,1.0,85.98
2466,20414,20415,167.0,0.0,761.98
2467,20416,20417,23.0,0.0,118.3
2468,20418,20419,33.0,0.0,160.44
2469,20420,20421,9.5,40.455,97.05
2470,20422,20423,24.2,303.511,25.12
2471,20424,20425,3.25,0.75,38.83
2472,20426,20427,1.1,0.1,10.58
2473,20428,20429,1.5,0.5,11.52
2474,20430,20431,1.8,0.2,23.38
2475,20438,20439,4.673,0.516,56.24
2476,20440,20441,2.833,16.879,7.14
2477,20444,20445,11.077,171.577,23.38
2478,20446,20447,1.688,0.362,20.9
2479,20448,20449,6.32,51.893,25.36
2480,20450,20451,14.611,3.31,187.0
2481,20452,20453,4.833,0.5,62.58
2482,20454,20455,6.25,29.841,26.31
2483,20458,20459,2.364,0.255,30.26
2484,20460,20461,1.1,0.1,11.08
2485,20462,20463,1.9,0.095,25.12
2486,20464,20465,9.6,2.989,123.22
2487,20466,20467,32.211,204.509,313.73
2488,20484,20485,10.0,0.0,51.62
2489,20494,20495,1.5,0.5,3.96
2490,20524,20525,10.0,0.0,39.41
2491,20536,20537,9.0,4.667,46.74
2492,20556,20557,9.0,0.0,41.64
2493,20558,20559,3.0,0.0,8.15
2494,20576,20577,6.0,0.0,30.61
2495,20608,20609,6.0,0.0,30.6
2496,20634,20635,6.5,0.5,30.61
2497,20664,20665,4.0,0.286,48.22
2498,20832,20833,2.667,0.233,34.67
2499,20834,20835,2.647,0.243,35.94
2500,20836,20837,1.867,0.124,21.95
2501,20838,20839,2.294,0.221,29.69
2502,20926,20927,2.0,0.0,4.04
2503,20952,20953,3.0,0.0,13.96
2504,20956,20957,7.5,0.5,38.62
2505,20980,20981,4.0,2.0,28.03
2506,20996,20997,20.0,0.0,102.21
2507,21004,21005,5.0,0.0,45.15
2508,21010,21011,2.538,0.269,29.02
2509,21012,21013,4.231,0.526,51.05
2510,21014,21015,2.5,0.269,31.84
2511,21016,21017,5.071,0.687,66.34
2512,21018,21019,4.571,0.571,39.77
2513,21026,21027,77.0,0.0,2.92
2514,21032,21033,34.188,999.362,91.08
2515,21034,21035,40.0,68.667,83.67
2516,21036,21037,82.5,60.5,164.41
2517,21038,21039,61.0,0.0,109.67
2518,21050,21051,31.0,0.0,119.66
2519,21056,21057,13.0,0.0,48.11
2520,21062,21063,7.0,0.0,28.79
2521,21078,21079,3.5,0.5,14.45
2522,21080,21081,6.0,0.0,29.86
2523,21082,21083,7.533,574.947,16.34
2524,21084,21085,13.143,1050.201,24.27
2525,21120,21121,5.0,0.0,22.76
2526,21160,21161,2.4,0.8,3.38
2527,21166,21167,24.0,0.0,252.2
2528,21170,21171,5.0,0.0,30.44
2529,21172,21173,2.0,0.0,11.65
2530,21234,21235,3.333,0.333,13.65
2531,21242,21243,22.455,208.273,45.27
2532,21254,21255,4.0,0.0,25.73
2533,21258,21259,18.273,4.418,214.55
2534,21260,21261,11.182,2.164,139.53
2535,21262,21263,4.727,0.818,61.08
2536,21264,21265,11.273,64.418,70.57
2537,21266,21267,5.455,2.069,61.86
2538,21268,21269,4.476,0.362,51.93
2539,21270,21271,3.667,0.333,45.48
2540,21274,21275,1.238,0.19,16.04
2541,21330,21331,8.0,0.4,154.99
2542,21332,21333,1.818,0.364,48.78
2543,21364,21365,3.0,0.571,37.03
2544,21366,21367,63.0,162.0,68.39
2545,21374,21375,2.0,0.333,25.81
2546,21376,21377,1.143,0.143,15.3
2547,21384,21385,18.0,0.0,90.51
2548,21386,21387,6.0,0.0,28.64
2549,21402,21403,4.0,0.0,22.82
2550,21416,21417,1.5,0.5,5.75
2551,21448,21449,4.24,0.357,54.16
2552,21450,21451,9.64,17.073,104.74
2553,21452,21453,5.045,170.903,21.63
2554,21454,21455,34.318,831.561,22.73
2555,21456,21457,1.682,0.227,20.52
2556,21460,21461,5.409,0.348,66.18
2557,21462,21463,7.304,0.767,90.18
2558,21464,21465,6.381,0.848,78.1
2559,21472,21473,7.5,1.441,92.25
2560,21474,21475,2.5,3.9,4.96
2561,21478,21479,2.857,7.476,21.92
2562,21480,21481,6.0,0.0,30.41
2563,21484,21485,5.0,0.0,28.4
2564,21486,21487,4.0,18.0,2.18
2565,21504,21505,5.524,1.062,65.1
2566,21506,21507,2.0,0.8,18.69
2567,21508,21509,10.6,0.3,145.9
2568,21510,21511,6.125,1.554,81.29
2569,21512,21513,10.0,0.0,44.79
2570,21530,21531,7.0,0.0,50.69
2571,21542,21543,9.0,0.0,66.87
2572,21548,21549,4.5,12.5,10.21
2573,21550,21551,1.448,0.256,19.0
2574,21554,21555,1.655,0.448,14.78
2575,21564,21565,2.552,0.256,54.28
2576,21574,21575,16.0,0.0,72.84
2577,21576,21577,17.8,104.2,12.41
2578,21578,21579,2.0,0.0,18.28
2579,21656,21657,4.0,0.0,23.39
2580,21712,21713,8.0,0.0,60.21
2581,21714,21715,12.0,0.0,85.03
2582,21728,21729,14.0,0.0,100.59
2583,21730,21731,3.0,0.0,25.15
2584,21764,21765,5.5,0.5,61.7
2585,21784,21785,6.0,0.0,69.9
2586,21816,21817,9.0,0.0,102.17
2587,21818,21819,11.333,0.333,131.49
2588,21820,21821,3.667,0.333,43.62
2589,21822,21823,2.333,0.333,20.15
2590,21824,21825,1.667,1.333,11.68
2591,21828,21829,15.0,0.0,41.59
2592,21832,21833,9.974,1.131,122.33
2593,21846,21847,39.0,0.0,150.54
2594,21858,21859,2.0,0.0,13.7
2595,21868,21869,3.5,0.5,17.4
2596,21872,21873,37.0,0.0,184.39
2597,21886,21887,75.0,0.0,391.72
2598,21890,21891,7.556,0.778,93.87
2599,21892,21893,11.333,1.25,137.28
2600,21896,21897,8.333,0.333,98.19
2601,21898,21899,3.333,0.333,45.29
2602,21900,21901,2.0,0.0,18.57
2603,21902,21903,6.333,0.333,71.14
2604,21904,21905,2.0,0.0,23.9
2605,21906,21907,9.0,0.0,62.05
2606,21910,21911,5.0,0.0,31.72
2607,21912,21913,8.667,1.333,67.75
2608,21914,21915,10.667,2.333,85.93
2609,21916,21917,21.0,6.0,166.0
2610,21918,21919,11.0,2.0,85.48
2611,21938,21939,4.0,0.0,30.69
2612,21950,21951,18.0,0.0,41.71
2613,21952,21953,4.667,0.333,9.38
2614,21954,21955,14.4,2.3,31.6
2615,21956,21957,12.333,0.333,26.51
2616,21958,21959,8.111,4.611,62.52
2617,21960,21961,2.889,0.111,17.7
2618,21964,21965,9.0,2.0,62.47
2619,21968,21969,2.667,0.333,20.08
2620,21970,21971,3.333,0.333,28.16
2621,21972,21973,2.333,0.333,18.89
2622,21974,21975,3.333,0.333,28.44
2623,21976,21977,2.0,0.0,17.72
2624,21978,21979,3.667,0.333,25.59
2625,21984,21985,2.0,0.0,8.44
2626,21986,21987,5.0,1.0,22.47
2627,21988,21989,2.8,0.2,13.98
2628,21994,21995,2.444,0.261,26.27
2629,21996,21997,2.353,0.243,28.16
2630,21998,21999,3.471,0.265,40.7
2631,22000,22001,3.857,0.44,32.65
2632,22008,22009,31.0,0.0,59.09
2633,22010,22011,6.25,1.583,45.71
2634,22012,22013,15.0,7.0,103.32
2635,22018,22019,5.333,0.333,31.54
2636,22020,22021,2.0,0.0,11.54
2637,22030,22031,9.0,0.0,18.24
2638,22032,22033,21.0,0.0,49.31
2639,22034,22035,11.5,0.5,26.15
2640,22042,22043,8.0,0.0,64.29
2641,22044,22045,12.333,0.333,99.66
2642,22056,22057,9.75,1.071,69.07
2643,22058,22059,2.5,0.286,20.37
2644,22060,22061,2.714,0.238,17.28
2645,22084,22085,14.0,0.0,99.94
2646,22086,22087,3.0,0.0,26.12
2647,22102,22103,2.0,0.0,14.26
2648,22104,22105,7.0,0.0,57.16
2649,22106,22107,2.0,0.0,11.67
2650,22116,22117,1.143,0.143,10.01
2651,22118,22119,32.222,368.444,109.11
2652,22120,22121,13.0,0.0,54.23
2653,22122,22123,38.5,4.5,82.41
2654,22128,22129,6.923,0.91,50.37
2655,22130,22131,2.5,0.5,14.1
2656,22132,22133,4.5,0.5,32.48
2657,22134,22135,8.0,0.0,63.92
2658,22140,22141,2.0,0.0,31.43
2659,22142,22143,9.176,0.779,138.74
2660,22144,22145,4.812,0.563,76.85
2661,22146,22147,7.333,1.067,120.95
2662,22148,22149,9.273,2.017,140.52
2663,22150,22151,5.913,0.538,85.66
2664,22154,22155,7.0,0.0,115.12
2665,22156,22157,3.5,0.5,63.86
2666,22168,22169,21.0,0.0,279.0
2667,22178,22179,3.5,0.333,63.77
2668,22180,22181,3.0,0.0,46.2
2669,22182,22183,8.286,1.571,93.69
2670,22190,22191,2.0,0.0,21.71
2671,22194,22195,2.4,0.3,31.15
2672,22196,22197,2.0,0.4,27.2
2673,22198,22199,1.4,0.3,9.81
2674,22200,22201,3.25,0.25,29.65
2675,22202,22203,5.667,0.333,65.18
2676,22204,22205,1.667,0.267,20.88
2677,22206,22207,2.0,0.0,21.92
2678,22208,22209,1.5,0.3,14.62
2679,22210,22211,7.0,0.0,79.72
2680,22212,22213,8.0,0.0,81.06
2681,22214,22215,6.75,0.25,74.04
2682,22216,22217,11.75,0.917,145.29
2683,22220,22221,5.5,0.333,53.08
2684,22222,22223,1.25,0.214,14.59
2685,22224,22225,1.639,0.58,18.3
2686,22226,22227,6.333,20.171,47.9
2687,22230,22231,5.222,11.378,50.69
2688,22232,22233,76.0,0.0,407.31
2689,22234,22235,3.5,1.143,26.7
2690,22236,22237,9.0,0.667,116.75
2691,22238,22239,3.5,0.5,40.25
2692,22240,22241,4.0,0.0,46.64
2693,22250,22251,5.0,1.0,67.8
2694,22252,22253,3.333,0.333,43.57
2695,22254,22255,3.667,0.333,46.99
2696,22256,22257,5.0,0.0,68.09
2697,22258,22259,2.0,1.0,27.2
2698,22260,22261,7.5,0.5,102.98
2699,22262,22263,2.0,0.0,31.24
2700,22264,22265,6.3,0.678,136.21
2701,22268,22269,13.75,0.932,287.66
2702,22306,22307,9.0,0.0,42.26
2703,22308,22309,21.0,0.0,97.37
2704,22310,22311,26.0,0.0,115.12
2705,22316,22317,6.0,0.0,47.83
2706,22318,22319,4.5,0.5,36.92
2707,22338,22339,17.0,0.0,94.44
2708,22346,22347,3.0,0.0,21.8
2709,22348,22349,8.0,0.0,62.71
2710,22350,22351,3.0,0.0,13.85
2711,22368,22369,6.765,0.566,106.67
2712,22410,22411,4.0,0.0,41.32
2713,22412,22413,5.0,0.0,71.95
2714,22414,22415,6.5,0.5,91.9
2715,22416,22417,11.5,0.5,163.87
2716,22418,22419,4.0,0.0,61.75
2717,22420,22421,4.0,0.0,51.09
2718,22422,22423,9.5,0.5,133.67
2719,22424,22425,15.0,2.0,209.39
2720,22426,22427,2.0,0.0,30.62
2721,22428,22429,6.889,0.693,87.83
2722,22432,22433,21.0,0.0,169.05
2723,22440,22441,6.444,0.497,101.2
2724,22442,22443,2.333,0.235,37.42
2725,22444,22445,17.846,4.935,271.59
2726,22476,22477,8.0,0.0,67.64
2727,22478,22479,5.0,0.0,37.59
2728,22480,22481,3.0,0.0,30.1
2729,22506,22507,9.0,0.0,73.62
2730,22518,22519,14.0,0.0,113.33
2731,22520,22521,13.0,0.0,100.36
2732,22522,22523,5.0,2.0,33.4
2733,22524,22525,6.0,0.0,23.74
2734,22530,22531,15.875,3.554,198.46
2735,22532,22533,2.125,0.125,27.26
2736,22534,22535,21.375,4.554,264.73
2737,22536,22537,3.5,1.143,26.82
2738,22538,22539,2.5,0.5,12.18
2739,22540,22541,23.0,0.0,124.1
2740,22542,22543,4.0,0.0,20.84
2741,22550,22551,4.0,0.0,36.55
2742,22552,22553,3.0,0.0,21.69
2743,22556,22557,3.0,0.0,22.63
2744,22558,22559,12.0,0.0,96.08
2745,22560,22561,3.9,52.621,10.81
2746,22562,22563,5.111,99.046,4.32
2747,22566,22567,9.0,0.0,77.08
2748,22568,22569,7.0,0.0,61.13
2749,22570,22571,8.0,0.0,59.75
2750,22572,22573,4.5,0.5,33.47
2751,22574,22575,21.5,4.5,166.43
2752,22576,22577,5.286,0.527,69.34
2753,22580,22581,27.333,272.824,94.49
2754,22584,22585,1.156,0.523,10.87
2755,22586,22587,24.0,0.0,125.88
2756,22606,22607,25.0,0.0,89.65
2757,22610,22611,4.0,0.0,17.3
2758,22614,22615,3.0,0.0,16.91
2759,22618,22619,5.0,0.0,25.04
2760,22620,22621,5.0,0.0,28.52
2761,22636,22637,2.905,0.39,36.59
2762,22638,22639,9.143,41.929,72.54
2763,22690,22691,17.5,4.5,76.66
2764,22700,22701,9.4,12.8,49.49
2765,22708,22709,2.0,0.0,17.98
2766,22710,22711,8.5,1.0,100.97
2767,22716,22717,3.75,0.25,26.49
2768,22720,22721,2.5,0.333,15.75
2769,22724,22725,11.0,0.0,40.19
2770,22738,22739,3.0,0.0,12.18
2771,22740,22741,14.667,2.333,71.73
2772,22742,22743,13.5,4.5,62.0
2773,22750,22751,3.0,0.25,35.7
2774,22752,22753,9.444,1.528,114.1
2775,22754,22755,1.111,0.111,14.3
2776,22762,22763,18.143,0.81,133.12
2777,22764,22765,6.143,0.143,43.36
2778,22766,22767,2.429,0.286,17.22
2779,22768,22769,1.571,0.286,10.04
2780,22770,22771,7.429,0.286,51.37
2781,22776,22777,7.0,0.0,56.91
2782,22778,22779,11.0,0.0,85.5
2783,22780,22781,1.5,0.5,22.54
2784,22786,22787,14.0,0.0,102.79
2785,22814,22815,3.0,0.0,20.19
2786,22822,22823,4.5,0.5,23.57
2787,22830,22831,4.0,0.0,21.17
2788,22848,22849,3.0,0.0,33.2
2789,22864,22865,8.0,0.0,39.64
2790,22872,22873,13.0,0.0,100.22
2791,22876,22877,11.0,0.0,62.65
2792,22894,22895,8.5,0.5,39.75
2793,22912,22913,7.0,0.0,53.52
2794,22920,22921,3.118,0.235,38.89
2795,22922,22923,15.765,2.191,207.26
2796,22924,22925,29.588,423.507,61.22
2797,22926,22927,1.727,0.218,17.52
2798,22928,22929,3.375,0.245,44.71
2799,22930,22931,13.071,4.587,170.9
2800,22932,22933,1.1,0.095,15.58
2801,22934,22935,11.893,1.284,150.68
2802,22952,22953,9.571,0.286,194.05
2803,22954,22955,1.056,0.056,10.24
2804,22966,22967,6.286,150.238,6.58
2805,22976,22977,24.0,7.833,335.23
2806,22978,22979,7.444,0.778,113.34
2807,22980,22981,9.0,8.0,147.5
2808,22982,22983,8.25,0.786,125.42
2809,22984,22985,1.875,0.125,27.28
2810,22986,22987,9.375,14.554,92.51
2811,23036,23037,21.103,6.252,257.87
2812,23038,23039,1.576,0.252,20.91
2813,23040,23041,1.444,0.278,18.16
2814,23052,23053,5.143,1.476,63.02
2815,23056,23057,15.0,845.0,9.7
2816,23060,23061,2.167,0.167,22.01
2817,23064,23065,1.25,0.214,10.12
2818,23076,23077,10.3,248.456,43.62
2819,23090,23091,8.0,0.0,102.4
2820,23094,23095,3.0,0.0,43.54
2821,23096,23097,2.0,0.0,27.47
2822,23098,23099,15.933,1.21,204.25
2823,23100,23101,1.667,0.238,21.81
2824,23102,23103,5.6,0.3,69.91
2825,23112,23113,3.0,0.0,16.5
2826,23114,23115,4.0,0.0,20.69
2827,23120,23121,16.0,0.0,81.69
2828,23138,23139,4.0,0.0,26.11
2829,23140,23141,2.0,0.0,12.13
2830,23188,23189,15.0,0.0,65.13
2831,23190,23191,7.0,0.0,30.18
2832,23192,23193,25.0,0.0,117.7
2833,23194,23195,7.0,0.0,27.41
2834,23196,23197,10.5,0.5,49.11
2835,23198,23199,4.0,0.0,19.13
2836,23290,23291,29.0,1.0,130.36
2837,23292,23293,23.5,0.5,110.33
2838,23294,23295,25.5,4.5,114.55
2839,23296,23297,71.0,18.0,323.07
2840,23388,23389,2.667,1.333,11.48
2841,23460,23461,24.0,0.0,123.62
2842,23500,23501,2.0,0.0,21.98
2843,23504,23505,6.0,2.0,75.23
2844,23506,23507,1.5,0.5,16.62
2845,23510,23511,3.0,0.0,23.44
2846,23512,23513,12.0,0.0,83.02
2847,23514,23515,8.894,148.488,16.79
2848,23526,23527,7.375,0.554,90.21
2849,23528,23529,27.875,11.554,340.4
2850,23530,23531,19.333,6.25,229.79
2851,23542,23543,46.0,0.0,199.44
2852,23544,23545,244.0,0.0,1046.79
2853,23546,23547,35.0,0.0,210.72
2854,23548,23549,37.0,0.0,220.24
2855,23552,23553,163.0,0.0,952.36
2856,23554,23555,2.0,0.0,15.22
2857,23556,23557,2.0,0.0,15.42
2858,23580,23581,5.0,0.0,30.98
2859,23588,23589,3.0,0.5,16.02
2860,23596,23597,3.0,0.0,22.33
2861,23598,23599,2.75,0.25,16.92
2862,23606,23607,1.667,1.333,4.9
2863,23608,23609,1.333,0.333,9.9
2864,23610,23611,19.333,2.333,133.81
2865,23612,23613,4.5,0.5,32.8
2866,23614,23615,10.0,2.0,71.63
2867,23616,23617,4.5,0.5,29.73
2868,23648,23649,50.0,0.0,116.64
2869,23650,23651,231.0,0.0,509.79
2870,23658,23659,3.667,0.333,15.07
2871,23662,23663,23.0,0.0,104.11
2872,23670,23671,4.5,4.5,17.56
2873,23710,23711,12.0,0.0,56.82
2874,23722,23723,32.0,1.333,158.03
2875,23724,23725,21.0,0.0,113.94
2876,23734,23735,18.312,11.829,250.96
2877,23736,23737,1.938,0.062,24.33
2878,23738,23739,7.0,0.0,28.66
2879,23776,23777,7.0,0.0,42.04
2880,23778,23779,10.0,0.0,43.65
2881,23784,23785,3.0,0.0,18.2
2882,23796,23797,14.04,2.54,167.14
2883,23798,23799,58.3,2427.589,65.14
2884,23802,23803,2.875,0.411,32.25
2885,23810,23811,2.0,0.0,12.12
2886,23812,23813,1.5,0.5,7.43
2887,23814,23815,8.0,0.0,50.85
2888,23816,23817,9.0,0.0,50.65
2889,23828,23829,2.0,0.0,9.62
2890,23832,23833,1.667,0.333,7.1
2891,23836,23837,16.0,0.0,89.28
2892,23838,23839,2.25,0.2,30.36
2893,23840,23841,6.0,0.0,28.12
2894,23844,23845,11.0,0.0,43.78
2895,23846,23847,3.0,0.0,15.46
2896,23858,23859,3.0,0.0,13.72
2897,23862,23863,6.0,0.0,25.26
2898,23866,23867,5.0,0.0,25.58
2899,23886,23887,13.0,18.0,60.83
2900,23888,23889,3.0,0.0,14.9
2901,23914,23915,5.0,2.0,18.63
2902,23916,23917,2.0,0.0,11.5
2903,23918,23919,4.5,0.5,20.63
2904,23926,23927,46.0,0.0,235.34
2905,23930,23931,9.0,0.0,47.2
2906,23950,23951,6.0,0.0,34.11
2907,23952,23953,14.0,0.0,78.36
2908,23954,23955,4.333,0.333,57.56
2909,23956,23957,7.0,0.0,95.76
2910,23958,23959,4.0,0.0,47.54
2911,23960,23961,13.0,0.0,174.65
2912,23976,23977,4.0,0.0,18.03
2913,23994,23995,2.0,0.0,8.6
2914,24016,24017,1.5,0.5,5.51
2915,24022,24023,20.667,16.333,101.23
2916,24032,24033,3.0,0.0,10.19
2917,24034,24035,10.0,0.0,73.69
2918,24090,24091,17.0,0.0,66.25
2919,24092,24093,8.0,0.0,36.08
2920,24130,24131,1.053,0.051,11.0
2921,24132,24133,13.0,0.0,61.8
2922,24140,24141,22.381,2.848,1009.52
2923,24144,24145,7.0,0.0,60.09
2924,24158,24159,5.0,0.444,61.51
2925,24164,24165,3.583,0.265,40.03
2926,24166,24167,3.5,0.5,27.83
2927,24176,24177,24.0,0.0,137.58
2928,24178,24179,25.0,0.0,143.57
2929,24182,24183,15.0,0.0,81.43
2930,24186,24187,3.0,0.0,12.81
2931,24194,24195,12.0,0.0,61.73
2932,24216,24217,11.0,0.0,78.86
2933,24220,24221,11.0,0.0,84.39
2934,24224,24225,3.0,0.0,21.29
2935,24226,24227,3.0,0.0,18.43
2936,24228,24229,4.0,0.0,29.85
2937,24230,24231,5.0,0.0,33.21
2938,24234,24235,4.0,0.0,31.33
2939,24238,24239,16.0,0.0,118.72
2940,24240,24241,12.0,0.0,90.97
2941,24242,24243,15.0,0.0,9.5
2942,24336,24337,6.833,0.853,86.61
2943,24338,24339,1.389,0.252,20.37
2944,24340,24341,13.722,8.918,168.23
2945,24342,24343,1.154,0.308,9.2
2946,24344,24345,8.833,0.735,112.09
2947,24346,24347,73.947,4508.275,201.23
2948,24348,24349,44.19,280.762,250.11
2949,24386,24387,10.667,176.333,17.99
2950,24394,24395,2.5,0.5,9.25
2951,24402,24403,3.0,0.0,18.0
2952,24404,24405,13.0,0.0,0.2
2953,24406,24407,1.909,0.291,20.12
2954,24410,24411,4.333,0.333,34.63
2955,24414,24415,2.0,0.0,14.99
2956,24416,24417,6.5,0.5,46.09
2957,24418,24419,5.0,2.0,35.98
2958,24420,24421,25.9,14.322,306.0
2959,24422,24423,2.143,0.476,24.34
2960,24428,24429,5.0,0.8,57.1
2961,24430,24431,1.5,0.333,21.03
2962,24432,24433,17.0,10.0,200.7
2963,24434,24435,2.5,0.333,23.66
2964,24436,24437,4.8,0.622,56.52
2965,24438,24439,2.9,0.989,31.75
2966,24440,24441,1.2,0.178,16.45
2967,24442,24443,1.222,0.194,11.62
2968,24444,24445,2.5,0.286,30.85
2969,24446,24447,1.625,0.554,21.06
2970,24448,24449,1.875,0.411,22.93
2971,24450,24451,4.286,0.571,56.25
2972,24452,24453,6.286,1.238,79.99
2973,24454,24455,2.0,0.4,24.33
2974,24456,24457,2.0,0.4,27.49
2975,24458,24459,1.667,0.267,22.5
2976,24460,24461,3.667,0.267,45.62
2977,24462,24463,9.667,2.267,120.47
2978,24464,24465,13.333,4.667,162.94
2979,24466,24467,10.667,3.867,126.4
2980,24482,24483,29.0,0.0,48.81
2981,24484,24485,29.0,0.0,51.66
2982,24486,24487,62.0,0.0,106.22
2983,24512,24513,2.0,0.0,34.96
2984,24518,24519,5.0,0.0,27.86
2985,24522,24523,2.0,0.0,9.45
2986,24524,24525,3.0,0.0,14.37
2987,24530,24531,2.333,0.333,17.11
2988,24532,24533,8.0,0.0,43.51
2989,24548,24549,11.2,0.844,181.0
2990,24648,24649,3.0,0.0,19.18
2991,24650,24651,5.0,0.0,33.55
2992,24662,24663,5.0,0.0,35.94
2993,24672,24673,6.0,0.0,30.99
2994,24682,24683,4.0,0.0,17.89
2995,24684,24685,19.0,0.0,45.11
2996,24700,24701,10.0,0.0,53.5
2997,24710,24711,25.765,7.316,402.75
2998,24746,24747,6.0,0.0,25.89
2999,24752,24753,7.0,0.0,32.93
3000,24798,24799,3.4,0.267,56.24
3001,24800,24801,13.8,18.178,164.4
3002,24808,24809,15.867,2.267,246.48
3003,24816,24817,15.0,288.0,35.75
3004,24860,24861,21.0,172.0,10.62
3005,24864,24865,1.25,0.25,9.02
3006,24866,24867,11.0,0.0,46.07
3007,24944,24945,4.875,30.982,7.29
3008,24964,24965,2.429,0.286,23.18
3009,24986,24987,18.0,0.0,78.41
3010,24996,24997,4.0,0.0,22.24
3011,25052,25053,6.0,0.0,60.64
3012,25054,25055,2.0,0.0,15.53
3013,25056,25057,4.0,0.0,46.15
3014,25178,25179,7.0,2.0,50.91
3015,25180,25181,23.667,424.333,18.38
3016,25200,25201,7.0,0.0,27.44
3017,25208,25209,4.0,0.0,17.43
3018,25212,25213,5.608,21.803,39.7
3019,25218,25219,12.0,0.0,48.22
3020,25232,25233,4.0,0.0,18.31
3021,25242,25243,8.667,1.333,42.22
3022,25244,25245,5.0,0.0,29.02
3023,25254,25255,1.682,0.227,20.25
3024,25256,25257,3.455,0.26,41.15
3025,25258,25259,4.464,0.332,50.62
3026,25260,25261,3.643,0.46,44.51
3027,25270,25271,2.333,0.333,33.84
3028,25272,25273,2.667,0.333,37.07
3029,25274,25275,2.333,0.333,29.12
3030,25276,25277,3.333,0.333,44.86
3031,25278,25279,2.0,0.0,31.2
3032,25280,25281,5.333,0.333,76.46
3033,25282,25283,6.333,0.333,85.6
3034,25286,25287,2.143,0.143,30.22
3035,25288,25289,3.25,0.5,42.23
3036,25290,25291,2.625,0.268,29.71
3037,25292,25293,3.0,0.0,31.32
3038,25294,25295,3.167,0.167,42.8
3039,25296,25297,2.667,0.267,34.99
3040,25298,25299,2.0,0.0,29.02
3041,25302,25303,2.333,0.267,36.32
3042,25304,25305,2.0,0.0,29.06
3043,25306,25307,2.286,0.238,29.15
3044,25308,25309,3.1,0.322,44.05
3045,25310,25311,4.7,0.9,62.7
3046,25314,25315,3.417,0.265,42.52
3047,25316,25317,1.238,0.19,15.92
3048,25318,25319,9.333,0.25,109.42
3049,25320,25321,10.5,3.364,118.03
3050,25322,25323,11.333,1.733,136.21
3051,25326,25327,8.682,1.465,102.13
3052,25330,25331,9.136,1.266,111.69
3053,25332,25333,1.773,0.279,22.17
3054,25334,25335,2.182,0.156,28.54
3055,25336,25337,4.682,1.846,54.76
3056,25338,25339,6.826,15.514,38.46
3057,25342,25343,1.333,0.333,10.1
3058,25348,25349,2.0,1.0,14.9
3059,25350,25351,5.906,4.604,66.27
3060,25352,25353,8.906,16.991,88.17
3061,25354,25355,1.105,0.099,8.92
3062,25356,25357,12.156,84.265,114.16
3063,25358,25359,9.71,279.48,51.46
3064,25360,25361,5.812,0.429,73.34
3065,25362,25363,7.375,0.517,89.02
3066,25364,25365,12.375,2.25,155.22
3067,25366,25367,15.062,194.462,76.57
3068,25368,25369,14.438,6.396,169.84
3069,25370,25371,2.25,0.2,27.28
3070,25372,25373,2.375,0.25,28.51
3071,25374,25375,6.125,0.65,77.38
3072,25376,25377,7.75,6.867,91.53
3073,25378,25379,7.625,56.517,41.69
3074,25380,25381,2.5,0.5,15.89
3075,25382,25383,7.0,0.0,53.43
3076,25386,25387,14.923,2.077,187.46
3077,25388,25389,1.769,0.192,22.86
3078,25390,25391,27.692,507.897,16.45
3079,25392,25393,14.0,29.333,141.04
3080,25398,25399,8.81,3.962,114.92
3081,25400,25401,3.2,0.168,37.59
3082,25402,25403,6.04,0.54,73.54
3083,25406,25407,6.24,0.44,59.12
3084,25408,25409,5.5,0.3,56.34
3085,25410,25411,26.667,442.267,45.77
3086,25412,25413,2.556,0.261,31.71
3087,25418,25419,4.864,0.6,60.26
3088,25420,25421,3.029,0.44,36.29
3089,25424,25425,3.0,0.0,43.48
3090,25426,25427,2.5,0.333,32.77
3091,25428,25429,4.25,0.25,51.47
3092,25430,25431,18.222,324.944,36.12
3093,25432,25433,6.5,0.333,87.85
3094,25434,25435,2.5,0.333,31.75
3095,25436,25437,3.5,0.333,36.82
3096,25438,25439,14.75,0.917,192.33
3097,25440,25441,3.0,0.0,39.8
3098,25442,25443,6.25,0.25,81.96
3099,25444,25445,4.333,49.25,24.14
3100,25446,25447,8.25,198.5,8.13
3101,25448,25449,5.378,52.631,20.59
3102,25450,25451,4.233,141.357,13.28
3103,25452,25453,69.357,3401.324,37.87
3104,25454,25455,18.0,0.0,142.09
3105,25456,25457,2.0,0.0,14.5
3106,25458,25459,8.0,0.0,64.37
3107,25460,25461,4.0,0.0,15.71
3108,25462,25463,3.0,0.0,5.99
3109,25464,25465,11.5,0.5,91.38
3110,25466,25467,9.0,0.0,75.75
3111,25468,25469,16.0,2.0,129.31
3112,25470,25471,8.0,0.0,62.98
3113,25472,25473,12.0,0.0,92.01
3114,25474,25475,7.0,0.0,48.03
3115,25476,25477,9.0,0.0,71.56
3116,25482,25483,22.333,2.333,297.38
3117,25502,25503,4.0,0.0,43.43
3118,25504,25505,4.0,0.0,50.11
3119,25506,25507,2.333,0.333,27.21
3120,25508,25509,4.333,0.333,49.89
3121,25510,25511,5.667,1.333,58.9
3122,25512,25513,6.0,1.0,67.44
3123,25522,25523,4.0,0.0,24.01
3124,25536,25537,13.0,0.0,65.13
3125,25538,25539,19.0,0.0,90.22
3126,25544,25545,2.0,0.0,19.21
3127,25546,25547,4.0,0.0,31.73
3128,25548,25549,1.75,0.25,13.39
3129,25552,25553,1.889,0.222,22.2
3130,25554,25555,2.056,0.056,26.68
3131,25556,25557,3.222,0.418,39.57
3132,25558,25559,2.0,0.0,21.84
3133,25560,25561,7.154,83.808,43.16
3134,25566,25567,1.4,0.267,16.97
3135,25568,25569,2.1,0.322,20.75
3136,25570,25571,1.364,0.255,17.11
3137,25572,25573,4.455,0.273,54.64
3138,25574,25575,3.9,0.544,43.13
3139,25580,25581,5.0,0.0,56.78
3140,25582,25583,7.5,0.5,88.86
3141,25584,25585,4.5,0.5,46.94
3142,25586,25587,4.231,0.192,53.08
3143,25588,25589,5.231,0.692,65.55
3144,25592,25593,4.385,0.256,54.28
3145,25594,25595,1.667,0.267,19.67
3146,25596,25597,2.5,0.3,29.04
3147,25602,25603,6.143,0.476,78.86
3148,25604,25605,2.429,0.619,27.31
3149,25606,25607,9.714,0.571,119.7
3150,25608,25609,9.5,14.7,142.5
3151,25620,25621,13.0,1.0,166.06
3152,25624,25625,5.0,0.0,61.83
3153,25626,25627,5.333,0.333,69.72
3154,25628,25629,5.25,1.583,62.03
3155,25632,25633,4.3,2.116,48.62
3156,25634,25635,1.286,0.571,4.67
3157,25636,25637,4.474,0.263,56.7
3158,25640,25641,40.0,0.0,62.26
3159,25656,25657,3.0,0.0,22.04
3160,25658,25659,3.0,0.0,20.35
3161,25672,25673,8.5,4.5,59.0
3162,25674,25675,12.5,12.5,86.82
3163,25676,25677,3.0,0.0,17.07
3164,25678,25679,4.2,0.7,29.74
3165,25680,25681,5.4,0.3,38.18
3166,25682,25683,2.2,0.2,13.22
3167,25692,25693,12.0,0.0,80.61
3168,25694,25695,3.0,0.0,20.07
3169,25696,25697,6.333,1.333,42.12
3170,25698,25699,7.0,0.0,50.17
3171,25700,25701,2.0,0.0,6.55
3172,25702,25703,6.0,0.0,41.83
3173,25704,25705,4.0,0.0,31.34
3174,25742,25743,3.5,0.5,44.63
3175,25744,25745,2.5,0.5,45.95
3176,25748,25749,3.0,2.0,36.0
3177,25750,25751,11.5,4.5,148.53
3178,25752,25753,2.5,0.5,39.22
3179,25754,25755,1.5,0.5,18.44
3180,25756,25757,2.0,0.0,21.21
3181,25758,25759,1.5,0.5,18.67
3182,25760,25761,2.0,0.0,23.94
3183,25762,25763,2.0,2.0,22.69
3184,25764,25765,1.5,0.5,15.67
3185,25766,25767,8.0,2.0,99.02
3186,25768,25769,6.5,0.5,85.29
3187,25770,25771,3.0,8.0,75.99
3188,25788,25789,5.0,0.0,55.37
3189,25792,25793,4.0,0.0,42.47
3190,25802,25803,2.0,0.0,38.78
3191,25806,25807,2.0,0.0,39.99
3192,25808,25809,5.0,0.0,78.43
3193,25812,25813,5.0,0.0,68.07
3194,25814,25815,2.5,0.5,37.74
3195,25816,25817,15.324,1.438,197.57
3196,25818,25819,7.227,47.898,57.24
3197,25820,25821,9.318,219.656,14.13
3198,25822,25823,6.318,6.608,49.48
3199,25824,25825,4.042,5.346,35.9
3200,25826,25827,14.045,173.284,34.97
3201,25828,25829,4.0,0.0,27.72
3202,25830,25831,6.5,0.5,48.43
3203,25832,25833,6.0,0.0,46.65
3204,25834,25835,6.0,0.0,47.9
3205,25836,25837,5.0,0.0,36.68
3206,25838,25839,3.0,0.0,21.26
3207,25840,25841,1.667,0.333,12.66
3208,25842,25843,1.667,0.333,11.13
3209,25844,25845,14.333,184.333,51.13
3210,25846,25847,13.667,2.058,164.17
3211,25848,25849,17.125,443.592,77.75
3212,25850,25851,3.545,0.26,42.44
3213,25852,25853,4.227,0.279,51.64
3214,25856,25857,2.138,0.195,25.3
3215,25858,25859,7.333,0.979,87.4
3216,25860,25861,9.364,54.301,46.53
3217,25864,25865,2.667,0.233,33.7
3218,25866,25867,10.857,1.029,139.14
3219,25868,25869,5.524,0.862,66.72
3220,25870,25871,6.3,0.642,78.69
3221,25874,25875,3.143,0.329,38.44
3222,25876,25877,19.95,3.734,254.32
3223,25878,25879,8.7,20.221,91.29
3224,25880,25881,3.25,19.355,21.05
3225,25882,25883,4.412,53.507,17.12
3226,25886,25887,1.9,0.2,24.66
3227,25888,25889,11.65,115.713,61.48
3228,25890,25891,3.905,25.89,36.73
3229,25892,25893,2.952,0.048,29.45
3230,25894,25895,7.0,0.0,62.5
3231,25896,25897,2.0,1.241,9.27
3232,25900,25901,2.733,0.34,35.7
3233,25908,25909,10.0,0.0,142.6
3234,25910,25911,7.0,0.0,98.42
3235,25912,25913,4.0,0.0,51.25
3236,25914,25915,8.0,0.0,106.97
3237,25916,25917,7.0,0.0,100.67
3238,25920,25921,10.0,0.0,134.86
3239,25922,25923,6.0,0.0,76.1
3240,25928,25929,5.0,0.0,63.35
3241,25930,25931,2.0,0.0,29.0
3242,25932,25933,2.923,0.244,37.3
3243,25934,25935,6.462,0.603,101.26
3244,25942,25943,63.75,2371.929,73.71
3245,25958,25959,4.333,0.333,38.4
3246,25972,25973,7.0,0.0,55.59
3247,25974,25975,8.0,0.0,59.67
3248,25980,25981,6.667,1.333,53.7
3249,25982,25983,11.0,3.0,81.54
3250,25984,25985,11.4,2.8,79.04
3251,25986,25987,11.2,1.7,77.19
3252,26000,26001,4.0,0.0,74.59
3253,26002,26003,4.0,0.0,62.58
3254,26004,26005,3.0,0.0,34.47
3255,26008,26009,5.0,0.0,74.57
3256,26016,26017,3.333,0.267,42.7
3257,26032,26033,2.0,0.0,10.42
3258,26034,26035,15.0,0.0,70.46
3259,26048,26049,19.0,0.0,86.41
3260,26072,26073,13.706,3.096,204.98
3261,26074,26075,2.5,0.5,24.23
3262,26076,26077,3.2,0.4,41.17
3263,26078,26079,12.8,2.844,163.14
3264,26080,26081,10.1,1.211,129.63
3265,26082,26083,4.9,10.322,49.32
3266,26084,26085,4.0,0.0,35.04
3267,26104,26105,11.0,0.0,82.3
3268,26106,26107,8.0,0.0,59.53
3269,26108,26109,10.0,0.0,73.89
3270,26110,26111,4.0,0.0,34.99
3271,26112,26113,3.0,0.0,18.43
3272,26114,26115,8.0,0.0,64.86
3273,26134,26135,9.0,0.0,42.72
3274,26138,26139,12.0,0.0,66.31
3275,26152,26153,94.0,0.0,452.28
3276,26156,26157,6.0,0.0,29.35
3277,26158,26159,12.0,0.0,60.32
3278,26186,26187,8.0,0.0,38.28
3279,26188,26189,5.0,0.0,25.82
3280,26192,26193,12.0,0.0,170.01
3281,26194,26195,5.0,0.0,60.54
3282,26196,26197,7.5,19.0,36.08
3283,26198,26199,1.156,0.136,12.48
3284,26200,26201,2.0,0.0,22.91
3285,26202,26203,4.0,0.0,33.65
3286,26204,26205,2.5,0.5,23.36
3287,26206,26207,7.0,32.0,69.94
3288,26218,26219,8.0,0.0,53.43
3289,26220,26221,4.0,0.0,29.3
3290,26222,26223,11.0,0.0,74.53
3291,26224,26225,4.0,0.0,32.13
3292,26226,26227,8.0,0.0,49.81
3293,26228,26229,16.0,0.0,104.31
3294,26230,26231,13.0,0.0,81.57
3295,26248,26249,7.0,0.0,60.38
3296,26250,26251,9.0,0.0,70.12
3297,26264,26265,6.0,0.0,44.49
3298,26274,26275,9.0,0.0,75.95
3299,26276,26277,13.0,0.0,101.61
3300,26278,26279,11.0,0.0,88.99
3301,26280,26281,4.0,0.0,30.09
3302,26282,26283,4.0,0.0,27.17
3303,26312,26313,5.0,0.0,62.86
3304,26314,26315,7.0,0.0,78.93
3305,26320,26321,9.0,0.0,83.51
3306,26322,26323,18.0,0.0,233.21
3307,26324,26325,9.0,0.0,115.3
3308,26326,26327,3.0,0.0,18.59
3309,26332,26333,9.0,0.0,119.41
3310,26334,26335,6.0,0.0,82.74
3311,26336,26337,6.0,0.0,95.36
3312,26338,26339,2.8,0.2,23.62
3313,26342,26343,1.4,0.8,7.94
3314,26344,26345,9.714,178.238,15.91
3315,26362,26363,3.333,0.267,37.53
3316,26364,26365,1.2,0.2,16.37
3317,26366,26367,12.4,1.3,150.21
3318,26368,26369,5.6,0.3,66.86
3319,26370,26371,13.333,163.867,105.82
3320,26372,26373,53.167,12240.967,96.79
3321,26374,26375,17.286,677.905,54.4
3322,26376,26377,54.143,18190.143,39.2
3323,26378,26379,16.25,967.929,22.07
3324,26380,26381,34.25,4151.643,37.77
3325,26398,26399,19.0,0.0,165.22
3326,26400,26401,8.0,0.0,66.66
3327,26416,26417,11.333,0.333,83.61
3328,26422,26423,4.0,0.0,27.6
3329,26424,26425,3.0,0.0,19.11
3330,26426,26427,8.0,0.0,59.65
3331,26428,26429,4.0,0.0,39.17
3332,26442,26443,17.0,2.0,79.7
3333,26446,26447,27.0,2.0,203.67
3334,26448,26449,7.5,0.5,53.79
3335,26454,26455,17.667,0.333,132.67
3336,26456,26457,15.5,0.5,116.24
3337,26500,26501,7.0,0.0,32.85
3338,26504,26505,5.0,0.0,25.51
3339,26540,26541,16.5,337.1,9.84
3340,26544,26545,6.205,0.43,79.22
3341,26546,26547,3.946,0.275,51.29
3342,26548,26549,8.73,5.758,104.74
3343,26552,26553,14.0,0.0,53.1
3344,26554,26555,5.0,0.0,20.32
3345,26582,26583,5.0,0.0,20.61
3346,26588,26589,22.2,6.2,172.95
3347,26620,26621,3.5,0.5,20.7
3348,26632,26633,3.0,0.0,5.28
3349,26636,26637,11.0,2.0,130.13
3350,26638,26639,7.0,0.0,90.56
3351,26654,26655,12.0,0.0,87.15
3352,26668,26669,3.5,0.5,18.65
3353,26670,26671,3.0,0.0,11.38
3354,26678,26679,1.75,0.197,22.31
3355,26680,26681,1.2,0.168,16.65
3356,26684,26685,2.0,0.0,9.01
3357,26686,26687,3.5,0.5,17.35
3358,26688,26689,6.0,0.0,31.74
3359,26700,26701,9.0,0.0,53.94
3360,26734,26735,2.0,0.0,9.16
3361,26776,26777,2.0,0.0,14.73
3362,26784,26785,8.0,0.0,25.52
3363,26800,26801,10.0,0.0,52.79
3364,26836,26837,12.0,0.0,63.84
3365,26880,26881,7.0,0.0,36.39
3366,26882,26883,10.0,0.0,45.44
3367,26886,26887,9.0,0.0,37.95
3368,26916,26917,20.0,0.0,95.77
3369,26928,26929,4.0,0.0,20.67
3370,26932,26933,9.0,0.0,56.69
3371,26936,26937,11.0,0.0,67.57
3372,26938,26939,8.0,0.0,50.42
3373,26942,26943,6.0,0.0,39.06
3374,26944,26945,2.0,0.0,16.3
3375,26946,26947,22.0,0.0,164.51
3376,26948,26949,5.0,0.0,32.07
3377,26958,26959,3.167,0.167,27.37
3378,26960,26961,8.69,1.15,170.68
3379,26966,26967,11.0,0.0,39.16
3380,26984,26985,4.286,0.238,47.31
3381,26986,26987,7.571,0.286,129.01
3382,26988,26989,2.0,0.0,24.79
3383,26990,26991,4.0,0.0,67.94
3384,26992,26993,5.0,0.0,74.51
3385,26994,26995,7.0,0.0,110.69
3386,26996,26997,5.0,0.0,62.64
3387,26998,26999,9.0,0.0,120.86
3388,27000,27001,6.0,0.0,50.1
3389,27004,27005,25.0,0.0,185.95
3390,27012,27013,6.0,0.0,37.87
3391,27014,27015,3.0,0.0,15.37
3392,27020,27021,20.0,0.0,166.4
3393,27022,27023,7.0,0.0,56.69
3394,27024,27025,7.0,0.0,56.48
3395,27026,27027,8.0,0.0,56.31
3396,27028,27029,12.0,0.0,81.01
3397,27042,27043,5.0,0.0,32.16
3398,27044,27045,5.0,0.0,33.57
3399,27046,27047,28.0,0.0,183.1
3400,27070,27071,12.0,0.0,152.33
3401,27072,27073,9.0,0.0,112.91
3402,27084,27085,5.0,0.0,68.17
3403,27086,27087,5.0,0.0,65.0
3404,27090,27091,2.0,0.0,29.2
3405,27092,27093,2.0,0.0,39.12
3406,27094,27095,61.667,186.333,119.57
3407,27104,27105,3.0,0.0,18.2
3408,27110,27111,3.667,0.333,30.11
3409,27112,27113,9.0,0.0,68.53
3410,27114,27115,2.0,0.0,18.47
3411,27116,27117,2.0,0.0,13.78
3412,27118,27119,2.0,0.0,17.7
3413,27148,27149,6.5,0.5,51.49
3414,27150,27151,9.5,0.5,70.52
3415,27162,27163,14.0,0.0,109.85
3416,27164,27165,12.0,0.0,98.68
3417,27168,27169,25.0,0.0,190.61
3418,27170,27171,9.0,0.0,70.04
3419,27202,27203,1.125,0.117,8.85
3420,27204,27205,2.583,0.265,18.9
3421,27208,27209,12.692,1.231,232.5
3422,27212,27213,31.0,0.0,158.99
3423,27214,27215,34.0,0.0,173.6
3424,27304,27305,14.667,5.867,105.22
3425,27306,27307,3.667,0.667,26.96
3426,27308,27309,18.0,3.333,134.37
3427,27310,27311,9.0,0.0,64.13
3428,27312,27313,16.0,0.0,129.62
3429,27314,27315,2.0,0.0,13.17
3430,27374,27375,1.143,0.143,16.41
3431,27378,27379,5.4,2.933,47.21
3432,27388,27389,14.0,0.667,111.62
3433,27390,27391,33.0,1281.333,16.22
3434,27392,27393,3.0,0.0,30.01
3435,27394,27395,2.0,0.0,12.4
3436,27518,27519,74.0,0.0,152.4
3437,27522,27523,4.0,0.0,37.56
3438,27524,27525,5.0,0.0,31.8
3439,27526,27527,637.0,0.0,1102.08
3440,27548,27549,2.9,0.322,64.02
3441,27550,27551,9.7,1.122,196.8
3442,27558,27559,15.0,2.0,323.47
3443,27564,27565,124.0,0.0,642.79
3444,27586,27587,3.917,0.428,46.6
3445,27588,27589,6.76,8.19,78.02
3446,27590,27591,6.56,29.34,49.12
3447,27592,27593,38.154,448.935,155.59
3448,27596,27597,32.0,0.0,70.37
3449,27606,27607,6.667,0.333,68.21
3450,27608,27609,2.333,0.333,30.62
3451,27612,27613,6.0,0.0,70.41
3452,27614,27615,3.333,0.333,37.03
3453,27616,27617,4.333,0.333,48.18
3454,27618,27619,5.0,0.0,57.61
3455,27620,27621,10.667,1.333,119.91
3456,27622,27623,2.667,0.333,14.91
3457,27624,27625,6.5,0.5,45.48
3458,27650,27651,8.0,1.0,60.21
3459,27652,27653,14.5,0.5,113.34
3460,27654,27655,6.0,0.0,51.17
3461,27666,27667,9.0,0.0,65.51
3462,27670,27671,21.0,0.0,88.73
3463,27708,27709,2.0,0.0,14.48
3464,27710,27711,28.833,8.167,215.44
3465,27712,27713,5.333,0.267,38.65
3466,27714,27715,9.857,2.81,75.8
3467,27716,27717,2.5,0.3,16.03
3468,27718,27719,7.0,0.5,47.92
3469,27720,27721,8.0,0.5,56.03
3470,27736,27737,2.706,0.517,35.43
3471,27738,27739,1.882,1.986,21.23
3472,27740,27741,2.265,3.049,18.31
3473,27742,27743,2.758,5.564,14.85
3474,27744,27745,3.061,0.246,37.49
3475,27748,27749,1.636,0.239,19.55
3476,27752,27753,1.088,0.083,14.67
3477,27754,27755,1.043,0.043,7.59
3478,27756,27757,17.778,255.378,29.96
3479,27758,27759,3.875,0.125,45.16
3480,27762,27763,1.425,0.251,17.75
3481,27768,27769,1.882,0.235,24.15
3482,27770,27771,2.059,0.184,26.79
3483,27772,27773,5.588,0.507,68.04
3484,27774,27775,4.529,0.39,58.18
3485,27776,27777,5.706,39.721,35.36
3486,27778,27779,1.071,0.071,12.88
3487,27782,27783,2.429,0.264,32.96
3488,27784,27785,4.071,0.379,56.42
3489,27786,27787,7.429,1.187,92.24
3490,27788,27789,10.0,72.0,30.25
3491,27790,27791,10.054,91.33,20.81
3492,27792,27793,6.571,14.571,56.19
3493,27794,27795,1.933,0.067,13.64
3494,27796,27797,5.0,0.615,63.31
3495,27798,27799,5.667,0.788,70.41
3496,27800,27801,15.438,425.596,29.24
3497,27802,27803,3.333,0.333,41.37
3498,27804,27805,6.333,0.533,77.18
3499,27806,27807,6.238,0.79,75.47
3500,27808,27809,7.143,15.429,74.44
3501,27810,27811,2.5,0.262,29.22
3502,27814,27815,2.591,0.253,29.02
3503,27816,27817,2.136,0.123,23.04
3504,27818,27819,5.0,0.0,56.59
3505,27828,27829,20.0,0.0,191.98
3506,27830,27831,9.5,0.5,69.59
3507,27832,27833,5.5,0.5,44.2
3508,27834,27835,7.0,2.0,47.36
3509,27836,27837,5.5,0.5,39.85
3510,27838,27839,6.0,2.0,47.56
3511,27860,27861,13.0,0.0,63.93
3512,27864,27865,4.0,2.0,32.59
3513,27866,27867,2.333,0.333,16.79
3514,27868,27869,3.0,0.0,19.68
3515,27870,27871,5.0,0.0,30.74
3516,27872,27873,3.0,0.0,18.79
3517,27874,27875,3.667,0.333,26.36
3518,27878,27879,3.0,1.0,22.83
3519,27880,27881,3.333,0.333,25.51
3520,27882,27883,4.5,0.5,31.57
3521,27884,27885,5.5,0.5,41.82
3522,27886,27887,6.0,2.0,49.84
3523,27888,27889,3.0,0.0,23.6
3524,27890,27891,15.0,0.0,35.57
3525,27896,27897,29.0,0.0,67.36
3526,27908,27909,4.0,0.0,30.81
3527,27922,27923,4.5,0.5,29.78
3528,27944,27945,2.333,0.333,34.28
3529,27946,27947,11.0,0.0,151.97
3530,27948,27949,2.25,0.25,28.8
3531,27950,27951,1.75,0.25,20.16
3532,27952,27953,4.0,0.0,46.34
3533,27954,27955,1.25,0.25,16.43
3534,27956,27957,2.6,0.3,32.61
3535,27962,27963,10.0,0.0,79.28
3536,27984,27985,9.333,0.333,68.16
3537,27986,27987,17.0,0.0,145.48
3538,27988,27989,9.0,0.0,67.92
3539,27990,27991,4.0,0.0,28.43
3540,28002,28003,10.0,0.0,70.66
3541,28008,28009,26.0,0.0,189.53
3542,28010,28011,8.0,0.0,55.72
3543,28018,28019,2.0,0.0,13.42
3544,28020,28021,2.0,0.0,9.61
3545,28024,28025,7.5,0.5,51.05
3546,28028,28029,6.429,0.571,97.37
3547,28036,28037,6.0,0.0,50.56
3548,28040,28041,15.0,8.0,102.82
3549,28042,28043,8.0,2.0,54.16
3550,28062,28063,8.0,0.0,56.41
3551,28080,28081,5.0,0.0,34.24
3552,28120,28121,33.0,0.0,245.38
3553,28126,28127,16.0,0.0,36.76
3554,28128,28129,10.0,0.0,163.46
3555,28132,28133,3.0,0.0,14.09
3556,28134,28135,1.5,0.5,15.26
3557,28136,28137,7.0,0.0,54.85
3558,28138,28139,3.0,0.0,17.69
3559,28148,28149,2.0,0.0,12.62
3560,28184,28185,3.0,0.0,16.59
3561,28200,28201,2.812,0.163,30.57
3562,28204,28205,1.312,0.229,15.38
3563,28206,28207,2.312,0.229,27.03
3564,28208,28209,15.5,2.267,193.19
3565,28210,28211,4.0,0.133,49.34
3566,28212,28213,4.667,0.333,48.36
3567,28214,28215,1.5,0.333,16.97
3568,28216,28217,8.75,0.917,99.37
3569,28218,28219,4.6,0.3,58.01
3570,28222,28223,3.0,0.0,19.01
3571,28224,28225,10.0,0.0,83.04
3572,28244,28245,6.0,0.0,33.14
3573,28246,28247,6.0,0.0,28.41
3574,28292,28293,14.0,0.0,105.05
3575,28294,28295,6.0,0.0,50.72
3576,28298,28299,4.0,0.0,24.95
3577,28300,28301,2.0,0.0,15.47
3578,28308,28309,6.0,0.0,41.33
3579,28338,28339,19.333,0.333,152.57
3580,28342,28343,2.0,0.0,19.17
3581,28344,28345,6.0,0.0,54.91
3582,28366,28367,6.0,0.0,47.68
3583,28368,28369,1.5,0.5,11.42
3584,28370,28371,3.5,0.5,29.17
3585,28372,28373,9.0,0.0,70.09
3586,28374,28375,4.0,0.0,20.9
3587,28378,28379,5.0,0.0,36.3
3588,28382,28383,12.0,0.0,29.52
3589,28384,28385,17.0,0.0,38.71
3590,28386,28387,20.0,0.0,46.55
3591,28412,28413,5.0,0.667,37.45
3592,28414,28415,3.0,0.0,22.37
3593,28416,28417,5.0,0.0,35.62
3594,28418,28419,4.0,0.0,28.93
3595,28436,28437,5.0,0.0,42.55
3596,28442,28443,3.0,0.0,27.74
3597,28444,28445,4.0,0.0,30.77
3598,28446,28447,3.0,0.0,25.64
3599,28448,28449,13.0,0.0,32.1
3600,28450,28451,4.0,0.0,14.03
3601,28470,28471,2.5,0.5,4.85
3602,28480,28481,2.0,0.0,18.89
3603,28482,28483,5.875,0.517,74.5
3604,28490,28491,18.0,8.0,35.86
3605,28492,28493,13.0,13.5,22.9
3606,28494,28495,9.8,0.7,20.51
3607,28496,28497,2.0,0.0,20.92
3608,28498,28499,24.0,0.0,190.42
3609,28506,28507,13.0,0.0,99.59
3610,28508,28509,5.0,0.0,37.35
3611,28510,28511,6.0,0.0,49.48
3612,28512,28513,2.0,0.0,18.59
3613,28514,28515,2.0,0.0,15.51
3614,28516,28517,4.0,0.0,33.07
3615,28518,28519,6.0,0.0,37.74
3616,28524,28525,2.5,0.333,15.22
3617,28526,28527,3.455,0.273,42.27
3618,28528,28529,2.438,0.262,25.18
3619,28530,28531,21.312,192.896,56.3
3620,28532,28533,10.667,0.667,76.77
3621,28534,28535,2.5,0.3,18.09
3622,28536,28537,3.125,0.125,38.52
3623,28538,28539,2.75,0.214,35.77
3624,28540,28541,2.273,0.418,27.56
3625,28542,28543,2.818,0.364,39.2
3626,28546,28547,2.0,0.0,22.04
3627,28558,28559,3.0,0.0,23.46
3628,28568,28569,10.0,0.0,81.29
3629,28570,28571,3.0,0.0,20.95
3630,28578,28579,9.0,0.0,59.31
3631,28580,28581,3.0,0.0,21.6
3632,28584,28585,14.4,2.3,26.84
3633,28586,28587,3.75,0.25,7.79
3634,28590,28591,13.0,0.0,27.75
3635,28592,28593,4.0,0.0,10.39
3636,28596,28597,3.0,0.0,29.34
3637,28646,28647,5.714,0.238,68.04
3638,28648,28649,1.714,0.238,22.08
3639,28650,28651,2.286,0.571,30.37
3640,28654,28655,6.0,0.4,67.51
3641,28656,28657,6.857,0.476,85.26
3642,28658,28659,5.833,0.167,69.6
3643,28660,28661,8.0,0.4,95.42
3644,28662,28663,10.5,0.7,132.05
3645,28664,28665,15.833,67.767,40.83
3646,28666,28667,1.5,0.5,16.65
3647,28668,28669,5.0,0.0,58.97
3648,28672,28673,3.5,4.5,19.63
3649,28686,28687,2.143,0.286,25.7
3650,28700,28701,10.0,0.0,54.32
3651,28702,28703,3.2,0.2,41.5
3652,28708,28709,8.5,1.9,105.71
3653,28710,28711,1.167,0.167,13.14
3654,28718,28719,3.0,0.0,12.92
3655,28720,28721,10.0,2.0,45.58
3656,28748,28749,4.0,0.0,47.29
3657,28750,28751,5.0,0.0,41.54
3658,28752,28753,8.0,0.0,101.02
3659,28754,28755,5.0,0.667,60.89
3660,28756,28757,5.5,1.0,73.6
3661,28758,28759,5.667,0.333,77.57
3662,28762,28763,2.0,0.0,20.62
3663,28772,28773,36.0,0.0,188.34
3664,28800,28801,8.0,0.0,46.05
3665,28810,28811,19.0,0.0,107.6
3666,28812,28813,4.0,0.0,27.37
3667,28816,28817,3.0,0.0,12.16
3668,28818,28819,13.0,0.0,101.62
3669,28878,28879,8.5,0.5,67.04
3670,28888,28889,18.0,0.0,224.43
3671,28890,28891,28.0,0.0,218.49
3672,28914,28915,7.0,0.0,55.9
3673,28938,28939,15.0,0.0,183.6
3674,28940,28941,9.5,0.5,102.07
3675,28952,28953,1.6,0.3,14.15
3676,28958,28959,11.5,0.5,146.12
3677,28964,28965,1.6,0.3,14.88
3678,28972,28973,6.0,0.0,39.46
3679,28998,28999,5.0,0.0,40.72
3680,29000,29001,12.0,2.0,86.66
3681,29004,29005,4.0,0.0,26.45
3682,29006,29007,3.667,0.333,26.99
3683,29008,29009,10.5,5.667,91.86
3684,29016,29017,3.0,0.0,16.05
3685,29018,29019,10.0,2.0,44.21
3686,29036,29037,6.0,0.0,37.08
3687,29038,29039,6.5,0.5,47.2
3688,29050,29051,3.0,0.0,24.74
3689,29052,29053,4.5,0.5,34.11
3690,29054,29055,3.5,0.5,24.98
3691,29062,29063,9.4,0.3,77.16
3692,29064,29065,5.0,0.286,36.96
3693,29072,29073,5.0,0.0,25.82
3694,29086,29087,6.0,0.0,63.15
3695,29088,29089,2.0,0.0,20.47
3696,29132,29133,7.5,0.5,60.73
3697,29134,29135,1.5,0.5,11.48
3698,29150,29151,4.0,0.0,25.83
3699,29154,29155,7.0,2.0,50.77
3700,29162,29163,11.5,4.5,84.33
3701,29164,29165,3.5,0.5,26.56
3702,29168,29169,3.5,0.5,22.92
3703,29170,29171,6.0,2.0,45.53
3704,29174,29175,2.0,0.0,12.64
3705,29246,29247,2.0,0.0,13.33
3706,29248,29249,26.0,8.0,190.99
3707,29250,29251,11.5,0.5,80.96
3708,29252,29253,9.0,0.0,69.12
3709,29254,29255,12.0,0.0,98.89
3710,29262,29263,37.5,579.5,15.21
3711,29266,29267,2.75,0.25,19.96
3712,29270,29271,1.167,0.167,7.99
3713,29272,29273,2.333,0.267,17.86
3714,29276,29277,1.833,0.167,13.38
3715,29300,29301,8.0,0.0,63.34
3716,29342,29343,25.0,0.0,205.84
3717,29344,29345,18.0,0.0,117.87
3718,29346,29347,6.0,0.0,33.29
3719,29370,29371,2.0,0.0,19.78
3720,29372,29373,3.0,0.0,30.21
3721,29390,29391,5.0,0.0,35.65
3722,29392,29393,4.0,0.0,23.16
3723,29394,29395,7.0,0.0,47.23
3724,29396,29397,3.0,0.0,15.79
3725,29400,29401,6.0,0.0,37.37
3726,29402,29403,9.0,0.0,59.5
3727,29404,29405,7.0,2.0,38.14
3728,29406,29407,6.0,0.0,68.51
3729,29410,29411,6.0,0.0,78.16
3730,29412,29413,8.0,0.0,93.23
3731,29414,29415,7.0,0.0,89.8
3732,29426,29427,5.0,0.0,47.52
3733,29448,29449,4.0,0.0,39.94
3734,29450,29451,5.5,0.5,24.38
3735,29460,29461,9.0,0.0,51.64
3736,29470,29471,2.5,0.5,13.09
3737,29480,29481,5.0,0.0,23.85
3738,29482,29483,6.0,0.0,31.68
3739,29484,29485,11.0,0.0,63.25
3740,29514,29515,8.0,0.0,46.58
3741,29516,29517,18.0,0.0,106.98
3742,29518,29519,6.0,0.0,35.71
3743,29520,29521,9.0,0.0,52.41
3744,29522,29523,9.0,0.0,54.77
3745,29538,29539,4.0,0.0,25.08
3746,29572,29573,10.0,0.0,58.67
3747,29584,29585,4.0,0.0,36.78
3748,29588,29589,9.0,0.0,73.03
3749,29596,29597,3.0,0.0,25.94
3750,29606,29607,20.0,0.0,104.12
3751,29608,29609,4.0,0.0,20.29
3752,29618,29619,14.0,0.0,97.37
3753,29648,29649,9.0,0.0,60.12
3754,29650,29651,23.0,0.0,165.06
3755,29652,29653,15.0,0.0,112.58
3756,29684,29685,17.0,0.0,132.35
3757,29694,29695,17.0,0.0,92.54
3758,29696,29697,85.0,0.0,460.52
3759,29698,29699,41.0,0.0,217.77
3760,29700,29701,20.0,0.0,108.45
3761,29728,29729,4.882,0.235,54.29
3762,29730,29731,3.059,0.309,37.46
3763,29732,29733,4.692,0.397,60.71
3764,29734,29735,2.667,0.238,34.06
3765,29758,29759,15.2,5.2,224.36
3766,29760,29761,6.125,0.411,71.42
3767,29766,29767,23.52,169.093,210.63
3768,29768,29769,2.0,0.0,26.0
3769,29770,29771,9.5,4.5,131.17
3770,29772,29773,10.5,4.5,129.19
3771,29774,29775,2.0,0.0,21.65
3772,29776,29777,11.0,0.0,96.1
3773,29780,29781,4.429,0.357,54.84
3774,29782,29783,28.238,331.39,24.46
3775,29788,29789,11.0,0.0,74.49
3776,29790,29791,3.5,0.5,23.93
3777,29792,29793,11.5,0.5,79.69
3778,29794,29795,2.333,0.333,22.36
3779,29808,29809,14.0,0.0,112.5
3780,29810,29811,4.0,0.0,34.18
3781,29812,29813,8.0,0.0,60.41
3782,29830,29831,8.0,2.0,87.36
3783,29850,29851,16.0,0.0,100.28
3784,29866,29867,6.5,0.5,42.19
3785,29868,29869,29.0,0.0,214.61
3786,29874,29875,8.0,0.0,53.84
3787,29900,29901,4.0,0.0,24.2
3788,29902,29903,20.5,220.5,72.31
3789,29904,29905,1.5,0.5,5.16
3790,29906,29907,9.5,0.5,73.53
3791,29908,29909,3.5,0.5,26.38
3792,29910,29911,2.5,0.333,14.72
3793,29912,29913,5.0,0.667,38.47
3794,29914,29915,8.0,1.333,60.42
3795,29916,29917,13.75,60.917,75.94
3796,29926,29927,1.5,0.5,12.25
3797,29928,29929,2.0,0.0,8.43
3798,29930,29931,7.818,3.394,87.87
3799,29942,29943,3.0,0.0,16.85
3800,29952,29953,16.0,0.0,116.97
3801,29956,29957,7.0,0.0,47.78
3802,29960,29961,1.24,0.19,15.22
3803,29962,29963,8.0,0.0,49.81
3804,29964,29965,9.0,0.0,56.39
3805,29968,29969,4.0,0.0,23.48
3806,29970,29971,1.5,0.5,8.52
3807,29982,29983,7.5,0.5,34.05
3808,29996,29997,2.364,0.426,24.81
3809,29998,29999,5.939,1.496,44.7
3810,30034,30035,10.0,0.0,84.83
3811,30060,30061,8.0,0.0,83.88
3812,30086,30087,8.0,0.0,43.13
3813,30098,30099,6.0,0.0,37.36
3814,30100,30101,25.0,0.0,166.14
3815,30106,30107,6.0,0.0,29.95
3816,30114,30115,2.0,0.0,16.15
3817,30116,30117,6.0,0.0,37.59
3818,30120,30121,8.0,0.0,42.11
3819,30146,30147,40.0,0.0,217.96
3820,30148,30149,7.0,0.0,38.0
3821,30166,30167,51.0,0.0,267.25
3822,30174,30175,4.545,1.073,91.21
3823,30194,30195,1.773,0.279,16.51
3824,30212,30213,17.667,2.333,137.83
3825,30216,30217,11.0,2.0,85.04
3826,30218,30219,13.25,0.917,101.47
3827,30220,30221,5.0,0.0,37.59
3828,30222,30223,9.0,0.0,62.49
3829,30224,30225,5.0,0.0,34.55
3830,30226,30227,8.75,1.583,58.07
3831,30228,30229,16.25,4.25,112.48
3832,30234,30235,3.5,0.5,25.3
3833,30236,30237,4.5,0.5,29.05
3834,30248,30249,12.5,0.5,86.95
3835,30252,30253,4.0,0.0,28.51
3836,30254,30255,4.0,0.0,23.48
3837,30288,30289,13.0,0.0,96.48
3838,30294,30295,6.5,0.5,53.38
3839,30302,30303,11.0,0.0,76.94
3840,30306,30307,11.0,2.0,87.37
3841,30316,30317,24.0,0.0,48.97
3842,30320,30321,7.0,0.0,45.77
3843,30322,30323,14.5,4.5,109.02
3844,30324,30325,15.333,2.333,112.15
3845,30326,30327,7.0,1.0,52.56
3846,30328,30329,6.0,2.0,38.75
3847,30330,30331,14.0,0.0,107.59
3848,30362,30363,15.0,0.0,125.01
3849,30364,30365,4.0,0.0,28.65
3850,30372,30373,2.333,0.333,9.64
3851,30374,30375,16.0,0.0,39.02
3852,30378,30379,9.333,1.333,62.74
3853,30380,30381,18.25,142.917,38.76
3854,30382,30383,31.5,24.5,220.47
3855,30384,30385,4.667,0.333,31.33
3856,30386,30387,10.0,1.0,68.31
3857,30396,30397,7.0,0.0,53.55
3858,30398,30399,4.0,0.0,24.09
3859,30414,30415,5.0,0.0,37.65
3860,30438,30439,8.0,0.0,46.9
3861,30444,30445,7.0,0.0,48.62
3862,30446,30447,11.0,0.0,79.9
3863,30448,30449,4.0,0.0,23.96
3864,30478,30479,5.5,0.5,56.3
3865,30480,30481,8.0,0.0,102.25
3866,30482,30483,4.0,0.0,45.16
3867,30484,30485,2.0,0.0,14.37
3868,30500,30501,9.0,2.0,40.56
3869,30506,30507,2.0,0.0,13.65
3870,30510,30511,2.0,0.0,5.35
3871,30522,30523,2.0,2.0,5.56
3872,30526,30527,3.0,0.0,14.27
3873,30536,30537,2.0,0.0,21.24
3874,30538,30539,8.0,0.0,105.11
3875,30546,30547,36.0,0.0,41.03
3876,30560,30561,5.0,0.0,24.55
3877,30584,30585,2.0,0.0,17.81
3878,30592,30593,2.5,0.333,24.47
3879,30594,30595,13.625,0.268,170.89
3880,30596,30597,13.364,2.455,170.38
3881,30598,30599,3.333,0.267,47.03
3882,30600,30601,4.0,0.0,47.09
3883,30652,30653,4.0,0.0,27.33
3884,30688,30689,6.737,0.538,104.84
3885,30694,30695,25.031,10.612,1228.71
3886,30696,30697,6.267,8.202,184.36
3887,30698,30699,3.905,0.99,194.17
3888,30700,30701,5.421,0.368,254.73
3889,30702,30703,2.211,0.175,76.53
3890,30704,30705,2.632,0.246,62.12
3891,30706,30707,3.333,0.381,63.7
3892,30708,30709,3.067,0.638,77.84
3893,30712,30713,17.5,280.3,23.83
3894,30714,30715,2.474,0.263,37.12
3895,30718,30719,4.0,0.0,228.5
3896,30720,30721,8.8,1.6,327.02
3897,30722,30723,13.138,128.266,61.83
3898,30724,30725,16.941,214.309,59.86
3899,30726,30727,16.235,156.566,64.7
3900,30728,30729,3.208,19.824,28.86
3901,30730,30731,17.273,370.684,29.14
3902,30732,30733,3.143,3.143,32.21
3903,30734,30735,20.5,605.667,25.51
3904,30736,30737,24.846,390.808,51.27
3905,30740,30741,1.4,0.257,15.36
3906,30742,30743,1.667,0.238,21.72
3907,30744,30745,8.2,43.886,43.69
3908,30746,30747,6.0,0.0,71.31
3909,30748,30749,13.0,78.0,44.85
3910,30750,30751,1.909,0.091,21.97
3911,30752,30753,2.909,0.291,35.8
3912,30754,30755,24.5,608.857,52.83
3913,30756,30757,4.143,0.44,55.07
3914,30758,30759,9.0,1.538,118.45
3915,30760,30761,17.643,111.478,135.4
3916,30762,30763,14.538,2.936,184.57
3917,30764,30765,2.154,0.474,24.44
3918,30766,30767,14.462,8.769,174.38
3919,30770,30771,8.667,30.267,48.36
3920,30772,30773,13.294,264.596,6.22
3921,30774,30775,1.647,7.118,4.43
3922,30776,30777,26.04,237.957,40.83
3923,30778,30779,8.938,0.862,113.58
3924,30780,30781,5.062,87.129,33.76
3925,30782,30783,5.5,26.696,22.85
3926,30784,30785,2.55,6.794,23.14
3927,30786,30787,1.404,1.209,12.67
3928,30790,30791,5.542,16.184,50.56
3929,30792,30793,6.741,28.3,51.15
3930,30794,30795,10.0,59.962,66.86
3931,30796,30797,7.236,39.888,41.11
3932,30798,30799,1.679,0.226,22.58
3933,30800,30801,1.643,0.238,19.23
3934,30802,30803,3.37,1.319,38.66
3935,30804,30805,3.64,0.323,47.87
3936,30806,30807,3.846,0.295,50.14
3937,30810,30811,2.2,0.583,26.52
3938,30812,30813,3.708,0.303,47.5
3939,30814,30815,9.292,1.346,119.02
3940,30816,30817,2.028,12.085,13.08
3941,30818,30819,3.294,26.971,5.07
3942,30820,30821,3.417,12.775,26.05
3943,30822,30823,3.625,16.592,14.46
3944,30824,30825,2.588,15.947,23.52
3945,30826,30827,7.941,68.421,33.51
3946,30828,30829,4.857,0.497,58.67
3947,30830,30831,6.377,24.072,54.4
3948,30832,30833,1.111,0.273,7.48
3949,30834,30835,1.545,3.273,2.96
3950,30836,30837,18.279,145.635,63.94
3951,30838,30839,23.5,144.643,108.01
3952,30874,30875,3.0,0.0,29.39
3953,30876,30877,6.0,0.0,51.22
3954,30878,30879,8.0,0.0,64.04
3955,30884,30885,12.0,0.0,95.14
3956,30886,30887,9.0,8.0,89.3
3957,30888,30889,8.5,0.5,67.37
3958,30906,30907,5.0,0.0,33.91
3959,30914,30915,4.0,0.0,26.12
3960,30920,30921,51.962,25.238,2714.56
3961,30922,30923,4.406,1.926,140.66
3962,30924,30925,13.556,3.028,360.69
3963,30926,30927,6.6,0.933,340.62
3964,30928,30929,2.688,0.229,76.61
3965,30930,30931,3.875,0.25,97.77
3966,30932,30933,6.192,5.202,176.48
3967,30934,30935,17.952,3.048,479.22
3968,30936,30937,6.4,141.726,19.17
3969,30938,30939,4.231,16.585,45.22
3970,30940,30941,32.565,778.075,169.36
3971,30942,30943,3.964,0.332,52.0
3972,30944,30945,7.111,0.949,86.85
3973,30946,30947,7.957,64.498,58.97
3974,30950,30951,9.211,5.064,120.26
3975,30952,30953,3.722,0.33,46.99
3976,30954,30955,5.611,0.487,70.22
3977,30956,30957,3.714,0.286,46.1
3978,30958,30959,30.821,1699.189,56.19
3979,30960,30961,4.357,0.238,54.82
3980,30962,30963,2.0,0.519,22.9
3981,30966,30967,14.739,1.747,188.5
3982,30968,30969,2.174,0.15,29.42
3983,31016,31017,14.0,2.0,71.07
3984,31018,31019,21.5,3.0,114.17
3985,31020,31021,10.5,1.0,56.69
3986,31022,31023,1.75,0.25,11.09
3987,31024,31025,10.0,0.0,88.41
3988,31028,31029,5.0,2.0,34.41
3989,31030,31031,8.0,0.0,52.3
3990,31034,31035,4.667,0.97,36.22
3991,31036,31037,7.5,0.5,34.63
3992,31038,31039,7.7,33.122,93.6
3993,31046,31047,16.625,3.982,194.5
3994,31048,31049,7.222,0.694,85.44
3995,31050,31051,3.0,0.25,34.12
3996,31052,31053,2.333,0.25,26.84
3997,31054,31055,1.667,0.25,21.3
3998,31056,31057,3.667,0.5,46.01
3999,31058,31059,3.667,0.75,42.59
4000,31060,31061,2.0,0.0,23.58
4001,31062,31063,9.889,0.611,103.95
4002,31064,31065,22.158,6.14,259.33
4003,31066,31067,21.652,29.055,224.47
4004,31086,31087,2.1,0.095,32.01
4005,31088,31089,4.65,0.45,73.75
4006,31094,31095,4.0,0.0,22.05
4007,31096,31097,10.0,0.0,51.86
4008,31100,31101,15.0,0.0,79.2
4009,31102,31103,83.0,0.0,458.71
4010,31110,31111,17.786,48.101,187.7
4011,31116,31117,10.0,0.0,76.17
4012,31118,31119,8.0,0.0,59.79
4013,31120,31121,7.0,0.0,49.88
4014,31122,31123,5.5,0.5,39.44
4015,31126,31127,3.0,0.0,18.5
4016,31128,31129,3.0,0.0,26.1
4017,31158,31159,16.0,0.0,81.09
4018,31160,31161,21.0,0.0,105.66
4019,31174,31175,12.0,0.0,90.69
4020,31202,31203,2.5,0.5,21.24
4021,31204,31205,6.5,0.5,47.75
4022,31206,31207,3.5,0.5,19.38
4023,31218,31219,19.0,0.0,12.68
4024,31228,31229,5.0,0.6,57.45
4025,31240,31241,6.0,0.0,71.58
4026,31242,31243,3.0,0.0,36.3
4027,31244,31245,7.0,0.0,88.39
4028,31252,31253,3.0,0.0,25.6
4029,31254,31255,6.0,0.0,41.53
4030,31256,31257,2.0,0.0,11.75
4031,31260,31261,4.0,0.0,24.0
4032,31262,31263,3.5,0.5,19.42
4033,31264,31265,4.5,0.5,27.22
4034,31266,31267,4.0,0.0,33.26
4035,31268,31269,3.0,0.0,31.24
4036,31270,31271,20.0,0.0,19.36
4037,31272,31273,90.0,0.0,28.28
4038,31274,31275,72.5,9112.5,32.79
4039,31276,31277,40.5,2964.5,8.62
4040,31278,31279,136.5,40.5,36.16
4041,31280,31281,36.5,364.5,15.73
4042,31296,31297,3.773,0.374,50.71
4043,31298,31299,1.318,0.227,15.17
4044,31300,31301,1.333,0.333,10.28
4045,31304,31305,17.0,2.0,75.64
4046,31308,31309,29.0,0.0,0.2
4047,31316,31317,2.5,0.5,21.4
4048,31320,31321,3.0,0.0,25.07
4049,31322,31323,3.0,0.0,26.19
4050,31324,31325,3.0,0.0,17.46
4051,31328,31329,10.0,0.0,54.26
4052,31342,31343,5.0,0.0,19.78
4053,31348,31349,4.5,0.5,24.77
4054,31352,31353,7.333,2.333,31.72
4055,31354,31355,9.333,2.333,42.08
4056,31404,31405,108.0,0.0,357.62
4057,31406,31407,83.0,0.0,399.59
4058,31408,31409,117.0,0.0,559.23
4059,31410,31411,26.0,0.0,123.01
4060,31412,31413,56.0,0.0,263.89
4061,31424,31425,3.0,0.0,15.47
4062,31448,31449,46.0,0.0,106.19
4063,31462,31463,4.0,0.0,16.23
4064,31476,31477,17.667,0.333,205.04
4065,31478,31479,4.0,0.0,57.64
4066,31480,31481,17.0,2.0,213.14
4067,31482,31483,11.0,2.0,139.28
4068,31500,31501,6.0,0.0,30.4
4069,31510,31511,22.5,12.5,146.57
4070,31512,31513,2.5,0.5,15.08
4071,31514,31515,6.0,0.0,44.16
4072,31526,31527,5.818,1.364,73.96
4073,31528,31529,7.25,1.477,72.26
4074,31530,31531,31.0,0.0,221.32
4075,31532,31533,1.167,0.144,10.78
4076,31534,31535,4.714,0.622,56.62
4077,31536,31537,7.114,12.928,74.28
4078,31538,31539,2.947,0.275,57.34
4079,31546,31547,5.0,0.0,49.0
4080,31558,31559,2.0,0.0,11.51
4081,31560,31561,4.0,0.0,20.39
4082,31566,31567,11.0,0.0,84.72
4083,31570,31571,5.0,0.0,47.84
4084,31610,31611,3.0,0.0,14.89
4085,31612,31613,9.0,0.0,77.86
4086,31616,31617,5.0,0.0,36.63
4087,31618,31619,5.0,0.0,38.93
4088,31620,31621,5.0,0.0,39.19
4089,31622,31623,2.0,0.0,14.9
4090,31624,31625,7.0,0.0,51.52
4091,31626,31627,7.0,0.0,49.55
4092,31628,31629,6.5,0.5,44.25
4093,31672,31673,25.0,0.0,49.47
4094,31710,31711,9.0,0.0,48.19
4095,31718,31719,8.5,0.333,104.12
4096,31720,31721,11.5,1.667,144.16
4097,31724,31725,5.0,0.0,33.69
4098,31752,31753,14.5,4.5,105.05
4099,31758,31759,19.938,108.596,163.52
4100,31760,31761,18.833,5.767,233.07
4101,31772,31773,12.0,0.0,531.47
4102,31780,31781,2.611,0.369,33.47
4103,31782,31783,21.0,235.059,54.68
4104,31784,31785,9.103,49.025,74.29
4105,31786,31787,5.345,20.091,19.39
4106,31788,31789,3.5,0.5,41.89
4107,31792,31793,1.25,0.25,9.85
4108,31794,31795,10.269,1.325,130.51
4109,31798,31799,4.568,15.832,41.2
4110,31800,31801,1.053,0.051,8.04
4111,31812,31813,6.75,0.917,27.16
4112,31844,31845,2.571,0.286,15.98
4113,31846,31847,2.444,0.528,30.76
4114,31848,31849,2.417,0.265,29.02
4115,31850,31851,5.583,0.447,70.29
4116,31876,31877,3.0,1.0,28.75
4117,31938,31939,21.5,60.5,44.36
4118,31946,31947,85.0,0.0,152.23
4119,31956,31957,6.0,0.0,47.46
4120,31990,31991,9.0,0.0,66.16
4121,31992,31993,24.0,2.0,50.55
4122,31998,31999,3.667,1.333,38.7
4123,32000,32001,4.0,1.0,41.58
4124,32002,32003,6.667,2.333,76.91
4125,32004,32005,2.5,0.333,28.85
4126,32008,32009,3.75,0.917,45.07
4127,32012,32013,3.75,0.25,40.49
4128,32014,32015,12.5,28.333,84.12
4129,32016,32017,14.0,0.0,103.48
4130,32018,32019,5.0,0.0,33.4
4131,32020,32021,6.0,0.0,50.26
4132,32022,32023,3.0,0.0,24.17
4133,32024,32025,1.053,0.051,11.82
4134,32026,32027,70.857,32.143,4000.33
4135,32028,32029,2.538,0.269,27.74
4136,32036,32037,5.87,12.755,52.61
4137,32038,32039,5.091,0.398,64.57
4138,32040,32041,1.278,1.389,6.61
4139,32042,32043,3.0,0.0,42.47
4140,32044,32045,1.667,0.333,27.71
4141,32092,32093,49.0,0.0,91.73
4142,32100,32101,4.0,0.0,28.65
4143,32102,32103,3.0,0.0,22.46
4144,32104,32105,12.0,0.0,83.83
4145,32106,32107,9.0,0.0,60.77
4146,32108,32109,7.0,2.0,43.88
4147,32110,32111,8.0,0.0,53.83
4148,32118,32119,23.0,0.0,42.83
4149,32120,32121,12.0,0.0,59.55
4150,32122,32123,14.5,0.5,67.9
4151,32126,32127,2.0,0.0,5.16
4152,32128,32129,25.0,0.0,29.26
4153,32130,32131,1.5,0.5,14.22
4154,32148,32149,3.0,0.0,19.29
4155,32158,32159,8.0,0.0,52.26
4156,32162,32163,24.0,0.0,94.22
4157,32166,32167,2.15,0.239,23.69
4158,32168,32169,1.889,0.222,23.12
4159,32170,32171,7.333,1.059,89.98
4160,32172,32173,3.278,0.448,39.97
4161,32252,32253,36.0,0.0,202.81
4162,32264,32265,9.316,1.45,111.0
4163,32266,32267,2.211,0.175,26.94
4164,32268,32269,8.105,1.211,101.94
4165,32270,32271,4.444,0.379,53.48
4166,32272,32273,1.778,0.183,19.71
4167,32274,32275,1.059,0.059,3.9
4168,32282,32283,7.0,0.0,51.64
4169,32288,32289,1.667,0.333,7.61
4170,32296,32297,4.0,0.0,33.57
4171,32298,32299,5.0,0.0,57.22
4172,32300,32301,35.158,1186.028,68.33
4173,32302,32303,6.833,0.695,84.81
4174,32304,32305,21.263,113.118,147.23
4175,32306,32307,6.0,0.0,67.58
4176,32308,32309,17.0,0.0,187.05
4177,32352,32353,11.5,0.5,87.64
4178,32354,32355,7.0,0.0,53.22
4179,32356,32357,5.0,0.0,39.8
4180,32358,32359,14.0,0.0,104.97
4181,32360,32361,4.0,0.0,32.25
4182,32366,32367,5.0,0.0,51.87
4183,32370,32371,3.0,0.0,18.45
4184,32372,32373,36.0,0.0,188.88
4185,32374,32375,63.0,0.0,326.47
4186,32384,32385,17.0,0.0,37.28
4187,32390,32391,2.0,1.0,13.36
4188,32400,32401,5.0,0.0,53.66
4189,32402,32403,3.0,0.0,25.98
4190,32408,32409,53.0,0.0,266.32
4191,32420,32421,19.5,84.5,148.89
4192,32438,32439,13.0,0.0,97.94
4193,32444,32445,18.0,0.0,161.45
4194,32446,32447,10.0,0.0,96.79
4195,32448,32449,12.0,0.0,156.51
4196,32466,32467,4.0,0.0,30.09
4197,32474,32475,2.0,0.0,11.31
4198,32478,32479,5.6,0.489,117.83
4199,32480,32481,12.417,0.629,257.78
4200,32482,32483,5.083,0.447,82.0
4201,32488,32489,2.0,0.0,30.35
4202,32490,32491,14.0,0.0,170.26
4203,32526,32527,18.667,1.333,145.77
4204,32528,32529,8.0,16.667,74.32
4205,32532,32533,4.0,0.0,51.66
4206,32534,32535,7.667,0.333,100.85
4207,32544,32545,1.345,0.234,12.95
4208,32566,32567,1.136,0.409,10.84
4209,32568,32569,1.75,0.37,20.18
4210,32570,32571,11.52,8.177,131.42
4211,32574,32575,5.143,69.143,13.23
4212,32576,32577,4.818,0.591,56.25
4213,32578,32579,1.212,0.172,13.8
4214,32580,32581,11.424,27.127,96.78
4215,32582,32583,20.242,4.127,245.12
4216,32586,32587,3.25,0.25,22.35
4217,32588,32589,10.0,567.0,10.08
4218,32590,32591,42.875,530.982,19.89
4219,32592,32593,2.375,0.25,30.83
4220,32636,32637,3.0,0.0,17.25
4221,32650,32651,2.0,0.0,11.08
4222,32654,32655,10.0,0.0,53.77
4223,32656,32657,47.0,0.0,244.65
4224,32658,32659,3.0,0.0,16.41
4225,32660,32661,13.0,0.0,68.41
4226,32666,32667,6.0,3.0,56.82
4227,32668,32669,13.0,0.0,94.41
4228,32686,32687,3.615,0.423,44.69
4229,32688,32689,4.5,0.273,57.81
4230,32692,32693,6.5,0.5,78.4
4231,32694,32695,11.2,1.733,138.14
4232,32696,32697,8.4,0.711,101.89
4233,32698,32699,3.0,0.889,32.06
4234,32700,32701,4.833,0.333,57.78
4235,32702,32703,2.167,0.152,27.21
4236,32704,32705,2.818,0.364,35.54
4237,32706,32707,1.273,0.218,13.75
4238,32708,32709,5.545,0.473,65.76
4239,32710,32711,2.0,0.444,23.08
4240,32712,32713,2.84,0.307,32.68
4241,32714,32715,3.64,0.907,42.01
4242,32716,32717,1.76,5.69,14.79
4243,32718,32719,11.033,904.585,13.89
4244,32724,32725,1.15,0.45,6.28
4245,32726,32727,7.417,0.862,92.96
4246,32728,32729,5.375,0.592,66.61
4247,32730,32731,2.0,0.2,16.17
4248,32732,32733,1.625,0.25,15.28
4249,32734,32735,4.5,0.5,65.94
4250,32736,32737,7.0,0.0,107.98
4251,32738,32739,59.5,480.5,54.77
4252,32740,32741,3.0,0.0,42.34
4253,32742,32743,2.0,0.0,38.35
4254,32744,32745,1.5,0.5,23.0
4255,32750,32751,1.5,0.5,18.73
4256,32752,32753,1.5,0.5,23.87
4257,32754,32755,6.0,0.0,83.82
4258,32756,32757,9.5,0.5,146.6
4259,32758,32759,7.312,0.762,90.78
4260,32760,32761,2.062,0.062,24.91
4261,32762,32763,4.438,22.529,32.61
4262,32764,32765,3.357,0.247,40.97
4263,32766,32767,7.357,0.863,92.26
4264,32770,32771,21.5,571.0,10.99
4265,32774,32775,3.647,0.368,42.29
4266,32776,32777,10.059,0.809,157.22
4267,32778,32779,19.882,4.11,312.06
4268,32788,32789,3.0,0.0,22.94
4269,32794,32795,9.0,0.0,98.82
4270,32796,32797,10.0,0.0,114.86
4271,32798,32799,2.0,0.0,29.29
4272,32802,32803,4.0,0.0,37.74
4273,32804,32805,1.667,0.333,15.94
4274,32806,32807,6.5,0.333,78.09
4275,32838,32839,5.0,0.0,26.28
4276,32840,32841,18.333,3.412,482.19
4277,32842,32843,1.154,0.141,23.88
4278,32844,32845,25.769,4.859,665.97
4279,32846,32847,2.429,0.286,25.97
4280,32852,32853,3.0,0.0,13.44
4281,32872,32873,60.0,0.0,139.72
4282,32880,32881,6.571,0.619,86.12
4283,32882,32883,4.714,0.238,63.84
4284,32886,32887,4.0,0.0,51.79
4285,32924,32925,2.0,0.0,6.58
4286,32930,32931,3.588,0.257,45.02
4287,32932,32933,5.0,0.5,61.32
4288,32934,32935,26.0,0.0,145.64
4289,32962,32963,8.909,0.491,102.82
4290,32964,32965,2.455,0.273,28.36
4291,32966,32967,12.909,0.691,139.73
4292,32990,32991,14.571,141.735,118.41
4293,32992,32993,17.75,372.417,29.19
4294,32994,32995,2.188,0.962,20.56
4295,32996,32997,4.286,0.514,47.54
4296,32998,32999,3.714,0.614,44.04
4297,33000,33001,3.238,0.19,37.14
4298,33002,33003,13.333,19.733,143.1
4299,33004,33005,27.364,429.957,63.75
4300,33006,33007,10.75,1.145,132.55
4301,33008,33009,9.474,1.263,119.47
4302,33010,33011,3.211,0.175,40.32
4303,33012,33013,2.158,0.251,26.78
4304,33014,33015,12.65,100.45,126.89
4305,33016,33017,29.45,661.839,28.25
4306,33018,33019,2.0,0.0,10.89
4307,33020,33021,19.0,0.0,12.42
4308,33022,33023,53.0,0.0,12.73
4309,33024,33025,3.0,0.167,38.37
4310,33064,33065,2.0,0.0,17.93
4311,33066,33067,4.0,0.0,43.87
4312,33068,33069,2.5,0.5,22.27
4313,33082,33083,2.049,0.148,26.99
4314,33084,33085,1.049,0.048,14.21
4315,33096,33097,42.0,0.0,196.61
4316,33098,33099,5.5,12.5,15.2
4317,33152,33153,1.679,0.226,34.07
4318,33154,33155,4.107,0.247,84.09
4319,33156,33157,2.5,0.259,51.12
4320,33158,33159,5.765,0.316,74.54
4321,33160,33161,6.118,0.36,79.27
4322,33162,33163,6.882,0.86,88.47
4323,33164,33165,2.294,0.221,29.07
4324,33166,33167,6.235,18.941,68.27
4325,33168,33169,2.688,0.896,30.27
4326,33170,33171,13.0,239.333,15.27
4327,33172,33173,1.6,0.267,21.45
4328,33174,33175,5.857,0.429,71.39
4329,33176,33177,6.0,44.667,60.21
4330,33178,33179,1.75,0.214,22.4
4331,33180,33181,3.571,0.286,46.66
4332,33182,33183,2.529,1.14,27.01
4333,33184,33185,31.059,488.059,16.53
4334,33186,33187,8.118,15.61,89.18
4335,33188,33189,6.824,140.654,16.75
4336,33190,33191,1.857,0.143,24.74
4337,33192,33193,4.857,0.143,62.21
4338,33194,33195,24.0,66.5,130.86
4339,33196,33197,1.833,0.333,22.9
4340,33198,33199,1.833,0.152,21.06
4341,33200,33201,31.167,201.788,66.55
4342,33202,33203,4.364,0.433,51.51
4343,33204,33205,12.5,113.31,21.92
4344,33208,33209,3.6,0.257,45.09
4345,33210,33211,2.667,0.238,34.29
4346,33214,33215,3.933,0.21,50.49
4347,33216,33217,7.133,0.552,85.84
4348,33222,33223,6.0,0.0,50.23
4349,33236,33237,2.0,0.0,9.74
4350,33238,33239,4.08,0.243,51.89
4351,33248,33249,2.0,0.0,8.47
4352,33268,33269,7.0,0.0,39.33
4353,33270,33271,2.0,0.0,7.1
4354,33272,33273,9.0,0.0,36.87
4355,33280,33281,10.615,82.256,89.53
4356,33282,33283,6.833,60.515,16.23
4357,33284,33285,2.125,1.717,12.93
4358,33286,33287,7.581,4.718,88.75
4359,33292,33293,44.1,590.544,52.08
4360,33294,33295,9.0,1.0,64.02
4361,33296,33297,13.0,1.0,93.14
4362,33298,33299,4.667,0.333,32.23
4363,33300,33301,7.0,0.0,103.2
4364,33302,33303,3.0,0.0,21.12
4365,33304,33305,3.0,0.0,23.35
4366,33306,33307,7.5,0.5,56.77
4367,33308,33309,5.0,0.0,37.2
4368,33310,33311,3.0,0.0,25.17
4369,33314,33315,12.0,0.0,93.86
4370,33318,33319,6.625,0.65,85.85
4371,33320,33321,4.375,0.25,55.17
4372,33322,33323,1.636,0.255,20.1
4373,33324,33325,3.545,0.673,46.98
4374,33344,33345,3.0,0.0,20.16
4375,33346,33347,3.0,0.0,17.26
4376,33352,33353,7.25,0.25,89.18
4377,33354,33355,16.5,3.667,199.58
4378,33356,33357,6.25,0.917,75.85
4379,33360,33361,2.5,0.333,34.23
4380,33362,33363,3.25,1.583,19.2
4381,33364,33365,3.0,0.333,37.31
4382,33366,33367,1.571,0.286,24.13
4383,33368,33369,7.0,0.667,90.85
4384,33370,33371,3.0,0.0,37.58
4385,33372,33373,4.0,0.0,58.75
4386,33380,33381,4.0,0.0,32.14
4387,33382,33383,2.0,0.0,17.06
4388,33384,33385,5.0,0.0,33.2
4389,33386,33387,20.0,0.0,14.78
4390,33390,33391,10.5,0.5,81.94
4391,33392,33393,17.5,0.5,125.65
4392,33394,33395,4.0,0.0,32.54
4393,33396,33397,10.0,0.0,76.04
4394,33398,33399,3.0,0.0,17.28
4395,33400,33401,5.0,0.0,37.65
4396,33402,33403,2.0,0.0,12.53
4397,33408,33409,1.889,0.111,26.58
4398,33418,33419,7.0,0.0,13.22
4399,33424,33425,2.75,0.917,13.3
4400,33426,33427,1.154,0.141,8.24
4401,33428,33429,13.231,52.859,78.8
4402,33430,33431,21.143,805.055,29.72
4403,33432,33433,3.286,0.36,39.49
4404,33436,33437,53.0,0.0,365.64
4405,33438,33439,1.6,0.3,29.43
4406,33440,33441,10.143,2.476,225.64
4407,33442,33443,17.75,4.786,210.02
4408,33446,33447,5.0,0.0,40.07
4409,33448,33449,9.0,0.0,61.06
4410,33466,33467,2.8,0.2,26.4
4411,33472,33473,3.0,0.0,24.53
4412,33474,33475,13.0,0.0,118.07
4413,33476,33477,6.0,0.0,55.27
4414,33478,33479,5.0,0.0,38.66
4415,33480,33481,6.0,0.0,39.73
4416,33484,33485,2.0,0.0,3.17
4417,33496,33497,12.5,68.0,20.41
4418,33498,33499,36.5,700.857,42.64
4419,33500,33501,6.5,1.429,26.78
4420,33502,33503,6.0,2.0,13.51
4421,33504,33505,5.5,0.286,24.91
4422,33506,33507,1.833,0.167,12.24
4423,33510,33511,2.667,0.267,17.18
4424,33522,33523,6.0,0.0,39.19
4425,33524,33525,6.0,0.0,43.26
4426,33526,33527,3.0,0.0,17.79
4427,33546,33547,6.667,8.733,59.8
4428,33548,33549,12.286,21.714,125.09
4429,33550,33551,9.857,96.429,39.03
4430,33552,33553,81.0,0.0,143.59
4431,33580,33581,21.0,0.0,127.36
4432,33586,33587,1.143,0.143,9.32
4433,33588,33589,4.0,0.0,20.4
4434,33590,33591,2.0,0.0,12.75
4435,33592,33593,2.75,0.917,20.86
4436,33596,33597,2.75,0.25,18.44
4437,33598,33599,1.75,0.25,11.26
4438,33600,33601,2.25,0.25,16.72
4439,33620,33621,2.0,0.0,14.21
4440,33622,33623,3.0,0.0,26.41
4441,33624,33625,6.0,0.0,44.77
4442,33638,33639,4.0,0.0,32.71
4443,33642,33643,12.0,0.0,76.04
4444,33650,33651,3.0,0.0,22.16
4445,33652,33653,72.667,486.333,25.1
4446,33654,33655,49.5,420.5,11.82
4447,33656,33657,2.75,0.408,35.85
4448,33658,33659,4.95,0.892,65.77
4449,33660,33661,3.381,22.548,32.68
4450,33662,33663,14.957,125.953,42.06
4451,33666,33667,5.5,0.5,41.79
4452,33668,33669,6.5,0.5,49.92
4453,33670,33671,2.5,0.5,16.52
4454,33672,33673,2.5,0.5,22.1
4455,33674,33675,2.0,0.0,13.59
4456,33678,33679,4.5,0.5,28.83
4457,33716,33717,2.5,0.333,31.41
4458,33718,33719,3.25,0.25,45.36
4459,33720,33721,2.5,0.333,33.27
4460,33722,33723,10.75,2.25,139.06
4461,33724,33725,6.75,0.917,83.44
4462,33726,33727,4.75,0.917,57.19
4463,33748,33749,5.0,0.0,19.06
4464,33752,33753,9.0,0.0,36.67
4465,33762,33763,2.0,0.0,12.2
4466,33772,33773,20.0,0.0,36.85
4467,33780,33781,398.667,7784.333,764.86
4468,33782,33783,1.5,0.333,3.01
4469,33784,33785,17.5,9.0,36.8
4470,33786,33787,32.25,9.583,63.2
4471,33788,33789,8.5,0.333,19.34
4472,33792,33793,95.0,171.0,207.22
4473,33794,33795,82.0,8.0,156.9
4474,33810,33811,6.684,0.45,101.06
4475,33812,33813,4.421,0.257,67.32
4476,33814,33815,10.778,1.092,167.0
4477,33816,33817,3.632,0.246,55.6
4478,33824,33825,27.125,247.839,27.05
4479,33850,33851,3.667,0.333,49.61
4480,33854,33855,4.25,0.25,23.05
4481,33860,33861,1.683,0.222,22.83
4482,33864,33865,4.349,0.28,54.85
4483,33866,33867,1.465,0.255,19.86
4484,33868,33869,3.071,0.702,36.77
4485,33870,33871,1.548,0.254,19.19
4486,33872,33873,7.444,0.614,95.94
4487,33874,33875,9.0,0.842,110.77
4488,33876,33877,10.5,99.737,25.91
4489,33878,33879,1.842,0.474,22.22
4490,33880,33881,4.0,0.0,26.72
4491,33884,33885,3.0,0.0,19.65
4492,33888,33889,4.0,0.0,25.8
4493,33890,33891,7.333,0.333,59.58
4494,33892,33893,3.0,0.0,22.52
4495,33894,33895,1.375,0.25,31.15
4496,33896,33897,8.667,0.333,184.07
4497,33898,33899,3.476,0.962,69.12
4498,33900,33901,4.765,0.191,98.04
4499,33902,33903,11.667,0.333,254.04
4500,33904,33905,4.333,0.333,94.35
4501,33906,33907,14.25,1.583,382.05
4502,33908,33909,2.789,0.175,38.52
4503,33910,33911,4.0,0.0,43.93
4504,33912,33913,12.2,19.2,120.12
4505,33914,33915,13.4,83.8,19.43
4506,33924,33925,4.786,0.489,58.79
4507,33926,33927,7.714,22.527,46.2
4508,33928,33929,26.821,354.597,111.76
4509,33930,33931,21.857,465.67,34.63
4510,33934,33935,11.0,0.0,47.74
4511,33940,33941,8.0,0.0,36.77
4512,33948,33949,9.0,0.0,46.9
4513,34008,34009,3.0,0.0,10.79
4514,34014,34015,7.0,0.0,31.41
4515,34024,34025,12.0,0.0,10.57
4516,34034,34035,7.0,0.0,39.83
4517,34058,34059,1.167,0.167,9.98
4518,34062,34063,1.375,0.268,16.79
4519,34064,34065,3.5,0.571,47.74
4520,34074,34075,7.1,0.322,79.85
4521,34076,34077,10.778,2.194,122.2
4522,34078,34079,6.923,0.577,79.67
4523,34080,34081,37.231,338.359,58.1
4524,34082,34083,1.059,0.059,9.82
4525,34084,34085,7.111,0.34,89.47
4526,34088,34089,2.111,0.105,25.89
4527,34092,34093,4.188,0.962,47.36
4528,34094,34095,26.438,539.462,28.17
4529,34104,34105,25.0,0.0,101.17
4530,34144,34145,4.0,0.0,16.23
4531,34146,34147,5.0,0.0,30.17
4532,34200,34201,7.0,0.0,35.53
4533,34264,34265,25.0,0.0,140.04
4534,34266,34267,3.0,0.0,11.98
4535,34278,34279,5.0,0.0,21.39
4536,34296,34297,3.0,0.0,12.65
4537,34312,34313,14.0,0.0,102.13
4538,34318,34319,17.0,0.0,90.89
4539,34320,34321,8.0,0.0,41.57
4540,34402,34403,10.0,0.0,54.44
4541,34442,34443,1.25,0.214,6.9
4542,34444,34445,6.889,0.611,50.56
4543,34446,34447,9.5,1.611,67.29
4544,34448,34449,2.143,0.143,23.9
4545,34450,34451,3.0,0.0,23.24
4546,34456,34457,38.0,0.0,179.43
4547,34458,34459,4.0,0.0,19.77
4548,34464,34465,2.0,0.0,27.41
4549,34466,34467,4.0,0.0,58.44
4550,34468,34469,4.0,0.0,60.35
4551,34474,34475,3.0,0.0,46.27
4552,34478,34479,19.0,0.0,84.94
4553,34482,34483,37.0,0.0,161.15
4554,34558,34559,36.0,0.0,276.53
4555,34596,34597,5.0,0.0,54.78
4556,34598,34599,4.667,0.267,65.31
4557,34600,34601,8.833,0.167,138.47
4558,34602,34603,2.0,0.0,32.68
4559,34604,34605,7.333,0.667,117.35
4560,34606,34607,10.286,1.571,252.27
4561,34608,34609,10.125,2.411,220.69
4562,34612,34613,77.0,0.0,389.79
4563,34616,34617,4.0,0.0,17.68
4564,34634,34635,4.364,0.719,54.03
4565,34638,34639,28.0,0.0,190.1
4566,34640,34641,7.0,0.0,46.57
4567,34656,34657,39.0,0.0,267.49
4568,34680,34681,3.25,0.25,39.55
4569,34682,34683,1.5,0.333,5.5
4570,34684,34685,2.8,0.7,28.05
4571,34686,34687,9.5,0.333,119.14
4572,34696,34697,4.0,0.0,46.69
4573,34698,34699,5.0,0.0,60.45
4574,34700,34701,10.0,0.0,109.8
4575,34702,34703,3.5,0.5,41.88
4576,34704,34705,2.5,0.5,25.44
4577,34710,34711,4.0,0.0,17.13
4578,34712,34713,5.0,0.0,28.24
4579,34726,34727,6.0,0.0,69.53
4580,34728,34729,2.0,0.0,22.51
4581,34742,34743,3.0,0.0,17.72
4582,34746,34747,9.25,1.583,111.56
4583,34748,34749,20.5,8.333,244.69
4584,34750,34751,11.0,2.0,107.93
4585,34774,34775,2.333,14.227,18.36
4586,34776,34777,14.362,97.062,34.17
4587,34778,34779,2.943,0.291,36.54
4588,34780,34781,16.2,97.224,75.95
4589,34800,34801,13.0,0.0,95.8
4590,34802,34803,4.0,0.0,33.64
4591,34804,34805,15.0,0.0,114.22
4592,34808,34809,2.0,0.0,17.2
4593,34810,34811,15.0,0.0,126.73
4594,34818,34819,190.0,0.0,938.28
4595,34826,34827,7.0,0.0,41.54
4596,34850,34851,12.05,38.892,137.19
4597,34852,34853,5.917,50.083,43.72
4598,34854,34855,6.417,65.538,20.46
4599,34856,34857,3.429,0.257,42.78
4600,34860,34861,4.545,0.355,60.8
4601,34864,34865,2.238,0.19,29.06
4602,34870,34871,7.0,0.0,51.47
4603,34876,34877,13.0,0.0,67.35
4604,34902,34903,5.0,0.0,23.45
4605,34916,34917,1.786,0.181,18.2
4606,34918,34919,3.231,0.359,40.71
4607,34938,34939,2.0,0.0,30.79
4608,34950,34951,2.5,0.3,33.56
4609,34952,34953,10.333,0.667,123.4
4610,35012,35013,3.0,0.0,15.16
4611,35064,35065,12.0,0.0,60.86
4612,35090,35091,2.0,0.0,21.28
4613,35092,35093,22.0,0.0,164.64
4614,35114,35115,6.0,0.0,39.13
4615,35116,35117,5.0,0.0,35.96
4616,35118,35119,8.0,0.0,59.5
4617,35152,35153,7.0,2.0,49.97
4618,35200,35201,3.0,0.0,19.22
4619,35202,35203,7.0,0.0,55.8
4620,35204,35205,4.0,0.0,26.08
4621,35214,35215,3.0,0.0,30.25
4622,35216,35217,2.0,0.0,14.96
4623,35218,35219,2.0,0.0,19.51
4624,35220,35221,3.0,0.0,18.23
4625,35226,35227,36.0,0.0,296.99
4626,35252,35253,10.733,1.291,130.95
4627,35254,35255,1.636,0.255,17.83
4628,35256,35257,1.111,0.111,9.34
4629,35258,35259,7.417,1.356,90.04
4630,35260,35261,3.167,0.333,38.05
4631,35262,35263,1.636,3.255,12.41
4632,35264,35265,18.667,131.333,26.74
4633,35266,35267,1.545,0.273,16.83
4634,35270,35271,8.0,0.0,58.27
4635,35274,35275,6.0,0.545,72.76
4636,35276,35277,12.0,0.0,153.62
4637,35278,35279,17.0,0.0,137.82
4638,35292,35293,24.0,0.0,48.92
4639,35298,35299,2.0,0.0,10.88
4640,35300,35301,4.5,0.5,28.39
4641,35302,35303,2.0,0.0,15.8
4642,35304,35305,7.0,0.0,46.03
4643,35306,35307,5.0,0.0,34.2
4644,35308,35309,3.0,0.0,22.02
4645,35310,35311,9.5,0.5,70.88
4646,35314,35315,24.0,0.0,182.28
4647,35326,35327,5.0,0.0,35.75
4648,35328,35329,5.0,0.0,37.04
4649,35330,35331,9.0,0.0,116.18
4650,35332,35333,19.0,0.0,259.1
4651,35334,35335,2.0,0.0,13.79
4652,35376,35377,1.538,1.887,13.9
4653,35378,35379,1.091,0.087,11.67
4654,35382,35383,6.333,2.333,46.86
4655,35390,35391,2.167,0.567,16.76
4656,35402,35403,5.0,0.0,62.68
4657,35404,35405,3.0,0.0,33.86
4658,35406,35407,6.421,55.035,38.87
4659,35412,35413,1.026,0.026,9.07
4660,35414,35415,1.723,1.987,15.09
4661,35416,35417,3.857,0.143,51.5
4662,35418,35419,4.714,0.238,61.95
4663,35424,35425,1.062,0.062,9.69
4664,35434,35435,6.062,98.462,30.31
4665,35438,35439,11.625,195.897,22.86
4666,35440,35441,30.0,657.846,11.89
4667,35466,35467,7.0,0.0,45.2
4668,35468,35469,3.0,0.0,23.22
4669,35470,35471,7.0,0.0,49.65
4670,35472,35473,8.667,1.467,61.96
4671,35474,35475,4.333,0.267,34.28
4672,35478,35479,12.8,3.7,91.95
4673,35482,35483,4.8,0.7,35.83
4674,35484,35485,10.75,46.917,93.01
4675,35486,35487,4.0,1.0,30.88
4676,35488,35489,16.333,10.333,114.01
4677,35490,35491,3.333,0.333,29.18
4678,35528,35529,1.091,0.091,14.93
4679,35530,35531,23.818,420.364,70.63
4680,35532,35533,6.938,1.129,82.16
4681,35534,35535,2.0,0.0,24.86
4682,35536,35537,3.8,0.2,47.96
4683,35540,35541,4.0,1.0,49.76
4684,35546,35547,5.0,0.0,57.04
4685,35548,35549,3.0,0.0,34.76
4686,35550,35551,13.0,0.0,163.68
4687,35552,35553,2.0,0.0,25.24
4688,35558,35559,1.5,0.5,12.21
4689,35560,35561,3.9,0.1,43.13
4690,35562,35563,4.1,4.767,42.16
4691,35564,35565,5.0,0.0,38.77
4692,35566,35567,3.0,0.0,20.74
4693,35568,35569,7.0,2.0,54.19
4694,35570,35571,15.0,162.0,74.03
4695,35572,35573,19.0,0.0,151.88
4696,35574,35575,7.0,0.0,60.65
4697,35578,35579,5.75,0.25,40.35
4698,35580,35581,3.5,0.333,25.11
4699,35582,35583,3.75,0.25,26.03
4700,35584,35585,2.444,0.278,27.98
4701,35598,35599,2.0,0.0,30.18
4702,35608,35609,5.667,0.333,56.12
4703,35612,35613,10.0,0.0,56.0
4704,35614,35615,35.0,0.0,206.08
4705,35616,35617,5.042,78.466,24.65
4706,35618,35619,7.426,129.815,33.87
4707,35620,35621,14.489,206.473,53.74
4708,35624,35625,2.0,0.0,14.97
4709,35628,35629,1.667,0.333,5.76
4710,35634,35635,3.25,0.25,39.09
4711,35636,35637,6.25,0.917,86.54
4712,35638,35639,9.0,2.0,116.22
4713,35640,35641,5.5,1.0,71.41
4714,35642,35643,4.0,0.0,26.24
4715,35646,35647,1.882,0.11,23.2
4716,35648,35649,8.667,3.529,115.59
4717,35650,35651,7.278,0.918,90.65
4718,35652,35653,28.833,490.853,28.3
4719,35654,35655,5.6,0.543,71.32
4720,35656,35657,10.667,83.952,55.62
4721,35658,35659,5.0,0.0,62.78
4722,35662,35663,10.0,0.0,74.75
4723,35664,35665,7.0,0.0,55.43
4724,35668,35669,4.0,0.0,18.47
4725,35686,35687,10.0,30.0,6.08
4726,35688,35689,8.0,0.0,87.61
4727,35690,35691,4.182,0.564,28.03
4728,35692,35693,23.176,2.279,288.34
4729,35700,35701,16.5,4.5,127.23
4730,35728,35729,16.25,5.643,204.68
4731,35730,35731,5.111,0.111,50.38
4732,35732,35733,11.222,1.444,134.81
4733,35736,35737,1.556,0.278,21.77
4734,35738,35739,1.067,0.067,8.16
4735,35742,35743,3.0,0.0,25.07
4736,35746,35747,1.179,0.152,10.73
4737,35756,35757,4.5,0.5,97.29
4738,35758,35759,1.5,0.5,26.72
4739,35764,35765,1.857,0.143,14.9
4740,35766,35767,3.0,0.0,14.47
4741,35774,35775,1.381,0.248,15.91
4742,35776,35777,2.095,0.09,25.32
4743,35784,35785,2.083,0.265,27.67
4744,35792,35793,11.667,0.333,152.62
4745,35794,35795,3.0,0.0,27.28
4746,35796,35797,7.0,0.0,51.13
4747,35798,35799,3.0,0.0,27.33
4748,35802,35803,3.25,0.25,24.67
4749,35804,35805,7.75,0.917,59.25
4750,35806,35807,2.25,0.25,15.68
4751,35810,35811,10.0,2.0,69.75
4752,35812,35813,2.5,0.5,17.69
4753,35820,35821,20.5,0.5,141.96
4754,35824,35825,102.0,50.0,93.95
4755,35826,35827,21.5,760.5,9.67
4756,35836,35837,17.0,0.0,29.92
4757,35844,35845,6.0,0.0,14.16
4758,35846,35847,16.0,3.0,78.99
4759,35864,35865,4.0,0.0,9.16
4760,35866,35867,17.0,0.0,40.12
4761,35886,35887,3.0,0.4,46.0
4762,35908,35909,8.75,1.929,86.77
4763,35910,35911,2.0,0.0,16.05
4764,35912,35913,4.667,0.606,70.48
4765,35914,35915,7.0,0.0,12.21
4766,35916,35917,2.667,0.333,34.32
4767,35918,35919,8.667,5.333,93.13
4768,35922,35923,3.0,0.0,43.91
4769,35924,35925,2.0,0.182,39.76
4770,35926,35927,13.0,0.933,347.43
4771,35946,35947,4.5,12.5,22.01
4772,35948,35949,41.333,883.067,43.24
4773,35950,35951,9.625,4.554,106.33
4774,35952,35953,2.467,0.267,30.31
4775,35954,35955,9.429,1.286,369.42
4776,35960,35961,26.0,12.667,309.1
4777,35962,35963,2.75,0.917,35.91
4778,35964,35965,6.0,1.0,77.86
4779,35968,35969,21.375,341.462,30.29
4780,35970,35971,3.5,0.273,42.21
4781,35972,35973,7.429,0.725,107.98
4782,35974,35975,10.429,0.286,128.17
4783,35976,35977,5.571,0.571,72.54
4784,35992,35993,4.0,0.0,22.44
4785,35996,35997,21.0,0.0,109.5
4786,35998,35999,123.0,18.0,502.03
4787,36000,36001,58.0,0.0,319.99
4788,36002,36003,30.0,0.0,159.0
4789,36008,36009,6.0,1.0,56.47
4790,36016,36017,4.0,0.0,35.89
4791,36018,36019,1.667,0.333,18.89
4792,36020,36021,1.19,0.162,14.11
4793,36022,36023,7.333,0.633,70.25
4794,36030,36031,2.0,0.0,10.67
4795,36032,36033,4.0,0.0,28.58
4796,36034,36035,6.0,0.0,40.21
4797,36040,36041,5.0,0.0,36.26
4798,36062,36063,3.5,0.333,26.23
4799,36064,36065,15.75,3.583,106.78
4800,36066,36067,14.0,2.0,93.12
4801,36082,36083,3.0,0.0,25.99
4802,36084,36085,7.25,0.5,55.66
4803,36088,36089,4.692,0.231,57.98
4804,36110,36111,21.0,0.0,164.29
4805,36112,36113,26.0,0.0,201.85
4806,36126,36127,11.263,1.538,180.63
4807,36128,36129,1.061,0.059,11.81
4808,36130,36131,2.436,0.305,30.78
4809,36132,36133,6.571,1.286,47.22
4810,36134,36135,4.143,1.143,29.6
4811,36142,36143,13.0,0.0,97.01
4812,36154,36155,2.0,0.0,19.34
4813,36160,36161,12.0,0.0,65.26
4814,36168,36169,9.0,2.0,46.35
4815,36204,36205,2.5,0.5,5.31
4816,36206,36207,21.0,2.0,42.97
4817,36212,36213,2.0,0.0,5.7
4818,36214,36215,5.0,0.0,10.55
4819,36216,36217,17.0,0.0,36.8
4820,36220,36221,16.0,4.0,33.63
4821,36236,36237,2.0,0.0,15.39
4822,36238,36239,5.0,8.0,13.54
4823,36278,36279,11.0,0.0,61.26
4824,36280,36281,3.0,0.0,18.41
4825,36296,36297,11.5,1.667,81.84
4826,36298,36299,1.75,0.25,11.43
4827,36300,36301,6.5,0.333,46.44
4828,36304,36305,2.0,0.0,13.6
4829,36314,36315,19.0,0.0,139.52
4830,36320,36321,52.0,0.0,287.49
4831,36324,36325,1.25,0.25,4.74
4832,36326,36327,7.0,0.0,29.9
4833,36328,36329,4.0,0.0,11.36
4834,36336,36337,11.0,0.0,41.57
4835,36338,36339,6.0,0.0,27.02
4836,36346,36347,2.0,0.0,9.87
4837,36352,36353,3.0,0.0,13.57
4838,36374,36375,11.0,0.0,40.65
4839,36398,36399,14.0,0.0,100.04
4840,36400,36401,12.0,0.0,93.15
4841,36402,36403,22.0,0.0,104.8
4842,36448,36449,98.0,32.0,523.2
4843,36450,36451,17.143,2.747,211.69
4844,36452,36453,4.0,13.231,34.23
4845,36464,36465,2.333,0.333,28.94
4846,36466,36467,4.667,2.333,49.73
4847,36468,36469,2.0,0.0,21.51
4848,36470,36471,2.333,0.333,26.07
4849,36472,36473,2.0,0.0,27.54
4850,36476,36477,13.0,0.0,148.79
4851,36498,36499,9.0,0.0,44.49
4852,36500,36501,10.462,1.436,219.58
4853,36502,36503,4.538,0.603,95.76
4854,36504,36505,2.143,0.423,24.93
4855,36550,36551,34.0,0.0,449.25
4856,36552,36553,11.0,0.0,151.6
4857,36554,36555,9.0,0.0,114.71
4858,36556,36557,3.0,0.0,33.37
4859,36568,36569,8.75,0.25,60.74
4860,36570,36571,7.0,37.0,18.54
4861,36610,36611,10.333,4.333,71.42
4862,36632,36633,3.0,0.0,17.8
4863,36740,36741,7.0,0.0,34.82
4864,36790,36791,3.0,0.0,10.62
4865,36794,36795,33.0,0.0,160.66
4866,36800,36801,6.0,0.0,43.77
4867,36840,36841,22.925,140.328,159.22
4868,36842,36843,4.0,0.0,49.69
4869,36844,36845,3.0,0.0,31.88
4870,36846,36847,14.882,3.86,223.27
4871,36848,36849,5.706,0.596,88.4
4872,36850,36851,6.882,0.735,102.78
4873,36852,36853,8.471,24.14,68.26
4874,36854,36855,3.212,16.797,27.22
4875,36856,36857,8.818,97.278,34.67
4876,36858,36859,6.846,6.291,50.05
4877,36876,36877,21.147,1.644,269.94
4878,36878,36879,6.0,0.0,68.75
4879,36890,36891,3.0,0.0,35.7
4880,36898,36899,3.5,0.5,19.07
4881,36910,36911,10.0,0.0,58.39
4882,36938,36939,3.0,0.0,6.45
4883,36952,36953,5.0,0.0,22.47
4884,36958,36959,13.5,4.5,111.27
4885,36960,36961,13.0,2.0,109.21
4886,36962,36963,4.0,0.0,21.67
4887,36964,36965,28.0,0.0,157.02
4888,36992,36993,3.0,1.0,32.92
4889,36998,36999,13.5,8.333,113.72
4890,37000,37001,1.25,0.25,12.16
4891,37008,37009,1.182,0.216,13.38
4892,37012,37013,1.854,1.574,19.05
4893,37014,37015,1.13,0.119,14.07
4894,37016,37017,1.259,0.196,13.55
4895,37018,37019,3.111,7.648,24.68
4896,37024,37025,5.0,0.0,46.26
4897,37026,37027,38.6,497.686,97.66
4898,37028,37029,3.897,0.621,48.26
4899,37030,37031,2.543,0.255,32.44
4900,37032,37033,6.306,11.704,65.98
4901,37034,37035,3.971,0.44,51.44
4902,37036,37037,8.543,1.785,110.64
4903,37038,37039,3.718,41.945,32.81
4904,37040,37041,9.0,1.0,99.19
4905,37042,37043,17.667,5.333,197.01
4906,37076,37077,7.0,0.0,37.43
4907,37094,37095,2.0,0.0,4.03
4908,37132,37133,2.0,0.0,12.59
4909,37170,37171,2.5,0.5,29.62
4910,37172,37173,2.0,0.0,25.3
4911,37176,37177,6.25,0.917,75.71
4912,37186,37187,1.1,0.1,11.92
4913,37190,37191,1.8,4.844,11.33
4914,37194,37195,9.25,0.25,100.45
4915,37196,37197,6.929,0.533,36.48
4916,37198,37199,53.769,11.526,255.19
4917,37200,37201,24.75,1.583,120.82
4918,37202,37203,32.333,1.333,146.96
4919,37210,37211,3.222,0.444,38.09
4920,37214,37215,1.444,0.278,15.25
4921,37216,37217,7.0,1.714,77.62
4922,37224,37225,20.125,3.592,249.6
4923,37226,37227,1.391,0.34,13.79
4924,37228,37229,16.105,0.877,197.5
4925,37232,37233,12.222,1.007,153.43
4926,37234,37235,22.526,344.485,117.22
4927,37236,37237,9.0,313.333,12.51
4928,37238,37239,6.0,0.333,78.72
4929,37240,37241,8.0,0.333,83.98
4930,37242,37243,23.0,8.0,109.49
4931,37288,37289,22.5,84.5,186.09
4932,37300,37301,9.0,0.0,103.44
4933,37302,37303,4.6,0.3,59.38
4934,37304,37305,11.286,1.238,133.2
4935,37306,37307,2.0,0.0,17.09
4936,37308,37309,5.333,2.333,43.34
4937,37310,37311,5.333,0.333,39.27
4938,37312,37313,21.667,9.333,153.73
4939,37314,37315,6.333,0.333,46.8
4940,37316,37317,4.667,0.333,49.63
4941,37338,37339,10.0,0.0,51.17
4942,37414,37415,11.0,0.0,41.94
4943,37426,37427,5.12,10.027,47.49
4944,37428,37429,5.36,7.24,27.52
4945,37436,37437,14.0,0.0,31.05
4946,37438,37439,3.333,0.5,37.4
4947,37444,37445,8.125,145.839,42.12
4948,37446,37447,12.0,0.4,119.86
4949,37448,37449,4.333,3.467,41.69
4950,37450,37451,2.333,0.25,28.84
4951,37452,37453,1.75,0.214,25.56
4952,37456,37457,1.125,0.125,17.75
4953,37458,37459,4.75,0.214,60.04
4954,37460,37461,2.462,0.269,29.65
4955,37462,37463,22.286,777.912,31.54
4956,37464,37465,16.571,845.956,11.45
4957,37466,37467,2.765,0.316,35.2
4958,37468,37469,11.0,0.0,91.51
4959,37470,37471,3.182,0.364,38.99
4960,37476,37477,26.0,2.0,133.07
4961,37478,37479,13.0,0.0,60.05
4962,37480,37481,55.0,0.0,264.34
4963,37482,37483,47.5,24.5,239.47
4964,37498,37499,5.0,0.0,25.85
4965,37520,37521,3.0,0.0,12.74
4966,37530,37531,2.0,0.0,14.72
4967,37532,37533,2.0,0.0,17.87
4968,37534,37535,7.0,0.0,53.71
4969,37536,37537,2.0,0.0,12.84
4970,37540,37541,6.0,0.0,44.56
4971,37558,37559,12.0,0.0,86.12
4972,37632,37633,1.957,0.259,22.71
4973,37634,37635,1.304,1.15,15.34
4974,37636,37637,2.333,0.267,23.51
4975,37638,37639,21.167,2.967,275.91
4976,37640,37641,4.0,0.0,45.58
4977,37644,37645,13.0,0.0,34.86
4978,37646,37647,3.909,1.023,43.85
4979,37648,37649,2.375,12.268,4.04
4980,37650,37651,1.333,0.25,11.39
4981,37652,37653,3.667,0.5,28.18
4982,37656,37657,6.0,0.0,48.64
4983,37658,37659,7.5,18.571,32.41
4984,37660,37661,14.0,0.0,113.94
4985,37676,37677,11.419,4.252,147.75
4986,37678,37679,3.968,0.366,50.45
4987,37680,37681,6.194,0.695,78.83
4988,37682,37683,1.419,0.318,17.85
4989,37684,37685,1.188,0.562,7.35
4990,37690,37691,1.167,0.167,12.26
4991,37692,37693,2.4,0.247,28.69
4992,37694,37695,9.1,196.411,7.53
4993,37696,37697,3.0,0.0,45.87
4994,37698,37699,1.833,0.145,24.17
4995,37704,37705,5.8,0.6,71.93
4996,37706,37707,6.2,0.743,80.81
4997,37708,37709,12.333,79.81,51.16
4998,37712,37713,1.045,0.045,10.2
4999,37714,37715,3.8,0.844,55.74
5000,37724,37725,2.0,0.0,9.79
5001,37742,37743,11.0,41.2,88.82
5002,37744,37745,6.5,0.5,70.11
5003,37750,37751,9.25,0.25,114.65
5004,37752,37753,2.25,0.25,25.49
5005,37754,37755,3.75,0.25,46.36
5006,37756,37757,30.25,4.917,382.91
5007,37758,37759,2.333,0.333,20.32
5008,37760,37761,40.667,10.333,312.78
5009,37762,37763,9.0,0.0,65.43
5010,37764,37765,9.0,0.0,64.35
5011,37788,37789,3.0,0.0,14.75
5012,37790,37791,2.0,0.0,7.13
5013,37828,37829,4.5,0.5,8.51
5014,37844,37845,14.96,46.29,118.79
5015,37846,37847,8.048,136.948,11.8
5016,37850,37851,2.0,0.0,6.4
5017,37856,37857,17.846,20.974,388.54
5018,37858,37859,33.769,2382.026,420.33
5019,37860,37861,22.357,1842.093,130.2
5020,37862,37863,11.077,0.91,181.05
5021,37864,37865,23.533,3.981,422.35
5022,37866,37867,6.706,44.699,42.09
5023,37890,37891,18.0,0.0,178.4
5024,37894,37895,5.0,0.0,43.91
5025,37900,37901,11.0,0.0,45.87
5026,37904,37905,12.0,0.0,60.95
5027,37906,37907,2.0,0.0,13.03
5028,38006,38007,2.0,0.0,24.16
5029,38008,38009,5.333,0.333,71.72
5030,38010,38011,4.0,0.0,56.66
5031,38020,38021,5.125,0.125,66.73
5032,38022,38023,5.714,0.571,91.6
5033,38024,38025,7.25,0.932,109.84
5034,38026,38027,3.0,0.4,48.4
5035,38034,38035,15.5,0.5,213.88
5036,38036,38037,5.0,0.0,67.48
5037,38038,38039,4.25,0.25,58.42
5038,38048,38049,5.0,0.0,26.58
5039,38050,38051,4.0,0.0,23.47
5040,38052,38053,2.0,0.0,12.48
5041,38054,38055,2.0,0.0,12.89
5042,38058,38059,4.0,0.0,18.7
5043,38062,38063,17.0,0.0,105.3
5044,38064,38065,21.0,0.0,56.46
5045,38066,38067,10.0,0.0,26.12
5046,38084,38085,1.444,0.261,18.59
5047,38110,38111,2.5,0.5,35.02
5048,38112,38113,1.5,0.5,17.05
5049,38124,38125,1.077,0.077,14.74
5050,38150,38151,5.0,0.0,51.68
5051,38152,38153,3.0,0.0,38.94
5052,38154,38155,4.0,0.0,55.19
5053,38156,38157,8.0,0.0,86.46
5054,38162,38163,7.75,1.583,97.77
5055,38164,38165,4.0,0.667,48.84
5056,38166,38167,8.75,10.25,73.59
5057,38168,38169,4.75,23.583,18.54
5058,38200,38201,57.333,42.333,298.13
5059,38206,38207,22.0,0.0,109.12
5060,38210,38211,12.0,0.0,90.75
5061,38218,38219,6.0,0.0,55.36
5062,38234,38235,28.0,0.0,205.98
5063,38240,38241,10.0,1.529,145.6
5064,38244,38245,9.0,0.0,57.99
5065,38270,38271,135.833,22707.367,23.25
5066,38292,38293,5.0,0.0,22.95
5067,38354,38355,6.0,0.0,31.84
5068,38364,38365,19.286,939.758,43.96
5069,38386,38387,12.84,16.39,145.02
5070,38388,38389,2.68,0.227,31.34
5071,38392,38393,4.0,0.0,18.89
5072,38408,38409,17.0,0.909,260.19
5073,38416,38417,9.5,12.5,37.6
5074,38430,38431,15.5,276.735,44.22
5075,38432,38433,9.444,185.085,16.31
5076,38454,38455,8.0,0.0,42.15
5077,38472,38473,8.333,0.333,95.09
5078,38476,38477,6.0,0.0,30.51
5079,38490,38491,5.0,0.0,36.5
5080,38514,38515,44.0,0.0,201.29
5081,38518,38519,5.533,0.41,69.78
5082,38520,38521,1.111,0.111,9.35
5083,38522,38523,16.214,1.566,247.78
5084,38524,38525,32.929,13.302,485.06
5085,38534,38535,15.0,0.0,110.66
5086,38536,38537,5.0,0.0,39.78
5087,38538,38539,2.0,0.0,7.24
5088,38540,38541,31.167,522.967,74.17
5089,38542,38543,5.0,1.655,58.3
5090,38544,38545,19.4,653.5,28.11
5091,38548,38549,4.0,0.0,28.02
5092,38550,38551,19.0,0.0,148.8
5093,38552,38553,22.0,0.0,172.42
5094,38556,38557,5.0,0.0,37.87
5095,38558,38559,11.5,0.5,85.19
5096,38560,38561,1.5,0.3,11.76
5097,38562,38563,4.333,0.267,32.12
5098,38564,38565,1.333,0.267,10.02
5099,38566,38567,12.667,2.267,156.39
5100,38568,38569,5.167,0.567,61.05
5101,38570,38571,2.167,0.167,28.11
5102,38572,38573,3.833,0.567,45.13
5103,38576,38577,5.167,4.567,44.78
5104,38580,38581,19.0,0.0,108.4
5105,38706,38707,2.5,0.5,9.54
5106,38736,38737,3.0,0.0,23.44
5107,38738,38739,2.0,0.0,14.04
5108,38754,38755,3.0,0.0,9.16
5109,38794,38795,2.125,0.125,26.68
5110,38798,38799,5.533,0.695,69.72
5111,38800,38801,6.133,53.981,38.82
5112,38804,38805,3.0,0.0,38.26
5113,38806,38807,8.75,0.932,120.46
5114,38810,38811,22.5,4.5,55.06
5115,38812,38813,2.0,0.0,19.67
5116,38834,38835,6.25,0.467,80.64
5117,38840,38841,4.5,0.5,23.63
5118,38850,38851,1.6,0.3,20.54
5119,38858,38859,4.75,0.25,57.63
5120,38860,38861,2.0,0.0,20.49
5121,38862,38863,4.0,0.667,54.43
5122,38864,38865,4.5,0.3,51.83
5123,38866,38867,6.429,99.286,33.94
5124,38892,38893,9.0,0.0,31.32
5125,38894,38895,2.314,9.751,21.68
5126,38896,38897,3.976,77.924,31.3
5127,38898,38899,38.929,4748.81,194.89
5128,38900,38901,4.615,1.769,52.95
5129,38902,38903,61.0,98.0,42.8
5130,38904,38905,3.132,0.28,38.31
5131,38906,38907,1.553,0.254,20.73
5132,38908,38909,6.667,0.596,82.79
5133,38910,38911,4.158,0.299,51.3
5134,38912,38913,7.0,0.0,38.43
5135,38922,38923,1.882,0.228,24.26
5136,38928,38929,3.545,0.273,27.27
5137,38930,38931,12.818,38.964,69.36
5138,38934,38935,93.0,0.0,464.77
5139,38936,38937,33.0,0.0,170.49
5140,38938,38939,77.0,0.0,397.87
5141,38940,38941,4.0,0.0,20.68
5142,38942,38943,76.0,192.0,344.7
5143,38948,38949,23.923,617.244,19.53
5144,38950,38951,3.0,0.0,33.01
5145,38966,38967,6.0,0.0,49.5
5146,38968,38969,5.0,0.0,42.03
5147,38990,38991,3.0,0.0,24.52
5148,38994,38995,3.0,0.0,36.48
5149,38996,38997,2.0,0.0,29.42
5150,38998,38999,32.286,20.114,400.74
5151,39000,39001,6.333,0.533,80.43
5152,39002,39003,5.5,0.7,72.24
5153,39004,39005,19.5,283.1,78.86
5154,39006,39007,6.667,0.267,99.97
5155,39008,39009,7.769,0.709,97.26
5156,39010,39011,4.086,0.551,50.75
5157,39026,39027,10.0,0.0,81.23
5158,39036,39037,2.0,0.0,25.92
5159,39040,39041,4.617,0.415,58.77
5160,39042,39043,11.056,867.467,7.03
5161,39044,39045,5.1,168.832,6.21
5162,39108,39109,20.2,1.956,531.49
5163,39124,39125,6.0,0.0,56.85
5164,39132,39133,2.0,0.0,18.62
5165,39134,39135,2.0,0.0,16.71
5166,39136,39137,2.0,0.0,23.85
5167,39138,39139,3.0,0.0,21.08
5168,39148,39149,2.7,0.233,30.94
5169,39150,39151,2.8,0.178,35.04
5170,39154,39155,3.478,0.261,42.32
5171,39156,39157,12.304,71.403,70.53
5172,39170,39171,3.697,0.343,45.6
5173,39172,39173,10.882,1.485,134.93
5174,39174,39175,3.0,0.0,37.06
5175,39176,39177,2.0,0.0,13.6
5176,39182,39183,13.333,1.238,165.51
5177,39184,39185,3.357,0.247,44.89
5178,39186,39187,3.0,0.0,39.28
5179,39188,39189,10.0,2.0,120.85
5180,39190,39191,4.0,0.0,37.34
5181,39194,39195,2.846,0.344,35.4
5182,39202,39203,12.0,0.0,57.76
5183,39204,39205,3.762,0.79,81.43
5184,39206,39207,59.0,0.0,14.09
5185,39208,39209,9.571,0.952,158.19
5186,39212,39213,4.0,0.0,26.44
5187,39232,39233,1.692,0.219,21.52
5188,39234,39235,3.211,0.279,41.86
5189,39236,39237,2.789,0.333,35.38
5190,39238,39239,3.526,0.256,43.35
5191,39240,39241,12.462,41.676,123.88
5192,39242,39243,11.289,224.265,25.4
5193,39244,39245,4.9,0.438,59.64
5194,39250,39251,24.0,578.0,41.3
5195,39252,39253,3.2,1.2,35.6
5196,39254,39255,2.286,0.238,23.82
5197,39256,39257,3.0,0.286,38.83
5198,39258,39259,1.5,0.286,17.73
5199,39260,39261,7.0,47.429,55.07
5200,39262,39263,15.125,200.125,25.62
5201,39264,39265,2.84,0.14,34.69
5202,39276,39277,29.667,72.333,45.78
5203,39284,39285,1.467,0.267,16.83
5204,39286,39287,5.917,43.538,46.8
5205,39288,39289,12.333,90.242,69.35
5206,39290,39291,5.25,0.205,77.9
5207,39292,39293,1.167,0.152,13.73
5208,39322,39323,3.0,0.0,19.33
5209,39324,39325,3.5,0.5,29.89
5210,39326,39327,5.0,0.0,34.27
5211,39328,39329,1.059,0.059,9.4
5212,39330,39331,20.2,302.886,21.74
5213,39334,39335,7.5,0.5,88.23
5214,39336,39337,2.0,0.0,17.26
5215,39338,39339,3.0,0.0,22.46
5216,39340,39341,6.0,0.947,74.21
5217,39358,39359,9.0,0.0,34.46
5218,39360,39361,5.0,0.0,19.54
5219,39364,39365,8.5,60.5,10.96
5220,39366,39367,11.0,2.0,43.89
5221,39368,39369,8.182,171.564,19.41
5222,39372,39373,9.5,0.5,81.96
5223,39400,39401,4.452,0.389,53.04
5224,39402,39403,12.097,200.49,61.1
5225,39404,39405,2.0,0.0,17.18
5226,39406,39407,14.0,7.5,179.52
5227,39414,39415,15.0,0.0,70.9
5228,39426,39427,12.0,0.0,100.53
5229,39428,39429,11.5,0.5,56.41
5230,39446,39447,3.0,0.0,30.54
5231,39448,39449,3.5,0.5,21.89
5232,39454,39455,1.211,0.287,19.28
5233,39458,39459,16.833,3.061,206.23
5234,39462,39463,2.143,0.429,18.67
5235,39466,39467,8.333,0.424,101.21
5236,39468,39469,19.25,177.659,104.55
5237,39472,39473,1.038,0.038,7.4
5238,39490,39491,14.0,0.0,71.57
5239,39542,39543,8.0,0.0,46.9
5240,39560,39561,8.0,0.0,43.34
5241,39568,39569,5.5,0.5,12.63
5242,39576,39577,9.0,0.0,18.76
5243,39608,39609,4.0,0.0,16.36
5244,39628,39629,8.0,0.0,44.58
5245,39652,39653,6.0,0.0,28.38
5246,39660,39661,7.0,0.0,33.23
5247,39664,39665,3.0,0.0,17.33
5248,39674,39675,8.0,0.0,47.07
5249,39718,39719,12.0,0.0,49.13
5250,39774,39775,8.5,0.286,103.26
5251,39796,39797,6.0,0.0,33.23
5252,39812,39813,9.0,0.0,41.98
5253,39820,39821,39.5,12.5,188.98
5254,39822,39823,20.5,4.5,101.87
5255,39838,39839,4.0,0.0,18.33
5256,39840,39841,5.0,0.0,19.21
5257,39858,39859,2.0,0.0,7.84
5258,39870,39871,12.5,0.5,62.98
5259,39902,39903,21.0,0.0,109.3
5260,39904,39905,26.0,0.0,123.01
5261,39946,39947,2.0,0.0,8.55
5262,39962,39963,1.056,0.056,13.19
5263,39986,39987,7.5,0.5,57.41
5264,39988,39989,5.0,0.0,37.03
5265,39992,39993,20.545,24.273,468.63
5266,39994,39995,4.273,1.218,81.48
5267,39996,39997,34.909,423.691,63.03
5268,40010,40011,2.0,0.0,17.68
5269,40020,40021,1.607,0.247,33.66
5270,40026,40027,2.893,0.173,58.81
5271,40032,40033,1.594,0.249,13.85
5272,40072,40073,13.0,0.0,62.95
5273,40076,40077,70.0,0.0,346.64
5274,40078,40079,22.0,0.0,109.96
5275,40088,40089,6.0,0.0,30.27
5276,40090,40091,10.0,0.0,54.3
5277,40104,40105,4.0,0.0,16.75
5278,40170,40171,6.765,0.566,86.71
5279,40172,40173,1.294,0.221,15.54
5280,40174,40175,2.765,0.316,35.12
5281,40176,40177,6.647,0.368,82.55
5282,40178,40179,53.278,311.389,94.13
5283,40180,40181,12.28,275.46,20.32
5284,40182,40183,24.0,968.0,14.11
5285,40190,40191,5.727,0.618,66.06
5286,40192,40193,8.714,93.905,24.45
5287,40198,40199,10.0,0.0,104.21
5288,40202,40203,2.667,0.267,27.11
5289,40204,40205,3.5,0.333,28.33
5290,40206,40207,4.75,0.25,34.94
5291,40208,40209,10.0,2.0,77.06
5292,40210,40211,3.0,0.0,28.48
5293,40212,40213,26.2,235.7,119.55
5294,40214,40215,6.095,1.29,81.27
5295,40216,40217,5.2,0.178,64.43
5296,40218,40219,9.741,1.43,117.56
5297,40220,40221,6.44,0.59,72.84
5298,40222,40223,15.478,507.588,66.14
5299,40288,40289,9.0,0.0,41.28
5300,40290,40291,5.0,0.0,22.19
5301,40320,40321,5.4,0.3,52.92
5302,40348,40349,2.0,0.0,7.55
5303,40372,40373,5.0,0.0,23.76
5304,40380,40381,2.0,0.0,8.44
5305,40382,40383,7.0,0.0,33.92
5306,40384,40385,2.5,0.5,12.95
5307,40404,40405,11.0,0.0,56.68
5308,40434,40435,45.8,999.432,55.53
5309,40436,40437,4.688,0.48,57.85
5310,40438,40439,8.366,1.038,98.44
5311,40440,40441,7.81,29.762,52.33
5312,40442,40443,2.722,0.212,30.12
5313,40444,40445,4.5,0.265,60.0
5314,40456,40457,5.25,0.25,61.1
5315,40466,40467,2.0,0.0,13.12
5316,40520,40521,3.0,0.0,18.56
5317,40522,40523,26.0,0.0,116.51
5318,40548,40549,9.0,0.0,49.1
5319,40552,40553,18.0,0.0,101.44
5320,40640,40641,3.0,0.0,12.27
5321,40656,40657,5.0,0.0,29.3
5322,40660,40661,10.0,0.0,72.17
5323,40668,40669,8.08,83.577,25.54
5324,40670,40671,15.214,138.489,38.43
5325,40672,40673,4.0,0.0,39.17
5326,40674,40675,13.364,7.385,165.37
5327,40676,40677,7.591,119.872,25.95
5328,40678,40679,36.8,25.221,453.53
5329,40680,40681,3.957,0.498,49.98
5330,40682,40683,4.435,5.257,45.54
5331,40684,40685,2.194,0.218,25.57
5332,40738,40739,5.0,0.0,20.51
5333,40768,40769,15.0,0.0,73.59
5334,40776,40777,3.0,0.0,11.74
5335,40778,40779,6.0,0.0,27.72
5336,40792,40793,1.455,0.26,18.84
5337,40794,40795,8.682,20.799,75.54
5338,40796,40797,23.722,292.448,63.18
5339,40798,40799,5.682,0.418,62.85
5340,40800,40801,9.0,0.0,36.04
5341,40802,40803,27.667,201.333,36.1
5342,40820,40821,7.0,0.0,37.07
5343,40838,40839,22.0,0.0,125.97
5344,40840,40841,1.5,0.455,18.3
5345,40842,40843,1.474,3.374,11.27
5346,40844,40845,4.375,1.125,51.78
5347,40846,40847,2.375,9.696,16.11
5348,40848,40849,1.467,0.267,19.75
5349,40850,40851,6.0,3.571,45.44
5350,40868,40869,16.0,0.0,89.68
5351,40890,40891,17.0,0.0,104.76
5352,40934,40935,11.0,0.0,59.4
5353,40978,40979,21.0,0.0,54.55
5354,40994,40995,3.0,0.0,18.5
5355,40996,40997,8.0,0.0,40.34
5356,41000,41001,9.0,0.0,39.07
5357,41006,41007,5.0,0.0,18.51
5358,41034,41035,3.0,0.0,14.26
5359,41038,41039,5.0,0.0,19.45
5360,41076,41077,36.0,0.0,61.82
5361,41100,41101,2.0,0.0,10.63
5362,41106,41107,8.0,0.0,35.45
5363,41218,41219,2.5,0.5,9.65
5364,41228,41229,6.0,0.0,46.58
5365,41230,41231,7.75,0.25,55.76
5366,41232,41233,17.231,7.359,131.54
5367,41234,41235,19.4,7.378,141.41
5368,41236,41237,7.0,1.111,52.07
5369,41238,41239,10.2,3.289,75.01
5370,41240,41241,14.3,43.122,73.26
5371,41250,41251,26.0,0.0,175.99
5372,41252,41253,21.0,0.0,141.65
5373,41272,41273,5.0,0.0,32.22
5374,41290,41291,56.0,0.0,431.57
5375,41324,41325,10.0,0.0,43.26
5376,41366,41367,4.333,0.267,49.38
5377,41370,41371,5.833,128.967,10.26
5378,41378,41379,5.0,0.0,24.51
5379,41394,41395,2.0,0.333,27.57
5380,41396,41397,4.571,0.286,60.64
5381,41398,41399,2.143,0.143,28.04
5382,41400,41401,15.286,1.238,208.02
5383,41404,41405,2.0,0.0,23.0
5384,41406,41407,3.333,0.333,26.07
5385,41408,41409,3.286,0.238,38.45
5386,41410,41411,2.857,3.476,24.75
5387,41420,41421,16.0,0.0,21.95
5388,41454,41455,2.0,0.0,14.95
5389,41470,41471,2.0,0.0,6.22
5390,41472,41473,7.0,0.0,34.14
5391,41498,41499,9.0,0.0,43.91
5392,41506,41507,4.0,0.0,36.91
5393,41508,41509,8.0,0.0,67.0
5394,41522,41523,2.7,0.221,43.57
5395,41524,41525,2.15,0.239,34.13
5396,41526,41527,3.0,0.0,14.95
5397,41544,41545,7.5,0.455,163.08
5398,41568,41569,2.0,0.0,9.52
5399,41588,41589,3.0,0.0,17.51
5400,41600,41601,26.0,0.0,139.44
5401,41628,41629,3.0,0.0,18.69
5402,41658,41659,3.0,0.0,24.75
5403,41660,41661,11.0,0.0,91.08
5404,41674,41675,3.0,0.0,23.92
5405,41676,41677,3.0,0.0,24.38
5406,41686,41687,4.0,2.0,19.2
5407,41688,41689,4.0,0.0,19.45
5408,41694,41695,1.826,0.15,21.19
5409,41696,41697,1.714,0.214,9.2
5410,41698,41699,1.19,0.162,12.54
5411,41702,41703,6.762,0.69,84.83
5412,41704,41705,5.917,0.949,75.46
5413,41706,41707,3.375,0.332,42.48
5414,41708,41709,5.667,0.58,66.95
5415,41710,41711,12.273,2.017,151.66
5416,41712,41713,4.545,0.355,54.12
5417,41714,41715,5.81,2.462,63.35
5418,41716,41717,3.125,0.517,43.05
5419,41718,41719,4.562,0.396,59.08
5420,41720,41721,3.2,0.171,37.49
5421,41738,41739,39.0,0.0,182.22
5422,41748,41749,42.0,0.0,224.53
5423,41750,41751,4.5,0.5,18.77
5424,41754,41755,20.0,2.0,98.08
5425,41756,41757,2.0,0.0,10.01
5426,41760,41761,10.0,2.0,48.96
5427,41782,41783,4.0,0.0,37.42
5428,41784,41785,8.0,8.0,52.27
5429,41798,41799,5.0,0.0,42.07
5430,41800,41801,11.0,0.0,103.64
5431,41816,41817,3.0,0.0,20.17
5432,41824,41825,2.81,0.262,41.44
5433,41826,41827,27.375,499.411,22.4
5434,41830,41831,3.0,0.0,28.72
5435,41832,41833,3.0,0.0,18.74
5436,41840,41841,12.917,2.265,158.56
5437,41842,41843,2.222,0.194,23.77
5438,41844,41845,2.667,0.333,25.64
5439,41846,41847,2.333,0.333,13.72
5440,41848,41849,2.0,0.0,7.43
5441,41850,41851,9.2,152.622,8.21
5442,41852,41853,5.227,98.374,4.89
5443,41856,41857,1.333,1.095,6.47
5444,41858,41859,16.875,243.05,36.64
5445,41862,41863,18.25,164.467,24.63
5446,41864,41865,26.667,167.765,258.24
5447,41870,41871,20.5,420.5,43.51
5448,41872,41873,5.0,0.0,43.46
5449,41874,41875,1.938,0.196,23.18
5450,41876,41877,21.375,6.783,258.17
5451,41878,41879,7.5,0.5,72.8
5452,41880,41881,7.0,0.0,72.8
5453,41882,41883,3.0,0.0,23.43
5454,41888,41889,5.0,0.0,43.27
5455,41890,41891,35.588,698.507,37.23
5456,41892,41893,14.188,106.429,81.25
5457,41894,41895,6.0,7.0,42.98
5458,41896,41897,27.5,1404.5,4.76
5459,41900,41901,2.0,0.0,8.74
5460,41902,41903,8.0,0.0,7.19
5461,41904,41905,5.667,0.333,67.14
5462,41906,41907,25.0,281.2,70.5
5463,41908,41909,3.133,0.124,36.24
5464,41920,41921,2.5,0.5,23.09
5465,41922,41923,2.0,0.0,13.17
5466,41928,41929,11.5,0.5,98.48
5467,41932,41933,3.0,0.0,39.9
5468,41936,41937,2.04,0.123,12.54
5469,41938,41939,1.062,0.062,6.11
5470,41940,41941,3.667,0.333,25.88
5471,41942,41943,5.0,53.429,12.31
5472,41948,41949,11.1,158.989,9.85
5473,17,14,1.214,0.181,15.2
5474,19,15654,2.0,0.0,9.1
5475,43,19624,1.833,0.567,14.2
5476,45,42,3.667,1.333,27.2
5477,89,84,2.0,0.0,10.2
5478,95,5054,3.0,0.0,18.4
5479,99,19286,1.609,0.34,26.1
5480,109,16,4.286,3.571,10.3
5481,109,35560,5.111,1.111,24.0
5482,111,2934,1.875,0.125,24.1
5483,115,24408,3.0,0.0,32.2
5484,115,25846,8.5,40.5,13.8
5485,117,114,1.333,0.333,14.5
5486,121,118,2.0,0.0,16.3
5487,121,16936,19.0,0.0,0.8
5488,123,120,1.25,0.25,14.8
5489,137,22458,4.0,0.0,13.8
5490,151,148,2.0,0.0,13.7
5491,207,12112,2.75,0.25,12.2
5492,207,21994,3.714,0.905,24.3
5493,225,31260,4.5,0.5,26.8
5494,225,31202,4.0,0.0,29.9
5495,231,228,3.333,0.333,14.4
5496,235,27866,3.0,0.0,12.6
5497,265,31532,6.3,1.344,48.5
5498,267,1228,4.5,0.5,7.8
5499,299,312,2.0,0.0,10.7
5500,301,298,2.0,0.0,11.3
5501,305,302,3.0,0.0,16.4
5502,307,304,3.0,0.0,15.7
5503,309,306,5.0,0.0,25.2
5504,311,308,2.0,0.0,13.4
5505,313,310,2.0,0.0,12.3
5506,337,1602,1.227,0.184,15.1
5507,479,23542,4.0,0.0,13.8
5508,545,24092,3.0,0.0,15.7
5509,623,19610,3.0,0.0,14.3
5510,629,41826,50.5,0.5,1.2
5511,631,37196,2.0,0.0,13.2
5512,633,630,1.267,0.21,11.2
5513,639,660,3.375,0.268,14.5
5514,657,20326,2.0,0.0,10.0
5515,657,13186,6.0,0.0,29.1
5516,657,20334,6.0,2.0,28.5
5517,659,656,3.167,0.167,14.4
5518,661,658,3.0,0.333,14.5
5519,661,20356,3.0,0.0,14.2
5520,713,27818,3.0,0.0,26.1
5521,713,5166,3.0,0.0,39.9
5522,729,726,3.0,0.0,14.4
5523,731,728,1.25,0.25,7.2
5524,741,17134,1.818,0.364,27.2
5525,743,740,2.8,1.289,26.7
5526,745,11102,4.0,0.0,15.3
5527,749,20456,2.545,0.273,27.0
5528,751,22306,3.0,0.0,11.8
5529,751,748,1.364,0.255,14.5
5530,807,20496,4.0,0.0,14.2
5531,855,20494,3.0,0.0,14.2
5532,871,4246,2.0,0.0,16.6
5533,875,868,2.0,0.0,15.2
5534,881,5422,1.273,0.208,12.6
5535,1051,18046,1.889,0.111,24.8
5536,1055,1056,1.1,0.1,13.2
5537,1055,14666,3.0,0.0,2.2
5538,1057,40210,1.667,0.333,7.1
5539,1057,12020,4.0,1.667,36.4
5540,1105,5182,3.0,0.0,16.4
5541,1105,25602,3.0,0.0,21.2
5542,1127,1104,3.5,0.5,14.4
5543,1145,24752,2.0,0.0,9.1
5544,1147,24746,2.0,0.0,9.0
5545,1147,1144,3.0,0.0,14.4
5546,1149,1126,3.5,0.5,14.4
5547,1151,1146,3.0,0.0,13.5
5548,1153,1148,3.5,0.5,14.4
5549,1155,1152,3.5,0.5,14.4
5550,1157,1154,3.5,0.5,14.4
5551,1159,1156,3.5,0.5,14.4
5552,1161,1158,3.5,0.5,14.0
5553,1165,25764,2.0,0.0,12.8
5554,1203,9798,2.0,0.0,12.7
5555,1219,1432,2.133,0.695,22.4
5556,1223,1220,1.071,0.071,11.6
5557,1233,21026,2.0,0.0,4.6
5558,1239,14030,4.0,0.0,18.4
5559,1241,1238,5.0,0.0,10.8
5560,1249,1250,2.0,0.0,10.0
5561,1251,18444,2.0,0.0,10.2
5562,1253,21080,2.0,0.0,8.7
5563,1255,11900,2.0,0.0,12.8
5564,1283,1296,4.0,0.0,21.2
5565,1285,1282,2.0,0.0,9.6
5566,1295,33662,3.0,0.0,28.8
5567,1297,1294,3.0,0.0,14.4
5568,1305,1284,2.0,0.0,10.1
5569,1321,21120,2.0,0.0,9.0
5570,1371,21510,2.333,0.333,14.4
5571,1409,1370,3.333,0.333,14.3
5572,1417,10834,2.0,0.0,14.5
5573,1419,1416,2.0,0.0,11.2
5574,1427,13514,2.0,0.0,14.7
5575,1429,9920,2.812,0.163,34.8
5576,1431,1428,2.429,0.264,22.3
5577,1435,1430,1.231,0.192,15.6
5578,1441,1438,1.05,0.05,9.4
5579,1461,1458,6.0,0.0,14.4
5580,1501,21160,2.316,0.228,17.9
5581,1527,1650,1.8,0.2,23.7
5582,1555,21416,2.0,0.0,13.2
5583,1569,1566,3.0,0.0,13.8
5584,1573,10998,2.0,0.0,8.7
5585,1587,27094,2.0,0.0,17.5
5586,1599,21452,1.55,4.997,10.1
5587,1601,1598,1.053,0.053,9.4
5588,1607,29780,2.25,0.197,27.8
5589,1609,1604,1.05,0.05,13.6
5590,1611,1608,1.294,0.221,16.6
5591,1657,21548,2.0,0.0,21.7
5592,1667,24346,2.0,0.0,10.3
5593,1671,1668,3.0,0.0,26.7
5594,1681,13164,3.0,0.0,15.4
5595,1683,1680,3.0,0.0,19.3
5596,1691,7262,3.133,0.326,38.6
5597,1705,1706,1.25,0.205,10.1
5598,1707,35440,8.769,188.026,24.8
5599,1709,28218,3.0,0.0,20.0
5600,1711,1756,2.0,0.0,9.3
5601,1737,1754,3.0,0.0,14.4
5602,1739,1736,3.0,0.0,14.4
5603,1747,1744,3.0,0.0,14.4
5604,1749,1746,2.0,0.0,14.4
5605,1751,1748,2.0,0.0,14.4
5606,1753,1750,3.0,0.0,14.4
5607,1755,1752,3.0,0.0,14.4
5608,1805,21648,2.0,0.0,14.0
5609,1825,1738,2.0,0.0,7.4
5610,1825,1822,2.0,0.0,11.8
5611,1829,1882,3.0,0.0,12.3
5612,1841,1838,2.0,0.0,16.8
5613,1855,1852,2.0,0.0,14.3
5614,1867,5368,2.0,0.0,14.2
5615,1873,1930,1.5,0.5,7.5
5616,1875,1866,2.0,0.0,14.1
5617,1897,1828,4.0,0.0,9.0
5618,1899,1896,5.0,0.0,14.4
5619,1929,1866,2.0,0.0,7.7
5620,1941,1938,1.333,0.333,14.0
5621,1943,1940,1.25,0.25,14.2
5622,1951,1898,6.0,0.0,14.3
5623,2011,32264,1.667,0.333,21.8
5624,2011,15714,3.0,0.0,21.0
5625,2017,2472,2.0,0.0,15.5
5626,2031,2028,2.0,0.0,14.1
5627,2061,39358,2.5,0.5,7.2
5628,2061,17318,3.333,0.333,12.1
5629,2063,2060,2.0,0.5,5.0
5630,2065,2062,3.5,0.5,5.3
5631,2087,19822,3.2,0.2,16.9
5632,2087,12112,4.333,0.667,33.4
5633,2089,2086,1.818,0.364,22.5
5634,2091,2088,1.143,0.143,8.8
5635,2093,39568,5.0,0.0,2.2
5636,2099,22008,3.0,0.0,4.7
5637,2131,21964,1.5,0.333,9.1
5638,2151,7202,3.944,1.232,26.7
5639,2151,29728,5.5,0.5,42.5
5640,2153,2176,1.111,0.105,14.0
5641,2157,2154,1.056,0.056,13.4
5642,2159,2156,1.059,0.059,14.5
5643,2161,2158,3.778,0.194,52.0
5644,2165,2150,1.368,0.246,20.1
5645,2167,2162,2.333,0.25,33.4
5646,2171,2168,1.125,0.125,15.4
5647,2173,2164,4.737,0.316,63.9
5648,2177,2174,2.278,0.212,32.1
5649,2191,2192,1.037,0.037,8.2
5650,2193,36128,1.59,0.354,17.3
5651,2195,2190,2.179,1.256,21.0
5652,2197,2194,1.487,0.625,14.1
5653,2235,6680,3.0,0.0,14.0
5654,2257,32980,4.0,0.0,15.5
5655,2259,11834,2.0,0.0,8.8
5656,2277,2274,2.0,0.0,14.2
5657,2319,22978,2.0,0.0,17.8
5658,2367,32884,2.0,0.0,15.7
5659,2373,2370,2.0,0.0,15.4
5660,2377,2374,2.0,0.0,19.4
5661,2379,2376,2.0,0.0,14.5
5662,2381,2378,2.0,0.0,15.2
5663,2385,10436,2.25,0.25,15.8
5664,2387,2384,3.5,0.333,26.7
5665,2389,2386,2.0,0.0,14.3
5666,2391,2388,2.0,1.0,15.2
5667,2397,2394,1.091,0.091,15.7
5668,2459,35662,2.0,0.0,9.1
5669,2463,2460,2.0,0.0,14.5
5670,2467,14476,2.091,0.091,16.9
5671,2471,2468,1.091,0.091,13.6
5672,2473,2470,2.273,0.418,29.6
5673,2475,20424,2.0,0.0,5.9
5674,2475,740,7.0,0.0,26.1
5675,2499,2496,3.0,0.0,22.9
5676,2511,2522,3.0,0.0,14.2
5677,2513,13612,1.5,0.5,9.2
5678,2513,41408,2.0,0.0,14.6
5679,2519,2514,3.0,0.0,16.5
5680,2521,22586,2.0,0.0,14.2
5681,2523,2520,3.0,0.0,14.4
5682,2537,22614,2.0,0.0,4.7
5683,2557,11148,1.562,0.262,18.1
5684,2561,2558,2.5,0.263,29.7
5685,2599,5442,2.0,0.0,24.2
5686,2601,2598,2.0,0.0,19.1
5687,2615,22862,2.0,0.0,9.7
5688,2619,162,2.6,0.3,19.3
5689,2621,2618,3.0,0.0,17.2
5690,2625,30212,1.667,0.333,11.8
5691,2633,7176,3.333,0.333,23.0
5692,2637,2634,1.333,0.333,11.2
5693,2643,7176,3.0,0.0,27.0
5694,2653,39368,4.0,0.0,10.5
5695,2659,37406,2.0,0.0,14.4
5696,2665,108,1.091,0.091,10.9
5697,2667,2664,1.182,0.364,5.5
5698,2677,22780,4.0,0.0,34.6
5699,2697,3448,2.0,0.0,14.9
5700,2699,2696,1.5,0.5,10.8
5701,2703,2698,1.5,0.5,10.7
5702,2705,2702,1.5,0.5,10.7
5703,2729,26686,2.0,0.0,13.5
5704,2733,19786,3.0,0.0,9.0
5705,2763,23920,1.5,0.5,9.0
5706,2783,25672,2.5,0.5,12.7
5707,2797,37174,2.0,0.0,7.9
5708,2797,15488,2.0,0.0,12.5
5709,2799,2796,3.0,0.0,16.0
5710,2811,28292,2.0,0.0,14.7
5711,2813,2810,2.0,0.0,14.3
5712,2819,28308,1.5,0.5,11.4
5713,2821,2818,2.0,0.0,14.5
5714,2849,22976,1.6,0.267,4.7
5715,2853,2850,1.929,0.225,32.1
5716,2891,37744,2.0,0.0,11.5
5717,2893,2890,2.0,0.0,8.9
5718,2907,2904,3.0,0.0,33.6
5719,2911,17204,2.0,0.0,31.0
5720,2919,24964,1.571,0.286,9.3
5721,2935,2830,3.25,0.786,23.7
5722,2961,16566,1.857,0.476,22.8
5723,2961,26958,5.0,18.0,10.2
5724,2965,5190,2.0,0.0,29.9
5725,2965,12204,2.0,0.0,6.6
5726,2977,28540,2.0,0.0,11.2
5727,2979,2976,2.0,0.0,6.8
5728,3019,3146,4.0,0.0,14.3
5729,3047,3018,2.0,0.0,9.0
5730,3049,3046,3.0,0.0,14.4
5731,3113,33440,3.0,0.0,12.8
5732,3131,23188,3.0,0.0,14.2
5733,3143,3112,2.0,0.0,9.3
5734,3145,3142,4.0,0.0,14.3
5735,3147,3144,4.0,0.0,14.3
5736,3241,12082,2.0,0.0,10.0
5737,3245,3242,2.0,0.0,9.0
5738,3247,12082,4.667,0.333,24.3
5739,3259,38840,2.0,0.0,9.0
5740,3275,3310,2.0,0.0,9.0
5741,3281,16364,2.0,0.0,9.1
5742,3303,25408,5.0,0.0,29.5
5743,3311,3302,5.0,0.0,21.2
5744,3345,41834,2.0,0.0,9.9
5745,3369,3366,2.0,0.0,19.8
5746,3387,16980,3.5,0.5,14.7
5747,3389,3386,3.5,0.5,14.4
5748,3391,3388,3.0,0.0,14.4
5749,3397,2148,2.5,0.5,25.9
5750,3399,15526,3.0,0.0,14.3
5751,3421,22780,4.0,0.0,36.7
5752,3435,2202,2.0,0.0,15.1
5753,3445,3436,1.5,0.5,12.2
5754,3461,3458,2.0,0.0,18.1
5755,3461,22786,2.0,0.0,18.1
5756,3463,3460,1.5,0.5,14.6
5757,3489,12516,7.5,4.5,14.7
5758,3493,3508,1.667,0.333,9.0
5759,3509,38200,1.333,0.333,8.8
5760,3549,3546,3.0,0.0,14.6
5761,3569,23776,2.0,0.0,9.1
5762,3589,24162,1.5,0.5,11.5
5763,3591,3588,2.0,0.0,12.6
5764,3611,4388,2.0,0.0,14.3
5765,3613,5960,2.0,0.0,11.9
5766,3619,3626,2.0,2.0,9.6
5767,3627,23852,3.333,0.333,14.3
5768,3629,3626,3.0,0.0,14.3
5769,3633,3630,2.0,0.0,11.2
5770,3635,3644,3.0,0.0,10.2
5771,3643,29064,3.0,0.0,17.3
5772,3645,3642,3.0,0.0,14.6
5773,3649,28532,3.0,0.0,21.7
5774,3655,23886,2.0,0.0,4.7
5775,3657,8406,2.0,0.0,14.4
5776,3675,23926,3.0,0.0,15.1
5777,3683,23914,2.0,0.0,4.7
5778,3719,3702,3.0,0.0,12.8
5779,3725,25822,2.333,0.333,14.5
5780,3725,25824,5.25,0.25,27.9
5781,3727,3724,1.5,0.333,17.8
5782,3745,29038,2.0,0.0,9.2
5783,3747,3744,3.0,0.0,14.6
5784,3749,3764,2.0,0.0,11.0
5785,3753,3750,3.0,0.0,14.3
5786,3765,39276,4.0,0.0,29.2
5787,3769,3798,2.0,0.0,12.8
5788,3787,29206,3.0,0.0,14.6
5789,3789,3786,2.0,0.0,14.0
5790,3793,24496,3.0,0.0,16.1
5791,3799,28940,2.0,0.0,15.8
5792,3817,36148,2.0,0.0,6.9
5793,3901,3898,3.0,0.0,15.4
5794,3901,4882,3.0,0.0,14.2
5795,3903,10830,3.0,0.0,21.8
5796,3903,31792,2.5,0.5,16.6
5797,3905,3902,1.667,0.333,5.1
5798,3907,3904,3.0,0.0,23.2
5799,3909,3906,2.0,0.0,14.4
5800,3919,13156,1.4,0.3,8.5
5801,3925,3922,1.167,0.167,5.8
5802,3949,21374,3.0,0.0,20.3
5803,3957,18274,2.0,0.0,9.1
5804,3977,24216,2.0,0.0,4.7
5805,3979,3976,2.0,0.0,14.4
5806,3985,13618,2.0,0.0,7.9
5807,4035,40934,3.0,0.0,15.2
5808,4035,4032,2.0,0.0,16.1
5809,4107,11160,3.0,0.0,17.2
5810,4117,19718,3.0,0.0,31.7
5811,4119,4116,2.333,0.267,14.6
5812,4121,4118,1.167,0.167,10.4
5813,4123,4120,2.0,0.0,15.2
5814,4125,4122,4.333,0.333,30.0
5815,4127,4124,2.0,0.0,14.5
5816,4129,24450,2.5,0.7,22.0
5817,4145,4128,1.5,0.7,20.5
5818,4159,24420,2.778,1.444,21.2
5819,4171,4168,1.444,0.278,16.2
5820,4175,4172,1.222,0.194,14.6
5821,4203,24022,4.0,0.0,16.3
5822,4217,5872,5.75,0.25,43.9
5823,4219,35558,2.0,0.0,24.2
5824,4243,18032,3.0,0.0,24.5
5825,4245,19054,2.0,0.0,12.6
5826,4245,16386,2.0,0.0,18.6
5827,4247,25932,3.0,0.0,20.6
5828,4261,744,3.0,0.0,16.3
5829,4263,4260,3.0,0.0,14.4
5830,4265,4262,2.0,0.0,14.4
5831,4267,4264,3.0,0.0,13.0
5832,4271,4268,2.0,0.0,12.4
5833,4273,4270,3.0,0.0,14.4
5834,4275,4272,3.0,0.0,14.4
5835,4295,4274,3.0,0.0,14.2
5836,4337,4354,2.0,0.0,9.1
5837,4339,4336,2.0,0.0,14.4
5838,4341,4338,2.0,0.0,14.4
5839,4355,4352,2.0,0.0,13.6
5840,4377,16442,2.0,0.0,6.8
5841,4401,19064,2.0,0.0,9.6
5842,4403,2326,3.0,0.0,48.5
5843,4417,4414,4.0,0.0,14.3
5844,4433,20922,4.0,0.0,14.2
5845,4435,20936,3.0,0.0,14.2
5846,4461,4458,3.0,0.0,14.4
5847,4489,4486,2.0,0.0,9.0
5848,4497,4494,1.143,0.132,17.9
5849,4501,24818,2.0,0.0,4.7
5850,4519,24832,2.0,0.0,9.7
5851,4521,4502,3.0,0.0,14.1
5852,4529,14948,5.0,0.0,17.5
5853,4533,4526,2.0,0.0,14.3
5854,4543,25748,2.0,0.0,8.2
5855,4591,9492,2.0,0.0,12.6
5856,4621,7196,2.0,0.0,9.2
5857,4621,27750,2.0,0.0,16.6
5858,4623,4620,2.0,0.0,8.6
5859,4625,4622,2.0,0.0,14.4
5860,4637,4634,2.0,0.0,9.7
5861,4637,24996,3.0,0.0,14.2
5862,4683,4680,3.0,0.0,14.4
5863,4793,25110,3.0,0.0,14.4
5864,4813,4700,2.0,0.0,8.5
5865,4847,25052,3.0,0.0,15.8
5866,4849,4846,3.0,0.0,14.4
5867,4855,4862,4.0,0.0,14.1
5868,4923,4982,1.312,0.229,15.4
5869,4927,12636,3.769,1.192,40.7
5870,4927,28480,8.545,50.273,10.6
5871,4929,4926,1.174,0.15,14.0
5872,4973,4954,2.0,0.0,12.2
5873,4973,14974,2.25,0.25,14.5
5874,4973,25270,4.0,0.0,19.0
5875,4975,4972,2.0,0.0,28.1
5876,4977,4978,1.286,0.22,10.7
5877,4979,5000,4.8,0.7,45.0
5878,4979,25350,3.727,0.818,18.1
5879,4981,4996,3.8,18.457,9.4
5880,4983,4980,1.312,0.362,13.1
5881,4987,4984,1.125,0.117,14.0
5882,4989,4986,1.125,0.117,13.0
5883,4993,4990,1.375,0.25,16.9
5884,4997,4994,1.143,0.132,6.8
5885,4999,12052,2.2,0.2,25.3
5886,5001,4998,1.5,0.3,13.2
5887,5003,7726,2.0,0.0,14.3
5888,5005,5002,2.0,0.0,11.8
5889,5007,28546,1.333,0.333,6.5
5890,5007,7948,4.2,0.7,28.6
5891,5007,17256,7.0,42.0,8.0
5892,5011,5008,1.083,0.083,15.4
5893,5013,5010,1.071,0.071,12.2
5894,5017,126,2.0,0.0,26.4
5895,5019,17166,11.0,0.0,2.7
5896,5023,9982,2.808,0.962,26.5
5897,5025,5022,2.115,0.906,18.3
5898,5027,7236,2.435,0.984,20.6
5899,5027,16350,8.0,0.0,0.8
5900,5043,5040,1.25,0.25,19.9
5901,5047,5044,2.5,0.333,35.0
5902,5051,5048,1.6,0.3,23.0
5903,5055,11266,7.0,586.0,25.5
5904,5061,5078,1.5,0.5,14.4
5905,5063,5060,1.5,0.5,12.9
5906,5069,5066,2.0,0.0,13.6
5907,5073,5070,3.0,0.0,16.2
5908,5075,5072,2.0,0.0,12.6
5909,5077,5074,2.0,0.0,13.5
5910,5079,5076,2.0,0.0,15.4
5911,5085,14876,1.5,0.5,17.4
5912,5087,37636,2.5,0.5,18.5
5913,5089,5086,2.0,0.0,6.1
5914,5137,5434,2.217,0.269,16.1
5915,5139,5136,1.308,0.382,11.9
5916,5141,5138,1.056,0.056,9.4
5917,5153,11606,1.125,0.125,15.5
5918,5157,5154,1.111,0.111,13.4
5919,5161,5158,1.2,0.2,14.1
5920,5169,25894,4.0,0.0,37.2
5921,5169,23588,3.4,0.8,40.7
5922,5171,5168,1.286,0.238,15.2
5923,5185,20894,2.0,0.0,16.4
5924,5189,5186,1.167,0.167,17.1
5925,5207,5204,1.333,0.333,14.5
5926,5215,7202,5.643,2.401,54.9
5927,5215,29728,4.0,0.0,18.6
5928,5217,5214,1.4,0.257,17.8
5929,5219,10080,2.75,1.145,28.4
5930,5223,26416,1.333,0.333,4.9
5931,5223,5220,4.0,0.0,28.2
5932,5237,7612,2.5,0.5,16.4
5933,5237,9500,2.333,0.333,16.2
5934,5239,5236,1.4,0.3,10.5
5935,5241,5238,1.4,0.3,10.4
5936,5261,9518,2.0,0.0,12.4
5937,5265,5262,2.0,0.0,10.6
5938,5305,10026,2.0,0.0,14.4
5939,5353,6094,2.0,0.0,9.4
5940,5363,5360,2.5,0.5,32.6
5941,5369,5366,1.5,0.5,12.2
5942,5371,5368,1.5,0.5,13.7
5943,5397,4126,3.0,0.0,20.4
5944,5403,5400,2.0,0.0,8.6
5945,5405,5402,2.0,0.0,9.8
5946,5407,5404,2.0,0.0,14.6
5947,5409,5406,2.0,0.0,11.3
5948,5417,19718,2.6,0.3,12.9
5949,5417,10822,3.154,0.308,33.4
5950,5417,24408,11.0,200.0,7.0
5951,5419,28412,1.5,0.5,7.0
5952,5419,5414,2.2,0.589,20.4
5953,5421,5418,2.071,16.071,8.3
5954,5425,22560,2.143,9.143,3.2
5955,5427,5424,1.722,5.624,9.5
5956,5429,5442,1.955,0.426,19.4
5957,5433,5428,1.136,0.123,13.6
5958,5439,5436,2.522,0.261,32.1
5959,5443,5440,2.087,0.356,25.1
5960,5445,5150,2.0,0.0,23.3
5961,5451,5448,2.5,0.5,27.9
5962,5457,5444,1.333,0.333,13.9
5963,5473,17266,2.833,0.879,24.4
5964,5475,5472,1.75,0.205,26.7
5965,5481,18050,1.75,0.25,24.0
5966,5531,5528,1.5,0.5,14.6
5967,5533,5530,2.0,0.0,14.6
5968,5535,5532,2.0,0.0,14.5
5969,5537,5534,2.0,0.0,15.2
5970,5539,38006,1.333,0.333,14.8
5971,5543,5540,1.333,0.333,18.0
5972,5545,5542,1.75,0.25,16.3
5973,5547,5544,1.333,0.333,15.7
5974,5583,9690,2.0,0.0,9.7
5975,5603,7208,4.0,0.0,26.3
5976,5611,15230,2.13,0.755,25.7
5977,5613,1704,1.545,0.273,6.9
5978,5615,5612,1.083,0.083,9.4
5979,5627,2984,1.8,0.2,14.4
5980,5631,19464,1.5,0.5,9.3
5981,5633,5630,2.5,0.5,14.5
5982,5673,9944,3.0,0.0,17.1
5983,5683,5680,2.0,0.0,17.8
5984,5729,112,1.333,0.267,18.5
5985,5745,5732,2.0,0.0,14.4
5986,5747,5744,2.0,0.0,10.4
5987,5755,5752,2.0,0.0,14.4
5988,5759,5756,2.0,0.0,10.5
5989,5799,5530,2.0,0.0,9.8
5990,5855,5852,2.0,0.0,17.3
5991,5867,36422,2.0,3.0,2.5
5992,5869,14842,3.25,0.25,12.6
5993,5873,1620,1.364,0.255,17.5
5994,5879,7794,1.5,0.5,7.8
5995,5879,28342,2.0,0.0,12.6
5996,5895,12456,1.625,0.268,14.8
5997,5897,5894,1.182,0.164,13.5
5998,5901,5898,1.091,0.091,13.6
5999,5903,5900,1.857,0.132,22.6
6000,5905,5902,1.143,0.132,14.2
6001,5907,5904,1.5,0.423,19.5
6002,5909,5906,1.083,0.083,13.4
6003,5911,5908,1.231,0.192,13.4
6004,5913,5910,1.727,0.218,19.4
6005,5915,5918,4.0,0.0,21.0
6006,5919,38990,3.0,0.0,22.5
6007,5975,26442,1.5,0.5,4.7
6008,5979,12568,2.0,0.0,14.7
6009,5981,5978,2.0,0.0,20.2
6010,5983,5980,2.0,0.0,14.4
6011,5985,5982,2.0,0.0,14.5
6012,6043,3648,3.0,0.0,13.8
6013,6045,6042,3.0,0.0,14.4
6014,6051,26504,3.0,0.0,14.3
6015,6055,6044,3.0,0.0,14.4
6016,6057,6054,3.0,0.0,14.4
6017,6059,6056,3.0,0.0,14.4
6018,6061,6058,3.0,0.0,14.4
6019,6069,26500,3.0,0.0,14.3
6020,6073,7208,1.583,0.254,22.1
6021,6075,6072,1.071,0.071,8.3
6022,6077,6074,1.174,0.15,13.8
6023,6077,36610,25.0,0.0,2.9
6024,6095,6092,2.0,0.0,14.3
6025,6157,26362,2.0,0.0,14.0
6026,6161,27202,2.0,0.0,9.1
6027,6175,25464,2.0,0.0,18.7
6028,6185,31530,2.0,0.0,9.4
6029,6217,10424,3.0,0.0,16.9
6030,6219,6216,4.0,0.0,17.4
6031,6281,2976,2.0,0.0,10.2
6032,6283,6280,2.0,0.0,6.4
6033,6285,6282,3.5,0.5,14.4
6034,6295,35576,3.0,0.0,13.4
6035,6369,22248,2.0,0.0,7.6
6036,6375,26886,3.0,0.0,4.7
6037,6409,6406,1.5,0.333,7.6
6038,6445,23098,3.0,0.0,12.8
6039,6445,16566,4.75,0.25,23.5
6040,6447,2324,2.158,0.363,30.2
6041,6471,32774,3.5,0.455,17.5
6042,6471,17038,5.6,2.3,38.8
6043,6473,10838,3.0,0.0,15.4
6044,6473,6470,1.471,0.265,15.8
6045,6495,6492,2.0,0.0,16.5
6046,6503,27042,2.0,0.0,14.1
6047,6513,6502,2.0,0.0,10.1
6048,6515,6512,2.0,0.0,13.9
6049,6535,9052,2.0,0.0,14.2
6050,6535,29734,4.0,2.0,25.8
6051,6551,6548,1.75,0.25,15.1
6052,6567,31846,2.5,0.5,14.3
6053,6593,21846,3.0,0.0,9.0
6054,6599,6606,1.333,0.333,12.9
6055,6601,15570,3.0,0.0,19.3
6056,6601,5632,3.0,0.0,18.7
6057,6607,6604,1.333,0.333,11.4
6058,6609,21866,2.0,0.0,9.2
6059,6641,5548,2.0,0.0,18.1
6060,6659,6656,2.0,0.0,14.6
6061,6675,35612,2.0,0.0,14.0
6062,6677,6674,2.0,0.0,10.4
6063,6679,6676,2.0,0.0,14.4
6064,6681,6678,2.0,0.0,9.2
6065,6689,27204,1.222,0.194,8.8
6066,6691,6688,1.125,0.125,5.4
6067,6695,27212,2.0,0.0,4.7
6068,6787,27810,3.0,0.0,22.2
6069,6789,6786,2.0,0.0,16.0
6070,6793,6788,2.0,0.0,16.7
6071,7023,35998,3.0,0.0,14.0
6072,7025,20138,2.2,0.2,9.9
6073,7025,16560,2.333,0.333,15.1
6074,7027,7024,1.5,0.286,5.2
6075,7039,6882,2.0,0.0,8.9
6076,7049,7032,2.0,0.0,8.8
6077,7077,30830,2.5,0.333,13.4
6078,7077,9996,5.0,2.0,22.7
6079,7081,7078,1.167,0.167,14.9
6080,7109,7106,1.5,0.5,13.3
6081,7117,27524,2.0,0.0,14.0
6082,7119,7116,2.0,0.0,15.1
6083,7123,25178,2.0,0.0,14.1
6084,7143,22214,1.333,0.333,10.0
6085,7147,7162,2.0,0.0,32.7
6086,7149,7146,2.0,0.0,21.8
6087,7159,7144,2.5,0.5,32.5
6088,7163,7160,3.5,0.5,38.1
6089,7167,35686,6.0,36.0,24.1
6090,7169,7166,1.5,0.333,10.9
6091,7171,7168,1.75,0.25,10.4
6092,7173,7170,1.25,0.25,10.5
6093,7175,7172,1.5,0.333,10.5
6094,7177,7174,1.25,0.25,10.4
6095,7185,5026,1.833,0.406,21.9
6096,7187,7184,1.167,0.145,15.0
6097,7187,29246,1.5,0.5,3.6
6098,7189,7186,2.038,0.118,24.6
6099,7193,7190,1.704,0.524,13.7
6100,7193,14696,23.0,0.0,2.7
6101,7197,7194,1.192,0.162,13.9
6102,7201,2196,1.077,0.073,14.1
6103,7203,7200,1.054,0.053,14.1
6104,7205,7244,2.0,0.857,22.3
6105,7207,11020,1.955,14.712,8.9
6106,7209,7206,1.15,0.134,9.6
6107,7217,7214,1.133,0.124,15.0
6108,7221,7218,1.467,0.267,18.6
6109,7225,7238,3.455,0.873,34.4
6110,7233,7228,1.222,0.194,14.2
6111,7241,22124,2.091,0.091,11.4
6112,7241,12304,2.375,0.268,17.9
6113,7249,1444,1.261,0.202,13.4
6114,7255,7252,1.043,0.043,12.9
6115,7257,7254,1.913,0.265,21.8
6116,7261,7258,1.448,0.47,14.3
6117,7265,20392,3.0,0.0,36.1
6118,7271,6408,2.5,0.333,12.1
6119,7315,7334,2.0,0.0,15.6
6120,7317,7314,1.667,0.333,10.4
6121,7331,7328,1.333,0.333,10.4
6122,7333,7330,1.667,0.333,14.4
6123,7335,7332,1.667,0.333,10.5
6124,7337,27890,2.0,0.0,4.7
6125,7353,7350,2.0,0.0,13.1
6126,7355,7352,2.0,0.0,7.3
6127,7359,7356,2.0,0.0,14.5
6128,7363,26776,6.0,0.0,34.8
6129,7367,7364,2.0,0.0,14.4
6130,7369,27922,1.5,0.5,4.7
6131,7371,7368,1.25,0.25,10.1
6132,7375,28002,2.0,0.0,9.4
6133,7375,28008,2.0,0.0,14.4
6134,7387,35390,1.5,0.5,9.6
6135,7391,7388,4.5,0.5,50.5
6136,7431,27986,2.0,0.0,14.4
6137,7433,27984,2.0,0.0,9.7
6138,7437,7434,1.5,0.5,13.9
6139,7465,15230,6.0,0.0,20.0
6140,7465,26072,4.0,0.0,26.5
6141,7467,7464,3.0,0.0,26.0
6142,7471,7468,3.0,0.0,22.7
6143,7483,14312,1.833,0.167,14.5
6144,7485,7482,3.833,0.567,32.6
6145,7487,27906,2.0,0.0,13.0
6146,7489,7486,2.0,0.0,15.3
6147,7539,28506,2.0,0.0,13.7
6148,7543,7540,2.0,0.0,10.4
6149,7545,7542,2.0,0.0,14.5
6150,7563,11242,2.0,0.0,13.2
6151,7563,28120,2.0,0.0,4.7
6152,7565,28062,7.0,0.0,30.6
6153,7567,7564,3.0,0.0,7.2
6154,7569,7566,3.0,0.0,5.0
6155,7573,34598,2.0,0.0,11.1
6156,7597,16524,1.944,6.111,17.1
6157,7609,7078,2.0,0.0,9.5
6158,7611,7608,1.5,0.5,8.4
6159,7613,7610,2.0,0.0,10.4
6160,7621,16010,3.0,0.0,15.0
6161,7647,32028,2.0,0.0,6.6
6162,7649,7646,1.75,0.25,18.4
6163,7657,12128,2.0,0.0,8.8
6164,7661,7664,3.0,0.0,11.3
6165,7665,41674,2.0,0.0,7.9
6166,7727,22912,2.0,0.0,12.4
6167,7739,17678,4.0,0.0,25.9
6168,7831,25850,2.0,0.0,20.6
6169,7867,7860,2.0,0.0,7.8
6170,7883,6410,3.0,0.0,9.1
6171,7889,7994,2.25,0.25,6.6
6172,7891,17470,2.5,0.5,6.9
6173,7895,7892,2.5,0.5,21.3
6174,7899,25258,3.2,5.2,15.4
6175,7909,7906,6.0,0.0,13.8
6176,7909,28490,2.0,0.0,4.7
6177,7911,19012,2.5,0.5,9.4
6178,7911,7908,7.5,4.5,14.7
6179,7911,28492,2.0,0.0,4.7
6180,7913,7910,6.667,4.333,14.1
6181,7913,30228,3.667,0.333,14.2
6182,7915,14312,2.0,0.0,14.5
6183,7917,7914,2.0,0.0,14.4
6184,7919,7916,1.5,0.5,14.4
6185,7921,7918,1.5,0.5,11.1
6186,7923,7920,2.0,0.0,11.2
6187,7925,7922,2.0,0.0,13.8
6188,7927,7924,2.5,0.5,16.6
6189,7929,7926,1.5,0.5,13.5
6190,7933,7930,1.5,0.5,10.2
6191,7947,7944,1.333,0.333,11.0
6192,7953,9632,5.0,0.0,2.9
6193,7957,7954,2.0,0.0,13.9
6194,7957,29018,5.5,40.5,2.6
6195,7961,7958,2.25,0.25,23.3
6196,7967,25398,4.333,12.333,11.8
6197,7977,7974,2.0,0.0,14.4
6198,7993,7990,2.2,0.7,5.0
6199,7997,7994,8.0,0.0,11.0
6200,8027,28972,2.0,0.0,14.5
6201,8029,28914,2.0,0.0,14.4
6202,8031,31752,2.0,0.0,18.0
6203,8033,8030,2.0,0.0,14.4
6204,8035,8032,2.0,0.0,12.2
6205,8053,2830,3.25,0.917,16.4
6206,8059,12626,3.571,0.619,17.1
6207,8059,14130,3.5,4.5,31.5
6208,8059,32298,2.0,0.0,9.1
6209,8063,30500,2.0,0.0,21.7
6210,8063,8060,2.0,0.0,23.2
6211,8065,8062,1.429,0.286,19.4
6212,8065,41572,10.0,0.0,3.0
6213,8071,8056,2.0,0.0,15.8
6214,8075,28670,6.0,0.0,1.4
6215,8079,28670,2.0,0.0,7.0
6216,8079,8072,2.0,0.0,12.2
6217,8081,8078,3.0,0.0,13.2
6218,8091,9938,4.0,0.0,23.0
6219,8091,7246,4.0,1.25,33.3
6220,8091,35442,2.0,0.0,8.2
6221,8117,7646,2.0,0.0,18.3
6222,8117,28214,2.5,0.5,19.0
6223,8119,8116,2.0,0.0,9.6
6224,8141,33286,7.0,0.0,53.6
6225,8141,40188,5.333,0.333,30.1
6226,8143,33202,3.0,0.0,19.2
6227,8159,5412,5.0,0.0,22.6
6228,8179,8176,3.0,0.0,14.0
6229,8181,8178,2.0,0.0,14.4
6230,8183,8180,3.0,0.0,12.5
6231,8185,8182,2.0,0.0,14.4
6232,8191,23930,1.5,0.5,8.2
6233,8211,14704,3.0,0.0,15.5
6234,8217,8214,2.0,0.0,10.3
6235,8269,3724,4.0,0.0,38.8
6236,8273,8270,2.0,0.0,14.2
6237,8325,28878,2.0,0.0,14.1
6238,8373,22872,2.0,0.0,14.7
6239,8375,8372,2.0,0.0,15.2
6240,8387,8384,1.333,0.333,10.4
6241,8389,8386,1.667,0.333,12.0
6242,8391,8388,1.333,0.333,8.7
6243,8405,28536,1.5,0.5,10.6
6244,8409,8406,3.0,0.0,14.6
6245,8427,8424,1.333,0.333,10.6
6246,8429,8446,2.0,0.0,13.6
6247,8431,8428,2.0,0.0,14.2
6248,8441,8438,1.333,0.333,10.7
6249,8443,8440,2.0,0.0,15.7
6250,8447,8444,2.0,0.0,16.2
6251,8451,7402,2.0,0.0,12.6
6252,8453,23874,2.0,0.0,12.6
6253,8523,38866,2.0,0.0,12.2
6254,8535,8522,2.0,0.0,14.5
6255,8607,20206,3.0,0.0,14.3
6256,8639,8636,1.5,0.3,10.4
6257,8643,8638,1.333,0.267,10.4
6258,8645,39608,2.0,0.0,9.5
6259,8645,8642,1.667,0.667,13.3
6260,8647,8644,2.714,0.238,18.8
6261,8649,8646,1.571,0.286,10.5
6262,8651,8648,1.714,0.238,10.4
6263,8653,8650,1.286,0.238,10.7
6264,8701,8740,2.0,0.0,16.6
6265,8703,8700,2.0,0.0,14.4
6266,8731,29342,2.0,0.0,9.2
6267,8741,8738,2.0,0.0,10.4
6268,8749,29596,2.0,0.0,9.0
6269,8769,16988,1.25,0.25,8.6
6270,8777,8774,2.0,0.0,14.9
6271,8779,29414,2.0,0.0,19.4
6272,8815,8922,4.0,0.0,34.0
6273,8839,17190,2.0,0.0,12.8
6274,8851,8472,2.0,0.0,14.1
6275,8857,8814,2.0,0.0,15.7
6276,8861,8858,2.0,0.0,16.1
6277,8865,8862,2.0,0.0,15.0
6278,8901,37040,2.5,0.5,18.8
6279,8911,8900,2.0,0.0,17.4
6280,8921,14492,3.0,0.0,15.2
6281,8923,8920,2.0,0.0,17.1
6282,8927,8924,2.0,0.0,10.4
6283,8929,8926,2.0,0.0,14.8
6284,8945,8956,2.0,0.0,9.6
6285,8945,29618,2.0,0.0,15.0
6286,8947,8944,1.5,0.5,10.4
6287,8949,8946,2.0,0.0,14.3
6288,8951,8952,2.0,0.0,7.6
6289,8953,29608,2.0,0.0,14.5
6290,8983,11610,2.0,0.0,14.7
6291,9017,9126,2.0,0.0,10.3
6292,9019,9016,3.0,0.0,14.2
6293,9021,9018,2.0,0.0,9.4
6294,9043,9040,2.0,0.0,14.4
6295,9049,25632,3.333,0.333,19.4
6296,9049,22182,4.0,0.0,40.2
6297,9049,7202,10.0,35.143,20.0
6298,9053,9050,1.2,0.178,15.6
6299,9055,9052,2.0,0.0,23.5
6300,9085,8776,3.333,0.333,29.9
6301,9101,29684,2.0,0.0,7.6
6302,9103,2030,2.0,0.0,18.8
6303,9105,9102,2.0,0.0,15.1
6304,9107,9104,2.0,0.0,16.5
6305,9127,2472,2.0,0.0,11.1
6306,9131,9128,2.0,0.0,12.3
6307,9167,24220,2.0,0.0,9.4
6308,9177,9174,2.0,0.0,15.5
6309,9179,5444,2.5,0.5,14.8
6310,9181,9178,2.0,0.0,13.4
6311,9185,31122,2.0,0.0,10.5
6312,9189,9186,1.5,0.5,10.5
6313,9193,9190,2.0,0.0,15.7
6314,9195,9192,1.333,0.333,14.4
6315,9199,29970,2.0,0.0,10.3
6316,9205,9202,2.0,0.0,14.3
6317,9223,41888,2.0,0.0,12.7
6318,9239,40184,2.0,0.0,17.2
6319,9253,29906,1.5,0.5,8.7
6320,9257,33400,2.0,0.0,8.2
6321,9265,19490,3.0,0.0,13.3
6322,9267,9264,3.0,0.0,13.3
6323,9269,7646,3.0,0.0,23.7
6324,9325,36030,2.0,0.0,14.6
6325,9327,9324,3.0,0.0,18.4
6326,9373,9370,3.0,0.0,17.6
6327,9375,9372,3.0,0.0,14.8
6328,9379,30098,2.0,0.0,10.5
6329,9381,9378,2.0,0.0,10.4
6330,9391,9388,3.0,0.0,14.4
6331,9405,29812,2.0,0.0,14.2
6332,9457,7144,2.0,0.0,15.0
6333,9465,15734,2.0,0.0,9.0
6334,9465,37450,2.0,0.0,13.0
6335,9489,41232,1.333,0.25,9.9
6336,9495,35690,1.5,0.333,8.1
6337,9501,9498,2.0,0.0,11.9
6338,9545,30302,2.0,0.0,14.7
6339,9551,30292,2.0,0.0,13.3
6340,9551,9548,2.0,0.0,17.7
6341,9573,9648,2.0,0.0,16.9
6342,9581,30320,2.0,0.0,4.7
6343,9609,30316,2.0,0.0,14.6
6344,9621,28148,2.0,0.0,12.6
6345,9623,9620,2.0,0.0,16.1
6346,9639,9646,2.0,0.0,14.7
6347,9645,9510,2.0,0.0,11.3
6348,9645,30384,2.0,0.0,4.7
6349,9649,9584,3.0,0.0,22.7
6350,9651,25696,2.0,0.0,14.3
6351,9655,9652,2.0,0.0,14.6
6352,9665,9650,2.0,0.0,14.2
6353,9681,9678,3.0,0.0,14.4
6354,9735,41784,2.0,0.0,11.0
6355,9739,17204,3.0,0.0,28.7
6356,9751,9748,1.5,0.5,17.7
6357,9761,8060,2.0,0.0,11.2
6358,9765,30522,2.0,0.0,14.7
6359,9767,28656,2.5,0.5,18.7
6360,9773,9760,3.0,0.0,14.3
6361,9797,12608,3.0,0.0,18.1
6362,9837,30590,2.0,0.0,24.0
6363,9919,10348,2.091,7.291,9.2
6364,9923,11756,1.308,0.231,16.1
6365,9929,9926,1.091,0.091,14.8
6366,9931,9928,1.222,0.194,14.3
6367,9955,9952,1.071,0.069,13.6
6368,9957,9954,1.464,0.258,16.6
6369,9965,14628,1.5,0.5,10.1
6370,9975,9972,1.464,0.258,19.8
6371,9981,9974,1.107,0.099,14.0
6372,9989,9986,1.583,0.688,15.9
6373,9989,8640,10.0,128.0,8.9
6374,9991,9996,2.444,0.564,24.2
6375,9991,27616,15.0,0.0,10.1
6376,9993,9990,1.138,0.123,14.5
6377,10003,21170,2.0,0.0,9.4
6378,10047,10044,2.0,0.0,14.5
6379,10049,10046,2.0,0.0,14.9
6380,10055,10052,2.0,0.0,10.4
6381,10091,19842,2.05,0.892,20.8
6382,10093,10090,1.8,0.905,19.0
6383,10099,10096,1.143,0.129,13.7
6384,10101,10098,1.571,0.357,23.0
6385,10101,4812,5.0,0.0,5.3
6386,10149,38704,2.5,0.5,13.4
6387,10151,10148,3.0,0.0,14.4
6388,10153,10150,2.5,0.5,14.0
6389,10167,7896,2.0,0.0,13.1
6390,10167,41840,1.167,0.152,16.1
6391,10183,10180,1.214,0.181,14.7
6392,10185,10182,1.071,0.071,14.1
6393,10187,10184,1.357,0.247,17.1
6394,10197,29866,2.0,0.0,14.8
6395,10199,10196,1.5,0.5,10.3
6396,10229,9020,3.0,0.0,15.0
6397,10239,10234,2.0,0.0,17.9
6398,10241,10250,1.5,0.5,9.9
6399,10243,10238,5.0,0.0,35.3
6400,10245,10242,2.0,0.0,13.9
6401,10249,10246,2.0,0.0,10.8
6402,10251,10248,5.0,0.0,37.3
6403,10253,33524,2.0,0.0,9.2
6404,10265,10262,2.0,0.0,15.1
6405,10267,10264,2.0,0.0,14.3
6406,10269,10266,2.0,0.0,14.2
6407,10271,10268,2.0,0.0,14.2
6408,10273,31158,2.0,0.0,9.1
6409,10273,10270,2.0,0.0,14.2
6410,10277,31174,2.0,0.0,12.7
6411,10333,11854,5.0,0.0,13.5
6412,10349,9922,1.5,0.5,7.4
6413,10349,9916,4.083,1.174,41.4
6414,10385,10382,2.0,0.0,16.0
6415,10391,23510,2.0,0.0,12.2
6416,10415,10428,2.0,0.0,12.2
6417,10419,10414,4.0,0.0,14.0
6418,10423,25320,5.0,0.0,40.7
6419,10425,10422,1.5,0.5,12.8
6420,10429,25402,2.8,0.7,18.6
6421,10431,10428,1.25,0.25,10.5
6422,10435,10432,1.75,0.25,10.4
6423,10473,10498,3.0,0.0,14.2
6424,10475,10472,2.0,0.0,14.4
6425,10477,10474,2.0,0.0,14.4
6426,10483,31404,3.0,0.0,4.7
6427,10489,31412,3.0,0.0,14.1
6428,10517,35314,2.0,0.0,9.1
6429,10549,7582,2.25,0.25,14.8
6430,10555,14438,3.0,0.0,19.2
6431,10557,10554,3.0,0.0,14.5
6432,10563,18344,2.0,0.0,10.2
6433,10581,31510,2.0,0.0,4.7
6434,10591,40868,3.0,0.0,21.1
6435,10591,10588,2.0,0.0,14.1
6436,10597,9998,3.545,0.473,21.5
6437,10597,41874,4.333,5.333,9.3
6438,10601,19900,2.462,0.269,14.3
6439,10601,336,4.364,0.719,46.0
6440,10605,10602,1.038,0.038,9.4
6441,10659,10656,2.0,0.0,10.5
6442,10667,10664,2.0,0.0,10.4
6443,10763,15490,1.211,0.287,13.4
6444,10799,3512,2.0,0.0,8.2
6445,10807,9252,4.0,0.0,14.9
6446,10823,750,1.583,0.265,14.3
6447,10825,12236,1.565,0.257,21.4
6448,10829,11684,1.5,1.0,14.0
6449,10833,10830,2.0,0.0,26.1
6450,10835,31812,3.0,0.0,17.6
6451,10839,10872,3.0,0.0,14.5
6452,10841,31812,5.0,0.0,19.5
6453,10873,10836,3.0,0.0,9.0
6454,10877,10874,2.222,0.183,29.9
6455,10893,10882,2.0,0.0,10.6
6456,10895,10892,3.0,0.0,14.3
6457,10897,10894,3.0,0.0,14.2
6458,10931,10928,2.0,0.0,12.2
6459,10963,21036,6.0,0.0,12.9
6460,10971,10962,6.0,0.0,14.1
6461,10979,33346,2.667,1.333,17.5
6462,11011,11008,1.333,0.333,13.6
6463,11021,3354,2.909,1.039,31.6
6464,11021,6070,31.0,18.0,17.2
6465,11023,28212,4.0,0.0,28.4
6466,11023,8068,4.0,1.143,34.9
6467,11103,738,3.667,0.333,14.5
6468,11103,37714,6.0,0.0,24.7
6469,11113,15954,2.0,0.0,11.9
6470,11115,11112,2.0,0.0,14.5
6471,11121,41804,2.0,0.0,13.7
6472,11123,11120,2.0,0.0,14.4
6473,11143,1610,1.067,0.067,12.7
6474,11145,11140,1.176,0.154,14.8
6475,11147,11144,1.143,0.132,12.2
6476,11149,11146,1.143,0.132,14.4
6477,11149,9196,2.75,5.583,2.8
6478,11225,38206,3.0,0.0,14.3
6479,11231,15714,2.286,0.238,13.9
6480,11233,11230,1.857,0.143,25.1
6481,11241,11238,1.429,0.286,11.3
6482,11243,11248,2.0,0.0,13.6
6483,11265,12626,3.667,0.333,32.6
6484,11267,21082,19.533,1382.051,12.7
6485,11273,10994,1.667,0.333,14.5
6486,11277,17886,1.176,0.154,22.6
6487,11309,11306,1.5,0.5,10.8
6488,11315,11312,2.0,0.0,16.2
6489,11317,11314,2.0,0.0,17.7
6490,11343,32394,2.0,0.0,9.6
6491,11395,7656,4.0,0.0,25.5
6492,11399,11396,3.0,0.0,15.1
6493,11407,39984,2.0,0.0,9.7
6494,11421,14054,1.143,0.143,18.9
6495,11459,11456,2.0,0.0,13.6
6496,11491,15944,10.429,247.648,22.7
6497,11497,41932,1.5,0.5,14.6
6498,11507,16528,2.0,0.0,8.9
6499,11511,11528,2.0,0.0,10.2
6500,11527,11524,2.0,0.0,5.0
6501,11549,32622,2.0,0.0,9.6
6502,11565,11562,4.0,0.0,19.5
6503,11567,11564,3.0,0.0,11.5
6504,11569,11566,2.0,0.0,5.0
6505,11571,11568,3.0,0.0,10.4
6506,11595,15902,4.5,0.5,43.1
6507,11595,19344,3.571,0.286,47.0
6508,11599,11618,2.667,0.5,35.0
6509,11603,11600,1.556,0.278,17.3
6510,11605,11602,1.222,0.194,13.6
6511,11621,11642,1.5,0.5,14.4
6512,11641,5090,4.0,0.0,32.3
6513,11645,7222,1.462,0.603,15.5
6514,11647,11644,1.846,0.141,25.0
6515,11649,11646,1.077,0.077,11.7
6516,11651,11648,1.909,1.491,20.0
6517,11653,11650,1.091,0.091,14.3
6518,11661,11658,2.0,0.0,28.2
6519,11663,26984,6.0,2.8,32.1
6520,11665,11662,1.333,0.267,14.6
6521,11679,18468,1.5,0.5,8.3
6522,11679,18054,2.0,0.0,16.5
6523,11691,23832,3.0,0.0,13.0
6524,11693,11690,3.0,0.0,13.0
6525,11695,11692,3.0,0.0,14.4
6526,11697,11694,3.0,0.0,14.4
6527,11699,11696,3.0,0.0,14.4
6528,11707,23832,3.0,0.0,14.3
6529,11743,35578,3.5,0.5,13.5
6530,11743,14136,3.0,0.0,15.7
6531,11807,34742,2.0,0.0,7.4
6532,11823,10194,1.714,0.22,14.8
6533,11823,12118,1.667,2.667,3.8
6534,11829,10482,1.333,0.333,7.2
6535,11833,11830,3.0,0.0,14.7
6536,11835,11832,2.0,0.0,9.8
6537,11851,27392,5.0,0.0,32.2
6538,11867,11864,7.0,0.0,14.4
6539,11869,11866,8.0,0.0,14.4
6540,11895,33874,2.0,0.0,8.9
6541,11895,12604,2.0,0.0,20.3
6542,11897,11894,2.0,0.0,20.0
6543,11913,16234,1.556,2.778,4.8
6544,11919,33484,3.0,0.0,12.9
6545,11929,20212,2.0,0.0,9.2
6546,11931,11928,3.0,0.0,15.4
6547,11933,11930,3.0,0.0,14.6
6548,11955,34312,3.0,0.0,14.7
6549,11983,11980,1.294,0.221,25.4
6550,11999,12006,1.222,0.194,16.0
6551,12009,12002,1.25,0.25,14.2
6552,12013,12000,1.111,0.111,11.1
6553,12017,12014,1.3,0.233,13.1
6554,12035,12032,1.143,0.132,10.3
6555,12037,4924,1.875,0.25,24.4
6556,12055,9914,3.0,0.0,11.9
6557,12055,16986,4.333,0.333,29.6
6558,12055,32544,2.0,0.0,8.3
6559,12081,28528,1.4,0.3,9.6
6560,12097,19152,3.0,0.0,16.5
6561,12101,15736,2.0,0.0,9.5
6562,12105,12102,3.0,0.0,14.6
6563,12111,11022,1.2,0.178,14.3
6564,12113,12110,1.2,0.178,12.9
6565,12115,11422,1.375,0.268,13.5
6566,12117,12114,1.125,0.125,9.4
6567,12119,12116,2.625,0.268,20.7
6568,12125,12122,1.25,0.25,9.4
6569,12127,12124,2.0,0.0,14.4
6570,12129,12126,4.667,1.333,31.6
6571,12131,12128,2.5,0.5,18.6
6572,12133,12130,1.5,0.5,10.5
6573,12141,26668,2.0,0.0,15.3
6574,12141,17874,2.944,1.232,30.9
6575,12143,12140,1.263,0.205,7.0
6576,12167,12164,2.0,0.0,19.7
6577,12169,12166,2.0,0.0,10.6
6578,12169,10198,5.5,40.5,3.8
6579,12173,12170,1.5,0.333,18.4
6580,12175,12172,3.25,0.25,39.3
6581,12179,12176,1.25,0.25,14.7
6582,12183,41404,2.0,0.0,11.1
6583,12183,12180,2.2,0.2,23.0
6584,12185,12182,1.167,0.167,14.1
6585,12197,12194,2.0,0.0,26.2
6586,12203,12200,1.5,0.5,9.6
6587,12205,12202,1.5,0.5,9.7
6588,12211,12208,2.0,0.0,10.3
6589,12293,28584,4.6,1.3,9.0
6590,12293,33496,3.0,0.0,4.7
6591,12295,12292,5.333,0.267,11.2
6592,12295,33498,3.0,0.0,1.4
6593,12297,2084,2.0,0.0,6.9
6594,12299,22120,2.0,0.0,6.7
6595,12299,12296,2.0,0.0,11.9
6596,12301,12298,1.5,0.5,9.2
6597,12301,22056,1.833,0.167,10.6
6598,12303,12300,2.125,0.125,14.4
6599,12305,12302,1.625,0.554,10.9
6600,12311,15740,2.5,0.5,14.7
6601,12313,12310,14.0,288.0,6.3
6602,12315,33522,2.0,0.0,14.0
6603,12351,9290,1.333,0.333,9.8
6604,12353,12350,2.0,0.0,14.7
6605,12355,8814,2.0,0.0,15.4
6606,12385,12382,2.0,0.0,13.2
6607,12395,12390,1.647,0.243,19.0
6608,12397,12392,1.778,0.301,22.3
6609,12413,12410,2.0,0.0,10.4
6610,12431,12066,2.0,0.0,9.1
6611,12439,31628,3.0,0.0,9.0
6612,12441,12438,8.0,0.0,14.4
6613,12443,12440,20.0,0.0,38.6
6614,12447,14176,2.429,0.286,35.1
6615,12455,12452,1.125,0.125,14.3
6616,12459,14176,4.0,0.0,29.9
6617,12477,29404,3.0,0.0,13.2
6618,12479,12476,2.0,0.0,6.8
6619,12483,2088,2.0,0.0,16.8
6620,12511,12508,7.0,0.667,14.5
6621,12513,12510,4.667,0.333,9.0
6622,12515,12512,6.667,4.333,13.4
6623,12517,12514,6.333,6.333,13.0
6624,12519,12516,7.0,0.0,14.6
6625,12551,15956,2.0,0.0,14.5
6626,12553,12550,2.0,0.0,14.4
6627,12597,12594,1.091,0.085,14.2
6628,12607,12604,1.071,0.071,13.4
6629,12611,12608,2.0,0.615,18.9
6630,12637,33924,1.308,0.231,15.9
6631,12643,12640,2.0,0.0,9.1
6632,12703,12716,6.0,0.0,21.4
6633,12717,30956,3.0,0.0,13.6
6634,12733,12702,4.0,0.0,14.5
6635,12735,12732,4.0,0.0,14.5
6636,12737,12734,4.0,0.0,14.5
6637,12755,19178,1.182,0.164,16.0
6638,12757,5870,5.8,1.2,46.4
6639,12757,5872,7.5,84.5,4.6
6640,12769,12766,3.0,0.0,14.4
6641,12773,12770,2.0,0.0,21.1
6642,12777,12774,1.25,0.214,14.6
6643,12847,38416,3.5,0.5,14.3
6644,12849,12846,2.0,0.0,9.2
6645,12863,33934,2.0,0.0,9.0
6646,12865,2156,3.0,0.0,21.1
6647,12897,2150,3.0,0.0,7.5
6648,12925,37032,3.0,0.0,25.6
6649,12943,12956,3.333,0.333,14.4
6650,12951,34250,2.0,0.0,4.7
6651,12953,12950,3.5,0.5,14.4
6652,12955,12952,3.5,0.5,14.4
6653,12957,36374,3.0,0.0,9.2
6654,12957,12954,3.5,0.5,14.4
6655,12979,2168,3.0,0.0,21.4
6656,12983,12978,3.0,0.0,14.4
6657,12985,12982,3.0,0.0,14.2
6658,13005,34296,2.0,0.0,9.1
6659,13111,2158,3.0,0.0,21.4
6660,13129,40846,3.0,0.0,27.1
6661,13153,14218,3.0,0.5,21.5
6662,13153,7082,1.667,0.333,7.0
6663,13155,13152,1.8,0.2,13.0
6664,13157,13154,1.2,0.2,7.4
6665,13165,13162,2.5,0.5,13.8
6666,13187,34482,2.0,0.0,4.7
6667,13227,34558,2.0,0.0,18.2
6668,13229,13226,2.0,0.0,14.2
6669,13231,13228,2.0,0.0,18.1
6670,13233,13230,3.0,0.0,22.5
6671,13317,34612,2.0,0.0,4.7
6672,13323,5180,4.0,0.0,21.8
6673,13325,8116,3.0,0.0,14.8
6674,13329,13326,3.0,0.0,14.3
6675,13331,13328,3.0,0.0,14.4
6676,13333,13330,3.0,0.0,14.4
6677,13335,13332,2.0,0.0,5.2
6678,13337,13334,3.0,0.0,14.2
6679,13377,7244,3.5,0.5,16.4
6680,13379,13376,2.0,1.0,10.4
6681,13383,13380,2.0,0.0,15.0
6682,13405,9720,2.0,0.0,11.4
6683,13423,18176,3.0,0.0,14.3
6684,13425,2158,4.714,0.571,51.4
6685,13429,13426,2.0,0.0,23.2
6686,13445,15496,2.0,0.0,15.9
6687,13495,33850,2.0,0.0,13.6
6688,13499,13496,2.0,0.0,16.6
6689,13515,13512,3.0,0.0,13.8
6690,13525,37390,2.5,0.5,14.1
6691,13611,19706,1.231,0.192,13.9
6692,13637,13634,3.0,0.0,14.4
6693,13641,8374,3.0,0.0,21.1
6694,13643,13640,2.0,0.0,13.9
6695,13645,13642,2.0,0.0,14.3
6696,13655,22572,4.0,0.0,18.0
6697,13657,13654,1.5,0.5,14.3
6698,13659,13656,2.0,0.0,14.6
6699,13695,40594,3.0,2.0,14.2
6700,13857,35730,3.0,0.0,21.3
6701,13859,13856,3.0,0.0,9.2
6702,13911,26620,6.5,60.5,4.2
6703,13943,13940,3.0,0.0,5.0
6704,13945,13942,3.0,0.0,4.7
6705,13947,12312,2.5,0.5,13.4
6706,13953,13950,1.5,0.5,10.4
6707,14029,14026,1.571,0.286,16.9
6708,14031,12610,1.308,0.397,10.9
6709,14069,14066,1.667,0.333,13.9
6710,14071,14068,3.333,0.333,31.4
6711,14073,14070,3.667,0.333,27.9
6712,14075,14072,2.0,0.0,14.3
6713,14077,14074,3.0,0.0,25.1
6714,14085,14150,3.0,0.0,21.2
6715,14107,7222,2.0,0.0,6.4
6716,14119,4216,1.75,0.25,21.0
6717,14123,19710,1.571,0.286,7.0
6718,14123,16,3.0,1.0,28.9
6719,14133,25620,2.0,0.0,14.2
6720,14135,14132,2.0,0.0,16.0
6721,14139,14136,2.0,0.0,17.5
6722,14141,14138,1.5,0.5,11.0
6723,14143,14140,1.5,0.5,10.4
6724,14151,15598,1.5,0.5,12.6
6725,14159,334,1.069,0.067,13.6
6726,14161,14158,1.214,0.175,13.6
6727,14173,14170,2.2,0.2,19.7
6728,14179,14216,1.5,0.3,16.6
6729,14181,14178,1.5,0.3,14.4
6730,14183,14180,1.143,0.143,14.9
6731,14189,14208,2.0,0.0,13.6
6732,14191,14188,1.5,0.5,13.1
6733,14199,14196,2.0,0.0,15.4
6734,14203,14200,2.0,0.0,10.4
6735,14205,14202,2.0,0.0,14.2
6736,14209,14206,2.0,0.0,14.7
6737,14215,27710,1.833,0.167,11.2
6738,14217,14214,1.5,0.3,5.0
6739,14219,30230,2.0,0.0,3.5
6740,14221,35658,2.0,0.0,14.0
6741,14257,14254,1.25,0.214,18.4
6742,14261,35814,1.333,0.333,14.2
6743,14261,14258,1.182,0.164,17.4
6744,14265,26074,1.333,0.267,8.4
6745,14297,14294,1.5,0.333,10.4
6746,14301,14298,1.333,0.333,11.2
6747,14303,9922,4.556,1.028,37.8
6748,14305,14302,2.778,0.444,17.8
6749,14307,14304,1.444,0.278,10.4
6750,14309,14306,1.333,0.25,10.4
6751,14311,14308,1.75,0.214,14.4
6752,14313,14310,1.125,0.125,10.4
6753,14321,31270,3.0,0.0,14.5
6754,14333,18834,2.0,0.0,17.5
6755,14345,21512,4.0,0.0,14.6
6756,14385,31462,2.0,0.0,13.5
6757,14387,14384,2.0,0.0,12.6
6758,14389,14386,3.0,0.0,12.6
6759,14391,14388,3.0,0.0,14.4
6760,14399,22150,2.0,0.0,15.4
6761,14405,30596,2.0,0.2,26.0
6762,14427,14414,2.0,0.0,6.3
6763,14431,14428,2.0,0.0,10.4
6764,14433,33872,1.444,0.261,17.8
6765,14437,38812,2.0,0.0,16.5
6766,14469,26332,3.0,0.0,16.5
6767,14487,14484,1.333,0.333,13.8
6768,14515,14512,1.5,0.5,14.4
6769,14517,14514,1.5,0.5,14.2
6770,14519,14516,1.5,0.5,14.7
6771,14521,14518,2.0,0.0,14.6
6772,14533,38270,2.0,0.0,14.7
6773,14553,14550,2.0,0.0,15.3
6774,14593,14590,3.333,0.267,25.3
6775,14611,30806,2.0,0.0,16.4
6776,14621,14618,2.0,0.0,9.1
6777,14621,39614,3.0,0.0,14.8
6778,14623,36172,3.0,0.0,14.9
6779,14627,14620,2.5,0.5,14.7
6780,14629,14626,1.5,0.333,6.1
6781,14699,8190,2.5,0.5,14.9
6782,14701,14698,2.5,0.5,14.4
6783,14703,14700,2.5,0.5,13.9
6784,14705,14702,3.0,0.0,14.5
6785,14721,14142,2.0,2.0,15.2
6786,14725,14722,2.0,0.0,14.6
6787,14727,14724,2.0,0.0,14.6
6788,14731,29132,1.5,0.5,14.3
6789,14741,5758,2.0,0.0,13.8
6790,14745,14742,2.0,0.0,11.2
6791,14749,9050,2.0,0.0,8.3
6792,14749,29732,3.0,0.0,19.5
6793,14755,14748,2.0,0.0,8.8
6794,14767,14780,2.0,0.0,9.1
6795,14775,14766,2.0,0.0,10.2
6796,14821,2448,3.0,0.0,22.3
6797,14843,26338,1.5,0.333,7.7
6798,14853,14850,2.0,0.0,14.6
6799,14861,36448,2.0,0.0,4.7
6800,14885,14882,1.333,0.333,15.5
6801,14903,41384,4.0,0.0,17.0
6802,14905,14902,2.0,0.0,14.0
6803,14911,11984,2.6,0.267,45.6
6804,14949,24090,4.0,0.0,17.0
6805,14973,8442,2.75,0.25,20.8
6806,14975,14972,2.4,0.3,17.6
6807,15011,28134,1.5,0.5,9.3
6808,15045,15164,2.0,0.0,14.2
6809,15181,9836,2.0,0.0,13.5
6810,15191,36550,2.0,0.0,9.9
6811,15225,41720,2.429,0.286,22.8
6812,15225,13540,3.647,1.368,39.5
6813,15227,15228,1.8,0.167,26.5
6814,15233,10604,1.394,0.246,14.8
6815,15263,36890,2.0,0.0,14.2
6816,15265,36888,2.5,0.5,9.0
6817,15267,36910,2.0,0.0,14.5
6818,15273,15262,2.0,0.0,9.2
6819,15287,15264,2.0,0.0,9.0
6820,15289,15268,2.0,0.0,13.5
6821,15313,36938,3.0,0.0,4.7
6822,15363,5148,3.0,0.0,13.0
6823,15373,34446,3.0,0.0,11.8
6824,15377,8864,2.0,0.0,19.3
6825,15379,38514,2.0,0.0,7.4
6826,15415,15432,3.0,0.0,14.4
6827,15425,15422,3.0,0.0,14.5
6828,15427,15424,2.0,0.0,14.4
6829,15429,15426,3.0,0.0,14.4
6830,15431,15428,2.0,0.0,8.9
6831,15433,26670,11.0,0.0,49.3
6832,15479,37162,1.5,0.5,4.7
6833,15487,9996,1.667,0.333,8.7
6834,15487,27616,3.0,2.0,34.5
6835,15487,30830,4.133,1.695,23.5
6836,15489,15486,7.95,265.418,16.1
6837,15493,17300,2.0,0.0,14.0
6838,15497,7582,1.667,0.333,14.8
6839,15499,628,2.833,0.567,19.0
6840,15501,15498,1.167,0.167,6.9
6841,15503,15500,2.75,0.917,14.3
6842,15505,15502,2.75,0.25,15.5
6843,15507,15504,3.0,0.0,16.8
6844,15509,15506,3.0,2.0,18.8
6845,15513,13916,4.0,0.0,23.5
6846,15513,17244,5.625,1.317,63.2
6847,15515,15512,2.167,9.97,10.4
6848,15517,15514,1.267,0.352,14.3
6849,15519,15516,1.083,0.083,9.4
6850,15523,38554,3.0,0.0,9.7
6851,15525,29072,3.0,0.0,20.8
6852,15535,41290,2.0,0.0,14.5
6853,15545,33852,2.0,0.0,12.8
6854,15569,14314,2.0,0.0,9.2
6855,15577,34636,2.0,0.0,9.8
6856,15585,15582,1.143,0.143,13.6
6857,15589,15586,1.333,0.267,14.1
6858,15591,6160,1.667,0.333,5.2
6859,15597,15594,1.333,0.333,9.8
6860,15601,1592,3.0,0.0,18.0
6861,15611,16428,2.0,0.0,8.3
6862,15633,15666,2.0,0.0,9.0
6863,15649,34826,2.0,0.0,9.1
6864,15663,9000,2.0,0.0,14.2
6865,15665,15662,3.0,0.0,14.4
6866,15667,15664,2.0,0.0,14.4
6867,15675,15676,2.0,0.0,9.0
6868,15677,9464,4.0,0.0,14.3
6869,15681,19660,2.0,0.0,9.6
6870,15693,37414,4.0,0.0,14.9
6871,15695,15692,4.0,0.0,15.3
6872,15695,622,3.0,0.0,15.0
6873,15713,11498,1.8,0.171,23.7
6874,15715,15710,1.533,0.267,12.9
6875,15723,11854,5.0,0.0,29.3
6876,15743,15740,1.111,0.111,12.9
6877,15743,33516,2.0,2.0,4.2
6878,15747,12396,4.1,1.656,25.1
6879,15753,15754,9.125,285.45,8.4
6880,15755,10596,2.8,0.743,20.0
6881,15755,27828,5.0,0.0,2.9
6882,15761,15758,3.0,0.0,14.8
6883,15765,15758,3.0,0.0,15.0
6884,15825,37558,2.0,0.0,4.7
6885,15835,15852,3.0,0.0,14.8
6886,15837,15834,3.0,0.0,14.9
6887,15895,11458,2.0,0.0,18.3
6888,15899,15234,4.0,2.0,28.0
6889,15899,8076,3.0,0.0,39.8
6890,15905,15234,3.094,0.991,29.5
6891,15905,8076,15.333,9.333,2.3
6892,15913,15910,2.0,0.0,15.3
6893,15925,38270,2.0,0.0,9.5
6894,15927,15924,2.0,0.0,9.7
6895,15945,16066,3.846,1.141,36.1
6896,15945,32996,3.0,0.0,10.1
6897,15947,738,3.182,1.164,27.8
6898,15955,19194,2.0,0.0,14.4
6899,15957,19038,2.0,0.0,8.7
6900,15957,37724,2.0,0.0,5.0
6901,15981,15978,1.667,0.333,17.8
6902,16067,2560,1.231,0.192,13.1
6903,16077,16074,1.111,0.111,20.3
6904,16213,3900,3.0,0.0,14.7
6905,16217,16214,2.0,0.0,12.4
6906,16223,16220,1.25,0.25,13.5
6907,16275,10088,1.095,0.09,13.0
6908,16345,14182,1.143,0.143,15.5
6909,16347,16344,1.429,0.286,19.6
6910,16349,16346,1.286,0.238,16.7
6911,16361,38292,2.0,0.0,9.1
6912,16363,16360,3.0,0.0,14.4
6913,16365,16362,3.0,0.0,14.5
6914,16379,23722,3.0,0.0,16.3
6915,16389,5984,2.0,0.0,14.5
6916,16395,24864,2.0,0.0,22.1
6917,16395,5610,2.048,0.148,32.8
6918,16419,36062,2.25,0.25,14.8
6919,16429,15600,2.0,0.0,9.0
6920,16433,7464,6.0,0.0,28.2
6921,16487,16462,3.0,0.0,9.3
6922,16487,38350,2.0,0.0,4.7
6923,16489,16486,4.0,0.0,14.4
6924,16491,16488,4.0,0.0,14.4
6925,16511,30956,2.5,0.5,11.6
6926,16511,19842,3.0,0.0,13.3
6927,16513,16510,1.5,0.5,15.2
6928,16521,16518,2.0,0.0,20.2
6929,16523,7596,1.174,0.696,8.0
6930,16525,32300,4.694,133.418,31.9
6931,16533,25306,2.0,0.0,7.6
6932,16611,38476,2.0,0.0,4.7
6933,16651,37238,3.0,0.0,19.3
6934,16663,12126,3.0,0.0,18.3
6935,16687,16684,6.0,0.0,33.3
6936,16687,10352,2.0,0.0,5.9
6937,16689,16686,2.5,0.5,14.9
6938,16693,16690,2.0,0.222,14.6
6939,16697,16694,1.6,0.267,14.3
6940,16699,16696,1.222,0.194,13.0
6941,16701,16698,1.111,0.111,13.7
6942,16705,16702,1.091,0.091,13.7
6943,16737,9752,2.0,0.0,17.5
6944,16775,9752,2.0,0.0,18.4
6945,16813,31016,2.0,0.0,11.1
6946,16815,16812,2.5,0.333,13.6
6947,16845,16842,1.5,0.5,9.8
6948,16901,38800,1.067,0.067,14.4
6949,16905,5724,2.0,0.0,23.8
6950,16927,15972,3.364,0.255,33.2
6951,16935,16932,2.0,0.0,9.0
6952,16937,16934,3.0,0.0,11.8
6953,16945,12160,2.389,0.252,29.6
6954,16947,2846,1.667,0.353,20.0
6955,16957,16954,1.667,0.267,19.6
6956,16961,16958,1.143,0.143,13.2
6957,16963,13128,8.0,0.0,15.2
6958,16965,16490,2.0,0.0,13.4
6959,16967,38904,3.0,0.0,21.6
6960,16973,17290,3.0,0.0,18.6
6961,16981,39820,4.5,0.5,20.9
6962,16987,5142,1.375,0.268,15.9
6963,16991,22578,4.0,0.5,20.7
6964,16993,17016,2.0,0.0,14.3
6965,16999,16996,3.0,0.0,22.9
6966,17015,2600,2.0,0.0,14.8
6967,17041,21364,2.6,0.3,34.6
6968,17043,17040,1.2,0.2,17.5
6969,17067,5394,1.2,0.2,15.3
6970,17189,39182,2.0,0.0,11.8
6971,17189,39172,3.5,0.5,18.0
6972,17195,30740,4.667,0.333,30.6
6973,17201,4496,1.357,0.247,21.2
6974,17203,12924,3.0,0.0,13.0
6975,17207,39202,2.0,0.0,8.4
6976,17211,38064,3.0,0.0,14.4
6977,17233,18268,1.579,0.257,22.1
6978,17235,17232,1.429,0.264,7.6
6979,17235,5912,1.909,0.691,18.6
6980,17237,17234,1.353,0.243,13.1
6981,17237,5036,1.25,0.25,3.7
6982,17239,17236,1.136,0.123,13.4
6983,17251,26582,3.0,0.0,13.2
6984,17251,13580,1.083,0.083,9.8
6985,17257,2922,3.333,0.333,23.4
6986,17257,23994,2.0,0.0,6.3
6987,17265,11856,1.75,0.205,28.0
6988,17271,24394,1.5,0.5,7.5
6989,17271,17272,6.8,66.2,3.0
6990,17273,4490,3.0,0.667,24.4
6991,17291,17288,2.278,0.448,16.7
6992,17293,19142,2.267,0.352,21.9
6993,17305,23138,2.0,0.0,7.6
6994,17311,17318,2.0,0.0,9.5
6995,17313,31992,2.0,0.0,7.2
6996,17313,17310,2.0,0.0,6.7
6997,17337,10930,2.0,0.0,14.5
6998,17345,39406,2.0,0.0,13.7
6999,17363,24672,2.0,0.0,14.1
7000,17365,8080,3.0,0.0,14.2
7001,17387,27084,3.0,0.0,25.0
7002,17471,39560,1.5,0.5,4.7
7003,17497,4620,4.0,0.0,13.6
7004,17499,17496,4.0,0.0,14.4
7005,17503,17498,4.0,0.0,14.6
7006,17621,6550,2.0,0.0,12.6
7007,17623,17620,3.0,0.0,9.1
7008,17715,38940,3.667,0.333,19.2
7009,17717,17714,3.333,0.333,19.3
7010,17719,17716,3.0,0.0,15.1
7011,17765,6658,2.0,0.0,7.2
7012,17793,6554,2.5,0.5,12.7
7013,17885,592,1.059,0.059,22.8
7014,18011,264,20.6,909.378,18.7
7015,18021,18016,1.273,0.218,13.2
7016,18023,12282,3.0,0.0,20.6
7017,18033,40200,4.5,0.5,30.0
7018,18035,15370,5.333,1.333,38.6
7019,18041,18038,1.667,0.333,10.6
7020,18045,12020,3.0,1.0,15.6
7021,18047,18048,4.286,45.571,8.2
7022,18049,12012,4.889,1.361,48.0
7023,18051,35532,2.0,0.0,5.5
7024,18051,12016,6.0,0.0,46.1
7025,18053,26186,3.0,0.0,18.7
7026,18151,11854,3.0,0.0,17.8
7027,18159,6536,2.0,0.0,12.8
7028,18161,18158,2.0,0.0,11.6
7029,18163,18160,2.0,0.0,8.4
7030,18165,18162,2.0,0.0,11.2
7031,18177,40348,2.0,0.0,4.7
7032,18257,18254,2.0,0.0,10.0
7033,18267,10764,1.105,0.099,13.9
7034,18275,8392,2.0,0.0,14.4
7035,18339,16774,2.0,0.0,12.7
7036,18345,31500,3.0,0.0,14.2
7037,18359,40552,2.0,0.0,11.8
7038,18361,10550,2.0,0.0,16.5
7039,18389,35026,3.0,0.0,14.9
7040,18391,7228,2.0,0.0,16.8
7041,18437,29264,1.5,0.5,7.6
7042,18445,1252,2.0,0.0,13.1
7043,18447,21052,3.0,0.0,8.3
7044,18451,1254,3.0,0.0,16.3
7045,18465,1248,2.0,0.0,14.4
7046,18479,40792,4.5,1.786,46.8
7047,18487,18482,2.286,0.514,21.9
7048,18505,40708,2.0,0.0,9.3
7049,18507,8768,2.0,0.0,12.0
7050,18509,18506,3.0,0.0,13.4
7051,18545,16516,2.0,0.0,7.2
7052,18547,18544,3.0,0.0,15.7
7053,18605,18602,2.0,0.0,14.4
7054,18633,632,1.667,0.524,14.6
7055,18675,17194,2.0,0.0,12.6
7056,18685,14390,2.0,0.0,9.0
7057,18687,18684,3.0,0.0,14.4
7058,18717,18718,2.0,0.0,9.0
7059,18719,24290,3.0,0.0,15.9
7060,18721,18718,3.0,0.0,14.4
7061,18769,40984,1.5,0.5,4.7
7062,18835,18836,3.0,0.0,14.7
7063,18857,39548,2.0,0.0,12.2
7064,18861,10970,4.0,0.0,9.1
7065,18865,11896,2.0,0.0,12.7
7066,18917,11114,3.0,0.0,14.6
7067,18923,15534,2.0,0.0,14.2
7068,18925,18922,3.0,0.0,14.4
7069,19003,19010,2.0,0.0,9.3
7070,19011,28494,2.5,0.5,9.2
7071,19013,9492,1.5,0.3,10.4
7072,19027,30220,2.0,0.0,13.6
7073,19029,19026,2.0,0.0,14.1
7074,19029,30216,5.0,0.0,4.0
7075,19031,19028,2.0,0.0,10.9
7076,19033,19030,2.0,0.0,11.2
7077,19035,19032,2.0,0.0,13.1
7078,19039,11110,3.0,0.0,20.3
7079,19065,19062,2.0,0.0,14.9
7080,19087,41306,2.0,0.0,5.3
7081,19087,19084,3.0,0.0,10.4
7082,19095,8390,1.5,0.5,7.1
7083,19095,29006,2.0,0.0,12.2
7084,19097,19094,4.0,1.0,17.1
7085,19099,19096,3.0,0.0,14.4
7086,19103,19098,4.0,0.0,14.2
7087,19143,19144,1.6,0.257,19.4
7088,19153,41378,2.0,0.0,4.7
7089,19167,15936,1.111,0.111,13.6
7090,19171,19168,1.167,0.167,12.3
7091,19175,19172,1.111,0.111,13.4
7092,19189,9994,4.0,0.0,20.2
7093,19195,11122,2.0,0.0,17.0
7094,19231,9766,3.0,0.0,14.2
7095,19233,19230,2.0,0.0,9.2
7096,19257,9772,2.0,0.0,9.2
7097,19259,19276,2.0,0.0,8.1
7098,19275,11398,3.0,0.0,15.9
7099,19277,19274,2.0,0.0,11.3
7100,19285,17264,2.75,2.023,28.7
7101,19285,20318,3.455,1.873,16.2
7102,19291,41038,2.0,0.0,9.1
7103,19333,41568,3.0,0.0,14.5
7104,19345,5728,1.667,0.267,22.3
7105,19409,19406,2.0,0.0,15.6
7106,19439,37228,1.8,0.2,6.8
7107,19439,12782,3.75,0.786,33.4
7108,19441,19458,1.231,0.192,13.6
7109,19445,19442,1.25,0.205,13.7
7110,19447,19444,1.111,0.111,8.0
7111,19449,19438,1.222,0.444,7.1
7112,19453,19450,1.083,0.083,12.9
7113,19455,19452,2.077,0.244,24.2
7114,19457,19454,1.846,0.141,22.5
7115,19459,19456,1.154,0.141,14.3
7116,19465,19462,2.0,0.0,12.0
7117,19469,546,2.0,0.0,10.5
7118,19473,19470,3.0,0.0,12.9
7119,19491,41754,2.5,0.5,12.8
7120,19491,41736,2.0,0.0,12.9
7121,19493,19490,3.0,0.0,17.2
7122,19495,41750,3.5,0.5,13.5
7123,19497,19494,1.5,0.5,6.6
7124,19499,19496,2.0,0.0,5.1
7125,19529,33344,2.0,0.0,6.5
7126,19535,4108,2.0,0.0,13.0
7127,19551,3600,2.0,0.0,11.8
7128,19553,19550,2.0,0.0,9.9
7129,19555,31034,1.167,0.152,14.3
7130,19557,41850,7.375,145.125,5.7
7131,19557,41848,7.0,72.0,5.1
7132,19561,19972,1.071,0.071,2.6
7133,19567,35836,2.0,0.0,7.2
7134,19569,10604,2.0,0.0,20.7
7135,19573,9208,2.333,0.333,12.6
7136,19573,11012,4.0,12.0,17.6
7137,19593,19594,2.0,0.0,16.3
7138,19595,35560,5.0,0.0,29.6
7139,19595,19710,1.5,0.5,8.5
7140,19613,15650,2.0,0.0,9.0
7141,19615,42,4.0,0.0,29.4
7142,19625,12756,1.143,0.143,8.3
7143,19635,19646,3.0,0.0,14.2
7144,19647,9764,3.0,0.0,14.2
7145,19661,19664,2.0,0.0,6.8
7146,19665,12102,3.0,0.0,13.3
7147,19677,25856,2.692,0.564,23.9
7148,19679,2916,2.143,0.476,10.2
7149,19679,20258,2.545,0.736,22.9
7150,19681,25896,7.235,2.441,54.3
7151,19683,25896,9.692,56.064,34.3
7152,19685,25856,5.0,1.733,49.1
7153,19687,19690,1.323,0.226,16.0
7154,19689,19696,4.357,0.555,35.4
7155,19691,19688,1.143,0.132,12.9
7156,19691,19680,1.294,0.596,13.5
7157,19693,19696,7.222,2.444,47.5
7158,19697,12238,2.609,0.34,32.7
7159,19707,19708,1.571,0.286,7.7
7160,19709,25858,3.818,0.964,17.6
7161,19709,25818,4.0,2.0,28.0
7162,19711,22750,1.125,0.125,10.4
7163,19713,26200,1.375,0.268,18.7
7164,19717,35774,1.048,0.048,13.2
7165,19719,38844,2.0,0.0,15.9
7166,19723,19724,2.2,0.2,11.7
7167,19725,19726,1.8,0.2,14.7
7168,19731,25408,2.25,0.25,26.5
7169,19747,19748,1.5,0.333,15.1
7170,19749,35846,1.667,0.333,9.4
7171,19761,22700,3.0,3.0,15.6
7172,19761,41686,1.333,0.333,8.0
7173,19787,40214,5.5,0.5,30.0
7174,19815,25586,3.308,0.231,40.0
7175,19819,5014,2.0,0.0,19.1
7176,19861,230,1.5,0.5,4.7
7177,19899,14294,2.0,0.0,8.3
7178,19901,40170,1.471,0.265,18.8
7179,19971,28572,3.097,2.024,28.9
7180,19973,19974,1.244,0.371,9.8
7181,19975,35616,1.417,0.376,13.6
7182,19975,19566,7.333,120.333,3.6
7183,19977,31532,5.04,2.207,45.9
7184,19987,19988,2.0,0.0,10.4
7185,19989,19990,2.0,0.0,11.6
7186,19991,19992,2.0,0.0,16.1
7187,20015,9180,1.5,0.5,7.6
7188,20105,3462,2.0,0.0,15.0
7189,20107,20108,3.0,0.0,15.7
7190,20109,22232,3.0,0.0,17.9
7191,20151,13448,4.0,0.0,22.3
7192,20153,506,2.0,0.0,4.7
7193,20171,1022,4.0,0.0,16.6
7194,20191,33096,3.0,0.0,15.0
7195,20203,41728,2.0,0.0,10.7
7196,20209,19486,2.0,0.0,10.8
7197,20213,20170,2.0,0.0,14.3
7198,20247,20248,2.0,0.0,7.9
7199,20249,12142,3.0,0.0,22.4
7200,20255,20256,2.786,15.72,8.2
7201,20257,25824,3.75,8.303,28.6
7202,20261,25818,2.8,0.274,34.4
7203,20261,25792,6.0,32.5,10.8
7204,20263,40026,1.111,0.103,22.6
7205,20275,20276,1.5,0.5,9.8
7206,20277,39454,1.5,0.5,9.3
7207,20279,40014,2.0,0.0,6.9
7208,20313,20314,1.333,0.238,15.4
7209,20317,40848,1.067,0.067,14.4
7210,20321,634,2.0,0.0,4.7
7211,20323,15506,2.0,0.0,8.8
7212,20335,642,3.0,0.0,13.5
7213,20383,31102,3.0,0.0,14.4
7214,20403,20404,3.0,0.0,14.4
7215,20403,20414,3.0,0.0,14.5
7216,20409,20410,3.0,0.0,14.4
7217,20411,20412,1.333,0.333,7.0
7218,20413,502,1.667,0.333,11.3
7219,20419,736,2.0,0.0,4.7
7220,20421,37714,2.556,1.028,24.9
7221,20421,32120,3.667,21.333,10.9
7222,20423,20424,4.0,3.333,23.2
7223,20423,20428,2.333,1.333,11.9
7224,20427,27378,1.5,0.278,20.4
7225,20427,32770,2.25,0.25,20.6
7226,20439,19714,1.19,0.162,12.7
7227,20439,35410,1.393,0.321,17.7
7228,20441,37016,1.25,0.205,10.2
7229,20443,4974,3.0,0.0,35.0
7230,20445,37006,2.154,0.641,14.1
7231,20447,17250,1.688,0.229,20.0
7232,20449,35412,2.16,0.473,15.5
7233,20451,20452,1.222,0.183,14.5
7234,20453,31780,1.294,0.221,14.1
7235,20455,37010,2.167,0.333,11.9
7236,20459,20460,1.455,0.273,14.9
7237,20463,20464,2.0,0.105,25.8
7238,20465,20466,1.056,0.056,12.0
7239,20467,5018,2.0,0.0,18.8
7240,20467,25412,4.25,1.8,41.1
7241,20467,25392,3.5,4.5,27.5
7242,20469,20470,3.0,0.0,14.4
7243,20471,20472,3.0,0.0,14.4
7244,20473,20474,3.0,0.0,14.4
7245,20475,20476,3.0,0.0,14.4
7246,20477,20478,3.0,0.0,14.4
7247,20479,20480,3.0,0.0,14.4
7248,20481,20482,3.0,0.0,14.4
7249,20483,20484,2.0,0.0,14.4
7250,20485,20634,3.0,0.0,14.4
7251,20493,20494,3.0,0.0,14.4
7252,20495,20496,3.0,0.0,14.4
7253,20497,20498,3.0,0.0,14.4
7254,20499,20500,3.0,0.0,14.4
7255,20499,20608,3.0,0.0,14.2
7256,20501,20502,3.0,0.0,14.4
7257,20501,20576,3.0,0.0,14.2
7258,20503,20634,3.0,0.0,14.2
7259,20525,20558,2.0,0.0,8.2
7260,20535,20536,3.0,0.0,14.4
7261,20553,20534,3.0,0.0,14.4
7262,20557,20468,2.0,0.0,11.3
7263,20567,20524,2.0,0.0,5.8
7264,20577,20534,2.0,0.0,9.0
7265,20609,20552,2.0,0.0,9.0
7266,20635,20536,2.0,0.0,9.0
7267,20647,31348,3.0,0.0,12.2
7268,20715,33098,4.0,0.0,16.5
7269,20895,20916,2.75,0.25,14.4
7270,20897,20898,3.0,0.0,14.9
7271,20899,20900,3.0,0.0,14.9
7272,20901,20902,3.0,0.0,15.5
7273,20903,20904,3.0,0.0,15.5
7274,20905,20906,3.0,0.0,14.4
7275,20907,20908,3.0,0.0,14.4
7276,20909,20910,3.0,0.0,14.4
7277,20911,20912,4.0,0.0,14.4
7278,20913,20914,3.0,0.0,14.4
7279,20913,4432,4.0,0.0,14.2
7280,20917,20938,2.75,0.25,14.4
7281,20923,20924,4.0,0.0,14.4
7282,20925,20926,3.0,0.0,14.4
7283,20927,20928,4.0,0.0,14.4
7284,20929,20930,4.0,0.0,14.4
7285,20931,20932,3.0,0.0,14.4
7286,20933,20934,4.0,0.0,14.4
7287,20935,20936,4.0,0.0,14.4
7288,20937,20940,3.0,2.0,13.5
7289,20939,20942,3.0,0.0,14.4
7290,20941,1160,1.5,0.5,8.0
7291,20943,20944,3.0,0.0,14.4
7292,20945,20946,3.25,0.25,14.4
7293,20947,20948,3.0,0.0,14.4
7294,20949,20950,2.75,0.25,14.0
7295,20951,20952,2.0,0.0,14.0
7296,20951,1150,2.5,0.5,13.3
7297,20953,20896,3.0,0.0,14.8
7298,20981,40214,3.5,0.5,29.7
7299,21027,21010,4.0,0.0,14.7
7300,21033,40440,2.5,0.333,22.6
7301,21033,40438,4.8,1.7,43.5
7302,21033,40436,15.143,13.143,22.5
7303,21035,21036,6.0,0.0,11.1
7304,21037,21038,9.0,0.0,15.9
7305,21049,21056,2.0,0.0,9.0
7306,21051,40640,5.0,0.0,15.2
7307,21053,21048,4.0,0.0,13.7
7308,21057,21066,4.0,0.0,14.2
7309,21063,18452,4.0,0.0,15.4
7310,21067,21062,3.0,0.0,9.0
7311,21079,31664,4.0,0.0,18.7
7312,21083,21084,10.786,1227.138,17.1
7313,21085,39042,2.586,0.466,26.4
7314,21093,21094,2.0,0.0,9.6
7315,21107,21092,5.0,0.0,23.1
7316,21161,40004,1.474,0.374,10.6
7317,21167,1352,3.0,0.0,4.7
7318,21173,25330,2.0,0.0,11.6
7319,21185,21234,1.667,0.333,9.0
7320,21235,1408,1.667,0.333,4.7
7321,21243,13540,2.833,0.567,23.0
7322,21243,36846,4.8,0.7,38.9
7323,21259,21260,2.2,0.178,22.3
7324,21259,19080,3.0,0.0,6.3
7325,21265,21010,2.273,1.018,22.6
7326,21267,12096,2.0,0.0,3.0
7327,21275,27802,1.19,0.162,13.4
7328,21365,41906,2.333,0.267,31.6
7329,21365,21366,3.0,0.0,32.8
7330,21367,5018,3.0,0.0,34.8
7331,21377,32588,1.333,0.333,5.8
7332,21385,21386,2.0,0.0,9.0
7333,21387,8850,2.0,0.0,8.4
7334,21403,1554,2.0,0.0,4.7
7335,21415,21416,2.0,0.0,10.1
7336,21417,1572,3.0,0.0,16.4
7337,21421,1568,3.0,0.0,13.3
7338,21451,19976,2.333,16.232,14.2
7339,21453,21454,4.722,120.33,8.2
7340,21455,29930,3.737,0.982,31.7
7341,21455,32712,3.0,0.0,14.0
7342,21459,21462,1.13,0.119,13.5
7343,21463,21464,1.429,0.257,16.7
7344,21465,32164,1.15,0.134,13.0
7345,21473,21474,3.833,8.029,31.1
7346,21475,33406,1.5,0.265,9.8
7347,21479,26344,10.571,128.952,18.8
7348,21481,21482,2.0,0.0,8.6
7349,21487,28224,2.0,0.0,8.3
7350,21505,20438,1.286,0.214,10.6
7351,21511,24186,2.0,0.0,9.4
7352,21511,21374,1.833,0.167,23.7
7353,21513,1654,2.0,0.0,4.7
7354,21541,21542,3.0,0.0,19.4
7355,21543,35466,2.0,0.0,14.8
7356,21549,32840,1.5,0.5,7.5
7357,21553,21554,1.042,0.042,9.0
7358,21555,39472,1.24,0.69,7.0
7359,21561,31296,1.045,0.045,12.1
7360,21575,11570,3.0,0.0,14.8
7361,21577,21578,1.8,0.7,10.8
7362,21591,1804,2.0,0.0,9.0
7363,21633,21634,3.0,0.0,14.5
7364,21635,21636,3.0,0.0,14.4
7365,21639,40802,4.0,0.0,18.3
7366,21649,21650,2.0,0.0,5.4
7367,21651,21652,3.0,0.0,13.9
7368,21653,21632,3.0,0.0,14.1
7369,21657,21590,2.0,0.0,9.0
7370,21713,21714,2.0,0.0,16.0
7371,21715,25814,3.0,0.0,13.8
7372,21729,21730,2.0,0.0,14.7
7373,21785,1918,2.0,0.0,21.3
7374,21817,21818,1.5,0.5,14.1
7375,21829,1950,2.0,0.0,4.7
7376,21833,38896,1.949,11.997,15.3
7377,21857,21858,3.0,0.0,13.8
7378,21859,21862,3.0,0.0,14.4
7379,21863,21864,3.0,0.0,14.4
7380,21865,21866,3.0,0.0,14.4
7381,21867,21868,3.0,0.0,14.4
7382,21869,19492,2.5,0.5,14.9
7383,21873,19472,2.0,0.0,9.0
7384,21907,9384,4.0,0.0,25.2
7385,21911,21912,3.0,0.0,18.9
7386,21913,21914,2.0,0.0,14.4
7387,21915,21916,1.667,0.333,14.6
7388,21917,34078,1.25,0.25,10.0
7389,21919,31672,2.0,0.0,8.1
7390,21939,21918,1.5,0.5,7.9
7391,21951,22038,7.0,0.0,3.0
7392,21953,21954,2.333,0.333,5.0
7393,21955,21956,3.0,0.0,5.1
7394,21957,19670,5.0,0.0,11.1
7395,21957,92,6.0,0.0,14.2
7396,21957,2064,3.0,0.0,4.7
7397,21961,22116,1.8,0.2,11.3
7398,21961,2130,2.0,0.0,13.9
7399,21967,33590,2.0,0.0,13.8
7400,21977,21978,2.333,0.333,19.4
7401,21987,21988,1.2,0.2,4.8
7402,21989,33500,2.0,0.0,7.2
7403,21995,21996,1.529,0.265,21.9
7404,21995,23754,3.0,0.0,1.9
7405,21999,36196,3.333,0.333,19.3
7406,22001,10166,1.5,0.269,14.8
7407,22009,33418,8.0,0.0,15.3
7408,22013,22020,3.333,0.333,24.6
7409,22019,44,1.667,0.333,9.4
7410,22021,22018,1.333,0.333,9.5
7411,22031,22032,2.0,0.0,4.8
7412,22033,22034,3.0,0.0,6.2
7413,22035,22122,6.0,0.0,12.3
7414,22045,21968,1.333,0.333,12.1
7415,22057,22058,1.75,0.214,13.4
7416,22059,40090,2.0,0.0,7.7
7417,22059,22060,1.857,0.143,12.2
7418,22061,21958,1.429,0.286,8.1
7419,22085,22086,2.0,0.0,14.2
7420,22107,21950,4.0,0.0,13.1
7421,22119,21984,1.667,0.333,8.1
7422,22119,17316,3.5,0.5,17.7
7423,22129,33426,1.538,0.269,12.3
7424,22131,22116,2.0,0.0,15.5
7425,22133,22134,2.0,0.0,13.0
7426,22135,22130,1.5,0.5,9.4
7427,22143,14398,3.0,0.0,12.0
7428,22149,22150,1.182,0.156,16.7
7429,22151,35950,2.375,0.268,34.8
7430,22151,37026,2.467,0.41,34.5
7431,22181,16624,3.0,0.0,18.1
7432,22181,23554,1.5,0.5,25.3
7433,22183,25536,2.0,0.0,16.4
7434,22183,22196,1.333,0.267,19.2
7435,22185,22186,1.167,0.167,14.7
7436,22191,34726,4.0,0.0,40.3
7437,22191,22192,4.0,0.5,52.0
7438,22195,22198,3.2,0.7,33.4
7439,22197,22204,4.833,0.167,62.4
7440,22199,25520,2.0,0.0,12.6
7441,22201,34278,2.0,0.0,13.2
7442,22201,22202,1.333,0.333,15.4
7443,22203,17206,2.0,0.0,12.7
7444,22203,39198,1.5,0.5,14.2
7445,22205,22206,1.167,0.167,13.3
7446,22207,22208,2.0,0.4,32.0
7447,22221,35912,2.75,0.25,20.4
7448,22225,22226,1.08,0.077,8.6
7449,22227,22228,2.056,0.454,21.8
7450,22229,22230,1.118,0.107,14.3
7451,22231,27754,1.222,0.292,13.8
7452,22233,20104,3.0,0.0,16.7
7453,22235,23596,1.5,0.333,7.3
7454,22235,22236,1.25,0.25,14.1
7455,22249,2492,2.0,0.0,13.3
7456,22257,22258,1.667,0.333,23.4
7457,22307,22308,4.0,0.0,14.7
7458,22311,2268,2.0,0.0,4.7
7459,22317,22318,2.0,0.0,14.3
7460,22317,2274,2.0,0.0,4.7
7461,22339,19970,5.0,0.0,29.7
7462,22351,22338,2.0,0.0,15.1
7463,22367,26960,1.412,0.257,30.4
7464,22369,24710,3.059,0.309,48.8
7465,22427,12192,1.5,0.5,16.4
7466,22431,20450,2.056,0.173,26.1
7467,22443,22444,1.056,0.056,15.8
7468,22445,2396,2.125,0.65,9.4
7469,22459,21014,2.0,0.0,16.9
7470,22507,41896,2.0,0.0,9.4
7471,22521,2462,2.0,0.0,14.2
7472,22533,22534,1.125,0.125,13.5
7473,22535,22536,2.375,0.268,30.0
7474,22537,11274,1.333,0.333,6.9
7475,22537,21896,2.333,0.333,15.7
7476,22537,29830,5.0,32.0,6.0
7477,22541,10224,2.0,0.0,9.1
7478,22543,22544,3.0,0.0,13.9
7479,22545,22546,3.0,0.0,17.0
7480,22547,26734,2.0,0.0,14.5
7481,22553,41250,3.0,0.0,15.4
7482,22557,22558,2.0,0.0,14.7
7483,22559,29336,2.0,0.0,14.3
7484,22561,22562,7.227,75.517,14.4
7485,22563,29766,5.636,0.719,62.6
7486,22567,22568,2.0,0.0,15.6
7487,22569,22570,3.0,0.0,23.1
7488,22575,27830,2.5,0.5,18.9
7489,22577,30746,2.0,0.0,27.8
7490,22577,30738,2.154,0.141,27.2
7491,22579,22580,1.067,0.067,9.1
7492,22581,35974,3.0,2.0,25.6
7493,22581,37848,4.462,2.103,29.9
7494,22585,38894,1.515,0.383,17.2
7495,22607,11144,3.0,0.0,15.9
7496,22611,22612,2.0,0.0,13.1
7497,22611,2532,2.0,0.0,4.7
7498,22613,2534,2.0,0.0,4.7
7499,22637,22638,2.476,0.262,29.6
7500,22639,37846,6.952,160.848,13.0
7501,22691,2618,4.0,0.0,17.3
7502,22701,2762,3.0,0.0,13.7
7503,22709,41904,2.0,0.0,8.5
7504,22719,22720,1.5,0.333,11.3
7505,22741,22742,1.5,0.5,5.6
7506,22743,2656,1.5,0.5,4.7
7507,22763,22764,2.0,0.333,14.8
7508,22765,22766,1.857,0.143,13.4
7509,22767,22768,1.286,0.238,9.7
7510,22769,22770,1.143,0.143,8.8
7511,22771,36084,2.0,0.0,15.2
7512,22777,22778,2.0,0.0,14.4
7513,22779,2676,2.0,0.0,11.5
7514,22781,38472,1.5,0.5,18.0
7515,22787,37540,3.0,0.0,24.3
7516,22815,22816,2.0,0.0,8.6
7517,22817,37132,2.0,0.0,10.4
7518,22823,15430,2.0,0.0,9.1
7519,22823,22824,9.0,0.0,52.5
7520,22863,22864,3.0,0.0,14.7
7521,22865,2618,2.0,0.0,9.0
7522,22895,2796,3.0,0.0,13.4
7523,22923,22924,1.176,0.154,13.8
7524,22925,23076,3.2,0.844,23.6
7525,22925,28646,3.571,0.286,20.7
7526,22929,31794,1.125,0.114,14.0
7527,22933,22934,1.4,0.253,16.8
7528,22937,2858,1.929,0.225,16.6
7529,22951,14910,1.2,0.178,12.3
7530,22957,30194,1.056,0.056,10.7
7531,22961,38852,1.385,0.256,20.1
7532,22963,35430,1.2,0.2,9.8
7533,22967,35740,1.714,0.571,11.3
7534,22979,22980,2.222,0.194,32.1
7535,22987,25240,3.375,1.696,21.0
7536,23037,28952,1.4,0.3,8.5
7537,23037,26198,1.676,0.225,21.5
7538,23041,23042,1.375,1.125,7.4
7539,23053,23054,1.5,0.333,13.2
7540,23057,20258,2.0,0.0,16.8
7541,23057,19686,5.0,0.0,23.7
7542,23063,39276,3.0,0.0,23.4
7543,23065,25380,1.5,0.5,14.3
7544,23077,39774,2.25,0.214,27.7
7545,23077,36878,3.0,0.0,23.6
7546,23093,23094,2.0,0.0,16.1
7547,23115,2974,2.0,0.0,4.7
7548,23121,23122,2.0,0.0,9.0
7549,23123,12082,3.0,0.0,8.2
7550,23139,8100,2.0,0.0,9.7
7551,23189,23190,3.0,0.0,14.3
7552,23191,23192,3.0,0.0,14.2
7553,23193,23194,3.0,0.0,14.5
7554,23195,23196,3.0,0.0,14.4
7555,23197,23198,4.0,0.0,17.1
7556,23291,3130,2.0,0.0,9.0
7557,23291,23292,3.5,0.5,14.4
7558,23293,23294,3.0,0.0,14.4
7559,23295,23296,3.0,0.0,14.5
7560,23297,3048,4.0,0.0,15.1
7561,23385,23662,2.0,0.0,8.7
7562,23389,23664,1.5,0.5,7.8
7563,23389,3234,2.0,0.0,4.7
7564,23397,3244,2.0,0.0,12.7
7565,23407,2978,3.0,0.0,14.1
7566,23459,23460,2.0,0.0,13.4
7567,23513,6140,2.0,0.0,13.8
7568,23515,6070,1.2,0.2,6.7
7569,23515,32024,3.184,1.181,32.7
7570,23515,19746,17.0,2.667,16.6
7571,23527,23528,1.5,0.286,19.8
7572,23531,31476,1.667,0.333,8.4
7573,23531,37194,1.25,0.25,14.3
7574,23543,23544,4.0,0.0,16.1
7575,23545,15190,4.0,0.0,16.5
7576,23547,23548,3.0,0.0,14.4
7577,23551,23552,3.0,0.0,14.8
7578,23555,3396,2.0,0.0,9.3
7579,23589,5150,1.2,0.2,8.9
7580,23597,23598,1.25,0.25,10.5
7581,23599,34638,2.0,0.0,12.2
7582,23607,23608,2.333,0.333,12.4
7583,23609,23610,1.333,0.333,10.1
7584,23611,22782,2.0,0.0,10.8
7585,23611,23612,2.0,0.0,14.8
7586,23613,23614,2.0,0.0,10.6
7587,23615,23616,1.5,0.5,6.8
7588,23617,8028,2.0,0.0,15.6
7589,23651,12510,7.0,0.0,14.2
7590,23659,23290,3.0,0.0,14.3
7591,23663,23664,2.0,0.0,9.4
7592,23665,16378,2.0,0.0,10.4
7593,23665,14470,5.0,0.0,29.4
7594,23671,23388,2.0,0.0,9.2
7595,23685,34596,1.4,0.3,8.2
7596,23711,23384,2.0,0.0,7.9
7597,23723,23684,1.25,0.25,8.1
7598,23737,37704,1.2,0.171,18.8
7599,23737,31546,2.0,0.0,9.1
7600,23739,31784,3.0,0.0,26.6
7601,23777,9240,2.0,0.0,12.0
7602,23785,3568,2.0,0.0,4.7
7603,23799,40222,2.167,0.333,11.9
7604,23799,40220,5.5,6.0,34.3
7605,23811,19140,2.0,0.0,10.3
7606,23813,3592,3.0,0.0,14.0
7607,23815,23816,2.0,0.0,7.5
7608,23817,3588,2.0,0.0,13.2
7609,23833,3346,2.0,0.0,10.3
7610,23833,23504,2.0,0.0,12.6
7611,23837,3610,2.0,0.0,4.7
7612,23853,11742,4.333,0.333,12.6
7613,23857,23858,3.0,0.0,14.1
7614,23859,3632,3.0,0.0,14.2
7615,23863,3628,2.0,0.0,10.8
7616,23875,3638,3.0,0.0,14.2
7617,23887,3656,2.0,0.0,9.0
7618,23889,3654,3.5,0.5,14.1
7619,23909,160,2.0,0.0,12.1
7620,23919,22690,2.5,0.5,14.0
7621,23921,3688,2.0,0.0,4.7
7622,23927,23908,2.0,0.0,8.5
7623,23931,3714,2.0,0.0,14.7
7624,23951,23952,3.0,0.0,14.4
7625,23953,28810,2.0,0.0,14.3
7626,23955,8328,2.5,0.5,33.2
7627,23955,23956,2.0,0.0,19.5
7628,23971,3740,2.0,0.0,4.7
7629,23977,3746,2.0,0.0,4.7
7630,23995,39280,2.0,0.0,12.1
7631,24017,3786,2.0,0.0,4.7
7632,24023,24016,2.0,0.0,9.0
7633,24023,29206,3.0,0.0,13.0
7634,24033,3802,2.0,0.0,4.7
7635,24091,20200,3.0,0.0,14.9
7636,24093,17656,3.0,0.0,14.5
7637,24145,9584,2.0,0.0,17.8
7638,24167,12384,2.0,0.0,12.3
7639,24177,40466,3.0,0.0,14.7
7640,24179,24176,2.0,0.0,8.9
7641,24183,3932,3.0,0.0,14.2
7642,24187,25004,2.0,0.0,10.5
7643,24221,24222,2.0,0.0,10.9
7644,24227,24228,2.0,0.0,15.4
7645,24235,24236,2.0,0.0,10.7
7646,24235,39490,2.0,0.0,9.9
7647,24239,24240,2.0,0.0,14.8
7648,24241,24242,2.0,0.0,11.4
7649,24243,25890,4.0,0.0,28.1
7650,24291,12770,2.0,0.0,17.4
7651,24341,24342,1.111,0.111,5.4
7652,24343,24344,1.889,0.458,22.8
7653,24345,24346,1.167,0.147,13.6
7654,24349,5000,2.0,0.0,11.0
7655,24349,25350,4.211,1.62,38.3
7656,24349,25322,34.0,0.0,25.8
7657,24387,4490,2.0,0.0,11.2
7658,24387,39292,3.5,0.5,24.8
7659,24395,24396,3.5,4.5,8.4
7660,24397,32126,3.0,0.0,7.9
7661,24399,30592,2.25,0.25,24.3
7662,24403,24404,5.0,0.0,12.0
7663,24405,38908,3.0,0.0,9.5
7664,24407,29210,2.5,0.5,22.8
7665,24407,25308,1.444,0.278,21.3
7666,24409,24410,2.0,0.0,14.7
7667,24411,24412,1.333,0.333,10.4
7668,24413,31436,2.0,0.0,12.1
7669,24413,24414,2.0,2.0,15.2
7670,24415,24416,4.0,0.0,30.1
7671,24417,24418,1.5,0.5,14.5
7672,24419,14292,3.0,0.0,14.5
7673,24419,25828,3.0,0.0,20.3
7674,24421,24436,1.5,0.278,20.0
7675,24429,24430,1.25,0.25,12.9
7676,24439,24440,1.111,0.111,9.4
7677,24443,24444,1.125,0.125,13.3
7678,24449,24422,1.143,0.143,13.1
7679,24461,24462,1.5,0.3,16.8
7680,24465,24466,1.333,0.267,14.1
7681,24483,24484,3.0,0.0,5.0
7682,24485,24486,2.0,0.0,4.1
7683,24497,24504,2.0,0.0,10.4
7684,24499,4416,3.0,0.0,14.4
7685,24503,31426,3.0,0.0,14.3
7686,24505,25308,3.0,0.0,22.4
7687,24513,35558,2.0,0.0,20.5
7688,24519,24522,2.0,0.0,14.6
7689,24523,24524,2.0,0.0,15.2
7690,24525,35800,2.0,0.0,7.5
7691,24531,12568,2.0,0.0,9.1
7692,24531,26446,2.0,0.0,14.7
7693,24647,24648,2.0,0.0,14.4
7694,24649,24650,2.0,0.0,14.4
7695,24651,16388,3.0,0.0,23.0
7696,24661,24662,2.0,0.0,14.1
7697,24663,24646,2.0,0.0,14.1
7698,24673,16656,2.0,0.0,11.2
7699,24679,24682,2.0,0.0,7.8
7700,24685,4376,2.0,0.0,5.2
7701,24701,4400,3.0,0.0,14.6
7702,24753,1110,2.0,0.0,9.3
7703,24793,6570,4.0,0.0,23.8
7704,24801,39292,2.6,2.267,23.9
7705,24817,33898,2.0,0.0,18.2
7706,24821,4518,4.0,0.0,14.0
7707,24833,4528,3.0,0.0,14.4
7708,24861,5610,2.5,0.5,11.6
7709,24861,38240,6.0,0.0,33.0
7710,24945,41948,1.333,0.25,9.2
7711,24947,24948,2.0,0.0,13.5
7712,24949,24950,3.0,0.0,14.4
7713,24965,35764,2.333,0.333,18.4
7714,24997,4646,2.0,0.0,9.2
7715,25005,25006,3.0,0.0,14.4
7716,25007,25008,4.0,0.0,14.4
7717,25009,25010,3.5,0.5,14.4
7718,25011,24986,3.0,0.0,14.3
7719,25011,4682,2.0,0.0,4.7
7720,25057,16510,2.0,0.0,14.8
7721,25103,4792,3.0,0.0,14.2
7722,25111,25112,3.0,0.0,14.4
7723,25113,25114,3.0,0.0,14.5
7724,25115,25116,3.0,0.0,14.5
7725,25117,4848,2.0,0.0,9.5
7726,25181,9982,5.0,0.0,30.3
7727,25197,25198,2.0,0.0,6.0
7728,25199,25200,4.0,0.0,17.1
7729,25201,25202,3.0,0.0,14.2
7730,25213,19560,2.647,2.753,21.7
7731,25219,25238,9.0,0.0,26.9
7732,25241,35746,1.25,0.5,11.5
7733,25243,19290,2.0,0.0,9.0
7734,25243,25244,3.0,0.0,12.3
7735,25245,15010,2.0,0.0,6.2
7736,25257,33202,2.0,0.4,23.9
7737,25259,25260,1.107,0.173,14.2
7738,25291,25270,2.0,0.0,23.7
7739,25291,25318,1.333,0.267,5.8
7740,25317,12142,1.524,0.262,21.1
7741,25319,25320,2.111,0.111,28.0
7742,25321,20440,3.75,0.75,35.2
7743,25325,25326,1.045,0.045,13.3
7744,25327,25254,1.227,0.184,15.3
7745,25329,25330,1.3,0.221,13.9
7746,25331,25332,1.045,0.045,12.7
7747,25335,25336,1.636,0.242,17.0
7748,25339,25340,1.5,0.269,6.8
7749,25341,25324,1.1,0.095,9.4
7750,25343,35382,1.333,0.333,11.0
7751,25345,23062,1.5,0.5,9.0
7752,25349,31300,1.333,0.333,11.5
7753,25351,25352,1.406,0.314,14.2
7754,25353,25354,1.065,0.062,11.8
7755,25355,25356,1.344,0.233,14.0
7756,25357,25358,1.29,0.213,13.5
7757,25359,25942,4.0,0.286,50.1
7758,25359,31066,4.391,0.704,50.8
7759,25365,25366,1.375,0.25,19.5
7760,25367,25392,2.0,0.0,9.6
7761,25367,38998,4.714,6.681,39.4
7762,25369,41938,1.067,0.067,7.0
7763,25379,25362,1.875,0.65,21.7
7764,25383,25344,1.5,0.5,10.3
7765,25389,25390,1.9,8.1,8.3
7766,25391,25322,4.75,0.932,45.0
7767,25391,25360,5.0,0.0,23.4
7768,25393,6582,2.0,0.0,17.0
7769,25393,39002,3.5,1.1,36.6
7770,25401,25402,1.05,0.05,15.6
7771,25403,25404,1.043,0.043,12.0
7772,25407,39264,2.0,0.0,19.1
7773,25409,25410,1.5,0.3,14.3
7774,25411,25412,2.0,0.0,7.2
7775,25411,25392,6.667,4.333,36.6
7776,25411,38998,5.0,0.0,38.3
7777,25417,25418,1.364,0.242,18.3
7778,25421,27736,1.824,0.15,20.9
7779,25423,5856,2.0,0.0,10.6
7780,25425,25972,2.0,0.0,13.4
7781,25431,39254,1.5,0.5,9.1
7782,25431,17234,2.143,0.143,14.1
7783,25433,25434,1.25,0.25,14.5
7784,25435,25436,1.5,0.333,14.5
7785,25439,25440,2.75,0.25,35.6
7786,25443,25444,2.0,0.0,23.6
7787,25445,25446,1.333,0.333,5.0
7788,25447,25430,1.667,0.333,6.4
7789,25449,32304,1.711,0.482,17.0
7790,25451,25452,15.071,1646.841,14.6
7791,25451,41890,4.059,122.809,14.8
7792,25453,40442,2.75,0.25,13.3
7793,25453,40440,4.778,0.444,43.5
7794,25457,25464,3.0,0.0,24.0
7795,25459,25460,2.0,0.0,12.5
7796,25463,35630,3.0,0.0,14.5
7797,25465,25466,2.0,0.0,13.6
7798,25469,25470,2.0,0.0,16.2
7799,25471,25472,2.0,0.0,12.9
7800,25475,25476,2.0,0.0,15.8
7801,25477,25458,2.0,0.0,14.4
7802,25487,25488,2.0,0.0,9.6
7803,25489,32754,4.0,0.0,40.9
7804,25521,34170,2.0,0.0,14.4
7805,25545,16814,1.75,0.25,7.4
7806,25553,25554,1.056,0.056,12.0
7807,25557,32930,1.059,0.059,13.4
7808,25561,38948,7.385,156.59,15.9
7809,25569,25904,2.0,0.0,22.7
7810,25569,19814,1.444,1.028,8.4
7811,25577,25578,1.5,0.5,14.0
7812,25581,25582,1.5,0.5,14.0
7813,25585,16688,2.5,0.5,20.5
7814,25587,25588,1.231,0.192,15.8
7815,25591,25592,1.462,0.269,15.2
7816,25593,25560,2.7,28.9,8.4
7817,25605,11932,2.0,0.0,8.8
7818,25605,25606,1.167,0.167,17.0
7819,25607,8606,2.0,0.0,9.4
7820,25609,12204,3.0,0.0,13.8
7821,25609,23102,2.0,0.0,29.7
7822,25621,25622,2.0,0.0,21.4
7823,25625,25626,1.667,0.333,20.6
7824,25627,25628,1.5,0.5,14.5
7825,25633,25634,1.7,0.221,18.4
7826,25635,12942,2.333,0.333,15.3
7827,25635,27764,1.353,0.368,14.5
7828,25639,25640,4.0,0.0,28.1
7829,25641,10080,2.0,0.0,6.4
7830,25655,25656,2.0,0.0,10.5
7831,25661,5264,2.0,0.0,14.4
7832,25673,25674,2.0,0.0,14.6
7833,25677,25678,2.5,0.5,17.1
7834,25679,25680,1.6,0.3,10.4
7835,25681,25682,1.4,0.3,10.6
7836,25683,5242,1.6,0.3,10.0
7837,25695,25696,2.0,0.0,14.3
7838,25697,25698,2.0,0.0,14.4
7839,25701,25702,2.0,0.0,14.2
7840,25705,27708,2.0,0.0,12.1
7841,25769,25770,1.5,0.5,18.7
7842,25793,34950,1.167,0.167,13.2
7843,25815,21784,2.0,0.0,12.2
7844,25817,38918,1.059,0.057,12.8
7845,25819,25820,8.438,171.596,8.7
7846,25821,23954,1.667,0.333,10.2
7847,25821,25822,3.684,1.673,32.7
7848,25825,25826,2.529,11.64,11.9
7849,25827,25792,3.0,0.0,14.5
7850,25827,25858,3.727,2.779,34.5
7851,25831,25832,1.5,0.5,9.8
7852,25833,25834,1.5,0.5,9.0
7853,25835,25836,1.5,0.5,10.1
7854,25837,25838,1.5,0.5,14.7
7855,25839,25840,1.333,0.333,11.2
7856,25841,25842,1.333,0.333,10.4
7857,25843,25844,1.333,0.333,10.0
7858,25845,24420,3.0,0.0,12.3
7859,25845,28762,3.0,0.0,22.7
7860,25845,24450,2.0,0.0,16.4
7861,25847,25848,1.042,0.042,12.8
7862,25849,25850,2.091,0.658,20.5
7863,25855,20664,1.045,0.045,13.0
7864,25857,19678,1.345,0.234,16.6
7865,25861,19686,1.966,0.892,19.6
7866,25861,2916,4.0,12.0,13.9
7867,25863,25864,1.05,0.05,13.6
7868,25865,25866,1.105,0.099,13.2
7869,25865,29774,2.0,0.0,8.7
7870,25877,25878,1.05,0.05,13.5
7871,25881,25882,1.647,1.118,13.4
7872,25883,25552,1.353,0.243,16.3
7873,25885,29344,2.0,0.0,14.3
7874,25885,25886,2.5,0.263,31.7
7875,25889,25890,2.35,0.871,25.3
7876,25891,25876,1.65,0.239,20.4
7877,25891,31556,3.0,0.0,15.3
7878,25897,25898,1.333,0.299,10.3
7879,25899,25900,1.143,0.127,11.5
7880,25903,1690,1.107,0.099,12.6
7881,25909,25910,2.0,0.0,28.1
7882,25933,25934,1.308,0.231,22.5
7883,25943,40216,2.333,0.333,9.0
7884,25943,35532,4.5,0.5,36.5
7885,25943,12016,5.333,2.333,39.3
7886,25975,26264,2.0,0.0,14.8
7887,25981,25982,2.0,0.0,14.4
7888,25983,5206,1.333,0.333,9.0
7889,25985,25986,1.8,0.2,14.1
7890,25987,39212,1.667,0.333,9.1
7891,25987,17210,2.5,0.5,14.2
7892,26073,38240,2.176,0.279,32.9
7893,26083,39160,1.2,0.2,9.5
7894,26109,26110,2.0,0.0,10.4
7895,26113,26114,4.0,0.0,31.1
7896,26115,32804,2.0,0.0,6.5
7897,26135,5672,2.0,0.0,4.7
7898,26187,5716,2.0,0.0,4.7
7899,26195,35958,3.0,0.0,13.6
7900,26197,35274,3.0,0.667,19.9
7901,26201,35274,1.75,0.214,22.4
7902,26203,36876,2.0,0.0,24.5
7903,26205,26206,2.0,0.0,14.5
7904,26207,26218,2.0,0.0,14.4
7905,26219,26220,2.0,0.0,10.4
7906,26221,26222,2.0,0.0,9.0
7907,26223,26224,2.0,0.0,13.2
7908,26225,26226,2.0,0.0,10.4
7909,26227,26228,2.0,0.0,14.4
7910,26231,26966,2.0,0.0,3.5
7911,26249,26250,2.0,0.0,14.6
7912,26275,26276,3.0,0.0,18.9
7913,26277,26278,2.0,0.0,15.1
7914,26321,26312,2.0,0.0,17.3
7915,26327,38012,2.0,0.0,17.4
7916,26343,5872,3.8,0.2,37.7
7917,26345,24512,6.0,0.0,45.6
7918,26345,5870,1.167,0.167,7.2
7919,26369,26370,1.8,0.2,22.3
7920,26371,26372,1.5,0.7,14.2
7921,26373,26374,1.667,1.467,19.5
7922,26375,26376,1.286,0.238,13.4
7923,26377,26378,1.429,0.619,13.4
7924,26379,26380,2.375,1.411,19.6
7925,26381,39252,2.0,0.0,18.6
7926,26381,17232,10.2,286.7,6.2
7927,26399,26400,2.0,0.0,14.5
7928,26401,26374,2.0,0.0,19.2
7929,26417,26418,1.333,0.333,10.4
7930,26423,39850,1.5,0.5,8.0
7931,26423,26424,2.0,0.0,10.6
7932,26425,26426,2.0,0.0,16.2
7933,26427,26428,2.0,0.0,13.9
7934,26443,1666,2.0,0.0,13.1
7935,26447,26448,3.0,0.0,20.7
7936,26455,26456,2.0,0.0,14.4
7937,26501,6060,2.0,0.0,14.2
7938,26505,6054,3.0,0.0,14.2
7939,26541,3354,3.6,0.3,18.0
7940,26545,26546,1.056,0.054,13.9
7941,26549,30816,1.1,0.162,9.3
7942,26555,26552,3.0,0.0,9.0
7943,26583,6026,5.0,0.0,21.7
7944,26589,25444,2.6,0.8,20.4
7945,26633,6152,2.0,0.0,4.7
7946,26637,26638,1.5,0.5,14.6
7947,26669,22822,2.5,0.5,12.2
7948,26679,26680,1.158,0.14,13.1
7949,26681,20462,1.75,0.197,20.6
7950,26685,26686,2.0,0.0,8.2
7951,26687,17874,3.0,0.0,19.6
7952,26687,33322,2.0,0.0,13.8
7953,26689,10896,3.0,0.0,13.7
7954,26699,26700,3.0,0.0,13.9
7955,26701,6202,2.0,0.0,4.7
7956,26735,26736,3.0,0.0,14.6
7957,26737,4552,2.0,0.0,12.0
7958,26765,12134,2.0,0.0,7.6
7959,26777,26778,2.0,0.0,7.2
7960,26785,7966,3.0,0.0,12.2
7961,26801,6294,2.0,0.0,4.7
7962,26837,6324,2.0,0.0,4.7
7963,26889,6284,2.5,0.5,9.1
7964,26933,26936,2.5,0.5,14.7
7965,26937,26938,2.5,0.5,14.6
7966,26939,26940,2.0,0.0,14.6
7967,26967,6452,2.0,0.0,4.7
7968,26991,26992,2.0,0.0,16.6
7969,26995,26996,2.0,0.0,27.4
7970,27001,27020,2.0,0.0,10.1
7971,27013,27014,2.0,0.0,14.2
7972,27015,27026,2.0,0.0,14.6
7973,27029,21818,2.0,0.0,14.7
7974,27043,27044,2.0,0.0,10.8
7975,27045,27046,2.0,0.0,12.9
7976,27047,27670,3.0,0.0,16.2
7977,27095,21364,5.333,0.333,31.7
7978,27105,27110,2.0,0.0,9.0
7979,27117,27118,2.0,0.0,11.4
7980,27119,27110,1.5,0.5,12.8
7981,27149,27150,2.0,0.0,14.5
7982,27151,36992,1.5,0.5,9.1
7983,27163,27164,2.0,0.0,14.8
7984,27165,27166,2.0,0.0,14.4
7985,27167,27168,2.0,0.0,10.4
7986,27169,27170,2.0,0.0,14.7
7987,27203,27206,1.077,0.077,9.0
7988,27203,27204,2.0,0.0,14.4
7989,27205,32730,1.222,0.194,13.6
7990,27213,27214,3.0,0.0,14.4
7991,27215,34462,2.0,0.0,11.0
7992,27305,27306,2.333,0.267,15.6
7993,27307,27308,2.0,0.0,14.8
7994,27309,7270,1.25,0.25,11.1
7995,27311,27312,2.0,0.0,14.5
7996,27379,17134,2.6,0.489,27.5
7997,27389,27390,1.75,0.917,10.6
7998,27391,19900,5.0,0.667,51.2
7999,27425,27426,4.0,0.0,13.3
8000,27427,27430,3.0,0.0,14.8
8001,27433,27434,3.0,0.0,15.2
8002,27435,27436,3.0,0.0,14.4
8003,27437,16282,3.0,0.0,14.6
8004,27527,27528,3.0,0.0,14.6
8005,27529,15752,2.0,0.0,22.2
8006,27565,7038,2.0,0.0,4.7
8007,27589,27590,1.05,0.05,9.2
8008,27591,41936,1.52,0.593,11.1
8009,27593,25322,1.375,0.268,8.4
8010,27593,25360,3.467,0.695,38.5
8011,27593,5000,4.0,2.0,25.0
8012,27623,14218,2.667,0.333,18.3
8013,27625,35820,1.5,0.5,4.2
8014,27651,27652,2.0,0.0,14.2
8015,27711,27712,1.5,0.3,10.6
8016,27713,27714,1.333,0.267,10.4
8017,27715,27716,1.333,0.267,10.5
8018,27717,27718,1.2,0.2,10.6
8019,27719,27720,1.2,0.2,10.3
8020,27721,27722,4.0,0.0,25.8
8021,27721,22716,3.25,0.25,23.0
8022,27723,22724,2.0,0.0,7.9
8023,27737,27738,1.265,0.201,14.9
8024,27739,27740,2.088,0.143,24.8
8025,27741,27742,1.321,0.3,11.1
8026,27741,4636,5.0,0.0,2.0
8027,27743,27744,1.667,0.667,13.6
8028,27747,27748,1.129,0.116,13.8
8029,27753,30824,1.273,1.636,8.7
8030,27755,27756,1.833,13.343,14.1
8031,27757,29728,5.0,1.333,33.4
8032,27757,25632,5.059,1.309,56.0
8033,27757,22182,7.0,0.0,45.4
8034,27763,26542,1.513,0.256,21.8
8035,27769,27770,1.118,0.11,14.8
8036,27773,27774,1.294,0.221,18.6
8037,27777,32758,1.438,0.529,15.1
8038,27781,27782,1.143,0.132,14.6
8039,27783,27784,1.357,0.247,14.3
8040,27789,37470,2.5,0.5,25.5
8041,27791,16350,1.5,0.3,5.9
8042,27791,25420,2.387,1.312,20.8
8043,27793,27778,3.214,0.643,34.7
8044,27797,35012,3.0,2.0,15.8
8045,27799,27758,1.5,0.286,22.3
8046,27799,34678,2.75,0.25,19.7
8047,27801,35442,2.333,0.333,13.8
8048,27801,28686,3.769,1.526,36.3
8049,27809,27810,1.952,0.048,21.8
8050,27813,27814,1.091,0.087,14.1
8051,27817,21560,3.182,0.251,38.3
8052,27829,7274,3.0,0.0,8.1
8053,27831,27832,2.0,0.0,14.5
8054,27833,27834,2.0,0.0,14.4
8055,27835,27836,2.0,0.0,14.5
8056,27837,27838,2.0,0.0,14.3
8057,27861,30178,6.0,0.0,25.6
8058,27865,27866,1.5,0.5,10.4
8059,27867,27874,1.667,0.333,14.4
8060,27875,27876,1.333,0.333,10.8
8061,27877,27878,1.667,0.333,10.3
8062,27881,27882,1.5,0.5,15.6
8063,27885,27886,2.0,0.0,14.4
8064,27887,27888,1.5,0.5,10.5
8065,27889,27868,2.0,0.0,15.6
8066,27897,16534,6.0,0.0,21.2
8067,27943,27944,4.0,0.0,49.6
8068,27957,29062,1.6,0.3,12.8
8069,27985,7374,2.0,0.0,14.6
8070,27989,27990,2.0,0.0,14.2
8071,27991,4136,2.0,0.0,15.7
8072,28019,28020,3.0,0.0,25.8
8073,28023,28024,3.0,0.0,22.7
8074,28041,28042,4.5,0.5,32.6
8075,28043,7354,2.0,0.0,9.0
8076,28043,35794,2.0,0.0,14.0
8077,28063,25320,3.0,0.0,19.8
8078,28081,2384,4.0,0.0,24.7
8079,28113,11444,2.0,0.0,8.4
8080,28117,28112,2.0,0.0,9.8
8081,28121,14308,2.0,0.0,9.2
8082,28127,7568,2.0,0.0,4.7
8083,28133,7572,1.5,0.5,4.7
8084,28163,17454,4.0,0.0,18.5
8085,28211,32772,2.125,0.25,28.3
8086,28213,28214,2.0,0.0,18.1
8087,28217,28218,1.75,0.25,13.0
8088,28223,1628,3.0,0.0,23.4
8089,28225,41506,2.0,0.0,11.5
8090,28245,28246,3.0,0.0,13.6
8091,28293,28294,2.0,0.0,9.1
8092,28301,33924,2.0,0.0,17.0
8093,28309,28338,2.0,0.0,14.2
8094,28339,28340,1.333,0.333,10.6
8095,28341,28360,1.5,0.5,14.4
8096,28345,28382,2.0,0.0,8.8
8097,28369,28370,1.5,0.5,10.5
8098,28371,39660,2.0,0.0,11.2
8099,28371,28372,2.0,0.0,14.7
8100,28383,28384,2.0,0.0,5.3
8101,28385,28386,2.0,0.0,6.7
8102,28387,28388,2.0,0.0,5.9
8103,28419,7882,2.0,0.0,9.9
8104,28429,28436,2.0,0.0,13.2
8105,28441,28442,1.5,0.5,10.4
8106,28447,28414,2.0,0.0,19.8
8107,28451,28452,5.0,0.0,11.0
8108,28453,7866,7.0,0.0,15.6
8109,28471,28472,5.5,0.5,11.0
8110,28483,33208,1.067,0.067,13.0
8111,28483,7738,2.0,0.0,2.4
8112,28491,19012,9.0,8.0,14.6
8113,28493,28494,7.667,1.333,14.3
8114,28495,37300,4.2,0.2,23.0
8115,28497,28498,2.0,0.0,14.4
8116,28507,28508,2.0,0.0,16.6
8117,28509,28510,2.0,0.0,13.8
8118,28513,28514,2.0,0.0,10.6
8119,28515,7978,2.0,0.0,13.9
8120,28525,28532,2.5,0.333,21.0
8121,28531,25398,3.312,1.296,28.7
8122,28533,28534,1.833,0.167,9.9
8123,28535,28536,1.667,0.267,13.8
8124,28539,28540,1.875,0.125,22.9
8125,28555,14608,2.0,1.0,4.0
8126,28559,7932,3.0,0.0,22.3
8127,28571,33636,2.0,0.0,23.1
8128,28581,29780,3.0,0.0,25.6
8129,28585,28586,2.75,0.25,5.0
8130,28589,28590,5.5,0.5,11.0
8131,28591,28592,5.0,0.0,9.0
8132,28597,39158,1.385,0.256,10.7
8133,28651,23052,1.167,0.167,13.8
8134,28657,28658,1.667,0.267,22.6
8135,28665,32028,4.0,1.6,32.2
8136,28669,28674,1.5,0.5,7.2
8137,28673,37646,3.5,0.5,20.0
8138,28675,28676,2.333,0.333,13.2
8139,28675,8078,1.5,0.5,4.7
8140,28677,39428,2.0,0.0,9.1
8141,28677,28678,2.0,0.0,14.4
8142,28701,17366,2.0,0.0,13.4
8143,28719,28720,3.0,0.0,14.7
8144,28721,8118,1.5,0.5,4.7
8145,28757,24866,2.0,0.0,11.4
8146,28757,28758,2.333,0.333,28.6
8147,28761,26102,2.0,0.0,13.7
8148,28773,28800,3.0,0.0,14.3
8149,28801,3718,2.0,0.0,10.0
8150,28811,28812,3.0,0.0,13.6
8151,28813,36278,2.0,0.0,9.5
8152,28879,28958,2.0,0.0,15.7
8153,28891,8184,2.0,0.0,10.0
8154,28941,3724,3.5,0.5,34.6
8155,28999,29000,1.5,0.5,10.4
8156,29007,29008,1.333,0.333,11.7
8157,29011,21506,1.333,0.333,6.5
8158,29013,29014,3.0,0.0,14.5
8159,29015,29016,2.0,0.0,7.3
8160,29019,29020,1.5,0.5,5.1
8161,29021,23888,3.0,0.0,9.7
8162,29051,29052,2.0,0.0,10.6
8163,29053,29054,2.5,0.5,15.5
8164,29055,36568,2.0,0.0,11.0
8165,29065,23064,3.625,0.268,26.0
8166,29133,29134,3.0,0.0,31.1
8167,29135,39446,4.5,0.5,39.3
8168,29163,29164,2.0,0.0,14.3
8169,29165,29166,2.0,0.0,14.1
8170,29167,29168,1.5,0.5,10.4
8171,29169,29170,2.0,0.0,15.0
8172,29173,29174,1.5,0.5,10.4
8173,29209,25312,1.5,0.5,8.4
8174,29211,24022,4.0,2.0,18.4
8175,29249,29250,2.0,0.0,15.6
8176,29251,29252,2.0,0.0,16.0
8177,29253,29254,2.0,0.0,16.4
8178,29261,29264,2.0,0.0,10.4
8179,29263,30828,2.0,0.0,4.7
8180,29263,9986,3.25,0.25,16.2
8181,29265,29266,2.0,0.0,13.3
8182,29267,29268,2.5,0.333,19.1
8183,29271,29272,1.5,0.3,10.4
8184,29273,29274,1.5,0.3,10.6
8185,29301,16998,2.0,0.0,14.6
8186,29343,38966,2.0,0.0,14.8
8187,29345,29346,2.0,0.0,14.8
8188,29371,29372,2.0,0.0,10.6
8189,29391,29392,2.0,0.0,14.7
8190,29401,29402,2.0,0.0,14.3
8191,29405,10272,2.5,0.5,14.4
8192,29415,29770,2.0,0.0,28.7
8193,29427,14212,2.0,0.0,19.1
8194,29451,27496,4.0,0.0,15.4
8195,29451,6956,4.0,0.0,17.3
8196,29471,29450,1.5,0.5,9.5
8197,29481,29482,2.0,0.0,14.3
8198,29483,29484,2.0,0.0,9.5
8199,29497,38468,2.0,0.0,14.2
8200,29515,29516,2.0,0.0,12.9
8201,29517,29518,3.0,0.0,16.1
8202,29519,29520,2.0,0.0,10.4
8203,29521,29522,3.0,0.0,14.7
8204,29523,37040,3.0,0.0,19.2
8205,29531,33704,3.0,0.0,12.3
8206,29573,33580,2.0,0.0,14.0
8207,29587,29588,2.0,0.0,15.0
8208,29589,12118,4.0,0.0,15.8
8209,29609,18014,2.0,0.0,15.6
8210,29649,8986,2.0,0.0,14.2
8211,29651,29648,2.0,0.0,14.1
8212,29653,19408,2.0,0.0,16.3
8213,29673,37380,2.0,0.0,9.1
8214,29673,2658,3.0,0.0,13.5
8215,29685,32162,2.0,0.0,9.6
8216,29695,29696,3.0,0.0,14.5
8217,29697,29698,2.0,0.0,9.2
8218,29699,29700,3.0,0.0,15.1
8219,29731,29732,1.083,0.083,14.6
8220,29733,29734,1.769,0.192,22.7
8221,29767,40180,2.864,58.409,8.2
8222,29773,36016,1.5,0.5,13.9
8223,29775,29776,2.0,0.0,13.3
8224,29781,29782,1.235,0.941,8.2
8225,29783,33238,3.444,0.85,31.2
8226,29783,32726,2.667,0.333,11.7
8227,29789,29790,2.0,0.0,13.7
8228,29791,29792,1.5,0.5,9.3
8229,29809,29810,2.0,0.0,16.4
8230,29813,1608,2.5,0.5,18.2
8231,29867,29868,2.0,0.0,14.3
8232,29867,29850,3.0,0.0,14.8
8233,29903,29904,2.0,0.0,10.2
8234,29905,32172,2.0,0.0,12.3
8235,29905,11146,2.0,0.0,18.8
8236,29907,29908,2.0,0.0,10.6
8237,29909,29910,1.5,0.5,10.4
8238,29911,29912,1.667,0.333,14.1
8239,29913,29914,1.25,0.25,10.6
8240,29917,41942,3.0,1.333,13.5
8241,29929,37844,2.0,0.0,17.5
8242,29931,21456,2.318,0.227,28.4
8243,29953,19976,2.0,0.0,10.2
8244,29963,29964,2.0,0.0,14.2
8245,29965,29966,2.0,0.0,14.4
8246,29969,39240,2.0,0.0,12.4
8247,29971,9252,2.0,0.0,4.7
8248,29975,21872,2.0,0.0,9.5
8249,29975,9256,2.0,0.0,4.7
8250,29983,29984,3.5,0.5,13.6
8251,29985,21254,1.5,0.5,8.1
8252,29999,36876,2.03,0.03,21.5
8253,30099,9382,2.0,0.0,4.7
8254,30107,10252,2.0,0.0,14.5
8255,30121,9404,2.0,0.0,4.7
8256,30147,30148,2.0,0.0,14.4
8257,30149,36964,2.0,0.0,9.2
8258,30167,20106,3.0,0.0,15.3
8259,30195,39960,1.062,0.062,7.7
8260,30213,41228,1.333,0.333,10.4
8261,30219,13152,2.0,0.0,12.4
8262,30219,34444,2.0,0.0,14.7
8263,30225,30226,2.0,0.0,10.4
8264,30227,28492,4.0,1.0,15.0
8265,30227,19012,2.0,0.0,4.7
8266,30229,41218,3.0,0.0,17.5
8267,30229,19010,2.0,0.0,4.7
8268,30235,30236,1.5,0.5,11.9
8269,30237,25654,2.0,0.0,11.7
8270,30249,30250,1.5,0.5,10.4
8271,30251,30252,1.333,0.333,10.4
8272,30255,25678,2.0,0.0,16.8
8273,30303,31026,2.0,0.0,9.8
8274,30317,14158,3.0,0.0,19.5
8275,30321,30322,2.0,0.0,14.5
8276,30323,30324,2.0,2.0,15.0
8277,30325,3904,2.5,0.5,10.7
8278,30327,30328,1.5,0.5,14.8
8279,30373,7942,3.5,0.5,23.0
8280,30375,9634,2.0,0.0,4.7
8281,30379,30380,1.333,0.333,10.4
8282,30381,37304,2.0,0.0,7.5
8283,30381,15584,2.5,0.5,12.5
8284,30383,30384,2.5,0.5,16.2
8285,30385,30386,1.333,0.333,11.1
8286,30387,30378,2.0,0.0,14.6
8287,30397,30398,2.0,0.0,10.4
8288,30399,30446,2.0,0.0,14.2
8289,30415,30322,2.0,0.0,14.4
8290,30439,30396,2.0,0.0,9.1
8291,30445,9656,2.0,0.0,14.4
8292,30449,3908,2.0,0.0,9.1
8293,30501,30512,2.0,0.0,9.1
8294,30501,30502,2.0,0.0,14.5
8295,30507,41470,2.0,0.0,9.1
8296,30513,30514,4.0,0.0,14.4
8297,30515,30516,3.0,0.0,14.5
8298,30521,30522,2.0,0.0,11.8
8299,30523,30524,3.0,0.0,14.4
8300,30525,30526,2.0,0.0,14.4
8301,30527,8062,2.0,0.0,12.7
8302,30547,25816,3.0,0.0,12.4
8303,30553,30558,3.0,0.0,14.5
8304,30595,35912,1.875,0.125,25.9
8305,30597,37182,1.636,0.255,13.4
8306,30601,37190,1.167,0.167,10.6
8307,30689,33814,2.316,0.228,36.2
8308,30697,30694,1.5,0.5,8.0
8309,30713,39186,5.333,1.333,40.8
8310,30713,35974,4.0,1.0,29.2
8311,30723,9914,2.72,1.293,27.8
8312,30723,16986,6.75,12.917,10.6
8313,30725,33908,3.133,1.552,29.6
8314,30725,29768,4.0,2.0,32.4
8315,30727,16986,2.0,0.0,14.1
8316,30727,32544,2.625,0.383,26.8
8317,30729,30730,3.05,40.366,10.0
8318,30731,25892,6.588,1.007,54.5
8319,30731,25862,5.6,1.3,55.9
8320,30733,30734,1.5,0.333,13.4
8321,30735,33908,3.75,0.917,29.4
8322,30737,30740,3.083,1.174,25.6
8323,30737,9408,5.0,0.0,35.1
8324,30743,30744,1.2,0.171,14.4
8325,30745,38950,2.0,0.0,9.0
8326,30745,23734,2.357,1.016,21.8
8327,30749,31228,3.714,0.571,41.3
8328,30749,9922,3.5,12.5,4.6
8329,30753,21258,2.818,0.364,34.5
8330,30755,9916,3.5,0.5,18.6
8331,30755,35802,7.667,14.333,37.9
8332,30755,31228,6.0,6.0,11.9
8333,30759,30760,1.071,0.071,14.6
8334,30761,22316,2.0,0.0,5.2
8335,30761,30762,1.385,0.59,14.4
8336,30765,30766,1.167,0.152,12.8
8337,30767,33930,6.273,126.818,8.2
8338,30771,7246,3.75,0.917,26.1
8339,30771,35442,4.0,0.0,38.4
8340,30771,28686,4.0,0.0,33.4
8341,30773,32990,4.214,1.286,46.9
8342,30773,29794,17.667,257.333,3.8
8343,30775,30772,2.4,38.317,13.7
8344,30777,38542,4.167,0.667,44.2
8345,30777,33650,20.0,0.0,11.6
8346,30781,27800,8.545,282.273,7.2
8347,30783,33286,5.167,0.493,52.2
8348,30785,30786,1.044,0.043,9.5
8349,30787,30788,1.157,0.135,9.8
8350,30789,30790,1.14,0.164,9.3
8351,30791,30792,1.234,0.357,9.8
8352,30793,30794,1.481,1.009,13.6
8353,30795,30796,1.556,0.478,16.6
8354,30797,30306,1.25,0.25,6.0
8355,30797,25212,1.233,0.326,9.0
8356,30799,30800,1.143,0.127,13.3
8357,30801,30802,1.091,0.087,9.6
8358,30803,14628,2.5,4.5,2.9
8359,30813,30814,1.417,0.254,19.6
8360,30815,30820,1.167,0.145,13.7
8361,30817,30818,1.286,1.323,8.4
8362,30819,27790,1.636,3.301,10.0
8363,30821,30822,1.077,0.077,4.0
8364,30823,25416,2.5,0.643,26.6
8365,30825,30826,1.042,0.042,9.0
8366,30827,30828,1.769,0.905,16.0
8367,30827,25208,6.0,0.0,7.6
8368,30831,30832,1.339,0.366,13.9
8369,30833,30784,1.444,4.207,8.0
8370,30835,30836,1.152,0.258,9.6
8371,30837,30830,2.929,0.995,22.4
8372,30837,37170,2.0,0.0,13.0
8373,30839,41872,2.0,0.0,6.2
8374,30839,41874,3.462,0.436,31.8
8375,30839,37470,5.125,0.411,50.8
8376,30885,30886,2.0,0.0,14.5
8377,30887,30888,2.0,0.0,14.7
8378,30889,30890,1.5,0.5,9.1
8379,30893,30894,1.5,0.5,10.4
8380,30895,36236,2.0,0.0,15.7
8381,30915,10058,2.0,0.0,14.4
8382,30937,22932,1.9,0.621,21.0
8383,30939,22140,1.667,0.267,22.9
8384,30939,30936,7.15,101.503,23.3
8385,30941,22930,2.091,0.891,21.4
8386,30941,22926,3.545,10.273,13.2
8387,30943,13636,2.0,0.0,5.2
8388,30947,25636,2.263,0.205,28.4
8389,30947,5222,3.667,21.333,8.1
8390,30957,30960,1.571,0.254,18.9
8391,30959,30956,2.24,0.773,21.8
8392,30963,30964,1.1,0.095,9.5
8393,30965,30966,1.174,0.15,14.0
8394,30965,25984,5.6,60.8,3.5
8395,30967,30968,1.957,0.134,23.1
8396,31007,31010,3.0,0.0,14.2
8397,31011,10150,3.0,0.0,14.2
8398,31017,31018,3.0,0.0,14.4
8399,31019,31020,3.0,0.0,14.3
8400,31021,40072,2.0,0.0,11.0
8401,31021,17718,3.333,0.333,19.1
8402,31023,31024,2.0,0.0,14.0
8403,31023,30326,2.333,0.333,14.1
8404,31025,31026,2.0,0.0,16.1
8405,31027,31028,2.5,0.5,21.0
8406,31031,25692,2.0,0.0,15.3
8407,31035,41880,2.0,0.0,6.0
8408,31035,2092,1.909,0.091,15.2
8409,31037,21106,3.0,0.0,14.4
8410,31039,20422,2.3,0.9,26.3
8411,31047,31048,1.125,0.125,12.5
8412,31049,31050,1.111,0.111,14.7
8413,31051,31052,1.111,0.111,13.9
8414,31053,31054,1.444,0.278,16.7
8415,31063,32962,1.5,0.286,14.8
8416,31067,36858,1.435,0.439,13.4
8417,31087,31088,1.053,0.053,16.1
8418,31095,31096,2.0,0.0,9.2
8419,31101,2476,3.0,0.0,15.0
8420,31111,37036,2.714,0.582,31.8
8421,31117,31118,2.0,0.0,17.9
8422,31119,31122,4.0,0.0,34.9
8423,31121,1610,4.0,0.0,15.2
8424,31129,31130,5.0,0.0,37.0
8425,31131,31120,2.0,0.0,9.8
8426,31159,31160,2.0,0.0,13.8
8427,31161,14520,5.0,0.0,23.2
8428,31203,31204,3.0,0.0,25.3
8429,31205,31206,1.5,0.5,13.7
8430,31219,15722,2.0,0.0,6.5
8431,31251,31252,2.0,0.0,10.5
8432,31261,31262,1.5,0.5,10.8
8433,31263,31264,2.5,0.5,14.9
8434,31269,39124,2.0,0.0,17.8
8435,31273,31274,2.0,0.0,12.3
8436,31275,31276,1.5,0.5,8.1
8437,31277,31278,2.0,2.0,10.4
8438,31279,31280,2.5,0.5,13.8
8439,31281,38894,3.0,0.0,14.1
8440,31301,8452,3.0,1.0,24.0
8441,31303,31304,1.5,0.5,8.6
8442,31305,31308,5.0,0.0,12.0
8443,31317,31318,2.0,0.0,10.4
8444,31321,31322,2.0,0.0,10.4
8445,31325,22432,2.0,0.0,15.9
8446,31329,31356,2.0,0.0,7.2
8447,31333,31334,2.0,0.0,5.9
8448,31335,31342,5.0,0.0,14.3
8449,31337,31338,2.5,0.5,11.2
8450,31339,20246,4.0,0.0,19.6
8451,31343,20566,2.0,0.0,7.3
8452,31349,31350,1.5,0.5,5.4
8453,31351,31352,3.5,0.5,14.0
8454,31353,31354,1.333,0.333,7.1
8455,31355,31336,2.0,0.0,9.2
8456,31409,31410,4.0,0.0,15.9
8457,31411,10108,2.0,0.0,12.1
8458,31413,21574,3.0,0.0,14.3
8459,31419,33814,2.059,0.059,37.0
8460,31425,31426,4.0,0.0,16.8
8461,31427,24498,2.5,0.5,14.4
8462,31433,31424,3.0,0.0,10.6
8463,31433,8594,3.0,0.0,14.7
8464,31437,36496,2.0,0.0,8.6
8465,31449,12430,2.0,0.0,10.0
8466,31463,4494,2.0,0.0,16.5
8467,31477,18362,2.0,0.0,8.2
8468,31501,10558,2.0,0.0,9.4
8469,31513,31514,2.0,0.0,10.4
8470,31529,16500,2.222,0.444,21.7
8471,31529,33826,5.333,33.333,16.3
8472,31537,36854,1.424,0.252,15.6
8473,31547,2738,2.0,0.0,15.0
8474,31567,10622,2.0,0.0,4.7
8475,31617,31618,2.0,0.0,14.4
8476,31619,31620,2.0,0.0,14.4
8477,31621,31622,2.0,0.0,14.4
8478,31623,31624,2.0,0.0,14.4
8479,31627,31628,2.0,0.0,14.2
8480,31629,33294,2.0,0.0,14.3
8481,31665,40634,3.0,0.0,15.5
8482,31703,31710,3.0,0.0,14.8
8483,31723,31724,2.0,0.0,13.9
8484,31753,35152,2.0,0.0,13.9
8485,31759,14030,1.769,0.692,19.4
8486,31773,722,3.0,0.0,14.4
8487,31781,31782,1.467,3.267,9.0
8488,31783,25846,3.333,0.824,33.6
8489,31791,31792,2.0,0.0,26.0
8490,31799,31800,2.053,21.053,4.6
8491,31801,28596,1.308,0.231,5.4
8492,31813,31814,1.25,0.25,6.4
8493,31815,10876,2.0,0.0,11.4
8494,31815,31848,2.667,0.333,15.2
8495,31845,31846,3.143,0.143,29.8
8496,31877,31878,1.182,0.164,8.7
8497,31879,35738,1.636,0.255,9.7
8498,31939,31946,5.0,0.0,9.0
8499,31947,41076,6.0,0.0,10.7
8500,31955,10978,2.0,0.0,4.7
8501,31957,17322,2.0,0.0,14.8
8502,31993,33502,4.0,0.0,8.1
8503,32003,32004,1.667,0.333,15.7
8504,32011,32012,1.25,0.25,13.7
8505,32015,41942,2.0,0.667,15.9
8506,32029,33280,1.154,0.141,14.4
8507,32037,32038,2.609,0.522,26.8
8508,32039,32040,1.048,0.048,8.2
8509,32041,32584,2.0,0.0,22.9
8510,32041,41852,4.759,51.475,22.5
8511,32093,32094,2.0,0.0,4.8
8512,32101,32102,2.0,0.0,9.2
8513,32103,29390,2.0,0.0,9.3
8514,32103,32104,2.0,0.0,12.2
8515,32105,32106,4.0,0.0,27.5
8516,32107,32108,2.0,0.0,14.6
8517,32109,32110,3.0,0.0,14.2
8518,32119,32092,7.0,0.0,14.7
8519,32121,32122,3.0,0.0,14.5
8520,32127,19534,3.0,0.0,16.1
8521,32129,33176,3.0,0.0,17.1
8522,32133,41270,2.0,0.0,14.4
8523,32149,41272,2.5,0.5,19.9
8524,32163,32004,2.0,0.0,10.8
8525,32167,32168,1.111,0.105,14.7
8526,32171,32172,1.118,0.11,14.2
8527,32173,22634,1.562,0.262,18.2
8528,32253,41454,4.0,0.0,20.7
8529,32265,32266,1.947,0.164,25.0
8530,32273,32274,1.222,0.183,11.2
8531,32289,18246,2.5,0.5,9.1
8532,32289,40404,3.0,0.0,17.9
8533,32301,23802,2.5,0.333,12.2
8534,32301,40222,2.706,0.699,25.6
8535,32303,35266,3.0,7.2,26.6
8536,32303,25448,2.216,0.396,26.6
8537,32305,35252,2.73,0.98,27.5
8538,32353,32354,1.5,0.5,10.8
8539,32355,32356,1.5,0.5,10.4
8540,32357,40390,2.0,0.0,9.1
8541,32357,32358,2.0,0.0,10.8
8542,32359,32360,2.0,0.0,16.1
8543,32361,40382,2.0,0.0,8.9
8544,32369,32370,2.0,0.0,13.7
8545,32371,32372,3.0,0.0,14.4
8546,32373,32374,3.0,0.0,14.3
8547,32375,11326,2.0,0.0,4.7
8548,32385,35864,4.0,0.0,7.7
8549,32391,32392,2.0,0.0,12.5
8550,32393,32394,2.0,0.0,13.1
8551,32395,32396,1.333,0.333,9.1
8552,32409,11348,2.0,0.0,4.7
8553,32421,25628,2.5,0.5,14.3
8554,32439,32668,3.0,0.0,24.1
8555,32445,32446,3.0,0.0,25.1
8556,32475,38430,2.0,0.0,15.0
8557,32525,34696,3.0,0.0,12.1
8558,32527,32528,1.333,0.333,12.9
8559,32529,37636,1.25,0.25,9.9
8560,32545,28028,2.286,0.22,29.8
8561,32545,35372,2.4,0.257,29.8
8562,32553,6216,2.0,0.0,12.4
8563,32567,32568,1.2,0.484,8.2
8564,32569,32570,1.083,0.08,13.2
8565,32571,32572,1.05,0.05,9.9
8566,32573,37426,2.28,0.627,23.8
8567,32575,2560,1.857,0.476,14.5
8568,32581,39400,1.75,0.968,18.1
8569,32591,31796,4.625,0.554,21.1
8570,32623,3246,1.667,0.333,9.0
8571,32637,32622,2.5,0.5,14.4
8572,32643,30782,1.476,4.762,11.1
8573,32653,32654,4.0,0.0,20.6
8574,32655,32656,2.0,0.0,11.9
8575,32659,32660,2.0,0.0,10.4
8576,32667,5910,2.667,0.333,20.3
8577,32669,27162,3.0,0.0,19.6
8578,32687,37498,13.0,0.0,2.6
8579,32693,32694,1.4,0.267,17.2
8580,32695,32696,1.4,0.267,13.8
8581,32699,25570,1.6,0.267,15.5
8582,32701,32702,1.167,0.152,13.6
8583,32703,32704,1.2,0.178,13.5
8584,32709,36952,2.0,0.0,14.5
8585,32711,32690,2.9,0.1,34.7
8586,32715,32716,1.56,0.34,19.3
8587,32717,30776,4.0,58.8,8.2
8588,32719,25450,11.1,1038.231,14.1
8589,32725,40032,1.143,0.127,10.8
8590,32731,16080,1.75,0.214,13.5
8591,32733,27202,1.231,0.192,14.0
8592,32739,11648,4.0,0.0,20.3
8593,32759,32760,1.938,0.196,25.3
8594,32763,11624,1.5,0.5,10.1
8595,32763,32764,2.214,0.489,20.2
8596,32765,32766,1.071,0.071,14.2
8597,32771,20424,3.75,0.917,29.7
8598,32777,32778,1.062,0.062,14.3
8599,32787,32788,2.0,0.0,14.3
8600,32803,35440,2.0,0.0,23.1
8601,32839,36924,3.0,0.0,15.0
8602,32845,22264,1.4,0.267,26.2
8603,32847,22762,3.714,0.238,36.2
8604,32873,3622,2.0,0.0,7.5
8605,32887,30754,1.125,0.125,16.3
8606,32905,15044,3.0,0.0,12.6
8607,32925,15836,4.0,0.0,19.0
8608,32933,30726,1.154,0.308,8.6
8609,32935,20416,6.0,0.0,34.3
8610,32951,32952,3.0,0.0,14.5
8611,32953,34144,2.0,0.0,9.4
8612,32967,14492,1.636,0.255,13.4
8613,32981,2258,3.0,0.0,14.2
8614,32991,32992,2.636,24.909,8.0
8615,32993,32726,3.286,0.914,31.7
8616,32995,32592,1.125,0.117,12.0
8617,33003,33004,1.375,0.783,7.1
8618,33005,37712,2.333,0.333,12.8
8619,33005,37226,4.316,1.561,39.3
8620,33007,33008,1.053,0.053,13.5
8621,33015,33016,4.533,134.838,8.2
8622,33017,35692,3.357,0.863,27.6
8623,33017,41694,1.5,0.3,8.5
8624,33023,37436,5.0,0.0,29.6
8625,33025,20310,2.0,0.0,28.5
8626,33025,39286,2.111,0.111,28.9
8627,33065,33066,2.0,0.0,20.0
8628,33071,21050,2.0,0.0,7.6
8629,33097,33098,3.0,0.0,14.7
8630,33099,25606,2.0,0.0,14.7
8631,33099,5186,3.0,0.0,13.8
8632,33135,11120,2.0,0.0,13.6
8633,33153,33154,1.25,0.194,25.8
8634,33155,33156,1.037,0.037,18.4
8635,33157,36504,2.464,0.332,45.3
8636,33167,33182,1.133,0.267,9.4
8637,33169,33170,19.125,1572.125,4.1
8638,33171,35434,1.938,0.996,11.4
8639,33173,33178,1.125,0.125,14.2
8640,33177,33168,1.312,0.229,14.3
8641,33183,33184,1.412,0.257,11.2
8642,33185,40216,5.6,0.8,45.9
8643,33185,35532,6.417,1.356,38.1
8644,33187,33188,1.267,0.495,9.5
8645,33189,20836,3.467,0.838,36.2
8646,33189,40210,3.0,0.0,14.4
8647,33195,12034,3.667,2.333,30.8
8648,33195,12038,6.0,50.0,7.0
8649,33201,12038,3.5,0.278,15.5
8650,33201,12026,5.0,0.0,31.4
8651,33203,33204,3.462,63.936,9.1
8652,33205,12026,2.2,0.2,10.8
8653,33205,16418,4.5,1.0,33.4
8654,33205,12034,2.231,0.526,12.1
8655,33217,25386,2.077,0.244,25.2
8656,33223,37530,2.0,0.0,17.6
8657,33237,16308,2.0,0.0,15.6
8658,33249,23396,3.0,0.0,15.2
8659,33259,12098,3.0,0.0,14.2
8660,33271,88,2.0,0.0,13.3
8661,33279,35402,1.5,0.5,13.5
8662,33281,33282,1.308,0.564,13.1
8663,33283,21994,3.455,1.073,32.5
8664,33283,19822,4.0,0.0,19.6
8665,33287,30774,3.0,51.889,8.2
8666,33293,39148,3.0,0.0,17.8
8667,33293,39152,4.0,0.5,36.6
8668,33295,33296,1.333,0.333,9.5
8669,33297,33298,2.667,0.333,20.7
8670,33299,32962,2.0,0.0,9.5
8671,33305,33306,1.5,0.5,14.2
8672,33307,33308,3.5,0.5,31.4
8673,33309,33310,3.0,0.0,18.6
8674,33309,28222,2.0,0.0,20.7
8675,33325,24406,1.455,0.273,18.5
8676,33343,34448,2.714,0.238,27.8
8677,33343,38850,2.4,0.3,29.7
8678,33347,33348,2.0,0.0,19.7
8679,33349,33350,1.25,0.25,11.2
8680,33353,33354,1.25,0.25,18.1
8681,33355,33356,3.25,0.25,39.3
8682,33359,33360,1.25,0.25,14.7
8683,33363,33364,2.5,0.333,21.5
8684,33365,33366,1.143,0.143,13.8
8685,33369,22966,1.571,0.286,13.1
8686,33377,33378,2.0,0.0,26.3
8687,33387,23102,3.0,0.0,18.0
8688,33389,33390,2.0,0.0,10.6
8689,33391,33392,1.5,0.5,10.3
8690,33401,33402,1.5,0.5,10.6
8691,33425,38924,1.25,0.25,8.4
8692,33431,39152,3.0,0.769,30.7
8693,33433,31784,2.321,0.448,22.7
8694,33435,19682,4.923,18.577,32.8
8695,33435,19684,7.062,207.262,32.7
8696,33437,34608,2.0,0.0,14.4
8697,33449,30034,5.0,0.0,23.4
8698,33469,27388,2.25,0.25,17.0
8699,33469,33470,2.0,0.0,16.0
8700,33475,33476,2.0,0.0,13.4
8701,33479,40184,2.0,0.0,21.0
8702,33481,15720,3.0,0.0,19.4
8703,33485,33480,3.0,0.0,15.3
8704,33497,33498,5.143,1.81,11.2
8705,33499,17290,4.625,1.125,21.2
8706,33501,33504,2.5,0.286,11.6
8707,33503,33500,3.667,0.333,10.6
8708,33505,22056,2.0,2.0,9.6
8709,33505,33506,2.0,0.0,9.2
8710,33507,33508,2.167,0.167,15.6
8711,33509,33510,1.667,0.267,11.6
8712,33511,27794,2.5,0.3,17.9
8713,33523,9390,3.0,0.0,14.4
8714,33527,29902,2.0,0.0,9.7
8715,33545,33546,1.077,0.077,5.8
8716,33547,33548,1.083,0.083,5.5
8717,33549,33550,2.111,11.752,8.2
8718,33551,33006,1.9,1.147,19.3
8719,33551,27392,2.0,0.0,8.5
8720,33553,11058,5.0,0.0,9.2
8721,33581,8900,2.0,0.0,10.5
8722,33589,34876,3.0,0.0,18.6
8723,33591,33592,2.0,0.0,14.4
8724,33595,33596,1.5,0.333,12.0
8725,33599,33600,2.0,0.0,14.5
8726,33601,22010,1.75,0.25,11.8
8727,33643,33644,2.0,0.0,13.6
8728,33645,33646,2.0,0.0,14.0
8729,33647,24166,2.5,0.5,13.8
8730,33651,18024,2.0,0.0,17.7
8731,33653,38542,5.333,0.333,40.1
8732,33655,33650,5.0,0.0,38.7
8733,33655,32990,5.0,0.0,26.7
8734,33657,33658,1.5,0.263,19.0
8735,33661,33662,1.955,0.426,23.6
8736,33663,37466,2.8,0.886,24.5
8737,33663,41842,1.5,1.143,6.9
8738,33665,33666,2.0,0.0,21.0
8739,33667,33668,1.5,0.5,10.4
8740,33671,33672,1.5,0.5,10.4
8741,33673,33674,2.0,0.0,14.7
8742,33679,11606,2.0,0.0,15.6
8743,33705,11868,5.0,0.0,13.2
8744,33721,33722,1.5,0.333,13.5
8745,33723,33724,1.25,0.25,14.2
8746,33727,26362,1.25,0.25,14.6
8747,33749,12478,2.0,0.0,4.7
8748,33761,33762,2.0,0.0,9.6
8749,33773,12498,2.0,0.0,4.7
8750,33781,3488,4.5,0.5,10.1
8751,33785,33786,7.25,2.25,14.4
8752,33787,33788,6.75,1.583,14.3
8753,33789,33790,6.5,0.333,13.6
8754,33791,33792,6.0,1.0,12.6
8755,33793,23648,4.0,0.0,10.4
8756,33793,33794,6.0,2.0,14.6
8757,33795,33780,9.0,0.0,14.3
8758,33815,35968,1.412,2.132,7.6
8759,33825,35252,5.375,2.554,32.1
8760,33853,33854,3.0,0.0,14.4
8761,33855,13426,3.0,0.0,21.0
8762,33863,33864,1.098,0.09,13.9
8763,33867,17452,20.0,0.0,2.5
8764,33871,30834,1.071,0.069,8.5
8765,33875,33876,1.05,0.05,13.0
8766,33877,33878,2.316,1.561,20.2
8767,33879,35406,1.158,0.14,12.7
8768,33889,32046,2.0,0.0,14.4
8769,33893,29790,2.0,0.0,8.7
8770,33913,33914,1.4,0.8,10.0
8771,33915,28654,4.0,2.5,9.6
8772,33927,36088,3.818,1.364,35.1
8773,33927,18026,11.667,281.333,10.8
8774,33929,28480,2.4,0.3,11.3
8775,33929,25258,4.0,1.273,40.7
8776,33931,33430,1.333,0.242,9.2
8777,33935,16890,3.0,0.0,14.2
8778,33941,13426,2.0,0.0,11.9
8779,33949,12650,1.5,0.5,4.7
8780,34009,12700,2.0,0.0,4.7
8781,34015,34028,4.0,0.0,16.4
8782,34023,40104,5.0,0.0,21.6
8783,34025,12736,4.0,0.0,14.3
8784,34029,12722,2.0,0.0,4.7
8785,34039,34008,2.0,0.0,9.3
8786,34039,34040,3.0,0.0,14.6
8787,34041,34014,3.0,0.0,14.3
8788,34059,23846,2.0,0.0,7.3
8789,34059,26342,9.4,169.3,13.0
8790,34075,24234,2.0,0.0,10.2
8791,34077,34078,1.111,0.111,13.4
8792,34079,34080,1.077,0.077,13.6
8793,34081,18018,6.333,0.75,60.9
8794,34081,25892,16.0,0.0,16.1
8795,34083,34084,1.778,0.183,21.6
8796,34087,34088,1.222,0.183,14.7
8797,34089,34090,1.188,0.162,13.1
8798,34093,34094,3.769,37.526,9.6
8799,34095,35692,2.0,0.0,9.4
8800,34095,41694,3.167,0.333,36.5
8801,34095,37228,12.0,0.0,12.0
8802,34105,16432,6.0,0.0,22.8
8803,34125,2174,3.0,0.0,19.4
8804,34147,34478,2.0,0.0,9.0
8805,34171,5120,2.0,0.0,9.2
8806,34201,12896,2.0,0.0,4.7
8807,34265,41782,2.0,0.0,8.1
8808,34279,12978,2.0,0.0,4.7
8809,34297,33940,3.0,0.0,15.5
8810,34313,31722,2.0,0.0,14.1
8811,34321,34318,2.0,0.0,14.2
8812,34445,34446,1.222,0.194,8.8
8813,34451,11984,4.0,0.0,45.8
8814,34457,34458,3.0,0.0,13.4
8815,34459,21540,3.0,0.0,15.4
8816,34463,34464,2.0,0.0,14.4
8817,34467,34468,2.0,0.0,14.4
8818,34479,34124,4.0,0.0,20.4
8819,34559,34560,2.0,0.0,16.7
8820,34601,34602,1.333,0.267,19.5
8821,34613,34616,6.0,0.0,31.3
8822,34617,27956,2.0,0.0,17.0
8823,34641,13340,2.0,0.0,4.7
8824,34657,35114,2.0,0.0,10.0
8825,34681,34682,1.25,0.25,10.4
8826,34683,34684,2.0,0.0,14.7
8827,34705,3366,2.0,0.0,17.2
8828,34711,34712,3.0,0.0,15.0
8829,34713,13404,3.0,0.0,10.5
8830,34751,508,1.5,0.5,4.9
8831,34775,34776,4.023,64.116,12.5
8832,34777,40798,1.812,0.162,6.6
8833,34777,36840,3.5,1.086,30.7
8834,34781,40800,2.0,0.0,6.6
8835,34781,21832,3.233,1.978,29.7
8836,34781,40798,4.75,4.917,12.2
8837,34803,34804,2.0,0.0,16.7
8838,34809,34810,2.0,0.0,11.3
8839,34811,13496,2.0,0.0,13.8
8840,34827,34828,2.5,0.5,14.0
8841,34829,34830,2.5,0.5,14.4
8842,34831,9464,1.5,0.5,9.1
8843,34851,36846,2.667,0.242,38.8
8844,34851,41720,3.625,0.839,36.8
8845,34853,34854,1.125,0.125,6.9
8846,34855,35374,2.667,0.606,24.7
8847,34867,25316,1.524,0.262,22.1
8848,34877,2106,3.0,0.0,9.2
8849,34903,31218,2.0,0.0,13.1
8850,34939,17198,2.0,0.0,10.4
8851,35013,35014,3.0,0.0,13.5
8852,35015,13694,2.5,0.5,14.7
8853,35027,18390,2.0,0.0,8.8
8854,35065,18394,2.0,0.0,12.6
8855,35093,5448,3.0,0.0,28.0
8856,35115,35116,2.0,0.0,14.5
8857,35153,13658,2.0,0.0,14.1
8858,35199,35200,1.333,0.333,9.3
8859,35203,35204,2.0,0.0,20.6
8860,35205,35226,2.0,0.0,14.7
8861,35215,35216,2.0,0.0,15.4
8862,35219,35220,2.0,0.0,10.4
8863,35227,13854,2.0,0.0,14.5
8864,35257,35258,1.1,0.1,12.6
8865,35263,35264,1.2,0.4,10.6
8866,35265,17244,6.0,0.667,59.1
8867,35265,27608,5.333,0.333,62.9
8868,35265,37210,7.0,0.0,2.1
8869,35271,28298,2.0,0.0,9.2
8870,35275,32686,4.083,0.447,46.4
8871,35315,4122,3.0,0.0,24.1
8872,35327,35328,2.0,0.0,13.6
8873,35329,25838,2.0,0.0,15.5
8874,35375,35376,1.111,0.333,8.2
8875,35377,20446,1.2,0.171,11.0
8876,35379,35412,1.13,0.119,14.3
8877,35381,20438,1.643,0.238,19.7
8878,35391,23058,1.167,0.167,5.0
8879,35403,35404,1.5,0.5,16.3
8880,35407,10802,2.0,0.667,19.8
8881,35411,35374,1.821,0.226,24.7
8882,35413,35414,1.036,0.036,8.2
8883,35415,20442,1.4,0.3,8.2
8884,35415,35408,1.054,0.053,11.6
8885,35429,35740,1.037,0.037,10.0
8886,35435,40214,4.312,0.762,47.6
8887,35439,22928,3.167,0.841,31.7
8888,35441,9938,3.667,0.333,36.9
8889,35441,7246,4.727,6.418,14.8
8890,35443,21576,5.6,40.8,30.8
8891,35467,35468,5.0,0.0,37.1
8892,35469,35470,2.0,0.0,14.5
8893,35471,3734,2.0,0.0,13.5
8894,35473,35474,1.833,0.567,14.3
8895,35475,35476,4.333,1.067,31.0
8896,35477,35478,4.0,0.5,27.8
8897,35479,35480,1.6,0.8,14.5
8898,35481,35482,3.4,0.3,25.1
8899,35483,32384,2.0,0.0,7.5
8900,35483,35484,1.5,0.333,10.4
8901,35489,32390,1.333,0.333,9.2
8902,35531,12016,1.75,0.25,6.0
8903,35531,35536,3.4,0.8,34.1
8904,35531,40216,5.5,0.5,36.1
8905,35535,36858,1.375,2.25,13.0
8906,35563,33424,1.5,0.333,8.2
8907,35569,35570,1.5,0.5,9.8
8908,35571,28654,2.0,0.0,31.6
8909,35571,12626,15.0,0.0,8.4
8910,35573,35574,2.0,0.0,16.0
8911,35577,35578,2.5,0.5,17.7
8912,35579,35580,1.5,0.333,10.7
8913,35581,35582,1.5,0.333,10.4
8914,35583,36296,2.0,0.0,15.0
8915,35603,30594,1.125,0.125,10.6
8916,35609,35490,2.667,0.333,21.4
8917,35613,35614,2.0,0.0,10.2
8918,35617,35618,1.447,0.47,13.7
8919,35619,35620,1.3,0.318,9.3
8920,35621,23514,1.391,0.421,12.4
8921,35629,35630,2.0,0.0,19.2
8922,35635,33716,2.5,0.333,34.4
8923,35643,31022,2.25,0.25,15.0
8924,35651,35652,1.182,0.164,8.5
8925,35653,37228,3.077,1.41,28.2
8926,35655,35656,1.091,0.091,8.2
8927,35657,39182,1.714,0.989,18.6
8928,35663,36400,2.0,0.0,19.3
8929,35687,35688,1.333,0.333,5.0
8930,35689,35636,1.75,0.25,16.6
8931,35691,34442,3.125,0.411,21.2
8932,35693,35654,1.067,0.067,13.4
8933,35701,29162,2.0,0.0,11.2
8934,35729,35730,1.25,0.214,18.5
8935,35733,35734,1.556,0.278,17.6
8936,35741,22936,1.429,0.264,6.7
8937,35741,36986,1.15,0.134,9.6
8938,35747,22958,1.167,0.147,7.6
8939,35747,35426,1.1,0.1,10.8
8940,35765,27940,1.333,0.333,5.3
8941,35765,35390,1.5,0.333,14.2
8942,35775,31328,2.0,0.0,10.6
8943,35775,35776,1.2,0.168,18.4
8944,35789,34852,1.25,0.205,14.8
8945,35793,4126,3.0,0.0,23.6
8946,35801,35576,2.0,0.0,10.6
8947,35803,35804,2.25,0.25,17.9
8948,35805,35806,1.5,0.333,10.4
8949,35807,35808,1.25,0.25,10.4
8950,35809,35810,2.0,0.0,14.4
8951,35811,35812,1.5,0.5,10.4
8952,35821,35824,2.0,0.0,9.4
8953,35825,35826,2.0,0.0,10.3
8954,35827,33864,3.5,0.5,26.4
8955,35845,150,2.0,0.0,8.5
8956,35847,25242,3.333,0.333,16.0
8957,35865,35866,6.0,0.0,13.7
8958,35867,14366,2.0,0.0,4.7
8959,35887,30712,1.167,0.167,17.7
8960,35909,32846,2.429,0.286,22.7
8961,35909,35910,3.0,0.0,23.3
8962,35911,38472,2.0,0.0,19.9
8963,35915,16288,6.0,0.0,19.8
8964,35919,29470,2.0,0.0,9.0
8965,35923,35598,2.0,0.0,21.1
8966,35933,30652,3.0,0.0,16.0
8967,35945,35946,2.0,0.0,10.4
8968,35947,41298,2.0,0.0,10.6
8969,35949,37036,4.667,1.867,33.7
8970,35951,22934,1.875,0.696,16.8
8971,35969,37698,2.833,0.58,29.0
8972,35993,35996,4.0,0.0,18.4
8973,35997,5914,3.0,0.0,14.5
8974,35999,14466,2.0,0.0,4.7
8975,36001,36002,2.0,0.0,10.4
8976,36003,23670,3.0,0.0,13.8
8977,36009,31908,2.0,0.0,11.7
8978,36009,22530,2.125,0.125,17.8
8979,36017,15378,2.5,0.5,24.8
8980,36023,11826,1.4,0.253,13.5
8981,36067,41760,2.0,0.0,11.4
8982,36067,19498,3.5,0.5,18.6
8983,36083,36084,2.0,0.0,15.3
8984,36111,36112,1.5,0.5,10.4
8985,36113,6642,2.0,0.0,13.5
8986,36129,36130,1.949,0.208,23.7
8987,36131,39194,1.282,0.208,15.7
8988,36137,36138,3.429,0.286,25.9
8989,36155,7974,2.0,0.0,9.2
8990,36159,36160,3.0,0.0,14.4
8991,36175,9962,2.0,0.0,9.4
8992,36197,36202,3.667,0.333,7.5
8993,36203,36220,5.0,1.0,10.0
8994,36205,36206,7.0,0.0,15.8
8995,36207,39576,5.0,2.0,10.7
8996,36213,15312,12.0,2.0,24.0
8997,36213,36214,9.0,0.0,18.6
8998,36215,36216,3.0,0.0,5.3
8999,36221,36212,4.333,0.333,9.1
9000,36239,20838,2.0,0.0,10.9
9001,36279,36280,3.0,0.0,14.5
9002,36281,28814,3.0,0.0,16.0
9003,36299,36300,2.0,0.0,14.6
9004,36301,36302,2.0,0.0,14.8
9005,36303,36304,1.25,0.25,10.5
9006,36321,14744,2.0,0.0,4.7
9007,36327,36328,3.0,0.0,14.5
9008,36329,14748,2.0,0.0,7.6
9009,36331,36332,4.0,0.0,14.2
9010,36331,36346,3.0,0.0,14.8
9011,36333,36334,4.0,0.0,14.4
9012,36335,36336,4.0,0.0,14.9
9013,36339,36366,3.0,0.0,10.2
9014,36345,36326,3.0,0.0,14.5
9015,36347,36360,1.333,0.333,9.0
9016,36361,14774,3.0,0.0,14.2
9017,36367,6534,2.0,0.0,7.6
9018,36375,36376,4.0,0.0,14.4
9019,36377,36378,4.0,0.0,14.4
9020,36379,36380,5.0,0.0,14.4
9021,36403,36404,3.0,0.0,17.8
9022,36423,26340,2.75,0.917,10.9
9023,36449,20408,2.0,0.0,9.0
9024,36451,36452,2.571,11.033,19.0
9025,36453,22578,1.786,0.643,19.0
9026,36467,37468,2.0,0.0,13.2
9027,36569,36570,3.0,0.0,17.6
9028,36571,25318,2.333,0.333,14.5
9029,36611,8538,2.0,0.0,9.8
9030,36611,29154,2.0,0.0,15.4
9031,36621,36740,2.0,0.0,8.4
9032,36633,36620,3.0,0.0,12.6
9033,36741,7148,3.0,0.0,22.6
9034,36785,7162,2.0,0.0,8.5
9035,36791,36792,2.0,0.0,11.2
9036,36793,15182,2.0,0.0,4.7
9037,36795,15180,2.0,0.0,9.0
9038,36801,22030,2.0,0.0,6.3
9039,36841,38900,1.462,0.36,14.7
9040,36843,36844,2.0,0.0,11.6
9041,36845,23090,2.0,0.0,25.4
9042,36849,36850,1.706,0.346,26.4
9043,36853,26072,2.312,1.029,26.0
9044,36853,28018,14.0,0.0,7.6
9045,36855,36856,2.417,37.471,8.6
9046,36857,37646,2.71,0.413,27.2
9047,36857,37640,14.5,180.5,11.3
9048,36859,39230,1.795,0.273,13.6
9049,36877,23038,1.094,0.088,13.8
9050,36889,36898,3.5,0.5,14.1
9051,36911,15264,4.0,0.0,20.8
9052,36925,36926,3.5,0.5,14.5
9053,36927,36928,3.0,0.0,14.6
9054,36929,36930,3.5,0.5,14.6
9055,36931,36932,3.0,0.0,13.6
9056,36933,11706,3.0,0.0,13.8
9057,36953,36948,3.0,0.0,10.2
9058,36961,36958,1.5,0.5,4.7
9059,36965,15336,2.0,0.0,4.7
9060,36993,5546,1.333,0.333,16.0
9061,37001,37002,1.25,0.25,5.8
9062,37009,35378,1.048,0.048,11.0
9063,37013,38194,1.45,0.261,9.7
9064,37013,35380,1.037,0.037,12.9
9065,37015,37006,1.042,0.042,13.2
9066,37017,37018,1.214,1.286,7.3
9067,37019,22428,1.176,0.154,10.6
9068,37019,34920,1.029,0.029,11.9
9069,37025,31794,2.0,0.0,14.0
9070,37027,22930,3.75,0.6,27.0
9071,37029,39008,1.513,0.309,17.0
9072,37031,37032,1.314,0.222,16.6
9073,37033,22224,1.472,0.313,18.2
9074,37035,39010,1.4,0.247,17.1
9075,37039,41908,1.091,0.091,10.7
9076,37039,35438,1.952,10.948,9.5
9077,37043,14486,2.667,0.333,17.2
9078,37077,37094,2.0,0.0,9.0
9079,37095,37096,3.0,0.0,14.5
9080,37097,37098,2.0,0.0,14.5
9081,37099,37100,3.0,0.0,14.5
9082,37101,37102,2.0,0.0,14.4
9083,37103,37104,2.0,0.0,6.2
9084,37105,2728,2.0,0.0,13.2
9085,37133,2732,2.5,0.5,11.3
9086,37175,37176,1.25,0.25,13.4
9087,37183,37184,1.2,0.178,11.4
9088,37185,37186,1.2,0.4,10.1
9089,37191,35606,1.167,0.167,9.4
9090,37195,34746,3.0,0.0,23.5
9091,37197,37198,1.462,0.269,6.8
9092,37199,37200,3.0,0.0,13.8
9093,37199,15240,3.0,1.0,14.3
9094,37201,20320,2.5,0.5,13.0
9095,37201,37202,3.5,0.5,15.4
9096,37213,37214,1.222,0.194,14.3
9097,37217,33824,1.6,1.8,8.1
9098,37227,37844,1.095,0.09,11.6
9099,37231,37232,1.056,0.056,14.0
9100,37237,32998,2.19,0.962,19.5
9101,37241,11240,2.0,0.0,14.4
9102,37243,37244,3.0,0.0,14.8
9103,37245,37246,3.0,0.0,16.4
9104,37247,39946,4.0,0.0,20.1
9105,37289,21166,3.0,0.0,17.8
9106,37301,37302,1.2,0.2,13.1
9107,37309,37310,1.667,0.333,9.7
9108,37311,37312,1.333,0.333,9.5
9109,37313,37314,1.333,0.333,10.0
9110,37315,21816,1.333,0.333,13.4
9111,37317,35608,1.667,0.333,13.0
9112,37381,37382,2.0,0.0,14.4
9113,37383,37384,3.0,0.0,14.3
9114,37385,37386,3.0,0.0,14.4
9115,37387,18,3.0,0.0,14.3
9116,37391,19612,2.0,0.0,14.2
9117,37399,15674,3.0,0.0,13.7
9118,37427,37428,1.211,0.175,8.1
9119,37429,37430,4.36,37.157,12.7
9120,37431,21890,1.889,0.361,19.6
9121,37431,32264,1.538,1.769,2.9
9122,37437,32296,4.0,0.0,20.8
9123,37463,37464,1.2,0.178,5.0
9124,37465,40320,2.8,0.7,17.2
9125,37465,39148,3.444,1.278,33.8
9126,37469,25454,2.0,0.0,21.5
9127,37471,31526,1.818,0.164,20.1
9128,37477,37482,2.0,0.0,11.2
9129,37477,37478,3.0,0.0,14.8
9130,37499,15774,2.0,0.0,4.7
9131,37541,35090,3.0,0.0,25.9
9132,37559,30874,2.0,0.0,15.4
9133,37567,37574,3.0,0.0,14.2
9134,37575,37576,3.0,0.0,14.5
9135,37577,37578,3.0,0.0,14.5
9136,37579,16032,2.0,0.0,9.0
9137,37633,37634,1.158,0.947,11.2
9138,37635,39040,2.022,0.288,23.8
9139,37639,35472,1.333,0.267,11.5
9140,37641,26928,6.0,0.0,3.1
9141,37645,32686,6.0,0.0,47.7
9142,37649,37650,1.333,0.267,5.9
9143,37651,37652,1.556,0.278,9.4
9144,37653,37654,2.125,0.125,15.3
9145,37659,37648,2.125,0.982,12.5
9146,37679,37680,1.323,0.226,16.0
9147,37681,37682,1.839,0.206,21.9
9148,37685,39244,1.129,0.116,14.0
9149,37695,32996,4.048,0.848,38.7
9150,37695,37712,10.75,91.583,16.0
9151,37699,37700,1.583,0.254,18.8
9152,37709,39172,2.2,1.6,18.8
9153,37713,32564,1.833,0.232,21.1
9154,37743,38834,3.625,0.517,33.6
9155,37745,32804,1.5,0.5,14.8
9156,37751,37752,1.5,0.333,16.8
9157,37761,37762,2.0,0.0,10.6
9158,37763,37764,2.0,0.0,14.4
9159,37787,37788,2.0,0.0,14.4
9160,37789,37790,2.0,0.0,14.5
9161,37791,37792,2.0,0.0,14.5
9162,37829,19086,1.5,0.5,6.0
9163,37845,39404,2.0,0.0,6.9
9164,37845,39406,2.083,0.775,20.1
9165,37847,37712,3.588,0.882,36.6
9166,37847,37226,5.25,21.583,15.8
9167,37849,35976,1.462,0.603,14.2
9168,37857,37858,1.125,0.125,19.9
9169,37857,16102,2.0,0.0,5.0
9170,37861,38364,3.429,35.952,1.3
9171,37863,32732,1.846,0.141,13.2
9172,37865,36110,1.5,0.5,15.0
9173,37867,37692,1.267,0.409,11.8
9174,37893,37894,2.0,0.0,12.8
9175,37895,37858,3.0,0.0,16.7
9176,38011,38012,2.0,0.0,17.8
9177,38013,25426,1.25,0.25,16.0
9178,38021,38794,1.125,0.125,18.9
9179,38023,38026,1.167,0.167,17.7
9180,38027,38802,1.5,0.3,15.7
9181,38039,16228,1.5,0.333,16.0
9182,38047,38050,2.0,0.0,10.7
9183,38049,24482,2.0,0.0,6.9
9184,38051,38052,2.0,0.0,10.5
9185,38055,38056,2.0,0.0,10.3
9186,38057,38058,3.0,0.0,21.7
9187,38065,38066,5.0,0.0,14.4
9188,38163,38164,1.25,0.25,19.8
9189,38167,38168,1.75,0.917,10.6
9190,38169,25420,1.333,0.333,7.6
9191,38195,26678,1.263,0.205,10.4
9192,38201,23670,4.0,0.0,19.5
9193,38207,32128,2.0,0.0,9.0
9194,38213,24534,3.0,0.0,18.6
9195,38215,38216,2.0,0.0,14.4
9196,38235,4340,3.0,0.0,23.0
9197,38245,25338,2.0,0.0,14.5
9198,38271,12038,3.75,0.25,33.6
9199,38281,1416,2.0,0.0,11.8
9200,38287,12040,2.5,0.5,15.1
9201,38293,1588,3.0,0.0,14.0
9202,38351,38352,3.0,0.0,14.4
9203,38353,38354,3.0,0.0,14.4
9204,38355,38902,3.0,0.0,17.2
9205,38365,15752,3.286,2.22,22.5
9206,38389,23796,1.2,0.167,16.2
9207,38393,32596,2.0,0.0,8.9
9208,38417,39200,3.0,2.0,13.7
9209,38431,38432,1.733,0.495,8.4
9210,38433,26958,2.0,0.0,12.1
9211,38433,23098,2.643,1.016,23.3
9212,38469,16588,2.0,0.0,9.0
9213,38491,2148,3.0,0.0,26.9
9214,38529,16664,2.0,0.0,4.7
9215,38539,16674,1.333,0.333,4.7
9216,38541,33286,7.667,3.467,78.4
9217,38543,28702,1.6,0.3,9.7
9218,38543,29960,1.375,0.418,16.4
9219,38545,33284,2.25,0.467,12.1
9220,38545,40188,7.875,0.982,73.4
9221,38545,11552,13.0,0.0,39.4
9222,38555,38556,5.0,0.0,33.9
9223,38557,38558,2.0,0.0,14.9
9224,38559,5166,4.0,0.0,35.0
9225,38561,38562,2.333,0.267,15.2
9226,38565,38566,1.5,0.3,14.5
9227,38569,38570,1.167,0.167,13.9
9228,38573,38574,1.167,0.167,13.8
9229,38577,23056,27.25,189.583,6.3
9230,38581,32252,2.0,0.0,11.6
9231,38705,38706,3.0,0.0,14.3
9232,38739,31788,2.0,0.0,11.9
9233,38799,16218,1.4,0.257,18.3
9234,38801,38038,2.333,0.333,24.3
9235,38801,38806,2.667,0.424,17.6
9236,38807,38024,1.167,0.152,18.0
9237,38811,38804,3.0,0.0,23.0
9238,38845,3258,3.0,0.0,16.8
9239,38851,22962,1.4,0.3,9.6
9240,38861,38862,1.5,0.333,19.2
9241,38863,38864,1.25,0.25,13.4
9242,38865,38866,1.167,0.167,13.2
9243,38867,26540,1.143,0.143,11.8
9244,38893,24130,3.0,0.0,17.0
9245,38895,41892,1.688,0.363,19.4
9246,38895,40434,1.737,0.205,19.5
9247,38897,41858,6.786,211.566,8.3
9248,38899,5054,2.0,0.815,16.6
9249,38901,38904,1.083,0.079,13.0
9250,38901,38912,15.0,392.0,5.2
9251,38903,37692,3.5,0.5,29.1
9252,38905,38906,1.108,0.099,13.0
9253,38909,36842,3.0,0.0,22.4
9254,38909,38910,3.316,0.33,40.9
9255,38911,23036,2.316,0.222,28.6
9256,38913,1824,1.5,0.5,8.3
9257,38923,15904,1.333,3.0,8.8
9258,38927,38928,1.091,0.091,7.9
9259,38929,38930,1.818,0.164,12.0
9260,38931,27794,2.222,0.194,14.0
9261,38931,22124,2.0,0.0,18.0
9262,38935,38936,3.0,0.0,12.8
9263,38937,40088,2.0,0.0,8.6
9264,38939,3392,2.0,0.0,9.1
9265,38941,38942,2.667,0.333,14.6
9266,38943,23546,3.0,0.0,14.4
9267,38943,38934,3.0,0.0,14.2
9268,38949,32544,2.417,0.265,12.2
9269,38949,25558,2.0,0.0,29.2
9270,38997,25420,2.0,0.0,13.5
9271,38999,39000,1.476,0.262,20.3
9272,39001,21504,1.571,0.357,20.4
9273,39005,26984,5.0,0.0,28.3
9274,39005,32774,3.6,0.8,43.9
9275,39027,21916,2.0,0.0,14.4
9276,39041,32302,1.083,0.078,13.2
9277,39043,39044,6.609,396.522,7.9
9278,39045,32718,12.75,813.38,11.2
9279,39125,12108,1.5,0.5,9.8
9280,39139,5016,3.0,0.0,20.6
9281,39155,39156,1.783,0.269,22.3
9282,39157,18026,2.0,0.0,15.9
9283,39157,40218,3.318,0.703,35.1
9284,39159,17176,1.538,0.269,13.1
9285,39161,24944,1.125,0.125,12.1
9286,39173,35646,1.176,0.154,13.4
9287,39185,36450,1.571,0.264,19.6
9288,39191,13600,2.25,0.25,18.5
9289,39199,30478,2.0,0.0,17.3
9290,39201,2170,3.5,0.5,21.0
9291,39207,38038,4.0,0.0,27.1
9292,39213,25980,2.0,0.0,14.4
9293,39231,39232,1.205,0.167,13.9
9294,39233,39234,1.632,0.239,19.7
9295,39233,9046,20.0,0.0,25.4
9296,39235,39236,1.079,0.075,13.3
9297,39239,39240,1.079,0.075,12.9
9298,39241,39242,1.219,0.822,8.0
9299,39243,31796,4.622,0.853,49.7
9300,39243,11502,4.0,0.0,30.2
9301,39245,35528,1.636,0.255,22.3
9302,39245,31064,1.895,0.099,22.1
9303,39251,39252,3.5,0.5,14.1
9304,39253,39254,1.2,0.2,13.2
9305,39255,39256,1.5,0.286,13.4
9306,39259,39260,1.125,0.125,13.3
9307,39261,39262,1.5,0.571,11.5
9308,39263,37210,6.5,2.0,63.9
9309,39271,20444,1.538,0.269,19.7
9310,39277,28546,4.5,0.5,30.9
9311,39287,41522,2.75,1.295,34.1
9312,39289,25932,2.917,3.356,24.3
9313,39323,1620,2.0,0.0,17.5
9314,39327,39338,2.333,0.333,16.7
9315,39329,39330,1.091,0.091,8.1
9316,39331,39340,2.933,0.638,22.1
9317,39339,12294,3.5,0.5,15.2
9318,39339,38932,4.0,0.0,19.5
9319,39365,21984,2.5,0.5,10.2
9320,39367,21952,2.5,0.5,7.2
9321,39369,17290,3.333,0.267,24.6
9322,39369,12294,10.25,10.25,33.2
9323,39369,38932,3.0,0.0,20.6
9324,39385,36632,5.0,0.0,21.3
9325,39403,37694,4.913,58.356,11.1
9326,39427,16390,5.0,0.0,48.8
9327,39447,39448,2.0,0.0,15.4
9328,39449,5158,2.0,0.0,15.1
9329,39453,40016,1.045,0.045,13.0
9330,39459,39460,1.7,2.233,7.2
9331,39461,39462,1.25,0.205,10.2
9332,39469,26960,3.667,0.606,32.1
9333,39471,21330,2.455,0.273,23.7
9334,39473,1616,2.56,0.257,31.5
9335,39473,23112,2.0,0.0,18.3
9336,39549,40768,3.0,0.0,11.4
9337,39561,7888,2.5,0.5,9.0
9338,39569,36204,6.0,0.0,11.9
9339,39615,39616,3.0,0.0,14.4
9340,39617,39634,3.0,0.0,12.9
9341,39629,14612,3.0,0.0,14.3
9342,39653,33502,4.0,0.0,7.5
9343,39665,17568,2.0,0.0,4.7
9344,39691,17592,3.0,0.0,14.3
9345,39719,17622,2.0,0.0,4.7
9346,39813,3388,3.0,0.0,14.3
9347,39821,39822,4.5,0.5,18.2
9348,39823,39824,3.5,0.5,15.6
9349,39825,10152,3.5,0.5,17.1
9350,39839,39840,3.0,0.0,14.7
9351,39851,39852,2.5,0.5,14.4
9352,39853,39858,1.5,0.5,9.2
9353,39871,17764,2.0,0.0,4.7
9354,39887,22506,2.0,0.0,7.8
9355,39901,17792,2.0,0.0,4.7
9356,39905,17792,3.0,0.0,14.2
9357,39947,4532,2.0,0.0,14.2
9358,39997,24502,3.0,0.0,26.1
9359,39997,33322,3.8,1.511,30.6
9360,40017,20278,2.0,0.0,7.7
9361,40029,32322,1.143,0.127,22.9
9362,40033,35428,1.048,0.048,9.5
9363,40073,40074,3.0,0.0,14.6
9364,40075,40076,3.0,0.0,12.1
9365,40077,40078,3.0,0.0,14.4
9366,40091,17936,2.0,0.0,4.7
9367,40105,34038,3.0,0.0,14.5
9368,40175,40176,1.062,0.062,13.2
9369,40179,25892,3.0,1.0,19.6
9370,40179,25862,5.067,0.781,60.2
9371,40181,29930,1.333,0.333,6.6
9372,40181,32712,3.273,0.97,31.5
9373,40183,38542,3.0,2.0,19.2
9374,40187,33652,2.0,1.0,17.8
9375,40193,40218,1.4,0.3,6.3
9376,40193,36088,5.0,2.0,28.7
9377,40199,8156,3.0,0.0,18.1
9378,40213,40200,5.0,2.0,38.2
9379,40213,40198,4.0,0.0,31.3
9380,40215,20832,2.0,0.1,24.6
9381,40217,25940,2.0,0.0,24.5
9382,40219,33928,1.63,0.242,18.1
9383,40221,38388,1.091,0.087,12.6
9384,40223,40438,1.474,0.263,8.1
9385,40223,40436,2.84,1.307,30.1
9386,40223,40442,5.5,0.5,34.8
9387,40289,40290,4.0,0.0,14.6
9388,40291,9218,3.0,0.0,18.5
9389,40373,34702,2.0,0.0,15.3
9390,40381,11314,2.0,0.0,15.7
9391,40405,18256,2.0,0.0,9.0
9392,40435,40442,4.167,1.061,42.0
9393,40435,40440,6.75,20.214,16.1
9394,40437,37632,1.281,0.209,18.0
9395,40439,16962,3.0,0.0,12.3
9396,40439,24130,1.425,0.251,17.9
9397,40441,40220,4.412,3.882,28.6
9398,40441,23802,3.75,0.25,36.4
9399,40457,32666,2.0,0.0,18.8
9400,40457,39250,2.0,0.0,22.0
9401,40467,37780,2.0,0.0,8.8
9402,40519,40520,3.0,0.0,14.4
9403,40521,40522,3.0,0.0,14.2
9404,40553,10548,2.0,0.0,13.7
9405,40635,40636,2.5,0.5,13.5
9406,40637,18450,2.5,0.5,11.2
9407,40641,18446,3.0,0.0,12.8
9408,40659,32794,3.0,0.0,16.9
9409,40669,40672,1.5,0.5,9.3
9410,40669,40680,2.565,0.893,25.8
9411,40671,40684,3.786,0.489,26.1
9412,40675,40676,1.238,0.49,11.8
9413,40677,40678,1.8,0.589,20.9
9414,40677,22574,4.0,0.0,19.4
9415,40683,18488,4.045,0.712,47.9
9416,40683,36402,2.0,0.0,16.8
9417,40709,18508,1.5,0.5,9.0
9418,40739,18546,3.0,0.0,14.1
9419,40777,18580,2.0,0.0,4.7
9420,40779,40776,3.0,0.0,14.5
9421,40793,40794,1.227,0.279,14.2
9422,40795,40684,2.5,0.548,27.7
9423,40797,36840,1.333,0.25,5.0
9424,40797,21832,3.889,1.361,18.0
9425,40803,40798,5.5,0.5,34.9
9426,40803,36840,3.0,0.0,9.8
9427,40819,40820,3.0,0.0,14.6
9428,40821,22846,2.0,0.0,18.4
9429,40839,18630,2.0,0.0,4.7
9430,40841,34420,3.0,0.0,17.6
9431,40841,40842,1.909,0.091,25.4
9432,40843,23798,1.067,0.067,8.2
9433,40845,19034,2.0,0.0,17.0
9434,40845,40846,2.429,0.619,25.4
9435,40851,18634,1.2,0.171,4.7
9436,40979,2514,4.0,0.0,14.2
9437,40985,29270,2.0,0.0,8.1
9438,40997,18780,2.0,0.0,4.7
9439,40999,41000,3.0,0.0,14.3
9440,40999,40994,3.0,0.0,15.5
9441,41007,41008,4.0,0.0,13.7
9442,41025,41026,3.0,2.0,13.7
9443,41027,41028,3.0,0.0,13.8
9444,41029,41006,4.0,0.0,14.4
9445,41101,41102,3.0,0.0,14.2
9446,41103,41104,3.0,0.0,15.4
9447,41105,41106,3.0,0.0,15.2
9448,41107,8476,2.0,0.0,11.1
9449,41229,41230,1.25,0.25,10.2
9450,41231,41232,2.0,0.0,13.6
9451,41233,30216,1.333,0.333,5.2
9452,41233,41234,1.9,0.1,14.3
9453,41235,41236,1.5,0.278,11.0
9454,41237,41238,1.5,0.278,11.2
9455,41239,41240,1.9,0.322,12.9
9456,41241,34420,5.0,0.0,37.6
9457,41241,40842,4.333,1.5,32.1
9458,41251,41252,2.0,0.0,14.6
9459,41273,26454,2.0,0.0,14.4
9460,41291,17362,6.0,0.0,49.3
9461,41299,1428,2.0,0.0,15.0
9462,41299,21260,2.0,0.0,19.1
9463,41307,19088,2.0,0.0,4.7
9464,41325,19102,2.0,0.0,8.8
9465,41329,19094,3.0,0.0,13.4
9466,41333,41334,1.5,0.5,9.0
9467,41335,19096,3.0,0.0,14.3
9468,41357,39994,2.0,0.0,6.6
9469,41369,41370,1.333,0.267,19.0
9470,41371,39340,2.6,0.8,22.0
9471,41385,4120,3.0,0.0,19.8
9472,41407,33364,2.333,0.333,21.1
9473,41411,34058,3.0,12.0,16.3
9474,41421,19188,4.0,0.0,4.7
9475,41471,41472,2.0,0.0,14.2
9476,41473,30532,3.0,0.0,12.6
9477,41509,23738,2.0,0.0,11.8
9478,41525,41824,1.85,0.239,28.2
9479,41573,19332,3.0,0.0,16.2
9480,41589,112,3.0,0.0,21.5
9481,41595,34164,3.0,0.0,14.5
9482,41601,41602,4.0,0.0,23.2
9483,41603,41604,2.0,0.0,14.4
9484,41605,9742,2.0,0.0,14.8
9485,41629,13232,2.0,0.0,14.7
9486,41659,41660,2.0,0.0,15.4
9487,41689,162,2.0,0.0,8.8
9488,41699,41700,1.19,0.162,13.8
9489,41707,41708,1.125,0.114,12.5
9490,41709,41710,2.045,0.236,24.7
9491,41711,41712,1.864,0.123,22.5
9492,41713,41714,1.333,0.233,14.2
9493,41715,41696,1.81,0.662,13.6
9494,41731,34104,2.0,0.0,7.8
9495,41737,41738,2.0,0.0,10.8
9496,41749,27118,2.0,0.0,13.1
9497,41751,29982,3.5,0.5,17.1
9498,41755,41756,1.5,0.5,6.7
9499,41761,37242,6.0,0.0,29.6
9500,41785,17204,2.0,0.0,13.3
9501,41787,10562,3.0,0.0,14.8
9502,41805,24386,2.0,0.0,15.2
9503,41827,41522,3.75,0.5,33.9
9504,41837,38896,2.0,0.0,11.5
9505,41841,19556,1.091,0.091,13.4
9506,41843,19554,1.111,0.111,13.7
9507,41847,19554,1.333,0.333,13.2
9508,41849,37466,3.0,2.0,18.7
9509,41851,12396,1.9,0.767,12.2
9510,41853,37674,4.367,1.275,44.6
9511,41857,4884,1.897,0.382,23.9
9512,41859,23838,3.0,0.4,29.3
9513,41863,9998,3.667,1.095,33.0
9514,41863,41872,10.0,0.0,8.8
9515,41865,41862,1.267,0.352,14.8
9516,41871,37470,7.0,0.0,55.9
9517,41873,41870,3.0,0.0,10.8
9518,41875,41876,1.375,0.25,16.0
9519,41877,41864,2.0,0.0,12.1
9520,41889,29942,3.0,0.0,16.9
9521,41891,40438,4.118,0.86,35.6
9522,41893,37632,2.4,0.257,17.1
9523,41895,37700,2.667,1.333,19.0
9524,41897,25552,2.0,0.0,7.1
9525,41897,5434,4.0,0.0,22.1
9526,41899,18020,1.5,0.5,13.1
9527,41903,35776,3.0,0.0,14.5
9528,41907,38998,1.833,0.167,10.5
9529,41929,2912,2.0,0.0,15.4
9530,41937,27592,1.08,0.077,12.2
9531,41939,25370,1.625,0.25,14.5
9532,41941,19144,2.333,0.333,20.6
9533,41943,11148,2.0,0.0,13.7
9534,41943,22634,2.2,0.2,18.1
9535,41949,32038,3.7,0.9,31.8
