,from_node,to_node,edge_tt,edge_var,distance
0,0,1,4.789,1.175,43.86
1,2,3,3.6,0.3,25.49
2,8,9,6.0,0.0,20.95
3,10,11,9.0,0.0,60.57
4,12,13,27.0,0.0,126.31
5,14,15,11.911,603.431,50.99
6,16,17,10.185,41.632,101.05
7,20,21,2.5,8.0,3.7
8,26,27,5.0,0.0,22.81
9,34,35,2.0,1.0,8.85
10,38,39,1.286,0.238,9.08
11,40,41,78.333,13412.333,41.93
12,42,43,17.52,927.943,42.99
13,44,45,17.167,2068.989,18.6
14,46,47,52.5,1525.9,160.59
15,52,53,5.188,102.029,32.59
16,82,83,88.538,38702.769,48.69
17,90,91,92.5,107.0,177.86
18,94,95,77.724,20157.616,13.91
19,98,99,9.525,37.001,128.51
20,100,101,11.5,13.1,68.52
21,104,105,1.128,0.112,22.63
22,108,109,67.04,13752.119,30.71
23,110,111,76.094,19548.317,100.46
24,112,113,8.568,1253.695,62.66
25,114,115,121.752,36955.977,40.52
26,116,117,10.12,1127.337,9.82
27,118,119,26.01,4292.29,19.0
28,120,121,27.815,3610.134,21.47
29,122,123,71.061,15349.846,58.42
30,124,125,31.161,4516.244,31.48
31,126,127,38.561,5163.151,54.49
32,130,131,39.5,46.333,183.52
33,138,139,8.6,1.3,68.83
34,140,141,6.0,0.0,42.85
35,142,143,12.0,0.0,36.62
36,144,145,12.0,0.0,144.65
37,146,147,9.5,0.5,115.78
38,148,149,26.75,666.917,13.2
39,150,151,3.167,0.167,28.86
40,154,155,3.75,0.25,17.94
41,156,157,6.0,0.0,25.74
42,160,161,4.59,0.773,80.97
43,162,163,13.759,2.413,250.33
44,172,173,8.0,0.0,90.82
45,174,175,7.0,0.0,85.57
46,176,177,9.552,1.399,71.63
47,180,181,9.0,0.0,19.08
48,182,183,9.25,1.643,19.19
49,184,185,21.0,0.0,101.6
50,186,187,14.667,2.333,71.74
51,188,189,34.0,0.0,165.88
52,192,193,1.176,0.154,7.88
53,194,195,5.0,0.667,38.67
54,196,197,1.276,0.207,9.98
55,200,201,7.821,1.64,159.67
56,202,203,10.5,1.527,77.67
57,204,205,6.5,0.5,45.69
58,206,207,64.025,11434.975,56.26
59,208,209,31.053,16.83,146.58
60,210,211,37.5,84.5,87.48
61,224,225,6.667,11.333,36.69
62,226,227,18.25,0.25,90.42
63,228,229,4.391,0.249,21.62
64,230,231,1.385,0.256,6.4
65,232,233,5.556,1.791,30.91
66,240,241,3.0,0.0,0.14
67,248,249,6.0,0.0,24.97
68,250,251,6.0,0.0,21.65
69,252,253,13.0,0.0,68.87
70,254,255,2.667,0.333,11.68
71,258,259,7.667,0.333,34.09
72,260,261,20.75,245.674,28.02
73,264,265,10.227,1049.702,6.31
74,266,267,2.222,0.444,4.23
75,268,269,14.0,0.0,25.01
76,270,271,11.714,1.238,26.52
77,272,273,13.0,2.0,27.63
78,286,287,10.1,1.878,72.84
79,288,289,3.0,0.667,21.26
80,290,291,14.5,1.667,108.36
81,292,293,4.0,1.0,26.21
82,294,295,9.5,4.5,68.01
83,296,297,10.5,0.5,123.9
84,298,299,1.5,0.5,11.25
85,300,301,14.0,1.333,102.96
86,302,303,2.75,0.25,19.16
87,304,305,3.0,0.0,20.18
88,306,307,5.0,0.667,36.83
89,310,311,1.5,0.333,9.19
90,312,313,6.5,4.5,46.08
91,314,315,25.0,18.0,125.77
92,318,319,3.0,0.0,19.18
93,320,321,8.0,0.0,50.43
94,322,323,17.0,0.0,112.56
95,328,329,15.5,0.5,113.24
96,332,333,34.402,7961.086,133.91
97,334,335,1.301,4.485,4.02
98,336,337,15.558,2330.11,2.04
99,340,341,8.333,0.333,42.31
100,344,345,40.429,47.619,82.16
101,346,347,4.75,0.932,35.57
102,348,349,4.833,32.879,8.82
103,354,355,1.333,0.267,9.63
104,360,361,3.111,0.111,41.81
105,362,363,1.556,0.278,21.87
106,368,369,7.0,0.0,31.8
107,370,371,12.167,2.567,57.72
108,374,375,18.5,6.3,88.29
109,380,381,3.0,0.0,13.05
110,382,383,4.0,0.0,15.08
111,386,387,3.0,0.0,12.97
112,390,391,2.333,0.333,12.42
113,392,393,2.0,0.0,12.57
114,398,399,2.75,0.25,12.15
115,400,401,18.0,0.0,87.72
116,402,403,13.111,1.111,170.52
117,404,405,21.5,0.857,281.09
118,406,407,32.25,2.214,416.58
119,408,409,14.75,0.786,182.01
120,410,411,9.5,0.333,116.33
121,412,413,4.0,0.0,23.27
122,414,415,6.0,0.0,30.47
123,418,419,24.0,0.0,125.95
124,422,423,4.4,2.3,18.85
125,424,425,20.0,0.0,98.71
126,428,429,17.0,0.0,88.72
127,432,433,9.739,1.111,124.22
128,440,441,1.111,0.111,10.56
129,452,453,1.133,0.124,8.89
130,454,455,1.1,0.1,8.38
131,462,463,25.2,64.7,106.27
132,466,467,77.667,332.333,460.6
133,470,471,26.5,12.5,111.76
134,480,481,68.25,114.917,327.89
135,484,485,5.0,0.0,24.38
136,494,495,4.034,3.122,54.03
137,496,497,2.196,0.161,48.35
138,498,499,6.235,0.664,126.35
139,500,501,1.294,0.292,20.69
140,502,503,5.106,0.141,60.86
141,506,507,193.933,6100.21,1088.11
142,510,511,4.0,0.0,14.0
143,512,513,20.5,0.5,100.79
144,514,515,34.0,0.0,150.9
145,516,517,9.5,0.5,47.21
146,520,521,20.0,0.0,96.21
147,522,523,3.0,0.0,11.45
148,524,525,26.0,0.0,148.14
149,538,539,3.5,0.5,19.91
150,542,543,12.667,0.333,61.67
151,548,549,29.875,10.696,146.71
152,552,553,18.667,1.333,91.05
153,554,555,5.0,0.5,22.08
154,558,559,7.75,0.25,36.12
155,566,567,6.0,0.5,40.12
156,568,569,15.14,2.79,111.17
157,570,571,20.833,7.424,95.94
158,572,573,21.333,2.333,92.3
159,576,577,12.4,2.8,59.39
160,578,579,10.5,1.667,47.49
161,586,587,5.0,0.0,37.82
162,588,589,7.5,0.5,56.97
163,590,591,4.0,0.0,19.26
164,592,593,7.54,0.779,157.69
165,594,595,4.297,46.376,14.03
166,596,597,6.0,36.986,43.68
167,600,601,13.5,0.5,27.29
168,610,611,2.0,0.0,9.76
169,622,623,11.5,0.5,56.67
170,628,629,10.428,56.186,85.11
171,630,631,1.685,0.232,10.81
172,632,633,1.198,0.194,3.75
173,634,635,37.375,40.839,196.59
174,636,637,62.667,31.867,327.35
175,638,639,148.025,770.966,689.29
176,640,641,24.636,6.055,117.06
177,642,643,20.611,18.84,100.7
178,644,645,24.714,12.066,114.83
179,646,647,15.333,2.333,73.46
180,648,649,38.048,5.548,180.04
181,650,651,25.2,7.7,115.13
182,654,655,18.778,3.007,94.66
183,656,657,22.197,5.194,102.28
184,658,659,22.141,10.746,105.41
185,660,661,3.916,1.38,17.58
186,664,665,11.1,1.878,50.36
187,666,667,7.159,0.75,110.74
188,668,669,2.0,0.0,10.52
189,674,675,4.5,0.5,21.77
190,676,677,5.5,0.5,29.18
191,678,679,32.0,0.0,153.99
192,680,681,12.0,0.0,69.2
193,682,683,13.0,0.0,55.99
194,684,685,7.0,0.0,36.48
195,686,687,48.2,156.2,207.14
196,688,689,15.0,0.0,68.83
197,690,691,108.0,0.0,520.75
198,706,707,28.0,2.0,160.5
199,710,711,4.0,0.0,16.38
200,722,723,176.263,2019.316,866.53
201,724,725,39.0,0.0,343.44
202,726,727,53.143,49.899,252.87
203,728,729,18.7,4.999,85.98
204,730,731,5.875,84.982,0.2
205,732,733,146.2,956.171,764.24
206,734,735,22.0,0.0,120.42
207,736,737,32.833,12.515,156.67
208,738,739,7.026,0.753,99.76
209,740,741,1.993,0.257,25.29
210,742,743,21.989,293.196,39.07
211,748,749,63.832,9632.556,186.97
212,750,751,5.346,1.023,62.58
213,792,793,6.0,1.333,28.86
214,794,795,6.0,0.0,32.44
215,798,799,6.0,0.0,30.61
216,800,801,5.5,0.5,30.46
217,804,805,5.0,0.0,30.46
218,812,813,5.571,0.286,28.88
219,814,815,7.0,0.0,34.95
220,816,817,6.5,0.5,34.94
221,818,819,5.333,0.333,28.87
222,822,823,7.0,0.0,34.94
223,826,827,6.0,0.0,28.87
224,836,837,6.0,0.0,30.12
225,848,849,8.5,12.5,28.87
226,852,853,5.5,0.5,30.46
227,856,857,9.0,0.0,45.22
228,860,861,6.5,0.5,34.94
229,864,865,7.0,1.0,34.95
230,868,869,1.206,0.168,8.57
231,870,871,8.514,0.551,67.04
232,872,873,2.906,0.281,22.1
233,874,875,1.25,0.194,9.37
234,876,877,8.9,0.576,69.18
235,878,879,5.0,0.0,67.59
236,880,881,10.275,242.035,47.81
237,882,883,10.333,0.333,76.51
238,884,885,4.0,0.0,32.4
239,886,887,5.5,0.5,37.32
240,890,891,7.0,0.0,48.33
241,894,895,6.0,0.0,46.02
242,898,899,28.0,0.0,133.84
243,908,909,2.0,0.0,9.06
244,912,913,5.0,0.0,25.08
245,914,915,6.0,0.0,32.21
246,916,917,2.0,0.0,11.34
247,918,919,2.0,0.0,6.09
248,920,921,40.75,32.25,198.68
249,926,927,29.0,0.0,156.47
250,940,941,1.5,0.5,2.06
251,946,947,6.667,0.333,35.33
252,962,963,11.0,0.0,49.67
253,980,981,11.0,27.0,40.68
254,982,983,20.0,0.0,81.42
255,984,985,16.0,33.6,67.56
256,986,987,17.0,0.0,78.12
257,988,989,1.727,0.494,6.85
258,990,991,10.067,1.21,45.22
259,1002,1003,23.0,0.0,107.87
260,1004,1005,1.667,0.333,7.21
261,1006,1007,17.5,0.5,88.53
262,1024,1025,10.0,0.0,51.99
263,1044,1045,1.615,0.256,7.49
264,1046,1047,1.846,0.141,8.13
265,1048,1049,1.338,0.225,17.09
266,1050,1051,1.278,0.282,17.3
267,1052,1053,3.407,48.617,35.82
268,1054,1055,5.067,39.294,29.69
269,1056,1057,9.17,76.371,22.2
270,1058,1059,2.071,5.148,5.71
271,1060,1061,25.0,0.0,120.76
272,1080,1081,20.333,72.333,80.24
273,1082,1083,18.0,0.0,80.44
274,1090,1091,15.5,12.5,74.21
275,1092,1093,18.0,0.0,80.43
276,1094,1095,14.0,0.0,73.06
277,1098,1099,16.0,0.0,80.27
278,1100,1101,3.0,0.0,11.95
279,1104,1105,1.969,8.031,3.45
280,1128,1129,15.0,0.0,73.51
281,1166,1167,9.308,1.064,45.02
282,1180,1181,3.5,0.5,18.39
283,1182,1183,9.0,0.0,43.61
284,1188,1189,14.0,2.0,66.8
285,1190,1191,9.0,0.5,64.47
286,1192,1193,4.625,0.268,32.42
287,1194,1195,2.875,0.411,19.56
288,1196,1197,19.0,3.333,134.96
289,1204,1205,33.0,8.0,75.27
290,1214,1215,10.0,0.0,69.67
291,1216,1217,8.871,63.481,50.47
292,1218,1219,10.057,131.604,29.15
293,1220,1221,3.023,4.532,31.44
294,1222,1223,5.498,3.463,65.62
295,1224,1225,3.412,0.332,39.29
296,1226,1227,6.143,60.476,4.29
297,1228,1229,85.875,1025.268,142.94
298,1230,1231,81.4,574.3,143.4
299,1232,1233,1.5,0.333,2.95
300,1234,1235,14.6,2.933,72.74
301,1236,1237,17.333,2.333,71.93
302,1238,1239,53.316,184.45,83.74
303,1240,1241,80.308,125.231,162.24
304,1244,1245,47.5,57.0,97.62
305,1246,1247,19.0,0.0,31.59
306,1254,1255,50.038,8682.838,118.28
307,1256,1257,9.667,0.333,48.11
308,1258,1259,7.5,1.667,33.89
309,1260,1261,10.0,2.0,48.11
310,1262,1263,5.0,0.0,28.79
311,1276,1277,19.5,112.5,4.0
312,1278,1279,132.0,25088.0,12.72
313,1282,1283,1.143,0.143,4.97
314,1286,1287,2.5,0.5,12.46
315,1288,1289,3.333,0.333,16.78
316,1292,1293,5.333,0.333,18.74
317,1294,1295,45.783,4905.269,33.71
318,1298,1299,3.0,0.0,13.52
319,1300,1301,6.0,0.0,25.92
320,1304,1305,2.833,6.567,8.53
321,1306,1307,5.0,0.0,25.78
322,1308,1309,5.0,0.0,21.45
323,1310,1311,4.0,0.0,18.38
324,1312,1313,2.333,0.333,11.86
325,1316,1317,4.0,0.4,19.07
326,1318,1319,2.0,0.0,12.65
327,1322,1323,4.714,0.238,21.62
328,1332,1333,5.0,0.571,24.86
329,1334,1335,11.25,0.917,56.25
330,1336,1337,6.4,13.8,21.33
331,1340,1341,17.0,30.0,94.12
332,1342,1343,17.0,0.0,79.54
333,1344,1345,13.6,5.8,71.76
334,1346,1347,15.667,6.333,65.3
335,1352,1353,24.5,4.5,260.94
336,1354,1355,19.0,0.0,100.69
337,1356,1357,4.111,0.361,30.44
338,1358,1359,1.444,0.278,11.65
339,1360,1361,204.667,46698.667,34.75
340,1362,1363,7.4,0.3,37.47
341,1364,1365,18.0,0.0,90.76
342,1366,1367,4.571,0.286,22.87
343,1368,1369,5.0,0.0,17.58
344,1370,1371,62.778,1394.444,0.39
345,1372,1373,3.0,0.0,15.15
346,1374,1375,6.0,0.0,33.46
347,1378,1379,130.25,35236.25,37.64
348,1380,1381,4.0,0.0,21.45
349,1382,1383,12.5,1.1,62.93
350,1388,1389,3.0,0.0,15.89
351,1400,1401,3.0,0.0,12.29
352,1406,1407,14.0,2.0,74.72
353,1408,1409,201.429,10748.619,13.65
354,1410,1411,3.0,0.0,14.16
355,1412,1413,10.0,0.0,39.82
356,1416,1417,5.333,0.333,32.93
357,1420,1421,13.25,1.583,96.84
358,1422,1423,7.333,0.333,56.78
359,1424,1425,3.556,0.278,25.73
360,1426,1427,38.0,0.0,217.33
361,1428,1429,37.439,1343.715,216.65
362,1430,1431,18.246,180.911,139.44
363,1432,1433,6.073,1.27,70.26
364,1434,1435,5.417,1.98,61.02
365,1436,1437,6.036,7.877,61.49
366,1438,1439,4.654,1.274,51.93
367,1440,1441,4.032,0.61,45.48
368,1444,1445,1.394,0.24,16.04
369,1458,1459,17.4,10.3,39.29
370,1460,1461,23.0,0.0,66.63
371,1470,1471,3.875,0.411,28.5
372,1472,1473,17.167,507.367,18.08
373,1482,1483,4.0,8.0,8.14
374,1484,1485,8.0,0.0,36.93
375,1486,1487,14.0,0.0,60.35
376,1500,1501,25.26,367.758,154.58
377,1502,1503,3.296,24.218,50.04
378,1506,1507,1.188,0.162,9.86
379,1508,1509,13.5,379.0,5.38
380,1510,1511,1.75,0.25,10.13
381,1512,1513,2.0,0.0,8.57
382,1516,1517,3.5,0.5,19.83
383,1526,1527,2.569,5.198,25.81
384,1528,1529,1.585,1.312,15.45
385,1530,1531,1.667,0.333,1.18
386,1534,1535,5.0,0.0,29.76
387,1546,1547,7.0,0.0,33.19
388,1548,1549,23.0,2.0,113.24
389,1550,1551,6.0,0.0,23.65
390,1554,1555,3.5,0.5,16.76
391,1556,1557,5.833,1.367,27.75
392,1560,1561,17.0,134.0,51.18
393,1562,1563,14.4,8.8,64.87
394,1564,1565,16.0,0.0,90.67
395,1568,1569,1.222,0.194,7.75
396,1572,1573,2.0,3.0,0.21
397,1574,1575,2.25,6.25,3.44
398,1576,1577,13.125,0.696,66.29
399,1578,1579,7.7,59.567,12.57
400,1580,1581,8.333,2.333,40.29
401,1582,1583,10.667,4.333,54.23
402,1586,1587,2.464,2.108,14.24
403,1588,1589,3.912,0.831,44.45
404,1590,1591,3.586,0.466,43.15
405,1592,1593,7.0,0.32,87.25
406,1594,1595,120.273,7347.218,76.85
407,1596,1597,8.0,0.0,54.44
408,1598,1599,7.057,1387.066,2.88
409,1600,1601,108.812,40720.37,54.16
410,1602,1603,165.59,76344.277,104.49
411,1604,1605,3.082,49.201,7.84
412,1606,1607,41.088,4876.837,96.18
413,1608,1609,27.357,3229.611,90.09
414,1610,1611,16.775,1802.103,76.59
415,1612,1613,12.571,2.286,63.48
416,1616,1617,6.941,0.742,89.18
417,1620,1621,10.353,1930.202,21.93
418,1622,1623,6.0,0.0,30.04
419,1626,1627,6.0,1.0,28.4
420,1638,1639,200.0,3028.857,1016.73
421,1642,1643,44.0,26.667,201.51
422,1644,1645,56.556,53.778,268.29
423,1646,1647,3.278,60.936,18.51
424,1648,1649,53.025,5895.374,145.56
425,1650,1651,7.792,37.367,81.08
426,1652,1653,5.667,0.333,29.65
427,1656,1657,1.4,0.267,17.18
428,1658,1659,2.1,0.544,24.53
429,1662,1663,9.583,1.174,121.31
430,1664,1665,7.86,0.599,85.38
431,1666,1667,12.721,350.444,7.52
432,1668,1669,22.219,603.209,34.72
433,1670,1671,8.607,24.47,50.69
434,1674,1675,10.0,0.0,116.85
435,1676,1677,8.6,0.3,61.12
436,1678,1679,6.667,0.333,52.26
437,1682,1683,7.5,0.5,66.87
438,1686,1687,25.0,4.0,129.93
439,1690,1691,2.966,145.853,9.23
440,1694,1695,2.828,0.542,54.28
441,1702,1703,13.8,6.7,72.84
442,1704,1705,25.283,1890.878,16.48
443,1706,1707,16.827,1475.382,14.72
444,1708,1709,25.5,61.9,97.69
445,1710,1711,9.667,0.333,44.26
446,1716,1717,1.5,0.5,5.95
447,1738,1739,8.727,1.018,40.48
448,1740,1741,2.0,0.0,5.79
449,1762,1763,1.125,0.125,4.82
450,1782,1783,4.833,0.567,23.76
451,1784,1785,6.667,0.333,23.39
452,1788,1789,5.0,0.0,23.46
453,1796,1797,4.0,0.0,19.43
454,1808,1809,18.0,0.0,74.71
455,1810,1811,16.5,12.5,76.31
456,1812,1813,15.5,0.5,76.45
457,1820,1821,6.0,0.0,34.34
458,1826,1827,6.0,0.0,22.47
459,1828,1829,13.0,4.667,26.07
460,1830,1831,25.0,0.0,50.69
461,1832,1833,7.0,0.0,63.68
462,1834,1835,12.333,5.467,83.29
463,1836,1837,5.0,0.8,38.07
464,1838,1839,8.0,1.0,63.92
465,1840,1841,12.0,1.2,86.62
466,1846,1847,1.333,0.333,7.97
467,1848,1849,1.5,0.5,7.72
468,1850,1851,2.0,0.0,11.52
469,1852,1853,3.8,0.2,27.43
470,1854,1855,13.75,1.583,100.68
471,1856,1857,3.667,0.333,25.15
472,1858,1859,9.0,0.0,106.35
473,1866,1867,6.0,1.2,35.11
474,1872,1873,4.333,0.333,35.81
475,1874,1875,3.333,0.267,23.78
476,1876,1877,3.0,0.5,20.3
477,1878,1879,3.2,0.2,19.66
478,1880,1881,3.75,0.25,26.13
479,1882,1883,2.25,0.25,15.0
480,1890,1891,7.375,54.917,62.0
481,1892,1893,22.0,0.0,149.4
482,1896,1897,15.333,9.333,26.63
483,1898,1899,8.667,2.333,16.01
484,1900,1901,19.0,0.0,40.73
485,1902,1903,6.0,0.0,14.06
486,1904,1905,4.0,0.0,7.94
487,1906,1907,14.0,0.0,25.89
488,1908,1909,8.0,0.0,20.1
489,1912,1913,8.647,1.493,108.21
490,1916,1917,1.294,0.221,10.9
491,1918,1919,15.059,3.559,191.19
492,1920,1921,30.273,2438.448,80.37
493,1922,1923,7.955,111.521,67.0
494,1924,1925,8.5,0.5,66.4
495,1926,1927,3.0,0.0,23.68
496,1928,1929,23.0,0.0,52.01
497,1930,1931,26.0,0.0,54.0
498,1938,1939,8.152,0.82,102.05
499,1940,1941,10.444,2.083,131.49
500,1942,1943,3.424,0.314,43.62
501,1944,1945,1.714,0.387,20.15
502,1946,1947,1.061,0.059,11.68
503,1950,1951,20.0,13.0,41.59
504,1960,1961,7.0,0.0,37.44
505,1962,1963,4.0,0.0,17.66
506,1964,1965,2.0,0.0,10.47
507,1966,1967,27.667,1.333,150.54
508,1968,1969,3.917,0.447,18.09
509,1970,1971,1.1,0.1,5.28
510,1978,1979,3.0,0.222,13.7
511,1982,1983,1.4,0.267,5.93
512,1986,1987,1.286,0.238,6.34
513,1988,1989,3.875,0.411,15.48
514,1992,1993,38.5,40.5,184.39
515,1994,1995,19.0,0.0,99.49
516,1996,1997,14.333,4.667,69.89
517,1998,1999,10.0,7.0,46.74
518,2000,2001,4.333,0.333,23.08
519,2002,2003,15.0,2.0,56.01
520,2004,2005,17.333,1.333,78.72
521,2006,2007,75.714,21.297,383.7
522,2010,2011,10.374,151.235,95.45
523,2012,2013,11.032,1.739,138.42
524,2016,2017,8.798,0.822,97.1
525,2018,2019,3.489,0.345,45.29
526,2020,2021,1.425,0.247,18.69
527,2022,2023,5.511,0.552,71.13
528,2024,2025,1.92,0.168,23.9
529,2026,2027,9.0,0.0,62.05
530,2028,2029,10.0,2.0,68.3
531,2030,2031,4.81,0.362,31.72
532,2032,2033,11.0,0.0,68.41
533,2034,2035,12.0,0.0,85.76
534,2036,2037,24.0,8.0,161.84
535,2038,2039,2.5,0.5,15.6
536,2040,2041,4.0,0.0,38.78
537,2042,2043,4.0,0.0,36.67
538,2044,2045,1.5,0.5,10.77
539,2046,2047,2.0,0.0,15.25
540,2048,2049,1.333,0.333,15.6
541,2050,2051,2.5,0.333,22.5
542,2052,2053,3.0,0.0,22.3
543,2060,2061,60.105,11307.556,9.38
544,2062,2063,165.912,29710.871,31.6
545,2064,2065,129.714,27969.026,26.51
546,2068,2069,2.833,0.167,20.08
547,2070,2071,3.5,0.3,28.16
548,2072,2073,2.667,0.267,18.89
549,2074,2075,3.5,0.3,27.67
550,2076,2077,2.167,0.167,17.72
551,2078,2079,3.333,0.267,25.65
552,2080,2081,30.143,2418.593,8.44
553,2082,2083,28.067,1917.638,22.47
554,2084,2085,2.867,0.267,13.98
555,2086,2087,50.25,7391.89,27.41
556,2088,2089,46.261,4254.482,28.15
557,2090,2091,56.409,5150.156,40.76
558,2092,2093,38.842,4149.09,33.11
559,2098,2099,25.0,0.0,59.22
560,2100,2101,2.0,0.0,11.54
561,2104,2105,3.375,0.268,16.2
562,2116,2117,18.0,0.5,133.07
563,2118,2119,2.0,0.0,16.83
564,2120,2121,87.25,8104.568,31.18
565,2122,2123,44.8,5432.4,11.92
566,2124,2125,13.5,408.286,13.32
567,2126,2127,34.0,1860.0,70.98
568,2130,2131,5.139,311.152,15.04
569,2132,2133,4.0,0.0,21.53
570,2136,2137,64.0,0.0,271.07
571,2142,2143,13.364,0.855,181.3
572,2144,2145,1.769,4.859,9.13
573,2146,2147,22.0,0.0,288.54
574,2148,2149,3.685,0.24,46.21
575,2150,2151,66.393,2041.185,92.59
576,2152,2153,10.6,851.583,1.07
577,2154,2155,4.458,140.977,2.19
578,2156,2157,2.239,40.817,8.63
579,2158,2159,4.765,117.085,21.71
580,2160,2161,8.5,229.638,1.24
581,2162,2163,6.285,146.632,31.1
582,2164,2165,7.422,256.938,27.68
583,2166,2167,1.183,2.045,9.85
584,2168,2169,2.39,1.54,29.55
585,2170,2171,5.037,0.502,65.18
586,2172,2173,5.559,262.219,21.11
587,2174,2175,6.661,365.759,22.19
588,2176,2177,3.007,146.409,14.56
589,2178,2179,7.176,0.529,76.27
590,2180,2181,6.111,0.575,81.11
591,2182,2183,5.75,0.804,74.04
592,2184,2185,11.636,2.676,145.3
593,2188,2189,4.758,0.252,53.01
594,2190,2191,13.693,184.768,48.33
595,2192,2193,8.008,157.887,19.48
596,2194,2195,5.199,125.217,10.69
597,2196,2197,20.308,358.803,50.72
598,2198,2199,6.0,3.0,24.48
599,2200,2201,88.8,1367.2,407.94
600,2202,2203,2.431,0.28,26.36
601,2204,2205,9.033,1.62,116.77
602,2206,2207,2.857,0.81,40.25
603,2208,2209,4.143,0.143,48.29
604,2218,2219,5.333,0.437,68.34
605,2220,2221,3.433,0.323,43.48
606,2222,2223,3.6,0.455,46.99
607,2224,2225,5.2,0.51,68.07
608,2226,2227,2.609,0.249,27.2
609,2228,2229,7.7,0.678,101.41
610,2230,2231,2.429,0.286,31.24
611,2232,2233,21.5,0.5,95.88
612,2234,2235,5.615,1.256,39.06
613,2238,2239,5.0,0.5,38.39
614,2240,2241,5.286,0.681,41.51
615,2242,2243,1.571,0.264,12.93
616,2244,2245,9.733,1.21,73.99
617,2246,2247,132.0,200.0,260.68
618,2250,2251,3.8,0.7,26.6
619,2252,2253,8.0,0.0,75.92
620,2254,2255,2.0,0.0,8.11
621,2258,2259,4.5,0.5,18.22
622,2260,2261,2.0,0.0,5.99
623,2262,2263,9.0,0.0,43.58
624,2264,2265,9.5,0.5,45.08
625,2268,2269,24.5,12.5,119.47
626,2270,2271,14.786,2.335,108.74
627,2272,2273,9.5,0.3,65.56
628,2274,2275,18.362,398.627,46.82
629,2276,2277,6.125,65.856,36.92
630,2278,2279,337.826,56477.696,65.69
631,2280,2281,161.2,25101.833,31.31
632,2282,2283,212.0,44520.8,63.41
633,2284,2285,255.794,25182.896,51.86
634,2286,2287,153.0,43256.286,122.69
635,2288,2289,7.0,0.0,44.88
636,2290,2291,4.5,0.5,27.81
637,2294,2295,14.333,6.333,100.05
638,2298,2299,9.1,0.862,66.9
639,2300,2301,8.212,455.229,36.5
640,2302,2303,16.5,4.5,119.45
641,2304,2305,3.0,0.0,21.8
642,2306,2307,9.0,0.0,62.71
643,2308,2309,2.0,0.0,13.85
644,2318,2319,35.875,523.268,69.11
645,2320,2321,3.5,0.5,17.29
646,2322,2323,7.0,0.0,37.91
647,2326,2327,6.772,0.679,106.64
648,2366,2367,26.692,878.727,41.32
649,2368,2369,5.558,0.604,71.95
650,2370,2371,7.154,0.721,91.9
651,2372,2373,12.358,2.081,159.06
652,2374,2375,4.83,0.413,61.75
653,2376,2377,3.981,0.288,51.09
654,2378,2379,10.396,1.59,133.02
655,2380,2381,16.321,2.722,209.65
656,2382,2383,2.302,0.215,30.62
657,2384,2385,22.4,3.378,166.04
658,2386,2387,11.818,2.164,84.93
659,2388,2389,22.2,65.289,177.71
660,2390,2391,11.875,2.696,84.61
661,2392,2393,7.01,1.611,101.2
662,2394,2395,2.497,0.329,36.53
663,2396,2397,18.828,6.435,270.15
664,2416,2417,21.5,220.5,64.27
665,2428,2429,10.25,1.583,68.45
666,2430,2431,5.5,0.5,41.23
667,2432,2433,4.0,2.0,31.28
668,2434,2435,19.0,8.0,119.13
669,2436,2437,4.0,0.0,19.87
670,2438,2439,4.0,0.0,21.52
671,2442,2443,9.0,0.0,74.82
672,2444,2445,4.0,0.5,25.83
673,2446,2447,11.0,0.0,74.71
674,2448,2449,5.667,0.333,39.52
675,2450,2451,10.2,0.2,78.34
676,2452,2453,6.833,0.567,53.1
677,2454,2455,14.0,7.0,106.2
678,2456,2457,13.8,3.7,100.36
679,2458,2459,4.8,0.2,32.43
680,2460,2461,3.5,0.5,23.74
681,2462,2463,10.0,0.0,69.86
682,2466,2467,16.992,3.992,197.5
683,2468,2469,2.178,0.21,27.78
684,2470,2471,21.169,8.545,270.5
685,2472,2473,2.535,0.391,26.27
686,2474,2475,12.5,140.0,12.55
687,2476,2477,25.5,3.9,127.86
688,2478,2479,10.786,141.258,21.09
689,2484,2485,21.113,3509.602,21.69
690,2488,2489,6.0,8.0,22.63
691,2490,2491,12.667,1.333,96.76
692,2492,2493,16.0,2.0,115.63
693,2494,2495,10.4,0.3,77.28
694,2496,2497,8.3,1.114,60.69
695,2498,2499,7.875,1.016,59.32
696,2500,2501,4.409,0.399,33.17
697,2502,2503,63.403,1329.517,168.94
698,2506,2507,9.0,0.0,45.37
699,2508,2509,2.0,0.0,9.83
700,2510,2511,2.0,0.0,11.32
701,2512,2513,60.0,10072.0,2.49
702,2514,2515,46.8,6013.2,3.89
703,2516,2517,28.6,9.8,126.59
704,2518,2519,41.833,1162.167,87.61
705,2524,2525,6.5,0.5,30.39
706,2528,2529,18.0,0.0,88.14
707,2532,2533,22.5,760.5,17.48
708,2536,2537,4.0,1.0,17.58
709,2538,2539,5.0,0.0,30.08
710,2542,2543,6.333,0.333,28.52
711,2544,2545,3.0,0.0,15.59
712,2546,2547,2.75,12.25,3.37
713,2548,2549,9.0,0.0,44.31
714,2550,2551,9.0,0.0,43.97
715,2554,2555,5.0,0.0,27.23
716,2556,2557,1.607,24.4,6.73
717,2558,2559,4.82,63.769,36.94
718,2560,2561,8.159,98.697,74.12
719,2564,2565,9.0,0.0,56.59
720,2568,2569,2.25,0.25,11.84
721,2570,2571,3.5,0.5,17.65
722,2578,2579,80.0,16133.81,44.76
723,2580,2581,10.222,736.418,21.75
724,2582,2583,26.0,3552.947,59.63
725,2586,2587,2.55,0.366,19.02
726,2598,2599,21.512,844.856,43.87
727,2600,2601,16.8,3.871,121.56
728,2602,2603,5.4,9.378,32.63
729,2604,2605,3.375,0.268,27.94
730,2606,2607,5.0,0.0,40.39
731,2610,2611,11.333,0.333,83.85
732,2612,2613,12.333,1.867,87.32
733,2614,2615,27.579,11.146,134.84
734,2616,2617,60.714,45.905,298.75
735,2618,2619,10.731,7.596,47.63
736,2620,2621,6.625,3.468,30.74
737,2622,2623,5.667,8.333,17.83
738,2626,2627,8.545,0.736,101.54
739,2630,2631,29.0,0.0,152.02
740,2632,2633,3.636,0.338,26.49
741,2634,2635,1.095,0.09,7.77
742,2636,2637,2.045,0.331,15.75
743,2638,2639,10.4,0.8,53.33
744,2642,2643,7.2,9.733,28.47
745,2644,2645,17.0,4.667,84.18
746,2646,2647,2.667,13.095,4.16
747,2648,2649,9.0,2.4,38.46
748,2650,2651,9.5,1.667,42.45
749,2652,2653,96.167,9170.971,17.27
750,2654,2655,78.364,2006.655,71.79
751,2656,2657,12.556,2.028,62.2
752,2660,2661,4.0,0.0,20.05
753,2662,2663,104.0,7461.0,21.91
754,2664,2665,45.681,9726.805,35.7
755,2666,2667,140.88,37917.972,114.09
756,2668,2669,16.463,2131.169,14.3
757,2670,2671,11.384,1562.884,11.8
758,2676,2677,18.077,1.91,133.12
759,2678,2679,5.727,0.418,43.36
760,2680,2681,2.636,0.255,18.95
761,2682,2683,1.818,0.164,14.41
762,2684,2685,6.818,0.764,51.37
763,2690,2691,7.333,6.333,56.39
764,2692,2693,12.5,3.0,88.0
765,2694,2695,2.867,0.124,23.79
766,2700,2701,15.0,1.0,104.24
767,2702,2703,1.2,0.2,8.63
768,2706,2707,3.167,0.167,22.06
769,2708,2709,5.0,0.0,39.77
770,2710,2711,20.667,4.333,165.4
771,2712,2713,17.0,2.0,125.19
772,2714,2715,14.0,0.0,106.45
773,2716,2717,13.0,0.0,97.35
774,2722,2723,5.0,0.0,22.18
775,2728,2729,4.952,0.248,23.57
776,2732,2733,8.667,107.095,25.07
777,2734,2735,1.667,0.333,26.54
778,2736,2737,2.25,0.25,27.6
779,2738,2739,1.333,0.267,12.3
780,2752,2753,6.75,0.25,52.44
781,2754,2755,4.0,0.0,25.64
782,2756,2757,34.0,32.0,212.17
783,2758,2759,16.0,0.0,132.68
784,2760,2761,2.5,0.286,13.28
785,2762,2763,17.414,6.457,82.0
786,2764,2765,5.6,1.3,26.27
787,2768,2769,1.125,0.117,4.81
788,2770,2771,7.429,0.957,35.27
789,2776,2777,7.0,0.0,48.64
790,2780,2781,4.0,0.0,22.02
791,2782,2783,14.0,1.333,62.79
792,2786,2787,14.25,1.583,71.17
793,2790,2791,10.25,7.583,49.67
794,2796,2797,99.0,0.0,22.26
795,2802,2803,378.0,23725.0,101.15
796,2804,2805,32.333,556.0,36.13
797,2806,2807,10.0,1.0,72.92
798,2808,2809,11.0,1.333,81.44
799,2810,2811,9.286,1.571,69.18
800,2812,2813,9.571,0.952,72.73
801,2814,2815,29.043,1369.771,75.96
802,2816,2817,13.333,1.515,103.14
803,2818,2819,7.364,1.195,53.52
804,2820,2821,5.958,33.868,36.9
805,2822,2823,5.333,0.333,35.54
806,2826,2827,112.548,42516.114,39.6
807,2828,2829,542.821,585644.183,207.1
808,2830,2831,176.968,161419.056,65.61
809,2844,2845,11.018,8.678,193.83
810,2846,2847,1.508,3.383,4.11
811,2848,2849,25.346,13.939,337.38
812,2850,2851,7.537,0.8,113.8
813,2852,2853,9.679,1.23,149.02
814,2854,2855,8.047,0.904,125.42
815,2856,2857,1.751,0.209,27.18
816,2858,2859,6.427,0.539,91.37
817,2868,2869,3.5,0.5,16.4
818,2870,2871,11.0,0.0,59.9
819,2872,2873,2.0,0.0,11.7
820,2888,2889,2.0,0.0,8.87
821,2892,2893,3.6,0.3,14.22
822,2894,2895,21.5,4.5,112.03
823,2896,2897,5.667,0.333,36.15
824,2898,2899,1.625,0.268,8.99
825,2902,2903,130.0,0.0,536.13
826,2904,2905,3.286,0.328,41.92
827,2906,2907,6.928,5.568,58.86
828,2908,2909,2.133,0.165,26.99
829,2912,2913,5.457,0.432,63.02
830,2914,2915,1.167,0.167,8.64
831,2918,2919,2.833,10.567,1.39
832,2920,2921,2.288,0.619,22.85
833,2924,2925,1.961,0.116,23.75
834,2926,2927,10.913,1.375,136.32
835,2928,2929,14.417,2.795,183.53
836,2930,2931,6.716,0.542,84.5
837,2932,2933,8.786,0.719,111.23
838,2934,2935,167.407,60283.777,45.7
839,2936,2937,11.7,33.344,47.48
840,2940,2941,11.8,2.7,88.06
841,2942,2943,11.2,3.7,81.9
842,2944,2945,5.0,0.0,38.73
843,2950,2951,7.05,0.787,97.28
844,2952,2953,3.333,0.233,42.34
845,2954,2955,2.286,0.214,27.31
846,2956,2957,22.0,0.0,123.52
847,2958,2959,13.584,33.519,128.76
848,2960,2961,12.081,61.362,70.55
849,2962,2963,2.429,1.021,21.81
850,2964,2965,5.422,0.613,69.78
851,2972,2973,21.462,418.769,15.63
852,2974,2975,5.0,0.364,24.24
853,2976,2977,4.024,16.874,10.78
854,2978,2979,4.214,0.545,19.55
855,2980,2981,16.714,2.22,82.19
856,2986,2987,5.096,291.31,5.79
857,2988,2989,35.202,2146.765,36.08
858,2990,2991,24.365,1144.855,25.22
859,2992,2993,24.461,1435.558,25.16
860,2994,2995,72.788,4285.332,95.43
861,2996,2997,10.0,0.0,4.52
862,3018,3019,42.0,26.8,206.84
863,3022,3023,5.0,0.0,25.27
864,3024,3025,4.0,0.0,19.51
865,3044,3045,21.0,0.0,117.7
866,3046,3047,5.625,1.125,27.41
867,3048,3049,10.6,3.3,49.11
868,3050,3051,3.714,0.571,19.13
869,3070,3071,8.0,2.0,39.22
870,3072,3073,15.667,3.467,78.94
871,3112,3113,12.571,133.952,14.74
872,3130,3131,44.1,20.544,203.46
873,3134,3135,35.0,0.0,202.85
874,3142,3143,25.286,9.571,130.36
875,3144,3145,21.571,7.952,110.33
876,3146,3147,23.0,5.333,114.55
877,3148,3149,71.0,0.0,330.73
878,3156,3157,5.722,0.918,27.44
879,3158,3159,8.462,1.936,39.41
880,3180,3181,11.0,0.667,53.02
881,3182,3183,5.0,0.667,21.76
882,3196,3197,26.333,18.75,123.53
883,3226,3227,10.667,0.333,48.92
884,3228,3229,6.5,0.5,29.66
885,3230,3231,6.0,0.0,30.35
886,3234,3235,2.5,0.5,11.48
887,3242,3243,23.0,2.0,114.88
888,3246,3247,10.042,2.476,47.36
889,3248,3249,3.444,0.278,17.04
890,3252,3253,22.0,242.0,48.01
891,3256,3257,2.0,0.0,7.26
892,3260,3261,3.333,2.333,0.2
893,3262,3263,10.0,0.0,54.96
894,3266,3267,2.5,0.5,8.31
895,3270,3271,18.0,2.0,94.49
896,3274,3275,3.556,5.528,9.7
897,3276,3277,5.0,0.0,22.71
898,3278,3279,4.0,0.0,23.83
899,3280,3281,4.0,0.0,17.63
900,3282,3283,4.0,0.0,23.89
901,3288,3289,5.6,0.489,23.93
902,3292,3293,5.0,0.0,23.84
903,3296,3297,5.0,0.0,23.03
904,3298,3299,3.0,0.0,19.48
905,3302,3303,10.571,247.157,1.82
906,3304,3305,38.286,808.571,110.61
907,3308,3309,3.556,0.278,18.15
908,3310,3311,4.667,46.533,2.89
909,3312,3313,17.154,389.141,39.67
910,3316,3317,11.0,0.0,60.34
911,3318,3319,2.0,0.0,12.62
912,3320,3321,12.333,1.333,62.03
913,3326,3327,4.0,0.0,19.1
914,3332,3333,4.5,0.5,23.03
915,3334,3335,12.0,0.0,61.4
916,3344,3345,8.421,210.575,23.34
917,3346,3347,1.278,0.206,14.7
918,3348,3349,10.0,0.0,109.46
919,3350,3351,43.918,10954.493,23.44
920,3352,3353,118.091,44742.788,88.46
921,3354,3355,3.071,305.073,14.2
922,3362,3363,6.5,0.333,29.98
923,3364,3365,6.0,0.4,29.78
924,3366,3367,7.9,7.511,90.4
925,3368,3369,29.227,19.159,340.74
926,3376,3377,44.333,65.333,207.28
927,3378,3379,32.0,28.667,158.42
928,3380,3381,53.0,14.5,274.15
929,3382,3383,40.6,29.822,199.83
930,3384,3385,200.9,2322.322,1045.06
931,3386,3387,71.625,95.723,341.18
932,3388,3389,46.167,20.152,210.43
933,3390,3391,48.222,28.944,220.26
934,3392,3393,1.333,0.333,6.6
935,3394,3395,171.0,4342.0,949.7
936,3396,3397,1.974,0.447,14.72
937,3398,3399,119.235,9848.566,15.42
938,3400,3401,248.176,18819.904,21.42
939,3402,3403,270.438,14998.796,29.93
940,3404,3405,47.4,5897.3,3.08
941,3406,3407,19.333,2.333,44.65
942,3410,3411,8.0,0.0,28.44
943,3412,3413,16.0,0.0,46.66
944,3418,3419,11.0,0.0,90.96
945,3420,3421,5.0,0.0,30.98
946,3422,3423,7.5,4.5,55.5
947,3424,3425,6.0,2.0,46.42
948,3428,3429,16.667,310.333,26.22
949,3430,3431,17.0,0.0,130.23
950,3434,3435,3.865,3.12,22.33
951,3436,3437,2.194,0.161,16.74
952,3438,3439,2.0,0.0,15.64
953,3440,3441,13.0,0.0,91.7
954,3444,3445,1.029,0.029,4.9
955,3448,3449,17.97,4.03,134.51
956,3450,3451,4.474,0.263,32.8
957,3452,3453,9.444,0.85,71.32
958,3454,3455,3.833,0.5,29.73
959,3456,3457,4.4,0.3,26.73
960,3458,3459,13.5,0.5,96.77
961,3460,3461,5.25,0.25,33.56
962,3462,3463,3.5,0.5,26.8
963,3464,3465,81.5,23.0,398.83
964,3466,3467,3.0,0.0,17.81
965,3468,3469,6.0,0.0,29.33
966,3472,3473,28.0,0.0,142.82
967,3480,3481,8.0,0.0,42.71
968,3484,3485,6.0,1.0,114.52
969,3486,3487,3.0,0.0,29.41
970,3488,3489,57.348,118.783,116.64
971,3490,3491,251.778,2455.444,526.52
972,3508,3509,33.253,31.03,159.58
973,3510,3511,389.0,3448.286,776.65
974,3512,3513,25.25,36.023,113.94
975,3518,3519,7.167,0.167,83.39
976,3520,3521,12.333,0.333,56.88
977,3522,3523,25.267,191.513,71.78
978,3530,3531,9.0,0.0,46.27
979,3532,3533,4.0,0.0,20.73
980,3538,3539,86.182,4730.364,0.2
981,3548,3549,7.0,2.0,46.8
982,3550,3551,18.0,0.0,39.93
983,3554,3555,11.333,2.333,53.34
984,3558,3559,84.333,19602.333,17.24
985,3560,3561,48.833,9809.367,42.04
986,3562,3563,340.556,102505.32,43.65
987,3564,3565,3.667,1.333,19.57
988,3568,3569,61.0,7706.667,24.7
989,3576,3577,11.333,1.333,52.1
990,3580,3581,5.0,0.0,24.46
991,3584,3585,3.0,0.0,14.16
992,3588,3589,34.0,4134.545,2.69
993,3590,3591,107.875,16825.268,44.43
994,3592,3593,9.0,1.0,44.55
995,3598,3599,11.0,0.0,61.06
996,3602,3603,3.0,0.0,9.62
997,3604,3605,2.0,0.0,9.64
998,3606,3607,1.5,0.333,7.1
999,3608,3609,8.0,1.0,39.69
1000,3610,3611,17.75,6.386,89.28
1001,3614,3615,7.667,0.333,37.19
1002,3616,3617,9.0,1.0,43.99
1003,3618,3619,9.75,2.25,48.28
1004,3622,3623,2.0,5.0,1.09
1005,3624,3625,37.0,0.0,189.7
1006,3628,3629,3.333,0.333,11.57
1007,3630,3631,5.0,0.0,27.82
1008,3632,3633,4.25,0.25,19.08
1009,3634,3635,7.7,17.789,23.99
1010,3636,3637,19.667,3.467,100.14
1011,3638,3639,5.0,0.471,24.01
1012,3642,3643,2.406,10.314,7.15
1013,3644,3645,3.833,42.515,0.63
1014,3646,3647,18.0,32.0,75.73
1015,3648,3649,1.438,3.062,4.0
1016,3650,3651,101.0,0.0,482.05
1017,3652,3653,9.0,0.0,46.07
1018,3654,3655,13.0,0.0,60.83
1019,3656,3657,3.625,3.411,14.9
1020,3658,3659,14.667,0.333,70.85
1021,3662,3663,28.75,11.583,62.42
1022,3664,3665,15.0,0.0,34.08
1023,3668,3669,1.429,0.286,4.48
1024,3670,3671,13.5,0.5,37.23
1025,3672,3673,32.5,4.5,58.06
1026,3674,3675,3.5,0.455,16.55
1027,3678,3679,3.0,0.571,13.93
1028,3680,3681,3.222,0.194,14.94
1029,3682,3683,3.826,0.332,19.79
1030,3684,3685,2.9,3.989,11.5
1031,3686,3687,4.2,0.417,20.63
1032,3688,3689,1.235,0.191,6.03
1033,3692,3693,2.0,5.0,1.54
1034,3694,3695,45.062,57.529,230.05
1035,3698,3699,2.5,0.3,12.38
1036,3700,3701,10.0,0.0,46.3
1037,3702,3703,12.0,0.0,58.48
1038,3708,3709,14.333,2.333,75.98
1039,3710,3711,34.0,0.0,196.34
1040,3712,3713,4.0,0.0,18.26
1041,3714,3715,8.0,0.0,41.4
1042,3716,3717,8.0,0.0,44.65
1043,3718,3719,1.5,0.5,6.58
1044,3720,3721,8.0,0.0,34.11
1045,3724,3725,65.083,5663.326,57.35
1046,3726,3727,26.775,1080.594,95.12
1047,3728,3729,4.046,6.711,47.19
1048,3730,3731,13.889,2.268,176.13
1049,3732,3733,1.84,0.298,17.38
1050,3734,3735,3.27,0.314,39.77
1051,3742,3743,7.5,0.5,42.34
1052,3746,3747,3.5,0.5,18.03
1053,3748,3749,9.4,1.156,44.48
1054,3750,3751,13.857,1.81,64.23
1055,3752,3753,20.0,6.5,91.25
1056,3756,3757,8.333,0.333,37.02
1057,3764,3765,2.733,1.067,11.09
1058,3766,3767,10.5,0.5,45.09
1059,3772,3773,8.0,0.0,42.79
1060,3776,3777,15.857,41.476,67.11
1061,3778,3779,45.0,0.0,89.49
1062,3788,3789,21.0,0.0,100.75
1063,3790,3791,1.095,0.09,5.71
1064,3792,3793,22.857,17.476,101.23
1065,3798,3799,73.857,2867.81,119.98
1066,3800,3801,34.333,1.333,165.69
1067,3802,3803,4.0,8.222,10.14
1068,3804,3805,14.0,0.0,73.69
1069,3806,3807,2.875,0.411,13.15
1070,3808,3809,3.25,6.25,9.64
1071,3810,3811,2.2,2.7,2.4
1072,3818,3819,10.0,0.0,54.34
1073,3820,3821,15.786,44.027,60.32
1074,3822,3823,3.875,0.411,18.69
1075,3824,3825,1.333,0.333,1.39
1076,3826,3827,2.444,0.278,11.88
1077,3830,3831,5.5,0.5,28.14
1078,3832,3833,1.4,0.8,1.33
1079,3836,3837,2.0,0.0,9.29
1080,3840,3841,11.25,0.25,52.89
1081,3842,3843,9.667,0.333,44.26
1082,3844,3845,5.5,0.333,26.69
1083,3846,3847,4.5,49.0,0.69
1084,3848,3849,25.75,678.917,21.63
1085,3854,3855,48.5,24.5,229.01
1086,3856,3857,1.5,0.5,8.73
1087,3858,3859,13.333,2.0,66.25
1088,3860,3861,8.0,3.0,37.37
1089,3862,3863,26.5,612.5,43.05
1090,3864,3865,2.0,0.667,9.69
1091,3866,3867,5.0,0.0,26.82
1092,3872,3873,2.0,0.0,7.07
1093,3874,3875,4.0,0.0,24.71
1094,3876,3877,6.0,2.0,43.35
1095,3878,3879,2.0,0.0,14.8
1096,3884,3885,4.0,0.0,14.74
1097,3888,3889,4.0,1.0,18.57
1098,3890,3891,5.0,0.0,21.43
1099,3892,3893,16.545,2.073,117.53
1100,3894,3895,11.0,0.0,58.66
1101,3896,3897,9.0,0.0,40.09
1102,3898,3899,46.0,0.0,224.49
1103,3902,3903,3.5,18.286,1.36
1104,3904,3905,9.654,6.875,59.98
1105,3906,3907,6.357,0.709,43.88
1106,3908,3909,7.0,0.5,47.6
1107,3910,3911,2.133,0.124,11.38
1108,3912,3913,5.636,0.455,40.79
1109,3914,3915,2.714,0.22,20.1
1110,3916,3917,16.235,3.066,118.79
1111,3918,3919,5.042,0.451,61.49
1112,3922,3923,4.0,0.0,0.2
1113,3924,3925,3.144,0.312,39.96
1114,3928,3929,12.0,2.0,134.57
1115,3934,3935,38.5,24.5,196.01
1116,3936,3937,4.5,0.5,20.93
1117,3938,3939,32.0,0.0,143.94
1118,3940,3941,32.25,4.917,150.38
1119,3942,3943,22.5,5.667,110.46
1120,3944,3945,17.0,0.0,75.03
1121,3948,3949,362.647,58858.118,156.42
1122,3950,3951,11.8,2.622,54.43
1123,3952,3953,2.0,4.0,0.2
1124,3954,3955,11.625,1.411,58.23
1125,3956,3957,13.6,1.3,66.87
1126,3958,3959,12.0,0.0,61.3
1127,3964,3965,11.8,2.7,88.17
1128,3970,3971,12.5,0.5,96.96
1129,3972,3973,10.0,0.0,82.49
1130,3974,3975,4.667,0.333,26.89
1131,3976,3977,11.0,1.0,78.86
1132,3978,3979,15.5,0.5,100.52
1133,3980,3981,10.0,0.0,82.26
1134,3982,3983,1.5,0.5,9.29
1135,3984,3985,2.5,0.5,22.71
1136,3986,3987,2.5,0.333,18.43
1137,3988,3989,5.0,0.0,29.85
1138,3992,3993,3.0,0.0,19.15
1139,3994,3995,71.0,338.0,335.35
1140,3996,3997,4.5,0.5,20.73
1141,3998,3999,8.571,1.952,38.57
1142,4000,4001,5.4,1.8,24.68
1143,4002,4003,11.5,3.0,58.75
1144,4004,4005,9.0,1.333,46.84
1145,4006,4007,28.0,13.0,135.83
1146,4008,4009,6.0,0.0,31.98
1147,4026,4027,2.667,0.333,14.07
1148,4030,4031,2.923,0.41,22.46
1149,4032,4033,6.923,0.91,52.1
1150,4040,4041,18.2,21.2,82.39
1151,4042,4043,4.0,0.0,19.68
1152,4050,4051,6.0,1.0,29.57
1153,4054,4055,5.0,0.0,24.11
1154,4060,4061,38.188,20.829,188.69
1155,4074,4075,25.4,22.3,59.57
1156,4076,4077,29.0,2.0,53.68
1157,4080,4081,15.0,0.0,62.71
1158,4082,4083,5.25,0.25,26.76
1159,4092,4093,37.5,4.5,183.03
1160,4094,4095,57.0,16.0,267.12
1161,4096,4097,10.667,0.333,50.12
1162,4104,4105,4.567,0.875,40.09
1163,4106,4107,12.1,7.211,103.55
1164,4108,4109,1.778,0.194,14.36
1165,4116,4117,27.905,1438.869,2.2
1166,4118,4119,31.296,2199.052,34.63
1167,4122,4123,9.188,377.417,14.68
1168,4124,4125,15.212,375.866,46.05
1169,4126,4127,4.961,0.572,35.98
1170,4128,4129,50.682,500.101,309.1
1171,4130,4131,1.928,0.158,24.34
1172,4136,4137,4.457,0.424,56.55
1173,4138,4139,1.683,0.259,21.03
1174,4140,4141,15.82,4.755,202.41
1175,4142,4143,1.82,0.169,23.66
1176,4144,4145,4.494,0.458,56.63
1177,4146,4147,2.516,0.368,31.83
1178,4148,4149,1.437,0.274,16.77
1179,4150,4151,1.071,0.066,11.62
1180,4152,4153,2.486,0.252,30.85
1181,4154,4155,1.64,0.233,21.06
1182,4156,4157,1.865,0.172,22.92
1183,4158,4159,21.163,260.709,57.09
1184,4160,4161,7.785,23.692,80.15
1185,4162,4163,1.892,0.119,24.33
1186,4164,4165,2.161,0.158,27.56
1187,4166,4167,1.731,0.199,22.5
1188,4168,4169,3.553,0.293,45.62
1189,4170,4171,9.549,1.26,120.47
1190,4172,4173,13.13,1.872,166.06
1191,4174,4175,10.217,0.918,124.87
1192,4176,4177,3.0,0.0,18.48
1193,4178,4179,3.5,0.5,17.02
1194,4186,4187,18.667,2.333,91.08
1195,4188,4189,13.0,0.667,61.5
1196,4190,4191,19.0,13.0,47.58
1197,4192,4193,22.0,8.0,50.3
1198,4196,4197,63.0,0.0,312.6
1199,4206,4207,4.2,0.2,18.49
1200,4208,4209,42.412,2881.132,0.19
1201,4212,4213,14.0,3.0,73.32
1202,4216,4217,91.704,25207.154,37.52
1203,4218,4219,2.0,1.333,10.65
1204,4220,4221,1.4,0.267,16.86
1205,4222,4223,6.333,2.333,27.86
1206,4224,4225,9.0,2.0,45.23
1207,4226,4227,2.0,1.0,9.45
1208,4228,4229,3.1,0.1,14.34
1209,4230,4231,5.5,0.5,22.41
1210,4232,4233,18.0,0.0,99.08
1211,4236,4237,39.667,2.333,192.4
1212,4238,4239,15.269,5.405,116.16
1213,4240,4241,2.48,0.26,17.11
1214,4242,4243,11.941,141.39,43.51
1215,4246,4247,20.333,307.077,16.07
1216,4248,4249,12.157,2.399,181.31
1217,4250,4251,5.0,0.0,27.19
1218,4252,4253,8.0,0.0,44.44
1219,4254,4255,1.667,0.333,7.43
1220,4256,4257,6.5,0.333,34.12
1221,4260,4261,25.167,4.967,123.49
1222,4296,4297,2.0,0.0,7.37
1223,4300,4301,3.0,0.0,0.2
1224,4302,4303,7.25,0.25,34.38
1225,4304,4305,4.0,0.0,18.09
1226,4306,4307,2.0,0.0,7.53
1227,4314,4315,67.8,10.7,321.18
1228,4316,4317,2.25,0.25,10.61
1229,4318,4319,4.0,0.0,17.17
1230,4320,4321,3.0,0.0,19.42
1231,4322,4323,11.0,0.0,108.36
1232,4326,4327,8.0,0.0,74.19
1233,4328,4329,9.0,0.0,72.03
1234,4330,4331,7.0,0.0,55.93
1235,4338,4339,3.0,0.4,19.18
1236,4340,4341,4.5,0.7,33.55
1237,4342,4343,20.0,2.0,157.79
1238,4344,4345,26.0,0.0,233.84
1239,4350,4351,13.0,0.0,84.32
1240,4354,4355,5.25,1.071,40.88
1241,4356,4357,11.5,1.667,83.63
1242,4358,4359,8.8,1.7,63.81
1243,4362,4363,15.2,5.2,69.99
1244,4364,4365,6.091,0.491,30.69
1245,4366,4367,8.0,0.0,34.71
1246,4368,4369,17.0,0.0,91.28
1247,4372,4373,11.25,4.917,48.15
1248,4374,4375,4.0,1.2,17.89
1249,4376,4377,18.75,3.295,39.68
1250,4378,4379,14.5,0.5,33.62
1251,4382,4383,30.2,21.289,63.76
1252,4386,4387,8.0,2.0,39.98
1253,4388,4389,1.222,0.183,6.17
1254,4402,4403,25.025,13.814,401.9
1255,4408,4409,13.6,762.8,1.94
1256,4414,4415,12.5,0.5,68.11
1257,4418,4419,8.0,0.0,49.21
1258,4422,4423,9.0,0.0,49.23
1259,4424,4425,4.0,0.0,20.53
1260,4426,4427,2.0,0.0,12.92
1261,4428,4429,11.0,0.0,49.21
1262,4430,4431,10.5,0.5,49.17
1263,4432,4433,12.0,0.0,49.24
1264,4434,4435,6.0,0.0,25.89
1265,4436,4437,4.0,0.0,18.99
1266,4438,4439,10.5,0.333,49.14
1267,4440,4441,8.0,2.0,32.93
1268,4448,4449,1.5,0.3,5.67
1269,4458,4459,55.5,0.5,317.5
1270,4462,4463,63.0,0.0,317.49
1271,4466,4467,3.667,0.333,18.28
1272,4468,4469,18.0,0.0,73.73
1273,4472,4473,18.5,0.5,82.2
1274,4480,4481,28.0,0.0,132.46
1275,4482,4483,8.0,0.0,32.68
1276,4486,4487,7.636,0.655,38.64
1277,4488,4489,4.25,0.214,21.98
1278,4490,4491,11.141,1.204,164.0
1279,4492,4493,3.777,0.321,56.29
1280,4494,4495,1.009,0.009,12.69
1281,4496,4497,1.908,0.176,27.91
1282,4498,4499,23.171,529.467,176.68
1283,4506,4507,1.833,0.167,7.39
1284,4508,4509,5.714,0.905,25.92
1285,4510,4511,6.0,0.0,26.31
1286,4516,4517,6.5,0.333,34.15
1287,4518,4519,1.333,0.333,8.02
1288,4520,4521,2.5,0.5,13.68
1289,4528,4529,8.8,11.7,50.88
1290,4530,4531,7.25,0.917,35.41
1291,4532,4533,15.4,4.3,74.25
1292,4534,4535,9.0,0.0,45.16
1293,4540,4541,30.0,10.0,148.92
1294,4542,4543,4.824,0.654,23.54
1295,4546,4547,2.0,3.0,1.18
1296,4548,4549,7.0,2.0,33.78
1297,4550,4551,8.0,0.0,42.55
1298,4554,4555,7.5,0.5,41.46
1299,4556,4557,5.5,0.5,27.83
1300,4558,4559,4.0,0.0,15.62
1301,4560,4561,4.25,0.25,23.34
1302,4564,4565,7.0,0.0,31.46
1303,4572,4573,5.0,0.0,23.72
1304,4574,4575,9.0,0.0,51.82
1305,4576,4577,19.0,0.0,95.48
1306,4582,4583,4.667,1.067,23.41
1307,4586,4587,10.0,0.0,48.46
1308,4588,4589,13.333,2.333,63.8
1309,4590,4591,3.25,1.357,12.27
1310,4592,4593,4.0,0.0,21.72
1311,4616,4617,4.286,0.905,19.16
1312,4620,4621,5.0,32.0,1.61
1313,4622,4623,8.111,355.361,4.74
1314,4624,4625,1.143,0.143,3.8
1315,4632,4633,1.2,0.2,2.82
1316,4634,4635,1.091,0.091,5.51
1317,4636,4637,1.25,0.5,2.18
1318,4638,4639,39.333,3809.333,31.62
1319,4640,4641,2.0,0.0,11.33
1320,4642,4643,12.0,0.0,50.48
1321,4644,4645,90.75,12676.25,11.46
1322,4648,4649,2.0,0.0,7.9
1323,4650,4651,7.0,0.0,26.04
1324,4658,4659,79.5,24.5,65.52
1325,4664,4665,2.0,0.0,10.1
1326,4666,4667,121.0,4050.0,34.49
1327,4668,4669,7.333,17.333,28.58
1328,4674,4675,62.667,5509.333,9.12
1329,4676,4677,51.6,3937.8,1.49
1330,4680,4681,39.5,5170.3,5.05
1331,4682,4683,2.167,8.167,2.31
1332,4686,4687,151.8,5025.7,0.2
1333,4692,4693,3.5,0.571,44.38
1334,4696,4697,2.923,0.244,31.97
1335,4698,4699,3.385,0.423,44.19
1336,4700,4701,4.615,0.256,50.12
1337,4702,4703,5.625,0.517,68.68
1338,4704,4705,2.0,0.267,25.55
1339,4712,4713,4.5,0.5,53.85
1340,4714,4715,2.0,0.0,19.05
1341,4718,4719,2.0,0.0,17.24
1342,4720,4721,3.5,0.5,43.25
1343,4722,4723,22.5,4.5,306.6
1344,4724,4725,5.667,1.333,63.27
1345,4728,4729,4.8,0.2,46.15
1346,4730,4731,2.125,0.125,13.33
1347,4732,4733,9.5,1.714,113.26
1348,4734,4735,2.625,0.268,30.35
1349,4752,4753,2.333,0.333,9.34
1350,4768,4769,6.0,0.0,32.3
1351,4770,4771,7.0,0.0,33.26
1352,4790,4791,3.0,0.0,18.39
1353,4802,4803,5.5,0.5,25.23
1354,4804,4805,6.0,0.0,29.79
1355,4806,4807,9.5,12.5,29.56
1356,4808,4809,3.0,0.0,17.18
1357,4812,4813,10.562,1.596,50.59
1358,4816,4817,6.0,0.0,31.21
1359,4818,4819,4.0,0.0,20.41
1360,4820,4821,8.5,13.9,30.96
1361,4822,4823,4.0,0.0,18.59
1362,4824,4825,5.0,0.0,20.3
1363,4830,4831,15.667,9.333,75.13
1364,4832,4833,14.5,1.667,77.66
1365,4834,4835,6.5,0.5,30.84
1366,4844,4845,32.0,0.0,148.08
1367,4846,4847,2.875,0.125,12.89
1368,4848,4849,25.75,3.357,126.51
1369,4850,4851,6.85,0.555,51.11
1370,4852,4853,2.0,0.0,18.42
1371,4858,4859,46.0,0.0,239.01
1372,4860,4861,5.667,0.333,24.75
1373,4866,4867,7.6,1.3,36.45
1374,4868,4869,6.333,85.333,0.2
1375,4870,4871,28.0,508.0,0.21
1376,4872,4873,7.667,2.333,27.44
1377,4880,4881,5.0,7.0,17.58
1378,4884,4885,14.308,2084.554,39.58
1379,4892,4893,2.0,0.0,8.41
1380,4896,4897,8.0,0.0,37.03
1381,4898,4899,16.0,0.0,68.65
1382,4900,4901,5.0,32.0,0.2
1383,4902,4903,9.688,46.629,30.99
1384,4904,4905,4.0,0.0,18.3
1385,4912,4913,10.0,0.8,45.85
1386,4914,4915,5.556,1.028,26.71
1387,4916,4917,2.75,0.214,28.56
1388,4918,4919,3.111,0.111,30.96
1389,4922,4923,1.702,1.2,20.25
1390,4924,4925,3.246,0.302,41.15
1391,4926,4927,39.47,3661.962,50.64
1392,4928,4929,20.928,1643.517,46.31
1393,4934,4935,2.686,0.398,33.84
1394,4936,4937,2.8,0.224,37.07
1395,4938,4939,2.057,0.114,29.12
1396,4940,4941,3.429,0.252,44.86
1397,4942,4943,2.429,0.252,31.2
1398,4944,4945,5.943,0.35,76.46
1399,4946,4947,6.429,0.429,85.6
1400,4950,4951,2.353,0.357,30.22
1401,4952,4953,3.422,0.295,42.23
1402,4954,4955,2.6,0.473,29.7
1403,4956,4957,2.938,2.329,30.4
1404,4958,4959,3.125,0.25,42.8
1405,4960,4961,2.625,0.25,34.99
1406,4962,4963,2.125,0.25,29.02
1407,4966,4967,2.688,0.229,36.32
1408,4968,4969,2.062,0.196,29.06
1409,4970,4971,2.636,0.426,29.15
1410,4972,4973,36.23,1415.128,109.22
1411,4974,4975,16.567,446.447,118.08
1412,4976,4977,69.862,10375.097,75.28
1413,4978,4979,69.914,7719.663,48.94
1414,4980,4981,3.94,497.622,4.87
1415,4982,4983,22.916,2312.892,102.36
1416,4984,4985,6.133,489.905,7.62
1417,4986,4987,84.856,15856.157,110.7
1418,4988,4989,13.254,1463.768,22.17
1419,4990,4991,16.623,2684.533,28.54
1420,4992,4993,27.176,5193.125,54.97
1421,4994,4995,16.45,2592.1,38.46
1422,4996,4997,6.476,654.598,4.34
1423,4998,4999,23.65,631.447,191.25
1424,5000,5001,4.75,18.376,44.76
1425,5002,5003,18.529,39.14,124.87
1426,5004,5005,9.526,6.708,76.81
1427,5006,5007,29.964,305.842,114.62
1428,5008,5009,3.365,5.078,37.34
1429,5010,5011,6.203,3.965,73.56
1430,5014,5015,4.923,1.751,59.09
1431,5016,5017,38.119,5341.294,56.57
1432,5018,5019,24.296,2685.727,46.42
1433,5020,5021,19.5,1.667,151.94
1434,5022,5023,4.968,57.895,8.8
1435,5024,5025,13.4,119.078,62.51
1436,5026,5027,11.412,77.997,36.02
1437,5028,5029,1.13,0.16,13.13
1438,5030,5031,3.357,0.247,40.25
1439,5032,5033,2.52,0.343,32.77
1440,5034,5035,4.286,0.878,51.47
1441,5036,5037,3.133,0.117,31.06
1442,5038,5039,7.037,0.883,89.76
1443,5040,5041,2.481,0.259,31.75
1444,5042,5043,2.852,0.516,36.82
1445,5044,5045,14.679,2.745,191.35
1446,5046,5047,3.226,0.181,39.55
1447,5048,5049,6.219,0.757,81.96
1448,5050,5051,2.573,2.68,24.14
1449,5054,5055,30.332,7511.273,19.98
1450,5056,5057,243.78,87194.951,143.73
1451,5058,5059,14.717,2492.207,14.5
1452,5060,5061,8.857,0.705,64.91
1453,5062,5063,2.258,0.195,16.16
1454,5064,5065,1.018,0.018,5.99
1455,5066,5067,38.46,6271.396,90.85
1456,5068,5069,10.344,1.33,75.75
1457,5070,5071,16.844,10.483,130.58
1458,5072,5073,8.431,0.812,63.11
1459,5074,5075,12.544,1.788,92.01
1460,5076,5077,6.517,0.57,48.03
1461,5078,5079,9.79,1.086,71.56
1462,5082,5083,12.25,0.25,159.3
1463,5084,5085,23.102,8.26,296.96
1464,5086,5087,3.0,0.0,0.29
1465,5088,5089,1.921,5.21,9.91
1466,5092,5093,8.8,0.2,61.45
1467,5098,5099,7.667,2.333,57.83
1468,5100,5101,5.5,4.5,40.3
1469,5102,5103,2.0,0.0,25.26
1470,5104,5105,3.286,0.238,43.43
1471,5106,5107,4.571,0.286,51.51
1472,5108,5109,28.342,3115.606,27.21
1473,5110,5111,42.802,4953.76,49.79
1474,5112,5113,9.26,435.112,58.6
1475,5114,5115,5.156,0.449,67.44
1476,5116,5117,11.0,0.0,48.75
1477,5118,5119,7.0,0.0,28.73
1478,5120,5121,4.6,0.489,24.01
1479,5122,5123,3.333,16.333,3.25
1480,5126,5127,5.0,0.0,27.97
1481,5128,5129,6.143,0.81,26.63
1482,5130,5131,7.714,300.238,4.87
1483,5132,5133,16.333,261.333,0.2
1484,5136,5137,4.115,16.906,22.53
1485,5138,5139,2.192,0.465,26.68
1486,5140,5141,3.073,0.279,39.57
1487,5142,5143,3.262,0.23,43.06
1488,5144,5145,12.0,0.0,74.06
1489,5146,5147,9.0,0.0,62.01
1490,5148,5149,1.471,0.252,17.22
1491,5150,5151,2.039,0.391,21.29
1492,5152,5153,1.609,2.736,17.11
1493,5154,5155,4.318,0.329,54.65
1494,5156,5157,3.537,0.419,43.57
1495,5162,5163,4.417,0.484,56.78
1496,5164,5165,6.717,0.817,86.1
1497,5166,5167,4.017,0.356,49.56
1498,5168,5169,4.714,5.881,51.18
1499,5170,5171,5.254,0.538,64.21
1500,5172,5173,1.024,0.024,9.06
1501,5174,5175,4.186,0.396,54.28
1502,5176,5177,1.561,0.249,19.67
1503,5178,5179,2.538,0.48,30.13
1504,5182,5183,1.172,0.145,12.13
1505,5184,5185,6.213,1.432,78.74
1506,5186,5187,2.234,0.227,27.38
1507,5188,5189,9.326,2.13,119.68
1508,5190,5191,11.128,2.244,142.42
1509,5200,5201,7.0,62.0,6.93
1510,5202,5203,580.448,345042.685,166.06
1511,5204,5205,24.281,3936.015,6.35
1512,5206,5207,601.346,152703.755,61.87
1513,5208,5209,352.042,67955.607,69.72
1514,5210,5211,19.75,4097.987,62.06
1515,5214,5215,108.608,7904.932,49.54
1516,5216,5217,13.25,1566.754,6.79
1517,5218,5219,16.97,279.503,57.03
1518,5220,5221,3.882,142.906,10.95
1519,5222,5223,20.78,783.022,61.81
1520,5224,5225,52.0,0.0,252.94
1521,5228,5229,25.75,4.25,115.6
1522,5232,5233,13.5,0.5,70.95
1523,5234,5235,10.0,3.0,51.57
1524,5236,5237,4.733,331.25,7.66
1525,5238,5239,15.758,2343.334,22.05
1526,5240,5241,4.0,62.655,20.87
1527,5242,5243,2.229,51.287,5.38
1528,5244,5245,35.647,6650.118,12.18
1529,5248,5249,37.5,840.5,124.86
1530,5252,5253,7.037,1.114,46.25
1531,5254,5255,8.111,1.256,59.0
1532,5256,5257,11.481,2.567,86.82
1533,5258,5259,2.5,0.328,17.07
1534,5260,5261,4.486,0.669,29.74
1535,5262,5263,4.886,0.457,38.18
1536,5264,5265,1.676,0.281,13.22
1537,5266,5267,17.407,2322.328,32.35
1538,5268,5269,2.92,0.16,22.02
1539,5270,5271,9.348,303.328,30.85
1540,5272,5273,17.833,8.735,135.46
1541,5274,5275,10.75,1.295,80.87
1542,5276,5277,2.6,0.267,20.07
1543,5278,5279,5.667,0.333,42.12
1544,5280,5281,6.0,1.0,50.17
1545,5284,5285,5.812,0.429,41.81
1546,5286,5287,4.0,0.222,31.34
1547,5294,5295,5.0,0.0,32.98
1548,5296,5297,5.0,0.0,36.52
1549,5298,5299,3.0,2.0,17.95
1550,5300,5301,8.0,0.0,63.28
1551,5302,5303,14.0,7.0,88.01
1552,5304,5305,3.0,0.0,20.39
1553,5306,5307,10.0,0.0,69.02
1554,5310,5311,6.0,0.727,47.19
1555,5312,5313,1.214,0.181,8.02
1556,5314,5315,8.75,0.932,66.25
1557,5316,5317,5.714,0.374,43.83
1558,5318,5319,6.833,0.333,53.6
1559,5320,5321,1.122,0.11,11.05
1560,5324,5325,3.471,0.257,44.63
1561,5326,5327,3.976,1.536,46.02
1562,5328,5329,1.619,0.242,19.87
1563,5330,5331,2.833,0.213,36.0
1564,5332,5333,11.367,0.93,148.64
1565,5334,5335,3.209,0.503,39.22
1566,5336,5337,1.512,0.303,18.44
1567,5338,5339,1.524,0.256,21.21
1568,5340,5341,1.524,0.256,18.59
1569,5342,5343,1.833,0.191,23.94
1570,5344,5345,1.902,0.29,22.69
1571,5346,5347,1.235,0.185,15.67
1572,5348,5349,7.462,0.769,99.87
1573,5350,5351,6.417,0.629,85.33
1574,5352,5353,6.231,0.692,78.75
1575,5354,5355,2.467,0.306,29.79
1576,5356,5357,5.093,0.41,62.66
1577,5358,5359,2.88,0.35,35.58
1578,5360,5361,3.067,0.279,37.96
1579,5362,5363,7.459,1.074,92.9
1580,5364,5365,1.473,0.253,19.28
1581,5366,5367,8.368,0.956,104.46
1582,5368,5369,6.697,0.747,83.14
1583,5370,5371,4.378,0.293,55.37
1584,5372,5373,1.055,0.053,12.58
1585,5374,5375,11.4,0.686,153.14
1586,5376,5377,9.8,1.314,130.16
1587,5378,5379,4.0,0.286,54.04
1588,5380,5381,7.333,0.381,97.44
1589,5382,5383,3.135,0.173,38.78
1590,5386,5387,3.227,0.205,39.99
1591,5388,5389,6.28,0.475,78.51
1592,5390,5391,1.693,0.215,20.8
1593,5392,5393,5.44,0.574,67.84
1594,5394,5395,3.025,0.227,37.74
1595,5396,5397,7.13,54.338,27.61
1596,5398,5399,6.488,0.542,48.42
1597,5400,5401,6.0,0.571,45.54
1598,5402,5403,6.195,0.661,46.96
1599,5404,5405,4.784,0.23,36.1
1600,5406,5407,2.821,0.256,21.26
1601,5408,5409,1.667,0.228,12.9
1602,5410,5411,1.595,0.248,11.47
1603,5412,5413,6.757,0.856,51.46
1604,5414,5415,19.843,123.99,181.08
1605,5416,5417,32.494,1038.755,65.03
1606,5418,5419,16.071,572.223,42.54
1607,5420,5421,11.658,327.872,50.97
1608,5422,5423,1.029,0.052,6.28
1609,5424,5425,7.969,856.195,7.49
1610,5426,5427,25.704,3474.837,39.16
1611,5428,5429,58.251,6237.447,253.18
1612,5430,5431,4.385,12.704,21.05
1613,5432,5433,7.711,1.1,91.29
1614,5434,5435,1.9,2.427,17.12
1615,5436,5437,4.646,479.03,10.55
1616,5438,5439,11.591,1457.689,24.66
1617,5440,5441,28.62,3837.181,61.57
1618,5442,5443,13.62,1147.389,36.76
1619,5444,5445,1.969,0.489,19.63
1620,5446,5447,1.505,0.319,19.16
1621,5448,5449,11.435,2.952,142.6
1622,5450,5451,7.862,1.004,98.35
1623,5452,5453,4.053,0.291,51.47
1624,5454,5455,8.75,1.017,107.02
1625,5456,5457,8.292,1.156,100.67
1626,5460,5461,10.885,2.039,134.1
1627,5462,5463,6.179,0.766,76.11
1628,5468,5469,5.011,0.663,62.86
1629,5470,5471,2.319,0.242,29.0
1630,5472,5473,24.232,174.189,36.8
1631,5474,5475,6.344,0.554,97.96
1632,5480,5481,1.032,0.031,10.49
1633,5484,5485,5.0,0.0,60.47
1634,5490,5491,22.0,0.0,107.32
1635,5496,5497,5.089,0.41,38.4
1636,5498,5499,11.667,0.333,57.71
1637,5500,5501,53.0,0.0,281.66
1638,5508,5509,58.667,4281.333,79.42
1639,5510,5511,7.0,0.769,55.08
1640,5512,5513,7.615,0.923,59.67
1641,5514,5515,33.111,10.361,258.57
1642,5516,5517,12.667,2.333,97.54
1643,5518,5519,21.351,2292.456,53.7
1644,5520,5521,12.974,133.486,81.54
1645,5522,5523,93.324,13389.416,79.04
1646,5524,5525,33.557,5697.12,77.19
1647,5526,5527,34.0,0.0,307.13
1648,5528,5529,6.5,0.455,47.3
1649,5530,5531,6.2,0.844,47.32
1650,5532,5533,8.857,0.81,65.31
1651,5534,5535,6.833,3.424,53.35
1652,5536,5537,5.25,0.205,38.95
1653,5538,5539,5.769,0.543,72.93
1654,5540,5541,4.872,0.477,62.58
1655,5542,5543,2.778,0.275,34.47
1656,5546,5547,5.892,0.618,77.6
1657,5548,5549,13.286,48.238,78.97
1658,5550,5551,5.5,0.5,38.99
1659,5552,5553,30.0,32.0,225.31
1660,5554,5555,3.262,0.268,42.7
1661,5556,5557,2.333,0.267,11.61
1662,5560,5561,14.0,0.0,77.69
1663,5562,5563,16.25,296.25,29.7
1664,5568,5569,15.0,0.0,76.09
1665,5570,5571,2.0,0.0,10.42
1666,5572,5573,13.0,0.0,71.6
1667,5574,5575,5.667,8.333,19.75
1668,5580,5581,23.0,0.0,90.59
1669,5582,5583,4.0,0.0,24.78
1670,5584,5585,6.0,0.0,27.04
1671,5588,5589,5.0,0.0,22.55
1672,5590,5591,7.0,0.0,32.89
1673,5592,5593,4.667,0.667,20.22
1674,5594,5595,7.0,0.0,33.81
1675,5596,5597,7.5,0.5,38.73
1676,5598,5599,8.8,78.7,13.48
1677,5600,5601,4.5,0.333,25.14
1678,5602,5603,29.0,162.0,86.6
1679,5606,5607,3.0,0.667,13.92
1680,5608,5609,12.875,2.696,60.84
1681,5610,5611,27.74,367.085,204.76
1682,5612,5613,33.021,2410.779,24.23
1683,5614,5615,31.234,2191.687,41.17
1684,5616,5617,43.576,2722.928,162.93
1685,5618,5619,10.167,2.863,125.19
1686,5620,5621,3.899,0.349,49.32
1687,5622,5623,4.143,0.476,35.04
1688,5624,5625,2.906,115.832,15.33
1689,5626,5627,42.708,7947.366,27.03
1690,5628,5629,4.0,0.0,18.76
1691,5632,5633,3.833,0.167,18.01
1692,5636,5637,2.0,1.76,7.81
1693,5638,5639,12.038,5.478,82.3
1694,5640,5641,7.72,0.627,59.53
1695,5642,5643,9.44,0.59,73.89
1696,5644,5645,4.52,0.343,34.99
1697,5646,5647,2.5,0.357,18.22
1698,5648,5649,18.103,777.882,61.97
1699,5650,5651,10.0,72.0,17.46
1700,5662,5663,11.75,2.786,58.94
1701,5664,5665,8.0,0.0,37.66
1702,5668,5669,6.0,0.0,23.02
1703,5670,5671,6.0,0.0,33.88
1704,5676,5677,9.0,0.0,39.06
1705,5678,5679,15.25,12.25,143.46
1706,5680,5681,4.0,0.5,52.84
1707,5682,5683,15.0,1.429,188.55
1708,5688,5689,17.75,356.917,28.83
1709,5690,5691,15.0,4.0,65.52
1710,5692,5693,18.231,8.192,84.04
1711,5694,5695,17.357,1.94,88.45
1712,5704,5705,15.0,0.0,58.12
1713,5706,5707,8.75,78.25,20.96
1714,5716,5717,7.833,0.567,38.42
1715,5718,5719,5.571,0.286,25.82
1716,5720,5721,4.833,1.367,22.84
1717,5722,5723,10.611,1.102,170.01
1718,5724,5725,4.333,0.4,60.45
1719,5726,5727,3.5,0.278,36.07
1720,5728,5729,1.844,0.197,22.11
1721,5730,5731,3.0,0.222,23.36
1722,5732,5733,9.077,2.077,69.94
1723,5734,5735,9.769,2.359,72.61
1724,5736,5737,13.846,4.641,107.93
1725,5738,5739,17.0,5.833,130.63
1726,5740,5741,2.75,0.333,21.26
1727,5742,5743,1.111,0.111,8.21
1728,5744,5745,6.929,0.533,53.43
1729,5746,5747,4.0,0.667,29.3
1730,5748,5749,9.769,2.192,74.66
1731,5750,5751,4.467,0.41,32.63
1732,5752,5753,6.6,1.257,49.81
1733,5754,5755,13.562,5.862,104.31
1734,5756,5757,10.625,2.517,81.57
1735,5758,5759,3.688,0.363,27.92
1736,5760,5761,3.0,0.0,15.91
1737,5762,5763,9.333,0.333,45.31
1738,5764,5765,2.571,0.286,11.45
1739,5766,5767,9.429,4.619,39.4
1740,5770,5771,6.6,3.8,29.75
1741,5772,5773,7.0,0.0,30.37
1742,5774,5775,39.25,4508.323,60.38
1743,5776,5777,22.062,715.931,70.12
1744,5778,5779,10.529,6.265,71.9
1745,5780,5781,5.571,0.418,41.35
1746,5784,5785,6.5,0.5,48.55
1747,5788,5789,49.667,40.333,397.83
1748,5790,5791,6.333,0.667,46.92
1749,5792,5793,10.0,0.0,80.67
1750,5794,5795,8.0,1.0,61.22
1751,5796,5797,21.5,0.5,163.75
1752,5798,5799,25.333,8.333,192.39
1753,5800,5801,16.125,130.982,75.95
1754,5802,5803,13.8,2.2,101.61
1755,5804,5805,13.25,0.917,88.99
1756,5806,5807,5.0,0.0,30.09
1757,5808,5809,3.5,0.5,27.17
1758,5810,5811,3.5,0.5,24.22
1759,5812,5813,3.0,0.0,23.34
1760,5814,5815,6.833,0.567,50.52
1761,5816,5817,9.75,3.071,75.18
1762,5818,5819,11.75,0.25,91.01
1763,5820,5821,5.429,0.619,40.92
1764,5824,5825,4.333,0.333,38.11
1765,5826,5827,1.333,0.333,11.55
1766,5830,5831,4.0,0.0,34.57
1767,5832,5833,8.0,0.667,60.86
1768,5834,5835,8.25,0.917,63.67
1769,5836,5837,15.5,0.5,167.65
1770,5838,5839,5.0,0.5,62.46
1771,5840,5841,7.8,1.7,83.0
1772,5842,5843,5.0,1.0,54.9
1773,5844,5845,11.0,0.0,131.87
1774,5846,5847,7.889,0.111,80.82
1775,5848,5849,25.458,120.868,230.66
1776,5850,5851,9.389,0.84,113.63
1777,5852,5853,1.737,0.316,18.59
1778,5854,5855,21.13,7.482,229.87
1779,5856,5857,13.739,2.111,161.82
1780,5860,5861,8.1,0.736,118.52
1781,5862,5863,5.714,0.891,82.74
1782,5864,5865,6.59,0.609,92.9
1783,5866,5867,7.107,53.708,21.46
1784,5868,5869,5.571,101.286,0.2
1785,5870,5871,4.596,327.555,7.85
1786,5872,5873,5.4,823.16,14.42
1787,5876,5877,3.0,0.0,17.17
1788,5878,5879,12.2,22.8,51.1
1789,5880,5881,9.5,2.0,46.82
1790,5882,5883,8.714,1.143,43.39
1791,5884,5885,2.0,0.0,9.36
1792,5886,5887,1.619,1.048,7.42
1793,5888,5889,9.5,0.5,43.02
1794,5894,5895,3.451,0.695,37.53
1795,5896,5897,1.329,0.224,16.37
1796,5898,5899,12.081,2.35,149.55
1797,5900,5901,5.835,3.473,66.86
1798,5902,5903,10.494,36.978,106.25
1799,5904,5905,7.744,1.082,96.73
1800,5906,5907,4.353,0.35,54.41
1801,5908,5909,3.407,4.95,39.2
1802,5910,5911,1.839,0.206,22.07
1803,5912,5913,3.044,0.132,37.6
1804,5914,5915,42.0,0.0,217.58
1805,5918,5919,24.0,0.0,121.4
1806,5920,5921,20.0,7.0,154.54
1807,5922,5923,45.2,3562.171,169.47
1808,5924,5925,10.667,14.333,57.51
1809,5926,5927,7.667,1.333,56.77
1810,5928,5929,18.0,0.0,127.23
1811,5930,5931,21.667,22.333,165.22
1812,5932,5933,9.0,1.0,67.03
1813,5936,5937,15.5,4.5,117.47
1814,5940,5941,3.0,0.0,20.78
1815,5942,5943,6.0,0.0,50.28
1816,5944,5945,18.5,1.0,154.57
1817,5946,5947,12.0,0.0,92.37
1818,5948,5949,11.0,0.0,82.85
1819,5952,5953,5.5,0.3,40.37
1820,5954,5955,4.0,0.0,26.39
1821,5956,5957,43.167,9776.967,19.11
1822,5958,5959,8.0,3.0,59.21
1823,5960,5961,41.667,8067.467,36.73
1824,5966,5967,6.833,0.567,51.55
1825,5970,5971,9.667,1.333,45.99
1826,5972,5973,15.0,8.0,74.07
1827,5974,5975,17.333,9.867,79.7
1828,5976,5977,69.778,2422.694,176.19
1829,5978,5979,27.303,5.468,203.67
1830,5980,5981,6.939,1.746,54.3
1831,5982,5983,5.917,0.992,44.16
1832,5984,5985,12.5,1.727,99.09
1833,5986,5987,17.846,2.535,132.67
1834,5990,5991,2.143,0.143,14.57
1835,5992,5993,2.0,0.0,15.09
1836,5996,5997,7.0,0.0,57.06
1837,5998,5999,11.333,2.333,80.34
1838,6000,6001,4.333,0.333,29.59
1839,6002,6003,2.0,0.0,13.11
1840,6006,6007,19.5,2.3,143.16
1841,6008,6009,10.357,2.863,69.63
1842,6012,6013,2.25,6.25,5.82
1843,6014,6015,2.667,0.333,13.69
1844,6016,6017,12.5,25.667,47.47
1845,6018,6019,5.0,14.5,16.42
1846,6020,6021,11.25,0.917,53.82
1847,6028,6029,6.75,0.917,33.56
1848,6032,6033,19.0,0.0,96.75
1849,6034,6035,5.143,0.747,25.51
1850,6036,6037,6.0,2.0,25.86
1851,6038,6039,6.0,0.0,26.44
1852,6040,6041,5.0,2.0,26.39
1853,6042,6043,6.619,15.948,21.72
1854,6054,6055,1.067,0.067,4.5
1855,6064,6065,19.0,0.0,76.54
1856,6072,6073,1.193,2.721,6.01
1857,6074,6075,16.39,1665.803,79.22
1858,6076,6077,9.856,1097.013,51.29
1859,6078,6079,11.359,367.828,104.74
1860,6080,6081,4.0,0.0,20.22
1861,6084,6085,98.818,15454.564,16.74
1862,6088,6089,8.25,0.25,38.72
1863,6090,6091,15.0,0.0,55.53
1864,6092,6093,3.0,0.0,16.45
1865,6094,6095,6.0,0.0,35.48
1866,6098,6099,8.0,0.667,34.54
1867,6100,6101,4.0,0.0,17.68
1868,6102,6103,3.667,1.333,18.02
1869,6106,6107,21.25,4.023,152.67
1870,6108,6109,26.233,27.659,172.95
1871,6110,6111,15.0,0.0,105.67
1872,6112,6113,9.333,1.333,75.08
1873,6114,6115,3.333,0.333,23.08
1874,6116,6117,5.333,0.333,36.91
1875,6118,6119,8.0,0.667,55.88
1876,6122,6123,3.647,1.868,23.59
1877,6124,6125,6.5,0.853,49.55
1878,6126,6127,146.0,38683.84,92.58
1879,6128,6129,23.276,336.635,129.13
1880,6130,6131,5.5,24.5,19.1
1881,6132,6133,2.667,1.333,29.21
1882,6134,6135,63.476,18912.562,28.29
1883,6136,6137,13.778,24.536,94.44
1884,6138,6139,18.0,2.0,139.51
1885,6140,6141,21.154,1337.308,20.7
1886,6142,6143,98.786,24207.878,90.15
1887,6144,6145,35.0,492.667,101.33
1888,6146,6147,11.9,1.656,90.9
1889,6148,6149,14.5,9.667,100.15
1890,6150,6151,9.0,0.0,76.08
1891,6156,6157,17.243,94.523,130.13
1892,6158,6159,7.0,0.788,90.34
1893,6160,6161,1.444,1.778,1.77
1894,6162,6163,2.714,0.238,16.33
1895,6164,6165,9.167,0.567,66.2
1896,6166,6167,7.6,0.3,54.36
1897,6168,6169,10.5,0.7,75.69
1898,6170,6171,23.0,0.0,168.19
1899,6174,6175,12.0,1.6,86.53
1900,6176,6177,27.0,8.0,208.81
1901,6178,6179,10.5,4.5,76.37
1902,6182,6183,6.5,0.5,53.83
1903,6184,6185,9.0,0.0,66.83
1904,6186,6187,28.5,96.333,115.34
1905,6190,6191,6.5,0.5,31.74
1906,6194,6195,20.0,8.0,101.33
1907,6198,6199,23.0,0.0,88.31
1908,6200,6201,39.8,2744.7,2.13
1909,6202,6203,40.667,2297.333,59.56
1910,6206,6207,6.5,0.474,30.9
1911,6208,6209,4.0,0.0,17.44
1912,6210,6211,26.0,499.0,0.37
1913,6214,6215,4.0,0.0,14.87
1914,6216,6217,3.0,0.0,17.46
1915,6218,6219,7.353,0.993,35.13
1916,6220,6221,29.5,4.333,68.66
1917,6230,6231,13.25,3.357,28.51
1918,6232,6233,1.667,0.267,9.16
1919,6238,6239,25.0,283.0,63.71
1920,6240,6241,2.5,0.5,11.4
1921,6246,6247,5.0,0.0,19.56
1922,6248,6249,5.25,0.25,22.09
1923,6254,6255,1.5,0.5,8.47
1924,6256,6257,2.0,0.0,8.48
1925,6258,6259,8.333,0.333,38.44
1926,6262,6263,8.333,0.333,40.4
1927,6268,6269,3.286,0.571,15.27
1928,6270,6271,2.333,0.333,13.54
1929,6274,6275,2.2,0.2,11.06
1930,6278,6279,5.2,0.2,25.52
1931,6280,6281,5.8,93.2,0.89
1932,6284,6285,6.059,1.059,27.36
1933,6288,6289,1.2,0.178,5.35
1934,6290,6291,15.0,1.0,73.91
1935,6292,6293,14.0,0.0,60.03
1936,6294,6295,16.0,28.0,52.79
1937,6300,6301,20.0,0.0,103.74
1938,6304,6305,3.0,8.0,0.92
1939,6308,6309,3.75,0.25,18.24
1940,6310,6311,7.0,0.0,34.0
1941,6314,6315,6.0,0.0,30.45
1942,6320,6321,5.0,0.0,8.45
1943,6322,6323,13.0,2.0,65.89
1944,6324,6325,12.0,0.0,63.84
1945,6342,6343,2.647,0.243,12.96
1946,6344,6345,9.5,83.5,0.33
1947,6346,6347,3.0,3.0,11.29
1948,6348,6349,4.333,0.333,21.09
1949,6350,6351,10.0,0.0,47.5
1950,6360,6361,10.8,0.7,51.37
1951,6370,6371,8.0,0.0,38.49
1952,6372,6373,1.5,0.5,5.89
1953,6374,6375,7.429,0.952,37.52
1954,6384,6385,9.4,0.8,47.15
1955,6390,6391,9.0,0.0,38.59
1956,6394,6395,14.5,0.333,70.62
1957,6400,6401,2.0,0.0,9.68
1958,6402,6403,17.333,1.333,90.65
1959,6404,6405,6.5,0.5,33.35
1960,6406,6407,2.615,0.256,13.41
1961,6408,6409,19.25,5.4,94.9
1962,6418,6419,73.16,5920.64,56.0
1963,6420,6421,37.5,4.5,236.68
1964,6422,6423,9.609,1.158,68.25
1965,6424,6425,6.682,0.703,50.42
1966,6428,6429,5.909,0.491,42.25
1967,6430,6431,3.0,0.0,17.91
1968,6432,6433,24.0,0.0,168.85
1969,6434,6435,5.0,0.0,35.9
1970,6438,6439,25.0,0.667,192.56
1971,6444,6445,21.905,369.774,28.93
1972,6446,6447,8.527,2.054,169.38
1973,6450,6451,6.0,0.0,30.75
1974,6452,6453,7.5,0.5,39.16
1975,6454,6455,4.75,0.917,19.89
1976,6456,6457,4.833,0.167,22.44
1977,6458,6459,8.0,0.0,43.42
1978,6462,6463,9.0,0.0,55.25
1979,6464,6465,36.0,0.0,86.61
1980,6470,6471,41.089,1679.865,50.2
1981,6472,6473,21.65,735.056,128.96
1982,6474,6475,3.333,0.333,26.06
1983,6476,6477,5.667,0.333,67.63
1984,6478,6479,6.5,0.286,72.38
1985,6480,6481,9.0,1.333,109.15
1986,6482,6483,5.143,0.81,62.1
1987,6484,6485,10.5,0.944,119.78
1988,6486,6487,12.667,64.0,50.1
1989,6488,6489,6.556,0.528,51.71
1990,6490,6491,20.7,9.789,176.62
1991,6492,6493,9.0,0.0,54.84
1992,6496,6497,11.0,2.0,83.97
1993,6500,6501,5.3,0.233,37.66
1994,6502,6503,2.235,0.441,15.37
1995,6504,6505,7.333,0.25,55.48
1996,6506,6507,9.778,0.444,80.22
1997,6512,6513,8.111,1.861,56.42
1998,6514,6515,11.857,5.81,83.88
1999,6516,6517,8.333,0.267,58.39
2000,6518,6519,10.0,2.667,71.61
2001,6520,6521,8.5,0.333,58.13
2002,6522,6523,9.0,0.0,67.44
2003,6526,6527,30.333,14.333,206.09
2004,6528,6529,4.75,0.25,32.16
2005,6530,6531,5.0,1.0,37.85
2006,6532,6533,24.0,13.0,178.42
2007,6534,6535,31.964,813.77,80.66
2008,6536,6537,3.375,0.311,43.66
2009,6538,6539,2.472,0.292,32.21
2010,6540,6541,8.604,0.59,102.22
2011,6542,6543,1.989,0.419,23.43
2012,6544,6545,7.681,0.953,98.9
2013,6546,6547,6.478,0.724,83.22
2014,6550,6551,4.444,2.638,37.16
2015,6552,6553,6.18,0.684,79.27
2016,6554,6555,3.776,0.317,49.22
2017,6556,6557,9.0,0.0,148.7
2018,6558,6559,8.863,0.801,107.73
2019,6560,6561,9.863,0.601,117.59
2020,6566,6567,3.0,0.0,0.2
2021,6568,6569,5.15,71.259,33.34
2022,6570,6571,3.833,0.257,49.13
2023,6572,6573,5.314,0.281,69.56
2024,6574,6575,4.971,0.323,65.17
2025,6578,6579,2.343,0.232,31.38
2026,6580,6581,3.714,0.387,44.45
2027,6582,6583,9.875,0.462,119.35
2028,6586,6587,3.0,0.0,17.96
2029,6592,6593,4.0,0.0,18.2
2030,6598,6599,4.062,0.196,30.11
2031,6600,6601,9.5,0.933,68.53
2032,6602,6603,2.5,0.267,18.47
2033,6604,6605,1.706,0.221,13.78
2034,6606,6607,2.222,0.183,17.7
2035,6612,6613,5.0,0.0,23.06
2036,6616,6617,4.0,0.0,19.98
2037,6618,6619,3.0,0.0,14.8
2038,6620,6621,4.0,0.0,17.66
2039,6626,6627,14.0,0.0,57.15
2040,6628,6629,29.0,120.5,116.25
2041,6630,6631,9.4,2.3,53.49
2042,6632,6633,21.0,0.0,125.93
2043,6636,6637,7.0,0.667,51.48
2044,6638,6639,8.75,0.5,70.29
2045,6640,6641,25.0,13.0,179.38
2046,6642,6643,6.085,0.562,44.96
2047,6644,6645,16.0,2.0,120.93
2048,6646,6647,9.0,0.5,62.81
2049,6650,6651,14.333,1.067,109.85
2050,6652,6653,12.6,0.8,98.68
2051,6654,6655,1.4,0.3,8.38
2052,6656,6657,23.0,1.0,190.61
2053,6662,6663,10.833,50.167,59.5
2054,6664,6665,8.2,3.2,67.17
2055,6666,6667,24.2,4.178,165.11
2056,6668,6669,17.0,0.0,139.79
2057,6674,6675,9.133,0.695,66.08
2058,6676,6677,1.867,0.124,14.8
2059,6678,6679,7.75,1.4,55.51
2060,6680,6681,8.154,0.641,58.54
2061,6682,6683,20.0,0.0,153.87
2062,6684,6685,10.0,0.0,64.41
2063,6686,6687,10.5,0.5,75.36
2064,6688,6689,2.146,6.778,2.13
2065,6690,6691,17.655,37.712,230.96
2066,6692,6693,27.0,0.0,134.86
2067,6694,6695,32.871,18.649,158.99
2068,6696,6697,35.364,45.455,173.6
2069,6700,6701,22.667,8.333,111.58
2070,6704,6705,21.0,0.0,125.32
2071,6706,6707,59.0,0.0,281.15
2072,6708,6709,36.333,52.333,165.51
2073,6710,6711,26.125,10.125,116.13
2074,6712,6713,101.25,166.917,429.33
2075,6718,6719,62.333,41.333,269.76
2076,6720,6721,23.0,18.0,101.89
2077,6726,6727,5.0,0.0,22.09
2078,6732,6733,28.571,21.619,139.42
2079,6734,6735,74.0,175.5,346.69
2080,6736,6737,24.5,0.5,134.45
2081,6744,6745,36.6,18.8,174.68
2082,6750,6751,35.136,31.457,167.77
2083,6752,6753,35.375,13.125,164.84
2084,6754,6755,20.0,1.0,94.72
2085,6756,6757,40.25,4.917,188.74
2086,6758,6759,3.0,0.0,16.39
2087,6770,6771,23.0,2.0,126.08
2088,6772,6773,24.0,0.0,115.58
2089,6774,6775,50.778,38.183,236.2
2090,6776,6777,28.182,7.364,132.58
2091,6778,6779,27.625,7.696,127.1
2092,6780,6781,48.833,20.567,226.44
2093,6782,6783,21.833,3.367,101.08
2094,6784,6785,28.667,2.333,136.45
2095,6786,6787,316.848,35216.758,103.54
2096,6788,6789,25.269,3827.165,27.66
2097,6790,6791,21.077,126.154,135.6
2098,6792,6793,8.667,0.333,64.13
2099,6794,6795,19.0,0.0,138.53
2100,6796,6797,2.0,0.0,13.17
2101,6798,6799,421.25,88199.929,72.75
2102,6804,6805,51.667,1102.333,267.36
2103,6806,6807,5.0,0.667,43.89
2104,6810,6811,7.0,0.0,45.93
2105,6814,6815,9.5,0.333,73.3
2106,6816,6817,23.0,0.0,54.59
2107,6818,6819,3.0,0.0,24.72
2108,6820,6821,8.0,0.0,57.97
2109,6822,6823,2.0,0.0,14.49
2110,6824,6825,2.0,0.0,14.99
2111,6826,6827,7.0,0.0,49.33
2112,6828,6829,126.75,21258.917,20.76
2113,6830,6831,22.0,1444.0,24.85
2114,6834,6835,1.4,0.3,9.57
2115,6836,6837,2.2,0.2,18.69
2116,6838,6839,5.0,0.0,43.24
2117,6840,6841,4.5,0.333,33.98
2118,6842,6843,3.6,0.8,25.43
2119,6846,6847,5.8,0.7,44.66
2120,6848,6849,3.333,0.667,28.74
2121,6850,6851,2.6,0.3,20.05
2122,6852,6853,2.0,0.5,13.12
2123,6854,6855,19.0,0.0,139.04
2124,6856,6857,2.0,0.857,7.44
2125,6858,6859,46.667,25.333,253.17
2126,6862,6863,88.583,12602.484,30.05
2127,6864,6865,13.281,3553.047,12.4
2128,6884,6885,4.0,0.0,19.25
2129,6892,6893,2.0,0.0,33.08
2130,6920,6921,7.0,0.0,42.29
2131,6926,6927,12.0,0.0,38.27
2132,6928,6929,6.0,0.0,22.02
2133,6934,6935,4.667,0.333,22.94
2134,6936,6937,7.667,2.333,39.93
2135,6940,6941,5.0,0.0,23.05
2136,6942,6943,7.667,0.333,39.8
2137,6958,6959,8.0,0.0,35.23
2138,6968,6969,10.0,32.0,22.91
2139,6970,6971,5.0,1.0,22.79
2140,6988,6989,62.5,84.5,141.31
2141,6990,6991,17.333,0.333,125.22
2142,6992,6993,4.333,0.333,37.56
2143,6994,6995,5.0,0.0,38.33
2144,7000,7001,12.911,533.056,5.16
2145,7002,7003,5.631,0.26,63.47
2146,7004,7005,51.313,731.584,45.58
2147,7006,7007,14.593,502.094,17.56
2148,7010,7011,6.122,238.874,12.73
2149,7012,7013,10.202,307.898,19.23
2150,7014,7015,33.583,855.692,260.73
2151,7016,7017,3.659,0.37,46.52
2152,7018,7019,3.273,0.418,64.02
2153,7020,7021,9.727,0.818,198.42
2154,7022,7023,4.273,0.208,45.68
2155,7024,7025,5.0,11.25,0.2
2156,7026,7027,1.985,20.977,9.79
2157,7038,7039,138.5,420.5,653.65
2158,7042,7043,20.0,0.0,93.29
2159,7046,7047,4.0,0.0,19.54
2160,7054,7055,55.0,128.0,267.96
2161,7056,7057,34.333,72.267,70.37
2162,7060,7061,23.0,0.0,43.92
2163,7062,7063,68.0,0.0,129.14
2164,7064,7065,57.5,180.5,96.23
2165,7066,7067,5.976,0.609,69.41
2166,7068,7069,121.725,18722.923,30.28
2167,7070,7071,38.6,4833.323,9.29
2168,7072,7073,267.346,81875.133,70.46
2169,7074,7075,130.621,28111.222,37.03
2170,7076,7077,118.603,5571.296,51.57
2171,7078,7079,72.484,6142.158,56.7
2172,7080,7081,45.808,4624.041,120.36
2173,7082,7083,2.0,0.039,16.17
2174,7084,7085,24.0,32.0,90.52
2175,7086,7087,18.0,0.0,82.68
2176,7088,7089,15.0,0.0,99.75
2177,7090,7091,19.0,4.0,135.03
2178,7094,7095,9.5,1.667,71.66
2179,7096,7097,12.0,0.0,90.81
2180,7100,7101,10.0,0.0,61.27
2181,7102,7103,36.333,24.333,277.77
2182,7104,7105,13.0,0.0,103.26
2183,7106,7107,8.0,0.571,60.21
2184,7108,7109,14.4,3.156,114.86
2185,7110,7111,6.5,0.7,51.17
2186,7112,7113,7.75,0.25,57.23
2187,7114,7115,18.0,2.0,139.79
2188,7116,7117,14.1,3.147,98.67
2189,7118,7119,4.5,0.636,34.06
2190,7120,7121,2.0,0.0,18.15
2191,7122,7123,9.833,0.971,69.31
2192,7124,7125,30.5,11.0,214.06
2193,7126,7127,18.5,7.0,87.46
2194,7128,7129,11.0,0.0,68.97
2195,7142,7143,3.6,0.267,29.47
2196,7144,7145,3.1,0.1,40.13
2197,7146,7147,1.2,0.2,13.7
2198,7148,7149,1.2,0.2,10.66
2199,7150,7151,3.0,0.0,39.81
2200,7152,7153,5.0,0.0,57.2
2201,7154,7155,5.0,0.0,72.6
2202,7156,7157,4.0,0.0,53.57
2203,7158,7159,4.125,0.125,55.59
2204,7160,7161,4.75,0.5,62.5
2205,7162,7163,1.833,0.567,17.36
2206,7164,7165,1.45,0.261,10.82
2207,7166,7167,30.022,10.068,214.87
2208,7168,7169,5.295,0.632,39.99
2209,7170,7171,10.159,1.532,75.99
2210,7172,7173,2.159,0.183,16.03
2211,7174,7175,6.385,0.927,47.92
2212,7176,7177,7.385,0.874,56.57
2213,7180,7181,3.25,43.114,5.94
2214,7184,7185,3.301,8.239,34.73
2215,7186,7187,1.719,0.326,21.23
2216,7188,7189,1.511,0.284,18.53
2217,7190,7191,1.351,0.228,14.85
2218,7192,7193,5.519,9.571,37.49
2219,7194,7195,1.068,0.246,10.49
2220,7196,7197,1.619,0.491,19.55
2221,7198,7199,2.423,0.278,30.58
2222,7200,7201,1.87,27.223,7.59
2223,7202,7203,9.174,179.945,29.92
2224,7204,7205,19.703,280.537,45.16
2225,7206,7207,4.605,538.127,8.48
2226,7208,7209,6.333,601.043,17.75
2227,7210,7211,21.51,2564.332,4.77
2228,7212,7213,14.617,1672.456,9.96
2229,7214,7215,48.882,5557.801,24.15
2230,7216,7217,54.777,6094.567,26.57
2231,7218,7219,114.416,8319.944,68.0
2232,7220,7221,70.593,6531.66,58.32
2233,7222,7223,29.928,2896.786,34.74
2234,7224,7225,3.374,25.332,13.08
2235,7226,7227,1.306,1.993,10.72
2236,7230,7231,1.222,0.174,15.78
2237,7232,7233,4.408,0.468,56.27
2238,7234,7235,7.251,0.993,92.47
2239,7236,7237,1.817,0.246,20.81
2240,7238,7239,4.456,0.466,56.11
2241,7240,7241,34.058,4707.904,13.68
2242,7242,7243,5.234,0.7,63.31
2243,7244,7245,5.899,0.869,70.42
2244,7246,7247,9.159,529.453,27.08
2245,7248,7249,3.678,0.408,41.48
2246,7250,7251,6.728,0.828,77.18
2247,7252,7253,6.497,0.637,75.36
2248,7254,7255,6.386,0.569,74.68
2249,7256,7257,17.987,1173.135,32.97
2250,7260,7261,10.628,619.208,29.02
2251,7262,7263,6.149,296.883,22.89
2252,7264,7265,6.571,7.952,52.63
2253,7266,7267,10.875,0.696,79.76
2254,7268,7269,29.5,4.5,207.98
2255,7270,7271,2.091,0.091,12.11
2256,7272,7273,12.0,1.0,78.56
2257,7276,7277,9.21,3.152,69.59
2258,7278,7279,6.5,0.3,44.2
2259,7280,7281,6.333,0.267,47.36
2260,7282,7283,5.333,0.267,39.85
2261,7284,7285,6.2,0.2,47.56
2262,7286,7287,7.429,0.619,53.53
2263,7288,7289,9.0,1.5,59.78
2264,7290,7291,8.8,0.7,65.88
2265,7292,7293,2.667,0.333,17.29
2266,7294,7295,5.5,0.333,38.02
2267,7296,7297,11.333,0.333,82.72
2268,7298,7299,14.0,0.0,89.44
2269,7304,7305,13.0,0.0,65.0
2270,7308,7309,23.75,9.071,49.73
2271,7310,7311,6.367,10.696,32.6
2272,7312,7313,2.188,0.198,16.79
2273,7314,7315,2.6,0.317,19.68
2274,7316,7317,4.067,0.271,30.74
2275,7318,7319,1.871,0.116,14.02
2276,7320,7321,4.151,0.323,26.36
2277,7322,7323,1.095,0.088,7.53
2278,7324,7325,3.0,0.244,22.83
2279,7326,7327,3.31,0.268,25.51
2280,7328,7329,4.129,0.449,30.89
2281,7330,7331,5.387,0.445,41.82
2282,7332,7333,6.367,0.585,49.84
2283,7334,7335,3.071,0.217,23.6
2284,7338,7339,32.0,0.0,60.44
2285,7340,7341,23.0,0.0,64.06
2286,7348,7349,17.0,0.0,123.25
2287,7350,7351,12.429,1.952,93.62
2288,7352,7353,1.833,0.152,11.96
2289,7354,7355,4.167,0.333,30.81
2290,7356,7357,8.85,3.924,60.3
2291,7358,7359,7.385,0.423,52.28
2292,7360,7361,2.0,0.0,18.5
2293,7362,7363,3.25,0.214,23.42
2294,7364,7365,3.0,20.0,5.07
2295,7366,7367,1.1,0.1,6.09
2296,7368,7369,4.1,2.1,29.78
2297,7370,7371,5.455,0.273,42.43
2298,7372,7373,6.917,0.992,53.61
2299,7374,7375,8.909,0.491,66.52
2300,7376,7377,6.8,0.2,53.48
2301,7378,7379,3.0,0.0,27.36
2302,7380,7381,7.0,0.0,57.51
2303,7384,7385,1.667,0.333,13.31
2304,7386,7387,2.2,1.7,1.36
2305,7390,7391,3.16,1.298,34.28
2306,7392,7393,11.831,1.405,151.97
2307,7394,7395,2.325,0.32,28.75
2308,7396,7397,1.607,0.41,20.16
2309,7398,7399,3.632,0.282,46.34
2310,7400,7401,1.295,0.211,16.43
2311,7402,7403,2.862,0.213,32.61
2312,7404,7405,9.0,0.0,66.67
2313,7406,7407,8.0,0.0,53.76
2314,7408,7409,13.0,0.0,80.73
2315,7412,7413,9.667,1.333,23.91
2316,7414,7415,56.0,14.0,120.63
2317,7420,7421,52.0,0.0,124.19
2318,7426,7427,15.0,0.0,32.4
2319,7430,7431,10.0,2.0,68.16
2320,7432,7433,18.8,2.2,148.59
2321,7434,7435,8.8,1.2,70.9
2322,7436,7437,3.6,0.3,28.43
2323,7440,7441,23.0,0.0,52.57
2324,7442,7443,23.0,3.0,54.75
2325,7444,7445,27.0,0.0,55.1
2326,7448,7449,10.0,1.0,77.58
2327,7450,7451,16.0,2.0,129.08
2328,7452,7453,9.333,0.333,72.32
2329,7454,7455,26.0,2.0,195.38
2330,7456,7457,20.0,0.0,61.68
2331,7458,7459,28.0,0.0,208.13
2332,7460,7461,7.2,0.7,52.28
2333,7462,7463,3.75,0.25,29.96
2334,7464,7465,60.857,2325.655,14.45
2335,7466,7467,5.458,212.694,9.41
2336,7468,7469,9.25,553.848,11.5
2337,7470,7471,23.107,1221.136,51.14
2338,7474,7475,13.333,0.333,162.95
2339,7476,7477,8.0,0.0,48.24
2340,7478,7479,6.0,0.0,50.56
2341,7482,7483,16.424,19.252,102.91
2342,7484,7485,7.167,1.286,54.16
2343,7486,7487,4.778,0.444,30.16
2344,7488,7489,23.5,4.5,158.18
2345,7490,7491,25.4,1.3,193.3
2346,7492,7493,5.5,0.5,47.93
2347,7494,7495,3.667,0.333,33.21
2348,7496,7497,4.75,0.25,32.05
2349,7498,7499,6.5,0.5,47.57
2350,7500,7501,7.5,4.5,49.04
2351,7502,7503,59.286,5950.835,114.91
2352,7504,7505,7.154,0.474,56.46
2353,7508,7509,1.5,0.278,9.91
2354,7512,7513,1.833,0.333,13.14
2355,7516,7517,2.75,0.5,19.9
2356,7518,7519,1.833,0.515,14.46
2357,7526,7527,9.0,2.0,65.27
2358,7528,7529,6.5,0.5,45.91
2359,7530,7531,9.714,1.571,76.32
2360,7532,7533,12.0,0.0,87.11
2361,7534,7535,9.0,0.0,63.3
2362,7536,7537,11.25,0.917,86.03
2363,7538,7539,7.25,13.643,31.88
2364,7540,7541,2.778,0.194,20.42
2365,7542,7543,6.5,0.857,48.39
2366,7544,7545,11.0,0.4,93.13
2367,7548,7549,3.0,1.0,28.21
2368,7550,7551,7.909,0.291,91.77
2369,7560,7561,10.667,0.333,124.01
2370,7562,7563,33.0,22.286,234.97
2371,7566,7567,24.5,12.3,54.03
2372,7568,7569,14.0,1.333,36.76
2373,7570,7571,8.0,0.0,45.55
2374,7572,7573,5.8,21.7,14.09
2375,7574,7575,11.4,2.8,78.91
2376,7580,7581,2.0,0.0,12.62
2377,7582,7583,19.757,7.816,230.25
2378,7584,7585,12.667,1.333,93.74
2379,7588,7589,2.0,0.0,24.85
2380,7590,7591,5.5,0.5,45.87
2381,7592,7593,5.0,2.0,44.5
2382,7594,7595,28.333,2.333,253.71
2383,7596,7597,44.58,2463.307,167.19
2384,7598,7599,64.25,8300.75,4.75
2385,7600,7601,91.25,9385.071,7.9
2386,7602,7603,2.0,5.0,2.25
2387,7604,7605,88.5,15188.7,10.93
2388,7606,7607,124.0,35312.8,13.16
2389,7608,7609,7.824,791.529,5.73
2390,7610,7611,36.455,4345.073,116.72
2391,7612,7613,3.5,0.3,26.57
2392,7614,7615,1.429,0.286,9.99
2393,7616,7617,12.4,2.3,90.66
2394,7628,7629,8.875,2.411,19.79
2395,7630,7631,10.333,2.333,20.45
2396,7632,7633,7.6,17.3,20.52
2397,7634,7635,50.5,0.5,97.37
2398,7636,7637,46.67,5470.524,34.08
2399,7638,7639,19.773,1329.422,1.24
2400,7640,7641,12.129,619.157,15.84
2401,7642,7643,9.355,290.449,24.92
2402,7644,7645,33.313,2384.034,192.87
2403,7646,7647,70.229,10533.752,48.17
2404,7648,7649,7.321,720.468,17.07
2405,7650,7651,50.554,9381.096,99.18
2406,7652,7653,13.784,1177.771,58.03
2407,7654,7655,4.0,0.0,23.83
2408,7656,7657,15.879,2862.459,19.01
2409,7658,7659,4.0,0.0,19.3
2410,7660,7661,4.0,0.0,20.39
2411,7664,7665,8.0,0.0,40.69
2412,7666,7667,8.667,0.333,44.64
2413,7670,7671,4.5,0.5,23.2
2414,7672,7673,7.0,0.0,33.14
2415,7676,7677,142.806,64254.104,93.09
2416,7678,7679,10.97,942.28,17.42
2417,7680,7681,24.067,2524.064,59.01
2418,7682,7683,15.8,1.733,114.28
2419,7684,7685,10.0,1.333,71.09
2420,7686,7687,18.125,4.65,135.13
2421,7688,7689,7.111,0.361,58.22
2422,7692,7693,8.0,0.0,52.01
2423,7698,7699,12.0,0.5,91.62
2424,7700,7701,27.0,0.0,207.94
2425,7702,7703,5.0,0.0,36.42
2426,7704,7705,16.0,0.0,138.46
2427,7706,7707,15.8,253.2,13.48
2428,7708,7709,15.75,20.917,80.63
2429,7710,7711,8.333,0.667,63.65
2430,7712,7713,15.5,1.667,105.44
2431,7714,7715,7.0,0.333,50.72
2432,7716,7717,3.4,0.3,20.87
2433,7718,7719,3.625,0.268,24.95
2434,7720,7721,1.778,0.444,11.36
2435,7722,7723,9.333,0.333,62.04
2436,7724,7725,18.2,5.2,134.65
2437,7726,7727,33.285,3358.927,48.17
2438,7728,7729,91.6,7132.8,90.94
2439,7730,7731,1.8,0.2,12.85
2440,7732,7733,9.0,0.0,71.32
2441,7738,7739,9.0,0.0,63.6
2442,7740,7741,7.0,0.0,45.22
2443,7742,7743,7.0,0.0,56.01
2444,7744,7745,3.0,0.0,21.88
2445,7746,7747,4.0,0.0,25.36
2446,7748,7749,4.0,0.0,28.0
2447,7752,7753,3.0,0.0,18.94
2448,7754,7755,7.0,0.0,48.7
2449,7756,7757,105.878,26643.977,154.25
2450,7758,7759,10.156,798.61,3.89
2451,7760,7761,2.656,0.263,19.17
2452,7762,7763,7.361,0.668,54.91
2453,7766,7767,3.912,0.331,29.63
2454,7768,7769,6.322,0.636,49.04
2455,7770,7771,4.567,0.351,34.78
2456,7772,7773,2.148,0.161,16.24
2457,7774,7775,5.571,0.668,43.15
2458,7776,7777,5.937,0.544,44.88
2459,7778,7779,4.533,363.087,5.6
2460,7780,7781,3.138,0.277,23.74
2461,7782,7783,3.39,0.276,27.14
2462,7784,7785,29.365,4841.006,47.68
2463,7786,7787,5.719,386.292,11.42
2464,7788,7789,12.611,1227.293,29.7
2465,7790,7791,16.132,1327.991,70.34
2466,7792,7793,2.874,0.366,20.91
2467,7794,7795,10.233,1.165,76.24
2468,7796,7797,15.667,399.333,36.3
2469,7798,7799,14.5,4.333,87.84
2470,7800,7801,18.0,82.8,28.6
2471,7802,7803,19.833,6.567,38.67
2472,7804,7805,22.667,8.667,46.45
2473,7808,7809,2.75,0.25,6.14
2474,7810,7811,16.833,6.167,37.45
2475,7812,7813,4.0,1.143,10.2
2476,7814,7815,6.2,4.7,10.22
2477,7816,7817,5.0,0.0,14.78
2478,7818,7819,7.0,0.0,17.98
2479,7820,7821,8.0,2.0,16.79
2480,7822,7823,4.0,2.0,10.11
2481,7824,7825,19.0,0.0,42.1
2482,7826,7827,41.714,181.571,95.71
2483,7828,7829,38.5,11.667,80.62
2484,7830,7831,190.433,29971.22,37.8
2485,7832,7833,3.111,0.34,22.37
2486,7834,7835,4.824,0.529,35.14
2487,7836,7837,3.818,0.364,28.37
2488,7838,7839,2.571,0.286,20.68
2489,7842,7843,4.75,0.25,37.1
2490,7844,7845,4.5,0.7,31.96
2491,7846,7847,29.522,3071.806,7.53
2492,7854,7855,96.875,21039.016,42.55
2493,7856,7857,9.05,1279.208,5.69
2494,7860,7861,6.08,121.993,30.1
2495,7862,7863,4.217,0.36,32.16
2496,7864,7865,3.455,0.641,25.93
2497,7866,7867,14.0,0.0,33.11
2498,7872,7873,9.0,1.0,21.24
2499,7878,7879,12.0,8.0,26.89
2500,7882,7883,11.5,12.5,27.09
2501,7884,7885,7.0,0.0,49.45
2502,7888,7889,20.278,3097.389,4.85
2503,7892,7893,1.645,0.237,12.2
2504,7896,7897,2.037,0.037,16.44
2505,7898,7899,16.982,1975.453,19.98
2506,7900,7901,22.763,1336.375,75.2
2507,7902,7903,2.538,1.058,12.81
2508,7904,7905,43.25,16.5,98.11
2509,7906,7907,2.636,0.655,8.82
2510,7908,7909,16.647,30.493,35.86
2511,7910,7911,10.13,3.3,22.9
2512,7912,7913,10.154,3.344,20.28
2513,7914,7915,2.826,0.293,20.76
2514,7916,7917,24.657,12.808,185.65
2515,7918,7919,3.583,0.704,26.17
2516,7920,7921,1.465,0.252,10.77
2517,7922,7923,1.02,0.02,4.38
2518,7924,7925,13.425,2.503,101.08
2519,7926,7927,4.953,0.736,37.35
2520,7928,7929,6.674,1.472,48.72
2521,7930,7931,2.367,0.235,18.07
2522,7932,7933,1.856,0.215,14.49
2523,7934,7935,5.909,7.491,37.17
2524,7936,7937,4.6,0.267,37.74
2525,7938,7939,5.2,0.844,41.97
2526,7940,7941,7.25,0.5,59.01
2527,7942,7943,1.756,0.189,12.91
2528,7944,7945,3.308,0.448,42.27
2529,7946,7947,2.91,3.875,25.18
2530,7948,7949,4.89,3.488,56.06
2531,7950,7951,3.525,0.254,26.1
2532,7952,7953,6.283,2.308,40.02
2533,7954,7955,2.5,0.286,18.33
2534,7956,7957,3.246,0.331,38.36
2535,7958,7959,2.655,0.265,35.7
2536,7960,7961,2.863,5.308,27.22
2537,7962,7963,2.96,0.238,39.2
2538,7966,7967,24.564,543.848,23.66
2539,7968,7969,1.561,8.643,7.67
2540,7970,7971,1.262,4.197,7.63
2541,7976,7977,1.592,3.071,17.93
2542,7978,7979,2.276,0.203,23.46
2543,7982,7983,9.0,2.0,79.36
2544,7984,7985,7.25,0.917,58.89
2545,7986,7987,23.5,31.714,153.62
2546,7988,7989,36.8,3396.2,23.15
2547,7990,7991,128.971,21802.272,26.84
2548,7992,7993,30.767,4646.599,7.79
2549,7996,7997,108.474,11602.263,27.75
2550,7998,7999,5.0,2.0,10.39
2551,8000,8001,47.0,0.0,140.24
2552,8002,8003,2.5,0.455,23.11
2553,8004,8005,8.455,1.473,98.89
2554,8006,8007,32.0,31.0,143.54
2555,8008,8009,32.25,472.917,191.5
2556,8010,8011,7.857,1.476,37.07
2557,8012,8013,6.714,0.905,31.05
2558,8014,8015,7.429,1.619,36.12
2559,8016,8017,52.583,74.265,247.73
2560,8018,8019,9.364,3.055,45.93
2561,8020,8021,4.2,0.2,32.64
2562,8022,8023,9.714,0.571,71.07
2563,8024,8025,19.625,3.982,158.28
2564,8026,8027,5.75,0.386,46.01
2565,8028,8029,15.091,4.491,115.03
2566,8030,8031,1.8,0.6,10.53
2567,8032,8033,6.538,0.436,48.07
2568,8034,8035,8.615,0.756,62.56
2569,8036,8037,5.5,0.5,40.51
2570,8038,8039,6.0,1.143,41.1
2571,8040,8041,10.833,0.567,79.52
2572,8042,8043,9.0,0.0,69.13
2573,8048,8049,16.0,0.0,102.31
2574,8050,8051,13.0,0.0,77.71
2575,8052,8053,130.829,40422.995,66.62
2576,8054,8055,2.854,59.628,22.08
2577,8056,8057,2.585,0.249,30.38
2578,8058,8059,79.732,23150.796,67.5
2579,8060,8061,71.044,29558.558,86.39
2580,8062,8063,52.353,22898.194,71.01
2581,8064,8065,62.304,25266.154,95.38
2582,8066,8067,44.177,19795.779,131.97
2583,8068,8069,9.537,3555.546,39.9
2584,8070,8071,15.104,2110.41,16.65
2585,8072,8073,51.878,21998.382,59.19
2586,8074,8075,10.907,1301.074,7.54
2587,8076,8077,13.918,1708.931,19.57
2588,8088,8089,3.0,0.0,16.28
2589,8090,8091,27.324,2053.473,24.81
2590,8092,8093,96.593,21849.174,45.75
2591,8094,8095,131.64,30422.823,67.25
2592,8096,8097,4.0,0.0,19.87
2593,8098,8099,46.0,2312.0,54.32
2594,8100,8101,3.607,146.491,7.24
2595,8102,8103,206.0,0.0,64.49
2596,8104,8105,11.309,1724.985,12.1
2597,8106,8107,66.488,10392.488,86.12
2598,8108,8109,15.927,2299.056,13.14
2599,8116,8117,13.5,473.78,12.49
2600,8118,8119,11.194,47.895,45.74
2601,8122,8123,12.0,0.0,92.18
2602,8124,8125,4.0,0.0,28.33
2603,8126,8127,20.0,0.0,141.85
2604,8128,8129,9.0,0.0,60.62
2605,8130,8131,7.0,0.0,52.94
2606,8134,8135,12.279,2.111,84.66
2607,8136,8137,6.78,0.526,49.39
2608,8140,8141,167.625,11152.917,29.27
2609,8142,8143,6.769,155.551,3.98
2610,8144,8145,22.214,751.246,47.69
2611,8146,8147,3.238,0.235,41.54
2612,8148,8149,8.952,0.485,101.02
2613,8150,8151,10.226,168.981,60.89
2614,8152,8153,5.5,0.466,74.79
2615,8154,8155,6.967,1.826,77.31
2616,8158,8159,30.857,639.655,20.65
2617,8160,8161,6.25,2.25,52.82
2618,8162,8163,4.333,0.333,35.53
2619,8164,8165,9.333,0.333,44.24
2620,8166,8167,9.5,1.667,49.77
2621,8168,8169,37.25,31.583,189.67
2622,8170,8171,15.5,0.5,67.57
2623,8172,8173,2.0,0.0,11.38
2624,8174,8175,11.5,0.5,57.73
2625,8176,8177,9.5,0.5,48.78
2626,8178,8179,8.0,0.0,40.32
2627,8180,8181,7.5,0.5,38.41
2628,8182,8183,8.0,0.0,40.06
2629,8184,8185,10.0,2.0,49.18
2630,8186,8187,15.0,0.0,75.66
2631,8188,8189,11.667,0.333,58.66
2632,8192,8193,6.0,0.0,27.94
2633,8194,8195,23.0,0.0,112.9
2634,8202,8203,21.895,125.322,82.95
2635,8204,8205,40.0,61.5,196.13
2636,8206,8207,19.5,4.5,109.12
2637,8208,8209,4.5,0.5,25.13
2638,8210,8211,2.0,0.0,8.75
2639,8212,8213,671.095,185529.69,101.62
2640,8214,8215,18.778,3.194,130.06
2641,8216,8217,1.857,0.143,13.42
2642,8226,8227,8.0,0.0,62.62
2643,8228,8229,9.0,0.0,65.72
2644,8230,8231,10.0,0.0,77.16
2645,8232,8233,11.0,0.0,75.23
2646,8234,8235,11.5,0.5,79.01
2647,8236,8237,616.375,163974.554,84.23
2648,8238,8239,309.2,96291.7,110.91
2649,8240,8241,45.609,6778.885,123.07
2650,8242,8243,11.609,1.522,86.37
2651,8244,8245,15.25,3.477,114.49
2652,8246,8247,3.308,0.231,25.36
2653,8250,8251,5.205,0.43,34.67
2654,8252,8253,2.667,0.386,19.07
2655,8256,8257,1.045,0.045,4.36
2656,8258,8259,9.486,12.59,52.66
2657,8260,8261,4.0,0.4,25.08
2658,8264,8265,5.6,0.267,37.43
2659,8266,8267,2.0,0.0,13.4
2660,8268,8269,665.792,206908.168,202.91
2661,8270,8271,93.717,34447.629,39.6
2662,8272,8273,57.595,27733.943,67.78
2663,8274,8275,27.167,274.967,95.69
2664,8276,8277,2.0,0.0,18.57
2665,8278,8279,20.647,19.041,221.68
2666,8280,8281,29.927,17.402,218.48
2667,8282,8283,15.724,2.87,111.71
2668,8284,8285,38.491,14.255,275.33
2669,8286,8287,1.056,0.056,2.6
2670,8288,8289,20.756,6.371,144.59
2671,8290,8291,7.977,17.166,48.2
2672,8292,8293,14.0,0.0,99.3
2673,8294,8295,18.333,1.067,142.72
2674,8298,8299,8.0,0.0,58.54
2675,8300,8301,5.0,0.0,44.34
2676,8302,8303,17.0,0.0,136.63
2677,8304,8305,8.0,0.0,55.9
2678,8306,8307,3.0,0.0,23.76
2679,8308,8309,19.0,8.0,143.83
2680,8312,8313,11.278,6.212,74.19
2681,8316,8317,13.5,0.5,90.89
2682,8318,8319,6.0,0.0,44.53
2683,8320,8321,8.0,0.0,65.19
2684,8324,8325,8.705,0.725,94.22
2685,8326,8327,14.045,5.486,181.84
2686,8328,8329,8.452,0.449,98.71
2687,8330,8331,14.5,0.5,67.98
2688,8332,8333,12.0,0.0,63.2
2689,8334,8335,25.0,4.0,132.23
2690,8340,8341,26.0,0.0,214.37
2691,8342,8343,12.5,0.5,96.43
2692,8344,8345,68.612,31074.44,156.31
2693,8346,8347,18.473,3.059,225.82
2694,8350,8351,18.0,2815.111,14.88
2695,8352,8353,6.5,0.5,52.7
2696,8354,8355,9.5,0.5,77.64
2697,8356,8357,2.714,0.238,16.21
2698,8358,8359,6.0,0.667,39.46
2699,8362,8363,8.0,0.0,51.89
2700,8364,8365,18.0,0.0,114.45
2701,8366,8367,7.0,1.0,52.33
2702,8368,8369,6.5,0.5,52.39
2703,8370,8371,8.333,0.333,58.16
2704,8372,8373,18.5,2.857,134.57
2705,8374,8375,8.2,1.314,57.52
2706,8378,8379,6.556,0.795,46.02
2707,8382,8383,2.13,0.119,17.57
2708,8384,8385,5.867,0.464,40.71
2709,8386,8387,11.906,1.636,88.48
2710,8388,8389,9.759,1.833,70.0
2711,8390,8391,3.29,0.413,22.48
2712,8392,8393,3.68,0.31,26.99
2713,8394,8395,12.45,2.576,92.19
2714,8398,8399,1.25,0.25,5.21
2715,8400,8401,1.5,0.333,8.09
2716,8404,8405,11.462,53.778,44.24
2717,8408,8409,2.722,0.448,13.78
2718,8412,8413,14.0,0.4,74.33
2719,8416,8417,2.0,0.0,13.78
2720,8418,8419,9.385,1.423,46.04
2721,8420,8421,36.4,21.6,173.22
2722,8422,8423,22.5,684.5,226.12
2723,8424,8425,4.778,0.487,37.23
2724,8426,8427,6.258,0.665,47.21
2725,8428,8429,3.0,0.444,24.02
2726,8430,8431,4.2,0.2,34.23
2727,8432,8433,3.6,0.3,29.36
2728,8434,8435,8.0,1.0,63.71
2729,8436,8437,8.25,0.917,69.7
2730,8438,8439,3.212,0.172,24.74
2731,8440,8441,4.417,0.364,34.46
2732,8442,8443,3.421,0.304,25.21
2733,8444,8445,9.176,1.279,71.09
2734,8446,8447,4.0,0.667,30.26
2735,8448,8449,14.0,3.0,98.9
2736,8450,8451,10.337,1.191,77.15
2737,8452,8453,5.112,0.761,36.96
2738,8454,8455,3.0,0.0,25.53
2739,8456,8457,2.0,0.0,10.31
2740,8460,8461,61.731,3343.085,116.31
2741,8462,8463,2.269,0.365,27.88
2742,8464,8465,1.75,0.196,19.94
2743,8466,8467,4.533,0.267,60.02
2744,8468,8469,2.438,0.263,31.27
2745,8470,8471,2.0,0.0,18.43
2746,8472,8473,19.917,598.254,63.52
2747,8474,8475,2.0,0.0,20.47
2748,8476,8477,4.1,0.322,28.46
2749,8478,8479,2.0,0.0,11.74
2750,8486,8487,5.294,0.721,62.84
2751,8488,8489,1.2,0.171,13.18
2752,8492,8493,2.05,0.471,23.23
2753,8494,8495,2.45,0.261,30.83
2754,8496,8497,12.333,20.333,95.38
2755,8498,8499,3.25,0.25,30.7
2756,8506,8507,18.0,0.0,145.17
2757,8512,8513,35.5,312.5,44.15
2758,8516,8517,2.0,0.0,13.17
2759,8518,8519,8.0,0.0,62.6
2760,8522,8523,6.273,25.218,31.69
2761,8524,8525,3.75,0.214,24.9
2762,8526,8527,5.333,0.333,42.12
2763,8528,8529,2.5,1.0,18.17
2764,8530,8531,9.0,0.0,63.6
2765,8534,8535,3.182,0.164,23.98
2766,8536,8537,3.0,0.0,25.83
2767,8538,8539,7.333,1.333,52.22
2768,8540,8541,7.5,1.0,51.43
2769,8542,8543,23.5,4.5,191.26
2770,8544,8545,8.0,1.0,59.53
2771,8546,8547,6.333,0.333,43.95
2772,8548,8549,12.13,2.471,84.33
2773,8550,8551,3.578,0.386,26.56
2774,8552,8553,1.152,0.132,8.15
2775,8554,8555,3.133,0.618,22.92
2776,8556,8557,6.628,0.573,45.53
2777,8558,8559,1.206,0.168,6.83
2778,8560,8561,1.882,0.36,12.64
2779,8562,8563,9.0,0.0,68.04
2780,8564,8565,12.0,0.0,101.25
2781,8566,8567,5.917,5.907,37.26
2782,8568,8569,3.879,0.297,28.71
2783,8570,8571,2.733,0.34,19.69
2784,8572,8573,1.111,0.103,8.29
2785,8574,8575,13.462,2.338,100.85
2786,8576,8577,15.885,9.546,121.86
2787,8578,8579,11.72,1.543,87.6
2788,8580,8581,3.318,1.37,19.38
2789,8584,8585,15.25,51.583,76.9
2790,8586,8587,10.5,0.5,68.42
2791,8590,8591,4.0,0.0,19.45
2792,8594,8595,1.125,0.125,3.47
2793,8596,8597,15.0,0.0,78.33
2794,8598,8599,5.375,48.268,3.04
2795,8606,8607,2.667,0.267,14.43
2796,8608,8609,8.0,0.0,92.43
2797,8610,8611,4.0,0.0,49.07
2798,8612,8613,5.0,0.0,49.82
2799,8614,8615,25.0,0.0,167.36
2800,8616,8617,7.5,0.5,50.54
2801,8624,8625,20.0,0.0,13.49
2802,8626,8627,28.0,0.0,190.63
2803,8628,8629,10.0,0.0,81.1
2804,8632,8633,12.5,4.5,98.39
2805,8634,8635,11.0,0.0,77.71
2806,8636,8637,1.64,0.24,11.48
2807,8638,8639,1.222,0.179,8.41
2808,8640,8641,1.941,0.056,14.26
2809,8644,8645,2.848,0.883,19.28
2810,8648,8649,1.095,0.088,7.71
2811,8650,8651,2.426,1.032,16.68
2812,8654,8655,2.041,1.165,13.38
2813,8656,8657,31.0,0.0,259.93
2814,8660,8661,1.667,0.333,12.57
2815,8662,8663,3.667,0.333,28.14
2816,8668,8669,1.5,0.5,13.67
2817,8674,8675,2.333,0.333,15.92
2818,8676,8677,3.0,0.0,19.69
2819,8678,8679,9.0,0.0,63.34
2820,8680,8681,4.5,0.5,31.36
2821,8682,8683,3.667,0.333,28.94
2822,8684,8685,2.0,0.0,19.01
2823,8686,8687,3.0,0.0,23.8
2824,8688,8689,6.0,41.5,22.65
2825,8690,8691,3.25,0.25,24.18
2826,8692,8693,7.2,0.2,54.42
2827,8696,8697,5.4,0.3,39.56
2828,8698,8699,15.5,0.7,121.55
2829,8700,8701,10.4,1.0,76.01
2830,8702,8703,6.909,0.182,54.54
2831,8704,8705,10.333,0.333,76.74
2832,8706,8707,22.25,86.25,105.89
2833,8708,8709,3.25,0.25,23.64
2834,8710,8711,4.0,0.667,28.42
2835,8712,8713,2.8,0.2,18.3
2836,8722,8723,55.714,3079.238,118.05
2837,8724,8725,5.4,3.6,33.29
2838,8726,8727,12.545,1.673,100.05
2839,8730,8731,3.0,0.0,21.93
2840,8732,8733,56.826,7951.605,19.78
2841,8734,8735,66.286,12811.314,28.06
2842,8736,8737,79.762,30581.39,95.65
2843,8738,8739,10.765,1.066,78.44
2844,8740,8741,9.235,0.566,71.76
2845,8742,8743,2.875,0.125,19.93
2846,8744,8745,11.167,2.167,87.07
2847,8746,8747,14.0,1.0,110.68
2848,8748,8749,6.941,1.059,47.53
2849,8752,8753,9.556,197.528,35.65
2850,8754,8755,2.909,0.291,23.16
2851,8756,8757,6.0,0.75,48.63
2852,8758,8759,1.889,0.111,15.79
2853,8762,8763,5.25,0.932,37.37
2854,8764,8765,8.727,1.018,59.5
2855,8766,8767,5.571,0.879,38.14
2856,8768,8769,74.716,8486.781,66.17
2857,8770,8771,1.178,0.195,6.57
2858,8772,8773,66.266,8931.849,78.16
2859,8774,8775,55.262,7763.134,92.41
2860,8776,8777,14.658,625.508,89.23
2861,8778,8779,4.375,2.268,33.79
2862,8780,8781,2.2,0.2,31.72
2863,8782,8783,9.0,1.5,125.36
2864,8784,8785,3.0,0.333,31.58
2865,8786,8787,1.5,0.5,15.75
2866,8788,8789,5.0,0.0,48.16
2867,8790,8791,31.5,12.5,232.04
2868,8792,8793,12.0,0.0,88.6
2869,8794,8795,26.333,4.333,205.89
2870,8796,8797,5.333,0.333,41.75
2871,8798,8799,5.75,0.917,43.0
2872,8800,8801,13.5,1.667,102.3
2873,8802,8803,9.25,0.25,73.81
2874,8804,8805,5.182,0.764,24.38
2875,8814,8815,8.39,13.029,49.58
2876,8818,8819,5.231,0.526,56.1
2877,8820,8821,6.133,0.695,73.01
2878,8824,8825,25.947,1407.719,18.97
2879,8826,8827,2.4,0.4,18.94
2880,8830,8831,3.4,0.3,44.89
2881,8832,8833,1.25,0.25,8.51
2882,8834,8835,4.714,0.905,66.51
2883,8836,8837,14.375,1.696,178.14
2884,8840,8841,1.5,0.333,2.5
2885,8842,8843,5.0,0.0,25.26
2886,8844,8845,1.734,8.582,4.46
2887,8846,8847,4.421,23.146,11.22
2888,8848,8849,2.444,1.028,9.98
2889,8850,8851,8.571,0.725,89.3
2890,8856,8857,7.092,1.033,45.95
2891,8858,8859,14.415,2.783,103.54
2892,8860,8861,5.01,0.51,35.88
2893,8862,8863,7.385,0.928,53.42
2894,8864,8865,7.548,0.924,54.81
2895,8876,8877,4.375,0.268,31.71
2896,8878,8879,5.889,0.361,45.76
2897,8880,8881,3.0,0.0,25.08
2898,8884,8885,2.25,0.25,17.37
2899,8888,8889,2.0,0.0,13.72
2900,8892,8893,5.2,0.2,21.83
2901,8896,8897,2.429,0.619,13.67
2902,8898,8899,13.333,1.524,102.77
2903,8900,8901,18.727,30.208,125.43
2904,8902,8903,5.0,2.0,34.72
2905,8906,8907,11.0,0.0,81.27
2906,8910,8911,12.429,2.264,87.67
2907,8912,8913,7.5,0.5,58.67
2908,8914,8915,21.5,4.5,97.51
2909,8916,8917,19.75,1.583,155.79
2910,8918,8919,27.5,24.5,61.14
2911,8920,8921,64.528,3004.313,74.78
2912,8922,8923,4.429,0.37,35.14
2913,8924,8925,4.686,0.339,32.33
2914,8928,8929,9.5,1.707,72.83
2915,8930,8931,7.0,0.0,42.88
2916,8932,8933,8.5,4.5,56.59
2917,8934,8935,10.333,2.267,78.0
2918,8936,8937,4.0,0.0,25.94
2919,8938,8939,32.0,0.0,236.98
2920,8940,8941,12.333,1.75,94.57
2921,8942,8943,12.0,1.2,91.63
2922,8944,8945,7.75,0.917,55.38
2923,8946,8947,14.0,2.0,103.54
2924,8948,8949,3.9,0.1,25.14
2925,8954,8955,12.0,0.0,86.79
2926,8956,8957,17.5,3.0,132.34
2927,8960,8961,5.333,0.667,42.03
2928,8962,8963,3.8,0.2,27.87
2929,8964,8965,6.5,0.333,46.88
2930,8968,8969,3.0,0.0,24.23
2931,8970,8971,9.0,0.0,69.98
2932,8972,8973,6.0,0.0,50.75
2933,8974,8975,2.0,0.0,20.15
2934,8976,8977,7.5,0.5,59.51
2935,8978,8979,8.333,2.333,60.12
2936,8982,8983,24.2,548.2,112.58
2937,8984,8985,12.833,142.971,40.52
2938,8986,8987,4.143,0.143,33.11
2939,8988,8989,11.5,0.333,92.09
2940,8990,8991,2.2,0.178,15.13
2941,8992,8993,7.75,0.25,47.89
2942,8994,8995,3.0,0.0,21.38
2943,8996,8997,7.0,0.0,45.64
2944,8998,8999,4.0,1.0,21.02
2945,9000,9001,58.2,8460.029,1.51
2946,9002,9003,9.25,0.25,40.37
2947,9010,9011,19.0,3.273,134.12
2948,9012,9013,42.25,3155.583,72.64
2949,9014,9015,17.0,2.0,116.87
2950,9016,9017,19.881,6.925,91.2
2951,9018,9019,100.176,244.207,460.25
2952,9020,9021,46.716,46.6,217.89
2953,9022,9023,22.05,36.892,143.21
2954,9024,9025,17.571,2.571,128.45
2955,9026,9027,5.25,0.917,33.94
2956,9028,9029,7.75,2.25,55.77
2957,9030,9031,5.5,0.333,39.24
2958,9032,9033,7.25,0.917,54.17
2959,9036,9037,4.2,0.2,30.41
2960,9040,9041,4.375,0.268,33.43
2961,9042,9043,1.143,0.143,7.73
2962,9044,9045,4.625,0.268,34.55
2963,9046,9047,7.6,0.267,59.08
2964,9048,9049,90.337,3956.312,55.35
2965,9050,9051,43.835,3868.532,36.96
2966,9052,9053,54.174,5310.819,60.79
2967,9054,9055,34.058,4739.045,34.42
2968,9056,9057,8.167,0.567,64.75
2969,9058,9059,2.333,0.267,21.02
2970,9060,9061,3.714,0.238,32.39
2971,9062,9063,2.25,0.214,17.12
2972,9064,9065,3.25,0.214,24.75
2973,9066,9067,47.818,250.564,234.8
2974,9068,9069,48.5,4.5,235.29
2975,9070,9071,67.667,49.333,343.99
2976,9072,9073,94.5,24.5,453.03
2977,9076,9077,1.132,0.271,2.84
2978,9078,9079,40.635,1551.825,228.19
2979,9080,9081,5.924,0.559,71.42
2980,9084,9085,10.321,1.234,132.34
2981,9086,9087,6.235,18.316,23.62
2982,9088,9089,13.5,2.571,96.41
2983,9090,9091,11.5,0.5,91.9
2984,9094,9095,12.0,3.143,94.51
2985,9098,9099,17.0,0.0,115.43
2986,9102,9103,14.75,2.917,123.05
2987,9104,9105,13.0,0.0,113.63
2988,9106,9107,4.333,0.333,34.18
2989,9108,9109,7.9,1.656,60.41
2990,9120,9121,2.5,0.5,29.5
2991,9124,9125,11.0,0.0,51.67
2992,9126,9127,14.114,75.958,90.39
2993,9132,9133,5.0,0.0,39.22
2994,9134,9135,6.0,0.0,28.02
2995,9136,9137,5.5,0.5,30.04
2996,9138,9139,3.0,0.0,17.26
2997,9140,9141,1.25,0.194,7.33
2998,9142,9143,13.227,3.232,99.63
2999,9144,9145,8.333,0.333,69.17
3000,9146,9147,15.0,6.0,104.31
3001,9150,9151,16.778,30.194,136.47
3002,9152,9153,3.5,0.5,13.57
3003,9154,9155,12.0,0.0,51.76
3004,9156,9157,4.0,2.0,17.7
3005,9158,9159,5.5,0.5,24.55
3006,9160,9161,6.364,0.455,42.19
3007,9162,9163,12.5,1.667,87.47
3008,9164,9165,13.0,2.0,90.32
3009,9168,9169,10.0,0.0,93.07
3010,9170,9171,7.0,0.0,73.22
3011,9172,9173,4.609,0.431,35.8
3012,9174,9175,6.88,1.193,55.74
3013,9176,9177,6.759,0.475,48.94
3014,9178,9179,27.0,0.0,189.99
3015,9182,9183,14.4,3.3,164.04
3016,9184,9185,2.529,0.265,14.24
3017,9186,9187,1.5,0.267,9.47
3018,9190,9191,2.583,1.356,15.81
3019,9192,9193,3.091,0.291,24.2
3020,9194,9195,8.667,3.765,72.81
3021,9198,9199,9.75,0.25,75.8
3022,9200,9201,3.5,0.3,26.38
3023,9202,9203,2.143,0.143,14.72
3024,9204,9205,5.714,6.238,34.85
3025,9206,9207,15.333,598.788,64.07
3026,9208,9209,26.8,1988.457,82.47
3027,9212,9213,9.5,2.5,59.42
3028,9214,9215,14.0,0.0,110.12
3029,9220,9221,71.222,134.694,542.74
3030,9226,9227,3.0,0.0,16.94
3031,9234,9235,23.0,2.0,111.6
3032,9236,9237,804.765,512292.566,117.07
3033,9238,9239,21.927,3036.47,4.78
3034,9240,9241,252.281,76403.628,47.78
3035,9242,9243,92.667,5997.467,29.85
3036,9244,9245,78.241,28505.57,51.97
3037,9246,9247,68.484,25852.188,56.39
3038,9248,9249,21.0,4800.0,1.63
3039,9250,9251,48.907,14492.652,26.64
3040,9252,9253,1.778,0.444,9.5
3041,9254,9255,7.0,0.0,42.08
3042,9256,9257,1.667,0.267,8.22
3043,9260,9261,9.0,0.0,46.34
3044,9262,9263,11.0,0.0,55.74
3045,9264,9265,6.333,0.267,34.04
3046,9268,9269,6.154,25.974,45.01
3047,9270,9271,2.818,0.564,32.44
3048,9272,9273,2.0,0.0,23.38
3049,9276,9277,2.0,0.0,21.21
3050,9278,9279,5.0,0.0,38.39
3051,9280,9281,6.333,0.333,46.13
3052,9282,9283,5.333,0.333,47.32
3053,9290,9291,11.875,1.268,60.45
3054,9292,9293,17.0,0.0,98.22
3055,9298,9299,5.0,0.0,36.81
3056,9300,9301,4.0,0.0,28.32
3057,9302,9303,20.0,0.0,148.94
3058,9304,9305,19.5,4.5,140.71
3059,9306,9307,12.0,0.0,96.08
3060,9310,9311,3.0,0.0,13.85
3061,9312,9313,18.0,2.0,117.75
3062,9314,9315,14.5,15.9,84.83
3063,9316,9317,12.0,1.5,88.75
3064,9320,9321,7.0,0.0,47.6
3065,9326,9327,7.0,0.0,60.22
3066,9330,9331,3.8,0.2,26.05
3067,9332,9333,3.0,0.0,22.41
3068,9334,9335,20.0,0.0,149.51
3069,9336,9337,26.0,3.5,190.26
3070,9338,9339,4.75,0.25,32.76
3071,9340,9341,4.75,0.25,34.3
3072,9342,9343,12.0,0.0,83.91
3073,9344,9345,4.75,0.205,32.28
3074,9352,9353,9.0,0.0,42.82
3075,9356,9357,4.0,0.0,18.38
3076,9358,9359,2.5,0.5,11.96
3077,9362,9363,12.75,2.917,61.58
3078,9364,9365,12.6,0.8,63.0
3079,9366,9367,9.0,2.0,43.21
3080,9368,9369,1.667,0.333,6.31
3081,9370,9371,8.667,0.333,42.75
3082,9372,9373,14.0,4.0,63.32
3083,9374,9375,4.692,0.731,23.16
3084,9376,9377,18.043,3.134,134.86
3085,9378,9379,6.25,0.935,43.58
3086,9380,9381,14.688,1.899,113.24
3087,9382,9383,6.0,0.0,35.04
3088,9384,9385,24.0,0.0,163.31
3089,9386,9387,5.4,0.3,26.75
3090,9388,9389,5.0,0.0,26.76
3091,9390,9391,6.364,0.455,29.95
3092,9392,9393,157.565,65813.348,45.34
3093,9394,9395,39.261,5657.383,32.03
3094,9398,9399,5.381,118.348,16.15
3095,9400,9401,5.0,3.0,35.91
3096,9406,9407,22.0,0.0,153.23
3097,9414,9415,1.6,0.3,8.91
3098,9422,9423,32.0,0.0,75.79
3099,9424,9425,37.0,32.0,77.8
3100,9426,9427,41.667,12.333,216.62
3101,9428,9429,7.0,0.0,38.01
3102,9430,9431,11.0,2.0,57.66
3103,9436,9437,19.0,3.333,97.33
3104,9446,9447,6.182,1.013,42.61
3105,9448,9449,7.0,0.455,52.8
3106,9450,9451,10.52,1.76,79.3
3107,9452,9453,4.879,0.481,91.21
3108,9454,9455,59.3,420.678,297.01
3109,9464,9465,54.5,6317.389,0.88
3110,9466,9467,85.8,16785.2,41.18
3111,9468,9469,5.5,202.5,1.29
3112,9470,9471,70.455,3429.307,46.09
3113,9472,9473,100.714,7987.841,111.0
3114,9474,9475,23.25,1096.491,60.79
3115,9476,9477,3.429,0.328,41.85
3116,9478,9479,4.893,0.396,62.41
3117,9480,9481,2.786,0.323,34.23
3118,9482,9483,8.393,0.618,94.29
3119,9484,9485,10.667,1.333,78.45
3120,9486,9487,13.333,2.333,104.41
3121,9488,9489,6.15,0.285,42.35
3122,9490,9491,8.125,0.83,62.49
3123,9492,9493,4.641,0.394,34.55
3124,9494,9495,3.0,1.0,0.2
3125,9496,9497,1.273,1.226,2.8
3126,9498,9499,13.988,2614.914,25.3
3127,9500,9501,17.313,2947.462,29.05
3128,9502,9503,23.909,5.291,165.09
3129,9504,9505,1.846,0.141,12.29
3130,9506,9507,3.333,0.424,22.11
3131,9508,9509,3.091,0.291,22.44
3132,9510,9511,6.692,0.731,48.29
3133,9512,9513,10.5,0.5,86.95
3134,9516,9517,3.714,0.238,28.51
3135,9518,9519,3.0,0.0,23.48
3136,9520,9521,14.0,18.0,87.61
3137,9522,9523,4.857,0.143,33.95
3138,9524,9525,8.333,1.333,67.84
3139,9526,9527,6.0,2.0,52.14
3140,9528,9529,4.0,0.0,19.64
3141,9534,9535,3.5,0.368,26.25
3142,9536,9537,1.526,0.263,12.12
3143,9538,9539,9.188,0.829,69.35
3144,9542,9543,3.5,0.333,24.51
3145,9544,9545,5.625,0.505,41.14
3146,9548,9549,5.48,0.427,40.56
3147,9550,9551,2.4,0.3,15.78
3148,9552,9553,12.0,0.5,96.69
3149,9554,9555,12.875,1.554,105.55
3150,9556,9557,2.034,0.249,11.85
3151,9558,9559,7.129,0.716,55.87
3152,9560,9561,10.182,1.528,78.31
3153,9562,9563,4.606,0.434,35.41
3154,9564,9565,9.196,2.739,65.32
3155,9566,9567,10.625,1.125,75.71
3156,9568,9569,27.429,142.952,226.15
3157,9570,9571,11.2,0.7,84.3
3158,9572,9573,2.125,0.125,12.09
3159,9574,9575,8.444,1.528,66.61
3160,9576,9577,8.333,1.5,60.41
3161,9578,9579,6.923,0.577,48.93
3162,9580,9581,7.0,0.0,45.77
3163,9582,9583,15.5,0.5,108.28
3164,9584,9585,15.8,3.7,109.74
3165,9586,9587,7.857,1.209,52.56
3166,9588,9589,5.231,0.692,38.75
3167,9590,9591,14.083,3.538,107.59
3168,9592,9593,7.0,2.933,46.69
3169,9594,9595,5.067,0.638,39.05
3170,9598,9599,3.077,0.244,23.41
3171,9600,9601,138.667,19161.333,51.49
3172,9602,9603,6.0,2.0,46.47
3173,9604,9605,6.0,0.0,49.22
3174,9608,9609,3.5,0.333,21.11
3175,9610,9611,3.0,0.0,14.81
3176,9614,9615,13.0,0.0,27.76
3177,9620,9621,26.143,10.81,195.08
3178,9622,9623,17.222,4.194,126.45
3179,9624,9625,4.333,0.267,28.65
3180,9632,9633,2.25,0.25,9.61
3181,9634,9635,24.0,0.0,39.12
3182,9638,9639,9.143,1.055,62.74
3183,9640,9641,5.2,0.457,38.76
3184,9642,9643,27.0,0.0,220.5
3185,9644,9645,4.846,0.474,32.12
3186,9646,9647,8.692,2.731,65.81
3187,9648,9649,18.0,0.0,131.17
3188,9650,9651,7.286,0.238,50.52
3189,9652,9653,7.0,0.0,53.18
3190,9654,9655,7.0,0.0,53.55
3191,9656,9657,3.333,1.333,24.09
3192,9658,9659,5.0,7.0,48.78
3193,9660,9661,4.0,0.0,30.99
3194,9662,9663,6.0,2.0,37.67
3195,9664,9665,7.0,0.4,51.2
3196,9666,9667,6.0,0.4,48.58
3197,9668,9669,1.25,0.25,10.94
3198,9672,9673,5.0,0.0,37.65
3199,9674,9675,2.0,0.0,14.91
3200,9676,9677,2.5,0.3,19.01
3201,9678,9679,1.429,0.286,10.96
3202,9680,9681,4.0,0.0,30.15
3203,9682,9683,3.667,0.267,26.64
3204,9684,9685,2.833,0.167,21.37
3205,9686,9687,3.2,0.2,21.89
3206,9688,9689,1.75,0.25,13.75
3207,9690,9691,5.333,0.333,37.83
3208,9692,9693,9.0,2.0,65.11
3209,9696,9697,7.0,0.0,46.9
3210,9698,9699,15.0,1.0,110.16
3211,9700,9701,7.0,0.0,50.24
3212,9702,9703,6.0,0.0,48.62
3213,9704,9705,11.167,0.167,79.9
3214,9706,9707,3.2,0.2,23.96
3215,9708,9709,14.667,0.267,107.75
3216,9716,9717,14.225,54.692,104.06
3217,9720,9721,11.2,1.7,136.77
3218,9732,9733,16.375,3.411,193.22
3219,9734,9735,25.0,0.0,136.14
3220,9738,9739,7.755,10.739,56.31
3221,9740,9741,8.167,0.792,102.16
3222,9742,9743,3.704,0.461,45.13
3223,9744,9745,1.136,0.15,14.2
3224,9746,9747,12.562,1.583,157.39
3225,9748,9749,3.453,0.442,41.92
3226,9750,9751,1.051,0.049,12.51
3227,9752,9753,3.21,0.464,38.09
3228,9754,9755,15.0,3.0,166.62
3229,9758,9759,2.0,0.0,15.18
3230,9760,9761,75.6,5114.267,40.69
3231,9762,9763,15.5,4.5,80.21
3232,9764,9765,16.0,0.0,80.54
3233,9766,9767,26.115,1937.226,13.87
3234,9770,9771,1.429,0.286,5.35
3235,9772,9773,1.25,0.214,5.34
3236,9782,9783,2.5,0.5,11.9
3237,9786,9787,2.571,0.286,14.29
3238,9788,9789,34.818,2463.564,34.62
3239,9796,9797,86.857,7986.143,22.01
3240,9798,9799,8.4,0.3,107.71
3241,9802,9803,2.0,0.0,22.68
3242,9806,9807,2.737,0.205,35.74
3243,9808,9809,1.667,0.333,8.61
3244,9810,9811,13.0,0.0,63.73
3245,9812,9813,3.0,0.0,11.21
3246,9816,9817,5.5,0.5,24.55
3247,9818,9819,6.667,1.333,29.68
3248,9824,9825,8.0,0.0,42.01
3249,9828,9829,23.525,3076.254,37.88
3250,9830,9831,37.0,0.0,163.7
3251,9836,9837,2.261,0.838,24.47
3252,9846,9847,2.0,0.0,11.81
3253,9878,9879,18.0,2.0,39.29
3254,9880,9881,11.0,162.0,150.65
3255,9886,9887,8.588,0.382,62.08
3256,9888,9889,14.579,1.48,107.92
3257,9890,9891,6.372,2.382,42.86
3258,9892,9893,1.938,0.19,14.13
3259,9898,9899,5.0,0.0,35.88
3260,9900,9901,24.333,12.333,122.95
3261,9902,9903,6.0,0.0,30.97
3262,9904,9905,6.333,0.333,31.67
3263,9906,9907,6.0,1.0,29.73
3264,9908,9909,9.5,0.5,40.23
3265,9914,9915,5.206,0.437,64.67
3266,9916,9917,4.261,1.212,44.98
3267,9918,9919,6.116,289.8,21.97
3268,9920,9921,10.089,465.872,36.44
3269,9922,9923,4.709,0.49,52.8
3270,9924,9925,18.224,1284.675,55.07
3271,9926,9927,18.012,534.979,118.4
3272,9928,9929,11.091,1.444,137.78
3273,9930,9931,19.818,107.342,180.74
3274,9932,9933,8.199,1154.228,23.09
3275,9934,9935,38.127,12092.778,172.67
3276,9936,9937,3.863,192.981,9.84
3277,9938,9939,8.807,533.513,49.64
3278,9940,9941,85.786,8534.04,113.13
3279,9942,9943,16.487,1208.07,33.76
3280,9944,9945,19.73,3000.254,23.14
3281,9946,9947,7.324,1071.855,12.67
3282,9948,9949,4.603,216.501,1.24
3283,9950,9951,31.099,6344.402,50.56
3284,9952,9953,23.921,3847.996,51.15
3285,9954,9955,30.07,5117.274,66.86
3286,9956,9957,16.01,3130.819,41.11
3287,9958,9959,1.764,0.27,22.58
3288,9960,9961,1.5,0.251,18.95
3289,9962,9963,3.04,0.334,38.66
3290,9964,9965,3.808,0.487,47.92
3291,9966,9967,3.899,0.417,49.77
3292,9970,9971,2.075,0.179,26.52
3293,9972,9973,3.713,0.351,47.58
3294,9974,9975,9.287,1.19,119.18
3295,9976,9977,1.077,0.071,13.08
3296,9980,9981,2.16,0.271,26.05
3297,9982,9983,1.236,0.181,14.46
3298,9984,9985,1.806,0.246,23.52
3299,9986,9987,2.901,0.288,32.76
3300,9988,9989,13.225,52.37,59.25
3301,9990,9991,50.263,5184.15,54.56
3302,9992,9993,9.819,1215.772,7.48
3303,9994,9995,1.019,0.019,2.96
3304,9996,9997,38.167,7953.988,61.48
3305,9998,9999,10.28,37.209,104.4
3306,10002,10003,24.364,1123.455,34.77
3307,10004,10005,6.25,28.023,38.88
3308,10006,10007,5.083,0.447,39.99
3309,10012,10013,3.0,0.182,23.12
3310,10014,10015,1.417,0.265,10.09
3311,10016,10017,11.0,0.0,86.63
3312,10022,10023,7.5,0.5,51.64
3313,10026,10027,8.333,0.333,57.08
3314,10030,10031,6.0,0.0,45.32
3315,10032,10033,4.0,0.0,30.05
3316,10034,10035,4.0,0.0,29.39
3317,10036,10037,7.0,0.0,51.22
3318,10038,10039,8.667,0.333,64.04
3319,10056,10057,11.0,2.0,93.18
3320,10058,10059,3.0,0.0,24.96
3321,10070,10071,10.556,1.778,72.08
3322,10072,10073,4.286,0.238,30.9
3323,10074,10075,3.5,0.333,26.12
3324,10076,10077,11.667,0.333,76.53
3325,10080,10081,4.749,0.344,58.86
3326,10084,10085,9.409,2.633,120.26
3327,10086,10087,3.662,0.301,46.99
3328,10088,10089,5.405,0.488,70.22
3329,10090,10091,7.16,27.994,45.31
3330,10092,10093,4.213,0.362,54.91
3331,10094,10095,1.83,0.175,22.9
3332,10098,10099,15.381,85.292,188.58
3333,10100,10101,2.42,0.953,29.42
3334,10102,10103,2.957,0.316,37.41
3335,10104,10105,9.957,1.771,130.93
3336,10106,10107,34.85,16.555,458.21
3337,10108,10109,4.667,0.238,55.58
3338,10110,10111,7.0,0.0,75.6
3339,10112,10113,10.0,0.0,123.23
3340,10118,10119,46.0,0.0,89.08
3341,10120,10121,48.0,0.0,96.84
3342,10124,10125,13.0,0.0,58.15
3343,10134,10135,34.0,0.0,167.09
3344,10148,10149,15.294,5.729,71.55
3345,10150,10151,24.212,8.047,114.17
3346,10152,10153,11.909,2.335,56.69
3347,10154,10155,2.0,0.0,11.09
3348,10156,10157,11.0,0.0,88.41
3349,10158,10159,1.3,0.221,6.58
3350,10160,10161,4.5,0.5,34.41
3351,10162,10163,6.5,0.571,50.81
3352,10164,10165,12.0,0.0,61.54
3353,10166,10167,28.149,9359.633,33.54
3354,10168,10169,105.0,8.0,1265.75
3355,10170,10171,23.5,0.5,291.23
3356,10174,10175,5.0,0.0,75.97
3357,10176,10177,11.0,0.0,140.03
3358,10178,10179,15.924,3.42,193.0
3359,10180,10181,7.145,1.688,85.37
3360,10182,10183,2.798,0.3,34.12
3361,10184,10185,2.235,0.227,26.97
3362,10186,10187,1.691,0.242,21.54
3363,10188,10189,3.747,0.385,46.43
3364,10190,10191,3.396,0.342,42.59
3365,10192,10193,1.806,0.213,23.58
3366,10194,10195,8.319,0.823,103.63
3367,10196,10197,12.45,2.261,92.19
3368,10198,10199,2.049,0.048,13.6
3369,10208,10209,3.6,0.267,22.82
3370,10210,10211,9.818,1.764,74.2
3371,10212,10213,2.573,0.291,39.37
3372,10214,10215,4.753,0.393,73.75
3373,10216,10217,12.2,0.2,61.84
3374,10218,10219,21.4,840.8,0.2
3375,10220,10221,81.75,9380.25,19.39
3376,10222,10223,24.389,7.899,179.01
3377,10224,10225,16.91,6.749,79.6
3378,10226,10227,102.5,264.571,454.2
3379,10228,10229,22.985,10.257,108.47
3380,10232,10233,15.0,3.333,73.26
3381,10234,10235,8.167,1.188,58.31
3382,10236,10237,14.929,821.402,10.51
3383,10238,10239,8.294,0.596,59.77
3384,10240,10241,6.857,0.901,51.32
3385,10242,10243,20.818,1924.251,39.44
3386,10246,10247,2.533,0.267,18.5
3387,10248,10249,3.533,0.695,26.1
3388,10250,10251,1.688,0.229,12.33
3389,10252,10253,5.444,0.379,37.69
3390,10254,10255,1.5,0.5,7.29
3391,10258,10259,13.667,0.333,62.99
3392,10260,10261,6.0,0.0,27.0
3393,10262,10263,7.0,0.0,51.77
3394,10264,10265,2.0,0.0,13.01
3395,10266,10267,2.333,0.267,15.45
3396,10268,10269,9.0,0.5,66.29
3397,10270,10271,12.167,0.967,89.01
3398,10272,10273,2.818,0.164,17.46
3399,10274,10275,13.0,2.286,90.82
3400,10276,10277,15.583,2.992,104.8
3401,10278,10279,8.0,50.0,95.96
3402,10280,10281,11.125,1.268,81.09
3403,10282,10283,13.7,1.344,105.98
3404,10284,10285,12.667,0.333,99.35
3405,10286,10287,6.0,0.0,43.7
3406,10288,10289,4.0,0.0,35.8
3407,10292,10293,9.667,0.333,70.37
3408,10294,10295,24.6,3.3,170.63
3409,10296,10297,10.25,12.917,90.69
3410,10298,10299,12.333,1.333,94.63
3411,10300,10301,5.0,0.5,32.36
3412,10302,10303,5.167,0.567,40.29
3413,10304,10305,20.833,4.167,160.47
3414,10306,10307,1.333,0.267,10.24
3415,10308,10309,3.286,0.571,23.37
3416,10310,10311,5.333,0.667,38.45
3417,10312,10313,5.333,0.333,41.93
3418,10314,10315,3.333,0.333,22.1
3419,10316,10317,27.333,6.333,202.51
3420,10324,10325,3.091,0.491,22.56
3421,10326,10327,6.273,3.218,47.13
3422,10328,10329,3.083,0.083,19.38
3423,10340,10341,2.0,0.0,12.68
3424,10348,10349,36.595,1647.622,57.96
3425,10350,10351,59.8,112.2,287.48
3426,10356,10357,95.562,239.329,469.92
3427,10360,10361,6.25,0.25,75.87
3428,10362,10363,3.25,0.25,36.03
3429,10364,10365,6.5,0.5,79.61
3430,10366,10367,5.0,0.0,60.84
3431,10368,10369,10.0,0.0,139.07
3432,10370,10371,1.5,0.5,7.6
3433,10372,10373,4.0,0.0,24.87
3434,10374,10375,7.0,0.0,45.83
3435,10376,10377,2.0,0.0,12.09
3436,10378,10379,15.0,0.0,108.29
3437,10380,10381,3.053,0.164,20.84
3438,10382,10383,2.7,0.326,19.98
3439,10384,10385,4.15,0.345,28.09
3440,10386,10387,3.174,0.423,36.61
3441,10388,10389,2.217,0.178,28.53
3442,10390,10391,6.923,0.244,48.09
3443,10392,10393,2.333,0.333,18.83
3444,10394,10395,3.333,0.333,27.39
3445,10396,10397,4.0,0.667,32.79
3446,10400,10401,4.667,0.333,36.16
3447,10402,10403,1.667,0.333,14.75
3448,10404,10405,24.0,0.0,182.25
3449,10406,10407,11.0,0.0,90.75
3450,10408,10409,29.0,16.0,190.67
3451,10410,10411,11.667,0.333,82.51
3452,10414,10415,2.0,0.0,0.2
3453,10416,10417,13.833,2.967,69.25
3454,10418,10419,15.0,2.0,75.86
3455,10422,10423,17.643,194.863,41.37
3456,10424,10425,9.545,1.873,72.15
3457,10426,10427,24.25,123.583,220.69
3458,10428,10429,26.5,577.595,21.4
3459,10432,10433,3.3,0.326,25.07
3460,10434,10435,3.421,0.368,26.19
3461,10436,10437,2.3,0.221,17.46
3462,10452,10453,1.5,0.5,3.96
3463,10464,10465,2.833,0.167,12.83
3464,10482,10483,67.6,20.8,358.62
3465,10484,10485,86.0,0.0,400.25
3466,10486,10487,124.0,21.5,560.56
3467,10488,10489,23.0,2.0,122.91
3468,10490,10491,61.0,52.0,263.66
3469,10492,10493,6.0,0.0,35.17
3470,10494,10495,4.0,0.0,20.37
3471,10498,10499,1.5,0.944,6.29
3472,10500,10501,3.0,0.0,15.47
3473,10504,10505,3.667,1.333,18.54
3474,10514,10515,33.0,7.0,71.58
3475,10516,10517,23.0,11.5,49.67
3476,10518,10519,19.0,0.0,36.05
3477,10520,10521,41.0,0.0,108.82
3478,10522,10523,24.0,0.0,50.53
3479,10524,10525,26.0,0.0,60.89
3480,10532,10533,36.0,0.0,69.21
3481,10534,10535,3.909,0.291,17.72
3482,10536,10537,14.0,0.0,89.48
3483,10540,10541,15.0,0.0,68.96
3484,10542,10543,6.0,0.0,30.15
3485,10548,10549,20.622,38.867,203.66
3486,10550,10551,4.739,0.997,57.04
3487,10552,10553,17.125,2.676,214.59
3488,10584,10585,5.0,0.0,44.18
3489,10586,10587,3.4,6.8,15.33
3490,10588,10589,15.0,0.0,198.77
3491,10590,10591,4.0,0.667,48.74
3492,10592,10593,6.25,0.786,72.1
3493,10594,10595,3.9,84.1,7.23
3494,10596,10597,72.955,1882.975,36.96
3495,10598,10599,31.5,12.5,221.32
3496,10600,10601,22.852,5068.771,10.49
3497,10602,10603,52.721,15589.791,55.69
3498,10604,10605,69.737,30009.342,72.35
3499,10606,10607,2.0,0.0,9.13
3500,10608,10609,3.6,0.3,28.64
3501,10610,10611,2.833,0.567,26.03
3502,10612,10613,18.167,414.967,14.97
3503,10618,10619,1.667,0.333,7.86
3504,10620,10621,6.833,0.167,49.26
3505,10624,10625,6.0,0.0,47.84
3506,10626,10627,19.0,0.0,152.26
3507,10628,10629,21.333,1.333,153.82
3508,10630,10631,23.0,21.0,186.55
3509,10632,10633,3.667,0.333,21.86
3510,10638,10639,4.667,0.333,33.69
3511,10644,10645,53.0,2592.0,151.99
3512,10646,10647,31.667,834.333,115.14
3513,10648,10649,9.0,0.0,58.66
3514,10650,10651,25.0,9.0,175.0
3515,10652,10653,9.875,1.839,72.55
3516,10658,10659,6.0,0.0,36.76
3517,10660,10661,19.0,0.0,158.3
3518,10662,10663,2.0,0.0,14.89
3519,10664,10665,10.0,3.333,77.86
3520,10666,10667,5.8,0.7,46.87
3521,10668,10669,6.0,0.0,36.63
3522,10670,10671,7.0,0.0,38.93
3523,10676,10677,9.5,0.5,61.72
3524,10678,10679,8.0,0.0,58.89
3525,10680,10681,6.0,0.444,44.25
3526,10684,10685,35.667,2.333,252.79
3527,10686,10687,7.667,0.333,39.21
3528,10692,10693,20.667,0.333,49.3
3529,10714,10715,5.5,0.333,26.79
3530,10720,10721,18.0,0.0,50.44
3531,10722,10723,20.6,2.3,149.74
3532,10728,10729,7.0,0.0,54.45
3533,10730,10731,9.0,0.0,75.18
3534,10734,10735,7.0,1.0,49.16
3535,10736,10737,13.0,0.0,101.3
3536,10742,10743,15.0,0.0,120.98
3537,10746,10747,3.0,0.0,0.63
3538,10748,10749,9.0,13.0,29.52
3539,10752,10753,1.1,0.1,4.77
3540,10754,10755,12.5,5.1,54.2
3541,10756,10757,9.0,0.0,49.33
3542,10762,10763,60.878,4079.416,75.81
3543,10764,10765,70.582,4146.134,104.12
3544,10772,10773,3.857,0.476,27.26
3545,10774,10775,3.5,0.333,25.25
3546,10776,10777,18.75,2.917,147.3
3547,10782,10783,15.333,1.333,114.19
3548,10784,10785,3.0,0.0,23.11
3549,10786,10787,6.0,0.0,47.25
3550,10796,10797,14.385,1.59,105.25
3551,10800,10801,59.0,90.286,268.19
3552,10802,10803,281.992,97909.155,163.43
3553,10804,10805,490.51,86676.846,232.54
3554,10808,10809,17.0,0.0,75.22
3555,10812,10813,31.0,0.0,156.44
3556,10814,10815,16.0,2.667,79.39
3557,10816,10817,17.889,2.611,90.08
3558,10818,10819,9.0,0.0,51.27
3559,10822,10823,8.066,1.04,96.85
3560,10824,10825,7.675,26.315,75.6
3561,10826,10827,1.678,0.267,19.39
3562,10828,10829,3.605,0.388,40.15
3563,10830,10831,1.077,0.073,13.29
3564,10832,10833,1.128,0.114,9.94
3565,10834,10835,29.0,0.0,187.99
3566,10838,10839,6.75,0.917,34.41
3567,10840,10841,47.333,16.333,188.43
3568,10842,10843,5.75,0.25,26.2
3569,10852,10853,2.0,0.0,10.04
3570,10856,10857,1.667,0.333,5.26
3571,10860,10861,13.0,0.0,57.05
3572,10862,10863,17.857,256.143,45.24
3573,10864,10865,29.714,15.905,217.87
3574,10866,10867,20.0,0.0,601.14
3575,10874,10875,1.454,5.262,15.92
3576,10876,10877,3.441,9.495,31.23
3577,10878,10879,2.578,2.14,29.31
3578,10884,10885,3.0,3.0,8.01
3579,10892,10893,2.5,4.5,3.68
3580,10894,10895,3.333,0.333,13.6
3581,10896,10897,8.333,2.333,38.89
3582,10898,10899,3.0,0.0,13.92
3583,10902,10903,15.0,2.0,67.68
3584,10924,10925,7.8,83.7,1.91
3585,10932,10933,7.022,72.022,8.96
3586,10934,10935,5.769,63.526,1.94
3587,10942,10943,4.0,0.0,28.04
3588,10944,10945,3.0,0.0,23.17
3589,10946,10947,1.6,0.3,10.77
3590,10948,10949,5.0,0.5,36.97
3591,10950,10951,3.0,0.0,15.93
3592,10952,10953,15.0,0.0,84.44
3593,10954,10955,6.0,1.0,25.26
3594,10956,10957,8.333,1.067,40.29
3595,10958,10959,5.0,0.0,25.55
3596,10960,10961,4.714,0.571,24.11
3597,10962,10963,21.333,18.242,44.36
3598,10966,10967,8.0,2.0,16.9
3599,10968,10969,54.75,130.917,116.29
3600,10970,10971,71.3,162.456,147.37
3601,10972,10973,4.667,1.333,13.72
3602,10978,10979,1.893,1.507,7.54
3603,10980,10981,6.364,1.004,47.46
3604,10982,10983,10.615,0.756,72.04
3605,10986,10987,12.0,0.0,94.66
3606,10988,10989,2.0,0.0,13.7
3607,10990,10991,13.5,0.5,70.88
3608,10992,10993,8.0,0.0,36.69
3609,10994,10995,3.143,0.329,24.06
3610,10996,10997,2.958,0.153,39.76
3611,10998,10999,3.472,0.422,42.9
3612,11000,11001,5.933,0.673,77.2
3613,11002,11003,2.196,0.161,28.78
3614,11006,11007,3.431,0.29,45.07
3615,11010,11011,3.089,0.31,40.49
3616,11012,11013,6.467,0.255,86.06
3617,11014,11015,13.92,2.16,104.83
3618,11016,11017,4.36,0.407,32.5
3619,11018,11019,5.56,0.34,43.29
3620,11020,11021,9.639,629.279,15.16
3621,11022,11023,20.303,5296.95,29.14
3622,11024,11025,8.281,312.67,42.47
3623,11026,11027,2.236,0.258,27.82
3624,11030,11031,22.182,267.164,24.6
3625,11036,11037,5.0,0.0,37.84
3626,11040,11041,6.667,0.333,30.1
3627,11046,11047,4.0,0.0,21.98
3628,11048,11049,4.25,0.25,23.19
3629,11050,11051,1.125,0.125,3.23
3630,11052,11053,2.2,10.833,3.16
3631,11054,11055,8.0,17.333,31.34
3632,11062,11063,89.0,0.0,187.78
3633,11068,11069,28.0,0.0,58.85
3634,11070,11071,40.25,11.583,87.4
3635,11072,11073,2.0,0.0,4.62
3636,11074,11075,38.0,0.0,87.55
3637,11082,11083,81.217,15912.087,25.89
3638,11084,11085,25.95,3504.682,21.6
3639,11086,11087,12.615,19.923,85.91
3640,11088,11089,7.667,0.788,58.45
3641,11090,11091,5.455,0.473,43.88
3642,11092,11093,6.909,0.291,52.46
3643,11094,11095,7.6,0.8,55.93
3644,11096,11097,6.333,0.333,46.0
3645,11100,11101,20.0,2.5,42.83
3646,11102,11103,24.436,205.831,63.92
3647,11104,11105,14.185,2.311,67.94
3648,11108,11109,3.296,1.524,14.22
3649,11110,11111,8.25,0.25,61.75
3650,11112,11113,1.6,0.3,11.35
3651,11120,11121,9.45,0.892,67.05
3652,11122,11123,19.692,4.064,152.16
3653,11124,11125,2.923,0.154,19.29
3654,11126,11127,2.531,0.285,18.62
3655,11130,11131,1.056,0.053,7.58
3656,11132,11133,1.25,0.191,9.33
3657,11134,11135,40.769,5495.692,53.48
3658,11136,11137,7.167,1.367,55.13
3659,11138,11139,11.0,1.0,94.22
3660,11140,11141,8.325,688.701,23.69
3661,11142,11143,2.673,305.362,7.73
3662,11144,11145,4.894,411.678,23.12
3663,11146,11147,11.406,450.318,89.98
3664,11148,11149,6.111,296.312,40.77
3665,11150,11151,12.5,4.5,100.08
3666,11152,11153,22.5,4.5,154.25
3667,11154,11155,12.5,0.5,90.0
3668,11156,11157,6.0,0.0,38.02
3669,11160,11161,41.0,0.0,352.44
3670,11170,11171,7.0,0.0,35.77
3671,11172,11173,6.0,0.0,28.97
3672,11176,11177,8.0,0.0,43.64
3673,11182,11183,13.333,2.333,93.85
3674,11184,11185,3.25,0.917,21.98
3675,11186,11187,4.0,0.0,30.46
3676,11188,11189,2.0,0.0,11.64
3677,11190,11191,9.0,0.0,59.74
3678,11194,11195,7.0,0.0,46.86
3679,11196,11197,3.333,0.333,22.1
3680,11202,11203,18.667,0.333,93.29
3681,11204,11205,9.0,0.0,49.79
3682,11206,11207,2.0,0.0,7.31
3683,11208,11209,25.25,6.25,113.18
3684,11210,11211,15.6,0.8,70.33
3685,11216,11217,9.2,21.2,55.59
3686,11218,11219,18.0,1.0,89.48
3687,11222,11223,22.6,10.711,108.43
3688,11228,11229,7.2,0.7,51.71
3689,11230,11231,187.992,11248.092,111.54
3690,11232,11233,48.927,3024.087,26.94
3691,11234,11235,158.714,13149.017,101.94
3692,11236,11237,87.9,6551.797,53.48
3693,11238,11239,31.429,2427.588,19.71
3694,11240,11241,13.893,891.334,3.9
3695,11242,11243,5.2,0.844,37.72
3696,11244,11245,3.5,0.333,29.29
3697,11246,11247,10.667,1.067,85.98
3698,11248,11249,7.429,0.286,54.16
3699,11250,11251,2.5,0.5,11.68
3700,11252,11253,4.0,0.0,17.39
3701,11254,11255,1.385,0.256,7.38
3702,11262,11263,12.571,55.661,32.92
3703,11264,11265,130.422,22110.375,57.12
3704,11266,11267,125.053,44841.473,84.15
3705,11268,11269,5.123,0.471,66.9
3706,11270,11271,14.562,1.611,184.03
3707,11272,11273,8.25,3.152,63.11
3708,11274,11275,7.409,0.729,57.84
3709,11306,11307,11.75,2.021,88.99
3710,11308,11309,7.154,1.028,54.99
3711,11310,11311,5.094,0.41,38.85
3712,11312,11313,13.0,2.364,101.6
3713,11314,11315,4.316,0.45,33.49
3714,11316,11317,10.571,1.187,82.76
3715,11320,11321,7.174,20.787,49.42
3716,11322,11323,1.75,0.197,17.55
3717,11324,11325,3.7,0.432,18.45
3718,11326,11327,67.231,77.859,326.37
3719,11328,11329,11.667,37.867,100.12
3720,11330,11331,2.75,0.25,30.18
3721,11336,11337,17.556,68.028,33.75
3722,11338,11339,19.0,3.0,41.45
3723,11340,11341,42.75,11.583,93.0
3724,11342,11343,4.812,0.429,53.66
3725,11344,11345,2.562,0.262,28.12
3726,11346,11347,20.533,5.267,262.68
3727,11348,11349,56.333,47.515,266.99
3728,11350,11351,7.0,0.0,17.94
3729,11352,11353,63.667,10.333,135.95
3730,11354,11355,4.0,0.0,10.43
3731,11360,11361,45.562,7719.826,148.89
3732,11362,11363,29.0,2.0,167.75
3733,11364,11365,14.333,5.333,105.93
3734,11366,11367,11.0,0.0,80.91
3735,11368,11369,6.429,0.286,44.02
3736,11370,11371,2.2,0.2,15.53
3737,11372,11373,5.5,0.333,39.11
3738,11374,11375,3.5,0.333,30.06
3739,11376,11377,7.2,0.2,57.66
3740,11378,11379,16.0,63.556,97.94
3741,11380,11381,12.0,0.0,87.67
3742,11382,11383,18.0,2.0,119.11
3743,11384,11385,20.0,0.5,165.2
3744,11386,11387,13.0,0.0,98.55
3745,11388,11389,13.0,2.0,148.19
3746,11390,11391,11.167,0.967,131.6
3747,11392,11393,11.0,2.143,129.31
3748,11394,11395,13.571,167.286,24.77
3749,11396,11397,1.714,0.238,9.73
3750,11398,11399,4.25,2.25,21.39
3751,11400,11401,24.5,4.5,175.43
3752,11402,11403,5.8,0.2,29.23
3753,11404,11405,2.148,0.131,11.31
3754,11406,11407,12.708,6.554,86.81
3755,11408,11409,6.014,0.454,117.83
3756,11410,11411,1.017,0.017,16.63
3757,11412,11413,11.769,2.004,227.3
3758,11414,11415,5.436,0.476,82.0
3759,11420,11421,2.537,0.28,30.35
3760,11422,11423,13.713,1.717,170.38
3761,11426,11427,2.0,0.0,9.36
3762,11430,11431,3.0,2.0,14.93
3763,11434,11435,5.0,0.0,27.05
3764,11436,11437,5.0,1.0,19.28
3765,11438,11439,3.667,0.333,17.14
3766,11440,11441,2.6,0.3,11.88
3767,11442,11443,4.0,0.667,18.85
3768,11456,11457,20.036,4.29,149.81
3769,11458,11459,9.837,1.282,73.51
3770,11460,11461,7.548,50.389,2.54
3771,11462,11463,4.022,0.377,52.05
3772,11464,11465,7.542,1.615,99.97
3773,11466,11467,3.6,0.8,24.61
3774,11468,11469,14.333,0.667,111.33
3775,11470,11471,10.0,1.0,82.63
3776,11474,11475,9.0,0.0,45.86
3777,11476,11477,1.75,0.25,8.62
3778,11478,11479,2.2,0.314,9.24
3779,11484,11485,1.4,0.3,6.6
3780,11490,11491,3.429,125.024,8.08
3781,11492,11493,7.819,361.967,11.01
3782,11494,11495,6.626,256.325,20.54
3783,11496,11497,46.322,1063.201,129.96
3784,11498,11499,2.954,79.484,4.33
3785,11500,11501,1.154,0.215,9.71
3786,11502,11503,2.059,3.33,17.74
3787,11504,11505,25.754,2505.055,30.83
3788,11530,11531,2.0,0.0,5.7
3789,11536,11537,2.0,0.0,10.37
3790,11540,11541,3.0,0.0,17.04
3791,11542,11543,2.0,0.0,8.83
3792,11546,11547,3.583,0.447,17.25
3793,11548,11549,11.0,0.8,54.45
3794,11550,11551,16.75,2.25,77.71
3795,11552,11553,1.5,0.333,7.34
3796,11554,11555,7.042,0.737,77.54
3797,11556,11557,9.091,1.325,113.75
3798,11558,11559,8.158,0.696,90.71
3799,11560,11561,6.412,198.492,11.08
3800,11564,11565,12.147,23.887,53.99
3801,11566,11567,49.1,37.042,244.65
3802,11568,11569,3.2,0.379,16.41
3803,11570,11571,13.474,2.819,68.29
3804,11572,11573,3.667,0.667,17.63
3805,11574,11575,60.0,0.0,288.94
3806,11576,11577,12.727,2.018,94.41
3807,11578,11579,14.0,0.0,107.17
3808,11580,11581,14.0,0.0,97.11
3809,11582,11583,7.0,0.0,51.69
3810,11584,11585,10.333,0.333,75.97
3811,11588,11589,7.0,0.0,49.55
3812,11590,11591,7.0,0.0,77.66
3813,11592,11593,10.0,0.0,127.39
3814,11594,11595,61.771,15248.16,45.31
3815,11596,11597,47.575,10977.889,57.81
3816,11598,11599,1.027,0.026,6.13
3817,11600,11601,6.472,0.638,78.41
3818,11602,11603,11.241,5.464,137.46
3819,11604,11605,8.078,1.081,101.04
3820,11606,11607,2.586,0.279,32.06
3821,11608,11609,33.596,7481.783,57.61
3822,11610,11611,10.546,1293.623,27.24
3823,11612,11613,13.884,1892.037,35.61
3824,11614,11615,4.213,427.409,13.75
3825,11616,11617,17.712,2178.352,66.05
3826,11618,11619,1.992,1.622,22.8
3827,11620,11621,5.132,0.425,66.57
3828,11622,11623,8.327,1.048,107.93
3829,11624,11625,4.964,0.073,54.7
3830,11626,11627,3.269,0.279,42.53
3831,11628,11629,3.0,0.154,38.42
3832,11630,11631,1.782,0.248,23.0
3833,11636,11637,1.509,0.255,18.73
3834,11638,11639,1.818,0.226,23.87
3835,11640,11641,7.861,10.352,85.13
3836,11642,11643,11.811,1.81,146.76
3837,11644,11645,45.376,2805.978,89.51
3838,11646,11647,3.017,56.139,24.78
3839,11648,11649,3.307,20.353,32.67
3840,11650,11651,11.66,104.817,40.98
3841,11652,11653,7.179,1.055,92.3
3842,11656,11657,134.7,908.678,721.33
3843,11658,11659,3.38,0.26,41.76
3844,11662,11663,36.577,2462.995,42.09
3845,11664,11665,33.022,1797.421,157.13
3846,11666,11667,20.305,8.59,312.16
3847,11676,11677,3.209,0.217,22.94
3848,11678,11679,7.941,0.684,99.45
3849,11680,11681,8.706,0.346,113.68
3850,11682,11683,2.235,0.191,29.1
3851,11686,11687,2.333,8.987,15.49
3852,11688,11689,29.277,1921.485,79.36
3853,11692,11693,1.333,0.333,2.57
3854,11694,11695,1.167,0.167,2.35
3855,11696,11697,1.25,0.25,2.43
3856,11698,11699,2.0,3.0,1.91
3857,11702,11703,5.4,0.8,29.35
3858,11706,11707,2.0,0.0,8.7
3859,11712,11713,2.5,0.333,11.24
3860,11716,11717,3.0,0.0,26.31
3861,11718,11719,3.0,0.0,25.28
3862,11720,11721,3.0,0.0,18.15
3863,11722,11723,107.75,13240.917,12.08
3864,11724,11725,44.75,3611.583,24.3
3865,11730,11731,100.0,0.0,190.25
3866,11732,11733,18.333,4.333,38.74
3867,11738,11739,14.0,0.0,69.09
3868,11742,11743,61.294,137.096,138.8
3869,11750,11751,6.857,0.574,86.12
3870,11752,11753,5.42,1.483,63.85
3871,11756,11757,6.148,9.132,51.71
3872,11760,11761,30.0,0.0,9.94
3873,11774,11775,3.667,0.25,24.7
3874,11778,11779,21.0,0.0,169.87
3875,11788,11789,71.0,281.2,333.54
3876,11790,11791,3.528,0.411,44.94
3877,11792,11793,4.78,0.459,61.32
3878,11794,11795,27.0,2.0,141.82
3879,11800,11801,1.4,0.3,6.28
3880,11802,11803,1.333,0.333,9.47
3881,11822,11823,11.703,23.585,101.05
3882,11824,11825,2.154,0.173,26.68
3883,11826,11827,11.06,1.576,136.87
3884,11828,11829,34.059,54.434,173.99
3885,11830,11831,19.0,0.0,75.97
3886,11836,11837,2.0,0.0,5.98
3887,11846,11847,5.333,0.333,22.07
3888,11848,11849,1.25,0.25,2.47
3889,11850,11851,39.28,3436.793,11.34
3890,11852,11853,1.36,0.24,12.41
3891,11854,11855,9.364,3516.389,12.73
3892,11856,11857,2.303,0.249,36.38
3893,11858,11859,34.333,1.333,67.34
3894,11860,11861,29.333,2.333,56.52
3895,11862,11863,81.667,10.333,161.05
3896,11864,11865,11.0,0.0,25.14
3897,11878,11879,70.0,27.0,129.02
3898,11894,11895,82.152,20199.07,17.93
3899,11896,11897,215.212,110717.172,43.87
3900,11898,11899,49.667,14940.292,22.27
3901,11902,11903,22.0,1163.0,83.94
3902,11904,11905,9.0,0.0,121.96
3903,11906,11907,12.0,2.0,151.76
3904,11908,11909,9.667,37.333,176.81
3905,11910,11911,3.0,0.0,25.48
3906,11912,11913,24.269,4854.47,26.99
3907,11914,11915,14.671,3351.011,14.21
3908,11916,11917,8.0,0.0,56.27
3909,11918,11919,1.286,0.238,0.87
3910,11920,11921,1.25,0.214,0.4
3911,11922,11923,2.455,0.273,13.86
3912,11924,11925,3.333,0.238,17.75
3913,11926,11927,57.6,6.8,270.73
3914,11928,11929,39.0,0.0,188.38
3915,11930,11931,43.5,35.667,196.71
3916,11932,11933,3.4,0.3,15.21
3917,11934,11935,21.0,0.0,165.94
3918,11938,11939,6.0,0.0,46.87
3919,11940,11941,3.0,0.0,16.55
3920,11942,11943,4.0,0.0,24.09
3921,11948,11949,2.0,0.0,11.35
3922,11950,11951,4.0,0.0,33.88
3923,11952,11953,9.0,0.0,70.11
3924,11954,11955,9.0,1.25,72.49
3925,11956,11957,3.222,0.194,25.05
3926,11958,11959,5.0,0.0,34.62
3927,11960,11961,12.0,0.0,89.88
3928,11964,11965,6.0,0.0,41.32
3929,11968,11969,18.333,2.333,154.97
3930,11970,11971,2.0,0.0,11.36
3931,11974,11975,20.0,0.0,196.37
3932,11976,11977,7.0,0.0,57.49
3933,11980,11981,1.612,0.247,34.21
3934,11982,11983,3.977,0.347,84.08
3935,11984,11985,2.803,0.218,53.69
3936,11986,11987,90.312,14558.496,50.26
3937,11988,11989,5.876,0.821,75.14
3938,11990,11991,7.109,1.285,79.43
3939,11992,11993,24.924,191.155,88.51
3940,11994,11995,2.264,0.246,29.45
3941,11996,11997,5.319,0.507,68.02
3942,11998,11999,2.5,0.483,30.28
3943,12000,12001,1.135,0.118,14.95
3944,12002,12003,1.887,0.441,21.45
3945,12004,12005,5.656,0.587,71.39
3946,12006,12007,8.879,25.607,60.67
3947,12008,12009,2.131,0.434,22.4
3948,12010,12011,3.735,0.484,46.71
3949,12012,12013,4.893,145.745,30.32
3950,12014,12015,2.126,0.162,27.71
3951,12016,12017,1.4,0.259,14.72
3952,12018,12019,6.779,0.591,89.17
3953,12020,12021,1.546,0.25,16.92
3954,12022,12023,2.151,0.336,25.16
3955,12024,12025,4.77,0.429,61.97
3956,12026,12027,10.578,1.113,130.83
3957,12028,12029,5.443,0.552,68.28
3958,12030,12031,1.818,0.213,22.26
3959,12032,12033,1.726,2.105,21.26
3960,12034,12035,5.881,2.553,67.37
3961,12036,12037,4.87,5.245,51.43
3962,12038,12039,2.108,0.151,20.9
3963,12040,12041,12.625,2.245,94.81
3964,12042,12043,7.5,0.5,35.77
3965,12044,12045,8.136,380.594,45.23
3966,12046,12047,5.456,210.391,33.91
3967,12048,12049,2.623,112.072,2.79
3968,12050,12051,7.385,285.198,49.09
3969,12052,12053,12.63,513.455,84.59
3970,12054,12055,24.033,359.964,21.49
3971,12060,12061,6.0,0.0,50.21
3972,12064,12065,28.0,0.0,212.17
3973,12072,12073,2.8,8.7,8.56
3974,12074,12075,2.2,0.178,9.74
3975,12076,12077,40.0,0.0,212.21
3976,12078,12079,22.5,12.5,34.78
3977,12080,12081,4.746,28.986,7.82
3978,12082,12083,1.754,0.224,8.48
3979,12084,12085,1.333,1.0,2.08
3980,12086,12087,3.0,0.5,10.08
3981,12088,12089,15.667,6.333,72.89
3982,12100,12101,33.75,1672.214,38.66
3983,12102,12103,1.143,0.143,7.1
3984,12110,12111,50.386,14385.432,89.74
3985,12112,12113,4.379,596.237,15.82
3986,12114,12115,8.764,0.867,64.02
3987,12116,12117,12.741,1.757,93.13
3988,12118,12119,4.288,0.289,32.29
3989,12120,12121,8.429,0.722,103.35
3990,12122,12123,11.968,1888.358,21.3
3991,12124,12125,14.376,1498.107,23.33
3992,12126,12127,31.989,7809.128,56.34
3993,12128,12129,17.267,4166.292,39.61
3994,12130,12131,20.971,3371.89,25.16
3995,12132,12133,2.37,50.704,1.73
3996,12134,12135,92.716,22930.007,94.2
3997,12136,12137,1.058,0.173,3.33
3998,12138,12139,12.803,9.164,148.33
3999,12140,12141,21.668,887.489,21.0
4000,12142,12143,19.853,633.224,46.76
4001,12162,12163,2.154,0.141,20.16
4002,12164,12165,2.08,1.41,19.82
4003,12168,12169,1.159,1.114,4.55
4004,12170,12171,7.554,4.626,89.83
4005,12172,12173,15.811,6.977,199.05
4006,12174,12175,5.603,0.465,72.59
4007,12178,12179,2.836,0.223,36.27
4008,12180,12181,1.822,0.148,20.6
4009,12182,12183,4.24,0.996,37.31
4010,12184,12185,1.784,0.172,23.82
4011,12186,12187,7.23,0.508,91.65
4012,12188,12189,3.095,0.306,37.58
4013,12190,12191,4.73,0.529,58.75
4014,12194,12195,1.014,0.014,11.4
4015,12196,12197,1.25,0.19,14.12
4016,12198,12199,3.714,0.238,32.14
4017,12200,12201,2.214,0.181,17.06
4018,12202,12203,4.214,0.181,32.91
4019,12204,12205,2.0,0.0,14.78
4020,12208,12209,10.556,1.028,82.1
4021,12210,12211,16.389,1.781,125.77
4022,12212,12213,3.857,0.143,32.54
4023,12214,12215,9.143,0.143,75.99
4024,12216,12217,2.0,0.0,17.28
4025,12218,12219,4.667,0.25,35.91
4026,12220,12221,1.556,0.278,12.53
4027,12222,12223,1.111,0.111,8.41
4028,12230,12231,5.5,1.0,13.22
4029,12236,12237,7.649,158.445,41.09
4030,12240,12241,81.75,230.917,365.4
4031,12242,12243,1.838,0.263,29.43
4032,12244,12245,9.859,3.936,225.84
4033,12246,12247,17.758,5.822,215.11
4034,12248,12249,1.965,0.034,16.98
4035,12250,12251,8.571,31.286,40.07
4036,12252,12253,7.0,0.333,50.78
4037,12256,12257,6.288,0.569,48.34
4038,12258,12259,14.405,2.573,110.59
4039,12260,12261,13.948,2.208,108.07
4040,12262,12263,8.558,0.75,66.01
4041,12264,12265,1.081,0.076,9.73
4042,12270,12271,3.833,0.567,26.39
4043,12276,12277,3.444,0.778,24.53
4044,12278,12279,15.778,8.444,118.85
4045,12280,12281,7.452,1.389,55.27
4046,12282,12283,5.0,0.667,38.61
4047,12284,12285,30.0,712.667,75.44
4048,12286,12287,5.0,0.333,39.58
4049,12288,12289,3.0,0.0,17.21
4050,12290,12291,3.0,0.0,3.17
4051,12292,12293,127.119,20422.839,18.78
4052,12294,12295,204.07,33373.733,44.09
4053,12296,12297,5.625,0.383,27.99
4054,12298,12299,5.333,0.471,26.37
4055,12300,12301,2.13,0.87,11.36
4056,12302,12303,1.138,0.123,2.32
4057,12304,12305,2.983,2.859,16.06
4058,12306,12307,57.674,7573.034,10.74
4059,12308,12309,43.864,4541.283,15.33
4060,12310,12311,50.222,4014.194,0.2
4061,12312,12313,1.222,0.444,1.67
4062,12314,12315,5.923,0.244,43.26
4063,12316,12317,2.143,0.132,17.79
4064,12318,12319,2.75,0.25,19.39
4065,12320,12321,12.0,0.0,91.8
4066,12322,12323,4.667,0.333,35.48
4067,12324,12325,12.667,1.333,92.75
4068,12326,12327,152.5,10224.5,92.27
4069,12328,12329,37.0,18.0,45.05
4070,12330,12331,10.0,2.0,9.65
4071,12332,12333,57.5,684.5,146.45
4072,12336,12337,4.0,0.667,29.0
4073,12338,12339,3.667,0.333,29.76
4074,12340,12341,5.4,0.3,39.89
4075,12342,12343,3.6,0.3,24.97
4076,12344,12345,6.0,0.5,45.76
4077,12346,12347,3.545,0.355,26.75
4078,12348,12349,6.444,1.556,50.98
4079,12350,12351,10.905,0.99,82.4
4080,12352,12353,2.333,0.233,19.06
4081,12354,12355,9.25,0.786,71.83
4082,12356,12357,4.125,0.411,31.84
4083,12358,12359,2.0,0.333,17.33
4084,12360,12361,16.4,1.8,127.2
4085,12362,12363,2.0,0.4,14.61
4086,12364,12365,7.5,0.286,60.14
4087,12366,12367,4.125,0.125,20.4
4088,12370,12371,4.857,47.209,14.21
4089,12372,12373,3.8,0.886,26.67
4090,12374,12375,5.909,0.291,45.07
4091,12376,12377,2.0,0.0,7.97
4092,12378,12379,25.0,0.0,160.55
4093,12382,12383,10.667,0.667,76.37
4094,12388,12389,4.5,0.333,31.82
4095,12390,12391,68.423,12484.849,36.89
4096,12392,12393,70.669,29194.563,34.73
4097,12394,12395,137.264,43375.972,65.37
4098,12396,12397,89.329,38342.419,42.14
4099,12400,12401,5.65,0.661,41.94
4100,12402,12403,6.65,0.555,49.96
4101,12404,12405,2.3,0.221,16.52
4102,12406,12407,3.1,0.305,22.1
4103,12408,12409,1.75,0.197,13.59
4104,12412,12413,3.864,0.314,28.77
4105,12414,12415,18.0,18.0,12.41
4106,12420,12421,58.667,450.333,113.66
4107,12422,12423,25.0,0.0,67.32
4108,12424,12425,15.75,0.917,39.92
4109,12428,12429,6.0,0.0,45.45
4110,12438,12439,6.0,0.0,13.91
4111,12440,12441,6.5,0.333,16.46
4112,12444,12445,11.25,18.25,32.99
4113,12446,12447,2.735,0.615,31.41
4114,12448,12449,3.632,0.415,45.36
4115,12450,12451,2.696,0.274,33.46
4116,12452,12453,11.573,2.437,141.1
4117,12454,12455,6.711,0.671,83.44
4118,12456,12457,4.598,0.367,57.16
4119,12458,12459,7.0,4.2,46.0
4120,12466,12467,10.167,0.967,67.19
4121,12468,12469,10.0,0.0,66.56
4122,12470,12471,21.0,0.0,165.4
4123,12472,12473,4.0,0.0,17.63
4124,12474,12475,3.0,0.0,41.79
4125,12476,12477,4.5,0.5,21.84
4126,12478,12479,4.0,2.0,19.06
4127,12482,12483,50.143,2794.476,36.67
4128,12484,12485,5.5,0.333,31.73
4129,12486,12487,9.0,0.0,50.73
4130,12492,12493,1.6,0.3,8.37
4131,12496,12497,7.0,0.0,35.29
4132,12498,12499,19.0,2.0,36.85
4133,12502,12503,46.867,53.695,94.82
4134,12504,12505,177.0,13784.667,517.01
4135,12506,12507,1.244,0.339,3.01
4136,12508,12509,19.098,17.24,36.8
4137,12510,12511,30.822,14.604,63.2
4138,12512,12513,9.326,1.558,19.71
4139,12514,12515,5.0,8.0,0.2
4140,12516,12517,101.0,218.5,207.25
4141,12518,12519,72.188,94.296,155.47
4142,12520,12521,11.0,0.222,54.25
4143,12524,12525,4.125,0.383,20.71
4144,12526,12527,12.0,0.667,100.7
4145,12528,12529,13.0,1.0,108.21
4146,12530,12531,6.0,0.5,48.49
4147,12532,12533,7.333,0.267,62.89
4148,12534,12535,39.333,7.882,188.85
4149,12538,12539,7.043,288.433,1.38
4150,12544,12545,33.1,40.767,149.86
4151,12546,12547,13.333,9.867,57.85
4152,12548,12549,33.667,40.0,263.81
4153,12550,12551,8.571,0.619,63.67
4154,12554,12555,42.667,33.25,201.36
4155,12556,12557,3.4,0.3,24.62
4156,12558,12559,11.571,1.952,84.21
4157,12560,12561,13.0,0.0,57.47
4158,12562,12563,14.5,0.5,73.19
4159,12566,12567,11.0,0.0,56.73
4160,12568,12569,3.25,0.205,22.71
4161,12570,12571,47.0,21.0,404.64
4162,12576,12577,5.0,2.0,52.18
4163,12580,12581,5.125,0.411,23.05
4164,12588,12589,58.0,0.0,415.97
4165,12590,12591,6.0,0.0,40.74
4166,12592,12593,17.152,3030.962,22.83
4167,12594,12595,7.979,893.577,10.27
4168,12596,12597,41.614,11065.515,54.85
4169,12598,12599,18.367,3579.566,19.86
4170,12600,12601,27.155,6592.335,36.77
4171,12602,12603,18.449,3939.611,19.19
4172,12604,12605,28.663,6809.677,95.43
4173,12606,12607,9.372,198.554,103.85
4174,12608,12609,2.134,0.166,25.91
4175,12610,12611,6.619,67.307,23.19
4176,12612,12613,3.5,0.368,26.65
4177,12616,12617,2.35,0.239,19.65
4178,12620,12621,7.929,0.868,59.58
4179,12622,12623,52.246,11751.194,44.13
4180,12624,12625,115.25,35153.28,120.12
4181,12626,12627,16.603,3385.241,17.75
4182,12630,12631,140.0,0.0,271.63
4183,12632,12633,36.0,8.0,75.84
4184,12634,12635,57.0,12.0,114.43
4185,12636,12637,37.6,4771.603,109.36
4186,12638,12639,15.0,0.0,59.84
4187,12640,12641,12.667,0.667,66.5
4188,12642,12643,7.5,0.333,38.4
4189,12644,12645,8.0,0.0,30.38
4190,12646,12647,3.0,1.0,14.76
4191,12650,12651,10.5,13.9,43.02
4192,12652,12653,9.0,0.0,49.39
4193,12668,12669,18.0,0.0,72.63
4194,12688,12689,12.5,0.5,62.88
4195,12690,12691,14.5,4.5,7.53
4196,12692,12693,9.375,1.125,43.41
4197,12702,12703,9.107,96.84,16.61
4198,12704,12705,7.0,0.0,29.3
4199,12706,12707,2.5,0.5,10.48
4200,12708,12709,10.333,33.067,37.82
4201,12714,12715,8.667,9.333,34.25
4202,12716,12717,18.423,352.654,2.66
4203,12718,12719,2.0,0.0,10.57
4204,12728,12729,8.071,0.841,39.38
4205,12730,12731,2.333,0.333,10.62
4206,12734,12735,1.143,0.143,1.84
4207,12742,12743,8.0,0.0,32.66
4208,12746,12747,36.0,0.0,72.63
4209,12748,12749,67.0,13.0,143.35
4210,12750,12751,30.0,0.0,80.76
4211,12752,12753,10.714,10.238,26.06
4212,12754,12755,3.562,196.287,10.02
4213,12756,12757,38.605,4232.613,22.61
4214,12758,12759,6.94,938.112,18.42
4215,12760,12761,19.973,3586.614,49.55
4216,12762,12763,1.333,0.333,9.05
4217,12764,12765,13.0,0.0,68.53
4218,12766,12767,2.0,0.0,11.12
4219,12770,12771,1.19,0.155,9.82
4220,12772,12773,8.151,8.51,90.33
4221,12776,12777,2.092,0.194,25.89
4222,12778,12779,1.049,0.047,8.0
4223,12780,12781,4.0,0.853,47.36
4224,12782,12783,2.491,0.289,28.17
4225,12784,12785,20.0,9.0,101.17
4226,12798,12799,49.5,2125.667,0.72
4227,12806,12807,4.333,0.333,23.28
4228,12808,12809,4.0,0.0,20.0
4229,12810,12811,30.0,337.0,28.73
4230,12816,12817,6.0,0.0,29.0
4231,12818,12819,3.333,0.333,17.25
4232,12820,12821,74.75,7822.25,72.53
4233,12824,12825,3.667,0.333,17.7
4234,12826,12827,22.0,288.0,50.3
4235,12828,12829,33.25,147.583,117.4
4236,12834,12835,13.75,0.917,68.29
4237,12840,12841,8.333,0.333,42.24
4238,12842,12843,1.125,0.125,2.45
4239,12844,12845,1.167,0.167,3.62
4240,12848,12849,9.0,0.667,41.64
4241,12852,12853,4.634,62.638,4.74
4242,12854,12855,4.235,75.941,2.89
4243,12856,12857,12.0,0.0,69.19
4244,12858,12859,12.0,0.0,65.21
4245,12860,12861,14.0,0.0,66.3
4246,12862,12863,11.25,0.917,61.09
4247,12864,12865,21.333,41.333,77.68
4248,12866,12867,10.0,1.0,47.48
4249,12868,12869,9.0,0.0,1.66
4250,12876,12877,7.5,0.5,37.6
4251,12886,12887,49.0,0.0,26.15
4252,12890,12891,33.167,490.167,53.71
4253,12892,12893,18.667,5.333,91.19
4254,12896,12897,7.0,2.0,34.06
4255,12902,12903,6.5,0.5,30.13
4256,12908,12909,21.0,7.0,109.48
4257,12910,12911,2.167,0.167,8.64
4258,12916,12917,477.333,76147.467,185.52
4259,12918,12919,3.0,0.0,16.06
4260,12932,12933,2.0,0.0,11.65
4261,12934,12935,24.0,0.0,107.38
4262,12938,12939,20.333,305.333,5.48
4263,12940,12941,43.0,0.0,199.64
4264,12942,12943,4.5,0.5,20.56
4265,12960,12961,21.0,0.0,117.87
4266,12964,12965,2.0,0.0,11.98
4267,12968,12969,8.0,0.0,35.04
4268,12972,12973,3.0,0.0,11.67
4269,12974,12975,7.286,7.571,28.56
4270,12978,12979,11.625,215.982,21.39
4271,12982,12983,17.5,12.5,83.44
4272,12996,12997,1.5,0.333,6.53
4273,12998,12999,7.0,0.0,35.99
4274,13004,13005,3.0,0.0,16.4
4275,13010,13011,15.0,0.0,68.37
4276,13012,13013,8.0,0.0,48.67
4277,13014,13015,7.0,0.0,58.3
4278,13016,13017,14.0,2.0,101.86
4279,13022,13023,15.5,12.5,90.89
4280,13032,13033,15.5,4.7,73.15
4281,13034,13035,4.833,1.367,23.52
4282,13036,13037,25.667,32.333,123.48
4283,13040,13041,13.0,0.0,59.1
4284,13046,13047,10.0,0.0,47.12
4285,13050,13051,6.0,0.0,31.79
4286,13054,13055,151.667,13616.333,156.51
4287,13060,13061,99.889,10298.861,72.69
4288,13064,13065,18.2,5.2,94.59
4289,13066,13067,8.0,0.0,4.76
4290,13068,13069,7.0,0.0,38.82
4291,13074,13075,9.0,1.0,41.76
4292,13080,13081,3.0,0.0,10.5
4293,13084,13085,10.0,0.0,54.05
4294,13086,13087,4.0,0.0,15.62
4295,13090,13091,5.5,0.333,25.91
4296,13100,13101,2.0,0.0,7.49
4297,13106,13107,43.0,0.0,188.71
4298,13118,13119,9.667,1.515,46.92
4299,13122,13123,27.0,3.333,135.0
4300,13124,13125,10.0,0.0,44.91
4301,13128,13129,3.043,19.953,4.85
4302,13130,13131,73.0,2.0,349.38
4303,13132,13133,5.5,0.5,28.69
4304,13134,13135,16.0,0.0,77.28
4305,13140,13141,4.5,0.5,23.6
4306,13142,13143,43.0,0.0,226.69
4307,13146,13147,24.0,1.0,113.8
4308,13152,13153,1.429,7.196,6.9
4309,13154,13155,8.629,17.748,52.61
4310,13156,13157,8.042,1.357,61.79
4311,13160,13161,17.0,0.0,94.01
4312,13162,13163,35.333,20.333,179.43
4313,13164,13165,3.0,0.0,19.41
4314,13166,13167,1.125,0.114,5.26
4315,13170,13171,2.171,0.146,28.04
4316,13172,13173,4.371,0.476,58.2
4317,13174,13175,4.647,0.478,60.39
4318,13176,13177,1.618,0.243,21.0
4319,13180,13181,3.761,0.497,46.27
4320,13182,13183,26.0,16.0,119.88
4321,13186,13187,31.667,15.067,160.93
4322,13298,13299,2.048,1.148,14.63
4323,13300,13301,4.787,0.943,54.78
4324,13302,13303,4.49,1.077,65.29
4325,13304,13305,8.959,1.483,138.46
4326,13306,13307,2.912,12.339,32.25
4327,13308,13309,7.5,1.146,117.35
4328,13310,13311,10.283,1.39,251.82
4329,13312,13313,10.579,1.418,219.66
4330,13314,13315,22.0,0.0,112.46
4331,13316,13317,77.0,0.0,391.04
4332,13318,13319,34.0,11.333,168.0
4333,13320,13321,3.333,0.333,17.68
4334,13324,13325,25.444,1854.028,44.79
4335,13330,13331,5.333,0.267,26.73
4336,13332,13333,10.333,0.667,52.44
4337,13336,13337,5.0,0.0,24.49
4338,13338,13339,24.0,0.0,192.82
4339,13340,13341,6.0,0.0,46.51
4340,13342,13343,8.0,0.0,73.76
4341,13344,13345,7.0,0.0,44.26
4342,13346,13347,19.833,4.167,144.48
4343,13348,13349,6.778,1.944,43.16
4344,13350,13351,10.167,1.367,69.47
4345,13352,13353,17.0,0.0,113.32
4346,13354,13355,3.5,0.5,25.15
4347,13356,13357,33.0,103.75,268.58
4348,13358,13359,6.5,1.0,50.57
4349,13360,13361,6.1,0.989,48.18
4350,13362,13363,4.5,0.5,43.74
4351,13370,13371,5.167,0.735,57.46
4352,13372,13373,9.185,1.157,112.28
4353,13374,13375,3.346,0.235,36.73
4354,13376,13377,16.929,418.217,12.56
4355,13378,13379,16.714,292.286,39.89
4356,13382,13383,3.4,0.25,28.05
4357,13384,13385,10.042,0.65,122.17
4358,13388,13389,2.0,0.0,16.34
4359,13390,13391,2.0,0.0,15.31
4360,13394,13395,3.75,0.917,49.34
4361,13396,13397,5.833,0.567,60.87
4362,13398,13399,9.5,0.5,112.55
4363,13400,13401,4.0,0.0,46.05
4364,13402,13403,2.75,0.386,26.16
4365,13408,13409,3.6,0.3,17.13
4366,13410,13411,5.0,0.0,22.78
4367,13414,13415,2.0,0.0,11.52
4368,13416,13417,9.0,0.0,54.7
4369,13418,13419,8.0,0.0,45.55
4370,13422,13423,15.4,3.3,80.69
4371,13424,13425,16.262,202.726,69.53
4372,13426,13427,2.39,0.241,27.77
4373,13432,13433,2.0,0.267,15.93
4374,13444,13445,10.357,1.288,111.56
4375,13446,13447,19.955,4.882,235.32
4376,13448,13449,10.205,1.325,107.93
4377,13450,13451,3.111,1.111,27.98
4378,13452,13453,124.643,272.093,594.26
4379,13454,13455,49.0,0.0,219.67
4380,13456,13457,15.0,2.667,76.57
4381,13460,13461,86.1,288.989,438.49
4382,13462,13463,3.333,0.267,18.42
4383,13464,13465,39.0,16.667,195.49
4384,13468,13469,1.413,0.248,19.19
4385,13470,13471,6.044,0.862,75.2
4386,13476,13477,3.0,0.0,23.16
4387,13478,13479,10.0,0.0,118.15
4388,13482,13483,5.0,0.0,47.07
4389,13484,13485,4.0,0.0,42.56
4390,13488,13489,10.0,0.0,97.99
4391,13494,13495,13.571,4.619,95.71
4392,13496,13497,4.429,0.619,33.64
4393,13498,13499,15.0,0.0,114.22
4394,13502,13503,2.5,0.5,17.2
4395,13504,13505,19.5,4.5,126.45
4396,13512,13513,176.0,0.0,938.89
4397,13516,13517,9.0,0.0,41.54
4398,13522,13523,9.0,0.0,41.31
4399,13530,13531,14.25,16.25,87.65
4400,13532,13533,2.5,0.333,17.65
4401,13538,13539,5.0,0.0,29.4
4402,13540,13541,9.249,0.93,139.23
4403,13542,13543,9.0,0.0,96.7
4404,13544,13545,7.0,0.0,51.18
4405,13550,13551,16.0,0.0,75.2
4406,13566,13567,2.0,0.0,8.74
4407,13568,13569,12.0,2.0,159.26
4408,13570,13571,5.0,2.0,68.54
4409,13572,13573,6.5,0.5,72.98
4410,13574,13575,4.75,0.25,21.72
4411,13576,13577,2.0,0.0,11.1
4412,13578,13579,2.688,0.282,17.42
4413,13580,13581,3.307,0.353,40.25
4414,13582,13583,6.0,0.0,27.1
4415,13596,13597,18.429,31.619,79.05
4416,13600,13601,3.0,0.138,30.79
4417,13602,13603,37.333,3.067,85.67
4418,13604,13605,79.0,0.0,152.07
4419,13606,13607,9.5,12.5,48.11
4420,13608,13609,6.0,0.0,23.41
4421,13610,13611,32.333,2760.2,33.53
4422,13612,13613,82.214,9936.611,123.75
4423,13616,13617,4.0,0.0,16.69
4424,13620,13621,12.0,0.0,64.29
4425,13622,13623,6.0,0.0,30.22
4426,13624,13625,13.0,0.0,62.54
4427,13626,13627,3.0,0.0,14.89
4428,13628,13629,158.5,14964.5,47.17
4429,13630,13631,7.0,0.0,30.74
4430,13634,13635,23.0,0.0,138.8
4431,13636,13637,5.0,16.667,6.26
4432,13640,13641,4.867,0.41,34.03
4433,13642,13643,11.412,2.257,81.18
4434,13644,13645,8.286,1.314,60.94
4435,13648,13649,20.0,2.0,148.74
4436,13650,13651,18.8,1.7,142.18
4437,13652,13653,5.0,0.0,35.87
4438,13654,13655,10.324,3.447,69.32
4439,13656,13657,7.861,0.752,59.02
4440,13658,13659,8.258,0.665,58.51
4441,13660,13661,12.0,0.0,85.32
4442,13662,13663,12.5,0.5,95.64
4443,13666,13667,5.75,0.917,41.16
4444,13668,13669,4.0,0.0,21.73
4445,13670,13671,16.0,8.0,117.71
4446,13672,13673,3.5,0.5,15.61
4447,13702,13703,11.0,0.0,53.91
4448,13704,13705,12.0,0.0,48.99
4449,13710,13711,15.0,0.0,72.82
4450,13712,13713,3.0,0.0,15.77
4451,13722,13723,13.0,0.0,65.89
4452,13726,13727,45.375,395.717,97.51
4453,13732,13733,6.5,0.5,31.21
4454,13734,13735,12.5,0.5,63.96
4455,13744,13745,132.5,220.5,620.38
4456,13746,13747,7.5,0.5,59.28
4457,13748,13749,3.333,0.333,21.28
4458,13750,13751,22.333,0.333,166.31
4459,13752,13753,10.6,1.8,73.86
4460,13754,13755,1.75,0.25,11.87
4461,13760,13761,6.5,0.5,42.51
4462,13762,13763,7.1,5.433,42.01
4463,13764,13765,3.5,1.545,26.94
4464,13766,13767,10.0,0.0,42.27
4465,13768,13769,5.0,0.0,31.47
4466,13772,13773,6.0,0.0,39.13
4467,13776,13777,8.5,0.333,58.89
4468,13778,13779,7.333,0.267,49.96
4469,13780,13781,5.333,0.267,37.53
4470,13782,13783,8.0,0.0,49.86
4471,13786,13787,6.833,0.967,49.15
4472,13788,13789,2.0,0.0,6.8
4473,13794,13795,16.0,2.0,111.0
4474,13796,13797,46.0,0.0,111.36
4475,13798,13799,37.2,14.2,81.38
4476,13800,13801,15.0,0.0,83.96
4477,13806,13807,6.0,0.0,45.38
4478,13808,13809,23.0,13.0,174.8
4479,13810,13811,7.8,1.7,59.03
4480,13812,13813,7.188,0.296,50.07
4481,13814,13815,9.0,2.0,64.32
4482,13820,13821,7.833,0.967,64.98
4483,13822,13823,4.714,0.571,36.66
4484,13824,13825,2.375,0.268,14.86
4485,13826,13827,4.625,0.268,34.32
4486,13828,13829,4.429,0.286,31.64
4487,13830,13831,6.0,0.5,42.66
4488,13832,13833,18.5,4.5,244.87
4489,13840,13841,15.429,1.619,112.71
4490,13846,13847,14.0,0.0,122.02
4491,13848,13849,73.5,4.5,150.73
4492,13856,13857,16.75,508.786,1.56
4493,13858,13859,22.786,471.874,19.22
4494,13860,13861,7.571,0.952,56.18
4495,13862,13863,4.0,0.0,26.08
4496,13864,13865,2.0,0.0,16.56
4497,13870,13871,13.429,350.757,30.25
4498,13872,13873,2.118,0.235,14.96
4499,13874,13875,2.769,0.359,19.51
4500,13876,13877,2.714,0.238,18.24
4501,13878,13879,19.778,3.944,140.76
4502,13880,13881,19.0,0.0,172.72
4503,13884,13885,23.0,0.0,214.4
4504,13902,13903,6.667,0.333,70.79
4505,13904,13905,23.571,1.286,188.61
4506,13906,13907,36.311,7705.642,17.83
4507,13908,13909,15.365,2562.332,9.34
4508,13910,13911,95.449,45738.608,85.82
4509,13912,13913,47.464,18341.242,38.0
4510,13914,13915,18.877,4986.28,12.42
4511,13916,13917,42.991,18654.718,28.32
4512,13918,13919,2.333,0.333,15.27
4513,13920,13921,7.0,2.0,58.14
4514,13922,13923,6.5,0.5,19.15
4515,13924,13925,13.0,2.0,154.43
4516,13926,13927,21.0,0.0,77.83
4517,13930,13931,44.0,32.0,105.6
4518,13932,13933,22.0,0.0,52.49
4519,13946,13947,3.923,76.744,10.88
4520,13948,13949,13.214,1004.797,28.39
4521,13950,13951,2.111,0.361,15.8
4522,13952,13953,6.429,0.952,46.03
4523,13954,13955,26.75,4.917,200.01
4524,13956,13957,22.6,2.3,174.34
4525,13958,13959,3.0,0.0,17.03
4526,13962,13963,3.0,0.0,23.16
4527,13964,13965,3.667,0.333,24.39
4528,13968,13969,4.75,0.25,35.75
4529,13970,13971,5.0,0.667,37.04
4530,13972,13973,8.846,0.808,116.18
4531,13974,13975,16.167,4.515,258.64
4532,13978,13979,10.846,1.641,169.57
4533,13980,13981,7.462,0.603,122.01
4534,13982,13983,2.688,0.496,40.18
4535,13986,13987,2.611,0.252,34.85
4536,14000,14001,4.0,0.0,18.7
4537,14006,14007,11.0,0.0,58.58
4538,14008,14009,10.75,1.583,52.27
4539,14010,14011,2.0,0.0,11.21
4540,14012,14013,49.333,21.333,230.4
4541,14020,14021,3.5,0.5,15.98
4542,14024,14025,7.25,0.917,35.72
4543,14026,14027,5.078,0.613,63.63
4544,14028,14029,2.631,0.268,34.05
4545,14030,14031,7.194,61.465,38.65
4546,14032,14033,4.17,0.394,51.5
4547,14034,14035,4.982,0.522,61.95
4548,14038,14039,6.0,0.0,32.4
4549,14040,14041,5.667,0.333,27.0
4550,14044,14045,137.0,26450.0,47.37
4551,14046,14047,3.5,0.5,14.08
4552,14060,14061,6.0,0.667,45.2
4553,14062,14063,3.286,0.238,23.22
4554,14064,14065,6.6,1.156,49.65
4555,14066,14067,8.019,0.902,59.48
4556,14068,14069,4.258,0.381,31.7
4557,14072,14073,11.824,2.037,88.77
4558,14076,14077,4.753,0.522,35.83
4559,14078,14079,12.258,3.394,93.01
4560,14080,14081,4.045,0.29,30.88
4561,14082,14083,15.318,2.959,113.72
4562,14084,14085,4.357,0.27,28.81
4563,14086,14087,26.0,10.0,182.4
4564,14088,14089,8.333,0.333,63.57
4565,14092,14093,10.0,0.0,67.68
4566,14094,14095,11.667,1.467,89.19
4567,14098,14099,3.667,0.333,27.13
4568,14100,14101,11.0,0.0,86.61
4569,14102,14103,18.0,0.0,136.34
4570,14106,14107,17.182,103.964,57.04
4571,14108,14109,2.818,0.364,34.76
4572,14110,14111,12.8,1.733,163.68
4573,14112,14113,2.667,0.333,25.24
4574,14116,14117,14.0,2.0,69.57
4575,14118,14119,20.193,3093.56,13.4
4576,14120,14121,5.0,97.75,42.16
4577,14122,14123,26.06,624.693,43.47
4578,14124,14125,34.646,6025.536,40.38
4579,14126,14127,11.67,1448.03,21.32
4580,14128,14129,24.041,1447.174,54.73
4581,14130,14131,8.727,57.282,74.22
4582,14132,14133,579.34,507939.372,151.88
4583,14134,14135,74.627,12669.558,60.65
4584,14138,14139,5.763,1.645,40.87
4585,14140,14141,3.421,0.413,25.11
4586,14142,14143,3.553,0.416,26.29
4587,14144,14145,27.038,4812.841,27.98
4588,14150,14151,6.8,15.793,54.66
4589,14154,14155,7.667,4.333,55.35
4590,14156,14157,29.8,27.7,205.76
4591,14158,14159,6.698,875.707,24.65
4592,14160,14161,9.27,1236.227,33.87
4593,14162,14163,11.767,1487.697,53.54
4594,14166,14167,4.667,9.333,15.44
4595,14174,14175,1.075,0.071,8.34
4596,14176,14177,3.286,0.753,39.73
4597,14178,14179,7.061,0.552,87.08
4598,14180,14181,9.385,1.15,116.22
4599,14182,14183,5.74,0.595,71.41
4600,14184,14185,3.609,0.249,36.49
4601,14186,14187,6.389,0.252,65.07
4602,14188,14189,6.625,0.268,48.06
4603,14190,14191,9.222,3.242,72.77
4604,14192,14193,7.25,2.25,53.17
4605,14194,14195,2.0,0.0,14.46
4606,14196,14197,2.8,0.2,18.47
4607,14198,14199,1.2,0.2,8.06
4608,14200,14201,8.6,0.3,61.98
4609,14202,14203,4.4,0.8,30.34
4610,14204,14205,8.5,0.5,64.2
4611,14206,14207,8.667,0.333,60.21
4612,14208,14209,2.4,0.3,19.13
4613,14210,14211,13.0,1.0,155.11
4614,14212,14213,6.75,0.786,79.85
4615,14214,14215,1.043,0.042,6.08
4616,14216,14217,14.115,55.74,87.61
4617,14218,14219,3.32,1.109,24.01
4618,14220,14221,2.2,0.2,16.62
4619,14222,14223,22.75,2.917,185.59
4620,14224,14225,14.167,0.967,109.93
4621,14226,14227,18.235,10.504,131.5
4622,14228,14229,11.5,1.667,89.83
4623,14230,14231,2.8,0.2,19.82
4624,14232,14233,4.833,0.967,36.81
4625,14234,14235,5.25,1.583,40.79
4626,14236,14237,2.4,0.3,17.7
4627,14240,14241,17.25,10.917,88.9
4628,14250,14251,5.0,0.5,28.69
4629,14252,14253,2.0,0.0,11.81
4630,14254,14255,15.713,3.852,204.9
4631,14256,14257,4.573,0.414,50.38
4632,14258,14259,11.674,1.759,134.94
4633,14260,14261,1.149,0.127,14.52
4634,14262,14263,2.007,1.004,21.77
4635,14264,14265,18.569,1802.499,25.07
4636,14266,14267,3.625,0.268,18.16
4637,14272,14273,18.702,64.811,323.52
4638,14274,14275,4.924,0.348,98.88
4639,14276,14277,1.462,0.296,26.72
4640,14280,14281,17.0,0.0,82.9
4641,14292,14293,11.857,1.126,152.62
4642,14294,14295,4.0,0.25,27.28
4643,14296,14297,7.03,0.843,51.13
4644,14298,14299,3.636,0.301,27.33
4645,14302,14303,36.398,1630.055,24.63
4646,14304,14305,25.718,748.388,59.25
4647,14306,14307,3.927,92.18,15.68
4648,14310,14311,10.327,35.722,68.92
4649,14312,14313,2.465,0.251,17.75
4650,14314,14315,4.667,121.0,3.18
4651,14316,14317,13.375,169.411,16.18
4652,14318,14319,66.0,38.0,507.86
4653,14320,14321,25.714,952.989,141.53
4654,14322,14323,39.5,921.0,224.81
4655,14324,14325,7.545,2.165,93.95
4656,14326,14327,1.042,0.042,9.67
4657,14328,14329,96.667,8416.333,13.22
4658,14330,14331,3.0,0.0,13.82
4659,14332,14333,2.789,0.287,22.24
4660,14334,14335,3.85,0.239,46.74
4661,14338,14339,14.0,0.0,30.21
4662,14342,14343,16.0,2.0,32.13
4663,14344,14345,7.4,0.3,14.16
4664,14346,14347,16.333,1.333,78.99
4665,14348,14349,1.6,0.267,18.53
4666,14350,14351,6.357,0.401,53.83
4667,14352,14353,9.0,0.0,76.41
4668,14364,14365,4.167,0.167,9.16
4669,14366,14367,19.6,5.3,41.86
4670,14368,14369,25.5,0.5,53.46
4671,14370,14371,12.0,0.0,60.74
4672,14374,14375,12.5,4.5,29.71
4673,14378,14379,58.5,24.5,295.76
4674,14384,14385,5.0,0.0,25.19
4675,14388,14389,4.667,0.333,25.45
4676,14390,14391,2.0,0.667,8.96
4677,14394,14395,25.0,31.0,123.57
4678,14396,14397,6.0,0.0,33.17
4679,14398,14399,47.5,1624.5,101.65
4680,14400,14401,6.5,0.5,83.73
4681,14404,14405,4.869,0.71,70.06
4682,14406,14407,1.625,0.554,12.78
4683,14408,14409,3.167,0.167,20.02
4684,14410,14411,2.0,0.0,13.58
4685,14416,14417,29.667,30.333,141.24
4686,14422,14423,4.0,0.0,15.22
4687,14426,14427,4.0,0.667,27.34
4688,14430,14431,2.857,0.476,22.01
4689,14432,14433,15.788,5104.715,28.77
4690,14434,14435,12.833,1.912,154.3
4691,14436,14437,4.6,18.8,0.2
4692,14438,14439,24.219,6.628,305.31
4693,14440,14441,2.613,0.245,33.54
4694,14442,14443,5.806,0.361,77.08
4695,14444,14445,1.161,0.14,14.84
4696,14446,14447,43.0,0.0,245.99
4697,14458,14459,4.667,1.333,22.39
4698,14460,14461,4.0,0.0,22.44
4699,14466,14467,110.5,123.346,502.82
4700,14468,14469,42.825,105.146,319.64
4701,14470,14471,21.625,8.239,158.08
4702,14474,14475,1.023,0.022,10.57
4703,14476,14477,4.538,0.354,56.47
4704,14478,14479,9.2,22.844,29.08
4705,14482,14483,17.0,0.0,35.66
4706,14484,14485,10.051,1.14,126.99
4707,14486,14487,4.551,0.251,35.48
4708,14488,14489,1.489,0.251,18.89
4709,14490,14491,1.156,0.132,14.11
4710,14492,14493,6.022,0.418,70.23
4711,14494,14495,14.0,1.2,105.3
4712,14496,14497,2.0,0.4,14.03
4713,14498,14499,2.5,0.5,21.77
4714,14500,14501,2.0,0.0,10.67
4715,14502,14503,4.0,0.0,28.58
4716,14504,14505,6.0,0.0,40.21
4717,14506,14507,4.0,0.0,32.08
4718,14508,14509,3.0,0.0,20.09
4719,14510,14511,5.0,0.8,36.26
4720,14512,14513,5.286,0.238,40.63
4721,14514,14515,2.0,0.286,14.91
4722,14516,14517,5.857,0.143,43.37
4723,14518,14519,8.857,1.143,68.3
4724,14520,14521,5.375,0.268,40.9
4725,14522,14523,12.0,0.0,97.53
4726,14532,14533,14.4,554.667,26.28
4727,14534,14535,14.04,2.54,106.67
4728,14536,14537,6.0,0.667,29.53
4729,14538,14539,8.0,0.0,44.37
4730,14540,14541,7.0,0.0,37.34
4731,14542,14543,23.0,0.0,126.6
4732,14548,14549,6.0,0.0,35.61
4733,14550,14551,3.579,0.38,26.43
4734,14552,14553,9.814,11.259,58.4
4735,14560,14561,5.667,0.333,43.3
4736,14562,14563,13.0,0.0,97.9
4737,14564,14565,8.0,0.0,57.05
4738,14566,14567,6.0,0.0,60.14
4739,14576,14577,20.0,0.0,94.6
4740,14580,14581,8.0,0.0,36.42
4741,14582,14583,60.231,1623.026,32.74
4742,14584,14585,5.857,0.476,27.41
4743,14586,14587,6.585,0.863,48.25
4744,14588,14589,3.943,0.362,29.6
4745,14590,14591,1.021,0.021,6.74
4746,14600,14601,3.0,0.167,35.47
4747,14602,14603,1.5,0.5,0.2
4748,14604,14605,1.095,0.19,7.38
4749,14606,14607,1.444,0.368,14.39
4750,14608,14609,2.114,0.104,19.34
4751,14612,14613,1.8,1.7,1.08
4752,14616,14617,6.75,2.25,25.58
4753,14618,14619,11.0,0.0,56.07
4754,14622,14623,8.5,4.5,46.35
4755,14650,14651,11.0,0.0,28.02
4756,14652,14653,14.6,5.3,33.63
4757,14656,14657,10.0,0.0,105.08
4758,14658,14659,14.167,15.424,116.97
4759,14660,14661,2.5,0.273,19.29
4760,14662,14663,1.769,0.192,11.58
4761,14664,14665,2.667,0.242,15.39
4762,14666,14667,1.917,0.083,13.49
4763,14668,14669,10.0,0.0,67.47
4764,14670,14671,6.0,0.0,45.55
4765,14678,14679,2.0,0.0,10.82
4766,14680,14681,2.0,0.0,14.86
4767,14684,14685,2.0,0.0,8.97
4768,14696,14697,3.333,0.333,28.77
4769,14698,14699,12.5,1.0,61.58
4770,14700,14701,20.25,1.583,107.44
4771,14702,14703,11.833,1.767,61.48
4772,14704,14705,3.4,0.3,17.99
4773,14708,14709,6.0,0.0,47.33
4774,14712,14713,14.5,0.5,127.33
4775,14714,14715,15.0,8.0,112.16
4776,14716,14717,9.5,4.5,70.8
4777,14718,14719,10.5,0.5,68.98
4778,14720,14721,11.056,1.654,81.93
4779,14722,14723,1.5,0.257,11.43
4780,14724,14725,6.105,0.475,46.4
4781,14728,14729,1.854,0.228,13.61
4782,14730,14731,13.0,1.0,91.25
4783,14732,14733,30.556,22.278,63.53
4784,14736,14737,31.5,0.5,60.26
4785,14738,14739,19.0,2.0,141.96
4786,14742,14743,52.5,24.5,268.53
4787,14744,14745,57.5,60.5,290.8
4788,14746,14747,42.5,41.667,193.17
4789,14748,14749,1.485,4.32,5.17
4790,14752,14753,2.333,0.333,11.36
4791,14754,14755,17.0,683.6,1.07
4792,14756,14757,5.333,75.867,3.22
4793,14758,14759,1.25,0.25,3.18
4794,14760,14761,7.0,0.0,34.08
4795,14762,14763,6.0,0.0,27.02
4796,14770,14771,6.0,47.778,9.87
4797,14776,14777,3.0,0.0,13.57
4798,14784,14785,2.2,4.7,3.07
4799,14790,14791,1.091,0.091,2.26
4800,14792,14793,2.0,0.0,13.51
4801,14818,14819,14.667,0.333,106.91
4802,14820,14821,12.625,1.636,93.71
4803,14822,14823,59.5,2112.5,100.4
4804,14826,14827,19.5,0.5,41.88
4805,14834,14835,3.0,0.0,19.72
4806,14842,14843,15.5,24.5,0.12
4807,14846,14847,14.5,1.0,108.93
4808,14848,14849,169.652,477.237,841.98
4809,14850,14851,142.7,881.8,776.82
4810,14852,14853,14.0,2.333,65.78
4811,14854,14855,35.333,31.867,167.67
4812,14856,14857,42.667,184.333,239.45
4813,14858,14859,73.368,470.468,375.27
4814,14860,14861,94.207,1200.17,523.45
4815,14864,14865,5.667,0.333,28.06
4816,14866,14867,22.0,4.8,109.78
4817,14868,14869,78.678,2303.663,30.43
4818,14870,14871,140.198,4288.584,51.93
4819,14872,14873,4.329,23.47,21.51
4820,14874,14875,2.262,0.946,26.07
4821,14876,14877,2.156,0.197,27.49
4822,14878,14879,5.25,75.015,5.15
4823,14880,14881,18.538,99.696,151.35
4824,14882,14883,2.397,0.275,28.82
4825,14886,14887,8.453,0.664,102.37
4826,14888,14889,4.619,0.304,44.07
4827,14890,14891,2.057,0.287,26.45
4828,14900,14901,14.75,8.786,66.63
4829,14902,14903,29.4,5622.711,0.2
4830,14904,14905,30.111,1434.111,44.49
4831,14906,14907,48.411,11545.359,217.67
4832,14908,14909,6.56,139.103,95.24
4833,14910,14911,2.441,0.248,25.2
4834,14918,14919,7.0,0.0,48.68
4835,14920,14921,5.0,0.0,30.7
4836,14922,14923,9.75,0.917,67.72
4837,14924,14925,8.0,0.0,38.41
4838,14940,14941,16.0,0.0,71.68
4839,14944,14945,1.63,0.238,8.19
4840,14948,14949,13.286,3.238,64.75
4841,14950,14951,222.923,62630.635,421.77
4842,14952,14953,2.571,0.264,40.06
4843,14954,14955,28.909,6.96,449.23
4844,14956,14957,9.333,1.042,151.09
4845,14958,14959,7.182,0.716,114.71
4846,14960,14961,2.167,0.429,33.37
4847,14962,14963,3.214,0.181,41.41
4848,14968,14969,123.2,393.7,561.1
4849,14972,14973,8.785,2.765,60.87
4850,14974,14975,2.368,0.236,18.58
4851,14976,14977,17.75,104.25,100.77
4852,14978,14979,19.0,0.0,144.07
4853,14980,14981,14.2,1.2,102.85
4854,14982,14983,8.0,0.0,57.77
4855,14992,14993,7.0,0.0,48.28
4856,14994,14995,4.0,0.0,25.84
4857,14996,14997,9.0,1.333,66.06
4858,15002,15003,2.0,0.0,8.56
4859,15004,15005,59.6,11578.3,71.52
4860,15006,15007,14.0,0.0,103.09
4861,15008,15009,17.0,0.0,134.78
4862,15010,15011,3.25,0.25,27.01
4863,15014,15015,8.0,0.0,34.5
4864,15026,15027,6.0,0.0,34.69
4865,15032,15033,10.0,0.0,59.67
4866,15034,15035,9.0,0.0,47.11
4867,15048,15049,4.0,0.0,23.35
4868,15068,15069,22.0,8.0,114.63
4869,15072,15073,8.0,0.0,40.94
4870,15088,15089,5.0,0.0,28.28
4871,15096,15097,12.0,0.0,59.98
4872,15098,15099,6.0,0.0,28.17
4873,15112,15113,7.5,0.5,37.43
4874,15114,15115,9.0,1.5,42.7
4875,15116,15117,5.0,0.0,27.68
4876,15120,15121,5.0,0.0,27.88
4877,15132,15133,8.0,0.0,36.36
4878,15134,15135,9.0,2.0,40.68
4879,15140,15141,5.0,0.0,28.18
4880,15164,15165,5.333,0.333,28.11
4881,15166,15167,4.0,0.0,19.42
4882,15168,15169,6.0,2.0,30.11
4883,15178,15179,47.75,1161.583,80.9
4884,15180,15181,3.143,3.476,10.62
4885,15184,15185,14.667,2.333,33.47
4886,15188,15189,2.0,0.0,4.55
4887,15190,15191,68.143,65.363,306.63
4888,15192,15193,10.0,0.0,94.06
4889,15198,15199,4.5,4.5,27.12
4890,15204,15205,37.0,0.0,75.4
4891,15220,15221,16.0,2.0,34.04
4892,15222,15223,4.0,0.0,25.27
4893,15224,15225,33.982,478.179,227.65
4894,15226,15227,7.131,0.644,102.72
4895,15228,15229,5.778,0.547,88.98
4896,15230,15231,4.902,0.472,68.0
4897,15232,15233,27.102,6971.812,27.22
4898,15234,15235,31.231,13403.669,34.56
4899,15236,15237,55.0,0.0,513.28
4900,15238,15239,15.0,0.0,75.83
4901,15240,15241,31.862,14.776,145.74
4902,15250,15251,16.0,0.0,76.56
4903,15254,15255,101.714,7485.905,73.08
4904,15256,15257,1.065,0.062,5.31
4905,15266,15267,12.5,1.1,59.72
4906,15270,15271,7.5,1.667,34.92
4907,15272,15273,3.8,0.7,19.04
4908,15284,15285,13.0,0.0,58.24
4909,15286,15287,2.0,0.0,6.89
4910,15288,15289,11.0,2.0,53.04
4911,15294,15295,7.667,0.333,41.04
4912,15308,15309,8.0,0.0,33.88
4913,15314,15315,4.25,6.25,14.27
4914,15316,15317,7.0,0.0,36.55
4915,15320,15321,7.833,0.567,40.57
4916,15324,15325,2.0,0.0,8.81
4917,15326,15327,8.0,27.0,22.33
4918,15328,15329,10.0,0.0,46.81
4919,15334,15335,3.0,0.0,21.67
4920,15336,15337,41.0,0.0,156.9
4921,15346,15347,18.0,2.0,90.27
4922,15350,15351,26.333,906.333,13.78
4923,15358,15359,2.867,0.41,32.92
4924,15364,15365,8.44,0.936,111.27
4925,15366,15367,1.01,0.01,12.2
4926,15370,15371,9.049,0.615,116.31
4927,15372,15373,12.0,7.0,52.83
4928,15376,15377,8.135,1.824,96.58
4929,15378,15379,15.427,2.984,195.33
4930,15380,15381,7.0,2.0,15.84
4931,15386,15387,7.5,0.5,42.12
4932,15390,15391,4.0,0.0,21.65
4933,15404,15405,4.0,0.0,21.72
4934,15408,15409,4.0,0.0,21.76
4935,15452,15453,2.0,0.0,11.92
4936,15454,15455,4.667,1.333,22.04
4937,15456,15457,3.0,0.0,11.87
4938,15458,15459,3.0,0.0,12.57
4939,15460,15461,2.0,0.0,10.7
4940,15462,15463,15.0,0.0,66.51
4941,15466,15467,17.0,0.0,24.93
4942,15472,15473,3.25,0.25,17.91
4943,15482,15483,9.0,0.0,144.89
4944,15484,15485,9.0,0.0,119.17
4945,15486,15487,32.875,1513.718,31.1
4946,15488,15489,18.306,951.793,25.3
4947,15490,15491,5.519,263.643,6.01
4948,15492,15493,18.125,3.183,230.81
4949,15494,15495,8.582,1.327,177.78
4950,15496,15497,9.656,0.996,101.13
4951,15498,15499,8.437,4.503,35.91
4952,15500,15501,55.347,60.689,255.28
4953,15502,15503,25.844,26.394,122.61
4954,15504,15505,29.0,16.947,146.96
4955,15506,15507,81.222,541.944,437.93
4956,15508,15509,26.5,1.9,131.96
4957,15512,15513,31.578,7221.22,39.49
4958,15514,15515,3.227,320.469,5.3
4959,15516,15517,17.551,3838.537,15.28
4960,15518,15519,107.364,67252.54,77.65
4961,15520,15521,24.0,0.0,212.62
4962,15522,15523,39.786,31.566,83.51
4963,15524,15525,7.55,2.781,77.43
4964,15526,15527,7.412,0.452,83.98
4965,15528,15529,20.0,0.0,109.49
4966,15536,15537,9.5,0.5,75.02
4967,15538,15539,5.833,0.567,47.55
4968,15540,15541,3.833,0.167,28.82
4969,15544,15545,6.368,3.468,49.02
4970,15546,15547,4.7,0.326,53.59
4971,15550,15551,2.45,0.261,30.84
4972,15556,15557,1.067,0.067,7.66
4973,15566,15567,3.0,0.0,20.61
4974,15568,15569,8.25,44.917,2.93
4975,15570,15571,22.889,0.611,186.09
4976,15572,15573,8.667,1.333,22.62
4977,15576,15577,57.778,80.944,232.1
4978,15578,15579,89.778,48.444,415.24
4979,15582,15583,19.786,75.246,108.38
4980,15584,15585,4.595,0.539,59.4
4981,15586,15587,10.509,1.995,132.21
4982,15588,15589,1.887,0.102,17.09
4983,15590,15591,7.472,11.856,44.23
4984,15592,15593,5.312,0.609,39.49
4985,15594,15595,20.0,9.563,153.66
4986,15596,15597,6.091,0.585,46.41
4987,15598,15599,3.915,0.21,46.98
4988,15600,15601,1.957,0.134,9.69
4989,15614,15615,18.5,0.5,97.44
4990,15618,15619,5.0,0.0,20.78
4991,15620,15621,11.0,0.0,51.17
4992,15632,15633,8.0,0.0,41.14
4993,15674,15675,9.0,0.0,40.95
4994,15678,15679,10.0,0.0,47.57
4995,15684,15685,7.833,1.367,40.47
4996,15688,15689,10.0,324.0,4.18
4997,15690,15691,8.25,0.917,40.78
4998,15696,15697,6.0,0.0,33.92
4999,15698,15699,9.0,0.0,41.94
5000,15704,15705,5.929,0.515,43.84
5001,15706,15707,3.425,0.247,25.79
5002,15710,15711,5.368,204.494,27.4
5003,15712,15713,15.165,2300.617,45.06
5004,15714,15715,1.03,0.029,2.01
5005,15716,15717,41.75,19.583,190.95
5006,15718,15719,6.93,1.459,53.52
5007,15720,15721,9.596,1.031,72.6
5008,15722,15723,52.45,4096.892,25.37
5009,15724,15725,35.0,8174.663,37.0
5010,15726,15727,3.357,310.175,3.52
5011,15728,15729,7.593,1338.868,7.07
5012,15730,15731,41.39,8502.893,41.82
5013,15732,15733,112.709,35774.126,119.98
5014,15734,15735,33.907,7502.125,41.95
5015,15736,15737,20.621,4913.526,29.96
5016,15738,15739,13.229,3387.217,26.07
5017,15742,15743,7.833,1103.953,16.97
5018,15744,15745,32.749,5628.051,61.58
5019,15746,15747,166.219,62696.84,35.63
5020,15748,15749,237.235,18934.63,91.57
5021,15750,15751,2.0,0.0,8.21
5022,15752,15753,117.937,2719.948,74.76
5023,15754,15755,123.031,2670.499,72.97
5024,15758,15759,25.667,25.333,131.77
5025,15760,15761,11.667,0.333,58.51
5026,15762,15763,64.667,165.333,269.05
5027,15764,15765,48.5,67.0,239.42
5028,15768,15769,2.0,0.0,8.64
5029,15770,15771,6.75,0.917,31.54
5030,15772,15773,9.0,0.0,46.37
5031,15774,15775,6.0,0.0,25.85
5032,15786,15787,4.429,6.286,19.62
5033,15788,15789,6.0,0.0,24.0
5034,15790,15791,4.0,0.0,24.84
5035,15792,15793,5.0,0.0,25.41
5036,15796,15797,2.0,0.0,12.69
5037,15800,15801,40.333,4641.333,4.42
5038,15802,15803,124.5,29524.5,18.26
5039,15804,15805,12.0,0.0,92.58
5040,15806,15807,6.667,0.333,44.85
5041,15810,15811,4.0,0.0,30.98
5042,15812,15813,16.0,0.0,82.31
5043,15820,15821,6.0,0.0,39.73
5044,15822,15823,6.0,0.0,49.41
5045,15846,15847,22.0,0.0,106.98
5046,15854,15855,5.0,0.0,24.67
5047,15856,15857,36.5,4.5,196.88
5048,15860,15861,9.0,7.0,46.39
5049,15864,15865,6.273,1.018,46.19
5050,15866,15867,9.333,2.267,66.31
5051,15868,15869,8.955,0.998,64.42
5052,15870,15871,9.5,4.722,72.95
5053,15872,15873,6.0,1.0,41.88
5054,15874,15875,7.2,1.029,51.64
5055,15876,15877,4.294,0.221,28.22
5056,15878,15879,10.056,2.644,71.11
5057,15880,15881,6.913,12.719,41.3
5058,15882,15883,17.0,0.0,133.8
5059,15884,15885,3.0,0.0,25.94
5060,15886,15887,3.0,0.0,29.25
5061,15888,15889,3.0,0.0,28.82
5062,15890,15891,4.0,0.0,30.32
5063,15892,15893,15.0,0.0,34.91
5064,15894,15895,2.765,0.776,21.95
5065,15896,15897,21.396,10.642,274.81
5066,15898,15899,205.1,61303.733,45.8
5067,15900,15901,77.707,18926.012,19.84
5068,15902,15903,152.548,42685.522,34.9
5069,15904,15905,54.447,17364.455,43.94
5070,15908,15909,4.362,13.373,12.1
5071,15910,15911,4.438,3.92,28.63
5072,15914,15915,4.4,0.3,36.58
5073,15916,15917,4.025,0.531,30.09
5074,15918,15919,15.0,0.0,114.24
5075,15920,15921,6.0,0.0,43.6
5076,15922,15923,8.0,0.0,63.23
5077,15924,15925,1.091,0.091,3.23
5078,15926,15927,9.0,212.0,16.51
5079,15930,15931,11.6,1.3,55.86
5080,15934,15935,1.159,0.136,12.26
5081,15936,15937,3.646,0.445,45.87
5082,15938,15939,12.857,1.81,105.3
5083,15940,15941,39.429,1675.286,7.95
5084,15944,15945,17.28,1043.58,10.41
5085,15946,15947,23.02,252.5,55.75
5086,15954,15955,1.4,0.3,8.45
5087,15956,15957,1.429,0.286,11.69
5088,15960,15961,26.4,7.3,134.47
5089,15964,15965,18.5,3.143,91.21
5090,15966,15967,1.941,1.934,7.09
5091,15970,15971,1.692,0.231,8.72
5092,15972,15973,7.005,0.635,88.46
5093,15974,15975,7.707,16.662,71.58
5094,15978,15979,8.864,4.219,114.31
5095,15980,15981,2.222,0.418,25.49
5096,15982,15983,3.214,0.335,44.73
5097,15984,15985,27.2,53.171,379.48
5098,15986,15987,2.467,0.267,20.32
5099,15988,15989,37.2,91.171,307.38
5100,15990,15991,9.4,0.3,66.53
5101,16000,16001,14.0,2.0,69.2
5102,16006,16007,69.0,12099.0,0.2
5103,16010,16011,65.333,11470.333,14.75
5104,16012,16013,42.5,3280.5,7.13
5105,16016,16017,5.0,0.0,19.35
5106,16022,16023,9.75,1.583,46.82
5107,16024,16025,10.667,5.333,54.8
5108,16026,16027,5.0,0.0,23.64
5109,16028,16029,37.333,129.333,174.24
5110,16034,16035,5.667,0.333,26.01
5111,16038,16039,18.0,1.0,85.86
5112,16046,16047,15.0,8.0,79.84
5113,16050,16051,2.429,0.286,5.86
5114,16066,16067,1.021,0.021,11.47
5115,16068,16069,1.417,0.265,6.4
5116,16072,16073,33.5,40.5,156.48
5117,16074,16075,19.887,8.59,389.64
5118,16076,16077,21.433,8.598,425.02
5119,16078,16079,7.105,0.567,130.06
5120,16080,16081,11.474,2.108,180.72
5121,16084,16085,13.5,4.5,58.68
5122,16088,16089,4.0,0.0,15.9
5123,16090,16091,7.667,69.333,1.84
5124,16092,16093,14.0,0.0,64.47
5125,16094,16095,18.5,0.5,80.28
5126,16098,16099,15.2,6.7,180.51
5127,16100,16101,1.4,0.3,15.38
5128,16102,16103,5.105,0.766,44.08
5129,16104,16105,22.75,25.583,100.24
5130,16108,16109,28.5,12.5,125.53
5131,16110,16111,11.0,0.0,47.72
5132,16114,16115,3.0,0.0,12.86
5133,16116,16117,9.0,0.0,37.3
5134,16120,16121,18.0,3.333,80.05
5135,16122,16123,18.0,0.0,80.1
5136,16124,16125,14.5,0.5,80.16
5137,16132,16133,7.5,0.5,30.71
5138,16140,16141,7.2,0.7,35.39
5139,16142,16143,7.0,0.0,28.99
5140,16178,16179,13.0,0.0,35.77
5141,16180,16181,21.467,5.267,100.66
5142,16182,16183,34.5,10.0,163.28
5143,16184,16185,23.167,7.767,116.97
5144,16188,16189,6.0,0.0,23.91
5145,16192,16193,2.0,0.0,15.31
5146,16194,16195,4.769,0.359,32.48
5147,16204,16205,1.818,0.341,21.04
5148,16206,16207,5.515,0.57,72.09
5149,16208,16209,4.364,0.364,56.66
5150,16210,16211,1.13,0.119,11.27
5151,16212,16213,16.714,2.905,78.43
5152,16214,16215,27.7,5.344,133.8
5153,16216,16217,9.0,0.857,42.59
5154,16218,16219,6.095,2.8,67.09
5155,16226,16227,16.184,3.019,209.79
5156,16228,16229,5.368,0.347,69.74
5157,16234,16235,8.037,1048.389,10.44
5158,16236,16237,23.706,593.096,8.44
5159,16238,16239,3.333,0.333,23.32
5160,16240,16241,4.059,9.059,23.47
5161,16242,16243,1.714,0.22,12.48
5162,16244,16245,1.786,0.181,12.89
5163,16248,16249,2.667,0.333,18.7
5164,16252,16253,14.333,5.333,105.3
5165,16254,16255,71.091,9681.691,56.46
5166,16256,16257,11.636,3.255,26.12
5167,16272,16273,23.167,3.367,169.91
5168,16274,16275,1.472,0.267,18.59
5169,16276,16277,9.125,2.125,43.4
5170,16278,16279,23.5,0.5,117.21
5171,16280,16281,1.846,0.141,17.05
5172,16282,16283,9.25,0.917,114.15
5173,16288,16289,2.25,0.214,19.79
5174,16290,16291,4.0,0.0,34.37
5175,16300,16301,2.579,0.368,32.82
5176,16302,16303,1.474,0.263,16.75
5177,16304,16305,9.0,0.0,44.03
5178,16308,16309,1.31,0.222,14.69
5179,16314,16315,1.203,0.163,14.74
5180,16320,16321,7.0,0.0,28.06
5181,16324,16325,4.5,0.5,22.97
5182,16326,16327,7.0,2.0,35.66
5183,16332,16333,5.231,0.526,52.84
5184,16334,16335,3.182,0.164,38.94
5185,16336,16337,4.375,0.268,55.19
5186,16338,16339,7.2,0.844,86.46
5187,16344,16345,7.627,0.89,97.22
5188,16346,16347,3.857,0.412,48.84
5189,16348,16349,5.607,0.637,73.59
5190,16350,16351,2.083,0.077,18.54
5191,16352,16353,7.0,0.0,33.76
5192,16368,16369,15.5,0.5,179.65
5193,16376,16377,109.0,0.0,544.82
5194,16378,16379,59.323,206.026,292.08
5195,16380,16381,20.0,0.0,109.12
5196,16382,16383,1.048,0.048,6.03
5197,16384,16385,12.065,3.262,90.77
5198,16388,16389,25.643,32.093,205.98
5199,16390,16391,57.25,30.25,431.5
5200,16394,16395,10.536,13.859,144.89
5201,16396,16397,3.25,0.5,16.02
5202,16398,16399,11.667,0.333,57.51
5203,16400,16401,15.667,374.333,23.1
5204,16410,16411,5.0,0.0,0.86
5205,16414,16415,11.0,0.0,47.72
5206,16418,16419,11.556,620.85,23.1
5207,16422,16423,10.0,0.0,42.89
5208,16424,16425,12.0,0.0,60.93
5209,16428,16429,1.5,0.5,7.04
5210,16432,16433,29.4,1402.829,35.76
5211,16436,16437,1.5,0.548,16.85
5212,16440,16441,1.067,0.067,14.57
5213,16442,16443,4.917,0.083,50.51
5214,16446,16447,9.714,0.571,71.22
5215,16454,16455,21.75,4.917,151.63
5216,16460,16461,3.0,0.0,15.2
5217,16466,16467,3.2,0.2,16.55
5218,16468,16469,2.0,0.0,9.85
5219,16480,16481,4.0,2.0,18.23
5220,16492,16493,14.0,1.0,67.53
5221,16494,16495,2.2,0.2,9.72
5222,16500,16501,3.657,0.294,43.37
5223,16502,16503,3.0,0.0,14.49
5224,16504,16505,3.0,0.0,1.27
5225,16510,16511,29.489,330.299,75.72
5226,16512,16513,6.458,0.694,80.24
5227,16514,16515,1.667,0.232,20.73
5228,16516,16517,1.708,0.476,18.22
5229,16518,16519,6.688,0.896,85.61
5230,16520,16521,4.882,0.485,47.28
5231,16522,16523,25.864,1064.888,145.02
5232,16524,16525,8.142,603.641,19.96
5233,16528,16529,4.375,1.411,18.89
5234,16530,16531,4.5,0.5,20.07
5235,16532,16533,7.714,59.451,18.68
5236,16534,16535,14.333,6.471,72.64
5237,16536,16537,1.667,0.333,7.81
5238,16544,16545,17.286,3.741,260.19
5239,16546,16547,8.0,0.0,51.99
5240,16550,16551,9.0,0.0,41.79
5241,16552,16553,8.6,0.3,41.81
5242,16554,16555,8.0,0.0,37.6
5243,16560,16561,10.3,2.3,179.12
5244,16566,16567,8.046,3.634,65.64
5245,16568,16569,35.444,18.528,157.95
5246,16570,16571,2.0,0.0,11.17
5247,16582,16583,20.833,5.767,101.89
5248,16584,16585,3.792,29.998,11.21
5249,16586,16587,2.125,0.125,9.98
5250,16588,16589,8.5,0.5,42.15
5251,16590,16591,5.182,36.964,11.21
5252,16592,16593,1.5,0.5,9.98
5253,16596,16597,13.0,0.0,72.57
5254,16600,16601,55.0,118.667,254.31
5255,16602,16603,23.0,2.0,119.71
5256,16606,16607,18.0,0.0,86.53
5257,16610,16611,7.0,0.0,30.51
5258,16614,16615,8.0,0.0,39.02
5259,16616,16617,12.333,0.333,63.88
5260,16624,16625,3.955,0.044,37.72
5261,16626,16627,16.833,7.242,79.84
5262,16632,16633,1.5,0.5,6.84
5263,16638,16639,19.0,0.0,102.89
5264,16640,16641,8.0,0.0,47.43
5265,16646,16647,34.5,24.5,136.25
5266,16648,16649,38.333,4.333,200.33
5267,16650,16651,78.125,9326.125,25.27
5268,16654,16655,5.75,0.563,69.78
5269,16656,16657,1.015,0.015,9.82
5270,16658,16659,16.889,4.875,253.03
5271,16660,16661,31.622,7.866,482.97
5272,16662,16663,13.333,456.333,4.47
5273,16664,16665,4.0,27.0,4.57
5274,16668,16669,8.0,36.0,23.5
5275,16670,16671,15.375,3.983,110.66
5276,16672,16673,5.571,0.619,39.78
5277,16674,16675,1.5,0.5,7.24
5278,16678,16679,5.857,5.929,28.02
5279,16680,16681,19.429,8.725,140.71
5280,16682,16683,23.167,11.788,166.63
5281,16684,16685,1.429,1.286,0.2
5282,16686,16687,4.829,0.323,35.27
5283,16688,16689,11.568,1.419,85.46
5284,16690,16691,1.567,0.25,11.76
5285,16692,16693,4.355,0.495,32.09
5286,16694,16695,1.323,0.222,10.02
5287,16696,16697,12.797,1.51,158.93
5288,16698,16699,4.932,0.478,61.05
5289,16700,16701,2.073,0.217,27.95
5290,16702,16703,3.382,0.277,45.13
5291,16704,16705,1.037,0.036,13.67
5292,16706,16707,3.333,0.226,44.58
5293,16708,16709,17.333,0.333,79.19
5294,16710,16711,6.667,0.333,33.37
5295,16714,16715,11.0,0.0,61.54
5296,16718,16719,15.0,0.0,89.84
5297,16724,16725,59.0,0.0,248.19
5298,16728,16729,18.0,0.0,90.82
5299,16730,16731,15.125,2.383,200.08
5300,16732,16733,5.0,0.435,61.82
5301,16734,16735,4.583,0.341,59.51
5302,16736,16737,7.5,0.5,76.17
5303,16738,16739,8.472,0.828,106.74
5304,16744,16745,22.0,0.0,95.03
5305,16746,16747,24.465,199.224,95.66
5306,16750,16751,1.051,0.084,11.26
5307,16752,16753,2.0,0.242,22.72
5308,16754,16755,1.143,0.126,14.84
5309,16774,16775,1.047,0.045,8.03
5310,16776,16777,8.373,0.996,104.75
5311,16778,16779,4.169,0.35,51.66
5312,16780,16781,6.0,0.0,30.83
5313,16786,16787,20.0,0.0,99.81
5314,16790,16791,34.0,0.0,142.91
5315,16808,16809,12.261,50.565,21.56
5316,16810,16811,2.455,0.273,10.89
5317,16814,16815,2.259,1.064,9.54
5318,16816,16817,18.0,0.0,103.32
5319,16818,16819,23.375,3.696,111.66
5320,16820,16821,4.286,0.238,20.69
5321,16826,16827,4.0,0.0,15.85
5322,16828,16829,26.5,4.5,127.88
5323,16830,16831,6.4,0.3,31.76
5324,16832,16833,7.0,0.0,32.96
5325,16834,16835,2.75,0.25,14.07
5326,16836,16837,10.6,0.8,76.75
5327,16838,16839,9.0,0.5,66.82
5328,16840,16841,5.6,0.8,41.7
5329,16842,16843,3.037,0.345,20.58
5330,16844,16845,1.929,0.069,14.04
5331,16852,16853,20.333,64.333,210.75
5332,16854,16855,3.333,0.333,26.91
5333,16862,16863,6.0,0.667,26.28
5334,16864,16865,35.75,24.917,152.42
5335,16866,16867,2.875,0.125,14.55
5336,16868,16869,12.8,8.7,61.36
5337,16874,16875,10.5,0.5,53.02
5338,16878,16879,3.0,0.0,15.44
5339,16882,16883,3.0,0.0,16.19
5340,16890,16891,1.24,0.273,4.93
5341,16894,16895,2.0,0.0,1.92
5342,16898,16899,3.5,12.5,4.13
5343,16900,16901,1.335,1.195,14.08
5344,16904,16905,2.514,6.312,18.04
5345,16906,16907,22.5,0.5,108.94
5346,16908,16909,18.333,1.333,89.26
5347,16910,16911,4.5,0.5,21.97
5348,16914,16915,2.5,0.5,10.35
5349,16916,16917,3.333,0.333,15.7
5350,16918,16919,12.5,12.5,62.47
5351,16926,16927,14.232,63.174,80.26
5352,16930,16931,5.375,1.696,23.31
5353,16932,16933,5.0,0.0,23.63
5354,16934,16935,9.4,0.3,41.87
5355,16938,16939,25.5,2267.5,0.2
5356,16942,16943,4.5,0.5,25.03
5357,16944,16945,1.878,0.12,20.62
5358,16948,16949,8.5,1.0,59.59
5359,16950,16951,36.5,12.5,178.62
5360,16952,16953,4.627,0.518,58.29
5361,16954,16955,1.608,0.283,20.49
5362,16956,16957,4.304,0.397,54.7
5363,16958,16959,4.267,0.504,51.59
5364,16960,16961,2.815,0.247,33.88
5365,16962,16963,4.348,1.237,31.35
5366,16964,16965,4.083,0.265,42.8
5367,16966,16967,46.429,3474.619,38.71
5368,16970,16971,2.5,0.5,12.77
5369,16972,16973,15.513,2218.52,6.71
5370,16974,16975,82.0,351.333,468.6
5371,16976,16977,34.111,7.861,172.12
5372,16978,16979,76.0,61.333,398.1
5373,16980,16981,5.591,0.634,25.96
5374,16982,16983,24.0,0.0,121.98
5375,16986,16987,1.985,0.203,19.52
5376,16988,16989,6.705,604.478,5.34
5377,16990,16991,34.094,2462.301,18.27
5378,16992,16993,5.833,0.167,43.61
5379,16994,16995,4.25,0.25,33.01
5380,16996,16997,2.0,0.0,14.96
5381,16998,16999,12.0,30.0,117.23
5382,17002,17003,6.8,0.905,78.13
5383,17004,17005,5.071,0.225,56.06
5384,17006,17007,7.0,0.0,49.13
5385,17008,17009,5.5,0.5,41.73
5386,17010,17011,15.889,0.861,124.78
5387,17012,17013,2.182,0.164,17.49
5388,17014,17015,12.042,1.172,90.54
5389,17016,17017,1.273,0.208,10.37
5390,17020,17021,2.75,0.205,29.2
5391,17022,17023,2.667,0.242,33.16
5392,17024,17025,6.273,0.418,79.27
5393,17028,17029,6.4,0.686,81.22
5394,17030,17031,2.583,0.341,28.14
5395,17034,17035,2.679,0.374,36.5
5396,17036,17037,3.179,0.256,29.42
5397,17038,17039,24.452,6365.914,78.59
5398,17040,17041,41.636,11892.633,73.55
5399,17042,17043,34.126,12469.389,100.12
5400,17048,17049,4.4,0.267,30.98
5401,17050,17051,7.4,1.378,55.44
5402,17052,17053,9.455,90.473,25.1
5403,17054,17055,3.5,0.333,27.52
5404,17062,17063,4.0,0.0,29.53
5405,17064,17065,1.617,0.264,19.11
5406,17066,17067,1.25,0.19,16.64
5407,17068,17069,2.123,0.16,25.92
5408,17086,17087,6.0,0.0,26.68
5409,17106,17107,14.0,0.0,68.37
5410,17108,17109,18.0,0.0,80.61
5411,17126,17127,20.347,4.72,530.03
5412,17132,17133,2.0,0.0,9.42
5413,17134,17135,6.258,0.483,96.28
5414,17138,17139,57.5,4.5,272.55
5415,17142,17143,1.333,0.333,5.88
5416,17152,17153,4.818,0.156,51.08
5417,17154,17155,5.0,0.0,62.73
5418,17156,17157,2.333,0.333,16.0
5419,17160,17161,2.5,0.5,18.62
5420,17162,17163,2.0,0.0,16.71
5421,17164,17165,2.0,0.0,23.85
5422,17166,17167,2.667,0.25,21.08
5423,17168,17169,11.667,3.067,57.45
5424,17170,17171,84.0,9807.333,26.38
5425,17172,17173,28.0,0.0,151.43
5426,17174,17175,3.0,0.0,14.06
5427,17180,17181,273.75,109172.917,21.81
5428,17184,17185,4.0,0.0,23.61
5429,17186,17187,2.966,36.585,12.78
5430,17188,17189,19.242,387.765,16.26
5431,17190,17191,1.786,6.807,13.6
5432,17192,17193,2.083,0.341,24.87
5433,17194,17195,74.417,6526.035,39.24
5434,17196,17197,31.773,4274.691,129.49
5435,17198,17199,3.548,0.254,37.34
5436,17200,17201,1.31,0.215,18.83
5437,17202,17203,22.5,142.333,79.74
5438,17210,17211,6.153,9.304,36.35
5439,17212,17213,4.439,1.552,26.44
5440,17214,17215,12.0,2.0,86.88
5441,17216,17217,22.0,2.0,169.07
5442,17218,17219,6.5,0.5,32.23
5443,17220,17221,2.2,0.178,13.37
5444,17222,17223,3.667,0.333,18.55
5445,17224,17225,8.667,0.333,41.27
5446,17228,17229,48.0,0.0,112.39
5447,17232,17233,11.461,883.204,40.36
5448,17234,17235,21.981,728.522,35.77
5449,17236,17237,10.143,279.143,23.82
5450,17238,17239,12.53,305.089,38.86
5451,17240,17241,4.361,113.649,17.73
5452,17242,17243,9.091,156.38,55.9
5453,17244,17245,3.108,32.817,22.81
5454,17246,17247,23.0,817.0,31.56
5455,17250,17251,1.107,0.096,13.51
5456,17256,17257,6.165,0.73,45.67
5457,17258,17259,2.333,0.333,10.23
5458,17262,17263,19.769,3.859,98.3
5459,17264,17265,2.845,0.264,42.06
5460,17266,17267,1.768,0.2,22.76
5461,17268,17269,2.069,0.144,31.38
5462,17270,17271,10.574,66.582,78.76
5463,17272,17273,5.005,54.482,13.76
5464,17276,17277,1.833,0.167,11.42
5465,17278,17279,2.0,0.0,10.42
5466,17286,17287,27.043,8070.955,30.77
5467,17288,17289,22.423,4323.533,34.27
5468,17290,17291,10.744,2244.111,17.26
5469,17292,17293,187.035,38480.13,75.43
5470,17296,17297,20.0,0.0,101.8
5471,17298,17299,86.4,75.8,423.91
5472,17300,17301,110.077,69.244,558.75
5473,17302,17303,69.75,96.214,311.35
5474,17304,17305,4.5,0.5,18.68
5475,17310,17311,49.976,5522.474,34.46
5476,17312,17313,18.19,1823.42,19.54
5477,17316,17317,6.0,759.207,10.96
5478,17318,17319,85.282,21151.682,43.89
5479,17320,17321,19.2,4.7,235.59
5480,17322,17323,7.5,0.333,81.96
5481,17324,17325,2.25,0.25,11.35
5482,17328,17329,7.0,0.0,35.3
5483,17336,17337,4.0,0.0,30.61
5484,17338,17339,23.0,0.0,171.15
5485,17342,17343,2.5,0.5,13.82
5486,17344,17345,31.056,1191.54,11.67
5487,17346,17347,1.5,0.5,5.87
5488,17354,17355,14.222,2.444,70.9
5489,17356,17357,7.0,0.0,54.97
5490,17358,17359,68.25,6926.25,37.81
5491,17360,17361,11.0,1.844,80.01
5492,17364,17365,33.4,2237.3,56.47
5493,17370,17371,17.6,895.8,6.37
5494,17372,17373,12.667,4.333,56.71
5495,17374,17375,12.0,4.0,55.69
5496,17376,17377,14.333,6.333,63.31
5497,17380,17381,10.188,1.496,47.22
5498,17382,17383,4.0,0.0,30.54
5499,17384,17385,3.0,0.0,21.89
5500,17392,17393,8.0,1.0,34.51
5501,17394,17395,64.333,8694.333,56.35
5502,17396,17397,22.0,0.0,96.52
5503,17406,17407,17.0,0.0,89.77
5504,17410,17411,6.667,0.333,32.66
5505,17412,17413,14.667,1.333,72.38
5506,17420,17421,15.5,264.5,20.68
5507,17426,17427,13.5,4.5,64.7
5508,17428,17429,29.0,0.0,101.92
5509,17438,17439,17.0,2.0,80.77
5510,17442,17443,8.0,0.0,42.99
5511,17444,17445,28.0,7.0,140.01
5512,17446,17447,1.2,0.2,6.92
5513,17448,17449,4.0,0.0,18.33
5514,17450,17451,19.2,15.7,83.93
5515,17462,17463,4.0,0.0,20.32
5516,17464,17465,3.0,0.0,15.86
5517,17466,17467,6.0,0.0,35.08
5518,17468,17469,3.0,0.0,12.74
5519,17470,17471,9.375,0.839,43.47
5520,17476,17477,4.0,0.0,23.35
5521,17478,17479,7.75,0.25,56.89
5522,17480,17481,6.333,0.333,51.3
5523,17482,17483,13.0,13.0,30.1
5524,17484,17485,8.0,0.0,41.42
5525,17488,17489,8.0,0.0,44.47
5526,17490,17491,10.0,0.0,39.49
5527,17492,17493,17.0,0.0,81.8
5528,17494,17495,11.0,1.0,48.78
5529,17502,17503,12.0,0.0,51.78
5530,17506,17507,5.75,0.25,28.58
5531,17508,17509,4.0,0.0,19.42
5532,17510,17511,2.0,0.0,10.62
5533,17512,17513,4.0,0.0,14.5
5534,17516,17517,2.0,0.0,13.71
5535,17518,17519,1.2,0.2,6.52
5536,17524,17525,4.0,0.0,0.2
5537,17526,17527,1.5,0.5,1.13
5538,17528,17529,29.333,44.333,129.57
5539,17532,17533,8.167,0.167,44.58
5540,17536,17537,8.5,12.857,31.59
5541,17540,17541,17.667,4.333,81.77
5542,17556,17557,5.778,0.536,28.38
5543,17564,17565,8.2,0.7,38.17
5544,17566,17567,6.333,0.333,31.9
5545,17568,17569,3.4,0.3,17.33
5546,17570,17571,7.8,1.7,41.29
5547,17580,17581,13.0,3.0,60.82
5548,17582,17583,7.0,0.0,38.14
5549,17584,17585,9.0,1.0,39.39
5550,17586,17587,4.0,0.0,16.48
5551,17596,17597,3.5,0.5,22.27
5552,17604,17605,3.429,17.952,9.58
5553,17620,17621,2.0,0.0,5.17
5554,17622,17623,15.0,18.0,55.01
5555,17624,17625,1.333,0.333,6.09
5556,17630,17631,7.0,3.0,27.23
5557,17632,17633,11.0,0.0,54.51
5558,17640,17641,7.0,0.0,27.19
5559,17642,17643,2.0,0.0,7.42
5560,17644,17645,15.0,0.0,66.17
5561,17652,17653,6.0,0.0,28.25
5562,17666,17667,17.0,0.0,86.9
5563,17676,17677,4.0,0.0,21.0
5564,17680,17681,4.0,0.0,15.25
5565,17682,17683,11.714,0.571,55.84
5566,17684,17685,12.0,0.0,53.36
5567,17690,17691,6.0,0.0,25.7
5568,17694,17695,3.0,0.0,14.32
5569,17702,17703,10.0,1.0,47.76
5570,17704,17705,9.0,1.333,43.6
5571,17714,17715,39.0,32.727,192.19
5572,17716,17717,20.042,13.433,101.0
5573,17720,17721,16.0,0.0,68.83
5574,17728,17729,11.0,0.0,58.69
5575,17730,17731,16.0,133.0,51.44
5576,17732,17733,5.333,7.067,18.11
5577,17734,17735,4.375,0.839,21.64
5578,17736,17737,5.0,0.0,19.65
5579,17740,17741,13.5,0.5,66.05
5580,17744,17745,243.0,2.0,2.0
5581,17746,17747,121.0,28800.0,4.69
5582,17750,17751,51.0,0.0,7.84
5583,17752,17753,113.2,27946.2,27.97
5584,17758,17759,25.0,0.0,102.73
5585,17762,17763,8.333,0.333,38.18
5586,17766,17767,8.333,1.333,34.06
5587,17768,17769,7.0,0.0,25.66
5588,17770,17771,12.0,0.0,68.95
5589,17776,17777,9.182,3.364,41.9
5590,17778,17779,1.071,0.071,4.87
5591,17780,17781,18.4,12.8,83.44
5592,17782,17783,6.5,4.5,34.59
5593,17784,17785,10.0,0.0,42.15
5594,17786,17787,11.5,0.333,51.72
5595,17788,17789,18.5,0.5,97.47
5596,17790,17791,8.0,1.667,40.14
5597,17794,17795,24.667,21.333,114.27
5598,17796,17797,28.667,30.333,131.05
5599,17798,17799,2.0,0.0,6.98
5600,17800,17801,21.0,0.0,44.66
5601,17804,17805,7.0,3.0,32.61
5602,17806,17807,4.0,0.0,21.61
5603,17818,17819,7.0,0.5,33.83
5604,17824,17825,23.0,7.0,111.76
5605,17830,17831,12.667,0.333,63.02
5606,17834,17835,2.0,0.0,11.83
5607,17838,17839,2.053,2.275,8.74
5608,17840,17841,22.0,0.0,118.42
5609,17848,17849,10.833,207.242,9.25
5610,17850,17851,31.667,9.333,160.98
5611,17852,17853,19.333,34.333,85.21
5612,17854,17855,46.2,1169.2,21.47
5613,17856,17857,16.333,595.467,26.37
5614,17858,17859,6.667,0.667,31.15
5615,17860,17861,8.2,0.7,38.26
5616,17862,17863,5.333,0.333,22.27
5617,17864,17865,6.6,0.3,30.65
5618,17868,17869,8.0,0.0,55.81
5619,17870,17871,24.983,17.582,465.81
5620,17872,17873,4.126,0.328,81.48
5621,17874,17875,3.831,0.515,62.78
5622,17876,17877,22.667,408.333,57.17
5623,17880,17881,9.0,0.0,40.18
5624,17884,17885,2.763,0.259,57.84
5625,17892,17893,9.5,0.5,43.61
5626,17894,17895,2.0,0.0,7.02
5627,17904,17905,2.833,0.167,12.01
5628,17912,17913,2.0,0.0,10.1
5629,17918,17919,13.6,6.267,60.85
5630,17920,17921,1.7,0.233,8.2
5631,17922,17923,70.812,55.629,345.01
5632,17926,17927,60.353,50.118,283.07
5633,17928,17929,19.25,2.917,99.71
5634,17936,17937,11.0,0.0,54.3
5635,17942,17943,9.0,0.0,43.58
5636,17944,17945,9.0,0.0,40.97
5637,17946,17947,10.0,0.0,46.17
5638,17954,17955,5.0,0.0,24.31
5639,17960,17961,21.0,2.0,93.05
5640,17962,17963,14.5,3.667,30.69
5641,17964,17965,5.0,1.0,12.1
5642,17966,17967,7.0,2.0,15.18
5643,17968,17969,5.75,2.25,12.28
5644,17970,17971,12.333,1.467,61.91
5645,17972,17973,5.5,0.5,14.09
5646,17976,17977,3.5,0.5,7.46
5647,17980,17981,211.0,0.0,111.14
5648,17986,17987,24.333,6.333,113.43
5649,17992,17993,2.0,0.0,8.44
5650,17994,17995,2.5,0.5,11.87
5651,18002,18003,15.5,0.5,70.39
5652,18004,18005,5.5,0.5,29.45
5653,18006,18007,14.0,0.0,73.73
5654,18008,18009,18.372,9281.29,32.97
5655,18010,18011,28.132,6030.742,49.1
5656,18012,18013,6.886,1366.559,15.54
5657,18014,18015,6.14,810.249,35.12
5658,18016,18017,24.655,7928.966,82.55
5659,18018,18019,10.706,2322.618,30.35
5660,18020,18021,21.318,6471.567,53.05
5661,18024,18025,1.038,0.038,6.91
5662,18026,18027,2.168,0.141,21.78
5663,18030,18031,10.5,4.5,51.8
5664,18032,18033,16.821,50.967,105.49
5665,18034,18035,6.943,51.401,10.51
5666,18036,18037,3.396,11.436,26.71
5667,18038,18039,3.667,0.318,28.33
5668,18040,18041,5.111,0.556,37.96
5669,18042,18043,10.457,1.491,77.74
5670,18044,18045,11.298,89.055,30.72
5671,18046,18047,22.2,1108.148,58.51
5672,18048,18049,29.333,2066.54,15.6
5673,18050,18051,67.381,7177.374,65.16
5674,18052,18053,4.333,0.267,30.8
5675,18056,18057,48.0,0.0,36.62
5676,18110,18111,39.0,0.0,108.87
5677,18130,18131,10.333,0.333,52.06
5678,18132,18133,1.2,0.2,4.67
5679,18134,18135,6.0,0.0,30.78
5680,18136,18137,2.0,0.0,12.42
5681,18142,18143,6.5,0.5,32.0
5682,18144,18145,2.0,0.0,12.94
5683,18146,18147,8.0,0.0,37.78
5684,18148,18149,15.161,89.374,94.64
5685,18150,18151,33.089,3298.737,21.48
5686,18160,18161,13.0,7.0,58.63
5687,18162,18163,5.5,0.5,32.96
5688,18166,18167,15.0,0.0,58.11
5689,18176,18177,2.0,0.0,7.55
5690,18182,18183,19.5,0.5,99.96
5691,18184,18185,5.0,0.0,27.43
5692,18192,18193,10.0,0.0,44.79
5693,18198,18199,20.5,0.5,103.05
5694,18200,18201,5.0,0.0,23.76
5695,18202,18203,14.0,0.0,73.41
5696,18208,18209,1.7,0.233,8.44
5697,18210,18211,7.0,0.8,34.49
5698,18212,18213,3.0,0.0,12.95
5699,18214,18215,5.846,10.308,21.04
5700,18216,18217,5.4,0.489,27.71
5701,18218,18219,1.9,6.322,5.74
5702,18220,18221,24.5,0.5,118.89
5703,18222,18223,20.0,0.0,102.92
5704,18226,18227,13.0,0.0,53.49
5705,18232,18233,10.0,0.0,56.68
5706,18236,18237,2.0,0.0,9.28
5707,18238,18239,1.5,0.5,8.67
5708,18242,18243,33.571,7.952,165.5
5709,18244,18245,1.583,0.265,8.45
5710,18246,18247,2.0,0.143,9.28
5711,18258,18259,15.0,2.0,67.33
5712,18262,18263,4.75,0.25,55.2
5713,18264,18265,15.0,3.0,115.53
5714,18266,18267,89.654,7390.989,143.38
5715,18268,18269,22.399,2077.978,61.1
5716,18272,18273,7.0,18.0,19.57
5717,18274,18275,34.4,2728.267,84.34
5718,18276,18277,3.0,0.0,13.12
5719,18278,18279,28.0,0.0,133.31
5720,18282,18283,35.0,0.0,37.06
5721,18290,18291,15.0,3.0,67.91
5722,18292,18293,23.75,2.917,108.4
5723,18294,18295,6.0,0.0,31.56
5724,18322,18323,10.5,0.5,50.45
5725,18326,18327,25.0,0.0,118.67
5726,18328,18329,3.0,8.0,4.29
5727,18358,18359,11.667,3.833,53.79
5728,18360,18361,24.933,21.924,122.85
5729,18362,18363,23.72,23.96,104.08
5730,18368,18369,13.0,0.0,60.49
5731,18370,18371,21.0,0.0,93.79
5732,18378,18379,14.0,0.0,79.68
5733,18386,18387,6.0,0.0,24.06
5734,18392,18393,10.25,1.583,49.16
5735,18410,18411,64.444,356.778,0.85
5736,18412,18413,9.0,0.0,55.91
5737,18436,18437,4.75,0.25,25.59
5738,18442,18443,6.0,0.0,29.04
5739,18450,18451,2.545,0.45,12.27
5740,18452,18453,8.0,0.0,42.51
5741,18460,18461,9.667,0.333,48.11
5742,18462,18463,14.0,0.0,68.61
5743,18466,18467,4.182,0.364,29.87
5744,18468,18469,1.091,0.091,9.48
5745,18470,18471,8.75,0.408,72.17
5746,18472,18473,1.5,0.265,7.11
5747,18474,18475,27.7,7.122,215.98
5748,18478,18479,47.626,2292.282,198.94
5749,18480,18481,28.862,1924.613,164.77
5750,18482,18483,2.519,10.08,26.56
5751,18484,18485,1.067,0.062,13.56
5752,18486,18487,62.764,1387.028,426.06
5753,18488,18489,15.746,2.679,198.95
5754,18492,18493,44.0,2.0,42.69
5755,18500,18501,18.5,0.5,92.53
5756,18502,18503,5.0,0.0,21.32
5757,18504,18505,5.6,0.3,29.53
5758,18506,18507,7.667,58.333,0.2
5759,18508,18509,14.4,541.3,18.04
5760,18516,18517,31.0,0.0,141.27
5761,18518,18519,15.0,0.0,80.19
5762,18520,18521,4.0,0.0,20.3
5763,18522,18523,47.5,6300.286,0.86
5764,18524,18525,88.444,5301.778,17.08
5765,18526,18527,8.0,32.0,18.12
5766,18534,18535,9.0,0.0,42.19
5767,18540,18541,3.0,0.0,20.33
5768,18544,18545,7.444,1.778,34.79
5769,18548,18549,3.0,0.0,1.1
5770,18558,18559,6.0,0.0,34.2
5771,18562,18563,6.0,0.667,32.76
5772,18568,18569,21.0,0.0,93.33
5773,18570,18571,11.0,3.0,48.96
5774,18572,18573,16.0,2.0,84.03
5775,18574,18575,250.0,2.0,40.19
5776,18576,18577,143.5,23980.5,58.16
5777,18578,18579,3.0,0.0,15.36
5778,18580,18581,2.4,0.3,11.74
5779,18582,18583,14.4,29.3,26.36
5780,18588,18589,21.0,0.0,88.01
5781,18594,18595,6.333,9.333,18.19
5782,18596,18597,8.0,0.0,41.46
5783,18606,18607,9.0,1.0,44.03
5784,18612,18613,7.0,2.0,37.07
5785,18620,18621,3.0,0.0,9.72
5786,18626,18627,39.0,0.0,201.42
5787,18628,18629,3.0,0.0,14.95
5788,18632,18633,2.789,2.581,19.9
5789,18634,18635,6.592,0.833,45.44
5790,18636,18637,5.5,0.5,26.85
5791,18640,18641,2.0,0.0,5.92
5792,18656,18657,16.5,7.0,82.36
5793,18664,18665,8.0,0.0,43.62
5794,18672,18673,8.0,0.0,45.51
5795,18674,18675,22.0,8.0,111.06
5796,18676,18677,10.0,0.0,47.62
5797,18684,18685,3.0,1.2,12.37
5798,18686,18687,12.25,0.917,59.62
5799,18688,18689,5.0,1.5,25.24
5800,18692,18693,5.0,0.0,19.07
5801,18694,18695,3.0,0.0,15.7
5802,18696,18697,8.5,0.5,39.51
5803,18698,18699,10.667,0.333,50.22
5804,18700,18701,9.667,0.333,45.24
5805,18704,18705,9.0,0.0,45.08
5806,18710,18711,19.0,0.0,77.98
5807,18716,18717,3.0,0.0,15.52
5808,18718,18719,25.167,313.242,57.73
5809,18720,18721,7.6,2.3,31.94
5810,18722,18723,23.0,288.0,60.38
5811,18724,18725,134.125,6396.411,53.26
5812,18726,18727,175.6,11480.3,39.32
5813,18728,18729,217.0,0.0,32.91
5814,18730,18731,107.333,11294.061,6.74
5815,18732,18733,39.462,8171.436,4.46
5816,18734,18735,56.833,8302.167,71.94
5817,18746,18747,15.667,2.333,112.69
5818,18754,18755,3.167,0.167,19.51
5819,18756,18757,6.25,2.25,49.01
5820,18760,18761,3.667,0.333,29.09
5821,18766,18767,7.0,0.0,27.83
5822,18772,18773,5.0,2.0,24.22
5823,18776,18777,6.5,0.5,29.79
5824,18778,18779,6.333,16.333,18.5
5825,18784,18785,7.0,0.0,34.71
5826,18786,18787,7.0,0.0,33.56
5827,18788,18789,4.0,0.0,28.33
5828,18794,18795,3.0,0.0,18.16
5829,18806,18807,13.5,0.5,66.03
5830,18808,18809,167.6,8411.8,0.26
5831,18812,18813,242.0,0.0,0.51
5832,18814,18815,126.0,28800.0,32.03
5833,18818,18819,2.5,0.5,14.26
5834,18826,18827,13.0,0.0,55.34
5835,18830,18831,9.0,32.0,27.94
5836,18832,18833,9.0,3.333,42.96
5837,18834,18835,8.0,2.0,39.01
5838,18838,18839,7.5,0.5,35.62
5839,18848,18849,9.0,0.0,47.67
5840,18856,18857,8.0,0.667,40.09
5841,18860,18861,25.0,0.0,60.92
5842,18862,18863,249.0,0.0,60.6
5843,18866,18867,125.0,0.0,25.62
5844,18868,18869,8.333,1.333,40.27
5845,18870,18871,9.5,0.5,53.73
5846,18872,18873,13.0,0.0,68.89
5847,18874,18875,10.6,13.3,43.48
5848,18876,18877,119.0,4802.0,17.54
5849,18880,18881,3.5,0.5,15.99
5850,18882,18883,5.0,0.0,21.36
5851,18884,18885,2.0,0.0,10.63
5852,18890,18891,6.75,0.917,36.21
5853,18892,18893,6.5,0.5,30.32
5854,18894,18895,30.6,14.3,143.17
5855,18904,18905,5.0,0.0,21.21
5856,18906,18907,16.0,8.0,80.71
5857,18908,18909,2.0,0.0,11.79
5858,18910,18911,22.0,9.0,104.16
5859,18912,18913,6.0,0.0,24.61
5860,18916,18917,3.0,0.0,17.13
5861,18926,18927,7.0,2.0,35.72
5862,18940,18941,16.429,478.619,37.35
5863,18946,18947,18.0,0.0,70.33
5864,18950,18951,3.0,0.0,15.5
5865,18956,18957,8.5,0.5,40.91
5866,18958,18959,6.0,0.0,26.06
5867,18960,18961,6.0,0.0,25.15
5868,18962,18963,6.0,0.0,24.69
5869,18964,18965,25.333,1008.333,30.38
5870,18968,18969,2.667,1.333,11.0
5871,18970,18971,1.75,0.25,6.75
5872,18972,18973,4.0,0.0,17.85
5873,18974,18975,8.5,0.5,40.63
5874,18976,18977,23.6,675.8,53.8
5875,18980,18981,5.0,0.0,24.93
5876,18982,18983,3.0,0.0,22.06
5877,18986,18987,3.5,0.5,22.26
5878,18988,18989,2.0,0.0,9.92
5879,18996,18997,10.0,0.0,50.11
5880,19000,19001,6.0,0.0,27.77
5881,19002,19003,1.714,0.214,9.65
5882,19006,19007,4.5,0.5,21.61
5883,19010,19011,15.517,1.83,112.3
5884,19012,19013,8.138,0.48,58.07
5885,19014,19015,41.364,7.455,295.98
5886,19016,19017,50.125,46.982,357.43
5887,19018,19019,4.9,0.1,36.08
5888,19020,19021,19.154,4.141,138.94
5889,19022,19023,6.25,0.333,46.58
5890,19024,19025,7.769,0.859,55.76
5891,19026,19027,17.292,4.389,128.7
5892,19028,19029,17.966,3.963,138.4
5893,19030,19031,6.92,0.66,52.07
5894,19032,19033,9.808,1.682,74.89
5895,19034,19035,10.2,1.583,78.71
5896,19038,19039,1.222,0.194,6.43
5897,19040,19041,3.444,0.278,26.79
5898,19042,19043,8.0,1.0,32.86
5899,19044,19045,38.019,2873.377,173.4
5900,19046,19047,19.25,4.023,141.49
5901,19048,19049,1.2,0.178,8.41
5902,19052,19053,48.167,75.767,333.13
5903,19056,19057,4.76,0.357,32.22
5904,19058,19059,4.0,0.0,26.56
5905,19060,19061,8.0,0.0,58.16
5906,19062,19063,40.5,0.5,295.27
5907,19082,19083,2.0,0.0,10.95
5908,19090,19091,10.0,0.0,76.12
5909,19094,19095,2.0,0.0,0.2
5910,19096,19097,2.769,4.859,8.0
5911,19100,19101,4.0,0.0,26.26
5912,19104,19105,18.8,614.2,33.19
5913,19106,19107,7.0,1.0,36.87
5914,19108,19109,5.429,0.286,26.08
5915,19118,19119,5.429,1.286,26.59
5916,19140,19141,101.19,17329.002,48.73
5917,19142,19143,12.61,1760.29,10.35
5918,19144,19145,14.653,2382.527,6.73
5919,19146,19147,4.5,4.5,16.43
5920,19154,19155,25.333,450.25,72.86
5921,19158,19159,12.3,0.9,58.46
5922,19166,19167,2.239,0.201,27.57
5923,19168,19169,4.938,0.523,60.66
5924,19170,19171,2.239,0.219,28.13
5925,19172,19173,16.658,5.714,208.02
5926,19174,19175,1.03,0.03,12.13
5927,19176,19177,22.155,2146.21,38.23
5928,19178,19179,18.664,2055.099,25.22
5929,19184,19185,7.571,6.286,10.27
5930,19186,19187,1.333,0.333,6.1
5931,19188,19189,23.875,343.268,18.6
5932,19194,19195,4.25,1.295,29.5
5933,19196,19197,3.2,0.2,18.52
5934,19198,19199,9.7,0.456,75.17
5935,19200,19201,4.0,0.0,27.58
5936,19202,19203,2.0,0.0,9.28
5937,19204,19205,7.0,0.0,32.0
5938,19206,19207,1.5,0.5,7.28
5939,19210,19211,5.0,0.0,23.04
5940,19212,19213,17.515,4.104,128.21
5941,19214,19215,12.8,0.7,99.58
5942,19216,19217,25.167,13.767,121.36
5943,19218,19219,1.8,0.2,9.28
5944,19220,19221,4.0,0.0,21.33
5945,19222,19223,21.0,0.0,80.31
5946,19224,19225,5.0,0.0,21.36
5947,19226,19227,16.0,0.0,80.49
5948,19228,19229,8.0,0.0,37.39
5949,19230,19231,10.533,1263.267,6.22
5950,19232,19233,7.0,1.0,34.14
5951,19234,19235,5.75,0.917,26.89
5952,19238,19239,8.667,2.333,42.22
5953,19240,19241,4.0,0.0,21.28
5954,19242,19243,18.0,0.0,80.37
5955,19244,19245,5.333,0.333,26.89
5956,19254,19255,4.0,0.0,21.34
5957,19256,19257,15.0,2.0,80.22
5958,19258,19259,8.0,0.0,43.91
5959,19262,19263,2.0,0.0,5.97
5960,19264,19265,3.0,0.0,11.39
5961,19266,19267,8.5,0.5,44.11
5962,19268,19269,27.094,2486.126,80.48
5963,19270,19271,4.981,0.519,36.63
5964,19272,19273,10.107,1.625,72.44
5965,19278,19279,14.333,5.333,71.39
5966,19282,19283,13.0,0.0,59.71
5967,19284,19285,10.797,135.684,43.29
5968,19286,19287,4.028,43.004,36.31
5969,19288,19289,3.0,0.0,14.96
5970,19290,19291,23.0,0.0,121.05
5971,19292,19293,4.0,0.0,18.41
5972,19296,19297,6.0,0.0,28.79
5973,19298,19299,2.833,0.567,14.32
5974,19300,19301,16.0,0.0,69.88
5975,19302,19303,6.0,0.0,29.81
5976,19304,19305,29.667,12.333,155.94
5977,19306,19307,8.947,5.403,159.56
5978,19310,19311,5.0,0.0,26.35
5979,19312,19313,19.2,427.7,6.38
5980,19330,19331,42.2,3034.622,5.47
5981,19332,19333,4.0,0.0,19.71
5982,19334,19335,44.889,7322.861,7.14
5983,19344,19345,6.138,0.559,75.33
5984,19358,19359,8.0,0.0,44.43
5985,19360,19361,15.0,18.0,57.72
5986,19402,19403,11.8,2.7,85.86
5987,19404,19405,11.0,0.0,77.92
5988,19406,19407,3.286,0.238,24.75
5989,19408,19409,12.444,2.528,91.38
5990,19416,19417,2.4,0.8,10.37
5991,19418,19419,3.333,0.333,25.74
5992,19420,19421,3.5,0.5,24.48
5993,19422,19423,3.5,0.333,23.92
5994,19424,19425,3.6,0.267,24.38
5995,19426,19427,3.0,0.0,15.07
5996,19428,19429,3.0,0.0,10.35
5997,19430,19431,2.0,0.0,9.24
5998,19432,19433,24.0,0.0,93.09
5999,19436,19437,8.5,0.5,59.24
6000,19438,19439,18.775,728.757,21.19
6001,19440,19441,1.028,0.028,9.2
6002,19442,19443,2.066,0.073,12.54
6003,19444,19445,1.443,0.327,3.31
6004,19446,19447,8.267,6.956,84.01
6005,19448,19449,26.498,860.321,76.63
6006,19450,19451,5.93,82.136,44.14
6007,19452,19453,5.67,8.804,65.91
6008,19454,19455,12.133,3.338,151.69
6009,19456,19457,4.293,0.442,54.76
6010,19458,19459,5.082,1.208,64.1
6011,19460,19461,18.587,425.063,114.97
6012,19464,19465,41.0,2.0,187.77
6013,19472,19473,2.0,0.0,7.24
6014,19474,19475,22.0,0.0,105.18
6015,19478,19479,38.0,72.0,183.2
6016,19480,19481,35.0,0.0,178.17
6017,19482,19483,22.5,0.5,112.57
6018,19484,19485,3.333,0.333,18.36
6019,19490,19491,3.824,0.404,18.77
6020,19494,19495,21.571,9.952,96.01
6021,19496,19497,2.0,0.0,10.01
6022,19498,19499,1.25,0.214,5.29
6023,19500,19501,12.5,12.5,48.95
6024,19508,19509,25.333,8.333,115.82
6025,19514,19515,15.25,5.583,76.46
6026,19526,19527,7.0,0.0,28.73
6027,19528,19529,4.952,0.448,42.07
6028,19530,19531,9.957,1.134,103.64
6029,19532,19533,1.833,0.167,13.51
6030,19536,19537,2.0,0.0,19.29
6031,19538,19539,7.286,0.238,88.99
6032,19540,19541,4.444,0.278,37.88
6033,19542,19543,3.25,0.214,20.17
6034,19544,19545,10.0,1.5,115.86
6035,19548,19549,4.0,0.0,50.06
6036,19554,19555,117.545,27007.633,158.12
6037,19556,19557,16.385,2753.791,12.2
6038,19558,19559,2.0,2.0,4.03
6039,19560,19561,1.796,8.18,6.47
6040,19562,19563,18.0,0.0,171.54
6041,19564,19565,1.292,1.52,4.84
6042,19568,19569,190.889,33987.361,98.48
6043,19570,19571,31.75,991.357,23.05
6044,19572,19573,5.745,74.474,12.31
6045,19580,19581,52.8,11785.7,25.62
6046,19586,19587,6.0,0.0,20.95
6047,19588,19589,10.0,0.0,69.88
6048,19590,19591,27.0,0.0,126.17
6049,19592,19593,47.819,10485.179,50.99
6050,19594,19595,129.136,58923.202,100.8
6051,19602,19603,6.0,0.0,28.48
6052,19610,19611,2.0,0.0,8.85
6053,19612,19613,9.0,0.667,41.75
6054,19614,19615,1.667,0.333,9.08
6055,19616,19617,7.5,0.5,41.93
6056,19618,19619,6.0,1.538,44.67
6057,19620,19621,3.846,3.141,18.89
6058,19622,19623,33.0,2.0,155.24
6059,19624,19625,8.894,492.057,13.44
6060,19632,19633,22.0,0.0,100.74
6061,19634,19635,3.0,0.0,11.5
6062,19644,19645,18.0,0.0,100.72
6063,19666,19667,94.667,90.333,178.34
6064,19668,19669,1.2,0.178,0.2
6065,19670,19671,197.969,19020.741,44.28
6066,19672,19673,6.407,143.351,30.42
6067,19674,19675,60.875,6002.783,1.95
6068,19676,19677,143.026,65261.69,27.95
6069,19678,19679,99.683,35846.251,42.83
6070,19680,19681,24.701,1319.272,19.04
6071,19682,19683,40.543,1913.234,17.26
6072,19684,19685,161.894,42891.912,26.62
6073,19686,19687,2.543,41.986,16.67
6074,19688,19689,31.766,1746.575,19.51
6075,19690,19691,8.606,331.951,23.15
6076,19692,19693,42.917,755.196,27.57
6077,19694,19695,5.487,0.806,79.73
6078,19696,19697,2.465,0.304,26.15
6079,19698,19699,9.0,0.8,69.21
6080,19702,19703,1.125,0.11,22.63
6081,19706,19707,6.56,390.547,12.14
6082,19708,19709,44.175,3032.373,25.21
6083,19710,19711,5.714,68.265,30.57
6084,19712,19713,5.047,0.458,63.91
6085,19714,19715,2.024,0.215,25.72
6086,19716,19717,10.783,67.498,38.61
6087,19718,19719,4.018,1.279,40.41
6088,19722,19723,2.363,1.513,18.44
6089,19724,19725,3.011,0.011,20.79
6090,19726,19727,5.162,14.08,60.16
6091,19728,19729,3.542,45.587,33.26
6092,19730,19731,9.1,233.465,54.68
6093,19732,19733,14.0,18.0,59.47
6094,19734,19735,40.0,67.0,190.33
6095,19742,19743,8.0,0.0,36.62
6096,19744,19745,9.556,1.278,115.3
6097,19748,19749,2.7,0.233,28.86
6098,19752,19753,3.222,0.694,15.04
6099,19758,19759,5.043,0.407,82.23
6100,19760,19761,13.276,2.087,247.46
6101,19764,19765,14.333,2.75,29.76
6102,19766,19767,5.5,0.5,38.26
6103,19768,19769,21.0,1.6,49.76
6104,19772,19773,10.0,2.0,52.02
6105,19776,19777,8.0,0.0,90.82
6106,19778,19779,10.0,18.0,85.57
6107,19780,19781,9.469,1.225,71.65
6108,19782,19783,1.5,0.5,3.87
6109,19784,19785,17.778,606.194,18.9
6110,19786,19787,69.269,4367.725,19.17
6111,19788,19789,20.0,0.0,101.6
6112,19790,19791,14.667,0.333,71.74
6113,19792,19793,30.0,0.0,160.48
6114,19796,19797,1.086,0.081,7.88
6115,19798,19799,5.083,0.536,38.68
6116,19800,19801,1.5,0.258,9.87
6117,19802,19803,5.4,0.3,42.78
6118,19804,19805,10.857,5.143,80.34
6119,19806,19807,1.5,0.333,8.06
6120,19808,19809,48.799,28.947,2525.79
6121,19812,19813,7.975,0.943,159.67
6122,19814,19815,1.009,0.009,8.29
6123,19816,19817,10.548,1.723,77.67
6124,19818,19819,7.796,4.315,70.9
6125,19820,19821,6.5,0.5,47.37
6126,19822,19823,12.272,1027.079,56.26
6127,19824,19825,31.333,19.697,149.88
6128,19826,19827,109.25,31864.917,154.44
6129,19828,19829,6.864,89.361,17.09
6130,19830,19831,35.5,84.5,77.79
6131,19838,19839,20.0,0.0,96.22
6132,19840,19841,6.415,0.822,81.35
6133,19842,19843,9.063,1.417,112.77
6134,19844,19845,2.46,0.268,31.1
6135,19854,19855,5.6,0.829,38.09
6136,19856,19857,19.667,0.333,95.24
6137,19858,19859,4.059,0.559,18.71
6138,19860,19861,1.083,0.083,6.4
6139,19876,19877,5.0,0.0,23.09
6140,19878,19879,4.0,0.0,21.65
6141,19880,19881,11.0,2.0,61.83
6142,19882,19883,2.5,0.5,11.68
6143,19886,19887,6.0,2.0,31.64
6144,19888,19889,2.122,0.26,25.41
6145,19890,19891,2.277,0.227,28.37
6146,19892,19893,4.952,0.51,57.21
6147,19894,19895,4.518,0.277,57.16
6148,19896,19897,2.157,0.158,27.69
6149,19902,19903,8.5,109.5,4.3
6150,19904,19905,14.0,0.0,25.01
6151,19906,19907,10.0,2.0,26.52
6152,19908,19909,12.0,8.0,27.63
6153,19912,19913,19.0,0.0,37.4
6154,19916,19917,12.0,0.0,19.73
6155,19918,19919,15.333,8.333,35.59
6156,19924,19925,3.5,0.5,21.26
6157,19926,19927,14.667,0.333,108.36
6158,19928,19929,4.0,0.0,26.25
6159,19930,19931,9.2,1.2,68.01
6160,19936,19937,1.667,0.333,11.25
6161,19938,19939,15.0,3.0,103.62
6162,19948,19949,2.0,0.0,10.44
6163,19950,19951,7.0,1.0,48.41
6164,19952,19953,23.5,12.5,119.35
6165,19958,19959,7.0,0.0,55.7
6166,19960,19961,14.0,0.0,106.16
6167,19970,19971,8.721,186.296,32.14
6168,19972,19973,42.074,639.752,132.77
6169,19974,19975,3.896,100.505,4.02
6170,19976,19977,19.558,2346.487,2.04
6171,19984,19985,45.0,0.0,82.16
6172,19986,19987,1.2,0.2,8.82
6173,19988,19989,5.167,0.967,35.57
6174,19994,19995,1.333,0.333,9.63
6175,19996,19997,9.0,0.0,48.05
6176,20002,20003,1.7,0.233,23.67
6177,20010,20011,12.4,2.3,57.72
6178,20020,20021,2.75,0.25,13.05
6179,20022,20023,3.0,0.0,15.08
6180,20026,20027,3.0,0.0,12.97
6181,20030,20031,2.5,0.5,12.42
6182,20034,20035,36.0,0.0,163.5
6183,20040,20041,2.0,0.0,12.15
6184,20042,20043,17.0,0.0,88.63
6185,20044,20045,13.0,2.0,170.52
6186,20046,20047,21.727,5.218,281.51
6187,20048,20049,31.8,12.844,416.58
6188,20050,20051,14.444,2.278,182.01
6189,20052,20053,11.333,17.333,116.33
6190,20054,20055,5.0,0.0,23.27
6191,20058,20059,63.5,0.5,298.66
6192,20060,20061,30.0,63.0,126.38
6193,20062,20063,5.0,0.0,20.5
6194,20064,20065,5.5,4.5,18.85
6195,20066,20067,20.0,0.0,98.07
6196,20070,20071,18.0,2.0,88.27
6197,20074,20075,9.5,1.182,125.76
6198,20096,20097,1.143,0.143,8.38
6199,20104,20105,22.0,0.0,107.59
6200,20108,20109,5.0,0.0,24.45
6201,20110,20111,99.333,424.333,461.21
6202,20112,20113,25.0,13.0,115.19
6203,20114,20115,24.6,6.8,111.76
6204,20118,20119,156.0,0.0,758.58
6205,20120,20121,54.375,46.268,270.56
6206,20124,20125,3.2,0.2,17.51
6207,20126,20127,67.333,37.333,330.83
6208,20130,20131,5.0,0.0,24.38
6209,20138,20139,4.231,1.329,53.98
6210,20140,20141,2.555,0.249,49.53
6211,20142,20143,6.325,0.574,130.41
6212,20144,20145,1.36,0.445,21.23
6213,20146,20147,5.03,0.949,60.86
6214,20150,20151,1.444,1.778,0.2
6215,20152,20153,232.556,762.261,1086.88
6216,20156,20157,1.04,0.048,9.91
6217,20158,20159,4.0,0.0,14.0
6218,20168,20169,34.0,0.0,150.9
6219,20174,20175,18.667,1.467,91.22
6220,20176,20177,2.375,1.125,9.77
6221,20182,20183,11.0,0.0,49.32
6222,20184,20185,20.0,2.0,100.97
6223,20186,20187,17.0,0.0,100.58
6224,20188,20189,45.0,0.0,263.72
6225,20194,20195,4.333,0.333,19.91
6226,20196,20197,26.0,0.0,128.82
6227,20198,20199,5.0,0.0,61.67
6228,20204,20205,26.0,0.0,144.7
6229,20206,20207,29.8,0.7,146.71
6230,20210,20211,18.0,0.0,91.05
6231,20212,20213,4.0,0.0,22.08
6232,20218,20219,7.714,1.571,36.43
6233,20224,20225,4.0,0.0,29.15
6234,20226,20227,5.2,0.2,40.12
6235,20228,20229,13.923,1.91,105.02
6236,20230,20231,19.167,3.947,91.57
6237,20236,20237,10.0,2.0,48.15
6238,20244,20245,5.0,0.0,37.82
6239,20246,20247,4.154,0.308,18.81
6240,20248,20249,9.6,100.3,0.2
6241,20250,20251,8.0,0.0,56.97
6242,20252,20253,3.0,0.0,21.48
6243,20254,20255,30.838,3166.072,17.4
6244,20256,20257,49.857,4610.411,23.49
6245,20258,20259,49.645,7092.375,55.55
6246,20260,20261,119.97,13957.033,78.23
6247,20262,20263,7.669,0.696,159.73
6248,20264,20265,1.624,0.249,33.56
6249,20266,20267,1.17,0.144,14.04
6250,20268,20269,3.434,0.327,43.68
6251,20270,20271,103.5,684.5,372.59
6252,20274,20275,4.473,28.773,12.95
6253,20276,20277,5.0,41.041,6.06
6254,20278,20279,7.517,43.187,0.28
6255,20282,20283,15.0,18.0,28.42
6256,20284,20285,24.0,0.0,44.95
6257,20302,20303,71.0,20190.4,62.98
6258,20308,20309,29.25,17.583,373.14
6259,20310,20311,4.923,0.425,58.7
6260,20312,20313,6.508,0.61,83.08
6261,20314,20315,1.01,0.01,10.78
6262,20318,20319,2.083,1.344,10.42
6263,20320,20321,35.111,148.611,194.82
6264,20322,20323,66.75,21.583,327.62
6265,20324,20325,143.083,880.484,689.66
6266,20326,20327,22.533,28.695,117.06
6267,20328,20329,20.286,6.238,100.7
6268,20330,20331,25.067,10.638,114.83
6269,20332,20333,15.444,2.278,73.46
6270,20334,20335,36.644,29.734,177.2
6271,20336,20337,23.0,0.0,114.15
6272,20338,20339,5.333,1.333,26.2
6273,20340,20341,18.909,1.691,93.57
6274,20342,20343,21.694,2.961,102.42
6275,20344,20345,22.659,4.23,105.38
6276,20346,20347,3.741,0.271,17.58
6277,20350,20351,10.5,3.0,50.36
6278,20352,20353,113.556,104.778,529.22
6279,20354,20355,46.625,94.383,234.34
6280,20356,20357,111.409,248.634,524.74
6281,20358,20359,7.639,1.037,111.47
6282,20390,20391,3.0,0.0,16.38
6283,20396,20397,51.0,0.0,227.87
6284,20402,20403,177.235,498.941,864.72
6285,20404,20405,106.182,203.964,536.47
6286,20406,20407,44.75,10.25,340.89
6287,20408,20409,54.194,60.628,252.87
6288,20410,20411,18.625,4.24,85.98
6289,20414,20415,149.235,357.691,761.98
6290,20416,20417,21.0,0.0,118.3
6291,20418,20419,32.045,22.045,160.44
6292,20420,20421,15.468,113.541,97.05
6293,20422,20423,20.122,318.687,25.12
6294,20424,20425,3.0,0.494,38.83
6295,20426,20427,1.948,9.229,10.58
6296,20428,20429,1.04,0.039,11.52
6297,20430,20431,1.867,0.178,23.38
6298,20436,20437,6.273,69.018,9.7
6299,20438,20439,7.453,156.586,56.24
6300,20440,20441,2.451,36.217,7.14
6301,20442,20443,1.15,2.905,7.37
6302,20444,20445,27.735,1558.796,23.38
6303,20446,20447,1.993,0.262,20.9
6304,20448,20449,11.435,318.948,25.36
6305,20450,20451,109.088,47898.956,187.0
6306,20452,20453,59.107,21477.057,62.58
6307,20454,20455,25.598,2117.421,26.31
6308,20456,20457,17.791,431.683,1.3
6309,20458,20459,15.102,1638.762,30.26
6310,20460,20461,4.445,117.721,11.08
6311,20462,20463,2.031,0.225,25.12
6312,20464,20465,10.123,2.121,123.22
6313,20466,20467,86.116,6006.67,313.73
6314,20468,20469,1.056,0.056,4.86
6315,20470,20471,1.071,0.071,3.54
6316,20484,20485,11.0,0.667,51.62
6317,20486,20487,1.5,0.5,5.03
6318,20498,20499,4.5,24.5,3.67
6319,20506,20507,2.0,0.0,7.77
6320,20522,20523,2.0,0.0,8.55
6321,20524,20525,8.667,0.333,39.41
6322,20526,20527,13.0,0.0,66.58
6323,20532,20533,6.5,0.5,30.42
6324,20536,20537,10.056,1.703,46.74
6325,20552,20553,2.778,28.444,3.64
6326,20556,20557,8.095,1.49,41.64
6327,20560,20561,1.667,0.333,7.52
6328,20562,20563,1.667,0.333,9.07
6329,20568,20569,6.0,1.0,28.86
6330,20570,20571,5.75,0.25,30.47
6331,20572,20573,9.333,24.333,30.61
6332,20574,20575,6.2,0.7,30.46
6333,20576,20577,5.5,0.5,30.61
6334,20586,20587,6.0,0.0,28.88
6335,20590,20591,7.0,2.0,34.94
6336,20592,20593,7.0,0.0,28.87
6337,20596,20597,6.0,0.0,34.94
6338,20600,20601,6.0,2.0,28.87
6339,20602,20603,5.75,0.25,30.4
6340,20604,20605,6.0,0.0,30.61
6341,20606,20607,5.75,0.917,30.46
6342,20610,20611,6.0,0.0,30.12
6343,20612,20613,7.0,0.0,30.86
6344,20616,20617,8.0,0.0,34.95
6345,20618,20619,5.5,0.5,30.46
6346,20622,20623,6.0,2.0,28.87
6347,20630,20631,5.0,0.0,30.46
6348,20632,20633,7.0,0.0,30.61
6349,20634,20635,5.625,3.982,30.61
6350,20636,20637,7.25,0.917,34.94
6351,20638,20639,6.0,2.0,28.87
6352,20640,20641,7.5,4.5,34.95
6353,20648,20649,25.75,4.25,126.32
6354,20650,20651,13.5,1.667,66.92
6355,20652,20653,37.0,0.0,204.9
6356,20654,20655,10.778,1.892,83.68
6357,20656,20657,7.913,0.901,58.59
6358,20658,20659,10.045,2.426,70.19
6359,20660,20661,5.5,0.5,71.91
6360,20662,20663,5.5,0.5,76.79
6361,20664,20665,67.053,21947.532,48.22
6362,20666,20667,10.143,1.476,76.85
6363,20668,20669,4.125,0.411,32.4
6364,20670,20671,4.889,0.861,37.32
6365,20674,20675,6.286,0.571,46.32
6366,20678,20679,5.714,0.571,45.96
6367,20682,20683,29.0,0.0,136.38
6368,20696,20697,4.0,0.0,25.08
6369,20698,20699,2.0,0.0,11.34
6370,20706,20707,40.333,39.467,204.24
6371,20708,20709,1.5,0.286,6.06
6372,20710,20711,2.625,0.268,13.98
6373,20712,20713,31.143,21.476,156.47
6374,20722,20723,2.333,1.333,1.71
6375,20742,20743,14.0,0.0,75.15
6376,20746,20747,10.0,0.0,49.67
6377,20752,20753,3.0,0.0,16.8
6378,20756,20757,11.0,0.0,47.51
6379,20760,20761,19.0,0.0,87.74
6380,20762,20763,17.0,3.0,84.67
6381,20764,20765,8.0,0.0,40.68
6382,20770,20771,15.0,1.0,78.12
6383,20772,20773,1.667,0.267,6.85
6384,20774,20775,9.0,2.0,45.22
6385,20788,20789,1.25,0.25,7.21
6386,20790,20791,16.0,0.0,88.53
6387,20814,20815,1.5,0.5,1.65
6388,20826,20827,1.125,0.375,3.57
6389,20828,20829,1.423,0.254,7.35
6390,20830,20831,5.692,80.142,8.14
6391,20832,20833,4.943,49.317,34.67
6392,20834,20835,2.832,0.195,35.94
6393,20836,20837,1.972,0.255,21.95
6394,20838,20839,6.412,673.383,29.69
6395,20844,20845,10.667,280.333,0.2
6396,20860,20861,17.0,1.0,80.58
6397,20874,20875,13.0,0.0,74.21
6398,20876,20877,18.333,5.333,80.43
6399,20882,20883,7.0,0.0,36.86
6400,20884,20885,16.667,0.333,80.27
6401,20886,20887,2.0,0.0,11.95
6402,20898,20899,1.2,0.2,4.13
6403,20904,20905,1.5,0.333,6.9
6404,20952,20953,3.333,0.267,13.96
6405,20956,20957,7.75,1.357,38.62
6406,20970,20971,4.0,0.0,18.39
6407,20972,20973,10.0,0.0,43.61
6408,20980,20981,17.36,704.96,28.03
6409,20982,20983,2.633,0.309,25.04
6410,20984,20985,8.0,3.0,64.47
6411,20986,20987,4.0,0.0,32.42
6412,20988,20989,2.667,0.333,19.56
6413,20990,20991,14.0,0.0,134.77
6414,20998,20999,43.0,0.0,81.69
6415,21004,21005,6.0,0.0,45.15
6416,21008,21009,9.5,0.5,69.67
6417,21010,21011,2.509,0.355,29.02
6418,21012,21013,5.819,26.296,51.05
6419,21014,21015,4.991,41.411,31.84
6420,21016,21017,13.836,240.138,66.34
6421,21018,21019,13.515,331.191,39.77
6422,21020,21021,1.5,0.333,4.29
6423,21024,21025,61.571,76.286,143.4
6424,21026,21027,19.636,225.855,2.92
6425,21028,21029,14.947,5.497,72.74
6426,21032,21033,123.061,42981.824,91.08
6427,21034,21035,38.905,27.59,83.67
6428,21036,21037,77.2,189.733,164.41
6429,21040,21041,40.0,0.0,84.9
6430,21042,21043,12.5,12.5,26.89
6431,21044,21045,1.333,0.333,8.46
6432,21046,21047,3.4,0.3,28.87
6433,21050,21051,23.818,5.564,119.66
6434,21054,21055,1.667,2.667,2.28
6435,21056,21057,9.25,0.25,48.11
6436,21058,21059,6.5,0.5,33.89
6437,21070,21071,13.654,107.115,26.29
6438,21078,21079,2.96,0.123,14.45
6439,21080,21081,6.5,1.1,29.86
6440,21082,21083,29.225,4793.307,16.34
6441,21084,21085,62.019,15906.714,24.27
6442,21092,21093,1.333,0.267,5.51
6443,21096,21097,2.0,0.0,12.46
6444,21098,21099,68.333,12224.333,18.43
6445,21102,21103,4.0,0.0,18.74
6446,21108,21109,3.5,0.5,13.52
6447,21110,21111,5.667,0.333,25.92
6448,21114,21115,2.0,0.5,8.53
6449,21116,21117,5.333,0.333,25.78
6450,21118,21119,5.0,0.0,21.45
6451,21120,21121,4.0,0.0,22.76
6452,21124,21125,4.0,0.0,18.0
6453,21128,21129,4.286,0.905,19.07
6454,21130,21131,2.714,0.238,12.65
6455,21134,21135,136.167,10669.767,21.62
6456,21144,21145,5.2,0.7,24.96
6457,21146,21147,14.0,0.0,56.43
6458,21148,21149,9.125,146.696,21.12
6459,21152,21153,19.0,2.0,93.1
6460,21154,21155,16.0,0.0,81.06
6461,21156,21157,13.333,6.333,71.35
6462,21158,21159,13.8,1.7,64.89
6463,21160,21161,3.702,23.779,3.38
6464,21166,21167,24.0,8.0,252.2
6465,21168,21169,20.0,0.0,101.32
6466,21170,21171,47.8,3422.4,30.44
6467,21172,21173,64.333,5214.0,11.65
6468,21174,21175,6.75,2.25,34.75
6469,21176,21177,7.333,0.333,37.47
6470,21178,21179,20.0,0.0,90.55
6471,21180,21181,44.333,9664.267,19.27
6472,21182,21183,6.0,0.0,22.66
6473,21186,21187,2.571,0.286,15.15
6474,21188,21189,6.5,0.5,33.46
6475,21192,21193,7.667,1.333,37.64
6476,21194,21195,4.333,1.333,21.45
6477,21200,21201,2.0,0.0,10.51
6478,21202,21203,3.125,0.411,15.89
6479,21208,21209,9.0,0.0,47.07
6480,21210,21211,20.5,0.5,107.5
6481,21212,21213,43.0,2.0,217.09
6482,21214,21215,4.0,0.0,20.87
6483,21218,21219,4.0,0.0,19.82
6484,21228,21229,9.8,1.2,51.34
6485,21234,21235,3.0,0.667,13.65
6486,21236,21237,67.727,2036.218,105.17
6487,21238,21239,2.0,0.0,8.9
6488,21240,21241,9.0,0.0,39.82
6489,21242,21243,32.397,967.084,45.27
6490,21246,21247,4.5,0.333,32.93
6491,21248,21249,1.5,0.5,5.42
6492,21254,21255,3.5,0.286,25.73
6493,21256,21257,39.0,0.0,217.33
6494,21258,21259,20.571,14.831,214.55
6495,21260,21261,11.388,1.629,139.53
6496,21262,21263,6.167,17.565,61.08
6497,21264,21265,16.628,131.132,70.57
6498,21266,21267,91.556,39111.025,61.86
6499,21268,21269,68.898,18755.901,51.93
6500,21270,21271,68.886,23877.44,45.48
6501,21272,21273,10.315,1608.597,3.88
6502,21274,21275,31.586,7835.41,16.04
6503,21278,21279,82.0,0.0,359.41
6504,21288,21289,17.0,13.0,39.29
6505,21290,21291,30.333,30.333,66.48
6506,21292,21293,159.0,0.0,262.3
6507,21300,21301,21.692,365.564,28.49
6508,21302,21303,3.25,6.25,18.06
6509,21312,21313,1.5,0.5,8.14
6510,21314,21315,7.667,1.333,36.93
6511,21330,21331,8.065,0.357,154.99
6512,21332,21333,2.031,0.12,48.78
6513,21338,21339,2.0,0.0,10.13
6514,21340,21341,1.4,0.3,8.57
6515,21342,21343,3.0,0.0,23.1
6516,21344,21345,3.5,0.5,18.56
6517,21364,21365,16.752,4246.031,37.03
6518,21366,21367,77.51,11961.266,68.39
6519,21372,21373,2.0,0.0,13.91
6520,21374,21375,13.137,1054.083,25.81
6521,21376,21377,12.507,1321.268,15.3
6522,21390,21391,3.0,0.0,33.25
6523,21392,21393,3.0,0.0,23.19
6524,21396,21397,33.667,295.0,149.76
6525,21398,21399,6.0,0.0,23.65
6526,21402,21403,5.0,0.0,22.82
6527,21404,21405,6.0,0.0,24.36
6528,21408,21409,10.5,2.7,50.95
6529,21410,21411,14.0,0.0,59.66
6530,21412,21413,15.0,0.0,89.44
6531,21414,21415,1.5,0.333,5.53
6532,21416,21417,1.429,0.725,5.75
6533,21418,21419,2.0,0.0,11.38
6534,21420,21421,1.667,2.667,0.21
6535,21424,21425,11.75,2.214,55.47
6536,21426,21427,3.25,0.25,12.57
6537,21434,21435,1.714,0.238,14.24
6538,21436,21437,4.333,0.667,49.62
6539,21438,21439,3.75,0.25,38.39
6540,21440,21441,7.0,0.0,82.85
6541,21442,21443,13.0,0.0,86.18
6542,21446,21447,15.745,2932.008,2.88
6543,21448,21449,32.77,13777.922,54.16
6544,21450,21451,103.338,49115.483,104.74
6545,21452,21453,34.795,6087.011,21.63
6546,21454,21455,53.303,7966.155,22.73
6547,21456,21457,7.025,328.175,20.52
6548,21458,21459,1.667,19.048,7.84
6549,21460,21461,22.044,1074.91,66.18
6550,21462,21463,32.508,2130.374,90.18
6551,21464,21465,27.616,1311.36,78.1
6552,21466,21467,13.125,3.554,63.02
6553,21468,21469,48.444,47.528,231.86
6554,21472,21473,10.379,38.605,92.25
6555,21474,21475,1.642,6.012,4.96
6556,21478,21479,22.009,2215.085,21.92
6557,21484,21485,6.0,0.0,28.4
6558,21496,21497,203.143,671.81,1016.58
6559,21500,21501,45.0,13.0,201.74
6560,21502,21503,56.667,31.467,268.72
6561,21504,21505,8.838,88.342,65.1
6562,21506,21507,8.821,697.677,18.69
6563,21508,21509,78.588,6366.066,145.9
6564,21510,21511,51.298,4187.831,81.29
6565,21514,21515,2.3,0.221,27.11
6566,21516,21517,2.1,0.305,26.88
6567,21520,21521,10.211,2.064,120.37
6568,21522,21523,8.562,0.929,85.46
6569,21524,21525,8.0,1.733,94.95
6570,21526,21527,1.1,0.092,7.52
6571,21528,21529,5.094,0.753,35.55
6572,21530,21531,9.69,16.358,50.69
6573,21532,21533,24.333,0.333,194.98
6574,21534,21535,8.0,0.0,111.34
6575,21536,21537,8.5,0.5,61.19
6576,21538,21539,7.5,0.333,52.27
6577,21542,21543,9.0,0.667,66.87
6578,21546,21547,1.3,0.221,12.26
6579,21548,21549,4.667,43.75,10.21
6580,21550,21551,1.737,0.41,19.0
6581,21552,21553,1.036,0.036,1.52
6582,21554,21555,1.903,0.582,14.78
6583,21556,21557,27.333,3.867,134.44
6584,21560,21561,21.611,3687.809,9.45
6585,21564,21565,2.779,0.375,54.28
6586,21568,21569,16.0,0.0,62.03
6587,21574,21575,18.455,67.473,72.84
6588,21576,21577,15.768,1165.935,12.41
6589,21578,21579,11.598,1272.5,18.28
6590,21580,21581,22.375,17.696,102.47
6591,21604,21605,1.667,0.333,9.27
6592,21610,21611,7.0,0.0,34.08
6593,21628,21629,1.417,0.629,2.88
6594,21630,21631,2.533,26.695,4.19
6595,21632,21633,1.077,0.077,3.62
6596,21634,21635,1.476,2.462,4.82
6597,21638,21639,2.0,4.571,5.35
6598,21640,21641,1.062,0.062,4.0
6599,21644,21645,3.182,28.564,3.73
6600,21646,21647,1.294,0.721,3.99
6601,21650,21651,1.333,0.667,2.31
6602,21654,21655,5.167,0.567,23.76
6603,21666,21667,5.0,0.0,23.8
6604,21672,21673,5.0,0.0,23.81
6605,21676,21677,6.0,0.0,23.41
6606,21682,21683,13.0,0.0,63.5
6607,21684,21685,14.0,0.0,63.65
6608,21690,21691,6.0,0.0,32.89
6609,21692,21693,8.714,1.571,40.74
6610,21698,21699,5.0,0.0,22.47
6611,21706,21707,5.667,0.333,63.68
6612,21708,21709,10.0,1.0,80.22
6613,21710,21711,4.5,0.3,36.03
6614,21712,21713,8.667,0.333,60.21
6615,21714,21715,11.75,0.917,85.03
6616,21724,21725,1.75,0.25,11.3
6617,21726,21727,4.667,0.333,27.43
6618,21728,21729,13.75,0.917,100.59
6619,21730,21731,3.0,0.0,25.15
6620,21740,21741,4.333,0.333,35.11
6621,21742,21743,5.667,0.333,50.12
6622,21744,21745,2.667,0.333,22.69
6623,21746,21747,4.667,0.333,35.81
6624,21748,21749,3.5,0.5,23.78
6625,21750,21751,3.0,0.0,20.3
6626,21752,21753,2.0,0.0,19.66
6627,21754,21755,3.0,0.0,26.13
6628,21760,21761,5.667,0.333,45.06
6629,21762,21763,7.0,0.0,58.22
6630,21764,21765,5.5,0.269,61.7
6631,21778,21779,2.0,0.0,7.94
6632,21780,21781,12.0,1.0,27.49
6633,21782,21783,9.667,1.333,21.75
6634,21784,21785,6.0,0.364,69.9
6635,21788,21789,20.0,0.0,105.48
6636,21790,21791,8.125,0.411,108.84
6637,21796,21797,13.875,2.125,191.15
6638,21798,21799,5.789,0.287,81.5
6639,21800,21801,4.842,0.474,67.23
6640,21802,21803,7.0,0.0,60.83
6641,21806,21807,25.333,16.333,52.01
6642,21816,21817,8.247,0.732,102.17
6643,21818,21819,10.437,1.19,131.49
6644,21820,21821,3.47,0.272,43.62
6645,21822,21823,1.66,0.388,20.15
6646,21824,21825,1.074,0.09,11.68
6647,21832,21833,90.224,43639.264,122.33
6648,21836,21837,2.667,0.267,12.16
6649,21844,21845,2.5,0.5,10.47
6650,21846,21847,32.0,0.0,150.54
6651,21848,21849,3.6,0.3,18.09
6652,21850,21851,1.4,0.3,5.28
6653,21852,21853,1.25,0.25,5.55
6654,21858,21859,2.444,0.278,13.7
6655,21866,21867,1.273,0.218,6.34
6656,21868,21869,3.727,0.418,17.4
6657,21872,21873,38.5,5.667,184.39
6658,21874,21875,18.0,0.0,99.49
6659,21876,21877,13.333,4.333,69.89
6660,21882,21883,12.667,2.333,55.89
6661,21884,21885,18.0,4.0,78.59
6662,21886,21887,79.231,92.359,391.72
6663,21890,21891,7.636,0.517,93.87
6664,21892,21893,11.327,2.562,137.28
6665,21896,21897,7.929,0.821,98.19
6666,21898,21899,3.687,0.278,45.29
6667,21900,21901,1.567,0.248,18.57
6668,21902,21903,5.707,0.821,71.14
6669,21904,21905,2.071,0.25,23.9
6670,21906,21907,9.167,0.567,62.05
6671,21908,21909,10.4,1.3,70.07
6672,21910,21911,4.5,0.333,31.72
6673,21912,21913,9.25,2.917,67.75
6674,21914,21915,11.25,6.25,85.93
6675,21916,21917,30.429,242.952,166.0
6676,21918,21919,11.458,1.737,85.48
6677,21920,21921,2.167,0.167,15.6
6678,21922,21923,5.0,0.333,38.78
6679,21924,21925,4.571,0.619,36.67
6680,21926,21927,1.444,0.278,10.77
6681,21928,21929,1.75,0.214,15.25
6682,21930,21931,2.0,0.25,15.6
6683,21932,21933,3.2,0.178,22.79
6684,21934,21935,3.455,0.273,23.41
6685,21938,21939,4.029,0.332,30.69
6686,21942,21943,168.6,8899.3,31.56
6687,21944,21945,12.667,0.333,87.35
6688,21948,21949,2.6,0.267,14.15
6689,21950,21951,18.889,8.111,41.71
6690,21952,21953,29.114,3536.336,9.38
6691,21954,21955,109.114,11974.243,31.6
6692,21956,21957,66.971,8546.264,26.51
6693,21958,21959,22.375,2111.377,62.52
6694,21960,21961,15.85,1689.496,17.7
6695,21962,21963,2.286,0.238,13.33
6696,21964,21965,8.429,1.134,62.47
6697,21966,21967,1.25,0.5,1.24
6698,21968,21969,2.738,0.247,20.08
6699,21970,21971,3.714,0.307,28.16
6700,21972,21973,2.405,0.247,18.89
6701,21974,21975,5.548,124.449,28.44
6702,21976,21977,6.786,784.953,17.72
6703,21978,21979,19.0,3685.857,25.59
6704,21980,21981,16.0,0.0,35.96
6705,21982,21983,22.5,4.5,48.8
6706,21984,21985,10.959,1746.42,8.44
6707,21986,21987,28.426,6813.536,22.47
6708,21988,21989,17.275,3385.747,13.98
6709,21990,21991,36.667,5.879,74.08
6710,21992,21993,11.692,0.731,80.87
6711,21994,21995,18.036,3996.056,26.27
6712,21996,21997,19.182,5048.408,28.16
6713,21998,21999,34.262,9312.313,40.7
6714,22000,22001,27.548,7663.76,32.65
6715,22002,22003,27.0,0.0,55.7
6716,22010,22011,5.909,0.457,45.71
6717,22012,22013,45.0,4411.619,103.32
6718,22014,22015,8.273,0.618,62.65
6719,22016,22017,18.0,2541.6,17.53
6720,22018,22019,47.543,10169.054,31.54
6721,22020,22021,14.317,1834.422,11.54
6722,22024,22025,3.0,0.0,16.2
6723,22026,22027,15.0,2.353,120.86
6724,22028,22029,4.4,0.358,34.26
6725,22030,22031,7.75,8.25,18.24
6726,22032,22033,22.167,12.567,49.31
6727,22034,22035,12.5,7.5,26.15
6728,22036,22037,4.5,0.333,31.62
6729,22042,22043,8.364,1.493,64.29
6730,22044,22045,13.302,1.883,99.66
6731,22048,22049,3.8,0.333,29.09
6732,22050,22051,1.12,0.11,7.69
6733,22056,22057,9.306,4.717,69.07
6734,22058,22059,3.522,30.433,20.37
6735,22060,22061,5.23,181.913,17.28
6736,22062,22063,9.333,0.333,68.86
6737,22064,22065,5.333,0.333,39.88
6738,22066,22067,1.333,0.333,11.26
6739,22070,22071,47.0,0.0,33.79
6740,22074,22075,10.0,12.0,10.46
6741,22076,22077,26.75,4.917,21.52
6742,22078,22079,32.0,7.0,68.42
6743,22080,22081,16.455,2.273,134.71
6744,22082,22083,20.182,2187.164,16.83
6745,22084,22085,13.0,3.2,99.94
6746,22086,22087,3.8,0.2,26.12
6747,22088,22089,14.0,3.0,70.79
6748,22090,22091,10.333,0.667,75.16
6749,22092,22093,11.0,16.4,92.9
6750,22096,22097,4.333,0.333,34.53
6751,22098,22099,7.0,1.0,54.89
6752,22100,22101,11.5,3.667,90.31
6753,22102,22103,1.5,0.333,14.26
6754,22104,22105,7.4,0.8,57.16
6755,22106,22107,2.0,0.0,11.67
6756,22108,22109,3.886,87.498,11.92
6757,22110,22111,10.205,496.864,13.32
6758,22112,22113,9.7,0.678,70.64
6759,22116,22117,7.381,964.769,10.01
6760,22118,22119,156.418,40039.668,109.11
6761,22120,22121,403.071,118317.764,54.23
6762,22122,22123,39.625,20.839,82.41
6763,22124,22125,32.2,3530.886,2.3
6764,22126,22127,22.787,3188.197,7.86
6765,22128,22129,164.573,35980.761,50.37
6766,22130,22131,13.731,742.667,14.1
6767,22132,22133,20.398,2193.755,32.48
6768,22134,22135,65.987,19835.613,63.92
6769,22136,22137,3.0,0.0,21.53
6770,22138,22139,61.0,0.0,269.78
6771,22140,22141,2.652,1.252,31.43
6772,22142,22143,9.083,0.673,138.74
6773,22144,22145,5.066,0.36,76.85
6774,22146,22147,8.306,45.255,120.95
6775,22148,22149,10.27,50.083,140.52
6776,22150,22151,7.133,87.714,85.66
6777,22154,22155,8.6,28.229,115.12
6778,22156,22157,5.791,22.982,63.86
6779,22158,22159,3.938,0.062,46.95
6780,22160,22161,11.0,0.0,123.07
6781,22164,22165,14.5,3.146,181.22
6782,22168,22169,23.667,8.267,279.0
6783,22170,22171,15.0,0.0,167.61
6784,22174,22175,13.75,0.917,170.52
6785,22176,22177,3.75,0.25,35.6
6786,22178,22179,3.62,0.26,63.77
6787,22180,22181,3.51,0.431,46.2
6788,22182,22183,8.311,6.431,93.69
6789,22184,22185,2.167,8.167,0.84
6790,22190,22191,1.644,0.254,21.71
6791,22194,22195,2.547,0.533,31.15
6792,22196,22197,3.153,23.513,27.2
6793,22198,22199,1.77,0.179,9.81
6794,22200,22201,2.663,0.592,29.65
6795,22202,22203,5.025,0.524,65.18
6796,22204,22205,1.703,0.411,20.88
6797,22206,22207,2.218,1.332,21.92
6798,22208,22209,1.402,0.618,14.62
6799,22210,22211,6.833,0.152,79.72
6800,22212,22213,6.231,0.692,81.06
6801,22214,22215,6.0,0.455,74.04
6802,22216,22217,11.389,1.844,145.29
6803,22220,22221,5.378,0.631,53.08
6804,22222,22223,1.336,0.225,14.59
6805,22224,22225,1.688,1.498,18.3
6806,22226,22227,7.255,51.639,47.9
6807,22228,22229,1.127,4.791,10.17
6808,22230,22231,10.356,287.14,50.69
6809,22232,22233,82.0,0.0,407.31
6810,22234,22235,2.965,0.646,26.7
6811,22236,22237,9.243,1.023,116.75
6812,22238,22239,3.0,0.333,40.25
6813,22240,22241,4.375,0.554,46.64
6814,22242,22243,12.0,0.0,167.86
6815,22244,22245,2.5,0.5,37.74
6816,22246,22247,4.0,0.0,51.06
6817,22250,22251,5.333,0.4,67.8
6818,22252,22253,3.472,0.371,43.57
6819,22254,22255,3.6,0.365,46.99
6820,22256,22257,5.486,0.434,68.09
6821,22258,22259,2.923,0.634,27.2
6822,22260,22261,9.1,1.211,102.98
6823,22262,22263,2.857,0.143,31.24
6824,22264,22265,6.444,0.941,136.21
6825,22266,22267,27.6,407.686,349.2
6826,22268,22269,14.152,4.31,287.66
6827,22272,22273,5.0,0.667,39.06
6828,22276,22277,5.25,0.917,37.88
6829,22278,22279,5.5,0.333,40.8
6830,22280,22281,1.25,0.25,12.7
6831,22282,22283,15.333,55.867,77.53
6832,22284,22285,119.0,0.0,250.45
6833,22288,22289,3.0,0.0,26.6
6834,22290,22291,6.0,0.0,70.31
6835,22292,22293,1.5,0.5,8.11
6836,22298,22299,4.429,42.619,5.99
6837,22302,22303,23.75,53.583,102.18
6838,22304,22305,15.0,0.0,78.09
6839,22306,22307,8.0,0.5,42.26
6840,22308,22309,19.5,5.667,97.37
6841,22310,22311,23.75,7.583,115.12
6842,22312,22313,15.0,0.0,110.91
6843,22314,22315,9.833,1.367,65.6
6844,22316,22317,6.719,0.596,47.83
6845,22318,22319,5.727,3.83,36.92
6846,22320,22321,7.875,1.554,61.28
6847,22322,22323,4.222,0.444,31.06
6848,22324,22325,217.375,21580.839,69.66
6849,22326,22327,6.467,0.981,49.95
6850,22328,22329,61.818,5761.564,122.69
6851,22330,22331,6.0,0.8,44.88
6852,22332,22333,3.75,0.303,27.81
6853,22334,22335,6.773,0.47,48.2
6854,22336,22337,13.125,2.25,101.63
6855,22338,22339,60.04,1511.207,94.44
6856,22340,22341,98.286,6882.453,67.15
6857,22342,22343,106.775,7422.263,33.95
6858,22344,22345,16.0,0.667,120.99
6859,22346,22347,2.75,0.214,21.8
6860,22348,22349,8.125,2.125,62.71
6861,22350,22351,2.333,0.25,13.85
6862,22360,22361,13.0,1.5,64.03
6863,22362,22363,3.0,0.0,17.29
6864,22364,22365,74.0,0.0,30.74
6865,22368,22369,6.839,0.729,106.67
6866,22410,22411,4.173,0.17,41.32
6867,22412,22413,5.58,0.447,71.95
6868,22414,22415,7.074,1.369,91.9
6869,22416,22417,13.091,2.531,163.87
6870,22418,22419,4.986,0.452,61.75
6871,22420,22421,4.153,0.3,51.09
6872,22422,22423,10.806,1.708,133.67
6873,22424,22425,17.208,4.731,209.39
6874,22426,22427,2.514,0.253,30.62
6875,22428,22429,73.88,23270.013,87.83
6876,22430,22431,3.323,149.092,2.32
6877,22432,22433,22.571,7.341,169.05
6878,22434,22435,11.429,1.956,85.13
6879,22436,22437,23.5,8.571,177.6
6880,22438,22439,10.833,0.567,84.61
6881,22440,22441,6.413,0.595,101.2
6882,22442,22443,2.336,0.242,37.42
6883,22444,22445,18.375,4.274,271.59
6884,22464,22465,16.333,17.333,66.18
6885,22480,22481,3.5,0.5,30.1
6886,22482,22483,13.0,16.0,120.21
6887,22486,22487,2.818,0.364,21.74
6888,22488,22489,2.727,0.218,21.33
6889,22490,22491,2.636,0.255,21.71
6890,22492,22493,2.6,0.267,19.87
6891,22494,22495,2.727,0.218,20.93
6892,22496,22497,8.167,99.788,34.86
6893,22498,22499,10.333,1.333,74.55
6894,22500,22501,6.375,0.839,48.81
6895,22504,22505,4.222,1.124,28.9
6896,22506,22507,15.4,86.543,73.62
6897,22512,22513,5.333,0.333,40.4
6898,22514,22515,10.333,0.333,78.34
6899,22516,22517,7.25,0.25,53.1
6900,22520,22521,12.5,12.5,100.36
6901,22522,22523,4.364,0.455,33.4
6902,22524,22525,3.375,0.554,23.74
6903,22526,22527,9.167,3.367,68.44
6904,22528,22529,6.0,0.0,46.29
6905,22530,22531,15.777,3.079,198.46
6906,22532,22533,2.181,0.214,27.26
6907,22534,22535,21.787,6.384,264.73
6908,22536,22537,3.677,4.025,26.82
6909,22538,22539,2.545,0.621,12.18
6910,22540,22541,25.938,21.621,124.1
6911,22542,22543,4.375,0.268,20.84
6912,22548,22549,20.0,0.0,83.95
6913,22550,22551,4.857,0.81,36.55
6914,22552,22553,2.826,0.423,21.69
6915,22556,22557,3.0,0.0,22.63
6916,22558,22559,14.0,8.0,96.08
6917,22560,22561,10.824,1087.606,10.81
6918,22562,22563,15.527,1393.051,4.32
6919,22564,22565,15.6,3.3,115.56
6920,22568,22569,7.735,1.17,61.13
6921,22570,22571,7.676,0.892,59.75
6922,22572,22573,4.507,0.334,33.47
6923,22574,22575,21.488,11.494,166.43
6924,22576,22577,24.189,1588.703,69.34
6925,22578,22579,1.01,0.01,2.65
6926,22580,22581,55.717,1451.13,94.49
6927,22584,22585,13.908,2867.11,10.87
6928,22586,22587,453.0,18.0,125.88
6929,22588,22589,8.0,0.0,45.37
6930,22590,22591,3.0,0.0,9.83
6931,22592,22593,2.0,0.0,11.32
6932,22598,22599,19.667,9.467,87.41
6933,22604,22605,6.5,0.5,24.0
6934,22606,22607,73.857,3949.81,89.65
6935,22610,22611,3.667,0.333,17.3
6936,22614,22615,3.333,0.333,16.91
6937,22616,22617,5.0,0.0,30.08
6938,22618,22619,5.0,0.0,25.04
6939,22620,22621,9.333,8.333,28.52
6940,22622,22623,3.333,0.333,15.59
6941,22624,22625,1.167,0.167,3.37
6942,22626,22627,9.5,0.5,44.31
6943,22628,22629,8.0,0.0,43.97
6944,22632,22633,5.5,0.5,27.23
6945,22634,22635,2.05,36.903,6.73
6946,22636,22637,17.986,1069.879,36.59
6947,22638,22639,64.092,7856.253,72.54
6948,22642,22643,9.0,0.0,56.47
6949,22646,22647,2.5,0.5,11.84
6950,22656,22657,5.288,25.131,47.02
6951,22658,22659,7.238,315.023,21.75
6952,22660,22661,47.635,6431.719,59.55
6953,22664,22665,20.483,2020.675,18.0
6954,22670,22671,18.0,0.0,108.65
6955,22676,22677,16.647,4.963,121.56
6956,22678,22679,4.0,0.0,32.63
6957,22680,22681,4.0,0.0,27.74
6958,22686,22687,12.0,0.0,83.85
6959,22688,22689,12.5,0.5,87.23
6960,22690,22691,16.723,8.578,76.66
6961,22692,22693,5.5,0.333,26.79
6962,22694,22695,3.143,0.143,14.12
6963,22696,22697,29.471,12.265,135.77
6964,22698,22699,54.0,208.5,314.25
6965,22700,22701,13.405,52.552,49.49
6966,22702,22703,6.846,0.375,32.17
6967,22704,22705,2.0,0.0,12.22
6968,22708,22709,2.625,0.268,17.98
6969,22710,22711,8.571,0.787,100.97
6970,22714,22715,17.0,338.0,154.23
6971,22716,22717,3.651,0.375,26.49
6972,22718,22719,1.024,0.024,7.77
6973,22720,22721,2.238,0.235,15.75
6974,22722,22723,10.571,0.952,53.33
6975,22724,22725,8.333,1.333,40.19
6976,22726,22727,6.429,0.952,28.98
6977,22728,22729,16.5,12.5,70.65
6978,22732,22733,8.25,1.071,38.46
6979,22734,22735,9.333,0.333,42.45
6980,22736,22737,16.0,0.0,65.91
6981,22738,22739,19.038,3000.998,12.18
6982,22740,22741,14.474,3.708,71.73
6983,22742,22743,12.643,1.632,62.0
6984,22744,22745,33.429,6773.286,3.59
6985,22746,22747,4.0,0.0,17.84
6986,22748,22749,5.0,0.0,25.86
6987,22750,22751,2.855,0.42,35.7
6988,22752,22753,8.913,0.728,114.1
6989,22754,22755,1.319,0.22,14.3
6990,22756,22757,1.035,0.034,11.8
6991,22760,22761,4.0,0.0,23.93
6992,22762,22763,18.488,5.313,133.12
6993,22764,22765,6.41,2.416,43.36
6994,22766,22767,2.807,1.084,17.22
6995,22768,22769,1.349,0.23,10.04
6996,22770,22771,8.072,4.214,51.37
6997,22778,22779,11.75,0.25,85.5
6998,22780,22781,1.923,0.077,22.54
6999,22786,22787,18.5,4.5,102.79
7000,22788,22789,1.5,0.273,8.85
7001,22790,22791,1.25,0.214,8.55
7002,22792,22793,3.5,1.0,22.06
7003,22794,22795,5.667,0.333,39.62
7004,22796,22797,23.5,12.5,165.34
7005,22798,22799,17.5,12.5,126.48
7006,22808,22809,4.5,0.5,22.18
7007,22814,22815,4.25,0.917,20.19
7008,22816,22817,1.444,0.278,6.4
7009,22822,22823,5.385,3.423,23.57
7010,22830,22831,4.333,0.333,21.17
7011,22832,22833,5.5,0.3,25.07
7012,22834,22835,2.0,0.0,26.54
7013,22836,22837,2.333,0.333,27.6
7014,22838,22839,2.0,0.0,12.3
7015,22848,22849,3.0,0.0,33.2
7016,22850,22851,4.5,0.5,37.76
7017,22852,22853,7.857,0.476,55.57
7018,22854,22855,3.583,0.447,25.64
7019,22856,22857,24.0,2.0,190.45
7020,22858,22859,16.0,1.5,125.64
7021,22862,22863,1.44,0.257,7.48
7022,22864,22865,8.606,1.559,39.64
7023,22866,22867,6.5,0.5,45.88
7024,22868,22869,4.667,0.333,37.18
7025,22870,22871,8.0,8.0,48.64
7026,22872,22873,12.333,1.333,100.22
7027,22874,22875,3.0,0.0,22.02
7028,22876,22877,13.667,1.333,62.65
7029,22880,22881,14.333,2.333,71.17
7030,22882,22883,2.0,0.0,9.19
7031,22884,22885,9.0,1.333,47.37
7032,22886,22887,8.0,0.0,42.57
7033,22890,22891,3.5,0.5,22.26
7034,22892,22893,7.0,0.0,37.02
7035,22894,22895,7.5,0.5,39.75
7036,22896,22897,440.167,338590.967,93.06
7037,22898,22899,4.881,0.624,36.13
7038,22900,22901,10.603,1.647,72.92
7039,22902,22903,11.679,2.799,80.82
7040,22904,22905,16.15,1023.608,68.53
7041,22906,22907,137.273,16054.684,72.73
7042,22908,22909,19.153,423.545,75.96
7043,22910,22911,81.414,7169.791,103.14
7044,22912,22913,42.523,5001.166,53.52
7045,22914,22915,35.561,3485.47,36.9
7046,22916,22917,4.6,0.3,35.54
7047,22920,22921,3.197,0.317,38.89
7048,22922,22923,22.899,389.007,207.26
7049,22924,22925,38.949,1460.06,61.22
7050,22926,22927,1.779,0.174,17.52
7051,22928,22929,3.559,0.383,44.71
7052,22930,22931,13.562,3.162,170.9
7053,22932,22933,3.309,351.651,15.58
7054,22934,22935,24.482,3673.601,150.68
7055,22952,22953,10.014,0.411,194.05
7056,22954,22955,1.212,1.363,10.24
7057,22956,22957,1.795,2.009,3.13
7058,22962,22963,7.357,73.016,0.2
7059,22964,22965,1.041,0.039,9.85
7060,22966,22967,6.333,83.242,6.58
7061,22976,22977,23.699,8.218,335.23
7062,22978,22979,7.431,0.873,113.34
7063,22980,22981,14.703,220.449,147.5
7064,22982,22983,32.035,2126.579,125.42
7065,22984,22985,10.152,451.897,27.28
7066,22986,22987,60.673,3548.978,92.51
7067,22998,22999,2.5,0.5,11.7
7068,23000,23001,2.0,0.0,8.55
7069,23002,23003,15.5,0.5,80.28
7070,23014,23015,3.0,0.0,16.42
7071,23018,23019,2.0,0.0,8.87
7072,23024,23025,3.333,0.267,14.22
7073,23026,23027,4.0,0.0,34.6
7074,23028,23029,1.667,0.267,8.99
7075,23032,23033,4.667,0.267,48.24
7076,23034,23035,131.0,0.0,531.01
7077,23036,23037,151.049,54396.605,257.87
7078,23038,23039,13.517,4892.299,20.91
7079,23040,23041,3.071,12.852,18.16
7080,23042,23043,5.444,20.872,0.2
7081,23044,23045,3.714,0.759,41.49
7082,23046,23047,4.694,0.634,58.86
7083,23048,23049,2.178,0.24,26.99
7084,23050,23051,1.015,0.015,9.92
7085,23052,23053,47.276,12841.53,63.02
7086,23054,23055,4.33,528.834,8.64
7087,23056,23057,40.0,5204.079,9.7
7088,23060,23061,2.007,0.007,22.01
7089,23064,23065,1.55,0.296,10.12
7090,23066,23067,1.917,0.083,18.78
7091,23068,23069,9.833,0.515,136.32
7092,23070,23071,13.417,0.811,184.8
7093,23072,23073,5.909,0.291,84.82
7094,23074,23075,8.917,0.629,111.64
7095,23076,23077,16.564,1871.037,43.62
7096,23078,23079,6.333,0.267,48.19
7097,23082,23083,11.8,1.2,88.06
7098,23084,23085,11.667,4.333,81.75
7099,23086,23087,4.0,0.0,38.73
7100,23090,23091,8.0,1.25,102.4
7101,23094,23095,4.0,0.0,43.54
7102,23096,23097,2.0,0.0,27.47
7103,23098,23099,20.525,163.956,204.25
7104,23100,23101,7.471,212.906,21.81
7105,23102,23103,5.525,0.721,69.91
7106,23112,23113,3.333,0.267,16.5
7107,23114,23115,4.2,0.2,20.69
7108,23116,23117,2.262,0.393,11.06
7109,23118,23119,4.345,0.305,20.42
7110,23120,23121,17.071,4.533,81.69
7111,23128,23129,3.667,0.333,36.08
7112,23130,23131,3.5,0.5,25.22
7113,23136,23137,1.667,0.333,16.84
7114,23138,23139,11.0,263.0,26.11
7115,23140,23141,11.188,776.794,12.13
7116,23164,23165,41.333,24.333,206.84
7117,23166,23167,17.5,4.5,72.95
7118,23168,23169,5.75,0.25,25.27
7119,23170,23171,4.5,0.333,19.51
7120,23188,23189,14.0,1.778,65.13
7121,23190,23191,6.5,0.944,30.18
7122,23192,23193,25.364,9.855,117.7
7123,23194,23195,5.846,0.641,27.41
7124,23196,23197,10.357,1.478,49.11
7125,23198,23199,4.25,0.786,19.13
7126,23218,23219,7.5,0.5,39.22
7127,23220,23221,15.333,2.333,78.94
7128,23280,23281,14.8,2.7,73.34
7129,23282,23283,35.0,0.0,202.85
7130,23290,23291,28.25,8.467,130.36
7131,23292,23293,21.333,3.867,110.33
7132,23294,23295,22.6,4.3,114.55
7133,23296,23297,72.0,0.0,323.07
7134,23304,23305,6.278,5.271,27.44
7135,23306,23307,8.5,0.571,39.41
7136,23328,23329,10.0,0.0,53.1
7137,23330,23331,4.5,0.5,21.76
7138,23344,23345,25.727,19.418,123.53
7139,23374,23375,10.0,2.0,48.92
7140,23376,23377,7.5,0.5,35.71
7141,23378,23379,8.0,0.0,36.66
7142,23382,23383,1.2,0.2,8.0
7143,23384,23385,1.25,0.25,8.73
7144,23386,23387,6.25,1.583,26.03
7145,23388,23389,3.474,7.708,11.48
7146,23398,23399,23.6,3.3,127.64
7147,23402,23403,10.12,1.36,47.36
7148,23404,23405,3.308,0.231,17.04
7149,23410,23411,1.222,0.194,7.26
7150,23420,23421,2.0,0.0,7.59
7151,23424,23425,16.0,0.0,88.36
7152,23426,23427,4.75,0.5,22.92
7153,23430,23431,2.111,0.111,9.7
7154,23432,23433,5.0,0.0,22.71
7155,23434,23435,4.0,0.0,23.83
7156,23438,23439,4.0,0.0,23.89
7157,23442,23443,2.667,0.333,14.87
7158,23450,23451,5.0,0.0,23.86
7159,23452,23453,5.0,0.0,23.03
7160,23454,23455,4.0,0.0,19.48
7161,23460,23461,24.5,5.667,123.62
7162,23464,23465,3.5,0.3,18.15
7163,23466,23467,1.875,6.125,2.89
7164,23468,23469,7.75,2.25,40.14
7165,23470,23471,9.5,0.5,53.93
7166,23472,23473,11.0,0.0,60.34
7167,23476,23477,7.0,0.0,31.19
7168,23478,23479,8.0,0.0,39.17
7169,23480,23481,11.0,0.0,66.61
7170,23492,23493,11.0,0.0,60.66
7171,23500,23501,2.391,0.34,21.98
7172,23504,23505,6.163,1.044,75.23
7173,23506,23507,1.238,0.186,16.62
7174,23508,23509,9.0,0.0,113.17
7175,23510,23511,3.083,0.447,23.44
7176,23512,23513,16.333,297.152,83.02
7177,23514,23515,7.047,204.793,16.79
7178,23516,23517,1.333,0.333,4.29
7179,23518,23519,2.5,0.5,11.35
7180,23520,23521,5.667,0.333,44.9
7181,23522,23523,4.5,0.5,23.59
7182,23524,23525,4.333,0.333,23.49
7183,23526,23527,7.745,1.439,90.21
7184,23528,23529,28.118,13.214,340.4
7185,23530,23531,21.534,49.526,229.79
7186,23534,23535,36.0,0.0,154.06
7187,23538,23539,40.286,28.905,205.53
7188,23540,23541,30.667,18.667,158.93
7189,23542,23543,37.8,15.7,199.44
7190,23544,23545,198.625,2868.554,1046.79
7191,23546,23547,42.824,32.654,210.72
7192,23548,23549,43.875,28.982,220.24
7193,23552,23553,174.0,72.0,952.36
7194,23554,23555,1.723,0.378,15.22
7195,23556,23557,2.0,0.0,15.42
7196,23558,23559,1.667,0.333,21.42
7197,23560,23561,2.667,0.333,29.93
7198,23564,23565,4.0,0.0,47.81
7199,23566,23567,19.5,0.5,44.65
7200,23568,23569,40.0,0.0,90.9
7201,23570,23571,13.0,7.333,30.5
7202,23572,23573,23.143,20.476,51.13
7203,23574,23575,22.143,65.476,43.85
7204,23576,23577,9.0,1.0,46.44
7205,23580,23581,4.538,0.603,30.98
7206,23582,23583,7.0,0.0,55.5
7207,23588,23589,3.978,36.066,16.02
7208,23590,23591,3.929,0.687,26.22
7209,23592,23593,15.0,0.0,132.13
7210,23594,23595,8.0,0.0,63.15
7211,23596,23597,2.837,0.223,22.33
7212,23598,23599,2.604,0.797,16.92
7213,23600,23601,2.0,0.0,15.64
7214,23602,23603,12.0,0.0,92.56
7215,23606,23607,1.226,0.381,4.9
7216,23608,23609,1.452,0.254,9.9
7217,23610,23611,18.293,3.512,133.81
7218,23612,23613,4.36,0.657,32.8
7219,23614,23615,9.619,1.348,71.63
7220,23616,23617,4.857,0.929,29.73
7221,23618,23619,3.5,0.5,26.73
7222,23620,23621,14.154,10.641,95.35
7223,23622,23623,5.167,1.97,33.06
7224,23624,23625,4.5,1.5,28.74
7225,23626,23627,82.25,22.917,399.3
7226,23628,23629,3.5,0.5,17.81
7227,23630,23631,6.5,0.5,29.96
7228,23644,23645,7.0,0.0,114.52
7229,23646,23647,4.0,0.0,30.39
7230,23648,23649,59.119,104.059,116.64
7231,23650,23651,229.0,1334.857,509.79
7232,23652,23653,3.0,0.0,15.04
7233,23658,23659,3.125,0.25,15.07
7234,23660,23661,2.25,0.25,9.03
7235,23662,23663,23.875,16.125,104.11
7236,23664,23665,1.556,5.556,3.16
7237,23666,23667,2.462,0.269,11.37
7238,23668,23669,3.7,0.233,18.71
7239,23670,23671,3.571,0.446,17.56
7240,23672,23673,16.55,4.05,79.58
7241,23674,23675,6.071,0.533,29.27
7242,23676,23677,7.143,0.44,34.25
7243,23678,23679,15.643,2.093,77.53
7244,23680,23681,1.5,0.269,7.07
7245,23682,23683,3.071,0.225,14.88
7246,23688,23689,11.75,0.917,60.56
7247,23696,23697,12.0,0.0,58.29
7248,23710,23711,12.667,0.333,56.82
7249,23714,23715,10.6,0.8,52.86
7250,23720,23721,1.5,0.333,6.23
7251,23722,23723,34.629,28.829,158.03
7252,23724,23725,25.583,62.992,113.94
7253,23728,23729,7.714,0.571,83.31
7254,23734,23735,20.176,8.89,250.96
7255,23736,23737,1.989,0.201,24.33
7256,23738,23739,29.252,2381.009,28.66
7257,23740,23741,3.875,0.402,27.58
7258,23750,23751,6.0,0.0,31.48
7259,23754,23755,120.5,28560.5,0.2
7260,23762,23763,8.667,2.333,43.76
7261,23764,23765,171.625,9883.696,46.8
7262,23766,23767,8.333,1.333,39.93
7263,23770,23771,13.0,2.0,59.37
7264,23774,23775,3.5,0.333,17.24
7265,23776,23777,416.125,185796.117,42.04
7266,23778,23779,35.857,5432.81,43.65
7267,23780,23781,4.0,0.0,19.57
7268,23782,23783,132.75,14104.25,0.26
7269,23784,23785,3.75,0.25,18.2
7270,23792,23793,12.5,0.5,54.74
7271,23796,23797,86.828,64120.004,167.14
7272,23798,23799,168.275,53667.067,65.14
7273,23800,23801,5.5,0.5,25.87
7274,23802,23803,2.934,0.277,32.25
7275,23806,23807,3.0,0.0,14.16
7276,23810,23811,156.2,11767.7,12.12
7277,23812,23813,14.167,410.567,7.43
7278,23814,23815,11.0,2.0,50.85
7279,23816,23817,9.5,9.667,50.65
7280,23822,23823,13.0,0.0,71.5
7281,23824,23825,6.0,0.0,35.4
7282,23828,23829,2.0,0.0,9.62
7283,23830,23831,2.0,0.0,9.64
7284,23832,23833,1.846,0.308,7.1
7285,23834,23835,7.4,0.3,39.69
7286,23836,23837,17.143,2.143,89.28
7287,23838,23839,27.125,9379.819,30.36
7288,23842,23843,7.667,0.333,37.19
7289,23846,23847,2.875,6.117,15.46
7290,23848,23849,9.0,0.0,48.28
7291,23856,23857,2.143,9.143,2.7
7292,23858,23859,2.8,0.2,13.72
7293,23862,23863,4.667,1.333,25.26
7294,23866,23867,5.455,0.673,25.58
7295,23868,23869,23.333,12.0,111.51
7296,23870,23871,16.765,156.316,24.01
7297,23874,23875,1.893,3.507,7.08
7298,23878,23879,14.333,1.333,72.54
7299,23886,23887,11.75,7.583,60.83
7300,23888,23889,3.25,0.25,14.9
7301,23890,23891,15.0,0.0,72.66
7302,23900,23901,1.4,0.3,4.48
7303,23902,23903,28.0,8.0,49.42
7304,23904,23905,27.444,30.778,58.14
7305,23906,23907,3.545,0.473,16.55
7306,23908,23909,8.25,125.643,1.01
7307,23910,23911,2.923,0.41,13.93
7308,23912,23913,3.0,0.133,14.94
7309,23914,23915,3.909,0.773,18.63
7310,23916,23917,2.366,0.338,11.5
7311,23918,23919,4.098,0.37,20.63
7312,23920,23921,1.677,3.892,6.06
7313,23926,23927,55.0,107.444,235.34
7314,23928,23929,49.0,0.0,222.4
7315,23930,23931,9.667,0.333,47.2
7316,23932,23933,13.0,0.0,62.25
7317,23936,23937,10.0,0.0,43.97
7318,23938,23939,16.0,2.0,76.08
7319,23940,23941,43.0,35.5,201.63
7320,23944,23945,9.0,0.0,43.05
7321,23946,23947,8.0,0.0,44.07
7322,23948,23949,1.5,0.5,7.05
7323,23952,23953,18.5,4.5,78.36
7324,23954,23955,5.269,5.965,57.56
7325,23956,23957,7.455,1.273,95.76
7326,23958,23959,3.636,0.455,47.54
7327,23960,23961,13.636,6.655,174.65
7328,23962,23963,2.75,1.446,17.38
7329,23964,23965,3.833,0.167,38.83
7330,23966,23967,17.0,0.0,38.67
7331,23972,23973,9.0,0.0,42.34
7332,23976,23977,4.0,0.667,18.03
7333,23978,23979,9.167,0.967,44.48
7334,23980,23981,11.0,1.0,57.95
7335,23982,23983,19.0,0.0,91.25
7336,23992,23993,11.333,320.333,0.2
7337,23994,23995,1.895,1.766,8.6
7338,23996,23997,8.5,0.5,43.45
7339,24002,24003,9.5,0.5,45.3
7340,24006,24007,11.5,0.5,67.11
7341,24008,24009,18.0,0.0,89.49
7342,24014,24015,21.5,0.5,91.34
7343,24018,24019,19.0,12.0,100.75
7344,24020,24021,2.917,12.265,5.71
7345,24022,24023,23.0,17.4,101.23
7346,24026,24027,10.0,0.0,48.86
7347,24028,24029,26.0,0.0,119.98
7348,24030,24031,37.0,0.0,172.91
7349,24032,24033,2.125,0.125,10.19
7350,24034,24035,14.0,0.0,73.69
7351,24036,24037,2.857,0.476,13.17
7352,24038,24039,2.0,0.0,9.64
7353,24044,24045,2.0,0.0,6.29
7354,24048,24049,9.333,0.333,47.94
7355,24050,24051,11.7,2.233,59.82
7356,24052,24053,4.0,0.5,18.1
7357,24056,24057,2.6,0.3,11.88
7358,24060,24061,6.5,0.5,28.14
7359,24066,24067,2.0,0.0,9.29
7360,24070,24071,10.5,0.5,51.71
7361,24072,24073,9.0,0.0,46.68
7362,24074,24075,6.0,0.0,29.51
7363,24078,24079,3.857,0.81,18.61
7364,24082,24083,7.25,0.25,37.35
7365,24084,24085,7.0,1.333,32.14
7366,24088,24089,2.0,0.0,8.73
7367,24090,24091,13.625,2.839,66.25
7368,24092,24093,6.0,2.0,36.08
7369,24094,24095,1.75,0.25,9.43
7370,24096,24097,11.0,2.0,87.62
7371,24098,24099,2.0,0.0,12.73
7372,24100,24101,2.0,0.0,12.17
7373,24102,24103,4.333,0.333,26.82
7374,24104,24105,2.0,0.0,14.36
7375,24106,24107,2.5,0.5,17.42
7376,24108,24109,1.667,0.333,7.07
7377,24110,24111,3.5,0.5,24.71
7378,24112,24113,6.5,0.5,43.09
7379,24114,24115,2.0,0.0,12.66
7380,24120,24121,4.0,0.0,14.74
7381,24124,24125,4.0,1.0,18.57
7382,24126,24127,5.0,0.0,22.68
7383,24128,24129,53.0,5231.6,114.98
7384,24130,24131,4.154,421.708,11.0
7385,24134,24135,11.0,0.0,40.09
7386,24136,24137,48.5,4.5,223.26
7387,24140,24141,22.277,3.678,1009.52
7388,24144,24145,9.059,6.184,60.09
7389,24146,24147,5.714,0.835,43.88
7390,24148,24149,6.615,0.423,47.6
7391,24150,24151,1.357,0.247,11.38
7392,24152,24153,5.2,0.178,40.79
7393,24154,24155,3.167,0.152,20.1
7394,24156,24157,15.8,2.886,118.7
7395,24158,24159,40.549,12803.633,61.51
7396,24160,24161,12.333,770.667,0.2
7397,24164,24165,30.324,6623.411,40.03
7398,24166,24167,3.857,0.143,27.83
7399,24168,24169,17.25,74.25,135.49
7400,24170,24171,20.5,60.5,0.22
7401,24172,24173,1.5,0.5,6.32
7402,24174,24175,4.25,0.25,21.06
7403,24176,24177,30.0,0.0,137.58
7404,24180,24181,31.111,13.111,150.02
7405,24186,24187,2.25,0.25,12.81
7406,24188,24189,11.5,3.0,54.43
7407,24192,24193,11.143,0.476,52.39
7408,24194,24195,14.0,4.0,61.73
7409,24202,24203,12.0,0.0,88.74
7410,24208,24209,4.5,0.5,27.61
7411,24210,24211,12.333,6.333,97.16
7412,24212,24213,10.75,0.25,82.72
7413,24214,24215,4.2,0.2,26.89
7414,24216,24217,10.667,0.333,78.86
7415,24218,24219,14.0,8.0,100.51
7416,24220,24221,10.0,2.0,84.39
7417,24224,24225,2.6,0.3,21.29
7418,24226,24227,3.0,0.0,18.43
7419,24228,24229,4.0,0.0,29.85
7420,24230,24231,4.0,0.0,33.21
7421,24232,24233,3.0,0.0,19.15
7422,24234,24235,4.167,0.232,31.33
7423,24238,24239,16.348,2.237,118.72
7424,24240,24241,16.885,161.786,90.97
7425,24242,24243,15.577,421.454,9.5
7426,24244,24245,5.121,0.422,57.16
7427,24250,24251,7.5,0.5,38.57
7428,24252,24253,4.0,0.0,24.68
7429,24254,24255,13.0,0.0,58.75
7430,24256,24257,11.0,0.0,46.9
7431,24260,24261,33.4,12.3,160.27
7432,24266,24267,12.6,1.3,61.58
7433,24270,24271,2.0,3.0,3.39
7434,24282,24283,3.25,0.25,14.07
7435,24286,24287,3.125,0.411,22.46
7436,24288,24289,23.5,350.571,52.24
7437,24290,24291,2.056,9.467,4.44
7438,24294,24295,18.0,0.0,77.86
7439,24296,24297,20.0,0.0,82.39
7440,24298,24299,21.5,0.5,93.83
7441,24300,24301,4.0,0.0,19.68
7442,24304,24305,156.667,24.333,723.6
7443,24312,24313,6.25,0.917,29.57
7444,24316,24317,5.0,0.0,24.11
7445,24322,24323,35.333,6.333,167.88
7446,24336,24337,37.412,10412.297,86.61
7447,24338,24339,9.289,1769.335,20.37
7448,24340,24341,88.99,43575.418,168.23
7449,24342,24343,8.304,1324.321,9.2
7450,24344,24345,47.804,23273.511,112.09
7451,24346,24347,104.357,59960.642,201.23
7452,24348,24349,148.845,56693.19,250.11
7453,24350,24351,25.333,34.333,59.57
7454,24352,24353,16.0,0.0,51.04
7455,24354,24355,6.5,0.5,50.63
7456,24356,24357,15.0,0.0,63.9
7457,24374,24375,39.333,4.333,182.88
7458,24376,24377,58.5,4.5,266.99
7459,24378,24379,11.0,1.0,50.45
7460,24386,24387,17.735,159.716,17.99
7461,24388,24389,5.667,0.588,42.01
7462,24390,24391,13.5,4.5,102.98
7463,24392,24393,2.333,0.333,14.36
7464,24394,24395,2.0,0.857,9.25
7465,24406,24407,1.714,0.345,20.12
7466,24410,24411,15.15,2082.644,34.63
7467,24412,24413,10.0,0.0,0.65
7468,24414,24415,1.971,0.151,14.99
7469,24416,24417,6.312,0.544,46.09
7470,24418,24419,8.943,61.585,35.98
7471,24420,24421,23.897,13.198,306.0
7472,24422,24423,1.956,0.178,24.34
7473,24428,24429,4.58,0.637,57.1
7474,24430,24431,1.711,0.232,21.03
7475,24432,24433,15.857,2.461,200.7
7476,24434,24435,1.893,0.193,23.66
7477,24436,24437,4.58,0.367,56.52
7478,24438,24439,2.82,0.775,31.75
7479,24440,24441,1.697,0.703,16.45
7480,24442,24443,1.215,0.192,11.62
7481,24444,24445,2.489,0.32,30.85
7482,24446,24447,1.711,0.208,21.06
7483,24448,24449,1.8,0.184,22.93
7484,24450,24451,5.164,6.44,56.25
7485,24452,24453,7.946,73.128,79.99
7486,24454,24455,2.309,20.307,24.33
7487,24456,24457,2.708,24.496,27.49
7488,24458,24459,2.293,25.217,22.5
7489,24460,24461,5.019,45.23,45.62
7490,24462,24463,20.413,1098.35,120.47
7491,24464,24465,38.132,3416.056,162.94
7492,24466,24467,190.495,32016.848,126.4
7493,24468,24469,5.0,0.0,23.37
7494,24470,24471,3.0,0.0,17.02
7495,24474,24475,8.0,0.0,46.59
7496,24478,24479,15.6,4.8,76.77
7497,24480,24481,11.6,4.489,54.53
7498,24482,24483,23.0,0.0,48.81
7499,24484,24485,23.0,0.0,51.66
7500,24486,24487,47.0,0.0,106.22
7501,24490,24491,57.0,148.0,311.53
7502,24494,24495,6.667,1.333,34.05
7503,24500,24501,5.286,6.571,18.49
7504,24504,24505,15.182,251.164,0.11
7505,24506,24507,5.75,0.5,29.44
7506,24508,24509,16.0,9.0,77.02
7507,24512,24513,2.853,0.277,34.96
7508,24514,24515,2.059,14.934,11.52
7509,24516,24517,9.059,191.059,16.87
7510,24518,24519,6.0,2.0,27.86
7511,24520,24521,10.0,2.0,49.98
7512,24522,24523,2.0,0.0,9.45
7513,24524,24525,2.8,0.2,14.37
7514,24526,24527,5.5,0.5,22.41
7515,24530,24531,2.814,0.292,17.11
7516,24532,24533,8.757,2.3,43.51
7517,24536,24537,3.0,0.0,16.77
7518,24538,24539,12.0,0.0,53.5
7519,24540,24541,4.875,5.839,28.25
7520,24542,24543,2.357,0.238,32.65
7521,24546,24547,1.5,0.286,16.06
7522,24548,24549,11.984,1.739,181.0
7523,24552,24553,9.0,0.0,46.31
7524,24554,24555,2.0,0.0,7.19
7525,24556,24557,6.5,0.333,34.05
7526,24576,24577,10.0,2.0,47.37
7527,24578,24579,1.5,0.5,8.45
7528,24598,24599,27.0,5.6,124.49
7529,24604,24605,7.0,0.727,34.38
7530,24606,24607,3.444,0.528,18.09
7531,24616,24617,65.0,162.0,322.13
7532,24618,24619,2.0,0.0,10.65
7533,24630,24631,10.0,0.0,69.45
7534,24634,24635,6.0,1.0,42.58
7535,24638,24639,9.0,0.0,55.18
7536,24640,24641,15.0,0.0,121.44
7537,24644,24645,20.5,0.5,166.63
7538,24648,24649,2.947,0.164,19.18
7539,24650,24651,4.556,0.261,33.55
7540,24652,24653,29.0,0.0,228.05
7541,24662,24663,4.95,0.261,35.94
7542,24664,24665,11.0,0.0,83.63
7543,24666,24667,8.0,0.0,63.81
7544,24672,24673,6.0,0.0,30.99
7545,24676,24677,18.0,0.0,92.09
7546,24682,24683,3.333,0.333,17.89
7547,24684,24685,21.2,4.7,45.11
7548,24686,24687,13.5,0.5,33.62
7549,24690,24691,30.5,13.143,64.98
7550,24694,24695,7.5,0.5,41.56
7551,24696,24697,1.286,0.238,6.17
7552,24710,24711,25.477,8.437,402.75
7553,24718,24719,10.571,1.619,48.45
7554,24726,24727,13.0,0.0,61.78
7555,24728,24729,1.333,0.5,3.71
7556,24730,24731,10.0,0.0,49.21
7557,24736,24737,4.0,0.0,20.53
7558,24774,24775,7.0,0.0,18.28
7559,24776,24777,18.0,0.0,73.73
7560,24780,24781,161.333,47463.0,77.5
7561,24784,24785,1.5,0.278,8.37
7562,24786,24787,12.667,5.333,62.06
7563,24788,24789,29.0,0.0,142.54
7564,24794,24795,7.643,0.555,38.64
7565,24796,24797,19.273,768.618,21.98
7566,24798,24799,3.815,0.322,56.24
7567,24800,24801,14.101,26.123,164.4
7568,24802,24803,1.5,0.609,12.69
7569,24804,24805,1.438,0.262,25.27
7570,24806,24807,6.562,0.396,101.79
7571,24808,24809,16.869,4.36,246.48
7572,24810,24811,11.062,0.196,173.28
7573,24812,24813,3.062,0.062,48.37
7574,24814,24815,13.095,390.89,98.55
7575,24816,24817,9.897,121.781,35.75
7576,24824,24825,1.333,0.333,7.39
7577,24826,24827,5.0,0.0,25.92
7578,24828,24829,5.25,0.25,26.31
7579,24834,24835,7.25,0.25,34.15
7580,24836,24837,2.0,0.0,8.02
7581,24838,24839,3.0,0.0,13.68
7582,24846,24847,10.4,2.711,50.88
7583,24848,24849,7.188,0.829,35.41
7584,24850,24851,14.889,3.516,74.25
7585,24852,24853,9.5,0.5,50.98
7586,24854,24855,18.0,0.0,86.68
7587,24856,24857,9.0,0.0,45.47
7588,24858,24859,35.667,37.867,148.92
7589,24860,24861,43.906,726.281,10.62
7590,24862,24863,4.5,0.333,23.53
7591,24864,24865,1.125,0.117,9.02
7592,24870,24871,7.0,2.0,33.78
7593,24872,24873,8.0,0.0,42.55
7594,24876,24877,7.0,0.0,35.13
7595,24878,24879,30.8,3013.7,27.84
7596,24880,24881,3.5,0.5,15.62
7597,24882,24883,5.333,2.333,23.34
7598,24884,24885,78.25,13134.917,1.38
7599,24888,24889,1.833,0.147,8.05
7600,24890,24891,7.6,0.933,37.96
7601,24892,24893,5.5,0.286,27.86
7602,24898,24899,7.0,1.0,34.05
7603,24902,24903,17.5,4.5,95.48
7604,24904,24905,1.333,0.333,4.31
7605,24908,24909,94.0,7329.0,23.41
7606,24914,24915,14.0,0.0,59.23
7607,24916,24917,2.0,0.0,10.13
7608,24918,24919,4.5,0.5,21.72
7609,24942,24943,4.0,0.0,19.18
7610,24944,24945,11.08,1195.044,7.29
7611,24948,24949,1.5,0.333,4.74
7612,24962,24963,24.5,544.5,2.18
7613,24964,24965,2.864,0.28,23.18
7614,24966,24967,6.091,0.891,31.62
7615,24968,24969,2.333,0.333,11.33
7616,24970,24971,11.0,0.0,50.45
7617,24972,24973,33.286,2355.905,11.46
7618,24980,24981,7.0,0.0,38.59
7619,24982,24983,26.5,1965.667,19.65
7620,24984,24985,5.0,0.0,23.97
7621,24992,24993,2.5,0.5,10.1
7622,24994,24995,6.333,2.333,29.01
7623,24996,24997,5.0,0.0,22.24
7624,25000,25001,2.0,0.0,4.78
7625,25002,25003,41.0,16.667,202.3
7626,25004,25005,3.0,0.0,1.49
7627,25020,25021,3.25,0.25,44.38
7628,25024,25025,2.6,0.3,31.63
7629,25026,25027,3.2,0.2,44.19
7630,25028,25029,4.0,0.0,46.97
7631,25030,25031,5.5,0.286,65.86
7632,25032,25033,2.125,0.125,25.55
7633,25038,25039,3.0,0.0,33.03
7634,25040,25041,4.333,0.333,54.95
7635,25042,25043,2.333,1.333,19.05
7636,25046,25047,2.0,0.0,17.42
7637,25048,25049,4.0,2.0,42.83
7638,25050,25051,23.5,0.5,304.94
7639,25052,25053,5.333,0.25,60.64
7640,25054,25055,1.111,0.111,15.53
7641,25056,25057,5.188,0.429,46.15
7642,25058,25059,1.667,0.333,13.33
7643,25060,25061,8.333,0.333,113.45
7644,25062,25063,2.5,0.333,30.35
7645,25080,25081,1.833,0.167,9.34
7646,25090,25091,6.0,0.0,38.42
7647,25118,25119,4.667,4.333,18.39
7648,25130,25131,6.0,0.0,25.23
7649,25136,25137,3.0,0.0,17.18
7650,25138,25139,6.5,0.5,30.15
7651,25142,25143,7.0,0.0,31.26
7652,25150,25151,4.0,0.0,20.3
7653,25158,25159,12.5,0.5,71.49
7654,25160,25161,16.75,97.533,49.88
7655,25162,25163,7.25,0.917,37.13
7656,25166,25167,1.8,3.2,2.22
7657,25174,25175,2.667,0.333,12.89
7658,25176,25177,27.0,19.0,131.9
7659,25178,25179,7.857,37.93,50.91
7660,25180,25181,22.182,265.175,18.38
7661,25188,25189,5.0,0.0,24.75
7662,25200,25201,6.333,0.333,27.44
7663,25206,25207,27.5,264.5,84.76
7664,25208,25209,3.5,0.333,17.43
7665,25212,25213,12.475,115.806,39.7
7666,25218,25219,10.0,0.0,48.22
7667,25220,25221,2.0,0.0,8.41
7668,25222,25223,11.5,0.5,52.04
7669,25224,25225,7.667,0.333,34.63
7670,25226,25227,13.0,0.0,68.65
7671,25230,25231,6.417,0.811,31.15
7672,25232,25233,3.0,0.0,18.31
7673,25236,25237,11.0,0.0,50.21
7674,25240,25241,6.091,44.11,1.36
7675,25242,25243,8.9,1.211,42.22
7676,25244,25245,7.167,5.767,29.02
7677,25246,25247,2.714,0.238,29.04
7678,25248,25249,2.6,0.489,31.58
7679,25252,25253,8.688,0.896,109.19
7680,25254,25255,2.4,25.278,20.25
7681,25256,25257,9.066,344.996,41.15
7682,25258,25259,40.855,12646.402,50.62
7683,25260,25261,44.81,13368.183,44.51
7684,25270,25271,2.877,0.244,33.84
7685,25272,25273,2.865,0.229,37.07
7686,25274,25275,2.245,0.211,29.12
7687,25276,25277,3.479,0.276,44.86
7688,25278,25279,2.454,0.249,31.2
7689,25280,25281,6.043,0.925,76.46
7690,25282,25283,6.846,0.777,85.6
7691,25286,25287,2.427,0.26,30.22
7692,25288,25289,3.411,0.384,42.23
7693,25290,25291,3.013,3.21,29.71
7694,25292,25293,2.787,0.199,31.32
7695,25294,25295,3.328,0.355,42.8
7696,25296,25297,2.73,0.302,34.99
7697,25298,25299,2.277,0.217,29.02
7698,25302,25303,2.847,0.307,36.32
7699,25304,25305,2.343,0.242,29.06
7700,25306,25307,2.413,0.325,29.15
7701,25308,25309,3.594,0.41,44.05
7702,25310,25311,5.437,4.353,62.7
7703,25312,25313,1.27,2.618,6.2
7704,25314,25315,7.649,200.019,42.52
7705,25316,25317,1.553,6.403,15.92
7706,25318,25319,10.897,126.176,109.42
7707,25320,25321,25.403,2732.791,118.03
7708,25322,25323,11.5,3.614,136.21
7709,25326,25327,9.012,11.0,102.13
7710,25328,25329,1.235,3.131,7.62
7711,25330,25331,9.52,16.206,111.69
7712,25332,25333,1.782,0.294,22.17
7713,25334,25335,2.236,0.218,28.54
7714,25336,25337,4.757,2.935,54.76
7715,25338,25339,6.09,14.106,38.46
7716,25342,25343,1.447,0.249,10.1
7717,25344,25345,1.164,0.139,8.48
7718,25346,25347,1.204,0.855,4.49
7719,25348,25349,2.837,5.348,14.9
7720,25350,25351,28.0,3797.885,66.27
7721,25352,25353,38.532,4761.255,88.17
7722,25354,25355,1.891,59.661,8.92
7723,25356,25357,56.233,10225.229,114.16
7724,25358,25359,25.408,3233.501,51.46
7725,25360,25361,5.886,0.545,73.34
7726,25362,25363,7.267,1.752,89.02
7727,25364,25365,16.952,187.919,155.22
7728,25366,25367,52.42,2434.755,76.57
7729,25368,25369,22.18,70.939,169.84
7730,25370,25371,2.357,0.235,27.28
7731,25372,25373,2.222,0.218,28.51
7732,25374,25375,6.024,0.603,77.38
7733,25376,25377,7.304,1.263,91.53
7734,25378,25379,6.316,18.808,41.69
7735,25380,25381,2.107,0.243,15.89
7736,25382,25383,7.214,2.79,53.43
7737,25386,25387,41.051,1587.116,187.46
7738,25388,25389,9.887,464.473,22.86
7739,25390,25391,23.078,1344.644,16.45
7740,25392,25393,35.723,717.004,141.04
7741,25394,25395,15.429,3.619,122.66
7742,25396,25397,23.25,730.786,74.62
7743,25398,25399,9.553,2.51,114.92
7744,25400,25401,3.667,13.405,37.59
7745,25402,25403,6.658,15.325,73.54
7746,25406,25407,6.74,11.093,59.12
7747,25408,25409,16.707,520.937,56.34
7748,25410,25411,42.15,1803.592,45.77
7749,25412,25413,6.411,579.796,31.71
7750,25414,25415,20.5,3.0,153.35
7751,25416,25417,1.004,0.004,8.78
7752,25418,25419,4.977,2.034,60.26
7753,25420,25421,3.066,0.734,36.29
7754,25422,25423,1.25,0.258,12.29
7755,25424,25425,4.0,0.182,43.48
7756,25426,25427,2.619,0.239,32.77
7757,25428,25429,4.094,0.348,51.47
7758,25430,25431,127.309,15254.847,36.12
7759,25432,25433,7.011,0.839,87.85
7760,25434,25435,3.629,1.418,31.75
7761,25436,25437,3.324,0.225,36.82
7762,25438,25439,191.65,60989.926,192.33
7763,25440,25441,115.886,29347.871,39.8
7764,25442,25443,323.674,65310.802,81.96
7765,25444,25445,92.102,10174.369,24.14
7766,25446,25447,36.727,3955.017,8.13
7767,25448,25449,4.29,40.355,20.59
7768,25450,25451,37.805,7496.234,13.28
7769,25452,25453,146.016,39847.564,37.87
7770,25454,25455,19.154,3.808,142.09
7771,25456,25457,2.0,0.167,14.5
7772,25458,25459,8.621,1.101,64.37
7773,25460,25461,3.103,4.81,15.71
7774,25462,25463,2.276,16.135,5.99
7775,25464,25465,12.15,8.029,91.38
7776,25466,25467,10.391,1.522,75.75
7777,25468,25469,17.458,9.563,129.31
7778,25470,25471,8.739,1.202,62.98
7779,25472,25473,12.636,2.338,92.01
7780,25474,25475,6.583,1.036,48.03
7781,25476,25477,9.926,1.379,71.56
7782,25480,25481,169.111,17470.105,159.13
7783,25482,25483,23.137,6.842,297.38
7784,25486,25487,1.365,0.558,11.21
7785,25496,25497,7.7,0.456,60.75
7786,25498,25499,4.9,0.1,38.79
7787,25500,25501,2.1,0.095,25.26
7788,25502,25503,3.4,0.358,43.43
7789,25504,25505,4.3,0.221,50.11
7790,25506,25507,2.594,3.281,27.21
7791,25508,25509,4.319,1.57,49.89
7792,25510,25511,4.628,0.382,58.9
7793,25512,25513,5.25,0.705,67.44
7794,25514,25515,17.0,0.0,84.89
7795,25516,25517,9.0,0.0,49.84
7796,25518,25519,6.5,0.5,28.73
7797,25522,25523,6.0,3.231,24.01
7798,25524,25525,5.625,0.268,28.26
7799,25530,25531,13.143,146.81,27.97
7800,25532,25533,5.4,0.3,26.63
7801,25536,25537,12.0,0.0,65.13
7802,25538,25539,16.0,0.0,90.22
7803,25542,25543,4.0,0.0,40.73
7804,25544,25545,2.315,0.258,19.21
7805,25546,25547,4.0,0.087,31.73
7806,25548,25549,1.782,0.174,13.39
7807,25552,25553,1.903,0.301,22.2
7808,25554,25555,2.307,0.462,26.68
7809,25556,25557,3.703,3.472,39.57
7810,25558,25559,2.122,0.36,21.84
7811,25560,25561,3.585,3.252,43.16
7812,25562,25563,9.333,0.5,74.06
7813,25564,25565,7.778,0.694,62.01
7814,25566,25567,1.366,0.252,16.97
7815,25568,25569,2.036,0.593,20.75
7816,25570,25571,1.465,0.251,17.11
7817,25572,25573,4.289,0.42,54.64
7818,25574,25575,3.384,0.329,43.13
7819,25580,25581,4.583,0.415,56.78
7820,25582,25583,7.25,0.782,88.86
7821,25584,25585,3.861,0.431,46.94
7822,25586,25587,4.161,0.424,53.08
7823,25588,25589,5.242,0.72,65.55
7824,25592,25593,4.194,0.392,54.28
7825,25594,25595,1.706,0.292,19.67
7826,25596,25597,2.346,0.27,29.04
7827,25600,25601,1.08,0.075,12.13
7828,25602,25603,6.193,0.694,78.86
7829,25604,25605,2.123,0.217,27.31
7830,25606,25607,9.394,1.442,119.7
7831,25608,25609,11.137,1.925,142.5
7832,25620,25621,17.333,224.095,166.06
7833,25622,25623,3.725,303.363,6.35
7834,25624,25625,10.453,421.599,61.83
7835,25626,25627,5.684,1.117,69.72
7836,25628,25629,5.333,0.596,62.03
7837,25632,25633,3.978,0.35,48.62
7838,25636,25637,4.785,0.61,56.7
7839,25638,25639,2.625,59.266,10.95
7840,25640,25641,22.881,400.205,62.26
7841,25646,25647,24.167,10.167,115.6
7842,25654,25655,1.032,0.032,7.66
7843,25656,25657,2.969,0.289,22.04
7844,25658,25659,2.656,0.297,20.35
7845,25660,25661,1.355,0.237,5.38
7846,25662,25663,1.5,0.5,12.18
7847,25668,25669,8.0,0.0,60.28
7848,25670,25671,5.952,0.748,46.26
7849,25672,25673,8.1,1.042,59.0
7850,25674,25675,11.2,1.747,86.82
7851,25676,25677,2.652,0.237,17.07
7852,25678,25679,4.024,0.274,29.74
7853,25680,25681,11.523,1641.372,38.18
7854,25682,25683,4.106,156.532,13.22
7855,25684,25685,4.217,0.451,32.35
7856,25686,25687,2.905,0.59,22.02
7857,25688,25689,4.55,0.261,30.85
7858,25690,25691,17.706,3.096,135.46
7859,25692,25693,9.955,4.426,80.61
7860,25694,25695,2.9,0.411,20.07
7861,25696,25697,5.333,0.5,42.12
7862,25698,25699,6.556,0.278,50.17
7863,25702,25703,5.789,0.62,41.83
7864,25704,25705,4.364,0.433,31.34
7865,25706,25707,4.917,0.083,38.03
7866,25708,25709,9.385,0.756,73.12
7867,25710,25711,4.462,0.269,29.75
7868,25712,25713,4.333,0.267,32.98
7869,25714,25715,5.167,0.567,39.1
7870,25716,25717,3.0,0.333,18.41
7871,25718,25719,8.556,0.528,63.3
7872,25720,25721,73.4,7632.267,88.3
7873,25722,25723,2.5,0.5,20.39
7874,25724,25725,9.5,0.5,69.02
7875,25726,25727,9.5,4.5,70.6
7876,25728,25729,5.714,0.571,47.4
7877,25730,25731,1.333,0.267,8.02
7878,25732,25733,8.25,0.917,66.25
7879,25734,25735,5.571,0.619,43.41
7880,25736,25737,10.286,55.905,53.54
7881,25738,25739,1.068,0.064,11.05
7882,25740,25741,1.016,0.016,10.65
7883,25742,25743,3.817,0.62,44.63
7884,25744,25745,3.723,0.447,45.95
7885,25746,25747,1.458,0.251,19.87
7886,25748,25749,2.909,0.382,36.0
7887,25750,25751,19.25,364.259,148.53
7888,25752,25753,3.127,0.227,39.22
7889,25754,25755,1.521,0.253,18.44
7890,25756,25757,1.789,0.255,21.21
7891,25758,25759,1.437,0.249,18.67
7892,25760,25761,1.93,0.181,23.94
7893,25762,25763,2.014,0.296,22.69
7894,25764,25765,1.28,0.204,15.67
7895,25766,25767,7.6,1.114,99.02
7896,25768,25769,6.571,0.264,85.29
7897,25770,25771,22.864,917.266,75.99
7898,25772,25773,2.607,0.247,30.2
7899,25774,25775,4.607,0.247,63.37
7900,25776,25777,2.679,0.3,36.1
7901,25778,25779,2.724,0.421,37.87
7902,25780,25781,6.69,0.507,91.12
7903,25782,25783,1.517,0.259,19.28
7904,25784,25785,7.8,0.924,104.46
7905,25786,25787,6.258,0.465,83.14
7906,25788,25789,4.258,0.531,55.37
7907,25790,25791,1.074,0.071,12.58
7908,25792,25793,17.67,2324.429,42.47
7909,25802,25803,2.839,0.34,38.78
7910,25806,25807,3.056,0.283,39.99
7911,25808,25809,5.944,0.511,78.43
7912,25810,25811,1.611,0.244,20.8
7913,25812,25813,5.189,0.491,68.07
7914,25814,25815,2.902,0.39,37.74
7915,25816,25817,134.35,122063.894,197.57
7916,25818,25819,29.155,839.819,57.24
7917,25820,25821,18.005,805.078,14.13
7918,25822,25823,7.396,8.998,49.48
7919,25824,25825,26.318,2482.863,35.9
7920,25826,25827,37.393,2781.34,34.97
7921,25828,25829,3.769,0.45,27.72
7922,25830,25831,6.791,1.67,48.43
7923,25832,25833,7.452,23.22,46.65
7924,25834,25835,8.574,52.424,47.9
7925,25836,25837,9.119,147.264,36.68
7926,25838,25839,5.565,102.788,21.26
7927,25840,25841,2.928,33.046,12.66
7928,25842,25843,2.809,62.393,11.13
7929,25844,25845,30.869,547.6,51.13
7930,25846,25847,183.403,71791.43,164.17
7931,25848,25849,91.461,42298.518,77.75
7932,25850,25851,49.029,13179.629,42.44
7933,25852,25853,66.522,21962.237,51.64
7934,25854,25855,6.363,738.876,6.28
7935,25856,25857,53.32,14462.207,25.3
7936,25858,25859,27.347,1771.794,87.4
7937,25860,25861,33.309,2290.281,46.53
7938,25862,25863,1.03,0.03,10.36
7939,25864,25865,4.184,16.404,33.7
7940,25866,25867,12.421,10.529,139.14
7941,25868,25869,6.669,24.43,66.72
7942,25870,25871,9.161,93.466,78.69
7943,25872,25873,1.034,0.146,7.49
7944,25874,25875,3.277,3.825,38.44
7945,25876,25877,21.541,12.78,254.32
7946,25878,25879,16.128,110.059,91.29
7947,25880,25881,3.673,14.794,21.05
7948,25882,25883,2.979,12.543,17.12
7949,25884,25885,1.224,3.126,10.55
7950,25886,25887,2.496,4.785,24.66
7951,25888,25889,8.259,30.83,61.48
7952,25890,25891,4.444,10.722,36.73
7953,25892,25893,3.126,1.668,29.45
7954,25894,25895,10.0,78.0,62.5
7955,25896,25897,2.981,6.501,9.27
7956,25898,25899,3.485,109.848,7.36
7957,25900,25901,14.852,815.926,35.7
7958,25902,25903,1.005,0.005,6.95
7959,25904,25905,1.463,0.255,19.63
7960,25906,25907,1.5,0.257,19.16
7961,25908,25909,11.389,1.502,142.6
7962,25910,25911,7.806,0.828,98.42
7963,25912,25913,4.0,0.467,51.25
7964,25914,25915,9.129,1.716,106.97
7965,25916,25917,7.795,0.852,100.67
7966,25920,25921,10.459,1.366,134.86
7967,25922,25923,6.054,0.386,76.1
7968,25928,25929,4.833,0.429,63.35
7969,25930,25931,2.278,0.206,29.0
7970,25932,25933,2.937,0.537,37.3
7971,25934,25935,6.726,0.591,101.26
7972,25936,25937,1.286,0.681,7.9
7973,25940,25941,32.281,4552.027,10.41
7974,25942,25943,101.633,8637.973,73.71
7975,25946,25947,6.0,0.0,59.01
7976,25952,25953,25.0,18.0,108.84
7977,25958,25959,5.342,0.673,38.4
7978,25960,25961,12.333,0.333,64.07
7979,25962,25963,56.5,60.5,274.72
7980,25966,25967,9.0,0.0,50.17
7981,25968,25969,9.0,1.0,48.27
7982,25970,25971,16.167,5.367,79.17
7983,25972,25973,7.667,0.424,55.59
7984,25974,25975,8.091,0.691,59.67
7985,25976,25977,34.167,4.567,257.81
7986,25978,25979,13.25,2.917,97.54
7987,25980,25981,331.778,125547.124,53.7
7988,25982,25983,708.85,204486.555,81.54
7989,25984,25985,34.661,5043.364,79.04
7990,25986,25987,36.051,5711.929,77.19
7991,25990,25991,6.444,0.278,47.3
7992,25992,25993,6.778,0.444,47.32
7993,25994,25995,9.143,0.81,65.9
7994,25996,25997,7.462,0.769,53.35
7995,25998,25999,6.143,2.286,39.2
7996,26000,26001,5.875,0.549,74.59
7997,26002,26003,4.875,0.549,62.58
7998,26004,26005,2.833,0.319,34.47
7999,26008,26009,6.13,1.028,74.57
8000,26010,26011,10.25,0.25,78.97
8001,26012,26013,5.0,0.0,36.78
8002,26016,26017,3.396,0.925,42.7
8003,26018,26019,2.333,0.333,11.61
8004,26024,26025,6.0,2.0,25.9
8005,26028,26029,15.0,0.0,80.86
8006,26030,26031,13.5,9.0,66.62
8007,26034,26035,13.0,0.0,70.46
8008,26036,26037,3.5,0.5,19.75
8009,26038,26039,7.0,0.0,34.55
8010,26044,26045,4.0,0.0,24.78
8011,26046,26047,9.0,0.0,27.04
8012,26048,26049,17.5,0.5,86.41
8013,26052,26053,5.0,0.0,22.55
8014,26056,26057,4.5,0.7,20.22
8015,26058,26059,8.0,0.0,38.79
8016,26062,26063,3.0,0.0,13.48
8017,26064,26065,5.5,0.5,26.35
8018,26068,26069,3.25,0.5,13.92
8019,26070,26071,18.0,128.667,60.89
8020,26072,26073,14.467,4.495,204.98
8021,26074,26075,14.15,1632.279,24.23
8022,26076,26077,19.957,2441.479,41.17
8023,26078,26079,127.77,16476.778,163.14
8024,26080,26081,136.013,14835.176,129.63
8025,26082,26083,57.718,7332.704,49.32
8026,26084,26085,4.286,0.238,35.04
8027,26086,26087,2.0,0.0,15.3
8028,26088,26089,3.0,0.0,27.07
8029,26090,26091,4.0,0.0,18.76
8030,26094,26095,3.688,0.229,18.01
8031,26102,26103,1.533,35.526,7.41
8032,26104,26105,22.606,1721.826,82.3
8033,26106,26107,15.481,1171.208,59.53
8034,26108,26109,24.545,1692.417,73.89
8035,26110,26111,15.635,1278.608,34.99
8036,26112,26113,5.026,325.973,18.43
8037,26114,26115,25.456,1950.262,64.86
8038,26118,26119,11.0,0.0,48.14
8039,26126,26127,8.0,0.0,37.66
8040,26130,26131,5.0,0.0,23.02
8041,26132,26133,6.0,0.0,34.89
8042,26134,26135,9.0,0.0,42.72
8043,26138,26139,13.182,1.564,66.31
8044,26140,26141,7.0,0.0,33.61
8045,26142,26143,11.833,1.367,144.81
8046,26144,26145,4.444,0.278,52.22
8047,26146,26147,15.833,0.879,184.64
8048,26150,26151,65.5,264.5,333.73
8049,26154,26155,4.0,0.0,24.12
8050,26156,26157,5.333,0.333,29.35
8051,26160,26161,17.769,3.692,83.25
8052,26162,26163,17.0,2.0,88.45
8053,26164,26165,16.333,2.333,78.55
8054,26174,26175,15.0,0.0,58.12
8055,26176,26177,4.5,0.5,20.96
8056,26180,26181,4.5,0.5,23.43
8057,26182,26183,4.0,0.0,20.46
8058,26184,26185,8.0,0.0,38.19
8059,26186,26187,8.0,1.6,38.28
8060,26188,26189,5.375,0.839,25.82
8061,26190,26191,5.0,0.0,22.84
8062,26192,26193,11.352,1.649,170.01
8063,26194,26195,5.312,7.071,60.54
8064,26196,26197,5.391,17.399,36.08
8065,26198,26199,9.479,1293.406,12.48
8066,26200,26201,1.859,0.218,22.91
8067,26202,26203,21.105,8007.274,33.65
8068,26204,26205,3.429,0.619,23.36
8069,26206,26207,9.714,0.571,69.94
8070,26208,26209,9.667,1.067,71.86
8071,26210,26211,15.0,2.5,108.45
8072,26212,26213,18.167,1.767,132.13
8073,26214,26215,3.067,0.495,21.93
8074,26216,26217,1.133,0.124,8.21
8075,26218,26219,7.429,1.286,53.43
8076,26220,26221,4.286,0.238,29.3
8077,26222,26223,10.429,0.952,74.53
8078,26224,26225,4.5,0.286,32.13
8079,26226,26227,7.143,0.81,49.81
8080,26228,26229,14.4,1.8,104.31
8081,26230,26231,11.0,1.0,81.57
8082,26232,26233,3.833,0.167,27.92
8083,26236,26237,8.333,0.333,45.31
8084,26238,26239,2.333,0.267,11.45
8085,26240,26241,9.25,0.25,39.4
8086,26242,26243,1.1,0.1,4.61
8087,26244,26245,7.0,0.0,36.2
8088,26246,26247,7.0,0.0,31.03
8089,26248,26249,7.25,0.917,60.38
8090,26250,26251,8.5,0.5,70.12
8091,26252,26253,9.0,0.0,71.9
8092,26254,26255,5.667,0.333,42.64
8093,26256,26257,8.0,0.0,64.16
8094,26258,26259,7.0,0.667,48.55
8095,26262,26263,58.0,0.0,397.68
8096,26264,26265,6.375,0.554,44.49
8097,26266,26267,11.0,1.0,78.47
8098,26268,26269,8.0,0.0,60.35
8099,26270,26271,20.0,1.0,154.38
8100,26272,26273,26.0,32.0,186.58
8101,26274,26275,9.909,0.291,75.95
8102,26276,26277,13.857,0.476,101.61
8103,26278,26279,12.25,1.643,88.99
8104,26280,26281,3.833,0.567,30.09
8105,26282,26283,3.0,0.0,27.17
8106,26284,26285,3.0,0.0,24.22
8107,26286,26287,3.0,0.0,23.34
8108,26288,26289,6.2,1.733,50.52
8109,26290,26291,10.125,0.696,76.85
8110,26292,26293,15.667,34.267,90.24
8111,26294,26295,5.333,0.667,40.92
8112,26302,26303,1.5,0.333,6.75
8113,26304,26305,4.6,0.3,34.57
8114,26306,26307,8.2,0.7,60.86
8115,26308,26309,8.2,0.7,64.09
8116,26310,26311,14.0,2.0,171.05
8117,26312,26313,7.0,0.0,62.86
8118,26314,26315,8.0,2.0,78.93
8119,26316,26317,7.0,0.0,59.14
8120,26318,26319,15.0,0.0,134.29
8121,26320,26321,9.0,1.0,83.51
8122,26322,26323,19.128,3.378,233.21
8123,26324,26325,9.575,9.738,115.3
8124,26326,26327,5.452,31.571,18.59
8125,26328,26329,17.775,2.179,231.1
8126,26330,26331,13.857,5.95,157.92
8127,26332,26333,8.477,1.472,119.41
8128,26334,26335,5.6,0.919,82.74
8129,26336,26337,9.429,66.143,95.36
8130,26338,26339,2.326,0.599,23.62
8131,26342,26343,10.342,1041.037,7.94
8132,26344,26345,33.426,1887.892,15.91
8133,26350,26351,10.667,1.678,51.1
8134,26352,26353,10.107,1.284,47.7
8135,26354,26355,9.038,1.158,43.39
8136,26356,26357,2.0,0.0,9.36
8137,26358,26359,10.0,0.0,43.02
8138,26362,26363,3.388,0.654,37.53
8139,26364,26365,1.417,0.245,16.37
8140,26366,26367,12.827,22.462,150.21
8141,26368,26369,16.693,1307.685,66.86
8142,26370,26371,50.737,11227.357,105.82
8143,26372,26373,60.964,19854.712,96.79
8144,26374,26375,49.183,19107.115,54.4
8145,26376,26377,37.425,11215.435,39.2
8146,26378,26379,24.872,6901.887,22.07
8147,26380,26381,44.154,8331.778,37.77
8148,26382,26383,39.0,0.0,215.7
8149,26386,26387,24.444,4.028,121.4
8150,26388,26389,20.0,0.0,154.54
8151,26390,26391,49.357,9365.94,166.93
8152,26392,26393,124.467,68223.775,59.13
8153,26394,26395,331.308,114597.102,56.77
8154,26396,26397,451.2,37511.733,132.14
8155,26398,26399,30.448,1251.796,165.22
8156,26400,26401,176.273,107217.459,66.66
8157,26404,26405,17.5,0.5,116.23
8158,26406,26407,3.0,0.0,20.78
8159,26410,26411,20.0,0.0,154.57
8160,26412,26413,13.0,0.0,101.69
8161,26416,26417,216.269,100953.887,83.61
8162,26418,26419,31.31,6144.463,6.87
8163,26420,26421,237.192,67860.402,40.37
8164,26422,26423,106.205,31902.725,27.6
8165,26424,26425,77.333,18806.544,19.11
8166,26426,26427,244.108,174180.544,59.65
8167,26428,26429,203.828,115362.005,39.17
8168,26430,26431,1.048,0.048,3.22
8169,26432,26433,34.857,4706.349,8.02
8170,26434,26435,267.429,145700.772,51.55
8171,26438,26439,9.0,0.667,45.6
8172,26440,26441,15.0,8.0,75.37
8173,26442,26443,22.8,194.622,79.7
8174,26444,26445,39.667,51.467,176.57
8175,26446,26447,28.032,17.096,203.67
8176,26448,26449,7.73,1.007,53.79
8177,26450,26451,6.111,0.861,44.16
8178,26452,26453,13.375,4.839,99.09
8179,26454,26455,18.661,4.483,132.67
8180,26456,26457,15.783,4.884,116.24
8181,26460,26461,2.429,0.286,14.57
8182,26462,26463,2.0,0.0,15.09
8183,26466,26467,7.0,0.4,57.06
8184,26468,26469,10.25,0.917,80.34
8185,26470,26471,3.75,0.25,29.59
8186,26476,26477,18.25,2.25,143.16
8187,26478,26479,8.9,1.656,69.68
8188,26480,26481,4.333,35.067,0.75
8189,26484,26485,5.667,64.267,13.69
8190,26486,26487,10.0,0.0,47.47
8191,26488,26489,4.4,0.489,20.47
8192,26490,26491,10.5,0.5,58.34
8193,26494,26495,17.0,0.0,40.29
8194,26498,26499,6.0,1.0,33.56
8195,26500,26501,6.5,0.333,32.85
8196,26502,26503,17.0,0.0,96.75
8197,26504,26505,5.5,0.7,25.51
8198,26506,26507,5.0,0.0,25.86
8199,26508,26509,6.0,2.0,26.44
8200,26510,26511,5.0,0.0,26.39
8201,26512,26513,5.184,0.911,23.84
8202,26514,26515,1.062,0.062,1.6
8203,26520,26521,14.333,4.333,71.04
8204,26522,26523,21.333,1.333,110.42
8205,26524,26525,1.059,0.057,4.5
8206,26534,26535,14.0,3.0,63.47
8207,26540,26541,11.266,710.744,9.84
8208,26544,26545,6.181,0.691,79.22
8209,26546,26547,4.075,0.774,51.29
8210,26548,26549,8.532,4.136,104.74
8211,26550,26551,8.0,64.0,20.22
8212,26554,26555,17.125,1348.696,20.32
8213,26558,26559,8.333,0.333,38.72
8214,26560,26561,10.0,0.0,48.87
8215,26562,26563,13.0,0.0,61.06
8216,26566,26567,138.5,31000.5,67.25
8217,26568,26569,2.667,0.267,16.45
8218,26570,26571,7.714,51.905,35.48
8219,26572,26573,17.0,0.0,68.1
8220,26574,26575,7.2,0.2,34.54
8221,26576,26577,3.0,0.0,11.85
8222,26578,26579,6.0,0.545,45.07
8223,26582,26583,4.0,0.0,20.61
8224,26586,26587,326.306,221409.018,152.67
8225,26588,26589,1585.273,883877.827,172.95
8226,26590,26591,25.528,2011.513,104.44
8227,26592,26593,40.912,7246.386,75.08
8228,26594,26595,21.312,3804.222,23.08
8229,26596,26597,34.9,6750.162,34.86
8230,26604,26605,7.2,1.2,49.56
8231,26606,26607,11.6,3.8,92.58
8232,26608,26609,42.75,477.583,129.13
8233,26610,26611,2.0,0.0,19.1
8234,26612,26613,79.0,0.0,29.21
8235,26614,26615,3.0,2.0,27.55
8236,26616,26617,12.0,8.0,94.44
8237,26618,26619,19.667,10.333,142.81
8238,26620,26621,5.171,102.495,20.7
8239,26622,26623,13.25,0.917,93.41
8240,26624,26625,28.0,1281.2,101.33
8241,26626,26627,323.765,115806.066,90.9
8242,26628,26629,13.0,3.0,103.32
8243,26630,26631,47.333,4182.333,76.08
8244,26636,26637,11.083,0.811,130.13
8245,26638,26639,7.364,1.255,90.56
8246,26642,26643,1.778,0.194,13.9
8247,26644,26645,9.25,1.929,66.34
8248,26646,26647,7.714,1.238,54.13
8249,26648,26649,10.8,0.7,75.69
8250,26650,26651,21.0,0.0,170.64
8251,26652,26653,15.0,0.0,117.34
8252,26654,26655,11.2,1.2,87.15
8253,26656,26657,29.0,32.0,210.48
8254,26658,26659,11.5,4.5,82.81
8255,26664,26665,9.6,0.8,66.94
8256,26666,26667,6.0,0.0,32.61
8257,26668,26669,3.308,0.231,18.65
8258,26670,26671,3.714,3.905,11.38
8259,26672,26673,18.333,1.467,91.39
8260,26674,26675,21.667,0.333,115.04
8261,26676,26677,14.5,0.5,74.85
8262,26678,26679,1.758,0.228,22.31
8263,26680,26681,1.339,0.243,16.65
8264,26682,26683,11.8,3.2,53.99
8265,26684,26685,1.917,0.629,9.01
8266,26686,26687,30.882,817.137,17.35
8267,26688,26689,6.333,0.333,31.74
8268,26696,26697,23.0,0.0,88.31
8269,26700,26701,11.0,0.667,53.94
8270,26702,26703,20.667,498.667,58.21
8271,26706,26707,8.333,49.867,13.23
8272,26708,26709,4.0,0.0,18.09
8273,26712,26713,21.0,50.0,75.25
8274,26714,26715,3.0,0.0,14.87
8275,26716,26717,3.0,0.0,17.46
8276,26718,26719,8.0,2.0,35.13
8277,26720,26721,7.0,0.0,30.34
8278,26722,26723,31.571,4.619,68.66
8279,26726,26727,34.0,0.0,91.02
8280,26728,26729,3.0,0.0,7.55
8281,26732,26733,13.333,3.25,28.38
8282,26734,26735,2.0,0.0,9.16
8283,26740,26741,13.5,4.5,66.44
8284,26742,26743,2.0,0.0,11.4
8285,26750,26751,4.0,0.0,22.11
8286,26756,26757,9.0,0.0,43.73
8287,26758,26759,2.0,0.0,8.47
8288,26760,26761,2.333,0.333,8.47
8289,26762,26763,9.333,5.333,38.44
8290,26764,26765,6.0,0.0,0.41
8291,26766,26767,17.0,98.0,46.46
8292,26772,26773,3.5,0.3,15.28
8293,26776,26777,3.0,0.0,14.73
8294,26780,26781,2.4,0.3,11.93
8295,26784,26785,5.5,1.0,25.52
8296,26790,26791,5.5,0.278,27.36
8297,26794,26795,2.2,7.2,5.35
8298,26796,26797,15.0,0.0,73.91
8299,26798,26799,14.0,2.0,60.03
8300,26800,26801,11.333,2.333,52.79
8301,26806,26807,21.0,2.0,103.74
8302,26820,26821,3.75,0.25,18.24
8303,26822,26823,8.0,0.0,33.32
8304,26826,26827,6.0,0.0,28.31
8305,26834,26835,13.0,1.0,65.89
8306,26852,26853,7.0,0.0,38.05
8307,26854,26855,64.0,0.0,332.8
8308,26858,26859,2.6,0.3,11.29
8309,26860,26861,4.0,0.0,21.09
8310,26862,26863,11.0,0.0,52.35
8311,26870,26871,12.0,0.0,46.95
8312,26872,26873,10.75,0.917,51.37
8313,26878,26879,24.0,0.0,109.81
8314,26882,26883,10.0,0.0,45.44
8315,26884,26885,1.5,0.5,5.89
8316,26886,26887,7.333,1.867,37.95
8317,26894,26895,4.4,0.3,23.69
8318,26898,26899,7.0,0.0,40.86
8319,26904,26905,8.0,0.0,38.41
8320,26908,26909,13.333,0.333,70.62
8321,26914,26915,1.5,0.5,9.68
8322,26916,26917,18.333,4.333,95.77
8323,26918,26919,6.0,0.0,32.6
8324,26920,26921,3.036,1.665,13.41
8325,26922,26923,20.576,4.627,93.82
8326,26926,26927,5.0,0.0,23.26
8327,26932,26933,8.0,2.667,56.69
8328,26934,26935,34.0,39.0,234.75
8329,26936,26937,10.0,0.0,67.57
8330,26938,26939,7.0,0.0,50.42
8331,26942,26943,5.667,0.333,39.06
8332,26944,26945,3.0,0.0,16.3
8333,26948,26949,5.0,0.0,32.07
8334,26950,26951,37.0,0.0,236.22
8335,26954,26955,9.0,0.0,40.3
8336,26958,26959,2.938,0.102,27.37
8337,26960,26961,8.609,1.267,170.68
8338,26964,26965,6.0,0.0,30.75
8339,26966,26967,7.5,0.5,39.16
8340,26968,26969,4.0,1.0,19.89
8341,26970,26971,4.8,0.2,22.64
8342,26976,26977,7.0,0.0,47.89
8343,26984,26985,4.188,0.166,47.31
8344,26986,26987,12.325,185.528,129.01
8345,26988,26989,2.4,0.3,24.79
8346,26990,26991,5.2,0.2,67.94
8347,26992,26993,6.111,0.361,74.51
8348,26994,26995,8.429,0.952,110.69
8349,26996,26997,5.0,0.4,62.64
8350,26998,26999,9.1,0.767,120.86
8351,27000,27001,7.5,0.5,50.1
8352,27002,27003,8.0,0.0,52.68
8353,27004,27005,22.0,0.0,185.95
8354,27008,27009,12.0,0.0,82.84
8355,27012,27013,6.0,0.0,37.87
8356,27014,27015,2.667,0.267,15.37
8357,27016,27017,9.0,4.0,57.31
8358,27018,27019,15.333,34.333,81.79
8359,27024,27025,9.0,0.0,56.48
8360,27026,27027,7.25,0.5,56.31
8361,27028,27029,15.5,152.857,81.01
8362,27030,27031,8.0,0.0,58.39
8363,27032,27033,11.0,0.0,73.18
8364,27034,27035,8.25,0.917,57.34
8365,27036,27037,10.0,0.0,68.52
8366,27040,27041,29.667,44.333,208.41
8367,27042,27043,4.143,0.143,32.16
8368,27044,27045,4.5,0.5,33.57
8369,27046,27047,30.0,0.0,183.1
8370,27048,27049,6.933,0.754,82.79
8371,27050,27051,3.857,0.476,43.66
8372,27052,27053,3.4,0.3,35.35
8373,27054,27055,11.5,0.5,106.83
8374,27056,27057,1.517,0.33,19.8
8375,27058,27059,7.692,0.862,96.65
8376,27060,27061,8.423,21.294,87.12
8377,27062,27063,1.24,0.19,6.97
8378,27064,27065,3.083,0.811,37.16
8379,27066,27067,6.545,0.473,79.3
8380,27068,27069,4.125,0.411,49.22
8381,27070,27071,11.833,1.367,152.33
8382,27072,27073,9.2,2.7,112.91
8383,27074,27075,10.5,4.5,119.48
8384,27080,27081,3.114,0.163,35.03
8385,27082,27083,3.778,0.463,49.14
8386,27084,27085,5.143,0.655,68.17
8387,27086,27087,5.118,0.592,65.0
8388,27090,27091,2.147,0.25,29.2
8389,27092,27093,3.114,0.339,39.12
8390,27094,27095,42.425,2049.025,119.57
8391,27098,27099,4.667,1.333,17.96
8392,27100,27101,6.0,0.0,37.35
8393,27104,27105,3.833,1.367,18.2
8394,27110,27111,20.7,1116.631,30.11
8395,27112,27113,9.174,0.968,68.53
8396,27114,27115,2.5,0.262,18.47
8397,27116,27117,1.727,0.208,13.78
8398,27118,27119,2.385,0.246,17.7
8399,27122,27123,5.0,0.0,26.28
8400,27124,27125,5.0,0.0,23.06
8401,27130,27131,3.0,0.0,14.8
8402,27132,27133,4.0,0.0,17.66
8403,27138,27139,13.333,2.333,57.15
8404,27140,27141,20.5,12.5,119.42
8405,27142,27143,7.667,1.333,53.49
8406,27144,27145,21.0,0.0,124.95
8407,27148,27149,6.817,0.593,51.49
8408,27150,27151,10.274,1.284,70.52
8409,27154,27155,5.5,0.5,43.25
8410,27156,27157,17.0,0.0,121.28
8411,27158,27159,7.667,0.667,59.4
8412,27162,27163,14.4,0.8,109.85
8413,27164,27165,12.4,2.8,98.68
8414,27166,27167,1.2,0.2,8.38
8415,27168,27169,24.5,9.667,190.61
8416,27172,27173,17.0,0.0,128.11
8417,27178,27179,25.0,0.0,162.46
8418,27180,27181,12.0,0.0,70.28
8419,27182,27183,19.0,2.0,146.04
8420,27184,27185,23.0,0.0,199.47
8421,27186,27187,3.0,0.0,20.19
8422,27188,27189,9.0,0.0,65.31
8423,27190,27191,2.0,0.0,14.8
8424,27192,27193,8.0,2.0,53.0
8425,27194,27195,7.0,1.0,56.57
8426,27200,27201,10.0,0.0,71.82
8427,27202,27203,1.136,0.119,8.85
8428,27204,27205,2.369,0.367,18.9
8429,27208,27209,12.866,1.5,232.5
8430,27210,27211,23.0,0.0,134.86
8431,27212,27213,33.81,13.262,158.99
8432,27214,27215,35.636,37.195,173.6
8433,27220,27221,20.0,0.0,115.28
8434,27224,27225,59.0,0.0,274.65
8435,27226,27227,34.5,0.5,165.51
8436,27228,27229,23.833,18.967,116.13
8437,27230,27231,72.0,0.0,424.13
8438,27236,27237,56.0,46.0,266.79
8439,27238,27239,21.0,7.333,101.26
8440,27240,27241,33.5,12.5,175.4
8441,27244,27245,6.0,0.0,22.09
8442,27246,27247,56.0,0.0,209.08
8443,27250,27251,25.333,5.333,139.42
8444,27252,27253,80.0,0.0,346.69
8445,27256,27257,14.0,0.0,62.62
8446,27258,27259,70.0,0.0,332.06
8447,27260,27261,31.0,0.0,145.54
8448,27266,27267,32.0,0.0,173.59
8449,27268,27269,35.833,26.265,167.77
8450,27270,27271,36.571,27.952,164.84
8451,27272,27273,20.0,1.0,94.72
8452,27274,27275,39.8,2.7,188.74
8453,27276,27277,3.0,0.0,16.39
8454,27278,27279,172.5,12.5,847.93
8455,27284,27285,31.0,32.0,131.02
8456,27286,27287,25.0,0.0,121.98
8457,27288,27289,26.0,0.0,126.08
8458,27290,27291,24.0,2.0,115.58
8459,27292,27293,48.25,29.929,235.18
8460,27294,27295,27.444,8.028,132.29
8461,27296,27297,26.5,8.3,127.1
8462,27298,27299,46.5,24.5,226.44
8463,27300,27301,20.5,12.5,101.08
8464,27302,27303,27.5,4.5,136.45
8465,27304,27305,13.652,2.328,105.22
8466,27306,27307,3.571,0.557,26.96
8467,27308,27309,18.529,4.515,134.37
8468,27310,27311,8.5,0.333,64.13
8469,27312,27313,15.0,0.0,129.62
8470,27314,27315,1.5,0.5,13.17
8471,27316,27317,11.0,1.333,74.3
8472,27318,27319,269.529,207306.39,75.83
8473,27320,27321,268.778,63118.194,101.83
8474,27322,27323,102.0,45004.176,267.78
8475,27324,27325,114.771,83663.534,43.89
8476,27326,27327,7.548,1024.523,9.98
8477,27328,27329,146.118,60061.61,45.93
8478,27330,27331,32.556,6220.278,0.37
8479,27332,27333,15.278,31.036,82.66
8480,27334,27335,7.0,1.2,55.52
8481,27336,27337,3.167,0.167,24.72
8482,27338,27339,7.667,0.667,57.97
8483,27340,27341,1.833,0.167,14.49
8484,27342,27343,1.833,0.167,14.99
8485,27344,27345,6.5,0.3,47.86
8486,27346,27347,2.308,0.231,19.4
8487,27348,27349,3.308,0.731,24.85
8488,27354,27355,2.333,0.333,18.69
8489,27356,27357,5.75,0.568,44.8
8490,27358,27359,4.636,0.255,34.15
8491,27360,27361,3.273,0.418,25.34
8492,27362,27363,1.182,0.164,9.08
8493,27364,27365,5.636,1.255,43.23
8494,27366,27367,3.7,0.456,27.79
8495,27368,27369,2.667,0.333,20.05
8496,27370,27371,1.667,0.333,13.12
8497,27374,27375,1.517,0.251,16.41
8498,27376,27377,20.0,0.0,137.16
8499,27378,27379,5.969,5.797,47.21
8500,27380,27381,1.75,0.25,6.97
8501,27386,27387,7.0,0.0,26.18
8502,27388,27389,27.862,535.152,111.62
8503,27390,27391,29.09,1777.84,16.22
8504,27392,27393,15.25,1140.461,30.01
8505,27394,27395,4.159,488.112,12.4
8506,27416,27417,4.5,0.333,20.96
8507,27418,27419,1.5,0.5,4.99
8508,27420,27421,4.667,0.333,22.97
8509,27422,27423,6.0,0.0,33.08
8510,27452,27453,5.5,0.5,23.18
8511,27454,27455,9.5,4.5,39.63
8512,27462,27463,16.0,0.0,75.98
8513,27470,27471,5.0,0.0,23.05
8514,27472,27473,8.0,0.0,39.8
8515,27488,27489,9.0,2.0,41.44
8516,27490,27491,5.0,0.0,22.72
8517,27504,27505,1.5,0.5,7.3
8518,27520,27521,16.4,1.3,124.32
8519,27522,27523,4.6,0.3,37.56
8520,27524,27525,4.714,0.36,31.8
8521,27526,27527,1313.512,183134.006,1102.08
8522,27528,27529,114.818,9493.164,2.85
8523,27532,27533,5.0,0.0,56.08
8524,27534,27535,16.75,574.5,45.58
8525,27536,27537,1.833,0.167,17.56
8526,27540,27541,1.8,0.2,12.73
8527,27542,27543,1.667,0.333,19.45
8528,27544,27545,19.333,4.333,275.92
8529,27546,27547,3.667,2.333,46.52
8530,27548,27549,3.11,0.286,64.02
8531,27550,27551,9.698,1.162,196.8
8532,27552,27553,5.167,0.167,46.66
8533,27556,27557,1.051,0.049,9.82
8534,27558,27559,16.432,4.698,323.47
8535,27564,27565,136.5,420.5,642.79
8536,27574,27575,18.0,0.0,87.26
8537,27578,27579,4.0,0.0,19.54
8538,27586,27587,4.801,33.562,46.6
8539,27588,27589,10.667,82.781,78.02
8540,27590,27591,17.701,95.79,49.12
8541,27592,27593,38.98,793.491,155.59
8542,27594,27595,54.5,112.5,268.63
8543,27596,27597,29.0,13.6,70.37
8544,27600,27601,21.0,0.0,43.04
8545,27606,27607,6.455,0.26,68.21
8546,27608,27609,2.453,0.253,30.62
8547,27610,27611,1.111,0.556,9.19
8548,27612,27613,12.788,921.817,70.41
8549,27614,27615,11.021,1060.326,37.03
8550,27616,27617,4.167,0.486,48.18
8551,27618,27619,4.865,0.62,57.61
8552,27620,27621,28.833,958.282,119.91
8553,27622,27623,12.759,581.761,14.91
8554,27624,27625,125.266,46451.024,45.48
8555,27626,27627,19.25,8.25,91.41
8556,27630,27631,4.333,0.333,18.87
8557,27632,27633,16.0,0.0,101.91
8558,27634,27635,20.0,7.0,136.23
8559,27638,27639,9.5,0.5,70.14
8560,27640,27641,11.5,0.5,91.9
8561,27642,27643,16.0,0.0,118.54
8562,27644,27645,9.5,0.5,61.27
8563,27650,27651,8.591,0.825,60.21
8564,27652,27653,15.75,3.566,113.34
8565,27654,27655,7.353,0.868,51.17
8566,27656,27657,8.0,0.0,57.23
8567,27658,27659,19.5,1.667,149.77
8568,27660,27661,13.0,1.429,97.72
8569,27662,27663,4.0,0.0,34.74
8570,27666,27667,8.583,0.992,65.51
8571,27668,27669,30.455,9.473,217.04
8572,27670,27671,21.0,0.0,88.73
8573,27672,27673,12.0,0.0,72.6
8574,27674,27675,8.0,0.0,103.92
8575,27676,27677,4.0,0.0,46.72
8576,27678,27679,5.0,0.0,48.61
8577,27682,27683,4.0,0.0,34.76
8578,27684,27685,8.667,0.333,40.49
8579,27686,27687,3.143,0.143,29.47
8580,27688,27689,3.143,0.476,40.05
8581,27694,27695,3.0,0.0,34.5
8582,27696,27697,4.0,0.0,50.4
8583,27698,27699,6.0,0.0,72.58
8584,27700,27701,4.0,0.0,53.54
8585,27702,27703,4.5,1.1,52.14
8586,27704,27705,4.5,1.667,58.87
8587,27706,27707,2.0,0.667,17.36
8588,27708,27709,2.04,0.123,14.48
8589,27710,27711,29.329,8.304,215.44
8590,27712,27713,5.293,0.426,38.65
8591,27714,27715,10.554,1.675,75.8
8592,27716,27717,2.274,0.229,16.03
8593,27718,27719,6.761,0.928,47.92
8594,27720,27721,7.886,0.972,56.03
8595,27736,27737,2.88,0.937,35.43
8596,27738,27739,1.88,1.355,21.23
8597,27740,27741,2.064,3.189,18.31
8598,27742,27743,2.798,6.462,14.85
8599,27744,27745,3.118,0.303,37.49
8600,27746,27747,1.01,0.01,10.49
8601,27748,27749,1.598,0.252,19.55
8602,27750,27751,1.016,0.016,10.9
8603,27752,27753,1.146,0.131,14.67
8604,27754,27755,2.0,61.295,7.59
8605,27756,27757,20.91,927.715,29.96
8606,27758,27759,3.927,0.365,45.16
8607,27760,27761,1.007,0.007,8.48
8608,27762,27763,1.424,0.249,17.75
8609,27768,27769,1.938,0.242,24.15
8610,27770,27771,2.253,0.873,26.79
8611,27772,27773,5.9,6.216,68.04
8612,27774,27775,6.544,24.005,58.18
8613,27776,27777,10.114,115.353,35.36
8614,27778,27779,1.078,0.072,12.88
8615,27780,27781,1.013,0.013,10.72
8616,27782,27783,2.681,0.439,32.96
8617,27784,27785,4.466,0.422,56.42
8618,27786,27787,7.716,2.358,92.24
8619,27788,27789,13.129,159.519,30.25
8620,27790,27791,8.44,83.328,20.81
8621,27792,27793,10.586,157.927,56.19
8622,27794,27795,1.931,0.253,13.64
8623,27796,27797,6.165,37.556,63.31
8624,27798,27799,28.271,311.145,70.41
8625,27800,27801,30.52,2909.344,29.24
8626,27802,27803,66.1,21709.114,41.37
8627,27804,27805,116.148,41875.426,77.18
8628,27806,27807,94.216,29984.291,75.47
8629,27808,27809,110.091,37427.579,74.44
8630,27810,27811,41.231,7068.746,29.22
8631,27812,27813,11.121,1456.041,5.12
8632,27814,27815,41.377,5416.981,29.02
8633,27816,27817,33.175,5019.531,23.04
8634,27818,27819,5.0,0.211,56.59
8635,27820,27821,10.0,0.0,79.76
8636,27822,27823,25.0,0.0,199.7
8637,27824,27825,1.846,0.135,9.68
8638,27826,27827,11.167,1.367,74.72
8639,27828,27829,16.0,0.0,191.98
8640,27830,27831,10.795,2.539,69.59
8641,27832,27833,5.667,1.333,44.2
8642,27834,27835,6.0,0.0,47.36
8643,27836,27837,5.5,0.5,39.85
8644,27838,27839,6.0,0.0,47.56
8645,27840,27841,6.5,0.5,53.53
8646,27842,27843,8.286,1.571,59.78
8647,27844,27845,8.5,0.5,65.49
8648,27846,27847,2.0,0.0,17.29
8649,27848,27849,3.667,0.333,28.7
8650,27850,27851,11.0,0.0,80.53
8651,27858,27859,12.0,0.0,65.09
8652,27862,27863,25.778,20.944,49.73
8653,27864,27865,4.211,0.287,32.59
8654,27866,27867,1.947,0.053,16.79
8655,27868,27869,2.5,0.261,19.68
8656,27870,27871,4.231,0.265,30.74
8657,27872,27873,2.69,0.222,18.79
8658,27874,27875,3.32,0.31,26.36
8659,27878,27879,3.217,0.814,22.83
8660,27880,27881,3.304,0.403,25.51
8661,27882,27883,4.174,0.423,31.57
8662,27884,27885,5.478,0.534,41.82
8663,27886,27887,6.625,0.679,49.84
8664,27888,27889,2.92,0.243,23.6
8665,27894,27895,25.0,0.0,64.06
8666,27896,27897,28.0,0.0,67.36
8667,27898,27899,28.0,28.0,56.9
8668,27904,27905,12.889,10.111,91.13
8669,27906,27907,1.722,0.33,11.96
8670,27908,27909,4.278,1.036,30.81
8671,27910,27911,8.333,0.5,60.3
8672,27912,27913,7.143,0.476,52.28
8673,27914,27915,2.333,0.267,18.52
8674,27916,27917,3.053,0.386,23.42
8675,27922,27923,3.739,0.383,29.78
8676,27924,27925,6.741,1.43,42.43
8677,27926,27927,7.857,0.81,53.61
8678,27928,27929,9.625,1.125,66.52
8679,27930,27931,6.0,0.0,53.22
8680,27932,27933,3.0,0.0,27.76
8681,27934,27935,6.5,0.5,57.51
8682,27938,27939,2.0,0.0,13.31
8683,27944,27945,2.597,0.296,34.28
8684,27946,27947,11.833,2.478,151.97
8685,27948,27949,2.442,0.292,28.8
8686,27950,27951,1.632,0.256,20.16
8687,27952,27953,3.684,0.41,46.34
8688,27954,27955,1.326,0.222,16.43
8689,27956,27957,2.931,0.381,32.61
8690,27958,27959,9.5,4.5,66.67
8691,27960,27961,8.0,0.0,49.19
8692,27962,27963,12.0,1.333,79.28
8693,27964,27965,2.0,0.0,15.79
8694,27966,27967,5.5,0.5,12.36
8695,27968,27969,54.333,14.333,129.47
8696,27970,27971,12.0,0.0,29.39
8697,27972,27973,9.0,0.0,18.13
8698,27974,27975,56.0,0.0,117.94
8699,27980,27981,19.0,32.0,32.4
8700,27982,27983,26.0,0.0,252.39
8701,27984,27985,8.875,1.554,68.16
8702,27986,27987,20.333,10.333,145.48
8703,27988,27989,10.333,2.333,67.92
8704,27990,27991,5.75,8.25,28.43
8705,27994,27995,23.0,0.0,52.57
8706,27996,27997,28.0,7.0,61.49
8707,27998,27999,35.0,0.0,54.97
8708,28000,28001,10.0,0.0,0.2
8709,28004,28005,15.0,0.0,122.82
8710,28006,28007,8.5,0.333,66.36
8711,28008,28009,25.571,3.619,189.53
8712,28010,28011,8.0,0.0,55.72
8713,28012,28013,28.25,3.583,201.73
8714,28014,28015,7.0,1.0,52.28
8715,28016,28017,4.0,0.0,29.96
8716,28018,28019,1.857,0.132,13.42
8717,28020,28021,1.1,0.1,9.61
8718,28022,28023,1.6,0.267,11.45
8719,28024,28025,7.0,1.0,51.05
8720,28028,28029,6.645,0.656,97.37
8721,28030,28031,11.519,2.259,185.46
8722,28032,28033,14.333,0.333,162.91
8723,28034,28035,8.0,0.0,48.24
8724,28036,28037,7.0,0.0,50.56
8725,28038,28039,4.0,0.0,32.56
8726,28040,28041,13.976,3.536,102.82
8727,28042,28043,8.348,2.143,54.16
8728,28044,28045,4.5,0.7,30.16
8729,28046,28047,23.25,1.583,161.63
8730,28048,28049,26.0,6.5,187.33
8731,28056,28057,7.0,0.0,44.51
8732,28058,28059,7.5,4.5,51.56
8733,28060,28061,15.833,8.5,117.09
8734,28062,28063,21.333,646.524,56.41
8735,28066,28067,1.154,0.141,8.08
8736,28070,28071,1.8,0.171,13.14
8737,28074,28075,2.75,0.2,19.9
8738,28076,28077,2.067,0.067,14.46
8739,28078,28079,8.5,0.5,19.57
8740,28082,28083,19.0,8.0,121.86
8741,28084,28085,8.5,0.5,65.27
8742,28086,28087,6.4,0.3,45.91
8743,28092,28093,8.0,1.0,62.23
8744,28094,28095,12.5,0.5,88.21
8745,28096,28097,4.0,0.0,35.73
8746,28098,28099,2.667,0.333,20.42
8747,28100,28101,5.5,0.5,48.39
8748,28102,28103,11.0,2.0,93.13
8749,28104,28105,10.0,0.0,84.02
8750,28106,28107,3.0,1.333,28.21
8751,28108,28109,10.5,7.143,96.53
8752,28114,28115,2.667,0.333,25.46
8753,28118,28119,16.4,108.8,124.44
8754,28120,28121,34.8,33.2,245.38
8755,28124,28125,24.0,8.0,54.03
8756,28128,28129,33.75,6.917,163.46
8757,28130,28131,8.0,0.0,45.55
8758,28132,28133,2.667,0.267,14.09
8759,28134,28135,2.286,0.238,15.26
8760,28136,28137,7.6,0.3,54.85
8761,28138,28139,2.2,0.2,17.69
8762,28140,28141,26.0,438.667,8.12
8763,28142,28143,12.0,2.0,80.08
8764,28144,28145,8.0,0.0,65.34
8765,28146,28147,21.0,0.0,157.79
8766,28148,28149,1.714,0.238,12.62
8767,28150,28151,37.25,457.583,93.7
8768,28152,28153,29.667,607.067,2.14
8769,28154,28155,3.0,0.0,24.85
8770,28156,28157,6.0,0.0,45.87
8771,28158,28159,6.0,0.0,44.5
8772,28160,28161,33.0,0.0,252.74
8773,28162,28163,4.0,90.0,4.75
8774,28164,28165,4.286,54.571,7.9
8775,28168,28169,2.2,0.2,10.93
8776,28170,28171,3.0,0.0,13.18
8777,28174,28175,15.0,7.556,116.76
8778,28176,28177,4.167,1.97,26.9
8779,28180,28181,13.333,4.5,90.66
8780,28182,28183,3.667,5.333,0.2
8781,28184,28185,3.0,0.0,16.59
8782,28192,28193,10.0,0.0,18.42
8783,28194,28195,9.0,0.0,20.45
8784,28196,28197,11.0,0.0,20.93
8785,28198,28199,46.0,12.667,97.37
8786,28200,28201,2.631,0.251,30.57
8787,28204,28205,1.197,0.159,15.38
8788,28206,28207,2.224,0.208,27.03
8789,28208,28209,15.549,3.961,193.19
8790,28210,28211,4.059,0.396,49.34
8791,28212,28213,4.931,6.837,48.36
8792,28214,28215,1.429,0.249,16.97
8793,28216,28217,8.86,0.73,99.37
8794,28218,28219,6.293,56.07,58.01
8795,28220,28221,3.75,0.25,23.83
8796,28222,28223,10.32,1658.553,19.01
8797,28224,28225,40.84,6807.388,83.04
8798,28226,28227,2.0,0.0,8.76
8799,28228,28229,11.0,0.0,52.86
8800,28230,28231,1.5,0.5,6.4
8801,28232,28233,9.0,0.667,40.69
8802,28234,28235,6.0,0.0,28.53
8803,28236,28237,9.0,1.0,44.64
8804,28242,28243,4.5,0.5,23.2
8805,28244,28245,6.25,0.25,33.14
8806,28250,28251,13.0,2.316,93.09
8807,28252,28253,2.143,0.229,17.42
8808,28254,28255,15.053,274.83,59.01
8809,28256,28257,193.4,6507.6,114.28
8810,28258,28259,98.846,21678.976,43.16
8811,28260,28261,96.795,16155.904,41.2
8812,28262,28263,204.553,28016.2,56.58
8813,28264,28265,42.333,5824.0,77.46
8814,28266,28267,17.0,0.8,135.13
8815,28268,28269,40.75,4466.917,58.22
8816,28270,28271,12.5,0.5,103.5
8817,28272,28273,7.667,0.333,52.01
8818,28274,28275,6.667,0.333,44.62
8819,28276,28277,17.0,0.0,142.38
8820,28278,28279,155.0,0.0,91.73
8821,28282,28283,4.8,0.2,36.42
8822,28284,28285,18.8,0.7,142.38
8823,28286,28287,32.917,2852.265,13.48
8824,28288,28289,10.2,0.844,81.58
8825,28290,28291,8.9,0.544,63.65
8826,28292,28293,15.171,4.845,105.05
8827,28294,28295,60.818,15986.364,50.72
8828,28296,28297,95.182,28084.364,20.87
8829,28298,28299,118.467,50060.41,24.95
8830,28300,28301,37.938,6944.596,15.47
8831,28304,28305,25.182,172.028,137.89
8832,28306,28307,18.8,4.7,135.21
8833,28308,28309,5.75,0.2,41.33
8834,28316,28317,23.0,2.0,199.78
8835,28318,28319,10.0,0.0,85.53
8836,28320,28321,61.0,0.0,63.6
8837,28322,28323,5.5,0.3,41.16
8838,28324,28325,7.2,0.7,56.01
8839,28326,28327,2.8,0.2,21.88
8840,28328,28329,3.2,0.2,25.36
8841,28330,28331,4.0,0.0,28.0
8842,28334,28335,2.5,0.5,18.94
8843,28336,28337,7.5,0.5,48.7
8844,28338,28339,20.067,4.961,152.57
8845,28342,28343,2.333,0.238,19.17
8846,28344,28345,6.733,0.924,54.91
8847,28348,28349,3.938,0.329,29.63
8848,28350,28351,5.846,1.808,48.5
8849,28352,28353,4.417,0.447,34.78
8850,28354,28355,1.909,0.091,16.24
8851,28356,28357,5.273,0.618,43.15
8852,28358,28359,5.636,0.455,46.32
8853,28362,28363,3.118,0.36,23.74
8854,28364,28365,27.769,1323.026,27.15
8855,28366,28367,6.25,0.774,47.68
8856,28368,28369,1.375,0.242,11.42
8857,28370,28371,3.839,0.473,29.17
8858,28372,28373,9.306,1.247,70.09
8859,28374,28375,2.865,0.287,20.9
8860,28376,28377,9.889,1.641,76.64
8861,28378,28379,4.333,0.333,36.3
8862,28380,28381,12.2,4.7,87.84
8863,28382,28383,10.0,0.0,29.52
8864,28384,28385,15.0,0.0,38.71
8865,28386,28387,17.0,0.0,46.55
8866,28392,28393,20.5,51.0,37.45
8867,28394,28395,19.5,361.667,7.57
8868,28396,28397,3.833,0.567,10.22
8869,28408,28409,45.8,28.622,97.57
8870,28410,28411,37.125,23.268,80.73
8871,28412,28413,12.419,1646.852,37.45
8872,28414,28415,2.938,0.196,22.37
8873,28416,28417,4.857,0.44,35.62
8874,28418,28419,3.889,0.361,28.93
8875,28420,28421,2.857,0.143,20.95
8876,28424,28425,4.6,1.3,34.37
8877,28426,28427,4.6,0.8,31.96
8878,28428,28429,1.074,0.071,7.53
8879,28434,28435,3.0,0.0,23.58
8880,28436,28437,5.64,0.657,42.55
8881,28442,28443,3.87,0.391,27.74
8882,28444,28445,4.174,0.423,30.77
8883,28446,28447,3.571,0.257,25.64
8884,28448,28449,16.0,0.0,32.1
8885,28454,28455,10.0,2.0,21.24
8886,28460,28461,10.5,0.5,26.89
8887,28462,28463,53.5,24.5,127.3
8888,28464,28465,13.0,7.0,27.09
8889,28470,28471,2.167,0.618,4.85
8890,28478,28479,109.222,13236.444,16.68
8891,28480,28481,2.02,0.033,18.89
8892,28482,28483,5.96,0.458,74.5
8893,28484,28485,2.0,0.0,11.28
8894,28486,28487,45.0,7.0,98.11
8895,28488,28489,3.389,0.84,8.82
8896,28490,28491,16.286,11.841,35.86
8897,28492,28493,9.909,4.658,22.9
8898,28494,28495,9.132,1.639,20.51
8899,28496,28497,2.766,0.246,20.92
8900,28498,28499,25.871,7.819,190.42
8901,28500,28501,3.714,0.265,26.98
8902,28502,28503,1.571,0.248,10.74
8903,28506,28507,13.692,2.501,99.59
8904,28508,28509,5.105,0.575,37.35
8905,28510,28511,6.842,0.801,49.48
8906,28512,28513,2.539,0.305,18.59
8907,28514,28515,2.697,6.374,15.51
8908,28516,28517,4.471,0.265,33.07
8909,28518,28519,4.889,0.361,37.74
8910,28520,28521,5.6,0.3,42.77
8911,28522,28523,8.0,1.5,60.05
8912,28524,28525,2.484,0.349,15.22
8913,28526,28527,3.545,1.663,42.27
8914,28528,28529,2.751,6.89,25.18
8915,28530,28531,19.807,254.523,56.3
8916,28532,28533,10.355,2.397,76.77
8917,28534,28535,2.353,0.321,18.09
8918,28536,28537,3.234,0.26,38.52
8919,28538,28539,2.805,0.343,35.77
8920,28540,28541,2.441,0.375,27.56
8921,28542,28543,3.031,0.296,39.2
8922,28546,28547,2.216,0.547,22.04
8923,28548,28549,1.11,0.516,7.67
8924,28550,28551,1.036,0.035,7.63
8925,28552,28553,1.538,1.436,1.76
8926,28556,28557,1.453,0.251,17.93
8927,28558,28559,3.0,0.235,23.46
8928,28560,28561,50.0,0.0,364.87
8929,28564,28565,8.0,0.667,58.89
8930,28566,28567,22.5,0.5,153.62
8931,28568,28569,10.957,1.68,81.29
8932,28570,28571,2.778,0.256,20.95
8933,28572,28573,1.007,0.007,9.5
8934,28574,28575,5.0,0.333,41.08
8935,28576,28577,7.75,0.917,61.69
8936,28578,28579,7.5,1.1,59.31
8937,28580,28581,46.111,1542.861,21.6
8938,28582,28583,4.0,0.0,26.86
8939,28584,28585,117.409,24070.433,26.84
8940,28586,28587,36.359,5178.92,7.79
8941,28590,28591,13.333,13.381,27.75
8942,28592,28593,3.5,0.5,10.39
8943,28596,28597,3.013,0.226,29.34
8944,28598,28599,2.833,0.567,23.11
8945,28600,28601,8.0,0.4,98.89
8946,28602,28603,36.0,0.0,186.87
8947,28604,28605,8.333,0.333,37.83
8948,28606,28607,6.2,0.7,31.05
8949,28608,28609,7.8,1.2,36.12
8950,28610,28611,51.286,12.905,247.47
8951,28612,28613,9.8,0.7,46.67
8952,28614,28615,4.143,0.81,35.55
8953,28618,28619,21.0,0.0,158.28
8954,28620,28621,6.625,0.268,46.15
8955,28622,28623,14.4,8.933,113.7
8956,28624,28625,1.625,0.268,10.53
8957,28626,28627,7.143,0.476,47.82
8958,28628,28629,10.222,0.444,71.38
8959,28630,28631,6.6,0.3,43.02
8960,28632,28633,6.0,0.0,39.22
8961,28634,28635,11.1,1.211,77.82
8962,28636,28637,9.833,0.567,69.13
8963,28640,28641,19.0,0.0,129.77
8964,28642,28643,14.0,0.667,102.31
8965,28644,28645,14.167,16.167,77.71
8966,28646,28647,21.152,4087.669,68.04
8967,28648,28649,7.742,674.748,22.08
8968,28650,28651,34.0,5328.478,30.37
8969,28652,28653,3.609,0.249,36.32
8970,28654,28655,46.254,11121.393,67.51
8971,28656,28657,59.822,11851.68,85.26
8972,28658,28659,54.718,11673.715,69.6
8973,28660,28661,78.628,14397.861,95.42
8974,28662,28663,130.381,22334.248,132.05
8975,28664,28665,47.489,9511.985,40.83
8976,28666,28667,2.0,0.0,16.65
8977,28668,28669,179.8,63289.457,58.97
8978,28670,28671,11.293,940.612,7.54
8979,28672,28673,92.214,18711.099,19.63
8980,28680,28681,13.0,2.0,67.68
8981,28684,28685,4.0,3.0,16.16
8982,28686,28687,2.316,0.247,25.7
8983,28688,28689,100.952,9131.548,45.75
8984,28690,28691,219.25,17329.987,67.28
8985,28692,28693,8.25,0.917,45.02
8986,28694,28695,13.5,1.667,71.17
8987,28696,28697,10.833,2.167,52.85
8988,28698,28699,4.0,0.0,20.47
8989,28700,28701,11.5,0.5,54.32
8990,28702,28703,21.151,1215.76,41.5
8991,28708,28709,32.675,3632.181,105.71
8992,28710,28711,4.932,493.816,13.14
8993,28718,28719,2.56,0.34,12.92
8994,28720,28721,9.133,0.809,45.58
8995,28726,28727,4.667,0.333,28.33
8996,28728,28729,18.167,1.367,142.59
8997,28730,28731,8.0,0.667,61.15
8998,28736,28737,11.836,2.288,85.85
8999,28738,28739,7.741,3.328,49.39
9000,28740,28741,20.0,0.0,44.64
9001,28742,28743,3.0,0.0,28.59
9002,28744,28745,17.2,2.7,39.72
9003,28748,28749,3.936,0.243,47.29
9004,28750,28751,4.645,0.552,41.54
9005,28752,28753,8.026,0.426,101.02
9006,28754,28755,10.89,682.098,60.89
9007,28756,28757,12.422,925.93,73.6
9008,28758,28759,18.34,1749.631,77.57
9009,28762,28763,2.698,0.292,20.62
9010,28764,28765,6.917,0.992,52.67
9011,28766,28767,16.062,830.863,35.53
9012,28768,28769,9.0,0.0,44.24
9013,28772,28773,37.5,8.7,188.34
9014,28774,28775,15.25,2.917,68.24
9015,28776,28777,2.5,0.5,10.08
9016,28778,28779,13.0,3.333,59.01
9017,28780,28781,10.429,1.619,49.14
9018,28782,28783,8.308,0.897,40.22
9019,28784,28785,7.929,0.841,38.41
9020,28786,28787,8.25,1.133,40.06
9021,28788,28789,11.381,12.648,48.68
9022,28790,28791,15.333,2.333,75.93
9023,28792,28793,10.0,0.0,58.25
9024,28800,28801,9.0,0.0,46.05
9025,28802,28803,41.0,0.0,204.14
9026,28806,28807,10.848,1.445,82.41
9027,28808,28809,41.0,0.0,200.7
9028,28810,28811,21.0,0.0,107.6
9029,28812,28813,5.0,0.0,27.37
9030,28814,28815,2.1,0.322,8.75
9031,28816,28817,4.692,54.564,12.16
9032,28820,28821,19.333,2.333,129.72
9033,28822,28823,243.0,0.0,13.42
9034,28824,28825,7.074,0.994,52.33
9035,28826,28827,18.111,3.872,125.37
9036,28830,28831,4.536,0.702,31.04
9037,28832,28833,58.241,23299.19,62.62
9038,28834,28835,85.536,29716.628,65.72
9039,28836,28837,212.833,74169.514,77.16
9040,28838,28839,467.091,175521.801,74.91
9041,28840,28841,850.824,190202.279,78.24
9042,28844,28845,16.0,0.0,110.34
9043,28846,28847,16.0,0.0,123.17
9044,28850,28851,14.2,1.7,114.49
9045,28852,28853,3.6,0.3,28.52
9046,28856,28857,4.571,0.619,34.67
9047,28858,28859,2.429,0.286,19.07
9048,28864,28865,8.5,1.667,52.66
9049,28866,28867,3.8,0.178,24.96
9050,28870,28871,5.5,0.5,39.91
9051,28872,28873,2.0,0.0,13.4
9052,28876,28877,6.0,0.0,39.31
9053,28878,28879,24.143,2719.958,67.04
9054,28880,28881,13.125,2.696,96.66
9055,28882,28883,11.429,112.286,15.98
9056,28884,28885,7.909,0.291,39.79
9057,28886,28887,992.071,183445.918,122.66
9058,28888,28889,18.727,7.018,224.43
9059,28890,28891,29.455,26.073,218.49
9060,28892,28893,14.625,7.125,111.03
9061,28894,28895,37.1,40.1,271.65
9062,28898,28899,19.509,7.44,147.34
9063,28900,28901,7.309,0.736,48.2
9064,28902,28903,13.0,0.0,98.13
9065,28904,28905,21.0,0.0,140.56
9066,28908,28909,7.5,0.5,58.54
9067,28910,28911,6.0,0.0,44.34
9068,28912,28913,16.0,0.0,136.63
9069,28914,28915,7.667,0.333,55.9
9070,28918,28919,21.667,0.333,143.83
9071,28920,28921,9.0,0.0,70.5
9072,28922,28923,142.5,180.5,74.19
9073,28924,28925,14.0,2.0,112.68
9074,28926,28927,11.0,0.0,90.89
9075,28928,28929,1.978,13.044,5.41
9076,28930,28931,7.0,0.0,44.53
9077,28932,28933,10.0,0.0,65.19
9078,28936,28937,8.933,0.414,103.16
9079,28938,28939,90.253,22439.563,183.6
9080,28940,28941,131.208,32303.646,102.07
9081,28942,28943,15.667,0.333,70.54
9082,28946,28947,24.0,0.0,134.85
9083,28950,28951,24.5,12.5,130.64
9084,28952,28953,1.519,0.253,14.15
9085,28954,28955,32.0,0.0,222.43
9086,28956,28957,12.25,1.583,96.21
9087,28958,28959,12.279,1.349,146.12
9088,28960,28961,26.075,215.404,224.52
9089,28962,28963,1.538,0.255,6.13
9090,28964,28965,1.312,0.296,14.88
9091,28968,28969,9.0,0.0,74.67
9092,28970,28971,3.0,0.0,14.66
9093,28976,28977,7.75,0.25,51.89
9094,28978,28979,15.4,1.378,109.52
9095,28980,28981,7.5,0.5,51.08
9096,28982,28983,7.25,0.25,51.9
9097,28984,28985,7.75,0.25,58.16
9098,28986,28987,17.0,2.5,134.57
9099,28988,28989,8.7,2.011,57.52
9100,28990,28991,9.333,2.333,64.92
9101,28992,28993,6.667,1.333,46.02
9102,28996,28997,7.208,364.321,17.57
9103,28998,28999,5.548,0.323,40.72
9104,29000,29001,12.062,5.028,86.66
9105,29002,29003,9.879,1.047,68.47
9106,29004,29005,3.757,0.634,26.45
9107,29006,29007,20.133,1512.255,26.99
9108,29008,29009,246.545,109204.114,91.86
9109,29010,29011,100.0,9723.6,0.2
9110,29012,29013,1.333,0.333,5.21
9111,29014,29015,1.667,0.333,8.09
9112,29016,29017,3.0,0.0,16.05
9113,29018,29019,9.5,14.091,44.21
9114,29022,29023,3.0,0.571,13.78
9115,29026,29027,17.0,2.0,77.12
9116,29030,29031,3.5,0.5,13.78
9117,29032,29033,39.375,3.696,173.22
9118,29034,29035,49.0,0.0,226.12
9119,29036,29037,5.067,0.685,37.08
9120,29038,29039,6.412,0.856,47.2
9121,29040,29041,3.111,0.111,24.12
9122,29042,29043,4.2,0.2,34.22
9123,29044,29045,3.833,0.567,29.46
9124,29046,29047,8.625,1.125,65.01
9125,29048,29049,11.143,13.143,69.2
9126,29050,29051,3.182,0.528,24.74
9127,29052,29053,4.485,0.445,34.11
9128,29054,29055,3.417,0.364,24.98
9129,29056,29057,9.167,1.061,70.46
9130,29058,29059,3.778,0.194,30.2
9131,29060,29061,10.0,0.0,98.01
9132,29062,29063,10.598,2.876,77.16
9133,29064,29065,5.385,1.572,36.96
9134,29066,29067,2.273,0.218,22.67
9135,29068,29069,1.182,0.164,9.34
9136,29070,29071,4.0,0.0,53.04
9137,29072,29073,4.905,0.49,25.82
9138,29074,29075,8.571,9.619,117.11
9139,29076,29077,3.4,0.3,30.57
9140,29078,29079,2.0,0.0,23.94
9141,29080,29081,5.667,0.667,63.23
9142,29082,29083,2.714,0.238,31.7
9143,29084,29085,18.267,845.352,18.58
9144,29086,29087,5.667,0.267,63.15
9145,29088,29089,3.0,0.0,20.47
9146,29090,29091,3.889,0.361,28.46
9147,29092,29093,2.333,0.333,13.94
9148,29096,29097,3.75,0.25,37.0
9149,29098,29099,1.25,0.25,13.87
9150,29106,29107,2.0,0.0,23.23
9151,29108,29109,51.0,0.0,30.83
9152,29110,29111,8.0,2.0,95.14
9153,29112,29113,3.5,0.5,28.97
9154,29120,29121,18.5,0.5,154.84
9155,29130,29131,2.0,0.0,13.17
9156,29132,29133,8.4,0.8,60.73
9157,29134,29135,2.0,0.0,11.48
9158,29136,29137,4.0,0.4,31.69
9159,29138,29139,3.375,0.268,24.9
9160,29140,29141,6.0,0.0,42.39
9161,29142,29143,3.0,0.0,18.17
9162,29144,29145,9.5,4.5,64.7
9163,29146,29147,15.0,0.0,119.36
9164,29148,29149,2.833,0.167,23.98
9165,29150,29151,3.25,0.25,25.83
9166,29154,29155,6.6,0.8,50.77
9167,29156,29157,26.0,2.0,190.32
9168,29158,29159,7.833,0.967,59.53
9169,29160,29161,6.0,2.0,43.95
9170,29162,29163,11.087,5.447,84.33
9171,29164,29165,3.6,0.358,26.56
9172,29166,29167,1.238,0.19,8.15
9173,29168,29169,3.524,0.262,22.92
9174,29170,29171,6.263,1.316,45.53
9175,29174,29175,2.091,0.091,12.64
9176,29176,29177,9.0,0.8,68.04
9177,29178,29179,14.0,2.0,100.19
9178,29180,29181,4.8,0.303,36.41
9179,29182,29183,3.75,0.194,28.86
9180,29184,29185,2.793,0.241,20.13
9181,29186,29187,1.037,0.037,8.29
9182,29188,29189,14.0,2.545,103.62
9183,29190,29191,16.095,2.39,120.87
9184,29192,29193,12.824,3.529,89.84
9185,29194,29195,2.5,0.4,19.38
9186,29196,29197,16.333,0.267,133.12
9187,29198,29199,11.0,0.0,78.73
9188,29200,29201,9.5,0.5,64.78
9189,29204,29205,4.0,0.0,19.45
9190,29208,29209,4.0,18.0,2.44
9191,29210,29211,1.333,0.333,0.74
9192,29212,29213,1.5,1.5,1.83
9193,29216,29217,15.333,0.667,78.34
9194,29222,29223,18.5,0.5,75.42
9195,29228,29229,2.8,0.4,14.43
9196,29230,29231,9.0,0.0,91.39
9197,29238,29239,8.0,0.0,50.54
9198,29246,29247,2.0,0.0,13.33
9199,29248,29249,24.0,0.0,190.99
9200,29256,29257,11.0,0.0,77.71
9201,29258,29259,1.188,0.162,8.91
9202,29260,29261,1.188,0.163,8.41
9203,29262,29263,12.558,107.491,15.21
9204,29266,29267,2.609,0.249,19.96
9205,29270,29271,1.031,0.031,7.99
9206,29272,29273,2.421,0.304,17.86
9207,29276,29277,2.366,7.938,13.38
9208,29278,29279,37.0,0.0,260.24
9209,29280,29281,11.0,0.0,57.83
9210,29282,29283,1.667,0.5,12.57
9211,29284,29285,6.3,14.9,28.14
9212,29290,29291,2.143,0.143,13.67
9213,29296,29297,2.222,0.194,15.92
9214,29298,29299,2.333,0.333,19.69
9215,29300,29301,9.0,0.0,63.34
9216,29304,29305,4.0,0.0,28.94
9217,29306,29307,2.667,0.267,19.01
9218,29308,29309,4.222,1.444,23.8
9219,29310,29311,3.0,0.0,20.35
9220,29312,29313,3.667,0.267,24.18
9221,29314,29315,9.0,0.0,54.42
9222,29316,29317,18.167,1.767,126.36
9223,29318,29319,6.0,0.75,39.8
9224,29320,29321,52.25,4784.25,129.58
9225,29322,29323,10.5,0.5,76.01
9226,29324,29325,28.333,2730.667,54.54
9227,29326,29327,11.0,0.0,76.74
9228,29328,29329,14.75,4.25,107.35
9229,29330,29331,4.0,0.0,23.64
9230,29332,29333,4.25,0.25,28.7
9231,29334,29335,2.5,0.3,18.3
9232,29340,29341,7.0,0.0,54.89
9233,29342,29343,26.667,9.333,205.84
9234,29344,29345,15.667,2.333,117.87
9235,29346,29347,4.5,0.5,33.29
9236,29348,29349,12.0,0.0,100.05
9237,29352,29353,3.0,0.0,22.06
9238,29354,29355,4.5,0.5,30.52
9239,29356,29357,6.0,0.0,32.28
9240,29358,29359,5.0,0.0,27.4
9241,29362,29363,1.5,0.5,8.95
9242,29366,29367,4.0,0.0,23.82
9243,29370,29371,3.0,0.0,19.78
9244,29372,29373,5.0,0.0,30.21
9245,29376,29377,10.0,0.0,79.42
9246,29380,29381,2.25,0.25,19.74
9247,29382,29383,11.667,1.333,86.78
9248,29384,29385,15.0,0.0,110.02
9249,29386,29387,9.778,31.694,47.53
9250,29390,29391,5.0,0.0,35.65
9251,29392,29393,2.8,0.314,23.16
9252,29394,29395,6.143,0.593,47.23
9253,29396,29397,2.154,0.141,15.79
9254,29400,29401,5.0,0.0,37.37
9255,29402,29403,6.75,3.929,59.5
9256,29404,29405,5.692,1.897,38.14
9257,29406,29407,5.534,2.086,68.51
9258,29410,29411,6.108,0.591,78.16
9259,29412,29413,7.541,1.375,93.23
9260,29414,29415,7.271,1.07,89.8
9261,29416,29417,3.609,0.34,33.79
9262,29418,29419,2.6,0.463,31.72
9263,29420,29421,9.368,0.69,124.74
9264,29422,29423,4.0,1.111,32.19
9265,29424,29425,1.5,0.278,14.64
9266,29426,29427,4.778,0.194,47.52
9267,29428,29429,35.0,0.0,238.01
9268,29430,29431,11.0,0.0,88.6
9269,29434,29435,5.667,0.333,40.77
9270,29436,29437,5.75,0.917,43.0
9271,29438,29439,13.0,0.0,103.42
9272,29440,29441,35.0,0.0,73.5
9273,29444,29445,2.316,0.228,29.37
9274,29448,29449,3.294,0.346,39.94
9275,29450,29451,5.056,0.408,24.38
9276,29460,29461,6.769,0.587,51.64
9277,29464,29465,4.947,0.497,55.73
9278,29466,29467,5.611,0.605,72.84
9279,29468,29469,8.0,0.0,98.27
9280,29470,29471,2.211,0.175,13.09
9281,29472,29473,2.714,0.571,18.94
9282,29474,29475,2.333,0.333,16.51
9283,29478,29479,12.4,0.8,99.06
9284,29480,29481,3.4,0.3,23.85
9285,29482,29483,4.0,0.0,31.68
9286,29484,29485,8.5,0.7,63.25
9287,29486,29487,5.143,0.143,38.12
9288,29488,29489,3.571,0.264,44.89
9289,29492,29493,5.0,0.143,66.51
9290,29494,29495,15.2,2.029,177.93
9291,29502,29503,2.0,12.105,4.46
9292,29504,29505,2.375,0.268,11.22
9293,29506,29507,2.0,0.0,9.98
9294,29508,29509,8.5,0.333,86.96
9295,29514,29515,5.906,1.087,46.58
9296,29516,29517,14.204,2.707,106.98
9297,29518,29519,4.963,0.451,35.71
9298,29520,29521,7.074,0.825,52.41
9299,29522,29523,7.352,0.647,54.77
9300,29526,29527,1.143,0.143,6.52
9301,29532,29533,9.5,0.5,76.1
9302,29534,29535,5.0,0.0,31.71
9303,29536,29537,7.0,2.0,45.76
9304,29538,29539,3.667,0.333,25.08
9305,29544,29545,2.0,0.0,11.75
9306,29546,29547,2.0,0.0,13.72
9307,29550,29551,4.6,0.3,21.83
9308,29554,29555,2.25,0.194,13.67
9309,29556,29557,13.2,4.7,100.61
9310,29558,29559,16.0,0.0,126.66
9311,29560,29561,5.25,0.25,39.44
9312,29562,29563,24.75,4.25,185.33
9313,29568,29569,7.25,0.25,57.34
9314,29570,29571,11.0,0.0,87.67
9315,29572,29573,8.2,0.7,58.67
9316,29574,29575,23.0,0.0,97.51
9317,29576,29577,22.0,0.0,155.79
9318,29580,29581,6.769,0.345,76.1
9319,29582,29583,4.548,0.389,35.37
9320,29584,29585,6.889,51.903,36.78
9321,29586,29587,1.029,0.029,6.82
9322,29588,29589,48.48,1425.983,73.03
9323,29590,29591,6.0,0.0,42.88
9324,29592,29593,7.0,2.0,56.59
9325,29594,29595,10.333,0.333,78.0
9326,29596,29597,3.667,0.267,25.94
9327,29598,29599,32.0,26.0,235.72
9328,29600,29601,13.857,1.516,97.34
9329,29602,29603,12.941,3.184,91.01
9330,29604,29605,7.867,0.838,55.57
9331,29606,29607,44.917,1049.902,104.12
9332,29608,29609,91.714,15642.238,20.29
9333,29610,29611,42.5,12.5,95.69
9334,29612,29613,6.75,0.5,53.08
9335,29614,29615,11.2,1.7,86.79
9336,29616,29617,18.0,0.0,134.36
9337,29620,29621,2.0,0.0,19.86
9338,29622,29623,10.0,2.0,71.69
9339,29624,29625,5.667,1.467,42.03
9340,29626,29627,4.0,0.5,27.87
9341,29628,29629,6.25,0.917,46.88
9342,29632,29633,3.5,0.5,24.23
9343,29634,29635,10.0,0.0,69.98
9344,29636,29637,11.0,0.0,75.34
9345,29638,29639,9.5,4.5,78.24
9346,29640,29641,7.0,0.0,47.26
9347,29642,29643,6.0,1.0,46.49
9348,29644,29645,1.5,0.5,15.43
9349,29646,29647,8.0,0.0,59.51
9350,29648,29649,8.75,0.917,60.12
9351,29650,29651,21.0,0.0,165.06
9352,29652,29653,15.7,2.9,112.58
9353,29654,29655,10.429,2.952,135.35
9354,29656,29657,5.579,0.368,39.46
9355,29658,29659,5.667,0.424,42.65
9356,29660,29661,13.3,3.122,92.09
9357,29662,29663,2.0,0.8,15.13
9358,29664,29665,7.0,0.0,47.89
9359,29670,29671,4.0,0.0,21.02
9360,29674,29675,8.0,0.0,40.31
9361,29684,29685,17.5,4.5,132.35
9362,29686,29687,31.25,570.917,134.94
9363,29688,29689,9.846,0.474,73.75
9364,29690,29691,16.333,2.333,118.28
9365,29694,29695,19.462,6.603,92.54
9366,29696,29697,88.6,53.8,460.52
9367,29698,29699,35.4,192.3,217.77
9368,29700,29701,21.4,2.3,108.45
9369,29702,29703,19.667,2.0,146.07
9370,29704,29705,17.0,2.8,128.09
9371,29712,29713,9.0,0.0,54.63
9372,29720,29721,4.667,0.333,33.52
9373,29724,29725,5.0,0.0,34.55
9374,29728,29729,5.023,1.666,54.29
9375,29730,29731,3.117,1.299,37.46
9376,29732,29733,4.773,0.445,60.71
9377,29734,29735,2.668,0.286,34.06
9378,29736,29737,7.917,1.174,64.75
9379,29738,29739,2.462,0.269,20.92
9380,29740,29741,4.0,0.0,32.39
9381,29742,29743,2.211,0.175,17.12
9382,29744,29745,4.778,6.889,24.82
9383,29746,29747,48.769,48.692,234.86
9384,29748,29749,49.0,0.0,235.24
9385,29750,29751,65.0,0.0,343.66
9386,29752,29753,86.0,0.0,451.26
9387,29758,29759,14.314,2.477,224.36
9388,29760,29761,5.652,0.537,71.42
9389,29764,29765,1.786,0.181,14.65
9390,29766,29767,224.565,28040.477,210.63
9391,29768,29769,2.125,0.125,26.0
9392,29770,29771,10.49,1.551,131.17
9393,29772,29773,11.541,3.22,129.19
9394,29774,29775,2.827,0.185,21.65
9395,29776,29777,14.633,8.779,96.1
9396,29778,29779,10.667,0.471,81.5
9397,29780,29781,40.846,5449.139,54.84
9398,29782,29783,41.328,4634.323,24.46
9399,29784,29785,13.0,0.0,91.9
9400,29788,29789,10.0,2.0,74.49
9401,29790,29791,3.6,0.3,23.93
9402,29792,29793,11.5,0.333,79.69
9403,29794,29795,2.0,0.129,22.36
9404,29796,29797,81.049,10470.598,77.5
9405,29798,29799,12.667,4.333,93.52
9406,29800,29801,17.5,3.667,132.29
9407,29802,29803,15.8,4.7,118.83
9408,29806,29807,16.8,2.7,122.91
9409,29808,29809,14.7,1.567,112.5
9410,29810,29811,4.429,0.418,34.18
9411,29812,29813,36.0,1499.368,60.41
9412,29816,29817,4.0,0.0,23.82
9413,29820,29821,5.0,0.0,54.94
9414,29822,29823,3.0,0.0,46.2
9415,29824,29825,3.0,0.0,32.81
9416,29828,29829,10.0,0.0,51.67
9417,29830,29831,7.933,0.781,87.36
9418,29836,29837,6.0,0.0,39.22
9419,29838,29839,6.0,0.0,28.02
9420,29840,29841,5.0,0.0,29.46
9421,29842,29843,4.0,0.0,22.03
9422,29844,29845,1.375,1.583,7.33
9423,29846,29847,11.571,3.495,86.56
9424,29848,29849,9.5,0.333,72.84
9425,29850,29851,13.143,1.209,100.28
9426,29854,29855,18.2,3.511,135.58
9427,29856,29857,11.0,0.0,1.13
9428,29858,29859,2.0,0.0,11.97
9429,29860,29861,13.0,0.0,58.18
9430,29862,29863,5.0,0.0,17.7
9431,29864,29865,6.0,2.0,28.99
9432,29866,29867,5.846,0.641,42.19
9433,29868,29869,28.5,6.333,214.61
9434,29870,29871,12.5,4.333,87.51
9435,29872,29873,10.0,0.0,88.11
9436,29874,29875,7.0,0.0,53.84
9437,29876,29877,13.5,0.5,100.65
9438,29878,29879,10.0,0.0,74.52
9439,29880,29881,5.077,0.244,38.49
9440,29882,29883,7.786,0.489,55.74
9441,29884,29885,18.312,120.096,48.94
9442,29886,29887,23.0,0.0,186.57
9443,29888,29889,16.0,0.0,125.64
9444,29890,29891,21.909,6.691,165.95
9445,29892,29893,35.71,6336.213,14.24
9446,29894,29895,36.735,8773.776,9.47
9447,29896,29897,17.889,3347.987,3.67
9448,29898,29899,50.406,9373.668,15.81
9449,29900,29901,67.412,15467.219,24.2
9450,29902,29903,215.93,76933.114,72.31
9451,29904,29905,18.608,1252.683,5.16
9452,29906,29907,9.3,1.122,73.53
9453,29908,29909,19.267,3347.067,26.38
9454,29910,29911,19.421,2961.146,14.72
9455,29912,29913,73.722,10543.978,38.47
9456,29914,29915,167.939,12845.809,60.42
9457,29916,29917,262.719,31320.456,75.94
9458,29918,29919,3.0,0.0,35.41
9459,29920,29921,8.167,0.567,57.78
9460,29922,29923,10.5,2.3,77.28
9461,29924,29925,15.5,4.5,110.12
9462,29926,29927,8.326,174.967,12.25
9463,29928,29929,7.389,124.176,8.43
9464,29930,29931,9.456,18.501,87.87
9465,29932,29933,6.0,0.0,68.04
9466,29934,29935,3.0,0.0,23.18
9467,29936,29937,72.636,104.255,541.84
9468,29938,29939,11.0,0.0,58.89
9469,29948,29949,28.667,49.333,112.88
9470,29952,29953,180.955,62159.379,116.97
9471,29954,29955,39.5,7294.571,5.58
9472,29956,29957,6.429,0.952,47.78
9473,29960,29961,12.478,1381.409,15.22
9474,29962,29963,20.773,763.232,49.81
9475,29964,29965,41.467,3590.124,56.39
9476,29968,29969,227.333,5886.333,23.48
9477,29970,29971,1.5,0.3,8.52
9478,29972,29973,8.0,0.0,47.08
9479,29974,29975,1.2,0.2,8.22
9480,29982,29983,8.0,1.333,34.05
9481,29986,29987,4.143,0.132,45.02
9482,29988,29989,2.688,0.629,31.5
9483,29990,29991,1.8,0.171,22.53
9484,29992,29993,1.188,0.162,11.35
9485,29996,29997,15.611,5743.962,24.81
9486,29998,29999,17.746,5528.057,44.7
9487,30000,30001,5.0,0.0,38.39
9488,30002,30003,5.667,0.333,46.13
9489,30004,30005,5.667,0.333,47.76
9490,30006,30007,7.0,0.0,51.21
9491,30012,30013,10.667,0.333,56.0
9492,30014,30015,16.0,0.0,103.63
9493,30018,30019,5.2,0.2,37.06
9494,30020,30021,3.75,0.25,28.32
9495,30024,30025,15.0,0.0,140.93
9496,30026,30027,11.0,0.0,92.37
9497,30030,30031,2.667,0.333,13.85
9498,30034,30035,11.0,1.333,84.83
9499,30036,30037,12.182,1.364,89.06
9500,30040,30041,5.5,0.5,46.78
9501,30050,30051,4.5,0.5,26.05
9502,30052,30053,2.0,0.0,22.41
9503,30054,30055,20.0,0.0,152.82
9504,30056,30057,4.5,0.5,32.76
9505,30058,30059,5.0,0.0,34.3
9506,30060,30061,7.0,0.0,83.88
9507,30062,30063,3.333,0.25,32.28
9508,30070,30071,8.5,0.5,42.82
9509,30074,30075,4.0,0.0,18.38
9510,30076,30077,3.0,0.0,11.96
9511,30078,30079,28.667,2.333,207.76
9512,30080,30081,13.0,0.5,63.0
9513,30082,30083,9.0,0.667,43.21
9514,30086,30087,9.5,0.5,43.13
9515,30088,30089,13.0,2.5,64.65
9516,30090,30091,5.111,0.611,23.22
9517,30092,30093,15.0,0.0,133.34
9518,30094,30095,5.0,0.0,41.26
9519,30096,30097,51.0,578.0,111.23
9520,30098,30099,4.667,0.333,37.36
9521,30100,30101,21.5,4.5,166.14
9522,30102,30103,6.333,0.333,33.17
9523,30104,30105,6.667,0.333,33.17
9524,30106,30107,6.231,0.192,29.95
9525,30108,30109,5.8,0.2,45.34
9526,30110,30111,4.5,0.5,32.03
9527,30120,30121,11.0,0.0,42.11
9528,30122,30123,20.0,1.0,153.51
9529,30128,30129,1.5,0.5,2.0
9530,30130,30131,7.0,0.0,42.73
9531,30132,30133,8.0,0.0,49.97
9532,30134,30135,1.143,0.143,8.91
9533,30146,30147,47.5,29.727,217.96
9534,30148,30149,8.25,1.295,38.0
9535,30150,30151,11.714,0.571,57.66
9536,30152,30153,41.0,0.0,190.18
9537,30154,30155,71.0,0.0,324.01
9538,30156,30157,18.833,3.767,95.69
9539,30158,30159,10.5,0.5,49.0
9540,30166,30167,53.0,0.0,267.25
9541,30168,30169,5.606,0.621,42.56
9542,30170,30171,6.939,0.559,52.8
9543,30172,30173,10.529,1.408,76.44
9544,30174,30175,4.788,0.442,91.21
9545,30176,30177,61.714,69.143,297.01
9546,30180,30181,16.0,0.0,82.8
9547,30184,30185,16.0,0.0,75.15
9548,30188,30189,15.0,0.0,69.46
9549,30192,30193,8.333,0.333,41.18
9550,30194,30195,1.632,0.323,16.51
9551,30212,30213,18.619,3.412,137.83
9552,30216,30217,11.233,1.183,85.04
9553,30218,30219,76.455,21140.393,101.47
9554,30220,30221,4.833,0.333,37.59
9555,30222,30223,7.75,1.114,62.49
9556,30224,30225,4.5,0.636,34.55
9557,30226,30227,7.545,1.273,58.07
9558,30228,30229,15.158,2.14,112.48
9559,30234,30235,3.346,0.27,25.3
9560,30236,30237,4.653,1.773,29.05
9561,30238,30239,20.308,3.231,164.56
9562,30240,30241,1.5,0.4,12.29
9563,30242,30243,2.75,0.303,19.42
9564,30244,30245,2.389,0.252,18.88
9565,30246,30247,6.714,0.514,48.29
9566,30248,30249,11.2,0.7,86.95
9567,30252,30253,3.696,0.312,28.51
9568,30254,30255,4.043,2.498,23.48
9569,30256,30257,14.667,14.333,87.61
9570,30258,30259,4.667,0.333,33.95
9571,30260,30261,9.0,0.0,67.84
9572,30262,30263,7.0,0.0,52.14
9573,30264,30265,3.0,0.0,21.95
9574,30266,30267,12.333,0.333,95.7
9575,30268,30269,19.0,0.0,41.19
9576,30270,30271,3.632,0.357,26.25
9577,30272,30273,1.6,0.253,12.12
9578,30274,30275,9.786,1.258,69.35
9579,30278,30279,3.667,0.667,24.51
9580,30280,30281,5.333,0.424,41.14
9581,30284,30285,5.667,0.242,41.17
9582,30286,30287,2.111,0.111,15.78
9583,30288,30289,41.875,365.554,96.48
9584,30290,30291,14.714,3.714,107.87
9585,30292,30293,1.583,0.254,10.52
9586,30294,30295,7.083,0.862,53.38
9587,30296,30297,22.615,1024.726,78.31
9588,30298,30299,17.652,1491.146,31.67
9589,30300,30301,108.935,5563.929,62.49
9590,30302,30303,10.19,0.762,76.94
9591,30304,30305,29.2,8.314,224.35
9592,30306,30307,11.381,1.048,87.37
9593,30308,30309,12.2,2.2,83.33
9594,30310,30311,2.0,0.222,12.09
9595,30312,30313,9.062,1.529,66.61
9596,30314,30315,8.875,0.696,60.41
9597,30316,30317,60.667,1659.515,48.97
9598,30320,30321,6.0,1.0,45.77
9599,30322,30323,15.0,3.25,109.02
9600,30324,30325,15.286,2.681,112.15
9601,30326,30327,6.571,1.286,52.56
9602,30328,30329,5.125,0.696,38.75
9603,30330,30331,13.833,2.167,107.59
9604,30332,30333,6.0,0.5,46.69
9605,30334,30335,4.867,0.695,39.05
9606,30338,30339,9.875,68.383,23.66
9607,30342,30343,6.0,0.0,46.48
9608,30344,30345,7.0,0.0,49.22
9609,30346,30347,5.0,0.0,36.11
9610,30348,30349,3.167,0.167,21.11
9611,30350,30351,2.0,0.0,14.81
9612,30354,30355,12.5,4.5,26.59
9613,30360,30361,27.5,13.1,204.31
9614,30362,30363,18.0,7.5,125.01
9615,30364,30365,4.5,0.5,28.65
9616,30368,30369,14.0,3.0,54.71
9617,30370,30371,4.5,24.5,1.88
9618,30372,30373,2.0,0.0,9.64
9619,30374,30375,21.0,13.0,39.02
9620,30376,30377,17.0,0.0,116.85
9621,30378,30379,7.909,0.753,62.74
9622,30380,30381,5.76,0.773,38.76
9623,30382,30383,24.0,0.0,220.47
9624,30384,30385,3.9,0.411,31.33
9625,30386,30387,9.227,0.66,68.31
9626,30392,30393,6.667,1.152,50.52
9627,30394,30395,9.0,0.0,53.18
9628,30396,30397,7.0,2.0,53.55
9629,30398,30399,4.5,0.5,24.09
9630,30402,30403,4.5,0.5,30.99
9631,30404,30405,5.667,0.667,37.67
9632,30406,30407,6.545,0.673,51.2
9633,30408,30409,6.4,1.6,52.84
9634,30410,30411,1.5,0.286,10.53
9635,30414,30415,5.5,0.3,37.65
9636,30416,30417,2.0,0.25,16.88
9637,30418,30419,2.222,0.194,19.28
9638,30420,30421,1.5,0.278,10.96
9639,30422,30423,3.7,0.456,30.15
9640,30424,30425,3.364,0.455,26.64
9641,30426,30427,2.9,0.322,21.37
9642,30428,30429,3.0,0.75,21.89
9643,30430,30431,1.875,0.411,13.75
9644,30434,30435,9.0,0.0,67.76
9645,30436,30437,8.0,0.0,51.98
9646,30438,30439,7.333,0.333,46.9
9647,30440,30441,15.0,2.0,110.16
9648,30442,30443,6.0,0.0,50.24
9649,30444,30445,6.0,0.0,48.62
9650,30446,30447,11.4,0.8,79.9
9651,30448,30449,3.75,0.25,23.96
9652,30450,30451,15.333,0.333,107.75
9653,30452,30453,2.0,0.0,23.11
9654,30454,30455,4.5,0.5,56.31
9655,30458,30459,9.643,0.863,104.19
9656,30466,30467,4.0,0.0,40.13
9657,30468,30469,3.0,0.0,37.27
9658,30472,30473,18.286,7.571,194.22
9659,30474,30475,26.0,0.0,142.5
9660,30476,30477,5.0,0.0,0.2
9661,30478,30479,4.952,0.148,56.3
9662,30480,30481,7.8,1.326,102.25
9663,30482,30483,3.833,0.853,45.16
9664,30484,30485,1.182,0.164,14.37
9665,30486,30487,12.0,3.333,159.27
9666,30488,30489,3.667,0.788,44.24
9667,30490,30491,1.111,0.111,12.36
9668,30492,30493,3.083,0.629,38.23
9669,30494,30495,14.25,4.25,166.62
9670,30496,30497,3.0,0.0,24.0
9671,30498,30499,3.0,0.0,26.85
9672,30500,30501,8.1,1.211,40.56
9673,30502,30503,14.0,0.0,80.21
9674,30504,30505,16.0,0.0,80.54
9675,30506,30507,2.778,0.444,13.65
9676,30512,30513,1.2,0.2,5.34
9677,30520,30521,2.0,0.0,3.88
9678,30526,30527,167.0,26606.545,14.27
9679,30528,30529,7.0,0.0,34.62
9680,30536,30537,2.0,0.0,21.24
9681,30546,30547,5.0,0.0,41.03
9682,30548,30549,53.21,8433.939,40.74
9683,30550,30551,2.6,0.3,35.74
9684,30552,30553,1.833,0.152,8.52
9685,30554,30555,14.0,2.0,67.11
9686,30556,30557,2.5,0.5,11.21
9687,30560,30561,5.0,0.75,24.55
9688,30562,30563,6.286,0.571,29.68
9689,30564,30565,13.0,2.667,61.35
9690,30566,30567,4.0,0.0,19.2
9691,30568,30569,4.0,0.0,16.55
9692,30570,30571,10.0,0.0,50.79
9693,30572,30573,3.0,0.0,15.78
9694,30584,30585,1.81,0.162,17.81
9695,30590,30591,2.0,0.0,0.2
9696,30592,30593,2.191,0.332,24.47
9697,30594,30595,14.067,3.495,170.89
9698,30596,30597,13.708,2.232,170.38
9699,30598,30599,3.837,0.255,47.03
9700,30600,30601,4.069,0.592,47.09
9701,30602,30603,1.25,0.333,12.55
9702,30604,30605,1.4,0.489,10.93
9703,30624,30625,5.0,0.0,17.73
9704,30646,30647,4.0,0.0,20.02
9705,30652,30653,3.727,0.418,27.33
9706,30654,30655,19.0,0.0,39.29
9707,30656,30657,20.5,4.5,150.65
9708,30658,30659,12.0,222.0,9.06
9709,30662,30663,8.281,0.854,62.08
9710,30664,30665,122.469,43765.676,107.75
9711,30666,30667,103.522,36513.988,42.86
9712,30668,30669,86.25,14315.566,14.13
9713,30672,30673,24.516,2296.391,6.27
9714,30676,30677,23.833,6.967,116.78
9715,30678,30679,6.167,0.333,30.68
9716,30680,30681,6.5,0.265,31.73
9717,30682,30683,8.421,29.146,29.73
9718,30684,30685,10.0,0.0,40.23
9719,30686,30687,15.0,0.0,36.0
9720,30688,30689,14.029,679.395,104.84
9721,30692,30693,117.667,0.267,4198.01
9722,30694,30695,26.14,18.199,1228.71
9723,30696,30697,6.693,26.843,184.36
9724,30698,30699,4.463,1.762,194.17
9725,30700,30701,16.256,1201.279,254.73
9726,30702,30703,12.989,1010.458,76.53
9727,30704,30705,14.06,986.875,62.12
9728,30706,30707,3.985,4.301,63.7
9729,30708,30709,3.149,0.573,77.84
9730,30710,30711,13.333,0.667,235.09
9731,30712,30713,50.61,3321.69,23.83
9732,30714,30715,4.528,184.114,37.12
9733,30716,30717,7.167,0.167,188.91
9734,30718,30719,4.667,0.325,228.5
9735,30720,30721,9.062,1.054,327.02
9736,30722,30723,17.814,152.707,61.83
9737,30724,30725,6.727,9.724,59.86
9738,30726,30727,14.541,128.629,64.7
9739,30728,30729,8.477,331.041,28.86
9740,30730,30731,20.391,1000.118,29.14
9741,30732,30733,2.452,0.285,32.21
9742,30734,30735,9.667,83.856,25.51
9743,30736,30737,42.774,2807.189,51.27
9744,30738,30739,8.449,723.92,11.13
9745,30740,30741,2.041,37.531,15.36
9746,30742,30743,3.08,52.006,21.72
9747,30744,30745,8.988,223.487,43.69
9748,30746,30747,20.774,665.522,71.31
9749,30748,30749,48.943,2926.689,44.85
9750,30750,30751,1.827,0.186,21.97
9751,30752,30753,3.01,0.356,35.8
9752,30754,30755,36.498,1560.619,52.83
9753,30756,30757,4.228,0.296,55.07
9754,30758,30759,10.764,51.275,118.45
9755,30760,30761,47.392,4192.482,135.4
9756,30762,30763,233.84,53141.792,184.57
9757,30764,30765,58.153,13778.464,24.44
9758,30766,30767,559.865,219175.927,174.38
9759,30770,30771,108.066,4128.962,48.36
9760,30772,30773,12.171,1233.674,6.22
9761,30774,30775,11.567,1004.633,4.43
9762,30776,30777,59.654,7633.381,40.83
9763,30778,30779,68.758,7546.365,113.58
9764,30780,30781,20.715,1351.913,33.76
9765,30782,30783,37.451,3951.574,22.85
9766,30784,30785,5.166,86.564,23.14
9767,30786,30787,2.69,33.675,12.67
9768,30788,30789,4.75,98.777,1.24
9769,30790,30791,12.848,277.85,50.56
9770,30792,30793,14.787,267.107,51.15
9771,30794,30795,19.523,279.176,66.86
9772,30796,30797,11.274,88.744,41.11
9773,30798,30799,1.758,0.223,22.58
9774,30800,30801,1.533,0.322,19.23
9775,30802,30803,3.42,8.516,38.66
9776,30804,30805,3.947,1.673,47.87
9777,30806,30807,3.945,0.513,50.14
9778,30810,30811,2.107,0.218,26.52
9779,30812,30813,3.735,0.399,47.5
9780,30814,30815,9.77,5.137,119.02
9781,30816,30817,1.467,3.848,13.08
9782,30818,30819,2.602,21.997,5.07
9783,30820,30821,4.569,28.743,26.05
9784,30822,30823,4.91,42.854,14.46
9785,30824,30825,2.509,6.386,23.52
9786,30826,30827,10.29,54.929,33.51
9787,30828,30829,4.901,0.3,58.67
9788,30830,30831,10.821,213.531,54.4
9789,30832,30833,1.314,3.186,7.48
9790,30834,30835,10.634,917.644,2.96
9791,30836,30837,44.838,2596.874,63.94
9792,30838,30839,31.106,307.669,108.01
9793,30842,30843,4.5,0.3,34.77
9794,30844,30845,5.333,0.667,39.24
9795,30846,30847,5.5,0.7,40.35
9796,30852,30853,3.0,0.0,23.12
9797,30862,30863,8.0,0.0,51.64
9798,30864,30865,9.0,0.0,58.16
9799,30866,30867,9.0,0.0,57.08
9800,30868,30869,26.333,5.333,206.7
9801,30870,30871,5.667,0.333,45.32
9802,30872,30873,4.333,0.333,30.76
9803,30874,30875,3.692,0.231,29.39
9804,30876,30877,6.714,0.681,51.22
9805,30878,30879,8.706,1.096,64.04
9806,30910,30911,9.467,2.552,72.49
9807,30912,30913,4.0,1.333,31.66
9808,30914,30915,3.857,0.476,26.12
9809,30916,30917,10.5,0.7,76.09
9810,30920,30921,50.525,34.674,2714.56
9811,30922,30923,4.915,13.888,140.66
9812,30924,30925,13.51,3.562,360.69
9813,30926,30927,6.259,0.305,340.62
9814,30928,30929,2.723,0.232,76.61
9815,30930,30931,3.849,0.363,97.77
9816,30932,30933,5.347,7.089,176.48
9817,30934,30935,18.165,3.908,479.22
9818,30936,30937,12.963,200.404,19.17
9819,30938,30939,3.822,2.992,45.22
9820,30940,30941,17.114,50.066,169.36
9821,30942,30943,8.286,1289.277,52.0
9822,30944,30945,21.07,5143.654,86.85
9823,30946,30947,18.623,288.242,58.97
9824,30950,30951,10.886,50.348,120.26
9825,30952,30953,8.724,801.478,46.99
9826,30954,30955,22.721,4197.82,70.22
9827,30956,30957,8.609,1066.096,46.1
9828,30958,30959,17.217,3125.173,56.19
9829,30960,30961,13.792,1248.964,54.82
9830,30962,30963,7.732,549.497,22.9
9831,30964,30965,1.389,18.451,6.86
9832,30966,30967,15.944,55.633,188.5
9833,30968,30969,3.272,35.873,29.42
9834,30970,30971,3.0,0.0,36.41
9835,30972,30973,11.0,0.0,128.2
9836,30980,30981,6.667,0.333,75.53
9837,30982,30983,10.0,1.0,122.03
9838,31000,31001,19.0,0.0,102.91
9839,31004,31005,16.0,0.0,92.04
9840,31016,31017,14.983,2.83,71.07
9841,31018,31019,23.714,6.062,114.17
9842,31020,31021,12.25,2.518,56.69
9843,31022,31023,1.45,0.261,11.09
9844,31024,31025,12.615,4.423,88.41
9845,31026,31027,1.029,0.029,6.58
9846,31028,31029,4.7,0.432,34.41
9847,31030,31031,7.529,0.64,52.3
9848,31032,31033,11.5,0.5,60.57
9849,31034,31035,34.698,3931.517,36.22
9850,31036,31037,6.571,1.802,34.63
9851,31038,31039,11.713,121.454,93.6
9852,31044,31045,11.5,0.5,140.03
9853,31046,31047,15.158,4.922,194.5
9854,31048,31049,6.856,0.779,85.44
9855,31050,31051,2.746,0.262,34.12
9856,31052,31053,2.079,0.162,26.84
9857,31054,31055,1.69,0.216,21.3
9858,31056,31057,3.735,0.322,46.01
9859,31058,31059,3.411,0.28,42.59
9860,31060,31061,1.92,0.129,23.58
9861,31062,31063,9.805,4.872,103.95
9862,31064,31065,22.37,4.736,259.33
9863,31066,31067,125.445,30122.389,224.47
9864,31068,31069,13.053,4.164,90.92
9865,31070,31071,2.278,1.563,10.05
9866,31080,31081,3.375,0.268,22.82
9867,31082,31083,9.125,1.268,68.12
9868,31084,31085,29.0,8.0,199.82
9869,31086,31087,2.151,0.214,32.01
9870,31088,31089,4.935,2.912,73.75
9871,31094,31095,4.167,0.567,22.05
9872,31096,31097,10.571,1.952,51.86
9873,31098,31099,293.934,54820.962,180.25
9874,31100,31101,17.0,3.6,79.2
9875,31102,31103,104.857,290.81,458.71
9876,31104,31105,8.0,0.0,32.61
9877,31108,31109,16.25,2.25,75.72
9878,31110,31111,16.19,12.714,187.7
9879,31112,31113,2.667,0.333,20.42
9880,31114,31115,21.0,2.0,155.01
9881,31116,31117,12.684,52.006,76.17
9882,31118,31119,8.385,0.59,59.79
9883,31120,31121,38.88,2400.277,49.88
9884,31122,31123,5.316,0.45,39.44
9885,31126,31127,2.65,0.239,18.5
9886,31128,31129,3.583,0.428,26.1
9887,31130,31131,1.68,0.227,12.33
9888,31136,31137,13.333,1.333,62.92
9889,31138,31139,5.0,0.0,27.0
9890,31140,31141,5.0,0.0,51.77
9891,31142,31143,2.0,0.0,13.01
9892,31144,31145,2.5,0.5,15.45
9893,31146,31147,10.0,2.0,74.5
9894,31148,31149,10.5,0.5,89.52
9895,31150,31151,2.909,0.291,17.46
9896,31152,31153,13.0,6.667,90.75
9897,31154,31155,24.0,218.667,104.8
9898,31156,31157,15.0,8.0,97.38
9899,31158,31159,11.167,0.567,81.09
9900,31160,31161,24.625,556.839,105.66
9901,31162,31163,13.333,1.333,99.35
9902,31164,31165,6.5,0.5,44.43
9903,31166,31167,6.0,0.0,39.0
9904,31170,31171,9.5,0.5,73.88
9905,31172,31173,21.0,7.0,171.8
9906,31174,31175,12.25,2.25,90.69
9907,31176,31177,20.667,154.333,91.67
9908,31178,31179,4.25,0.5,33.29
9909,31180,31181,5.0,0.286,40.29
9910,31182,31183,55.0,1922.0,158.79
9911,31184,31185,1.333,0.25,10.24
9912,31186,31187,3.0,0.286,23.37
9913,31188,31189,5.25,0.25,38.45
9914,31190,31191,5.0,0.0,41.09
9915,31192,31193,3.0,0.0,18.42
9916,31194,31195,25.0,8.0,202.51
9917,31196,31197,6.0,0.0,66.23
9918,31202,31203,2.667,0.5,21.24
9919,31204,31205,6.556,1.528,47.75
9920,31206,31207,2.889,0.361,19.38
9921,31210,31211,3.0,0.0,21.54
9922,31212,31213,4.0,0.0,34.94
9923,31214,31215,7.0,0.0,56.27
9924,31216,31217,4.0,0.0,32.58
9925,31218,31219,9.571,92.286,12.68
9926,31220,31221,49.571,31.956,347.03
9927,31228,31229,4.817,0.466,57.45
9928,31230,31231,58.75,141.583,283.3
9929,31234,31235,5.0,0.0,46.71
9930,31236,31237,94.267,212.924,464.57
9931,31240,31241,6.308,0.564,71.58
9932,31242,31243,2.923,0.244,36.3
9933,31244,31245,6.818,0.964,88.39
9934,31246,31247,4.636,0.455,60.84
9935,31248,31249,10.6,1.378,139.07
9936,31252,31253,3.0,0.0,25.6
9937,31254,31255,5.333,0.333,41.53
9938,31256,31257,2.0,0.0,11.75
9939,31260,31261,3.048,0.148,24.0
9940,31262,31263,2.409,0.253,19.42
9941,31264,31265,3.545,0.26,27.22
9942,31266,31267,3.2,0.583,33.26
9943,31268,31269,2.318,0.227,31.24
9944,31270,31271,63.089,12374.219,19.36
9945,31272,31273,102.231,35230.498,28.28
9946,31274,31275,124.184,46255.398,32.79
9947,31276,31277,30.171,3637.382,8.62
9948,31278,31279,143.444,50040.483,36.16
9949,31280,31281,95.25,20373.393,15.73
9950,31282,31283,23.333,6.333,182.98
9951,31284,31285,12.75,2.25,95.81
9952,31286,31287,25.667,1.333,192.2
9953,31288,31289,11.0,0.0,78.42
9954,31290,31291,26.0,0.0,190.84
9955,31292,31293,16.0,0.0,144.99
9956,31294,31295,99.0,0.0,140.68
9957,31296,31297,99.953,39603.45,50.71
9958,31298,31299,43.641,11817.841,15.17
9959,31300,31301,1.393,0.241,10.28
9960,31304,31305,13.0,0.0,75.64
9961,31306,31307,14.714,1.571,69.57
9962,31308,31309,59.0,217.0,0.2
9963,31310,31311,5.25,0.5,41.38
9964,31312,31313,9.143,0.476,72.14
9965,31314,31315,40.5,84.5,211.39
9966,31316,31317,2.844,0.201,21.4
9967,31320,31321,3.481,0.413,25.07
9968,31322,31323,3.429,0.357,26.19
9969,31324,31325,2.7,0.221,17.46
9970,31326,31327,10.0,0.0,51.17
9971,31328,31329,10.0,1.909,54.26
9972,31330,31331,7.0,0.667,35.04
9973,31338,31339,1.105,0.099,5.73
9974,31340,31341,10.778,196.694,14.07
9975,31342,31343,4.0,0.222,19.78
9976,31344,31345,1.167,0.167,5.83
9977,31348,31349,5.55,0.787,24.77
9978,31352,31353,6.895,0.877,31.72
9979,31354,31355,9.278,1.154,42.08
9980,31378,31379,1.333,0.333,6.08
9981,31382,31383,3.3,2.011,12.65
9982,31402,31403,7.0,0.0,30.76
9983,31404,31405,69.2,48.7,357.62
9984,31406,31407,77.4,53.8,399.59
9985,31408,31409,114.8,122.4,559.23
9986,31410,31411,24.8,5.743,123.01
9987,31412,31413,53.286,67.571,263.89
9988,31422,31423,1.231,0.192,6.29
9989,31424,31425,10.471,173.265,15.47
9990,31428,31429,3.0,0.0,18.54
9991,31430,31431,15.667,0.333,75.59
9992,31440,31441,114.0,0.0,69.0
9993,31444,31445,23.4,20.3,49.67
9994,31446,31447,30.0,0.0,32.17
9995,31456,31457,41.5,44.333,85.19
9996,31462,31463,26.5,1104.5,16.23
9997,31464,31465,11.5,0.5,83.49
9998,31466,31467,7.0,0.0,48.42
9999,31468,31469,15.0,0.0,68.96
10000,31476,31477,17.465,6.398,205.04
10001,31478,31479,4.8,0.717,57.64
10002,31480,31481,17.469,5.16,213.14
10003,31482,31483,11.125,1.505,139.28
10004,31510,31511,19.0,3.5,146.57
10005,31512,31513,2.0,0.0,15.08
10006,31514,31515,30.5,1200.5,44.16
10007,31516,31517,2.0,0.0,15.33
10008,31518,31519,17.0,0.5,198.56
10009,31520,31521,4.8,0.2,48.72
10010,31522,31523,26.0,496.667,72.1
10011,31524,31525,3.154,32.308,7.23
10012,31526,31527,6.191,1.066,73.96
10013,31528,31529,9.23,14.947,72.26
10014,31532,31533,3.465,439.246,10.78
10015,31534,31535,29.103,20474.798,56.62
10016,31536,31537,32.631,11096.857,74.28
10017,31538,31539,3.013,0.201,57.34
10018,31540,31541,2.0,0.0,9.13
10019,31542,31543,4.0,0.0,28.64
10020,31544,31545,7.5,0.5,47.79
10021,31546,31547,5.417,0.265,49.0
10022,31554,31555,18.8,586.2,49.26
10023,31558,31559,1.75,0.214,11.51
10024,31560,31561,2.875,0.125,20.39
10025,31562,31563,1.778,0.194,11.64
10026,31564,31565,12.0,1.143,80.99
10027,31566,31567,10.0,0.0,84.72
10028,31568,31569,10.333,0.333,72.64
10029,31574,31575,47.5,1300.5,152.73
10030,31576,31577,23.5,12.5,187.34
10031,31578,31579,3.0,0.0,21.86
10032,31580,31581,2.0,0.0,19.96
10033,31582,31583,3.0,0.0,23.76
10034,31584,31585,5.0,0.0,33.69
10035,31588,31589,2.0,0.0,15.58
10036,31590,31591,19.4,2.3,153.27
10037,31592,31593,15.25,0.917,114.94
10038,31594,31595,8.0,1.0,60.51
10039,31598,31599,10.0,0.8,72.55
10040,31602,31603,12.5,0.5,104.14
10041,31604,31605,5.6,0.3,36.76
10042,31606,31607,20.5,0.5,157.76
10043,31610,31611,2.0,0.0,14.89
10044,31612,31613,10.5,1.667,77.86
10045,31614,31615,7.4,1.3,46.87
10046,31616,31617,5.5,0.5,36.63
10047,31618,31619,7.0,0.0,38.93
10048,31624,31625,8.333,0.333,51.52
10049,31626,31627,7.333,2.333,49.55
10050,31628,31629,7.857,8.143,44.25
10051,31632,31633,39.4,134.3,244.4
10052,31634,31635,7.0,1.0,39.21
10053,31640,31641,20.0,0.0,47.71
10054,31642,31643,17.5,0.5,88.98
10055,31650,31651,21.867,3318.124,1.29
10056,31658,31659,9.0,0.0,41.02
10057,31662,31663,415.0,51504.0,93.15
10058,31670,31671,6.0,0.0,26.79
10059,31672,31673,21.0,0.0,49.47
10060,31674,31675,7.0,0.0,14.68
10061,31678,31679,22.667,8.333,158.11
10062,31690,31691,6.5,0.5,49.16
10063,31692,31693,13.0,0.0,100.4
10064,31698,31699,16.0,7.0,113.75
10065,31704,31705,7.75,0.25,35.89
10066,31710,31711,11.0,0.0,48.19
10067,31712,31713,9.333,0.333,49.33
10068,31714,31715,13.0,0.0,73.54
10069,31716,31717,1.25,0.25,5.49
10070,31718,31719,8.111,1.508,104.12
10071,31720,31721,20.849,3656.542,144.16
10072,31724,31725,4.0,0.0,33.69
10073,31726,31727,8.0,0.0,66.37
10074,31732,31733,19.0,8.0,146.37
10075,31738,31739,14.875,2.411,114.56
10076,31740,31741,3.286,0.238,25.84
10077,31742,31743,6.429,0.286,47.92
10078,31744,31745,1.5,0.3,9.91
10079,31746,31747,5.75,0.25,44.71
10080,31750,31751,6.0,0.0,36.57
10081,31752,31753,14.778,1.83,105.05
10082,31756,31757,58.4,84.489,266.41
10083,31758,31759,35.006,538.434,163.52
10084,31760,31761,173.591,73376.205,233.07
10085,31768,31769,33.5,4.5,158.66
10086,31770,31771,19.286,0.905,93.63
10087,31772,31773,108.929,407.456,531.47
10088,31774,31775,10.0,0.0,46.92
10089,31780,31781,45.653,21490.93,33.47
10090,31782,31783,83.041,30296.061,54.68
10091,31784,31785,92.052,10376.561,74.29
10092,31786,31787,39.956,6034.54,19.39
10093,31788,31789,3.696,0.293,41.89
10094,31790,31791,1.069,0.065,13.29
10095,31794,31795,10.632,1.483,130.51
10096,31796,31797,1.394,13.754,7.22
10097,31798,31799,7.086,101.451,41.2
10098,31800,31801,1.939,24.295,8.04
10099,31802,31803,26.0,1.0,186.91
10100,31806,31807,41.75,12.25,205.38
10101,31812,31813,17.625,473.125,27.16
10102,31814,31815,4.0,0.0,0.95
10103,31822,31823,2.0,0.0,10.04
10104,31830,31831,11.0,0.0,57.05
10105,31832,31833,6.0,0.0,45.91
10106,31834,31835,27.2,3.2,217.87
10107,31838,31839,41.0,0.0,155.7
10108,31844,31845,5.287,92.36,15.98
10109,31846,31847,4.438,107.139,30.76
10110,31848,31849,4.851,121.004,29.02
10111,31850,31851,22.435,1360.143,70.29
10112,31854,31855,2.0,0.0,8.01
10113,31858,31859,18.0,0.0,58.64
10114,31864,31865,3.0,0.0,13.6
10115,31866,31867,8.4,0.8,39.03
10116,31868,31869,3.25,0.25,13.87
10117,31872,31873,18.5,60.3,64.87
10118,31876,31877,3.824,4.015,28.75
10119,31878,31879,2.714,8.238,0.11
10120,31904,31905,2.0,0.0,22.55
10121,31914,31915,8.5,0.5,60.49
10122,31916,31917,5.25,0.25,40.58
10123,31918,31919,4.0,0.0,28.04
10124,31920,31921,3.0,0.0,23.17
10125,31922,31923,2.0,0.0,10.77
10126,31924,31925,5.667,0.333,36.97
10127,31930,31931,5.667,1.333,25.26
10128,31932,31933,8.8,1.7,41.78
10129,31934,31935,5.0,0.0,25.55
10130,31936,31937,5.0,1.333,24.11
10131,31938,31939,19.889,6.928,44.36
10132,31942,31943,6.9,5.878,15.83
10133,31944,31945,47.75,112.917,106.72
10134,31946,31947,75.4,294.8,152.23
10135,31948,31949,5.0,0.0,13.72
10136,31954,31955,1.357,0.555,7.2
10137,31956,31957,6.538,0.603,47.46
10138,31958,31959,9.692,0.731,72.04
10139,31960,31961,5.0,0.0,40.28
10140,31962,31963,13.0,0.0,96.98
10141,31968,31969,7.333,1.333,37.55
10142,31970,31971,3.286,0.22,24.06
10143,31972,31973,29.75,4.25,223.74
10144,31974,31975,8.1,0.322,61.28
10145,31976,31977,7.333,0.424,55.49
10146,31978,31979,8.2,0.844,63.97
10147,31982,31983,79.364,10204.748,62.63
10148,31984,31985,41.05,4728.1,10.69
10149,31986,31987,69.789,6509.576,23.79
10150,31988,31989,119.278,17680.835,17.2
10151,31990,31991,9.778,3.477,66.16
10152,31992,31993,48.107,4178.84,50.55
10153,31994,31995,10.0,0.0,71.07
10154,31996,31997,5.0,0.5,36.82
10155,31998,31999,3.056,0.283,38.7
10156,32000,32001,3.556,0.597,41.58
10157,32002,32003,6.189,0.769,76.91
10158,32004,32005,2.293,0.212,28.85
10159,32008,32009,19.0,2867.641,45.07
10160,32010,32011,6.094,809.507,7.27
10161,32012,32013,82.4,16759.272,40.49
10162,32014,32015,246.889,44515.465,84.12
10163,32016,32017,37.353,3068.553,103.48
10164,32018,32019,41.549,7304.213,33.4
10165,32020,32021,102.549,19197.893,50.26
10166,32022,32023,3.2,0.215,24.17
10167,32024,32025,1.025,0.024,11.82
10168,32026,32027,72.859,99.617,4000.33
10169,32028,32029,21.061,3097.83,27.74
10170,32030,32031,19.0,2.667,161.29
10171,32032,32033,5.75,0.25,43.88
10172,32034,32035,7.739,604.544,11.29
10173,32036,32037,33.064,2136.43,52.61
10174,32038,32039,28.315,1967.076,64.57
10175,32040,32041,6.108,591.394,6.61
10176,32042,32043,15.502,1388.242,42.47
10177,32044,32045,16.732,1834.425,27.71
10178,32046,32047,1.163,0.14,6.13
10179,32048,32049,3.0,0.0,24.64
10180,32054,32055,5.4,0.3,37.84
10181,32058,32059,7.0,0.0,36.49
10182,32064,32065,5.75,0.25,28.39
10183,32066,32067,10.667,90.267,29.57
10184,32068,32069,2.19,13.862,3.23
10185,32076,32077,25.0,0.0,57.87
10186,32080,32081,25.0,0.0,51.48
10187,32088,32089,40.5,12.5,83.85
10188,32090,32091,1.667,0.333,4.62
10189,32092,32093,40.0,2.0,91.73
10190,32096,32097,8.0,0.0,18.08
10191,32100,32101,3.536,0.332,28.65
10192,32102,32103,3.0,0.167,22.46
10193,32104,32105,10.833,0.333,83.83
10194,32106,32107,7.875,0.411,60.77
10195,32108,32109,5.875,0.125,43.88
10196,32110,32111,7.0,0.286,53.83
10197,32112,32113,8.0,0.0,61.96
10198,32114,32115,6.0,0.0,46.0
10199,32118,32119,19.5,0.333,42.83
10200,32120,32121,13.04,2.579,59.55
10201,32122,32123,14.311,5.685,67.9
10202,32124,32125,1.4,1.114,2.14
10203,32126,32127,1.929,0.263,5.16
10204,32128,32129,14.885,180.826,29.26
10205,32130,32131,3.276,12.635,14.22
10206,32134,32135,8.091,0.491,61.22
10207,32136,32137,3.0,2.0,14.68
10208,32138,32139,1.5,0.5,3.97
10209,32144,32145,8.722,0.801,67.05
10210,32146,32147,20.333,4.667,152.16
10211,32148,32149,2.864,0.188,19.29
10212,32150,32151,2.484,0.325,18.62
10213,32154,32155,1.182,0.164,8.12
10214,32156,32157,1.182,0.164,9.29
10215,32158,32159,6.727,0.818,52.26
10216,32160,32161,7.0,0.364,54.56
10217,32162,32163,13.6,4.114,94.22
10218,32164,32165,3.725,99.106,7.73
10219,32166,32167,11.5,910.601,23.69
10220,32168,32169,10.367,664.325,23.12
10221,32170,32171,45.087,3372.277,89.98
10222,32172,32173,21.518,1428.423,39.97
10223,32174,32175,14.0,0.0,100.15
10224,32176,32177,21.8,11.7,159.08
10225,32178,32179,12.333,6.333,90.0
10226,32180,32181,5.0,0.0,31.81
10227,32182,32183,3.0,0.0,21.34
10228,32184,32185,45.5,24.5,352.44
10229,32200,32201,7.0,0.0,36.25
10230,32210,32211,11.667,2.333,89.05
10231,32212,32213,3.667,0.333,30.46
10232,32214,32215,3.75,0.25,21.98
10233,32216,32217,2.0,0.0,11.64
10234,32218,32219,8.0,1.0,59.74
10235,32220,32221,1.5,0.5,9.22
10236,32222,32223,6.5,4.5,46.86
10237,32226,32227,10.0,0.0,49.77
10238,32228,32229,1.333,0.333,7.31
10239,32230,32231,19.0,3.0,93.29
10240,32232,32233,23.333,0.333,113.18
10241,32236,32237,39.0,2.0,198.93
10242,32238,32239,23.0,0.0,131.64
10243,32240,32241,12.0,0.0,68.66
10244,32242,32243,11.333,0.333,55.59
10245,32246,32247,57.0,0.0,305.41
10246,32250,32251,56.0,0.0,298.97
10247,32252,32253,49.0,0.0,202.81
10248,32256,32257,58.0,10.0,317.52
10249,32262,32263,6.5,0.286,48.23
10250,32264,32265,10.531,44.243,111.0
10251,32266,32267,2.125,0.209,26.94
10252,32268,32269,8.223,1.795,101.94
10253,32270,32271,5.633,13.48,53.48
10254,32272,32273,2.912,2.923,19.71
10255,32274,32275,1.004,0.004,3.9
10256,32276,32277,5.5,0.333,37.72
10257,32280,32281,18.0,45.0,85.98
10258,32282,32283,7.286,0.905,51.64
10259,32284,32285,2.5,0.5,11.68
10260,32286,32287,3.25,0.25,17.39
10261,32288,32289,1.471,0.64,7.61
10262,32296,32297,4.243,0.411,33.57
10263,32298,32299,11.396,153.552,57.22
10264,32300,32301,57.879,3826.956,68.33
10265,32302,32303,7.42,14.688,84.81
10266,32304,32305,27.308,217.236,147.23
10267,32306,32307,5.167,0.167,67.58
10268,32308,32309,14.833,0.967,187.05
10269,32310,32311,8.5,1.067,63.11
10270,32312,32313,18.5,125.333,55.68
10271,32322,32323,1.01,0.01,15.23
10272,32352,32353,11.465,1.779,87.64
10273,32354,32355,7.103,0.726,53.22
10274,32356,32357,5.389,0.473,39.8
10275,32358,32359,14.091,2.835,104.97
10276,32360,32361,4.44,0.673,32.25
10277,32362,32363,11.077,2.41,80.54
10278,32366,32367,5.25,0.5,51.87
10279,32368,32369,1.429,0.286,17.55
10280,32370,32371,3.778,0.694,18.45
10281,32372,32373,39.375,21.696,188.88
10282,32374,32375,68.333,136.267,326.47
10283,32376,32377,9.0,0.667,94.84
10284,32378,32379,3.0,0.0,30.18
10285,32384,32385,17.5,4.5,37.28
10286,32390,32391,2.157,0.295,13.36
10287,32400,32401,5.125,0.125,53.66
10288,32402,32403,2.667,0.5,25.98
10289,32404,32405,20.455,15.473,266.67
10290,32406,32407,11.421,1.48,142.33
10291,32408,32409,54.417,108.083,266.32
10292,32414,32415,3.0,0.0,11.67
10293,32416,32417,88.0,0.0,187.65
10294,32420,32421,115.098,29308.37,148.89
10295,32422,32423,24.5,29.2,167.75
10296,32426,32427,10.0,2.0,80.91
10297,32428,32429,6.2,0.2,44.02
10298,32430,32431,2.333,0.333,15.53
10299,32432,32433,5.0,0.0,39.11
10300,32434,32435,3.5,0.5,30.06
10301,32436,32437,9.0,2.4,57.66
10302,32438,32439,11.375,18.554,97.94
10303,32440,32441,13.0,0.0,87.68
10304,32444,32445,22.667,1.333,161.45
10305,32446,32447,14.167,2.167,96.79
10306,32448,32449,13.24,2.023,156.51
10307,32450,32451,12.0,2.0,143.86
10308,32452,32453,12.263,1.76,141.07
10309,32456,32457,5.143,0.476,24.79
10310,32458,32459,2.167,0.167,9.73
10311,32460,32461,6.0,12.0,20.42
10312,32464,32465,25.0,0.0,175.43
10313,32466,32467,3.0,0.0,30.09
10314,32468,32469,2.5,0.5,15.44
10315,32472,32473,6.0,0.0,32.95
10316,32474,32475,5.448,79.756,11.31
10317,32476,32477,11.281,3.047,86.83
10318,32478,32479,5.835,0.575,117.83
10319,32480,32481,13.124,1.395,257.78
10320,32482,32483,5.151,0.423,82.0
10321,32488,32489,2.412,0.296,30.35
10322,32490,32491,13.524,2.401,170.26
10323,32494,32495,5.333,56.333,3.24
10324,32496,32497,2.143,0.476,9.36
10325,32500,32501,5.0,1.0,27.34
10326,32504,32505,6.0,0.0,27.05
10327,32506,32507,4.0,0.0,19.17
10328,32508,32509,4.0,0.0,17.14
10329,32510,32511,3.0,0.0,11.88
10330,32512,32513,2.5,0.5,13.54
10331,32526,32527,20.479,6.642,145.77
10332,32528,32529,10.594,3.088,74.32
10333,32532,32533,4.064,0.424,51.66
10334,32534,32535,7.87,1.088,100.85
10335,32536,32537,4.25,0.25,23.11
10336,32538,32539,14.0,1.692,112.19
10337,32540,32541,10.643,0.863,82.63
10338,32542,32543,5.727,0.218,105.61
10339,32544,32545,1.206,0.169,12.95
10340,32548,32549,10.0,0.0,50.71
10341,32550,32551,2.0,0.0,8.62
10342,32552,32553,1.857,0.143,9.27
10343,32558,32559,9.0,229.0,6.55
10344,32564,32565,4.177,260.402,8.08
10345,32566,32567,6.364,326.65,10.84
10346,32568,32569,12.846,459.313,20.18
10347,32570,32571,75.679,3873.004,131.42
10348,32572,32573,1.9,5.935,5.45
10349,32574,32575,6.06,86.643,13.23
10350,32576,32577,6.453,67.5,56.25
10351,32578,32579,1.863,22.017,13.8
10352,32580,32581,18.902,391.252,96.78
10353,32582,32583,20.863,19.417,245.12
10354,32584,32585,1.2,1.241,5.98
10355,32586,32587,4.595,31.45,22.35
10356,32588,32589,6.217,638.99,10.08
10357,32590,32591,29.795,2951.04,19.89
10358,32592,32593,28.872,3450.394,30.83
10359,32594,32595,19.705,2690.945,4.14
10360,32622,32623,1.286,0.571,2.0
10361,32624,32625,1.5,0.5,7.08
10362,32630,32631,2.0,0.0,17.04
10363,32632,32633,2.0,0.0,8.83
10364,32636,32637,3.667,0.5,17.25
10365,32638,32639,11.182,1.364,54.18
10366,32640,32641,52.25,3444.917,7.55
10367,32642,32643,12.449,1093.279,12.36
10368,32644,32645,6.545,0.273,73.64
10369,32646,32647,8.9,0.544,113.75
10370,32648,32649,8.625,0.839,90.71
10371,32650,32651,1.981,0.25,11.08
10372,32654,32655,11.509,1.332,53.77
10373,32656,32657,52.429,36.322,244.65
10374,32658,32659,3.607,0.316,16.41
10375,32660,32661,14.712,4.45,68.41
10376,32662,32663,3.714,0.527,17.63
10377,32664,32665,53.0,122.8,286.28
10378,32666,32667,6.737,3.76,56.82
10379,32668,32669,12.5,1.429,94.41
10380,32670,32671,15.0,0.0,106.23
10381,32672,32673,13.0,0.0,99.62
10382,32674,32675,7.0,0.0,52.5
10383,32676,32677,9.0,0.0,76.06
10384,32680,32681,7.0,0.667,49.55
10385,32682,32683,8.0,0.0,75.16
10386,32684,32685,12.0,0.0,127.39
10387,32686,32687,3.423,0.328,44.69
10388,32688,32689,4.455,0.447,57.81
10389,32692,32693,6.233,0.617,78.4
10390,32694,32695,10.948,1.267,138.14
10391,32696,32697,8.076,0.857,101.89
10392,32698,32699,2.967,1.579,32.06
10393,32700,32701,4.752,1.833,57.78
10394,32702,32703,2.221,0.227,27.21
10395,32704,32705,2.725,0.349,35.54
10396,32706,32707,1.084,0.078,13.75
10397,32708,32709,5.223,1.13,65.76
10398,32710,32711,1.743,0.267,23.08
10399,32712,32713,32.965,4112.904,32.68
10400,32714,32715,48.85,6519.451,42.01
10401,32716,32717,10.928,1288.843,14.79
10402,32718,32719,28.939,6322.959,13.89
10403,32724,32725,1.346,1.021,6.28
10404,32726,32727,11.685,224.711,92.96
10405,32728,32729,16.513,515.354,66.61
10406,32730,32731,1.922,0.14,16.17
10407,32732,32733,2.031,0.452,15.28
10408,32734,32735,5.033,0.699,65.94
10409,32736,32737,8.433,1.131,107.98
10410,32738,32739,22.277,244.797,54.77
10411,32740,32741,3.344,0.296,42.34
10412,32742,32743,3.032,0.327,38.35
10413,32744,32745,1.855,0.192,23.0
10414,32750,32751,1.492,0.254,18.73
10415,32752,32753,1.873,0.177,23.87
10416,32754,32755,6.559,0.579,83.82
10417,32756,32757,12.818,12.077,146.6
10418,32758,32759,9.008,32.679,90.78
10419,32760,32761,3.64,24.705,24.91
10420,32762,32763,8.368,76.469,32.61
10421,32764,32765,3.48,0.557,40.97
10422,32766,32767,7.738,1.785,92.26
10423,32770,32771,19.98,406.673,10.99
10424,32774,32775,3.466,0.507,42.29
10425,32776,32777,10.058,1.488,157.22
10426,32778,32779,19.847,5.235,312.06
10427,32788,32789,3.822,3.331,22.94
10428,32790,32791,1.375,0.268,8.81
10429,32794,32795,7.833,0.679,98.82
10430,32796,32797,8.714,0.892,114.86
10431,32798,32799,2.214,0.172,29.29
10432,32802,32803,56.34,3354.596,37.74
10433,32804,32805,7.199,702.523,15.94
10434,32806,32807,31.229,3383.781,78.09
10435,32808,32809,54.0,0.0,204.86
10436,32810,32811,21.0,0.0,78.45
10437,32812,32813,4.0,0.0,13.12
10438,32816,32817,4.0,0.0,2.57
10439,32834,32835,3.0,0.0,15.08
10440,32838,32839,5.333,0.333,26.28
10441,32840,32841,18.294,7.345,482.19
10442,32842,32843,1.061,0.057,23.88
10443,32844,32845,25.48,9.4,665.97
10444,32846,32847,2.317,0.219,25.97
10445,32854,32855,4.667,1.333,24.3
10446,32862,32863,19.5,12.5,38.14
10447,32872,32873,63.818,56.564,139.72
10448,32880,32881,9.096,80.487,86.12
10449,32882,32883,13.29,438.969,63.84
10450,32886,32887,15.119,658.287,51.79
10451,32888,32889,5.5,81.0,3.23
10452,32890,32891,2.0,0.0,9.94
10453,32906,32907,3.429,0.286,23.67
10454,32908,32909,18.333,82.333,134.97
10455,32910,32911,17.286,0.571,133.17
10456,32914,32915,21.8,2.2,169.87
10457,32918,32919,2.0,0.0,10.35
10458,32920,32921,7.0,0.0,61.36
10459,32924,32925,1.333,0.267,6.58
10460,32930,32931,4.29,6.853,45.02
10461,32932,32933,6.621,26.697,61.32
10462,32934,32935,28.5,3.0,145.64
10463,32936,32937,3.0,0.0,25.63
10464,32940,32941,2.0,0.0,12.17
10465,32962,32963,8.52,0.922,102.82
10466,32964,32965,2.253,0.214,28.36
10467,32966,32967,12.653,3.21,139.73
10468,32968,32969,34.765,8.316,174.26
10469,32970,32971,16.0,8.0,77.14
10470,32986,32987,3.5,0.5,13.37
10471,32988,32989,2.0,1.0,2.47
10472,32990,32991,30.471,1047.039,118.41
10473,32992,32993,14.44,848.279,29.19
10474,32994,32995,15.061,1299.024,20.56
10475,32996,32997,5.626,16.147,47.54
10476,32998,32999,28.098,3723.272,44.04
10477,33000,33001,23.696,2504.015,37.14
10478,33002,33003,107.883,10002.532,143.1
10479,33004,33005,62.708,3330.679,63.75
10480,33006,33007,10.51,1.824,132.55
10481,33008,33009,9.906,3.29,119.47
10482,33010,33011,6.281,14.778,40.32
10483,33012,33013,2.387,0.304,26.78
10484,33014,33015,24.244,529.298,126.89
10485,33016,33017,17.449,704.739,28.25
10486,33018,33019,1.95,0.155,10.89
10487,33020,33021,71.021,9114.617,12.42
10488,33022,33023,10.902,301.93,12.73
10489,33024,33025,2.996,0.271,38.37
10490,33026,33027,35.667,8.333,67.34
10491,33030,33031,78.5,0.5,158.92
10492,33062,33063,3.4,0.267,42.91
10493,33064,33065,2.0,0.0,17.93
10494,33066,33067,3.625,0.268,43.87
10495,33068,33069,1.625,0.268,22.27
10496,33070,33071,1.143,0.143,6.05
10497,33072,33073,7.0,1.0,87.37
10498,33074,33075,9.667,2.333,122.15
10499,33076,33077,13.75,1.583,153.22
10500,33078,33079,11.75,11.583,172.74
10501,33080,33081,4.0,1.333,25.48
10502,33082,33083,14.01,3530.162,26.99
10503,33084,33085,4.706,213.296,14.21
10504,33086,33087,8.0,0.0,52.81
10505,33090,33091,2.5,0.333,13.86
10506,33092,33093,4.714,3.297,20.15
10507,33094,33095,42.0,0.0,188.38
10508,33096,33097,39.0,20.667,196.61
10509,33098,33099,3.706,1.721,15.2
10510,33104,33105,6.333,0.267,46.87
10511,33106,33107,2.0,0.0,16.55
10512,33108,33109,3.0,0.0,24.09
10513,33112,33113,1.75,0.25,10.09
10514,33114,33115,2.0,0.0,11.35
10515,33116,33117,5.0,0.0,33.88
10516,33118,33119,10.0,0.0,70.11
10517,33120,33121,9.5,0.5,72.49
10518,33122,33123,3.0,0.0,25.05
10519,33124,33125,44.571,5.619,353.57
10520,33126,33127,4.875,0.411,34.62
10521,33128,33129,13.111,3.861,94.22
10522,33132,33133,6.0,1.75,41.32
10523,33152,33153,1.694,0.24,34.07
10524,33154,33155,4.137,0.35,84.09
10525,33156,33157,2.59,0.318,51.12
10526,33158,33159,79.244,31262.248,74.54
10527,33160,33161,93.656,19684.858,79.27
10528,33162,33163,155.386,43542.361,88.47
10529,33164,33165,82.772,14647.702,29.07
10530,33166,33167,181.308,35725.563,68.27
10531,33168,33169,16.126,905.417,30.27
10532,33170,33171,16.418,1026.568,15.27
10533,33172,33173,45.059,7529.564,21.45
10534,33174,33175,16.458,634.088,71.39
10535,33176,33177,28.292,1428.734,60.21
10536,33178,33179,59.096,11548.453,22.4
10537,33180,33181,132.849,27561.455,46.66
10538,33182,33183,96.223,18801.461,27.01
10539,33184,33185,74.715,10189.306,16.53
10540,33186,33187,7.74,7.268,89.18
10541,33188,33189,4.243,21.587,16.75
10542,33190,33191,49.708,4768.05,24.74
10543,33192,33193,144.511,24736.016,62.21
10544,33194,33195,58.32,1508.765,130.86
10545,33196,33197,8.55,578.396,22.9
10546,33198,33199,9.518,824.398,21.06
10547,33200,33201,59.128,3292.112,66.55
10548,33202,33203,16.775,639.341,51.51
10549,33204,33205,20.464,1043.758,21.92
10550,33206,33207,6.5,0.5,35.85
10551,33208,33209,3.604,0.376,45.09
10552,33210,33211,2.738,0.33,34.29
10553,33214,33215,4.227,0.633,50.49
10554,33216,33217,9.47,58.805,85.84
10555,33222,33223,6.621,0.744,50.23
10556,33224,33225,12.5,0.5,97.78
10557,33226,33227,34.0,0.0,221.93
10558,33228,33229,1.5,0.5,13.24
10559,33230,33231,5.0,0.0,44.03
10560,33232,33233,11.0,0.0,86.99
10561,33234,33235,1.667,0.333,8.56
10562,33236,33237,2.222,0.194,9.74
10563,33238,33239,19.602,3144.679,51.89
10564,33240,33241,39.667,30.333,212.22
10565,33242,33243,17.333,1.333,34.79
10566,33244,33245,12.0,0.0,23.48
10567,33246,33247,1.365,0.236,7.79
10568,33248,33249,2.058,0.683,8.47
10569,33252,33253,2.0,0.222,10.08
10570,33254,33255,16.333,12.333,74.16
10571,33256,33257,24.529,238.64,73.7
10572,33268,33269,9.0,0.0,39.33
10573,33276,33277,21.909,2.691,166.51
10574,33280,33281,80.728,12198.974,89.53
10575,33282,33283,22.842,3755.793,16.23
10576,33284,33285,4.38,41.911,12.93
10577,33286,33287,55.53,3361.012,88.75
10578,33288,33289,11.5,0.5,30.02
10579,33290,33291,9.0,0.0,19.44
10580,33292,33293,109.904,24517.991,52.08
10581,33294,33295,8.586,1.338,64.02
10582,33296,33297,16.07,108.513,93.14
10583,33298,33299,23.13,741.17,32.23
10584,33300,33301,52.685,4650.271,103.2
10585,33302,33303,2.789,0.302,21.12
10586,33304,33305,3.197,0.374,23.35
10587,33306,33307,15.395,1087.701,56.77
10588,33308,33309,20.629,3465.554,37.2
10589,33310,33311,3.404,0.388,25.17
10590,33314,33315,12.789,3.348,93.86
10591,33318,33319,8.088,12.779,85.85
10592,33320,33321,6.4,29.036,55.17
10593,33322,33323,1.697,0.263,20.1
10594,33324,33325,3.826,0.361,46.98
10595,33344,33345,2.429,0.257,20.16
10596,33346,33347,2.521,0.34,17.26
10597,33352,33353,6.881,0.686,89.18
10598,33354,33355,15.459,3.414,199.58
10599,33356,33357,5.928,0.777,75.85
10600,33360,33361,2.736,0.251,34.23
10601,33362,33363,2.818,0.59,19.2
10602,33364,33365,3.0,0.134,37.31
10603,33366,33367,1.867,0.184,24.13
10604,33368,33369,10.926,85.11,90.85
10605,33370,33371,2.849,0.284,37.58
10606,33372,33373,4.604,0.398,58.75
10607,33378,33379,1.226,0.179,14.12
10608,33380,33381,4.143,0.143,32.14
10609,33382,33383,2.143,0.125,17.06
10610,33384,33385,4.762,5.893,33.2
10611,33386,33387,5.071,37.287,14.78
10612,33390,33391,9.75,6.568,81.94
10613,33392,33393,16.022,2.644,125.65
10614,33394,33395,4.0,1.714,32.54
10615,33396,33397,9.625,0.268,76.04
10616,33398,33399,2.25,0.214,17.28
10617,33400,33401,4.818,0.364,37.65
10618,33402,33403,1.545,0.273,12.53
10619,33404,33405,1.091,0.091,8.41
10620,33406,33407,1.095,0.086,6.42
10621,33408,33409,2.412,0.492,26.58
10622,33410,33411,1.043,0.043,8.91
10623,33416,33417,23.5,180.5,58.28
10624,33424,33425,198.9,23540.095,13.3
10625,33426,33427,21.838,2879.353,8.24
10626,33428,33429,236.595,42213.065,78.8
10627,33430,33431,131.526,33871.89,29.72
10628,33432,33433,45.855,7008.166,39.49
10629,33434,33435,23.385,4343.59,0.2
10630,33436,33437,88.0,43.0,365.64
10631,33438,33439,1.698,0.213,29.43
10632,33440,33441,9.269,1.438,225.64
10633,33442,33443,16.269,3.96,210.02
10634,33444,33445,27.195,979.611,17.0
10635,33446,33447,5.214,0.335,40.07
10636,33448,33449,8.385,0.423,61.06
10637,33452,33453,7.0,0.0,48.34
10638,33454,33455,15.25,0.25,109.21
10639,33456,33457,14.6,1.3,107.81
10640,33458,33459,8.8,0.2,66.01
10641,33460,33461,1.19,0.542,9.73
10642,33466,33467,25.336,5945.801,26.4
10643,33470,33471,10.812,1006.536,10.26
10644,33472,33473,39.266,8186.801,24.53
10645,33474,33475,209.203,40936.545,118.07
10646,33476,33477,87.924,19280.174,55.27
10647,33478,33479,68.16,14811.911,38.66
10648,33480,33481,5.617,0.839,39.73
10649,33482,33483,2.826,0.423,17.21
10650,33484,33485,1.711,4.536,3.17
10651,33486,33487,8.455,3.673,73.6
10652,33488,33489,5.1,0.322,40.84
10653,33490,33491,9.056,0.879,70.56
10654,33492,33493,5.955,0.426,44.71
10655,33494,33495,14.25,5.239,109.26
10656,33496,33497,58.038,7786.548,20.41
10657,33498,33499,139.607,28309.225,42.64
10658,33500,33501,24.367,4250.086,26.78
10659,33502,33503,42.5,6229.329,13.51
10660,33504,33505,20.908,3035.841,24.91
10661,33506,33507,9.349,1383.941,12.24
10662,33510,33511,11.883,1993.065,17.18
10663,33520,33521,11.667,0.667,87.81
10664,33522,33523,5.545,0.473,39.19
10665,33524,33525,52.312,7071.696,43.26
10666,33526,33527,99.733,39215.495,17.79
10667,33528,33529,3.15,0.134,19.39
10668,33530,33531,10.0,2.0,67.53
10669,33532,33533,24.727,1148.58,91.07
10670,33534,33535,29.694,2253.99,35.48
10671,33536,33537,111.5,13891.815,93.01
10672,33544,33545,1.087,0.192,4.94
10673,33546,33547,8.815,73.044,59.8
10674,33548,33549,18.036,195.52,125.09
10675,33550,33551,8.888,254.07,39.03
10676,33552,33553,74.0,0.0,143.59
10677,33556,33557,3.5,0.5,29.0
10678,33558,33559,3.0,0.0,29.76
10679,33560,33561,5.0,0.0,39.89
10680,33562,33563,3.0,0.0,24.97
10681,33564,33565,6.667,0.333,45.76
10682,33566,33567,3.533,0.267,26.75
10683,33568,33569,6.438,1.596,50.34
10684,33570,33571,10.875,1.583,83.04
10685,33572,33573,2.357,0.247,19.44
10686,33574,33575,8.714,5.912,72.41
10687,33576,33577,4.667,0.25,31.84
10688,33578,33579,2.429,0.286,17.33
10689,33580,33581,17.143,2.476,127.36
10690,33582,33583,1.8,0.2,14.61
10691,33584,33585,8.8,1.2,60.44
10692,33586,33587,84.917,13006.593,9.32
10693,33588,33589,4.333,1.067,20.4
10694,33590,33591,2.119,0.107,12.75
10695,33592,33593,2.789,0.441,20.86
10696,33596,33597,2.9,0.656,18.44
10697,33598,33599,1.939,0.1,11.26
10698,33600,33601,2.19,0.743,16.72
10699,33602,33603,6.571,0.952,29.97
10700,33604,33605,4.0,2.0,15.91
10701,33606,33607,3.143,0.286,13.5
10702,33608,33609,20.4,2.3,43.41
10703,33610,33611,12.333,0.333,92.68
10704,33612,33613,10.409,1.206,83.41
10705,33614,33615,2.5,0.262,19.07
10706,33616,33617,6.053,0.719,45.85
10707,33618,33619,8.571,0.952,67.09
10708,33620,33621,1.867,0.41,14.21
10709,33622,33623,3.857,0.901,26.41
10710,33624,33625,6.182,1.364,44.77
10711,33628,33629,10.375,1.583,113.52
10712,33630,33631,22.333,0.333,154.07
10713,33638,33639,4.414,0.323,32.71
10714,33640,33641,14.0,3.333,105.72
10715,33642,33643,10.429,0.619,76.04
10716,33648,33649,4.333,0.267,31.82
10717,33650,33651,3.0,0.0,22.16
10718,33652,33653,61.713,7686.719,25.1
10719,33654,33655,19.432,1785.697,11.82
10720,33656,33657,3.54,68.165,35.85
10721,33658,33659,6.689,70.658,65.77
10722,33660,33661,8.129,236.392,32.68
10723,33662,33663,31.204,1152.985,42.06
10724,33666,33667,5.32,0.227,41.79
10725,33668,33669,6.63,0.396,49.92
10726,33670,33671,2.185,0.157,16.52
10727,33672,33673,2.857,0.127,22.1
10728,33674,33675,1.679,0.226,13.59
10729,33678,33679,5.966,22.106,28.83
10730,33686,33687,45.0,0.0,115.99
10731,33690,33691,15.5,4.5,42.47
10732,33696,33697,15.0,0.0,113.82
10733,33698,33699,3.0,0.5,22.31
10734,33700,33701,218.667,19953.5,72.5
10735,33708,33709,6.0,0.857,13.91
10736,33710,33711,6.571,1.952,16.46
10737,33712,33713,11.667,1.333,27.27
10738,33714,33715,15.667,1.333,32.99
10739,33716,33717,2.535,0.272,31.41
10740,33718,33719,3.535,0.333,45.36
10741,33720,33721,2.616,0.28,33.27
10742,33722,33723,11.16,1.932,139.06
10743,33724,33725,6.698,0.868,83.44
10744,33726,33727,4.532,0.443,57.19
10745,33728,33729,6.333,0.788,46.0
10746,33732,33733,7.0,0.0,48.24
10747,33734,33735,9.0,1.0,56.32
10748,33736,33737,9.714,0.571,67.19
10749,33738,33739,9.0,2.0,66.56
10750,33740,33741,23.5,9.9,171.2
10751,33742,33743,5.0,8.0,17.63
10752,33746,33747,5.0,0.0,21.84
10753,33748,33749,5.0,0.0,19.06
10754,33752,33753,7.0,1.0,36.67
10755,33756,33757,9.0,0.0,50.73
10756,33758,33759,5.0,0.0,27.59
10757,33762,33763,2.4,0.3,12.2
10758,33764,33765,13.0,0.0,68.65
10759,33766,33767,8.333,0.333,41.53
10760,33768,33769,9.0,0.0,67.08
10761,33772,33773,17.5,0.5,36.85
10762,33776,33777,44.348,69.601,94.82
10763,33778,33779,245.333,1019.25,508.14
10764,33780,33781,358.818,1653.164,764.86
10765,33782,33783,1.493,0.318,3.01
10766,33784,33785,19.579,28.59,36.8
10767,33786,33787,42.154,108.208,63.2
10768,33788,33789,10.185,11.117,19.34
10769,33790,33791,2.333,11.381,0.2
10770,33792,33793,101.469,441.727,207.22
10771,33794,33795,71.458,50.694,156.9
10772,33796,33797,11.474,0.93,54.18
10773,33798,33799,14.0,0.0,32.39
10774,33800,33801,3.333,0.333,18.5
10775,33802,33803,12.5,4.5,101.29
10776,33804,33805,14.0,2.667,108.21
10777,33806,33807,6.182,0.564,48.49
10778,33808,33809,8.2,0.178,62.89
10779,33810,33811,6.571,0.924,101.06
10780,33812,33813,4.377,0.387,67.32
10781,33814,33815,23.761,1446.093,167.0
10782,33816,33817,3.582,0.278,55.6
10783,33818,33819,49.273,19.218,233.73
10784,33820,33821,42.958,102.042,188.8
10785,33822,33823,8.176,131.029,0.2
10786,33824,33825,11.3,116.377,27.05
10787,33832,33833,12.0,0.0,57.87
10788,33834,33835,35.571,5.952,263.68
10789,33838,33839,3.111,0.111,24.62
10790,33840,33841,10.583,1.538,79.96
10791,33842,33843,53.0,0.0,228.98
10792,33846,33847,3.125,0.125,22.15
10793,33850,33851,4.091,0.291,49.61
10794,33854,33855,5.386,5.813,23.05
10795,33858,33859,59.0,36.0,408.87
10796,33860,33861,10.353,842.018,22.83
10797,33862,33863,3.752,211.913,10.27
10798,33864,33865,22.63,1705.899,54.85
10799,33866,33867,7.914,509.524,19.86
10800,33868,33869,22.5,1762.397,36.77
10801,33870,33871,9.353,607.969,19.19
10802,33872,33873,147.95,104689.642,95.94
10803,33874,33875,174.613,74119.998,110.77
10804,33876,33877,56.206,9738.857,25.91
10805,33878,33879,30.618,6734.499,22.22
10806,33880,33881,3.682,0.227,26.72
10807,33884,33885,3.227,1.232,19.65
10808,33886,33887,1.1,0.2,6.06
10809,33888,33889,4.829,12.97,25.8
10810,33890,33891,8.192,1.407,59.58
10811,33892,33893,3.0,0.0,22.52
10812,33894,33895,1.335,0.224,31.15
10813,33896,33897,8.744,0.867,184.07
10814,33898,33899,3.815,1.244,69.12
10815,33900,33901,4.846,0.465,98.04
10816,33902,33903,12.382,2.159,254.04
10817,33904,33905,4.475,0.392,94.35
10818,33906,33907,14.372,4.886,382.05
10819,33908,33909,2.695,0.285,38.52
10820,33910,33911,29.604,4891.267,43.93
10821,33912,33913,96.207,16611.383,120.12
10822,33914,33915,23.668,3265.835,19.43
10823,33918,33919,130.5,61.667,270.81
10824,33920,33921,32.667,78.667,76.26
10825,33922,33923,54.4,17.3,116.53
10826,33924,33925,25.912,3698.946,58.79
10827,33926,33927,47.175,7249.702,46.2
10828,33928,33929,119.333,55185.968,111.76
10829,33930,33931,205.469,68548.475,34.63
10830,33934,33935,10.583,6.447,47.74
10831,33938,33939,16.333,0.333,72.54
10832,33940,33941,7.5,2.056,36.77
10833,33942,33943,5.0,0.0,30.3
10834,33944,33945,2.75,0.25,15.18
10835,33948,33949,10.0,2.0,46.9
10836,33964,33965,14.5,0.5,68.96
10837,33966,33967,13.667,2.333,66.17
10838,33968,33969,15.0,0.0,65.22
10839,33970,33971,11.0,0.0,68.4
10840,33978,33979,38.0,0.0,165.2
10841,33998,33999,12.0,0.0,61.02
10842,34000,34001,2.0,0.0,7.52
10843,34006,34007,12.0,0.0,23.17
10844,34008,34009,2.0,0.0,10.79
10845,34010,34011,6.0,0.0,29.3
10846,34012,34013,2.0,0.0,10.48
10847,34016,34017,7.0,0.0,33.24
10848,34020,34021,7.5,0.5,40.63
10849,34024,34025,2.5,0.5,10.57
10850,34034,34035,8.522,1.534,39.83
10851,34036,34037,4.6,17.8,10.62
10852,34048,34049,6.0,0.0,26.2
10853,34050,34051,34.25,20.917,72.8
10854,34052,34053,77.0,0.0,143.34
10855,34054,34055,38.5,112.5,80.76
10856,34056,34057,12.0,5.833,26.06
10857,34058,34059,8.545,1061.152,9.98
10858,34060,34061,7.842,456.251,22.71
10859,34062,34063,15.446,1391.85,16.79
10860,34064,34065,46.476,5202.29,47.74
10861,34066,34067,2.0,0.0,9.05
10862,34068,34069,14.0,1.0,74.88
10863,34070,34071,2.5,0.5,11.12
10864,34074,34075,7.01,2.06,79.85
10865,34076,34077,13.787,527.197,122.2
10866,34078,34079,21.362,2862.971,79.67
10867,34080,34081,41.572,4541.933,58.1
10868,34082,34083,1.254,8.709,9.82
10869,34084,34085,15.918,536.693,89.47
10870,34088,34089,7.17,316.695,25.89
10871,34090,34091,2.036,60.37,8.0
10872,34092,34093,15.22,609.064,47.36
10873,34094,34095,18.184,907.773,28.17
10874,34100,34101,8.0,0.0,15.59
10875,34102,34103,1.667,1.333,2.44
10876,34104,34105,21.125,6.982,101.17
10877,34112,34113,5.75,30.917,0.2
10878,34114,34115,2.0,0.0,13.57
10879,34124,34125,16.0,457.5,0.2
10880,34126,34127,5.0,0.0,23.28
10881,34128,34129,4.0,0.0,20.0
10882,34130,34131,5.0,12.0,28.73
10883,34136,34137,13.143,91.476,29.0
10884,34138,34139,8.333,16.333,17.25
10885,34140,34141,16.25,2.917,72.53
10886,34144,34145,3.308,0.231,16.23
10887,34146,34147,6.6,1.114,30.17
10888,34148,34149,10.0,0.0,50.14
10889,34152,34153,2.0,0.0,13.12
10890,34182,34183,7.5,0.5,37.6
10891,34184,34185,5.444,177.778,0.2
10892,34186,34187,5.5,40.5,0.75
10893,34188,34189,3.5,0.5,16.16
10894,34190,34191,16.0,0.0,92.29
10895,34192,34193,9.0,0.0,49.36
10896,34194,34195,5.0,0.0,25.06
10897,34196,34197,15.0,0.0,80.98
10898,34198,34199,1.333,0.333,4.68
10899,34200,34201,7.5,0.5,35.53
10900,34206,34207,6.833,0.567,30.41
10901,34210,34211,8.5,0.333,42.39
10902,34212,34213,21.5,4.5,108.05
10903,34214,34215,3.5,4.5,8.61
10904,34222,34223,3.0,0.0,16.06
10905,34226,34227,89.0,578.0,191.19
10906,34236,34237,2.0,0.0,11.74
10907,34240,34241,23.0,8.0,114.72
10908,34244,34245,41.0,0.0,195.02
10909,34258,34259,158.5,10512.5,20.56
10910,34262,34263,23.0,0.0,109.88
10911,34264,34265,28.571,13.619,140.04
10912,34266,34267,3.0,1.0,11.98
10913,34270,34271,7.0,0.0,29.82
10914,34274,34275,5.5,0.5,28.63
10915,34276,34277,3.0,0.0,11.67
10916,34278,34279,4.5,0.5,21.39
10917,34280,34281,3.667,14.333,0.12
10918,34282,34283,17.0,8.0,83.38
10919,34288,34289,14.0,0.0,49.39
10920,34292,34293,2.2,2.7,0.2
10921,34294,34295,1.2,0.2,5.34
10922,34296,34297,2.714,0.238,12.65
10923,34310,34311,14.0,0.0,65.51
10924,34312,34313,12.4,3.156,102.13
10925,34326,34327,14.0,2.0,73.27
10926,34328,34329,75.833,1235.367,118.22
10927,34336,34337,11.0,0.0,60.17
10928,34338,34339,10.0,0.0,47.12
10929,34344,34345,11.4,0.8,72.12
10930,34348,34349,39.0,0.0,157.36
10931,34354,34355,15.091,1.491,73.35
10932,34358,34359,6.0,0.0,28.71
10933,34360,34361,18.5,5.667,94.01
10934,34370,34371,9.0,1.0,41.79
10935,34376,34377,11.0,0.0,52.5
10936,34378,34379,10.25,0.917,53.93
10937,34380,34381,3.0,0.0,15.62
10938,34384,34385,6.0,0.0,25.91
10939,34404,34405,29.667,52.333,71.1
10940,34414,34415,25.5,4.5,135.0
10941,34420,34421,1.458,1.476,5.41
10942,34422,34423,68.0,0.0,336.58
10943,34424,34425,15.0,0.0,77.28
10944,34436,34437,23.0,2.0,109.64
10945,34442,34443,4.449,635.436,6.9
10946,34444,34445,20.199,4584.516,50.56
10947,34446,34447,41.839,12242.024,67.29
10948,34448,34449,2.226,0.176,23.9
10949,34450,34451,3.048,0.09,23.24
10950,34454,34455,19.25,11.583,97.84
10951,34456,34457,30.4,170.8,179.43
10952,34458,34459,4.2,0.2,19.77
10953,34464,34465,2.161,0.17,27.41
10954,34466,34467,4.54,0.317,58.44
10955,34468,34469,4.716,0.388,60.35
10956,34470,34471,1.667,0.225,21.02
10957,34474,34475,3.723,0.471,46.27
10958,34476,34477,25.125,9.268,127.3
10959,34478,34479,34.0,475.75,84.94
10960,34482,34483,33.917,22.265,161.15
10961,34596,34597,4.54,0.621,54.78
10962,34598,34599,4.222,1.157,65.31
10963,34600,34601,9.226,2.255,138.47
10964,34602,34603,2.259,0.265,32.68
10965,34604,34605,7.741,1.739,117.35
10966,34606,34607,9.538,1.382,252.27
10967,34608,34609,9.14,0.926,220.69
10968,34610,34611,22.5,0.5,116.07
10969,34612,34613,77.667,101.333,389.79
10970,34614,34615,32.25,10.917,161.52
10971,34616,34617,4.111,3.861,17.68
10972,34620,34621,8.667,0.267,45.28
10973,34626,34627,4.8,0.2,26.74
10974,34628,34629,9.889,0.361,52.36
10975,34630,34631,9.0,1.0,47.98
10976,34632,34633,5.5,0.5,27.33
10977,34634,34635,4.239,0.376,54.03
10978,34638,34639,27.0,18.0,190.1
10979,34640,34641,6.8,0.7,46.57
10980,34642,34643,11.667,2.333,72.39
10981,34644,34645,6.0,0.0,46.69
10982,34646,34647,20.667,1.867,144.4
10983,34648,34649,6.444,2.028,43.16
10984,34650,34651,8.667,0.333,68.7
10985,34652,34653,12.0,0.0,112.25
10986,34654,34655,3.0,0.0,25.15
10987,34656,34657,36.857,20.81,267.49
10988,34658,34659,6.8,0.7,50.57
10989,34660,34661,6.333,0.333,48.18
10990,34664,34665,4.8,0.7,40.92
10991,34666,34667,9.0,0.667,107.42
10992,34668,34669,3.0,0.0,40.03
10993,34670,34671,10.0,1.0,122.21
10994,34672,34673,5.75,0.25,61.27
10995,34674,34675,8.875,0.696,112.37
10996,34676,34677,5.111,7.611,36.73
10997,34678,34679,1.131,0.116,12.56
10998,34680,34681,3.683,0.796,39.55
10999,34682,34683,1.183,0.152,5.5
11000,34684,34685,2.345,0.23,28.05
11001,34686,34687,10.055,0.941,119.14
11002,34696,34697,4.0,0.0,46.69
11003,34698,34699,5.333,0.333,60.45
11004,34700,34701,9.0,0.0,109.8
11005,34702,34703,3.0,0.0,41.88
11006,34704,34705,3.5,0.5,25.44
11007,34710,34711,3.8,0.2,17.13
11008,34712,34713,5.8,0.2,28.24
11009,34716,34717,2.0,0.0,10.36
11010,34718,34719,10.0,1.0,54.7
11011,34720,34721,8.5,0.5,46.25
11012,34724,34725,14.0,0.0,84.92
11013,34726,34727,6.238,0.39,69.53
11014,34728,34729,2.5,0.267,22.51
11015,34740,34741,2.0,0.0,15.46
11016,34742,34743,3.0,0.0,17.72
11017,34746,34747,9.537,1.455,111.56
11018,34748,34749,22.143,5.629,244.69
11019,34750,34751,11.238,0.59,107.93
11020,34752,34753,3.0,0.0,24.53
11021,34754,34755,126.773,166.755,594.09
11022,34756,34757,43.5,15.5,219.67
11023,34758,34759,14.5,0.5,76.57
11024,34762,34763,95.2,79.289,438.1
11025,34764,34765,3.8,0.2,18.3
11026,34766,34767,42.75,2.25,195.94
11027,34768,34769,70.0,397.0,382.16
11028,34774,34775,7.086,347.452,18.36
11029,34776,34777,27.763,1666.486,34.17
11030,34778,34779,47.14,26452.333,36.54
11031,34780,34781,74.095,36128.314,75.95
11032,34782,34783,3.0,0.0,23.16
11033,34794,34795,9.0,0.0,97.99
11034,34800,34801,14.5,4.5,95.8
11035,34802,34803,5.5,0.5,33.64
11036,34808,34809,2.667,0.267,17.2
11037,34810,34811,18.0,4.8,126.73
11038,34820,34821,34.0,0.0,162.56
11039,34826,34827,6.0,19.0,41.54
11040,34830,34831,1.2,0.2,3.64
11041,34832,34833,8.0,2.0,41.31
11042,34840,34841,10.0,2.5,87.55
11043,34842,34843,2.75,0.25,17.65
11044,34846,34847,5.0,0.0,37.57
11045,34848,34849,4.0,0.0,24.26
11046,34850,34851,26.546,607.057,137.19
11047,34852,34853,25.841,1423.321,43.72
11048,34854,34855,18.903,1041.035,20.46
11049,34856,34857,3.436,0.371,42.78
11050,34860,34861,4.645,0.459,60.8
11051,34864,34865,2.335,0.234,29.06
11052,34866,34867,1.367,4.279,2.9
11053,34868,34869,59.667,3950.333,94.49
11054,34870,34871,8.0,0.0,51.47
11055,34872,34873,6.0,0.0,37.74
11056,34876,34877,13.0,1.0,67.35
11057,34878,34879,15.333,1.333,72.1
11058,34894,34895,2.0,0.0,8.08
11059,34902,34903,4.833,0.567,23.45
11060,34904,34905,5.5,0.5,25.3
11061,34906,34907,3.0,0.0,11.02
11062,34908,34909,4.889,0.111,33.67
11063,34910,34911,6.0,0.4,46.13
11064,34912,34913,3.643,0.247,26.82
11065,34914,34915,7.357,0.401,49.51
11066,34916,34917,5.33,46.593,18.2
11067,34918,34919,17.772,457.422,40.71
11068,34920,34921,1.885,31.0,8.47
11069,34934,34935,15.75,4.917,79.47
11070,34938,34939,3.213,0.519,30.79
11071,34942,34943,38.5,0.5,82.91
11072,34944,34945,72.0,171.0,157.79
11073,34948,34949,5.0,0.0,23.55
11074,34950,34951,15.463,2697.181,33.56
11075,34952,34953,48.941,8857.238,123.4
11076,34956,34957,4.0,0.0,16.69
11077,34964,34965,13.0,0.0,62.54
11078,34966,34967,26.0,0.0,14.89
11079,34968,34969,33.5,480.5,60.12
11080,34970,34971,8.0,0.0,37.37
11081,34976,34977,50.2,11858.7,6.26
11082,34978,34979,36.0,0.0,25.2
11083,34980,34981,4.462,0.769,31.66
11084,34982,34983,11.2,2.457,80.84
11085,34984,34985,8.059,3.684,60.94
11086,34988,34989,20.0,0.0,148.88
11087,34990,34991,19.5,0.5,142.92
11088,34992,34993,5.667,0.333,39.0
11089,34994,34995,8.735,0.443,63.58
11090,34996,34997,7.762,0.49,59.28
11091,34998,34999,8.333,0.706,58.17
11092,35000,35001,11.917,0.629,85.28
11093,35002,35003,13.4,4.3,95.09
11094,35006,35007,5.0,0.0,41.16
11095,35008,35009,3.364,0.255,21.73
11096,35010,35011,14.5,0.5,108.83
11097,35012,35013,3.2,0.2,15.16
11098,35030,35031,14.333,0.333,67.68
11099,35036,35037,13.0,0.0,62.75
11100,35068,35069,7.797,0.51,91.07
11101,35084,35085,10.5,4.5,43.2
11102,35086,35087,127.0,201.0,622.62
11103,35088,35089,7.667,0.333,58.8
11104,35090,35091,3.0,0.667,21.28
11105,35092,35093,22.75,13.583,164.64
11106,35094,35095,11.0,0.0,75.19
11107,35102,35103,6.0,0.0,42.51
11108,35108,35109,8.333,2.333,42.27
11109,35114,35115,6.0,0.0,39.13
11110,35116,35117,6.0,0.0,35.96
11111,35118,35119,9.0,0.0,59.5
11112,35120,35121,8.0,0.0,50.47
11113,35124,35125,8.0,0.0,49.86
11114,35126,35127,8.0,72.0,108.66
11115,35128,35129,6.5,0.333,49.15
11116,35130,35131,1.333,0.333,6.8
11117,35132,35133,10.0,0.0,62.73
11118,35134,35135,9.5,4.5,60.96
11119,35136,35137,18.0,0.0,111.0
11120,35138,35139,51.0,0.0,122.53
11121,35140,35141,37.0,3.0,81.04
11122,35142,35143,15.0,0.0,84.14
11123,35148,35149,6.0,0.0,45.38
11124,35150,35151,10.5,0.5,64.19
11125,35152,35153,7.037,0.499,49.97
11126,35154,35155,8.0,2.0,62.92
11127,35160,35161,9.333,0.333,60.36
11128,35162,35163,5.333,0.333,36.66
11129,35164,35165,2.333,0.333,14.86
11130,35166,35167,5.0,0.0,34.32
11131,35168,35169,4.5,0.278,31.51
11132,35170,35171,6.727,4.618,42.22
11133,35172,35173,21.0,0.0,250.15
11134,35174,35175,2.875,0.125,20.88
11135,35176,35177,5.125,0.125,35.21
11136,35178,35179,8.5,0.5,59.4
11137,35180,35181,16.0,0.0,112.71
11138,35186,35187,17.0,0.0,122.02
11139,35196,35197,9.0,0.0,81.62
11140,35200,35201,2.955,0.331,19.22
11141,35202,35203,8.154,0.808,55.8
11142,35204,35205,3.6,0.3,26.08
11143,35206,35207,3.0,0.5,16.56
11144,35214,35215,4.1,0.322,30.25
11145,35216,35217,2.2,0.178,14.96
11146,35218,35219,2.889,0.111,19.51
11147,35220,35221,2.5,0.3,18.23
11148,35222,35223,18.286,1.905,140.33
11149,35226,35227,32.0,0.0,296.99
11150,35248,35249,25.5,1.611,191.54
11151,35252,35253,34.038,5307.095,130.95
11152,35254,35255,4.324,99.821,17.83
11153,35256,35257,2.767,46.585,9.34
11154,35258,35259,25.103,1344.851,90.04
11155,35260,35261,13.728,409.527,38.05
11156,35262,35263,3.796,61.678,12.41
11157,35264,35265,38.366,692.685,26.74
11158,35266,35267,2.142,21.176,16.83
11159,35268,35269,2.6,0.3,17.38
11160,35270,35271,38.125,7329.268,58.27
11161,35272,35273,13.812,103.629,19.15
11162,35274,35275,5.884,1.058,72.76
11163,35276,35277,13.0,1.0,153.62
11164,35280,35281,21.0,0.0,77.83
11165,35284,35285,23.0,0.0,50.69
11166,35286,35287,22.0,0.0,44.8
11167,35288,35289,48.0,0.0,104.56
11168,35292,35293,24.333,2.333,48.92
11169,35294,35295,9.8,6.7,22.62
11170,35298,35299,1.391,0.241,10.88
11171,35300,35301,3.932,0.386,28.39
11172,35302,35303,2.184,0.198,15.8
11173,35304,35305,13.989,845.807,46.03
11174,35306,35307,18.204,2555.838,34.2
11175,35308,35309,22.138,4719.639,22.02
11176,35310,35311,64.1,17735.635,70.88
11177,35312,35313,29.5,4.5,197.48
11178,35314,35315,31.125,147.839,182.28
11179,35316,35317,3.0,0.0,18.66
11180,35322,35323,4.0,0.0,25.35
11181,35326,35327,4.6,0.3,35.75
11182,35328,35329,11.714,52.238,37.04
11183,35330,35331,8.667,1.636,116.18
11184,35332,35333,16.295,6.632,259.1
11185,35336,35337,10.744,3.004,169.61
11186,35338,35339,7.833,0.776,121.96
11187,35340,35341,2.556,0.389,40.18
11188,35344,35345,2.311,0.219,34.94
11189,35348,35349,4.0,0.0,21.5
11190,35354,35355,16.5,0.5,81.43
11191,35356,35357,11.0,0.0,53.72
11192,35360,35361,9.0,0.0,18.7
11193,35362,35363,9.0,0.0,43.39
11194,35364,35365,8.0,0.0,39.88
11195,35368,35369,23.0,283.0,51.94
11196,35374,35375,1.5,20.904,9.26
11197,35376,35377,2.516,34.133,13.9
11198,35378,35379,1.755,93.862,11.67
11199,35380,35381,2.452,127.727,2.08
11200,35382,35383,6.706,5.512,46.86
11201,35384,35385,2.667,0.333,17.86
11202,35388,35389,2.333,0.333,16.95
11203,35390,35391,2.182,0.262,16.76
11204,35392,35393,3.455,0.273,15.98
11205,35400,35401,7.556,0.778,35.72
11206,35402,35403,5.118,0.372,62.68
11207,35404,35405,2.803,0.267,33.86
11208,35406,35407,62.397,15373.318,38.87
11209,35408,35409,2.162,184.495,4.48
11210,35410,35411,1.075,0.211,4.29
11211,35412,35413,1.531,63.393,9.07
11212,35414,35415,2.688,110.026,15.09
11213,35416,35417,4.164,0.373,51.5
11214,35418,35419,4.966,0.54,61.95
11215,35424,35425,1.034,0.033,9.69
11216,35426,35427,1.043,0.043,1.14
11217,35430,35431,1.17,0.141,6.41
11218,35434,35435,8.509,330.479,30.31
11219,35438,35439,8.189,56.213,22.86
11220,35440,35441,25.759,2381.768,11.89
11221,35442,35443,2.92,69.792,10.67
11222,35444,35445,6.5,0.5,27.0
11223,35462,35463,1.027,0.027,12.14
11224,35466,35467,6.545,0.473,45.2
11225,35468,35469,4.182,2.964,23.22
11226,35470,35471,7.375,0.917,49.65
11227,35472,35473,8.388,1.393,61.96
11228,35474,35475,4.631,0.455,34.28
11229,35478,35479,12.5,2.182,91.95
11230,35482,35483,4.981,0.471,35.83
11231,35484,35485,12.442,4.212,93.01
11232,35486,35487,4.255,0.394,30.88
11233,35488,35489,15.588,3.207,114.01
11234,35490,35491,3.822,0.343,29.18
11235,35492,35493,36.0,0.0,186.46
11236,35496,35497,25.5,60.5,126.25
11237,35498,35499,50.2,852.2,146.25
11238,35504,35505,2.0,0.0,5.09
11239,35506,35507,50.0,0.0,263.96
11240,35508,35509,28.0,0.0,173.34
11241,35516,35517,12.667,1.067,90.02
11242,35520,35521,5.0,0.0,28.95
11243,35522,35523,11.0,0.0,86.61
11244,35524,35525,17.0,0.0,146.96
11245,35526,35527,13.667,0.333,108.82
11246,35528,35529,8.119,574.82,14.93
11247,35530,35531,44.052,2309.424,70.63
11248,35532,35533,80.612,34145.17,82.16
11249,35534,35535,17.604,2738.385,24.86
11250,35536,35537,4.213,0.347,47.96
11251,35538,35539,1.056,0.053,12.35
11252,35540,35541,4.238,0.759,49.76
11253,35546,35547,5.083,0.167,57.04
11254,35548,35549,2.75,0.283,34.76
11255,35550,35551,13.692,3.022,163.68
11256,35552,35553,2.125,0.411,25.24
11257,35556,35557,15.0,0.0,69.57
11258,35558,35559,1.273,0.201,12.21
11259,35560,35561,34.311,7159.67,43.13
11260,35562,35563,72.906,44241.974,42.16
11261,35564,35565,5.218,0.692,38.77
11262,35566,35567,4.018,47.436,20.74
11263,35568,35569,15.75,792.28,54.19
11264,35570,35571,104.853,20430.157,74.03
11265,35572,35573,19.636,2.114,151.88
11266,35574,35575,7.95,0.459,60.65
11267,35578,35579,5.612,0.992,40.35
11268,35580,35581,3.5,0.468,25.11
11269,35582,35583,3.612,0.492,26.03
11270,35584,35585,2.254,0.193,27.98
11271,35590,35591,3.833,0.167,50.63
11272,35592,35593,3.947,0.608,39.16
11273,35594,35595,3.25,0.214,33.93
11274,35598,35599,2.312,0.229,30.18
11275,35602,35603,1.017,0.017,7.23
11276,35608,35609,6.0,0.32,56.12
11277,35612,35613,7.609,0.613,56.0
11278,35614,35615,26.708,5.781,206.08
11279,35616,35617,8.437,190.815,24.65
11280,35618,35619,10.633,220.928,33.87
11281,35620,35621,19.737,475.765,53.74
11282,35624,35625,2.4,0.3,14.97
11283,35626,35627,1.012,0.012,7.24
11284,35628,35629,1.236,0.523,5.76
11285,35634,35635,3.022,0.181,39.09
11286,35636,35637,6.81,0.577,86.54
11287,35638,35639,9.143,1.221,116.22
11288,35640,35641,5.677,0.66,71.41
11289,35642,35643,4.571,1.557,26.24
11290,35644,35645,20.735,402.201,36.49
11291,35646,35647,1.909,0.278,23.2
11292,35648,35649,11.928,76.231,115.59
11293,35650,35651,19.19,531.469,90.65
11294,35652,35653,18.261,759.383,28.3
11295,35654,35655,6.452,10.456,71.32
11296,35656,35657,11.335,111.993,55.62
11297,35658,35659,5.5,0.636,62.78
11298,35660,35661,6.167,0.167,49.74
11299,35662,35663,10.0,0.6,74.75
11300,35664,35665,7.333,0.267,55.43
11301,35666,35667,2.0,0.0,14.46
11302,35668,35669,2.429,0.619,18.47
11303,35670,35671,1.167,0.167,8.06
11304,35672,35673,7.75,0.917,61.98
11305,35674,35675,3.333,0.333,30.34
11306,35676,35677,9.0,0.0,67.7
11307,35678,35679,8.333,0.333,62.98
11308,35680,35681,2.5,0.5,19.13
11309,35682,35683,13.5,0.5,158.13
11310,35684,35685,7.0,0.0,79.85
11311,35686,35687,5.696,21.994,6.08
11312,35688,35689,7.519,0.96,87.61
11313,35690,35691,4.239,3.897,28.03
11314,35692,35693,24.136,16.507,288.34
11315,35694,35695,1.929,0.071,16.62
11316,35696,35697,26.0,0.0,183.49
11317,35698,35699,15.5,0.5,109.1
11318,35700,35701,17.522,4.17,127.23
11319,35702,35703,12.0,0.0,89.83
11320,35704,35705,3.0,0.0,19.82
11321,35706,35707,5.5,0.5,36.81
11322,35708,35709,6.0,0.0,40.79
11323,35710,35711,3.667,4.667,17.7
11324,35712,35713,19.75,0.917,101.32
11325,35714,35715,17.8,1.7,88.87
11326,35716,35717,1.333,0.333,5.94
11327,35724,35725,6.0,0.0,28.69
11328,35728,35729,15.874,2.968,204.68
11329,35730,35731,5.129,0.293,50.38
11330,35732,35733,14.05,106.209,134.81
11331,35734,35735,2.952,89.012,14.56
11332,35736,35737,6.579,297.831,21.77
11333,35738,35739,1.145,0.124,8.16
11334,35742,35743,3.0,0.0,25.07
11335,35746,35747,1.185,0.151,10.73
11336,35748,35749,3.5,0.3,18.14
11337,35756,35757,4.716,0.506,97.29
11338,35758,35759,1.333,0.225,26.72
11339,35764,35765,1.861,0.288,14.9
11340,35768,35769,4.7,0.642,31.07
11341,35770,35771,30.0,0.0,60.31
11342,35772,35773,77.5,40.5,154.65
11343,35774,35775,1.5,0.27,15.91
11344,35776,35777,2.049,0.207,25.32
11345,35780,35781,52.0,0.0,229.89
11346,35784,35785,6.893,140.103,27.67
11347,35786,35787,5.919,245.618,7.35
11348,35788,35789,7.043,210.964,8.31
11349,35792,35793,13.0,2.807,152.62
11350,35794,35795,3.735,0.616,27.28
11351,35796,35797,7.245,1.439,51.13
11352,35798,35799,3.898,0.552,27.33
11353,35802,35803,3.547,1.541,24.67
11354,35804,35805,8.582,1.65,59.25
11355,35806,35807,2.48,1.284,15.68
11356,35810,35811,10.27,1.926,69.75
11357,35812,35813,2.743,0.366,17.69
11358,35816,35817,2.333,0.267,16.18
11359,35818,35819,57.833,590.167,508.22
11360,35820,35821,75.2,23105.011,141.96
11361,35822,35823,365.167,85207.242,217.59
11362,35824,35825,248.909,103470.563,93.95
11363,35826,35827,25.818,1559.108,9.67
11364,35828,35829,3.0,0.0,13.22
11365,35830,35831,3.0,0.0,13.82
11366,35836,35837,14.333,0.333,29.92
11367,35838,35839,14.667,1.333,30.21
11368,35840,35841,33.0,2.0,72.28
11369,35842,35843,17.0,8.0,32.13
11370,35844,35845,7.667,2.333,14.16
11371,35846,35847,15.8,1.7,78.99
11372,35848,35849,2.0,0.0,18.53
11373,35850,35851,6.175,0.199,53.83
11374,35852,35853,7.0,0.0,74.67
11375,35858,35859,5.0,0.0,43.92
11376,35862,35863,4.0,0.0,26.05
11377,35864,35865,4.0,0.0,9.16
11378,35866,35867,18.0,0.0,40.12
11379,35868,35869,24.0,9.0,46.99
11380,35870,35871,14.0,0.0,63.3
11381,35874,35875,13.0,0.0,29.34
11382,35884,35885,13.364,315.085,35.09
11383,35886,35887,4.98,121.185,46.0
11384,35888,35889,5.6,0.8,30.31
11385,35890,35891,5.125,0.383,25.18
11386,35894,35895,5.167,0.333,25.45
11387,35896,35897,1.846,0.141,8.96
11388,35900,35901,26.812,23.096,121.69
11389,35902,35903,6.6,0.3,33.28
11390,35906,35907,2.5,0.5,14.8
11391,35908,35909,8.379,1.507,86.77
11392,35910,35911,2.9,1.886,16.05
11393,35912,35913,5.0,1.016,70.48
11394,35914,35915,1.938,0.062,12.21
11395,35916,35917,2.556,0.254,34.32
11396,35918,35919,7.444,0.654,93.13
11397,35920,35921,1.083,0.083,10.9
11398,35922,35923,3.188,0.162,43.91
11399,35924,35925,1.982,0.162,39.76
11400,35926,35927,13.444,3.333,347.43
11401,35932,35933,1.5,0.5,1.76
11402,35934,35935,26.0,0.0,141.24
11403,35940,35941,4.0,0.0,21.53
11404,35946,35947,13.818,224.964,22.01
11405,35948,35949,12.696,82.506,43.24
11406,35950,35951,16.55,788.783,106.33
11407,35952,35953,15.963,4788.9,30.31
11408,35954,35955,9.302,2.148,369.42
11409,35956,35957,17.844,76.68,156.29
11410,35960,35961,24.457,10.601,309.1
11411,35962,35963,2.815,0.303,35.91
11412,35964,35965,6.21,0.543,77.86
11413,35966,35967,1.175,0.146,14.84
11414,35968,35969,9.906,43.157,30.29
11415,35970,35971,7.911,407.258,42.21
11416,35972,35973,7.483,1.129,107.98
11417,35974,35975,10.287,1.294,128.17
11418,35976,35977,5.984,0.812,72.54
11419,35978,35979,42.0,0.0,239.68
11420,35980,35981,23.0,5.333,110.57
11421,35984,35985,54.0,2.0,264.45
11422,35986,35987,11.857,0.81,58.07
11423,35988,35989,26.429,6.952,127.6
11424,35992,35993,5.0,0.0,22.44
11425,35996,35997,22.0,0.0,109.5
11426,35998,35999,105.192,124.802,502.03
11427,36000,36001,43.366,27.038,319.99
11428,36002,36003,21.447,8.849,159.0
11429,36008,36009,5.714,0.418,56.47
11430,36010,36011,5.333,0.333,29.08
11431,36012,36013,36.0,0.0,192.64
11432,36016,36017,4.4,0.455,35.89
11433,36018,36019,2.75,5.54,18.89
11434,36020,36021,1.487,0.934,14.11
11435,36022,36023,9.715,44.306,70.25
11436,36024,36025,13.75,1.643,105.78
11437,36026,36027,2.143,0.143,14.03
11438,36028,36029,2.0,0.0,21.77
11439,36030,36031,2.0,0.0,10.67
11440,36032,36033,4.0,0.0,28.58
11441,36034,36035,6.0,0.0,40.21
11442,36036,36037,4.0,0.0,32.08
11443,36038,36039,3.0,0.0,20.09
11444,36040,36041,4.5,0.333,36.26
11445,36042,36043,5.429,0.286,40.63
11446,36044,36045,2.143,0.476,14.91
11447,36046,36047,5.714,0.238,42.18
11448,36048,36049,9.125,1.268,68.3
11449,36050,36051,23.0,300.0,40.9
11450,36052,36053,11.0,0.0,98.13
11451,36054,36055,8.0,2.0,19.53
11452,36062,36063,3.4,0.257,26.23
11453,36064,36065,14.588,2.882,106.78
11454,36066,36067,13.056,2.997,93.12
11455,36068,36069,5.0,0.0,29.53
11456,36070,36071,8.0,0.0,44.37
11457,36072,36073,6.0,0.0,37.34
11458,36082,36083,3.548,0.256,25.99
11459,36084,36085,7.804,1.33,55.66
11460,36088,36089,44.353,10413.401,57.98
11461,36092,36093,6.0,0.0,45.26
11462,36098,36099,8.0,0.0,60.14
11463,36100,36101,2.0,0.0,14.9
11464,36102,36103,2.0,0.0,14.07
11465,36104,36105,4.0,0.0,27.03
11466,36108,36109,17.0,2.0,90.85
11467,36110,36111,21.431,16.718,164.29
11468,36112,36113,27.483,9.166,201.85
11469,36120,36121,8.0,0.0,36.16
11470,36122,36123,7.0,1.429,33.05
11471,36124,36125,6.0,0.0,27.41
11472,36126,36127,26.528,1795.684,180.63
11473,36128,36129,1.134,0.135,11.81
11474,36130,36131,2.816,0.966,30.78
11475,36132,36133,16.538,3018.935,47.22
11476,36134,36135,16.756,4510.602,29.6
11477,36136,36137,1.032,0.032,6.69
11478,36142,36143,15.5,0.5,97.01
11479,36146,36147,3.357,0.247,35.47
11480,36152,36153,1.24,0.186,14.39
11481,36154,36155,3.42,3.024,19.34
11482,36160,36161,14.667,30.333,65.26
11483,36162,36163,5.0,0.0,25.58
11484,36166,36167,8.0,77.0,4.19
11485,36168,36169,9.75,1.583,46.35
11486,36170,36171,4.2,9.7,0.2
11487,36172,36173,8.143,34.476,0.12
11488,36174,36175,2.25,2.25,1.04
11489,36196,36197,1.5,0.7,4.15
11490,36198,36199,16.5,24.5,32.37
11491,36204,36205,2.0,0.0,5.31
11492,36206,36207,19.0,7.0,42.97
11493,36210,36211,1.333,0.267,5.0
11494,36212,36213,2.333,0.242,5.7
11495,36214,36215,5.182,0.564,10.55
11496,36216,36217,39.0,2009.818,36.8
11497,36218,36219,12.0,2.0,28.02
11498,36220,36221,16.9,6.1,33.63
11499,36222,36223,15.6,1.8,82.27
11500,36226,36227,30.0,328.0,107.38
11501,36228,36229,17.75,4.917,115.7
11502,36232,36233,3.0,0.0,19.29
11503,36234,36235,2.0,2.0,11.58
11504,36236,36237,2.0,0.0,15.39
11505,36238,36239,2.0,0.0,13.54
11506,36248,36249,3.0,0.0,22.33
11507,36250,36251,1.286,0.238,10.82
11508,36252,36253,2.0,0.333,14.86
11509,36256,36257,1.333,0.333,8.97
11510,36264,36265,8.75,0.917,66.19
11511,36266,36267,20.333,10.333,159.77
11512,36270,36271,29.0,0.0,176.37
11513,36274,36275,11.75,0.786,58.46
11514,36276,36277,21.667,2.667,108.47
11515,36278,36279,12.286,1.238,61.26
11516,36280,36281,3.6,0.267,18.41
11517,36284,36285,6.5,4.5,47.33
11518,36288,36289,16.0,0.0,119.53
11519,36290,36291,15.25,4.25,104.18
11520,36292,36293,12.4,8.3,70.56
11521,36294,36295,10.0,0.0,68.98
11522,36296,36297,11.34,3.168,81.84
11523,36298,36299,1.58,0.249,11.43
11524,36300,36301,6.839,5.01,46.44
11525,36302,36303,1.163,0.33,4.14
11526,36304,36305,1.844,0.166,13.6
11527,36306,36307,11.5,0.5,91.25
11528,36308,36309,31.692,8.064,63.53
11529,36310,36311,5.5,3.0,12.46
11530,36312,36313,26.0,0.0,60.26
11531,36314,36315,18.0,1.0,139.52
11532,36320,36321,61.0,0.0,287.49
11533,36322,36323,52.286,274.905,190.68
11534,36324,36325,1.846,3.808,4.74
11535,36326,36327,6.154,0.974,29.9
11536,36328,36329,2.769,1.526,11.36
11537,36336,36337,10.0,0.0,41.57
11538,36338,36339,7.0,0.0,27.02
11539,36348,36349,4.0,0.0,16.65
11540,36350,36351,5.0,0.0,20.27
11541,36352,36353,6.5,24.5,13.57
11542,36354,36355,4.0,1.333,17.92
11543,36366,36367,2.0,3.0,2.26
11544,36368,36369,3.0,0.0,13.51
11545,36370,36371,9.0,2.0,41.75
11546,36374,36375,8.0,0.0,40.65
11547,36398,36399,13.0,0.0,100.04
11548,36400,36401,11.812,0.696,93.15
11549,36408,36409,8.0,0.0,72.31
11550,36430,36431,162.05,2026.155,841.94
11551,36432,36433,151.182,1211.584,781.43
11552,36434,36435,12.75,5.071,63.63
11553,36436,36437,50.0,0.0,233.99
11554,36438,36439,79.0,95.0,374.38
11555,36442,36443,11.0,0.75,48.83
11556,36444,36445,9.0,0.0,50.56
11557,36446,36447,9.0,0.0,45.04
11558,36448,36449,106.773,133.041,523.2
11559,36450,36451,38.315,1122.066,211.69
11560,36452,36453,10.082,420.833,34.23
11561,36454,36455,21.0,0.0,97.75
11562,36458,36459,5.333,0.333,28.06
11563,36460,36461,22.5,4.5,110.51
11564,36462,36463,44.0,0.0,180.54
11565,36464,36465,2.562,0.262,28.94
11566,36466,36467,4.235,0.441,49.73
11567,36468,36469,2.077,0.094,21.51
11568,36470,36471,2.034,0.192,26.07
11569,36472,36473,2.284,0.252,27.54
11570,36476,36477,12.0,0.833,148.79
11571,36478,36479,2.385,0.24,29.64
11572,36480,36481,1.015,0.015,11.82
11573,36482,36483,9.162,0.735,100.9
11574,36484,36485,3.971,0.387,43.98
11575,36486,36487,2.305,0.313,26.45
11576,36490,36491,7.5,0.5,33.06
11577,36496,36497,8.0,245.0,0.2
11578,36498,36499,9.429,1.952,44.49
11579,36500,36501,10.546,2.265,219.58
11580,36502,36503,4.763,0.505,95.76
11581,36504,36505,2.429,1.047,24.93
11582,36508,36509,7.75,0.25,58.36
11583,36512,36513,6.4,0.3,48.68
11584,36514,36515,6.0,0.0,30.7
11585,36516,36517,9.667,1.333,67.72
11586,36518,36519,4.0,0.0,26.22
11587,36520,36521,5.333,0.333,40.1
11588,36542,36543,1.762,0.186,8.19
11589,36544,36545,51.75,15.583,242.2
11590,36546,36547,12.857,2.476,66.23
11591,36548,36549,2.738,0.27,40.06
11592,36550,36551,29.992,8.692,449.25
11593,36552,36553,10.106,1.292,151.6
11594,36554,36555,7.661,0.86,114.71
11595,36556,36557,2.256,0.192,33.37
11596,36558,36559,3.327,0.241,41.41
11597,36560,36561,13.667,1.067,189.05
11598,36562,36563,13.667,1.067,176.54
11599,36564,36565,127.667,500.333,560.25
11600,36568,36569,9.045,17.706,60.74
11601,36570,36571,6.588,47.5,18.54
11602,36574,36575,22.5,12.5,145.75
11603,36580,36581,10.0,0.0,76.9
11604,36588,36589,5.75,0.25,48.28
11605,36590,36591,4.0,0.0,25.84
11606,36592,36593,8.75,0.917,66.06
11607,36594,36595,8.0,0.0,30.83
11608,36598,36599,2.0,0.0,8.56
11609,36600,36601,25.25,4.917,55.02
11610,36602,36603,16.0,1.0,36.05
11611,36604,36605,14.0,1.0,30.86
11612,36606,36607,5.167,0.967,12.89
11613,36608,36609,39.5,40.333,84.18
11614,36610,36611,10.0,1.0,71.42
11615,36612,36613,13.0,3.333,103.15
11616,36614,36615,17.5,4.333,135.06
11617,36616,36617,4.0,0.0,27.01
11618,36618,36619,6.846,0.474,75.82
11619,36622,36623,8.0,0.0,37.34
11620,36634,36635,7.0,0.0,34.69
11621,36656,36657,4.0,0.0,20.18
11622,36676,36677,3.0,0.0,15.18
11623,36678,36679,21.0,0.0,114.66
11624,36696,36697,13.0,0.0,59.81
11625,36698,36699,7.0,0.0,28.28
11626,36722,36723,6.0,0.0,37.43
11627,36724,36725,9.333,1.333,42.69
11628,36736,36737,5.667,0.333,28.87
11629,36738,36739,5.25,0.25,24.09
11630,36740,36741,7.25,0.25,34.82
11631,36744,36745,8.0,0.0,36.36
11632,36746,36747,8.667,0.333,40.68
11633,36748,36749,5.0,0.0,27.7
11634,36752,36753,5.0,0.0,28.18
11635,36754,36755,4.0,0.0,19.36
11636,36770,36771,8.0,0.0,40.77
11637,36772,36773,5.0,0.0,27.69
11638,36774,36775,11.0,0.0,60.3
11639,36776,36777,5.5,0.5,28.11
11640,36778,36779,4.0,0.0,19.42
11641,36790,36791,3.273,12.818,10.62
11642,36794,36795,36.5,12.5,160.66
11643,36800,36801,6.5,4.5,43.77
11644,36802,36803,15.5,1.667,33.47
11645,36806,36807,3.0,0.0,4.55
11646,36808,36809,62.0,40.0,308.14
11647,36812,36813,10.5,0.5,43.46
11648,36816,36817,5.0,0.0,27.12
11649,36820,36821,33.5,40.5,73.37
11650,36830,36831,34.0,0.0,60.28
11651,36832,36833,16.5,0.5,30.17
11652,36834,36835,20.0,0.0,38.27
11653,36836,36837,18.0,19.0,45.34
11654,36838,36839,18.0,0.0,39.2
11655,36840,36841,20.449,104.896,159.22
11656,36842,36843,4.0,0.0,49.69
11657,36844,36845,3.75,0.25,31.88
11658,36846,36847,15.139,4.063,223.27
11659,36848,36849,6.034,0.597,88.4
11660,36850,36851,7.302,2.148,102.78
11661,36852,36853,8.775,113.978,68.26
11662,36854,36855,13.607,3119.69,27.22
11663,36856,36857,30.428,12270.642,34.67
11664,36858,36859,36.247,6734.379,50.05
11665,36860,36861,14.0,0.0,75.83
11666,36862,36863,31.919,12.502,145.74
11667,36872,36873,20.5,0.5,82.04
11668,36876,36877,150.799,119443.129,269.94
11669,36878,36879,41.632,17649.987,68.75
11670,36880,36881,3.857,0.143,35.77
11671,36882,36883,1.558,2.872,5.31
11672,36886,36887,5.0,0.0,26.6
11673,36890,36891,8.0,0.0,35.7
11674,36892,36893,12.0,0.0,59.72
11675,36896,36897,7.111,0.361,34.92
11676,36898,36899,3.857,0.143,19.07
11677,36906,36907,19.0,0.0,95.26
11678,36910,36911,11.714,0.238,58.39
11679,36912,36913,1.571,0.286,6.89
11680,36914,36915,13.5,0.5,62.14
11681,36916,36917,26.0,2.0,121.2
11682,36918,36919,2.0,0.0,12.31
11683,36920,36921,8.5,0.333,41.06
11684,36934,36935,8.0,0.0,39.01
11685,36940,36941,3.0,0.0,14.16
11686,36942,36943,5.0,0.0,30.19
11687,36946,36947,8.5,0.5,40.57
11688,36950,36951,1.5,0.5,8.81
11689,36952,36953,6.5,12.5,22.47
11690,36954,36955,14.0,0.0,65.07
11691,36958,36959,16.0,2.0,111.27
11692,36960,36961,14.5,1.0,109.21
11693,36964,36965,37.6,17.3,157.02
11694,36968,36969,18.0,0.0,98.05
11695,36974,36975,7.0,0.0,51.99
11696,36980,36981,3.0,0.0,13.73
11697,36986,36987,1.024,0.048,3.83
11698,36988,36989,1.063,0.06,13.98
11699,36992,36993,3.478,0.43,32.92
11700,36996,36997,4.0,0.0,23.36
11701,36998,36999,11.321,6.028,113.72
11702,37000,37001,1.869,4.284,12.16
11703,37002,37003,4.222,4.444,2.16
11704,37004,37005,8.0,0.0,42.49
11705,37006,37007,1.165,0.456,3.32
11706,37008,37009,3.03,49.072,13.38
11707,37010,37011,1.188,0.74,3.52
11708,37012,37013,3.489,25.569,19.05
11709,37014,37015,1.823,43.33,14.07
11710,37016,37017,2.052,108.556,13.55
11711,37018,37019,6.194,839.383,24.68
11712,37020,37021,10.0,2.0,48.23
11713,37024,37025,7.154,22.131,46.26
11714,37026,37027,19.05,100.217,97.66
11715,37028,37029,4.818,2.304,48.26
11716,37030,37031,2.806,1.879,32.44
11717,37032,37033,12.061,75.403,65.98
11718,37034,37035,4.076,0.395,51.44
11719,37036,37037,8.673,1.254,110.64
11720,37038,37039,2.784,0.731,32.81
11721,37040,37041,7.923,0.695,99.19
11722,37042,37043,15.725,2.759,197.01
11723,37044,37045,15.5,12.5,114.61
11724,37046,37047,87.5,364.5,198.18
11725,37048,37049,17.0,4.0,86.58
11726,37050,37051,42.4,22.3,218.63
11727,37052,37053,13.833,1.767,67.4
11728,37054,37055,37.8,131.029,188.17
11729,37062,37063,8.0,2.0,35.67
11730,37070,37071,4.0,0.0,21.66
11731,37074,37075,4.75,0.25,21.71
11732,37076,37077,6.667,0.333,37.43
11733,37078,37079,8.0,0.0,36.72
11734,37088,37089,5.0,2.0,21.72
11735,37108,37109,3.5,0.5,21.67
11736,37124,37125,5.0,0.0,22.74
11737,37126,37127,2.4,0.3,10.35
11738,37128,37129,2.0,0.0,12.69
11739,37132,37133,2.933,0.21,12.59
11740,37134,37135,2.75,12.25,2.0
11741,37138,37139,5.0,1.0,22.04
11742,37140,37141,2.5,0.333,11.87
11743,37142,37143,2.667,1.333,12.57
11744,37146,37147,5.0,0.0,42.27
11745,37152,37153,6.0,0.0,24.44
11746,37158,37159,5.0,0.5,23.28
11747,37160,37161,4.0,2.0,17.15
11748,37162,37163,1.5,1.5,1.92
11749,37166,37167,13.5,4.5,147.19
11750,37168,37169,10.0,2.0,114.61
11751,37170,37171,3.0,0.084,29.62
11752,37172,37173,1.935,0.061,25.3
11753,37176,37177,5.814,0.382,75.71
11754,37178,37179,18.2,2.622,228.09
11755,37180,37181,8.455,1.073,170.05
11756,37182,37183,1.013,0.013,9.22
11757,37186,37187,1.23,0.203,11.92
11758,37190,37191,1.207,0.183,11.33
11759,37194,37195,9.15,2.285,100.45
11760,37196,37197,7.461,2.062,36.48
11761,37198,37199,57.126,75.797,255.19
11762,37200,37201,24.867,7.914,120.82
11763,37202,37203,30.222,16.722,146.96
11764,37204,37205,85.455,310.069,436.35
11765,37206,37207,28.222,6.444,133.23
11766,37210,37211,3.304,0.705,38.09
11767,37212,37213,1.017,0.017,5.3
11768,37214,37215,1.273,0.219,15.25
11769,37216,37217,8.555,29.405,77.62
11770,37218,37219,28.0,8.0,212.62
11771,37220,37221,39.688,33.963,83.51
11772,37222,37223,34.0,10.0,250.1
11773,37224,37225,86.629,4710.179,249.6
11774,37226,37227,1.36,0.324,13.79
11775,37228,37229,39.803,2856.596,197.5
11776,37230,37231,3.951,498.664,9.1
11777,37232,37233,51.11,9151.496,153.43
11778,37234,37235,64.673,9979.521,117.22
11779,37236,37237,12.765,1422.248,12.51
11780,37238,37239,119.616,14284.145,78.72
11781,37240,37241,182.667,19086.7,83.98
11782,37242,37243,23.833,22.567,109.49
11783,37244,37245,1.333,0.667,4.63
11784,37248,37249,9.5,0.5,75.02
11785,37258,37259,4.0,0.0,28.82
11786,37260,37261,1.038,0.038,3.63
11787,37262,37263,4.667,0.333,49.02
11788,37264,37265,5.5,1.0,53.59
11789,37268,37269,2.333,0.333,30.69
11790,37284,37285,4.0,0.0,20.71
11791,37288,37289,25.75,11.071,186.09
11792,37290,37291,9.333,0.333,22.62
11793,37294,37295,50.2,33.2,232.56
11794,37296,37297,88.6,92.3,412.59
11795,37300,37301,8.474,0.647,103.44
11796,37302,37303,4.552,0.357,59.38
11797,37304,37305,22.247,2237.963,133.2
11798,37306,37307,4.877,706.235,17.09
11799,37308,37309,5.479,0.568,43.34
11800,37310,37311,5.181,0.537,39.27
11801,37312,37313,20.71,5.208,153.73
11802,37314,37315,6.237,0.596,46.8
11803,37316,37317,5.143,0.387,49.63
11804,37324,37325,11.5,0.5,58.09
11805,37326,37327,1.667,0.333,10.8
11806,37328,37329,2.5,0.333,10.42
11807,37332,37333,18.0,2.0,97.63
11808,37336,37337,5.0,0.0,23.72
11809,37350,37351,7.667,0.333,41.14
11810,37376,37377,1.143,0.143,4.37
11811,37392,37393,9.0,0.0,40.95
11812,37396,37397,11.0,2.0,53.94
11813,37402,37403,8.5,0.5,40.47
11814,37410,37411,28.231,1515.359,0.38
11815,37412,37413,6.25,0.25,33.92
11816,37414,37415,9.333,0.333,41.94
11817,37416,37417,10.0,0.0,48.42
11818,37420,37421,5.719,0.273,43.34
11819,37422,37423,6.333,64.649,25.79
11820,37426,37427,25.368,390.391,47.49
11821,37428,37429,13.655,150.396,27.52
11822,37430,37431,1.073,0.153,1.2
11823,37432,37433,7.364,1.455,53.52
11824,37434,37435,10.091,2.291,72.6
11825,37436,37437,10.412,54.847,31.05
11826,37438,37439,3.559,15.458,37.4
11827,37442,37443,6.347,328.117,7.07
11828,37444,37445,5.644,114.888,42.12
11829,37446,37447,58.943,11265.997,119.86
11830,37448,37449,23.527,2741.595,41.69
11831,37450,37451,11.627,1029.212,28.84
11832,37452,37453,19.069,2145.716,25.56
11833,37456,37457,5.606,206.908,17.75
11834,37458,37459,52.684,6889.662,60.04
11835,37460,37461,28.579,5414.363,29.65
11836,37462,37463,40.65,5787.527,31.54
11837,37464,37465,14.796,1903.556,11.45
11838,37466,37467,3.169,0.423,35.2
11839,37468,37469,11.722,4.33,91.51
11840,37470,37471,3.301,0.373,38.99
11841,37476,37477,29.308,14.897,133.07
11842,37478,37479,13.333,3.0,60.05
11843,37480,37481,61.75,84.25,264.34
11844,37482,37483,48.2,56.7,239.47
11845,37486,37487,1.5,0.5,7.57
11846,37490,37491,2.0,0.0,6.08
11847,37492,37493,5.333,0.333,25.12
11848,37494,37495,8.0,0.0,43.47
11849,37510,37511,3.5,0.5,19.62
11850,37512,37513,5.0,2.0,24.0
11851,37514,37515,5.0,0.667,24.84
11852,37516,37517,4.75,0.25,25.41
11853,37520,37521,3.0,0.0,12.74
11854,37524,37525,1.812,0.429,13.36
11855,37528,37529,3.0,0.0,18.26
11856,37530,37531,1.935,0.196,14.72
11857,37532,37533,2.375,0.242,17.87
11858,37534,37535,6.903,0.957,53.71
11859,37536,37537,1.636,0.239,12.84
11860,37538,37539,14.0,0.0,91.01
11861,37540,37541,5.75,1.583,44.56
11862,37546,37547,16.0,0.0,80.37
11863,37554,37555,5.5,0.5,39.72
11864,37556,37557,8.0,0.0,49.41
11865,37558,37559,11.625,0.268,86.12
11866,37562,37563,5.0,0.0,36.11
11867,37582,37583,18.5,0.5,102.08
11868,37590,37591,5.0,0.667,23.87
11869,37592,37593,35.0,0.0,196.95
11870,37596,37597,1.5,0.5,5.45
11871,37598,37599,8.667,4.333,46.25
11872,37602,37603,6.167,0.167,47.04
11873,37604,37605,9.125,0.125,65.77
11874,37606,37607,9.03,1.155,65.87
11875,37608,37609,9.8,0.4,72.95
11876,37610,37611,6.111,0.361,41.88
11877,37612,37613,6.824,0.654,51.4
11878,37614,37615,3.905,0.19,27.25
11879,37616,37617,9.792,1.216,70.78
11880,37618,37619,5.697,0.593,42.6
11881,37620,37621,19.0,2.0,138.24
11882,37622,37623,4.0,0.0,27.74
11883,37624,37625,5.0,0.0,29.25
11884,37626,37627,5.0,0.0,28.82
11885,37628,37629,5.0,0.0,30.32
11886,37630,37631,7.0,0.0,29.77
11887,37632,37633,2.197,1.436,22.71
11888,37634,37635,2.895,9.315,15.34
11889,37636,37637,2.313,0.218,23.51
11890,37638,37639,21.701,5.455,275.91
11891,37640,37641,3.667,0.242,45.58
11892,37642,37643,1.714,0.374,20.37
11893,37644,37645,36.471,6008.39,34.86
11894,37646,37647,13.65,3060.5,43.85
11895,37648,37649,4.158,13.415,4.04
11896,37650,37651,1.602,0.264,11.39
11897,37652,37653,4.118,1.432,28.18
11898,37656,37657,7.8,82.7,48.64
11899,37658,37659,5.302,4.76,32.41
11900,37666,37667,8.0,18.0,3.23
11901,37668,37669,3.0,0.0,16.51
11902,37674,37675,1.116,0.126,9.92
11903,37676,37677,16.928,82.763,147.75
11904,37678,37679,6.466,37.639,50.45
11905,37680,37681,11.829,148.572,78.83
11906,37682,37683,2.885,70.033,17.85
11907,37684,37685,1.88,16.55,7.35
11908,37686,37687,3.0,0.0,19.25
11909,37690,37691,2.467,153.999,12.26
11910,37692,37693,22.959,7751.942,28.69
11911,37694,37695,6.897,368.785,7.53
11912,37696,37697,3.397,0.365,45.87
11913,37698,37699,1.977,0.182,24.17
11914,37702,37703,16.111,1.611,121.25
11915,37704,37705,5.845,0.688,71.93
11916,37706,37707,6.857,4.461,80.81
11917,37708,37709,6.76,31.285,51.16
11918,37712,37713,2.828,48.557,10.2
11919,37714,37715,3.92,0.341,55.74
11920,37716,37717,3.0,0.0,7.12
11921,37722,37723,1.5,0.5,10.19
11922,37724,37725,1.714,0.238,9.79
11923,37726,37727,9.0,0.333,63.72
11924,37728,37729,27.667,5.333,137.36
11925,37730,37731,1.333,0.333,4.99
11926,37732,37733,19.571,5.619,92.06
11927,37734,37735,2.0,0.0,7.09
11928,37736,37737,31.5,4.5,149.86
11929,37740,37741,13.216,255.452,8.44
11930,37742,37743,19.556,90.426,88.82
11931,37744,37745,47.364,6803.708,70.11
11932,37748,37749,11.25,0.25,56.86
11933,37750,37751,9.429,0.934,114.65
11934,37752,37753,2.27,0.258,25.49
11935,37754,37755,3.758,0.252,46.36
11936,37756,37757,31.774,10.181,382.91
11937,37758,37759,2.613,0.312,20.32
11938,37760,37761,44.242,20.314,312.78
11939,37762,37763,9.727,1.418,65.43
11940,37768,37769,43.0,14.5,294.7
11941,37770,37771,14.5,4.5,69.15
11942,37774,37775,18.0,0.0,72.2
11943,37776,37777,7.0,0.0,34.94
11944,37778,37779,14.333,0.333,69.2
11945,37786,37787,1.444,0.778,1.64
11946,37788,37789,3.235,0.316,14.75
11947,37790,37791,1.462,0.269,7.13
11948,37794,37795,3.933,0.352,18.63
11949,37798,37799,55.615,3663.923,29.47
11950,37800,37801,11.0,0.0,54.8
11951,37802,37803,38.0,8.0,168.8
11952,37804,37805,4.0,0.0,17.09
11953,37806,37807,10.0,0.0,45.84
11954,37810,37811,16.5,0.5,89.56
11955,37812,37813,5.0,0.0,26.02
11956,37816,37817,19.0,0.0,86.45
11957,37818,37819,32.0,0.0,149.26
11958,37822,37823,25.0,2.0,128.96
11959,37824,37825,15.0,0.0,80.5
11960,37828,37829,4.25,0.25,8.51
11961,37842,37843,14.0,415.6,2.82
11962,37844,37845,14.475,73.898,118.79
11963,37846,37847,19.573,1529.088,11.8
11964,37848,37849,1.957,0.897,5.89
11965,37850,37851,1.5,0.333,6.4
11966,37854,37855,29.5,0.5,156.48
11967,37856,37857,289.073,45103.575,388.54
11968,37858,37859,1360.067,343266.279,420.33
11969,37860,37861,485.965,40424.07,130.2
11970,37862,37863,12.557,7.926,181.05
11971,37864,37865,24.005,9.169,422.35
11972,37866,37867,40.498,21458.228,42.09
11973,37872,37873,15.0,0.0,65.24
11974,37874,37875,6.0,50.0,0.55
11975,37876,37877,4.0,0.0,18.07
11976,37882,37883,19.0,0.0,84.68
11977,37884,37885,20.0,3.0,101.99
11978,37886,37887,23.0,28.0,87.68
11979,37890,37891,14.125,1.853,178.4
11980,37892,37893,1.75,0.283,13.78
11981,37894,37895,49.0,0.0,43.91
11982,37898,37899,30.5,12.5,134.99
11983,37900,37901,11.5,0.5,45.87
11984,37902,37903,24.0,2.0,98.27
11985,37904,37905,14.0,0.0,60.95
11986,37906,37907,3.0,0.0,13.03
11987,37908,37909,9.0,0.0,37.43
11988,37912,37913,16.0,0.0,80.05
11989,37914,37915,16.0,2.0,80.1
11990,37918,37919,16.0,2.0,80.13
11991,37924,37925,6.667,0.333,30.71
11992,37926,37927,6.0,0.0,29.16
11993,37928,37929,11.0,0.0,54.16
11994,37932,37933,6.0,0.0,29.91
11995,37934,37935,8.0,0.0,33.33
11996,37982,37983,11.5,0.5,35.77
11997,37984,37985,20.8,4.6,100.66
11998,37986,37987,23.2,4.2,116.97
11999,37988,37989,4.0,0.0,34.54
12000,37990,37991,7.0,0.0,23.91
12001,37992,37993,3.0,0.0,39.99
12002,37994,37995,4.0,0.0,27.49
12003,37996,37997,4.5,0.3,32.48
12004,38004,38005,3.5,0.5,16.53
12005,38006,38007,2.057,0.287,24.16
12006,38008,38009,5.575,0.759,71.72
12007,38010,38011,4.511,0.575,56.66
12008,38012,38013,1.099,0.09,11.27
12009,38014,38015,28.0,3.0,136.09
12010,38016,38017,17.5,0.5,78.4
12011,38018,38019,8.333,5.067,42.96
12012,38020,38021,5.156,0.447,66.73
12013,38022,38023,5.822,0.468,91.6
12014,38024,38025,7.809,0.683,109.84
12015,38026,38027,3.18,0.269,48.4
12016,38034,38035,16.747,2.474,213.88
12017,38036,38037,5.342,0.382,67.48
12018,38038,38039,4.737,0.199,58.42
12019,38044,38045,5.833,1333.4,10.44
12020,38048,38049,4.0,0.0,26.58
12021,38050,38051,3.0,0.0,23.47
12022,38052,38053,2.0,0.0,12.48
12023,38054,38055,2.0,0.0,12.89
12024,38058,38059,3.0,0.0,18.7
12025,38062,38063,13.0,0.0,105.3
12026,38064,38065,25.769,28.105,56.46
12027,38066,38067,12.6,2.833,26.12
12028,38082,38083,28.0,32.0,169.91
12029,38084,38085,6.208,535.259,18.59
12030,38088,38089,25.0,2.0,127.41
12031,38090,38091,2.444,0.497,17.04
12032,38092,38093,9.286,0.238,114.15
12033,38094,38095,1.333,0.333,9.25
12034,38096,38097,4.0,0.0,60.5
12035,38098,38099,2.4,0.3,19.72
12036,38100,38101,3.25,0.25,34.35
12037,38102,38103,8.0,2.0,94.98
12038,38104,38105,1.5,0.5,21.35
12039,38106,38107,7.5,0.5,87.95
12040,38108,38109,4.5,0.5,51.75
12041,38110,38111,2.857,0.143,35.02
12042,38112,38113,1.429,0.286,17.05
12043,38114,38115,9.0,0.0,45.89
12044,38118,38119,1.583,0.265,15.8
12045,38124,38125,1.184,0.151,14.74
12046,38130,38131,5.4,0.3,27.77
12047,38132,38133,11.0,0.0,61.32
12048,38134,38135,3.5,0.5,17.42
12049,38136,38137,4.75,0.5,24.43
12050,38138,38139,5.364,0.655,28.08
12051,38140,38141,7.545,1.273,36.64
12052,38142,38143,1.727,0.418,9.09
12053,38144,38145,6.364,10.855,19.58
12054,38148,38149,1.8,0.7,19.91
12055,38150,38151,5.143,0.44,51.68
12056,38152,38153,3.571,0.286,38.94
12057,38154,38155,4.8,0.2,55.19
12058,38156,38157,7.2,0.7,86.46
12059,38160,38161,25.0,8.0,181.9
12060,38162,38163,7.507,1.042,97.77
12061,38164,38165,3.743,0.358,48.84
12062,38166,38167,7.84,57.163,73.59
12063,38168,38169,18.468,239.068,18.54
12064,38170,38171,154.917,70704.254,52.85
12065,38172,38173,2.25,3.583,2.4
12066,38176,38177,1.167,0.667,4.44
12067,38186,38187,9.5,12.5,55.88
12068,38190,38191,8.0,0.0,90.94
12069,38192,38193,5.0,0.0,63.2
12070,38198,38199,97.0,0.0,546.17
12071,38200,38201,62.582,92.186,298.13
12072,38202,38203,55.5,84.5,262.69
12073,38204,38205,37.667,1.333,200.58
12074,38206,38207,22.0,7.5,109.12
12075,38210,38211,12.912,4.447,90.75
12076,38214,38215,1.64,0.323,12.66
12077,38218,38219,7.391,0.431,55.36
12078,38220,38221,1.133,0.124,6.31
12079,38228,38229,2.0,0.222,15.02
12080,38230,38231,11.071,1.61,83.0
12081,38234,38235,28.6,23.3,205.98
12082,38236,38237,18.0,0.0,135.31
12083,38240,38241,11.134,10.979,145.6
12084,38242,38243,11.0,425.143,16.12
12085,38244,38245,12.333,0.333,57.99
12086,38246,38247,4.0,0.0,22.89
12087,38254,38255,30.5,4.5,143.15
12088,38258,38259,3.0,0.0,14.8
12089,38266,38267,10.0,0.0,47.58
12090,38270,38271,51.425,2249.276,23.25
12091,38274,38275,4.0,0.0,18.39
12092,38276,38277,7.0,0.0,34.78
12093,38278,38279,20.0,0.0,100.14
12094,38282,38283,1.333,0.333,6.26
12095,38286,38287,1.176,0.154,6.33
12096,38290,38291,35.0,0.0,170.91
12097,38292,38293,5.621,7.815,22.95
12098,38294,38295,16.167,41.367,60.06
12099,38298,38299,2.0,0.0,9.4
12100,38300,38301,7.333,10.267,43.28
12101,38306,38307,1.167,0.167,14.57
12102,38308,38309,5.0,0.5,53.88
12103,38312,38313,49.0,0.0,227.02
12104,38314,38315,3.0,0.0,10.28
12105,38316,38317,19.0,12.0,140.93
12106,38318,38319,21.6,11.8,151.86
12107,38330,38331,3.5,0.333,16.55
12108,38332,38333,3.333,0.333,15.98
12109,38354,38355,7.0,0.0,31.84
12110,38362,38363,38.0,0.0,202.09
12111,38364,38365,207.44,7001.149,43.96
12112,38366,38367,2.0,0.0,12.02
12113,38374,38375,6.0,0.333,80.24
12114,38376,38377,1.571,0.286,19.54
12115,38378,38379,1.429,0.286,17.62
12116,38380,38381,7.571,0.286,84.93
12117,38382,38383,3.625,0.268,47.28
12118,38386,38387,88.411,49132.454,145.02
12119,38388,38389,16.65,4917.474,31.34
12120,38392,38393,3.5,0.455,18.89
12121,38394,38395,3.8,0.2,20.05
12122,38396,38397,4.1,0.305,18.68
12123,38398,38399,15.273,4.684,72.64
12124,38400,38401,2.0,0.0,7.22
12125,38404,38405,7.0,0.0,48.15
12126,38406,38407,5.0,0.0,18.7
12127,38408,38409,17.087,8.432,260.19
12128,38410,38411,14.0,0.0,55.92
12129,38412,38413,8.333,2.333,41.79
12130,38414,38415,9.667,1.867,41.81
12131,38416,38417,9.6,1.3,37.6
12132,38418,38419,8.333,0.333,41.54
12133,38420,38421,10.5,28.944,42.11
12134,38424,38425,10.22,1.531,179.26
12135,38430,38431,10.79,87.33,44.22
12136,38432,38433,4.647,41.464,16.31
12137,38434,38435,34.6,26.711,159.19
12138,38448,38449,22.667,2.333,104.36
12139,38450,38451,2.875,2.696,11.21
12140,38452,38453,2.0,0.0,9.98
12141,38454,38455,7.5,0.5,42.15
12142,38456,38457,2.0,0.0,11.21
12143,38458,38459,3.0,0.0,9.98
12144,38464,38465,51.0,40.667,241.58
12145,38466,38467,22.667,12.333,106.91
12146,38472,38473,8.349,1.09,95.09
12147,38474,38475,6.0,0.0,26.03
12148,38476,38477,6.0,0.0,30.51
12149,38482,38483,13.0,2.0,70.92
12150,38490,38491,5.48,6.496,36.5
12151,38498,38499,1.5,0.5,6.84
12152,38512,38513,33.0,19.0,135.03
12153,38514,38515,37.0,12.0,201.29
12154,38518,38519,5.678,0.585,69.78
12155,38520,38521,1.088,0.916,9.35
12156,38522,38523,17.039,5.399,247.78
12157,38524,38525,38.55,142.788,485.06
12158,38532,38533,5.0,0.0,22.61
12159,38534,38535,15.833,3.367,110.66
12160,38536,38537,5.5,0.5,39.78
12161,38540,38541,88.863,7238.54,74.17
12162,38542,38543,32.032,2540.206,58.3
12163,38544,38545,46.705,4280.644,28.11
12164,38546,38547,6.0,0.0,26.65
12165,38548,38549,3.933,0.21,28.02
12166,38550,38551,19.571,5.619,148.8
12167,38552,38553,21.5,5.611,172.42
12168,38556,38557,5.528,0.599,37.87
12169,38558,38559,13.474,45.932,85.19
12170,38560,38561,27.701,4392.724,11.76
12171,38562,38563,70.456,16017.554,32.12
12172,38564,38565,13.124,1261.291,10.02
12173,38566,38567,312.695,106540.789,156.39
12174,38568,38569,109.51,15790.466,61.05
12175,38570,38571,46.043,7054.761,28.11
12176,38572,38573,86.436,18618.92,45.13
12177,38574,38575,17.941,2542.768,13.8
12178,38576,38577,86.898,23743.902,44.78
12179,38580,38581,21.5,40.5,108.4
12180,38584,38585,11.333,1.333,64.22
12181,38590,38591,17.0,0.0,95.9
12182,38592,38593,18.0,0.0,98.84
12183,38594,38595,2.0,0.0,6.75
12184,38598,38599,81.0,0.0,331.76
12185,38606,38607,15.695,3.56,201.97
12186,38608,38609,5.069,0.697,63.98
12187,38610,38611,16.5,109.627,63.74
12188,38612,38613,3.889,0.111,19.15
12189,38614,38615,7.25,0.25,78.59
12190,38616,38617,8.32,1.143,106.74
12191,38622,38623,21.0,7.0,95.03
12192,38624,38625,7.596,1.187,95.13
12193,38628,38629,1.067,0.064,11.26
12194,38630,38631,2.269,0.554,22.72
12195,38632,38633,1.2,0.167,14.84
12196,38636,38637,4.689,0.446,55.83
12197,38638,38639,2.174,0.191,26.69
12198,38640,38641,3.826,0.369,49.13
12199,38652,38653,4.0,0.0,0.82
12200,38664,38665,1.25,0.25,9.63
12201,38666,38667,8.0,0.333,107.01
12202,38668,38669,28.0,251.667,50.81
12203,38670,38671,5.5,0.5,28.58
12204,38672,38673,23.0,0.0,135.07
12205,38674,38675,3.5,0.5,18.96
12206,38676,38677,25.0,50.0,99.81
12207,38678,38679,10.0,128.0,86.99
12208,38680,38681,31.0,18.0,142.91
12209,38688,38689,2.0,0.0,5.45
12210,38696,38697,18.0,0.0,98.77
12211,38700,38701,19.417,155.852,21.92
12212,38702,38703,7.125,87.554,10.89
12213,38706,38707,1.833,0.319,9.54
12214,38708,38709,32.727,197.255,103.77
12215,38720,38721,3.0,0.0,15.85
12216,38722,38723,29.333,4.333,140.92
12217,38724,38725,7.0,0.0,31.76
12218,38726,38727,5.0,0.0,26.33
12219,38728,38729,3.0,0.0,14.07
12220,38730,38731,11.0,0.667,76.75
12221,38732,38733,8.8,1.2,66.82
12222,38734,38735,5.833,1.367,42.96
12223,38736,38737,3.86,2.694,23.44
12224,38738,38739,2.459,0.386,14.04
12225,38744,38745,7.2,0.2,58.96
12226,38746,38747,26.5,2.571,210.23
12227,38748,38749,14.625,51.982,26.91
12228,38752,38753,9.0,0.0,42.38
12229,38756,38757,7.0,0.0,29.6
12230,38758,38759,36.0,0.0,142.01
12231,38760,38761,4.4,0.257,21.41
12232,38762,38763,14.0,1.0,73.98
12233,38764,38765,43.0,0.0,0.2
12234,38766,38767,2.0,0.0,7.02
12235,38768,38769,10.5,0.5,51.71
12236,38772,38773,3.5,0.5,15.44
12237,38782,38783,1.5,0.5,5.4
12238,38794,38795,1.981,0.182,26.68
12239,38796,38797,1.02,0.02,7.15
12240,38798,38799,6.274,2.223,69.72
12241,38800,38801,11.174,70.556,38.82
12242,38802,38803,1.075,0.07,13.34
12243,38804,38805,3.222,0.194,38.26
12244,38806,38807,16.331,150.914,120.46
12245,38810,38811,11.494,57.817,55.06
12246,38812,38813,8.43,27.428,19.67
12247,38814,38815,22.5,0.5,106.99
12248,38816,38817,18.5,0.5,92.5
12249,38818,38819,5.5,0.5,24.28
12250,38822,38823,2.0,0.0,10.35
12251,38824,38825,3.333,0.333,15.7
12252,38834,38835,7.155,2.028,80.64
12253,38836,38837,4.5,0.333,23.36
12254,38838,38839,4.167,0.167,23.31
12255,38840,38841,4.6,0.3,23.63
12256,38842,38843,87.0,4816.0,0.2
12257,38844,38845,3.5,25.0,0.2
12258,38846,38847,3.0,8.0,0.2
12259,38848,38849,5.0,0.667,25.03
12260,38850,38851,3.237,16.186,20.54
12261,38854,38855,8.5,0.5,59.59
12262,38856,38857,35.5,1.667,178.68
12263,38858,38859,4.477,0.44,57.63
12264,38860,38861,1.633,0.234,20.49
12265,38862,38863,4.528,1.258,54.43
12266,38864,38865,9.805,213.491,51.83
12267,38866,38867,17.117,828.365,33.94
12268,38868,38869,2.0,0.667,4.58
12269,38870,38871,3.0,1.0,6.82
12270,38872,38873,2.5,0.333,4.76
12271,38880,38881,1.25,0.25,2.89
12272,38882,38883,2.5,0.333,6.06
12273,38884,38885,4.0,1.0,8.58
12274,38888,38889,11.5,5.667,25.43
12275,38890,38891,27.0,22.0,57.04
12276,38892,38893,67.366,15423.038,31.32
12277,38894,38895,16.416,4857.682,21.68
12278,38896,38897,36.833,9239.548,31.3
12279,38898,38899,344.924,163057.693,194.89
12280,38900,38901,4.679,4.04,52.95
12281,38902,38903,96.115,11756.746,42.8
12282,38904,38905,3.155,0.365,38.31
12283,38906,38907,2.23,44.747,20.73
12284,38908,38909,17.685,1523.404,82.79
12285,38910,38911,19.483,2849.684,51.3
12286,38912,38913,8.333,1.333,38.43
12287,38916,38917,3.5,0.5,12.77
12288,38918,38919,1.062,0.246,2.7
12289,38922,38923,24.738,5519.959,24.26
12290,38924,38925,27.941,4151.216,6.08
12291,38926,38927,48.955,7539.093,1.97
12292,38928,38929,153.542,18139.871,27.27
12293,38930,38931,322.87,44567.538,69.36
12294,38932,38933,8.04,665.427,6.71
12295,38934,38935,86.6,24.3,464.77
12296,38940,38941,4.304,0.585,20.68
12297,38942,38943,68.136,290.504,344.7
12298,38944,38945,24.0,0.0,122.01
12299,38948,38949,19.969,394.345,19.53
12300,38950,38951,3.192,0.157,33.01
12301,38952,38953,5.667,0.333,43.45
12302,38954,38955,4.5,0.5,33.01
12303,38956,38957,2.25,0.25,14.96
12304,38962,38963,6.583,0.601,77.09
12305,38964,38965,10.562,50.662,56.06
12306,38966,38967,6.4,1.3,49.5
12307,38968,38969,5.6,0.3,42.03
12308,38970,38971,15.0,2.0,127.16
12309,38972,38973,3.0,0.0,18.78
12310,38974,38975,12.25,2.417,90.62
12311,38976,38977,1.24,0.19,10.14
12312,38980,38981,3.0,0.0,29.12
12313,38982,38983,3.0,0.0,33.16
12314,38984,38985,7.0,2.0,79.99
12315,38988,38989,6.667,1.333,80.2
12316,38990,38991,2.0,0.0,24.52
12317,38994,38995,3.0,0.0,36.48
12318,38996,38997,15.75,238.214,29.42
12319,38998,38999,37.303,58.065,400.74
12320,39000,39001,9.519,45.833,80.43
12321,39002,39003,5.117,0.339,72.24
12322,39004,39005,53.228,2006.103,78.86
12323,39006,39007,8.774,88.823,99.97
12324,39008,39009,8.478,2.017,97.26
12325,39010,39011,4.089,0.427,50.75
12326,39016,39017,4.0,1.0,30.12
12327,39018,39019,7.667,1.333,57.38
12328,39020,39021,3.3,0.233,26.09
12329,39022,39023,4.2,0.178,27.91
12330,39024,39025,2.429,0.286,19.34
12331,39026,39027,10.667,0.267,81.23
12332,39030,39031,3.5,0.286,28.87
12333,39032,39033,1.581,0.385,21.15
12334,39034,39035,1.103,0.096,15.32
12335,39036,39037,2.0,0.143,25.92
12336,39038,39039,6.4,0.3,33.72
12337,39040,39041,4.781,0.506,58.77
12338,39042,39043,11.324,1619.207,7.03
12339,39044,39045,19.591,3071.861,6.21
12340,39108,39109,20.591,6.832,531.49
12341,39110,39111,2.25,0.25,9.42
12342,39112,39113,1.333,0.333,5.87
12343,39114,39115,53.0,2.0,252.13
12344,39116,39117,58.5,4.5,278.32
12345,39122,39123,1.3,0.233,16.63
12346,39124,39125,5.522,0.352,56.85
12347,39126,39127,4.9,0.767,62.83
12348,39128,39129,2.333,1.333,16.0
12349,39130,39131,1.667,0.333,16.52
12350,39132,39133,1.5,1.0,18.62
12351,39136,39137,2.0,0.0,23.85
12352,39138,39139,13.667,656.424,21.08
12353,39140,39141,12.167,2.567,57.45
12354,39142,39143,5.0,1.333,27.23
12355,39144,39145,42.25,184.25,151.2
12356,39146,39147,3.0,0.0,14.06
12357,39148,39149,2.56,0.248,30.94
12358,39150,39151,2.795,0.273,35.04
12359,39152,39153,7.317,1268.375,10.14
12360,39154,39155,23.701,5167.895,42.32
12361,39156,39157,64.359,17085.875,70.53
12362,39158,39159,1.061,0.089,3.2
12363,39164,39165,5.667,1.067,28.74
12364,39168,39169,248.0,0.0,30.09
12365,39170,39171,3.818,0.404,45.6
12366,39172,39173,11.292,8.744,134.93
12367,39174,39175,4.206,0.532,37.06
12368,39176,39177,1.286,0.22,13.6
12369,39178,39179,2.0,0.2,24.87
12370,39180,39181,2.3,0.233,19.84
12371,39182,39183,14.648,9.478,165.51
12372,39184,39185,4.752,10.519,44.89
12373,39186,39187,2.92,0.41,39.28
12374,39188,39189,9.069,0.995,120.85
12375,39190,39191,4.259,0.507,37.34
12376,39192,39193,1.188,0.162,18.37
12377,39194,39195,3.489,1.68,35.4
12378,39196,39197,17.0,3.0,92.36
12379,39200,39201,9.0,0.0,0.2
12380,39204,39205,4.216,0.699,81.43
12381,39206,39207,25.4,762.463,14.09
12382,39208,39209,9.817,1.174,158.19
12383,39210,39211,90.095,32828.283,36.35
12384,39212,39213,32.794,6886.037,26.44
12385,39214,39215,143.605,87398.769,86.88
12386,39216,39217,21.091,36.491,169.07
12387,39218,39219,7.0,0.0,32.23
12388,39220,39221,2.0,0.0,13.88
12389,39224,39225,9.25,0.25,41.29
12390,39228,39229,49.667,46.333,107.14
12391,39230,39231,1.048,0.048,0.53
12392,39232,39233,14.688,1816.297,21.52
12393,39234,39235,30.54,6066.867,41.86
12394,39236,39237,28.371,4931.239,35.38
12395,39238,39239,33.237,5360.552,43.35
12396,39240,39241,94.779,11038.751,123.88
12397,39242,39243,30.333,3682.75,25.4
12398,39244,39245,9.219,349.192,59.64
12399,39246,39247,1.333,0.667,12.85
12400,39248,39249,37.429,3991.495,14.56
12401,39250,39251,54.5,11375.107,41.3
12402,39252,39253,23.858,7152.31,35.6
12403,39254,39255,25.16,6333.675,23.82
12404,39256,39257,33.726,6516.311,38.83
12405,39258,39259,11.827,1087.958,17.73
12406,39260,39261,71.979,16287.907,55.07
12407,39262,39263,40.769,9875.122,25.62
12408,39264,39265,4.122,62.666,34.69
12409,39266,39267,6.4,0.3,31.56
12410,39268,39269,3.0,0.0,0.2
12411,39270,39271,2.979,33.429,13.51
12412,39272,39273,8.0,2.0,41.74
12413,39276,39277,39.486,439.297,45.78
12414,39278,39279,2.0,0.0,10.23
12415,39280,39281,1.111,0.111,4.14
12416,39282,39283,18.667,23.467,98.36
12417,39284,39285,1.5,0.292,16.83
12418,39286,39287,16.352,170.578,46.8
12419,39288,39289,15.226,131.03,69.35
12420,39290,39291,5.15,0.418,77.9
12421,39292,39293,1.126,0.123,13.73
12422,39296,39297,2.2,0.2,11.31
12423,39298,39299,14.0,544.667,10.54
12424,39300,39301,1.25,0.25,4.71
12425,39304,39305,28.0,0.0,66.4
12426,39306,39307,24.0,0.0,56.54
12427,39314,39315,22.0,0.0,115.28
12428,39320,39321,29.0,0.0,126.18
12429,39322,39323,15.0,193.429,19.33
12430,39324,39325,3.829,0.357,29.89
12431,39326,39327,162.559,52558.34,34.27
12432,39328,39329,5.472,331.918,9.4
12433,39330,39331,19.514,622.63,21.74
12434,39332,39333,59.145,15406.332,10.98
12435,39334,39335,106.447,22424.513,88.23
12436,39336,39337,58.931,17681.067,17.26
12437,39338,39339,58.839,9063.119,22.46
12438,39340,39341,6.242,1.352,74.21
12439,39342,39343,94.0,0.0,458.31
12440,39346,39347,87.333,144.333,423.56
12441,39348,39349,110.462,56.269,558.47
12442,39350,39351,69.875,95.268,311.35
12443,39352,39353,3.5,0.5,18.68
12444,39358,39359,89.551,11477.669,34.46
12445,39360,39361,59.6,7021.791,19.54
12446,39364,39365,27.581,4011.487,10.96
12447,39366,39367,158.52,36815.765,43.89
12448,39368,39369,53.096,6810.949,19.41
12449,39370,39371,20.0,6.4,235.24
12450,39372,39373,7.8,0.4,81.96
12451,39374,39375,2.0,0.0,9.49
12452,39386,39387,4.0,0.0,30.61
12453,39388,39389,22.0,0.0,164.58
12454,39392,39393,3.0,0.0,13.82
12455,39398,39399,3.0,0.0,7.8
12456,39400,39401,11.405,314.114,53.04
12457,39402,39403,27.525,1146.023,61.1
12458,39404,39405,2.0,0.0,17.18
12459,39406,39407,26.996,912.223,179.52
12460,39414,39415,14.6,1.3,70.9
12461,39418,39419,7.0,0.0,37.81
12462,39422,39423,20.6,68.3,120.02
12463,39424,39425,11.161,1.74,81.61
12464,39426,39427,13.2,2.2,100.53
12465,39428,39429,13.0,2.4,56.41
12466,39430,39431,1.75,0.25,7.04
12467,39432,39433,12.0,0.0,57.37
12468,39434,39435,1.583,0.265,6.47
12469,39436,39437,16.0,0.0,63.7
12470,39438,39439,15.0,0.0,62.42
12471,39440,39441,12.0,2.286,60.1
12472,39444,39445,9.412,3.757,47.0
12473,39446,39447,3.833,0.567,30.54
12474,39448,39449,3.5,0.7,21.89
12475,39452,39453,1.346,1.818,16.48
12476,39454,39455,1.282,0.411,19.28
12477,39458,39459,30.812,349.288,206.23
12478,39460,39461,8.543,67.765,0.2
12479,39462,39463,2.744,0.781,18.67
12480,39466,39467,9.034,26.441,101.21
12481,39468,39469,29.163,610.656,104.55
12482,39472,39473,1.019,0.099,7.4
12483,39474,39475,17.208,115.824,125.03
12484,39476,39477,16.25,213.114,0.2
12485,39482,39483,8.0,1.0,34.51
12486,39484,39485,10.333,0.333,55.7
12487,39486,39487,21.5,0.5,102.26
12488,39490,39491,15.0,18.0,71.57
12489,39494,39495,16.667,6.333,78.54
12490,39496,39497,17.0,0.0,89.77
12491,39498,39499,13.25,4.25,59.88
12492,39500,39501,6.0,0.0,31.09
12493,39502,39503,15.0,0.0,70.97
12494,39504,39505,14.0,0.0,63.6
12495,39516,39517,13.0,8.0,64.7
12496,39528,39529,15.0,0.0,80.85
12497,39532,39533,8.0,0.0,43.21
12498,39534,39535,1.75,0.25,6.93
12499,39536,39537,25.0,0.0,140.09
12500,39538,39539,3.5,0.5,18.33
12501,39544,39545,36.286,8229.905,1.61
12502,39552,39553,5.0,0.0,20.36
12503,39554,39555,3.0,0.0,15.86
12504,39556,39557,5.0,0.0,28.63
12505,39558,39559,2.5,0.333,12.66
12506,39560,39561,164.8,21832.178,43.34
12507,39562,39563,4.0,0.0,20.46
12508,39564,39565,26.0,0.0,124.95
12509,39568,39569,4.25,1.583,12.63
12510,39570,39571,18.4,6.8,40.98
12511,39572,39573,7.75,0.917,57.27
12512,39574,39575,7.75,0.917,57.0
12513,39576,39577,9.5,12.5,18.76
12514,39578,39579,14.0,8.0,30.1
12515,39580,39581,8.0,0.0,41.42
12516,39586,39587,10.0,0.0,39.49
12517,39588,39589,16.0,0.0,82.01
12518,39590,39591,10.0,1.0,49.39
12519,39592,39593,3.0,0.0,14.84
12520,39598,39599,9.0,0.0,39.91
12521,39602,39603,6.0,2.0,28.58
12522,39608,39609,4.0,0.0,16.36
12523,39610,39611,3.0,0.0,16.3
12524,39614,39615,1.25,0.25,6.52
12525,39618,39619,17.5,4.5,92.38
12526,39624,39625,30.0,104.667,117.8
12527,39628,39629,10.0,3.5,44.58
12528,39632,39633,6.5,1.1,31.32
12529,39636,39637,16.5,0.5,88.36
12530,39638,39639,2.0,0.0,6.51
12531,39652,39653,74.955,20054.522,28.38
12532,39660,39661,7.333,0.333,33.23
12533,39662,39663,6.0,0.0,26.11
12534,39666,39667,6.333,0.333,34.86
12535,39674,39675,8.5,0.5,47.07
12536,39676,39677,8.667,44.333,60.62
12537,39680,39681,9.0,2.0,39.55
12538,39682,39683,3.0,0.0,16.48
12539,39718,39719,11.333,2.333,49.13
12540,39720,39721,44.0,0.0,191.38
12541,39722,39723,1.333,0.333,6.09
12542,39726,39727,20.0,0.0,70.35
12543,39732,39733,5.0,0.0,27.23
12544,39742,39743,5.0,0.0,27.19
12545,39746,39747,9.0,1.0,42.64
12546,39752,39753,12.0,0.0,62.23
12547,39756,39757,7.0,1.0,31.86
12548,39758,39759,10.667,0.333,48.8
12549,39762,39763,6.0,0.0,33.67
12550,39770,39771,15.0,2.0,79.97
12551,39774,39775,8.125,0.873,103.26
12552,39778,39779,1.75,0.25,5.85
12553,39782,39783,3.667,0.333,17.4
12554,39784,39785,5.0,0.0,21.0
12555,39788,39789,3.0,0.0,15.25
12556,39790,39791,12.917,0.811,62.01
12557,39792,39793,10.0,2.0,49.79
12558,39796,39797,7.0,2.0,33.23
12559,39798,39799,5.0,0.0,25.31
12560,39800,39801,2.0,0.0,10.57
12561,39802,39803,3.0,0.0,14.32
12562,39806,39807,7.0,0.0,36.24
12563,39808,39809,7.5,0.5,41.27
12564,39810,39811,10.5,4.5,47.13
12565,39812,39813,9.6,4.8,41.98
12566,39820,39821,39.13,31.755,188.98
12567,39822,39823,21.826,6.332,101.87
12568,39826,39827,16.0,0.0,68.83
12569,39830,39831,9.0,0.0,46.58
12570,39834,39835,11.0,0.0,58.69
12571,39836,39837,11.25,2.214,51.73
12572,39838,39839,4.25,0.75,18.33
12573,39840,39841,4.3,0.9,19.21
12574,39842,39843,5.0,0.0,20.08
12575,39846,39847,13.5,0.5,66.37
12576,39854,39855,4.25,0.25,21.66
12577,39864,39865,25.0,0.0,103.14
12578,39866,39867,1.8,0.2,7.78
12579,39868,39869,8.667,1.333,38.18
12580,39872,39873,8.5,0.5,33.91
12581,39874,39875,7.0,0.0,26.94
12582,39880,39881,10.333,261.333,0.82
12583,39884,39885,9.0,1.0,41.9
12584,39886,39887,1.25,0.214,4.87
12585,39888,39889,18.25,8.917,98.87
12586,39890,39891,6.667,2.333,34.58
12587,39892,39893,9.0,2.0,38.93
12588,39894,39895,11.0,0.667,53.53
12589,39898,39899,8.0,0.0,40.0
12590,39912,39913,7.0,0.0,32.61
12591,39914,39915,5.5,0.5,22.35
12592,39922,39923,3.0,0.0,14.85
12593,39926,39927,6.667,0.333,33.97
12594,39932,39933,23.0,0.0,111.48
12595,39938,39939,13.667,1.333,69.93
12596,39946,39947,2.0,0.0,8.55
12597,39956,39957,2.0,0.0,9.25
12598,39962,39963,1.081,0.075,13.19
12599,39964,39965,31.0,8.667,150.09
12600,39966,39967,19.0,39.0,82.12
12601,39968,39969,5.8,0.7,25.23
12602,39970,39971,5.0,0.0,25.96
12603,39972,39973,6.0,0.667,29.26
12604,39974,39975,7.5,0.5,38.14
12605,39976,39977,5.0,2.0,22.27
12606,39978,39979,6.0,0.0,37.01
12607,39980,39981,6.278,1.389,32.48
12608,39982,39983,64.0,13270.0,32.91
12609,39986,39987,7.719,0.531,57.41
12610,39988,39989,5.438,1.996,37.03
12611,39990,39991,8.0,0.0,55.81
12612,39992,39993,21.816,6.24,468.63
12613,39994,39995,5.897,44.979,81.48
12614,39996,39997,37.09,729.827,63.03
12615,39998,39999,11.333,0.333,57.17
12616,40000,40001,8.0,0.0,35.35
12617,40002,40003,8.0,0.0,41.11
12618,40010,40011,1.611,0.318,17.68
12619,40014,40015,1.061,0.059,4.25
12620,40018,40019,1.01,0.01,4.63
12621,40020,40021,1.706,0.284,33.66
12622,40026,40027,2.887,0.332,58.81
12623,40032,40033,1.612,0.404,13.85
12624,40036,40037,1.042,0.041,7.57
12625,40046,40047,9.5,0.5,43.03
12626,40048,40049,2.0,0.0,8.8
12627,40058,40059,2.2,0.2,10.98
12628,40066,40067,3.0,0.0,10.1
12629,40072,40073,13.065,1.196,62.95
12630,40074,40075,1.167,0.144,5.57
12631,40076,40077,68.867,201.292,346.64
12632,40078,40079,23.786,5.412,109.96
12633,40080,40081,60.529,48.14,283.29
12634,40082,40083,21.667,6.0,105.57
12635,40090,40091,11.0,0.0,54.3
12636,40096,40097,8.5,0.5,35.47
12637,40098,40099,9.0,0.0,44.33
12638,40100,40101,8.0,8.0,40.97
12639,40102,40103,10.0,0.0,46.97
12640,40104,40105,3.455,0.273,16.75
12641,40112,40113,4.0,0.0,24.31
12642,40118,40119,23.0,8.0,99.44
12643,40120,40121,15.667,0.333,30.69
12644,40122,40123,6.2,0.2,13.53
12645,40124,40125,7.833,4.167,13.96
12646,40126,40127,6.0,0.4,12.29
12647,40128,40129,13.333,1.467,61.91
12648,40130,40131,7.0,0.0,14.09
12649,40134,40135,3.75,6.25,7.46
12650,40138,40139,159.8,27374.2,115.02
12651,40142,40143,12.0,0.0,59.5
12652,40146,40147,2.0,0.0,6.05
12653,40150,40151,2.0,0.0,9.56
12654,40152,40153,2.0,0.0,11.87
12655,40158,40159,5.0,0.0,28.81
12656,40160,40161,5.8,0.7,26.59
12657,40164,40165,17.333,6.333,75.1
12658,40168,40169,15.0,0.0,79.56
12659,40170,40171,7.077,2.927,86.71
12660,40172,40173,1.401,1.634,15.54
12661,40174,40175,4.242,23.113,35.12
12662,40176,40177,17.261,375.658,82.55
12663,40178,40179,39.952,1393.584,94.13
12664,40180,40181,30.758,4670.51,20.32
12665,40182,40183,29.862,3360.525,14.11
12666,40184,40185,1.286,0.238,0.2
12667,40186,40187,9.798,1405.455,7.23
12668,40188,40189,1.215,0.504,5.63
12669,40190,40191,49.667,6856.659,66.06
12670,40192,40193,92.75,15706.821,24.45
12671,40198,40199,9.0,0.667,104.21
12672,40202,40203,2.86,0.599,27.11
12673,40204,40205,3.889,0.33,28.33
12674,40206,40207,4.974,0.868,34.94
12675,40208,40209,11.444,0.94,77.06
12676,40210,40211,2.863,0.121,28.48
12677,40212,40213,20.255,91.434,119.55
12678,40214,40215,9.54,99.562,81.27
12679,40216,40217,110.8,24634.5,64.43
12680,40218,40219,110.527,67353.954,117.56
12681,40220,40221,49.597,31948.79,72.84
12682,40222,40223,11.729,464.393,66.14
12683,40224,40225,4.125,0.125,30.76
12684,40226,40227,1.125,0.125,7.97
12685,40228,40229,10.0,0.0,36.49
12686,40230,40231,48.0,0.0,301.76
12687,40238,40239,13.0,0.0,57.15
12688,40286,40287,248.0,0.0,37.84
12689,40288,40289,9.0,0.0,41.28
12690,40290,40291,5.0,0.0,22.19
12691,40292,40293,3.0,0.0,14.8
12692,40294,40295,3.0,0.0,15.03
12693,40308,40309,5.0,8.667,12.42
12694,40314,40315,6.0,2.0,32.0
12695,40316,40317,3.0,0.0,13.19
12696,40318,40319,10.0,0.0,43.39
12697,40320,40321,28.429,4887.636,52.92
12698,40322,40323,16.909,6.891,122.86
12699,40330,40331,1.333,0.333,5.02
12700,40332,40333,13.0,2.0,59.33
12701,40338,40339,12.0,0.0,58.11
12702,40344,40345,3.0,0.0,17.01
12703,40346,40347,12.0,0.0,58.8
12704,40354,40355,20.0,0.0,101.48
12705,40356,40357,5.0,0.0,27.43
12706,40360,40361,22.0,0.0,124.71
12707,40374,40375,14.5,0.5,78.58
12708,40380,40381,2.0,0.4,8.44
12709,40382,40383,6.8,0.7,33.92
12710,40384,40385,2.833,0.567,12.95
12711,40386,40387,4.429,0.286,20.93
12712,40388,40389,5.333,0.267,27.71
12713,40390,40391,1.333,0.333,5.39
12714,40392,40393,24.0,2.0,118.89
12715,40394,40395,20.0,0.0,102.92
12716,40398,40399,14.0,0.0,60.01
12717,40402,40403,8.5,0.5,40.93
12718,40406,40407,2.0,0.0,9.46
12719,40416,40417,1.8,0.178,8.45
12720,40418,40419,1.833,0.152,9.28
12721,40434,40435,130.531,61310.592,55.53
12722,40436,40437,4.728,0.665,57.85
12723,40438,40439,21.004,952.732,98.44
12724,40440,40441,69.766,28478.158,52.33
12725,40442,40443,2.664,0.259,30.12
12726,40444,40445,6.84,89.339,60.0
12727,40446,40447,15.0,0.0,66.71
12728,40448,40449,4.5,0.5,44.15
12729,40452,40453,6.833,1.367,15.05
12730,40454,40455,41.25,2356.917,116.46
12731,40456,40457,41.926,11951.597,61.1
12732,40458,40459,14.0,3.0,67.15
12733,40460,40461,3.75,0.214,19.57
12734,40464,40465,17.25,5.071,84.35
12735,40466,40467,3.0,1.0,13.12
12736,40468,40469,28.0,0.0,133.22
12737,40470,40471,5.0,0.0,23.36
12738,40472,40473,7.0,0.0,37.13
12739,40476,40477,41.5,2244.5,44.03
12740,40480,40481,19.333,1.333,77.3
12741,40482,40483,25.2,12.6,108.39
12742,40484,40485,7.5,0.571,31.56
12743,40512,40513,11.0,2.0,50.45
12744,40516,40517,25.0,0.0,123.43
12745,40520,40521,3.0,0.0,18.56
12746,40524,40525,77.0,0.0,374.57
12747,40548,40549,10.412,2.757,49.1
12748,40550,40551,23.238,9.79,117.98
12749,40552,40553,21.48,18.744,101.44
12750,40554,40555,13.0,8.0,66.88
12751,40560,40561,22.0,0.0,97.01
12752,40568,40569,14.0,0.0,82.84
12753,40576,40577,5.0,0.0,24.06
12754,40578,40579,8.0,2.0,40.5
12755,40582,40583,10.5,0.333,54.46
12756,40604,40605,6.0,0.0,34.45
12757,40624,40625,11.0,0.0,46.34
12758,40632,40633,5.5,0.5,29.04
12759,40634,40635,1.062,0.062,1.66
12760,40640,40641,3.154,4.474,12.27
12761,40650,40651,11.182,4.764,48.11
12762,40652,40653,10.5,0.5,62.22
12763,40656,40657,3.857,0.349,29.3
12764,40658,40659,2.379,7.744,9.48
12765,40660,40661,9.5,1.591,72.17
12766,40662,40663,1.258,0.198,7.11
12767,40664,40665,27.545,26.26,215.98
12768,40668,40669,21.648,3212.934,25.54
12769,40670,40671,22.095,806.743,38.43
12770,40672,40673,29.756,5583.982,39.17
12771,40674,40675,15.189,96.98,165.37
12772,40676,40677,11.371,279.024,25.95
12773,40678,40679,361.373,74061.748,453.53
12774,40680,40681,4.061,0.315,49.98
12775,40682,40683,5.022,6.611,45.54
12776,40684,40685,4.606,220.437,25.57
12777,40686,40687,20.0,0.0,83.68
12778,40688,40689,9.0,0.0,47.8
12779,40690,40691,20.5,0.5,93.6
12780,40692,40693,8.0,0.0,39.15
12781,40696,40697,17.0,0.0,87.77
12782,40698,40699,126.0,0.0,26.47
12783,40700,40701,8.9,4.767,34.83
12784,40704,40705,3.5,1.0,18.16
12785,40706,40707,26.0,0.0,149.08
12786,40712,40713,31.5,12.5,146.53
12787,40714,40715,16.5,0.5,85.77
12788,40716,40717,3.0,0.0,15.93
12789,40720,40721,3.25,0.25,17.37
12790,40722,40723,4.0,0.0,20.35
12791,40730,40731,5.5,24.5,42.19
12792,40736,40737,4.667,0.333,20.33
12793,40738,40739,4.667,0.333,20.51
12794,40740,40741,5.5,0.5,31.75
12795,40758,40759,6.5,0.5,32.79
12796,40760,40761,8.667,2.333,46.27
12797,40762,40763,8.0,2.0,48.16
12798,40764,40765,22.333,6.333,98.54
12799,40766,40767,10.333,4.333,48.96
12800,40770,40771,8.5,0.5,40.15
12801,40772,40773,11.5,0.5,58.4
12802,40774,40775,5.0,0.0,20.04
12803,40776,40777,2.667,0.333,11.74
12804,40778,40779,5.5,0.7,27.72
12805,40784,40785,23.0,0.0,93.02
12806,40792,40793,2.582,50.768,18.84
12807,40794,40795,21.923,2077.791,75.54
12808,40796,40797,89.238,27479.921,63.18
12809,40798,40799,5.557,0.325,62.85
12810,40800,40801,7.532,0.95,36.04
12811,40802,40803,32.129,801.95,36.1
12812,40804,40805,7.333,0.333,41.46
12813,40814,40815,10.333,2.333,52.01
12814,40820,40821,6.0,0.0,37.07
12815,40834,40835,45.0,32.0,211.56
12816,40836,40837,4.0,0.0,14.95
12817,40840,40841,15.294,2449.765,18.3
12818,40842,40843,7.45,628.327,11.27
12819,40844,40845,4.23,0.592,51.78
12820,40846,40847,1.347,0.246,16.11
12821,40848,40849,1.588,0.294,19.75
12822,40850,40851,6.831,7.405,45.44
12823,40868,40869,22.0,0.0,89.68
12824,40872,40873,14.0,0.0,71.61
12825,40888,40889,8.667,0.333,45.51
12826,40896,40897,23.0,0.0,96.4
12827,40900,40901,3.0,0.0,12.37
12828,40902,40903,13.0,0.0,65.1
12829,40904,40905,5.333,0.333,25.24
12830,40906,40907,14.0,0.0,69.83
12831,40908,40909,4.0,0.0,19.07
12832,40912,40913,8.0,0.0,39.51
12833,40914,40915,10.667,0.333,50.22
12834,40916,40917,9.333,1.333,45.24
12835,40924,40925,8.0,0.0,37.43
12836,40926,40927,16.5,0.5,77.9
12837,40928,40929,5.0,0.0,66.03
12838,40934,40935,13.111,4.611,59.4
12839,40936,40937,8.714,1.571,37.41
12840,40938,40939,9.0,0.0,60.17
12841,40940,40941,188.5,9112.5,53.26
12842,40942,40943,102.5,13541.5,39.32
12843,40944,40945,199.0,30752.0,42.1
12844,40946,40947,1.167,0.167,6.74
12845,40950,40951,57.0,3200.0,80.11
12846,40954,40955,99.0,12907.6,5.83
12847,40956,40957,121.714,14030.571,4.31
12848,40970,40971,2.5,0.4,19.8
12849,40972,40973,6.0,0.364,47.52
12850,40976,40977,4.273,0.218,29.09
12851,40982,40983,6.0,0.0,27.83
12852,40986,40987,2.0,0.0,11.56
12853,40988,40989,5.0,2.0,24.22
12854,40992,40993,6.857,0.476,29.79
12855,40994,40995,3.333,0.333,18.5
12856,41000,41001,8.0,0.0,39.07
12857,41004,41005,117.2,14313.7,33.55
12858,41022,41023,13.0,2.0,63.88
12859,41030,41031,7.0,0.0,32.19
12860,41034,41035,3.0,0.0,14.26
12861,41038,41039,3.0,0.0,19.45
12862,41040,41041,6.0,0.0,25.64
12863,41042,41043,12.0,0.0,53.64
12864,41044,41045,38.0,0.0,36.88
12865,41046,41047,4.4,0.3,22.67
12866,41048,41049,13.2,52.7,43.02
12867,41054,41055,7.5,0.5,34.92
12868,41062,41063,4.0,0.0,18.1
12869,41064,41065,9.0,0.0,42.12
12870,41072,41073,21.6,274.3,40.09
12871,41074,41075,60.4,10801.8,0.2
12872,41076,41077,22.0,0.0,61.82
12873,41078,41079,6.0,0.0,60.6
12874,41080,41081,38.429,2286.952,55.96
12875,41084,41085,7.75,0.917,40.2
12876,41086,41087,8.5,0.5,48.61
12877,41090,41091,8.667,1.333,43.48
12878,41092,41093,3.0,0.0,13.08
12879,41096,41097,3.0,0.0,15.99
12880,41098,41099,4.0,0.0,21.36
12881,41100,41101,3.0,0.0,10.63
12882,41106,41107,7.571,0.286,35.45
12883,41108,41109,6.75,0.25,30.36
12884,41110,41111,29.0,4.667,150.94
12885,41112,41113,7.667,0.333,38.57
12886,41118,41119,12.0,0.0,66.71
12887,41120,41121,5.0,0.0,22.89
12888,41128,41129,5.0,0.0,22.87
12889,41130,41131,4.0,0.0,21.35
12890,41136,41137,11.0,0.0,49.25
12891,41138,41139,4.8,0.2,24.12
12892,41140,41141,3.833,0.567,18.84
12893,41142,41143,7.5,0.5,35.72
12894,41154,41155,12.0,2.0,49.71
12895,41158,41159,84.714,12245.905,2.26
12896,41162,41163,15.143,4.143,70.29
12897,41166,41167,31.667,851.0,15.5
12898,41168,41169,5.5,0.5,30.33
12899,41172,41173,8.0,0.0,38.15
12900,41174,41175,5.0,0.0,26.06
12901,41176,41177,5.0,0.0,25.15
12902,41178,41179,6.0,0.0,24.69
12903,41180,41181,6.4,0.8,30.38
12904,41186,41187,1.25,0.25,6.75
12905,41190,41191,10.667,2.333,41.36
12906,41192,41193,11.5,3.0,54.44
12907,41196,41197,6.0,0.0,24.93
12908,41200,41201,3.0,0.0,26.19
12909,41202,41203,4.0,0.0,22.26
12910,41204,41205,2.0,0.0,9.09
12911,41206,41207,8.6,1.3,40.99
12912,41212,41213,9.667,0.333,50.11
12913,41218,41219,2.0,0.125,9.65
12914,41226,41227,5.333,0.333,38.14
12915,41228,41229,6.32,0.63,46.58
12916,41230,41231,8.14,1.47,55.76
12917,41232,41233,17.957,3.163,131.54
12918,41234,41235,19.4,4.096,141.41
12919,41236,41237,7.179,0.477,52.07
12920,41238,41239,36.115,4719.67,75.01
12921,41240,41241,138.71,24721.029,73.26
12922,41246,41247,124.35,17681.082,26.79
12923,41248,41249,6.0,0.0,27.94
12924,41250,41251,23.652,8.237,175.99
12925,41252,41253,19.333,4.242,141.65
12926,41254,41255,1.333,0.242,8.41
12927,41258,41259,46.8,19.7,333.16
12928,41272,41273,4.964,0.443,32.22
12929,41274,41275,3.667,0.333,26.56
12930,41276,41277,8.0,2.0,59.8
12931,41278,41279,39.0,20.667,292.17
12932,41296,41297,67.5,180.5,308.43
12933,41298,41299,4.889,136.111,3.77
12934,41300,41301,2.5,0.333,10.95
12935,41308,41309,10.0,0.0,76.2
12936,41314,41315,11.333,692.75,8.0
12937,41318,41319,5.667,1.333,26.26
12938,41326,41327,6.5,1.1,32.42
12939,41336,41337,6.625,18.839,21.09
12940,41358,41359,1.13,0.119,8.05
12941,41360,41361,9.75,0.63,73.68
12942,41362,41363,4.773,0.279,33.73
12943,41364,41365,14.182,1.203,105.32
12944,41366,41367,44.098,15712.173,49.38
12945,41368,41369,19.319,6097.432,6.22
12946,41370,41371,29.195,9077.497,10.26
12947,41372,41373,3.5,0.5,16.36
12948,41380,41381,13.833,1.367,66.79
12949,41382,41383,36.667,3518.25,58.46
12950,41384,41385,8.4,172.267,1.11
12951,41392,41393,37.0,0.0,92.96
12952,41394,41395,2.096,0.211,27.57
12953,41396,41397,4.772,0.51,60.64
12954,41398,41399,2.152,0.185,28.04
12955,41400,41401,16.293,5.017,208.02
12956,41402,41403,1.037,0.036,12.13
12957,41404,41405,2.5,0.5,23.0
12958,41406,41407,3.182,0.164,26.07
12959,41408,41409,30.225,5739.26,38.45
12960,41410,41411,16.186,2198.221,24.75
12961,41414,41415,16.0,8.0,19.04
12962,41418,41419,1.5,0.5,6.1
12963,41420,41421,16.0,2.0,21.95
12964,41426,41427,4.353,0.493,29.5
12965,41428,41429,4.0,0.0,18.52
12966,41430,41431,10.25,1.071,75.22
12967,41432,41433,4.0,0.0,27.58
12968,41438,41439,2.0,0.0,7.28
12969,41440,41441,2.5,0.5,13.63
12970,41442,41443,4.667,0.333,19.78
12971,41444,41445,16.735,3.958,126.84
12972,41446,41447,13.125,2.125,102.79
12973,41448,41449,3.0,0.0,15.22
12974,41450,41451,3.0,0.0,15.75
12975,41454,41455,2.857,0.143,14.95
12976,41456,41457,24.0,4.0,122.37
12977,41464,41465,4.0,0.0,21.36
12978,41468,41469,7.0,2.0,37.39
12979,41470,41471,1.375,0.268,6.22
12980,41472,41473,6.5,0.5,34.14
12981,41474,41475,7.0,2.0,26.89
12982,41478,41479,9.5,4.5,48.64
12983,41480,41481,4.0,0.0,21.28
12984,41486,41487,9.5,4.5,51.03
12985,41496,41497,13.0,0.0,80.22
12986,41498,41499,7.5,0.5,43.91
12987,41502,41503,2.0,0.0,5.97
12988,41504,41505,3.0,0.0,11.39
12989,41506,41507,17.724,1935.452,36.91
12990,41508,41509,33.055,4404.052,67.0
12991,41510,41511,10.167,2.167,51.58
12992,41514,41515,22.75,220.917,67.69
12993,41516,41517,11.667,341.333,6.36
12994,41520,41521,14.0,0.0,65.23
12995,41522,41523,3.083,0.286,43.57
12996,41524,41525,2.426,0.472,34.13
12997,41526,41527,3.0,0.0,14.95
12998,41530,41531,5.0,0.0,17.61
12999,41532,41533,2.0,0.0,0.2
13000,41534,41535,6.0,0.0,28.79
13001,41536,41537,6.25,140.932,8.85
13002,41538,41539,14.0,0.0,66.81
13003,41544,41545,7.769,0.59,163.08
13004,41548,41549,5.0,0.0,31.95
13005,41552,41553,85.667,19521.333,26.35
13006,41554,41555,3.667,21.333,6.38
13007,41558,41559,9.0,0.0,55.25
13008,41574,41575,112.286,7123.905,19.71
13009,41576,41577,20.0,2527.0,7.14
13010,41586,41587,33.9,3385.656,7.35
13011,41588,41589,2.548,0.256,17.51
13012,41590,41591,67.438,2700.129,154.89
13013,41592,41593,9.333,0.333,46.72
13014,41600,41601,29.0,0.0,139.44
13015,41602,41603,2.0,0.0,1.75
13016,41604,41605,4.5,0.5,0.76
13017,41608,41609,10.0,0.0,49.06
13018,41610,41611,3.0,0.0,16.28
13019,41656,41657,10.333,2.333,78.44
13020,41658,41659,3.143,0.476,24.75
13021,41660,41661,11.125,3.268,91.08
13022,41662,41663,5.667,0.333,43.13
13023,41664,41665,19.0,0.0,129.5
13024,41668,41669,2.0,0.0,10.37
13025,41670,41671,3.5,0.333,25.74
13026,41672,41673,3.0,0.0,24.27
13027,41674,41675,3.0,0.0,23.92
13028,41676,41677,3.714,0.571,24.38
13029,41684,41685,23.0,0.0,93.04
13030,41686,41687,3.643,0.401,19.2
13031,41688,41689,3.923,0.244,19.45
13032,41690,41691,8.0,0.0,59.24
13033,41694,41695,1.997,0.257,21.19
13034,41696,41697,1.63,0.234,9.2
13035,41698,41699,1.069,0.065,12.54
13036,41700,41701,1.082,0.653,3.31
13037,41702,41703,7.836,13.892,84.83
13038,41704,41705,6.052,0.715,75.46
13039,41706,41707,3.53,0.653,42.48
13040,41708,41709,5.786,2.137,66.95
13041,41710,41711,12.709,2.142,151.66
13042,41712,41713,5.188,4.038,54.12
13043,41714,41715,8.323,16.45,63.35
13044,41716,41717,4.536,13.57,43.05
13045,41718,41719,6.633,22.606,59.08
13046,41720,41721,3.815,8.597,37.49
13047,41726,41727,42.75,140.917,193.47
13048,41732,41733,2.0,0.0,7.24
13049,41738,41739,32.0,0.0,182.22
13050,41740,41741,33.0,8.0,178.22
13051,41742,41743,20.0,0.0,112.57
13052,41744,41745,3.75,0.25,18.36
13053,41746,41747,2.2,7.2,0.2
13054,41750,41751,4.125,0.696,18.77
13055,41754,41755,19.412,9.632,98.08
13056,41756,41757,1.875,0.383,10.01
13057,41760,41761,10.5,3.1,48.96
13058,41764,41765,29.706,251.002,275.51
13059,41772,41773,25.0,7.0,116.71
13060,41780,41781,8.0,0.0,93.95
13061,41782,41783,4.429,0.286,37.42
13062,41784,41785,5.286,0.571,52.27
13063,41798,41799,4.882,0.485,42.07
13064,41800,41801,10.5,1.324,103.64
13065,41802,41803,2.0,0.0,12.09
13066,41804,41805,2.0,0.0,0.2
13067,41806,41807,2.75,0.214,19.29
13068,41808,41809,8.0,2.0,88.99
13069,41810,41811,5.0,0.0,37.88
13070,41812,41813,4.0,0.0,28.01
13071,41814,41815,3.5,0.286,20.37
13072,41816,41817,3.667,0.333,20.17
13073,41818,41819,11.0,0.0,115.86
13074,41824,41825,2.944,0.568,41.44
13075,41826,41827,13.222,157.703,22.4
13076,41828,41829,4.75,0.917,50.06
13077,41830,41831,3.417,0.341,28.72
13078,41832,41833,297.667,32056.667,18.74
13079,41836,41837,14.229,594.652,6.58
13080,41838,41839,2.412,0.632,14.07
13081,41840,41841,332.065,176565.422,158.56
13082,41842,41843,9.117,769.888,23.77
13083,41844,41845,7.852,38.285,25.64
13084,41846,41847,18.536,983.591,13.72
13085,41848,41849,4.714,151.081,7.43
13086,41850,41851,39.857,8676.203,8.21
13087,41852,41853,8.784,915.709,4.89
13088,41856,41857,4.723,303.674,6.47
13089,41858,41859,35.377,12154.877,36.64
13090,41862,41863,14.837,278.814,24.63
13091,41864,41865,44.374,987.32,258.24
13092,41866,41867,5.36,63.073,19.87
13093,41868,41869,2.231,11.945,9.43
13094,41870,41871,21.833,244.967,43.51
13095,41872,41873,4.4,0.3,43.46
13096,41874,41875,1.889,0.244,23.18
13097,41876,41877,21.034,7.058,258.17
13098,41878,41879,95.714,6355.238,72.8
13099,41880,41881,6.6,1.8,72.8
13100,41882,41883,3.25,0.25,23.43
13101,41884,41885,3.714,0.238,23.43
13102,41886,41887,4.0,0.0,43.27
13103,41890,41891,77.011,6217.105,37.23
13104,41892,41893,17.346,238.466,81.25
13105,41894,41895,6.98,14.395,42.98
13106,41896,41897,11.125,243.071,4.76
13107,41898,41899,1.125,0.125,6.64
13108,41900,41901,3.471,56.014,8.74
13109,41902,41903,2.727,11.642,7.19
13110,41904,41905,6.0,1.455,67.14
13111,41906,41907,40.397,712.004,70.5
13112,41908,41909,2.995,0.23,36.24
13113,41918,41919,2.5,0.5,15.29
13114,41920,41921,4.128,3.722,23.09
13115,41922,41923,2.17,0.275,13.17
13116,41924,41925,1.2,0.2,4.84
13117,41928,41929,14.114,115.281,98.48
13118,41930,41931,3.125,0.125,23.05
13119,41932,41933,3.371,0.382,39.9
13120,41934,41935,3.88,84.566,8.42
13121,41936,41937,2.315,3.503,12.54
13122,41938,41939,1.239,0.182,6.11
13123,41940,41941,108.862,19246.98,25.88
13124,41942,41943,33.432,2677.418,12.31
13125,41948,41949,18.395,3337.936,9.85
13126,1,29600,2.1,0.544,9.7
13127,1,22676,3.0,0.5,21.3
13128,3,19580,1.333,0.333,4.7
13129,5,25428,1.5,0.5,13.2
13130,7,4,4.0,0.0,14.4
13131,15,40670,3.346,278.83,8.6
13132,17,14,1.79,20.151,15.2
13133,21,37410,68.0,16580.222,14.8
13134,23,20,38.143,6434.143,14.4
13135,25,22,3.0,0.0,14.4
13136,29,2660,1.5,0.5,10.3
13137,33,15698,2.0,0.0,9.1
13138,35,20302,2.5,0.5,12.3
13139,35,32,3.0,0.0,14.6
13140,41,15800,2.667,0.333,9.1
13141,43,19624,2.053,0.309,14.2
13142,45,2078,4.0,0.0,29.6
13143,45,42,3.719,0.456,27.2
13144,45,38,2.0,0.0,14.2
13145,47,34058,2.0,0.0,11.9
13146,47,19178,4.0,2.0,16.9
13147,53,82,1.231,0.359,14.1
13148,61,16124,1.5,0.5,9.0
13149,65,16120,1.5,0.333,9.0
13150,77,19222,2.0,0.0,9.0
13151,83,3404,1.923,0.91,10.6
13152,91,1240,9.5,1.667,19.2
13153,93,19668,11.067,1272.638,4.7
13154,95,5054,2.812,0.685,18.4
13155,99,37052,3.0,0.0,25.4
13156,99,19286,1.868,0.707,26.1
13157,101,19700,4.333,0.267,33.1
13158,103,196,3.529,0.39,27.4
13159,105,19306,1.059,0.056,21.1
13160,109,16,2.371,0.382,10.3
13161,109,35560,4.822,1.176,24.0
13162,111,36878,3.0,0.222,13.6
13163,111,2934,4.289,96.184,24.1
13164,113,110,1.02,0.02,6.2
13165,115,10822,2.529,0.265,13.4
13166,115,24408,4.207,0.741,32.2
13167,115,25846,7.28,45.757,13.8
13168,117,114,7.908,938.146,14.5
13169,119,116,1.354,0.379,11.5
13170,121,32970,3.0,0.0,18.2
13171,121,118,2.072,0.297,16.3
13172,121,16936,9.5,24.5,0.8
13173,123,120,2.113,0.654,14.8
13174,123,28408,5.8,52.7,5.4
13175,125,122,1.213,0.305,5.1
13176,127,124,1.338,0.466,4.8
13177,131,30658,2.5,0.333,15.9
13178,133,19590,3.0,0.0,14.5
13179,143,7166,3.0,0.0,13.2
13180,149,32024,4.0,0.0,18.3
13181,177,23520,3.0,0.0,22.6
13182,177,11262,4.357,0.312,32.4
13183,179,19782,1.5,0.5,4.7
13184,181,3268,6.0,0.0,17.3
13185,183,180,8.0,0.0,14.5
13186,183,22832,4.667,0.267,17.0
13187,183,19786,3.0,0.0,4.6
13188,185,11206,3.0,0.0,14.2
13189,187,184,3.0,0.0,14.4
13190,189,32230,2.0,0.0,9.0
13191,191,194,1.067,0.067,9.6
13192,207,12112,2.767,0.2,12.2
13193,207,21994,5.175,1.147,24.3
13194,209,19824,1.417,0.265,4.7
13195,211,19830,2.0,0.0,4.7
13196,225,41118,3.0,0.0,19.0
13197,225,31260,3.556,0.379,26.8
13198,225,31202,4.0,2.0,29.9
13199,231,228,3.0,0.286,14.4
13200,233,19854,2.933,1.067,18.1
13201,235,27866,2.0,0.0,12.6
13202,239,24438,2.0,0.0,6.6
13203,239,4144,2.333,0.333,11.6
13204,241,238,3.667,0.333,15.3
13205,243,240,4.5,0.5,14.2
13206,249,27998,4.0,0.0,11.7
13207,255,234,2.0,0.0,9.0
13208,259,7322,1.667,0.333,7.7
13209,261,16808,4.8,1.029,34.0
13210,261,38624,3.667,0.75,34.4
13211,265,31532,5.894,21.329,48.5
13212,267,1228,3.4,0.3,7.8
13213,267,21024,6.0,0.0,12.8
13214,267,19902,2.0,0.0,4.8
13215,269,19904,3.0,0.0,4.7
13216,271,344,6.714,2.571,14.2
13217,273,270,7.0,2.0,14.3
13218,287,16246,2.0,0.0,11.6
13219,289,19984,3.0,0.0,10.3
13220,289,286,1.5,0.5,10.3
13221,297,1890,2.0,0.0,9.4
13222,299,312,1.5,0.5,10.7
13223,301,298,2.0,0.0,11.3
13224,303,296,2.0,0.0,15.9
13225,305,302,2.25,0.25,16.4
13226,307,304,2.0,0.0,15.7
13227,309,306,3.5,0.333,25.2
13228,311,308,2.0,0.0,13.4
13229,313,310,1.5,0.5,12.3
13230,315,16240,2.0,0.0,12.9
13231,319,310,2.0,0.0,13.4
13232,323,318,3.0,0.0,16.3
13233,335,332,1.227,1.291,9.8
13234,335,25222,31.0,0.0,2.5
13235,337,1602,10.325,2082.912,15.1
13236,345,286,2.333,0.267,10.3
13237,345,19924,4.0,0.0,15.4
13238,347,348,1.333,0.242,10.4
13239,349,38084,1.667,0.267,9.8
13240,349,10088,2.667,0.667,17.7
13241,351,346,1.545,0.273,11.8
13242,353,350,2.273,0.418,16.2
13243,355,352,1.667,0.267,12.3
13244,371,20010,1.6,0.3,4.7
13245,373,370,1.167,0.167,5.0
13246,375,372,1.2,0.2,5.0
13247,381,432,1.25,0.25,7.6
13248,401,3474,2.0,0.0,9.7
13249,415,402,2.0,0.0,12.6
13250,423,410,2.0,0.0,12.5
13251,425,2198,5.0,0.0,19.9
13252,429,410,2.0,0.0,10.0
13253,431,33664,1.087,0.083,12.0
13254,459,456,1.154,0.141,10.4
13255,463,2200,4.6,3.8,18.3
13256,465,8020,2.667,1.333,16.7
13257,477,1642,3.0,0.0,11.2
13258,483,1640,2.0,0.0,10.2
13259,495,27554,1.882,3.016,4.1
13260,507,13448,1.444,0.278,8.4
13261,509,20150,1.231,0.359,4.7
13262,513,20708,3.0,0.0,14.2
13263,515,512,2.0,0.0,9.2
13264,517,554,2.0,0.0,9.3
13265,521,20182,2.0,0.0,9.4
13266,521,20174,2.0,0.0,4.7
13267,523,520,3.0,0.0,14.4
13268,535,20710,2.0,0.0,9.0
13269,539,36546,4.0,0.0,20.4
13270,543,40402,3.5,0.5,14.4
13271,543,20198,2.0,0.0,4.7
13272,545,3858,2.5,0.7,10.6
13273,545,24092,3.0,0.0,15.7
13274,549,29228,1.875,0.125,9.0
13275,553,32236,2.0,0.0,9.0
13276,553,11210,3.0,0.0,14.2
13277,555,11926,1.5,0.333,9.0
13278,555,33094,3.0,0.0,14.3
13279,557,554,3.0,0.0,14.4
13280,567,572,2.667,0.333,14.3
13281,569,20230,1.675,0.276,9.0
13282,569,566,2.0,0.0,14.4
13283,571,566,2.0,0.0,9.0
13284,571,20228,2.7,0.9,14.2
13285,573,24098,2.0,0.0,9.5
13286,575,20226,3.0,0.0,14.2
13287,589,11096,2.0,0.0,14.5
13288,595,20274,1.062,0.06,3.6
13289,597,594,1.423,0.676,11.8
13290,601,12078,8.5,4.5,14.5
13291,611,20286,5.0,0.0,14.3
13292,623,20302,1.5,0.5,4.9
13293,629,41826,5.222,69.41,1.2
13294,631,37196,2.035,0.044,13.2
13295,631,628,1.213,0.17,15.2
13296,633,630,1.278,0.233,11.2
13297,635,15502,3.0,0.0,16.2
13298,637,660,2.0,0.0,9.0
13299,639,20322,2.0,0.0,9.9
13300,639,660,3.154,0.248,14.5
13301,639,20324,1.25,0.25,4.7
13302,641,20342,3.1,0.322,14.5
13303,643,664,2.75,0.25,12.9
13304,643,20328,1.667,0.333,4.7
13305,645,20344,3.375,0.268,14.4
13306,647,34782,2.0,0.0,8.4
13307,647,20332,2.0,0.0,4.7
13308,649,20342,5.933,0.352,27.6
13309,651,34482,1.6,0.3,8.5
13310,655,650,2.2,0.2,9.3
13311,655,646,2.5,0.5,14.4
13312,655,20340,1.75,0.25,4.7
13313,657,20326,1.75,0.25,10.0
13314,657,13186,5.833,0.567,29.1
13315,657,20334,6.233,0.992,28.5
13316,657,20342,1.5,0.5,4.7
13317,659,20330,2.0,0.286,9.7
13318,659,656,3.083,0.417,14.4
13319,659,20344,2.0,0.0,4.7
13320,661,658,2.974,0.21,14.5
13321,661,20356,3.048,0.948,14.2
13322,661,20346,1.25,0.25,4.7
13323,665,20338,2.0,0.0,9.1
13324,665,20350,1.25,0.25,4.7
13325,669,676,3.0,0.0,14.2
13326,675,13988,2.0,0.0,9.9
13327,677,674,2.0,0.0,12.6
13328,679,676,3.0,0.0,14.4
13329,681,11656,7.0,0.0,36.6
13330,683,34820,2.0,0.0,9.6
13331,685,682,3.0,0.0,14.3
13332,687,11656,7.0,3.5,30.8
13333,689,686,3.0,0.0,15.2
13334,707,686,1.5,0.5,9.1
13335,711,31624,3.0,0.0,14.2
13336,713,27818,2.55,0.366,26.1
13337,713,5166,3.207,0.456,39.9
13338,723,31048,1.312,0.229,8.7
13339,723,10178,3.0,0.0,16.6
13340,725,20416,4.0,0.0,31.7
13341,727,31772,3.182,0.364,14.4
13342,727,14860,2.857,0.329,14.2
13343,727,20408,1.688,0.362,4.7
13344,729,726,2.948,0.296,14.4
13345,729,16180,3.167,0.333,14.3
13346,729,20410,1.909,0.291,4.7
13347,731,728,1.523,0.276,7.2
13348,731,20412,1.571,0.264,4.7
13349,733,722,1.75,0.214,9.0
13350,733,20404,3.0,0.0,14.3
13351,735,11794,6.0,0.0,34.2
13352,737,500,2.0,0.0,7.9
13353,739,41920,1.065,0.062,13.2
13354,741,17134,1.81,0.22,27.2
13355,743,740,3.079,1.146,26.7
13356,743,22538,6.129,47.049,6.5
13357,745,32122,2.0,0.0,8.6
13358,745,11102,3.167,0.567,15.3
13359,749,20456,7.448,107.255,27.0
13360,751,22306,2.0,0.0,11.8
13361,751,748,1.196,0.169,14.5
13362,777,20632,1.5,0.5,9.0
13363,793,10472,2.0,0.667,9.0
13364,795,792,3.0,0.0,14.4
13365,799,20572,1.5,0.5,4.7
13366,801,20574,2.0,0.0,4.7
13367,813,31382,3.286,0.238,14.4
13368,815,812,3.0,0.0,14.4
13369,819,10454,2.0,0.0,9.0
13370,819,31374,3.0,0.0,14.2
13371,827,10452,1.5,0.5,9.0
13372,837,20470,3.0,0.0,14.2
13373,849,10476,3.0,0.0,9.0
13374,853,20476,3.0,0.0,14.2
13375,861,20636,2.0,0.0,4.7
13376,869,870,1.057,0.055,8.3
13377,871,24540,2.0,0.0,20.1
13378,871,4246,1.963,0.037,16.6
13379,873,874,3.062,0.06,24.7
13380,875,868,1.906,0.152,15.2
13381,877,872,2.467,0.257,19.4
13382,879,15378,3.0,0.0,35.6
13383,881,5422,1.297,0.345,12.6
13384,881,9896,3.0,24.0,3.2
13385,883,24200,2.0,0.0,13.3
13386,885,882,2.0,0.0,14.2
13387,887,884,2.0,0.0,14.5
13388,891,888,1.5,0.5,14.5
13389,893,890,2.0,0.0,14.2
13390,897,894,2.0,0.0,12.9
13391,899,20682,2.0,0.0,4.7
13392,911,908,3.0,0.0,14.4
13393,915,916,1.5,0.5,5.0
13394,919,914,2.0,0.0,14.4
13395,921,20706,1.5,0.333,4.7
13396,929,926,3.0,0.0,13.7
13397,931,990,3.0,0.0,14.3
13398,941,988,1.5,0.5,9.0
13399,943,940,2.5,0.5,14.5
13400,945,942,2.5,0.5,14.5
13401,947,1034,3.0,0.0,14.4
13402,963,20746,2.0,0.0,4.7
13403,981,20722,2.333,0.333,9.7
13404,983,1014,4.0,0.0,15.0
13405,985,37740,1.909,0.491,8.2
13406,987,20798,2.0,0.0,10.1
13407,989,20826,3.045,0.331,14.3
13408,991,988,3.067,0.21,15.0
13409,999,990,3.231,0.526,14.5
13410,1005,1018,3.0,0.0,14.3
13411,1007,1004,2.0,0.0,9.0
13412,1009,984,2.857,0.143,13.9
13413,1011,1008,3.286,0.238,14.5
13414,1013,1010,2.5,0.3,14.5
13415,1015,1012,3.0,1.0,14.5
13416,1017,1014,3.0,0.0,14.5
13417,1019,1016,3.0,0.0,14.5
13418,1025,516,2.5,0.5,10.2
13419,1033,998,3.111,0.611,14.2
13420,1035,1032,3.143,0.476,14.4
13421,1037,20760,3.0,0.0,14.3
13422,1039,1036,3.0,0.0,14.4
13423,1039,20762,2.333,0.333,14.2
13424,1041,1038,3.25,0.25,14.4
13425,1043,20772,1.667,0.267,9.0
13426,1043,1040,3.0,0.0,14.5
13427,1043,986,3.0,0.0,14.3
13428,1043,20826,2.0,0.0,4.7
13429,1045,1042,2.0,0.182,9.0
13430,1045,20742,2.0,0.0,11.7
13431,1047,1044,1.769,0.192,8.6
13432,1051,18046,2.073,1.295,24.8
13433,1053,12004,1.083,0.076,13.9
13434,1055,1056,1.416,0.565,13.2
13435,1057,40210,1.625,0.268,7.1
13436,1057,12020,3.888,1.441,36.4
13437,1059,5178,1.5,0.278,7.8
13438,1059,25598,2.5,0.333,13.2
13439,1061,1080,3.0,0.0,14.3
13440,1065,1058,2.5,0.3,11.1
13441,1067,1064,3.5,0.5,20.6
13442,1081,20844,2.0,1.0,5.6
13443,1083,1064,3.0,0.0,14.2
13444,1091,1152,2.5,0.5,14.2
13445,1093,1082,2.0,0.0,3.2
13446,1095,1148,2.5,0.5,14.2
13447,1099,20884,2.0,0.0,4.7
13448,1101,1184,3.0,0.0,17.0
13449,1105,5182,2.448,0.256,16.4
13450,1105,25602,3.0,0.286,21.2
13451,1109,4436,2.5,0.5,11.2
13452,1111,4434,2.0,0.0,11.2
13453,1119,4438,2.0,0.0,9.2
13454,1125,4432,2.0,0.0,9.1
13455,1127,1104,3.189,2.102,14.4
13456,1131,1128,2.0,0.0,14.4
13457,1133,1130,3.0,0.0,14.4
13458,1135,1132,3.0,0.0,14.4
13459,1137,1134,3.0,0.0,14.4
13460,1139,1136,3.0,0.0,14.4
13461,1141,1138,3.0,0.0,14.4
13462,1143,1140,3.0,0.0,14.4
13463,1145,1142,3.0,0.0,14.4
13464,1147,1144,3.0,0.0,14.4
13465,1149,1126,3.027,0.249,14.4
13466,1151,1146,2.5,0.5,13.5
13467,1153,1148,3.0,0.235,14.4
13468,1155,1152,3.0,0.345,14.4
13469,1157,1154,3.036,0.184,14.4
13470,1159,1156,2.889,0.256,14.4
13471,1161,1158,3.048,0.248,14.0
13472,1165,5344,1.714,0.238,7.6
13473,1165,25764,2.167,0.167,12.8
13474,1175,1180,1.5,0.5,8.5
13475,1175,1172,2.0,0.0,9.9
13476,1175,20972,2.0,0.0,13.5
13477,1179,1188,2.0,0.0,9.6
13478,1181,1178,3.0,0.0,15.3
13479,1183,20964,2.0,0.0,9.2
13480,1185,1182,3.0,0.0,15.5
13481,1189,20970,2.0,0.0,12.2
13482,1191,9138,2.0,0.0,13.8
13483,1191,9336,2.0,0.0,13.7
13484,1193,1190,2.0,0.0,15.0
13485,1195,1192,1.875,0.125,13.4
13486,1197,1194,2.0,0.0,14.4
13487,1205,11036,5.0,0.0,26.1
13488,1207,1204,6.0,2.0,14.4
13489,1217,1218,2.5,22.814,8.0
13490,1219,32048,2.5,0.333,11.1
13491,1219,1432,2.18,0.448,22.4
13492,1219,1232,23.333,380.333,5.8
13493,1221,1216,1.072,0.106,9.3
13494,1223,10904,1.8,0.2,10.8
13495,1223,1220,1.086,0.105,11.6
13496,1223,31854,9.5,144.5,2.9
13497,1225,40778,1.5,0.7,5.6
13498,1227,21260,3.0,0.0,14.8
13499,1227,1428,4.0,0.667,20.0
13500,1229,1226,5.0,1.0,9.0
13501,1231,19902,3.0,0.0,7.6
13502,1233,1230,4.75,0.917,9.0
13503,1235,24020,2.667,0.25,14.4
13504,1237,3786,4.0,0.0,14.1
13505,1239,14030,3.444,0.528,18.4
13506,1239,40452,14.667,0.667,33.8
13507,1239,10802,3.6,0.3,15.1
13508,1241,1238,5.538,0.769,10.8
13509,1249,1250,2.0,0.286,10.0
13510,1251,18444,2.438,0.396,10.2
13511,1251,40636,3.0,2.0,14.3
13512,1253,21080,2.167,0.167,8.7
13513,1255,11900,2.261,0.383,12.8
13514,1255,21050,2.0,0.0,4.7
13515,1257,1248,3.0,0.0,14.2
13516,1259,1264,3.25,0.917,14.2
13517,1261,18464,2.5,0.5,14.2
13518,1263,1266,3.0,0.0,14.2
13519,1265,40650,1.556,0.278,9.0
13520,1271,21046,1.2,0.2,6.7
13521,1275,1272,1.333,0.333,5.4
13522,1277,19556,13.0,0.0,11.4
13523,1277,19554,3.0,0.0,16.8
13524,1279,1276,2.0,0.0,4.7
13525,1283,21126,2.0,0.0,10.0
13526,1283,1296,4.167,0.167,21.2
13527,1285,1282,2.429,0.286,9.6
13528,1287,1284,2.0,0.0,11.8
13529,1289,21110,4.0,0.0,14.5
13530,1289,1286,3.0,0.0,16.5
13531,1291,1294,2.0,0.4,9.0
13532,1291,21106,3.0,0.0,14.3
13533,1295,12392,2.5,0.3,12.8
13534,1295,33662,4.667,1.81,28.8
13535,1297,1294,3.062,0.062,14.4
13536,1299,17454,4.0,0.0,20.3
13537,1301,21098,4.5,0.5,20.2
13538,1305,1284,2.4,0.8,10.1
13539,1313,21126,5.0,0.0,22.6
13540,1315,1296,3.6,0.3,16.7
13541,1319,1316,1.25,0.25,5.1
13542,1321,1318,3.0,0.0,13.6
13543,1333,12364,2.625,0.268,14.9
13544,1335,1332,3.0,0.667,14.6
13545,1337,29552,4.0,0.0,14.4
13546,1337,8868,3.25,0.25,14.2
13547,1345,14316,2.75,0.25,18.5
13548,1347,14316,4.0,2.0,23.8
13549,1355,21168,2.0,0.0,4.7
13550,1357,1354,3.0,0.0,13.6
13551,1361,1376,109.4,10759.8,7.5
13552,1363,1360,2.8,0.2,14.2
13553,1365,30846,2.0,0.0,7.6
13554,1367,21180,1.333,0.267,4.7
13555,1369,21182,2.0,0.0,4.7
13556,1371,21510,22.308,2720.897,14.4
13557,1373,21186,2.0,0.0,4.7
13558,1375,1372,2.0,0.0,14.1
13559,1375,21188,2.0,0.0,4.7
13560,1377,1370,16.7,616.456,12.3
13561,1379,1376,5.0,0.0,12.2
13562,1381,1378,2.667,0.333,14.2
13563,1383,1380,2.0,0.0,9.0
13564,1383,21228,2.75,0.25,14.4
13565,1407,21238,2.0,0.0,9.2
13566,1409,1370,23.333,1121.333,14.3
13567,1411,1404,3.0,0.0,13.2
13568,1417,10864,1.5,0.5,9.1
13569,1417,10834,2.0,0.0,14.5
13570,1421,1418,1.5,0.5,10.7
13571,1421,38272,2.0,0.0,11.5
13572,1423,1420,2.0,0.0,14.4
13573,1425,1422,1.667,0.333,14.4
13574,1427,21256,2.0,0.0,4.7
13575,1429,9920,2.984,0.354,34.8
13576,1431,19080,1.333,0.333,9.9
13577,1431,1428,2.23,0.211,22.3
13578,1431,21020,13.0,576.0,5.5
13579,1433,1434,1.059,0.186,8.4
13580,1435,9884,1.667,0.333,8.0
13581,1435,1430,1.424,0.261,15.6
13582,1435,266,1.75,2.25,3.6
13583,1437,880,1.461,17.323,6.7
13584,1439,1436,1.009,0.008,9.6
13585,1441,1438,1.013,0.013,9.4
13586,1445,1442,1.004,0.004,9.4
13587,1461,1458,5.0,0.0,14.4
13588,1473,1470,2.5,1.0,23.1
13589,1483,41400,3.0,0.0,12.9
13590,1483,19170,2.0,0.0,17.7
13591,1485,1482,3.5,0.5,14.4
13592,1487,1484,3.0,0.0,16.8
13593,1501,21160,2.762,2.617,17.9
13594,1503,1500,1.19,0.97,14.0
13595,1509,15924,31.0,3211.333,14.4
13596,1511,1508,3.0,0.0,15.2
13597,1527,1650,1.937,0.209,23.7
13598,1527,24180,12.571,760.952,7.0
13599,1529,1526,1.409,3.57,9.5
13600,1535,10814,4.0,0.0,21.7
13601,1547,19776,2.0,0.0,12.9
13602,1555,21416,2.5,0.5,13.2
13603,1557,1578,2.0,0.0,10.1
13604,1559,1556,1.667,0.333,10.4
13605,1561,12772,1.667,0.333,9.0
13606,1561,34086,3.0,0.0,13.3
13607,1563,1582,1.333,0.333,9.0
13608,1565,17052,2.0,0.0,12.8
13609,1567,21414,1.5,0.333,4.7
13610,1569,1566,2.0,0.0,13.8
13611,1569,21416,2.0,0.0,5.5
13612,1573,10998,1.333,0.238,8.7
13613,1573,32002,2.778,2.694,14.0
13614,1575,1572,2.333,0.667,9.1
13615,1577,1574,3.333,0.333,14.9
13616,1579,5110,2.625,0.268,14.3
13617,1581,1578,4.0,1.0,20.3
13618,1583,1580,3.0,0.0,14.4
13619,1587,6580,1.765,0.191,12.4
13620,1587,27094,2.051,0.05,17.5
13621,1589,1586,1.094,0.164,10.9
13622,1595,29780,3.778,0.694,25.6
13623,1597,1594,2.0,0.0,14.1
13624,1599,21452,30.363,6083.297,10.1
13625,1601,1598,18.007,2579.561,9.4
13626,1603,1600,3.546,260.381,4.7
13627,1605,1606,1.106,0.225,4.0
13628,1607,29780,2.502,0.636,27.8
13629,1609,1604,1.742,2.338,13.6
13630,1611,1608,1.479,0.456,16.6
13631,1613,21466,1.6,0.3,4.7
13632,1621,12760,2.094,136.759,10.6
13633,1625,22548,2.0,0.0,8.8
13634,1625,1622,2.0,0.0,10.4
13635,1625,21482,2.0,0.0,4.7
13636,1641,1638,5.0,0.286,23.9
13637,1643,1640,3.2,0.2,14.7
13638,1643,20128,3.0,0.667,11.7
13639,1645,1642,3.0,0.286,14.4
13640,1647,12120,1.173,0.146,12.4
13641,1647,8396,2.571,11.033,2.9
13642,1649,1646,1.297,1.99,9.2
13643,1649,21508,48.286,629.571,1.5
13644,1651,1648,1.403,3.359,9.6
13645,1653,38172,3.333,0.333,14.4
13646,1657,21548,2.9,8.1,21.7
13647,1661,24472,1.333,0.333,7.4
13648,1665,1662,1.091,0.091,13.4
13649,1665,35330,1.038,0.038,3.7
13650,1667,24346,2.023,0.357,10.3
13651,1669,26444,2.0,0.0,9.2
13652,1669,1666,2.172,0.505,11.9
13653,1671,1668,3.808,0.402,26.7
13654,1671,21530,18.0,242.0,1.4
13655,1677,13650,2.0,0.0,14.2
13656,1679,1676,1.333,0.333,14.4
13657,1681,13164,3.0,0.0,15.4
13658,1683,1680,2.5,0.5,19.3
13659,1687,40202,2.0,0.0,15.3
13660,1687,18034,2.0,0.0,21.6
13661,1691,7262,11.403,681.264,38.6
13662,1703,21574,1.6,0.3,4.7
13663,1705,1706,1.462,0.429,10.1
13664,1707,35440,33.99,2280.434,24.8
13665,1709,28218,2.667,0.333,20.0
13666,1709,7650,4.333,0.333,27.1
13667,1711,1756,2.0,0.0,9.3
13668,1711,21630,2.0,0.0,14.3
13669,1713,1710,3.5,0.5,14.6
13670,1715,1712,3.5,0.5,14.8
13671,1717,1714,3.0,0.0,14.8
13672,1719,1716,3.0,0.0,14.7
13673,1721,1718,3.5,0.5,14.6
13674,1723,1720,1.333,0.333,5.3
13675,1725,1722,3.333,0.333,14.6
13676,1727,1724,3.333,0.333,14.6
13677,1729,1726,3.5,0.5,14.5
13678,1729,1782,2.75,0.25,14.2
13679,1737,1754,3.0,0.2,14.4
13680,1739,1736,2.909,0.291,14.4
13681,1741,1786,3.0,0.0,14.6
13682,1743,1740,3.0,0.0,17.3
13683,1745,1742,3.0,0.0,14.8
13684,1745,1808,3.0,0.0,14.4
13685,1747,1744,3.0,0.0,14.4
13686,1749,1746,3.333,0.333,14.4
13687,1749,1812,3.0,0.0,14.2
13688,1751,1748,3.167,0.567,14.4
13689,1751,21684,4.0,0.0,14.2
13690,1753,1750,3.5,0.286,14.4
13691,1753,1810,4.0,0.0,14.2
13692,1755,1752,3.0,0.25,14.4
13693,1755,21682,3.0,0.0,14.2
13694,1757,16966,2.0,0.0,9.0
13695,1761,21632,2.0,0.0,4.7
13696,1763,21654,1.667,0.267,9.1
13697,1763,1760,3.0,0.0,14.4
13698,1763,21634,2.0,0.0,4.7
13699,1765,21698,2.0,0.0,9.1
13700,1765,1762,2.778,0.194,14.4
13701,1767,1764,1.1,0.1,5.0
13702,1775,21646,2.0,0.0,4.7
13703,1783,21634,2.75,0.25,14.2
13704,1785,21646,3.0,0.0,13.8
13705,1787,1816,2.0,0.0,10.0
13706,1823,1820,2.0,0.0,14.4
13707,1823,21694,1.5,0.5,4.7
13708,1825,1738,1.545,0.273,7.4
13709,1825,1822,2.0,0.0,11.8
13710,1829,1882,3.5,0.333,12.3
13711,1831,1828,8.0,0.0,14.4
13712,1835,5368,1.333,0.333,9.6
13713,1835,25788,2.333,0.333,14.9
13714,1841,21706,2.0,0.0,12.0
13715,1841,1838,2.333,0.333,16.8
13716,1841,1858,3.0,0.0,16.6
13717,1843,1836,1.333,0.267,10.8
13718,1845,1842,1.2,0.2,5.2
13719,1847,1844,1.667,0.333,10.7
13720,1851,16632,2.0,0.0,7.5
13721,1855,1852,2.0,0.0,14.3
13722,1855,21802,2.0,0.0,14.1
13723,1855,21728,2.0,0.0,4.7
13724,1857,1854,1.667,0.333,14.8
13725,1867,25788,1.667,0.333,9.4
13726,1867,5368,2.0,0.0,14.2
13727,1873,1930,2.0,0.0,7.5
13728,1875,1866,2.167,0.167,14.1
13729,1877,1874,1.6,0.3,10.4
13730,1879,1876,1.4,0.3,10.8
13731,1881,1878,1.25,0.25,10.2
13732,1883,1880,1.5,0.333,9.1
13733,1891,25772,1.3,0.233,10.8
13734,1891,1922,2.5,0.333,16.2
13735,1893,1854,2.0,0.0,15.2
13736,1897,1828,4.667,1.333,9.0
13737,1899,1896,7.667,2.333,14.4
13738,1903,1900,2.0,0.0,5.0
13739,1905,1902,2.0,0.0,5.0
13740,1907,1904,2.0,0.0,5.0
13741,1909,1906,8.0,0.0,16.2
13742,1919,1916,1.071,0.071,12.2
13743,1921,30550,1.8,0.2,20.4
13744,1921,9828,1.727,4.113,1.4
13745,1923,1920,1.18,0.6,9.6
13746,1925,1852,2.0,0.0,14.1
13747,1931,1928,6.0,0.0,14.3
13748,1939,15596,1.375,0.242,13.4
13749,1941,1938,1.179,0.226,14.0
13750,1943,1940,1.161,0.14,14.2
13751,1945,19732,1.5,0.5,7.7
13752,1951,1898,7.333,0.333,14.3
13753,1965,1962,3.0,0.0,14.4
13754,1967,27104,2.0,0.0,14.2
13755,1969,26094,3.083,0.265,14.3
13756,1971,1968,2.8,0.178,14.4
13757,1973,1970,3.286,0.238,14.4
13758,1973,27132,3.0,0.0,14.2
13759,1975,1972,2.75,0.214,12.8
13760,1975,21854,2.0,0.0,4.7
13761,1977,1974,3.1,0.544,12.1
13762,1979,1976,3.2,0.622,13.8
13763,1983,1978,3.1,0.1,14.4
13764,1985,1982,3.143,0.143,14.4
13765,1987,1984,3.143,0.143,14.4
13766,1989,1986,3.143,0.143,14.4
13767,1989,27122,3.0,0.0,14.2
13768,1993,9256,3.0,0.0,14.1
13769,1995,1992,3.0,0.0,14.7
13770,1997,1994,3.0,0.0,14.3
13771,1997,21836,2.8,1.7,14.2
13772,1999,1996,1.667,0.333,8.9
13773,2001,1998,1.667,0.333,7.0
13774,2003,27950,3.0,0.0,12.6
13775,2007,21886,1.273,0.218,4.7
13776,2011,32264,1.885,0.339,21.8
13777,2011,15714,2.76,0.448,21.0
13778,2015,2012,1.006,0.006,10.1
13779,2017,2472,1.575,0.247,15.5
13780,2017,11274,7.0,0.0,3.5
13781,2019,2016,1.08,0.074,13.4
13782,2023,2020,1.015,0.015,9.4
13783,2025,2022,1.081,0.076,13.3
13784,2029,38316,3.5,0.5,25.7
13785,2031,9400,1.9,0.095,14.1
13786,2033,2030,2.0,0.0,18.9
13787,2039,33288,2.0,0.0,9.8
13788,2041,2038,1.5,0.5,10.5
13789,2043,2040,1.5,0.5,13.4
13790,2061,39358,2.833,2.58,7.2
13791,2061,17318,30.3,5814.233,12.1
13792,2063,2060,2.333,0.23,5.0
13793,2065,2062,2.92,1.16,5.3
13794,2069,33610,2.0,0.0,12.2
13795,2079,2076,2.167,0.167,19.4
13796,2081,17316,1.143,0.132,5.0
13797,2087,19822,2.68,0.56,16.9
13798,2087,12112,3.414,1.041,33.4
13799,2089,23754,3.5,0.5,26.3
13800,2089,2086,2.757,4.975,22.5
13801,2091,2088,1.495,0.378,8.8
13802,2093,2090,1.456,0.584,11.0
13803,2099,21982,4.0,0.0,8.6
13804,2101,2,2.0,0.0,9.1
13805,2101,33602,4.0,0.0,26.4
13806,2101,22020,2.0,0.0,4.7
13807,2103,22014,1.625,0.268,10.2
13808,2117,31972,2.0,0.0,15.5
13809,2117,28764,2.0,0.0,13.9
13810,2117,22080,2.0,0.0,4.7
13811,2121,12308,2.4,0.933,9.2
13812,2123,22116,3.0,0.857,13.8
13813,2125,2122,1.286,0.238,5.4
13814,2127,2124,1.375,0.268,10.4
13815,2127,31982,2.786,1.874,13.3
13816,2127,31978,2.0,0.0,11.2
13817,2129,2126,1.833,0.167,13.0
13818,2129,28866,2.0,0.0,14.2
13819,2131,21964,1.471,0.257,9.1
13820,2131,22130,1.5,0.5,4.7
13821,2141,23066,1.182,0.164,10.3
13822,2145,22168,1.8,1.7,3.8
13823,2151,7202,5.487,0.855,26.7
13824,2151,29728,4.113,1.064,42.5
13825,2153,2176,1.328,3.854,14.0
13826,2155,2152,1.317,0.473,14.6
13827,2157,2154,1.214,0.314,13.4
13828,2159,2156,1.343,0.518,14.5
13829,2161,2158,4.678,5.185,52.0
13830,2161,34726,2.0,0.0,3.3
13831,2163,2160,1.198,0.427,5.2
13832,2165,2150,1.957,0.807,20.1
13833,2167,2162,2.676,0.369,33.4
13834,2167,13042,2.0,0.0,8.2
13835,2169,2166,1.086,0.094,14.5
13836,2171,2168,1.239,0.183,15.4
13837,2173,2164,6.214,40.011,63.9
13838,2175,2172,1.403,1.065,13.9
13839,2177,2174,2.819,3.346,32.1
13840,2179,38090,1.706,0.221,10.9
13841,2183,2180,1.412,0.257,18.0
13842,2185,9454,1.4,0.8,2.6
13843,2191,2192,2.986,49.404,8.2
13844,2193,36128,1.775,0.506,17.3
13845,2195,2190,2.52,2.822,21.0
13846,2197,2194,1.566,0.541,14.1
13847,2199,464,4.0,2.0,15.7
13848,2199,466,4.0,0.0,21.5
13849,2201,2232,2.5,0.5,9.1
13850,2201,2198,5.0,8.0,17.9
13851,2205,2202,1.069,0.067,13.9
13852,2205,23596,10.0,0.0,4.1
13853,2219,2204,1.074,0.071,13.5
13854,2227,2224,1.714,0.314,23.3
13855,2233,20114,2.5,0.5,13.3
13856,2235,6680,1.769,0.192,14.0
13857,2237,2234,1.385,0.256,10.3
13858,2239,2236,1.385,0.256,10.4
13859,2241,2246,3.0,0.0,7.8
13860,2241,2238,1.417,0.265,10.4
13861,2243,2240,1.5,0.269,10.4
13862,2245,2242,4.0,0.154,30.3
13863,2245,11732,2.0,0.0,8.4
13864,2251,5092,1.2,0.2,5.4
13865,2255,11836,3.0,0.0,12.4
13866,2257,32980,2.667,0.333,15.5
13867,2257,2254,4.0,0.0,19.2
13868,2259,11834,1.5,0.5,8.8
13869,2263,2264,4.0,0.0,15.1
13870,2265,748,2.0,0.0,9.0
13871,2265,20452,2.0,0.0,16.9
13872,2271,11674,2.2,0.2,16.0
13873,2273,22336,2.0,0.0,9.8
13874,2273,2270,2.0,0.0,15.4
13875,2275,9928,1.237,0.186,5.4
13876,2277,2274,2.0,0.273,14.2
13877,2277,22344,2.0,0.0,14.2
13878,2277,22318,1.5,0.5,4.7
13879,2279,2284,3.75,16.408,9.1
13880,2279,22328,2.0,0.0,14.2
13881,2281,2278,2.6,3.516,7.8
13882,2281,22322,3.0,0.0,4.7
13883,2283,2280,1.842,2.14,4.9
13884,2285,22342,12.167,2080.075,18.1
13885,2287,2284,37.375,7003.696,14.4
13886,2295,2270,1.667,0.333,10.0
13887,2299,11676,1.59,0.248,12.0
13888,2299,22346,2.0,0.0,14.7
13889,2301,22326,1.333,0.25,6.6
13890,2301,2298,1.85,0.131,13.8
13891,2303,22318,1.5,0.5,9.5
13892,2305,22340,2.0,0.0,9.2
13893,2309,22350,2.0,0.0,4.7
13894,2319,2848,2.0,0.0,11.4
13895,2319,22978,3.4,0.3,17.8
13896,2321,2318,3.5,0.5,14.4
13897,2323,2320,2.667,0.333,14.4
13898,2367,11752,1.333,0.333,10.5
13899,2367,32884,2.574,0.772,15.7
13900,2369,2366,1.2,0.163,14.4
13901,2373,2370,1.154,0.133,15.4
13902,2375,2372,1.02,0.02,13.1
13903,2377,2374,1.509,0.255,19.4
13904,2379,2376,1.135,0.119,14.5
13905,2381,2378,1.019,0.019,15.2
13906,2385,2940,2.0,0.0,9.5
13907,2385,10436,2.111,0.111,15.8
13908,2387,2384,3.556,0.278,26.7
13909,2389,2386,2.111,0.361,14.3
13910,2391,2388,2.167,0.167,15.2
13911,2393,31876,1.067,0.136,7.3
13912,2395,2392,1.056,0.053,15.5
13913,2397,2394,1.075,0.069,15.7
13914,2409,21026,4.167,0.967,14.4
13915,2417,21018,5.0,8.0,16.4
13916,2429,25592,2.333,0.333,14.8
13917,2435,38948,3.5,0.5,18.2
13918,2445,4360,1.6,0.3,9.0
13919,2449,2446,2.0,0.0,14.7
13920,2453,2450,1.25,0.25,8.3
13921,2459,35662,1.6,0.3,9.1
13922,2463,2460,2.0,0.0,14.5
13923,2467,14476,1.864,0.118,16.9
13924,2467,31908,5.5,40.5,3.8
13925,2469,2466,1.019,0.019,9.8
13926,2471,2468,1.118,0.105,13.6
13927,2473,2470,2.31,0.278,29.6
13928,2475,20424,1.667,0.267,5.9
13929,2475,740,18.0,0.0,26.1
13930,2477,2474,1.5,0.3,8.3
13931,2479,14126,2.5,0.5,10.9
13932,2479,35568,3.0,0.182,16.2
13933,2481,2478,2.923,0.244,13.9
13934,2483,2480,3.429,0.286,17.0
13935,2489,5154,1.5,0.5,9.4
13936,2491,2488,2.0,0.0,14.9
13937,2497,9450,1.24,0.19,6.8
13938,2497,2494,2.0,0.0,15.2
13939,2499,38486,3.5,0.5,20.3
13940,2499,2496,3.033,0.24,22.9
13941,2501,13662,3.5,0.5,23.4
13942,2501,34994,1.719,0.209,12.6
13943,2503,21302,2.0,2.0,11.4
13944,2503,18482,2.6,0.685,19.0
13945,2503,40678,3.5,1.0,22.4
13946,2507,33304,2.0,0.0,15.5
13947,2511,2522,3.0,0.0,14.2
13948,2513,13612,2.143,3.143,9.2
13949,2513,41408,3.0,0.0,14.6
13950,2515,2512,2.0,5.0,5.3
13951,2517,22600,1.75,0.25,9.0
13952,2517,2518,4.0,0.0,14.2
13953,2519,2514,3.75,0.25,16.5
13954,2521,2518,3.0,0.0,14.4
13955,2521,22586,4.0,0.0,14.2
13956,2523,2520,3.0,0.0,14.4
13957,2533,9010,4.0,0.0,21.2
13958,2533,11140,2.0,0.0,16.3
13959,2537,22614,2.0,0.0,4.7
13960,2543,22620,1.333,0.333,4.7
13961,2545,22622,1.333,0.333,4.7
13962,2547,2554,2.5,0.5,14.3
13963,2547,22624,1.5,0.333,4.7
13964,2557,19572,1.075,0.071,4.8
13965,2557,11148,1.63,0.36,18.1
13966,2559,2556,1.598,38.303,6.8
13967,2561,2558,3.133,18.478,29.7
13968,2565,22642,2.0,0.0,4.7
13969,2569,22648,2.0,0.0,11.7
13970,2569,9394,8.0,0.0,48.3
13971,2579,32100,16.0,0.0,2.1
13972,2581,2578,1.357,0.709,7.4
13973,2583,2580,1.077,0.077,10.3
13974,2585,2582,1.3,0.221,12.3
13975,2587,2584,1.5,0.263,10.4
13976,2589,17376,4.0,0.0,18.2
13977,2591,2588,2.0,0.0,14.4
13978,2599,25876,2.667,0.242,14.2
13979,2599,31556,3.0,0.0,27.0
13980,2599,5442,3.167,0.667,24.2
13981,2601,2598,2.071,0.069,19.1
13982,2601,29600,3.0,0.0,21.7
13983,2603,8700,1.25,0.25,9.0
13984,2603,29324,2.0,0.0,14.2
13985,2605,2602,1.625,0.268,10.4
13986,2613,17002,1.6,0.3,9.2
13987,2615,22862,2.1,0.1,9.7
13988,2615,2766,2.857,0.143,14.5
13989,2617,2614,2.8,0.2,13.5
13990,2619,162,2.664,0.319,19.3
13991,2621,2618,3.438,0.319,17.2
13992,2623,29990,2.5,0.5,11.8
13993,2625,30212,1.5,0.278,11.8
13994,2633,7176,3.136,0.314,23.0
13995,2637,2634,1.5,0.262,11.2
13996,2639,2648,2.75,0.25,14.2
13997,2643,7176,5.25,0.25,27.0
13998,2647,7180,2.0,0.0,10.7
13999,2649,2646,2.9,0.1,14.4
14000,2651,2648,3.0,0.0,14.4
14001,2653,39368,2.533,0.695,10.5
14002,2659,22744,3.333,5.333,4.7
14003,2661,24,2.0,0.0,11.2
14004,2661,15646,4.0,0.0,15.8
14005,2663,2670,2.0,0.0,8.9
14006,2665,108,5.206,1122.505,10.9
14007,2667,2664,1.267,0.278,5.5
14008,2669,2666,1.224,0.309,4.0
14009,2671,2668,1.157,0.203,8.8
14010,2671,22048,2.0,5.0,2.5
14011,2677,22780,3.583,0.265,34.6
14012,2677,11716,4.0,0.0,36.4
14013,2679,2692,2.0,0.0,8.5
14014,2679,2676,1.9,0.1,14.8
14015,2681,2678,1.636,0.255,13.4
14016,2683,2680,1.182,0.164,9.7
14017,2685,2682,1.273,0.218,9.1
14018,2691,13800,3.0,0.0,14.8
14019,2693,2690,2.0,0.0,14.4
14020,2693,22778,2.0,0.0,4.7
14021,2695,23580,3.667,1.333,34.8
14022,2695,22762,4.167,0.515,36.4
14023,2697,23612,2.0,0.0,10.0
14024,2697,3448,2.2,0.314,14.9
14025,2699,2696,1.667,0.267,10.8
14026,2701,23622,2.0,0.0,14.4
14027,2701,2712,2.0,0.0,18.5
14028,2703,2698,1.6,0.3,10.7
14029,2705,2702,1.5,0.333,10.7
14030,2707,2704,2.0,0.0,10.7
14031,2711,2708,2.0,0.0,14.9
14032,2713,2710,2.0,0.0,14.1
14033,2719,38230,1.111,0.111,6.6
14034,2723,22808,1.5,0.5,4.7
14035,2729,26686,2.762,0.39,13.5
14036,2733,19786,3.2,0.457,9.0
14037,2737,40804,2.0,0.0,7.6
14038,2739,18604,1.5,0.5,7.5
14039,2755,22856,2.0,0.0,14.4
14040,2755,22854,1.5,0.5,4.7
14041,2757,22854,2.5,0.5,9.1
14042,2761,2614,2.833,0.167,14.6
14043,2763,23920,1.821,0.152,9.0
14044,2763,3686,3.261,0.474,14.3
14045,2765,22692,1.667,0.333,4.7
14046,2767,2620,1.636,0.242,8.9
14047,2769,2766,2.556,0.278,13.9
14048,2769,22862,1.667,0.267,4.7
14049,2771,2768,2.545,0.273,12.5
14050,2771,2616,3.0,2.0,15.2
14051,2771,22864,1.667,0.267,4.7
14052,2781,12382,2.0,0.0,13.5
14053,2783,25672,2.0,0.0,12.7
14054,2785,9522,2.0,0.0,14.4
14055,2791,7608,1.333,0.333,5.8
14056,2797,15488,2.0,0.0,12.5
14057,2803,11912,2.0,0.0,9.0
14058,2805,25386,3.5,0.5,22.5
14059,2805,2820,4.667,0.267,27.9
14060,2805,12052,3.0,0.0,21.5
14061,2807,2804,2.111,0.111,14.4
14062,2809,2806,1.857,0.143,14.7
14063,2811,2808,2.0,0.0,15.0
14064,2813,2810,2.0,0.0,14.3
14065,2815,12002,1.957,0.316,13.4
14066,2817,2814,1.9,0.1,14.4
14067,2819,28308,1.462,0.269,11.4
14068,2819,7684,2.5,9.0,3.8
14069,2821,2818,1.952,0.148,14.5
14070,2821,22914,20.0,0.0,1.4
14071,2823,7754,2.0,0.0,14.0
14072,2827,15746,5.226,934.44,8.5
14073,2829,2826,1.333,0.338,9.1
14074,2831,2828,1.476,0.636,13.5
14075,2847,22954,1.194,0.924,11.3
14076,2849,22976,1.431,0.257,4.7
14077,2851,22360,2.0,0.0,11.8
14078,2853,2322,3.0,0.0,29.4
14079,2853,2850,2.132,0.168,32.1
14080,2855,2852,1.011,0.011,13.9
14081,2871,2868,2.0,0.0,14.4
14082,2873,2870,2.0,0.0,14.2
14083,2875,2872,3.0,0.0,14.4
14084,2889,23018,2.0,0.0,4.7
14085,2891,37744,2.143,0.476,11.5
14086,2895,22998,2.5,0.5,13.8
14087,2897,2898,2.0,0.0,14.3
14088,2899,23024,2.0,0.0,10.2
14089,2899,2890,3.5,0.5,13.2
14090,2903,23034,2.0,0.0,4.7
14091,2905,2910,1.143,0.126,15.2
14092,2907,2932,2.806,0.401,22.3
14093,2907,2904,3.29,0.68,33.6
14094,2909,2906,1.145,0.125,14.5
14095,2911,17204,2.382,0.243,31.0
14096,2913,8056,1.115,0.106,14.0
14097,2913,28666,1.75,4.5,4.3
14098,2915,2912,1.5,0.333,13.0
14099,2919,24964,1.353,0.23,9.3
14100,2923,25342,1.162,0.137,8.7
14101,2925,22162,1.109,0.098,11.7
14102,2931,2928,1.061,0.058,12.8
14103,2935,2830,2.915,1.017,23.7
14104,2937,7932,3.667,0.267,23.1
14105,2937,7978,2.5,0.333,15.9
14106,2939,2936,1.75,0.25,10.4
14107,2941,2938,2.0,0.0,14.5
14108,2943,2940,2.0,0.0,15.8
14109,2945,2942,1.5,0.5,10.4
14110,2951,9806,1.789,0.175,24.9
14111,2953,2948,1.056,0.056,11.6
14112,2959,2960,1.376,2.633,8.3
14113,2961,16566,2.728,0.862,22.8
14114,2961,26958,22.0,1323.0,10.2
14115,2963,2958,1.027,0.027,4.2
14116,2965,5190,2.441,0.315,29.9
14117,2965,12204,2.0,4.2,6.6
14118,2973,21474,5.222,7.694,26.1
14119,2973,1616,2.333,0.333,13.8
14120,2977,28540,2.0,0.2,11.2
14121,2979,2976,1.32,0.227,6.8
14122,2981,2978,3.0,0.0,14.2
14123,2983,2980,3.111,0.111,14.1
14124,2987,8100,2.011,70.011,7.8
14125,2989,2986,1.693,0.435,10.4
14126,2991,2988,3.67,134.411,10.4
14127,2993,2990,2.053,0.954,10.4
14128,2995,2992,2.333,2.876,10.4
14129,2997,2986,2.0,0.0,7.6
14130,3019,3146,2.8,0.2,14.3
14131,3023,23218,2.0,0.0,9.0
14132,3025,3022,2.0,0.0,10.8
14133,3047,3018,1.8,0.2,9.0
14134,3047,3044,2.0,0.0,14.4
14135,3047,23166,3.5,0.5,14.2
14136,3049,3046,3.0,0.0,14.4
14137,3051,3048,3.667,0.333,17.1
14138,3071,23168,3.0,0.0,14.2
14139,3073,23280,1.25,0.25,9.8
14140,3073,3070,3.0,0.0,14.5
14141,3113,33440,2.714,0.238,12.8
14142,3131,23188,3.4,0.489,14.2
14143,3135,3144,2.0,0.0,14.2
14144,3143,3112,1.714,0.238,9.3
14145,3145,3142,2.571,0.286,14.3
14146,3147,3144,2.833,0.167,14.3
14147,3157,36002,1.333,0.25,7.6
14148,3157,14468,2.222,0.194,12.6
14149,3159,3156,3.1,0.322,14.4
14150,3181,3158,3.0,0.667,14.3
14151,3183,3180,2.75,0.25,11.2
14152,3197,3156,1.667,0.267,9.2
14153,3227,3158,1.333,0.333,9.1
14154,3229,3226,3.0,0.0,14.5
14155,3241,12082,1.875,0.411,10.0
14156,3243,3240,2.0,0.0,12.4
14157,3247,12082,5.435,0.984,24.3
14158,3249,3246,3.25,0.25,14.6
14159,3251,32634,2.667,0.267,14.4
14160,3253,38842,5.0,0.0,9.7
14161,3259,38840,1.667,0.333,9.0
14162,3261,16938,3.222,1.444,13.0
14163,3267,2718,3.0,0.0,14.2
14164,3271,3302,3.0,0.0,16.3
14165,3275,3310,1.875,0.125,9.0
14166,3277,4608,2.0,0.0,9.0
14167,3279,24942,3.0,0.0,14.2
14168,3281,16364,2.0,0.0,9.1
14169,3283,4612,2.0,0.0,9.1
14170,3289,38176,2.1,0.1,9.1
14171,3293,38174,1.5,0.5,9.0
14172,3303,126,2.4,0.3,14.7
14173,3303,7782,5.167,0.567,28.6
14174,3303,25408,4.105,0.655,29.5
14175,3305,3302,2.571,0.286,13.0
14176,3309,23428,1.778,0.194,9.0
14177,3311,3302,4.636,0.433,21.2
14178,3313,3310,3.154,3.308,14.3
14179,3321,7606,3.333,0.333,15.6
14180,3325,23484,2.0,0.0,5.7
14181,3327,1298,3.0,0.0,14.5
14182,3333,33492,2.5,0.5,12.6
14183,3345,41834,3.941,83.693,9.9
14184,3345,23500,2.0,0.0,4.7
14185,3347,3344,2.412,29.765,14.0
14186,3349,23502,2.0,0.0,15.2
14187,3351,27624,1.156,0.316,5.4
14188,3351,26614,2.0,0.0,12.4
14189,3353,3350,1.088,0.083,4.7
14190,3355,14162,1.086,0.224,10.6
14191,3357,15010,4.0,0.0,17.8
14192,3363,37158,1.75,0.25,9.4
14193,3365,3362,1.5,0.333,7.8
14194,3367,7204,1.87,10.967,8.4
14195,3369,13402,2.0,0.0,15.9
14196,3369,3366,2.047,0.045,19.8
14197,3377,39812,2.0,0.0,9.0
14198,3381,14012,4.0,0.0,23.2
14199,3381,1644,2.333,0.333,11.6
14200,3383,20124,2.0,0.0,9.1
14201,3383,3380,3.333,0.333,16.4
14202,3383,476,2.5,0.5,11.0
14203,3385,3382,3.375,0.554,15.9
14204,3385,482,2.0,0.0,10.8
14205,3387,16980,3.045,0.331,14.7
14206,3389,3386,3.182,0.564,14.4
14207,3391,3388,3.0,0.0,14.4
14208,3395,3392,3.333,0.333,14.8
14209,3397,2148,2.211,0.175,25.9
14210,3397,16624,2.667,8.333,2.1
14211,3399,11240,4.765,45.191,14.6
14212,3401,3398,2.4,0.4,10.6
14213,3403,3400,2.562,0.396,10.4
14214,3405,3402,1.188,0.296,10.2
14215,3407,24416,6.333,0.333,27.4
14216,3419,37616,2.0,0.0,10.4
14217,3421,22780,5.0,0.0,36.7
14218,3423,16626,2.0,0.0,10.3
14219,3423,3420,2.0,0.0,14.6
14220,3425,3422,2.0,0.0,14.6
14221,3429,14552,4.667,0.333,31.5
14222,3431,22766,2.0,0.0,14.4
14223,3435,2202,1.946,0.275,15.1
14224,3437,3434,1.5,0.257,10.6
14225,3439,3456,2.0,0.0,12.4
14226,3445,3436,1.571,0.252,12.2
14227,3447,3444,1.706,0.275,12.5
14228,3449,3446,1.364,0.239,9.8
14229,3451,3448,2.0,0.118,14.7
14230,3451,22782,2.0,0.0,16.3
14231,3453,3450,1.389,0.252,10.5
14232,3457,28634,2.0,0.0,15.4
14233,3457,3454,2.0,0.0,14.5
14234,3459,3428,2.0,0.0,13.2
14235,3461,3458,2.0,0.0,18.1
14236,3461,22786,2.0,0.0,18.1
14237,3463,3460,1.5,0.5,14.6
14238,3465,23626,1.25,0.25,4.7
14239,3467,3468,2.0,0.0,9.2
14240,3473,28602,3.0,0.0,14.4
14241,3475,3472,2.0,0.0,9.3
14242,3481,29932,2.0,0.0,15.5
14243,3487,30630,2.0,0.0,12.3
14244,3489,12516,7.2,0.743,14.7
14245,3491,3488,6.0,1.0,14.3
14246,3493,3508,1.739,0.313,9.0
14247,3493,23684,1.4,0.3,4.7
14248,3509,38200,1.846,0.226,8.8
14249,3509,16376,3.0,0.0,15.4
14250,3509,23722,1.5,0.333,4.7
14251,3513,23724,1.6,0.267,4.7
14252,3519,37748,3.0,0.0,15.3
14253,3519,16284,2.0,0.0,17.5
14254,3521,23728,3.0,0.0,19.3
14255,3523,10826,2.423,0.254,13.8
14256,3539,2086,18.25,1724.214,15.4
14257,3539,21996,5.0,0.0,26.1
14258,3541,3538,32.75,2500.25,10.3
14259,3551,3540,5.0,0.0,14.3
14260,3555,23770,1.333,0.333,4.7
14261,3559,23782,2.0,0.0,9.0
14262,3561,3566,1.5,0.5,9.0
14263,3561,23784,4.0,0.0,14.2
14264,3561,23776,1.5,0.5,4.7
14265,3563,9240,1.923,0.41,7.6
14266,3565,3562,3.333,0.333,14.4
14267,3567,23774,2.0,0.0,14.2
14268,3567,23782,1.5,0.333,4.7
14269,3569,23776,2.333,0.267,9.1
14270,3579,26728,3.0,0.0,8.9
14271,3589,3920,1.5,0.5,9.2
14272,3589,24162,29.538,4504.436,11.5
14273,3591,3588,2.875,0.125,12.6
14274,3601,3602,2.0,0.0,9.1
14275,3601,23830,3.25,0.25,14.2
14276,3603,23828,2.0,0.0,4.7
14277,3607,32814,1.75,0.25,7.9
14278,3611,4388,2.9,0.322,14.3
14279,3615,23842,1.333,0.333,4.7
14280,3619,3626,2.0,0.0,9.6
14281,3623,23856,2.167,0.167,9.1
14282,3623,3624,4.0,0.0,14.2
14283,3627,23852,3.154,0.141,14.3
14284,3629,3626,2.333,0.333,14.3
14285,3633,3630,2.0,0.0,11.2
14286,3633,23862,2.0,0.0,6.2
14287,3635,3644,2.556,0.278,10.2
14288,3637,3634,1.5,0.5,5.1
14289,3643,8450,2.0,0.0,12.7
14290,3643,29064,3.1,0.507,17.3
14291,3645,3642,3.222,0.301,14.6
14292,3647,3644,4.0,0.0,14.2
14293,3649,28532,3.571,0.418,21.7
14294,3649,7942,2.833,0.167,16.2
14295,3653,3650,2.0,0.0,7.8
14296,3655,3652,2.0,0.0,5.8
14297,3657,8406,3.0,0.333,14.4
14298,3659,3656,3.5,0.5,14.3
14299,3663,27916,4.25,0.25,17.6
14300,3665,3662,2.0,0.0,5.0
14301,3667,3664,2.0,0.0,5.0
14302,3669,23904,6.571,1.952,14.9
14303,3671,3668,2.5,0.5,6.9
14304,3673,23900,6.0,0.0,10.4
14305,3675,3692,2.5,0.5,10.6
14306,3675,23926,3.0,0.4,15.1
14307,3677,23928,2.0,0.0,8.6
14308,3677,3694,3.0,0.462,13.4
14309,3679,3690,2.5,0.5,9.0
14310,3679,23924,4.0,2.0,14.2
14311,3681,3688,2.0,0.0,9.0
14312,3683,2006,1.4,0.3,6.4
14313,3683,23914,1.692,0.231,4.7
14314,3685,23916,1.25,0.25,4.7
14315,3687,3684,1.056,0.056,5.0
14316,3687,23918,1.4,0.3,4.7
14317,3689,22690,2.923,0.244,14.5
14318,3691,3688,3.0,0.0,14.4
14319,3693,23910,1.8,0.2,9.1
14320,3693,3690,4.5,4.5,14.4
14321,3695,23906,2.857,0.143,16.4
14322,3695,3692,3.2,0.2,14.8
14323,3695,23926,2.0,0.0,5.2
14324,3701,28794,2.667,0.333,13.7
14325,3703,3700,2.0,0.0,14.4
14326,3709,23576,2.0,0.0,9.5
14327,3711,28812,2.0,0.0,14.8
14328,3713,28778,2.5,0.5,15.1
14329,3715,3712,3.0,0.0,14.2
14330,3717,23944,3.0,0.0,14.4
14331,3719,3716,2.0,0.0,12.3
14332,3719,3702,3.0,0.0,12.8
14333,3725,25822,2.309,0.839,14.5
14334,3725,25824,5.796,0.944,27.9
14335,3727,3724,1.907,1.685,17.8
14336,3727,8328,3.8,3.167,21.1
14337,3729,3726,1.02,0.02,6.0
14338,3733,3730,1.209,0.168,15.2
14339,3735,28898,1.5,0.3,6.4
14340,3735,3732,1.069,0.067,13.0
14341,3743,3740,4.0,0.0,14.7
14342,3747,3744,3.0,0.0,14.6
14343,3749,3764,2.222,0.194,11.0
14344,3753,23984,2.2,0.2,8.8
14345,3755,3750,1.571,0.286,10.6
14346,3757,3754,1.333,0.333,7.2
14347,3765,39276,4.917,0.265,29.2
14348,3765,2922,4.0,0.0,19.0
14349,3767,27962,2.0,0.0,11.5
14350,3769,3798,3.0,0.0,12.8
14351,3777,8600,3.333,0.267,14.4
14352,3787,3792,2.75,0.917,14.3
14353,3791,21028,2.944,0.173,14.4
14354,3791,3788,3.0,0.0,14.2
14355,3793,24496,9.0,14.4,16.1
14356,3795,29212,3.333,0.333,14.5
14357,3799,28940,3.0,0.5,15.8
14358,3799,8326,3.0,0.0,18.0
14359,3801,3798,2.0,0.0,10.6
14360,3803,36152,2.571,0.286,12.6
14361,3807,36150,2.0,0.0,12.6
14362,3809,3832,3.25,0.917,14.2
14363,3811,28544,2.5,0.3,15.7
14364,3813,3810,2.6,0.3,11.9
14365,3817,36148,1.412,0.257,6.9
14366,3819,3816,2.5,0.5,14.5
14367,3821,28540,3.909,0.691,27.8
14368,3825,36304,1.5,0.333,7.6
14369,3825,14726,2.667,1.333,12.8
14370,3827,3824,1.571,0.286,8.0
14371,3833,3816,2.6,0.489,9.0
14372,3835,3832,3.25,0.25,14.4
14373,3837,3834,3.5,0.5,14.2
14374,3841,3846,2.5,0.333,11.2
14375,3847,25400,2.0,0.0,13.1
14376,3847,5006,2.667,0.267,17.7
14377,3849,3846,2.0,0.0,7.6
14378,3857,538,3.0,0.0,15.3
14379,3859,36546,3.6,0.3,17.0
14380,3861,20200,3.0,0.0,9.4
14381,3861,3858,3.0,0.0,15.3
14382,3863,17848,4.0,2.0,15.6
14383,3865,3862,3.0,0.0,14.0
14384,3889,14680,2.0,0.0,7.5
14385,3895,34454,2.0,0.0,11.3
14386,3899,8332,5.0,0.0,24.0
14387,3901,3898,3.0,0.0,15.4
14388,3901,4882,3.5,0.5,14.2
14389,3903,10830,2.2,0.2,21.8
14390,3903,9064,3.0,0.0,25.3
14391,3903,31792,2.842,1.14,16.6
14392,3905,3902,1.192,0.162,5.1
14393,3907,9584,2.0,0.0,19.1
14394,3907,3904,3.077,0.244,23.2
14395,3909,3906,2.0,0.0,14.4
14396,3911,9706,2.0,0.0,9.1
14397,3911,3908,1.909,0.091,14.4
14398,3911,30308,2.0,0.0,14.3
14399,3913,3910,1.455,0.273,10.4
14400,3915,3912,1.273,0.218,10.4
14401,3917,3914,2.0,0.0,14.6
14402,3917,24156,2.0,0.0,4.7
14403,3919,13156,1.085,0.079,8.5
14404,3921,3918,1.015,0.015,6.7
14405,3925,3922,1.036,0.036,5.8
14406,3935,1686,2.0,0.0,12.5
14407,3939,24176,2.0,0.0,4.7
14408,3941,40466,3.0,0.0,14.9
14409,3943,1410,1.5,0.5,9.8
14410,3943,21240,4.0,0.0,17.0
14411,3943,21236,2.0,0.0,6.0
14412,3949,21374,33.3,2351.344,20.3
14413,3951,3948,3.1,0.544,14.4
14414,3953,24190,1.667,0.333,4.7
14415,3955,3952,2.571,0.286,13.4
14416,3955,24192,2.0,0.0,4.7
14417,3957,18274,2.0,0.0,9.1
14418,3963,19200,2.0,0.0,8.5
14419,3963,20666,1.75,0.25,13.4
14420,3975,31554,1.667,0.333,9.1
14421,3979,3976,2.0,0.0,14.4
14422,3979,24218,2.0,0.0,4.7
14423,3981,3972,2.0,0.0,14.6
14424,3989,29884,2.0,0.0,9.9
14425,3999,24280,2.2,0.2,10.8
14426,3999,3996,3.0,2.0,14.0
14427,4001,3998,2.6,0.3,11.8
14428,4003,30088,3.0,0.0,14.7
14429,4005,4002,1.667,0.333,9.1
14430,4007,4004,3.333,0.333,14.3
14431,4009,34966,2.0,0.0,9.0
14432,4013,40416,2.0,0.0,8.1
14433,4015,40412,2.0,0.0,9.0
14434,4021,40406,1.5,0.5,8.2
14435,4025,24250,3.0,0.0,13.0
14436,4027,4024,2.5,0.5,13.0
14437,4033,4030,1.231,0.192,8.6
14438,4035,40934,2.75,0.214,15.2
14439,4035,4032,2.769,0.692,16.1
14440,4041,28362,2.8,1.7,15.7
14441,4051,24326,2.667,0.333,13.5
14442,4055,11324,4.0,0.0,14.4
14443,4061,11324,2.933,0.21,14.4
14444,4065,24312,2.0,0.0,9.7
14445,4065,24328,3.0,0.0,14.9
14446,4067,24326,2.0,0.0,8.7
14447,4081,24356,2.0,0.0,4.7
14448,4083,918,3.0,0.0,18.2
14449,4093,8020,3.0,0.0,20.2
14450,4097,31980,2.0,0.0,7.8
14451,4099,744,3.0,0.0,13.4
14452,4105,876,1.552,0.256,13.0
14453,4105,19532,2.0,0.0,13.8
14454,4107,32910,1.714,0.238,15.0
14455,4117,19718,3.781,0.745,31.7
14456,4117,10822,13.0,404.667,0.5
14457,4119,27322,2.0,0.286,12.8
14458,4119,4116,8.675,864.832,14.6
14459,4121,4118,3.075,318.881,10.4
14460,4123,4120,2.241,0.262,15.2
14461,4125,4122,4.234,0.576,30.0
14462,4127,4124,1.947,0.184,14.5
14463,4129,28762,1.682,0.227,8.0
14464,4129,24450,2.407,0.653,22.0
14465,4129,5412,15.2,204.2,5.7
14466,4131,4156,1.065,0.062,12.9
14467,4137,4134,1.09,0.083,12.9
14468,4139,4136,1.03,0.03,12.5
14469,4145,4128,1.656,0.24,20.5
14470,4153,4150,1.137,0.12,13.3
14471,4153,27864,1.6,1.8,3.8
14472,4159,5412,1.158,0.14,4.9
14473,4159,24420,2.292,0.801,21.2
14474,4161,4158,1.1,0.12,9.0
14475,4171,4168,1.326,0.222,16.2
14476,4175,4172,1.067,0.063,14.6
14477,4177,24468,2.0,0.0,4.7
14478,4179,4180,2.0,0.0,9.2
14479,4181,1658,2.0,0.0,7.4
14480,4185,8826,1.385,0.256,7.7
14481,4187,4184,1.667,0.333,9.0
14482,4191,16238,1.667,0.333,4.9
14483,4193,4190,2.0,0.0,5.0
14484,4197,36838,6.0,0.0,20.5
14485,4203,3790,3.0,0.0,15.3
14486,4203,24022,4.0,0.0,16.3
14487,4205,10502,2.889,0.361,14.4
14488,4207,4204,2.0,0.5,9.1
14489,4209,33322,2.8,0.314,15.5
14490,4209,17874,2.0,0.286,9.7
14491,4213,26672,1.667,0.333,7.7
14492,4217,5870,4.0,0.0,17.6
14493,4217,5872,4.508,1.254,43.9
14494,4217,34060,16.0,0.0,23.4
14495,4219,35558,3.0,2.444,24.2
14496,4223,24518,2.0,0.0,4.7
14497,4225,24520,2.0,0.0,4.7
14498,4227,4222,2.0,0.0,9.4
14499,4229,4230,2.0,0.0,9.0
14500,4229,4226,3.0,1.0,14.7
14501,4229,24524,1.5,0.5,4.8
14502,4231,24526,1.5,0.5,4.7
14503,4237,11210,3.0,0.0,14.5
14504,4237,20210,3.0,0.0,14.3
14505,4239,5986,1.885,0.186,14.5
14506,4243,8156,2.167,0.167,13.6
14507,4243,18032,3.37,0.319,24.5
14508,4245,19054,2.0,0.0,12.6
14509,4245,16386,2.69,0.293,18.6
14510,4247,25932,4.407,1.251,20.6
14511,4249,15946,1.164,2.965,8.4
14512,4251,4276,7.0,0.0,36.9
14513,4255,4252,3.0,0.0,16.5
14514,4257,4254,2.667,0.333,14.9
14515,4257,24556,2.0,0.0,4.7
14516,4259,4256,2.5,0.333,14.3
14517,4259,24578,2.5,0.5,14.2
14518,4261,744,3.167,0.167,16.3
14519,4263,4260,2.667,0.267,14.4
14520,4265,4262,2.667,0.267,14.4
14521,4267,4264,2.667,0.267,13.0
14522,4269,24566,2.0,0.0,4.7
14523,4271,4268,2.667,0.267,12.4
14524,4273,4270,3.25,0.25,14.4
14525,4275,4272,3.25,0.25,14.4
14526,4277,4274,3.0,0.0,14.4
14527,4277,24594,3.0,0.0,14.2
14528,4283,4268,3.0,0.0,12.6
14529,4301,868,3.667,4.333,15.7
14530,4303,4300,3.333,2.333,10.7
14531,4305,4302,3.0,0.0,14.1
14532,4307,4098,3.0,0.0,14.0
14533,4309,14924,2.0,0.0,9.0
14534,4315,2476,2.0,0.0,10.4
14535,4315,10224,3.0,0.0,14.4
14536,4317,4314,3.0,0.0,14.2
14537,4319,4316,3.0,0.0,14.4
14538,4321,4318,2.0,0.0,7.7
14539,4325,4322,2.0,0.0,14.4
14540,4329,24630,2.0,0.0,4.8
14541,4331,4328,2.0,0.0,13.8
14542,4337,4354,1.5,0.3,9.1
14543,4339,4336,1.667,0.267,14.4
14544,4341,4338,2.0,0.0,14.4
14545,4355,4352,1.875,0.411,13.6
14546,4357,24646,1.5,0.5,9.0
14547,4357,4354,2.0,0.0,14.3
14548,4359,4356,2.25,0.25,14.4
14549,4361,4358,1.8,0.2,14.4
14550,4365,39426,1.8,0.2,9.0
14551,4365,4362,3.25,0.25,14.3
14552,4371,9228,2.0,0.0,10.2
14553,4371,24678,1.5,0.5,4.7
14554,4373,29948,3.0,1.0,12.8
14555,4375,4372,4.0,1.333,15.6
14556,4375,4370,2.0,0.0,10.8
14557,4377,16442,2.0,0.0,6.8
14558,4379,4376,6.0,0.0,12.8
14559,4379,24690,7.0,0.0,14.2
14560,4383,4376,5.889,0.611,12.0
14561,4383,24690,2.0,0.0,4.7
14562,4387,6858,3.5,0.5,17.7
14563,4389,19550,1.5,0.267,7.2
14564,4389,41836,80.0,0.0,12.8
14565,4403,2326,3.105,0.296,48.5
14566,4403,39474,2.2,7.2,1.6
14567,4409,24728,1.875,0.411,9.0
14568,4413,26676,3.0,0.0,14.4
14569,4415,4412,3.0,0.0,14.4
14570,4417,4414,3.0,0.0,14.3
14571,4417,24720,3.0,0.0,14.2
14572,4419,20926,2.0,0.0,14.2
14573,4427,4452,1.5,0.5,9.2
14574,4431,20920,3.0,0.0,14.2
14575,4433,20922,4.0,0.0,14.2
14576,4435,20936,3.5,0.5,14.2
14577,4437,20940,3.0,0.0,13.4
14578,4439,20928,2.75,0.25,14.2
14579,4449,1158,2.5,0.3,14.3
14580,4451,4448,2.833,0.567,14.4
14581,4453,4450,2.667,0.267,14.4
14582,4455,4452,3.0,0.0,14.4
14583,4457,4454,3.0,0.0,14.4
14584,4459,11224,1.5,0.5,5.4
14585,4465,37572,3.0,0.0,13.6
14586,4473,24786,4.0,0.0,15.5
14587,4485,4482,7.0,0.0,27.8
14588,4487,24794,1.333,0.25,4.7
14589,4489,4486,1.571,0.286,9.0
14590,4497,4494,1.204,0.163,17.9
14591,4499,24816,1.097,0.117,4.3
14592,4501,24818,1.5,0.333,4.7
14593,4507,14948,1.8,0.2,9.0
14594,4507,24846,5.0,0.0,21.2
14595,4509,4506,3.333,0.667,14.4
14596,4511,4508,3.0,0.0,14.4
14597,4515,24836,3.0,0.0,14.6
14598,4517,24834,1.75,0.25,4.7
14599,4519,24832,2.0,0.0,9.7
14600,4521,4518,3.0,0.0,13.9
14601,4521,4502,2.0,0.0,14.1
14602,4527,4520,2.0,0.0,9.6
14603,4529,24824,3.667,1.333,17.3
14604,4529,14948,3.0,0.0,17.5
14605,4531,4528,2.75,0.25,14.4
14606,4533,4530,3.0,0.667,14.4
14607,4533,4526,3.0,0.0,14.3
14608,4541,37586,3.0,0.0,14.2
14609,4541,24858,1.667,0.333,4.7
14610,4543,25748,1.6,0.3,8.2
14611,4543,5328,2.167,0.152,13.0
14612,4547,11664,2.6,0.3,13.9
14613,4549,6232,3.0,0.0,15.5
14614,4551,24872,1.5,0.5,4.7
14615,4555,2482,3.0,0.0,14.3
14616,4557,24890,1.5,0.5,8.0
14617,4561,4584,2.0,0.0,9.7
14618,4561,24882,2.0,0.0,4.7
14619,4573,4576,3.0,0.0,15.2
14620,4573,24898,3.0,0.0,10.0
14621,4577,4574,2.0,0.0,8.7
14622,4579,4560,4.0,0.0,21.4
14623,4579,24904,2.0,0.0,4.7
14624,4581,4578,3.0,0.0,14.4
14625,4583,4580,1.6,0.3,9.7
14626,4585,2586,2.333,0.333,12.0
14627,4585,31098,3.0,0.0,15.4
14628,4587,4584,3.0,0.0,14.2
14629,4589,4586,3.0,0.0,15.6
14630,4589,24914,2.0,0.0,4.7
14631,4591,9492,2.25,0.214,12.6
14632,4597,8160,2.0,0.0,8.6
14633,4597,28766,2.333,0.333,13.8
14634,4601,4596,2.0,0.0,7.6
14635,4603,24928,2.0,0.0,4.7
14636,4609,3288,2.0,0.0,9.1
14637,4611,23432,2.0,2.0,9.0
14638,4611,4608,3.0,0.0,14.4
14639,4613,4610,2.6,0.3,14.4
14640,4615,4612,2.857,0.143,14.4
14641,4617,4614,2.857,0.143,14.4
14642,4619,17176,1.182,0.164,12.0
14643,4621,7196,2.0,0.0,9.2
14644,4621,27750,2.625,0.268,16.6
14645,4623,4620,2.0,0.286,8.6
14646,4623,39592,2.5,0.5,13.5
14647,4625,4622,3.167,0.567,14.4
14648,4627,4624,2.714,0.571,14.4
14649,4629,4626,2.8,0.7,14.4
14650,4629,4664,2.5,0.5,14.3
14651,4631,4628,2.833,0.167,14.4
14652,4631,24968,3.0,1.0,14.3
14653,4633,4630,3.0,0.286,14.4
14654,4633,4672,2.0,0.0,14.2
14655,4635,4632,2.889,0.611,14.4
14656,4635,24974,2.0,0.0,14.2
14657,4637,4634,1.818,0.164,9.7
14658,4637,24996,3.0,0.0,14.2
14659,4639,26082,2.5,0.5,9.1
14660,4639,5618,2.625,1.125,14.9
14661,4645,39162,49.0,578.0,15.1
14662,4659,4682,2.0,0.0,9.0
14663,4665,17504,2.0,0.0,9.0
14664,4667,4674,3.5,0.5,14.2
14665,4669,24962,3.0,0.0,13.9
14666,4671,4668,3.0,0.0,14.3
14667,4673,24988,3.0,0.0,12.8
14668,4673,4670,3.0,0.0,14.2
14669,4675,21374,22.5,1311.0,12.2
14670,4677,4674,2.889,0.111,14.2
14671,4679,4676,3.0,0.333,14.4
14672,4681,4678,3.0,0.4,14.4
14673,4683,4680,3.167,0.167,14.4
14674,4687,39160,2.0,0.0,8.4
14675,4687,5620,2.0,0.0,13.8
14676,4703,25160,2.1,0.1,14.4
14677,4703,4700,1.167,0.167,14.9
14678,4713,4708,11.0,2.0,131.4
14679,4725,25174,1.667,0.333,8.7
14680,4729,4838,2.0,0.0,7.5
14681,4731,16510,1.875,0.125,9.3
14682,4739,4816,3.0,0.0,14.2
14683,4741,4820,3.0,0.0,14.3
14684,4749,4804,3.25,0.25,14.3
14685,4753,4714,2.5,0.5,13.5
14686,4755,4752,3.0,0.0,14.4
14687,4757,4754,4.0,0.0,14.4
14688,4759,4756,3.0,0.0,14.4
14689,4767,4818,2.0,0.0,9.0
14690,4769,4824,2.0,0.0,9.0
14691,4771,25116,3.0,0.0,14.4
14692,4773,4822,2.0,0.0,9.2
14693,4785,25112,2.0,0.0,4.7
14694,4787,4784,3.0,0.0,14.4
14695,4789,4786,3.0,0.0,14.5
14696,4791,25118,2.0,0.0,4.7
14697,4805,4708,11.25,0.25,102.0
14698,4807,4708,17.0,32.0,117.7
14699,4809,25112,3.0,0.0,14.3
14700,4813,4700,1.714,0.238,8.5
14701,4813,25030,2.125,0.125,15.5
14702,4817,4708,3.0,0.0,27.6
14703,4821,4708,5.667,0.267,41.1
14704,4823,25114,3.0,0.0,14.4
14705,4831,4842,3.0,0.0,14.5
14706,4833,4830,1.5,0.5,4.9
14707,4833,25158,1.5,0.5,4.7
14708,4835,25162,2.0,0.0,4.7
14709,4837,4834,3.0,0.0,14.4
14710,4839,4836,3.0,0.0,14.4
14711,4841,4694,2.0,0.0,7.5
14712,4841,25024,2.5,0.5,12.6
14713,4843,4840,3.0,0.0,14.6
14714,4847,25052,2.375,0.268,15.8
14715,4849,4846,3.0,0.0,14.4
14716,4851,5020,2.0,0.0,12.1
14717,4851,25178,6.0,25.333,1.4
14718,4859,25062,2.0,0.0,12.0
14719,4861,14616,3.667,0.333,14.3
14720,4867,4870,4.0,2.0,16.5
14721,4869,30802,1.667,0.333,8.7
14722,4869,9960,2.6,0.3,16.2
14723,4871,4868,1.167,0.167,5.2
14724,4873,4870,4.667,0.333,13.0
14725,4875,4872,2.0,0.0,9.3
14726,4875,4866,3.0,0.0,13.4
14727,4881,9986,2.333,0.333,10.2
14728,4885,9956,1.141,0.99,8.8
14729,4885,30306,16.077,533.41,1.6
14730,4899,9596,3.0,0.0,12.6
14731,4901,38864,1.4,0.267,8.0
14732,4901,9598,3.0,0.0,15.6
14733,4901,16956,2.0,0.0,12.8
14734,4913,35392,3.545,0.473,17.7
14735,4915,4912,2.444,0.278,12.3
14736,4917,21204,3.25,0.25,22.9
14737,4917,154,2.25,0.25,18.5
14738,4923,4982,1.223,0.196,15.4
14739,4927,12636,4.321,5.257,40.7
14740,4927,28480,8.624,121.085,10.6
14741,4929,4926,1.595,0.704,14.0
14742,4929,27334,4.0,18.0,4.0
14743,4935,25318,1.375,0.268,9.0
14744,4935,4954,2.083,0.254,23.7
14745,4949,25380,1.125,0.117,7.5
14746,4953,38392,2.2,7.956,3.0
14747,4957,4948,1.75,0.2,7.5
14748,4971,38396,3.308,7.731,3.1
14749,4973,4954,1.684,0.339,12.2
14750,4973,14974,2.712,1.174,14.5
14751,4973,25270,3.212,1.359,19.0
14752,4975,31310,4.333,0.333,34.5
14753,4975,4972,2.766,3.762,28.1
14754,4975,7504,2.5,6.722,4.8
14755,4977,4978,9.594,924.361,10.7
14756,4979,5000,4.884,9.751,45.0
14757,4979,25350,7.783,161.513,18.1
14758,4981,4996,2.601,62.942,9.4
14759,4983,4980,1.554,0.616,13.1
14760,4985,4976,17.783,2902.814,0.8
14761,4987,4984,1.873,15.821,14.0
14762,4989,4986,1.422,0.641,13.0
14763,4991,4988,11.358,1431.826,9.8
14764,4993,4990,1.764,2.767,16.9
14765,4995,4992,1.089,0.109,9.4
14766,4997,4994,1.215,0.17,6.8
14767,4999,12052,2.193,0.345,25.3
14768,4999,22898,2.667,4.333,6.6
14769,5001,4998,1.124,0.136,13.2
14770,5003,28338,1.286,0.22,9.1
14771,5003,7726,3.0,0.0,14.3
14772,5005,5002,1.4,0.257,11.8
14773,5007,28546,1.404,0.245,6.5
14774,5007,7948,2.802,0.53,28.6
14775,5007,17256,9.957,119.185,8.0
14776,5009,5006,1.031,0.03,10.3
14777,5009,24076,4.833,36.167,2.3
14778,5011,31316,1.133,0.12,5.9
14779,5011,5008,1.238,0.203,15.4
14780,5011,26856,4.667,0.333,24.3
14781,5013,10420,1.833,0.567,9.9
14782,5013,5010,1.04,0.039,12.2
14783,5013,26710,5.0,28.2,1.8
14784,5015,5012,1.049,0.189,5.0
14785,5017,23458,3.4,0.3,24.2
14786,5017,126,3.302,13.889,26.4
14787,5017,7782,4.438,68.662,3.8
14788,5019,5016,1.366,0.588,13.5
14789,5019,17166,3.0,8.0,2.7
14790,5021,25414,2.0,0.0,4.7
14791,5023,9982,2.572,0.603,26.5
14792,5023,4852,18.0,10.0,2.6
14793,5025,5022,2.323,4.383,18.3
14794,5027,17036,1.417,0.265,5.7
14795,5027,7236,2.516,0.913,20.6
14796,5027,16350,13.3,46.011,0.8
14797,5029,5212,1.255,0.194,15.2
14798,5031,5028,1.25,0.205,18.8
14799,5033,16210,1.36,0.24,16.2
14800,5035,19582,1.25,0.25,7.7
14801,5039,5034,1.074,0.071,15.1
14802,5043,5040,1.519,0.259,19.9
14803,5045,5042,1.333,0.231,16.4
14804,5047,5044,2.643,0.238,35.0
14805,5047,26248,2.0,3.0,5.4
14806,5051,26610,2.0,0.0,12.1
14807,5051,5048,1.871,0.183,23.0
14808,5051,6108,2.0,3.024,6.5
14809,5055,11266,36.783,9695.978,25.5
14810,5057,15748,5.326,92.034,21.5
14811,5059,5056,2.283,0.341,15.3
14812,5061,5078,1.919,0.239,14.4
14813,5063,5060,1.742,0.195,12.9
14814,5067,5058,3.244,0.28,23.8
14815,5067,26654,1.5,0.333,7.5
14816,5069,5066,1.86,0.164,13.6
14817,5073,5070,2.188,0.25,16.2
14818,5075,5072,1.719,0.206,12.6
14819,5077,5074,1.75,0.227,13.5
14820,5079,5076,2.069,0.171,15.4
14821,5079,16948,1.25,0.25,4.5
14822,5085,14876,1.417,0.248,17.4
14823,5087,11458,1.333,0.333,10.4
14824,5087,37636,2.143,0.126,18.5
14825,5089,5086,1.632,0.239,6.1
14826,5091,5088,1.316,0.222,9.4
14827,5093,11466,2.0,0.0,14.1
14828,5093,16446,2.25,0.25,15.5
14829,5097,18760,1.333,0.333,13.3
14830,5099,5096,1.333,0.333,10.8
14831,5101,5098,1.5,0.5,11.1
14832,5109,32594,12.129,1566.831,7.6
14833,5111,5108,1.282,0.234,9.6
14834,5113,5110,1.077,0.112,8.5
14835,5117,34136,3.0,0.0,14.1
14836,5119,5122,3.0,0.0,14.2
14837,5121,25522,1.556,0.278,4.7
14838,5123,5132,3.0,2.0,8.9
14839,5125,5122,2.0,0.0,14.2
14840,5129,12852,2.0,0.5,9.0
14841,5131,2164,7.286,0.571,60.8
14842,5133,2176,3.2,0.2,20.7
14843,5137,5434,1.683,0.693,16.1
14844,5139,5136,1.058,0.063,11.9
14845,5147,5144,2.0,0.0,14.4
14846,5153,11606,1.196,0.179,15.5
14847,5157,5154,1.067,0.063,13.4
14848,5161,5158,1.155,0.133,14.1
14849,5165,5162,1.133,0.118,14.0
14850,5167,5164,1.121,0.108,13.5
14851,5169,25894,3.333,0.267,37.2
14852,5169,23588,3.63,0.949,40.7
14853,5169,39770,6.0,0.0,5.4
14854,5169,25586,3.0,8.0,1.4
14855,5171,5168,1.192,0.158,15.2
14856,5171,14394,1.667,1.333,4.4
14857,5175,5172,1.155,0.133,14.9
14858,5181,5178,1.019,0.019,9.5
14859,5185,20894,2.286,0.238,16.4
14860,5189,5186,1.385,0.401,17.1
14861,5189,11932,2.5,5.667,6.3
14862,5199,25616,2.0,0.0,4.7
14863,5201,5554,2.0,0.0,8.6
14864,5201,25594,2.667,0.333,13.5
14865,5203,7074,2.5,1.206,14.4
14866,5205,5202,2.182,0.364,21.3
14867,5205,26588,1.692,3.231,4.1
14868,5207,5204,2.684,0.339,14.5
14869,5209,5520,2.0,0.0,9.4
14870,5209,5206,3.571,1.341,20.6
14871,5211,11360,1.024,0.024,4.8
14872,5211,5208,1.812,1.496,14.5
14873,5215,7202,6.341,26.933,54.9
14874,5215,29728,3.667,0.353,18.6
14875,5217,5214,1.833,0.803,17.8
14876,5219,5222,1.667,0.25,7.2
14877,5219,10080,2.969,0.92,28.4
14878,5223,5220,3.96,0.529,28.2
14879,5225,11354,3.0,0.0,9.2
14880,5229,30470,1.25,0.25,8.7
14881,5231,5228,3.0,0.0,14.4
14882,5233,5230,4.0,0.0,14.4
14883,5235,5232,2.0,0.0,14.4
14884,5237,7612,2.0,0.0,16.4
14885,5237,9500,3.218,56.803,16.2
14886,5239,5236,1.45,0.353,10.5
14887,5241,5238,1.356,0.302,10.4
14888,5245,5264,1.8,0.2,9.6
14889,5245,5242,2.1,0.1,14.4
14890,5247,5244,1.462,0.269,10.5
14891,5249,5246,2.0,0.0,14.2
14892,5253,25692,1.8,0.178,10.2
14893,5253,3916,2.154,0.141,15.3
14894,5253,10162,2.0,0.0,14.4
14895,5255,5252,1.385,0.246,10.4
14896,5257,5254,2.042,0.129,14.7
14897,5257,30266,2.0,0.0,14.5
14898,5259,5256,1.185,0.157,10.4
14899,5261,9518,1.667,0.267,12.4
14900,5261,5258,2.143,0.127,17.1
14901,5261,25678,2.0,0.0,4.7
14902,5263,5260,1.324,0.225,10.4
14903,5265,5262,1.324,0.225,10.6
14904,5267,9500,2.2,0.667,16.5
14905,5269,5266,1.375,0.245,11.4
14906,5273,30258,2.0,0.0,11.9
14907,5273,5270,2.214,0.335,16.6
14908,5275,10162,2.0,0.0,15.3
14909,5275,25670,2.0,0.0,14.4
14910,5277,5274,1.5,0.278,10.4
14911,5279,5276,1.667,0.333,14.4
14912,5281,5278,2.0,0.0,14.3
14913,5285,5282,1.333,0.333,13.9
14914,5285,30238,2.0,0.0,14.4
14915,5287,25704,1.667,0.333,4.7
14916,5295,15822,2.0,0.0,10.5
14917,5303,5300,2.0,0.0,14.6
14918,5305,10076,2.0,0.0,14.5
14919,5307,5304,2.0,0.0,13.6
14920,5311,10014,2.333,0.424,17.3
14921,5313,5310,2.0,0.182,16.3
14922,5317,5314,2.75,0.205,23.1
14923,5327,5324,1.065,0.062,13.4
14924,5327,30910,4.4,101.156,3.9
14925,5335,5322,1.054,0.053,10.3
14926,5349,1890,1.077,0.077,14.1
14927,5351,5348,1.083,0.083,13.1
14928,5353,5350,1.3,0.233,19.1
14929,5355,1922,1.197,0.161,14.4
14930,5355,21764,1.231,0.692,3.6
14931,5359,5356,1.095,0.087,13.7
14932,5363,5360,2.616,0.268,32.6
14933,5363,8590,2.0,0.0,12.1
14934,5367,5364,1.189,0.155,14.4
14935,5369,5366,1.058,0.055,12.2
14936,5371,5368,1.186,0.153,13.7
14937,5375,10106,1.143,0.132,15.4
14938,5387,5384,1.03,0.03,11.4
14939,5395,5392,1.027,0.027,12.9
14940,5397,4126,2.909,0.372,20.4
14941,5397,14292,2.75,1.413,20.5
14942,5399,5396,1.286,0.209,10.1
14943,5401,5398,1.186,0.155,9.6
14944,5403,5400,1.15,0.131,8.6
14945,5405,5402,1.27,0.203,9.8
14946,5407,5404,1.838,0.195,14.6
14947,5409,5406,1.462,0.308,11.3
14948,5411,5408,1.378,0.242,10.4
14949,5413,5410,1.27,0.203,10.4
14950,5415,5416,2.391,53.164,9.2
14951,5417,19718,2.66,0.291,12.9
14952,5417,10822,3.197,0.749,33.4
14953,5417,24408,10.692,231.897,7.0
14954,5419,28412,1.481,0.259,7.0
14955,5419,5414,1.969,0.448,20.4
14956,5421,5418,2.414,55.429,8.3
14957,5423,18942,1.5,0.333,8.3
14958,5423,5420,1.085,0.11,9.6
14959,5425,22560,13.809,1394.378,3.2
14960,5427,5424,7.948,849.106,9.5
14961,5429,5442,2.406,1.022,19.4
14962,5429,0,3.389,2.605,23.5
14963,5431,5432,1.083,0.076,4.0
14964,5433,5428,1.103,0.093,13.6
14965,5433,8748,2.75,4.25,3.1
14966,5435,5430,1.332,0.91,13.4
14967,5437,5426,5.61,639.881,9.4
14968,5439,8698,2.0,0.0,14.0
14969,5439,5436,2.907,1.055,32.1
14970,5441,5438,1.158,0.213,8.9
14971,5443,5440,2.658,1.219,25.1
14972,5445,5150,1.921,0.107,23.3
14973,5447,5470,1.112,0.101,13.3
14974,5451,5448,2.167,0.189,27.9
14975,5451,34840,1.333,0.333,7.3
14976,5453,5450,1.056,0.053,13.2
14977,5457,5444,1.095,0.087,13.9
14978,5471,5468,1.121,0.107,13.5
14979,5473,17266,2.861,0.835,24.4
14980,5475,24542,2.071,0.217,27.2
14981,5475,5472,2.268,7.482,26.7
14982,5481,18050,3.81,222.169,24.0
14983,5483,38310,3.0,0.0,15.7
14984,5491,5484,3.0,0.0,23.9
14985,5499,30386,1.5,0.5,8.4
14986,5499,9644,2.0,0.0,13.1
14987,5501,25962,2.0,0.0,4.7
14988,5509,33180,2.0,0.0,9.2
14989,5509,12008,3.0,0.0,15.3
14990,5511,5030,1.5,0.269,12.9
14991,5513,5510,1.923,0.077,14.2
14992,5515,5512,1.75,0.25,14.9
14993,5517,5514,2.0,0.0,14.4
14994,5519,17212,1.389,0.244,9.1
14995,5521,5518,2.081,0.354,14.5
14996,5523,10096,1.846,0.29,10.0
14997,5523,30966,3.267,0.495,18.1
14998,5525,5522,2.0,0.215,14.0
14999,5525,5526,3.0,0.0,14.0
15000,5527,25640,2.0,0.0,21.2
15001,5531,5528,1.7,0.233,14.6
15002,5533,5530,2.0,0.0,14.6
15003,5535,5532,1.857,0.143,14.5
15004,5537,5534,1.909,0.091,15.2
15005,5539,38006,1.158,0.135,14.8
15006,5543,5540,1.397,0.243,18.0
15007,5545,5542,1.284,0.206,16.3
15008,5547,5544,1.257,0.193,15.7
15009,5549,5544,1.667,0.333,10.7
15010,5549,26008,3.0,0.0,14.6
15011,5551,5548,2.0,2.0,16.1
15012,5555,6444,1.136,1.085,8.3
15013,5557,7610,2.0,0.0,12.8
15014,5563,33870,2.0,0.0,9.1
15015,5569,15486,2.0,0.0,12.7
15016,5575,5266,2.0,0.0,8.5
15017,5583,9690,2.0,0.0,9.7
15018,5591,26058,3.0,0.0,15.2
15019,5593,26068,2.8,0.2,14.6
15020,5597,5598,1.5,0.5,9.0
15021,5599,38862,3.4,0.8,21.3
15022,5601,5598,3.0,0.0,14.4
15023,5603,7208,4.0,0.0,26.3
15024,5607,26056,2.0,0.0,9.0
15025,5607,26068,1.5,0.5,4.7
15026,5609,8534,1.6,0.3,7.7
15027,5609,5606,4.0,0.0,14.6
15028,5609,26070,2.0,0.0,4.7
15029,5611,28018,3.167,1.367,17.6
15030,5611,15230,2.211,0.694,25.7
15031,5613,1704,1.362,0.437,6.9
15032,5615,5612,1.253,0.261,9.4
15033,5617,5614,1.225,0.227,9.7
15034,5619,5616,1.063,0.093,9.4
15035,5621,5618,1.016,0.016,9.5
15036,5623,12198,1.143,0.143,9.4
15037,5627,2984,2.156,0.42,14.4
15038,5631,5628,3.0,0.0,14.5
15039,5631,41726,3.0,0.0,14.2
15040,5633,21848,1.667,0.333,9.4
15041,5633,5630,3.0,0.0,14.5
15042,5637,24532,2.667,0.333,13.1
15043,5637,8156,2.0,0.182,13.4
15044,5639,5636,1.294,0.471,5.1
15045,5641,5638,1.25,0.196,10.4
15046,5643,5640,1.167,0.145,10.4
15047,5645,5642,1.24,0.19,10.4
15048,5647,2888,2.0,0.0,7.6
15049,5647,5644,1.35,0.239,10.4
15050,5649,5646,4.143,0.729,31.4
15051,5649,16064,34.0,817.0,3.7
15052,5649,26114,21.0,594.0,1.4
15053,5651,28758,5.5,0.5,40.0
15054,5653,5650,3.0,0.0,14.5
15055,5663,30792,2.0,0.0,9.1
15056,5665,9534,2.0,0.0,12.7
15057,5669,3910,2.0,0.0,7.5
15058,5679,16210,2.5,1.0,16.4
15059,5681,5678,1.25,0.25,16.3
15060,5683,5680,1.5,0.333,17.8
15061,5689,26160,4.75,2.25,17.8
15062,5691,7806,6.0,1.0,15.2
15063,5693,1668,3.4,0.3,19.3
15064,5693,21530,2.5,0.5,15.5
15065,5695,8850,2.333,0.25,13.1
15066,5695,26162,2.0,0.0,4.7
15067,5707,41228,1.75,0.25,7.6
15068,5717,40224,2.5,0.5,13.2
15069,5719,9624,2.333,0.267,12.8
15070,5721,40224,4.5,0.3,25.4
15071,5729,112,1.453,0.252,18.5
15072,5733,5730,2.077,0.077,14.5
15073,5735,5758,1.308,0.231,10.7
15074,5737,5734,1.923,0.244,14.5
15075,5739,5736,2.0,0.167,14.5
15076,5741,5738,2.0,0.167,14.9
15077,5743,5740,1.5,0.278,10.2
15078,5745,5732,1.923,0.244,14.4
15079,5747,5744,1.308,0.231,10.4
15080,5749,5746,1.154,0.141,9.0
15081,5751,5748,1.615,0.256,13.6
15082,5753,5750,1.267,0.21,10.4
15083,5755,5752,1.8,0.314,14.4
15084,5757,5754,1.312,0.229,10.5
15085,5759,5756,1.4,0.257,10.5
15086,5761,38742,2.0,0.0,12.8
15087,5763,38744,2.0,0.0,12.6
15088,5765,8558,2.0,0.0,12.6
15089,5767,8552,2.6,0.3,13.0
15090,5769,8560,2.143,0.143,12.2
15091,5771,8524,2.5,0.5,12.7
15092,5775,5922,2.667,0.267,21.8
15093,5775,25440,3.5,0.3,34.6
15094,5775,26392,5.0,0.941,35.3
15095,5777,16272,1.25,0.25,9.1
15096,5777,5774,2.036,0.036,14.5
15097,5779,11362,4.0,0.0,24.6
15098,5779,5776,4.0,0.286,31.4
15099,5781,5778,1.846,0.141,14.4
15100,5791,5512,2.0,0.4,14.7
15101,5793,5790,2.0,0.0,12.9
15102,5795,34338,2.0,0.0,7.8
15103,5795,5792,1.5,0.5,10.1
15104,5797,5794,2.0,0.0,10.4
15105,5799,5530,1.667,0.333,9.8
15106,5801,33724,1.857,0.476,11.2
15107,5801,12452,3.0,0.0,17.3
15108,5803,5800,3.0,0.0,19.0
15109,5805,5802,2.5,0.5,15.1
15110,5815,5546,2.0,0.0,15.7
15111,5817,5814,1.667,0.267,13.6
15112,5819,5834,2.0,0.0,14.0
15113,5821,5816,1.5,0.3,10.4
15114,5823,5820,1.5,0.333,14.1
15115,5829,5826,2.0,0.0,14.3
15116,5835,5832,2.0,0.0,16.4
15117,5839,5846,1.8,0.2,10.3
15118,5847,26324,1.333,0.333,9.4
15119,5847,5848,1.333,0.267,13.7
15120,5849,26364,1.75,0.25,9.9
15121,5849,5894,2.65,0.766,15.5
15122,5851,5848,1.062,0.062,12.8
15123,5851,26320,5.0,0.0,4.3
15124,5855,38012,2.0,0.0,11.0
15125,5855,5852,2.143,0.593,17.3
15126,5855,16208,2.0,0.333,17.9
15127,5857,5854,1.227,0.184,14.1
15128,5861,36000,1.561,0.252,9.1
15129,5863,5860,1.018,0.018,13.7
15130,5867,5864,1.067,0.063,8.8
15131,5867,36422,2.294,7.282,2.5
15132,5869,14842,3.683,11.022,12.6
15133,5871,12754,7.189,548.109,13.3
15134,5873,1620,10.779,2911.767,17.5
15135,5875,24610,2.0,0.0,9.0
15136,5879,7794,1.778,0.194,7.8
15137,5879,28342,2.125,0.125,12.6
15138,5881,5878,1.4,0.257,6.2
15139,5883,5880,1.286,0.22,5.5
15140,5885,26356,1.5,0.5,4.7
15141,5887,37324,2.0,0.0,9.1
15142,5887,15604,3.15,0.134,14.6
15143,5889,41238,1.5,0.5,8.7
15144,5895,12456,1.212,0.169,14.8
15145,5897,5894,1.114,0.103,13.5
15146,5897,26322,13.5,4.5,3.3
15147,5901,10594,1.125,0.125,5.0
15148,5901,5898,1.085,0.078,13.6
15149,5903,5900,1.747,0.294,22.6
15150,5905,5902,1.111,0.1,14.2
15151,5907,5904,1.476,0.277,19.5
15152,5907,5932,1.667,1.333,4.8
15153,5909,5906,1.111,0.1,13.4
15154,5909,5926,7.0,72.0,3.9
15155,5911,5908,1.048,0.046,13.4
15156,5911,41078,12.0,0.0,3.7
15157,5913,5910,1.529,0.253,19.4
15158,5915,5918,4.0,0.0,21.0
15159,5919,38990,3.0,0.0,22.5
15160,5921,25434,1.5,0.5,9.9
15161,5923,5204,13.154,1569.474,14.5
15162,5923,26390,2.0,0.0,4.7
15163,5925,26248,4.0,0.0,33.0
15164,5925,5922,4.5,0.5,22.4
15165,5927,5924,1.667,0.333,13.8
15166,5931,25436,3.0,1.0,18.8
15167,5941,19588,2.0,0.0,18.2
15168,5943,5940,2.0,0.0,14.7
15169,5945,5942,1.5,0.5,14.3
15170,5949,5220,3.0,0.0,21.6
15171,5951,5948,2.0,0.0,10.4
15172,5953,5966,1.833,0.167,15.0
15173,5955,5950,1.5,0.5,10.4
15174,5959,5956,2.0,0.0,16.2
15175,5961,5958,2.0,0.0,13.6
15176,5963,5960,1.25,0.25,9.1
15177,5965,5962,1.6,0.3,10.5
15178,5975,26442,1.333,0.267,4.7
15179,5977,1666,2.0,0.0,7.8
15180,5977,21528,2.25,0.25,13.2
15181,5979,4240,1.542,0.259,9.6
15182,5979,12568,1.889,0.111,14.7
15183,5981,5978,2.697,0.218,20.2
15184,5983,5980,1.778,0.194,14.4
15185,5983,17360,2.333,0.333,14.4
15186,5985,5982,2.083,0.083,14.5
15187,5987,19056,2.0,0.087,14.4
15188,5987,32184,3.0,0.0,14.2
15189,5989,6006,1.75,0.25,14.1
15190,5993,13016,2.0,0.0,14.5
15191,5995,5992,2.0,0.0,14.5
15192,5997,5994,2.0,0.0,14.4
15193,6001,5998,1.333,0.333,11.1
15194,6003,6000,1.667,0.333,9.0
15195,6005,6002,2.0,0.0,14.4
15196,6007,6004,2.0,0.0,14.5
15197,6007,32174,2.0,0.0,14.2
15198,6007,26476,1.5,0.5,4.7
15199,6009,11188,1.25,0.25,9.4
15200,6009,3964,2.5,1.0,14.6
15201,6009,5990,1.833,0.167,14.3
15202,6011,26486,2.0,0.0,10.1
15203,6011,6014,2.0,0.0,14.7
15204,6011,26480,1.4,0.3,4.7
15205,6013,7790,1.667,0.333,7.6
15206,6013,28374,4.0,0.0,12.7
15207,6015,26484,1.5,0.5,4.7
15208,6017,26480,3.333,0.333,14.2
15209,6019,7788,2.0,0.0,7.7
15210,6019,28372,3.286,1.571,16.1
15211,6033,26522,2.0,0.0,9.0
15212,6035,26520,3.0,0.0,14.3
15213,6035,6048,2.9,0.544,14.2
15214,6035,26504,1.5,0.5,4.7
15215,6039,6058,3.0,0.0,14.2
15216,6041,3826,2.0,0.0,9.0
15217,6043,3648,2.9,0.305,13.8
15218,6045,6042,3.0,0.556,14.4
15219,6047,6068,3.0,0.333,15.2
15220,6049,6046,3.0,0.571,14.4
15221,6055,6044,2.923,0.577,14.4
15222,6057,6054,3.0,0.667,14.4
15223,6059,6056,3.0,0.0,14.4
15224,6061,6058,3.0,0.0,14.4
15225,6063,6060,3.0,0.0,14.4
15226,6067,6064,4.0,0.0,14.4
15227,6067,26498,2.0,0.0,14.2
15228,6067,26536,1.667,0.333,4.7
15229,6069,6066,3.0,1.0,14.4
15230,6069,26500,2.5,0.5,14.3
15231,6071,16960,1.046,0.045,11.7
15232,6073,7208,1.833,0.317,22.1
15233,6073,5608,55.0,0.0,5.2
15234,6075,6072,1.067,0.081,8.3
15235,6077,6074,1.18,0.2,13.8
15236,6077,36610,10.4,193.8,2.9
15237,6079,6076,1.019,0.019,8.1
15238,6085,29914,20.1,2070.767,8.4
15239,6087,6084,2.333,0.267,14.4
15240,6089,6086,3.5,0.5,14.4
15241,6091,32014,3.0,0.0,14.0
15242,6095,26570,2.0,0.0,4.7
15243,6099,7834,1.5,0.3,7.6
15244,6101,6098,1.667,0.333,6.8
15245,6107,17214,2.0,0.0,9.2
15246,6107,39216,1.875,0.125,14.4
15247,6109,25622,2.243,0.3,19.0
15248,6109,6106,3.75,2.25,21.8
15249,6109,5202,3.0,0.0,22.4
15250,6111,17240,2.0,0.0,9.7
15251,6113,26628,2.0,0.0,5.2
15252,6113,6110,2.0,0.0,14.3
15253,6115,26624,1.5,0.5,4.8
15254,6115,6112,2.0,0.0,14.5
15255,6117,6114,1.333,0.333,10.7
15256,6119,6136,1.375,0.25,10.1
15257,6121,6118,1.333,0.238,10.4
15258,6123,6120,1.647,0.368,10.4
15259,6125,6122,1.467,0.41,10.4
15260,6127,6124,2.615,3.756,14.6
15261,6127,26626,12.083,1220.265,14.2
15262,6129,6148,1.75,0.25,11.2
15263,6129,6126,2.2,0.167,16.5
15264,6131,5048,2.0,0.0,19.2
15265,6131,6108,4.0,0.0,23.3
15266,6135,23510,1.667,0.333,10.1
15267,6135,27624,4.5,66.618,4.1
15268,6137,6134,1.389,0.369,10.4
15269,6139,6136,2.0,0.0,15.0
15270,6141,35258,7.923,144.744,10.2
15271,6143,6140,2.0,0.0,9.6
15272,6143,3352,1.444,2.144,3.4
15273,6145,6112,2.0,0.0,9.1
15274,6145,26594,44.0,7056.0,14.3
15275,6147,6144,1.857,0.143,14.6
15276,6147,6124,4.0,27.0,4.1
15277,6149,26592,2.333,0.333,15.1
15278,6157,26362,2.229,0.476,14.0
15279,6159,6156,1.03,0.03,14.7
15280,6161,27202,1.444,0.311,9.1
15281,6163,33732,2.0,0.0,12.2
15282,6165,6162,1.6,0.3,14.1
15283,6167,6164,2.0,0.0,16.9
15284,6167,7096,2.0,0.0,17.7
15285,6169,6166,2.6,0.3,20.0
15286,6171,6168,2.0,0.0,15.3
15287,6175,25464,2.2,0.2,18.7
15288,6175,17228,5.0,0.0,21.8
15289,6177,6174,1.5,0.5,14.5
15290,6185,6182,2.0,0.0,14.1
15291,6185,26664,2.0,0.0,4.7
15292,6187,19716,2.25,0.25,13.8
15293,6191,26688,1.5,0.5,4.7
15294,6193,3776,2.0,0.0,9.0
15295,6195,1234,1.5,0.5,9.0
15296,6197,1236,2.333,0.333,9.1
15297,6199,6196,4.0,0.0,14.4
15298,6201,34918,2.6,1.8,7.7
15299,6201,13578,2.0,0.0,12.7
15300,6203,6200,2.0,0.0,8.9
15301,6207,6218,1.062,0.062,5.0
15302,6209,27936,2.0,0.0,12.8
15303,6211,25404,2.667,0.267,13.6
15304,6217,10424,2.6,0.3,16.9
15305,6219,11478,1.846,0.141,9.0
15306,6219,6216,3.0,0.0,17.4
15307,6219,26718,1.5,0.5,4.7
15308,6221,7334,2.0,0.0,10.7
15309,6221,27868,4.0,0.0,15.1
15310,6231,6228,1.667,0.333,5.2
15311,6233,2482,3.0,0.0,14.6
15312,6235,6232,2.8,0.2,14.3
15313,6237,6234,3.0,0.0,14.2
15314,6239,12126,7.0,2.0,32.4
15315,6241,6238,2.5,0.5,13.6
15316,6249,2480,3.25,0.25,15.5
15317,6251,6248,3.333,0.333,14.2
15318,6253,6250,3.0,0.0,14.0
15319,6255,2480,2.0,0.0,11.2
15320,6269,26780,3.0,0.0,13.9
15321,6269,27916,3.0,0.0,17.1
15322,6271,27916,7.0,1.0,40.6
15323,6275,27916,3.5,0.5,22.3
15324,6281,2976,2.062,0.329,10.2
15325,6283,6280,1.625,0.25,6.4
15326,6285,6282,3.118,0.36,14.4
15327,6289,8410,1.5,0.286,7.5
15328,6291,6288,3.0,1.0,14.0
15329,6295,35576,3.5,0.5,13.4
15330,6305,7514,2.0,0.0,7.5
15331,6305,28074,2.667,0.333,12.6
15332,6309,26820,2.0,1.0,4.7
15333,6311,6304,3.0,0.0,14.3
15334,6313,26884,2.0,0.0,9.1
15335,6313,26824,1.667,0.333,5.7
15336,6315,7858,1.5,0.5,7.7
15337,6319,10422,2.0,0.0,9.4
15338,6319,31312,2.0,0.0,12.6
15339,6321,25320,5.0,0.0,35.0
15340,6323,28124,2.5,0.5,7.6
15341,6325,22240,2.0,0.0,18.3
15342,6343,6206,2.882,0.36,14.1
15343,6345,25402,3.5,0.273,17.9
15344,6345,5008,4.0,0.0,27.7
15345,6347,6344,3.0,0.0,14.3
15346,6361,11614,2.0,0.0,12.8
15347,6375,27630,2.0,0.0,9.0
15348,6375,7086,3.0,0.0,15.0
15349,6375,26886,1.5,0.5,4.7
15350,6379,6284,2.667,0.667,14.2
15351,6383,26862,2.0,0.0,9.1
15352,6383,3844,3.0,0.0,14.1
15353,6385,6378,2.667,0.333,14.2
15354,6391,8734,3.0,0.0,17.1
15355,6395,29484,1.5,0.5,8.4
15356,6403,4130,1.667,0.333,9.3
15357,6405,6402,2.5,0.5,14.5
15358,6407,5882,1.182,0.164,5.8
15359,6407,26920,2.0,0.0,4.7
15360,6409,6406,1.5,0.273,7.6
15361,6409,26922,1.5,0.333,4.7
15362,6419,37468,1.5,0.333,9.9
15363,6419,14870,12.952,465.548,14.7
15364,6421,6418,2.0,0.0,14.6
15365,6423,6418,1.478,0.261,10.1
15366,6425,6422,1.909,0.372,14.6
15367,6427,6424,2.0,0.308,14.6
15368,6429,6426,1.1,0.1,10.3
15369,6431,6428,1.5,0.5,11.4
15370,6439,6424,2.0,0.0,14.5
15371,6445,23098,2.143,0.417,12.8
15372,6445,16566,4.486,0.728,23.5
15373,6447,2324,2.242,0.826,30.2
15374,6453,5756,2.0,0.0,7.9
15375,6453,26232,2.0,0.0,12.6
15376,6455,6426,1.75,0.25,7.6
15377,6457,6428,1.8,0.2,8.6
15378,6463,17990,3.0,0.0,19.8
15379,6465,25786,3.0,0.0,15.9
15380,6471,32774,3.806,0.401,17.5
15381,6471,17038,5.63,1.571,38.8
15382,6473,10838,2.0,0.0,15.4
15383,6473,6470,1.892,0.354,15.8
15384,6479,6476,2.0,0.0,16.5
15385,6481,6478,1.143,0.143,14.7
15386,6483,6480,2.333,0.267,27.3
15387,6485,6482,1.143,0.143,13.3
15388,6487,5072,2.75,1.071,13.8
15389,6487,27000,2.0,0.0,4.7
15390,6489,6486,1.889,0.361,15.2
15391,6491,6488,2.0,0.0,16.0
15392,6493,27632,3.0,0.0,15.7
15393,6497,27008,2.0,0.0,4.7
15394,6501,6490,2.0,0.0,14.3
15395,6501,27012,2.0,0.0,4.7
15396,6503,6500,1.556,0.278,14.0
15397,6503,27042,2.0,0.0,14.1
15398,6503,27014,2.0,0.0,4.7
15399,6505,6502,1.9,0.1,14.6
15400,6507,6504,1.111,0.111,10.6
15401,6513,27016,3.0,2.0,15.5
15402,6515,6512,2.143,0.143,13.9
15403,6517,21818,1.333,0.333,9.4
15404,6517,1938,2.0,0.0,14.8
15405,6519,25474,2.0,0.0,14.3
15406,6521,6518,2.0,0.0,15.3
15407,6521,6168,2.0,0.0,14.7
15408,6523,6520,2.0,0.0,14.3
15409,6527,14872,2.333,0.333,16.2
15410,6531,6528,1.333,0.333,10.8
15411,6533,7090,2.0,0.0,15.1
15412,6535,9052,2.146,0.17,14.2
15413,6535,29734,3.657,1.173,25.8
15414,6543,14790,1.333,0.242,7.8
15415,6551,6548,1.71,0.275,15.1
15416,6551,39722,3.0,0.0,15.6
15417,6567,31846,1.949,0.208,14.3
15418,6569,6566,1.05,0.05,2.2
15419,6583,21434,1.25,0.25,8.3
15420,6583,6580,1.111,0.105,14.3
15421,6587,27098,2.0,0.0,4.7
15422,6593,1964,3.0,0.0,14.2
15423,6595,4508,1.333,0.333,8.0
15424,6599,6606,1.8,0.171,12.9
15425,6601,21166,1.5,0.5,8.6
15426,6601,15570,2.25,0.214,19.3
15427,6601,5632,3.0,0.4,18.7
15428,6605,6602,1.062,0.062,8.2
15429,6607,6604,1.471,0.265,11.4
15430,6613,1982,3.5,0.5,14.3
15431,6617,1976,2.0,0.0,13.8
15432,6619,1968,3.0,0.0,14.3
15433,6629,35806,3.0,1.0,12.6
15434,6631,26008,2.0,0.0,10.5
15435,6631,5544,2.5,0.333,15.4
15436,6633,6630,2.0,0.0,14.2
15437,6637,27148,2.0,0.0,4.7
15438,6639,6636,1.667,0.333,14.6
15439,6639,27150,3.0,0.0,1.4
15440,6641,5548,2.333,0.333,18.1
15441,6643,5552,2.0,0.0,14.3
15442,6645,8334,3.0,0.0,20.0
15443,6647,32444,1.5,0.5,8.6
15444,6651,11576,2.0,0.0,17.3
15445,6653,6650,2.0,0.0,14.8
15446,6655,6522,2.0,0.0,9.3
15447,6655,6652,2.0,0.0,14.4
15448,6663,32532,1.6,0.8,10.6
15449,6663,5084,2.0,0.0,16.8
15450,6665,6662,1.6,0.3,10.4
15451,6667,14876,3.3,0.678,26.7
15452,6675,35612,2.0,0.167,14.0
15453,6677,6674,1.467,0.267,10.4
15454,6679,6676,2.067,0.21,14.4
15455,6679,27192,2.0,0.0,4.7
15456,6681,6678,1.385,0.256,9.2
15457,6685,22272,2.0,0.0,13.9
15458,6687,6684,2.0,0.0,10.5
15459,6689,27204,1.27,0.198,8.8
15460,6691,6688,1.005,0.005,5.4
15461,6693,27288,3.0,0.0,14.2
15462,6695,27212,1.667,0.233,4.7
15463,6697,6694,3.091,0.691,14.5
15464,6701,6744,2.333,0.333,11.8
15465,6709,6770,2.5,0.5,14.2
15466,6711,6750,2.0,0.571,9.0
15467,6713,6710,2.0,0.667,9.1
15468,6719,6778,6.0,2.0,26.2
15469,6721,6718,3.0,0.0,14.3
15470,6727,6752,2.0,0.0,14.2
15471,6733,6774,3.429,0.952,15.5
15472,6735,6732,3.4,1.3,14.5
15473,6737,6734,2.5,0.5,14.6
15474,6745,34468,2.0,0.0,11.3
15475,6745,13172,3.0,0.0,19.2
15476,6747,6744,3.0,0.0,15.8
15477,6751,34474,1.929,0.071,11.4
15478,6751,13178,3.25,0.25,19.3
15479,6753,6750,3.0,0.0,14.6
15480,6755,6752,3.0,0.0,14.4
15481,6757,6754,3.0,0.0,14.4
15482,6759,27276,2.0,0.0,4.7
15483,6771,27210,2.0,0.0,9.0
15484,6773,27290,2.0,0.0,4.7
15485,6775,2906,1.857,0.132,9.0
15486,6775,23048,2.25,0.25,14.4
15487,6777,6774,3.455,0.273,15.8
15488,6779,6776,3.625,0.268,15.4
15489,6781,6778,5.5,0.3,25.5
15490,6783,6780,2.8,0.2,14.4
15491,6785,6782,3.0,0.0,14.4
15492,6787,7254,1.5,0.5,8.7
15493,6787,27810,5.2,88.25,22.2
15494,6789,6786,2.231,0.185,16.0
15495,6791,6788,2.16,0.223,14.6
15496,6793,6788,2.0,0.0,16.7
15497,6795,6792,2.0,0.0,14.5
15498,6799,27808,125.0,30258.0,9.9
15499,6805,4116,2.5,0.5,12.9
15500,6805,24410,2.0,0.0,18.0
15501,6811,27332,2.0,0.0,14.2
15502,6815,6808,2.0,0.0,14.1
15503,6817,25260,4.0,0.0,10.9
15504,6821,6818,2.0,0.0,10.4
15505,6827,6824,2.0,0.0,10.4
15506,6829,4986,1.333,0.333,10.9
15507,6835,6832,1.4,0.3,10.4
15508,6837,6834,1.2,0.2,10.4
15509,6839,6830,1.25,0.25,9.3
15510,6841,6838,1.25,0.25,12.8
15511,6843,24102,1.5,0.5,7.1
15512,6843,6840,2.0,0.0,16.6
15513,6845,6842,1.2,0.2,12.2
15514,6847,6844,1.2,0.2,8.5
15515,6849,6846,1.25,0.25,6.2
15516,6851,6848,2.0,0.5,13.6
15517,6857,19534,3.0,0.0,14.3
15518,6857,24386,1.667,0.267,6.9
15519,6859,6856,1.333,0.333,8.1
15520,6863,32998,3.0,32.818,6.1
15521,6863,33018,4.824,0.654,32.7
15522,6863,33006,2.786,6.027,8.9
15523,6865,6862,1.143,0.229,7.6
15524,6883,29448,2.0,0.0,6.2
15525,6885,27568,3.0,0.0,12.0
15526,6895,27570,2.0,0.0,9.3
15527,6895,6892,4.0,0.0,22.1
15528,6897,6894,3.0,0.0,13.3
15529,6899,6882,7.0,0.0,22.5
15530,6901,6896,3.0,0.0,15.6
15531,6905,6902,3.0,0.0,16.1
15532,6905,27434,2.0,0.0,4.7
15533,6907,6904,3.0,0.0,14.4
15534,6907,27436,2.0,0.0,4.7
15535,6921,27424,3.0,0.0,16.6
15536,6927,6898,6.0,0.0,14.8
15537,6929,6926,2.0,0.0,5.0
15538,6935,27512,2.5,0.5,14.2
15539,6941,27514,3.0,0.0,14.2
15540,6953,6942,1.667,0.333,9.1
15541,6955,6936,2.0,0.0,9.0
15542,6955,6952,2.667,0.333,14.4
15543,6967,8804,4.5,0.5,18.8
15544,6969,6966,3.5,0.5,14.4
15545,6979,6970,2.0,0.0,7.2
15546,6985,27470,2.0,0.0,9.1
15547,6987,27452,2.5,0.5,9.1
15548,6991,27520,1.333,0.333,4.7
15549,6993,6990,2.333,0.333,14.4
15550,6995,6992,2.0,0.0,14.2
15551,6995,27524,1.667,1.333,1.4
15552,6999,15750,2.0,0.0,14.6
15553,7001,36128,3.5,0.658,30.5
15554,7005,7000,9.84,397.411,10.9
15555,7007,7004,4.975,50.303,16.6
15556,7009,7006,1.274,0.341,10.4
15557,7011,7008,1.754,18.835,10.4
15558,7013,7010,1.659,0.45,14.5
15559,7013,30452,2.0,0.0,14.3
15560,7015,7012,1.125,0.139,9.4
15561,7023,35998,2.227,0.184,14.0
15562,7025,20138,1.562,0.275,9.9
15563,7025,16560,2.22,0.379,15.1
15564,7027,7024,1.215,0.201,5.2
15565,7047,27578,2.0,0.0,4.7
15566,7055,27594,1.5,0.5,4.7
15567,7057,7172,2.0,0.0,7.8
15568,7063,7060,5.0,0.0,9.4
15569,7065,27600,4.5,0.5,11.0
15570,7069,37210,6.857,1.143,63.9
15571,7069,13916,7.0,0.667,64.1
15572,7069,17244,4.526,14.485,3.9
15573,7071,7068,14.977,2674.162,9.2
15574,7073,7070,1.733,0.564,10.5
15575,7075,39484,2.0,0.0,9.2
15576,7075,7072,1.833,1.078,10.9
15577,7077,30830,2.981,0.132,13.4
15578,7077,9996,3.75,0.25,22.7
15579,7079,7076,1.566,0.443,11.0
15580,7081,7078,1.4,0.571,14.9
15581,7085,12086,3.0,0.0,14.7
15582,7089,27024,2.0,0.0,9.7
15583,7095,11576,2.0,0.0,10.4
15584,7107,15988,1.125,0.125,7.6
15585,7109,7106,1.714,0.238,13.3
15586,7113,7110,2.0,0.0,18.4
15587,7115,7116,1.5,0.5,9.5
15588,7117,27524,2.0,0.222,14.0
15589,7119,7116,2.083,0.265,15.1
15590,7123,25178,1.967,0.033,14.1
15591,7125,25466,2.0,0.0,14.5
15592,7127,6532,2.667,0.333,15.3
15593,7129,16104,6.0,0.0,28.0
15594,7143,22214,1.4,0.267,10.0
15595,7147,7162,2.2,0.2,32.7
15596,7149,36678,3.0,0.0,18.7
15597,7149,7146,1.75,0.25,21.8
15598,7151,7148,2.0,0.0,26.7
15599,7159,7144,2.5,0.286,32.5
15600,7163,7160,2.8,0.2,38.1
15601,7165,5286,1.105,0.099,5.1
15602,7167,35686,3.773,6.552,24.1
15603,7167,16854,2.0,0.0,24.2
15604,7169,7166,1.386,0.243,10.9
15605,7171,7168,1.409,0.247,10.4
15606,7173,7170,1.409,0.247,10.5
15607,7175,7172,1.385,0.243,10.5
15608,7177,7174,1.487,0.256,10.4
15609,7179,7176,4.308,0.231,34.0
15610,7181,7178,1.692,0.231,10.5
15611,7185,5026,1.879,0.412,21.9
15612,7187,7184,1.219,0.177,15.0
15613,7187,29246,16.0,2.0,3.6
15614,7189,7186,1.93,0.223,24.6
15615,7189,41046,5.5,40.5,7.6
15616,7191,7188,1.006,0.006,10.9
15617,7193,7190,1.541,0.565,13.7
15618,7193,14696,4.0,0.0,2.7
15619,7195,7192,1.074,0.146,9.5
15620,7197,7194,1.138,0.13,13.9
15621,7197,29176,1.5,0.5,3.6
15622,7201,2196,1.508,7.029,14.1
15623,7203,7200,1.465,1.286,14.1
15624,7205,7244,2.468,0.803,22.3
15625,7207,11020,3.709,114.543,8.9
15626,7209,7206,1.607,33.864,9.6
15627,7211,5216,2.394,142.2,14.6
15628,7213,7210,3.778,382.162,9.4
15629,7215,7212,1.27,0.274,9.6
15630,7217,7214,1.928,1.567,15.0
15631,7219,7216,1.746,0.728,13.0
15632,7221,7218,3.133,125.781,18.6
15633,7223,7220,1.327,0.457,9.5
15634,7225,35068,2.571,0.879,14.0
15635,7225,7238,3.265,1.098,34.4
15636,7231,7226,1.242,0.246,15.1
15637,7233,7228,1.067,0.063,14.2
15638,7237,9978,1.012,0.012,9.7
15639,7241,22124,2.525,0.288,11.4
15640,7241,12304,2.298,0.249,17.9
15641,7245,7242,1.019,0.019,10.0
15642,7247,9942,6.914,487.271,5.8
15643,7249,1444,1.143,0.123,13.4
15644,7251,36872,2.0,0.0,14.0
15645,7255,7252,1.135,0.117,12.9
15646,7257,27304,1.091,0.087,5.0
15647,7257,7254,2.057,0.402,21.8
15648,7259,7256,1.06,0.072,9.7
15649,7261,7258,1.395,0.332,14.3
15650,7263,7260,3.241,183.17,4.5
15651,7265,20392,4.4,4.8,36.1
15652,7267,6786,1.714,0.238,13.6
15653,7269,26926,3.0,0.0,17.0
15654,7269,7266,2.0,0.0,18.3
15655,7271,6408,2.0,0.4,12.1
15656,7277,2502,2.667,0.26,18.9
15657,7279,7276,1.833,0.167,14.6
15658,7281,7278,1.833,0.567,14.4
15659,7283,7280,1.8,0.7,14.5
15660,7285,7282,2.0,0.5,14.4
15661,7287,7284,2.0,0.0,14.6
15662,7291,7266,2.667,0.333,20.2
15663,7293,7290,1.333,0.333,9.2
15664,7309,6230,7.4,2.3,14.8
15665,7309,27862,2.0,0.0,4.7
15666,7311,24444,1.6,0.3,10.7
15667,7311,4150,2.25,0.192,15.4
15668,7313,7310,1.375,0.239,10.4
15669,7315,26722,1.25,0.25,5.2
15670,7315,7334,2.0,0.16,15.6
15671,7317,7314,1.276,0.207,10.4
15672,7319,7316,1.259,0.199,10.4
15673,7321,7462,1.75,0.25,9.0
15674,7321,7312,2.0,0.34,14.4
15675,7323,7320,1.429,0.251,11.1
15676,7325,19886,2.0,0.0,7.9
15677,7325,7322,1.366,0.238,10.4
15678,7327,27880,2.0,0.0,4.7
15679,7329,7326,2.0,0.174,15.1
15680,7331,7328,1.467,0.257,10.4
15681,7333,7330,2.0,0.143,14.4
15682,7335,7332,1.429,0.254,10.5
15683,7339,36830,5.0,0.0,9.1
15684,7351,28566,2.0,0.0,10.4
15685,7351,7348,3.0,0.0,21.2
15686,7351,7984,1.5,0.333,6.2
15687,7353,7350,1.286,0.238,13.1
15688,7357,27948,1.65,0.239,9.3
15689,7359,7356,1.923,0.077,14.5
15690,7363,26772,1.8,0.2,11.1
15691,7363,7360,5.333,0.333,43.2
15692,7367,7420,2.0,0.0,9.4
15693,7367,7364,2.0,0.0,14.4
15694,7369,7366,1.111,0.111,5.1
15695,7371,7368,1.2,0.178,10.1
15696,7373,7358,1.583,0.265,14.5
15697,7375,7372,2.0,0.0,14.6
15698,7375,28008,2.0,0.0,14.4
15699,7377,7374,2.2,0.2,14.9
15700,7383,7380,1.333,0.333,10.7
15701,7387,35390,1.36,0.261,9.6
15702,7391,7388,5.213,4.386,50.5
15703,7393,7390,1.054,0.052,13.9
15704,7395,7392,1.093,0.086,13.5
15705,7395,27910,1.167,0.167,3.7
15706,7397,21882,2.0,0.0,7.9
15707,7401,7398,1.069,0.065,13.6
15708,7403,7400,1.016,0.016,10.3
15709,7405,27954,2.0,0.0,10.3
15710,7407,7404,2.0,0.0,14.3
15711,7413,27966,1.5,0.5,4.7
15712,7415,7412,4.0,0.0,8.9
15713,7421,27970,5.0,0.0,8.9
15714,7423,27980,6.0,0.0,13.9
15715,7427,27976,2.0,0.0,5.2
15716,7431,27986,2.0,0.0,14.4
15717,7431,27984,2.0,0.0,4.7
15718,7433,27984,1.6,0.3,9.7
15719,7437,7434,1.75,0.25,13.9
15720,7437,27990,2.0,0.0,4.7
15721,7439,24422,2.0,0.0,7.8
15722,7443,28014,3.0,0.0,13.0
15723,7447,7444,2.0,0.0,3.5
15724,7449,7372,1.667,0.333,9.1
15725,7459,7456,2.0,0.0,16.1
15726,7461,27996,2.0,0.0,9.4
15727,7461,7440,3.0,0.0,14.2
15728,7465,15230,3.318,1.465,20.0
15729,7465,26072,4.154,0.974,26.5
15730,7467,3864,4.0,0.0,25.3
15731,7467,7464,35.0,3015.895,26.0
15732,7469,7466,1.25,0.196,9.2
15733,7471,7468,3.053,0.942,22.7
15734,7483,14312,2.091,0.273,14.5
15735,7485,7482,4.226,0.247,32.6
15736,7485,13904,7.6,88.3,10.9
15737,7487,27906,1.889,0.361,13.0
15738,7489,7486,2.0,0.0,15.3
15739,7491,7486,2.0,0.0,9.8
15740,7503,20450,2.167,0.167,15.1
15741,7503,20456,10.0,125.5,28.8
15742,7505,28122,3.5,0.5,21.5
15743,7505,6312,4.667,0.333,31.4
15744,7505,7518,4.25,0.214,31.5
15745,7507,7502,1.111,0.111,6.9
15746,7511,7508,1.125,0.125,7.0
15747,7515,7512,1.455,0.273,10.5
15748,7517,7514,1.167,0.167,10.4
15749,7519,7516,1.375,0.268,10.4
15750,7521,1226,6.0,0.0,14.2
15751,7527,7542,2.0,0.0,14.4
15752,7531,28086,1.75,0.25,9.2
15753,7531,7526,2.0,0.0,14.2
15754,7537,28092,2.0,0.0,14.5
15755,7539,7922,1.5,0.5,9.1
15756,7539,28506,2.333,0.267,13.7
15757,7541,7538,1.8,0.2,14.6
15758,7545,7542,1.6,0.3,14.5
15759,7549,31968,3.0,0.0,24.8
15760,7549,28106,1.5,0.5,4.7
15761,7557,7554,1.125,0.125,7.4
15762,7559,7556,1.25,0.25,8.5
15763,7563,11242,2.0,0.0,13.2
15764,7565,7518,4.0,0.0,16.5
15765,7565,28062,6.25,0.25,30.6
15766,7567,7564,2.833,0.167,7.2
15767,7569,7566,2.25,0.25,5.0
15768,7571,9846,2.0,0.0,9.1
15769,7573,34598,2.25,0.25,11.1
15770,7575,35636,1.5,0.333,11.7
15771,7575,14236,3.0,0.0,16.5
15772,7583,23530,18.0,0.0,1.3
15773,7585,28150,1.667,0.333,4.3
15774,7591,7588,2.0,0.0,14.2
15775,7593,7590,2.0,0.0,16.2
15776,7595,7592,2.0,0.0,14.5
15777,7597,16524,4.41,237.829,17.1
15778,7599,12390,52.333,9528.267,18.6
15779,7599,33658,20.5,612.5,27.1
15780,7601,7598,4.833,0.167,21.3
15781,7601,17454,4.0,0.0,18.1
15782,7603,7600,2.333,0.267,10.9
15783,7607,7604,1.2,0.2,5.1
15784,7609,7078,1.786,0.181,9.5
15785,7609,27620,2.0,0.0,15.0
15786,7611,7608,1.182,0.164,8.4
15787,7613,7610,1.167,0.167,10.4
15788,7615,5246,2.0,0.0,14.3
15789,7617,7614,1.6,0.3,10.4
15790,7623,37792,1.714,0.238,9.8
15791,7627,2718,3.25,0.214,10.8
15792,7629,7626,3.857,0.476,8.5
15793,7631,7628,2.333,0.333,5.0
15794,7633,7630,2.333,0.333,5.0
15795,7633,28196,2.5,0.5,4.7
15796,7635,7632,3.0,2.0,5.0
15797,7637,8494,1.812,0.696,17.8
15798,7637,37238,1.123,0.645,3.1
15799,7639,7636,10.059,606.508,10.5
15800,7641,7638,8.976,648.097,10.5
15801,7643,7640,9.783,557.708,10.8
15802,7645,7642,1.257,0.252,8.9
15803,7645,29066,4.143,31.81,4.2
15804,7647,8068,2.943,0.938,21.8
15805,7647,11852,3.929,0.533,37.0
15806,7647,32028,1.855,2.608,6.6
15807,7649,28718,2.083,0.083,13.7
15808,7649,7646,2.034,1.734,18.4
15809,7649,29986,5.25,72.25,2.5
15810,7651,7648,1.145,0.198,9.6
15811,7653,7650,1.2,0.315,13.0
15812,7653,21580,5.0,32.0,1.5
15813,7655,31976,1.333,0.333,9.4
15814,7657,12128,1.727,0.392,8.8
15815,7657,33310,3.095,42.29,3.1
15816,7661,7664,2.5,0.5,11.3
15817,7663,7666,3.0,0.0,14.7
15818,7665,41674,2.0,0.0,7.9
15819,7667,19418,2.0,0.0,12.6
15820,7671,7668,3.0,0.0,13.1
15821,7677,9244,2.833,26.695,9.3
15822,7677,29964,2.0,0.0,14.5
15823,7679,7676,1.889,0.333,14.4
15824,7679,28256,2.167,0.167,14.2
15825,7683,28252,2.0,0.0,9.1
15826,7683,7676,1.889,0.111,14.3
15827,7685,2824,1.25,0.25,6.2
15828,7687,2814,2.167,0.152,14.4
15829,7693,10104,3.0,0.0,14.4
15830,7699,17818,1.25,0.25,7.6
15831,7703,2806,2.0,0.0,14.5
15832,7707,36228,3.0,0.0,14.4
15833,7707,27588,1.5,0.5,9.1
15834,7709,25358,2.0,0.0,11.0
15835,7709,7706,4.333,5.333,15.1
15836,7711,7708,2.0,0.0,14.6
15837,7713,2808,2.0,0.0,14.6
15838,7715,28304,1.5,0.5,9.2
15839,7715,7712,1.25,0.25,9.2
15840,7717,7714,1.75,0.25,14.3
15841,7719,7716,2.0,0.0,14.5
15842,7723,7714,2.0,0.0,9.5
15843,7723,28296,2.0,0.0,14.7
15844,7725,25942,1.4,0.3,10.9
15845,7727,22912,2.0,0.463,12.4
15846,7729,22914,2.6,1.8,9.1
15847,7733,7730,1.5,0.5,14.2
15848,7739,39788,5.0,0.0,25.8
15849,7743,7740,2.0,0.0,14.4
15850,7757,7726,1.058,0.055,4.8
15851,7757,25394,2.0,0.0,14.1
15852,7759,7756,1.656,0.36,10.6
15853,7761,26350,1.5,0.278,8.2
15854,7761,7794,1.392,0.243,10.4
15855,7765,7762,1.474,0.254,11.0
15856,7769,4074,2.0,0.0,7.8
15857,7769,7766,1.357,0.234,10.4
15858,7771,4076,3.0,0.0,9.9
15859,7771,7768,1.627,0.238,12.0
15860,7773,7770,1.217,0.173,9.6
15861,7775,7772,1.361,0.234,10.0
15862,7779,7758,2.132,0.31,14.3
15863,7781,7776,1.918,0.143,15.1
15864,7783,7780,1.373,0.238,10.5
15865,7785,7778,1.033,0.032,5.1
15866,7787,7784,1.544,0.321,10.6
15867,7789,7786,1.5,0.306,10.5
15868,7791,26488,1.333,0.333,11.4
15869,7791,7788,2.072,0.267,14.7
15870,7793,7790,1.36,0.233,10.4
15871,7795,6010,2.0,0.0,8.6
15872,7795,7792,1.782,0.174,13.2
15873,7797,28360,1.333,0.333,9.4
15874,7797,7758,2.444,0.278,14.3
15875,7799,7796,1.5,0.333,10.4
15876,7801,28346,2.0,0.0,8.2
15877,7801,7762,3.25,0.25,12.9
15878,7803,7800,2.833,0.167,5.2
15879,7805,7802,3.5,0.3,6.5
15880,7807,7804,3.0,0.4,5.9
15881,7809,7806,8.5,1.0,17.1
15882,7811,26154,3.0,0.0,9.7
15883,7811,7808,8.5,0.333,17.0
15884,7813,7810,8.0,2.5,17.3
15885,7815,28362,2.0,0.0,7.8
15886,7815,7776,4.0,0.0,16.0
15887,7817,7814,3.0,0.0,8.1
15888,7819,7816,2.0,0.0,5.0
15889,7823,7820,2.0,2.0,5.0
15890,7825,7822,2.0,0.0,4.9
15891,7827,19726,2.8,0.2,15.5
15892,7829,7826,2.667,0.333,5.0
15893,7831,5414,1.75,0.205,11.0
15894,7831,25850,3.688,1.829,20.6
15895,7833,7864,2.5,0.265,20.0
15896,7835,7832,1.471,0.265,10.6
15897,7837,7834,1.455,0.273,10.4
15898,7839,7836,1.429,0.286,11.2
15899,7843,7840,2.0,0.0,15.6
15900,7847,41024,2.0,0.0,7.6
15901,7847,7830,15.762,1946.39,10.5
15902,7849,7844,1.5,0.5,12.8
15903,7855,7846,1.955,0.998,13.3
15904,7855,41160,1.4,0.8,3.1
15905,7857,7854,1.038,0.038,7.0
15906,7859,558,1.667,0.333,8.6
15907,7859,7856,1.417,0.254,9.7
15908,7861,7858,1.625,0.332,10.4
15909,7863,7860,1.391,0.249,9.9
15910,7867,7860,2.0,0.0,7.8
15911,7869,7866,7.0,0.0,14.9
15912,7873,7864,4.75,0.917,19.8
15913,7875,7872,6.0,2.0,13.8
15914,7877,7874,6.0,2.0,13.1
15915,7879,7832,3.0,0.0,12.2
15916,7883,28464,3.0,2.0,4.7
15917,7885,7840,2.0,0.0,12.5
15918,7889,7994,23.714,3459.143,6.6
15919,7891,17470,2.25,0.25,6.9
15920,7893,21938,1.29,0.213,10.8
15921,7895,7892,2.677,0.292,21.3
15922,7897,7894,1.043,0.043,7.2
15923,7899,25258,3.282,4.005,15.4
15924,7899,12636,4.211,1.688,22.2
15925,7901,7898,4.2,436.604,3.3
15926,7903,30212,1.56,0.257,9.5
15927,7905,7902,2.0,0.0,8.1
15928,7907,28488,2.333,0.25,4.7
15929,7909,7906,5.75,0.917,13.8
15930,7909,19014,3.286,0.238,13.9
15931,7909,28490,2.0,0.5,4.7
15932,7911,19012,2.571,0.286,9.4
15933,7911,7908,7.556,1.028,14.7
15934,7911,28492,2.2,0.7,4.7
15935,7913,7910,7.333,0.788,14.1
15936,7913,30228,3.692,2.897,14.2
15937,7913,28494,2.818,0.764,5.0
15938,7915,14312,1.926,0.159,14.5
15939,7917,7914,1.881,0.228,14.4
15940,7919,7916,2.014,0.309,14.4
15941,7919,28516,1.429,1.802,3.6
15942,7921,7918,1.44,0.249,11.1
15943,7923,7920,1.5,0.276,11.2
15944,7925,28096,1.333,0.333,5.3
15945,7925,7922,1.869,0.187,13.8
15946,7927,7924,2.247,0.283,16.6
15947,7929,7926,1.765,0.207,13.5
15948,7929,7552,2.0,8.0,4.0
15949,7933,7930,1.378,0.238,10.2
15950,7935,28500,1.222,0.194,10.2
15951,7935,7916,2.0,0.0,15.7
15952,7937,7934,1.3,0.233,9.9
15953,7939,7936,2.5,0.278,18.4
15954,7941,7938,2.0,0.286,14.6
15955,7945,7964,1.025,0.025,5.0
15956,7947,7944,1.067,0.064,11.0
15957,7947,33246,2.385,4.19,3.0
15958,7949,7946,1.042,0.041,6.2
15959,7951,7952,1.22,0.175,8.6
15960,7953,7942,2.429,0.311,18.6
15961,7953,23880,4.619,0.448,24.6
15962,7953,9632,2.0,2.0,2.9
15963,7955,7950,1.254,0.193,9.9
15964,7955,14266,4.5,24.5,1.3
15965,7957,7954,1.635,0.236,13.9
15966,7961,24050,2.0,0.0,10.6
15967,7961,7958,1.966,0.315,23.3
15968,7961,23116,1.704,2.986,3.3
15969,7967,7948,2.0,0.333,9.0
15970,7967,17256,4.0,0.649,30.0
15971,7967,25398,5.571,17.833,11.8
15972,7969,7966,1.228,0.306,9.4
15973,7971,7968,1.253,4.825,10.4
15974,7973,7970,1.072,0.068,10.4
15975,7977,7974,1.286,0.949,14.4
15976,7987,27904,2.714,0.571,19.0
15977,7989,33508,2.25,0.25,11.3
15978,7989,12300,2.0,0.0,13.9
15979,7991,33496,3.167,28.144,3.5
15980,7993,7990,2.714,0.582,5.0
15981,7995,7992,1.045,0.045,1.7
15982,7997,7994,40.0,4499.455,11.0
15983,7999,7996,5.0,0.0,9.2
15984,8007,20110,3.0,0.0,9.9
15985,8007,23634,2.0,0.0,9.5
15986,8009,8006,3.333,0.333,14.4
15987,8011,8008,2.0,1.0,9.0
15988,8011,28604,1.5,0.5,4.7
15989,8013,19304,2.0,0.0,9.0
15990,8013,8010,2.667,1.333,14.6
15991,8013,28606,2.0,0.0,4.7
15992,8017,35084,2.0,0.0,9.0
15993,8017,8014,3.143,0.476,14.3
15994,8017,28610,2.0,0.0,4.7
15995,8021,408,1.75,0.25,9.7
15996,8021,20052,3.0,0.0,14.6
15997,8023,15864,1.167,0.167,9.6
15998,8023,37604,2.0,0.0,14.4
15999,8025,8022,1.667,0.267,15.7
16000,8025,22866,2.0,0.0,16.0
16001,8027,8024,1.625,0.268,14.4
16002,8027,28620,1.667,0.333,4.7
16003,8029,8026,2.0,0.0,14.7
16004,8029,28914,2.0,0.0,14.4
16005,8031,31752,2.25,0.205,18.0
16006,8031,2208,2.0,0.0,16.1
16007,8033,8030,1.923,0.077,14.4
16008,8035,8032,1.667,0.242,12.2
16009,8037,8034,1.3,0.233,10.4
16010,8039,8036,2.0,0.0,16.2
16011,8041,3454,1.333,0.333,10.6
16012,8043,8040,3.0,0.0,25.4
16013,8051,8048,2.0,0.0,14.6
16014,8053,2830,2.513,0.362,16.4
16015,8055,8052,3.914,196.022,9.3
16016,8059,12626,3.528,0.479,17.1
16017,8059,14130,3.877,18.288,31.5
16018,8059,32298,5.083,30.083,9.1
16019,8061,30506,2.0,0.0,12.9
16020,8061,8058,1.591,1.082,11.1
16021,8061,31652,14.5,364.5,3.3
16022,8063,30500,3.429,4.286,21.7
16023,8063,8060,2.375,1.203,23.2
16024,8063,31656,2.0,0.0,7.7
16025,8065,9786,2.25,0.25,18.9
16026,8065,8062,1.937,1.009,19.4
16027,8065,41572,42.0,0.0,3.0
16028,8067,8064,1.042,0.041,5.9
16029,8069,8066,1.008,0.008,8.4
16030,8071,23052,1.869,0.249,11.2
16031,8071,8056,2.333,0.381,15.8
16032,8073,8070,1.184,0.403,4.9
16033,8075,8072,5.375,505.857,11.8
16034,8075,28670,4.5,23.1,1.4
16035,8077,8074,10.097,1085.105,5.1
16036,8079,28670,1.25,0.205,7.0
16037,8079,8072,2.0,0.0,12.2
16038,8081,8078,2.833,0.152,13.2
16039,8083,8080,2.667,0.333,14.4
16040,8087,28682,2.0,0.0,4.7
16041,8089,17366,4.0,0.0,18.1
16042,8091,9938,2.976,0.219,23.0
16043,8091,7246,3.348,7.706,33.3
16044,8091,35442,53.0,0.0,8.2
16045,8093,28258,2.222,0.487,14.6
16046,8095,8092,1.2,0.379,4.5
16047,8099,8082,3.0,0.0,14.2
16048,8101,5624,5.25,905.093,9.4
16049,8101,23140,1.2,0.8,1.8
16050,8103,2994,2.0,0.0,6.9
16051,8105,8106,1.473,13.142,8.4
16052,8107,8108,1.014,0.014,4.0
16053,8109,206,2.287,126.878,8.4
16054,8117,7646,2.933,0.495,18.3
16055,8117,29986,3.5,0.5,27.8
16056,8117,28214,3.222,0.444,19.0
16057,8119,8116,2.118,0.11,9.6
16058,8125,28726,1.333,0.333,4.7
16059,8127,28970,2.0,0.0,13.4
16060,8129,8126,2.0,0.0,15.0
16061,8135,8290,1.953,0.093,14.0
16062,8137,8134,1.488,0.256,10.4
16063,8141,11552,2.5,0.5,11.5
16064,8141,33286,7.0,0.286,53.6
16065,8141,40188,4.667,0.333,30.1
16066,8143,33202,2.526,0.472,19.2
16067,8143,4924,2.75,0.917,19.2
16068,8145,8142,1.194,0.161,4.6
16069,8151,12004,2.034,1.677,12.6
16070,8151,20834,5.0,0.0,23.0
16071,8155,8152,2.138,0.195,28.1
16072,8155,28758,2.0,0.0,1.4
16073,8159,24450,2.083,0.447,9.1
16074,8159,5412,3.231,0.526,22.6
16075,8163,8160,1.5,0.5,11.8
16076,8165,30680,1.667,0.333,9.0
16077,8167,30678,1.75,0.25,9.0
16078,8171,28774,2.0,0.0,4.8
16079,8173,28790,3.0,0.0,14.0
16080,8175,8172,3.0,0.0,13.9
16081,8177,8174,3.0,0.0,14.6
16082,8179,8176,2.5,0.5,14.0
16083,8181,8178,3.0,0.0,14.4
16084,8183,8180,3.0,0.0,12.5
16085,8185,8182,3.0,0.0,14.4
16086,8189,28780,2.667,0.333,14.3
16087,8191,8188,3.0,0.0,13.3
16088,8193,36274,2.0,0.0,14.7
16089,8195,8192,2.0,0.0,12.9
16090,8203,4168,2.5,0.5,14.6
16091,8203,24462,3.529,1.14,21.8
16092,8205,28788,3.0,0.5,14.5
16093,8207,8204,2.5,0.5,14.4
16094,8209,23940,3.0,0.0,11.8
16095,8209,8206,2.0,0.0,14.5
16096,8211,14704,3.0,0.5,15.5
16097,8213,16698,1.75,0.25,10.6
16098,8213,38570,3.818,0.564,16.0
16099,8215,8212,2.0,0.0,14.7
16100,8215,28820,2.0,0.0,4.7
16101,8217,8214,1.5,0.3,10.3
16102,8229,8226,2.0,0.0,14.3
16103,8231,8228,2.0,0.0,16.9
16104,8233,8230,2.0,0.0,14.7
16105,8235,8232,2.0,0.0,15.3
16106,8237,38574,7.667,40.333,17.0
16107,8239,8236,2.0,0.0,15.4
16108,8239,28840,7.0,0.0,15.1
16109,8241,27318,1.429,0.264,10.3
16110,8241,6798,2.125,0.125,15.7
16111,8243,8240,1.957,0.225,14.2
16112,8245,8242,2.0,0.0,14.4
16113,8251,8378,1.615,0.246,9.1
16114,8251,8248,2.0,0.0,13.9
16115,8257,8254,1.919,0.188,14.4
16116,8259,8256,1.065,0.062,5.0
16117,8261,2126,1.688,0.363,13.6
16118,8265,8260,2.0,0.0,14.6
16119,8267,8264,1.1,0.1,6.5
16120,8269,3724,10.824,680.668,38.8
16121,8271,8268,1.69,1.536,6.8
16122,8273,28936,1.384,0.24,9.2
16123,8273,8270,2.37,0.505,14.2
16124,8275,28958,1.333,0.333,10.0
16125,8275,8272,3.5,0.5,15.2
16126,8275,28880,2.0,0.0,4.7
16127,8279,23962,1.636,0.283,9.7
16128,8279,3730,2.146,0.128,14.8
16129,8281,8278,1.519,0.253,13.2
16130,8283,8280,1.483,0.254,10.8
16131,8285,8282,1.111,0.101,8.1
16132,8287,8284,1.024,0.024,5.6
16133,8289,3732,1.818,0.152,10.3
16134,8289,23964,2.0,0.0,14.6
16135,8291,8288,1.976,0.024,14.3
16136,8295,34056,2.0,0.4,7.7
16137,8299,28636,2.0,0.0,12.5
16138,8299,8040,3.0,0.0,25.4
16139,8301,8298,2.0,0.0,14.3
16140,8305,28622,1.5,0.5,9.2
16141,8309,22868,2.0,0.0,15.6
16142,8309,28918,2.0,0.0,4.7
16143,8313,28850,1.2,0.2,9.1
16144,8313,8242,2.154,0.308,14.3
16145,8317,28826,2.0,0.0,10.6
16146,8319,31446,3.0,0.0,13.9
16147,8321,8318,2.0,0.0,12.8
16148,8325,28878,1.864,0.121,14.1
16149,8327,8324,1.182,0.152,14.4
16150,8329,8326,1.293,0.212,12.2
16151,8329,24028,2.0,0.0,15.7
16152,8335,8332,5.0,0.0,25.5
16153,8335,24136,4.0,0.0,17.9
16154,8343,8340,2.0,0.0,13.9
16155,8345,8272,1.724,0.288,9.8
16156,8345,28880,2.0,0.0,15.1
16157,8351,41586,51.286,7391.571,4.9
16158,8353,28956,1.5,0.5,13.9
16159,8355,8352,2.0,0.0,14.4
16160,8357,28728,2.0,0.0,13.9
16161,8359,28620,1.5,0.333,9.2
16162,8363,28976,2.0,0.0,4.7
16163,8365,28978,2.0,0.0,4.7
16164,8367,8038,2.0,0.0,11.2
16165,8369,8366,1.5,0.5,16.5
16166,8373,8370,2.0,0.0,15.0
16167,8373,22872,2.0,0.0,14.7
16168,8375,8372,2.0,0.0,15.2
16169,8375,28978,2.0,0.0,15.1
16170,8375,28988,2.0,0.667,4.7
16171,8385,18042,1.1,0.093,9.6
16172,8387,8384,1.3,0.217,10.4
16173,8389,8386,1.48,0.26,12.0
16174,8389,29002,7.0,72.0,1.5
16175,8391,8388,1.087,0.083,8.7
16176,8391,16004,2.0,0.0,11.7
16177,8391,29004,3.0,8.0,1.5
16178,8393,41312,1.5,0.3,7.1
16179,8393,8390,1.263,0.205,10.4
16180,8395,8392,1.5,0.265,11.7
16181,8399,5790,2.333,0.333,12.3
16182,8401,8398,3.0,0.0,14.5
16183,8405,28536,1.929,0.225,10.6
16184,8405,7954,3.667,0.606,21.6
16185,8407,8404,1.13,0.119,5.1
16186,8409,8406,2.941,0.184,14.6
16187,8415,8412,1.4,0.3,8.2
16188,8419,29746,1.154,0.141,5.0
16189,8421,8418,2.625,0.554,13.8
16190,8423,8420,3.0,0.0,14.4
16191,8427,8424,1.37,0.242,10.6
16192,8429,8446,1.778,0.194,13.6
16193,8431,8428,1.5,0.333,14.2
16194,8435,8432,2.0,0.0,20.0
16195,8437,8434,1.5,0.333,14.7
16196,8441,8438,1.485,0.258,10.7
16197,8441,23970,4.0,0.0,2.4
16198,8443,6204,3.0,0.0,13.9
16199,8443,8440,1.972,0.085,15.7
16200,8445,36568,1.562,0.796,5.6
16201,8447,8444,2.111,0.111,16.2
16202,8451,7402,1.326,0.222,12.6
16203,8453,23874,2.435,0.348,12.6
16204,8453,8450,1.349,0.23,9.5
16205,8453,8436,5.0,0.0,4.1
16206,8457,8454,2.0,0.0,14.3
16207,8461,41932,3.0,0.0,9.6
16208,8461,11494,2.2,1.2,14.7
16209,8461,32570,3.15,0.345,15.5
16210,8463,8460,1.043,0.043,13.2
16211,8473,17344,1.762,0.79,10.9
16212,8475,8472,1.1,0.1,14.3
16213,8487,33628,1.938,0.196,16.9
16214,8497,33298,2.667,0.333,16.4
16215,8499,8496,1.333,0.333,12.6
16216,8503,8500,2.0,0.0,13.6
16217,8507,31282,3.0,0.0,24.7
16218,8513,29460,6.5,0.5,29.8
16219,8521,8518,4.0,0.0,30.5
16220,8523,38866,2.222,0.194,12.2
16221,8523,16958,2.0,0.0,16.4
16222,8525,38164,2.0,0.0,15.7
16223,8527,8524,1.333,0.333,10.6
16224,8529,8526,1.333,0.333,9.1
16225,8531,8626,2.0,0.0,6.9
16226,8535,8522,1.909,0.091,14.5
16227,8539,8536,5.0,0.0,40.2
16228,8545,15008,2.0,0.0,14.9
16229,8547,8544,2.0,0.0,17.8
16230,8549,14226,2.644,0.507,19.0
16231,8551,8548,1.933,0.245,14.2
16232,8553,14088,1.333,0.333,5.0
16233,8553,8550,1.933,0.155,14.3
16234,8555,8552,1.405,0.247,10.4
16235,8557,38746,1.5,0.3,9.3
16236,8557,8554,2.086,0.198,15.0
16237,8561,8558,1.375,0.25,10.4
16238,8563,7194,2.0,0.0,18.4
16239,8567,12262,1.5,0.333,9.6
16240,8567,37420,2.5,0.534,17.8
16241,8569,8566,4.0,0.25,30.1
16242,8571,8568,1.107,0.099,8.1
16243,8575,8572,1.6,0.25,12.5
16244,8577,8574,1.917,0.167,14.8
16245,8579,8576,2.0,0.174,15.0
16246,8581,8578,2.0,0.125,13.9
16247,8581,30062,2.0,0.0,14.2
16248,8581,29194,2.0,0.0,4.7
16249,8585,2502,2.333,0.333,11.8
16250,8585,27830,2.0,0.0,19.1
16251,8587,8584,1.5,0.5,8.3
16252,8593,4206,2.0,0.0,9.0
16253,8593,24024,3.0,0.0,14.5
16254,8595,10504,2.5,0.5,9.0
16255,8595,8592,3.25,0.214,14.5
16256,8595,31430,3.0,1.0,14.3
16257,8597,31424,3.0,0.0,14.4
16258,8599,24504,5.5,5.167,15.2
16259,8601,8598,2.7,0.233,13.6
16260,8607,20206,2.6,0.8,14.3
16261,8609,29230,2.0,0.0,4.7
16262,8615,35470,2.0,0.0,9.2
16263,8617,8614,2.0,0.0,14.6
16264,8617,29238,2.0,0.0,4.7
16265,8625,27738,3.0,0.0,10.5
16266,8627,8624,2.0,0.0,10.2
16267,8633,33802,2.0,0.0,16.0
16268,8637,14820,1.048,0.048,7.0
16269,8639,8636,1.36,0.24,10.4
16270,8643,8638,1.296,0.217,10.4
16271,8645,39608,2.0,0.0,9.5
16272,8645,8642,1.704,0.217,13.3
16273,8645,29266,4.0,18.0,1.4
16274,8647,8644,2.613,0.378,18.8
16275,8647,40990,1.25,0.214,6.6
16276,8649,8646,1.4,0.246,10.5
16277,8651,8648,1.524,0.256,10.4
16278,8651,29272,4.0,0.0,1.4
16279,8653,8650,1.25,0.192,10.7
16280,8657,38162,2.0,0.0,14.9
16281,8661,8674,1.333,0.333,9.5
16282,8673,8670,1.5,0.5,10.3
16283,8677,32696,1.5,0.5,14.4
16284,8685,8682,2.0,0.0,10.4
16285,8687,8684,2.0,0.0,10.4
16286,8689,11600,1.714,0.571,10.2
16287,8689,32694,3.5,0.5,17.4
16288,8691,8688,2.0,1.0,14.2
16289,8693,8690,2.0,0.0,14.2
16290,8697,24240,2.0,0.0,9.3
16291,8697,29318,1.667,0.333,4.7
16292,8699,8696,1.2,0.2,10.4
16293,8701,29380,2.0,0.0,16.1
16294,8701,17012,2.778,0.944,21.1
16295,8701,8740,2.1,0.1,16.6
16296,8701,29322,2.0,0.0,4.7
16297,8703,8700,1.619,0.248,14.4
16298,8705,29384,2.0,0.0,9.1
16299,8705,8744,2.0,0.0,13.8
16300,8705,29326,2.0,0.0,4.7
16301,8707,25588,2.5,0.333,14.9
16302,8711,8708,1.25,0.25,10.0
16303,8715,8712,2.5,0.5,14.5
16304,8717,8714,2.0,0.0,9.8
16305,8723,5436,4.8,0.2,33.8
16306,8725,8940,2.0,0.0,9.1
16307,8725,8722,1.857,0.143,14.6
16308,8725,29602,2.5,0.5,14.2
16309,8727,8724,1.333,0.25,10.2
16310,8733,10604,2.0,0.182,10.2
16311,8733,41928,4.0,3.333,25.6
16312,8733,36854,44.5,10136.3,21.6
16313,8735,8732,1.9,0.516,10.6
16314,8737,8734,2.65,0.345,19.4
16315,8739,8736,3.941,0.184,30.5
16316,8741,8738,1.412,0.257,10.4
16317,8743,8740,3.0,0.0,23.2
16318,8745,8742,1.333,0.267,10.4
16319,8747,8744,2.0,0.0,14.7
16320,8749,29596,1.4,0.3,9.0
16321,8749,8934,2.0,0.0,14.2
16322,8749,29386,1.75,0.25,4.7
16323,8753,11084,2.444,0.528,17.8
16324,8755,8752,1.889,0.111,14.9
16325,8757,8754,1.667,0.25,12.0
16326,8763,8760,1.364,0.255,10.6
16327,8765,31178,1.25,0.25,9.2
16328,8765,8762,2.0,0.0,14.4
16329,8767,33746,1.5,0.5,7.7
16330,8767,8764,1.455,0.273,10.5
16331,8769,16988,1.367,0.27,8.6
16332,8771,8768,1.474,0.611,10.6
16333,8773,8770,1.1,0.093,3.9
16334,8775,8772,1.481,1.235,10.4
16335,8777,29416,1.714,0.22,9.6
16336,8777,8774,1.258,0.26,14.9
16337,8779,8774,2.0,1.0,13.2
16338,8779,29414,2.5,1.0,19.4
16339,8779,29416,2.0,0.0,4.7
16340,8791,14210,1.5,0.5,6.6
16341,8795,8792,2.0,0.0,15.1
16342,8797,8794,2.0,0.0,14.2
16343,8799,8796,1.667,0.333,14.6
16344,8801,8798,1.5,0.333,14.6
16345,8803,8800,1.25,0.25,10.4
16346,8805,35592,1.5,0.278,7.6
16347,8807,8804,4.0,0.0,23.2
16348,8809,8806,3.0,0.0,13.2
16349,8811,8808,3.0,0.0,14.4
16350,8815,29584,1.074,0.069,8.4
16351,8815,8922,4.735,1.291,34.0
16352,8819,38150,1.154,0.141,5.3
16353,8825,16988,2.706,1.846,11.8
16354,8827,8824,1.267,0.21,15.1
16355,8837,8834,1.429,0.286,14.4
16356,8839,17190,2.062,0.196,12.8
16357,8841,8838,2.833,0.167,14.4
16358,8843,8840,3.0,0.0,14.4
16359,8845,17186,1.474,0.253,7.6
16360,8845,39176,2.333,0.333,12.9
16361,8847,8844,3.105,0.655,14.4
16362,8849,8846,2.667,0.25,14.4
16363,8851,8472,1.929,0.071,14.1
16364,8857,8814,2.134,0.159,15.7
16365,8859,8856,1.613,0.305,11.7
16366,8861,8858,2.223,0.261,16.1
16367,8863,8860,1.374,0.237,10.4
16368,8865,8862,2.088,0.326,15.0
16369,8869,29550,3.0,0.0,14.5
16370,8869,8866,3.0,0.0,14.3
16371,8869,29526,2.0,0.0,4.7
16372,8877,8910,1.375,0.268,6.3
16373,8883,8880,2.0,0.0,14.2
16374,8893,29526,3.0,0.0,14.4
16375,8897,9088,1.5,0.3,8.5
16376,8899,29890,1.889,0.111,15.1
16377,8901,37040,2.905,0.99,18.8
16378,8903,8856,2.0,0.0,12.6
16379,8907,29518,2.0,0.0,15.8
16380,8911,8900,2.286,0.374,17.4
16381,8913,29572,1.5,0.5,4.7
16382,8917,29430,2.0,0.0,15.3
16383,8919,8512,2.0,0.0,4.2
16384,8921,11826,1.5,0.5,10.2
16385,8921,12248,2.81,0.462,18.0
16386,8921,14492,3.333,1.515,15.2
16387,8923,8920,1.886,0.104,17.1
16388,8925,29460,1.474,1.152,2.4
16389,8927,8924,1.171,0.146,10.4
16390,8929,8926,1.964,0.332,14.8
16391,8931,8902,2.0,0.0,13.3
16392,8933,2438,2.0,0.0,15.2
16393,8933,22496,2.0,0.0,14.2
16394,8935,8932,1.5,0.5,10.5
16395,8937,29386,2.0,0.0,14.1
16396,8939,8936,2.0,0.0,14.5
16397,8941,2598,2.0,0.0,17.8
16398,8943,8940,1.8,0.2,14.4
16399,8945,8942,2.0,0.0,15.1
16400,8947,8944,1.5,0.5,10.4
16401,8949,8946,2.0,0.0,14.3
16402,8957,29616,1.5,0.5,4.9
16403,8961,8990,2.0,0.0,14.3
16404,8963,8960,1.8,0.2,10.5
16405,8965,8962,1.25,0.25,9.0
16406,8967,8964,1.333,0.333,9.1
16407,8969,8966,2.0,0.0,10.4
16408,8975,8972,2.0,0.0,16.1
16409,8977,8974,2.0,0.0,14.3
16410,8979,8976,1.5,0.5,14.3
16411,8983,32704,1.333,0.333,9.4
16412,8983,11610,2.5,0.5,14.7
16413,8985,32694,1.714,0.571,9.6
16414,8985,11600,2.455,0.873,17.2
16415,8989,8986,2.0,0.0,14.4
16416,8991,8984,1.1,0.1,4.8
16417,8993,8990,2.0,0.0,14.2
16418,8997,8994,2.0,0.0,8.7
16419,8999,33290,3.0,0.0,9.2
16420,9001,15730,1.875,0.25,9.1
16421,9001,37446,3.0,1.0,14.3
16422,9003,9000,99.2,39169.7,14.5
16423,9005,9002,3.5,0.5,14.5
16424,9011,32010,1.5,0.333,9.3
16425,9011,11006,1.833,0.167,13.8
16426,9011,29686,2.0,0.0,4.7
16427,9013,11008,2.0,0.0,11.0
16428,9013,32012,2.5,0.5,15.7
16429,9017,9126,1.697,0.214,10.3
16430,9019,9016,3.182,0.274,14.2
16431,9019,30146,3.0,0.0,14.6
16432,9021,9018,2.075,0.222,9.4
16433,9023,14880,1.65,0.239,9.2
16434,9025,9022,1.909,0.291,14.6
16435,9027,9024,2.0,0.0,15.1
16436,9033,9030,1.25,0.25,10.1
16437,9035,36580,2.0,0.0,14.1
16438,9037,39562,2.0,0.0,7.5
16439,9039,9036,1.25,0.25,9.0
16440,9043,9040,2.0,0.0,14.4
16441,9045,9042,1.286,0.238,10.4
16442,9047,9044,1.375,0.268,10.4
16443,9049,25632,3.364,0.614,19.4
16444,9049,22182,4.0,0.56,40.2
16445,9049,7202,7.902,48.679,20.0
16446,9051,9048,1.815,1.229,10.0
16447,9051,29730,4.667,40.333,1.5
16448,9053,9050,3.497,143.276,15.6
16449,9053,7002,2.729,11.099,3.6
16450,9055,27048,2.214,0.181,19.0
16451,9055,9052,3.219,12.842,23.5
16452,9057,12532,1.667,0.333,14.7
16453,9061,9058,1.5,0.3,10.0
16454,9061,40000,6.0,0.0,3.0
16455,9069,9066,3.0,0.0,14.5
16456,9071,9068,3.5,0.5,14.3
16457,9071,15068,3.0,0.0,14.1
16458,9073,9070,2.0,0.0,11.3
16459,9077,5866,1.484,0.294,13.2
16460,9079,9076,1.44,0.248,6.5
16461,9085,8776,2.448,0.281,29.9
16462,9085,14434,2.0,0.2,12.2
16463,9087,34080,1.8,1.029,9.7
16464,9087,25866,3.0,0.0,25.8
16465,9089,9086,1.875,0.125,14.0
16466,9091,33534,2.0,0.0,14.1
16467,9095,1594,1.857,0.143,14.1
16468,9099,29810,2.0,0.0,11.4
16469,9103,30092,2.0,0.0,18.4
16470,9103,2030,2.0,0.0,18.8
16471,9105,9102,2.0,0.0,15.1
16472,9107,9104,2.0,0.0,16.5
16473,9109,9106,1.333,0.333,10.6
16474,9125,29820,2.0,0.0,12.6
16475,9127,2472,2.324,0.407,11.1
16476,9127,11274,2.6,0.257,16.8
16477,9127,21896,2.389,0.605,15.5
16478,9141,31070,1.923,0.154,13.0
16479,9143,9140,1.083,0.083,6.6
16480,9147,9160,1.6,0.3,9.3
16481,9151,31080,1.25,0.214,8.6
16482,9157,2272,1.5,0.5,6.8
16483,9161,31068,1.625,0.268,10.0
16484,9163,17054,2.0,0.0,13.6
16485,9165,9162,2.0,0.0,14.3
16486,9173,9170,2.0,0.0,7.2
16487,9173,4382,4.0,0.0,16.0
16488,9175,9172,1.478,0.261,10.5
16489,9177,3986,1.25,0.25,9.1
16490,9177,9174,2.087,0.174,15.5
16491,9177,24228,2.0,0.0,15.0
16492,9179,5444,2.0,0.0,14.8
16493,9183,29556,2.0,0.667,14.8
16494,9185,31122,1.667,0.242,10.5
16495,9185,10238,4.5,0.333,32.8
16496,9187,9184,1.167,0.152,9.4
16497,9189,2546,1.5,0.5,7.6
16498,9189,9186,1.375,0.268,10.5
16499,9191,9188,1.273,0.218,10.4
16500,9193,9190,2.111,0.361,15.7
16501,9195,2548,2.0,0.0,8.1
16502,9195,9192,2.167,0.167,14.4
16503,9195,12316,1.429,1.286,3.7
16504,9197,9194,1.412,0.257,10.0
16505,9199,29970,1.75,0.25,10.3
16506,9201,9198,1.75,0.25,10.7
16507,9205,29090,1.333,0.333,9.4
16508,9205,9202,2.25,0.25,14.3
16509,9207,9204,1.429,0.286,10.6
16510,9209,9206,1.083,0.083,8.0
16511,9209,29916,7.0,18.0,1.4
16512,9213,9086,1.333,0.25,10.2
16513,9221,29936,1.375,0.268,4.7
16514,9227,41886,2.0,0.0,9.3
16515,9235,28216,2.0,0.0,10.7
16516,9235,7648,2.0,0.0,16.2
16517,9237,33476,1.688,0.496,9.2
16518,9239,40184,32.156,3051.749,17.2
16519,9239,12282,2.0,0.333,13.9
16520,9241,9238,1.24,0.44,4.0
16521,9243,9240,2.667,1.067,10.5
16522,9245,9932,3.397,61.645,16.3
16523,9247,28250,1.583,0.265,9.2
16524,9247,9244,9.771,1476.393,14.3
16525,9249,9246,2.041,0.415,14.4
16526,9249,2286,2.0,0.0,14.5
16527,9251,9248,1.725,0.323,10.4
16528,9253,29906,1.667,0.25,8.7
16529,9255,9252,3.0,0.0,14.8
16530,9257,33400,1.333,0.333,8.2
16531,9257,12216,2.0,0.0,12.4
16532,9259,9256,2.25,0.25,12.7
16533,9265,19490,2.333,0.267,13.3
16534,9267,9264,2.667,0.267,13.3
16535,9269,28214,2.1,0.1,14.9
16536,9269,7646,2.667,0.333,23.7
16537,9275,9272,1.2,0.2,15.0
16538,9281,32308,2.0,0.0,14.9
16539,9283,9280,2.0,0.0,13.8
16540,9291,10936,2.0,0.0,12.4
16541,9293,29712,2.0,0.0,12.3
16542,9301,9022,2.0,0.0,14.3
16543,9303,30018,2.0,0.0,9.2
16544,9305,1196,3.5,0.5,24.1
16545,9307,9304,2.0,0.0,14.3
16546,9311,30030,1.5,0.5,4.7
16547,9315,12252,3.833,1.367,23.8
16548,9317,9314,1.6,0.3,14.1
16549,9327,30040,2.0,0.0,9.8
16550,9335,31916,2.0,0.0,14.7
16551,9337,30018,1.667,0.333,14.1
16552,9339,9332,2.25,0.25,14.5
16553,9341,9338,2.0,0.0,14.5
16554,9343,41700,3.0,0.0,17.5
16555,9345,8578,2.0,0.0,14.8
16556,9347,39444,1.333,0.25,7.8
16557,9353,24282,2.0,0.0,14.1
16558,9357,3998,3.0,0.0,16.3
16559,9363,24260,3.0,0.0,14.3
16560,9365,9362,2.0,0.0,8.9
16561,9369,9366,2.0,0.0,14.4
16562,9369,4026,3.0,0.0,14.2
16563,9371,9368,3.0,0.0,14.4
16564,9373,24254,2.0,0.0,9.0
16565,9373,9370,4.0,0.0,17.6
16566,9373,4000,4.0,0.5,17.5
16567,9373,30088,2.0,0.0,4.7
16568,9375,9372,3.2,0.178,14.8
16569,9377,2030,1.789,0.509,9.7
16570,9377,29806,2.25,0.25,19.3
16571,9379,30098,2.0,0.0,10.5
16572,9379,9376,2.652,0.328,20.2
16573,9379,9164,4.0,0.0,19.7
16574,9381,9378,1.346,0.235,10.4
16575,9383,9164,3.0,0.0,20.1
16576,9387,30106,2.6,0.3,14.2
16577,9391,30102,2.0,0.0,9.0
16578,9391,9388,2.0,0.0,14.4
16579,9391,30106,1.4,0.3,4.7
16580,9393,10238,2.0,0.0,9.1
16581,9393,29892,29.294,5021.721,29.2
16582,9393,31122,3.5,0.5,32.1
16583,9393,30108,2.0,0.0,4.7
16584,9395,9392,1.636,0.433,10.2
16585,9397,9394,2.333,0.233,17.8
16586,9399,9396,1.65,0.345,10.8
16587,9401,9398,1.4,0.358,10.0
16588,9413,25888,2.0,0.0,16.2
16589,9415,11054,2.0,1.0,9.0
16590,9417,38452,3.0,0.0,14.2
16591,9419,8846,1.5,0.333,9.0
16592,9421,16590,1.429,0.286,9.0
16593,9427,29696,2.0,0.0,10.5
16594,9427,9016,4.0,0.0,15.1
16595,9429,9426,3.0,0.0,14.4
16596,9447,15868,2.143,0.129,15.8
16597,9449,9446,1.409,0.253,10.3
16598,9451,30172,2.0,0.0,1.4
16599,9455,9066,3.375,0.268,14.8
16600,9457,7144,2.0,0.0,15.0
16601,9463,11656,3.333,0.333,14.9
16602,9465,15734,2.0,0.0,9.0
16603,9465,37450,2.5,0.273,13.0
16604,9467,9464,171.4,41007.3,14.5
16605,9469,2394,2.333,0.353,18.7
16606,9471,9468,2.526,0.819,10.6
16607,9473,9470,2.409,2.92,14.8
16608,9475,9472,1.462,0.738,10.4
16609,9479,9476,1.074,0.071,14.3
16610,9485,19026,2.0,0.0,14.2
16611,9489,41232,1.075,0.071,9.9
16612,9495,35690,1.192,0.157,8.1
16613,9495,14592,1.667,0.333,9.5
16614,9497,9494,1.055,0.08,3.6
16615,9499,9496,1.068,0.064,5.0
16616,9501,9498,1.662,0.277,11.9
16617,9503,25702,1.545,0.273,9.1
16618,9505,9502,1.364,0.255,10.5
16619,9507,9504,1.455,0.273,10.2
16620,9511,9508,1.4,0.267,10.4
16621,9513,9510,2.0,0.0,16.2
16622,9515,9512,1.5,0.5,10.4
16623,9517,9514,1.286,0.238,10.4
16624,9523,5270,1.5,0.3,9.7
16625,9523,25690,2.0,0.0,16.4
16626,9525,9522,1.333,0.333,10.6
16627,9535,5272,1.833,0.147,14.4
16628,9537,9534,1.368,0.246,10.4
16629,9539,9536,1.933,0.21,14.2
16630,9543,9536,1.333,0.333,9.0
16631,9543,30278,3.0,0.0,4.7
16632,9545,9542,2.0,0.0,14.5
16633,9545,30302,1.952,0.048,14.7
16634,9551,9548,2.0,0.0,17.7
16635,9551,9554,2.0,0.0,15.0
16636,9555,31022,1.167,0.167,9.5
16637,9555,30290,2.0,0.0,4.7
16638,9557,9548,1.524,0.262,9.7
16639,9557,9554,2.286,0.571,17.8
16640,9557,30286,2.0,0.0,16.9
16641,9559,9556,1.448,0.256,10.1
16642,9561,9558,1.419,0.252,10.6
16643,9565,19042,2.0,1.0,8.6
16644,9565,9562,1.394,0.246,10.7
16645,9567,30280,1.125,0.125,10.6
16646,9569,31026,2.167,0.167,15.9
16647,9571,24150,2.0,0.0,9.2
16648,9571,9706,2.0,0.0,14.7
16649,9573,9570,2.0,0.0,17.1
16650,9573,9648,2.0,0.0,16.9
16651,9575,9572,2.0,0.0,14.5
16652,9577,9590,2.0,0.0,10.3
16653,9577,9574,2.0,0.0,15.5
16654,9579,30348,2.0,0.667,9.2
16655,9579,9576,2.0,0.0,14.8
16656,9585,9582,1.5,0.5,14.7
16657,9585,30324,21.0,0.0,1.4
16658,9587,10154,1.462,0.269,9.0
16659,9589,9586,1.923,0.077,14.8
16660,9591,9588,1.364,0.255,10.4
16661,9593,30314,1.667,0.333,9.4
16662,9593,9590,2.091,0.091,15.4
16663,9593,9574,2.0,0.0,15.2
16664,9595,9592,1.429,0.264,10.5
16665,9597,9602,2.0,0.0,9.3
16666,9597,9594,2.0,0.0,14.3
16667,9599,9596,1.462,0.269,10.5
16668,9601,23514,2.0,0.0,10.5
16669,9603,9600,2.0,0.0,14.6
16670,9603,30344,2.0,0.0,14.3
16671,9609,30316,2.0,0.0,14.6
16672,9621,28148,1.667,0.267,12.6
16673,9623,9620,2.0,0.0,16.1
16674,9623,8632,2.0,0.0,15.3
16675,9625,32794,1.667,0.267,11.0
16676,9639,9646,2.0,0.167,14.7
16677,9639,5248,2.0,0.0,14.4
16678,9641,9638,1.462,0.269,10.4
16679,9645,9510,1.8,0.178,11.3
16680,9645,9642,2.0,0.0,16.3
16681,9645,30248,2.0,0.0,15.7
16682,9647,9644,1.583,0.265,11.3
16683,9649,9584,3.0,0.0,22.7
16684,9651,5276,1.429,0.286,9.1
16685,9653,9650,2.0,0.0,14.4
16686,9657,9654,2.0,0.0,10.4
16687,9659,9656,2.0,0.0,14.6
16688,9663,9660,2.0,0.0,10.6
16689,9665,9650,1.833,0.167,14.2
16690,9671,9668,1.5,0.333,10.4
16691,9673,9670,2.0,0.0,14.5
16692,9679,30420,2.0,0.0,4.7
16693,9681,9678,1.75,0.25,14.4
16694,9687,30442,2.0,0.0,9.0
16695,9687,9684,2.0,0.0,14.2
16696,9691,30414,2.0,0.0,9.1
16697,9691,9670,2.0,0.0,14.3
16698,9693,9690,2.0,0.0,13.2
16699,9699,9696,2.0,0.0,14.6
16700,9699,30396,2.0,0.0,14.4
16701,9699,30440,2.0,0.0,4.7
16702,9705,9702,2.0,0.0,14.6
16703,9709,9658,1.5,0.5,9.1
16704,9709,30450,2.0,0.0,4.7
16705,9717,9732,3.0,2.0,14.7
16706,9717,32756,2.158,0.245,14.6
16707,9733,38582,2.0,0.0,10.6
16708,9737,9734,2.0,0.0,13.4
16709,9739,23050,2.118,0.235,14.8
16710,9739,17204,3.511,0.827,28.7
16711,9741,9738,1.012,0.013,10.5
16712,9745,9742,1.2,0.163,14.4
16713,9751,9748,1.387,0.241,17.7
16714,9755,9742,1.667,0.333,11.2
16715,9757,9754,2.0,0.0,16.5
16716,9761,8060,2.8,0.7,11.2
16717,9761,28658,12.4,257.3,26.4
16718,9763,9760,3.0,0.0,14.5
16719,9765,30522,3.0,0.0,14.7
16720,9767,8058,2.273,0.494,13.2
16721,9767,28656,4.5,3.0,18.7
16722,9769,9794,3.0,0.0,17.3
16723,9769,19244,2.667,0.333,16.2
16724,9771,37918,1.5,0.5,9.0
16725,9771,9768,2.25,0.25,14.4
16726,9771,19238,4.0,0.0,14.2
16727,9773,9770,2.5,0.5,14.5
16728,9773,9760,2.833,0.167,14.3
16729,9775,9772,3.2,0.7,14.4
16730,9777,9774,2.667,0.333,14.5
16731,9783,30522,2.0,0.0,10.4
16732,9785,19632,2.0,0.0,9.0
16733,9785,9782,2.5,0.5,14.4
16734,9787,9784,3.0,0.0,14.3
16735,9787,41576,3.0,0.0,14.2
16736,9789,9766,3.0,0.4,14.4
16737,9791,9788,4.4,0.3,19.9
16738,9793,19232,3.667,0.333,16.8
16739,9795,9792,4.0,0.0,17.8
16740,9797,33878,3.0,0.0,12.6
16741,9797,12608,3.4,0.3,18.1
16742,9807,21798,1.632,0.246,20.3
16743,9809,23094,2.0,0.0,13.4
16744,9809,2948,3.0,0.0,20.6
16745,9811,9808,2.0,0.0,10.3
16746,9813,9810,2.0,0.0,8.5
16747,9815,9808,3.5,0.5,14.5
16748,9819,9816,2.0,0.0,11.3
16749,9823,9820,2.0,0.0,12.6
16750,9825,9822,3.0,0.0,14.4
16751,9829,30548,3.475,1.02,36.2
16752,9831,430,2.0,0.0,15.8
16753,9837,30590,2.727,0.684,24.0
16754,9839,22212,2.0,0.0,9.7
16755,9847,7144,4.0,0.0,33.0
16756,9877,14408,2.0,0.0,12.6
16757,9879,15220,14.5,4.5,31.3
16758,9883,12,4.0,0.0,21.8
16759,9885,9882,2.0,0.0,9.4
16760,9887,8202,2.0,0.375,14.5
16761,9889,9886,2.118,0.11,15.2
16762,9891,9888,1.947,0.275,14.5
16763,9891,8258,1.304,2.13,4.4
16764,9893,9890,1.786,0.249,14.3
16765,9895,9892,1.812,0.157,12.6
16766,9907,9904,3.0,0.0,14.0
16767,9907,9908,4.0,0.0,15.1
16768,9909,30684,1.5,0.5,4.7
16769,9917,14262,1.005,0.005,8.3
16770,9919,10348,3.468,136.035,9.2
16771,9921,9918,1.023,0.022,4.5
16772,9923,33242,3.0,0.0,14.5
16773,9923,11756,1.4,0.468,16.1
16774,9925,9936,3.057,126.748,8.6
16775,9927,9924,1.18,0.227,10.7
16776,9929,9926,1.188,0.153,14.8
16777,9931,9928,1.631,0.67,14.3
16778,9931,22316,5.333,62.0,3.8
16779,9933,9930,1.137,0.128,14.2
16780,9933,2282,1.286,1.214,3.4
16781,9935,9932,1.197,0.269,12.0
16782,9937,8090,6.623,439.289,7.7
16783,9939,7652,2.962,242.427,7.9
16784,9941,11504,1.298,0.381,7.0
16785,9943,9940,1.339,0.512,9.5
16786,9945,9992,13.148,1724.894,8.6
16787,9947,9944,2.521,209.554,9.5
16788,9949,9946,1.464,30.195,9.7
16789,9951,9948,1.211,0.308,9.4
16790,9953,9950,1.194,0.389,9.8
16791,9953,26138,30.5,1740.5,2.7
16792,9955,9952,1.642,30.762,13.6
16793,9955,9552,17.0,0.0,3.0
16794,9957,9954,1.613,1.293,16.6
16795,9959,9988,1.024,0.048,8.6
16796,9961,9958,1.06,0.056,13.1
16797,9963,9960,1.004,0.004,9.7
16798,9963,25196,9.0,0.0,2.9
16799,9965,14628,2.0,0.0,10.1
16800,9965,9962,1.015,0.015,10.8
16801,9965,4876,7.5,84.5,2.7
16802,9971,9968,1.005,0.005,8.7
16803,9975,9972,1.531,0.25,19.8
16804,9977,6078,1.011,0.011,9.8
16805,9977,37870,34.0,0.0,2.3
16806,9981,9974,1.107,0.096,14.0
16807,9987,9984,1.01,0.01,9.2
16808,9989,9986,1.959,0.71,15.9
16809,9989,8640,7.0,32.333,8.9
16810,9991,37170,1.161,0.137,5.1
16811,9991,9996,2.597,3.433,24.2
16812,9991,27616,6.083,30.629,10.1
16813,9993,9990,3.162,39.092,14.5
16814,9993,9564,23.0,200.0,3.7
16815,9995,12602,5.417,687.885,8.1
16816,9997,9994,1.331,1.433,9.5
16817,9999,5024,1.085,0.088,7.9
16818,10003,21170,1.375,0.268,9.4
16819,10005,10002,1.273,0.218,10.5
16820,10007,10004,1.417,0.265,10.3
16821,10009,10006,1.167,0.152,9.1
16822,10011,10008,1.583,0.265,10.4
16823,10015,10012,1.417,0.265,10.7
16824,10023,10020,2.0,0.0,17.1
16825,10027,30868,2.0,0.0,14.4
16826,10035,10032,2.0,0.0,15.7
16827,10071,25744,1.667,0.267,9.8
16828,10071,5324,2.0,0.0,14.7
16829,10073,10070,1.429,0.286,10.4
16830,10075,10072,1.5,0.333,10.4
16831,10077,10074,2.0,0.0,15.1
16832,10083,5218,1.013,0.013,8.0
16833,10085,10082,1.348,10.798,5.1
16834,10091,34022,1.5,0.333,5.7
16835,10091,19842,2.155,0.814,20.8
16836,10091,36618,4.75,6.917,5.7
16837,10093,10090,1.503,0.258,19.0
16838,10097,10094,1.004,0.004,9.4
16839,10099,10096,1.062,0.059,13.7
16840,10101,10098,1.852,0.229,23.0
16841,10101,4812,4.615,26.423,5.3
16842,10103,14064,1.5,0.5,9.5
16843,10103,3734,1.048,0.048,14.4
16844,10107,10104,1.1,0.095,14.6
16845,10111,27946,2.0,0.0,16.5
16846,10121,10118,5.0,0.0,10.3
16847,10127,10124,3.0,0.0,14.3
16848,10147,10134,2.0,0.0,9.2
16849,10147,10144,3.0,0.0,14.5
16850,10147,31004,3.0,0.0,14.2
16851,10149,16810,1.909,0.291,9.0
16852,10149,38704,2.957,0.498,13.4
16853,10151,10148,3.061,0.434,14.4
16854,10153,10150,3.03,0.468,14.0
16855,10155,30290,2.0,0.0,15.2
16856,10159,30304,1.364,0.255,11.3
16857,10159,10156,2.0,0.0,16.3
16858,10159,9566,2.0,0.0,15.8
16859,10161,10158,3.0,0.0,21.0
16860,10163,10160,1.5,0.286,10.0
16861,10167,7896,2.0,0.0,13.1
16862,10167,41840,1.475,0.4,16.1
16863,10169,8914,3.0,0.0,19.9
16864,10173,10170,2.0,0.0,20.7
16865,10181,10178,1.108,0.097,12.6
16866,10181,20402,2.333,11.0,2.8
16867,10183,10180,1.225,0.175,14.7
16868,10185,10182,1.102,0.092,14.1
16869,10187,10184,1.359,0.231,17.1
16870,10197,9220,1.667,0.333,15.0
16871,10197,29866,2.077,0.41,14.8
16872,10199,10196,1.4,0.253,10.3
16873,10199,29844,2.5,1.467,16.9
16874,10199,31070,2.0,0.0,4.8
16875,10209,29854,2.0,0.0,13.6
16876,10217,10220,2.5,0.333,14.3
16877,10217,31096,3.0,0.0,14.3
16878,10219,21508,3.0,2.4,12.1
16879,10221,10218,2.75,2.25,7.4
16880,10223,24910,2.0,0.0,13.5
16881,10223,2586,1.118,0.11,8.2
16882,10227,31102,2.0,0.667,4.7
16883,10229,9020,3.303,0.276,15.0
16884,10229,156,3.0,0.0,16.4
16885,10235,10236,3.042,83.868,8.4
16886,10237,11850,1.24,0.19,7.4
16887,10239,10234,2.375,0.25,17.9
16888,10241,10250,1.357,0.247,9.9
16889,10243,30108,3.667,0.333,28.8
16890,10243,10238,4.545,0.273,35.3
16891,10243,29892,3.833,3.367,17.4
16892,10243,31122,2.0,0.0,4.7
16893,10245,10242,1.833,0.152,13.9
16894,10249,10246,1.545,0.273,10.8
16895,10249,2536,4.0,0.0,3.7
16896,10251,10248,5.231,0.526,37.3
16897,10253,33524,1.214,0.181,9.2
16898,10253,16454,2.0,0.0,14.2
16899,10255,10252,2.0,0.0,13.4
16900,10257,10252,1.8,0.2,8.2
16901,10259,10256,3.0,0.0,14.0
16902,10265,31142,2.0,0.0,4.7
16903,10267,10264,2.0,0.0,14.3
16904,10267,10630,2.0,0.0,15.1
16905,10269,10266,2.0,0.0,14.2
16906,10271,31156,2.0,0.0,9.1
16907,10271,10268,2.0,0.0,14.2
16908,10271,31148,2.0,0.0,4.7
16909,10273,31158,1.167,0.167,9.1
16910,10273,10270,1.5,0.5,14.2
16911,10273,31150,1.667,0.333,4.7
16912,10275,10272,2.0,0.0,14.2
16913,10275,8766,2.429,0.286,15.2
16914,10277,31174,2.0,0.0,12.7
16915,10277,10274,2.429,0.286,17.3
16916,10277,10294,2.25,0.25,16.0
16917,10279,10268,2.0,0.0,9.1
16918,10281,10270,1.25,0.25,9.1
16919,10281,31150,2.0,0.0,14.0
16920,10283,10280,2.125,0.125,13.5
16921,10283,31162,2.0,0.0,13.6
16922,10283,31160,2.0,0.0,4.7
16923,10285,31162,1.5,0.5,4.7
16924,10287,10296,2.0,0.0,15.6
16925,10289,10286,2.0,0.0,10.8
16926,10297,10294,3.0,0.0,17.2
16927,10297,31154,2.0,0.0,17.0
16928,10299,10296,2.0,0.0,17.2
16929,10299,31164,2.0,0.0,17.4
16930,10305,10316,1.5,0.5,15.0
16931,10305,31140,2.0,0.0,15.2
16932,10305,31182,2.0,0.0,4.7
16933,10311,10308,4.25,0.917,32.9
16934,10313,10310,2.0,0.0,14.4
16935,10315,10312,2.0,0.0,13.5
16936,10317,31194,2.0,0.0,4.7
16937,10325,35768,2.875,0.411,20.9
16938,10327,10324,3.7,0.456,25.5
16939,10329,10326,1.875,0.411,14.2
16940,10329,31206,2.0,0.0,4.7
16941,10341,13574,1.667,0.333,9.3
16942,10349,9922,1.625,0.242,7.4
16943,10349,9916,3.876,0.776,41.4
16944,10349,35802,8.0,245.0,4.2
16945,10351,10362,2.0,0.0,14.7
16946,10353,31236,3.25,0.214,15.3
16947,10353,10350,3.0,1.0,14.5
16948,10353,31232,1.333,0.333,4.7
16949,10357,31232,3.444,0.278,14.8
16950,10371,10326,2.0,0.0,9.8
16951,10371,31206,2.0,0.0,14.3
16952,10383,10380,1.368,0.246,10.8
16953,10385,10382,2.15,0.239,16.0
16954,10391,26614,1.5,0.5,8.9
16955,10391,23510,1.556,0.278,12.2
16956,10393,10390,2.0,0.0,14.5
16957,10395,10392,1.667,0.333,13.7
16958,10397,10394,1.667,0.333,12.2
16959,10401,26438,1.333,0.333,7.7
16960,10403,10400,2.0,0.0,13.9
16961,10405,8518,2.0,0.0,16.6
16962,10407,10404,2.0,0.0,10.1
16963,10409,33298,2.333,0.333,14.8
16964,10411,10408,3.0,0.0,21.0
16965,10415,10428,2.0,0.0,12.2
16966,10417,10414,3.0,0.0,13.9
16967,10419,10414,3.0,0.0,14.0
16968,10421,10418,3.0,0.667,15.8
16969,10421,10416,3.0,0.667,16.2
16970,10423,4972,10.0,0.0,32.0
16971,10423,7504,6.0,0.0,47.1
16972,10423,25320,5.333,0.75,40.7
16973,10425,10422,1.778,0.194,12.8
16974,10427,10424,1.5,0.5,10.3
16975,10429,25402,2.952,0.348,18.6
16976,10431,10428,1.294,0.221,10.5
16977,10431,31318,10.0,0.0,1.4
16978,10435,10432,1.412,0.257,10.4
16979,10439,31330,1.5,0.5,7.1
16980,10441,10438,1.5,0.5,8.5
16981,10445,812,2.0,0.0,9.0
16982,10445,10440,2.0,0.0,13.2
16983,10455,20600,1.5,0.5,9.0
16984,10461,31378,2.0,0.0,4.7
16985,10465,20586,3.0,0.0,14.2
16986,10465,10480,3.0,0.0,14.2
16987,10469,10466,3.0,0.0,14.4
16988,10469,31386,2.0,0.0,4.7
16989,10471,818,2.0,0.0,9.0
16990,10471,10468,2.75,0.25,14.4
16991,10473,10498,2.8,0.7,14.2
16992,10475,10472,3.0,0.0,14.4
16993,10477,10474,3.0,0.0,14.4
16994,10479,20622,1.5,0.5,9.0
16995,10481,10478,3.0,0.0,14.4
16996,10489,31410,1.5,0.5,4.7
16997,10491,10486,4.0,0.0,19.6
16998,10491,31412,1.5,0.5,4.7
16999,10497,34858,1.4,0.267,7.7
17000,10501,8594,2.0,0.0,9.1
17001,10503,4208,7.273,133.218,14.3
17002,10505,10502,2.0,0.0,9.1
17003,10511,41380,2.0,0.0,9.0
17004,10511,19154,3.0,0.0,14.2
17005,10515,4126,3.0,0.0,13.3
17006,10517,35314,2.4,0.3,9.1
17007,10519,10532,9.0,0.0,17.5
17008,10521,33228,3.0,0.0,14.3
17009,10523,33224,2.0,0.0,10.2
17010,10525,10522,6.0,0.0,14.1
17011,10525,12428,3.0,0.0,14.2
17012,10533,8316,4.0,0.0,14.9
17013,10535,35890,3.364,0.255,16.3
17014,10537,9178,2.0,0.0,13.8
17015,10541,2086,4.0,0.0,30.1
17016,10543,10540,2.0,0.0,14.4
17017,10549,7582,2.356,0.277,14.8
17018,10551,10548,1.028,0.028,10.8
17019,10553,10550,1.034,0.034,11.4
17020,10587,26638,2.0,0.0,9.1
17021,10587,6156,2.5,1.0,14.4
17022,10591,40868,3.0,0.0,21.1
17023,10591,10588,1.5,0.5,14.1
17024,10597,9998,3.611,1.411,21.5
17025,10597,41874,2.0,1.722,9.3
17026,10599,26664,2.0,0.0,14.1
17027,10601,19900,2.678,0.306,14.3
17028,10601,336,12.349,2243.156,46.0
17029,10605,10602,1.479,0.798,9.4
17030,10607,22070,3.0,0.0,7.8
17031,10613,36450,1.667,0.333,10.4
17032,10613,37704,4.0,0.0,28.4
17033,10619,40814,2.0,0.0,14.8
17034,10621,3992,1.5,0.5,9.1
17035,10621,24214,1.5,0.5,14.2
17036,10621,31554,1.5,0.5,4.7
17037,10629,31142,2.0,0.0,15.2
17038,10629,31574,2.0,0.0,4.7
17039,10631,10310,2.0,0.0,15.5
17040,10633,10308,3.0,0.0,25.9
17041,10633,31188,2.0,0.0,14.7
17042,10645,19454,2.0,0.0,18.6
17043,10645,41712,4.0,0.0,17.1
17044,10647,41712,2.5,0.5,18.0
17045,10647,19454,2.0,0.0,15.5
17046,10651,29434,2.333,0.333,14.0
17047,10653,10650,2.0,0.0,14.3
17048,10665,10662,2.0,0.0,14.5
17049,10667,12444,2.0,0.0,7.5
17050,10667,10664,1.75,0.25,10.4
17051,10669,31612,2.0,0.0,14.3
17052,10679,10676,2.0,0.0,10.4
17053,10685,10410,2.0,1.0,13.8
17054,10687,8568,2.0,0.0,11.4
17055,10697,31644,2.333,0.333,13.6
17056,10697,31646,2.0,0.0,4.7
17057,10701,39980,1.643,0.247,8.7
17058,10709,21070,3.32,0.477,16.3
17059,10723,7574,2.0,0.0,13.7
17060,10735,35676,2.0,0.0,9.1
17061,10735,14202,2.0,0.0,14.2
17062,10737,10734,1.5,0.5,14.4
17063,10747,27736,4.0,0.0,21.7
17064,10749,10746,4.0,0.0,14.5
17065,10751,10748,3.5,0.5,14.4
17066,10753,10754,2.167,0.167,10.1
17067,10753,10750,3.0,0.0,15.1
17068,10755,10746,2.0,0.0,9.0
17069,10761,10756,2.0,0.0,9.1
17070,10761,31714,2.0,0.0,14.8
17071,10761,31716,2.0,0.0,4.7
17072,10763,15490,2.076,0.831,13.4
17073,10765,10762,32.095,1122.59,0.3
17074,10773,33126,1.571,0.286,9.1
17075,10775,10772,1.25,0.25,11.0
17076,10777,10774,1.25,0.25,9.8
17077,10783,25254,2.0,0.0,16.3
17078,10785,10782,2.0,0.0,10.9
17079,10797,2208,1.4,0.3,13.0
17080,10797,28624,2.25,0.214,18.2
17081,10799,3512,1.833,0.167,8.2
17082,10799,31754,1.571,0.619,4.7
17083,10801,31756,1.625,0.554,4.7
17084,10803,7240,4.3,626.495,3.0
17085,10807,9252,3.2,0.2,14.9
17086,10809,29082,2.0,0.0,8.4
17087,10813,31766,3.0,0.0,13.9
17088,10815,8474,2.0,0.0,14.4
17089,10817,10814,4.125,0.125,21.2
17090,10823,2256,1.75,0.25,9.0
17091,10823,750,1.207,0.165,14.3
17092,10825,23740,2.105,0.096,17.4
17093,10825,12236,2.124,2.136,21.4
17094,10829,11684,1.059,0.059,14.0
17095,10829,16844,1.35,0.871,2.9
17096,10833,10830,2.0,0.108,26.1
17097,10833,9064,1.5,0.3,9.0
17098,10835,31812,4.0,0.0,17.6
17099,10839,31806,2.0,0.0,9.6
17100,10841,31812,5.333,2.333,19.5
17101,10843,31802,3.0,0.0,19.5
17102,10845,10842,1.25,0.25,6.2
17103,10851,10864,2.0,0.0,14.5
17104,10851,10834,3.0,0.0,14.3
17105,10857,38280,2.0,0.0,9.3
17106,10861,21834,2.0,0.0,8.9
17107,10863,1530,3.143,1.143,14.6
17108,10865,10862,2.0,0.333,15.3
17109,10877,10874,2.673,0.47,29.9
17110,10877,27078,2.121,0.11,19.6
17111,10879,10844,2.5,0.5,11.0
17112,10879,10876,1.028,0.027,9.2
17113,10885,1220,3.0,0.0,16.2
17114,10893,10882,3.0,0.0,10.6
17115,10893,3778,3.0,0.0,15.0
17116,10895,10892,3.667,0.333,14.3
17117,10897,10894,3.667,0.333,14.2
17118,10899,10896,5.0,0.0,20.9
17119,10903,10900,3.0,0.0,14.7
17120,10903,31872,2.0,0.0,4.7
17121,10905,10902,1.4,0.3,7.2
17122,10925,41702,2.0,0.0,8.7
17123,10925,19444,3.0,0.0,13.5
17124,10929,20308,1.5,0.333,7.6
17125,10933,22530,1.5,0.5,12.2
17126,10933,14476,2.655,0.74,19.6
17127,10935,10932,1.128,0.113,9.6
17128,10937,12346,2.0,0.0,8.8
17129,10937,33568,2.0,0.0,13.8
17130,10947,10944,2.0,0.0,14.5
17131,10949,10946,2.0,0.0,14.4
17132,10951,6546,2.0,0.0,12.1
17133,10953,10950,3.0,0.0,14.6
17134,10955,10956,3.0,0.0,15.0
17135,10957,14582,3.75,0.25,16.6
17136,10959,10956,2.0,0.0,9.1
17137,10961,14584,1.6,0.3,9.4
17138,10963,21036,6.5,3.611,12.9
17139,10965,10962,4.0,0.0,11.2
17140,10967,10964,5.0,0.0,12.6
17141,10969,10966,6.0,0.0,14.4
17142,10971,10962,6.857,1.143,14.1
17143,10973,10970,11.0,8.0,20.9
17144,10979,33346,2.423,0.254,17.5
17145,10983,10980,2.0,0.0,14.4
17146,10989,24288,3.0,0.0,12.5
17147,10991,34088,1.5,0.5,9.3
17148,10997,5114,1.044,0.043,13.0
17149,11003,11000,1.118,0.106,15.6
17150,11011,11008,1.045,0.044,13.6
17151,11015,15720,2.167,0.147,16.2
17152,11021,3354,3.043,0.86,31.6
17153,11021,6070,40.923,306.41,17.2
17154,11023,28212,3.875,0.758,28.4
17155,11023,8068,3.218,0.824,34.9
17156,11023,11852,8.818,218.564,6.6
17157,11025,11688,1.038,0.038,5.5
17158,11029,12618,1.2,0.2,8.7
17159,11031,1432,3.0,0.0,10.4
17160,11033,11030,1.7,0.233,11.3
17161,11035,11032,1.4,0.3,10.4
17162,11041,30134,2.0,0.0,9.0
17163,11043,16586,1.5,0.5,9.0
17164,11045,8848,1.333,0.333,9.0
17165,11047,16592,1.5,0.5,9.0
17166,11049,9420,2.0,0.0,9.0
17167,11049,32066,2.0,0.0,4.7
17168,11051,38456,2.0,0.0,9.0
17169,11051,11048,3.0,0.0,14.4
17170,11051,32068,1.4,0.3,4.7
17171,11053,8844,4.441,54.375,14.2
17172,11055,11052,3.0,0.0,14.4
17173,11063,11096,2.0,0.0,9.1
17174,11071,11068,2.0,0.0,5.3
17175,11073,11070,4.0,0.0,6.7
17176,11075,11100,3.0,0.0,5.0
17177,11077,11074,2.0,0.0,4.4
17178,11083,22656,1.833,0.167,9.0
17179,11083,6864,2.0,1.077,13.5
17180,11085,11082,1.158,0.14,7.8
17181,11087,11084,1.818,0.364,11.6
17182,11089,11086,3.583,0.629,27.5
17183,11091,11088,2.091,0.091,14.8
17184,11093,11090,1.909,0.091,14.0
17185,11095,11092,1.667,0.333,12.3
17186,11097,11094,2.0,0.0,14.4
17187,11101,11092,3.4,0.3,13.2
17188,11103,738,2.714,0.445,14.5
17189,11103,37714,5.0,3.333,24.7
17190,11105,11102,3.444,0.41,16.7
17191,11109,37850,1.5,0.333,9.0
17192,11109,19198,2.7,1.567,14.2
17193,11111,19194,1.25,0.25,9.2
17194,11113,15954,2.0,0.0,11.9
17195,11113,33102,1.5,0.333,12.2
17196,11115,11112,1.8,0.2,14.5
17197,11117,11114,1.8,0.2,14.6
17198,11119,11116,2.0,0.0,14.6
17199,11121,41804,2.1,0.095,13.7
17200,11123,11120,1.615,0.256,14.4
17201,11131,18148,1.339,0.228,9.7
17202,11135,1608,2.286,0.238,11.4
17203,11135,9108,4.0,0.0,20.8
17204,11135,21464,2.8,1.2,18.0
17205,11137,11134,1.333,0.267,12.1
17206,11141,11142,1.026,0.026,4.0
17207,11143,1610,1.207,0.195,12.7
17208,11145,11140,1.557,0.545,14.8
17209,11145,22610,10.0,0.0,4.1
17210,11147,11144,1.162,0.197,12.2
17211,11149,11146,1.208,0.166,14.4
17212,11149,9196,7.333,67.25,2.8
17213,11151,26476,1.5,0.5,9.0
17214,11153,32176,2.0,0.0,4.7
17215,11165,5996,2.0,0.0,12.8
17216,11171,20668,2.0,0.0,10.1
17217,11173,33118,2.0,0.0,13.8
17218,11183,32218,2.0,2.0,14.5
17219,11183,32210,2.0,0.0,4.7
17220,11185,11186,2.5,0.5,14.4
17221,11189,11184,2.0,0.667,14.4
17222,11191,32210,2.0,0.0,14.4
17223,11193,11190,2.0,0.0,14.5
17224,11195,11192,2.0,0.0,14.5
17225,11197,4084,2.0,0.0,14.2
17226,11203,11204,3.0,0.0,14.4
17227,11203,19792,3.0,0.0,14.2
17228,11205,19788,3.0,0.0,14.2
17229,11207,4236,2.0,0.0,9.0
17230,11209,37732,3.25,0.25,15.2
17231,11211,11208,3.0,0.0,14.6
17232,11217,552,1.667,0.333,9.1
17233,11223,16070,2.1,0.322,9.0
17234,11225,16072,1.5,0.5,9.2
17235,11225,38206,3.0,0.286,14.3
17236,11227,15966,1.5,0.333,9.0
17237,11229,37724,2.0,0.0,11.0
17238,11229,19038,1.5,0.333,13.5
17239,11231,15714,2.667,0.243,13.9
17240,11231,21890,4.5,0.571,25.4
17241,11233,11230,4.991,3.972,25.1
17242,11235,11232,4.534,177.016,10.4
17243,11237,11234,1.351,0.316,5.0
17244,11239,11236,2.5,11.032,10.4
17245,11241,11238,1.701,0.649,11.3
17246,11243,11248,1.333,0.333,13.6
17247,11245,11242,2.0,0.0,12.9
17248,11249,32282,1.143,0.143,4.7
17249,11251,3988,3.0,0.0,12.6
17250,11253,24222,2.0,0.0,9.5
17251,11253,3980,2.0,0.0,15.6
17252,11255,29880,1.625,0.268,8.6
17253,11255,4382,5.0,0.0,15.3
17254,11263,41358,2.0,0.25,9.5
17255,11263,15722,3.444,0.614,23.0
17256,11263,10340,6.0,0.0,4.0
17257,11265,28654,2.667,0.333,14.2
17258,11265,12626,3.513,0.835,32.6
17259,11265,14130,6.455,93.473,6.0
17260,11267,21082,24.091,3719.631,12.7
17261,11269,14880,1.015,0.015,13.1
17262,11271,30002,1.5,0.5,5.8
17263,11271,11268,1.029,0.029,14.1
17264,11273,10994,1.81,0.162,14.5
17265,11275,11272,1.182,0.156,8.8
17266,11277,17886,1.088,0.08,22.6
17267,11307,32392,1.229,0.223,8.6
17268,11309,11306,1.436,0.252,10.8
17269,11311,11308,1.375,0.242,10.4
17270,11313,11310,1.478,0.261,10.8
17271,11315,11312,2.158,0.14,16.2
17272,11317,11314,2.143,0.286,17.7
17273,11321,14070,2.261,0.565,14.2
17274,11323,11320,1.05,0.05,14.0
17275,11325,11322,2.0,0.0,13.9
17276,11327,4060,1.75,0.214,9.2
17277,11329,14066,2.333,0.267,15.5
17278,11337,14076,3.125,0.125,12.6
17279,11339,11336,5.0,0.0,10.5
17280,11341,11338,6.667,1.333,14.2
17281,11343,32394,1.188,0.162,9.6
17282,11347,32408,1.8,0.2,8.6
17283,11347,11344,1.111,0.111,9.2
17284,11349,11344,1.5,0.3,9.0
17285,11349,32404,2.5,0.333,15.6
17286,11351,14374,6.0,0.0,14.9
17287,11353,15896,2.333,0.333,10.6
17288,11355,11352,6.0,0.0,10.8
17289,11361,38064,1.889,0.111,9.0
17290,11361,39210,3.128,33.115,14.1
17291,11363,11360,2.0,0.0,14.5
17292,11365,11362,4.0,0.0,24.0
17293,11365,5776,3.5,0.5,28.1
17294,11367,11588,2.0,0.0,15.1
17295,11369,21820,2.0,0.0,9.5
17296,11369,1940,2.0,0.667,14.7
17297,11371,11368,1.4,0.3,12.1
17298,11377,11374,2.25,0.25,16.7
17299,11379,12450,2.0,0.0,9.5
17300,11379,11376,2.0,0.0,16.1
17301,11379,33722,2.235,0.191,14.4
17302,11381,32440,2.0,0.0,4.7
17303,11383,32436,2.5,0.5,17.0
17304,11385,27158,1.8,0.2,13.5
17305,11389,26334,1.125,0.117,9.8
17306,11395,7656,4.5,0.7,25.5
17307,11397,11394,1.667,0.267,7.1
17308,11399,11396,3.25,0.25,15.1
17309,11403,37734,3.0,0.0,9.3
17310,11403,16380,2.0,0.0,14.4
17311,11403,32128,2.0,0.0,4.7
17312,11407,39984,1.786,0.249,9.7
17313,11407,568,2.622,0.686,18.7
17314,11421,32934,2.0,0.0,14.0
17315,11421,14054,1.523,0.251,18.9
17316,11423,11420,1.121,0.107,13.5
17317,11429,3822,2.0,0.0,11.2
17318,11433,3834,3.0,0.0,14.4
17319,11435,32494,1.667,0.333,6.9
17320,11437,11434,2.0,0.0,9.1
17321,11437,3810,4.5,0.5,16.4
17322,11447,34694,2.5,0.5,12.6
17323,11449,11446,4.0,0.0,22.6
17324,11459,11456,1.786,0.221,13.6
17325,11461,32730,1.5,0.254,8.7
17326,11463,5084,1.304,0.216,16.4
17327,11467,6664,3.0,0.0,20.4
17328,11469,14876,3.0,0.0,31.9
17329,11471,11468,1.6,0.3,10.4
17330,11477,26706,2.0,0.0,9.0
17331,11479,32552,1.167,0.167,4.7
17332,11481,3744,3.0,0.0,14.3
17333,11485,32558,1.8,0.2,4.7
17334,11491,15944,18.056,974.031,22.7
17335,11493,11490,7.102,365.202,9.9
17336,11495,11492,3.7,153.967,8.3
17337,11497,41932,1.379,0.366,14.6
17338,11497,11494,1.581,3.087,12.9
17339,11499,11496,1.149,0.171,9.9
17340,11503,11500,1.583,4.083,3.4
17341,11505,32642,13.304,1300.791,11.5
17342,11507,16528,1.667,0.667,8.9
17343,11511,11528,2.0,0.0,10.2
17344,11521,11518,1.25,0.25,5.0
17345,11525,11522,1.5,0.333,5.0
17346,11531,8432,3.0,0.0,19.8
17347,11533,11546,1.667,0.25,9.0
17348,11533,32638,3.0,0.0,14.2
17349,11537,29048,2.333,0.333,16.8
17350,11537,8434,3.0,0.0,19.8
17351,11541,8446,2.0,0.0,13.6
17352,11543,23064,5.0,0.0,35.7
17353,11545,23406,2.8,0.2,14.4
17354,11547,11544,2.0,0.0,8.7
17355,11549,32622,2.0,0.0,9.6
17356,11551,12284,1.5,0.333,4.7
17357,11555,6548,1.125,0.114,5.4
17358,11559,11556,1.067,0.067,10.8
17359,11565,11562,4.029,0.332,19.5
17360,11567,11564,2.4,0.253,11.5
17361,11569,11566,1.111,0.105,5.0
17362,11571,11568,2.158,0.251,10.4
17363,11573,8286,1.333,0.333,6.5
17364,11573,11570,3.333,0.333,17.0
17365,11575,11572,2.0,0.0,9.5
17366,11577,11378,3.2,0.178,23.7
17367,11577,33736,2.0,0.0,14.1
17368,11579,11576,2.5,0.5,20.5
17369,11581,26992,2.0,0.0,14.8
17370,11585,11582,2.0,0.0,16.4
17371,11595,15902,4.756,1.239,43.1
17372,11595,19344,3.859,0.408,47.0
17373,11597,11594,1.172,0.209,9.4
17374,11599,11618,2.828,0.353,35.0
17375,11603,29310,2.0,0.0,9.9
17376,11603,11600,1.462,0.289,17.3
17377,11605,11602,1.116,0.104,13.6
17378,11609,26870,2.0,0.0,7.6
17379,11609,11596,1.091,0.104,9.4
17380,11611,11608,1.121,0.108,13.5
17381,11613,11610,1.272,0.271,13.6
17382,11613,29652,6.333,22.333,3.7
17383,11615,11612,1.19,2.086,5.1
17384,11617,11614,1.041,0.04,9.7
17385,11619,11616,1.017,0.017,6.6
17386,11621,11642,1.098,0.09,14.4
17387,11633,11630,1.024,0.024,10.5
17388,11639,11636,1.273,0.202,17.1
17389,11641,5090,4.486,1.434,32.3
17390,11641,146,2.0,0.0,13.8
17391,11643,30458,1.091,0.091,5.4
17392,11643,11640,1.389,0.244,15.5
17393,11643,9732,1.167,0.167,4.2
17394,11645,7222,1.894,0.725,15.5
17395,11645,35546,7.438,53.596,3.4
17396,11647,13374,1.455,0.273,8.8
17397,11647,11644,2.027,0.229,25.0
17398,11649,11646,1.06,0.066,11.7
17399,11651,11648,2.435,1.047,20.0
17400,11651,11624,8.222,115.694,3.6
17401,11653,34664,1.667,0.333,10.5
17402,11653,11650,1.158,0.134,14.3
17403,11657,17262,3.444,0.278,15.6
17404,11661,11658,2.337,0.248,28.2
17405,11663,17038,3.59,0.922,43.9
17406,11663,26984,6.65,1.294,32.1
17407,11665,11662,1.657,0.803,14.6
17408,11667,11664,1.041,0.048,14.3
17409,11667,24868,2.8,16.2,3.8
17410,11675,2276,1.023,0.023,6.6
17411,11677,11674,1.9,0.144,13.7
17412,11677,32788,1.5,0.5,4.7
17413,11679,18468,1.6,0.267,8.3
17414,11679,18054,2.0,0.0,16.5
17415,11687,15974,1.351,0.234,14.8
17416,11687,5648,2.714,5.758,17.0
17417,11689,11686,1.333,1.0,9.7
17418,11689,37784,6.909,179.291,3.0
17419,11689,32806,31.25,1242.917,1.4
17420,11691,23832,2.5,0.278,13.0
17421,11693,11690,2.833,0.167,13.0
17422,11695,11692,3.0,0.4,14.4
17423,11697,11694,2.833,0.167,14.4
17424,11699,11696,3.0,0.5,14.4
17425,11701,11698,2.75,0.25,14.4
17426,11703,11700,2.0,0.0,9.0
17427,11707,23832,2.667,0.333,14.3
17428,11713,11690,1.75,0.25,8.0
17429,11717,14400,2.0,0.0,22.8
17430,11723,29904,1.667,0.333,7.5
17431,11725,11722,1.75,0.25,5.0
17432,11733,11730,8.0,0.0,14.4
17433,11733,32862,2.5,0.5,4.7
17434,11741,11738,3.0,0.0,14.3
17435,11741,32870,1.5,0.5,4.7
17436,11743,35578,3.333,0.267,13.5
17437,11743,7940,4.0,0.0,17.6
17438,11743,14136,4.2,3.2,15.7
17439,11753,11750,1.1,0.091,13.4
17440,11753,35214,2.833,10.567,3.5
17441,11755,22410,1.197,0.161,6.4
17442,11755,11752,1.328,0.553,13.4
17443,11757,11754,1.327,0.292,9.3
17444,11759,22504,1.875,0.125,9.0
17445,11761,22922,3.0,0.0,17.8
17446,11763,16280,2.429,0.286,19.0
17447,11765,11762,3.2,0.2,14.5
17448,11767,11764,3.0,0.0,14.4
17449,11769,11766,3.0,0.0,14.5
17450,11771,11768,3.0,0.0,14.7
17451,11773,11770,3.0,0.0,14.5
17452,11775,32238,2.0,0.0,13.7
17453,11775,15964,3.0,0.0,16.4
17454,11779,4340,2.0,0.0,16.4
17455,11785,18040,1.182,0.164,6.4
17456,11785,40208,2.0,0.0,10.4
17457,11789,33098,4.4,1.8,20.5
17458,11791,5140,1.099,0.089,13.4
17459,11793,11790,1.005,0.005,9.4
17460,11795,14054,2.0,0.0,17.0
17461,11801,11798,1.8,0.2,17.2
17462,11803,11800,1.333,0.333,10.0
17463,11807,34742,1.667,0.333,7.4
17464,11809,11806,2.667,0.333,12.0
17465,11811,11808,3.0,0.0,14.1
17466,11815,34144,3.0,0.6,14.4
17467,11817,11814,2.75,0.25,14.5
17468,11819,11816,4.0,0.0,17.4
17469,11823,10194,1.621,0.287,14.8
17470,11823,12118,2.63,16.661,3.8
17471,11829,32968,1.5,0.278,4.7
17472,11837,32976,2.0,0.0,4.7
17473,11841,22294,4.0,2.0,18.3
17474,11843,11840,3.5,0.5,14.4
17475,11847,32988,2.0,0.0,4.6
17476,11851,33006,1.8,0.2,8.3
17477,11851,27392,7.429,23.619,32.2
17478,11851,32998,5.091,7.891,15.8
17479,11859,35340,2.0,0.0,8.4
17480,11861,11858,7.667,0.333,14.9
17481,11863,11860,8.333,0.333,17.0
17482,11865,11862,3.0,0.0,6.4
17483,11895,33874,7.333,377.533,8.9
17484,11895,12604,3.0,0.667,20.3
17485,11897,11894,2.452,1.256,20.0
17486,11899,11896,3.867,166.395,10.4
17487,11901,11898,6.111,694.795,10.4
17488,11903,11900,1.5,1.0,10.5
17489,11909,11906,3.0,0.0,27.7
17490,11913,16234,10.176,1435.84,4.8
17491,11915,11912,7.409,812.534,9.4
17492,11919,33484,2.515,2.508,12.9
17493,11921,11918,3.125,0.117,14.4
17494,11923,11920,2.286,0.238,9.0
17495,11925,11922,2.0,0.667,9.8
17496,11925,33092,1.75,0.214,4.7
17497,11927,7468,3.6,0.3,21.9
17498,11929,11926,3.0,0.0,14.4
17499,11931,534,2.0,0.0,9.9
17500,11931,17846,4.0,2.0,15.0
17501,11933,928,3.0,0.0,16.4
17502,11933,11930,3.5,0.333,14.6
17503,11935,16388,2.0,0.0,9.1
17504,11937,15954,2.0,0.0,13.1
17505,11939,11936,2.5,0.5,14.4
17506,11941,11938,2.0,0.0,14.4
17507,11945,11942,3.0,0.0,14.5
17508,11949,11946,2.0,0.0,14.5
17509,11951,11948,2.0,0.0,14.3
17510,11953,11950,3.0,0.0,17.2
17511,11955,34312,1.667,0.25,14.7
17512,11963,11960,2.0,0.0,13.8
17513,11965,11962,2.0,0.0,14.4
17514,11967,11964,2.0,0.0,13.6
17515,11969,12570,1.667,0.333,14.3
17516,11983,11980,1.219,0.172,25.4
17517,11985,11982,1.01,0.01,18.4
17518,11987,33282,4.25,2.733,18.2
17519,11989,1054,1.137,0.731,8.7
17520,11991,11988,1.013,0.013,9.3
17521,11993,11990,1.533,0.444,8.3
17522,11997,11994,1.114,0.102,13.5
17523,11997,5302,2.0,0.0,2.6
17524,11999,12006,1.367,0.467,16.0
17525,11999,174,31.0,0.0,3.6
17526,12007,2962,1.435,0.371,9.2
17527,12009,12002,1.183,0.151,14.2
17528,12011,12008,1.009,0.009,10.1
17529,12013,12000,1.132,0.219,11.1
17530,12017,12014,1.179,0.149,13.1
17531,12023,12010,1.019,0.019,9.2
17532,12033,12030,1.069,0.065,11.9
17533,12033,4488,4.75,56.25,1.6
17534,12035,15930,2.0,0.0,10.4
17535,12035,16396,9.5,144.5,2.7
17536,12037,4924,1.93,0.14,24.4
17537,12037,28746,3.5,40.073,3.2
17538,12045,7900,1.207,0.246,12.9
17539,12047,12044,1.081,0.075,9.5
17540,12049,12046,1.093,0.096,9.4
17541,12051,12048,1.011,0.011,5.2
17542,12053,12050,1.065,0.083,9.8
17543,12055,9914,2.588,0.257,11.9
17544,12055,16986,3.8,1.956,29.6
17545,12055,32544,4.0,12.0,8.3
17546,12057,16674,2.0,0.0,9.4
17547,12061,32472,3.0,0.0,16.6
17548,12065,41690,2.0,0.0,14.4
17549,12073,38118,2.0,0.0,7.5
17550,12073,16306,2.25,0.25,12.1
17551,12075,33236,1.286,0.238,4.7
17552,12079,11756,3.0,0.0,18.0
17553,12079,30754,4.0,0.0,20.5
17554,12081,28528,1.821,0.222,9.6
17555,12081,7944,4.0,0.0,16.2
17556,12083,12080,1.281,0.313,5.3
17557,12085,12082,3.333,0.381,15.2
17558,12087,12084,2.8,0.2,13.8
17559,12089,12086,3.0,1.0,14.4
17560,12099,33266,2.0,0.0,4.7
17561,12101,15736,2.0,0.0,9.5
17562,12101,37452,2.0,0.0,14.0
17563,12111,11022,3.887,951.16,14.3
17564,12113,31326,2.0,0.0,11.5
17565,12113,12110,1.056,0.083,12.9
17566,12115,11422,1.511,0.252,13.5
17567,12117,12114,1.273,0.2,9.4
17568,12119,12116,2.783,0.298,20.7
17569,12119,29110,3.0,8.0,6.9
17570,12121,33300,4.0,0.0,1.4
17571,12123,17286,1.018,0.018,4.0
17572,12125,12122,1.419,0.246,9.4
17573,12127,12124,2.07,0.207,14.4
17574,12129,12126,4.494,0.375,31.6
17575,12129,38526,2.0,0.0,11.9
17576,12129,26740,27.0,0.0,4.2
17577,12131,28222,2.02,0.145,13.5
17578,12131,12128,2.75,0.74,18.6
17579,12133,12130,1.446,0.25,10.5
17580,12135,12132,1.22,0.173,7.6
17581,12137,12134,1.674,1.052,9.1
17582,12139,16926,1.09,0.113,8.5
17583,12141,26668,2.0,0.0,15.3
17584,12141,17874,2.877,1.178,30.9
17585,12143,12140,1.262,0.195,7.0
17586,12143,31432,13.545,197.873,1.5
17587,12163,41798,1.385,0.256,11.2
17588,12165,31954,1.167,0.152,6.5
17589,12165,12162,1.231,0.192,15.2
17590,12167,12164,2.04,0.04,19.7
17591,12169,12166,1.52,0.26,10.6
17592,12169,10198,1.154,0.239,3.8
17593,12171,12168,1.171,0.195,7.3
17594,12173,12170,1.462,0.315,18.4
17595,12173,9150,3.222,11.694,5.2
17596,12175,12172,3.027,0.194,39.3
17597,12179,12176,1.082,0.076,14.7
17598,12183,41404,2.0,0.0,11.1
17599,12183,12180,2.233,0.292,23.0
17600,12185,12182,1.135,0.118,14.1
17601,12189,12196,1.149,0.128,14.5
17602,12191,12188,1.016,0.016,10.3
17603,12197,12194,2.081,0.185,26.2
17604,12203,12200,1.214,0.181,9.6
17605,12205,12202,1.286,0.22,9.7
17606,12209,12206,1.222,0.194,10.2
17607,12211,12208,1.556,0.278,10.3
17608,12215,12212,1.143,0.143,9.4
17609,12217,12214,1.286,0.238,10.7
17610,12221,12218,1.444,0.278,10.1
17611,12223,12220,1.111,0.111,9.5
17612,12231,33608,6.5,1.667,14.1
17613,12237,4928,1.353,0.357,1.0
17614,12241,33436,1.5,0.5,4.7
17615,12245,23658,1.188,0.162,7.6
17616,12251,37422,2.286,0.238,14.1
17617,12257,12254,1.89,0.127,14.4
17618,12261,12258,1.681,0.22,12.7
17619,12275,12272,2.167,0.567,14.9
17620,12275,27388,2.333,2.333,5.7
17621,12281,12278,1.556,0.278,13.4
17622,12281,29952,1.214,0.643,3.6
17623,12287,12290,1.5,0.3,6.9
17624,12291,29856,2.0,0.0,7.5
17625,12293,28584,4.615,0.806,9.0
17626,12293,33496,2.75,0.25,4.7
17627,12295,12292,5.667,0.792,11.2
17628,12295,33498,10.0,9.0,1.4
17629,12297,2084,1.533,0.267,6.9
17630,12297,33500,5.0,0.0,1.4
17631,12299,12296,2.538,0.269,11.9
17632,12301,12298,1.588,0.382,9.2
17633,12301,22056,1.5,0.379,10.6
17634,12301,33506,2.0,0.0,4.7
17635,12303,12300,1.942,0.291,14.4
17636,12303,28582,2.0,5.0,4.7
17637,12305,12302,1.69,0.323,10.9
17638,12307,21984,14.545,2627.022,15.1
17639,12307,17316,1.75,3.267,4.2
17640,12309,12306,2.93,49.685,8.3
17641,12311,37456,2.0,0.222,10.5
17642,12311,15740,2.7,0.456,14.7
17643,12313,12310,1.842,0.807,6.3
17644,12315,33520,1.8,0.2,14.9
17645,12315,33522,2.0,0.0,14.0
17646,12315,33524,1.5,0.5,4.7
17647,12319,33528,1.667,0.333,4.7
17648,12323,12320,2.0,0.0,14.2
17649,12325,12322,2.0,0.0,15.6
17650,12325,29800,2.0,0.0,15.3
17651,12327,2558,6.0,0.0,34.5
17652,12329,12326,5.5,0.5,6.8
17653,12331,12328,6.0,0.0,7.4
17654,12337,9300,2.0,0.0,14.4
17655,12349,12346,1.938,0.196,13.9
17656,12351,9290,1.75,0.25,9.8
17657,12351,12348,1.412,0.257,10.9
17658,12353,12350,1.952,0.048,14.7
17659,12355,8814,2.143,0.143,15.4
17660,12357,12354,1.714,0.238,10.5
17661,12359,12356,2.714,0.238,18.8
17662,12361,12358,2.0,0.0,14.2
17663,12363,12360,2.8,0.2,21.0
17664,12365,12362,1.375,0.268,10.1
17665,12367,12374,1.375,0.268,8.6
17666,12371,44,1.167,0.152,7.1
17667,12373,12370,1.143,0.143,5.0
17668,12377,39158,2.0,0.0,8.1
17669,12383,30250,1.067,0.067,8.0
17670,12385,12382,1.8,0.178,13.2
17671,12387,12384,3.0,0.0,15.0
17672,12389,24166,1.75,0.25,14.2
17673,12391,39334,1.053,0.051,10.4
17674,12391,17292,1.541,0.718,9.2
17675,12393,12394,36.419,7471.611,8.0
17676,12395,12390,19.953,3061.458,19.0
17677,12397,31036,1.222,0.194,8.5
17678,12397,12392,6.713,1181.446,22.3
17679,12401,12398,2.333,0.242,21.8
17680,12403,12400,1.25,0.197,10.4
17681,12405,12402,1.3,0.221,10.4
17682,12407,12404,1.2,0.168,10.4
17683,12409,12406,1.75,0.197,14.5
17684,12411,12408,1.4,0.253,10.4
17685,12413,12410,1.35,0.239,10.4
17686,12415,25840,3.5,0.5,16.6
17687,12421,5396,4.0,0.0,18.7
17688,12423,25832,3.0,0.0,13.8
17689,12425,25834,3.5,0.5,16.0
17690,12425,5400,4.0,0.0,20.6
17691,12439,31628,2.0,0.0,9.0
17692,12441,12438,6.75,0.25,14.4
17693,12445,33714,2.333,0.333,4.7
17694,12447,33728,1.364,0.255,6.4
17695,12447,14176,2.836,0.51,35.1
17696,12447,5818,3.0,7.0,10.8
17697,12453,12450,1.077,0.072,13.5
17698,12455,12452,1.162,0.138,14.3
17699,12455,26274,1.125,0.125,3.0
17700,12459,14176,3.0,0.0,29.9
17701,12459,33716,2.143,0.143,16.9
17702,12467,11378,3.75,0.25,27.8
17703,12471,33740,2.0,0.0,4.7
17704,12477,29404,2.0,0.0,13.2
17705,12483,21998,2.5,0.5,12.0
17706,12483,2088,3.5,1.0,16.8
17707,12491,31518,1.4,0.3,7.5
17708,12491,10586,2.333,0.333,12.7
17709,12493,12490,3.0,0.0,12.7
17710,12499,8724,2.0,0.0,7.4
17711,12503,12514,4.0,0.0,8.2
17712,12507,5868,1.1,0.095,0.9
17713,12511,12508,7.341,0.98,14.5
17714,12513,12510,4.389,0.473,9.0
17715,12515,12512,6.806,1.161,13.4
17716,12517,12514,6.286,0.804,13.0
17717,12519,12516,7.444,1.028,14.6
17718,12521,12512,3.0,0.0,8.8
17719,12525,11986,1.75,0.2,9.1
17720,12527,7594,1.667,0.333,16.2
17721,12529,35640,2.0,0.0,14.7
17722,12531,12528,1.333,0.333,14.4
17723,12533,14102,2.0,0.0,5.6
17724,12533,12530,1.8,0.2,15.3
17725,12535,34762,3.333,0.25,14.4
17726,12537,12534,2.0,0.0,9.0
17727,12539,15752,3.515,23.03,12.1
17728,12539,6998,5.0,0.0,24.2
17729,12539,16500,3.5,1.654,20.9
17730,12545,15966,3.1,0.322,14.4
17731,12547,12544,1.167,0.167,5.0
17732,12551,15956,2.143,0.143,14.5
17733,12553,12550,1.857,0.143,14.4
17734,12553,33836,1.5,0.5,4.7
17735,12555,11222,3.25,0.5,12.9
17736,12555,32908,3.0,0.0,14.8
17737,12561,10766,2.0,0.0,9.0
17738,12565,12562,2.5,0.5,13.1
17739,12567,11164,3.0,0.0,12.8
17740,12571,22550,2.0,0.0,14.6
17741,12579,15542,2.0,0.0,12.8
17742,12579,37262,2.5,0.5,17.6
17743,12581,12578,2.714,0.238,14.4
17744,12581,33938,5.0,0.0,14.1
17745,12591,11124,3.0,0.0,12.1
17746,12593,11914,1.25,0.618,0.3
17747,12595,12592,1.273,0.48,5.4
17748,12597,12594,1.605,0.716,14.2
17749,12599,12596,1.338,0.667,9.4
17750,12601,12598,1.292,0.563,9.4
17751,12603,12600,1.331,3.062,9.4
17752,12605,35952,1.358,0.467,17.0
17753,12607,12604,1.104,0.094,13.4
17754,12607,33064,2.667,3.867,3.2
17755,12609,12606,1.018,0.017,9.7
17756,12611,12608,1.969,0.74,18.9
17757,12611,30536,2.0,0.0,7.6
17758,12623,33292,1.167,0.2,9.2
17759,12625,12622,1.198,0.195,9.8
17760,12627,12624,1.171,0.208,9.6
17761,12631,41418,4.0,0.0,14.3
17762,12633,12630,4.0,0.0,5.0
17763,12635,12632,5.5,0.5,10.7
17764,12637,33924,1.642,2.104,15.9
17765,12641,33854,1.75,0.25,9.0
17766,12643,12640,1.5,0.5,9.1
17767,12643,12996,2.5,0.5,14.1
17768,12645,34288,4.0,0.0,14.4
17769,12647,12644,4.0,0.0,14.3
17770,12647,33944,1.5,0.5,4.7
17771,12649,12646,3.0,0.0,8.9
17772,12651,33852,1.667,0.267,5.8
17773,12655,13004,2.0,0.0,14.2
17774,12659,33968,2.0,0.0,8.4
17775,12661,33966,2.0,0.0,9.6
17776,12661,12658,3.333,0.333,12.9
17777,12663,33970,2.0,0.0,9.4
17778,12663,12660,3.333,0.267,14.5
17779,12665,33964,2.0,0.0,9.0
17780,12665,12662,2.857,0.476,14.6
17781,12667,22218,2.0,0.0,5.0
17782,12689,33998,2.0,0.0,4.7
17783,12691,34000,2.0,0.0,4.8
17784,12693,40108,2.5,0.5,12.2
17785,12693,16276,1.667,0.333,4.7
17786,12703,12716,7.63,239.704,21.4
17787,12705,12702,2.0,0.0,9.0
17788,12709,12734,2.0,0.4,9.0
17789,12715,12738,3.333,2.333,9.2
17790,12717,19842,2.714,0.22,13.1
17791,12717,30956,2.929,0.379,13.6
17792,12723,12708,3.0,0.0,12.2
17793,12729,16256,3.364,0.255,10.8
17794,12731,34036,1.667,0.333,4.7
17795,12733,12702,3.045,0.236,14.5
17796,12735,12732,3.105,0.211,14.5
17797,12737,12734,3.308,0.397,14.5
17798,12739,12736,3.222,0.194,14.5
17799,12741,12738,3.0,0.0,14.5
17800,12749,8356,3.667,0.333,16.0
17801,12753,28904,3.0,0.0,12.8
17802,12753,34056,2.2,0.2,4.7
17803,12755,19178,11.353,1058.609,16.0
17804,12757,24512,4.955,0.522,46.0
17805,12757,5870,5.542,1.97,46.4
17806,12757,5872,8.538,166.769,4.6
17807,12759,15728,1.071,0.083,5.1
17808,12761,12758,1.077,0.083,8.4
17809,12763,12766,3.333,0.333,14.3
17810,12765,1580,2.0,0.0,9.0
17811,12767,29910,1.5,0.333,7.5
17812,12771,34074,1.023,0.022,7.7
17813,12773,12770,2.039,0.341,21.1
17814,12773,4034,17.25,971.583,6.2
17815,12777,12774,1.214,0.169,14.6
17816,12779,12776,1.153,0.13,13.2
17817,12781,12778,1.029,0.029,9.5
17818,12783,12780,1.008,0.008,8.0
17819,12785,19470,2.4,0.3,13.1
17820,12789,11816,3.0,0.0,16.9
17821,12793,5124,2.0,0.0,8.3
17822,12793,12816,2.0,0.0,13.6
17823,12799,2152,2.75,0.25,13.5
17824,12799,22186,3.0,0.0,21.7
17825,12805,12826,3.0,0.0,14.8
17826,12805,25514,4.0,0.0,20.5
17827,12807,34126,1.333,0.333,4.7
17828,12811,5132,4.333,0.333,14.1
17829,12817,25516,2.0,0.0,14.3
17830,12819,34138,1.333,0.333,4.7
17831,12821,12798,4.333,0.333,14.2
17832,12825,32954,1.5,0.5,9.0
17833,12825,34144,2.0,0.0,4.7
17834,12827,5130,2.0,0.0,9.0
17835,12829,2158,7.25,6.917,44.1
17836,12835,12660,2.0,0.0,9.0
17837,12835,33960,3.0,0.0,14.4
17838,12837,38420,3.2,0.7,14.2
17839,12839,38414,3.0,0.0,14.2
17840,12841,12838,2.0,0.0,9.1
17841,12841,12848,3.0,0.0,14.4
17842,12843,9738,2.25,0.2,12.7
17843,12845,12842,3.167,0.167,14.6
17844,12847,12844,4.0,0.0,14.5
17845,12847,38416,3.0,0.0,14.3
17846,12849,12846,2.25,0.25,9.2
17847,12853,22200,2.0,0.667,12.6
17848,12853,2166,3.216,0.396,20.5
17849,12855,12852,3.333,0.533,14.4
17850,12863,33934,1.333,0.333,9.0
17851,12865,2156,4.0,0.0,21.1
17852,12867,33934,1.667,0.333,4.7
17853,12869,2190,3.0,0.0,12.0
17854,12877,34182,1.5,0.5,4.7
17855,12879,34190,2.0,0.0,13.5
17856,12879,34184,1.5,0.5,4.7
17857,12881,12878,4.0,0.0,20.7
17858,12881,34186,1.25,0.25,4.7
17859,12887,2150,24.0,0.0,32.7
17860,12891,2150,4.0,0.0,25.0
17861,12893,12896,3.333,0.333,14.4
17862,12895,34188,3.5,0.5,14.1
17863,12897,2150,2.2,0.2,7.5
17864,12903,34214,4.0,0.0,17.8
17865,12911,34206,3.0,0.0,16.5
17866,12917,18410,3.0,0.5,9.0
17867,12919,34222,2.0,0.0,4.7
17868,12925,39194,2.167,0.567,11.4
17869,12935,12938,3.0,0.0,13.9
17870,12937,40604,3.0,0.0,14.2
17871,12939,7222,2.0,0.0,9.6
17872,12941,12938,3.0,0.0,13.6
17873,12943,12956,3.0,0.0,14.4
17874,12947,12936,2.0,0.0,9.1
17875,12949,12946,3.0,0.0,14.3
17876,12951,12948,3.0,0.0,14.4
17877,12953,12950,3.0,0.0,14.4
17878,12955,12952,3.0,0.0,14.4
17879,12957,36374,3.0,0.0,9.2
17880,12957,12954,3.0,0.0,14.4
17881,12959,34240,2.0,0.0,8.0
17882,12975,12854,2.143,0.143,9.0
17883,12979,22202,2.0,0.0,13.9
17884,12979,2168,3.333,0.267,21.4
17885,12981,38418,2.667,0.333,13.3
17886,12981,12992,4.0,0.0,18.6
17887,12983,12978,3.0,0.0,14.4
17888,12993,12990,4.0,0.0,19.0
17889,12995,33946,2.0,0.0,13.8
17890,12997,12994,3.0,0.0,14.6
17891,12997,41610,3.0,0.0,14.3
17892,12999,12996,3.0,0.0,14.3
17893,13003,34336,2.0,0.0,14.2
17894,13011,35780,2.0,0.0,9.3
17895,13013,24638,2.0,0.0,4.7
17896,13017,33120,2.0,0.0,14.5
17897,13029,12968,3.0,0.0,13.2
17898,13031,34276,2.0,0.0,8.6
17899,13031,13028,2.0,0.0,12.4
17900,13033,34266,2.0,1.0,9.1
17901,13033,13030,3.333,1.333,13.8
17902,13037,13034,3.333,0.333,14.4
17903,13041,12998,3.0,0.0,14.4
17904,13055,7220,2.0,0.0,8.5
17905,13061,7218,4.75,17.583,12.6
17906,13065,34360,1.5,0.333,4.7
17907,13067,13064,4.0,0.0,14.6
17908,13071,13068,2.0,0.0,14.0
17909,13075,7016,2.0,0.0,12.8
17910,13089,13086,3.0,0.0,14.4
17911,13091,34378,3.0,0.0,14.4
17912,13093,13090,3.25,0.25,15.7
17913,13119,13432,1.364,0.255,7.5
17914,13119,34736,2.0,0.0,12.6
17915,13123,22174,1.25,0.25,7.8
17916,13125,23074,2.0,0.0,8.0
17917,13129,40842,3.0,0.0,23.3
17918,13129,19034,5.5,0.5,37.4
17919,13129,40846,4.053,10.386,27.1
17920,13131,13134,3.0,0.0,14.2
17921,13133,11554,1.5,0.5,7.6
17922,13135,13132,3.5,0.5,14.4
17923,13141,34470,3.0,0.0,23.1
17924,13143,34466,3.0,0.0,23.0
17925,13147,9752,1.333,0.333,8.9
17926,13153,14218,2.843,0.339,21.5
17927,13153,7082,5.395,36.894,7.0
17928,13155,13152,1.965,1.613,13.0
17929,13157,13154,1.055,0.052,7.4
17930,13161,34454,2.0,0.0,4.7
17931,13165,13162,3.0,0.0,13.8
17932,13165,34458,2.0,0.0,4.7
17933,13167,260,2.833,0.145,27.9
17934,13169,13166,1.917,0.254,18.0
17935,13169,6696,1.5,2.5,3.2
17936,13171,13168,1.457,0.491,14.4
17937,13173,13170,1.114,0.104,15.0
17938,13175,13172,1.121,0.11,14.3
17939,13177,13174,1.121,0.11,14.2
17940,13179,13176,1.147,0.129,14.5
17941,13181,13178,1.133,0.12,14.4
17942,13183,10490,3.0,2.0,14.1
17943,13183,34476,1.6,0.3,4.7
17944,13187,20336,3.0,0.0,14.7
17945,13187,34482,1.75,0.25,4.7
17946,13299,10798,1.368,0.246,7.8
17947,13301,3492,1.143,0.429,1.6
17948,13305,13302,1.012,0.012,13.5
17949,13307,13304,1.281,0.225,19.6
17950,13309,12076,2.0,0.0,7.7
17951,13313,13310,1.015,0.015,15.4
17952,13313,12240,2.25,6.25,3.5
17953,13319,34612,1.333,0.333,7.9
17954,13321,13316,6.0,0.0,31.9
17955,13321,34616,1.5,0.5,4.7
17956,13325,8116,2.667,0.25,14.8
17957,13329,13326,2.75,0.214,14.3
17958,13331,13328,2.667,0.267,14.4
17959,13333,13330,2.4,0.3,14.4
17960,13345,34646,2.0,0.0,10.9
17961,13347,34646,2.0,0.0,4.7
17962,13349,2224,2.556,0.528,18.1
17963,13351,13348,2.0,0.0,13.7
17964,13357,15910,2.062,0.329,12.9
17965,13359,13356,1.75,0.205,14.4
17966,13361,13358,1.8,0.178,14.6
17967,13363,11650,2.0,0.0,14.4
17968,13371,15558,1.059,0.059,4.0
17969,13377,7244,2.464,0.48,16.4
17970,13379,13376,1.63,0.55,10.4
17971,13381,13378,1.077,0.074,10.4
17972,13383,13380,1.64,0.24,15.0
17973,13393,32516,2.0,0.0,7.5
17974,13395,11454,2.0,0.0,7.6
17975,13397,18198,2.0,0.0,7.6
17976,13405,9720,2.0,0.0,11.4
17977,13409,34710,1.4,0.3,4.7
17978,13415,6538,2.0,0.0,13.7
17979,13417,13414,2.0,0.0,9.1
17980,13419,13416,3.0,0.0,14.4
17981,13423,18176,2.667,0.333,14.3
17982,13425,22192,2.154,0.141,15.0
17983,13425,2158,5.563,1.507,51.4
17984,13429,13426,1.875,0.25,23.2
17985,13435,13432,1.6,1.8,10.4
17986,13437,13434,1.5,1.0,12.1
17987,13445,15496,2.018,0.054,15.9
17988,13451,13448,1.889,0.111,23.0
17989,13453,13444,1.571,0.286,7.6
17990,13457,34758,1.5,0.5,4.7
17991,13461,33820,2.833,0.567,14.4
17992,13465,13462,5.667,1.333,27.7
17993,13471,3606,1.5,0.333,7.5
17994,13471,3346,1.057,0.055,12.7
17995,13471,23504,2.5,4.5,1.4
17996,13475,13472,1.048,0.046,10.5
17997,13477,20332,2.0,0.0,13.0
17998,13483,13478,2.0,0.0,14.6
17999,13489,13486,2.0,0.0,28.8
18000,13495,33850,1.571,0.286,13.6
18001,13497,13494,1.429,0.286,10.4
18002,13499,13496,2.0,0.0,16.6
18003,13505,13502,2.0,0.0,13.0
18004,13519,13516,2.0,0.0,8.9
18005,13521,34832,2.0,0.0,9.0
18006,13521,13518,3.0,0.0,14.4
18007,13523,34830,4.0,0.0,14.2
18008,13531,5448,2.25,0.25,17.6
18009,13533,13530,2.0,0.0,14.4
18010,13539,13754,2.0,0.0,9.1
18011,13545,16338,2.0,0.0,9.8
18012,13551,38154,3.0,0.0,15.4
18013,13569,20160,2.0,0.0,7.1
18014,13575,34902,1.667,0.333,4.8
18015,13581,26698,32.0,0.0,2.9
18016,13583,34904,2.0,0.0,4.7
18017,13597,35260,3.0,0.667,13.7
18018,13603,21816,2.0,0.0,7.5
18019,13607,35588,3.0,2.0,15.9
18020,13609,22076,3.0,0.0,7.6
18021,13611,19706,10.913,956.428,13.9
18022,13613,13610,7.554,634.518,10.4
18023,13615,5136,2.5,0.5,15.5
18024,13615,25554,2.0,0.0,18.1
18025,13617,13614,3.0,0.667,14.1
18026,13621,34958,3.0,0.0,14.3
18027,13627,13624,2.0,0.0,14.4
18028,13629,30964,3.5,0.5,16.3
18029,13637,34976,1.5,0.333,4.7
18030,13641,8374,2.818,0.164,21.1
18031,13641,34980,1.333,0.333,4.7
18032,13643,13640,1.929,0.071,13.9
18033,13643,34982,2.0,0.0,4.7
18034,13645,13642,1.857,0.132,14.3
18035,13645,36512,2.0,0.0,14.2
18036,13651,35168,1.25,0.25,10.3
18037,13651,35180,4.0,0.0,27.5
18038,13653,13650,2.0,0.0,13.8
18039,13653,21536,2.0,0.0,13.9
18040,13655,22572,2.378,0.353,18.0
18041,13657,13654,1.943,0.173,14.3
18042,13659,13656,2.0,0.0,14.6
18043,13663,35006,2.0,0.0,14.2
18044,13667,35002,1.25,0.25,9.8
18045,13669,13666,2.0,0.0,14.3
18046,13681,35020,2.0,0.0,4.7
18047,13683,13680,3.0,0.0,14.6
18048,13685,13682,3.0,0.0,14.7
18049,13687,40578,1.5,0.5,8.8
18050,13687,13684,3.0,0.0,14.2
18051,13703,18398,2.0,0.0,9.0
18052,13705,35022,3.0,0.0,15.3
18053,13715,13712,3.0,0.0,14.4
18054,13717,13714,3.0,0.0,14.8
18055,13719,13716,3.0,0.0,14.3
18056,13721,13718,3.0,0.0,14.7
18057,13723,13720,3.0,0.0,14.7
18058,13727,7238,3.8,0.178,22.7
18059,13727,27778,5.0,0.0,33.5
18060,13733,13734,3.0,0.0,15.3
18061,13737,34912,4.0,0.0,15.3
18062,13745,35086,1.5,0.5,4.7
18063,13749,15806,3.0,0.0,26.2
18064,13753,13532,1.25,0.25,8.1
18065,13755,13752,1.25,0.25,10.8
18066,13763,5450,1.5,0.278,9.1
18067,13765,13762,1.9,0.1,14.8
18068,13767,3450,2.0,0.0,12.7
18069,13773,13356,2.0,0.0,14.5
18070,13777,35118,3.0,0.0,4.7
18071,13779,13776,2.0,0.0,14.9
18072,13779,35120,1.5,0.5,4.7
18073,13781,13778,1.667,0.267,10.6
18074,13787,13360,2.0,0.0,14.4
18075,13789,13786,2.0,0.0,14.2
18076,13795,35134,2.0,0.0,14.6
18077,13795,35136,2.0,0.0,4.7
18078,13799,13796,2.0,0.0,5.3
18079,13801,35142,2.0,0.0,4.7
18080,13809,13360,2.0,0.0,14.4
18081,13811,13808,1.5,0.5,14.2
18082,13811,35150,2.0,0.0,4.7
18083,13813,13830,2.5,0.333,20.2
18084,13813,10796,2.417,0.265,18.2
18085,13815,13658,1.5,0.5,9.1
18086,13819,13810,2.0,0.0,14.9
18087,13819,13794,2.0,0.0,15.7
18088,13821,13818,1.5,0.333,11.5
18089,13823,13820,2.0,0.5,14.2
18090,13823,13354,2.0,0.0,14.4
18091,13825,13822,1.857,0.143,14.3
18092,13827,13824,1.5,0.286,13.0
18093,13829,35180,4.0,0.0,28.3
18094,13829,13826,4.0,0.0,35.5
18095,13829,34990,2.0,0.0,14.8
18096,13831,13828,2.0,0.0,14.6
18097,13841,13826,1.6,0.3,8.8
18098,13849,13772,3.0,0.0,14.3
18099,13857,35730,3.067,0.924,21.3
18100,13859,13856,2.385,0.256,9.2
18101,13861,13858,1.333,0.267,10.3
18102,13865,13862,2.0,0.0,14.9
18103,13871,32882,1.55,0.261,9.4
18104,13871,11750,2.0,0.0,14.7
18105,13873,13870,1.882,0.36,15.4
18106,13877,13874,1.286,0.238,10.4
18107,13881,13884,2.0,0.0,14.5
18108,13885,13870,2.0,0.0,14.3
18109,13903,38190,2.0,0.0,7.6
18110,13905,24128,1.2,0.2,8.5
18111,13905,35248,2.0,0.0,4.7
18112,13907,94,97.189,45686.84,25.8
18113,13909,13906,5.942,845.781,7.1
18114,13911,13908,1.586,0.565,11.9
18115,13911,26620,1.893,6.692,4.2
18116,13913,13910,1.691,1.872,10.6
18117,13915,13912,1.667,16.018,3.0
18118,13917,13914,7.946,1111.617,10.7
18119,13919,7704,1.5,0.5,6.9
18120,13921,13918,1.5,0.5,14.4
18121,13923,35272,2.5,0.5,4.7
18122,13933,13930,2.0,0.0,3.8
18123,13947,12312,2.0,0.545,13.4
18124,13949,35300,2.0,0.0,4.7
18125,13953,13950,1.429,0.286,10.4
18126,13955,35328,1.75,0.25,8.9
18127,13967,13964,1.667,0.333,12.0
18128,13969,13966,1.5,0.333,10.4
18129,13971,13968,2.0,0.0,13.0
18130,13973,21522,1.583,0.265,9.1
18131,13985,13982,1.067,0.067,15.4
18132,13987,13984,1.125,0.117,19.0
18133,13989,872,4.0,0.0,22.7
18134,14007,14000,3.0,0.0,14.2
18135,14009,18744,2.0,0.0,9.6
18136,14009,35368,1.333,0.333,4.7
18137,14013,1612,2.5,0.5,14.4
18138,14013,21468,2.0,0.0,4.7
18139,14021,25242,4.0,0.0,19.6
18140,14027,12108,1.048,0.047,13.5
18141,14029,31234,2.0,0.0,12.6
18142,14029,14026,1.375,0.238,16.9
18143,14031,12610,1.16,0.202,10.9
18144,14039,32698,2.0,0.0,13.4
18145,14041,2988,2.0,0.0,12.9
18146,14057,14276,1.008,0.008,14.1
18147,14061,27840,2.0,0.0,9.2
18148,14061,1682,2.0,0.0,14.6
18149,14061,35466,2.0,0.0,4.7
18150,14063,21532,2.0,0.0,9.0
18151,14063,14060,4.5,0.333,37.2
18152,14063,35468,2.0,0.0,4.7
18153,14065,14062,1.857,0.143,14.5
18154,14065,35470,1.667,0.333,4.7
18155,14067,15896,1.262,0.195,11.2
18156,14069,14066,1.845,0.153,13.9
18157,14071,14068,4.237,0.474,31.4
18158,14073,14070,3.784,0.336,27.9
18159,14075,14072,1.945,0.164,14.3
18160,14077,14074,3.466,0.308,25.1
18161,14079,14076,1.446,0.251,10.5
18162,14085,14150,2.109,0.099,21.2
18163,14085,37166,3.0,0.0,16.9
18164,14087,35710,1.5,0.333,9.2
18165,14089,14086,2.0,0.0,14.2
18166,14095,14092,2.0,0.0,14.2
18167,14101,35522,2.0,0.0,4.7
18168,14107,32758,2.143,0.476,8.8
18169,14107,7222,1.75,0.25,6.4
18170,14113,14110,1.333,0.333,14.4
18171,14119,24514,2.471,0.515,18.2
18172,14119,4216,2.188,0.802,21.0
18173,14121,14122,1.897,14.621,7.9
18174,14123,19710,2.2,1.886,7.0
18175,14123,16,3.038,0.979,28.9
18176,14125,12136,1.033,0.033,4.0
18177,14127,14124,1.122,0.108,7.0
18178,14129,22542,2.167,0.167,11.1
18179,14129,14126,1.261,0.195,8.6
18180,14131,14128,1.245,0.187,9.4
18181,14133,7074,2.789,18.009,9.0
18182,14135,14132,2.66,0.596,16.0
18183,14135,17216,2.0,0.0,4.9
18184,14137,14300,1.622,0.242,10.9
18185,14139,14136,2.303,0.218,17.5
18186,14139,32872,2.8,9.2,4.7
18187,14141,14138,1.395,0.245,11.0
18188,14143,14140,1.316,0.222,10.4
18189,14145,2670,1.336,2.556,9.2
18190,14147,37486,2.0,0.0,10.6
18191,14149,14146,1.818,0.364,14.5
18192,14151,15598,1.186,0.155,12.6
18193,14151,2244,15.5,84.5,0.9
18194,14155,27188,2.0,0.0,8.9
18195,14157,27182,2.0,0.0,9.6
18196,14157,14154,2.0,0.0,14.2
18197,14159,334,1.191,0.351,13.6
18198,14161,14158,1.163,0.192,13.6
18199,14161,9578,9.0,282.0,3.0
18200,14163,14160,1.051,0.055,8.6
18201,14165,5064,3.0,0.0,21.2
18202,14173,5064,1.043,0.043,5.6
18203,14173,14170,2.0,0.0,19.7
18204,14173,35622,1.667,1.333,3.8
18205,14177,14174,1.091,0.085,9.5
18206,14179,14216,1.273,0.201,16.6
18207,14181,14178,1.207,0.166,14.4
18208,14181,9622,1.444,1.778,4.1
18209,14183,14180,1.22,0.173,14.9
18210,14185,8820,1.133,0.124,14.2
18211,14187,15938,2.0,0.0,14.1
18212,14189,14208,1.6,0.3,13.6
18213,14191,14188,1.75,0.214,13.1
18214,14193,36400,2.5,0.5,16.8
18215,14195,14192,2.0,0.0,14.5
18216,14199,14196,2.0,0.0,15.4
18217,14201,14198,1.4,0.3,10.4
18218,14203,14200,1.2,0.2,10.4
18219,14205,14202,2.0,0.0,14.2
18220,14209,14206,2.0,0.0,14.7
18221,14211,14212,2.0,0.0,20.9
18222,14215,27710,1.882,0.106,11.2
18223,14217,14214,1.234,0.182,5.0
18224,14219,30230,1.326,1.606,3.5
18225,14221,35658,2.0,0.0,14.0
18226,14225,14222,1.75,0.25,16.6
18227,14227,38736,1.118,0.106,9.1
18228,14229,14226,2.5,1.0,19.4
18229,14231,14228,1.5,0.333,14.5
18230,14233,14230,1.8,0.2,14.7
18231,14235,14232,2.0,0.0,14.8
18232,14237,14234,1.5,0.333,13.0
18233,14241,14250,2.25,0.25,9.2
18234,14243,14240,3.667,1.333,17.0
18235,14245,14242,3.0,1.0,14.4
18236,14247,14244,3.333,0.333,14.4
18237,14251,32176,2.333,0.333,14.2
18238,14251,11150,2.0,0.0,14.1
18239,14253,39314,2.0,0.0,7.8
18240,14257,35198,1.435,0.257,6.8
18241,14257,14254,1.41,0.243,18.4
18242,14261,35814,1.667,0.267,14.2
18243,14261,14258,1.331,0.222,17.4
18244,14263,14260,1.009,0.009,9.4
18245,14263,3892,5.143,21.143,2.2
18246,14265,26074,1.533,0.287,8.4
18247,14265,1704,2.2,0.7,12.5
18248,14273,7026,1.08,0.075,5.2
18249,14277,20396,2.0,0.0,10.9
18250,14281,36138,3.0,0.0,20.8
18251,14295,7354,2.0,0.0,13.7
18252,14297,14294,1.333,0.229,10.4
18253,14301,14298,1.576,0.252,11.2
18254,14303,31228,2.0,0.0,17.4
18255,14303,9922,5.344,14.775,37.8
18256,14303,9916,18.2,245.733,10.7
18257,14305,28118,1.25,0.25,4.8
18258,14305,14302,3.057,4.843,17.8
18259,14307,14304,1.417,0.32,10.4
18260,14309,14306,1.452,0.25,10.4
18261,14311,14308,1.97,0.229,14.4
18262,14313,14310,1.356,0.232,10.4
18263,14315,35734,2.8,0.4,22.3
18264,14317,14314,2.429,0.286,14.4
18265,14319,13860,1.5,0.5,10.6
18266,14321,10390,1.6,0.267,9.5
18267,14321,31270,4.0,8.0,14.5
18268,14323,35824,1.75,0.917,14.3
18269,14325,35822,1.5,0.3,14.2
18270,14329,9948,3.0,2.0,9.0
18271,14333,4918,1.333,0.25,12.4
18272,14333,18834,2.5,0.5,17.5
18273,14333,25250,2.286,0.238,16.7
18274,14343,35842,2.0,0.0,4.7
18275,14345,14342,7.0,0.0,14.4
18276,14347,150,1.333,0.333,9.4
18277,14351,11456,1.786,0.181,10.2
18278,14353,11320,2.0,0.0,14.1
18279,14365,11336,6.0,1.2,12.0
18280,14367,14364,5.333,0.333,11.7
18281,14369,35868,2.0,0.0,4.8
18282,14371,14366,3.0,0.0,12.4
18283,14375,32396,2.0,0.0,8.1
18284,14385,31462,3.0,0.0,13.5
18285,14387,14384,2.5,0.5,12.6
18286,14389,14386,3.0,0.0,12.6
18287,14391,14388,2.667,0.333,14.4
18288,14391,35896,2.0,0.0,4.7
18289,14393,14390,2.667,0.333,12.5
18290,14395,14392,2.667,0.333,12.7
18291,14397,22156,2.0,0.0,12.6
18292,14399,22150,3.0,0.0,15.4
18293,14403,14400,2.0,0.0,20.9
18294,14405,30596,1.909,0.181,26.0
18295,14405,2188,3.292,10.563,2.4
18296,14417,41296,2.5,0.5,14.5
18297,14417,35934,2.0,0.0,4.7
18298,14425,14422,3.0,0.0,14.0
18299,14427,9876,2.0,0.0,14.4
18300,14431,14428,1.429,0.286,10.4
18301,14433,33872,1.547,0.388,17.8
18302,14437,38812,2.154,0.141,16.5
18303,14437,5724,2.211,0.175,18.5
18304,14439,14436,1.156,0.201,4.2
18305,14441,14438,1.042,0.042,10.7
18306,14461,35992,2.0,0.0,4.7
18307,14467,27552,2.0,0.0,8.1
18308,14469,7022,1.667,0.333,11.9
18309,14469,26332,2.051,0.084,16.5
18310,14471,14468,1.423,0.249,10.4
18311,14479,2012,2.556,0.278,14.6
18312,14483,8862,3.0,0.0,14.5
18313,14487,14484,1.333,0.225,13.8
18314,14495,9316,2.0,0.0,14.6
18315,14497,14494,1.4,0.3,9.7
18316,14499,14496,2.0,0.0,14.0
18317,14501,14498,2.0,0.0,14.3
18318,14511,31598,2.0,0.0,9.5
18319,14513,14510,2.0,0.0,14.0
18320,14515,14512,1.714,0.571,14.4
18321,14517,14514,1.6,0.3,14.2
18322,14519,14516,1.833,0.167,14.7
18323,14521,14518,1.714,0.238,14.6
18324,14523,36046,2.0,0.0,14.1
18325,14533,38270,2.16,0.223,14.7
18326,14537,10850,3.25,0.25,15.5
18327,14539,14536,4.333,0.333,21.7
18328,14541,14538,1.333,0.333,8.0
18329,14543,14540,7.0,0.0,38.6
18330,14547,5186,2.0,0.0,15.2
18331,14549,14546,2.0,0.0,9.0
18332,14553,2684,1.5,0.278,10.0
18333,14553,14550,2.44,0.79,15.3
18334,14555,14116,3.0,0.0,10.9
18335,14561,6480,2.0,0.0,20.6
18336,14561,26996,2.0,0.0,14.9
18337,14567,36098,2.0,0.0,4.7
18338,14583,2164,5.462,19.603,26.1
18339,14583,22204,6.0,0.0,46.3
18340,14585,14582,3.0,0.333,14.6
18341,14593,14590,3.358,0.234,25.3
18342,14599,36144,1.571,0.286,4.7
18343,14603,24046,1.222,0.444,2.5
18344,14603,36148,4.0,0.0,1.4
18345,14605,14602,1.333,0.533,9.6
18346,14607,24032,1.75,0.25,7.6
18347,14607,14604,1.182,0.442,10.4
18348,14611,9964,1.5,0.333,8.6
18349,14611,30806,3.0,0.0,16.4
18350,14617,36170,4.25,0.917,13.6
18351,14619,14616,2.0,0.0,9.0
18352,14621,39614,3.0,0.0,14.8
18353,14623,36172,5.0,0.0,14.9
18354,14625,36162,3.0,0.0,13.4
18355,14627,36168,2.0,0.0,9.0
18356,14627,14624,3.0,0.0,13.4
18357,14627,14620,3.2,0.7,14.7
18358,14629,14626,1.375,0.268,6.1
18359,14651,36206,6.0,0.0,9.4
18360,14653,36220,3.0,2.0,4.7
18361,14657,14654,2.0,0.0,12.8
18362,14659,25706,1.7,0.233,14.0
18363,14661,14658,1.75,0.205,14.0
18364,14663,14660,1.833,0.152,14.5
18365,14665,14662,2.0,0.0,18.2
18366,14669,36232,2.0,0.0,9.0
18367,14699,8190,3.0,0.667,14.9
18368,14701,14698,2.5,0.5,14.4
18369,14703,14700,2.5,0.333,13.9
18370,14703,8208,3.0,2.0,14.1
18371,14705,14702,2.6,0.3,14.5
18372,14709,36296,2.0,0.0,14.4
18373,14717,14714,2.0,0.0,15.4
18374,14719,22484,2.0,0.0,12.9
18375,14721,14142,2.056,0.168,15.2
18376,14725,14722,2.0,0.114,14.6
18377,14727,14724,2.026,0.243,14.6
18378,14729,14726,1.541,0.255,10.5
18379,14729,24054,1.667,1.333,3.1
18380,14731,29132,2.0,0.0,14.3
18381,14733,15990,2.4,0.3,9.4
18382,14741,5758,2.333,0.333,13.8
18383,14743,14740,1.5,0.5,6.9
18384,14745,14742,2.0,0.0,11.2
18385,14747,36322,1.5,0.333,4.7
18386,14749,9050,1.793,0.17,8.3
18387,14749,29732,7.75,78.25,19.5
18388,14753,36358,1.5,0.5,8.6
18389,14755,14752,2.0,0.0,5.4
18390,14755,14748,1.889,0.105,8.8
18391,14757,14754,5.167,13.767,14.4
18392,14759,14756,3.0,0.0,14.5
18393,14761,14758,3.0,0.0,14.7
18394,14769,36350,2.0,0.0,9.1
18395,14771,14754,2.1,0.1,9.0
18396,14777,36362,1.5,0.5,9.0
18397,14785,14770,3.125,0.125,14.2
18398,14787,14784,3.143,0.143,14.4
18399,14789,14786,2.667,0.333,14.4
18400,14791,36340,3.0,0.0,14.5
18401,14819,22512,1.333,0.333,11.4
18402,14821,2448,3.0,0.0,22.3
18403,14821,14190,1.056,0.056,5.1
18404,14823,40792,3.5,0.5,14.5
18405,14825,14822,5.0,0.0,20.1
18406,14827,1458,7.5,0.5,14.4
18407,14835,25734,2.0,0.0,17.4
18408,14843,26338,1.368,0.239,7.7
18409,14843,5864,3.0,1.0,12.9
18410,14847,29288,1.5,0.5,10.4
18411,14849,10552,1.5,0.265,7.8
18412,14849,31482,2.5,0.5,12.6
18413,14851,11316,1.071,0.071,7.5
18414,14853,14850,2.667,0.333,14.6
18415,14853,36434,2.0,0.0,5.1
18416,14855,4060,3.0,0.0,14.4
18417,14857,14854,2.0,0.0,9.0
18418,14859,36438,1.889,0.111,4.7
18419,14861,36448,1.263,0.205,4.7
18420,14865,36458,1.333,0.333,4.7
18421,14867,36454,4.0,0.0,14.4
18422,14867,14864,2.333,0.333,14.2
18423,14867,36460,1.5,0.5,4.7
18424,14869,12538,2.699,2.408,9.0
18425,14871,14868,9.578,306.954,9.5
18426,14875,14872,1.156,0.166,13.4
18427,14879,10934,1.711,0.68,12.8
18428,14881,14878,1.286,0.207,5.1
18429,14883,712,1.12,0.108,9.4
18430,14885,14882,1.206,0.166,15.5
18431,14891,38548,1.222,0.194,5.4
18432,14891,14888,1.069,0.065,13.6
18433,14901,19154,1.8,0.2,4.7
18434,14903,41384,4.2,0.6,17.0
18435,14905,14902,4.857,0.476,14.0
18436,14907,14950,1.824,5.072,15.7
18437,14907,36110,11.25,420.25,3.5
18438,14909,14906,1.518,19.207,10.9
18439,14911,11984,2.723,0.201,45.6
18440,14923,34642,2.0,0.0,14.5
18441,14927,7244,3.0,0.0,10.7
18442,14933,36530,2.0,0.0,4.5
18443,14935,14932,2.0,0.0,14.5
18444,14941,36532,2.0,0.0,9.2
18445,14945,16740,1.543,0.255,7.5
18446,14949,24090,3.714,0.571,17.0
18447,14955,14952,1.2,0.178,11.9
18448,14955,36808,2.857,9.363,3.4
18449,14961,27674,2.0,0.0,12.8
18450,14961,41772,3.0,0.0,23.3
18451,14961,14958,1.424,0.252,22.3
18452,14969,36564,1.333,0.333,4.7
18453,14973,29056,2.0,0.0,14.0
18454,14973,7308,5.125,0.411,22.1
18455,14973,8442,2.947,1.565,20.8
18456,14973,36568,1.429,0.286,4.7
18457,14975,14972,2.27,0.2,17.6
18458,14975,36570,11.0,0.0,1.4
18459,14977,25476,3.0,3.0,16.1
18460,14979,14976,3.0,0.0,19.8
18461,14981,14978,2.0,0.0,14.8
18462,14981,6650,2.0,0.0,14.2
18463,14983,28274,2.0,0.0,9.0
18464,14993,13656,1.667,0.333,9.3
18465,14993,34998,2.0,0.0,14.5
18466,14995,14992,2.0,0.0,14.3
18467,14997,14992,2.0,0.0,9.0
18468,15001,24554,1.5,0.5,11.6
18469,15005,26546,2.0,0.0,11.6
18470,15005,6074,2.667,1.333,19.7
18471,15007,15004,2.0,0.0,16.0
18472,15009,15006,2.0,0.0,14.7
18473,15011,28134,1.25,0.25,9.3
18474,15027,36634,2.0,0.0,4.7
18475,15037,15034,2.0,0.0,14.4
18476,15039,15036,2.0,0.0,14.4
18477,15039,15088,3.0,0.0,14.2
18478,15041,15038,2.5,0.5,14.2
18479,15041,15098,3.0,0.0,14.1
18480,15043,36754,2.0,0.0,9.0
18481,15043,15040,2.667,0.333,14.5
18482,15045,15042,2.75,0.25,14.4
18483,15045,15164,2.667,0.333,14.2
18484,15049,36656,2.0,0.0,4.8
18485,15069,7146,2.0,0.0,9.3
18486,15069,27692,3.0,0.0,22.5
18487,15073,11770,3.0,0.0,14.2
18488,15115,16280,2.5,0.5,18.9
18489,15135,11764,3.0,0.0,14.2
18490,15147,15144,2.0,0.0,14.4
18491,15149,15146,3.0,0.0,14.4
18492,15167,36654,3.0,0.0,14.2
18493,15169,36622,4.0,0.0,18.3
18494,15169,15012,2.0,0.0,12.8
18495,15179,26680,2.5,0.333,9.9
18496,15181,9836,2.167,0.167,13.5
18497,15183,15180,2.4,0.3,11.2
18498,15185,7326,4.0,0.0,15.4
18499,15189,36806,2.0,0.0,4.7
18500,15191,36550,2.071,0.225,9.9
18501,15199,37000,3.0,0.0,17.9
18502,15205,27898,2.0,0.0,3.6
18503,15223,30548,4.0,0.0,34.4
18504,15225,41720,3.107,2.377,22.8
18505,15225,13540,3.628,1.487,39.5
18506,15227,15228,1.811,0.179,26.5
18507,15231,15226,1.044,0.042,13.9
18508,15233,10604,1.445,0.627,14.8
18509,15233,41928,11.0,0.0,3.5
18510,15235,15232,10.879,1885.715,8.0
18511,15241,638,1.026,0.026,2.7
18512,15241,36862,1.286,0.238,4.7
18513,15255,2934,2.667,0.267,16.0
18514,15257,36882,1.281,0.209,4.7
18515,15259,33934,2.0,0.0,8.6
18516,15263,36890,3.0,0.0,14.2
18517,15267,36910,3.0,0.0,14.5
18518,15271,15286,2.0,0.0,9.3
18519,15271,36896,1.5,0.5,4.7
18520,15273,15262,2.0,0.0,9.2
18521,15273,15270,3.25,0.25,14.3
18522,15285,36892,2.0,0.0,9.0
18523,15289,15268,3.0,0.0,13.5
18524,15295,36920,2.0,0.0,4.7
18525,15297,11702,2.0,0.0,9.0
18526,15307,11712,1.25,0.25,8.3
18527,15309,11706,2.0,0.0,9.1
18528,15315,32660,1.667,0.333,7.6
18529,15315,11568,3.0,0.0,12.8
18530,15321,28782,3.0,0.0,14.5
18531,15327,11616,2.333,0.333,14.6
18532,15329,15326,2.0,0.0,9.4
18533,15335,23862,2.0,0.0,8.6
18534,15339,16996,3.0,0.0,18.4
18535,15347,2428,2.0,0.0,13.2
18536,15351,25844,3.0,0.0,12.9
18537,15371,18044,1.138,0.12,14.5
18538,15373,13154,1.5,0.5,6.7
18539,15377,29558,2.0,0.0,10.7
18540,15377,8864,2.356,0.367,19.3
18541,15377,1336,1.333,0.333,4.2
18542,15381,14378,4.0,0.0,14.0
18543,15387,15388,2.5,0.5,14.3
18544,15389,37070,2.0,0.0,14.2
18545,15391,37062,2.0,0.0,9.1
18546,15405,37072,2.0,0.0,9.0
18547,15407,15410,3.333,0.333,15.0
18548,15409,15406,3.333,0.333,14.2
18549,15411,15414,3.333,0.333,14.4
18550,15415,15432,3.0,0.5,14.4
18551,15423,15420,3.0,0.0,14.5
18552,15423,37096,1.5,0.5,4.7
18553,15425,15422,3.0,0.0,14.5
18554,15427,15424,2.0,0.0,14.4
18555,15429,15426,2.333,0.333,14.4
18556,15429,37102,1.5,0.5,4.7
18557,15431,15386,1.5,0.5,6.2
18558,15431,15428,1.8,0.2,8.9
18559,15433,26670,10.857,3.143,49.3
18560,15453,37132,2.0,0.0,11.4
18561,15455,37138,2.0,0.0,4.7
18562,15459,26106,3.0,0.0,12.6
18563,15473,3364,3.0,0.0,14.0
18564,15473,23522,2.5,0.5,14.3
18565,15479,37162,1.4,0.489,4.7
18566,15487,9996,2.0,0.0,8.7
18567,15487,27616,3.762,4.69,34.5
18568,15487,30830,5.349,0.539,23.5
18569,15489,15486,14.066,774.042,16.1
18570,15491,15488,7.232,354.505,9.2
18571,15493,17300,2.0,0.0,14.0
18572,15493,38434,2.143,0.476,14.9
18573,15497,7582,1.492,0.254,14.8
18574,15499,628,3.08,0.317,19.0
18575,15499,37196,2.0,0.0,4.7
18576,15501,15498,1.549,0.339,6.9
18577,15503,15500,3.038,0.438,14.3
18578,15505,15502,3.111,0.575,15.5
18579,15507,15504,3.6,0.3,16.8
18580,15511,28284,2.0,0.0,13.0
18581,15513,13916,3.392,0.243,23.5
18582,15513,17244,5.59,0.709,63.2
18583,15513,27608,8.0,4.0,64.4
18584,15515,15512,7.052,743.226,10.4
18585,15517,15514,1.844,2.947,14.3
18586,15519,15516,3.145,453.694,9.4
18587,15523,38554,2.444,0.278,9.7
18588,15525,29072,3.0,0.211,20.8
18589,15541,15538,1.4,0.3,10.2
18590,15541,37546,2.0,0.0,14.8
18591,15545,33852,2.278,0.33,12.8
18592,15547,12648,2.0,0.0,13.8
18593,15547,15544,1.789,0.175,14.1
18594,15549,15546,1.059,0.059,10.4
18595,15555,15552,1.077,0.077,10.2
18596,15559,15556,1.5,0.263,10.4
18597,15565,21726,2.0,0.0,13.3
18598,15569,14314,2.0,0.0,9.2
18599,15573,37290,2.333,0.333,4.7
18600,15577,34636,2.111,0.111,9.8
18601,15579,15576,1.333,0.25,6.5
18602,15583,30374,2.0,1.0,8.5
18603,15585,15582,1.048,0.046,13.6
18604,15587,15584,1.1,0.092,13.4
18605,15587,9640,1.25,0.75,4.1
18606,15589,15586,1.094,0.087,14.1
18607,15593,15590,1.375,0.242,9.7
18608,15595,15592,1.125,0.113,9.6
18609,15597,15594,1.25,0.194,9.8
18610,15601,1592,2.714,0.22,18.0
18611,15603,38298,2.0,0.0,9.0
18612,15603,15600,2.773,0.374,14.4
18613,15605,15602,2.762,0.39,14.4
18614,15615,9426,1.5,0.5,9.0
18615,15619,10370,2.0,0.0,12.6
18616,15621,10364,2.0,0.0,7.6
18617,15633,15666,2.0,0.0,9.0
18618,15635,9466,1.6,0.3,9.1
18619,15635,15682,3.0,0.0,14.4
18620,15637,13522,3.0,0.0,9.0
18621,15637,15634,3.0,0.0,14.4
18622,15639,15660,3.0,0.0,14.4
18623,15641,9002,2.0,0.0,9.1
18624,15641,15638,3.0,0.0,14.5
18625,15643,15640,3.0,0.0,14.4
18626,15645,15690,1.75,0.25,9.1
18627,15645,15642,2.0,0.0,14.4
18628,15649,34826,1.5,0.5,9.1
18629,15649,15636,3.0,0.0,14.4
18630,15653,15650,3.0,0.0,14.5
18631,15655,15652,3.0,0.0,14.4
18632,15657,15654,3.0,0.0,14.4
18633,15657,37374,1.2,0.2,4.7
18634,15659,15656,3.0,0.0,14.4
18635,15661,15658,3.0,0.0,14.4
18636,15663,9000,133.333,31056.25,14.2
18637,15665,15662,3.0,0.0,14.4
18638,15667,15664,3.0,0.0,14.4
18639,15669,15666,3.0,0.0,14.4
18640,15671,15668,3.0,0.0,14.4
18641,15671,37388,2.0,0.0,4.7
18642,15677,9464,32.333,1221.333,14.3
18643,15679,37392,2.0,0.0,9.0
18644,15681,19660,2.0,0.0,9.6
18645,15683,15680,3.0,0.0,13.5
18646,15683,37400,1.5,0.5,4.7
18647,15685,15662,1.833,0.167,9.1
18648,15689,22744,67.8,12742.7,14.5
18649,15691,15688,3.0,0.0,14.2
18650,15693,19598,2.8,0.2,14.7
18651,15693,37414,3.0,0.0,14.9
18652,15693,20,2.0,0.0,4.7
18653,15695,15692,2.778,0.194,15.3
18654,15695,622,3.0,0.0,15.0
18655,15697,22,2.0,0.0,10.6
18656,15699,20,3.0,0.0,10.5
18657,15699,19598,3.0,0.0,15.2
18658,15705,29180,1.444,0.256,8.2
18659,15705,12262,2.288,0.236,17.4
18660,15707,33446,1.077,0.077,5.0
18661,15707,15704,1.71,0.208,13.2
18662,15711,15712,2.837,138.713,8.4
18663,15713,11498,4.914,171.493,23.7
18664,15713,10222,83.5,12211.167,2.3
18665,15715,15710,2.136,66.392,12.9
18666,15717,14478,5.0,0.0,24.0
18667,15719,11132,1.214,0.171,9.5
18668,15723,11854,3.65,1.082,29.3
18669,15725,14144,1.106,0.096,4.0
18670,15727,15724,6.407,1175.696,10.5
18671,15729,15744,1.481,1.284,9.2
18672,15731,15726,1.138,0.12,6.0
18673,15733,15730,2.774,222.177,9.7
18674,15735,15732,1.359,0.87,5.1
18675,15737,15734,1.239,0.202,8.3
18676,15739,15736,1.225,0.394,9.7
18677,15741,15738,1.01,0.01,7.6
18678,15743,15740,1.324,0.307,12.9
18679,15743,33516,1.672,3.284,4.2
18680,15745,15742,1.159,0.426,5.8
18681,15747,12396,3.148,4.028,25.1
18682,15749,14870,5.639,120.801,13.1
18683,15753,15754,13.13,459.95,8.4
18684,15755,10596,2.746,0.703,20.0
18685,15765,15758,2.667,0.333,15.0
18686,15771,38310,2.0,0.0,13.4
18687,15773,1674,2.0,0.0,7.8
18688,15787,2696,1.333,0.267,9.0
18689,15789,2698,2.0,0.0,8.8
18690,15793,2704,2.0,0.0,8.7
18691,15801,34952,18.0,0.0,14.0
18692,15805,3428,2.0,0.0,14.4
18693,15807,2700,3.0,0.0,18.6
18694,15833,18036,1.625,0.268,8.7
18695,15833,40204,3.0,0.0,16.4
18696,15835,15852,3.333,0.333,14.8
18697,15835,37816,3.0,0.0,14.7
18698,15837,15834,3.0,0.0,14.9
18699,15839,15832,3.0,0.0,13.7
18700,15841,15838,3.333,0.267,14.6
18701,15843,15840,3.25,0.25,14.5
18702,15845,15842,4.0,0.0,15.4
18703,15847,15844,3.0,0.0,15.6
18704,15851,37586,2.0,0.0,4.7
18705,15853,37810,2.5,0.5,14.7
18706,15853,37588,2.0,0.0,4.7
18707,15855,32744,1.5,0.5,7.6
18708,15857,15854,2.5,0.5,13.8
18709,15859,37596,2.0,0.0,4.7
18710,15861,15858,4.0,0.0,15.1
18711,15867,15864,2.2,0.2,13.3
18712,15869,15880,3.182,0.156,24.0
18713,15871,15866,1.5,0.3,11.6
18714,15873,28984,1.5,0.5,9.3
18715,15873,15870,2.0,0.0,14.3
18716,15875,15872,2.182,0.164,14.7
18717,15875,2754,2.0,0.0,14.5
18718,15877,15874,1.929,0.071,14.0
18719,15877,37614,2.0,0.0,4.7
18720,15879,15876,2.188,0.296,16.0
18721,15879,37616,2.0,0.0,4.7
18722,15881,8050,5.0,0.0,33.8
18723,15881,15878,5.688,1.963,40.7
18724,15881,8124,5.0,0.0,40.2
18725,15883,37146,1.5,0.5,9.2
18726,15883,37620,2.0,0.0,4.7
18727,15893,3446,3.0,0.0,12.3
18728,15895,25484,1.21,0.168,6.6
18729,15895,11458,2.075,0.071,18.3
18730,15899,15234,3.0,1.333,28.0
18731,15899,8076,4.269,1.325,39.8
18732,15901,15898,18.0,3399.429,10.9
18733,15903,15900,1.526,0.58,10.4
18734,15905,15234,3.687,97.117,29.5
18735,15905,8076,3.606,101.684,2.3
18736,15907,15916,1.684,0.219,11.9
18737,15909,15906,1.328,0.224,5.5
18738,15911,15908,1.4,0.243,9.4
18739,15913,15910,1.969,0.189,15.3
18740,15915,14552,3.0,0.0,25.8
18741,15919,10022,2.0,0.0,16.0
18742,15925,38270,1.583,0.447,9.5
18743,15927,15924,2.0,0.333,9.7
18744,15929,15926,2.4,0.3,10.7
18745,15931,15928,3.5,0.333,15.1
18746,15939,15940,1.5,0.3,8.4
18747,15941,37704,2.0,0.0,11.1
18748,15941,31546,3.0,0.0,31.7
18749,15941,36450,5.0,5.5,24.7
18750,15945,16066,3.476,2.772,36.1
18751,15945,32996,12.613,214.178,10.1
18752,15947,32120,2.444,0.278,16.9
18753,15947,738,3.0,1.235,27.8
18754,15955,19194,2.0,0.0,14.4
18755,15957,19038,1.333,0.267,8.7
18756,15961,11202,2.667,0.333,13.0
18757,15961,38202,3.5,0.5,14.5
18758,15963,15960,2.2,0.2,11.2
18759,15965,32232,2.333,0.333,11.1
18760,15965,15962,3.0,0.0,15.0
18761,15967,32128,2.938,0.329,14.2
18762,15969,984,3.0,0.5,13.4
18763,15971,1046,1.846,0.141,9.0
18764,15975,23022,2.556,0.528,16.0
18765,15981,15978,1.389,0.252,17.8
18766,15991,15988,1.6,0.3,12.0
18767,16001,37770,2.0,0.0,9.1
18768,16003,16000,3.5,0.5,14.0
18769,16003,18276,3.0,0.0,14.4
18770,16007,32806,1.5,0.333,5.7
18771,16009,16006,1.75,0.917,3.1
18772,16011,16008,2.0,0.0,9.0
18773,16013,16010,4.0,0.0,14.6
18774,16015,16012,3.0,0.0,14.5
18775,16023,37798,2.0,0.0,8.7
18776,16023,16018,4.0,0.0,14.2
18777,16025,16022,4.0,0.0,14.4
18778,16029,16024,2.5,0.5,14.2
18779,16035,15842,2.0,0.0,10.1
18780,16047,37572,2.0,0.0,13.7
18781,16051,8386,2.25,0.25,8.0
18782,16051,29002,2.667,0.333,10.8
18783,16063,4540,2.0,0.0,7.5
18784,16065,4466,3.5,0.5,13.0
18785,16065,16062,5.333,0.333,13.3
18786,16067,2560,1.082,0.075,13.1
18787,16071,16068,1.2,0.178,5.3
18788,16073,16070,4.0,2.0,17.0
18789,16077,16074,1.091,0.092,20.3
18790,16087,16092,2.0,0.0,9.0
18791,16087,16084,3.5,0.5,14.4
18792,16087,37882,3.0,0.0,14.2
18793,16091,27740,4.0,0.0,27.2
18794,16095,37874,3.0,0.0,9.0
18795,16103,27526,1.071,0.071,5.2
18796,16105,16110,1.5,0.5,5.7
18797,16117,16114,2.0,0.0,9.5
18798,16121,9790,2.75,0.25,12.6
18799,16123,9792,3.0,0.0,12.5
18800,16125,30508,3.0,0.0,14.2
18801,16131,28664,3.0,0.0,15.3
18802,16133,16130,3.5,0.5,15.5
18803,16141,29988,2.0,0.0,8.0
18804,16141,9268,2.333,0.333,13.0
18805,16143,16140,2.5,0.5,9.1
18806,16179,36836,3.5,0.5,9.1
18807,16181,37984,1.444,0.278,4.7
18808,16183,15980,1.25,0.25,7.9
18809,16185,15978,2.0,0.0,11.6
18810,16197,37998,2.0,0.0,4.7
18811,16205,26000,1.087,0.083,14.6
18812,16205,5536,2.429,5.952,3.2
18813,16207,16204,1.094,0.088,13.0
18814,16211,5852,1.5,0.333,8.2
18815,16211,16208,1.48,0.26,18.1
18816,16213,3900,3.0,0.0,14.7
18817,16213,28948,3.25,0.25,15.7
18818,16215,16212,1.286,0.238,5.0
18819,16217,16214,2.5,0.3,12.4
18820,16217,15578,3.0,0.333,13.9
18821,16217,38018,2.0,0.0,4.7
18822,16219,16900,1.072,0.385,8.5
18823,16221,16904,1.552,0.256,8.4
18824,16223,16220,4.676,18.67,13.5
18825,16225,16222,1.378,0.464,14.0
18826,16227,16224,1.083,0.079,14.3
18827,16237,25636,2.75,0.25,13.7
18828,16237,5222,4.0,0.0,31.1
18829,16237,10080,3.583,7.902,13.1
18830,16241,16236,1.647,0.243,10.7
18831,16243,16240,1.357,0.247,10.6
18832,16245,16242,1.429,0.264,10.4
18833,16247,16244,1.267,0.21,10.4
18834,16249,16246,2.667,0.333,21.8
18835,16251,16248,1.333,0.333,8.0
18836,16255,39210,62.0,10267.0,14.3
18837,16255,32420,5.429,30.952,14.2
18838,16257,16254,6.636,1.655,14.3
18839,16273,5520,2.0,0.0,16.2
18840,16275,10088,1.04,0.039,13.0
18841,16275,19986,1.333,0.333,3.0
18842,16277,16866,2.714,0.238,14.0
18843,16279,6158,2.0,0.0,12.6
18844,16281,7156,2.0,0.0,21.5
18845,16281,22210,1.083,0.083,5.0
18846,16289,32904,1.625,0.268,8.5
18847,16291,14406,1.5,0.5,8.1
18848,16321,38128,3.0,0.0,12.1
18849,16321,38130,2.0,0.0,4.7
18850,16327,29654,2.0,0.0,11.9
18851,16333,29464,1.615,0.256,13.8
18852,16337,34878,2.0,0.0,8.5
18853,16341,16338,1.167,0.167,14.5
18854,16345,14182,1.365,0.234,15.5
18855,16345,14224,4.25,42.25,4.3
18856,16347,16344,1.578,0.266,19.6
18857,16347,29138,1.625,1.982,4.7
18858,16349,16346,1.312,0.217,16.7
18859,16351,16086,1.5,0.278,7.6
18860,16353,24080,2.0,0.0,11.9
18861,16355,3298,2.0,0.0,9.0
18862,16355,16352,3.0,0.0,14.4
18863,16357,16354,2.5,0.5,14.5
18864,16359,16356,2.75,0.25,14.4
18865,16361,38292,1.8,0.2,9.1
18866,16363,16360,3.0,0.0,14.4
18867,16365,16362,3.667,0.333,14.5
18868,16379,23722,3.542,0.694,16.3
18869,16379,38200,2.0,0.0,5.1
18870,16381,32254,2.0,0.0,9.0
18871,16383,32132,1.387,0.245,9.4
18872,16385,16382,1.552,0.47,10.3
18873,16389,5984,1.917,0.083,14.5
18874,16389,4330,2.0,0.0,14.3
18875,16391,22550,1.5,0.333,8.9
18876,16395,24864,2.364,0.255,22.1
18877,16395,5610,2.292,0.379,32.8
18878,16397,38242,1.571,0.286,4.7
18879,16399,38244,1.667,0.333,4.7
18880,16401,25336,2.5,0.5,14.8
18881,16411,5336,2.0,0.0,8.3
18882,16411,25756,3.0,0.0,12.6
18883,16413,16410,1.5,0.5,5.5
18884,16415,16412,6.0,0.0,5.5
18885,16419,36062,2.133,0.267,14.8
18886,16421,38286,2.0,0.0,4.7
18887,16423,16364,4.0,0.0,14.4
18888,16429,15600,2.0,0.0,9.0
18889,16433,7464,15.2,1228.6,28.2
18890,16439,16436,1.059,0.059,14.0
18891,16445,37492,4.0,0.0,17.5
18892,16447,6666,1.429,0.286,10.7
18893,16455,31118,2.0,0.0,10.2
18894,16455,10234,2.333,0.333,17.6
18895,16461,38334,3.0,0.0,14.2
18896,16467,38902,2.75,0.917,15.7
18897,16469,16466,2.0,0.0,14.1
18898,16479,16494,2.5,0.5,14.2
18899,16481,16478,2.0,2.0,8.8
18900,16483,16480,3.0,0.0,14.2
18901,16485,16482,3.0,0.0,14.4
18902,16493,16494,3.0,1.0,14.2
18903,16495,352,1.6,0.3,8.5
18904,16503,27018,2.0,0.0,9.2
18905,16505,12190,3.0,0.0,12.7
18906,16511,30956,2.304,0.221,11.6
18907,16511,19842,2.875,0.375,13.3
18908,16513,16510,1.217,0.178,15.2
18909,16521,4722,2.0,0.0,16.3
18910,16521,16518,2.062,0.063,20.2
18911,16523,7596,2.099,105.478,8.0
18912,16525,32300,16.89,1311.356,31.9
18913,16529,25288,1.429,0.286,7.5
18914,16531,29048,4.0,0.0,24.2
18915,16533,25306,1.429,0.264,7.6
18916,16535,16532,1.167,0.152,5.0
18917,16553,16550,3.0,0.0,14.4
18918,16553,38414,2.25,0.25,4.7
18919,16555,16552,4.0,0.0,14.5
18920,16567,11404,1.667,0.5,9.1
18921,16571,39398,4.0,0.0,9.8
18922,16583,1332,2.25,0.25,10.5
18923,16585,11052,1.792,0.259,9.0
18924,16587,30136,2.0,0.0,9.0
18925,16587,16584,2.833,0.167,14.4
18926,16589,38462,2.0,0.0,9.0
18927,16591,32068,2.909,0.091,14.2
18928,16593,16590,3.0,0.0,14.4
18929,16597,16604,2.667,0.333,14.4
18930,16601,17192,1.25,0.25,7.5
18931,16603,8840,2.5,0.5,14.2
18932,16605,8838,1.714,0.238,9.0
18933,16607,21482,2.0,0.0,8.9
18934,16615,29362,2.0,0.0,7.6
18935,16617,38482,1.5,0.5,4.7
18936,16633,38498,2.0,0.0,4.7
18937,16639,15566,8.0,0.0,42.5
18938,16647,26336,2.0,0.0,8.0
18939,16649,15376,2.0,0.0,7.3
18940,16649,37042,2.5,0.5,12.4
18941,16651,8494,2.333,0.333,14.2
18942,16651,37238,2.75,0.917,19.3
18943,16651,28200,3.0,0.0,15.3
18944,16659,4364,1.833,0.167,10.7
18945,16659,16656,1.017,0.017,8.9
18946,16663,33308,4.0,0.0,26.9
18947,16663,12126,3.5,0.5,18.3
18948,16669,16664,2.667,0.333,14.3
18949,16679,36486,2.389,0.252,15.2
18950,16681,16678,1.308,0.231,10.5
18951,16685,37220,2.0,0.0,7.6
18952,16687,16684,4.85,0.661,33.3
18953,16687,10352,1.143,0.132,5.9
18954,16689,16686,1.914,0.316,14.9
18955,16689,37218,2.0,0.0,15.2
18956,16693,16690,2.0,0.169,14.6
18957,16697,16694,1.714,0.281,14.3
18958,16699,16696,1.175,1.433,13.0
18959,16701,16698,1.036,0.036,13.7
18960,16705,16702,1.056,0.053,13.7
18961,16709,7160,3.0,0.0,19.5
18962,16711,16708,3.333,0.333,14.2
18963,16713,30472,1.5,0.5,8.7
18964,16715,16712,3.0,0.0,16.4
18965,16725,16712,4.0,0.0,16.2
18966,16729,38694,2.0,0.0,9.1
18967,16733,38612,3.0,11.333,1.8
18968,16737,9752,2.0,0.0,17.5
18969,16741,16738,1.457,0.255,10.3
18970,16747,19888,2.214,0.643,16.6
18971,16747,16778,4.42,1.024,39.8
18972,16747,16808,2.857,0.81,14.5
18973,16755,16752,1.086,0.081,12.8
18974,16759,38708,3.095,0.19,14.1
18975,16761,16758,3.211,0.287,14.4
18976,16763,16760,3.105,0.322,14.4
18977,16765,16762,3.118,0.36,14.4
18978,16767,16764,3.118,0.36,14.4
18979,16769,16766,3.0,0.267,14.4
18980,16771,16768,3.071,0.533,14.5
18981,16773,16770,3.083,0.265,13.8
18982,16775,9752,1.345,0.23,18.4
18983,16781,16738,2.0,0.0,12.7
18984,16809,16734,6.391,0.704,56.8
18985,16811,16772,3.182,0.364,14.5
18986,16813,31016,2.283,0.284,11.1
18987,16815,16812,2.925,0.225,13.6
18988,16815,20238,3.0,0.0,13.6
18989,16817,38696,2.0,0.0,4.7
18990,16819,38702,2.0,0.0,9.2
18991,16821,16818,2.714,0.238,13.7
18992,16827,16290,1.5,0.5,9.6
18993,16829,16826,3.0,0.0,14.4
18994,16831,16826,2.0,0.0,9.1
18995,16831,38724,2.0,0.0,4.7
18996,16833,38728,2.0,0.0,8.5
18997,16835,16830,1.75,0.25,9.1
18998,16837,38730,1.25,0.25,4.7
18999,16839,16836,2.0,0.0,14.4
19000,16841,16838,2.75,0.25,18.8
19001,16843,16840,1.25,0.25,11.9
19002,16843,35700,1.5,3.067,2.5
19003,16845,16842,1.148,0.131,9.8
19004,16863,30090,3.0,0.667,10.9
19005,16865,16862,2.0,0.0,7.4
19006,16867,12728,2.75,0.214,14.4
19007,16871,39266,3.2,0.2,14.7
19008,16885,11156,2.0,0.0,7.6
19009,16891,37260,1.4,0.25,7.6
19010,16893,16890,3.0,0.308,14.4
19011,16895,16892,3.2,0.2,14.4
19012,16897,16894,2.75,0.25,14.1
19013,16899,16896,3.5,0.5,14.1
19014,16901,38800,1.305,0.67,14.4
19015,16905,5724,2.059,0.309,23.8
19016,16905,35958,3.1,14.516,5.0
19017,16907,38814,1.5,0.5,4.7
19018,16909,38818,2.5,0.5,14.8
19019,16915,8742,2.0,0.0,12.6
19020,16919,38832,3.0,0.0,14.6
19021,16927,15972,3.217,1.044,33.2
19022,16927,15970,3.0,0.0,12.1
19023,16931,3260,2.125,0.411,8.8
19024,16935,16932,2.0,0.0,9.0
19025,16935,23408,3.0,0.0,14.4
19026,16937,23410,1.667,0.25,9.0
19027,16937,16934,2.25,0.25,11.8
19028,16939,19720,2.643,0.247,16.1
19029,16939,114,4.667,4.333,21.2
19030,16943,38848,1.5,0.5,4.7
19031,16945,12160,2.424,0.281,29.6
19032,16947,2846,1.779,1.623,20.0
19033,16957,26062,1.5,0.5,9.4
19034,16957,16954,1.569,0.25,19.6
19035,16957,8662,3.667,21.333,3.9
19036,16959,16956,1.132,0.117,13.4
19037,16959,25228,4.25,42.25,4.1
19038,16961,29136,1.6,1.8,3.7
19039,16963,13128,3.682,11.751,15.2
19040,16965,38330,2.0,0.0,13.0
19041,16967,38918,2.333,0.333,12.6
19042,16967,38904,3.0,0.0,21.6
19043,16969,16966,3.0,0.0,14.8
19044,16971,16968,2.0,0.0,5.8
19045,16973,17290,3.147,0.25,18.6
19046,16973,12294,6.5,0.333,19.4
19047,16975,3386,1.727,0.218,9.1
19048,16977,16974,3.222,0.194,16.5
19049,16979,16976,2.0,0.0,10.4
19050,16981,39820,4.364,0.528,20.9
19051,16987,22482,1.25,0.25,6.1
19052,16987,5142,1.361,0.234,15.9
19053,16989,16990,11.629,1139.86,7.9
19054,16991,23734,1.9,0.322,9.7
19055,16991,22578,3.613,0.43,20.7
19056,16993,17016,1.667,0.333,14.3
19057,16993,8746,2.0,0.0,18.2
19058,16993,38962,3.0,0.0,16.8
19059,16999,16996,2.5,0.5,22.9
19060,17003,17016,2.0,0.118,18.1
19061,17005,17002,1.286,0.22,15.4
19062,17007,2600,2.0,2.0,14.6
19063,17009,40758,1.5,0.5,8.0
19064,17011,17008,2.0,0.0,14.5
19065,17011,8726,1.857,0.143,14.6
19066,17015,2600,2.0,0.182,14.8
19067,17021,4914,2.6,0.489,17.2
19068,17031,26386,2.333,0.25,11.4
19069,17031,17028,1.467,0.267,18.0
19070,17035,17032,1.037,0.037,13.4
19071,17037,10752,1.5,0.278,7.7
19072,17037,17034,1.04,0.04,10.5
19073,17039,17042,1.111,0.909,8.0
19074,17041,21364,3.38,0.791,34.6
19075,17041,6582,14.0,120.667,10.6
19076,17043,17040,6.379,956.474,17.5
19077,17053,12770,2.25,0.214,11.8
19078,17053,34084,4.0,0.0,21.8
19079,17055,17052,1.75,0.25,9.8
19080,17063,1918,2.0,0.0,18.9
19081,17065,17068,1.03,0.029,12.1
19082,17065,17062,1.4,0.8,4.3
19083,17067,5394,1.275,0.202,15.3
19084,17087,17108,7.0,0.0,32.4
19085,17109,17106,2.0,0.0,12.4
19086,17153,10388,1.136,0.123,17.3
19087,17157,7824,2.0,0.0,7.1
19088,17157,39128,1.5,0.5,4.7
19089,17167,39140,1.333,0.333,7.5
19090,17169,39138,2.0,0.0,12.7
19091,17171,24338,1.75,0.25,9.2
19092,17173,7810,6.0,0.0,20.9
19093,17175,17172,2.0,0.0,7.7
19094,17177,5620,1.018,0.018,9.6
19095,17177,25014,5.364,209.455,2.6
19096,17179,24972,1.857,0.143,8.8
19097,17181,4686,91.667,10876.333,13.5
19098,17183,4644,2.0,0.0,8.0
19099,17187,17188,3.505,63.289,8.4
19100,17189,39182,2.071,0.587,11.8
19101,17189,39172,3.725,0.379,18.0
19102,17191,17186,1.385,2.243,10.6
19103,17193,17190,1.042,0.042,10.6
19104,17195,37848,3.5,1.0,31.5
19105,17195,30740,3.628,1.001,30.6
19106,17197,17194,1.171,0.245,10.4
19107,17199,17196,1.029,0.029,10.7
19108,17201,35888,2.2,0.2,20.1
19109,17201,4496,1.433,0.247,21.2
19110,17203,12924,3.0,0.0,13.0
19111,17205,2170,1.197,0.159,14.0
19112,17207,16554,3.0,0.0,13.6
19113,17207,16546,2.0,0.0,13.1
19114,17211,38064,4.824,3.404,14.4
19115,17213,17210,1.667,0.333,14.4
19116,17213,5524,2.0,0.167,14.3
19117,17215,17212,2.5,1.0,14.3
19118,17217,17214,2.0,0.0,14.5
19119,17221,26146,1.5,0.5,11.6
19120,17221,5780,2.0,0.0,16.9
19121,17223,39226,2.0,0.0,9.8
19122,17225,39224,1.667,0.333,4.7
19123,17227,17224,2.0,0.0,9.0
19124,17233,18268,1.789,0.591,22.1
19125,17235,17232,1.685,0.24,7.6
19126,17235,5912,2.279,0.772,18.6
19127,17237,17234,1.646,0.5,13.1
19128,17237,5036,5.96,120.123,3.7
19129,17239,17236,1.586,2.258,13.4
19130,17241,17238,1.312,0.602,9.4
19131,17243,26590,1.25,0.214,5.4
19132,17243,17240,1.228,0.249,13.4
19133,17245,17242,1.079,0.153,10.4
19134,17247,38764,4.0,0.0,8.4
19135,17249,17246,2.0,0.0,8.9
19136,17251,26582,2.0,0.0,13.2
19137,17257,2922,3.156,0.229,23.4
19138,17257,3762,4.25,0.25,24.9
19139,17257,23994,1.647,2.368,6.3
19140,17259,17260,2.0,0.0,14.4
19141,17261,3764,3.0,0.0,13.7
19142,17263,24298,1.5,0.5,7.9
19143,17263,2974,2.364,0.255,12.4
19144,17265,11856,1.817,0.188,28.0
19145,17267,17268,1.139,0.12,16.3
19146,17271,24394,1.067,0.067,7.5
19147,17271,17272,4.081,45.665,3.0
19148,17273,4490,2.249,0.834,24.4
19149,17273,39292,5.333,0.333,1.4
19150,17275,4312,2.167,0.167,11.7
19151,17277,17274,1.333,0.267,5.4
19152,17279,5590,3.0,0.0,14.4
19153,17287,2516,2.25,0.25,11.8
19154,17287,14118,6.33,898.43,9.5
19155,17289,39328,8.59,1171.903,4.1
19156,17291,17288,2.306,0.231,16.7
19157,17293,19142,2.646,0.923,21.9
19158,17297,8008,3.0,0.0,14.1
19159,17299,8418,2.0,0.0,10.2
19160,17301,39348,1.583,0.265,4.7
19161,17303,8420,1.667,0.333,9.0
19162,17305,23138,2.0,0.0,7.6
19163,17311,17318,2.107,0.321,9.5
19164,17311,21952,5.8,40.178,3.0
19165,17313,31992,2.625,0.65,7.2
19166,17313,17310,1.537,0.255,6.7
19167,17317,39364,9.0,0.0,1.4
19168,17321,39370,1.5,0.333,4.7
19169,17329,17326,3.0,0.0,13.0
19170,17335,36676,3.0,0.0,13.9
19171,17343,19548,2.5,0.5,15.6
19172,17345,39406,2.667,0.238,13.7
19173,17345,39400,1.952,0.648,6.2
19174,17347,27870,2.0,0.0,7.7
19175,17347,7314,3.0,0.0,12.9
19176,17355,39414,1.25,0.25,4.7
19177,17359,11082,2.667,0.333,12.9
19178,17365,8080,2.5,0.5,14.2
19179,17371,30744,2.0,0.0,9.1
19180,17373,17370,3.5,0.5,14.4
19181,17377,17370,2.333,0.333,11.6
19182,17379,8078,3.0,0.0,13.0
19183,17381,9344,1.583,0.265,7.6
19184,17383,9406,4.0,0.0,26.5
19185,17383,8520,5.0,0.0,40.2
19186,17385,17382,1.667,0.333,15.1
19187,17395,7072,4.0,0.0,8.4
19188,17397,17394,3.0,0.0,14.6
19189,17411,138,2.0,0.0,8.2
19190,17413,17410,1.333,0.333,9.1
19191,17421,5342,3.0,0.0,18.2
19192,17429,19360,6.0,0.0,17.1
19193,17433,32748,2.0,0.0,12.7
19194,17439,17432,3.0,0.0,9.0
19195,17441,17438,2.0,0.0,9.8
19196,17443,37644,2.0,0.0,13.3
19197,17445,17412,2.667,0.333,13.8
19198,17447,17444,1.5,0.5,5.6
19199,17447,39534,1.333,0.333,4.7
19200,17449,7316,2.0,0.0,7.6
19201,17451,18044,2.0,0.0,10.1
19202,17455,1322,1.143,0.143,5.3
19203,17459,41072,1.667,0.333,8.3
19204,17469,39558,2.0,0.0,4.7
19205,17471,39560,1.333,0.267,4.7
19206,17479,19764,2.5,0.5,11.1
19207,17479,17446,3.5,0.5,17.7
19208,17483,39578,2.5,0.5,4.7
19209,17485,6746,4.0,0.0,16.5
19210,17495,6654,2.0,0.0,13.2
19211,17505,4648,2.0,0.0,9.7
19212,17505,39600,2.0,0.0,4.7
19213,17511,17508,3.0,0.0,14.4
19214,17517,29272,2.0,0.0,11.8
19215,17519,36166,3.0,0.0,15.6
19216,17521,17518,3.0,0.0,14.4
19217,17525,9966,2.0,0.0,8.5
19218,17525,30808,3.0,0.0,15.8
19219,17529,17526,3.5,0.5,14.5
19220,17533,17526,1.5,0.5,9.0
19221,17535,30810,2.0,0.0,10.6
19222,17535,9968,2.75,0.25,18.5
19223,17539,17520,3.0,0.0,13.0
19224,17541,39636,2.0,0.0,4.5
19225,17557,39652,1.4,0.257,4.7
19226,17565,26488,3.25,0.25,16.0
19227,17567,7786,3.0,2.0,12.6
19228,17569,7796,1.4,0.3,7.7
19229,17571,17568,2.4,0.3,14.4
19230,17583,28504,1.5,0.5,8.7
19231,17585,28108,3.0,0.0,13.2
19232,17587,30878,2.0,0.0,12.8
19233,17593,10072,2.0,0.0,12.8
19234,17597,17592,1.5,0.5,9.2
19235,17603,10070,2.0,0.0,12.6
19236,17605,25742,1.857,0.143,8.1
19237,17621,6550,2.0,0.0,12.6
19238,17623,17620,2.0,0.0,9.1
19239,17625,6548,2.0,0.0,12.6
19240,17629,6552,2.0,0.0,12.6
19241,17631,17628,3.0,0.0,14.4
19242,17633,17630,2.0,0.0,9.0
19243,17635,19744,1.75,0.25,7.6
19244,17643,29534,2.0,0.0,7.5
19245,17645,21922,3.0,0.0,13.9
19246,17653,17650,2.0,0.0,10.8
19247,17671,7872,4.5,0.5,14.4
19248,17683,11312,2.75,0.25,16.3
19249,17691,4170,2.0,0.0,8.9
19250,17703,15590,4.0,0.0,14.5
19251,17705,3374,3.0,0.0,11.0
19252,17705,23538,2.571,0.619,14.1
19253,17715,38940,3.87,0.482,19.2
19254,17717,17714,3.957,0.589,19.3
19255,17719,17716,3.042,0.389,15.1
19256,17719,39824,1.8,0.178,4.7
19257,17729,39834,2.0,0.0,4.7
19258,17731,35812,3.0,0.0,12.8
19259,17733,13858,2.833,0.167,12.6
19260,17735,17732,2.75,0.25,10.5
19261,17745,5954,3.0,0.0,14.0
19262,17747,17744,3.0,0.0,14.4
19263,17751,17746,3.0,0.0,14.2
19264,17753,17746,3.0,0.0,14.4
19265,17759,8498,2.0,0.0,13.8
19266,17761,29400,2.0,0.0,7.9
19267,17761,8760,2.0,0.0,12.7
19268,17767,9638,3.0,0.0,12.6
19269,17771,13600,2.0,0.0,17.2
19270,17777,17780,1.8,0.7,9.1
19271,17777,17774,2.8,0.7,13.8
19272,17779,17776,2.909,0.491,14.2
19273,17787,8926,2.75,0.25,14.7
19274,17789,11134,2.5,0.5,13.2
19275,17791,26604,1.25,0.25,7.6
19276,17791,6122,2.5,0.5,12.6
19277,17793,27050,2.0,0.0,7.5
19278,17793,6554,2.0,0.0,12.7
19279,17795,17792,3.0,2.0,14.4
19280,17799,32740,2.0,0.0,13.1
19281,17801,17798,3.0,0.0,14.4
19282,17805,28340,2.0,0.0,12.7
19283,17825,21926,2.0,0.0,13.5
19284,17831,4138,1.5,0.5,9.1
19285,17831,24432,2.0,0.0,14.4
19286,17835,29294,2.0,0.0,13.4
19287,17839,33392,2.842,0.251,17.4
19288,17841,17838,3.0,0.0,14.4
19289,17849,15226,2.8,0.178,15.2
19290,17849,36852,3.5,0.5,19.8
19291,17851,23728,2.0,0.0,10.3
19292,17853,7798,2.0,0.0,8.2
19293,17855,21560,88.2,857.2,46.7
19294,17857,25868,1.833,0.167,8.5
19295,17859,17856,3.167,0.167,14.7
19296,17861,17858,3.2,0.7,13.8
19297,17863,39976,2.0,0.0,4.7
19298,17865,2936,2.333,0.333,12.6
19299,17867,568,3.0,0.667,19.4
19300,17867,32476,3.0,0.0,14.7
19301,17869,39420,2.0,0.0,8.7
19302,17877,14306,3.0,2.0,12.9
19303,17885,592,1.106,0.095,22.8
19304,17893,40046,1.5,0.5,4.7
19305,17897,17894,2.0,0.0,13.9
19306,17899,40066,2.0,0.0,9.1
19307,17899,17896,2.667,0.333,14.7
19308,17901,17898,3.0,0.0,14.7
19309,17901,40054,2.0,0.0,4.7
19310,17903,17900,3.25,0.25,14.7
19311,17903,40056,2.0,0.0,4.7
19312,17905,40060,2.0,0.0,9.1
19313,17905,17902,3.0,0.0,15.0
19314,17919,17718,4.4,1.156,18.5
19315,17921,17918,2.3,0.456,10.1
19316,17923,17920,3.222,0.444,15.2
19317,17927,40082,3.0,0.25,15.1
19318,17945,35580,2.0,0.0,7.9
19319,17949,17950,3.0,0.0,11.3
19320,17951,16276,2.0,0.0,12.2
19321,17961,40118,2.0,0.0,4.7
19322,17963,40120,2.0,0.0,4.7
19323,17965,17962,7.0,0.0,14.4
19324,17965,17976,6.5,0.5,14.2
19325,17967,17964,10.0,3.0,21.4
19326,17967,17972,5.0,0.0,15.0
19327,17969,17966,2.25,0.25,5.0
19328,17971,17968,3.5,0.333,12.1
19329,17973,40130,2.5,0.5,4.7
19330,17977,40134,1.5,0.5,4.7
19331,17987,6666,2.0,0.0,7.6
19332,17989,40146,2.0,0.0,4.7
19333,17993,40148,3.5,0.5,16.5
19334,17995,17996,2.5,0.5,10.7
19335,17997,17986,2.5,0.5,10.9
19336,18003,29078,2.0,0.0,10.1
19337,18005,8134,2.0,0.0,12.6
19338,18009,18010,4.492,610.61,8.6
19339,18011,264,15.306,3142.228,18.7
19340,18013,18008,1.082,0.121,9.4
19341,18015,18012,1.051,0.078,9.6
19342,18017,18014,1.15,0.128,13.1
19343,18019,18020,4.168,630.936,11.6
19344,18021,18016,1.178,0.182,13.2
19345,18023,12282,2.917,0.167,20.6
19346,18023,29954,1.4,0.3,7.9
19347,18025,40718,2.0,0.0,8.0
19348,18031,3424,2.5,0.5,14.6
19349,18033,15370,3.037,0.96,24.8
19350,18035,40198,2.0,0.0,8.4
19351,18035,15370,4.167,1.462,38.6
19352,18037,18034,1.294,0.332,12.7
19353,18039,18036,1.089,0.083,10.4
19354,18041,18038,1.467,0.255,10.6
19355,18043,18040,1.097,0.09,7.8
19356,18045,12020,3.14,0.647,15.6
19357,18045,20836,4.919,0.854,28.1
19358,18047,18048,13.302,948.612,8.2
19359,18049,12012,4.889,1.547,48.0
19360,18049,20982,1.952,0.348,8.9
19361,18051,35532,1.192,0.162,5.5
19362,18051,12016,4.986,1.819,46.1
19363,18051,35536,6.917,1.652,36.5
19364,18053,26186,3.0,0.0,18.7
19365,18111,11238,3.0,0.0,10.0
19366,18133,18130,2.667,0.333,14.4
19367,18133,40292,3.0,0.0,14.3
19368,18135,18132,3.0,0.0,14.4
19369,18137,40308,1.5,0.5,4.7
19370,18149,18150,3.946,433.797,8.6
19371,18151,11854,3.364,0.516,17.8
19372,18151,37436,1.5,2.5,3.3
19373,18159,6536,2.0,0.0,12.8
19374,18161,18158,2.667,0.333,11.6
19375,18163,18160,2.0,0.0,8.4
19376,18165,18162,2.0,0.0,11.2
19377,18177,40344,3.0,0.0,14.1
19378,18179,6540,2.0,0.0,14.8
19379,18183,18178,3.0,0.0,14.3
19380,18185,40356,2.0,0.0,4.7
19381,18209,40380,1.2,0.2,4.7
19382,18211,11314,3.0,0.0,16.5
19383,18215,11306,2.556,0.278,14.9
19384,18217,11308,1.143,0.143,7.9
19385,18219,11310,2.333,0.25,12.9
19386,18221,16780,2.0,0.0,11.3
19387,18223,38674,3.0,0.0,16.8
19388,18227,6662,2.0,0.0,7.6
19389,18233,11254,4.0,0.0,19.2
19390,18239,4014,2.0,0.0,9.0
19391,18241,4012,1.5,0.5,8.1
19392,18243,24266,2.0,0.0,9.4
19393,18243,4006,2.667,0.333,14.4
19394,18245,18242,3.0,0.0,14.6
19395,18245,24268,2.667,0.333,13.4
19396,18245,40416,1.5,0.5,4.7
19397,18247,18244,2.636,0.255,14.0
19398,18247,40422,3.0,0.0,12.9
19399,18249,40418,1.667,0.333,7.8
19400,18251,18248,2.5,0.5,12.9
19401,18253,18250,2.5,0.5,14.0
19402,18255,18252,3.0,0.0,14.6
19403,18259,23936,3.0,0.0,15.2
19404,18263,36280,1.667,0.333,8.3
19405,18267,10764,2.763,46.827,13.9
19406,18269,18266,1.52,0.869,13.4
19407,18273,21186,3.0,0.0,14.2
19408,18275,29008,2.4,2.3,8.3
19409,18275,8392,2.5,0.333,14.4
19410,18277,3938,2.0,0.0,9.0
19411,18283,39238,2.0,0.0,9.0
19412,18293,11988,2.0,0.0,10.4
19413,18295,18292,3.0,0.0,14.4
19414,18297,18294,2.0,0.0,14.5
19415,18325,18322,3.0,0.0,14.5
19416,18329,9744,2.0,0.0,10.2
19417,18329,30486,3.0,0.0,15.2
19418,18359,18360,2.0,0.0,7.8
19419,18359,40552,2.667,1.667,11.8
19420,18361,31480,1.667,0.267,10.2
19421,18361,10550,2.5,0.286,16.5
19422,18363,40548,2.0,0.0,8.6
19423,18363,18360,2.0,0.0,11.9
19424,18363,40552,1.571,0.418,4.7
19425,18369,30464,2.0,0.0,12.6
19426,18385,12902,2.5,0.5,12.5
19427,18387,18384,2.0,0.0,12.9
19428,18391,7228,2.333,0.333,16.8
19429,18393,18390,3.5,0.5,15.9
19430,18399,13704,2.0,0.0,9.4
19431,18405,35036,2.0,0.0,9.1
19432,18411,2194,4.556,0.278,26.0
19433,18413,34380,2.0,0.0,14.3
19434,18437,29264,1.5,0.333,7.6
19435,18445,1252,2.833,0.167,13.1
19436,18445,10708,3.04,0.373,15.1
19437,18447,21052,1.75,0.25,8.3
19438,18447,18444,2.778,0.194,13.5
19439,18451,1254,3.318,0.323,16.3
19440,18453,18462,2.5,0.5,14.4
19441,18455,40644,2.0,0.0,4.7
19442,18461,21064,2.5,0.5,14.2
19443,18463,18464,2.5,0.5,14.4
19444,18465,1248,3.0,0.5,14.4
19445,18467,18474,1.2,0.2,8.4
19446,18479,40792,4.452,0.801,46.8
19447,18481,18478,2.659,219.415,4.7
19448,18483,18480,2.637,249.156,11.2
19449,18487,18482,2.185,0.352,21.9
19450,18493,21452,61.5,7080.5,9.4
19451,18501,40696,2.0,0.0,4.7
19452,18503,40686,3.0,0.0,11.5
19453,18503,18500,2.0,0.0,12.6
19454,18505,40700,2.0,0.0,4.7
19455,18507,29408,1.333,0.333,6.7
19456,18507,8768,12.0,1052.909,12.0
19457,18509,18506,3.4,1.3,13.4
19458,18513,40700,3.0,0.0,14.3
19459,18517,33676,3.0,0.0,13.2
19460,18521,18524,2.333,0.333,14.1
19461,18523,40186,4.333,19.25,13.6
19462,18525,18522,1.875,0.125,6.0
19463,18527,18524,3.0,0.0,10.5
19464,18535,25038,2.0,0.0,13.7
19465,18541,40752,2.0,0.0,9.0
19466,18545,16516,1.625,0.268,7.2
19467,18545,38380,2.0,0.0,12.7
19468,18547,18544,3.5,0.7,15.7
19469,18549,18546,3.333,0.333,13.8
19470,18557,40736,3.0,0.0,14.5
19471,18557,40752,1.5,0.5,4.7
19472,18559,18556,3.0,0.0,14.5
19473,18563,17006,1.5,0.5,8.3
19474,18563,38968,2.0,0.0,13.9
19475,18569,40760,2.0,0.0,8.9
19476,18571,5804,2.0,0.0,12.6
19477,18573,17458,2.0,0.0,9.4
19478,18577,11894,2.0,0.0,7.5
19479,18579,18584,2.0,0.0,13.0
19480,18581,18582,3.0,0.0,15.5
19481,18583,21018,5.0,1.0,27.0
19482,18583,1222,4.0,0.0,27.6
19483,18585,18582,2.667,0.333,13.4
19484,18593,36300,1.667,0.267,9.8
19485,18595,18592,2.667,0.333,8.1
19486,18597,22836,2.0,0.0,12.9
19487,18607,31552,2.0,0.0,14.8
19488,18627,18628,3.0,0.0,14.3
19489,18629,29420,2.0,0.0,12.9
19490,18633,632,1.811,0.533,14.6
19491,18635,18632,1.009,0.009,6.7
19492,18637,5360,5.5,4.5,34.9
19493,18641,18644,3.0,0.0,14.2
19494,18657,4,2.0,2.0,9.0
19495,18665,25050,2.0,0.0,14.1
19496,18675,17194,2.0,0.0,12.6
19497,18677,22496,3.0,0.0,16.6
19498,18685,14390,2.0,0.0,9.0
19499,18685,35898,2.25,0.25,12.8
19500,18687,18684,2.75,0.25,14.4
19501,18689,18686,2.0,0.0,9.3
19502,18689,40904,2.0,0.0,4.7
19503,18693,35896,2.0,0.0,9.0
19504,18695,18692,3.0,0.0,14.4
19505,18697,29304,1.5,0.5,7.5
19506,18699,29308,2.0,0.0,7.5
19507,18701,29306,2.0,0.0,7.6
19508,18701,8682,2.0,0.0,12.8
19509,18705,5424,102.0,0.0,16.4
19510,18707,18704,2.0,0.0,9.2
19511,18711,33014,2.0,0.0,9.8
19512,18717,18718,2.0,0.0,9.0
19513,18719,24290,3.1,0.322,15.9
19514,18721,18718,2.0,0.0,14.4
19515,18723,32566,2.0,0.0,9.3
19516,18725,18732,2.0,0.0,9.0
19517,18727,18730,12.0,300.0,9.0
19518,18727,40942,2.0,0.0,4.7
19519,18729,40952,2.0,0.0,8.5
19520,18731,11232,3.75,4.25,7.6
19521,18731,32268,6.5,15.0,12.8
19522,18733,40942,2.0,0.0,9.3
19523,18733,18730,33.0,6230.667,14.5
19524,18735,18732,2.8,0.2,14.4
19525,18737,18734,1.333,0.333,8.8
19526,18737,40944,3.0,0.0,13.6
19527,18739,18724,2.333,1.333,11.4
19528,18739,18736,3.667,0.333,15.6
19529,18739,18728,3.0,0.0,14.0
19530,18741,18738,3.0,0.0,13.4
19531,18755,11470,1.4,0.3,9.4
19532,18755,7128,2.0,0.0,15.0
19533,18757,18754,2.0,0.0,12.6
19534,18759,18756,1.333,0.333,10.4
19535,18761,18758,1.667,0.333,10.2
19536,18767,40982,2.0,0.0,4.7
19537,18769,18766,3.0,0.0,15.5
19538,18769,40988,3.0,0.0,15.5
19539,18769,40984,2.0,0.0,4.7
19540,18773,40984,3.0,0.0,9.1
19541,18775,29268,3.0,0.0,15.3
19542,18779,18782,2.333,0.333,9.1
19543,18783,29274,1.333,0.333,7.9
19544,18787,41008,2.5,0.5,13.6
19545,18789,41004,2.0,0.0,4.7
19546,18807,18786,2.5,0.5,11.0
19547,18809,7830,1.6,0.3,7.8
19548,18811,18808,84.333,19602.333,13.9
19549,18813,18810,2.0,0.0,13.9
19550,18815,18812,4.0,2.0,14.4
19551,18819,4154,2.0,0.0,9.1
19552,18831,7186,3.5,0.5,27.5
19553,18833,16320,3.5,0.5,14.0
19554,18833,38132,3.0,0.0,14.3
19555,18835,41054,1.5,0.5,9.5
19556,18857,39548,3.0,0.0,12.2
19557,18857,41072,2.0,0.0,4.7
19558,18861,10970,3.0,0.0,9.1
19559,18867,11894,4.0,0.0,19.7
19560,18869,17760,2.0,0.0,9.1
19561,18871,33668,1.5,0.5,7.7
19562,18875,35304,2.0,0.0,13.2
19563,18877,29916,7.5,4.5,11.0
19564,18881,41104,3.0,0.0,15.7
19565,18883,41106,3.0,0.0,15.5
19566,18887,41094,2.0,0.0,10.7
19567,18889,18886,3.0,0.0,15.4
19568,18891,18888,3.0,0.0,15.2
19569,18893,8476,2.0,0.0,13.2
19570,18895,14478,5.0,2.0,23.0
19571,18905,31262,2.0,0.0,8.8
19572,18907,14730,2.0,0.0,11.9
19573,18909,20224,3.0,0.0,14.2
19574,18911,11936,2.0,0.0,9.3
19575,18913,18908,3.0,0.0,13.4
19576,18917,11114,2.0,0.0,14.6
19577,18941,41166,2.0,0.0,9.1
19578,18943,18950,3.0,0.0,15.2
19579,18943,41168,3.0,0.0,15.0
19580,18945,7846,2.0,0.0,14.2
19581,18947,18944,4.0,0.0,14.4
19582,18951,41166,2.0,2.0,4.7
19583,18959,41174,2.0,0.0,4.7
19584,18961,7968,2.0,0.0,12.8
19585,18965,32886,1.667,0.333,7.6
19586,18969,41190,2.0,0.0,11.3
19587,18971,18968,3.0,0.0,14.9
19588,18971,18978,2.0,0.0,13.6
19589,18973,18976,2.0,0.0,8.7
19590,18975,18972,3.0,0.0,12.2
19591,18977,36022,2.0,0.0,9.0
19592,18977,14490,2.5,0.5,13.9
19593,18979,18976,3.0,0.0,12.8
19594,18981,41196,2.0,0.0,4.7
19595,18983,13544,2.0,0.0,14.2
19596,18987,41202,1.5,0.5,4.7
19597,18997,11002,2.0,0.0,14.0
19598,19001,29622,2.0,0.0,7.5
19599,19003,19010,2.0,0.125,9.3
19600,19007,19004,3.0,0.0,14.4
19601,19011,28494,2.593,0.481,9.2
19602,19011,7910,3.0,0.0,14.4
19603,19013,9492,1.321,0.226,10.4
19604,19015,31220,1.571,0.286,6.7
19605,19017,31220,1.571,0.286,4.7
19606,19021,12634,3.333,2.333,8.8
19607,19021,22706,1.333,0.333,12.0
19608,19021,30212,6.0,0.0,1.4
19609,19023,19020,1.417,0.265,10.4
19610,19025,19022,1.364,0.255,10.1
19611,19027,19024,1.615,0.256,12.5
19612,19027,30220,1.727,0.818,13.6
19613,19029,19026,1.818,0.251,14.1
19614,19029,41234,4.5,24.5,1.4
19615,19031,19028,1.458,0.259,10.9
19616,19033,19030,1.417,0.254,11.2
19617,19035,19032,1.76,0.19,13.1
19618,19039,11110,2.75,0.25,20.3
19619,19039,11118,3.0,0.0,20.9
19620,19039,41244,2.0,0.0,4.7
19621,19041,6146,1.556,0.278,13.5
19622,19043,41248,2.0,0.0,4.7
19623,19045,2896,2.0,0.0,11.6
19624,19045,2484,3.196,66.001,15.2
19625,19047,19044,1.833,0.152,14.3
19626,19049,19046,2.0,0.0,14.7
19627,19053,2898,1.6,0.3,11.2
19628,19057,11124,2.56,0.257,19.9
19629,19059,12588,2.0,0.0,16.0
19630,19061,19058,2.0,0.0,16.3
19631,19063,19060,3.0,0.0,17.8
19632,19065,19062,2.0,0.0,14.9
19633,19081,14430,1.429,0.286,10.6
19634,19083,41300,1.667,0.333,4.7
19635,19087,41306,1.667,0.333,5.3
19636,19087,19084,3.0,0.0,10.4
19637,19095,8390,1.6,0.267,7.1
19638,19095,29006,3.0,12.133,12.2
19639,19097,19094,3.769,0.526,17.1
19640,19099,19096,2.75,0.25,14.4
19641,19101,19098,3.0,0.0,14.8
19642,19105,41332,3.0,0.0,14.5
19643,19109,41318,2.333,0.333,12.2
19644,19111,19108,2.5,0.333,11.9
19645,19115,19106,2.333,0.333,14.8
19646,19115,19102,3.0,0.0,14.4
19647,19115,41332,2.0,0.0,4.7
19648,19117,41336,1.333,0.333,9.3
19649,19119,19114,3.2,0.2,14.6
19650,19119,41336,1.5,0.5,4.7
19651,19141,10804,1.28,0.285,5.5
19652,19143,19144,12.267,1787.234,19.4
19653,19145,19140,1.479,0.631,9.2
19654,19147,27622,3.0,2.0,16.5
19655,19155,41384,2.0,0.571,9.0
19656,19159,10510,3.333,0.333,14.2
19657,19159,41382,1.667,0.333,4.7
19658,19167,15936,1.18,0.149,13.6
19659,19169,19166,1.045,0.044,13.1
19660,19171,19168,1.037,0.036,12.3
19661,19173,19170,1.057,0.054,11.8
19662,19175,19172,1.054,0.052,13.4
19663,19177,13612,7.338,711.786,10.2
19664,19179,19176,1.426,1.263,4.0
19665,19181,19184,15.0,1.0,14.9
19666,19181,41412,5.0,0.0,4.7
19667,19185,19188,14.0,1.6,14.5
19668,19185,41414,5.0,0.0,4.9
19669,19187,33918,3.0,0.0,9.4
19670,19189,30836,3.0,0.0,9.0
19671,19189,9994,10.333,102.333,20.2
19672,19195,11122,2.0,0.0,17.0
19673,19197,11216,3.0,0.0,14.5
19674,19197,41428,2.0,0.0,4.7
19675,19199,11774,1.778,0.194,14.4
19676,19201,11952,2.0,0.0,14.5
19677,19207,19202,2.0,0.0,9.0
19678,19207,41438,2.0,0.0,4.7
19679,19217,19218,2.4,0.3,11.3
19680,19219,12554,7.0,0.0,24.4
19681,19219,41454,4.75,0.25,21.1
19682,19221,19338,3.0,0.0,14.2
19683,19223,9774,2.0,0.0,9.2
19684,19225,19334,3.0,0.0,14.2
19685,19227,30520,3.0,0.0,14.2
19686,19229,41488,2.0,0.0,9.1
19687,19231,9766,2.933,0.21,14.2
19688,19233,19230,1.667,0.333,9.2
19689,19235,30534,3.0,2.0,13.0
19690,19235,41474,2.0,0.0,4.7
19691,19237,41536,2.6,0.267,12.1
19692,19239,19236,3.0,2.0,14.4
19693,19241,19336,2.5,0.5,14.2
19694,19243,9776,2.0,0.0,9.1
19695,19245,19236,1.333,0.333,9.0
19696,19253,19228,3.0,0.0,12.4
19697,19255,41584,2.0,0.0,9.0
19698,19257,9772,2.0,0.0,9.2
19699,19257,30514,3.0,0.0,14.3
19700,19259,19276,2.0,0.0,8.1
19701,19267,11396,3.0,0.0,15.7
19702,19269,7656,3.78,0.461,26.9
19703,19271,19268,1.596,0.245,11.1
19704,19273,41500,1.333,0.333,7.9
19705,19273,19270,1.302,0.215,9.5
19706,19275,11398,3.5,0.5,15.9
19707,19277,19274,2.0,0.0,11.3
19708,19279,41498,3.0,0.0,12.4
19709,19279,19276,3.0,0.0,13.4
19710,19281,19278,2.0,0.0,10.3
19711,19285,17264,2.535,1.265,28.7
19712,19285,20318,5.031,17.79,16.2
19713,19287,19284,1.921,10.073,8.2
19714,19291,19288,3.0,0.0,14.4
19715,19295,41924,2.667,0.333,12.7
19716,19299,41476,2.0,0.0,8.6
19717,19299,19234,2.5,0.5,13.9
19718,19301,3440,2.0,0.0,9.7
19719,19313,19330,9.0,125.0,18.6
19720,19315,19312,3.0,0.0,14.6
19721,19331,28660,2.0,0.0,10.1
19722,19331,9786,4.0,0.0,25.1
19723,19331,8062,4.0,1.5,21.1
19724,19333,41574,1.5,0.5,4.7
19725,19335,30526,2.222,0.444,9.0
19726,19337,19334,2.8,0.2,14.4
19727,19339,19336,2.667,0.333,14.4
19728,19341,19338,3.0,0.0,14.4
19729,19345,5726,2.0,0.0,12.1
19730,19345,5728,1.836,0.206,22.3
19731,19355,41592,2.0,0.0,8.6
19732,19357,19354,3.0,0.0,14.4
19733,19357,41604,1.333,0.333,4.7
19734,19359,41604,4.0,0.0,14.6
19735,19361,32738,2.0,0.0,8.3
19736,19403,374,1.4,0.3,7.8
19737,19405,33666,2.0,0.0,17.1
19738,19407,19424,1.667,0.267,11.2
19739,19409,19406,2.0,0.0,15.6
19740,19421,19418,2.0,0.0,10.4
19741,19423,19420,1.5,0.5,11.1
19742,19425,19422,1.75,0.25,11.4
19743,19427,14822,5.0,0.0,19.9
19744,19429,19426,4.0,0.0,14.4
19745,19431,19428,2.0,0.0,8.3
19746,19433,19430,4.0,0.0,14.6
19747,19439,37228,1.419,0.252,6.8
19748,19439,12782,3.188,0.699,33.4
19749,19439,35692,12.436,303.937,8.7
19750,19441,19458,1.18,0.149,13.6
19751,19445,19442,1.61,0.493,13.7
19752,19447,19444,1.289,0.221,8.0
19753,19449,19438,1.132,0.116,7.1
19754,19451,19448,1.041,0.04,5.1
19755,19453,19450,1.131,0.146,12.9
19756,19455,19452,2.067,1.467,24.2
19757,19455,14520,13.0,0.0,8.7
19758,19457,19454,1.768,0.236,22.5
19759,19457,31592,10.667,134.333,7.4
19760,19459,10628,1.5,0.5,4.8
19761,19459,19456,1.118,0.105,14.3
19762,19463,1988,1.667,0.333,9.2
19763,19465,19462,2.5,0.5,12.0
19764,19469,546,2.125,0.125,10.5
19765,19473,19470,2.25,0.25,12.9
19766,19475,19472,3.0,0.0,14.4
19767,19477,41750,2.0,0.0,8.0
19768,19477,41754,2.0,0.0,12.7
19769,19479,19476,3.0,0.0,13.5
19770,19481,14540,7.0,0.0,37.8
19771,19485,4534,2.0,0.0,9.0
19772,19485,19482,3.5,0.5,14.4
19773,19491,41754,2.625,0.25,12.8
19774,19491,41736,3.0,0.0,12.9
19775,19493,29982,2.0,0.0,9.4
19776,19493,19490,3.636,0.455,17.2
19777,19495,41750,2.857,0.143,13.5
19778,19497,19494,1.429,0.286,6.6
19779,19499,19496,1.125,0.125,5.1
19780,19501,12040,3.0,0.0,15.4
19781,19509,36556,3.0,0.0,24.2
19782,19515,34264,3.0,0.667,14.6
19783,19535,11956,1.667,0.25,8.4
19784,19535,32144,1.833,0.147,13.6
19785,19535,4108,2.0,1.0,13.0
19786,19537,14252,2.0,0.0,11.2
19787,19539,37054,2.333,0.267,18.5
19788,19541,41812,1.5,0.5,9.3
19789,19551,23500,1.278,0.212,9.8
19790,19551,3600,9.75,240.25,11.8
19791,19553,24696,1.333,0.267,7.5
19792,19553,19550,1.667,0.267,9.9
19793,19555,31034,2.706,68.783,14.3
19794,19555,7896,11.167,608.152,22.1
19795,19557,41850,9.357,410.929,5.7
19796,19557,41848,8.0,322.526,5.1
19797,19561,19972,1.26,1.352,2.6
19798,19563,27528,2.0,0.0,9.3
19799,19565,41532,2.167,0.167,7.8
19800,19565,14334,1.167,0.265,11.4
19801,19567,35836,1.667,0.333,7.2
19802,19567,19564,1.182,0.251,9.6
19803,19569,36854,2.5,0.5,12.0
19804,19569,10604,3.0,1.0,20.7
19805,19571,39400,3.0,0.0,11.7
19806,19571,39406,3.667,0.267,16.7
19807,19573,9208,2.0,0.0,12.6
19808,19573,11012,3.237,16.402,17.6
19809,19581,33602,7.0,0.0,33.0
19810,19581,22020,2.0,0.0,14.3
19811,19583,19584,3.0,1.0,14.4
19812,19583,40872,3.0,0.0,14.7
19813,19585,19586,4.0,0.0,14.4
19814,19585,18656,3.0,0.0,14.5
19815,19587,8,2.0,0.0,4.7
19816,19589,10,2.0,0.0,4.7
19817,19591,30658,4.0,0.0,26.8
19818,19593,19594,18.767,3659.612,16.3
19819,19595,35560,5.553,587.622,29.6
19820,19595,19710,3.444,18.893,8.5
19821,19599,19600,3.0,0.0,14.4
19822,19599,37412,3.0,0.0,14.6
19823,19601,15646,1.5,0.5,9.2
19824,19601,22746,3.0,0.0,15.3
19825,19603,19604,4.0,0.0,18.4
19826,19605,19606,3.0,0.0,16.3
19827,19607,19608,2.0,0.0,12.0
19828,19609,20302,3.0,0.0,12.7
19829,19613,15650,2.0,0.0,9.0
19830,19613,37370,3.0,0.0,14.3
19831,19615,42,3.667,0.333,29.4
19832,19617,8096,2.0,0.0,7.8
19833,19619,38,3.0,0.0,22.2
19834,19619,19620,3.625,1.125,26.7
19835,19621,33620,1.167,0.152,7.8
19836,19623,46,2.0,0.0,4.7
19837,19625,12756,6.202,331.833,8.3
19838,19635,19646,3.0,0.0,14.2
19839,19637,19638,3.0,0.0,14.4
19840,19639,19640,2.0,0.0,14.4
19841,19641,19642,3.0,0.0,14.4
19842,19643,19644,3.0,0.0,14.4
19843,19653,19654,2.0,0.0,14.4
19844,19655,19256,2.0,0.0,14.2
19845,19661,19664,1.2,0.2,6.8
19846,19663,19664,3.0,0.0,11.9
19847,19665,12102,2.667,0.267,13.3
19848,19669,2064,4.353,0.368,9.7
19849,19669,19670,6.6,0.8,13.0
19850,19671,33496,7.8,72.844,10.1
19851,19671,28584,7.385,2.256,14.5
19852,19673,35254,1.137,0.121,5.6
19853,19675,19678,2.286,0.527,12.0
19854,19677,25856,2.535,1.578,23.9
19855,19679,2916,1.556,0.528,10.2
19856,19679,20258,2.549,1.442,22.9
19857,19681,25896,10.513,19.802,54.3
19858,19683,25896,7.126,16.222,34.3
19859,19685,25856,5.211,1.098,49.1
19860,19687,19690,3.29,74.396,16.0
19861,19689,19696,3.794,1.317,35.4
19862,19691,19688,13.078,746.624,12.9
19863,19691,19680,12.02,597.938,13.5
19864,19693,19696,7.217,0.851,47.5
19865,19697,12238,2.659,0.432,32.7
19866,19699,19802,1.25,0.25,10.8
19867,19703,19704,1.007,0.007,15.6
19868,19707,19708,8.797,871.022,7.7
19869,19709,25858,4.227,1.484,17.6
19870,19709,28884,4.25,0.5,35.4
19871,19709,25818,5.216,1.119,28.0
19872,19711,22750,1.23,0.313,10.4
19873,19713,26200,1.406,0.245,18.7
19874,19715,19716,1.042,0.04,11.8
19875,19717,35774,1.8,0.725,13.2
19876,19719,38844,2.222,0.194,15.9
19877,19719,19720,1.182,1.15,14.1
19878,19721,19722,1.056,0.053,11.0
19879,19723,16936,2.0,0.0,13.0
19880,19723,19724,2.081,0.203,11.7
19881,19725,28408,2.0,0.0,13.3
19882,19725,19726,1.578,0.245,14.7
19883,19727,19728,1.013,0.013,5.0
19884,19729,19730,1.013,0.013,4.9
19885,19731,7782,2.588,0.371,17.8
19886,19731,25408,2.298,0.396,26.5
19887,19731,23458,4.0,13.0,3.0
19888,19735,19736,2.0,0.0,9.0
19889,19737,11032,1.6,0.3,7.6
19890,19745,32754,1.167,0.167,13.4
19891,19747,19748,1.444,0.278,15.1
19892,19749,35846,1.6,0.3,9.4
19893,19753,25246,3.125,0.125,24.1
19894,19759,3676,1.4,0.257,8.7
19895,19761,22700,2.436,0.395,15.6
19896,19761,41686,1.308,0.231,8.0
19897,19765,32022,3.889,0.111,16.9
19898,19769,21920,2.333,0.267,10.3
19899,19773,944,2.5,0.5,14.8
19900,19779,12006,3.0,2.0,26.4
19901,19783,19784,5.0,2.0,10.1
19902,19785,19786,7.111,1.111,14.5
19903,19787,12012,7.0,0.5,42.6
19904,19787,20982,8.5,0.333,50.5
19905,19787,40214,5.438,0.262,30.0
19906,19789,19790,2.667,0.333,14.4
19907,19799,22026,1.769,0.192,8.6
19908,19799,19794,1.364,0.242,9.5
19909,19801,19700,3.52,0.343,27.8
19910,19803,19806,1.25,0.25,10.6
19911,19805,32022,1.714,0.238,8.5
19912,19807,39570,2.25,0.25,9.2
19913,19815,39770,5.0,0.0,37.0
19914,19815,25586,3.33,0.297,40.0
19915,19819,5014,2.009,0.033,19.1
19916,19819,16870,15.5,420.5,5.6
19917,19819,39264,28.0,1729.0,6.6
19918,19821,204,1.5,0.5,4.7
19919,19823,28710,1.051,0.049,8.0
19920,19825,15504,3.333,0.333,17.5
19921,19829,1602,1.6,0.3,7.0
19922,19829,9236,5.765,28.566,22.3
19923,19831,36296,2.5,0.5,9.8
19924,19833,19768,1.667,0.333,4.4
19925,19839,690,2.0,0.0,8.8
19926,19857,228,2.0,0.0,9.6
19927,19859,19860,3.167,0.167,14.2
19928,19859,226,3.0,0.0,14.3
19929,19859,228,1.5,0.286,4.7
19930,19861,230,1.727,0.218,4.7
19931,19863,19882,3.0,0.0,14.3
19932,19867,19880,2.0,0.0,11.6
19933,19867,19868,3.0,0.0,15.3
19934,19869,19870,3.0,0.0,14.2
19935,19869,240,2.0,0.0,4.7
19936,19871,242,1.5,0.5,4.7
19937,19883,254,2.0,0.0,4.7
19938,19887,258,2.0,0.0,4.7
19939,19889,34460,2.167,0.143,28.1
19940,19889,34460,1.6,0.3,28.0
19941,19901,40170,1.528,0.251,18.8
19942,19903,21262,2.833,0.167,11.4
19943,19913,19914,7.0,0.0,11.3
19944,19915,19916,3.0,0.0,5.0
19945,19919,19930,3.667,0.333,16.7
19946,19931,354,2.4,0.3,15.7
19947,19939,25784,2.0,0.0,10.3
19948,19951,19936,1.667,0.333,10.7
19949,19953,314,1.5,0.5,4.7
19950,19959,320,2.0,0.0,4.7
19951,19971,28572,2.607,0.577,28.9
19952,19973,19974,1.674,10.097,9.8
19953,19975,35616,1.704,0.745,13.6
19954,19975,19566,9.762,305.89,3.6
19955,19977,31532,18.872,6811.801,45.9
19956,19985,268,8.0,0.0,14.2
19957,19987,19988,1.5,0.3,10.4
19958,19989,19990,1.667,0.333,11.6
19959,19991,19992,2.0,0.0,16.1
19960,19993,19994,2.0,0.0,12.2
19961,19995,294,1.5,0.5,6.2
19962,19997,270,4.0,0.0,14.2
19963,20021,380,1.5,0.333,4.7
19964,20027,386,2.0,0.0,4.7
19965,20031,390,1.5,0.5,4.7
19966,20041,398,1.333,0.333,4.7
19967,20043,400,2.0,0.0,4.7
19968,20051,28614,1.714,3.571,4.4
19969,20053,20064,1.5,0.5,7.4
19970,20055,412,2.0,0.0,4.7
19971,20059,20060,1.5,0.5,5.1
19972,20061,5462,2.5,0.5,13.2
19973,20065,422,2.5,0.5,4.7
19974,20071,428,2.0,0.0,4.7
19975,20073,20074,1.167,0.152,14.8
19976,20105,3462,2.0,0.0,15.0
19977,20107,20108,3.0,0.0,15.7
19978,20107,20112,3.667,0.333,16.0
19979,20109,22232,4.0,0.0,17.9
19980,20111,464,4.0,0.0,14.8
19981,20113,20114,3.667,0.333,15.7
19982,20115,22760,2.0,0.0,11.0
19983,20115,20116,3.0,0.0,15.0
19984,20115,470,1.5,0.5,4.7
19985,20119,20058,2.0,0.0,8.9
19986,20121,476,2.0,0.0,6.2
19987,20121,23542,3.2,0.2,16.3
19988,20127,480,2.0,0.0,4.7
19989,20129,20130,2.0,0.0,10.5
19990,20129,3382,2.0,0.0,11.2
19991,20145,20418,1.1,0.1,3.0
19992,20147,730,1.178,0.148,6.5
19993,20151,13448,3.562,0.262,22.3
19994,20153,506,1.778,0.194,4.7
19995,20157,22960,1.037,0.036,12.3
19996,20175,20176,3.333,0.267,14.4
19997,20177,17848,3.25,0.214,16.7
19998,20183,17652,2.0,0.0,14.3
19999,20185,20176,2.0,0.0,9.4
20000,20187,20188,2.0,0.0,9.2
20001,20189,20714,3.0,0.0,13.7
20002,20191,33096,3.0,0.0,15.0
20003,20195,24088,3.0,0.0,11.6
20004,20195,20196,3.0,0.0,15.0
20005,20203,41728,2.444,0.278,10.7
20006,20209,19486,2.0,0.0,10.8
20007,20209,550,2.0,0.0,4.7
20008,20211,32242,3.0,0.0,14.2
20009,20213,554,2.0,0.0,4.7
20010,20219,7856,1.4,0.3,7.6
20011,20219,28440,2.0,0.0,11.7
20012,20225,11938,2.0,0.0,9.1
20013,20227,20228,2.333,0.333,14.4
20014,20229,32476,1.778,0.194,13.4
20015,20229,39984,3.0,0.0,19.4
20016,20229,568,2.0,0.0,4.7
20017,20231,19044,2.714,0.258,16.4
20018,20237,578,1.667,0.333,4.7
20019,20239,10126,3.0,0.0,12.0
20020,20247,20248,2.308,0.231,7.9
20021,20249,12142,4.833,20.152,22.4
20022,20255,20256,25.164,2340.886,8.2
20023,20257,25824,5.102,134.842,28.6
20024,20257,23954,20.588,657.257,4.4
20025,20259,20260,10.146,771.432,8.2
20026,20261,28884,2.0,0.0,10.7
20027,20261,25818,3.41,0.721,34.4
20028,20261,25792,13.117,569.712,10.8
20029,20263,40026,1.103,0.092,22.6
20030,20265,40018,1.026,0.031,17.9
20031,20267,20268,1.04,0.039,11.9
20032,20271,40022,3.0,0.0,11.0
20033,20275,20276,1.689,0.738,9.8
20034,20277,39454,1.784,0.501,9.3
20035,20279,40014,1.574,0.362,6.9
20036,20283,610,5.0,0.0,14.2
20037,20285,20286,9.0,0.0,14.4
20038,20287,600,5.5,0.5,10.1
20039,20303,37410,43.2,3345.2,10.0
20040,20313,20314,1.175,0.145,15.4
20041,20315,20316,1.022,0.022,11.5
20042,20317,12536,1.25,0.205,7.6
20043,20317,40848,1.122,0.108,14.4
20044,20319,39284,1.057,0.054,7.9
20045,20323,15506,2.0,0.0,8.8
20046,20325,36862,1.778,0.252,8.1
20047,20327,640,1.727,0.218,4.7
20048,20329,648,2.333,0.333,10.2
20049,20331,644,1.385,0.423,4.7
20050,20333,20340,1.75,0.25,9.0
20051,20335,654,2.154,0.141,11.8
20052,20335,642,2.867,0.695,13.5
20053,20335,648,1.667,0.267,4.7
20054,20337,646,3.0,0.0,14.4
20055,20339,20332,3.0,0.0,14.4
20056,20341,648,2.714,0.238,13.5
20057,20343,20344,3.059,0.239,14.4
20058,20345,20346,3.047,0.283,14.4
20059,20347,20324,3.098,0.21,14.5
20060,20353,20346,1.667,0.333,9.0
20061,20355,33820,2.0,0.154,9.3
20062,20357,20328,2.25,0.25,9.3
20063,20357,664,3.167,0.567,15.7
20064,20357,20352,1.571,0.286,4.7
20065,20391,710,2.0,0.0,4.7
20066,20393,36478,1.036,0.035,10.0
20067,20403,20404,2.857,0.476,14.4
20068,20403,20414,3.0,0.0,14.5
20069,20403,722,2.0,0.0,4.7
20070,20405,20408,3.0,0.0,14.4
20071,20407,31288,3.0,0.0,20.0
20072,20409,20410,2.947,0.275,14.4
20073,20411,20412,1.485,0.258,7.0
20074,20413,502,2.064,0.191,11.3
20075,20415,732,1.571,0.264,4.7
20076,20419,736,1.7,0.233,4.7
20077,20421,37714,2.342,0.882,24.9
20078,20421,32120,4.708,28.054,10.9
20079,20423,22538,3.286,1.026,17.8
20080,20423,20424,2.94,1.017,23.2
20081,20423,20428,4.765,18.304,11.9
20082,20425,20420,1.005,0.005,10.0
20083,20427,27378,3.546,28.358,20.4
20084,20427,32770,9.594,229.304,20.6
20085,20433,24598,3.5,0.3,16.1
20086,20437,25312,1.273,0.418,6.2
20087,20439,19714,1.098,0.089,12.7
20088,20439,35410,2.161,43.552,17.7
20089,20441,37016,1.278,0.244,10.2
20090,20443,37150,4.0,0.0,31.1
20091,20443,4974,2.965,0.234,35.0
20092,20445,37006,2.621,2.133,14.1
20093,20447,17250,1.583,0.251,20.0
20094,20449,35412,3.282,82.713,15.5
20095,20451,20452,1.337,0.349,14.5
20096,20451,22306,3.0,0.0,3.8
20097,20453,31780,2.227,48.865,14.1
20098,20455,37010,2.391,1.326,11.9
20099,20457,20458,1.503,0.539,8.4
20100,20459,15178,2.0,0.0,9.0
20101,20459,20460,2.254,3.795,14.9
20102,20463,20464,2.065,0.218,25.8
20103,20465,20466,1.041,0.04,12.0
20104,20467,5018,2.667,0.267,18.8
20105,20467,25412,3.881,0.717,41.1
20106,20467,25392,24.667,220.385,27.5
20107,20469,20470,2.833,0.265,14.4
20108,20469,20610,4.0,0.0,14.2
20109,20471,20472,2.625,0.383,14.4
20110,20471,20602,2.333,0.333,14.2
20111,20473,20474,2.571,0.264,14.4
20112,20473,20618,2.5,0.5,14.2
20113,20475,20476,2.769,0.359,14.4
20114,20475,20630,2.0,0.0,14.2
20115,20477,20478,2.75,0.333,14.4
20116,20479,20480,2.692,0.397,14.4
20117,20479,20570,3.0,0.0,14.2
20118,20481,20482,3.0,0.286,14.4
20119,20481,20606,2.5,0.333,14.2
20120,20483,20484,3.5,0.333,14.4
20121,20483,20574,2.333,0.333,14.2
20122,20483,766,2.0,0.0,4.7
20123,20485,20634,3.333,0.333,14.4
20124,20487,20488,4.0,0.0,14.6
20125,20487,20612,3.0,0.0,14.3
20126,20489,20490,3.0,0.0,14.4
20127,20489,20604,3.0,0.0,14.3
20128,20491,20492,3.5,0.5,14.4
20129,20491,772,2.0,0.0,4.7
20130,20493,852,2.0,0.0,9.0
20131,20493,20494,3.5,0.5,14.4
20132,20495,804,2.0,0.0,9.0
20133,20495,20496,3.0,0.0,14.4
20134,20497,20498,3.5,0.5,14.4
20135,20499,20500,3.5,0.5,14.4
20136,20501,20502,3.5,0.5,14.4
20137,20501,20576,2.0,0.0,14.2
20138,20503,856,2.0,0.0,9.0
20139,20503,20634,3.0,0.667,14.2
20140,20505,20506,1.333,0.333,9.4
20141,20505,814,2.0,0.0,7.8
20142,20507,20636,1.5,0.5,8.6
20143,20523,822,2.0,0.0,7.8
20144,20533,20486,2.0,0.0,9.0
20145,20535,20536,3.1,0.544,14.4
20146,20537,20646,1.333,0.235,5.0
20147,20545,20546,3.5,0.5,14.4
20148,20547,20548,3.167,0.567,14.4
20149,20549,20550,3.0,0.4,14.4
20150,20551,20552,3.2,0.4,14.4
20151,20553,20534,3.2,0.4,14.4
20152,20557,20468,2.15,0.239,11.3
20153,20557,20532,3.0,0.0,10.4
20154,20561,35498,1.667,0.333,9.4
20155,20569,10450,1.667,0.333,9.0
20156,20571,20498,2.0,0.0,9.0
20157,20573,20550,2.333,0.333,9.0
20158,20575,20502,2.0,0.0,9.0
20159,20577,20534,2.0,0.0,9.0
20160,20587,10440,2.0,0.0,8.1
20161,20587,812,2.0,0.0,4.7
20162,20591,10454,2.5,0.5,14.2
20163,20593,31388,3.0,0.0,14.2
20164,20601,10498,3.0,0.0,14.4
20165,20603,20490,1.75,0.25,9.1
20166,20607,20500,2.0,0.0,9.0
20167,20611,20488,2.0,0.0,9.2
20168,20613,20540,2.0,0.0,9.0
20169,20623,31366,3.0,0.0,14.2
20170,20623,848,2.0,0.0,4.7
20171,20631,20494,2.0,0.0,9.0
20172,20633,20546,2.0,0.0,9.0
20173,20635,20536,1.857,0.476,9.0
20174,20637,10444,3.0,0.0,14.2
20175,20639,31398,3.5,0.5,14.2
20176,20641,31368,2.0,0.0,9.0
20177,20647,31348,2.556,0.261,12.2
20178,20649,20650,3.0,0.0,14.4
20179,20651,20562,2.0,0.0,9.1
20180,20651,20652,3.0,0.0,14.4
20181,20653,35492,2.0,0.0,9.0
20182,20655,24602,1.167,0.152,6.1
20183,20655,20656,2.261,0.202,17.5
20184,20657,35346,2.0,0.0,14.2
20185,20657,20658,2.364,0.242,18.8
20186,20659,24388,2.0,0.25,13.7
20187,20665,21266,11.065,1688.342,6.7
20188,20667,20668,2.0,0.0,14.4
20189,20669,20670,2.0,0.0,14.5
20190,20673,20674,2.0,0.333,14.5
20191,20675,20676,1.714,0.238,14.2
20192,20679,20680,2.143,0.143,13.0
20193,20681,41426,1.25,0.25,7.8
20194,20681,11122,2.0,0.0,14.4
20195,20683,34766,2.0,0.0,10.1
20196,20707,20708,2.5,0.7,13.9
20197,20709,20190,2.0,0.0,9.2
20198,20709,20710,2.833,0.567,14.5
20199,20711,20712,3.0,0.4,14.4
20200,20713,20714,2.857,0.143,13.8
20201,20715,33098,3.25,0.214,16.5
20202,20719,980,1.5,0.5,9.1
20203,20723,20724,3.5,0.333,14.4
20204,20725,988,3.0,0.0,14.7
20205,20727,20756,2.0,0.0,9.0
20206,20727,20728,3.0,0.0,14.5
20207,20729,962,2.0,0.0,9.0
20208,20743,20796,2.0,0.0,10.1
20209,20753,946,2.0,0.0,9.4
20210,20757,994,3.333,0.333,14.2
20211,20761,1002,3.0,0.0,12.7
20212,20763,20802,2.0,0.0,10.1
20213,20765,980,2.0,0.0,4.7
20214,20771,20826,1.5,0.5,9.1
20215,20773,20774,3.0,0.0,14.9
20216,20773,20726,3.25,0.25,14.4
20217,20775,20782,3.0,2.0,14.4
20218,20783,20814,2.0,0.0,9.1
20219,20783,1030,3.0,0.0,14.2
20220,20789,38828,3.5,0.5,14.6
20221,20789,20790,3.0,0.0,14.4
20222,20797,20770,2.0,0.0,9.1
20223,20799,20800,3.0,0.0,14.5
20224,20803,20788,3.667,0.333,18.3
20225,20809,20810,3.0,0.0,14.4
20226,20811,20812,2.75,0.917,14.4
20227,20813,998,2.0,0.0,9.0
20228,20815,20816,2.0,0.0,14.4
20229,20817,20752,2.0,0.0,14.2
20230,20825,20826,2.0,0.0,14.5
20231,20827,20828,1.923,0.234,9.1
20232,20829,20830,1.846,0.215,8.7
20233,20831,37740,2.0,0.24,9.6
20234,20833,33174,2.14,71.365,8.4
20235,20837,20838,1.118,0.105,13.3
20236,20839,33158,1.679,29.771,7.8
20237,20841,20846,4.0,0.0,15.5
20238,20845,1058,2.2,0.2,10.5
20239,20847,20848,4.0,0.0,20.6
20240,20853,20876,2.0,0.0,9.1
20241,20861,20852,2.0,0.0,9.0
20242,20877,1064,6.667,2.333,19.5
20243,20885,1058,3.333,0.333,14.7
20244,20895,20916,3.1,0.322,14.4
20245,20897,20898,3.5,0.3,14.9
20246,20899,20900,3.333,0.267,14.9
20247,20901,20902,3.25,0.25,15.5
20248,20901,4440,4.0,0.0,17.0
20249,20903,20904,3.25,0.25,15.5
20250,20905,20906,2.333,0.333,14.4
20251,20905,4428,3.0,0.0,14.2
20252,20907,20908,3.0,0.0,14.4
20253,20909,20910,3.0,0.0,14.4
20254,20911,20912,2.5,0.5,14.4
20255,20911,4422,3.0,0.0,14.2
20256,20915,1124,2.0,0.0,4.7
20257,20917,20938,2.9,0.322,14.4
20258,20921,20922,3.0,0.0,14.4
20259,20923,20924,3.6,0.3,14.4
20260,20925,20926,3.286,0.238,14.4
20261,20927,20928,3.125,0.411,14.4
20262,20929,20930,3.167,0.152,14.4
20263,20931,20932,3.0,0.182,14.4
20264,20933,20934,3.0,0.286,14.4
20265,20935,20936,2.933,0.352,14.4
20266,20937,20940,2.882,0.36,13.5
20267,20939,20942,2.9,0.322,14.4
20268,20941,1160,1.619,0.248,8.0
20269,20943,20874,2.0,0.0,9.2
20270,20943,20944,3.222,0.194,14.4
20271,20943,1152,1.667,0.333,4.7
20272,20945,20946,3.222,0.194,14.4
20273,20947,20948,3.222,0.694,14.4
20274,20947,1156,2.0,0.0,4.7
20275,20949,24760,3.0,0.0,9.4
20276,20949,20950,2.875,0.411,14.0
20277,20951,20952,3.0,0.0,14.0
20278,20951,1150,3.0,0.0,13.3
20279,20953,20896,3.167,0.167,14.8
20280,20957,1166,1.2,0.2,4.7
20281,20967,5322,2.0,0.0,7.4
20282,20967,25752,2.0,0.0,12.0
20283,20971,20964,2.0,0.0,13.1
20284,20973,20974,3.0,0.0,15.5
20285,20975,20886,2.0,0.0,9.3
20286,20981,40214,3.19,0.284,29.7
20287,20981,182,8.5,4.5,42.0
20288,20981,12012,3.625,6.268,13.3
20289,20987,20988,2.0,0.0,13.8
20290,20989,20990,2.0,0.0,14.5
20291,20991,30024,3.0,0.0,24.2
20292,20999,21000,8.0,0.0,14.4
20293,21001,36832,4.5,0.5,9.0
20294,21001,1206,1.5,0.5,4.7
20295,21009,7924,2.5,0.5,14.0
20296,21011,21012,1.012,0.012,8.4
20297,21013,21014,1.231,1.106,9.9
20298,21015,31854,3.0,0.0,11.2
20299,21015,21016,1.464,1.337,11.5
20300,21017,21018,1.135,0.172,2.9
20301,21019,34916,1.169,0.197,5.3
20302,21021,28078,4.5,0.5,9.2
20303,21021,1226,2.0,0.0,4.7
20304,21025,21026,6.0,1.5,14.3
20305,21027,21010,3.444,0.278,14.7
20306,21027,1432,2.0,0.0,9.4
20307,21029,6192,1.667,0.267,9.0
20308,21029,1234,1.667,0.267,4.7
20309,21033,40440,4.129,8.183,22.6
20310,21033,40438,4.4,1.15,43.5
20311,21033,40436,9.929,217.813,22.5
20312,21035,31938,1.667,3.238,3.2
20313,21035,1238,2.8,16.2,1.4
20314,21043,1246,3.0,0.0,4.7
20315,21049,21056,2.0,0.0,9.0
20316,21049,40654,2.5,0.5,14.4
20317,21049,1248,1.25,0.25,4.7
20318,21051,40640,3.182,0.164,15.2
20319,21053,18460,2.333,0.333,12.4
20320,21053,21048,2.571,0.286,13.7
20321,21055,40634,3.286,0.571,16.4
20322,21057,1264,1.5,0.5,9.0
20323,21057,1256,1.5,0.5,4.7
20324,21065,21058,2.0,0.0,9.0
20325,21071,39040,3.269,0.285,19.4
20326,21077,1274,1.667,0.333,4.7
20327,21079,31664,5.92,26.91,18.7
20328,21083,41830,1.048,0.048,12.3
20329,21083,21084,29.443,5725.784,17.1
20330,21085,39042,2.88,1.795,26.4
20331,21093,21094,2.0,0.0,9.6
20332,21095,21096,2.667,0.333,11.8
20333,21095,21114,2.333,0.333,12.8
20334,21097,21098,3.0,0.0,17.1
20335,21103,1292,1.667,0.333,4.7
20336,21107,21092,4.333,0.267,23.1
20337,21107,21126,4.167,0.167,22.2
20338,21109,23478,3.0,0.0,13.6
20339,21119,1308,2.0,0.0,4.7
20340,21131,21132,2.5,0.3,13.6
20341,21131,21120,3.0,0.0,14.7
20342,21135,39544,1.4,0.3,5.1
20343,21145,21146,4.0,0.0,14.6
20344,21145,38448,3.0,0.0,14.7
20345,21149,37040,2.4,0.3,14.0
20346,21149,8864,3.667,0.333,22.9
20347,21157,1344,1.333,0.333,4.7
20348,21159,1346,1.667,0.333,4.7
20349,21161,40004,1.264,0.247,10.6
20350,21167,1352,2.5,0.5,4.7
20351,21171,21172,1.2,0.2,4.5
20352,21173,4984,5.125,2.696,17.8
20353,21175,21176,2.0,0.0,9.0
20354,21175,1368,3.0,0.0,15.4
20355,21177,1372,3.0,0.0,14.1
20356,21181,1376,2.0,0.0,11.8
20357,21185,21234,1.857,0.143,9.0
20358,21185,21190,3.583,11.174,12.2
20359,21187,1362,2.0,0.0,9.0
20360,21187,21188,3.0,0.0,14.3
20361,21189,1378,2.0,0.0,8.9
20362,21189,21194,2.0,0.0,14.0
20363,21191,1366,1.857,0.476,7.3
20364,21191,21192,2.667,0.333,12.3
20365,21191,21174,2.5,0.333,11.9
20366,21193,21194,3.0,0.0,14.0
20367,21193,1374,2.0,0.0,14.0
20368,21195,1400,4.0,0.0,14.6
20369,21195,1380,2.0,0.0,4.7
20370,21201,10216,2.0,0.0,9.0
20371,21203,21186,3.0,0.0,14.4
20372,21203,40460,2.75,0.25,14.3
20373,21205,21206,1.25,0.25,5.7
20374,21215,21216,2.5,0.5,10.0
20375,21217,21218,2.0,0.0,7.8
20376,21229,21230,2.6,0.3,13.8
20377,21231,21238,2.5,0.286,13.0
20378,21235,1408,1.571,0.286,4.7
20379,21237,21376,56.545,3859.873,14.8
20380,21239,21236,2.9,0.544,14.1
20381,21241,1412,2.0,0.0,4.7
20382,21243,13540,2.826,0.495,23.0
20383,21243,36846,4.252,1.347,38.9
20384,21249,38272,2.0,0.0,8.8
20385,21249,1418,2.0,0.0,4.7
20386,21257,680,2.0,0.0,9.2
20387,21259,21260,2.182,0.171,22.3
20388,21259,19080,2.0,2.0,6.3
20389,21261,266,2.0,0.0,7.9
20390,21261,21262,1.125,0.11,14.8
20391,21263,21264,1.399,6.439,8.4
20392,21265,21010,2.29,0.545,22.6
20393,21265,32048,12.0,0.0,6.1
20394,21267,21268,1.425,0.421,9.7
20395,21269,21270,1.444,0.585,9.4
20396,21271,21272,1.07,0.066,5.0
20397,21273,21274,1.872,62.218,9.4
20398,21275,27802,1.798,0.666,13.4
20399,21279,1486,2.0,0.0,9.0
20400,21289,21290,6.667,2.333,14.4
20401,21301,21302,3.0,2.0,23.6
20402,21301,18482,3.636,2.255,24.8
20403,21313,21314,3.5,0.5,14.4
20404,21315,1484,2.0,0.0,4.7
20405,21341,1512,1.333,0.333,4.7
20406,21345,1516,2.0,0.0,4.7
20407,21351,32790,1.4,0.3,8.1
20408,21361,21354,1.5,0.5,8.1
20409,21365,41906,3.092,5.616,31.6
20410,21365,21366,18.95,4907.333,32.8
20411,21367,5018,3.452,0.772,34.8
20412,21367,25412,4.136,0.818,34.6
20413,21373,6572,2.0,0.0,10.8
20414,21375,21376,7.332,745.073,9.6
20415,21377,32588,5.455,475.598,5.8
20416,21379,31838,2.0,0.0,9.9
20417,21379,31832,2.0,0.0,15.0
20418,21397,31650,2.0,0.0,8.6
20419,21399,1550,2.0,0.0,4.7
20420,21403,1554,2.0,0.0,4.7
20421,21405,21406,3.0,0.0,13.4
20422,21411,32714,89.0,0.0,8.4
20423,21415,21416,2.667,0.333,10.1
20424,21417,1572,3.538,0.436,16.4
20425,21421,1568,2.667,0.333,13.3
20426,21421,21418,4.0,0.0,17.0
20427,21421,21422,3.857,2.143,16.6
20428,21421,1572,1.6,0.3,4.8
20429,21423,21424,3.167,0.167,14.9
20430,21423,1574,1.667,0.333,4.7
20431,21425,1576,1.429,0.286,4.7
20432,21427,21398,3.0,0.0,13.3
20433,21427,21404,4.0,0.0,14.5
20434,21427,1578,2.0,0.0,4.7
20435,21435,21436,1.167,0.167,12.7
20436,21437,23426,1.8,0.2,8.0
20437,21441,15612,2.0,0.0,6.0
20438,21447,21448,4.109,454.842,9.4
20439,21449,21450,9.378,1775.495,4.9
20440,21451,19976,5.424,402.48,14.2
20441,21453,21454,16.483,1693.785,8.2
20442,21455,29930,3.118,0.937,31.7
20443,21455,32712,5.304,93.921,14.0
20444,21457,21460,1.829,14.805,10.0
20445,21459,21462,1.809,10.156,13.5
20446,21461,21458,1.099,0.09,4.0
20447,21463,9108,2.0,0.0,5.4
20448,21463,21464,2.097,1.699,16.7
20449,21463,32158,1.667,1.333,4.4
20450,21465,32164,3.709,104.3,13.0
20451,21467,21468,3.0,0.286,14.4
20452,21469,1644,2.2,0.2,10.1
20453,21469,20120,3.0,0.0,17.5
20454,21473,21474,5.118,15.171,31.1
20455,21475,33406,1.441,0.296,9.8
20456,21479,26344,20.972,1939.028,18.8
20457,21483,21484,2.0,0.0,6.2
20458,21487,7656,5.5,0.5,27.7
20459,21497,21498,4.833,0.567,23.9
20460,21499,20128,1.25,0.25,6.1
20461,21499,21500,3.0,0.0,14.6
20462,21501,21502,3.5,0.5,14.5
20463,21501,1642,2.0,0.0,4.7
20464,21503,20120,1.75,0.25,4.4
20465,21503,14012,4.0,0.0,17.6
20466,21505,20438,1.645,21.225,10.6
20467,21507,21508,2.085,46.021,8.9
20468,21509,21510,1.384,0.834,9.7
20469,21509,21184,3.0,8.0,3.0
20470,21511,24186,1.667,0.333,9.4
20471,21511,21374,3.231,128.651,23.7
20472,21521,35330,1.333,0.238,9.1
20473,21521,21522,1.5,0.333,13.4
20474,21523,21524,2.062,0.329,13.8
20475,21525,14402,2.0,0.0,14.0
20476,21525,2694,1.6,0.4,18.6
20477,21527,5974,2.0,0.0,9.0
20478,21527,21528,1.518,0.291,11.9
20479,21529,26156,4.0,0.0,23.1
20480,21529,21530,3.704,0.741,27.0
20481,21529,26160,2.167,0.167,10.5
20482,21531,28376,1.714,0.238,9.2
20483,21531,6010,3.0,0.0,15.2
20484,21531,7792,2.143,0.875,13.8
20485,21535,37494,2.0,0.0,13.5
20486,21537,21538,2.0,0.0,14.4
20487,21539,13350,2.0,0.0,14.5
20488,21541,21542,2.75,0.25,19.4
20489,21543,35466,2.0,0.0,14.8
20490,21547,21514,2.2,0.168,17.8
20491,21549,32840,1.25,0.214,7.5
20492,21553,21554,1.119,0.218,9.0
20493,21555,39472,1.164,0.76,7.0
20494,21555,33410,1.127,0.113,9.4
20495,21557,25002,2.0,0.0,9.3
20496,21561,31296,3.09,362.125,12.1
20497,21575,32662,2.6,0.8,13.8
20498,21575,11570,3.5,1.5,14.8
20499,21577,21578,1.39,0.382,10.8
20500,21579,26074,1.145,0.126,8.0
20501,21581,41884,1.667,0.667,8.2
20502,21581,1708,2.0,0.0,4.7
20503,21589,1784,1.667,0.333,9.0
20504,21597,1788,2.0,0.0,9.0
20505,21601,1728,1.2,0.2,4.7
20506,21605,21686,4.0,0.0,17.9
20507,21615,21616,3.0,0.0,14.6
20508,21617,21618,2.0,0.0,14.4
20509,21619,21620,3.333,0.333,14.4
20510,21621,21622,3.4,0.3,14.4
20511,21623,21624,3.0,0.5,14.4
20512,21625,21626,3.4,0.3,14.4
20513,21627,21692,2.0,0.0,9.0
20514,21629,21630,3.0,0.267,14.2
20515,21631,21640,3.0,0.375,14.0
20516,21633,21634,2.857,0.286,14.5
20517,21635,21636,2.952,0.248,14.4
20518,21639,13474,1.9,0.1,11.3
20519,21639,40802,3.917,0.811,18.3
20520,21641,21642,2.75,0.333,14.3
20521,21641,21672,2.0,0.0,14.2
20522,21643,21644,3.0,0.133,13.8
20523,21645,21646,2.938,0.196,13.6
20524,21647,21648,3.294,0.846,13.9
20525,21647,21676,4.0,0.0,14.1
20526,21649,21650,1.059,0.059,5.4
20527,21651,21652,3.062,0.196,13.9
20528,21651,21666,3.0,0.0,13.9
20529,21653,21632,2.929,0.379,14.1
20530,21653,1780,1.5,0.5,4.7
20531,21655,21600,2.0,0.0,9.0
20532,21655,1726,4.0,0.0,14.2
20533,21667,21596,2.0,0.0,9.0
20534,21677,21592,2.0,0.0,9.0
20535,21689,21690,3.0,0.0,14.4
20536,21691,21614,2.0,0.0,11.8
20537,21693,21694,3.0,0.667,14.4
20538,21695,21696,2.571,0.286,11.5
20539,21697,21628,2.667,0.333,12.8
20540,21697,16966,3.0,0.0,12.5
20541,21699,1826,2.0,0.0,4.7
20542,21711,21716,1.5,0.3,10.6
20543,21713,21714,2.0,0.0,16.0
20544,21715,25814,1.75,0.25,13.8
20545,21719,21720,1.2,0.2,10.6
20546,21721,21722,1.2,0.2,10.3
20547,21723,21724,1.5,0.333,10.2
20548,21727,21728,2.0,0.0,14.3
20549,21729,21730,2.0,0.0,14.7
20550,21743,21744,2.0,0.0,10.4
20551,21745,21746,2.0,0.0,16.8
20552,21747,25806,1.333,0.333,9.1
20553,21761,21762,1.333,0.333,8.0
20554,21763,21742,1.333,0.333,9.9
20555,21765,25766,1.071,0.071,13.7
20556,21779,21780,2.333,0.333,5.0
20557,21781,21782,8.0,1.0,17.0
20558,21783,21760,2.0,0.0,7.5
20559,21785,1918,1.667,0.242,21.3
20560,21795,21796,1.125,0.125,13.3
20561,21797,39030,1.25,0.214,17.8
20562,21801,25772,1.059,0.059,14.3
20563,21803,1924,2.0,0.0,4.7
20564,21807,21808,3.0,0.0,14.3
20565,21817,21818,1.108,0.097,14.1
20566,21819,21820,1.113,0.102,13.9
20567,21833,38896,11.323,2513.497,15.3
20568,21835,1420,3.0,0.0,14.3
20569,21837,16432,4.5,0.7,22.2
20570,21845,27104,2.0,1.0,9.0
20571,21847,26094,2.0,0.0,9.1
20572,21849,21850,3.333,0.333,14.4
20573,21851,21852,3.0,0.0,14.4
20574,21853,21854,2.667,0.333,12.7
20575,21855,21856,2.667,0.333,12.1
20576,21857,21858,2.75,0.25,13.8
20577,21859,21862,3.375,0.268,14.4
20578,21863,21864,3.125,0.411,14.4
20579,21865,21866,3.091,0.491,14.4
20580,21867,21868,3.091,0.291,14.4
20581,21869,19492,3.182,0.364,14.9
20582,21873,19472,1.75,0.25,9.0
20583,21875,21836,2.0,0.0,9.0
20584,21883,2002,2.0,0.0,4.7
20585,21885,2004,1.667,0.333,4.7
20586,21887,23914,1.091,0.091,5.4
20587,21893,36010,1.5,0.5,8.4
20588,21893,21894,1.077,0.094,9.9
20589,21897,21898,1.073,0.068,13.4
20590,21899,39914,3.0,8.0,2.4
20591,21903,21904,1.083,0.077,13.2
20592,21907,21908,3.8,0.2,28.3
20593,21907,9384,4.0,0.0,25.2
20594,21909,9400,2.0,0.0,9.2
20595,21909,21910,2.0,0.0,14.3
20596,21911,29806,2.0,0.0,15.3
20597,21911,21912,2.333,0.333,18.9
20598,21913,21914,2.0,0.0,14.4
20599,21913,9214,2.0,0.0,14.7
20600,21915,33530,2.0,0.0,10.6
20601,21915,21916,2.0,0.0,14.6
20602,21917,34078,1.429,0.286,10.0
20603,21919,31672,2.0,0.0,8.1
20604,21919,28568,1.435,0.257,10.9
20605,21921,21922,1.167,0.167,10.5
20606,21923,21924,1.857,0.143,13.9
20607,21925,21926,1.429,0.286,10.5
20608,21927,21928,1.5,0.286,10.4
20609,21929,21930,1.429,0.286,10.6
20610,21935,33490,2.091,0.091,12.2
20611,21939,33486,1.3,0.233,9.8
20612,21939,21918,1.391,0.249,7.9
20613,21943,38930,4.0,4.0,8.8
20614,21945,21946,2.0,0.0,13.7
20615,21949,21992,1.5,0.278,6.7
20616,21951,11028,3.4,0.3,14.3
20617,21951,22038,1.25,0.25,3.0
20618,21953,21954,2.588,0.553,5.0
20619,21953,2060,5.0,12.0,1.4
20620,21955,21956,2.741,0.199,5.1
20621,21955,2062,5.222,28.694,1.4
20622,21957,19670,5.654,0.875,11.1
20623,21957,92,8.0,0.667,14.2
20624,21957,2064,2.333,0.333,4.7
20625,21959,21960,4.746,467.132,5.3
20626,21961,22116,2.05,0.155,11.3
20627,21961,22108,2.583,1.993,15.4
20628,21961,2130,1.941,0.118,13.9
20629,21967,33590,1.857,0.185,13.8
20630,21977,21978,2.571,0.348,19.4
20631,21981,21982,5.0,0.0,10.1
20632,21983,22078,4.0,0.0,9.2
20633,21983,22002,4.0,0.0,8.1
20634,21987,21988,1.241,0.428,4.8
20635,21989,33500,1.769,0.403,7.2
20636,21991,33598,1.6,0.267,5.0
20637,21993,22060,1.8,3.2,1.9
20638,21995,21996,4.919,607.988,21.9
20639,21995,23754,9.0,57.0,1.9
20640,21997,33752,2.0,0.0,12.0
20641,21997,21998,1.136,0.21,9.0
20642,21999,36196,3.2,0.2,19.3
20643,21999,39568,3.0,0.0,16.0
20644,21999,22000,1.391,0.323,10.9
20645,22001,10166,1.789,0.332,14.8
20646,22001,41880,1.5,0.5,1.7
20647,22013,22020,3.308,0.377,24.6
20648,22013,2,3.0,0.0,24.1
20649,22017,22018,1.667,0.667,13.1
20650,22017,2100,1.6,0.3,9.5
20651,22019,44,1.477,0.302,9.4
20652,22021,22018,1.41,0.248,9.5
20653,22029,33612,1.105,0.099,9.1
20654,22031,22032,2.25,0.25,4.8
20655,22033,22034,2.667,0.667,6.2
20656,22035,22010,2.667,0.333,10.2
20657,22035,22122,5.333,2.333,12.3
20658,22037,22100,1.75,0.25,9.0
20659,22045,21968,1.571,0.251,12.1
20660,22045,22036,2.0,0.0,11.4
20661,22047,36222,3.0,0.0,10.8
20662,22051,22052,1.056,0.056,7.4
20663,22055,31990,1.25,0.2,10.2
20664,22055,22062,1.333,0.333,11.2
20665,22057,22058,1.837,0.187,13.4
20666,22057,31994,1.5,0.5,9.1
20667,22059,22060,1.667,0.273,12.2
20668,22061,21958,1.45,0.286,8.1
20669,22067,22132,2.0,0.0,11.5
20670,22071,22072,2.0,0.0,4.7
20671,22073,22074,3.0,0.0,4.8
20672,22075,22076,13.667,2.333,10.3
20673,22077,34910,3.0,0.0,8.0
20674,22079,33606,3.0,0.0,9.0
20675,22083,19624,1.6,0.933,9.2
20676,22083,19618,2.0,0.0,14.4
20677,22085,13582,2.0,0.0,10.7
20678,22085,22086,1.75,0.25,14.2
20679,22087,34908,1.6,0.3,11.3
20680,22089,22014,1.667,0.333,6.3
20681,22103,22104,1.5,0.333,10.4
20682,22107,21950,3.333,0.333,13.1
20683,22109,22110,1.061,0.059,5.2
20684,22111,31982,1.6,0.869,8.5
20685,22111,31978,2.0,0.0,16.0
20686,22111,22112,3.0,6.0,14.7
20687,22113,22114,2.0,0.0,13.7
20688,22115,33592,1.5,0.5,9.1
20689,22117,22118,1.047,0.077,4.9
20690,22119,21984,1.825,0.183,8.1
20691,22119,17316,3.615,0.886,17.7
20692,22121,33426,4.75,5.357,8.8
20693,22123,13952,1.2,0.2,4.8
20694,22123,35306,32.333,2852.333,5.7
20695,22125,22126,7.111,1001.649,4.6
20696,22129,33426,5.569,720.953,12.3
20697,22131,22116,2.411,0.465,15.5
20698,22131,22108,2.35,0.45,15.6
20699,22133,22134,2.447,1.771,13.0
20700,22133,21962,2.571,0.952,9.4
20701,22135,22130,1.803,0.294,9.4
20702,22137,2132,2.0,0.0,4.7
20703,22139,2136,2.0,0.0,4.7
20704,22147,35886,1.903,55.103,8.2
20705,22149,22150,1.161,0.145,16.7
20706,22151,35950,3.556,123.577,34.8
20707,22151,37026,2.331,0.3,34.5
20708,22155,22156,1.248,0.718,13.5
20709,22155,35902,2.2,0.2,13.1
20710,22165,22166,1.078,0.072,13.4
20711,22171,23066,2.0,0.0,13.0
20712,22177,2142,1.5,0.5,10.3
20713,22177,22166,1.5,0.5,13.2
20714,22181,16624,2.762,0.281,18.1
20715,22181,23554,2.167,0.314,25.3
20716,22183,25536,2.5,0.5,16.4
20717,22183,22196,1.505,0.252,19.2
20718,22183,34194,3.0,0.0,2.1
20719,22183,34200,2.0,2.0,1.7
20720,22185,22186,1.326,0.222,14.7
20721,22185,34118,10.0,103.0,3.2
20722,22187,12792,2.0,0.0,13.4
20723,22187,22188,1.122,0.108,13.8
20724,22189,25538,2.0,0.0,13.3
20725,22189,22190,1.169,0.142,14.4
20726,22191,34726,4.294,0.221,40.3
20727,22191,22192,4.068,0.342,52.0
20728,22195,22198,3.0,0.414,33.4
20729,22197,12890,2.0,0.0,11.0
20730,22197,25534,7.0,0.0,60.6
20731,22197,22204,5.03,0.949,62.4
20732,22197,36122,19.875,504.125,3.5
20733,22199,25520,2.125,0.125,12.6
20734,22199,22200,1.392,0.241,14.4
20735,22201,34278,2.0,0.0,13.2
20736,22201,22202,1.165,0.139,15.4
20737,22203,17206,2.0,0.0,12.7
20738,22203,39198,1.128,0.113,14.2
20739,22205,22206,1.091,0.104,13.3
20740,22207,12804,2.0,0.0,11.3
20741,22207,22208,2.626,0.543,32.0
20742,22209,25540,2.0,0.0,12.8
20743,22209,22184,1.274,0.222,14.2
20744,22213,22214,1.154,0.141,18.0
20745,22219,22220,1.034,0.034,9.9
20746,22221,35912,2.143,0.126,20.4
20747,22221,30596,7.0,2.0,28.4
20748,22225,22226,1.15,0.732,8.6
20749,22227,22228,2.005,0.647,21.8
20750,22227,34174,29.667,641.333,5.6
20751,22229,22230,1.246,2.034,14.3
20752,22231,27754,1.266,0.353,13.8
20753,22233,20104,3.0,0.0,16.7
20754,22235,23596,1.312,0.219,7.3
20755,22235,22236,1.108,0.099,14.1
20756,22237,22250,1.086,0.081,13.3
20757,22241,22242,1.5,0.5,16.4
20758,22243,22244,1.5,0.5,14.0
20759,22247,22248,2.0,0.0,9.3
20760,22249,2492,2.0,0.0,13.3
20761,22257,13346,1.2,0.2,5.8
20762,22257,22258,1.792,0.172,23.4
20763,22257,34648,1.667,0.667,7.9
20764,22259,13644,1.1,0.095,5.6
20765,22261,4080,2.0,0.0,9.1
20766,22267,19812,1.2,0.171,8.6
20767,22273,22274,1.25,0.25,10.2
20768,22277,22278,1.25,0.25,10.3
20769,22279,22280,1.25,0.25,10.4
20770,22281,22282,4.5,0.333,32.4
20771,22283,35608,2.0,0.0,9.8
20772,22283,15598,3.25,0.917,15.8
20773,22285,2238,2.0,0.0,7.6
20774,22293,22294,4.0,0.0,19.1
20775,22295,750,1.333,0.333,9.1
20776,22299,116,3.0,0.0,15.8
20777,22299,19722,2.8,0.2,16.6
20778,22303,22298,2.0,0.0,6.6
20779,22305,11842,2.0,0.0,8.9
20780,22307,22308,3.25,0.25,14.7
20781,22315,29862,2.0,0.0,12.2
20782,22315,2272,1.333,0.333,4.7
20783,22317,22318,1.931,0.209,14.3
20784,22319,32786,1.452,0.256,6.9
20785,22321,2278,2.0,0.0,4.7
20786,22325,30764,2.0,2.0,9.2
20787,22325,9930,3.0,0.0,18.2
20788,22327,22328,1.8,0.178,14.5
20789,22327,22320,2.0,0.0,14.3
20790,22329,29966,1.5,0.5,9.2
20791,22329,9246,3.111,3.361,14.2
20792,22333,22334,2.421,0.257,18.3
20793,22335,22314,1.667,0.333,11.7
20794,22335,22336,2.0,0.0,16.0
20795,22335,2270,2.0,0.0,14.5
20796,22337,22338,2.188,0.163,18.2
20797,22339,28596,2.5,0.286,18.4
20798,22339,19970,3.733,0.638,29.7
20799,22341,22342,15.806,2668.295,14.2
20800,22341,22326,4.25,6.917,3.1
20801,22343,31796,2.5,4.533,1.5
20802,22343,11502,4.217,0.905,34.5
20803,22345,2290,1.5,0.5,9.3
20804,22345,22334,2.0,0.0,17.2
20805,22351,22338,1.889,0.111,15.1
20806,22361,22362,3.0,0.0,14.4
20807,22363,22364,3.0,0.0,14.4
20808,22365,22980,5.0,0.0,34.4
20809,22367,26960,1.653,0.228,30.4
20810,22369,39474,4.118,1.11,44.6
20811,22369,24710,3.099,0.202,48.8
20812,22411,22412,1.15,0.129,14.3
20813,22415,22416,1.312,0.217,15.8
20814,22417,22418,1.137,0.12,13.6
20815,22419,13572,1.5,0.5,8.9
20816,22419,22420,1.556,0.25,19.5
20817,22421,22422,1.194,0.159,14.5
20818,22423,22424,1.236,0.183,15.8
20819,22427,12192,1.278,0.203,16.4
20820,22429,22430,1.36,0.301,8.6
20821,22431,28060,3.0,0.5,17.7
20822,22431,20450,2.717,6.919,26.1
20823,22433,22434,3.5,0.273,27.1
20824,22435,22436,1.857,0.143,14.3
20825,22437,22438,2.0,0.0,15.2
20826,22439,11248,1.5,0.5,9.6
20827,22439,32276,1.667,0.333,13.6
20828,22441,22442,1.019,0.019,14.9
20829,22443,22444,1.014,0.014,15.8
20830,22445,2396,2.087,0.524,9.4
20831,22483,22500,2.0,0.0,15.2
20832,22491,22492,1.2,0.178,9.2
20833,22495,22496,2.727,0.618,21.0
20834,22497,41896,1.417,0.447,9.3
20835,22501,22502,1.75,0.214,11.2
20836,22503,22504,1.889,0.111,14.4
20837,22505,22506,1.143,0.143,9.4
20838,22505,17778,1.455,0.273,7.8
20839,22507,41896,1.643,0.247,9.4
20840,22513,36400,3.0,0.0,22.2
20841,22521,2462,2.0,0.0,14.2
20842,22525,22526,1.833,0.167,14.3
20843,22527,2456,1.25,0.25,4.8
20844,22527,22528,2.0,0.0,13.7
20845,22533,22534,1.11,0.099,13.5
20846,22535,9122,2.5,0.5,23.4
20847,22535,22536,2.533,0.274,30.0
20848,22537,11274,1.167,0.167,6.9
20849,22537,21896,1.714,0.233,15.7
20850,22539,22540,1.672,0.224,7.9
20851,22541,10224,1.952,0.24,9.1
20852,22541,24616,3.0,0.0,14.4
20853,22543,24880,1.5,0.5,9.0
20854,22543,22544,3.0,0.4,13.9
20855,22545,26750,2.0,0.0,11.2
20856,22545,22546,4.5,0.5,17.0
20857,22545,26760,2.333,0.333,13.1
20858,22547,26734,3.5,0.5,14.5
20859,22551,41138,1.4,0.3,9.1
20860,22551,37248,1.5,0.5,14.4
20861,22553,41250,2.182,0.251,15.4
20862,22553,2896,3.0,0.0,16.2
20863,22557,22558,2.5,0.5,14.7
20864,22559,8712,1.5,0.5,9.2
20865,22561,22562,20.221,2123.358,14.4
20866,22563,29766,7.541,189.071,62.6
20867,22563,18018,22.481,513.182,9.7
20868,22569,22570,3.0,0.121,23.1
20869,22575,27830,2.721,0.254,18.9
20870,22577,30746,3.597,22.999,27.8
20871,22577,30738,12.342,985.545,27.2
20872,22579,22580,1.554,35.98,9.1
20873,22581,39186,3.0,0.667,26.0
20874,22581,35974,2.726,0.813,25.6
20875,22581,37848,8.378,15.521,29.9
20876,22581,30740,2.667,0.333,8.1
20877,22585,38894,4.108,308.42,17.2
20878,22593,2510,1.5,0.5,4.7
20879,22595,22596,1.5,0.333,5.2
20880,22597,22598,4.0,0.667,16.5
20881,22599,22586,2.0,0.0,9.1
20882,22599,22600,3.333,0.333,14.4
20883,22599,2518,2.5,0.5,4.7
20884,22601,22602,3.0,0.4,14.4
20885,22603,22604,2.5,0.5,14.4
20886,22603,2522,2.0,0.0,4.7
20887,22607,32170,5.167,46.167,11.7
20888,22611,22612,3.0,0.0,13.1
20889,22611,2532,2.0,0.0,4.7
20890,22615,31128,1.5,0.5,8.0
20891,22615,10246,2.0,0.0,12.8
20892,22619,9184,2.0,0.667,12.1
20893,22621,29900,2.0,0.0,7.7
20894,22621,2550,6.0,0.0,15.7
20895,22621,9190,3.0,0.0,17.0
20896,22623,22624,1.667,0.333,9.0
20897,22625,9186,1.5,0.286,7.7
20898,22627,9192,2.0,0.0,11.0
20899,22629,2542,3.0,0.0,16.2
20900,22633,22624,2.0,0.0,14.4
20901,22635,22636,7.094,318.79,5.9
20902,22637,22638,15.411,1096.72,29.6
20903,22639,37846,18.642,1694.039,13.0
20904,22657,22658,1.105,0.151,7.6
20905,22659,22660,1.854,17.574,10.4
20906,22661,22662,1.259,0.195,7.1
20907,22663,40002,1.667,0.333,7.6
20908,22663,22664,1.351,0.232,10.4
20909,22665,31098,1.365,0.315,7.8
20910,22667,22668,3.333,0.333,14.5
20911,22667,22672,2.333,0.333,14.2
20912,22669,22670,2.0,0.0,11.8
20913,22673,2594,1.5,0.5,4.7
20914,22677,38966,1.5,0.333,5.3
20915,22677,38974,2.125,0.201,14.8
20916,22687,38964,2.0,0.0,9.5
20917,22689,8690,2.0,0.0,9.2
20918,22689,2612,2.0,0.0,4.7
20919,22691,2618,3.635,0.526,17.3
20920,22693,2620,2.667,1.333,13.9
20921,22695,2760,1.5,0.333,4.7
20922,22697,22694,2.0,0.0,9.0
20923,22697,22698,2.667,0.333,14.2
20924,22697,2614,1.75,0.25,4.7
20925,22699,22864,1.6,0.3,8.8
20926,22701,2762,2.807,0.373,13.7
20927,22701,22702,4.455,1.307,17.2
20928,22701,2770,4.632,3.023,14.9
20929,22701,2618,2.0,0.333,4.7
20930,22703,2764,2.0,0.0,9.2
20931,22703,22860,3.316,1.117,14.0
20932,22703,2620,1.75,0.25,4.7
20933,22709,41904,1.5,0.286,8.5
20934,22715,2630,2.0,0.0,4.7
20935,22719,22720,1.5,0.256,11.3
20936,22723,2638,1.75,0.25,4.7
20937,22727,2642,1.143,0.143,4.7
20938,22729,2646,2.5,0.5,9.0
20939,22731,22732,3.0,0.286,14.3
20940,22731,2644,3.0,1.0,14.2
20941,22731,2646,1.25,0.25,4.7
20942,22733,22722,2.0,0.0,9.0
20943,22733,22734,3.5,0.5,14.4
20944,22733,2648,2.0,0.0,4.7
20945,22735,2650,1.5,0.5,4.7
20946,22737,17288,3.0,0.0,17.6
20947,22739,22740,1.231,0.192,4.6
20948,22739,2652,1.6,0.3,4.7
20949,22741,22742,1.154,0.141,5.6
20950,22743,2656,1.4,0.3,4.7
20951,22745,9000,55.778,22698.694,9.1
20952,22747,26,3.0,0.0,18.1
20953,22749,2662,1.667,0.333,4.7
20954,22763,22764,2.098,0.311,14.8
20955,22763,2692,1.5,0.5,5.2
20956,22765,22766,1.829,0.217,13.4
20957,22767,22768,1.47,0.301,9.7
20958,22769,22770,1.277,0.227,8.8
20959,22771,14550,2.0,0.0,10.0
20960,22771,36084,2.183,0.225,15.2
20961,22779,2676,2.0,0.0,11.5
20962,22779,22764,2.0,0.0,15.9
20963,22781,38472,1.308,0.231,18.0
20964,22783,22784,1.538,0.269,10.8
20965,22785,22788,1.5,0.273,10.7
20966,22787,37540,5.5,4.5,24.3
20967,22789,22790,1.125,0.125,10.7
20968,22791,22792,1.5,0.333,10.7
20969,22795,22796,2.0,0.0,9.9
20970,22795,39342,2.0,0.0,15.5
20971,22797,22798,2.0,2.0,13.7
20972,22799,22786,3.0,0.0,17.7
20973,22805,23420,3.0,0.0,14.9
20974,22811,37126,2.0,0.0,10.4
20975,22811,2722,2.5,0.5,11.7
20976,22815,22816,1.75,0.25,8.6
20977,22817,37132,2.125,0.411,10.4
20978,22823,15430,2.25,0.786,9.1
20979,22823,37106,9.0,0.0,48.3
20980,22823,22824,13.5,4.5,52.5
20981,22831,26682,1.333,0.333,7.0
20982,22833,37136,1.5,0.5,9.0
20983,22833,22810,2.333,0.333,11.7
20984,22845,18612,2.0,0.0,9.3
20985,22845,22846,2.0,0.0,20.3
20986,22851,22852,2.0,0.0,15.0
20987,22853,22854,1.857,0.143,13.8
20988,22855,37612,1.5,0.286,9.2
20989,22855,15872,2.0,0.0,14.4
20990,22859,28644,2.0,0.0,15.2
20991,22859,2758,2.0,0.0,4.7
20992,22861,22696,2.0,0.0,9.0
20993,22861,2766,1.75,0.25,4.7
20994,22863,22864,3.263,0.538,14.7
20995,22865,2618,1.966,0.32,9.0
20996,22867,22868,1.5,0.5,13.9
20997,22869,22870,2.0,0.0,14.0
20998,22871,22872,2.5,0.5,15.0
20999,22873,8366,2.0,0.0,17.9
21000,22875,2780,2.0,0.0,4.7
21001,22877,2782,1.667,0.333,4.7
21002,22881,2786,2.0,0.0,4.7
21003,22891,22892,3.0,0.0,16.0
21004,22893,22894,3.0,0.0,15.9
21005,22895,2796,3.0,0.0,13.4
21006,22897,35826,3.0,0.0,7.6
21007,22899,22900,1.914,0.115,14.4
21008,22901,28282,1.75,0.25,9.2
21009,22901,22902,1.981,0.057,14.7
21010,22901,7700,2.0,0.0,14.4
21011,22903,28292,1.419,0.318,9.5
21012,22903,22904,2.0,0.0,14.8
21013,22903,7710,2.0,0.0,14.3
21014,22905,22906,2.278,1.507,14.3
21015,22905,7724,2.0,0.0,14.4
21016,22907,33178,35.0,1729.0,13.4
21017,22907,12002,5.133,99.267,18.3
21018,22909,22910,2.309,0.736,14.4
21019,22911,28258,1.5,0.5,9.4
21020,22911,7680,1.893,0.247,14.4
21021,22911,28688,2.4,0.253,14.5
21022,22911,2816,1.5,0.5,4.7
21023,22913,22914,3.048,35.772,14.4
21024,22915,12052,2.701,0.607,23.1
21025,22915,22898,4.0,0.577,28.1
21026,22915,25386,4.0,0.0,22.1
21027,22923,22924,1.235,0.359,13.8
21028,22925,23076,2.739,0.995,23.6
21029,22925,28646,3.258,0.41,20.7
21030,22929,31794,1.119,0.105,14.0
21031,22933,22934,1.475,0.25,16.8
21032,22935,30942,2.861,433.28,8.3
21033,22937,2858,1.911,0.155,16.6
21034,22951,14910,1.273,0.199,12.3
21035,22955,22956,1.281,2.396,6.4
21036,22957,30194,1.104,0.117,10.7
21037,22961,38852,1.719,0.302,20.1
21038,22963,35430,1.605,0.57,9.8
21039,22965,12186,1.068,0.064,10.0
21040,22967,35740,1.852,0.49,11.3
21041,22977,22978,1.008,0.008,9.5
21042,22977,22360,7.0,0.0,1.8
21043,22979,22980,2.084,0.187,32.1
21044,22981,9482,1.036,0.036,5.0
21045,22981,22982,1.217,0.722,13.7
21046,22983,22984,1.88,9.692,9.4
21047,22985,22986,1.966,2.757,9.7
21048,22987,25240,4.5,12.189,21.0
21049,22999,23000,2.5,0.5,14.4
21050,23001,23002,2.5,0.5,14.4
21051,23015,2868,2.0,0.0,4.7
21052,23023,23028,2.167,0.167,11.2
21053,23023,23024,4.0,0.0,14.0
21054,23023,2890,1.333,0.333,4.7
21055,23025,2892,1.6,0.3,4.7
21056,23027,41250,2.0,0.0,15.1
21057,23029,41258,1.4,0.3,11.4
21058,23033,22708,1.4,0.3,8.5
21059,23035,31524,2.0,0.0,12.6
21060,23037,28952,1.675,0.222,8.5
21061,23037,26198,2.166,0.816,21.5
21062,23039,25816,6.424,1127.749,11.3
21063,23041,23042,1.623,0.885,7.4
21064,23043,35424,1.292,0.209,9.1
21065,23045,23046,2.667,0.325,34.0
21066,23045,2932,2.8,0.165,26.3
21067,23047,23048,1.22,0.176,14.7
21068,23047,27292,1.625,3.125,4.3
21069,23051,23044,1.234,0.181,15.4
21070,23053,23054,1.536,0.467,13.2
21071,23057,20258,2.46,0.6,16.8
21072,23057,19686,4.17,1.188,23.7
21073,23063,23994,3.0,0.0,16.3
21074,23063,6382,4.333,0.333,23.6
21075,23063,39276,2.94,0.384,23.4
21076,23065,25380,2.0,0.256,14.3
21077,23075,2904,1.8,0.2,21.1
21078,23077,39774,2.172,0.176,27.7
21079,23077,36878,3.478,0.388,23.6
21080,23079,23080,1.25,0.25,10.4
21081,23081,23082,1.667,0.333,14.5
21082,23083,10436,1.25,0.25,6.5
21083,23085,23086,2.0,0.0,10.4
21084,23093,30552,1.111,0.111,6.3
21085,23099,23100,1.116,0.5,4.0
21086,23101,33176,1.836,12.943,8.9
21087,23115,39282,2.25,0.25,11.2
21088,23117,26786,1.467,0.267,7.2
21089,23117,23118,1.96,0.373,10.6
21090,23119,3250,1.692,0.397,9.0
21091,23119,23120,2.786,0.181,14.3
21092,23121,23122,1.75,0.205,9.0
21093,23123,12082,3.556,0.528,8.2
21094,23139,23126,1.5,0.5,8.4
21095,23139,8100,1.333,0.333,9.7
21096,23165,23194,2.5,0.5,14.2
21097,23167,23168,3.5,0.5,14.3
21098,23169,23170,2.25,0.25,10.9
21099,23171,3182,2.75,0.25,14.2
21100,23189,23190,3.1,0.1,14.3
21101,23191,23192,3.2,0.178,14.2
21102,23193,23194,3.091,0.491,14.5
21103,23195,23196,3.0,0.333,14.4
21104,23197,23198,3.25,0.214,17.1
21105,23199,3050,1.75,0.25,4.7
21106,23219,23220,3.0,0.0,14.5
21107,23219,23280,3.0,0.0,14.8
21108,23221,3072,1.5,0.5,4.7
21109,23281,23196,2.0,0.0,9.0
21110,23281,3046,2.75,0.25,14.4
21111,23283,23192,2.0,0.0,14.2
21112,23291,3130,2.1,0.1,9.0
21113,23291,23292,3.0,0.4,14.4
21114,23293,23294,3.2,0.2,14.4
21115,23295,23164,2.0,0.0,9.1
21116,23295,23296,3.0,0.0,14.5
21117,23295,3146,2.0,0.0,4.7
21118,23305,23306,3.0,0.0,14.3
21119,23305,23344,3.2,1.7,14.2
21120,23307,23328,2.5,0.5,14.2
21121,23307,23374,2.5,0.5,14.1
21122,23307,3158,1.667,0.333,4.7
21123,23329,23330,2.5,0.5,11.2
21124,23345,3196,1.111,0.111,4.7
21125,23375,23376,3.0,0.0,14.7
21126,23377,23378,1.5,0.5,7.9
21127,23379,3226,2.0,0.0,9.1
21128,23383,23384,2.0,0.0,7.4
21129,23385,23662,1.667,0.333,8.7
21130,23387,23718,2.75,0.25,12.4
21131,23389,23664,1.588,0.257,7.8
21132,23389,3234,2.0,0.0,4.7
21133,23397,23398,2.5,0.5,12.4
21134,23397,3244,2.5,0.5,12.7
21135,23399,23400,2.75,0.25,14.3
21136,23401,3240,1.25,0.25,7.5
21137,23403,23404,3.143,0.476,14.9
21138,23403,11532,3.077,0.077,14.8
21139,23403,3246,1.25,0.25,4.7
21140,23405,23406,2.091,0.291,9.4
21141,23407,2978,3.105,0.544,14.1
21142,23409,3254,2.0,0.0,4.7
21143,23411,23412,3.0,0.0,14.4
21144,23411,38840,3.0,0.0,14.2
21145,23411,3256,2.0,0.0,4.7
21146,23413,16938,4.333,10.333,12.6
21147,23415,38838,3.0,0.0,13.9
21148,23415,3260,2.0,0.0,4.7
21149,23421,3266,1.5,0.5,4.7
21150,23423,19784,5.429,0.286,17.9
21151,23427,16358,1.25,0.25,9.0
21152,23427,38178,3.0,1.0,14.2
21153,23429,3312,1.769,0.359,8.8
21154,23431,3274,1.444,0.278,4.7
21155,23433,3276,1.5,0.5,4.7
21156,23435,16364,3.0,0.0,14.2
21157,23439,16362,3.0,0.0,14.2
21158,23443,38176,2.667,0.333,14.3
21159,23451,16360,4.0,0.0,14.2
21160,23455,38172,2.0,0.0,14.3
21161,23459,23466,3.444,0.278,16.2
21162,23459,23424,3.0,0.0,16.5
21163,23461,3304,1.5,0.333,4.7
21164,23465,3308,1.5,0.3,4.7
21165,23467,23468,3.0,0.0,14.0
21166,23467,23430,3.286,1.571,14.2
21167,23469,23470,3.0,0.0,13.9
21168,23471,23472,3.0,0.0,14.4
21169,23473,3316,2.0,0.0,4.7
21170,23475,23476,2.0,0.0,6.1
21171,23477,24928,2.0,0.0,7.4
21172,23479,23488,2.0,0.0,5.5
21173,23501,23502,1.174,0.15,13.2
21174,23513,6140,1.917,0.265,13.8
21175,23515,6070,1.327,0.224,6.7
21176,23515,32024,2.898,0.869,32.7
21177,23515,19746,7.25,78.214,16.6
21178,23517,3356,1.667,0.333,4.7
21179,23521,33640,1.333,0.333,10.8
21180,23525,37158,3.0,0.0,14.2
21181,23527,23528,1.71,0.248,19.8
21182,23527,13402,4.2,45.067,7.9
21183,23529,3368,30.5,0.5,1.4
21184,23531,31476,1.683,0.222,8.4
21185,23531,37194,1.278,0.321,14.3
21186,23531,7582,28.5,840.5,1.4
21187,23537,39812,2.5,0.5,13.5
21188,23541,3378,1.5,0.333,4.7
21189,23543,482,1.333,0.333,7.6
21190,23543,23544,3.0,0.0,16.1
21191,23545,15190,3.714,0.905,16.5
21192,23547,17704,1.778,0.444,9.0
21193,23547,23548,2.833,0.167,14.4
21194,23547,3388,2.0,0.0,4.7
21195,23549,23550,1.667,0.333,6.3
21196,23549,3390,1.4,0.3,4.9
21197,23551,23552,3.0,0.0,14.8
21198,23551,16978,3.0,0.0,15.8
21199,23553,3394,1.5,0.5,4.7
21200,23555,3396,1.731,0.285,9.3
21201,23557,40288,19.0,0.0,2.7
21202,23567,23568,3.0,0.0,4.8
21203,23571,23572,3.0,0.667,6.6
21204,23573,23574,2.286,0.238,5.0
21205,23575,24418,3.0,0.0,14.8
21206,23575,4124,4.75,0.917,19.9
21207,23577,28786,2.0,0.0,10.3
21208,23577,8180,3.0,0.0,15.0
21209,23581,23582,1.5,0.5,9.0
21210,23581,16626,2.636,0.655,14.0
21211,23583,40314,2.0,0.0,10.4
21212,23589,5150,1.3,0.215,8.9
21213,23589,25904,4.5,3.0,22.3
21214,23591,37538,2.0,0.0,11.7
21215,23591,23620,2.167,0.152,14.3
21216,23593,23594,3.0,0.0,24.3
21217,23597,23598,1.583,0.291,10.5
21218,23599,23606,1.558,0.3,10.8
21219,23599,34638,1.4,0.3,12.2
21220,23607,26174,2.0,0.0,11.5
21221,23607,23608,1.595,0.344,12.4
21222,23609,37630,2.0,0.0,7.7
21223,23609,23610,1.146,0.128,10.1
21224,23611,22782,1.647,0.493,10.8
21225,23611,23612,1.917,0.08,14.8
21226,23613,35108,1.667,0.333,8.6
21227,23613,23614,1.333,0.233,10.6
21228,23617,23618,2.0,0.0,9.2
21229,23617,8028,2.0,0.0,15.6
21230,23617,28634,2.375,1.125,15.3
21231,23617,3454,2.0,0.0,4.7
21232,23619,23600,2.0,0.0,12.4
21233,23621,23622,2.636,0.655,18.2
21234,23621,2712,2.0,0.0,17.6
21235,23621,3458,2.0,0.0,4.7
21236,23623,23624,2.0,0.4,14.5
21237,23625,462,3.0,0.5,15.0
21238,23625,2716,2.0,0.0,14.4
21239,23631,23628,2.5,0.5,14.2
21240,23635,4094,2.0,0.0,7.1
21241,23649,23650,6.385,0.923,14.0
21242,23649,3510,7.625,1.696,14.3
21243,23649,3488,2.429,0.418,4.7
21244,23651,12510,6.0,0.0,14.2
21245,23653,23696,2.0,0.0,7.7
21246,23659,23290,2.938,0.596,14.3
21247,23663,23664,2.167,0.167,9.4
21248,23665,16378,2.375,0.554,10.4
21249,23665,14470,4.818,0.564,29.4
21250,23667,23668,2.222,0.194,11.9
21251,23667,23660,2.25,0.25,11.5
21252,23669,23688,2.0,0.0,8.7
21253,23669,23714,1.2,0.2,8.2
21254,23671,23672,1.833,0.147,10.2
21255,23671,23388,1.929,0.225,9.2
21256,23673,23674,1.929,0.071,9.5
21257,23673,23386,2.25,0.25,8.4
21258,23675,23676,1.786,0.181,9.5
21259,23677,23678,2.0,0.0,9.7
21260,23679,23680,1.786,0.181,8.5
21261,23681,23682,1.714,0.374,8.6
21262,23683,23666,1.615,0.256,7.8
21263,23685,34596,1.378,0.242,8.2
21264,23685,13298,4.0,0.0,16.5
21265,23711,23384,2.0,0.0,7.9
21266,23715,23382,2.5,0.333,11.3
21267,23719,23720,2.5,0.333,10.2
21268,23721,23662,2.25,0.25,8.7
21269,23723,23684,1.818,0.216,8.1
21270,23723,3508,2.0,0.0,4.7
21271,23729,34602,2.2,0.2,22.4
21272,23729,13304,3.0,0.0,25.1
21273,23735,23736,1.003,0.003,8.2
21274,23737,37704,1.562,0.265,18.8
21275,23737,31546,12.857,346.143,9.1
21276,23739,12236,2.72,3.349,19.7
21277,23739,31784,3.983,7.396,26.6
21278,23741,19272,1.5,0.255,11.1
21279,23751,19314,2.0,0.0,9.1
21280,23755,23756,2.333,0.333,10.3
21281,23755,3538,3.0,0.0,4.7
21282,23757,23766,2.0,0.0,9.8
21283,23757,3540,12.0,0.0,4.7
21284,23761,23768,2.0,0.0,12.1
21285,23763,23764,3.0,0.0,14.6
21286,23765,3538,3.8,1.2,11.4
21287,23767,23760,2.0,0.0,9.2
21288,23771,3562,2.2,0.2,9.2
21289,23775,3558,1.667,0.333,4.7
21290,23777,9240,3.0,1.333,12.0
21291,23779,23780,3.0,0.0,14.4
21292,23779,3562,1.833,0.167,4.7
21293,23781,3564,2.0,0.0,4.7
21294,23783,23776,3.0,0.0,14.3
21295,23785,3568,1.5,0.333,4.7
21296,23797,38386,5.269,702.43,8.4
21297,23799,40222,1.974,0.42,11.9
21298,23799,40220,7.843,6.059,34.3
21299,23801,3580,2.0,0.0,4.7
21300,23807,3584,2.0,0.0,4.7
21301,23811,41368,21.5,180.5,20.5
21302,23813,23814,2.0,0.0,9.2
21303,23813,3592,3.0,0.0,14.0
21304,23813,3588,1.25,0.25,5.3
21305,23815,23816,2.0,0.0,7.5
21306,23817,3588,2.667,0.333,13.2
21307,23825,38892,2.0,0.0,12.3
21308,23827,23500,6.0,18.0,12.9
21309,23831,3604,2.0,0.0,4.7
21310,23833,23504,2.083,0.083,12.6
21311,23835,4388,2.0,0.0,9.3
21312,23837,3610,1.143,0.143,4.7
21313,23839,15518,11.975,2054.076,8.0
21314,23847,39322,1.4,0.4,13.9
21315,23853,11742,4.0,0.4,12.6
21316,23857,23858,2.75,0.917,14.1
21317,23859,3632,2.25,0.25,14.2
21318,23859,3628,2.0,0.0,5.6
21319,23863,3628,1.5,0.5,10.8
21320,23869,23870,1.5,0.3,5.2
21321,23871,3642,2.214,0.181,9.3
21322,23875,23876,3.5,1.733,14.6
21323,23875,3638,2.818,0.164,14.2
21324,23877,23878,2.5,0.5,13.5
21325,23877,23866,2.6,0.8,14.6
21326,23877,3644,1.833,0.515,4.8
21327,23879,3646,1.5,0.5,4.7
21328,23881,26512,3.432,0.53,15.8
21329,23887,3656,1.75,0.25,9.0
21330,23889,23890,2.0,0.0,14.2
21331,23889,3654,3.0,0.0,14.1
21332,23889,3656,2.0,0.0,4.7
21333,23901,23902,6.0,2.0,9.4
21334,23901,3668,1.667,0.333,4.7
21335,23905,27876,2.0,0.0,7.8
21336,23905,7320,3.25,0.5,12.9
21337,23907,3674,1.5,0.286,4.7
21338,23909,160,2.059,0.309,12.1
21339,23911,3678,1.4,0.3,4.7
21340,23913,3680,1.556,0.278,4.7
21341,23915,23916,1.037,0.037,5.0
21342,23917,23918,1.053,0.051,5.0
21343,23919,22690,2.854,0.255,14.0
21344,23921,23922,3.0,0.0,14.4
21345,23921,23912,2.833,0.333,14.2
21346,23921,3688,1.714,0.238,4.7
21347,23923,23924,3.0,0.0,14.4
21348,23923,23910,3.0,0.0,14.3
21349,23925,23926,1.444,0.278,8.5
21350,23927,23908,2.25,0.2,8.5
21351,23931,23932,3.0,0.0,14.2
21352,23931,3714,2.0,0.0,14.7
21353,23931,3700,2.0,0.0,4.7
21354,23937,23938,2.0,0.0,9.0
21355,23939,8282,2.0,0.0,11.3
21356,23941,3720,2.0,0.0,9.1
21357,23941,23952,3.5,0.5,14.2
21358,23945,3700,2.0,0.0,9.0
21359,23949,28802,2.0,0.0,9.1
21360,23953,8204,2.5,0.5,9.3
21361,23955,8328,2.647,0.243,33.2
21362,23955,23956,1.556,1.028,19.5
21363,23961,28888,1.333,0.333,5.9
21364,23961,23962,1.625,1.125,14.8
21365,23963,28898,1.548,2.985,4.1
21366,23965,30970,2.0,0.0,14.1
21367,23967,23968,3.667,0.333,8.2
21368,23969,25836,2.0,0.0,7.7
21369,23969,5402,3.25,0.25,12.3
21370,23971,23972,2.0,0.0,14.6
21371,23975,23976,3.25,0.25,14.5
21372,23981,23982,2.0,0.0,9.0
21373,23993,39276,5.0,1.0,27.4
21374,23993,2922,2.0,0.0,8.0
21375,23995,39280,2.636,0.255,12.1
21376,23995,23978,2.6,0.3,13.3
21377,23995,3764,1.5,0.5,4.8
21378,23997,3766,1.5,0.5,4.7
21379,24003,3768,2.0,0.0,9.8
21380,24007,3776,2.0,0.0,4.7
21381,24009,10882,2.0,0.0,11.8
21382,24013,24014,3.5,0.5,14.4
21383,24013,24008,3.0,0.0,14.2
21384,24015,6196,2.0,0.0,9.0
21385,24019,24020,1.667,0.333,9.1
21386,24021,24496,5.714,6.571,19.2
21387,24023,24016,2.0,0.0,9.0
21388,24023,29206,3.25,0.25,13.0
21389,24023,3792,1.667,0.333,4.7
21390,24025,4410,2.5,0.5,9.1
21391,24025,24026,3.0,0.0,14.4
21392,24027,26676,2.0,0.0,14.2
21393,24029,23998,2.0,0.0,8.7
21394,24033,3802,1.571,0.286,4.7
21395,24037,3806,1.429,0.286,4.7
21396,24041,24042,2.5,0.5,12.0
21397,24041,32506,3.0,0.0,16.4
21398,24047,24048,2.667,0.333,14.5
21399,24047,24062,2.7,0.233,14.3
21400,24047,3816,1.667,1.333,4.7
21401,24053,11430,2.0,0.0,11.3
21402,24055,24056,1.75,0.25,8.0
21403,24057,26510,2.0,0.0,14.4
21404,24057,3826,1.667,0.333,4.7
21405,24061,3816,3.0,0.0,14.4
21406,24063,24064,2.6,0.3,14.4
21407,24063,3832,1.5,0.5,4.7
21408,24065,24066,1.667,0.333,9.0
21409,24065,32502,3.0,0.0,14.4
21410,24067,3836,1.25,0.25,4.7
21411,24069,2942,2.0,0.0,12.6
21412,24075,26896,2.0,2.0,9.0
21413,24077,24078,2.167,0.167,10.3
21414,24079,3848,1.25,0.25,4.7
21415,24083,24084,1.25,0.25,5.6
21416,24085,38258,2.333,0.333,8.9
21417,24091,20200,3.5,1.429,14.9
21418,24093,39752,2.0,0.0,9.2
21419,24093,3860,2.0,0.0,4.7
21420,24095,7464,2.5,0.5,13.2
21421,24097,24098,2.0,0.0,14.2
21422,24101,39990,2.0,0.0,10.8
21423,24101,39420,3.0,0.0,11.6
21424,24113,24114,1.5,0.5,10.4
21425,24115,25370,1.5,0.5,12.0
21426,24125,3888,1.667,0.333,4.7
21427,24127,24114,2.0,0.0,7.6
21428,24129,14260,4.0,0.0,16.5
21429,24137,24138,3.5,0.5,16.3
21430,24139,38016,3.0,0.0,15.9
21431,24145,24146,3.0,0.154,23.1
21432,24145,9584,3.667,2.333,17.8
21433,24147,24148,1.909,0.091,14.4
21434,24147,9708,2.0,0.0,14.4
21435,24149,30308,1.5,0.5,9.1
21436,24149,24150,2.0,0.0,14.5
21437,24151,24152,1.4,0.267,10.4
21438,24151,3910,6.0,0.0,1.4
21439,24153,24154,1.7,0.233,10.4
21440,24155,24156,2.0,0.0,14.7
21441,24157,25670,2.077,0.077,15.4
21442,24159,24160,1.136,0.158,6.8
21443,24161,24162,2.658,205.561,5.2
21444,24163,24164,1.04,0.038,5.8
21445,24167,12384,1.5,0.3,12.3
21446,24169,24170,2.0,0.667,6.5
21447,24171,9958,3.25,0.25,19.3
21448,24173,3944,2.0,0.0,9.0
21449,24173,24184,3.0,0.0,14.2
21450,24175,3940,3.25,0.25,14.0
21451,24181,24188,3.0,0.0,14.4
21452,24181,24172,3.0,0.0,14.2
21453,24181,3948,2.0,1.0,4.7
21454,24187,25004,2.0,0.0,10.5
21455,24187,24994,3.333,0.333,14.4
21456,24191,24192,3.0,0.4,13.3
21457,24191,3952,1.5,0.5,4.7
21458,24193,24194,3.5,0.5,14.4
21459,24193,18274,3.0,0.0,14.2
21460,24203,5990,2.0,0.0,9.4
21461,24203,26478,2.0,0.0,14.6
21462,24213,29874,1.5,0.5,9.7
21463,24213,24220,1.5,0.5,14.5
21464,24215,24216,1.333,0.333,14.4
21465,24215,3974,2.0,0.0,4.7
21466,24217,24218,2.0,0.0,14.4
21467,24219,31562,1.5,0.5,10.1
21468,24223,24224,1.667,0.333,9.0
21469,24227,9174,1.5,0.5,10.6
21470,24227,29884,2.0,0.0,14.4
21471,24231,24232,3.0,0.0,22.1
21472,24235,24236,1.476,0.262,10.7
21473,24235,39490,1.5,0.5,9.9
21474,24237,24238,1.095,0.09,9.1
21475,24239,24240,2.0,0.0,14.8
21476,24241,24242,1.654,0.395,11.4
21477,24243,5440,2.0,0.0,9.9
21478,24243,24244,4.389,0.84,32.4
21479,24243,25890,3.0,0.333,28.1
21480,24245,22676,2.393,0.247,22.3
21481,24245,2598,2.667,0.333,15.0
21482,24251,30074,1.5,0.5,9.2
21483,24253,30088,3.0,0.0,14.6
21484,24261,40416,2.8,0.2,14.5
21485,24267,30080,3.0,0.5,14.0
21486,24269,24270,2.667,0.333,13.2
21487,24271,24272,3.0,0.0,14.4
21488,24273,24274,2.5,0.5,14.4
21489,24275,24276,3.0,0.0,13.3
21490,24275,4018,2.0,0.0,4.7
21491,24281,24282,2.0,0.0,10.2
21492,24281,30070,2.0,0.0,13.1
21493,24283,9366,3.0,0.0,14.2
21494,24287,24288,1.286,0.238,9.2
21495,24289,24290,2.5,0.286,14.0
21496,24291,34084,2.0,0.0,13.0
21497,24291,39020,3.0,0.0,19.4
21498,24291,12770,2.308,0.397,17.4
21499,24297,4040,2.0,0.0,4.7
21500,24299,39468,1.5,0.5,7.9
21501,24305,30188,7.0,0.0,36.1
21502,24305,35250,2.0,0.0,8.8
21503,24313,4050,2.0,0.0,4.7
21504,24317,4054,2.0,0.0,4.7
21505,24323,36436,3.0,0.0,14.8
21506,24323,14854,1.5,0.5,4.7
21507,24327,11330,1.75,0.25,11.0
21508,24329,40554,2.0,0.0,6.9
21509,24337,24338,1.064,0.072,9.4
21510,24339,24340,1.134,0.277,9.5
21511,24341,24342,1.142,0.157,5.4
21512,24343,24344,4.37,596.118,22.8
21513,24345,21526,1.071,0.068,4.7
21514,24345,24346,1.369,0.534,13.6
21515,24347,24348,1.359,0.77,7.9
21516,24349,5000,2.0,0.321,11.0
21517,24349,25350,5.155,194.814,38.3
21518,24349,25322,25.8,351.7,25.8
21519,24349,25360,37.5,264.5,23.5
21520,24351,7766,2.0,0.0,8.1
21521,24353,28352,4.0,0.0,18.8
21522,24377,3474,2.0,0.0,10.9
21523,24387,4490,2.462,0.269,11.2
21524,24387,39292,3.75,0.408,24.8
21525,24395,24396,2.867,9.552,8.4
21526,24397,32126,2.786,0.335,7.9
21527,24399,30592,2.191,0.158,24.3
21528,24407,29210,3.435,0.711,22.8
21529,24407,25308,1.815,0.275,21.3
21530,24409,24410,1.974,0.184,14.7
21531,24409,27322,4.538,53.269,3.7
21532,24411,24412,1.775,0.384,10.4
21533,24413,31436,2.333,0.788,12.1
21534,24413,24414,2.036,0.11,15.2
21535,24415,23566,2.0,0.0,10.5
21536,24415,24416,3.931,0.281,30.1
21537,24415,13956,5.667,40.333,11.2
21538,24417,24418,2.0,0.258,14.5
21539,24419,14292,2.636,0.255,14.5
21540,24419,25828,3.25,0.978,20.3
21541,24421,24436,1.567,0.248,20.0
21542,24423,24424,1.016,0.016,9.4
21543,24423,26916,1.5,0.5,3.0
21544,24427,24428,1.059,0.056,13.1
21545,24429,24430,1.086,0.08,12.9
21546,24439,24440,1.069,0.066,9.4
21547,24443,24444,1.107,0.097,13.3
21548,24449,24422,1.105,0.095,13.1
21549,24459,24460,1.006,0.006,9.4
21550,24461,24462,1.442,0.333,16.8
21551,24461,28806,3.0,17.077,2.4
21552,24463,24464,1.078,0.085,8.5
21553,24465,8348,1.045,0.043,4.6
21554,24465,24466,1.447,0.417,14.1
21555,24471,4178,2.0,0.0,4.7
21556,24473,24474,2.5,0.5,13.7
21557,24473,24470,3.0,0.0,13.8
21558,24477,4188,1.5,0.5,9.3
21559,24481,4184,3.1,0.1,14.2
21560,24483,24484,2.0,0.0,5.0
21561,24485,24486,2.0,0.0,4.1
21562,24487,35284,2.0,0.0,2.6
21563,24495,36226,2.333,0.333,17.6
21564,24497,24504,4.154,3.641,10.4
21565,24497,29218,8.5,40.5,14.6
21566,24499,4416,3.0,0.0,14.4
21567,24499,24500,3.143,0.143,14.2
21568,24501,24024,2.0,0.0,9.2
21569,24501,29212,2.75,0.25,14.3
21570,24503,31426,2.75,0.25,14.3
21571,24505,25308,3.5,0.333,22.4
21572,24505,25316,3.684,0.339,25.3
21573,24507,26672,2.0,0.0,11.3
21574,24507,24508,4.333,0.333,22.0
21575,24511,20504,2.333,0.333,9.0
21576,24513,35558,1.657,0.289,20.5
21577,24515,24516,2.176,23.529,6.4
21578,24517,19178,10.353,561.118,16.0
21579,24519,24522,3.0,0.0,14.6
21580,24521,24522,3.5,0.5,15.0
21581,24523,24524,3.0,1.0,15.2
21582,24525,35800,1.75,0.25,7.5
21583,24531,12568,1.5,0.5,9.1
21584,24531,26446,2.0,0.036,14.7
21585,24537,4276,4.5,0.5,19.8
21586,24539,12560,2.0,0.0,4.7
21587,24541,17268,2.25,0.214,16.3
21588,24545,20654,1.321,0.226,14.2
21589,24547,20654,1.75,0.214,16.2
21590,24555,24556,2.5,0.5,14.6
21591,24557,24558,3.0,0.0,14.4
21592,24561,24562,3.5,0.3,14.4
21593,24563,24564,2.5,0.333,13.0
21594,24563,4264,2.0,0.0,4.7
21595,24567,24568,2.667,0.333,12.4
21596,24569,24570,3.0,0.0,14.4
21597,24571,24572,3.333,0.333,14.4
21598,24573,24574,3.0,0.0,14.4
21599,24575,4308,6.0,0.0,28.0
21600,24577,38086,2.0,0.0,7.5
21601,24597,4296,2.0,0.0,4.7
21602,24599,24596,2.0,0.0,9.0
21603,24599,24560,3.0,0.8,14.4
21604,24603,24604,1.917,0.083,10.4
21605,24605,24606,1.556,0.278,9.0
21606,24605,4302,1.333,0.333,4.7
21607,24609,4306,2.0,0.0,4.7
21608,24611,4276,5.5,0.5,24.0
21609,24615,39294,3.0,0.0,13.8
21610,24617,24618,2.0,0.0,9.4
21611,24619,4316,1.5,0.5,4.7
21612,24641,11778,2.0,0.0,14.6
21613,24647,24648,1.789,0.175,14.4
21614,24647,13012,2.0,0.0,14.2
21615,24649,4350,2.0,0.0,9.0
21616,24649,24650,2.0,0.0,14.4
21617,24651,16388,3.0,0.0,23.0
21618,24651,32914,2.8,0.2,21.4
21619,24653,24662,2.0,0.0,9.0
21620,24661,4344,2.0,0.0,9.5
21621,24661,24662,1.895,0.099,14.1
21622,24663,24646,1.833,0.147,14.1
21623,24665,24666,2.0,0.0,14.4
21624,24673,38522,2.0,0.0,15.3
21625,24679,24682,2.0,0.0,7.8
21626,24685,24690,3.8,0.7,8.6
21627,24687,4378,2.0,0.0,4.7
21628,24691,32288,4.0,2.0,11.0
21629,24691,29880,3.4,0.3,14.7
21630,24697,23836,2.5,0.5,14.2
21631,24697,3608,3.333,0.333,14.2
21632,24697,4388,2.0,0.0,4.7
21633,24719,4408,2.857,0.476,14.1
21634,24721,24722,3.0,0.0,14.3
21635,24723,3794,3.0,0.0,14.2
21636,24725,24718,1.25,0.25,9.1
21637,24727,24728,3.0,0.0,14.4
21638,24729,4204,3.0,0.25,14.4
21639,24731,1118,2.0,0.0,9.0
21640,24761,24736,3.0,0.0,14.3
21641,24775,37842,4.0,0.0,14.5
21642,24779,37584,4.0,0.0,14.2
21643,24781,11236,8.111,74.611,12.7
21644,24783,24776,2.0,0.0,9.2
21645,24783,24784,3.0,0.222,14.4
21646,24785,24786,2.0,0.0,14.8
21647,24785,24780,3.111,0.111,14.9
21648,24789,4480,2.0,0.0,4.7
21649,24793,31774,3.0,0.0,14.6
21650,24793,6570,4.0,0.0,23.8
21651,24793,27084,4.0,0.0,24.6
21652,24795,24796,2.889,0.111,14.1
21653,24797,33198,3.333,5.333,14.3
21654,24797,12030,3.125,0.125,21.0
21655,24801,39292,2.037,0.727,23.9
21656,24801,32124,4.818,26.251,6.2
21657,24803,24804,1.062,0.062,17.6
21658,24803,10534,9.3,183.344,3.4
21659,24805,39192,1.25,0.2,20.8
21660,24815,30702,1.857,5.143,3.2
21661,24817,33898,2.253,0.334,18.2
21662,24821,24838,2.0,0.0,9.0
21663,24823,14948,5.0,0.0,21.1
21664,24825,24826,2.5,0.5,14.4
21665,24827,24828,2.0,0.0,14.4
21666,24827,4508,2.0,0.0,4.7
21667,24829,4510,1.667,0.333,4.7
21668,24833,24848,1.714,0.238,9.4
21669,24833,4528,2.0,0.0,14.4
21670,24835,24832,2.5,0.333,14.4
21671,24837,4502,2.0,0.0,9.1
21672,24837,4518,2.0,0.0,4.7
21673,24839,24844,2.5,0.5,13.8
21674,24843,24844,3.0,0.0,14.4
21675,24843,4520,3.0,0.0,14.1
21676,24845,24850,2.0,0.0,9.0
21677,24847,4514,2.0,0.0,9.0
21678,24847,24848,2.889,0.611,14.4
21679,24849,4526,1.5,0.5,9.2
21680,24849,24850,2.643,0.401,14.4
21681,24851,17838,1.833,0.147,9.4
21682,24853,41744,3.0,0.0,14.2
21683,24857,512,3.0,0.0,14.4
21684,24859,37840,23.4,958.8,11.9
21685,24861,5610,1.857,0.476,11.6
21686,24861,38240,5.174,0.696,33.0
21687,24861,24864,2.0,0.0,12.9
21688,24863,4542,1.5,0.333,4.7
21689,24871,4548,1.5,0.5,4.7
21690,24879,4572,2.5,0.5,13.6
21691,24879,24884,2.0,0.0,7.0
21692,24881,4558,2.0,0.0,4.7
21693,24883,24904,3.0,0.0,17.1
21694,24883,31642,3.0,0.0,17.4
21695,24885,33002,2.5,1.0,10.2
21696,24889,24890,3.571,0.286,17.3
21697,24889,24892,1.571,0.286,9.6
21698,24891,10696,3.0,0.4,14.4
21699,24891,4564,1.333,0.333,4.7
21700,24893,4582,2.667,0.267,14.5
21701,24893,24884,3.0,0.0,13.4
21702,24899,4556,2.0,0.0,10.2
21703,24903,24898,1.5,0.5,9.0
21704,24905,24906,3.0,0.0,14.4
21705,24907,24908,3.0,2.0,14.4
21706,24909,24884,4.0,0.0,19.0
21707,24911,24882,3.0,0.0,13.9
21708,24929,24930,3.5,0.333,14.4
21709,24931,24932,3.4,0.3,14.4
21710,24933,3288,3.4,0.3,14.2
21711,24943,1592,5.5,12.5,21.6
21712,24945,41838,2.0,13.125,10.3
21713,24945,41948,12.297,1764.228,9.2
21714,24947,39592,2.0,0.0,13.2
21715,24947,24948,3.0,0.667,13.5
21716,24949,4650,2.0,0.0,9.3
21717,24949,4622,1.333,0.333,4.7
21718,24963,7188,3.0,0.0,9.6
21719,24963,27742,3.0,0.0,19.5
21720,24965,35764,2.1,0.159,18.4
21721,24967,4638,1.25,0.214,4.7
21722,24971,24174,2.0,0.0,11.0
21723,24973,17180,2.0,0.0,9.1
21724,24973,4644,1.333,0.333,4.7
21725,24981,4666,3.0,0.0,14.4
21726,24983,4676,2.25,0.917,9.0
21727,24989,4640,2.0,0.0,9.4
21728,24991,24992,2.5,0.5,9.7
21729,24993,4626,3.5,0.5,14.2
21730,24995,24982,2.0,0.0,9.0
21731,25001,4630,2.0,0.0,14.3
21732,25003,24174,5.0,0.0,22.7
21733,25005,25006,3.0,0.0,14.4
21734,25007,25008,3.0,0.0,14.4
21735,25007,24980,3.0,0.0,14.2
21736,25009,25010,2.667,0.333,14.4
21737,25011,4682,1.6,0.3,4.7
21738,25015,39164,2.5,0.3,12.3
21739,25015,17178,2.429,0.286,13.5
21740,25035,25036,1.167,0.167,9.8
21741,25037,25040,10.0,1.0,128.0
21742,25057,25058,2.0,0.0,15.2
21743,25057,16510,2.067,0.352,14.8
21744,25067,4820,1.5,0.5,9.0
21745,25081,25082,2.667,0.333,14.4
21746,25081,4768,3.0,0.0,14.2
21747,25083,25084,3.0,0.0,14.4
21748,25083,25150,3.0,0.0,14.2
21749,25085,25086,3.0,0.0,14.4
21750,25087,25088,3.0,0.0,14.4
21751,25089,25090,3.0,0.0,14.3
21752,25089,4760,2.0,0.0,4.7
21753,25109,25110,2.0,0.0,14.4
21754,25111,25112,2.0,0.0,14.4
21755,25113,25114,2.6,0.3,14.5
21756,25115,25116,2.857,0.143,14.5
21757,25117,4848,1.875,0.411,9.5
21758,25119,25164,3.333,0.333,14.2
21759,25131,4802,1.5,0.5,4.7
21760,25137,4772,2.0,0.0,9.1
21761,25143,25066,2.0,0.0,8.8
21762,25151,4766,2.0,0.0,9.1
21763,25161,30968,2.933,0.495,19.5
21764,25161,10098,3.0,0.0,20.4
21765,25163,25164,3.0,0.0,14.4
21766,25165,25166,3.0,0.333,14.4
21767,25167,25056,2.0,0.333,12.7
21768,25169,4832,1.75,0.25,9.0
21769,25169,4844,4.0,0.0,14.4
21770,25175,25176,3.0,1.0,14.4
21771,25177,4788,2.667,0.333,14.4
21772,25181,25416,4.667,0.242,31.9
21773,25181,9982,4.219,0.499,30.3
21774,25189,4860,2.0,0.0,4.7
21775,25197,25198,1.5,0.5,6.0
21776,25197,4868,4.0,0.0,4.7
21777,25199,25200,3.5,0.5,17.1
21778,25201,25202,4.0,0.0,14.2
21779,25205,9962,2.75,0.25,17.0
21780,25207,14868,6.0,0.0,9.2
21781,25207,36466,2.0,0.0,13.9
21782,25209,4880,1.5,0.5,4.7
21783,25213,19560,3.08,2.31,21.7
21784,25219,25220,6.0,0.0,32.0
21785,25223,30354,3.5,0.5,9.9
21786,25225,4896,1.5,0.5,4.7
21787,25231,4902,1.444,0.278,4.7
21788,25233,4904,2.0,0.0,4.7
21789,25237,9604,2.0,0.0,12.6
21790,25241,35746,1.747,0.613,11.5
21791,25243,25244,2.833,0.167,12.3
21792,25245,15010,2.0,0.0,6.2
21793,25245,38980,2.0,0.0,16.1
21794,25245,23516,1.333,0.333,2.3
21795,25249,25250,1.222,0.194,16.0
21796,25255,25256,1.038,0.114,5.1
21797,25257,28746,1.2,0.2,5.8
21798,25257,33202,2.224,0.475,23.9
21799,25259,25260,1.496,0.958,14.2
21800,25261,33432,1.062,0.062,0.5
21801,25291,14974,1.5,0.5,7.6
21802,25291,25270,1.901,0.319,23.7
21803,25291,25318,1.718,4.3,5.8
21804,25311,25312,1.041,0.04,8.2
21805,25313,25314,1.104,0.613,9.5
21806,25315,35784,1.078,0.114,1.7
21807,25317,12142,1.918,3.737,21.1
21808,25319,7504,2.5,0.5,18.6
21809,25319,25320,2.391,3.364,28.0
21810,25319,31310,6.0,2.0,2.2
21811,25321,20440,4.473,25.934,35.2
21812,25325,25326,1.073,0.068,13.3
21813,25327,25254,1.28,0.215,15.3
21814,25327,31738,1.6,1.8,4.1
21815,25329,1358,1.111,0.111,4.9
21816,25329,25330,1.239,2.148,13.9
21817,25331,25332,1.069,0.064,12.7
21818,25331,27346,2.875,15.554,2.9
21819,25333,25334,1.008,0.008,9.6
21820,25335,25336,1.428,0.246,17.0
21821,25337,25338,1.031,0.03,9.4
21822,25337,16398,4.0,0.0,2.3
21823,25339,25340,1.221,0.174,6.8
21824,25341,25324,1.052,0.05,9.4
21825,25343,35382,1.453,0.249,11.0
21826,25345,23062,1.236,0.184,9.0
21827,25347,25348,1.103,0.511,5.5
21828,25349,31300,1.542,0.251,11.5
21829,25349,28928,1.696,0.261,9.4
21830,25351,25352,1.582,1.142,14.2
21831,25353,25354,1.368,0.472,11.8
21832,25355,25356,2.016,139.305,14.0
21833,25357,25358,1.524,2.919,13.5
21834,25357,7706,1.5,0.5,8.6
21835,25359,28306,3.8,0.2,28.0
21836,25359,25942,4.555,0.942,50.1
21837,25359,31066,5.063,3.29,50.8
21838,25365,24082,2.75,0.25,18.6
21839,25365,25366,3.621,88.731,19.5
21840,25367,25392,2.0,0.667,9.6
21841,25367,38998,3.586,0.547,39.4
21842,25367,5018,12.389,254.13,13.6
21843,25367,25412,23.0,364.0,3.3
21844,25369,41938,1.303,0.212,7.0
21845,25377,25378,1.045,0.043,9.3
21846,25379,25362,2.181,0.739,21.7
21847,25383,25344,1.327,0.224,10.3
21848,25387,25388,1.373,0.416,13.1
21849,25389,25390,5.389,218.875,8.3
21850,25391,25350,1.25,0.25,6.0
21851,25391,25322,4.505,5.122,45.0
21852,25391,25360,11.523,196.162,23.4
21853,25393,6582,3.5,0.368,17.0
21854,25393,39002,3.236,0.944,36.6
21855,25395,25396,1.143,0.143,5.0
21856,25397,4998,1.5,0.5,10.2
21857,25397,25388,2.667,0.267,15.3
21858,25399,25400,1.025,0.024,9.4
21859,25401,10426,3.0,0.0,21.0
21860,25401,26856,3.0,0.0,27.9
21861,25401,25402,1.433,0.811,15.6
21862,25401,31316,5.0,0.0,4.1
21863,25403,26710,2.0,0.0,15.5
21864,25403,25404,1.066,0.061,12.0
21865,25403,10420,56.5,364.5,3.8
21866,25407,39264,2.024,0.048,19.1
21867,25409,17166,2.0,0.0,11.9
21868,25409,25410,1.565,0.519,14.3
21869,25411,25412,1.593,0.246,7.2
21870,25411,25392,3.333,0.69,36.6
21871,25411,38998,4.0,1.0,38.3
21872,25413,24336,1.075,0.109,3.0
21873,25417,25418,1.459,0.272,18.3
21874,25417,14746,5.5,40.5,2.7
21875,25419,30838,1.015,0.015,7.4
21876,25421,27736,1.61,0.255,20.9
21877,25421,31702,4.0,20.5,5.8
21878,25423,5856,1.95,0.05,10.6
21879,25423,25424,1.364,0.255,18.9
21880,25423,5028,9.0,0.0,1.4
21881,25425,25972,1.167,0.152,13.4
21882,25429,25432,1.224,0.176,14.8
21883,25431,39254,1.737,0.316,9.1
21884,25431,17234,3.719,31.241,14.1
21885,25433,25434,1.195,0.182,14.5
21886,25435,25436,1.774,0.181,14.5
21887,25435,26398,2.224,0.177,19.6
21888,25437,11364,1.667,0.333,10.2
21889,25437,25438,1.29,0.213,16.6
21890,25439,5922,2.5,0.5,21.6
21891,25439,25440,3.812,3.125,35.6
21892,25439,26392,2.0,0.0,12.9
21893,25441,25442,2.641,2.341,10.4
21894,25443,25444,4.231,1.498,23.6
21895,25445,25446,1.308,0.217,5.0
21896,25447,25430,2.558,41.663,6.4
21897,25449,32304,1.773,0.685,17.0
21898,25451,25452,55.618,12688.287,14.6
21899,25451,41890,26.494,3638.532,14.8
21900,25453,40442,2.0,0.385,13.3
21901,25453,40440,9.179,1303.522,43.5
21902,25455,25456,2.154,0.141,15.0
21903,25457,25464,3.25,0.205,24.0
21904,25459,25460,1.862,0.123,12.5
21905,25463,14170,2.0,0.0,14.0
21906,25463,35622,2.5,0.5,19.3
21907,25463,35630,2.364,1.1,14.5
21908,25465,25466,1.895,0.099,13.6
21909,25469,25470,2.261,0.202,16.2
21910,25471,25472,1.909,0.182,12.9
21911,25473,25474,1.818,0.156,13.5
21912,25475,25476,2.208,0.172,15.8
21913,25477,25458,2.037,0.114,14.4
21914,25481,15748,5.833,11.441,21.3
21915,25483,32532,1.274,0.229,16.2
21916,25485,25486,1.016,0.016,6.4
21917,25487,25488,1.841,0.2,9.6
21918,25489,146,4.0,0.0,36.9
21919,25489,32754,4.21,0.168,40.9
21920,25495,25496,1.1,0.1,10.8
21921,25497,25498,1.1,0.1,11.1
21922,25499,35612,1.5,0.278,13.0
21923,25501,25502,1.05,0.05,13.4
21924,25505,31240,1.444,0.528,10.4
21925,25507,25508,1.095,0.09,9.5
21926,25513,15472,5.0,0.0,2.4
21927,25515,13034,3.0,0.0,14.2
21928,25519,5118,2.0,0.0,4.7
21929,25521,34170,3.0,0.5,14.4
21930,25521,25532,2.667,0.333,14.3
21931,25521,12852,1.667,0.333,4.7
21932,25523,12854,3.0,0.769,14.3
21933,25525,12978,3.0,0.0,14.2
21934,25527,25518,2.0,0.0,9.0
21935,25531,12852,3.0,0.333,14.3
21936,25533,5128,1.75,0.25,4.7
21937,25535,13036,3.0,0.0,14.4
21938,25541,25526,3.0,0.0,13.2
21939,25545,16814,1.352,0.232,7.4
21940,25551,25544,1.13,0.115,13.2
21941,25553,25554,1.069,0.071,12.0
21942,25553,34954,10.0,0.0,3.1
21943,25555,25556,1.062,0.147,9.4
21944,25557,32930,1.242,0.257,13.4
21945,25561,38948,3.262,51.395,15.9
21946,25563,25564,1.778,0.194,14.5
21947,25565,22484,1.778,0.194,14.5
21948,25569,25904,2.595,5.081,22.7
21949,25569,19814,2.413,6.489,8.4
21950,25573,25574,1.062,0.059,13.4
21951,25573,22556,4.5,24.5,3.5
21952,25577,17384,1.4,0.3,7.1
21953,25577,25578,1.197,0.161,14.0
21954,25581,25582,1.181,0.15,14.0
21955,25583,25584,1.083,0.077,13.5
21956,25585,20392,3.392,0.883,38.2
21957,25585,16688,3.476,2.362,20.5
21958,25587,25588,1.191,0.156,15.8
21959,25591,25592,1.213,0.169,15.2
21960,25597,20840,3.667,21.333,2.6
21961,25601,20894,9.0,0.0,1.9
21962,25603,25604,1.038,0.038,11.8
21963,25605,25606,1.339,0.228,17.0
21964,25607,8606,2.0,0.0,9.4
21965,25609,12204,2.667,0.333,13.8
21966,25609,23102,2.357,0.32,29.7
21967,25617,33416,2.0,0.0,7.8
21968,25621,25622,1.867,0.552,21.4
21969,25623,25624,1.125,0.239,14.4
21970,25623,5204,4.0,0.0,1.4
21971,25625,25626,1.889,0.222,20.6
21972,25625,5520,1.594,5.088,4.0
21973,25625,5206,13.0,0.0,1.4
21974,25627,25628,1.143,0.132,14.5
21975,25631,25422,1.172,0.148,14.9
21976,25633,25634,1.428,0.246,18.4
21977,25635,12942,2.0,0.0,15.3
21978,25635,27764,1.14,0.202,14.5
21979,25639,25640,3.632,0.293,28.1
21980,25639,26416,3.5,4.5,10.2
21981,25641,10080,1.806,0.161,6.4
21982,25641,25636,3.778,9.694,16.4
21983,25647,5234,1.667,0.333,9.0
21984,25647,5228,1.667,0.333,4.7
21985,25655,25656,1.161,0.14,10.5
21986,25657,25658,1.419,0.918,10.4
21987,25661,5264,1.933,0.064,14.4
21988,25663,25664,1.5,0.5,10.5
21989,25665,28178,1.5,0.5,9.1
21990,25665,5246,2.0,0.0,4.7
21991,25669,30376,2.0,0.0,5.8
21992,25671,25672,1.333,0.235,10.4
21993,25673,25674,2.0,0.0,14.6
21994,25675,25676,1.45,0.261,10.4
21995,25677,25678,2.158,0.14,17.1
21996,25677,9518,2.0,0.0,15.8
21997,25679,25680,1.341,0.23,10.4
21998,25681,25682,1.465,0.302,10.6
21999,25683,5242,1.244,0.234,10.0
22000,25683,25662,2.5,0.5,15.3
22001,25685,5572,2.0,0.0,7.8
22002,25685,25686,1.524,0.262,11.4
22003,25689,9520,2.0,2.0,11.8
22004,25689,25690,2.062,0.062,16.6
22005,25689,30258,2.0,0.0,15.7
22006,25691,30270,1.688,0.229,14.4
22007,25693,25694,1.3,0.221,10.4
22008,25695,25696,2.0,0.0,14.3
22009,25695,30392,1.917,0.083,14.2
22010,25697,25698,2.0,0.0,14.4
22011,25701,25702,1.875,0.125,14.2
22012,25705,27708,1.455,0.26,12.1
22013,25709,25710,1.154,0.141,10.2
22014,25711,37558,1.375,0.268,10.2
22015,25711,25712,2.2,0.2,19.3
22016,25719,25720,2.0,0.25,14.8
22017,25721,33166,2.0,0.0,11.0
22018,25721,11994,2.667,0.333,19.8
22019,25723,25724,2.0,0.0,13.0
22020,25725,25726,2.0,0.0,13.1
22021,25727,25706,2.0,0.0,13.8
22022,25729,25730,2.0,0.0,16.4
22023,25733,25734,2.5,0.333,22.8
22024,25737,8148,2.6,0.8,14.5
22025,25743,25744,1.107,0.097,13.4
22026,25751,20980,1.129,0.114,7.8
22027,25753,25754,1.017,0.017,10.5
22028,25755,25756,1.033,0.033,11.4
22029,25761,25762,1.017,0.017,10.6
22030,25763,25764,1.037,0.036,10.4
22031,25769,25770,1.429,0.264,18.7
22032,25771,38902,1.412,0.632,10.0
22033,25775,25776,1.071,0.069,13.7
22034,25779,25780,2.552,0.256,32.6
22035,25783,25784,1.111,0.103,14.0
22036,25793,34950,3.842,208.536,13.2
22037,25803,25804,1.05,0.05,9.2
22038,25805,25806,1.03,0.03,11.4
22039,25813,25814,1.029,0.029,12.5
22040,25815,21784,1.583,0.265,12.2
22041,25815,39034,1.103,0.096,15.0
22042,25817,38918,2.23,245.947,12.8
22043,25819,25820,7.749,381.662,8.7
22044,25821,23954,2.0,0.5,10.2
22045,25821,25822,7.929,25.29,32.7
22046,25823,28744,3.0,0.0,13.3
22047,25823,18484,1.059,0.056,12.9
22048,25825,25826,18.164,2105.261,11.9
22049,25827,25792,2.889,0.819,14.5
22050,25827,25858,4.985,110.614,34.5
22051,25827,28884,13.5,312.5,7.5
22052,25829,25830,1.321,0.22,10.3
22053,25831,25832,1.388,0.254,9.8
22054,25833,25834,1.306,0.214,9.0
22055,25835,3738,2.0,0.0,7.8
22056,25835,25836,1.444,0.279,10.1
22057,25837,25838,2.136,0.256,14.7
22058,25839,25840,1.588,0.303,11.2
22059,25841,25842,1.581,0.29,10.4
22060,25843,25844,1.567,0.277,10.0
22061,25845,24420,2.167,0.333,12.3
22062,25845,28762,3.6,0.386,22.7
22063,25845,24450,3.56,0.427,16.4
22064,25847,25848,11.54,1410.006,12.8
22065,25849,25850,4.615,180.066,20.5
22066,25849,28412,6.333,21.333,3.9
22067,25851,25852,12.559,1835.249,8.0
22068,25853,25854,2.537,192.912,9.6
22069,25855,9896,1.174,0.241,5.2
22070,25855,20664,1.779,1.232,13.0
22071,25857,19678,35.709,8063.525,16.6
22072,25859,25860,4.073,285.304,8.2
22073,25861,19686,2.042,0.558,19.6
22074,25861,2916,10.214,313.49,13.9
22075,25863,25864,1.35,1.09,13.6
22076,25865,25866,1.261,2.12,13.2
22077,25865,29774,5.021,41.804,8.7
22078,25867,25868,1.025,0.035,9.4
22079,25869,25870,1.033,0.032,8.2
22080,25871,34082,1.052,0.049,9.4
22081,25871,34074,4.0,18.0,6.6
22082,25873,25874,1.039,0.202,9.5
22083,25875,25884,1.061,0.541,9.4
22084,25877,25878,1.19,0.22,13.5
22085,25877,10620,3.333,16.333,3.1
22086,25879,25880,1.052,0.049,4.0
22087,25881,25882,1.394,0.412,13.4
22088,25881,9176,9.0,108.4,3.1
22089,25883,25552,1.648,0.567,16.3
22090,25885,29344,2.0,0.0,14.3
22091,25885,25886,2.691,1.259,31.7
22092,25887,25888,1.116,0.26,8.4
22093,25887,30128,2.0,0.0,2.5
22094,25889,24244,3.083,0.265,19.0
22095,25889,25890,2.459,0.615,25.3
22096,25891,25876,1.921,1.043,20.4
22097,25891,31556,6.25,21.583,15.3
22098,25897,25898,3.857,111.174,10.3
22099,25899,25900,4.154,163.433,11.5
22100,25901,25902,1.103,0.093,8.2
22101,25903,1690,2.674,143.692,12.6
22102,25905,25916,1.128,0.115,13.8
22103,25909,13750,2.667,0.333,22.3
22104,25909,25910,2.355,0.237,28.1
22105,25911,25912,1.161,0.14,13.0
22106,25923,418,2.0,0.0,7.8
22107,25929,25930,1.167,0.143,13.6
22108,25931,25906,1.028,0.028,13.2
22109,25933,25934,1.483,0.251,22.5
22110,25937,25938,1.1,0.1,5.3
22111,25943,40216,1.842,0.314,9.0
22112,25943,35532,3.678,1.257,36.5
22113,25943,12016,5.278,0.918,39.3
22114,25943,35536,4.0,0.0,35.8
22115,25947,25952,3.0,2.0,20.0
22116,25953,5494,4.0,0.0,15.0
22117,25957,5490,2.0,0.0,14.6
22118,25961,5498,1.333,0.333,4.7
22119,25963,39954,4.0,0.0,14.9
22120,25969,9258,4.0,0.0,21.6
22121,25971,5508,1.333,0.333,4.7
22122,25973,25974,2.091,0.091,14.5
22123,25975,25976,1.2,0.2,6.9
22124,25975,26264,2.0,0.0,14.8
22125,25979,25996,1.5,0.333,10.2
22126,25981,25982,2.357,0.709,14.4
22127,25983,5206,2.364,0.655,9.0
22128,25983,38082,3.0,0.0,16.1
22129,25985,25986,2.017,0.239,14.1
22130,25987,39212,1.404,0.352,9.1
22131,25987,17210,2.286,0.753,14.2
22132,25987,5524,2.0,0.0,4.7
22133,25991,25992,1.875,0.125,14.5
22134,25993,25994,2.143,0.143,14.7
22135,25993,26272,2.0,0.0,14.6
22136,25995,25996,2.0,0.0,14.6
22137,25997,25998,2.0,0.2,14.9
22138,25999,38006,1.333,0.242,11.1
22139,25999,26000,2.0,0.0,16.6
22140,26003,26004,1.391,0.34,17.7
22141,26005,26006,1.083,0.08,16.1
22142,26007,26008,1.15,0.134,15.5
22143,26007,26010,1.5,1.0,4.3
22144,26009,26288,1.375,0.268,7.3
22145,26009,15358,1.133,0.124,15.5
22146,26011,26012,2.0,0.0,15.8
22147,26019,5556,1.333,0.333,4.7
22148,26025,5562,2.0,2.0,4.7
22149,26029,5238,2.5,0.5,12.8
22150,26031,5568,2.0,0.0,4.7
22151,26045,5582,2.0,0.0,4.7
22152,26049,5602,1.5,0.5,4.7
22153,26057,5592,1.667,0.267,4.7
22154,26059,5594,2.0,0.0,4.7
22155,26063,26064,3.0,0.0,14.4
22156,26065,5600,2.0,0.0,4.7
22157,26069,26070,2.667,0.333,15.1
22158,26069,8534,2.0,0.0,12.3
22159,26071,26542,2.333,0.333,18.8
22160,26073,21212,4.0,0.0,33.0
22161,26073,38240,2.368,1.181,32.9
22162,26073,24864,3.667,14.333,8.1
22163,26075,26076,1.153,0.19,9.4
22164,26077,26078,1.269,0.379,9.7
22165,26079,26080,1.404,0.428,9.4
22166,26081,26082,1.348,0.389,9.5
22167,26083,39160,1.209,0.214,9.5
22168,26091,26092,3.0,0.0,14.4
22169,26093,26094,3.0,0.0,14.5
22170,26095,27112,2.467,0.267,14.7
22171,26103,26104,1.027,0.027,5.1
22172,26105,26106,1.534,0.338,10.4
22173,26107,26108,1.622,0.392,10.4
22174,26109,26110,1.688,0.412,10.4
22175,26111,26112,1.684,0.363,10.4
22176,26113,16064,4.5,0.5,20.8
22177,26113,26114,4.98,1.593,31.1
22178,26115,32804,1.618,0.476,6.5
22179,26115,15974,5.8,115.2,3.8
22180,26127,5664,2.0,0.0,4.7
22181,26131,5668,2.0,0.0,4.7
22182,26133,5670,2.0,0.0,4.7
22183,26139,5662,1.286,0.238,4.7
22184,26143,26144,1.333,0.267,16.4
22185,26145,26146,1.5,0.333,17.5
22186,26147,5212,2.273,0.418,14.8
22187,26161,5692,1.462,0.269,4.7
22188,26163,29084,1.375,0.268,9.6
22189,26163,8468,2.667,0.333,15.8
22190,26165,31770,4.5,0.5,24.3
22191,26165,10814,2.0,0.0,4.7
22192,26175,5704,2.0,0.0,4.7
22193,26177,5706,1.5,0.5,4.7
22194,26187,5716,2.0,0.0,4.7
22195,26189,5718,1.714,0.238,4.7
22196,26195,35958,1.712,0.278,13.6
22197,26195,38812,2.258,0.656,24.4
22198,26197,35274,2.152,0.176,19.9
22199,26199,38922,3.122,191.985,10.6
22200,26201,35274,1.766,0.182,22.4
22201,26203,36876,2.632,0.773,24.5
22202,26205,26206,1.714,0.238,14.5
22203,26207,26218,2.143,0.143,14.4
22204,26209,26210,2.0,0.0,14.6
22205,26211,26212,2.2,0.2,14.6
22206,26213,26214,2.333,0.267,15.3
22207,26215,26216,1.571,0.418,10.4
22208,26219,26220,1.429,0.286,10.4
22209,26221,26222,1.286,0.238,9.0
22210,26223,26224,2.143,0.476,13.2
22211,26225,26226,1.143,0.143,10.4
22212,26227,26228,2.2,0.2,14.4
22213,26229,26230,1.4,0.3,10.5
22214,26231,26232,1.6,0.3,10.5
22215,26233,26208,1.5,0.3,10.6
22216,26237,5762,1.667,0.333,4.7
22217,26239,5764,1.8,0.7,4.7
22218,26241,5766,1.667,0.333,4.7
22219,26243,5768,1.25,0.214,4.7
22220,26245,5770,1.4,0.3,4.7
22221,26247,5772,2.0,0.0,4.7
22222,26249,26250,2.0,0.0,14.6
22223,26249,16272,2.0,0.0,14.3
22224,26251,26252,3.5,0.5,31.2
22225,26253,26254,2.0,0.0,14.4
22226,26253,5778,2.0,0.0,4.7
22227,26255,26146,2.0,0.0,18.1
22228,26257,26258,2.0,0.0,14.2
22229,26259,26404,2.0,0.0,15.0
22230,26259,25432,2.0,0.0,14.3
22231,26263,5510,3.0,0.0,14.6
22232,26265,26266,1.333,0.333,11.8
22233,26271,25978,2.0,0.0,14.2
22234,26273,26004,2.0,0.0,15.0
22235,26275,26276,2.429,0.286,18.9
22236,26277,26278,2.0,0.0,15.1
22237,26279,26280,1.5,0.333,10.4
22238,26287,5820,2.0,0.0,21.5
22239,26289,26290,1.667,0.267,13.8
22240,26291,26294,1.667,0.267,10.4
22241,26293,33716,3.8,1.2,28.2
22242,26295,5812,2.5,0.5,15.5
22243,26301,26302,2.0,0.0,14.2
22244,26307,26308,2.2,0.2,16.8
22245,26309,26292,2.0,0.5,14.2
22246,26311,5846,1.333,0.333,5.6
22247,26313,16188,2.0,0.0,13.1
22248,26319,5798,3.0,0.0,18.2
22249,26321,5836,2.0,0.0,11.9
22250,26321,26312,2.0,0.0,17.3
22251,26323,26324,1.162,0.14,13.7
22252,26325,26326,1.067,0.067,5.7
22253,26327,16208,2.0,0.0,9.1
22254,26327,26328,2.4,0.593,18.5
22255,26327,38012,2.636,0.455,17.4
22256,26329,26330,1.086,0.081,13.9
22257,26329,17220,9.75,306.25,3.9
22258,26331,5028,2.235,0.367,18.6
22259,26333,26334,1.021,0.021,13.6
22260,26337,36422,3.138,5.409,7.7
22261,26337,26338,1.469,1.418,9.1
22262,26339,29756,1.013,0.013,13.6
22263,26343,5872,3.606,0.897,37.7
22264,26343,34060,5.0,1.455,46.3
22265,26345,34060,1.333,0.333,3.5
22266,26345,24512,4.702,1.083,45.6
22267,26345,5870,4.255,68.394,7.2
22268,26351,26352,1.556,0.256,7.2
22269,26351,5878,1.5,0.5,4.7
22270,26353,26354,1.739,0.202,8.6
22271,26355,5882,1.667,0.333,4.7
22272,26357,39294,2.5,0.5,12.1
22273,26363,26322,1.135,0.12,5.6
22274,26363,26364,1.107,0.097,13.5
22275,26367,26368,1.19,0.187,13.8
22276,26369,5944,2.0,0.0,13.4
22277,26369,26370,1.949,0.449,22.3
22278,26371,26372,1.36,0.484,14.2
22279,26373,26374,1.939,0.673,19.5
22280,26375,26376,1.476,0.736,13.4
22281,26377,26378,1.571,2.301,13.4
22282,26379,26380,2.708,72.98,19.6
22283,26381,39252,2.064,0.609,18.6
22284,26381,17232,4.414,100.843,6.2
22285,26387,35986,4.857,0.81,22.4
22286,26387,26382,4.0,0.0,22.7
22287,26389,26254,2.0,0.0,9.1
22288,26391,25440,4.667,9.333,16.2
22289,26391,26392,2.6,0.489,21.0
22290,26393,26394,1.833,0.319,13.6
22291,26395,26376,2.294,1.346,9.3
22292,26395,5906,3.0,0.0,14.2
22293,26397,26394,3.0,0.0,13.7
22294,26399,26396,1.4,0.267,5.4
22295,26399,26400,2.023,0.116,14.5
22296,26401,26374,2.974,2.08,19.2
22297,26405,26144,2.0,0.0,16.8
22298,26411,26370,2.0,0.0,22.2
22299,26417,26418,1.477,0.348,10.4
22300,26419,40860,2.0,0.0,7.5
22301,26419,26422,1.605,0.435,10.4
22302,26421,15514,2.7,0.853,16.8
22303,26423,39850,1.5,0.333,8.0
22304,26423,26424,1.472,0.371,10.6
22305,26425,26426,2.417,0.479,16.2
22306,26427,26428,2.778,2.718,13.9
22307,26429,26430,1.4,0.25,9.6
22308,26431,26432,14.929,1665.772,10.5
22309,26433,26434,2.5,25.391,5.5
22310,26435,26420,2.56,0.34,15.0
22311,26439,5970,1.333,0.333,4.7
22312,26443,21528,1.5,0.5,7.7
22313,26443,1666,2.8,1.7,13.1
22314,26445,5976,1.6,0.3,4.7
22315,26447,26448,2.714,0.304,20.7
22316,26449,17360,1.581,0.247,9.0
22317,26449,26450,2.0,0.0,14.4
22318,26451,26452,1.875,0.125,14.4
22319,26453,38234,2.2,0.2,14.5
22320,26453,11970,2.0,0.0,14.3
22321,26455,26456,1.946,0.052,14.4
22322,26461,26478,1.5,0.3,9.0
22323,26463,26464,1.75,0.214,14.4
22324,26465,26466,1.833,0.167,14.4
22325,26467,26468,2.0,0.0,14.4
22326,26469,26470,1.25,0.25,11.0
22327,26471,35712,2.25,0.25,14.4
22328,26477,26458,1.5,0.333,14.2
22329,26481,7792,1.875,0.125,9.7
22330,26481,1670,2.429,0.619,16.4
22331,26481,28376,2.5,0.5,14.9
22332,26485,26480,2.167,0.567,9.0
22333,26487,6016,2.0,0.0,4.7
22334,26491,7784,2.0,0.0,8.5
22335,26493,26494,3.0,0.0,14.4
22336,26495,26580,4.0,0.0,17.1
22337,26499,6062,3.0,0.0,14.3
22338,26501,6060,3.0,0.0,14.2
22339,26503,6044,2.0,0.0,14.2
22340,26505,6054,2.8,0.7,14.2
22341,26513,26514,3.132,0.604,14.4
22342,26515,26524,3.114,0.339,14.4
22343,26519,26504,1.5,0.5,9.1
22344,26523,6042,2.5,0.5,14.1
22345,26525,6034,2.0,0.182,9.0
22346,26525,26526,3.158,0.251,14.4
22347,26525,6054,2.0,0.0,4.7
22348,26527,6036,2.0,0.0,9.0
22349,26527,26528,3.25,0.214,14.4
22350,26527,6056,1.833,0.167,4.7
22351,26529,26508,2.0,0.0,9.0
22352,26529,26530,3.167,0.167,14.4
22353,26529,6058,2.0,0.0,4.7
22354,26531,26532,3.167,0.567,14.4
22355,26533,6028,1.75,0.25,9.0
22356,26533,26534,3.5,0.5,14.4
22357,26535,26498,2.0,0.0,9.1
22358,26537,26500,2.0,0.0,9.2
22359,26539,6038,3.0,0.0,12.6
22360,26541,32024,1.053,0.051,4.8
22361,26541,3354,2.941,0.62,18.0
22362,26545,26546,1.089,0.081,13.9
22363,26547,26548,1.004,0.004,8.0
22364,26547,36606,8.0,39.0,1.4
22365,26549,30816,1.035,0.033,9.3
22366,26551,39298,2.75,0.25,14.2
22367,26555,26556,3.0,0.0,14.4
22368,26555,6084,1.333,0.333,4.7
22369,26557,26558,2.5,0.5,14.4
22370,26559,6088,1.333,0.333,4.7
22371,26561,6090,2.0,0.0,4.7
22372,26563,26756,2.0,0.0,8.9
22373,26569,26570,2.0,0.0,14.2
22374,26571,5350,1.5,0.5,9.2
22375,26571,25770,2.2,0.2,17.7
22376,26575,26576,2.0,0.0,10.2
22377,26575,6098,2.0,0.0,4.7
22378,26579,21942,1.4,0.3,5.3
22379,26583,39272,4.5,0.5,20.5
22380,26587,5202,2.133,0.41,15.0
22381,26587,25622,2.0,0.0,14.3
22382,26589,25444,4.429,0.725,20.4
22383,26591,26592,1.935,0.196,14.0
22384,26593,26594,2.071,0.217,14.6
22385,26595,26596,1.633,0.309,10.7
22386,26605,26626,2.0,0.0,9.3
22387,26605,26606,2.0,0.0,14.6
22388,26607,26630,2.0,0.0,13.7
22389,26607,26608,2.0,0.0,17.9
22390,26609,39256,3.25,4.25,14.2
22391,26613,6132,2.0,0.0,4.7
22392,26615,26616,1.5,0.5,10.4
22393,26617,26618,2.0,0.0,15.5
22394,26621,3352,1.057,0.055,5.4
22395,26621,26622,1.5,0.333,10.6
22396,26625,26626,2.25,1.583,14.6
22397,26627,41246,22.25,3737.933,13.9
22398,26629,26630,2.5,0.5,17.3
22399,26631,18266,2.0,0.0,9.1
22400,26631,40456,2.0,0.0,14.3
22401,26643,26644,1.875,0.411,13.8
22402,26643,6162,2.0,0.0,4.7
22403,26645,26646,2.286,0.238,18.1
22404,26645,6164,2.0,0.0,4.7
22405,26647,36574,2.5,0.5,10.4
22406,26647,26648,2.25,0.25,20.0
22407,26647,14976,3.0,0.0,19.8
22408,26649,26650,2.0,0.0,15.3
22409,26649,6518,2.0,0.0,15.1
22410,26649,6168,1.5,0.5,4.7
22411,26655,26656,2.0,0.0,14.4
22412,26659,6178,1.5,0.5,4.7
22413,26665,6174,1.5,0.333,9.8
22414,26667,39000,2.0,0.0,7.0
22415,26669,22822,2.308,0.231,12.2
22416,26671,26684,1.857,0.143,7.9
22417,26673,20560,1.5,0.5,9.0
22418,26673,20648,3.0,0.667,14.6
22419,26675,6186,1.667,0.333,4.7
22420,26679,26680,1.081,0.075,13.1
22421,26681,20462,1.627,0.247,20.6
22422,26681,21504,21.25,560.25,5.6
22423,26683,26684,1.6,0.3,8.0
22424,26685,26686,1.917,0.265,8.2
22425,26687,17874,3.9,0.095,19.6
22426,26687,33322,2.714,0.22,13.8
22427,26689,10896,3.0,0.0,13.7
22428,26697,6198,2.0,0.0,4.7
22429,26699,26700,3.0,0.0,13.9
22430,26701,6202,2.0,0.0,4.7
22431,26703,6344,3.6,0.8,14.4
22432,26705,29054,4.0,0.0,20.3
22433,26707,6210,4.333,0.667,14.4
22434,26711,26702,1.5,0.5,11.0
22435,26711,6342,2.824,0.154,14.4
22436,26711,26712,3.0,0.0,14.8
22437,26713,38764,3.5,0.5,14.0
22438,26721,26706,3.5,0.5,14.4
22439,26723,26724,3.0,0.0,14.4
22440,26723,7414,1.75,0.25,3.8
22441,26729,26730,2.0,0.0,6.8
22442,26731,26732,2.0,0.0,5.0
22443,26733,27862,4.714,0.571,9.3
22444,26735,24870,2.0,0.0,10.5
22445,26735,26736,3.0,0.0,14.6
22446,26741,6246,2.0,0.0,10.0
22447,26741,6238,2.0,0.0,4.7
22448,26743,6240,1.5,0.5,4.7
22449,26751,4554,3.0,0.0,14.2
22450,26755,6252,1.5,0.5,4.7
22451,26757,26566,2.0,0.0,9.0
22452,26761,6256,1.5,0.5,4.7
22453,26763,26764,3.0,0.0,5.1
22454,26765,12134,2.0,0.0,7.6
22455,26767,12010,7.5,60.5,14.4
22456,26773,6268,1.333,0.267,4.8
22457,26781,6274,2.0,0.0,4.7
22458,26785,7966,2.0,0.0,12.2
22459,26789,6384,1.6,0.3,9.1
22460,26789,26790,2.9,0.1,14.4
22461,26791,26890,2.0,0.0,9.0
22462,26791,6376,3.333,0.333,14.2
22463,26791,6284,1.4,0.3,4.7
22464,26795,26796,2.0,0.0,8.9
22465,26795,6288,1.75,0.25,4.7
22466,26801,6294,1.333,0.333,4.7
22467,26817,26822,2.0,0.0,9.0
22468,26817,6308,4.0,0.0,14.2
22469,26817,6304,1.2,0.2,4.7
22470,26821,6304,2.0,0.0,9.2
22471,26825,26802,7.5,0.5,36.8
22472,26825,28062,6.0,0.0,34.9
22473,26831,6318,1.5,0.5,4.7
22474,26833,6320,2.0,0.0,4.7
22475,26835,6322,1.5,0.5,4.7
22476,26857,26858,1.8,0.2,8.8
22477,26859,6346,1.25,0.25,4.7
22478,26863,6350,2.0,0.0,4.7
22479,26873,6360,1.5,0.333,4.7
22480,26879,25766,2.0,0.0,8.8
22481,26885,6372,1.5,0.5,4.7
22482,26889,6284,1.833,0.167,9.1
22483,26895,6378,1.6,0.8,9.0
22484,26897,39276,2.8,0.2,14.4
22485,26899,6282,2.0,0.0,14.2
22486,26909,6394,1.333,0.333,4.7
22487,26915,6400,2.0,0.0,4.7
22488,26917,26914,2.0,0.0,9.0
22489,26919,6404,1.5,0.5,4.7
22490,26921,26922,1.68,0.227,7.6
22491,26921,6406,2.0,0.0,4.7
22492,26923,7268,3.0,2.0,14.6
22493,26923,27824,2.538,0.258,13.4
22494,26933,26934,2.0,0.0,14.7
22495,26933,26936,2.0,0.0,14.7
22496,26935,6420,2.0,0.0,4.7
22497,26937,26938,2.0,0.0,14.6
22498,26939,26940,2.0,0.0,14.6
22499,26941,26942,1.5,0.5,10.2
22500,26945,6430,2.0,0.0,4.7
22501,26949,26950,2.0,0.0,14.7
22502,26951,6422,2.0,0.0,14.6
22503,26967,6452,2.0,0.0,4.7
22504,26969,6454,1.667,0.333,4.7
22505,26971,6456,1.8,0.2,4.7
22506,26985,26986,1.058,0.055,16.4
22507,26985,10838,10.667,90.333,4.6
22508,26995,26996,1.8,0.2,27.4
22509,26995,36092,2.0,0.0,9.8
22510,26999,36992,1.1,0.1,13.9
22511,27001,27002,2.0,0.0,14.9
22512,27003,6492,2.0,0.0,12.5
22513,27009,38854,2.0,0.0,14.3
22514,27013,27014,2.0,0.0,14.2
22515,27015,27026,2.0,0.0,14.6
22516,27017,27018,1.5,0.5,10.8
22517,27019,15596,2.0,0.0,10.0
22518,27019,21816,2.5,0.5,14.5
22519,27025,6488,2.0,0.0,16.5
22520,27027,27028,1.75,0.214,13.5
22521,27029,1938,2.0,0.0,9.2
22522,27029,27030,2.0,0.0,16.1
22523,27029,21818,2.333,0.267,14.7
22524,27033,27034,2.0,0.0,15.4
22525,27035,27036,2.0,0.0,14.1
22526,27035,6520,1.333,0.333,4.7
22527,27037,27166,2.0,0.0,14.7
22528,27041,16104,5.5,0.5,29.1
22529,27045,7090,1.5,0.5,11.3
22530,27047,27670,3.0,0.0,16.2
22531,27051,40330,1.333,0.333,8.7
22532,27053,34716,1.333,0.333,8.1
22533,27055,27072,1.5,0.5,9.0
22534,27061,27062,1.28,0.21,9.8
22535,27063,39722,2.0,0.0,7.5
22536,27063,27064,1.583,0.265,15.2
22537,27063,32644,2.273,0.818,14.0
22538,27065,39716,2.0,0.0,7.7
22539,27073,13422,1.333,0.333,7.8
22540,27075,11642,1.5,0.5,9.6
22541,27093,27094,1.2,0.166,14.6
22542,27095,39002,3.5,0.5,20.0
22543,27095,21364,5.571,1.055,31.7
22544,27099,27102,3.0,0.0,14.3
22545,27101,27102,3.0,0.0,14.4
22546,27103,4146,1.571,0.286,9.1
22547,27105,27110,1.6,0.8,9.0
22548,27105,6606,2.0,0.0,13.0
22549,27107,6594,2.0,0.0,4.7
22550,27113,27114,1.136,0.123,8.2
22551,27115,27116,1.048,0.048,8.2
22552,27117,27118,1.682,0.227,11.4
22553,27119,27110,1.72,0.21,12.8
22554,27125,6612,2.0,0.0,4.7
22555,27139,6626,2.0,0.0,4.7
22556,27141,6628,1.5,0.5,4.7
22557,27145,6632,2.0,0.0,4.7
22558,27149,27150,1.966,0.206,14.5
22559,27151,36992,1.55,0.252,9.1
22560,27151,6484,2.0,0.0,13.8
22561,27155,8334,3.0,0.0,20.8
22562,27157,27158,2.0,0.0,10.3
22563,27163,27164,2.0,0.0,14.8
22564,27165,27166,2.0,0.0,14.4
22565,27167,27168,1.25,0.25,10.4
22566,27169,7102,2.0,0.0,14.4
22567,27169,6656,2.0,0.0,4.7
22568,27173,26212,2.0,0.0,14.4
22569,27179,27180,2.0,0.0,11.0
22570,27181,11466,2.0,0.0,14.4
22571,27187,6678,2.0,0.0,14.5
22572,27191,6682,2.0,0.0,9.2
22573,27193,27194,2.0,0.0,14.6
22574,27195,22272,1.667,0.333,13.7
22575,27203,27206,1.195,0.159,9.0
22576,27203,27204,1.56,0.251,14.4
22577,27205,32530,1.198,0.16,5.2
22578,27205,32730,1.381,0.247,13.6
22579,27211,6704,2.0,0.0,14.2
22580,27213,27214,3.0,0.5,14.4
22581,27215,34462,1.952,0.048,11.0
22582,27225,27290,3.0,0.0,14.2
22583,27227,6710,3.0,0.0,14.2
22584,27229,6708,2.0,0.0,9.0
22585,27229,27230,2.0,0.0,14.2
22586,27229,6710,2.0,0.0,4.7
22587,27237,27238,2.5,0.5,14.4
22588,27237,6718,2.0,0.0,4.7
22589,27239,27240,3.0,0.0,15.0
22590,27239,6720,2.0,0.0,4.7
22591,27245,27246,4.0,0.0,14.6
22592,27251,6732,1.5,0.5,4.7
22593,27253,6734,2.0,0.0,4.7
22594,27257,27258,3.0,0.0,14.5
22595,27259,27260,4.0,0.0,17.7
22596,27267,6726,3.0,0.0,14.7
22597,27269,27270,3.167,0.167,14.6
22598,27269,27228,2.8,0.2,14.2
22599,27269,6750,1.833,0.167,4.7
22600,27271,27244,2.0,0.0,9.1
22601,27271,27272,3.0,0.0,14.4
22602,27271,6752,2.0,0.0,4.7
22603,27273,27274,3.0,0.0,14.4
22604,27275,27278,2.0,0.0,9.0
22605,27275,6756,1.333,0.333,4.7
22606,27277,6756,2.0,0.0,9.0
22607,27285,6734,1.5,0.5,9.0
22608,27287,27288,3.0,0.0,14.4
22609,27289,27226,1.5,0.5,9.0
22610,27291,6752,2.0,0.0,9.0
22611,27293,27250,2.0,0.0,11.3
22612,27293,27294,3.143,0.143,15.2
22613,27295,27256,3.0,0.0,12.6
22614,27295,27296,3.333,0.267,15.5
22615,27295,6776,1.5,0.5,4.7
22616,27297,27298,4.0,0.0,22.3
22617,27297,27236,5.5,0.333,25.9
22618,27299,27300,3.0,0.0,14.4
22619,27301,6782,2.0,0.0,4.7
22620,27303,6784,2.0,0.0,4.7
22621,27305,27306,2.0,0.2,15.6
22622,27305,27820,2.0,0.0,16.4
22623,27307,27310,1.25,0.25,6.0
22624,27307,27308,1.941,0.059,14.8
22625,27309,27826,1.6,0.3,7.8
22626,27309,7270,1.091,0.091,11.1
22627,27315,6796,2.0,0.0,4.7
22628,27317,27318,2.333,0.333,14.6
22629,27319,27320,2.667,0.667,16.8
22630,27319,28836,2.5,0.278,16.6
22631,27321,38568,6.333,6.5,15.2
22632,27323,27324,1.083,0.08,5.0
22633,27325,27326,1.179,0.152,6.0
22634,27327,27332,1.471,0.265,9.1
22635,27327,27328,2.071,0.379,14.3
22636,27329,27330,1.4,0.543,5.0
22637,27331,30670,28.083,4924.083,12.8
22638,27333,9890,1.667,0.238,9.0
22639,27333,30668,2.0,0.0,14.2
22640,27333,6814,2.0,0.0,4.7
22641,27339,27340,1.333,0.267,10.0
22642,27341,27342,1.5,0.3,10.7
22643,27349,27356,1.167,0.152,9.2
22644,27351,27352,1.667,0.333,10.4
22645,27353,27354,1.667,0.333,10.4
22646,27357,27358,1.545,0.273,12.8
22647,27359,27360,2.273,0.218,16.8
22648,27361,27362,1.727,0.218,11.8
22649,27363,27364,1.091,0.091,8.2
22650,27367,27368,1.333,0.333,13.0
22651,27367,36250,1.5,1.0,3.7
22652,27373,27374,1.007,0.007,7.6
22653,27379,17134,2.754,0.265,27.5
22654,27381,6856,1.25,0.25,4.7
22655,27387,13080,4.0,0.0,14.7
22656,27389,27390,8.462,709.565,10.6
22657,27391,19900,5.917,3.162,51.2
22658,27391,336,6.167,0.967,44.4
22659,27393,27394,1.303,0.307,6.9
22660,27393,6862,4.889,43.111,2.4
22661,27395,32100,1.462,0.258,12.2
22662,27395,22656,1.517,0.39,12.5
22663,27395,6864,6.0,0.0,1.4
22664,27413,27428,4.0,0.0,22.2
22665,27413,27564,2.5,0.5,14.4
22666,27417,27418,2.5,0.5,13.6
22667,27421,6986,2.5,0.5,9.3
22668,27421,27422,3.0,0.0,14.7
22669,27425,27426,3.0,0.0,13.3
22670,27427,27430,2.667,0.333,14.8
22671,27429,27438,3.0,0.0,14.7
22672,27431,27432,1.333,0.333,5.3
22673,27433,27434,3.333,1.333,15.2
22674,27435,27436,3.0,0.667,14.4
22675,27437,16282,2.25,0.25,14.6
22676,27439,27440,2.0,0.0,8.0
22677,27441,27442,2.0,0.0,11.6
22678,27443,27444,3.0,0.0,14.4
22679,27453,27454,1.5,0.5,5.0
22680,27455,27480,3.0,0.0,14.2
22681,27463,6980,4.0,0.0,14.2
22682,27473,27482,4.0,0.0,14.2
22683,27481,27482,3.5,0.5,14.4
22684,27483,27484,3.333,0.333,14.4
22685,27487,8804,4.2,0.7,18.6
22686,27489,6958,2.0,0.0,4.7
22687,27497,27488,2.5,0.5,9.2
22688,27505,27506,3.0,0.0,14.5
22689,27507,27508,3.0,0.0,12.0
22690,27507,6970,3.0,0.0,13.4
22691,27515,27516,3.0,0.0,14.4
22692,27521,27522,2.0,0.0,14.3
22693,27523,27524,1.667,0.267,14.1
22694,27525,7122,1.037,0.037,8.9
22695,27527,27528,3.143,0.143,14.6
22696,27529,16500,4.0,0.0,18.7
22697,27529,15752,38.571,374.286,22.2
22698,27531,27534,1.375,0.268,10.4
22699,27535,27536,1.6,0.8,16.7
22700,27535,7004,23.0,0.0,1.4
22701,27541,30452,2.0,0.0,9.1
22702,27541,27542,1.667,0.333,14.4
22703,27553,26332,1.167,0.167,15.5
22704,27565,7038,1.5,0.5,4.7
22705,27567,27584,3.0,0.0,14.2
22706,27569,7042,3.0,0.0,13.2
22707,27571,7046,2.0,0.0,12.4
22708,27585,7052,2.0,0.0,4.7
22709,27587,27588,1.124,0.288,9.4
22710,27587,28286,1.3,0.233,8.1
22711,27589,27590,1.603,1.136,9.2
22712,27591,41936,2.148,0.499,11.1
22713,27593,25322,1.636,0.234,8.4
22714,27593,25360,3.525,3.186,38.5
22715,27593,5000,32.844,766.007,25.0
22716,27593,25350,15.0,0.0,25.5
22717,27597,7056,2.0,0.0,4.7
22718,27611,27612,1.022,0.022,10.6
22719,27613,27614,1.024,0.024,10.9
22720,27615,25620,1.133,0.124,14.4
22721,27615,35572,1.931,16.995,4.1
22722,27615,7074,5.0,0.0,1.4
22723,27617,19190,2.0,0.0,7.9
22724,27619,27620,1.222,0.179,15.4
22725,27619,28172,1.222,0.444,4.1
22726,27621,27622,1.654,0.715,11.4
22727,27623,34442,3.294,0.471,20.3
22728,27623,14218,2.727,0.418,18.3
22729,27625,31270,2.302,0.406,14.5
22730,27625,35820,1.333,2.0,4.2
22731,27631,6288,2.667,0.333,14.0
22732,27641,27642,2.0,0.0,17.8
22733,27641,6164,2.0,0.0,15.3
22734,27643,25458,2.0,0.0,14.9
22735,27651,27652,1.8,0.274,14.2
22736,27655,27656,1.667,0.333,8.4
22737,27659,27522,2.0,0.0,14.2
22738,27661,27662,2.0,0.0,15.7
22739,27669,26214,2.333,1.0,14.7
22740,27671,37900,1.5,0.5,5.2
22741,27673,40970,2.0,0.0,15.4
22742,27675,27676,2.0,0.0,17.5
22743,27689,27702,2.333,0.267,32.6
22744,27691,27692,1.5,0.5,21.8
22745,27693,27694,2.0,0.0,26.7
22746,27693,15168,2.0,0.0,8.4
22747,27701,38090,2.0,0.0,21.5
22748,27705,27706,3.0,0.667,38.1
22749,27707,27690,2.0,0.0,32.7
22750,27711,19742,2.0,0.0,7.7
22751,27711,27712,1.56,0.25,10.6
22752,27713,27714,1.473,0.253,10.4
22753,27715,27716,1.347,0.23,10.5
22754,27715,39674,2.0,0.0,3.4
22755,27717,27718,1.408,0.274,10.6
22756,27719,27720,1.443,0.25,10.3
22757,27721,22726,3.5,0.3,20.5
22758,27721,27722,3.45,0.261,25.8
22759,27721,22716,3.163,0.282,23.0
22760,27723,22724,1.333,0.333,7.9
22761,27723,27724,1.529,0.265,10.4
22762,27725,22730,1.882,0.11,10.8
22763,27737,27738,1.184,0.156,14.9
22764,27739,16088,2.0,0.0,8.3
22765,27739,27740,2.057,0.384,24.8
22766,27739,37878,5.0,48.0,4.0
22767,27741,27742,1.252,0.592,11.1
22768,27741,4636,6.25,14.214,2.0
22769,27743,27744,1.551,0.615,13.6
22770,27745,27746,1.011,0.011,9.6
22771,27747,27748,1.074,0.068,13.8
22772,27753,30824,1.058,0.171,8.7
22773,27755,27756,2.457,49.602,14.1
22774,27757,29728,5.135,1.593,33.4
22775,27757,25632,4.863,1.085,56.0
22776,27757,22182,6.75,2.4,45.4
22777,27763,26048,2.0,0.0,8.7
22778,27763,26542,1.702,0.219,21.8
22779,27765,39800,30.0,0.0,2.8
22780,27769,13070,2.0,0.0,14.7
22781,27769,27770,1.173,0.151,14.8
22782,27771,27772,1.053,0.05,12.6
22783,27771,13732,6.5,12.5,4.1
22784,27773,27774,1.531,0.319,18.6
22785,27773,34354,9.0,135.0,3.0
22786,27775,27776,1.139,0.167,9.6
22787,27777,35546,1.714,0.238,8.6
22788,27777,32758,1.655,0.636,15.1
22789,27781,27782,1.198,0.16,14.6
22790,27783,27784,1.183,0.15,14.3
22791,27787,27792,1.05,0.106,8.2
22792,27789,37470,2.929,0.733,25.5
22793,27791,16350,1.321,0.221,5.9
22794,27791,25420,2.325,0.816,20.8
22795,27791,17036,5.167,39.794,5.2
22796,27791,7236,2.0,0.0,1.4
22797,27793,27778,3.056,0.856,34.7
22798,27793,35068,6.089,0.81,38.1
22799,27795,31758,1.042,0.127,3.7
22800,27797,35012,2.8,0.2,15.8
22801,27797,27798,1.065,0.078,9.9
22802,27799,27758,2.615,0.813,22.3
22803,27799,34678,3.246,0.522,19.7
22804,27801,35442,2.873,0.306,13.8
22805,27801,28686,3.522,0.67,36.3
22806,27801,9938,9.188,193.896,6.2
22807,27803,27804,1.247,0.213,5.3
22808,27805,27806,1.492,0.545,9.4
22809,27807,27808,1.69,0.855,13.3
22810,27809,27810,3.756,90.884,21.8
22811,27809,27304,55.0,0.0,4.8
22812,27811,27812,2.563,245.009,9.9
22813,27813,27814,6.688,928.608,14.1
22814,27815,27816,4.051,628.485,3.9
22815,27817,8238,2.0,0.0,11.2
22816,27817,21560,54.408,9377.312,38.3
22817,27817,39968,38.0,128.0,2.1
22818,27821,27844,3.0,0.0,20.3
22819,27825,6790,1.12,0.11,8.6
22820,27831,8136,1.463,0.255,9.1
22821,27831,27832,2.0,0.0,14.5
22822,27833,27834,2.0,0.0,14.4
22823,27833,10120,2.0,0.0,4.1
22824,27835,27836,2.0,0.0,14.5
22825,27837,27838,2.0,0.0,14.3
22826,27843,7288,1.2,0.2,4.7
22827,27845,27846,2.0,0.0,14.6
22828,27859,7304,2.0,0.0,4.7
22829,27863,36568,5.143,0.143,22.2
22830,27865,27866,1.444,0.261,10.4
22831,27867,27874,1.895,0.211,14.4
22832,27869,27870,1.458,0.259,10.4
22833,27871,27872,1.24,0.19,10.4
22834,27873,29036,1.379,0.244,10.8
22835,27875,27876,1.682,0.227,10.8
22836,27875,7320,2.333,2.333,1.4
22837,27877,27878,1.348,0.237,10.3
22838,27881,36802,3.0,0.0,11.0
22839,27881,27882,2.071,0.071,15.6
22840,27883,27884,1.217,0.178,10.4
22841,27885,27886,1.773,0.279,14.4
22842,27887,27888,1.417,0.254,10.5
22843,27889,27868,2.091,0.087,15.6
22844,27889,26722,5.5,40.5,4.2
22845,27895,8432,3.0,0.0,13.8
22846,27897,8428,3.0,0.0,13.5
22847,27899,8444,3.0,0.0,13.2
22848,27905,27906,1.778,0.444,12.4
22849,27909,35794,1.8,0.4,13.2
22850,27911,27912,2.0,0.333,14.6
22851,27911,29060,2.0,0.0,14.4
22852,27913,27926,2.0,0.0,14.5
22853,27915,27916,5.667,0.267,43.3
22854,27919,27920,1.818,0.251,14.3
22855,27923,27924,1.391,0.249,10.2
22856,27925,7326,1.765,0.191,9.6
22857,27925,27882,2.222,0.194,15.0
22858,27927,27928,2.143,0.143,14.6
22859,27929,7430,1.75,0.25,9.5
22860,27929,27930,2.0,0.0,14.7
22861,27931,27932,2.0,0.0,13.4
22862,27935,27936,1.5,0.5,10.6
22863,27943,27944,4.156,0.186,49.6
22864,27945,27946,1.068,0.064,14.1
22865,27947,27948,1.114,0.103,13.5
22866,27953,27958,2.0,0.0,5.9
22867,27953,27954,1.12,0.106,13.6
22868,27957,29062,1.51,0.272,12.8
22869,27959,27960,2.0,0.0,14.3
22870,27963,7358,2.0,0.0,9.1
22871,27963,27926,2.5,0.5,14.3
22872,27963,7408,2.0,0.0,4.7
22873,27967,27968,3.5,0.5,9.1
22874,27969,6220,4.333,0.333,9.5
22875,27971,27972,3.0,0.0,7.8
22876,27973,27974,5.0,0.0,10.7
22877,27975,27920,4.0,0.0,14.3
22878,27981,27886,2.5,0.5,9.7
22879,27983,27984,2.0,0.0,14.5
22880,27985,7374,1.8,0.2,14.6
22881,27989,27990,1.667,0.333,14.2
22882,27991,4136,2.667,0.333,15.7
22883,27995,28014,3.0,0.0,9.0
22884,27997,19876,3.0,0.0,9.8
22885,28001,24428,2.0,0.0,8.9
22886,28001,4134,2.75,0.25,14.0
22887,28007,7376,1.333,0.333,9.0
22888,28009,7454,1.5,0.5,4.7
22889,28011,28012,2.25,0.25,15.9
22890,28017,7312,2.0,0.0,9.0
22891,28017,27874,1.75,0.25,14.2
22892,28019,38300,4.0,0.667,25.3
22893,28019,28020,6.545,64.073,25.8
22894,28023,28024,2.9,0.1,22.7
22895,28025,28026,1.143,0.143,9.7
22896,28031,24802,1.091,0.182,9.3
22897,28041,28042,4.537,0.505,32.6
22898,28043,7354,1.429,0.286,9.0
22899,28043,35794,2.026,0.184,14.0
22900,28045,28046,2.0,0.0,16.0
22901,28047,28038,2.0,0.0,9.4
22902,28047,7488,2.0,0.0,4.7
22903,28049,7476,3.0,0.0,14.3
22904,28049,7490,1.333,0.333,4.7
22905,28059,7500,2.5,0.5,4.7
22906,28061,28064,1.077,0.077,6.4
22907,28063,25320,2.333,0.267,19.8
22908,28063,31310,7.5,0.5,47.2
22909,28063,4972,10.667,172.667,27.1
22910,28071,28072,1.571,0.264,10.5
22911,28073,28074,1.5,0.273,10.4
22912,28075,26804,2.0,0.0,7.4
22913,28075,28076,1.231,0.192,10.4
22914,28077,28062,4.3,0.233,31.5
22915,28083,2938,2.0,0.0,9.6
22916,28083,23082,2.0,0.0,14.5
22917,28085,28086,2.0,0.0,14.3
22918,28087,2388,1.5,0.333,11.4
22919,28093,21008,2.0,0.0,9.5
22920,28095,2386,2.0,0.0,9.3
22921,28095,22436,2.0,0.0,14.5
22922,28097,28098,2.0,0.0,14.6
22923,28101,28102,2.0,0.0,14.5
22924,28103,32280,2.0,0.0,14.8
22925,28105,7530,2.0,0.0,14.6
22926,28109,28110,1.429,0.286,5.8
22927,28111,28510,1.2,0.2,8.8
22928,28111,7926,2.0,0.0,13.7
22929,28113,11444,2.0,0.0,8.4
22930,28115,36144,1.333,0.333,5.3
22931,28117,28112,1.2,0.2,9.8
22932,28119,21258,3.4,0.8,32.4
22933,28121,14308,1.25,0.25,9.2
22934,28123,26834,2.0,0.0,5.9
22935,28129,16182,1.25,0.25,4.7
22936,28139,28140,1.25,0.25,9.4
22937,28139,37904,2.0,0.0,8.3
22938,28141,6072,2.0,0.0,10.3
22939,28141,26544,3.5,0.5,18.8
22940,28143,28144,2.0,0.0,13.5
22941,28145,28146,2.0,0.0,15.3
22942,28151,28152,1.75,0.25,8.1
22943,28153,9972,3.571,0.286,23.0
22944,28155,28156,2.0,0.0,14.3
22945,28157,28158,2.0,0.0,15.4
22946,28159,28160,2.0,0.0,14.5
22947,28161,33802,2.0,0.0,16.1
22948,28163,17454,3.667,0.267,18.5
22949,28163,28164,4.5,0.333,21.3
22950,28163,21108,15.0,0.0,14.7
22951,28165,28166,2.4,0.3,10.9
22952,28167,28168,1.2,0.2,5.1
22953,28169,28170,1.25,0.25,5.0
22954,28171,1288,3.0,1.0,14.5
22955,28171,36812,4.0,2.0,16.5
22956,28175,28176,1.667,0.25,10.4
22957,28177,9500,2.0,0.0,9.5
22958,28177,25654,4.167,23.367,16.6
22959,28177,25684,2.25,0.25,16.2
22960,28179,28180,1.429,0.286,10.4
22961,28183,37306,1.333,0.25,7.7
22962,28183,15586,2.0,0.0,13.5
22963,28187,7622,1.5,0.333,4.7
22964,28191,28192,4.0,0.0,7.1
22965,28191,7626,1.5,0.5,4.7
22966,28193,28194,3.0,0.0,5.0
22967,28193,7628,2.0,0.0,4.7
22968,28195,28196,3.0,0.0,5.0
22969,28197,28198,2.667,0.333,5.0
22970,28201,28202,1.005,0.005,10.5
22971,28203,28204,1.005,0.005,10.4
22972,28205,28206,1.005,0.005,10.8
22973,28211,32772,2.339,0.251,28.3
22974,28213,29986,2.375,0.268,14.4
22975,28213,28214,1.514,0.257,18.1
22976,28213,28718,5.8,50.622,3.3
22977,28217,21580,4.0,0.0,29.0
22978,28217,28218,1.091,0.084,13.0
22979,28219,30770,4.065,152.151,8.4
22980,28223,1628,3.5,0.5,23.4
22981,28223,28224,3.713,0.422,26.9
22982,28223,32456,2.714,2.238,7.9
22983,28225,41506,1.75,0.593,11.5
22984,28227,28228,3.0,0.0,12.7
22985,28229,28248,2.0,0.0,8.2
22986,28231,7662,2.0,0.0,4.7
22987,28233,7658,2.0,0.0,9.8
22988,28233,28234,3.0,0.0,13.5
22989,28237,28230,2.0,0.0,10.5
22990,28237,7666,2.0,0.0,4.7
22991,28241,28242,2.5,0.5,13.1
22992,28243,19424,2.0,0.0,12.7
22993,28245,7660,2.0,0.0,9.9
22994,28245,7672,2.0,0.0,4.7
22995,28249,8992,2.0,0.0,10.0
22996,28251,28256,1.333,0.333,9.1
22997,28251,28252,2.118,0.61,14.4
22998,28255,28688,2.0,0.0,9.3
22999,28255,2816,2.2,0.4,14.4
23000,28255,28258,2.25,0.5,13.9
23001,28257,39236,2.333,0.333,10.3
23002,28257,7682,2.0,0.0,4.7
23003,28259,28260,1.568,0.419,9.4
23004,28259,39830,2.0,0.0,7.9
23005,28261,39890,1.667,0.333,7.6
23006,28261,28262,1.714,1.034,10.2
23007,28263,33430,10.676,1771.256,9.7
23008,28265,22912,2.0,0.0,8.0
23009,28265,28308,3.0,1.0,11.9
23010,28271,10104,1.5,0.5,10.8
23011,28273,28274,2.0,0.0,14.2
23012,28275,8278,1.667,0.333,8.5
23013,28279,25352,3.0,0.0,11.7
23014,28283,28284,1.75,0.25,11.5
23015,28287,28288,2.333,0.25,15.2
23016,28287,25358,82.667,19764.333,11.2
23017,28289,28290,2.0,0.0,14.8
23018,28291,28292,2.111,0.111,14.9
23019,28291,22904,2.0,0.0,14.7
23020,28293,28294,1.1,0.1,9.1
23021,28293,28304,1.677,0.292,10.4
23022,28295,28296,2.0,0.444,14.2
23023,28297,28298,2.125,0.411,14.5
23024,28299,28300,1.364,0.255,8.4
23025,28301,33928,44.0,5292.0,13.2
23026,28301,33924,2.444,0.528,17.0
23027,28305,12022,1.909,0.46,12.2
23028,28307,22906,2.0,0.0,14.2
23029,28309,28338,1.938,0.062,14.2
23030,28321,33208,4.0,0.0,21.0
23031,28323,28324,1.8,0.2,14.4
23032,28337,22916,2.0,0.0,14.2
23033,28339,28340,1.267,0.202,10.6
23034,28341,28360,1.897,0.167,14.4
23035,28345,28382,2.0,0.0,8.8
23036,28345,28346,1.357,0.247,10.8
23037,28349,28350,1.154,0.141,10.4
23038,28351,28352,1.455,0.273,11.6
23039,28353,28354,1.25,0.205,8.9
23040,28355,28356,1.182,0.164,9.8
23041,28359,28362,1.909,0.091,15.6
23042,28363,28364,1.231,0.192,10.4
23043,28365,25408,2.455,0.273,15.0
23044,28365,23458,5.0,0.0,28.4
23045,28365,126,4.0,0.0,26.9
23046,28367,28368,1.375,0.242,10.6
23047,28369,28370,1.419,0.252,10.5
23048,28371,39660,3.0,0.0,11.2
23049,28371,28372,1.897,0.167,14.7
23050,28371,26488,8.0,0.0,3.2
23051,28373,28374,1.306,0.218,10.4
23052,28375,1670,1.059,0.059,5.4
23053,28375,28376,1.778,0.183,13.8
23054,28377,28342,1.143,0.143,10.2
23055,28377,26350,1.417,1.356,3.4
23056,28379,28380,1.5,0.5,10.4
23057,28383,28384,2.0,0.0,5.3
23058,28385,28386,3.0,0.0,6.7
23059,28391,28392,8.0,0.0,17.0
23060,28393,39144,3.0,0.0,10.2
23061,28393,28394,8.333,1.333,17.3
23062,28395,24340,2.25,0.25,9.5
23063,28397,7814,2.25,0.25,4.7
23064,28409,28410,2.5,0.3,5.0
23065,28409,7826,2.0,0.0,4.7
23066,28413,28428,1.464,0.332,10.5
23067,28415,28460,2.0,0.0,8.0
23068,28415,28416,1.714,0.22,11.0
23069,28417,28418,1.625,0.268,10.4
23070,28419,28420,1.571,0.286,12.2
23071,28423,28424,2.2,0.2,15.5
23072,28427,28430,2.0,0.0,11.2
23073,28429,41160,1.667,0.333,9.8
23074,28429,28436,1.68,0.227,13.2
23075,28439,28440,1.13,0.119,8.0
23076,28441,28442,1.348,0.237,10.4
23077,28443,28444,1.19,0.162,9.4
23078,28447,28454,3.5,0.333,16.1
23079,28447,28414,2.75,0.467,19.8
23080,28455,39778,3.0,0.0,10.2
23081,28459,7876,1.5,0.5,4.7
23082,28461,28462,6.0,0.0,14.4
23083,28463,28464,6.0,0.0,14.4
23084,28465,7836,3.667,0.333,15.4
23085,28471,28472,5.0,0.667,11.0
23086,28471,7888,1.6,1.8,1.4
23087,28479,41840,2.5,0.5,13.7
23088,28479,31034,3.2,1.2,19.9
23089,28483,33208,1.083,0.076,13.0
23090,28485,7902,1.333,0.267,4.7
23091,28487,28488,2.4,0.3,5.0
23092,28489,28490,6.875,0.783,14.0
23093,28491,28492,7.0,0.8,14.9
23094,28491,19012,3.389,0.252,14.6
23095,28493,28494,6.55,1.208,14.3
23096,28493,7910,2.0,0.0,4.7
23097,28495,37300,4.07,0.102,23.0
23098,28497,28498,1.966,0.171,14.4
23099,28499,28516,2.0,0.0,5.4
23100,28499,28500,2.066,0.162,14.5
23101,28501,28502,1.443,0.25,11.1
23102,28503,28504,1.371,0.237,11.2
23103,28505,28506,1.764,0.239,13.1
23104,28507,28508,2.312,0.27,16.6
23105,28507,1214,5.0,0.0,3.0
23106,28509,28510,1.831,0.228,13.8
23107,28513,28514,1.513,0.253,10.6
23108,28515,7978,2.514,0.366,13.9
23109,28515,23078,3.5,1.0,23.3
23110,28517,28518,1.111,0.111,9.6
23111,28517,32496,2.333,5.333,3.1
23112,28519,28520,2.25,0.25,17.4
23113,28519,7496,1.25,0.25,5.5
23114,28521,28522,1.5,0.333,14.6
23115,28523,32872,4.333,0.333,17.4
23116,28523,35578,2.0,0.0,15.9
23117,28525,23880,2.062,0.062,10.8
23118,28525,28532,2.833,0.312,21.0
23119,28527,28528,1.07,0.084,11.0
23120,28529,28530,1.052,0.049,6.1
23121,28531,17256,2.275,0.307,16.9
23122,28531,25398,2.872,0.998,28.7
23123,28531,28546,16.364,169.655,16.3
23124,28533,28534,1.339,0.228,9.9
23125,28535,28536,1.635,0.268,13.8
23126,28539,23116,2.0,0.0,9.4
23127,28539,28540,1.757,0.241,22.9
23128,28539,24050,7.0,0.0,2.7
23129,28547,28548,1.036,0.059,9.7
23130,28549,41176,1.333,0.333,7.6
23131,28549,28550,1.028,0.028,10.4
23132,28551,18958,1.5,0.5,7.6
23133,28551,28552,1.05,0.048,10.4
23134,28553,28554,1.022,0.022,5.0
23135,28555,28556,1.209,0.168,14.4
23136,28555,14608,1.412,1.382,4.0
23137,28559,23078,2.0,0.0,5.5
23138,28559,7932,2.524,0.252,22.3
23139,28565,27904,2.0,0.0,16.5
23140,28567,7986,2.0,0.0,4.7
23141,28569,17468,2.0,0.0,7.5
23142,28569,28570,1.364,0.242,10.2
23143,28571,33636,2.963,0.345,23.1
23144,28573,39170,1.028,0.027,11.2
23145,28577,28578,2.0,0.0,18.3
23146,28581,29780,3.778,0.444,25.6
23147,28583,26578,2.0,0.0,16.4
23148,28583,7988,2.0,0.0,4.7
23149,28585,28586,7.286,772.739,5.0
23150,28585,7990,2.75,0.25,4.7
23151,28587,28588,1.04,0.04,1.8
23152,28587,7992,5.0,21.0,1.4
23153,28589,28590,5.667,0.5,11.0
23154,28589,28470,1.417,2.083,2.4
23155,28589,7994,4.5,24.5,1.4
23156,28597,39158,1.403,0.244,10.7
23157,28603,28604,3.0,0.0,14.2
23158,28605,28606,3.333,0.333,14.9
23159,28609,28610,3.25,0.25,14.1
23160,28615,24374,2.0,0.0,12.0
23161,28615,20106,3.0,0.667,17.0
23162,28619,28620,2.0,0.0,14.4
23163,28621,28622,2.0,0.0,14.6
23164,28623,3454,2.0,0.0,15.5
23165,28625,28626,2.0,0.333,14.4
23166,28625,8030,2.0,0.0,4.7
23167,28627,28628,1.857,0.143,8.7
23168,28631,28632,2.0,0.0,15.9
23169,28631,28642,2.0,0.0,14.9
23170,28633,8364,2.0,0.0,13.0
23171,28633,28980,2.0,0.0,18.7
23172,28635,28908,3.0,0.0,22.7
23173,28635,28636,3.4,0.3,25.6
23174,28635,8040,1.667,0.333,4.7
23175,28637,8374,3.0,0.0,17.4
23176,28637,34980,2.0,0.0,14.3
23177,28641,8036,2.0,0.0,15.7
23178,28643,28644,2.0,0.0,14.7
23179,28645,37618,5.0,0.8,35.0
23180,28647,28648,4.66,427.273,9.1
23181,28649,28650,7.677,967.665,11.9
23182,28651,23052,1.565,1.266,13.8
23183,28653,18024,1.609,0.249,14.9
23184,28655,28656,1.28,0.43,10.7
23185,28655,30506,14.5,625.667,2.1
23186,28657,31656,2.0,0.0,9.9
23187,28657,28658,2.368,0.951,22.6
23188,28657,30500,21.0,499.0,2.5
23189,28659,41572,2.5,0.5,17.4
23190,28659,28660,2.25,1.089,19.4
23191,28661,28662,1.236,0.214,5.9
23192,28663,28664,1.299,0.323,8.3
23193,28665,32028,4.012,42.937,32.2
23194,28665,28212,12.0,223.0,2.5
23195,28669,28674,1.6,0.3,7.2
23196,28669,28670,15.667,1201.25,11.2
23197,28671,28672,25.333,3137.678,5.2
23198,28673,37646,3.958,0.216,20.0
23199,28673,37640,4.4,0.3,39.4
23200,28673,15234,5.727,92.818,3.7
23201,28675,39442,1.5,0.5,7.8
23202,28675,28676,3.222,0.194,13.2
23203,28675,8078,2.0,0.0,4.7
23204,28677,39428,2.0,0.4,9.1
23205,28677,28678,3.0,2.0,14.4
23206,28679,28700,1.5,0.5,9.1
23207,28681,28682,2.0,0.0,9.0
23208,28683,8098,2.0,0.0,9.0
23209,28685,28650,2.333,0.333,10.7
23210,28689,28690,1.125,0.117,4.0
23211,28691,39232,30.357,5103.786,10.7
23212,28693,28694,1.75,0.25,8.5
23213,28697,21950,4.667,0.667,14.7
23214,28699,40,2.0,0.0,12.1
23215,28703,2994,1.586,1.229,5.8
23216,28709,38540,1.074,0.099,5.2
23217,28711,28708,1.068,0.065,3.9
23218,28719,34620,3.0,0.0,15.6
23219,28719,28720,2.895,0.544,14.7
23220,28721,8118,1.44,0.257,4.7
23221,28727,37618,4.0,0.0,35.5
23222,28729,28730,2.0,0.0,15.1
23223,28729,8292,2.0,0.0,16.7
23224,28731,8294,2.0,0.0,14.5
23225,28737,28738,1.434,0.25,10.4
23226,28739,28740,3.0,0.0,14.6
23227,28739,7276,2.094,0.087,14.4
23228,28745,28954,2.0,0.0,9.0
23229,28745,34050,7.0,2.667,14.5
23230,28749,28750,1.018,0.018,9.5
23231,28753,25738,1.088,0.082,13.3
23232,28757,28758,2.455,0.511,28.6
23233,28759,28760,1.214,0.169,5.2
23234,28761,18032,2.0,0.0,9.0
23235,28761,26102,1.932,0.177,13.7
23236,28765,28766,1.333,0.242,12.7
23237,28767,33306,2.444,0.278,16.7
23238,28767,12124,3.571,0.619,21.0
23239,28769,8164,1.333,0.333,4.7
23240,28773,28774,2.0,0.0,11.4
23241,28775,28790,1.5,0.5,9.1
23242,28775,28776,3.5,0.5,14.0
23243,28777,28778,3.0,0.0,12.1
23244,28779,28780,2.0,0.667,9.0
23245,28781,28782,2.714,0.238,13.0
23246,28783,28784,2.923,0.244,14.4
23247,28785,28786,3.0,0.333,13.9
23248,28787,28788,2.812,0.296,14.2
23249,28789,8280,2.286,0.214,13.0
23250,28793,28794,3.0,0.0,13.3
23251,28793,8188,2.0,0.0,4.7
23252,28795,36274,2.25,0.25,11.7
23253,28801,3718,2.0,0.0,10.0
23254,28807,30662,1.969,0.16,14.6
23255,28809,28810,3.0,0.0,14.4
23256,28811,23940,3.0,0.0,15.4
23257,28817,8344,1.444,0.278,8.5
23258,28817,28960,2.333,0.333,14.2
23259,28821,28822,2.0,0.0,10.1
23260,28825,28926,2.0,0.0,7.9
23261,28825,28826,2.231,0.185,15.2
23262,28827,28828,2.0,0.24,14.4
23263,28831,28832,2.0,0.148,14.4
23264,28833,28834,2.074,0.148,14.4
23265,28835,28836,2.615,0.406,16.8
23266,28837,28838,2.455,0.355,14.6
23267,28839,8236,1.5,0.333,6.1
23268,28839,28840,2.75,0.6,15.4
23269,28841,19674,2.0,0.333,8.5
23270,28845,21560,3.0,0.0,17.8
23271,28855,8378,2.0,0.0,14.0
23272,28861,28862,2.25,0.25,14.2
23273,28861,28924,2.5,4.5,3.5
23274,28865,30666,1.75,0.25,9.6
23275,28867,28870,1.5,0.5,13.1
23276,28867,28868,2.0,0.0,14.0
23277,28867,8260,1.5,0.3,4.7
23278,28869,33596,1.5,0.5,7.8
23279,28871,28872,2.0,0.0,11.2
23280,28879,28880,2.2,0.2,15.7
23281,28879,28958,2.05,0.049,15.7
23282,28879,8272,1.667,0.333,4.7
23283,28883,16694,3.0,0.8,16.3
23284,28887,23056,140.571,16977.619,8.7
23285,28887,16706,2.667,0.333,15.9
23286,28889,28890,1.273,0.218,12.4
23287,28891,8184,2.0,0.0,10.0
23288,28891,28892,1.625,0.554,11.1
23289,28895,28896,1.625,0.268,7.7
23290,28897,11570,2.0,0.0,13.4
23291,28897,32662,4.0,0.0,17.5
23292,28899,28900,2.019,0.207,14.3
23293,28899,8342,2.0,0.0,14.2
23294,28901,28736,1.327,0.224,8.9
23295,28909,8306,1.5,0.5,9.1
23296,28911,28976,2.0,0.0,14.4
23297,28913,22870,2.0,0.0,14.5
23298,28915,8304,1.5,0.5,4.7
23299,28919,8358,2.0,0.0,14.3
23300,28923,27802,2.5,0.5,10.4
23301,28925,31456,4.0,0.0,14.5
23302,28929,25284,1.152,0.176,8.6
23303,28931,28932,2.0,0.0,13.6
23304,28933,28828,2.0,0.0,9.2
23305,28937,28938,1.151,0.13,14.4
23306,28939,28940,2.598,2.127,15.3
23307,28941,23956,2.5,0.5,16.1
23308,28941,3724,6.273,161.302,34.6
23309,28943,22138,2.0,0.0,8.2
23310,28943,8330,2.0,0.0,5.0
23311,28947,6642,3.0,0.0,18.4
23312,28949,25210,1.5,0.5,7.5
23313,28949,28950,3.0,0.0,14.8
23314,28955,28956,2.0,0.0,13.3
23315,28957,8288,1.667,0.333,9.0
23316,28957,28900,2.0,0.0,14.1
23317,28959,3698,4.0,0.0,2.7
23318,28963,4172,2.1,0.092,16.6
23319,28965,41588,2.0,0.2,11.3
23320,28971,12746,3.0,0.0,14.8
23321,28977,28978,2.0,0.0,15.2
23322,28977,28988,2.0,0.0,14.3
23323,28979,28980,3.0,0.0,16.0
23324,28979,8038,2.0,0.0,16.3
23325,28981,28982,3.0,0.0,16.0
23326,28983,15874,2.0,0.0,9.3
23327,28983,37614,1.667,0.333,14.0
23328,28985,28986,2.0,0.0,15.0
23329,28987,28988,2.0,0.0,15.2
23330,28989,34980,2.714,0.571,18.6
23331,28989,8042,2.0,0.0,20.2
23332,28991,28992,2.333,0.333,14.4
23333,28997,23022,2.0,0.0,10.0
23334,28997,37744,1.096,0.089,8.2
23335,28999,29000,1.484,0.258,10.4
23336,29001,29002,1.481,0.259,9.9
23337,29003,29004,1.484,0.258,11.1
23338,29005,29006,1.536,0.258,10.4
23339,29005,41312,1.857,2.476,3.2
23340,29007,40464,1.875,0.411,9.1
23341,29007,29008,1.5,0.429,11.7
23342,29009,29010,1.135,0.176,3.2
23343,29011,21506,1.27,0.203,6.5
23344,29011,12120,1.5,0.5,13.0
23345,29013,29014,3.5,0.5,14.5
23346,29013,8398,2.0,0.0,4.7
23347,29015,29016,2.0,0.0,7.3
23348,29019,29020,1.083,0.083,5.1
23349,29021,23888,2.0,0.0,9.7
23350,29021,29022,3.0,0.333,14.5
23351,29021,8406,2.0,0.0,4.7
23352,29027,29028,2.0,0.0,8.6
23353,29033,39350,3.4,0.3,14.3
23354,29033,8420,2.0,0.0,4.7
23355,29035,39348,2.0,0.0,8.6
23356,29037,23974,2.0,0.0,8.9
23357,29037,29038,1.345,0.234,10.6
23358,29041,16534,2.25,0.917,11.3
23359,29041,29042,2.0,0.0,14.0
23360,29045,29046,2.429,0.286,19.5
23361,29047,38394,4.25,0.25,25.8
23362,29047,32624,4.0,0.0,21.8
23363,29047,29048,2.0,0.0,14.8
23364,29049,29064,3.4,0.3,23.0
23365,29049,8450,2.5,0.5,18.7
23366,29051,29052,1.406,0.249,10.6
23367,29053,29054,2.061,0.184,15.5
23368,29055,36568,1.917,0.193,11.0
23369,29057,11514,2.0,0.0,13.0
23370,29057,29058,2.222,0.194,16.1
23371,29059,29040,1.778,0.194,13.5
23372,29063,8436,2.0,0.0,13.5
23373,29063,29064,1.33,0.223,9.5
23374,29063,23874,5.0,12.0,2.5
23375,29065,23064,3.708,0.503,26.0
23376,29067,29068,1.091,0.091,13.2
23377,29069,40296,1.6,0.267,9.7
23378,29069,29070,2.0,0.0,14.5
23379,29075,29076,1.4,0.3,13.3
23380,29077,40164,2.0,0.0,8.9
23381,29077,29078,2.0,0.0,11.4
23382,29085,17344,2.267,0.495,13.4
23383,29089,26164,2.0,0.0,14.4
23384,29091,29092,1.667,0.333,13.5
23385,29091,8476,6.0,0.0,1.4
23386,29099,33630,1.667,0.333,14.4
23387,29099,29932,2.0,0.0,14.6
23388,29109,28200,5.0,0.0,19.7
23389,29131,29132,2.0,0.0,14.0
23390,29133,29134,4.0,0.0,31.1
23391,29135,39446,5.0,1.0,39.3
23392,29137,29148,2.0,0.0,14.5
23393,29139,26244,1.333,0.333,8.4
23394,29139,29140,1.667,0.333,10.6
23395,29141,26246,2.0,0.0,7.5
23396,29141,29142,2.0,0.0,9.7
23397,29143,29144,2.0,0.0,16.1
23398,29149,29150,1.333,0.333,10.5
23399,29151,14846,4.0,0.0,26.6
23400,29151,29152,3.0,0.0,40.0
23401,29155,29156,1.5,0.5,10.4
23402,29159,29160,2.5,0.5,17.7
23403,29161,8546,1.5,0.5,4.7
23404,29163,29164,1.9,0.305,14.3
23405,29165,29166,2.0,0.105,14.1
23406,29167,29168,1.222,0.183,10.4
23407,29169,29170,2.071,0.071,15.0
23408,29169,8554,1.4,0.3,4.7
23409,29173,26238,1.333,0.333,7.7
23410,29173,29174,1.625,0.268,10.4
23411,29173,8558,2.0,3.0,1.4
23412,29175,8560,2.0,0.0,4.7
23413,29177,29178,1.5,0.5,10.4
23414,29181,29182,4.071,0.81,30.2
23415,29181,8566,8.0,0.0,1.4
23416,29183,31634,2.0,0.0,7.0
23417,29183,29184,1.222,0.179,9.0
23418,29187,29188,1.75,0.283,13.1
23419,29189,29190,2.095,0.19,14.6
23420,29191,29192,2.0,0.0,15.3
23421,29191,9334,2.333,5.333,3.5
23422,29193,30062,1.333,0.267,9.3
23423,29193,29194,2.182,0.364,14.2
23424,29197,8736,3.333,16.333,5.2
23425,29201,8586,1.5,0.5,4.7
23426,29207,29208,1.5,0.5,5.7
23427,29209,25312,1.333,0.333,8.4
23428,29211,24496,2.0,0.0,9.8
23429,29211,3790,4.471,0.765,21.5
23430,29211,24022,5.0,6.857,18.4
23431,29213,29214,3.25,0.214,14.5
23432,29213,10504,3.5,0.5,14.3
23433,29215,31424,3.182,0.364,14.2
23434,29217,4202,2.5,0.333,14.6
23435,29219,29220,3.0,2.0,14.1
23436,29221,29222,1.5,0.5,9.1
23437,29221,24006,2.0,0.0,14.4
23438,29223,29212,2.5,0.5,9.1
23439,29229,25608,1.889,0.111,9.4
23440,29229,5188,2.0,0.0,14.4
23441,29239,7280,2.0,0.0,14.4
23442,29239,8616,2.0,0.0,4.7
23443,29249,29144,2.0,0.0,15.6
23444,29259,29260,1.25,0.2,10.4
23445,29261,29264,1.312,0.229,10.4
23446,29263,30828,1.261,0.202,4.7
23447,29263,9986,2.842,0.585,16.2
23448,29265,29266,1.75,0.197,13.3
23449,29267,29268,2.364,0.338,19.1
23450,29269,29270,1.375,0.245,10.5
23451,29271,29272,1.312,0.222,10.4
23452,29273,29274,1.289,0.211,10.6
23453,29285,38862,2.2,0.178,12.1
23454,29287,29288,3.0,0.0,14.4
23455,29293,29294,1.429,0.286,10.2
23456,29295,29296,1.111,0.111,8.1
23457,29297,29282,1.333,0.25,9.2
23458,29299,29300,1.5,0.5,14.1
23459,29305,29306,1.333,0.333,10.4
23460,29307,29308,1.167,0.167,10.4
23461,29309,29312,1.4,0.3,9.0
23462,29309,8688,2.25,0.25,14.1
23463,29311,29312,2.0,0.0,14.3
23464,29313,29314,2.0,0.0,13.9
23465,29315,16996,2.0,0.0,14.5
23466,29317,29318,1.333,0.267,9.9
23467,29319,17860,1.4,0.3,7.6
23468,29321,5436,2.333,0.333,12.0
23469,29321,29344,5.0,0.0,35.4
23470,29325,11608,1.5,0.3,9.1
23471,29327,2606,2.0,0.0,12.4
23472,29335,29336,2.0,0.0,14.5
23473,29337,16610,2.0,0.0,7.3
23474,29341,22484,2.0,0.0,10.1
23475,29343,2600,2.0,0.0,9.2
23476,29343,38966,2.0,0.0,14.8
23477,29345,29346,1.5,0.5,14.8
23478,29355,29356,2.0,0.0,10.4
23479,29365,29366,1.5,0.5,10.5
23480,29367,29368,2.0,0.0,10.3
23481,29369,22498,1.5,0.5,7.4
23482,29381,29382,1.333,0.333,10.4
23483,29385,17016,2.0,0.0,16.1
23484,29387,25878,1.667,0.333,10.4
23485,29387,5428,2.2,0.2,18.4
23486,29391,29392,2.0,0.0,14.7
23487,29393,29394,1.357,0.247,11.0
23488,29393,8754,2.0,0.0,4.7
23489,29399,29400,1.3,0.233,10.5
23490,29401,29402,1.857,0.143,14.3
23491,29401,31178,2.0,0.0,14.2
23492,29403,29404,1.5,0.286,10.5
23493,29405,31152,2.5,0.5,9.5
23494,29405,10272,2.111,0.111,14.4
23495,29407,40702,1.667,0.333,6.7
23496,29413,29414,1.197,0.161,15.1
23497,29413,29416,2.333,4.667,3.3
23498,29415,14434,1.143,0.143,5.9
23499,29415,29770,2.381,0.304,28.7
23500,29419,40836,2.0,2.0,3.0
23501,29423,29424,1.333,0.333,8.3
23502,29423,14186,1.375,0.517,11.7
23503,29427,8916,2.0,0.0,17.3
23504,29427,14212,2.0,0.0,19.1
23505,29435,29436,2.333,0.333,14.5
23506,29441,19456,4.0,0.0,16.1
23507,29445,29446,1.263,0.205,10.4
23508,29447,27412,1.667,0.333,5.9
23509,29451,27496,3.25,0.25,15.4
23510,29451,6956,3.286,0.571,17.3
23511,29451,29452,4.8,0.2,23.2
23512,29453,29454,2.4,0.3,13.2
23513,29455,29456,2.6,0.3,14.4
23514,29457,29458,3.0,0.0,14.0
23515,29459,27416,3.25,0.25,18.0
23516,29459,6884,3.0,0.0,13.5
23517,29461,29514,1.481,0.255,8.1
23518,29461,33574,1.923,0.077,15.4
23519,29467,35644,1.062,0.062,13.9
23520,29471,29450,1.353,0.243,9.5
23521,29473,29474,1.5,0.5,10.1
23522,29479,29480,2.0,0.0,13.5
23523,29481,34868,1.333,0.333,9.1
23524,29481,29482,2.0,0.0,14.3
23525,29483,26908,2.0,0.0,8.2
23526,29485,29486,2.0,0.0,13.5
23527,29485,14522,1.5,0.5,10.2
23528,29487,29464,1.833,0.167,10.3
23529,29489,29490,1.286,0.22,14.6
23530,29493,29494,1.133,0.124,14.4
23531,29495,35644,2.0,0.143,14.1
23532,29497,38468,2.0,0.0,14.2
23533,29503,32070,2.0,0.0,9.0
23534,29503,29504,3.167,0.167,14.4
23535,29503,11050,3.429,0.619,14.2
23536,29503,8844,2.0,0.0,4.7
23537,29505,9416,2.0,0.0,9.0
23538,29505,29506,2.5,0.333,14.4
23539,29505,8846,2.0,0.0,4.7
23540,29507,11042,1.5,0.333,9.0
23541,29509,26162,1.5,0.5,8.3
23542,29511,29512,2.0,0.0,9.8
23543,29515,29516,1.708,0.254,12.9
23544,29515,8856,7.0,0.0,1.4
23545,29517,29518,2.102,0.219,16.1
23546,29519,18136,1.5,0.5,7.7
23547,29519,29520,1.314,0.22,10.4
23548,29521,29522,2.037,0.187,14.7
23549,29523,1336,3.5,0.5,19.2
23550,29523,37040,2.038,0.155,19.2
23551,29525,29526,2.0,0.0,9.2
23552,29527,21148,1.8,0.2,9.0
23553,29531,33704,3.0,0.0,12.3
23554,29551,8892,1.8,0.2,4.7
23555,29557,29922,2.0,0.0,14.6
23556,29557,12318,2.0,0.0,14.3
23557,29559,29570,2.0,0.0,17.7
23558,29563,29518,1.5,0.5,9.6
23559,29569,8884,1.667,0.333,9.0
23560,29571,39746,4.0,0.0,23.9
23561,29573,12358,2.0,0.0,9.1
23562,29573,33580,2.0,0.0,14.0
23563,29581,18974,3.0,0.0,13.9
23564,29581,29582,1.88,0.277,18.3
23565,29583,29460,4.179,0.3,28.7
23566,29583,29584,5.0,1.0,34.0
23567,29585,29586,1.563,0.507,10.4
23568,29587,29588,2.028,0.199,15.0
23569,29589,10194,2.0,0.182,10.3
23570,29589,12118,2.542,0.528,15.8
23571,29589,32962,3.0,0.0,14.5
23572,29589,8928,1.5,0.5,4.7
23573,29595,29386,2.0,0.0,9.0
23574,29597,29598,2.0,0.0,14.5
23575,29599,2598,2.0,0.0,13.2
23576,29599,29600,3.0,1.0,21.8
23577,29601,29602,2.077,0.077,14.4
23578,29601,8940,2.0,0.0,4.7
23579,29603,29604,2.0,0.167,14.8
23580,29603,8956,2.0,0.0,14.0
23581,29603,8942,1.5,0.5,4.7
23582,29605,29606,1.333,0.242,10.4
23583,29607,29608,2.286,0.238,14.1
23584,29609,18014,2.6,0.8,15.6
23585,29613,29614,1.2,0.2,10.3
23586,29615,29620,2.0,0.0,14.8
23587,29621,29622,2.0,0.0,10.4
23588,29625,36860,1.5,0.5,7.6
23589,29625,29626,1.5,0.333,10.4
23590,29627,29628,1.25,0.25,9.0
23591,29629,29630,1.5,0.5,9.2
23592,29631,29632,1.5,0.5,10.4
23593,29635,33674,2.0,0.0,14.4
23594,29643,29644,2.0,0.0,16.5
23595,29645,29646,2.0,0.0,14.3
23596,29647,29648,2.0,0.0,14.3
23597,29649,8986,1.667,0.333,14.2
23598,29651,29648,2.0,0.0,14.1
23599,29653,38148,3.0,0.0,11.2
23600,29653,19408,2.0,0.0,16.3
23601,29657,29658,1.5,0.273,9.1
23602,29657,29662,2.0,0.0,14.3
23603,29657,8984,2.0,0.0,4.7
23604,29659,29660,2.0,0.25,14.4
23605,29661,41670,1.5,0.333,9.1
23606,29661,19416,2.0,0.0,14.2
23607,29661,8988,2.0,0.0,4.7
23608,29663,29624,1.833,0.167,14.4
23609,29671,8998,1.333,0.333,4.7
23610,29673,37380,1.75,0.25,9.1
23611,29673,29674,8.0,75.0,14.6
23612,29673,2658,3.0,0.0,13.5
23613,29675,37358,3.0,0.0,14.3
23614,29677,9004,2.0,0.0,4.7
23615,29685,11136,1.5,0.5,8.0
23616,29687,11140,2.0,0.667,13.9
23617,29691,9014,1.5,0.5,4.7
23618,29695,30146,2.182,0.164,9.1
23619,29695,29696,2.5,0.5,14.5
23620,29697,29698,1.75,0.25,9.2
23621,29697,9018,2.0,0.0,4.7
23622,29699,29700,3.0,0.5,15.1
23623,29703,29704,1.8,0.2,14.6
23624,29705,20986,2.0,0.0,9.3
23625,29705,1190,2.0,0.0,14.8
23626,29705,9024,2.0,0.0,4.7
23627,29713,32310,2.0,0.0,14.3
23628,29721,29722,2.0,0.0,14.4
23629,29721,9040,2.0,0.0,4.7
23630,29725,40470,2.0,0.0,7.5
23631,29729,29730,1.065,0.105,9.8
23632,29731,29732,1.139,0.121,14.6
23633,29731,36324,3.455,26.273,3.9
23634,29733,29734,1.761,0.222,22.7
23635,29733,27048,4.0,73.733,4.7
23636,29739,29740,1.308,0.231,10.2
23637,29745,31792,2.353,0.493,22.5
23638,29745,24142,4.0,0.0,25.2
23639,29747,30176,1.923,0.244,9.0
23640,29749,15068,2.0,0.0,9.0
23641,29751,29752,3.0,0.0,11.5
23642,29755,10176,2.0,0.0,11.2
23643,29765,3492,2.0,0.0,9.4
23644,29765,34596,1.154,0.141,10.9
23645,29767,40180,14.129,1762.086,8.2
23646,29769,22576,15.714,633.571,12.8
23647,29773,36016,1.284,0.206,13.9
23648,29775,29776,1.696,0.216,13.3
23649,29777,29778,1.188,0.162,12.1
23650,29777,29554,2.194,0.295,13.4
23651,29777,9088,2.0,0.0,4.7
23652,29779,33528,1.625,0.25,9.7
23653,29781,29782,8.985,741.892,8.2
23654,29783,32712,1.588,0.257,6.4
23655,29783,33238,3.104,2.699,31.2
23656,29783,32726,5.679,96.914,11.7
23657,29789,29790,1.5,0.5,13.7
23658,29797,25508,1.471,0.265,10.5
23659,29797,10700,2.714,0.571,20.0
23660,29797,5108,2.438,0.262,13.7
23661,29799,33536,2.0,0.0,15.5
23662,29801,29802,2.0,0.0,16.6
23663,29801,29810,2.0,0.0,15.8
23664,29803,10248,2.0,0.0,21.3
23665,29803,31130,3.75,2.25,25.2
23666,29807,29808,2.0,0.0,14.8
23667,29809,29810,2.0,0.0,16.4
23668,29811,29812,1.5,0.269,10.5
23669,29813,21464,2.5,2.286,11.3
23670,29813,32158,3.714,2.571,20.7
23671,29813,1608,2.8,0.2,18.2
23672,29829,9124,2.0,0.0,4.7
23673,29831,29694,1.692,0.231,10.8
23674,29837,9314,2.0,0.0,14.1
23675,29843,20984,2.0,0.0,14.1
23676,29847,9142,2.0,0.333,4.7
23677,29849,10210,1.25,0.25,11.6
23678,29851,9142,2.0,0.0,13.4
23679,29855,33354,2.1,0.1,10.9
23680,29857,33088,3.0,0.0,14.3
23681,29857,11924,3.0,0.0,14.2
23682,29857,11918,4.5,12.5,4.7
23683,29861,2272,2.0,0.0,12.7
23684,29865,9158,1.5,0.5,4.7
23685,29867,29850,2.0,0.0,14.8
23686,29871,29872,2.0,0.0,14.2
23687,29871,29924,2.0,0.0,14.6
23688,29871,9162,2.0,0.0,4.7
23689,29879,4382,2.0,0.0,8.2
23690,29881,29882,1.154,0.141,10.5
23691,29883,24228,2.0,0.0,9.5
23692,29883,29884,2.0,0.0,15.1
23693,29885,5430,1.833,0.167,10.4
23694,29885,25882,3.5,3.167,18.2
23695,29887,29888,2.0,0.0,13.9
23696,29891,10242,1.333,0.25,8.9
23697,29891,31124,2.0,0.0,13.9
23698,29891,9182,2.0,0.0,4.7
23699,29893,29894,1.448,0.256,9.9
23700,29895,29896,1.515,0.445,10.6
23701,29897,29898,1.333,0.23,10.4
23702,29899,29900,2.355,0.303,15.9
23703,29901,12316,1.333,0.333,5.1
23704,29901,29902,2.419,0.985,14.4
23705,29903,29904,1.952,0.388,10.2
23706,29905,32172,2.0,1.25,12.3
23707,29905,11146,2.667,0.75,18.8
23708,29907,29908,1.5,0.278,10.6
23709,29909,29910,1.571,0.418,10.4
23710,29911,29912,3.556,51.203,14.1
23711,29913,29914,5.457,157.903,10.6
23712,29915,29916,2.822,3.059,6.6
23713,29917,11012,7.2,42.7,16.5
23714,29917,41942,14.833,576.95,13.5
23715,29921,9212,2.0,0.0,4.9
23716,29923,8896,2.0,0.5,10.5
23717,29925,2032,2.0,0.0,9.3
23718,29927,29928,1.22,0.173,5.0
23719,29929,37844,2.463,0.528,17.5
23720,29931,21456,3.044,3.401,28.4
23721,29935,18110,3.0,0.0,24.4
23722,29937,31068,2.0,0.0,14.8
23723,29953,19976,5.933,216.067,10.2
23724,29953,1602,4.0,0.0,18.9
23725,29955,9238,2.0,2.0,1.4
23726,29957,3560,1.5,0.333,7.5
23727,29961,38544,11.724,1295.957,7.6
23728,29963,29964,1.5,0.286,14.2
23729,29963,28250,3.125,4.411,14.2
23730,29965,2286,1.6,0.3,9.2
23731,29965,29966,2.25,0.25,14.4
23732,29965,9246,2.0,0.0,4.7
23733,29967,29968,1.667,0.333,10.4
23734,29969,39240,3.0,0.0,12.4
23735,29971,31762,1.75,0.25,9.1
23736,29971,9252,1.5,0.5,4.7
23737,29975,21872,2.0,0.667,9.5
23738,29975,29976,3.0,0.0,12.7
23739,29977,9258,2.0,0.0,4.7
23740,29983,29984,3.0,0.0,13.6
23741,29985,21254,1.714,0.238,8.1
23742,29991,29992,1.133,0.124,14.8
23743,29993,12524,1.375,0.25,9.2
23744,29997,36880,3.286,0.238,24.6
23745,29997,29998,1.054,0.051,4.9
23746,29999,36876,2.229,0.601,21.5
23747,30003,30004,2.0,0.0,14.1
23748,30005,30006,2.0,0.0,12.0
23749,30007,9300,2.0,0.0,14.2
23750,30013,33570,2.0,0.0,12.7
23751,30015,9292,2.0,0.0,4.7
23752,30019,9022,1.6,0.3,9.4
23753,30021,33556,2.0,0.0,14.4
23754,30025,30026,2.0,0.0,14.4
23755,30027,9128,2.0,0.0,15.8
23756,30035,9132,1.333,0.333,5.0
23757,30035,30036,1.8,0.178,14.2
23758,30037,9332,1.5,0.5,9.2
23759,30037,36024,2.0,0.0,14.8
23760,30037,30056,2.0,0.0,14.5
23761,30053,30056,2.0,0.0,14.6
23762,30057,30058,1.5,0.5,14.5
23763,30059,12258,1.5,0.5,9.4
23764,30059,33456,2.0,0.0,14.8
23765,30063,30064,1.222,0.194,10.4
23766,30065,9346,1.444,0.278,4.7
23767,30075,30076,2.0,0.0,13.0
23768,30079,3974,2.0,0.0,14.2
23769,30081,30082,1.25,0.25,5.0
23770,30083,4026,2.0,0.0,9.0
23771,30083,30084,4.0,0.0,14.4
23772,30085,30086,3.5,0.5,14.4
23773,30087,30088,4.0,0.0,17.6
23774,30087,9370,2.0,0.0,4.7
23775,30089,30090,2.8,0.2,14.8
23776,30093,30094,2.0,0.0,19.9
23777,30097,34090,3.0,0.0,15.6
23778,30099,30100,1.5,0.5,9.4
23779,30101,2026,2.0,0.0,21.5
23780,30101,38316,3.0,0.0,22.5
23781,30103,30104,2.0,0.0,7.7
23782,30105,30106,3.0,0.0,14.4
23783,30107,10252,2.2,0.178,14.5
23784,30111,22646,6.5,0.5,44.0
23785,30123,39446,5.0,0.0,38.0
23786,30129,36490,2.0,0.0,9.0
23787,30129,30130,3.0,0.0,18.5
23788,30135,16584,3.143,0.476,14.2
23789,30137,8846,3.0,0.0,14.2
23790,30141,11046,2.0,0.0,9.0
23791,30147,30148,3.167,0.152,14.4
23792,30149,36964,2.0,0.0,9.2
23793,30149,30150,2.857,0.143,15.0
23794,30151,39110,3.0,0.0,15.5
23795,30151,9430,1.5,0.5,4.7
23796,30155,31284,2.0,0.0,9.5
23797,30159,39114,4.0,0.0,17.6
23798,30167,20106,3.0,0.0,15.3
23799,30169,30170,1.212,0.172,10.0
23800,30173,22568,2.0,0.063,14.7
23801,30177,22216,1.538,0.269,8.8
23802,30179,30180,3.0,0.0,13.9
23803,30185,9456,5.0,0.0,23.9
23804,30189,19838,2.0,0.0,9.0
23805,30191,37394,1.5,0.5,9.2
23806,30191,30192,3.333,0.333,14.6
23807,30191,13520,3.333,0.333,14.3
23808,30193,15682,1.667,0.333,9.0
23809,30195,39960,1.112,0.1,7.7
23810,30195,35744,1.08,0.077,10.5
23811,30213,41228,1.476,0.256,10.4
23812,30219,13152,2.333,0.424,12.4
23813,30219,34444,2.607,0.47,14.7
23814,30225,24916,1.5,0.5,7.5
23815,30225,30226,1.222,0.194,10.4
23816,30227,7908,2.2,0.2,9.6
23817,30227,28492,3.5,0.5,15.0
23818,30227,19012,1.5,0.5,4.7
23819,30229,41218,2.571,0.286,17.5
23820,30229,19010,1.714,0.238,4.7
23821,30235,30236,1.521,0.255,11.9
23822,30237,25654,1.48,0.26,11.7
23823,30237,25684,2.737,0.982,16.4
23824,30237,9500,2.0,0.0,4.7
23825,30239,30240,1.385,0.256,10.5
23826,30241,30242,1.312,0.229,10.3
23827,30245,30246,1.389,0.252,10.5
23828,30247,30248,2.0,0.0,16.4
23829,30247,30384,1.947,0.053,15.9
23830,30251,30252,1.238,0.19,10.4
23831,30255,5258,1.5,0.5,9.8
23832,30255,25678,2.143,0.129,16.8
23833,30257,5270,2.667,0.333,16.3
23834,30259,22878,1.5,0.5,8.1
23835,30267,30270,1.333,0.333,9.1
23836,30271,30272,1.368,0.246,10.4
23837,30273,30274,1.846,0.141,14.1
23838,30273,30278,2.0,0.0,14.1
23839,30275,31028,1.5,0.5,10.0
23840,30275,10158,2.583,0.265,19.6
23841,30279,30280,2.0,0.0,14.6
23842,30285,30286,2.0,0.0,17.6
23843,30285,30292,2.0,0.0,15.5
23844,30289,9952,3.75,0.5,19.2
23845,30291,30292,2.158,0.251,17.8
23846,30293,30294,1.167,0.145,9.8
23847,30295,30296,1.375,0.245,10.5
23848,30297,30298,1.062,0.062,5.0
23849,30299,30300,1.571,0.357,10.7
23850,30301,9990,3.444,0.718,18.6
23851,30303,31026,1.941,0.184,9.8
23852,30303,30304,2.0,0.0,16.1
23853,30305,30312,2.182,0.364,15.5
23854,30309,30310,2.2,0.2,17.1
23855,30311,30312,2.0,0.0,14.5
23856,30313,30332,1.556,0.278,10.5
23857,30313,30314,2.0,0.0,15.5
23858,30315,30316,2.125,0.125,14.9
23859,30317,14158,3.417,0.992,19.5
23860,30321,30322,1.5,0.5,14.5
23861,30323,30324,2.167,0.167,15.0
23862,30325,3904,1.923,0.244,10.7
23863,30327,30328,1.833,0.167,14.8
23864,30329,30330,1.4,0.3,10.4
23865,30331,30332,2.0,0.0,15.5
23866,30335,30336,1.769,0.359,14.1
23867,30335,9602,2.0,0.0,14.2
23868,30337,30338,1.312,0.229,10.5
23869,30339,16956,2.0,0.0,10.5
23870,30339,25228,3.5,0.5,15.8
23871,30339,38864,2.583,0.447,15.8
23872,30343,9602,2.0,0.0,4.7
23873,30345,30346,2.0,0.0,10.4
23874,30347,30316,2.0,0.0,9.6
23875,30349,25224,1.667,0.333,7.6
23876,30355,9614,3.0,0.0,4.7
23877,30361,30362,2.0,0.0,15.4
23878,30363,35638,1.4,0.3,9.1
23879,30369,30370,1.667,0.333,5.2
23880,30371,15744,1.667,0.333,9.6
23881,30371,37442,3.0,0.0,15.9
23882,30375,9634,2.0,0.0,4.7
23883,30377,37302,2.0,0.0,10.1
23884,30379,30380,1.318,0.227,10.4
23885,30381,37304,1.44,0.257,7.5
23886,30383,30384,2.0,0.0,16.2
23887,30385,30386,1.45,0.261,11.1
23888,30387,30378,1.857,0.129,14.6
23889,30393,30406,1.455,0.273,9.0
23890,30393,30394,2.0,0.0,14.4
23891,30399,30446,2.0,0.0,14.2
23892,30405,30324,1.8,0.2,14.7
23893,30411,30412,1.571,0.286,10.4
23894,30413,30414,2.2,0.2,14.4
23895,30415,9580,2.0,0.0,9.5
23896,30415,30322,2.0,0.0,14.4
23897,30421,30422,1.6,0.267,14.3
23898,30427,30428,1.556,0.278,14.1
23899,30429,30430,1.143,0.143,5.0
23900,30439,30396,2.0,0.0,9.1
23901,30439,9652,2.0,0.0,14.4
23902,30441,24156,2.0,0.0,14.5
23903,30445,30446,2.0,0.0,14.5
23904,30449,3908,2.0,0.0,9.1
23905,30449,30308,2.0,0.0,14.5
23906,30449,9706,2.0,0.0,4.7
23907,30451,24148,2.0,0.0,14.2
23908,30457,13100,1.5,0.5,7.6
23909,30473,32756,1.75,0.25,9.4
23910,30473,30458,1.333,0.333,14.7
23911,30477,2168,3.0,0.0,13.8
23912,30477,22202,4.0,0.0,21.1
23913,30481,12980,1.6,0.3,7.4
23914,30483,19356,2.0,0.0,10.0
23915,30483,30484,1.182,0.164,14.5
23916,30489,30490,1.4,0.267,18.3
23917,30493,38614,2.0,0.0,9.2
23918,30493,38664,2.0,0.0,19.2
23919,30495,30496,2.0,0.0,16.3
23920,30501,30512,1.8,0.7,9.1
23921,30501,30502,3.0,0.0,14.5
23922,30501,9770,2.75,0.25,14.2
23923,30507,41470,1.75,0.214,9.1
23924,30507,30528,3.0,0.0,14.4
23925,30509,30510,2.5,0.5,14.4
23926,30511,9760,2.0,0.0,9.0
23927,30513,19254,2.0,0.0,9.1
23928,30513,30514,3.5,0.5,14.4
23929,30513,41496,3.0,0.0,14.3
23930,30515,19220,2.0,0.0,9.0
23931,30521,30522,3.0,0.0,11.8
23932,30523,30524,3.0,0.0,14.4
23933,30525,30526,3.0,1.0,14.4
23934,30527,8062,2.333,0.333,12.7
23935,30527,28660,4.571,0.619,22.3
23936,30529,19252,4.0,0.0,18.5
23937,30549,23036,29.383,5590.478,29.1
23938,30551,23090,2.0,0.0,25.3
23939,30553,30558,3.0,0.222,14.5
23940,30553,30554,3.0,0.0,14.6
23941,30555,30556,1.5,0.5,8.4
23942,30557,21604,2.5,0.5,11.3
23943,30559,30560,1.556,0.278,6.6
23944,30561,30562,2.286,0.238,11.4
23945,30561,30566,2.0,0.0,11.9
23946,30563,30564,1.143,0.143,5.4
23947,30565,20236,1.2,0.2,4.8
23948,30565,576,1.5,0.5,4.7
23949,30569,30570,2.333,0.333,13.8
23950,30571,30572,1.5,0.5,5.7
23951,30573,9812,2.0,0.0,11.8
23952,30591,35602,1.045,0.045,7.8
23953,30593,36790,1.364,0.255,8.3
23954,30593,35916,1.028,0.028,13.0
23955,30595,35912,1.922,0.117,25.9
23956,30597,37182,1.563,0.26,13.4
23957,30601,37190,1.517,0.254,10.6
23958,30605,37186,1.5,0.5,13.5
23959,30607,27858,3.0,0.0,14.2
23960,30631,9860,2.0,2.0,4.7
23961,30647,30650,1.6,0.3,7.4
23962,30651,30652,2.2,0.2,14.4
23963,30655,9880,4.0,0.0,19.6
23964,30657,9878,3.0,0.0,14.5
23965,30659,30660,1.8,0.7,9.8
23966,30661,1430,2.0,0.0,13.5
23967,30661,21262,2.25,0.25,19.1
23968,30663,30664,2.031,0.096,15.2
23969,30665,8258,1.357,0.247,6.0
23970,30665,30666,2.0,0.235,14.5
23971,30667,30668,2.105,0.433,14.2
23972,30669,30670,19.389,3270.605,12.6
23973,30673,20664,1.778,0.444,9.4
23974,30673,5422,2.5,0.579,14.8
23975,30677,30678,3.0,0.8,14.3
23976,30679,30680,2.917,0.629,14.3
23977,30681,30682,2.722,0.565,14.4
23978,30683,11564,2.214,0.181,11.8
23979,30683,32656,3.8,0.7,17.7
23980,30689,33814,4.973,265.279,36.2
23981,30697,30694,1.085,0.078,8.0
23982,30701,30702,1.444,5.525,2.9
23983,30703,30704,1.313,0.86,13.1
23984,30705,36126,1.051,0.169,3.2
23985,30707,30708,1.037,0.049,13.8
23986,30713,39186,4.176,1.154,40.8
23987,30713,35974,3.5,0.598,29.2
23988,30723,25558,1.571,0.418,10.8
23989,30723,9914,2.919,0.876,27.8
23990,30723,16986,10.696,176.128,10.6
23991,30725,33908,2.72,1.306,29.6
23992,30725,29768,3.5,1.143,32.4
23993,30727,16986,2.375,0.268,14.1
23994,30727,32544,2.525,0.549,26.8
23995,30727,25558,7.0,61.0,10.3
23996,30729,30730,6.623,312.923,10.0
23997,30731,25892,7.798,2.768,54.5
23998,30731,25862,5.412,0.903,55.9
23999,30733,41894,1.023,0.023,12.2
24000,30733,30734,1.591,2.645,13.4
24001,30735,33908,3.545,1.359,29.4
24002,30737,30740,2.708,2.263,25.6
24003,30739,30736,7.756,661.913,8.2
24004,30741,30742,1.567,24.554,12.1
24005,30743,39434,1.5,0.273,9.0
24006,30743,30744,2.296,61.884,14.4
24007,30745,38950,1.711,0.288,9.0
24008,30745,23734,2.1,0.594,21.8
24009,30747,35976,1.935,1.012,14.0
24010,30749,35802,4.333,0.333,28.0
24011,30749,31228,3.781,0.863,41.3
24012,30749,9922,9.903,355.761,4.6
24013,30753,21258,2.942,0.268,34.5
24014,30755,9916,3.098,0.59,18.6
24015,30755,35802,4.714,0.867,37.9
24016,30755,31228,9.961,80.038,11.9
24017,30759,30760,1.267,0.264,14.6
24018,30761,22316,1.19,0.162,5.2
24019,30761,30762,2.154,11.798,14.4
24020,30763,30764,2.838,22.366,14.1
24021,30765,29962,1.273,0.818,5.4
24022,30765,30766,4.154,172.538,12.8
24023,30767,33930,41.863,7391.601,8.2
24024,30771,7246,3.2,0.2,26.1
24025,30771,35442,4.243,1.023,38.4
24026,30771,28686,6.211,0.953,33.4
24027,30773,32990,4.26,1.076,46.9
24028,30773,29794,15.0,511.385,3.8
24029,30775,28652,1.435,0.257,7.4
24030,30775,30772,4.126,291.753,13.7
24031,30777,38542,4.67,25.372,44.2
24032,30777,33650,16.333,660.333,11.6
24033,30779,30780,1.41,0.398,9.4
24034,30781,27800,7.192,705.61,7.2
24035,30783,33286,5.157,1.378,52.2
24036,30785,30786,1.287,1.026,9.5
24037,30787,30788,1.484,2.265,9.8
24038,30789,30790,1.345,0.399,9.3
24039,30789,35828,35.0,0.0,2.5
24040,30791,30792,1.605,0.785,9.8
24041,30793,30794,2.064,1.5,13.6
24042,30795,30796,2.53,5.125,16.6
24043,30797,25212,1.419,0.427,9.0
24044,30799,30800,1.087,0.08,13.3
24045,30801,30802,1.004,0.004,9.6
24046,30803,4876,2.0,0.0,9.2
24047,30803,30804,1.003,0.003,10.9
24048,30803,14628,1.6,1.8,2.9
24049,30805,30806,1.021,0.02,9.1
24050,30805,36156,3.25,27.071,2.5
24051,30807,39620,4.667,16.333,2.5
24052,30811,17530,2.5,4.5,2.6
24053,30813,30814,1.55,0.248,19.6
24054,30815,30820,1.195,0.228,13.7
24055,30817,30818,1.61,7.027,8.4
24056,30819,27790,1.935,10.526,10.0
24057,30821,30822,1.046,0.044,4.0
24058,30823,25416,2.731,0.948,26.6
24059,30825,30826,1.081,0.082,9.0
24060,30827,30828,1.95,0.693,16.0
24061,30827,25208,9.0,128.0,7.6
24062,30831,30832,1.555,0.962,13.9
24063,30833,30784,2.792,51.742,8.0
24064,30835,30836,1.579,1.753,9.6
24065,30837,30830,3.095,3.03,22.4
24066,30837,37170,15.429,475.952,13.0
24067,30839,41872,1.5,0.5,6.2
24068,30839,41874,3.218,0.963,31.8
24069,30839,37470,5.014,0.877,50.8
24070,30843,30844,1.333,0.267,10.4
24071,30845,30846,1.4,0.3,10.3
24072,30847,30848,1.4,0.3,9.8
24073,30849,30850,1.5,0.333,10.4
24074,30853,30854,1.75,0.25,10.7
24075,30855,25728,2.25,0.25,17.1
24076,30863,30864,2.0,0.0,14.7
24077,30865,30866,2.0,0.0,14.5
24078,30867,10076,2.0,0.0,14.8
24079,30869,30870,2.0,0.0,16.0
24080,30873,30874,2.0,0.0,16.0
24081,30877,30878,1.214,0.181,9.4
24082,30879,27592,1.438,0.262,10.1
24083,30911,30912,1.2,0.178,10.4
24084,30913,39688,1.5,0.5,7.6
24085,30913,30914,1.571,0.286,10.4
24086,30915,30916,2.0,0.0,15.1
24087,30915,10058,2.0,0.0,14.4
24088,30917,10026,1.333,0.333,9.3
24089,30917,25722,2.0,0.0,14.5
24090,30917,10076,2.0,0.0,4.7
24091,30923,22148,1.095,1.424,3.1
24092,30937,22932,2.661,0.954,21.0
24093,30939,22140,3.775,18.472,22.9
24094,30939,30936,3.283,34.269,23.3
24095,30941,22930,2.2,0.844,21.4
24096,30941,22926,4.336,16.354,13.2
24097,30943,30944,1.007,0.007,9.8
24098,30943,13636,6.333,85.333,5.2
24099,30945,30958,2.855,308.34,8.0
24100,30947,25636,3.107,1.04,28.4
24101,30947,5222,5.793,74.352,8.1
24102,30951,30952,1.011,0.011,9.4
24103,30953,30954,1.217,4.348,5.0
24104,30955,38084,1.204,0.219,13.2
24105,30957,30960,1.657,0.669,18.9
24106,30959,36618,1.5,0.286,6.9
24107,30959,30956,2.299,1.035,21.8
24108,30959,34022,7.4,67.3,5.2
24109,30961,30962,1.886,100.343,9.3
24110,30963,30964,1.371,0.33,9.5
24111,30965,30966,1.176,0.161,14.0
24112,30965,25984,3.608,30.449,3.5
24113,30967,30968,1.882,0.287,23.1
24114,30969,30946,1.068,0.103,8.6
24115,31017,10146,2.0,0.0,9.0
24116,31017,31018,2.893,0.352,14.4
24117,31019,31020,2.875,0.293,14.3
24118,31021,40072,2.29,0.28,11.0
24119,31021,17718,3.917,0.688,19.1
24120,31023,31024,1.923,0.077,14.0
24121,31023,30326,1.833,0.167,14.1
24122,31025,31026,2.154,0.141,16.1
24123,31027,9538,2.133,0.267,11.8
24124,31027,31028,2.778,0.301,21.0
24125,31029,25232,2.0,0.0,8.3
24126,31029,31030,1.235,0.191,10.2
24127,31031,25670,1.5,0.5,9.1
24128,31031,25692,2.0,0.0,15.3
24129,31031,3916,2.0,0.0,14.6
24130,31035,41880,1.333,0.333,6.0
24131,31035,2092,1.882,0.435,15.2
24132,31037,21106,2.833,0.333,14.4
24133,31037,21100,3.0,0.0,14.4
24134,31037,1294,2.0,0.0,4.7
24135,31039,20422,2.786,12.327,26.3
24136,31045,9074,1.5,0.5,6.2
24137,31047,31048,1.022,0.022,12.5
24138,31049,31050,1.162,0.137,14.7
24139,31051,31052,1.133,0.116,13.9
24140,31053,31054,1.327,0.222,16.7
24141,31063,32962,1.538,0.251,14.8
24142,31063,8928,9.333,101.067,4.3
24143,31065,27586,1.033,0.077,6.9
24144,31067,36858,6.862,970.965,13.4
24145,31069,31070,1.947,0.164,14.4
24146,31071,33350,1.189,0.156,8.5
24147,31083,9144,2.0,0.0,9.9
24148,31083,31084,2.0,0.0,11.8
24149,31083,10210,2.0,0.0,4.7
24150,31087,31088,1.082,0.075,16.1
24151,31093,31094,1.167,0.167,5.3
24152,31095,31096,1.833,0.167,9.2
24153,31097,21202,1.571,0.286,9.0
24154,31099,37426,31.18,1998.151,27.8
24155,31099,11498,58.2,2709.7,24.1
24156,31101,2476,3.0,0.0,15.0
24157,31105,1546,2.0,0.0,4.7
24158,31111,37036,2.871,0.729,31.8
24159,31111,38796,4.809,37.261,14.6
24160,31117,38318,2.0,0.0,13.6
24161,31117,31118,2.0,0.0,17.9
24162,31117,10234,2.5,0.5,4.7
24163,31119,29892,3.857,0.143,30.0
24164,31119,31122,4.333,0.333,34.9
24165,31119,30108,2.0,0.0,14.3
24166,31119,10238,2.0,0.0,4.7
24167,31121,32164,2.25,0.5,10.8
24168,31121,1610,4.882,32.86,15.2
24169,31123,31124,1.562,0.262,13.6
24170,31127,31128,1.15,0.134,10.7
24171,31129,22606,4.0,0.4,21.3
24172,31129,31130,4.706,0.221,37.0
24173,31131,31120,1.24,0.19,9.8
24174,31137,10258,2.0,0.0,4.7
24175,31139,10260,2.0,0.0,4.7
24176,31143,10630,2.0,0.0,9.8
24177,31143,31144,2.0,0.0,14.4
24178,31145,10644,2.0,0.0,14.6
24179,31147,31148,2.0,0.0,14.0
24180,31149,31150,2.0,0.0,14.0
24181,31151,8766,1.333,0.267,9.9
24182,31151,31152,2.0,0.0,14.4
24183,31153,31154,2.25,0.25,17.2
24184,31155,37232,2.333,0.267,10.8
24185,31157,10278,2.0,0.0,4.7
24186,31159,31160,1.667,0.267,13.8
24187,31161,19452,2.333,0.267,19.7
24188,31161,41710,3.5,4.5,16.1
24189,31173,31174,2.0,0.0,17.3
24190,31175,31176,2.0,0.0,17.8
24191,31177,19450,1.667,0.333,10.2
24192,31183,41696,2.5,0.5,15.6
24193,31187,31188,4.0,1.0,32.8
24194,31187,31578,5.0,27.0,10.5
24195,31187,10308,8.0,0.0,1.4
24196,31189,31576,2.0,0.0,9.6
24197,31189,31190,2.0,0.0,14.5
24198,31189,10310,2.0,0.0,4.7
24199,31191,31192,2.0,0.0,12.3
24200,31191,31584,2.0,0.0,15.1
24201,31193,10314,2.0,0.0,4.7
24202,31195,31182,2.0,0.0,15.0
24203,31197,2022,2.0,0.0,9.2
24204,31203,31204,3.444,0.528,25.3
24205,31205,31206,2.0,0.0,13.7
24206,31205,31250,2.0,0.0,15.8
24207,31205,10326,2.0,0.0,4.7
24208,31207,10328,2.0,0.0,4.7
24209,31219,32296,2.0,0.0,7.6
24210,31219,41358,4.0,0.0,22.6
24211,31219,15722,1.5,0.5,6.5
24212,31221,7902,1.125,0.125,10.8
24213,31231,31232,2.0,0.0,9.0
24214,31233,38556,6.267,1.352,36.5
24215,31235,10388,2.0,0.0,11.6
24216,31237,10356,1.583,0.265,4.7
24217,31241,31242,1.167,0.152,13.4
24218,31243,31230,2.0,0.0,12.2
24219,31247,31248,1.7,0.456,20.1
24220,31251,31252,1.4,0.3,10.5
24221,31253,41112,1.667,0.333,7.6
24222,31261,31262,1.571,0.257,10.8
24223,31263,31264,2.045,0.141,14.9
24224,31269,39124,1.455,0.26,17.8
24225,31271,23800,2.0,0.0,7.7
24226,31271,31272,2.289,0.373,14.7
24227,31273,31274,2.257,0.785,12.3
24228,31275,31276,1.514,0.434,8.1
24229,31277,31278,3.576,110.377,10.4
24230,31279,31280,2.324,0.529,13.8
24231,31281,38894,6.156,424.265,14.1
24232,31283,31284,1.333,0.333,10.6
24233,31285,14882,3.0,0.0,21.9
24234,31287,10408,3.0,8.0,1.4
24235,31289,31632,2.0,0.0,13.6
24236,31293,724,2.0,0.0,16.3
24237,31297,31298,41.237,9951.705,10.6
24238,31301,8452,3.262,0.27,24.0
24239,31303,31306,3.0,0.0,13.9
24240,31305,31308,2.0,0.0,12.0
24241,31307,31308,4.2,0.2,16.6
24242,31309,25404,2.6,0.3,14.2
24243,31311,10714,2.333,0.333,12.2
24244,31311,31312,1.5,0.5,12.7
24245,31313,26716,2.0,0.0,12.0
24246,31313,31314,1.5,0.5,10.3
24247,31315,5008,4.5,0.5,28.6
24248,31317,31302,1.5,0.5,7.4
24249,31317,31318,1.357,0.238,10.4
24250,31321,31322,1.286,0.214,10.4
24251,31321,10432,17.0,0.0,1.4
24252,31325,23084,1.5,0.5,9.4
24253,31325,22432,2.071,0.071,15.9
24254,31325,2940,2.0,0.0,15.5
24255,31327,33800,3.0,0.0,14.4
24256,31329,31330,2.0,0.0,9.6
24257,31329,31356,1.381,0.248,7.2
24258,31331,4214,2.0,0.0,11.3
24259,31331,20504,2.0,0.0,10.4
24260,31333,31334,1.333,0.238,5.9
24261,31335,31378,1.5,0.5,9.1
24262,31335,31342,3.1,0.322,14.3
24263,31335,31400,2.0,0.0,8.6
24264,31337,31338,2.579,0.257,11.2
24265,31339,20246,4.0,0.545,19.6
24266,31339,31340,4.429,0.619,20.3
24267,31341,25308,5.571,0.286,38.5
24268,31343,31344,1.333,0.267,7.9
24269,31343,20566,1.333,0.333,7.3
24270,31345,31346,1.5,0.5,4.9
24271,31347,31348,2.0,0.0,12.2
24272,31349,31350,1.1,0.095,5.4
24273,31351,31352,3.105,0.322,14.0
24274,31353,31354,1.556,0.261,7.1
24275,31355,31336,1.889,0.34,9.2
24276,31357,20556,1.619,0.248,7.9
24277,31363,10444,1.5,0.5,4.7
24278,31367,864,2.0,0.0,9.0
24279,31369,792,2.667,0.333,14.2
24280,31375,20616,2.0,0.0,9.0
24281,31375,31376,2.0,0.0,14.4
24282,31377,20596,2.0,0.0,9.0
24283,31379,31380,4.0,0.0,14.4
24284,31381,31384,4.0,0.0,14.4
24285,31383,35776,2.444,0.278,13.2
24286,31385,31386,3.5,0.5,14.4
24287,31387,31388,3.0,0.0,14.4
24288,31389,10498,2.0,0.0,9.0
24289,31391,20568,2.667,0.333,14.2
24290,31399,31382,2.0,1.0,9.1
24291,31401,31402,2.667,0.333,12.8
24292,31403,20246,4.0,0.0,14.0
24293,31403,31340,2.5,0.5,8.8
24294,31409,31410,3.5,0.286,15.9
24295,31409,31412,4.0,0.0,20.2
24296,31411,10108,1.8,0.171,12.1
24297,31413,21574,2.833,0.167,14.3
24298,31419,33814,2.375,0.259,37.0
24299,31423,31390,2.0,0.0,9.0
24300,31423,826,3.0,0.0,14.4
24301,31423,10470,2.571,0.286,14.2
24302,31425,4208,16.625,756.917,9.0
24303,31427,24498,3.0,0.0,14.4
24304,31429,29214,3.0,0.0,14.3
24305,31433,31424,2.4,0.8,10.6
24306,31433,8594,3.167,0.333,14.7
24307,31433,29216,2.5,0.3,13.0
24308,31437,36496,2.75,0.917,8.6
24309,31437,19158,3.625,0.554,15.0
24310,31437,14900,4.0,0.0,19.3
24311,31437,41384,3.0,0.0,12.6
24312,31441,14902,3.0,0.0,8.7
24313,31445,33228,3.0,0.0,9.1
24314,31445,12064,3.0,0.0,14.2
24315,31445,10516,2.667,0.333,4.7
24316,31447,38562,6.0,0.0,16.5
24317,31457,28990,3.667,1.333,15.0
24318,31463,4494,2.0,1.0,16.5
24319,31469,10540,2.0,0.0,4.7
24320,31477,18362,1.684,0.228,8.2
24321,31479,10550,2.0,2.0,1.4
24322,31481,31482,1.077,0.077,10.6
24323,31513,31514,1.5,0.5,10.4
24324,31515,34776,5.5,24.5,9.7
24325,31517,33760,1.667,0.333,7.5
24326,31521,31522,1.2,0.2,14.6
24327,31523,31524,2.0,0.667,10.4
24328,31525,5898,1.667,0.333,9.2
24329,31525,26368,2.1,0.1,14.4
24330,31527,31528,1.013,0.013,8.1
24331,31529,16500,2.736,11.227,21.7
24332,31529,33826,5.714,34.527,16.3
24333,31535,31536,1.288,0.543,9.4
24334,31537,36854,2.385,47.265,15.6
24335,31539,33898,1.005,0.005,18.2
24336,31545,37258,2.0,0.0,14.9
24337,31547,22840,1.4,0.3,9.7
24338,31547,2738,2.0,0.0,15.0
24339,31553,22834,2.0,0.0,13.9
24340,31555,5428,2.0,0.0,10.4
24341,31555,25878,3.0,0.0,18.3
24342,31561,3978,2.0,0.0,10.9
24343,31561,31562,2.0,0.0,14.8
24344,31565,24208,2.0,0.0,15.9
24345,31565,29316,2.0,0.0,13.7
24346,31569,30078,2.0,0.0,14.7
24347,31575,41714,3.0,0.0,16.2
24348,31577,10264,2.0,0.0,14.4
24349,31579,10632,1.5,0.5,4.7
24350,31589,10638,2.0,0.0,13.9
24351,31593,31594,1.667,0.333,14.4
24352,31595,10648,2.0,0.0,4.7
24353,31599,38152,2.0,0.0,14.5
24354,31599,10652,2.0,0.0,4.7
24355,31603,31604,1.5,0.5,10.5
24356,31605,36050,2.0,0.0,14.6
24357,31607,10646,2.0,0.0,14.2
24358,31611,31612,2.0,0.0,14.6
24359,31613,31614,1.5,0.5,10.3
24360,31615,11420,2.0,0.0,9.1
24361,31615,32490,2.5,0.5,14.3
24362,31617,31618,2.0,0.0,14.4
24363,31625,31626,1.5,0.5,10.4
24364,31627,31628,2.333,0.333,14.2
24365,31629,11422,2.0,0.0,9.1
24366,31629,33294,2.333,0.267,14.3
24367,31633,31050,1.667,0.333,10.3
24368,31633,10180,3.0,0.0,15.8
24369,31635,10686,1.5,0.5,4.7
24370,31651,5108,7.208,695.737,9.5
24371,31653,10702,1.667,0.333,4.7
24372,31657,31658,3.0,0.0,14.4
24373,31659,3530,2.0,0.0,7.5
24374,31661,31662,1.667,0.333,4.2
24375,31663,33282,4.333,1.333,14.8
24376,31665,40634,3.28,0.377,15.5
24377,31673,31674,4.0,0.0,8.4
24378,31691,31692,2.0,0.0,14.4
24379,31699,10734,2.0,0.0,14.8
24380,31703,31704,2.75,0.917,14.8
24381,31705,10748,2.0,0.0,4.7
24382,31709,38996,2.0,0.0,13.2
24383,31711,31708,3.0,0.0,14.9
24384,31713,31716,2.667,0.333,14.7
24385,31717,38992,2.0,0.0,11.8
24386,31719,31720,1.211,0.168,14.1
24387,31721,40456,1.167,0.185,13.5
24388,31723,31724,2.0,0.0,13.9
24389,31735,10778,1.5,0.5,4.7
24390,31739,31740,1.286,0.238,10.9
24391,31741,31742,1.286,0.238,10.6
24392,31743,31744,1.667,0.267,14.6
24393,31745,41172,1.5,0.5,9.2
24394,31745,31746,2.0,0.0,11.8
24395,31749,31750,2.0,0.0,14.4
24396,31753,35152,2.118,0.11,13.9
24397,31753,13830,5.0,0.0,14.0
24398,31755,29764,2.462,0.436,13.3
24399,31757,494,1.286,0.238,6.5
24400,31759,14030,2.238,0.783,19.4
24401,31761,41366,1.086,0.08,5.1
24402,31763,10806,1.4,0.3,4.7
24403,31767,29080,2.0,0.0,7.5
24404,31767,8464,2.857,0.143,12.2
24405,31769,8852,2.0,0.0,13.2
24406,31771,10816,1.333,0.267,4.7
24407,31773,20414,2.0,0.0,9.4
24408,31773,722,3.333,0.333,14.4
24409,31775,38846,2.0,0.0,9.6
24410,31781,31782,15.395,2512.383,9.0
24411,31783,24408,3.4,0.267,20.9
24412,31783,25846,4.725,25.526,33.6
24413,31783,19718,9.091,127.891,12.8
24414,31785,31786,1.286,1.143,0.3
24415,31787,33256,1.412,0.257,8.5
24416,31787,33434,1.294,0.275,1.2
24417,31791,31792,2.033,0.208,26.0
24418,31791,24142,2.1,2.1,8.6
24419,31797,31798,1.537,13.605,5.6
24420,31799,31800,2.331,38.029,4.6
24421,31801,28596,1.194,0.25,5.4
24422,31801,19970,1.447,10.556,9.3
24423,31803,31820,2.0,0.0,9.2
24424,31803,21246,2.0,0.0,14.5
24425,31807,31812,1.5,0.5,9.3
24426,31813,31814,2.125,0.125,6.4
24427,31815,10876,2.4,0.3,11.4
24428,31815,31848,2.333,0.333,15.2
24429,31817,31818,1.5,0.5,5.5
24430,31819,11662,2.0,0.0,14.9
24431,31821,36068,3.0,0.0,17.0
24432,31821,31822,3.5,0.5,16.0
24433,31823,10852,1.5,0.5,4.7
24434,31827,38274,1.5,0.5,9.3
24435,31831,29984,3.0,0.0,13.5
24436,31833,31834,1.75,0.25,14.7
24437,31835,31820,3.0,0.0,14.5
24438,31835,21246,2.0,0.0,14.3
24439,31839,31816,5.0,0.0,9.1
24440,31845,27078,3.5,0.5,26.6
24441,31845,31846,3.239,0.598,29.8
24442,31847,31848,1.033,0.032,9.1
24443,31849,31850,1.024,0.024,4.8
24444,31851,33196,1.209,0.354,9.6
24445,31853,31862,3.0,0.0,10.6
24446,31855,40784,2.0,0.0,9.0
24447,31855,31856,4.0,0.0,11.6
24448,31855,10884,2.0,0.0,4.7
24449,31857,31858,4.0,0.0,11.4
24450,31863,31864,3.5,0.5,14.4
24451,31865,31866,3.5,0.5,14.1
24452,31867,31868,5.0,0.0,20.9
24453,31869,31870,1.25,0.25,5.5
24454,31871,31872,3.75,0.25,14.5
24455,31873,31874,3.0,0.5,12.2
24456,31875,1220,2.25,0.25,13.8
24457,31875,21016,3.0,0.0,18.8
24458,31877,31878,1.332,0.621,8.7
24459,31879,35738,1.518,0.264,9.7
24460,31899,31900,4.0,0.0,16.5
24461,31899,10924,1.2,0.2,4.8
24462,31905,39386,2.0,0.0,14.8
24463,31911,36474,1.154,0.141,12.8
24464,31913,30012,2.0,0.0,7.3
24465,31915,31916,2.0,0.0,15.1
24466,31917,1196,2.0,0.0,9.1
24467,31919,31920,2.0,0.0,14.3
24468,31921,31922,2.0,0.0,14.6
24469,31923,31924,3.0,0.0,14.4
24470,31925,14496,2.0,0.0,14.3
24471,31933,31930,4.0,0.0,16.0
24472,31933,31934,3.0,0.0,15.5
24473,31933,10956,1.5,0.5,4.7
24474,31937,10960,1.75,0.25,4.7
24475,31939,31946,4.75,0.917,9.0
24476,31939,31940,6.0,1.333,11.9
24477,31939,10962,2.5,0.333,4.7
24478,31941,31942,5.889,1.111,12.5
24479,31941,21040,6.0,0.0,13.0
24480,31943,31944,6.333,2.333,14.4
24481,31943,1244,7.5,4.333,14.6
24482,31943,10966,2.333,0.333,4.7
24483,31945,10968,2.25,0.25,4.7
24484,31947,21042,7.5,4.5,16.7
24485,31947,31948,9.0,0.0,18.8
24486,31947,10970,3.0,0.0,4.7
24487,31949,10972,2.0,0.0,4.7
24488,31955,10978,1.5,0.333,4.7
24489,31957,31958,2.0,0.0,14.5
24490,31957,17322,2.0,0.0,14.8
24491,31957,10980,1.333,0.333,4.7
24492,31959,17320,1.667,0.333,15.0
24493,31959,10982,1.429,0.286,4.7
24494,31961,32030,2.0,0.0,18.6
24495,31963,32030,2.0,0.0,19.7
24496,31969,10992,2.0,0.0,4.7
24497,31971,32310,1.857,0.132,14.5
24498,31975,31976,2.0,0.0,14.5
24499,31977,2120,1.417,0.265,8.3
24500,31979,31980,1.125,0.125,9.2
24501,31983,31984,1.448,0.328,5.0
24502,31985,31986,1.694,0.275,6.8
24503,31987,31988,1.6,0.365,5.2
24504,31989,12308,10.031,1750.031,9.1
24505,31991,21958,1.333,0.235,6.6
24506,31993,33502,4.111,0.34,8.1
24507,31993,17556,2.167,0.167,8.1
24508,31995,7988,2.0,0.0,13.9
24509,31997,21992,1.333,0.333,8.3
24510,32003,32004,1.222,0.178,15.7
24511,32009,32010,1.054,0.053,9.4
24512,32011,32012,1.529,1.287,13.7
24513,32011,29688,1.333,1.0,4.0
24514,32013,32014,2.114,1.928,9.4
24515,32015,41942,4.489,38.892,15.9
24516,32019,32020,1.184,0.278,6.0
24517,32021,33020,37.656,5998.297,3.2
24518,32025,17278,2.0,0.0,9.1
24519,32029,33280,1.533,0.806,14.4
24520,32031,32032,1.5,0.333,14.0
24521,32033,10928,3.25,0.25,23.6
24522,32035,32036,5.88,411.047,6.7
24523,32037,32038,3.067,2.782,26.8
24524,32037,19574,20.364,762.855,8.9
24525,32039,32040,4.372,352.436,8.2
24526,32041,32584,1.934,1.102,22.9
24527,32041,41852,15.411,1405.901,22.5
24528,32043,32044,1.068,0.064,3.8
24529,32045,33300,1.111,0.141,4.0
24530,32047,22038,1.25,0.192,5.7
24531,32049,32050,1.4,0.3,10.6
24532,32051,32052,1.5,0.333,10.4
24533,32055,20998,6.0,0.0,26.1
24534,32055,30656,2.0,0.0,14.1
24535,32055,11036,2.0,0.0,4.7
24536,32059,16586,3.0,0.0,14.2
24537,32061,8848,3.0,0.0,14.2
24538,32065,32066,3.667,0.333,14.4
24539,32067,32068,3.2,0.2,14.4
24540,32069,8844,1.84,0.14,9.0
24541,32071,38450,3.25,0.25,14.2
24542,32071,11052,1.75,0.25,4.7
24543,32077,11096,3.0,0.0,14.3
24544,32081,11088,3.0,0.0,9.3
24545,32089,32090,3.0,0.0,7.1
24546,32091,11100,1.667,0.333,4.2
24547,32093,32094,2.5,0.5,4.8
24548,32095,32096,3.0,0.0,4.9
24549,32101,39418,1.667,0.333,7.6
24550,32101,32102,1.12,0.11,9.2
24551,32103,29390,1.692,0.231,9.3
24552,32103,32104,1.417,0.265,12.2
24553,32105,32106,3.375,0.268,27.5
24554,32107,32108,2.0,0.286,14.6
24555,32109,32110,1.714,0.238,14.2
24556,32111,32118,1.25,0.25,5.0
24557,32111,32112,2.0,0.0,13.3
24558,32113,32114,2.0,0.0,14.4
24559,32115,20250,2.0,0.0,14.6
24560,32119,11072,4.0,2.0,9.4
24561,32119,32092,7.0,0.0,14.7
24562,32121,20432,1.667,0.267,8.6
24563,32121,32122,3.241,0.432,14.5
24564,32125,32126,4.042,0.389,8.7
24565,32127,27380,2.5,0.333,9.0
24566,32127,19534,3.576,0.252,16.1
24567,32127,17276,5.4,0.3,20.9
24568,32129,2962,2.0,0.167,9.1
24569,32129,33176,2.846,0.474,17.1
24570,32133,19050,1.273,0.218,9.7
24571,32133,41270,1.893,0.247,14.4
24572,32135,41244,2.727,0.218,20.4
24573,32137,32138,2.5,0.5,14.6
24574,32139,32140,3.0,2.0,14.6
24575,32141,32142,2.5,0.5,14.6
24576,32143,41244,2.5,0.5,19.3
24577,32145,32146,2.0,0.0,14.4
24578,32147,896,1.5,0.5,10.2
24579,32147,41426,2.0,0.0,17.0
24580,32149,41272,2.727,0.313,19.9
24581,32149,24634,3.0,0.0,15.2
24582,32157,37432,1.545,0.273,9.5
24583,32159,32160,1.625,0.268,11.9
24584,32163,32004,1.6,0.3,10.8
24585,32163,11000,2.667,0.75,18.0
24586,32165,32166,1.742,44.58,4.0
24587,32167,32168,1.511,0.483,14.7
24588,32167,9010,4.25,29.929,3.8
24589,32169,32170,1.631,4.629,12.3
24590,32171,9196,1.2,0.2,5.2
24591,32171,32172,1.732,0.748,14.2
24592,32173,22634,1.938,0.658,18.2
24593,32173,19572,7.818,210.964,5.3
24594,32175,35724,2.0,0.0,9.0
24595,32179,26458,1.333,0.333,8.9
24596,32181,32182,2.0,0.0,14.5
24597,32185,24390,2.0,0.0,17.8
24598,32189,32190,2.0,0.0,12.6
24599,32201,11172,2.0,0.0,4.7
24600,32213,32214,1.5,0.5,14.3
24601,32215,32216,2.0,0.0,14.4
24602,32217,26478,2.0,0.0,14.4
24603,32219,32220,2.0,0.0,14.5
24604,32221,32222,2.0,0.0,14.6
24605,32223,4084,2.0,0.0,9.0
24606,32227,32230,2.0,0.0,14.4
24607,32229,19788,1.5,0.5,9.1
24608,32229,32226,2.0,0.0,14.4
24609,32231,37728,3.0,0.0,14.4
24610,32233,11218,2.0,0.0,9.0
24611,32237,32228,2.5,0.5,14.1
24612,32239,32240,3.0,0.0,14.4
24613,32241,32242,2.0,0.0,14.5
24614,32243,41428,2.667,0.333,14.4
24615,32257,2956,2.0,0.0,9.6
24616,32257,4458,2.0,0.0,4.7
24617,32265,32266,2.023,0.205,25.0
24618,32265,18740,13.167,338.967,3.2
24619,32267,32268,1.005,0.005,10.4
24620,32267,40946,7.0,72.0,3.1
24621,32269,32270,1.025,0.042,5.0
24622,32271,32272,1.47,4.774,10.4
24623,32273,32274,1.794,0.563,11.2
24624,32275,15526,1.016,0.015,4.8
24625,32275,23556,1.75,0.917,14.5
24626,32281,7914,1.5,0.5,9.3
24627,32281,28498,3.667,0.333,14.3
24628,32285,11250,2.0,0.0,4.7
24629,32287,11252,1.333,0.333,4.7
24630,32289,18246,1.933,0.067,9.1
24631,32297,22084,1.333,0.333,5.7
24632,32297,19780,4.312,0.415,32.5
24633,32301,23802,1.76,0.455,12.2
24634,32301,40222,2.407,0.61,25.6
24635,32303,35266,3.867,40.384,26.6
24636,32303,25448,3.274,17.716,26.6
24637,32305,35252,3.204,9.775,27.5
24638,32307,32308,1.2,0.2,14.5
24639,32311,32312,1.062,0.062,8.8
24640,32313,21896,1.75,0.25,9.0
24641,32313,29830,3.25,0.917,17.4
24642,32313,2472,2.75,1.071,16.1
24643,32353,40386,1.75,0.25,8.3
24644,32353,32354,1.615,0.243,10.8
24645,32355,32356,1.361,0.237,10.4
24646,32355,40388,3.0,12.0,2.9
24647,32357,32358,1.485,0.258,10.8
24648,32359,32360,2.12,0.193,16.1
24649,32361,40382,1.75,0.25,8.9
24650,32361,32362,2.462,0.436,17.7
24651,32361,18208,1.125,0.125,5.1
24652,32367,32368,1.143,0.143,14.2
24653,32369,32370,2.0,0.0,13.7
24654,32371,32372,3.0,0.667,14.4
24655,32373,24322,2.0,0.0,9.0
24656,32373,32374,3.0,1.0,14.3
24657,32373,4060,1.5,0.5,4.7
24658,32375,11326,1.833,0.567,4.7
24659,32379,4064,1.5,0.5,11.2
24660,32385,35864,4.0,0.0,7.7
24661,32391,32392,1.75,0.5,12.5
24662,32393,32394,1.75,0.191,13.1
24663,32395,32396,1.203,0.164,9.1
24664,32397,32398,1.212,0.17,6.9
24665,32403,32408,1.667,0.333,10.6
24666,32405,40384,2.0,0.0,7.8
24667,32407,36430,1.5,0.5,8.1
24668,32409,11348,1.8,0.2,4.7
24669,32417,5224,5.0,0.0,15.0
24670,32421,5208,2.5,3.0,9.1
24671,32421,32422,2.0,0.143,14.5
24672,32421,25628,2.174,0.241,14.3
24673,32423,5776,1.5,0.267,9.1
24674,32429,32430,1.667,0.333,12.8
24675,32429,11368,2.0,0.0,4.7
24676,32431,26992,1.333,0.333,12.5
24677,32435,32436,2.0,0.0,17.1
24678,32437,33722,1.5,0.333,9.5
24679,32437,32438,2.0,0.0,16.6
24680,32437,12450,2.0,0.0,14.9
24681,32439,33736,3.0,0.0,24.3
24682,32439,32668,3.0,0.0,24.1
24683,32445,32446,3.0,0.0,25.1
24684,32449,11392,1.067,0.067,13.2
24685,32451,32452,1.5,0.286,10.9
24686,32457,32458,1.167,0.167,7.3
24687,32459,41510,2.0,0.0,12.5
24688,32459,32460,3.0,1.0,15.2
24689,32459,11396,2.0,0.0,4.7
24690,32461,32462,3.667,0.333,15.0
24691,32463,41512,2.0,0.0,10.0
24692,32463,41504,2.0,0.0,12.1
24693,32475,12138,2.364,0.255,14.1
24694,32475,38430,2.889,0.928,15.0
24695,32489,32490,1.103,0.093,13.5
24696,32491,33294,1.605,0.267,13.5
24697,32495,7960,2.0,0.0,10.9
24698,32495,28542,3.5,0.5,15.9
24699,32501,3822,1.5,0.5,7.2
24700,32505,3810,3.0,0.0,15.5
24701,32513,32514,2.5,4.5,7.0
24702,32515,7556,2.333,0.333,11.6
24703,32517,32518,4.0,0.0,22.6
24704,32517,11446,2.0,0.0,4.7
24705,32527,32528,1.75,0.258,12.9
24706,32527,35850,1.513,1.52,4.2
24707,32529,37636,1.75,0.194,9.9
24708,32529,25484,2.0,0.0,11.2
24709,32539,32540,1.286,0.22,10.3
24710,32541,40970,1.923,0.077,14.7
24711,32545,28028,2.278,0.226,29.8
24712,32545,35372,2.394,0.252,29.8
24713,32551,11476,1.667,0.333,4.7
24714,32553,6216,3.0,0.0,12.4
24715,32555,11480,2.0,0.0,4.7
24716,32559,32560,3.75,0.25,16.0
24717,32565,32566,5.428,302.59,10.5
24718,32567,32568,4.818,108.457,8.2
24719,32569,32570,2.073,2.64,13.2
24720,32569,29074,16.4,134.8,3.2
24721,32571,32572,2.165,3.561,9.9
24722,32571,41206,15.0,18.0,1.8
24723,32573,37426,13.854,489.263,23.8
24724,32575,2560,2.373,34.7,14.5
24725,32577,32578,1.273,6.644,5.2
24726,32579,32580,1.566,21.598,8.2
24727,32581,39400,1.953,0.783,18.1
24728,32581,39404,18.778,687.944,10.3
24729,32583,32576,1.401,14.923,3.0
24730,32585,32586,1.478,4.136,11.7
24731,32587,1528,1.037,0.036,5.8
24732,32589,32590,13.93,1422.128,3.9
24733,32591,37674,1.333,0.25,8.0
24734,32591,2300,4.737,0.794,37.7
24735,32591,31796,4.597,23.837,21.1
24736,32593,30778,1.299,0.417,8.0
24737,32595,40182,6.547,561.63,11.5
24738,32595,33654,2.273,15.017,10.0
24739,32611,32612,1.125,0.125,5.0
24740,32613,32614,1.143,0.143,5.0
24741,32619,32600,2.0,0.0,10.2
24742,32623,3246,1.909,0.291,9.0
24743,32635,32636,2.111,0.361,13.7
24744,32637,32638,3.0,0.0,14.0
24745,32637,32622,2.833,0.567,14.4
24746,32639,12084,3.5,0.571,14.0
24747,32641,33284,6.0,0.0,39.0
24748,32643,41866,2.364,14.147,14.8
24749,32643,30782,20.576,2291.871,11.1
24750,32647,13064,1.5,0.5,7.7
24751,32649,35552,2.0,0.0,9.1
24752,32649,14110,2.143,0.143,14.2
24753,32653,32654,4.226,0.525,20.6
24754,32655,32656,2.46,0.253,11.9
24755,32657,32658,1.055,0.053,5.0
24756,32659,32660,2.327,0.261,10.4
24757,32661,32662,3.25,0.214,16.9
24758,32661,8286,1.089,0.356,3.9
24759,32663,13182,1.714,0.571,7.2
24760,32663,32664,2.0,0.0,9.8
24761,32663,11572,3.0,0.0,1.4
24762,32665,10106,2.333,0.267,15.1
24763,32667,5910,2.105,0.211,20.3
24764,32669,32670,2.0,0.0,18.8
24765,32669,27162,2.2,0.2,19.6
24766,32669,27638,2.0,0.0,17.0
24767,32671,26224,2.0,0.0,13.6
24768,32681,32426,2.0,0.0,15.1
24769,32681,5802,2.0,0.0,14.9
24770,32685,11368,2.0,0.0,12.9
24771,32693,29656,1.385,0.256,9.2
24772,32693,32694,1.336,0.225,17.2
24773,32695,32696,1.132,0.115,13.8
24774,32697,32698,1.012,0.012,9.5
24775,32699,12412,1.143,0.132,5.6
24776,32699,25570,1.248,0.208,15.5
24777,32699,25562,7.0,52.0,4.2
24778,32701,32702,1.118,0.142,13.6
24779,32703,29652,1.286,0.238,5.1
24780,32703,32704,1.066,0.062,13.5
24781,32709,36952,2.5,0.5,14.5
24782,32711,32690,2.824,0.277,34.7
24783,32713,32714,11.838,1503.441,8.6
24784,32715,29796,1.756,0.189,21.4
24785,32715,32716,1.989,0.597,19.3
24786,32717,30776,12.747,1605.366,8.2
24787,32719,25450,16.976,2481.404,14.1
24788,32725,40032,1.316,0.271,10.8
24789,32727,32728,1.973,50.227,9.4
24790,32729,30728,3.409,128.909,7.8
24791,32731,16080,1.574,0.255,13.5
24792,32731,32732,1.054,0.052,10.9
24793,32733,27202,1.365,0.234,14.0
24794,32739,32764,2.15,0.239,12.1
24795,32739,11648,3.6,0.473,20.3
24796,32743,32744,1.06,0.058,10.6
24797,32751,32752,1.27,0.2,17.0
24798,32755,32756,1.149,0.129,15.0
24799,32757,32734,1.262,0.33,14.4
24800,32757,6560,1.978,8.333,4.3
24801,32759,32760,2.19,0.51,25.3
24802,32759,13374,7.071,42.533,4.3
24803,32761,40622,3.0,0.0,12.9
24804,32761,32762,1.19,0.248,11.6
24805,32763,11624,1.909,0.317,10.1
24806,32763,32764,2.256,0.855,20.2
24807,32765,32766,1.168,0.15,14.2
24808,32765,34664,3.0,8.0,2.9
24809,32767,27786,1.018,0.018,8.7
24810,32771,22538,4.8,1.2,32.4
24811,32771,20424,3.918,0.743,29.7
24812,32775,32776,1.033,0.032,14.6
24813,32777,32778,1.01,0.01,14.3
24814,32787,22312,2.0,0.0,9.9
24815,32787,32788,2.059,0.178,14.3
24816,32789,22346,1.143,0.143,9.9
24817,32789,22340,1.757,0.245,13.3
24818,32791,21352,1.25,0.25,6.8
24819,32801,31788,1.077,0.073,14.2
24820,32803,21576,2.0,0.0,16.4
24821,32803,35440,15.042,700.083,23.1
24822,32805,32806,1.35,1.072,9.6
24823,32807,32042,1.057,0.074,4.3
24824,32807,11688,3.667,21.333,1.4
24825,32809,32810,6.0,0.0,20.2
24826,32815,32816,3.0,0.667,13.0
24827,32817,32818,4.0,1.0,14.4
24828,32819,32820,3.333,1.333,14.4
24829,32821,32822,3.333,1.333,14.4
24830,32823,32838,2.5,0.5,14.2
24831,32823,11698,2.0,0.0,4.7
24832,32835,36930,3.0,0.0,15.1
24833,32839,15296,2.0,0.0,10.1
24834,32839,36924,3.0,0.0,15.0
24835,32845,22264,1.225,0.175,26.2
24836,32845,33896,1.189,0.155,26.4
24837,32847,23580,3.5,0.278,33.0
24838,32847,22762,3.833,0.338,36.2
24839,32855,11724,1.667,0.333,4.7
24840,32863,22282,7.0,2.0,27.6
24841,32871,16022,2.0,0.0,9.0
24842,32873,3622,2.182,0.164,7.5
24843,32881,32882,1.188,0.285,13.4
24844,32883,32884,1.308,0.328,13.4
24845,32883,22410,7.8,111.2,3.5
24846,32885,32886,1.041,0.039,9.3
24847,32887,30754,1.611,0.442,16.3
24848,32889,32930,1.75,0.25,9.4
24849,32893,36770,2.0,0.0,9.0
24850,32893,32894,3.0,0.0,14.4
24851,32893,11762,1.5,0.5,4.7
24852,32895,32896,3.333,0.333,14.5
24853,32895,15132,3.0,0.0,14.2
24854,32897,32898,4.0,0.0,14.6
24855,32897,11766,2.0,0.0,4.7
24856,32905,15044,2.429,0.286,12.6
24857,32905,15120,2.0,0.0,12.1
24858,32907,41430,2.143,0.143,14.3
24859,32911,33124,1.857,0.143,14.2
24860,32915,32916,2.0,0.0,14.6
24861,32917,18746,1.667,0.333,14.2
24862,32917,32918,2.0,0.0,16.6
24863,32919,24644,2.0,0.0,15.1
24864,32925,15836,4.0,0.5,19.0
24865,32925,37572,2.0,0.0,4.7
24866,32931,32932,1.051,0.159,9.4
24867,32931,39516,3.0,0.0,2.4
24868,32933,30726,1.733,13.559,8.6
24869,32935,20406,2.0,0.0,9.2
24870,32935,11794,2.0,0.0,4.7
24871,32953,34144,2.0,0.0,9.4
24872,32955,32956,4.0,0.0,14.5
24873,32957,32958,3.0,0.0,15.2
24874,32967,12248,1.222,0.179,6.1
24875,32967,14492,1.27,0.727,13.4
24876,32971,32972,3.0,0.0,14.5
24877,32971,11830,2.0,0.0,4.7
24878,32973,32974,2.0,0.0,9.7
24879,32975,32976,2.0,0.0,11.0
24880,32977,22292,3.0,0.0,15.8
24881,32981,32982,2.0,0.0,14.4
24882,32981,2258,2.5,0.5,14.2
24883,32983,22302,1.667,0.333,11.1
24884,32983,11842,2.0,0.0,4.7
24885,32987,6098,2.0,0.0,10.5
24886,32989,6100,1.667,0.333,3.6
24887,32991,32992,4.225,247.184,8.0
24888,32993,33238,1.319,0.222,5.7
24889,32993,32726,2.83,0.489,31.7
24890,32993,29930,13.2,432.695,12.5
24891,32993,32712,28.667,994.333,4.6
24892,32995,32592,15.782,2019.407,12.0
24893,32997,33544,1.263,0.332,9.7
24894,32999,33000,1.887,53.519,8.3
24895,33001,33002,1.578,2.215,8.1
24896,33003,33004,6.992,455.063,7.1
24897,33005,37712,2.412,0.365,12.8
24898,33005,37226,4.761,46.183,39.3
24899,33005,16066,25.0,50.0,11.5
24900,33007,33008,1.087,0.079,13.5
24901,33009,33010,1.099,0.111,9.6
24902,33011,33012,1.203,0.205,8.7
24903,33013,33014,1.006,0.006,9.0
24904,33015,33016,4.398,132.762,8.2
24905,33017,12782,1.143,0.143,5.6
24906,33017,35692,2.519,0.572,27.6
24907,33017,41694,9.933,286.954,8.5
24908,33021,32028,3.938,23.129,2.4
24909,33021,28212,3.882,0.86,36.6
24910,33023,37436,3.275,1.333,29.6
24911,33023,40322,1.182,0.164,5.7
24912,33025,20310,2.157,0.135,28.5
24913,33025,39286,2.249,2.127,28.9
24914,33027,11878,5.333,2.333,10.1
24915,33031,11862,2.5,0.5,4.7
24916,33065,33066,1.5,0.286,20.0
24917,33069,33070,1.125,0.125,10.4
24918,33071,21050,1.625,0.268,7.6
24919,33077,33078,3.0,0.0,28.2
24920,33081,31522,2.0,0.0,14.3
24921,33083,38170,14.25,2429.152,4.5
24922,33083,33084,4.538,303.695,9.4
24923,33083,22896,30.0,787.333,2.3
24924,33089,33090,3.0,0.0,14.4
24925,33091,33092,3.5,0.5,19.4
24926,33093,11918,2.143,0.132,9.1
24927,33095,33096,3.0,0.0,15.4
24928,33097,33098,2.75,0.917,14.7
24929,33099,25606,2.3,0.233,14.7
24930,33099,5186,2.0,0.0,13.8
24931,33103,33104,2.0,0.4,13.4
24932,33105,33106,1.833,0.167,14.5
24933,33107,33108,2.0,0.0,14.4
24934,33109,33110,2.0,0.0,14.7
24935,33113,33114,2.0,0.0,14.5
24936,33113,11196,2.0,0.0,14.7
24937,33117,11170,2.0,0.0,9.0
24938,33123,41804,2.0,0.0,12.9
24939,33125,26456,1.25,0.25,9.0
24940,33127,33128,1.75,0.214,14.4
24941,33129,33130,1.333,0.25,8.8
24942,33131,33132,1.778,0.444,14.4
24943,33133,33134,2.333,0.75,13.6
24944,33135,32146,1.333,0.333,8.4
24945,33135,11120,2.0,0.0,13.6
24946,33153,33154,1.253,0.189,25.8
24947,33155,33156,1.02,0.02,18.4
24948,33157,36504,2.694,0.847,45.3
24949,33159,33160,1.26,0.437,8.8
24950,33161,33162,1.422,0.246,8.2
24951,33163,33164,1.481,0.842,8.1
24952,33165,33166,2.436,15.662,13.5
24953,33167,33182,1.702,0.618,9.4
24954,33169,33170,9.695,752.144,4.1
24955,33171,35434,2.004,1.436,11.4
24956,33173,33178,4.802,557.627,14.2
24957,33173,22908,1.263,1.316,4.0
24958,33175,20834,1.138,0.12,13.6
24959,33175,28754,3.273,18.911,1.6
24960,33177,33168,1.966,2.634,14.3
24961,33179,33180,1.663,0.544,9.4
24962,33181,33190,1.807,0.479,9.3
24963,33183,33184,28.133,3588.4,11.2
24964,33185,35536,1.333,0.333,6.1
24965,33185,40216,5.319,1.048,45.9
24966,33185,35532,6.973,1.388,38.1
24967,33187,33188,1.094,0.103,9.5
24968,33187,17450,5.0,0.0,2.9
24969,33189,20836,3.438,1.133,36.2
24970,33189,40210,4.698,20.454,14.4
24971,33191,33192,1.747,0.726,8.5
24972,33193,40192,24.773,3514.316,7.3
24973,33195,16418,2.0,0.0,16.0
24974,33195,12034,3.455,1.184,30.8
24975,33195,12038,9.963,316.98,7.0
24976,33197,4488,2.0,0.0,13.8
24977,33197,33198,1.264,0.328,12.2
24978,33199,33200,1.175,0.24,10.5
24979,33199,15930,7.333,120.333,3.0
24980,33201,12038,3.754,1.128,15.5
24981,33201,12026,4.333,0.424,31.4
24982,33203,33204,7.139,355.987,9.1
24983,33205,12026,2.067,0.616,10.8
24984,33205,16418,4.312,0.629,33.4
24985,33205,12034,2.252,0.354,12.1
24986,33207,12042,1.5,0.5,4.7
24987,33215,33216,1.016,0.016,9.8
24988,33217,25386,2.152,0.206,25.2
24989,33217,2820,4.214,23.72,5.1
24990,33219,12056,2.0,0.0,4.7
24991,33223,37530,2.241,0.19,17.6
24992,33225,41690,2.0,0.0,8.8
24993,33229,33230,2.0,0.0,14.3
24994,33235,12072,1.333,0.333,4.7
24995,33237,16308,2.25,0.214,15.6
24996,33239,21446,6.141,847.154,10.8
24997,33243,33244,8.0,0.0,14.6
24998,33245,20282,7.0,0.0,12.7
24999,33247,33248,1.173,0.146,5.4
25000,33249,23402,3.833,0.319,17.9
25001,33249,33250,3.417,1.72,14.7
25002,33249,23396,3.25,0.214,15.2
25003,33251,11548,1.4,0.3,9.0
25004,33251,33252,3.125,0.411,14.2
25005,33253,27626,2.0,0.0,9.0
25006,33253,33254,3.0,1.0,14.4
25007,33255,12088,1.5,0.5,4.7
25008,33257,25898,2.059,1.434,10.8
25009,33259,12098,3.0,0.0,14.2
25010,33269,12100,2.0,0.0,4.7
25011,33277,29912,1.5,0.5,5.6
25012,33277,29090,2.0,0.0,15.2
25013,33277,9202,2.0,0.0,10.1
25014,33279,35402,1.147,0.127,13.5
25015,33279,17152,1.438,1.196,3.3
25016,33281,33282,2.665,67.761,13.1
25017,33283,21994,3.158,1.028,32.5
25018,33283,19822,4.057,0.562,19.6
25019,33285,32994,1.359,1.705,2.1
25020,33287,30774,8.358,720.824,8.2
25021,33289,29670,2.5,0.5,9.2
25022,33291,39570,6.0,0.0,12.1
25023,33293,39148,2.667,0.333,17.8
25024,33293,39152,3.575,0.727,36.6
25025,33295,33296,1.244,0.187,9.5
25026,33295,31294,2.0,0.0,2.8
25027,33297,33298,2.941,0.27,20.7
25028,33297,31286,8.0,0.0,6.6
25029,33299,32962,1.656,0.261,9.5
25030,33299,8928,2.955,0.903,15.7
25031,33299,10194,3.833,0.567,15.1
25032,33301,21506,2.324,150.343,12.2
25033,33303,33304,1.293,0.21,9.4
25034,33305,33306,1.895,0.175,14.2
25035,33307,38526,2.0,0.0,12.5
25036,33307,26740,4.0,0.0,28.3
25037,33307,33308,4.298,0.501,31.4
25038,33309,33310,2.657,0.35,18.6
25039,33309,28222,2.792,0.283,20.7
25040,33311,33312,1.386,0.241,10.5
25041,33313,33314,1.091,0.084,7.5
25042,33315,33316,1.2,0.163,8.8
25043,33319,33320,1.111,0.282,8.4
25044,33321,11404,9.667,278.0,2.2
25045,33323,31432,2.0,0.0,11.6
25046,33325,24406,1.498,0.257,18.5
25047,33343,34448,2.731,0.273,27.8
25048,33343,38850,2.289,0.211,29.7
25049,33345,33346,1.571,0.257,15.2
25050,33347,33348,2.042,0.041,19.7
25051,33353,33354,1.396,0.242,18.1
25052,33355,33356,3.0,0.255,39.3
25053,33359,33360,1.191,0.156,14.7
25054,33363,33364,2.083,0.113,21.5
25055,33363,41404,4.0,0.0,24.6
25056,33365,33366,1.077,0.072,13.8
25057,33369,22966,8.293,143.848,13.1
25058,33375,2382,1.377,0.239,16.4
25059,33377,33378,1.981,0.134,26.3
25060,33379,33370,1.057,0.054,14.6
25061,33381,26084,1.286,0.238,9.4
25062,33383,33384,1.262,0.198,9.5
25063,33385,33386,1.952,11.12,9.6
25064,33387,23102,2.379,0.672,18.0
25065,33387,5190,3.462,2.103,23.9
25066,33389,33390,1.545,0.273,10.6
25067,33391,33392,1.167,0.152,10.3
25068,33395,33396,1.125,0.125,9.3
25069,33397,33398,1.125,0.125,11.0
25070,33399,33400,1.125,0.125,8.6
25071,33401,33402,1.364,0.255,10.6
25072,33403,33404,1.273,0.218,9.5
25073,33407,39464,1.006,0.006,5.6
25074,33407,33408,1.05,0.048,9.7
25075,33409,39462,1.191,0.175,9.8
25076,33425,38924,38.154,7870.974,8.4
25077,33427,33428,5.232,796.24,4.7
25078,33429,22738,1.905,0.19,9.0
25079,33429,39368,2.164,4.102,9.5
25080,33431,39152,3.145,1.238,30.7
25081,33431,40320,23.393,1200.84,7.7
25082,33433,31784,3.227,3.82,22.7
25083,33435,19682,20.921,1098.698,32.8
25084,33435,19684,142.606,48974.058,32.7
25085,33437,34608,2.0,0.0,14.4
25086,33445,14492,1.917,0.167,10.2
25087,33445,29580,2.889,0.611,18.2
25088,33445,11826,3.5,0.857,15.5
25089,33449,30034,3.0,0.167,23.4
25090,33451,33452,2.0,0.0,14.5
25091,33451,9326,9.0,0.0,3.1
25092,33455,33456,1.5,0.333,12.2
25093,33459,37420,2.5,0.5,17.0
25094,33459,29180,2.333,5.333,3.4
25095,33467,33468,1.069,0.065,5.4
25096,33469,27388,2.397,0.243,17.0
25097,33469,33470,2.175,0.179,16.0
25098,33471,33472,1.214,0.208,6.1
25099,33473,33474,1.043,0.043,1.3
25100,33475,33476,2.492,1.125,13.4
25101,33477,33478,1.04,0.039,3.8
25102,33479,40184,9.52,1017.28,21.0
25103,33481,32016,1.65,0.233,11.3
25104,33481,15720,2.385,0.243,19.4
25105,33483,33484,1.455,0.273,10.5
25106,33483,29856,1.286,0.571,3.2
25107,33485,33480,2.159,0.137,15.3
25108,33487,33488,1.6,0.267,12.5
25109,33487,10720,2.0,0.0,9.9
25110,33489,33490,1.857,0.143,14.0
25111,33491,33492,1.444,0.261,10.8
25112,33493,33494,1.737,0.205,13.4
25113,33493,17480,2.0,0.0,11.0
25114,33495,32022,1.333,0.232,8.0
25115,33497,33498,9.714,699.875,11.2
25116,33499,38932,3.0,0.0,13.5
25117,33499,17290,6.489,47.21,21.2
25118,33501,33504,2.745,0.427,11.6
25119,33503,33500,3.862,3.195,10.6
25120,33505,22056,1.769,0.192,9.6
25121,33505,33506,1.829,0.225,9.2
25122,33507,33508,2.223,0.291,15.6
25123,33509,33510,3.165,163.949,11.6
25124,33511,27794,2.202,0.227,17.9
25125,33511,22124,25.5,940.333,3.1
25126,33517,33518,1.081,0.076,6.4
25127,33521,31112,1.333,0.333,9.4
25128,33521,4550,1.333,0.333,8.5
25129,33523,9390,2.333,0.25,14.4
25130,33525,33526,1.25,0.214,4.9
25131,33527,29902,1.625,0.554,9.7
25132,33527,9192,2.0,0.0,15.0
25133,33529,8898,1.2,0.171,9.1
25134,33529,29922,1.333,0.333,13.0
25135,33533,33534,2.0,0.194,14.1
25136,33535,29800,1.667,0.333,9.2
25137,33535,33536,2.28,0.21,15.7
25138,33535,9094,2.0,0.0,15.4
25139,33535,12322,2.0,0.0,4.7
25140,33537,21462,5.217,267.905,10.7
25141,33537,1604,9.0,75.5,16.2
25142,33545,33546,1.256,3.178,5.8
25143,33547,33548,1.317,4.89,5.5
25144,33549,33550,1.474,10.871,8.2
25145,33551,33006,1.698,0.509,19.3
25146,33551,27392,24.37,949.242,8.5
25147,33553,12332,3.0,0.0,4.7
25148,33565,31924,1.5,0.5,9.1
25149,33565,10946,2.0,0.0,14.3
25150,33567,33568,1.857,0.132,13.6
25151,33569,33570,1.286,0.22,10.4
25152,33571,33572,1.857,0.132,14.6
25153,33575,33576,1.125,0.125,10.5
25154,33577,8906,2.0,0.0,7.9
25155,33577,33578,2.143,0.143,18.7
25156,33579,33580,2.0,0.0,13.9
25157,33581,33582,2.8,0.2,21.3
25158,33583,33584,1.4,0.3,10.3
25159,33585,21144,2.4,0.3,15.1
25160,33587,38924,1.606,0.434,7.9
25161,33589,15798,2.333,0.333,6.9
25162,33589,34876,3.667,0.333,18.6
25163,33591,33592,1.972,0.028,14.4
25164,33593,33594,1.079,0.075,4.7
25165,33595,33596,1.316,0.222,12.0
25166,33597,33598,1.065,0.062,5.9
25167,33599,8266,1.125,0.125,5.0
25168,33599,33600,1.951,0.048,14.5
25169,33601,22010,1.65,0.285,11.8
25170,33601,22122,2.0,0.0,6.2
25171,33603,33604,6.833,1.767,30.8
25172,33605,33606,2.545,0.473,11.3
25173,33607,35272,2.571,0.264,7.4
25174,33609,33604,7.0,0.5,23.4
25175,33615,15540,1.167,0.167,7.6
25176,33615,33616,1.133,0.124,10.5
25177,33617,31972,2.0,0.0,9.9
25178,33617,28764,1.727,0.218,13.3
25179,33617,22080,1.714,0.238,14.4
25180,33623,12372,2.5,4.5,1.4
25181,33625,33588,1.333,0.667,8.4
25182,33629,1506,1.562,0.262,10.4
25183,33639,33222,1.036,0.036,8.4
25184,33641,38890,5.5,0.5,24.4
25185,33641,19804,3.0,0.0,25.3
25186,33643,33644,1.8,0.2,13.6
25187,33643,12382,1.5,0.5,4.7
25188,33645,33646,1.75,0.25,14.0
25189,33645,12384,2.0,0.0,4.7
25190,33647,33648,2.0,0.0,12.1
25191,33647,24166,2.0,0.0,13.8
25192,33649,12388,1.333,0.333,4.7
25193,33651,18024,2.0,0.0,17.7
25194,33653,32990,3.607,0.544,21.5
25195,33653,29794,3.667,0.524,39.4
25196,33653,38542,3.892,1.139,40.1
25197,33655,33650,2.75,0.25,38.7
25198,33655,32990,3.818,0.653,26.7
25199,33657,33658,1.623,0.925,19.0
25200,33657,28162,2.833,10.567,3.0
25201,33659,33660,1.637,29.819,8.6
25202,33661,33662,2.13,0.597,23.6
25203,33663,37466,2.792,0.822,24.5
25204,33663,41842,1.92,5.261,6.9
25205,33665,33666,2.292,0.216,21.0
25206,33667,33668,1.44,0.257,10.4
25207,33669,33670,1.259,0.199,10.4
25208,33671,33672,1.296,0.217,10.4
25209,33673,33674,2.111,0.179,14.7
25210,33675,33676,1.286,0.212,10.4
25211,33677,33678,1.483,0.259,10.4
25212,33679,25570,1.615,0.423,11.5
25213,33679,25562,2.667,1.333,17.2
25214,33679,11606,2.231,0.192,15.6
25215,33687,12420,2.0,0.0,4.7
25216,33691,12424,2.0,0.0,4.7
25217,33697,33224,2.0,0.0,21.7
25218,33701,22750,2.0,0.0,12.1
25219,33701,108,3.571,0.952,13.7
25220,33709,9424,4.0,2.0,7.5
25221,33709,33710,6.4,0.3,14.4
25222,33711,33712,17.0,1.0,38.6
25223,33711,30686,6.0,0.0,14.2
25224,33711,12440,2.0,0.0,4.7
25225,33715,31614,3.0,1.0,12.6
25226,33721,33722,1.135,0.118,13.5
25227,33723,33724,1.101,0.091,14.2
25228,33727,26362,1.22,0.173,14.6
25229,33731,26642,1.5,0.286,11.8
25230,33735,11378,2.0,0.0,9.6
25231,33735,33736,4.0,0.0,30.4
25232,33735,32668,4.0,0.0,27.4
25233,33737,12466,1.8,0.2,4.7
25234,33741,5730,1.667,0.267,10.0
25235,33743,29908,2.0,0.0,7.6
25236,33749,12478,2.0,0.0,4.7
25237,33757,12486,2.0,0.0,4.7
25238,33759,33766,3.0,0.0,14.2
25239,33761,33762,1.5,0.5,9.6
25240,33761,12496,2.0,0.0,13.9
25241,33761,12490,1.5,0.5,4.7
25242,33763,12492,2.0,0.0,4.8
25243,33765,33766,2.5,0.5,14.4
25244,33767,12490,2.0,0.0,8.8
25245,33773,12498,2.0,0.0,4.7
25246,33777,12502,2.357,0.555,4.7
25247,33779,12518,5.0,0.0,9.0
25248,33781,3488,4.667,1.467,10.1
25249,33785,33798,3.0,0.0,9.2
25250,33785,33786,7.596,2.229,14.4
25251,33787,3490,5.4,0.8,9.2
25252,33787,33788,7.117,2.132,14.3
25253,33787,12510,2.667,0.667,4.7
25254,33789,33790,6.726,1.594,13.6
25255,33789,33796,4.75,2.333,14.3
25256,33789,12512,2.25,0.5,4.7
25257,33791,33792,5.987,1.053,12.6
25258,33791,33776,6.591,1.587,13.0
25259,33791,12514,2.2,0.178,4.7
25260,33793,23648,5.417,1.679,10.4
25261,33793,33794,6.714,0.914,14.6
25262,33793,12516,3.0,0.444,4.7
25263,33795,33780,6.0,1.0,14.3
25264,33795,12504,6.0,1.0,14.3
25265,33795,12518,2.333,0.25,4.7
25266,33797,12520,1.667,0.25,4.7
25267,33801,9274,2.0,0.0,11.4
25268,33803,35640,2.0,0.0,9.2
25269,33805,33806,1.667,0.333,14.5
25270,33807,33808,1.889,0.361,15.0
25271,33809,29736,1.9,0.1,15.0
25272,33815,35970,1.086,0.341,7.0
25273,33815,35968,1.259,2.41,7.6
25274,33819,20354,1.545,0.273,4.7
25275,33821,33822,3.318,0.894,9.0
25276,33823,632,2.458,0.259,12.9
25277,33825,35252,3.734,1.642,32.1
25278,33847,26446,2.167,0.167,15.2
25279,33847,4240,2.0,0.0,15.0
25280,33853,33854,2.943,0.401,14.4
25281,33855,13426,2.964,0.181,21.0
25282,33859,41274,2.0,0.0,15.9
25283,33861,33862,1.105,0.095,5.9
25284,33863,33864,1.701,19.569,13.9
25285,33863,14326,1.583,1.902,1.6
25286,33865,33866,1.216,0.225,9.4
25287,33867,33868,2.098,42.627,9.4
25288,33869,33870,1.922,38.782,9.4
25289,33871,30834,8.59,690.116,8.5
25290,33873,33874,3.823,381.772,13.4
25291,33875,33876,32.504,5577.849,13.0
25292,33877,33878,2.651,2.293,20.2
25293,33879,35406,1.611,1.968,12.7
25294,33887,32046,1.136,0.123,8.8
25295,33889,12618,1.267,0.21,11.4
25296,33889,32046,2.333,0.433,14.4
25297,33893,29790,2.0,0.0,8.7
25298,33911,33912,1.593,1.58,10.0
25299,33911,8114,8.0,0.0,2.9
25300,33913,33914,1.894,26.499,10.0
25301,33915,14130,2.964,0.628,15.5
25302,33915,32298,3.64,1.49,31.0
25303,33915,28654,2.572,10.885,9.6
25304,33919,33920,2.25,0.25,5.0
25305,33921,33922,5.0,0.5,11.0
25306,33923,30212,3.4,0.8,13.2
25307,33925,33926,5.376,529.966,7.6
25308,33927,36088,4.391,41.847,35.1
25309,33927,18026,4.605,42.029,10.8
25310,33929,28480,2.614,0.313,11.3
25311,33929,25258,5.857,27.802,40.7
25312,33931,33430,9.0,1408.213,9.2
25313,33935,16890,3.091,0.291,14.2
25314,33939,33940,3.0,0.0,14.2
25315,33941,13426,1.8,0.178,11.9
25316,33945,34294,2.25,0.25,9.2
25317,33947,37264,2.0,0.0,13.9
25318,33949,12650,2.0,0.0,4.7
25319,33961,33962,3.0,0.0,14.9
25320,33963,34674,3.0,0.0,19.6
25321,33965,15556,2.0,0.0,13.0
25322,33967,15552,2.0,0.0,12.7
25323,33977,12668,2.0,0.0,8.8
25324,34001,12716,4.0,0.0,19.2
25325,34007,12732,3.0,0.0,9.0
25326,34011,12704,2.0,0.0,4.7
25327,34017,34970,2.0,0.0,6.6
25328,34021,12708,3.0,0.0,15.1
25329,34023,12690,3.5,0.5,15.2
25330,34023,40104,4.556,0.778,21.6
25331,34025,12736,3.0,0.0,14.3
25332,34035,38760,2.929,0.225,14.4
25333,34035,16868,3.2,0.2,14.2
25334,34035,12728,1.5,0.333,4.7
25335,34037,12702,3.0,0.5,14.3
25336,34039,34008,2.0,0.0,9.3
25337,34039,34040,3.2,0.2,14.6
25338,34039,12732,1.5,0.5,4.7
25339,34041,12706,1.5,0.5,9.2
25340,34041,34042,3.0,0.0,14.5
25341,34043,34044,3.0,0.0,14.5
25342,34043,12736,1.5,0.5,4.7
25343,34045,34046,3.0,0.0,14.5
25344,34045,12738,1.5,0.5,4.7
25345,34047,34048,3.0,0.0,14.4
25346,34047,12740,1.4,0.3,4.7
25347,34051,8356,3.0,0.0,11.7
25348,34053,34054,9.0,0.0,14.4
25349,34055,34056,6.5,4.5,14.4
25350,34059,23846,4.375,35.45,7.3
25351,34059,26342,17.527,2779.01,13.0
25352,34061,37524,1.125,0.117,8.0
25353,34061,12756,3.0,7.0,4.7
25354,34063,34064,1.514,1.152,7.5
25355,34065,21478,8.438,507.617,10.8
25356,34067,12762,2.0,0.0,4.7
25357,34069,1556,2.667,0.333,13.5
25358,34071,34066,2.0,0.0,9.0
25359,34075,34076,1.008,0.008,8.2
25360,34075,24234,4.591,32.063,10.2
25361,34077,34078,1.142,0.158,13.4
25362,34079,34080,3.442,114.347,13.6
25363,34081,18018,5.753,3.422,60.9
25364,34081,25892,16.4,507.3,16.1
25365,34083,4034,1.375,0.25,6.9
25366,34083,34084,1.903,0.346,21.6
25367,34083,39020,7.8,44.7,4.5
25368,34085,34086,1.094,0.274,8.0
25369,34085,21408,1.667,1.333,2.8
25370,34087,34088,1.304,0.221,14.7
25371,34089,34090,1.257,0.291,13.1
25372,34091,34092,1.122,0.183,9.5
25373,34093,34094,3.469,136.323,9.6
25374,34095,35692,1.85,0.345,9.4
25375,34095,41694,3.356,0.658,36.5
25376,34095,37228,10.52,121.01,12.0
25377,34101,34102,2.0,0.0,5.2
25378,34103,12040,3.0,0.0,12.9
25379,34103,19498,6.0,0.0,20.7
25380,34105,16432,4.625,0.268,22.8
25381,34113,2154,3.571,0.286,21.4
25382,34115,32952,2.0,0.0,9.0
25383,34119,34140,2.0,0.0,9.1
25384,34119,12798,2.0,0.0,4.7
25385,34125,2174,3.111,0.111,19.4
25386,34127,11814,2.0,1.0,9.0
25387,34137,34112,3.857,0.81,13.5
25388,34139,12798,3.0,0.0,9.2
25389,34141,12820,1.667,0.333,4.7
25390,34145,34146,1.083,0.083,5.4
25391,34147,34478,1.889,0.111,9.0
25392,34147,34328,2.8,0.2,14.4
25393,34149,34124,5.0,0.0,18.7
25394,34153,11808,3.0,0.0,13.9
25395,34171,5120,2.0,0.0,9.2
25396,34171,25524,3.0,0.0,14.3
25397,34175,12908,3.0,0.0,15.1
25398,34183,34184,3.0,0.0,13.5
25399,34185,34186,4.5,0.273,20.6
25400,34187,2150,4.5,6.8,28.7
25401,34195,34192,2.0,0.0,7.1
25402,34197,34198,1.5,0.5,9.0
25403,34199,12896,3.333,0.333,14.3
25404,34201,12894,2.0,0.0,9.3
25405,34207,40574,2.0,0.0,9.9
25406,34207,34208,2.75,0.25,13.9
25407,34209,34210,2.5,0.333,11.9
25408,34211,13092,4.25,0.25,19.4
25409,34213,12868,3.0,0.0,9.0
25410,34215,39010,2.0,0.0,12.7
25411,34225,12916,1.833,0.167,8.2
25412,34227,18410,3.5,0.5,16.1
25413,34229,12918,2.5,0.5,13.3
25414,34229,12924,1.5,0.5,4.7
25415,34237,12932,2.0,0.0,4.7
25416,34241,34674,3.0,0.0,19.5
25417,34245,12940,2.0,0.0,4.7
25418,34249,34250,2.0,0.0,14.4
25419,34251,34252,3.0,0.0,14.4
25420,34253,34254,3.0,0.0,14.4
25421,34255,34256,3.0,0.0,14.5
25422,34257,34258,3.5,0.5,14.4
25423,34259,27764,3.0,0.0,15.1
25424,34259,5216,6.0,0.0,24.8
25425,34263,34264,3.0,0.0,14.4
25426,34265,41782,1.857,0.143,8.1
25427,34267,12964,1.5,0.5,4.7
25428,34275,34322,2.5,0.5,15.4
25429,34279,12978,2.0,0.0,4.7
25430,34281,30482,2.0,0.0,7.4
25431,34281,9740,2.667,0.25,12.6
25432,34283,12982,1.5,0.5,4.7
25433,34289,34290,4.0,0.0,17.4
25434,34291,34292,6.5,0.5,18.9
25435,34293,34280,5.5,1.429,18.6
25436,34295,34296,2.8,0.7,14.5
25437,34297,33940,2.857,0.476,15.5
25438,34311,36502,3.0,0.0,18.7
25439,34313,26462,1.625,0.268,14.6
25440,34313,31722,2.0,0.0,14.1
25441,34323,34324,3.0,0.0,12.4
25442,34325,34326,2.5,0.5,13.8
25443,34327,2146,2.0,0.0,7.9
25444,34327,22170,3.0,0.0,13.4
25445,34329,5130,2.833,0.167,14.5
25446,34345,21948,3.25,0.25,23.7
25447,34355,13060,1.429,0.286,4.7
25448,34359,34424,3.0,0.0,14.4
25449,34361,11556,2.0,0.0,13.2
25450,34371,13074,1.333,0.333,4.7
25451,34379,34380,3.0,0.0,14.4
25452,34381,34382,2.5,0.5,14.4
25453,34383,27536,2.0,0.0,12.8
25454,34383,7004,2.0,0.0,12.7
25455,34405,2162,5.0,0.0,29.6
25456,34421,38892,19.5,2736.513,14.0
25457,34425,34422,2.0,0.0,9.0
25458,34437,13146,1.5,0.5,4.7
25459,34443,9486,2.5,4.5,5.4
25460,34445,34446,1.236,0.238,8.8
25461,34447,24158,1.127,0.147,8.4
25462,34451,11984,3.962,0.101,45.8
25463,34457,34458,2.5,0.333,13.4
25464,34459,21540,2.5,0.333,15.4
25465,34461,34462,1.415,0.249,18.0
25466,34463,34464,1.339,0.228,14.4
25467,34465,34466,1.197,0.161,15.3
25468,34467,34468,1.097,0.089,14.4
25469,34469,34470,1.134,0.118,14.1
25470,34471,34472,1.088,0.082,14.6
25471,34473,34474,1.13,0.115,14.4
25472,34477,11572,2.667,0.333,12.2
25473,34479,34124,6.0,1.143,20.4
25474,34479,12826,3.0,0.0,14.5
25475,34483,20342,6.25,0.214,29.0
25476,34599,34600,1.022,0.022,13.5
25477,34601,34602,1.208,0.168,19.5
25478,34613,34616,6.333,1.333,31.3
25479,34617,7400,2.0,0.0,10.5
25480,34617,27956,2.5,0.286,17.0
25481,34621,34622,1.167,0.167,5.7
25482,34623,34624,2.8,0.2,14.0
25483,34623,13326,2.0,0.0,4.7
25484,34625,34626,3.0,0.0,14.5
25485,34627,34628,3.0,0.0,14.4
25486,34631,34632,2.0,0.0,9.0
25487,34637,30940,1.009,0.009,8.2
25488,34641,34642,3.0,0.0,15.0
25489,34641,36516,2.0,0.0,14.6
25490,34641,13340,2.0,0.0,4.7
25491,34643,34646,3.0,0.0,16.4
25492,34645,34982,2.0,0.0,13.9
25493,34647,22258,2.0,0.0,18.6
25494,34649,13780,2.5,0.7,13.6
25495,34649,13348,1.5,0.5,4.7
25496,34651,34652,3.0,0.0,31.0
25497,34651,13350,1.5,0.5,4.7
25498,34657,35114,2.0,0.0,10.0
25499,34657,34658,2.0,0.0,14.5
25500,34659,13798,2.25,0.25,9.9
25501,34659,34660,2.0,0.0,14.6
25502,34661,13360,2.0,0.0,4.7
25503,34671,15558,1.333,0.333,4.8
25504,34677,11644,2.0,0.0,13.1
25505,34677,32760,4.333,0.333,26.8
25506,34679,34680,1.017,0.017,10.1
25507,34681,34682,1.267,0.233,10.4
25508,34683,34684,1.509,0.255,14.7
25509,34683,13396,1.667,0.267,14.2
25510,34687,25548,1.255,0.193,8.2
25511,34705,3366,2.0,0.0,17.2
25512,34707,13410,4.0,0.0,15.1
25513,34711,34712,3.0,0.0,15.0
25514,34713,13404,2.0,0.0,10.5
25515,34717,18166,4.0,0.0,14.8
25516,34717,34718,3.667,1.333,14.4
25517,34719,34720,3.0,0.0,14.4
25518,34721,40346,4.0,0.0,18.9
25519,34725,6558,2.0,0.0,12.2
25520,34727,13424,3.0,2.0,1.4
25521,34729,34730,2.0,0.0,22.3
25522,34729,12580,1.125,0.125,4.6
25523,34737,34236,2.0,0.0,11.8
25524,34739,13436,2.0,0.0,4.7
25525,34747,34754,1.308,0.564,3.2
25526,34747,13444,3.5,12.5,1.4
25527,34749,34750,1.083,0.083,2.5
25528,34755,34756,1.5,0.3,9.1
25529,34755,13456,2.5,0.333,14.4
25530,34755,13452,1.667,0.242,4.7
25531,34757,13454,2.0,0.0,4.7
25532,34763,13460,1.5,0.333,4.7
25533,34765,16950,3.0,0.0,11.4
25534,34765,34766,6.0,0.0,27.8
25535,34767,13464,2.0,0.0,4.7
25536,34769,4314,3.0,0.0,14.0
25537,34773,40802,1.667,0.364,11.4
25538,34775,34776,7.152,383.063,12.5
25539,34777,40798,1.929,4.338,6.6
25540,34777,36840,3.06,0.914,30.7
25541,34777,40800,12.875,270.411,9.5
25542,34777,21832,18.0,620.0,3.8
25543,34779,34780,10.417,1631.298,7.5
25544,34781,40800,1.343,0.232,6.6
25545,34781,21832,3.248,1.456,29.7
25546,34781,40798,10.778,113.359,12.2
25547,34801,34802,2.0,0.0,10.4
25548,34803,13504,2.5,0.5,17.0
25549,34809,34810,1.333,0.267,11.3
25550,34811,13496,2.0,0.0,13.8
25551,34821,688,2.0,0.0,9.4
25552,34827,34828,3.667,0.333,14.0
25553,34829,34830,39.75,5500.917,14.4
25554,34831,9464,3.0,4.0,9.1
25555,34833,15634,2.0,0.0,9.0
25556,34841,34842,1.25,0.25,14.4
25557,34843,35094,2.0,0.0,18.7
25558,34843,15810,2.0,0.0,15.9
25559,34851,36846,3.182,1.044,38.8
25560,34851,41720,3.683,0.858,36.8
25561,34853,34854,1.342,0.287,6.9
25562,34855,35374,5.122,210.116,24.7
25563,34857,31420,1.214,0.181,6.3
25564,34857,34858,1.014,0.014,9.3
25565,34859,34860,1.011,0.011,10.8
25566,34859,20436,1.455,0.273,9.1
25567,34863,31332,1.067,0.067,6.1
25568,34867,25316,1.735,0.238,22.1
25569,34867,29210,6.429,99.619,15.2
25570,34869,35650,2.0,0.0,9.0
25571,34871,34872,2.0,0.0,14.4
25572,34877,2106,3.5,0.5,9.2
25573,34877,36222,2.0,0.0,13.7
25574,34903,31218,2.167,0.167,13.1
25575,34911,34912,3.0,0.2,22.4
25576,34915,19700,3.0,0.0,24.4
25577,34915,196,2.25,0.386,13.8
25578,34917,34918,1.976,1.606,9.4
25579,34919,39270,1.689,0.36,9.5
25580,34921,37010,1.877,23.224,9.9
25581,34935,13596,1.5,0.333,4.7
25582,34939,17198,1.667,0.325,10.4
25583,34939,24210,5.0,0.0,1.8
25584,34941,21946,4.0,0.0,16.3
25585,34943,14576,3.0,0.0,10.6
25586,34945,11384,2.0,0.0,7.7
25587,34945,32446,6.0,0.0,24.0
25588,34951,34952,8.11,1786.65,10.4
25589,34953,41408,13.234,2619.65,10.7
25590,34953,22594,10.5,173.667,2.9
25591,34955,34956,2.0,0.0,13.2
25592,34957,13616,1.5,0.333,4.7
25593,34959,24224,2.0,0.0,13.8
25594,34967,5138,2.0,0.0,9.0
25595,34969,30962,3.5,0.5,16.2
25596,34971,13630,1.5,0.5,4.7
25597,34977,34634,1.667,0.333,8.6
25598,34977,30944,2.0,0.0,20.5
25599,34979,34976,3.0,0.0,14.5
25600,34981,34982,1.818,0.364,13.5
25601,34983,34984,2.0,0.143,14.3
25602,34985,22260,1.25,0.25,10.0
25603,34985,2226,2.0,0.167,15.6
25604,34991,21536,2.0,0.0,9.0
25605,34995,35000,1.455,0.273,9.8
25606,34995,34996,1.952,0.048,14.4
25607,34995,13654,1.5,0.5,4.7
25608,34997,34998,2.062,0.329,14.8
25609,34997,36588,2.0,0.0,14.7
25610,34997,13656,2.0,0.0,4.7
25611,34999,13812,1.625,0.25,9.0
25612,34999,13658,1.5,0.5,4.7
25613,35001,13666,2.0,0.0,9.1
25614,35001,35008,2.0,0.0,14.2
25615,35001,13660,2.0,0.0,4.7
25616,35003,22572,3.0,0.667,19.6
25617,35007,35008,2.0,0.0,14.2
25618,35009,35174,1.625,0.268,9.1
25619,35009,35010,2.0,0.0,14.1
25620,35013,35030,3.0,0.0,14.5
25621,35013,13672,1.5,0.5,4.7
25622,35023,35024,3.0,0.0,14.6
25623,35025,35026,4.0,0.0,14.2
25624,35027,18390,2.0,0.0,8.8
25625,35031,18404,2.0,0.0,9.1
25626,35031,40596,2.0,0.0,14.3
25627,35087,3456,1.667,0.333,9.2
25628,35089,2700,2.0,0.0,16.3
25629,35089,37540,2.0,0.0,14.8
25630,35093,5448,3.0,0.0,28.0
25631,35109,13770,4.333,0.333,19.2
25632,35113,13766,3.0,0.0,17.6
25633,35115,35116,2.0,0.0,14.5
25634,35127,13786,2.0,0.0,9.0
25635,35129,35130,2.0,0.0,14.1
25636,35133,35134,2.0,0.0,15.0
25637,35135,13350,3.5,0.5,24.6
25638,35137,35158,2.0,0.0,12.9
25639,35139,35140,3.0,0.0,5.6
25640,35141,13358,3.0,0.0,14.5
25641,35151,35158,2.0,0.0,15.5
25642,35153,13658,2.0,0.0,14.1
25643,35159,35160,1.667,0.333,11.5
25644,35161,35162,2.0,0.0,14.3
25645,35163,35164,2.333,0.333,14.2
25646,35165,35166,2.0,0.0,13.4
25647,35167,35168,5.0,0.0,35.9
25648,35169,35170,1.9,0.1,14.8
25649,35171,35152,2.8,0.4,19.9
25650,35175,35176,1.875,0.125,13.6
25651,35177,35178,2.0,0.0,14.6
25652,35177,13840,2.0,0.0,14.2
25653,35179,35186,2.0,0.0,14.5
25654,35181,35178,2.0,0.0,14.5
25655,35199,35200,1.364,0.242,9.3
25656,35199,13856,2.0,2.0,1.5
25657,35201,39838,1.333,0.242,7.4
25658,35201,35202,1.375,0.268,10.3
25659,35203,13924,1.5,0.5,9.9
25660,35203,35204,3.0,0.0,20.6
25661,35203,35818,2.5,0.5,18.7
25662,35203,13860,1.667,0.333,4.7
25663,35205,35206,2.4,0.3,15.3
25664,35207,13878,1.8,0.2,8.7
25665,35215,35216,2.0,0.0,15.4
25666,35217,13872,1.333,0.333,4.7
25667,35219,35220,1.167,0.167,10.4
25668,35221,35222,1.4,0.3,10.4
25669,35223,13864,2.0,0.0,13.8
25670,35223,13878,1.5,0.333,4.7
25671,35249,28042,3.6,0.3,27.0
25672,35249,7482,2.0,0.0,16.3
25673,35253,34774,3.419,107.303,8.2
25674,35255,35256,1.123,0.141,7.1
25675,35257,35258,1.394,1.119,12.6
25676,35259,35260,1.299,0.378,10.6
25677,35259,13910,6.0,0.0,1.4
25678,35263,35264,4.412,75.868,10.6
25679,35265,17244,6.208,0.892,59.1
25680,35265,27608,6.622,0.877,62.9
25681,35265,37210,6.25,17.357,2.1
25682,35269,35270,1.833,0.167,14.4
25683,35271,28298,1.667,0.267,9.2
25684,35271,13920,2.0,0.0,4.7
25685,35273,12312,2.286,0.238,8.4
25686,35273,35298,3.333,0.25,14.1
25687,35275,32686,3.685,0.423,46.4
25688,35275,29196,2.0,1.0,5.6
25689,35275,15902,73.0,0.0,2.2
25690,35281,13926,2.0,0.0,4.7
25691,35285,35286,3.0,0.0,5.4
25692,35289,35290,3.0,0.0,5.4
25693,35291,35292,2.333,0.333,5.0
25694,35293,35294,2.333,0.333,5.0
25695,35295,35296,2.0,0.5,4.7
25696,35301,13948,2.0,0.0,4.7
25697,35303,35304,1.395,0.242,10.3
25698,35305,35306,2.602,134.38,9.3
25699,35307,35308,10.812,2311.8,9.9
25700,35307,21990,2.833,0.879,8.3
25701,35309,35310,1.111,0.1,5.0
25702,35311,22132,1.238,0.259,5.3
25703,35313,35314,2.0,0.0,14.5
25704,35315,4122,3.375,0.268,24.1
25705,35325,35326,1.2,0.2,10.4
25706,35327,35328,1.667,0.333,13.6
25707,35329,25838,2.333,0.267,15.5
25708,35341,35342,1.07,0.066,15.8
25709,35343,35344,1.289,0.21,19.3
25710,35347,35348,2.0,0.0,11.5
25711,35355,35356,3.0,0.0,14.4
25712,35361,35362,6.0,0.0,14.4
25713,35363,35364,3.0,0.0,15.7
25714,35365,35358,3.0,0.0,13.8
25715,35369,3404,3.5,0.5,13.2
25716,35373,30724,1.009,0.009,8.2
25717,35375,35376,1.718,45.925,8.2
25718,35377,20446,1.529,0.404,11.0
25719,35377,37014,1.477,33.844,10.1
25720,35379,35412,1.922,90.224,14.3
25721,35381,20438,2.097,30.277,19.7
25722,35391,23058,1.036,0.035,5.0
25723,35391,24964,1.5,0.3,14.0
25724,35399,35400,1.143,0.143,3.5
25725,35403,35404,1.329,0.224,16.3
25726,35407,10802,2.957,5.524,19.8
25727,35407,21034,9.333,145.152,5.7
25728,35409,37016,1.773,36.945,8.9
25729,35411,35374,3.35,90.338,24.7
25730,35413,35414,1.56,50.411,8.2
25731,35415,20442,1.41,2.966,8.2
25732,35415,35408,2.315,209.221,11.6
25733,35425,40038,1.009,0.009,8.5
25734,35427,35430,1.198,0.16,9.5
25735,35429,35740,1.252,0.207,10.0
25736,35431,22950,1.101,0.091,5.6
25737,35431,40034,1.094,0.088,8.7
25738,35435,20982,1.6,0.3,11.3
25739,35435,40214,5.189,3.116,47.6
25740,35435,182,11.0,100.0,12.5
25741,35439,22928,3.378,1.105,31.7
25742,35441,9938,5.328,255.424,36.9
25743,35441,7246,2.61,0.345,14.8
25744,35443,21576,24.564,1668.328,30.8
25745,35461,32488,1.312,0.218,19.0
25746,35467,35468,5.0,0.444,37.1
25747,35469,35470,2.2,0.178,14.5
25748,35471,3734,1.75,0.2,13.5
25749,35473,35474,1.985,0.14,14.3
25750,35475,35476,4.169,0.487,31.0
25751,35477,35478,3.75,0.336,27.8
25752,35479,35480,1.982,0.129,14.5
25753,35481,14360,2.0,0.0,17.2
25754,35481,35482,3.407,0.246,25.1
25755,35483,32384,2.0,0.0,7.5
25756,35483,35484,1.392,0.243,10.4
25757,35489,32390,1.353,0.233,9.2
25758,35497,35498,3.5,0.5,14.4
25759,35499,20466,2.0,0.5,11.8
25760,35517,33806,1.833,0.167,14.3
25761,35521,35516,1.5,0.5,9.1
25762,35527,38732,1.333,0.333,9.4
25763,35529,35530,2.654,91.975,9.8
25764,35531,12016,1.414,0.251,6.0
25765,35531,35536,3.153,0.533,34.1
25766,35531,40216,4.308,0.231,36.1
25767,35533,35534,2.354,122.913,8.3
25768,35535,36858,12.079,1292.934,13.0
25769,35541,27586,1.008,0.008,7.3
25770,35557,38304,3.0,0.0,15.7
25771,35559,39324,1.211,0.168,9.5
25772,35561,35562,13.901,2545.04,8.6
25773,35563,37690,1.047,0.045,6.4
25774,35563,33424,5.75,26.2,8.2
25775,35565,35566,1.039,0.038,7.3
25776,35567,35568,1.204,0.165,8.3
25777,35567,22542,3.5,12.5,2.1
25778,35569,35570,1.162,0.167,9.8
25779,35571,32298,3.067,0.495,14.0
25780,35571,28654,9.667,1509.807,31.6
25781,35571,12626,21.6,964.933,8.4
25782,35573,35574,2.061,0.184,16.0
25783,35577,35578,2.5,0.305,17.7
25784,35577,7940,1.667,0.333,5.4
25785,35579,35580,1.447,0.253,10.7
25786,35581,35582,1.396,0.244,10.4
25787,35583,36296,2.021,0.239,15.0
25788,35587,35588,1.857,0.132,14.2
25789,35597,35590,2.0,0.0,28.5
25790,35603,30594,1.427,0.27,10.6
25791,35603,35604,2.0,0.0,12.0
25792,35609,37166,2.0,0.0,12.6
25793,35609,35490,2.425,0.248,21.4
25794,35613,35614,1.174,0.15,10.2
25795,35617,35618,1.746,0.59,13.7
25796,35619,35620,1.302,0.278,9.3
25797,35621,23514,1.382,0.409,12.4
25798,35629,35630,1.969,0.03,19.2
25799,35629,5064,2.889,8.959,6.6
25800,35635,33716,2.747,0.284,34.4
25801,35637,35638,1.091,0.084,14.4
25802,35639,35640,1.194,0.159,14.9
25803,35641,38162,1.254,0.193,15.5
25804,35643,30290,1.571,0.286,11.2
25805,35643,31022,2.429,0.418,15.0
25806,35645,35646,1.931,0.209,9.3
25807,35645,35654,3.25,0.917,20.4
25808,35647,35648,1.01,0.01,9.5
25809,35649,35650,1.234,0.285,13.4
25810,35651,35652,4.737,186.025,8.5
25811,35653,37228,2.721,1.006,28.2
25812,35653,12782,12.847,322.244,8.5
25813,35655,35656,1.354,4.838,8.2
25814,35657,39174,1.087,0.083,4.6
25815,35657,39182,1.845,0.638,18.6
25816,35661,35662,1.667,0.267,13.8
25817,35663,36400,2.455,0.273,19.3
25818,35665,35666,2.0,0.0,14.5
25819,35669,10730,2.0,0.0,6.2
25820,35669,35670,2.0,0.0,15.3
25821,35671,35672,1.5,0.333,10.4
25822,35673,41040,2.0,0.0,7.5
25823,35673,35674,1.333,0.333,10.4
25824,35675,35676,2.0,0.0,14.3
25825,35679,35680,2.0,0.0,14.9
25826,35681,35660,2.0,0.0,14.1
25827,35683,29428,2.0,0.0,15.3
25828,35685,8788,2.0,0.0,9.7
25829,35687,35688,1.385,0.243,5.0
25830,35689,35636,1.333,0.227,16.6
25831,35691,34442,2.95,0.483,21.2
25832,35693,35654,1.209,0.258,13.4
25833,35693,14184,13.625,162.65,5.9
25834,35697,35698,2.0,0.0,16.2
25835,35699,38162,2.0,0.0,10.4
25836,35701,29162,1.952,0.048,11.2
25837,35701,35702,2.5,0.5,19.2
25838,35703,35704,2.0,0.0,14.6
25839,35705,35706,2.0,0.0,14.6
25840,35707,35708,2.0,0.0,14.8
25841,35709,35710,2.0,0.0,13.7
25842,35711,14216,2.0,0.0,12.0
25843,35711,28142,2.0,0.0,16.7
25844,35711,35636,3.333,2.333,15.9
25845,35713,35714,3.0,0.0,14.5
25846,35715,35716,4.0,0.0,22.0
25847,35715,32180,2.5,0.5,11.8
25848,35717,35718,3.0,0.0,14.4
25849,35719,35720,2.667,0.333,14.4
25850,35721,38772,3.0,0.0,14.3
25851,35721,14246,2.0,0.0,4.7
25852,35725,35714,3.0,0.0,14.2
25853,35729,35730,1.441,0.248,18.5
25854,35729,14254,24.0,0.0,1.5
25855,35733,35734,1.575,0.547,17.6
25856,35735,3892,1.25,0.25,7.9
25857,35735,35736,1.946,36.136,9.4
25858,35737,30748,2.344,58.276,8.0
25859,35739,27372,1.197,0.159,5.6
25860,35739,35420,1.017,0.017,8.4
25861,35741,22936,1.411,0.243,6.7
25862,35741,36986,1.149,0.127,9.6
25863,35747,22958,1.094,0.086,7.6
25864,35747,35426,1.121,0.107,10.8
25865,35749,28534,2.167,0.167,12.6
25866,35765,27940,1.117,0.105,5.3
25867,35765,35390,1.313,0.218,14.2
25868,35771,35772,7.0,0.0,14.1
25869,35775,31328,1.636,0.455,10.6
25870,35775,35776,1.497,0.251,18.4
25871,35785,35786,5.968,177.743,12.2
25872,35785,41902,4.438,42.383,11.5
25873,35787,19558,1.667,0.333,9.1
25874,35787,35788,3.45,29.894,9.2
25875,35789,34852,5.755,229.154,14.8
25876,35793,25828,2.027,0.284,15.4
25877,35793,4126,2.808,0.276,23.6
25878,35795,35796,1.469,0.254,10.4
25879,35797,35798,1.073,0.07,6.2
25880,35799,4228,1.667,0.267,8.0
25881,35799,35800,1.524,0.402,11.2
25882,35801,35576,1.478,0.3,10.6
25883,35803,27138,1.667,0.333,7.5
25884,35803,35804,2.48,0.301,17.9
25885,35803,14302,10.0,0.0,1.4
25886,35805,35806,1.483,0.252,10.4
25887,35807,35808,1.513,0.269,10.4
25888,35807,14306,20.0,0.0,1.4
25889,35809,35810,2.108,0.243,14.4
25890,35809,7562,3.0,11.667,4.1
25891,35811,35812,1.529,0.252,10.4
25892,35811,39836,4.333,23.467,3.1
25893,35813,28040,1.244,0.189,5.7
25894,35813,28496,1.938,0.155,14.5
25895,35815,35816,1.333,0.267,14.3
25896,35817,21158,3.0,0.0,24.3
25897,35817,21156,3.0,0.0,23.4
25898,35817,14316,1.5,0.5,4.7
25899,35819,14318,1.667,0.333,4.7
25900,35821,35824,1.5,0.382,9.4
25901,35821,35822,2.5,0.5,14.6
25902,35823,15490,2.8,0.2,11.8
25903,35823,37176,3.5,1.5,16.9
25904,35825,35826,1.952,0.548,10.3
25905,35827,12594,2.0,1.0,12.1
25906,35827,33864,3.556,0.379,26.4
25907,35831,14330,2.0,0.0,4.7
25908,35837,35838,2.667,0.333,5.0
25909,35839,14338,3.0,0.0,4.7
25910,35845,150,2.333,0.333,8.5
25911,35847,25242,3.8,0.2,16.0
25912,35851,9716,1.25,0.192,7.8
25913,35853,14352,2.0,0.0,4.7
25914,35865,35866,7.0,0.0,13.7
25915,35867,35870,5.0,0.0,15.4
25916,35867,14366,2.0,0.0,4.7
25917,35869,14364,7.0,0.0,13.6
25918,35871,11340,2.0,0.0,7.7
25919,35875,14374,3.0,0.0,4.7
25920,35885,30742,2.455,39.653,11.9
25921,35887,35884,1.125,0.111,17.3
25922,35887,30712,12.034,1029.654,17.7
25923,35889,35890,3.0,0.0,15.8
25924,35891,35892,2.438,0.262,12.6
25925,35893,35894,2.667,0.242,12.6
25926,35893,18688,3.333,0.333,12.9
25927,35895,40908,2.0,0.0,9.3
25928,35895,35896,3.091,0.291,14.4
25929,35897,35898,2.364,0.255,12.5
25930,35899,35900,1.867,0.124,7.9
25931,35901,25588,2.0,0.462,10.7
25932,35901,5168,2.5,0.5,14.6
25933,35903,24814,1.4,0.3,9.3
25934,35909,32846,2.146,0.126,22.7
25935,35909,35910,2.333,0.23,23.3
25936,35911,38472,2.067,0.064,19.9
25937,35915,38100,2.5,0.5,23.8
25938,35915,16834,3.25,0.25,27.4
25939,35915,16288,2.0,0.0,19.8
25940,35915,14406,1.5,0.5,4.7
25941,35917,35918,1.029,0.029,13.2
25942,35919,35920,1.059,0.059,13.2
25943,35919,29470,1.211,0.175,9.0
25944,35923,35598,1.5,0.267,21.1
25945,35927,21546,1.062,0.062,7.4
25946,35933,30652,3.333,0.333,16.0
25947,35939,35942,2.0,0.0,9.0
25948,35943,30652,1.667,0.333,7.2
25949,35945,35946,1.364,0.255,10.4
25950,35947,41298,2.0,0.8,10.6
25951,35949,37036,4.25,2.445,33.7
25952,35951,22934,2.109,0.55,16.8
25953,35953,21032,6.605,1107.303,8.8
25954,35957,29770,2.771,0.476,22.7
25955,35957,8776,2.778,0.444,16.6
25956,35961,35962,1.026,0.026,11.2
25957,35969,37698,3.39,1.113,29.0
25958,35971,22576,2.628,143.563,12.5
25959,35981,35982,2.0,0.0,8.9
25960,35981,14458,3.0,0.0,15.5
25961,35983,35984,1.5,0.5,6.6
25962,35987,35988,4.714,0.238,22.8
25963,35989,35980,3.0,0.667,14.2
25964,35993,35996,3.0,0.0,18.4
25965,35997,5914,3.0,0.0,14.5
25966,35999,14466,1.417,0.265,4.7
25967,36001,23304,1.5,0.273,7.6
25968,36001,36002,1.586,0.251,10.4
25969,36003,23670,2.429,0.357,13.8
25970,36003,16378,4.562,0.396,27.4
25971,36009,31908,1.917,0.265,11.7
25972,36009,22530,1.912,0.081,17.8
25973,36011,41110,4.0,0.0,19.5
25974,36011,36012,4.0,0.0,23.7
25975,36017,15378,2.389,0.453,24.8
25976,36019,36020,1.017,0.017,4.0
25977,36021,36022,1.042,0.125,9.4
25978,36023,29580,1.176,0.154,6.2
25979,36023,11826,1.402,0.382,13.5
25980,36023,12248,4.667,44.906,3.6
25981,36025,36026,1.143,0.143,9.6
25982,36027,10948,1.2,0.2,4.8
25983,36027,36028,2.0,0.0,14.2
25984,36029,36030,2.0,0.0,14.2
25985,36039,9282,2.0,0.0,13.5
25986,36041,36042,2.0,0.667,14.3
25987,36043,36044,2.0,0.5,14.5
25988,36045,36046,2.0,0.0,14.0
25989,36047,36048,1.5,0.3,14.6
25990,36049,36050,1.857,0.143,14.5
25991,36051,41710,2.75,0.917,20.6
25992,36051,19452,2.7,0.233,15.2
25993,36055,712,3.5,0.5,22.0
25994,36065,14534,1.5,0.5,4.7
25995,36067,41760,2.333,0.267,11.4
25996,36067,19498,3.286,0.238,18.6
25997,36067,16420,4.0,0.0,16.7
25998,36069,36070,3.0,0.0,20.2
25999,36071,36072,2.0,0.0,8.0
26000,36073,41740,6.0,0.0,35.6
26001,36083,36084,2.067,0.064,15.3
26002,36083,2684,2.0,0.0,15.0
26003,36085,23590,3.923,0.41,23.6
26004,36085,37656,3.0,0.0,26.4
26005,36085,37658,1.024,0.024,6.4
26006,36089,37460,8.377,1092.483,8.2
26007,36103,36104,2.0,0.0,15.5
26008,36105,26302,2.0,0.0,14.1
26009,36109,13602,5.0,0.0,14.3
26010,36111,28942,1.667,0.333,7.6
26011,36111,36112,1.414,0.247,10.4
26012,36113,6642,1.93,0.174,13.5
26013,36113,27156,3.0,0.0,22.0
26014,36121,5084,1.5,0.5,9.2
26015,36123,31932,3.6,0.8,16.4
26016,36123,36124,3.5,0.5,17.0
26017,36125,31936,3.5,0.5,14.3
26018,36125,14584,1.5,0.5,4.7
26019,36129,34212,3.0,0.0,16.3
26020,36129,36130,2.088,0.391,23.7
26021,36131,34228,2.0,0.0,10.5
26022,36131,39194,1.468,0.415,15.7
26023,36137,36138,6.553,762.037,25.9
26024,36139,35690,1.03,0.03,6.7
26025,36143,25992,2.0,0.0,9.2
26026,36143,5528,3.0,0.0,14.4
26027,36149,36150,1.233,0.185,9.6
26028,36151,36152,1.029,0.029,10.4
26029,36155,7974,1.455,0.256,9.2
26030,36155,28556,2.588,0.757,14.5
26031,36159,17532,1.8,0.2,9.2
26032,36159,14622,3.0,0.0,14.2
26033,36161,36170,3.667,0.333,13.6
26034,36167,36172,3.2,1.2,9.3
26035,36169,14612,2.25,0.25,9.0
26036,36171,36172,4.125,1.268,13.7
26037,36173,36174,1.688,0.229,6.0
26038,36175,9962,1.692,0.231,9.4
26039,36175,30804,2.75,0.25,17.5
26040,36197,36202,4.2,0.7,7.5
26041,36199,36200,3.0,0.0,5.8
26042,36201,7894,2.0,0.0,7.9
26043,36201,28478,2.444,0.278,10.3
26044,36203,36220,5.167,0.967,10.0
26045,36205,36218,5.0,0.0,12.6
26046,36205,36206,8.0,8.0,15.8
26047,36207,36208,4.0,0.0,9.5
26048,36207,39576,7.0,0.0,10.7
26049,36209,36210,5.0,0.0,12.8
26050,36211,36212,6.6,1.3,14.6
26051,36213,17482,5.0,0.0,8.9
26052,36213,36214,8.7,1.567,18.6
26053,36215,36216,2.455,0.273,5.3
26054,36217,36200,2.167,0.152,5.6
26055,36219,36210,4.0,0.0,8.6
26056,36221,36212,4.429,0.286,9.1
26057,36221,14652,2.667,1.333,4.7
26058,36223,12366,1.5,0.333,8.2
26059,36227,9920,5.0,0.0,32.2
26060,36227,21258,3.0,0.0,23.5
26061,36229,25718,2.0,0.0,9.5
26062,36229,5298,2.0,0.0,10.5
26063,36233,36234,2.0,0.0,14.5
26064,36235,36236,2.5,0.5,17.1
26065,36239,20838,1.5,0.5,10.9
26066,36245,36246,2.0,0.0,10.4
26067,36247,36248,2.0,0.0,10.4
26068,36249,37554,2.0,0.0,9.1
26069,36251,36252,1.143,0.143,8.4
26070,36253,36254,1.4,0.3,10.4
26071,36255,36256,1.333,0.333,10.4
26072,36265,36266,1.333,0.333,9.4
26073,36275,36276,3.0,0.4,14.3
26074,36275,14698,1.5,0.5,4.7
26075,36277,36278,2.667,0.267,14.2
26076,36279,36280,2.714,0.238,14.5
26077,36281,28814,3.1,0.1,16.0
26078,36285,28058,1.5,0.5,5.7
26079,36291,36292,2.0,0.667,15.0
26080,36293,36302,2.4,0.3,14.5
26081,36299,36300,2.02,0.306,14.6
26082,36301,36302,1.982,0.272,14.8
26083,36303,24054,2.0,0.0,7.6
26084,36303,36304,1.45,0.353,10.5
26085,36309,6988,4.5,0.5,9.0
26086,36309,36310,7.0,1.0,14.2
26087,36309,14732,2.4,0.3,4.7
26088,36311,36312,5.0,0.0,10.4
26089,36313,7106,4.0,0.0,16.3
26090,36323,5022,3.667,0.333,22.4
26091,36323,25418,3.5,0.5,23.2
26092,36325,36330,1.1,0.1,3.9
26093,36325,14752,1.5,0.5,8.0
26094,36327,36328,2.846,0.308,14.5
26095,36329,14748,1.769,0.192,7.6
26096,36331,36332,3.0,0.222,14.2
26097,36333,36334,3.0,0.5,14.4
26098,36333,14776,3.5,0.333,15.1
26099,36333,14756,2.0,0.0,4.7
26100,36335,36336,3.5,0.5,14.9
26101,36335,36354,4.0,0.0,15.2
26102,36339,36366,2.0,0.0,10.2
26103,36341,36342,3.0,0.167,14.6
26104,36343,36344,2.917,0.447,14.5
26105,36343,36350,3.0,0.0,14.6
26106,36345,36326,2.923,0.244,14.5
26107,36349,14768,2.0,0.0,10.1
26108,36351,14784,2.0,0.0,9.1
26109,36353,14756,2.0,0.0,9.1
26110,36355,36364,2.0,0.0,9.1
26111,36355,14786,3.5,0.5,14.2
26112,36359,36348,3.0,0.0,13.8
26113,36367,6534,1.5,0.5,7.6
26114,36369,36370,3.5,0.5,16.3
26115,36371,36372,3.0,0.0,14.3
26116,36373,34248,3.0,0.0,14.3
26117,36375,36376,4.0,0.0,14.4
26118,36377,36378,3.0,0.0,14.4
26119,36379,36380,4.0,0.0,14.4
26120,36381,36382,3.0,0.0,14.4
26121,36383,36384,3.0,0.0,14.3
26122,36409,36410,2.0,0.0,13.8
26123,36423,26340,3.421,1.57,10.9
26124,36431,14852,5.333,0.267,23.7
26125,36431,14848,1.571,0.286,4.7
26126,36433,36434,3.0,0.0,14.6
26127,36433,14858,3.154,0.474,14.5
26128,36433,14850,1.429,0.286,4.7
26129,36435,14848,6.0,0.667,30.0
26130,36439,14850,3.0,0.0,10.9
26131,36439,36434,4.2,2.7,16.0
26132,36443,29032,2.571,0.286,12.3
26133,36443,39346,4.0,0.0,13.7
26134,36447,8412,3.0,0.0,15.8
26135,36449,20408,2.0,0.0,9.0
26136,36451,36452,4.624,154.845,19.0
26137,36453,22578,1.935,0.684,19.0
26138,36453,38950,28.0,338.0,7.1
26139,36461,6528,2.0,0.0,9.2
26140,36467,37468,1.214,0.181,13.2
26141,36469,36470,1.056,0.054,13.4
26142,36473,25482,1.26,0.195,16.4
26143,36477,32306,1.167,0.167,12.9
26144,36477,29702,2.143,3.476,3.4
26145,36479,36480,1.231,0.18,16.1
26146,36485,36486,1.109,0.099,14.1
26147,36497,36498,2.667,0.333,14.0
26148,36497,14902,1.6,0.3,4.7
26149,36499,14904,1.333,0.267,4.7
26150,36501,13010,2.0,0.0,17.6
26151,36505,32724,1.074,0.144,6.7
26152,36509,3464,1.5,0.333,7.8
26153,36513,36514,2.0,0.0,14.2
26154,36513,14918,1.333,0.333,4.7
26155,36515,14920,2.0,0.0,4.7
26156,36517,14922,1.333,0.333,4.7
26157,36519,36520,2.0,0.0,10.4
26158,36521,8994,2.0,0.0,8.7
26159,36533,36534,2.0,0.0,10.3
26160,36535,7242,3.0,0.0,16.8
26161,36543,14944,1.567,0.323,4.7
26162,36545,25596,2.0,0.0,11.8
26163,36545,5176,2.5,0.5,17.5
26164,36547,24846,3.429,0.286,17.6
26165,36555,36556,1.524,0.251,22.3
26166,36563,30156,1.167,0.167,6.9
26167,36565,17154,2.0,0.0,16.1
26168,36569,36570,2.459,0.352,17.6
26169,36569,11484,10.0,83.0,4.8
26170,36571,25270,2.333,0.242,13.8
26171,36571,25318,2.352,0.874,14.5
26172,36571,4954,2.0,0.0,17.4
26173,36589,36590,2.0,0.0,14.3
26174,36589,36592,2.0,0.0,14.2
26175,36593,14996,1.25,0.25,4.7
26176,36595,28938,2.0,0.0,9.4
26177,36599,24556,2.0,0.0,9.4
26178,36601,36602,5.5,0.5,13.2
26179,36603,36604,2.333,0.333,5.0
26180,36605,36616,3.0,0.0,9.0
26181,36605,28134,2.0,0.0,8.8
26182,36607,36608,2.0,0.0,4.9
26183,36609,36600,4.25,0.917,8.4
26184,36611,8538,2.0,0.0,9.8
26185,36611,36612,2.0,0.0,15.3
26186,36611,29154,2.0,0.0,15.4
26187,36613,36614,2.0,0.0,14.8
26188,36615,29158,1.333,0.333,14.8
26189,36617,38980,2.0,0.0,11.0
26190,36619,38374,1.286,0.238,15.0
26191,36623,15014,2.0,0.0,4.7
26192,36627,36734,3.0,0.0,14.2
26193,36635,11772,2.0,0.0,9.2
26194,36639,38098,1.75,0.25,12.0
26195,36649,36650,4.0,0.0,14.3
26196,36651,36652,4.0,0.0,14.4
26197,36653,36654,3.5,0.5,14.4
26198,36655,36638,3.25,0.25,14.1
26199,36657,36734,4.0,0.0,18.0
26200,36677,36738,2.0,0.0,9.4
26201,36679,29750,2.0,0.0,9.0
26202,36697,36698,2.0,0.0,5.1
26203,36699,36648,2.0,0.0,9.1
26204,36735,36736,3.0,0.0,14.4
26205,36737,36738,3.333,0.333,15.8
26206,36739,36740,3.75,0.25,19.3
26207,36741,7148,3.0,0.0,22.6
26208,36749,15146,2.0,0.0,9.0
26209,36749,36760,3.0,0.0,14.2
26210,36753,36652,2.0,0.0,9.1
26211,36759,36760,2.0,0.0,14.4
26212,36773,36758,3.0,0.0,14.2
26213,36777,36654,2.0,0.0,9.0
26214,36791,36792,2.571,0.286,11.2
26215,36791,15180,2.0,0.0,4.7
26216,36793,15182,1.2,0.2,4.7
26217,36795,15180,2.0,0.0,9.0
26218,36797,36794,2.0,0.0,8.9
26219,36801,22030,2.0,0.0,6.3
26220,36803,15188,4.0,0.0,9.9
26221,36809,3384,2.3,0.233,10.6
26222,36809,21496,3.0,0.333,15.6
26223,36813,3324,4.5,0.5,19.7
26224,36821,27898,2.0,0.0,5.1
26225,36831,7402,4.0,0.0,17.7
26226,36833,36834,7.0,0.0,14.2
26227,36835,36836,7.0,0.0,14.4
26228,36837,24490,6.0,3.0,23.1
26229,36839,30654,14.0,0.0,31.2
26230,36841,38900,1.605,0.561,14.7
26231,36843,36844,3.0,4.0,11.6
26232,36845,23090,2.5,0.333,25.4
26233,36849,36850,1.759,0.207,26.4
26234,36851,36852,1.119,0.241,13.6
26235,36851,39956,2.0,0.0,2.8
26236,36853,26072,2.121,0.617,26.0
26237,36853,28018,15.75,447.357,7.6
26238,36855,36856,5.643,734.139,8.6
26239,36857,37646,3.058,1.015,27.2
26240,36857,37640,18.0,289.0,11.3
26241,36859,39230,1.579,0.658,13.6
26242,36863,15500,2.263,0.233,10.2
26243,36877,30584,1.286,0.214,5.5
26244,36877,23038,9.194,2700.56,13.8
26245,36883,16752,2.194,0.161,13.5
26246,36887,15288,2.0,0.0,12.9
26247,36891,15284,4.0,0.0,16.0
26248,36893,36894,2.0,0.0,5.0
26249,36895,36914,2.0,0.0,9.0
26250,36897,36898,2.857,0.476,14.2
26251,36909,36910,2.0,0.0,9.3
26252,36911,36912,4.571,0.619,22.1
26253,36913,36896,2.857,0.476,14.2
26254,36915,36916,3.0,0.0,12.9
26255,36915,15288,2.0,0.0,4.7
26256,36917,36918,3.0,0.0,14.2
26257,36921,15268,1.75,0.25,9.0
26258,36925,36926,3.0,0.0,14.5
26259,36927,36928,3.0,0.0,14.6
26260,36929,36930,4.0,0.0,14.6
26261,36931,36932,3.0,0.0,13.6
26262,36933,11706,3.0,0.0,13.8
26263,36947,15320,1.5,0.5,4.7
26264,36951,11616,3.5,0.5,23.1
26265,36953,38766,5.0,0.0,25.6
26266,36953,36954,2.0,0.0,9.5
26267,36955,15328,2.0,0.0,4.7
26268,36965,15336,2.0,0.0,4.7
26269,36969,34616,6.0,0.0,31.8
26270,36975,3430,3.0,0.0,21.9
26271,36987,35746,1.049,0.055,10.1
26272,36993,5546,1.235,0.183,16.0
26273,37001,37002,1.133,0.116,5.8
26274,37003,35764,1.214,0.219,10.8
26275,37007,37008,1.473,1.745,6.8
26276,37009,19818,1.778,0.974,12.3
26277,37009,35378,1.824,82.117,11.0
26278,37011,37012,1.608,21.867,7.3
26279,37013,38194,1.678,0.371,9.7
26280,37013,35380,1.645,37.819,12.9
26281,37015,37006,1.893,33.122,13.2
26282,37017,37018,2.338,241.091,7.3
26283,37019,22428,5.588,771.662,10.6
26284,37019,34920,1.519,2.936,11.9
26285,37021,15372,1.333,0.333,4.7
26286,37025,31794,1.596,0.496,14.0
26287,37027,22930,3.552,1.041,27.0
26288,37029,39008,1.618,0.469,17.0
26289,37031,37032,1.331,0.285,16.6
26290,37031,34228,31.75,930.25,10.0
26291,37033,27530,2.375,0.268,14.5
26292,37033,22224,1.911,0.672,18.2
26293,37035,39010,1.349,0.246,17.1
26294,37039,41908,1.018,0.018,10.7
26295,37039,35438,1.815,6.028,9.5
26296,37043,14486,2.731,0.355,17.2
26297,37043,20660,2.5,0.5,35.4
26298,37049,19306,2.667,0.333,21.0
26299,37053,38086,2.0,0.0,8.5
26300,37055,41824,3.333,0.25,28.8
26301,37055,19286,3.0,0.0,17.2
26302,37063,37104,1.5,0.5,6.2
26303,37071,37100,3.0,0.0,14.2
26304,37073,37074,1.5,0.333,9.1
26305,37075,37098,3.0,0.667,14.3
26306,37077,37094,2.0,0.0,9.0
26307,37079,37072,3.0,0.0,14.4
26308,37089,37098,2.0,0.0,9.0
26309,37091,37086,2.0,0.0,14.4
26310,37095,37096,2.667,0.333,14.5
26311,37097,37098,2.667,0.333,14.5
26312,37099,37100,3.111,0.361,14.5
26313,37101,37102,3.071,0.379,14.4
26314,37103,37104,1.312,0.229,6.2
26315,37105,2728,2.95,0.366,13.2
26316,37107,37090,2.0,0.0,14.4
26317,37109,37102,1.5,0.5,9.1
26318,37127,22816,1.6,0.3,7.7
26319,37129,15456,2.5,0.5,11.3
26320,37133,2732,2.4,0.4,11.3
26321,37135,37132,2.333,0.267,10.4
26322,37137,37128,2.5,0.5,10.4
26323,37139,22814,2.333,0.333,11.3
26324,37141,37134,2.0,0.0,9.0
26325,37143,15458,1.667,0.333,4.7
26326,37147,37680,1.5,0.5,18.0
26327,37153,15462,4.0,0.0,15.3
26328,37159,5114,1.6,0.3,9.2
26329,37161,15380,3.0,0.0,9.5
26330,37163,40656,1.75,0.214,6.9
26331,37163,18474,4.0,0.0,11.7
26332,37171,37172,1.258,0.194,15.9
26333,37171,26030,1.333,0.333,6.6
26334,37173,22890,2.0,0.0,8.0
26335,37175,37176,1.068,0.064,13.4
26336,37183,30602,1.125,0.117,9.8
26337,37183,37184,1.132,0.115,11.4
26338,37185,37186,1.072,0.111,10.1
26339,37187,30598,1.15,0.129,10.0
26340,37189,37190,1.022,0.022,8.9
26341,37191,35606,1.046,0.045,9.4
26342,37195,34746,2.541,0.255,23.5
26343,37195,15496,12.0,242.0,2.3
26344,37197,37198,1.394,0.24,6.8
26345,37197,15498,1.75,0.214,4.7
26346,37199,37200,2.786,0.281,13.8
26347,37199,15240,3.235,0.656,14.3
26348,37199,15500,1.5,0.273,4.7
26349,37201,20320,2.857,0.143,13.0
26350,37201,37202,3.231,0.393,15.4
26351,37201,15502,1.5,0.278,4.7
26352,37203,208,3.062,0.462,15.0
26353,37203,37204,3.476,0.562,16.9
26354,37203,15504,1.571,0.619,4.7
26355,37205,37206,3.778,0.194,18.2
26356,37205,636,3.5,0.3,18.2
26357,37205,15506,1.75,0.25,4.8
26358,37207,15508,1.333,0.267,4.7
26359,37211,37212,1.102,0.185,9.9
26360,37213,37214,1.255,0.338,14.3
26361,37217,33824,1.988,8.036,8.1
26362,37223,29718,1.667,0.333,8.9
26363,37223,9036,2.0,0.0,10.3
26364,37225,32034,10.2,1269.6,0.3
26365,37227,37844,1.12,0.121,11.6
26366,37229,37230,1.287,0.294,9.9
26367,37231,37232,1.518,2.196,14.0
26368,37233,37234,1.364,1.445,8.1
26369,37237,27392,1.246,0.218,5.6
26370,37237,32998,5.37,597.218,19.5
26371,37239,37240,18.493,1620.225,9.9
26372,37239,24782,3.167,7.767,2.8
26373,37241,11240,2.462,0.353,14.4
26374,37243,37244,3.0,0.0,14.8
26375,37243,15528,2.0,0.0,4.7
26376,37245,14542,2.0,0.0,11.8
26377,37245,37246,4.0,1.0,16.4
26378,37247,39946,4.2,0.7,20.1
26379,37249,15536,1.5,0.5,4.7
26380,37259,33616,1.5,0.5,7.7
26381,37261,33852,1.118,0.235,2.6
26382,37275,37276,1.667,0.333,10.4
26383,37277,34672,1.25,0.25,9.0
26384,37283,15564,2.0,0.0,4.7
26385,37287,15568,1.25,0.25,4.7
26386,37289,27112,2.5,0.286,19.3
26387,37291,13876,2.0,0.0,7.5
26388,37295,37296,1.2,0.2,6.5
26389,37297,38018,2.333,0.333,11.9
26390,37297,16214,3.5,0.5,15.4
26391,37301,37302,1.019,0.019,13.1
26392,37303,37304,1.073,0.069,13.4
26393,37305,7618,1.4,0.3,5.4
26394,37305,37306,1.07,0.066,13.8
26395,37309,37310,1.309,0.216,9.7
26396,37311,37312,1.387,0.24,9.5
26397,37313,37314,1.441,0.249,10.0
26398,37315,21816,1.576,0.247,13.4
26399,37315,6506,1.625,3.125,3.5
26400,37317,35608,1.203,0.164,13.0
26401,37325,37326,4.0,0.0,15.0
26402,37327,37328,2.667,0.333,11.4
26403,37329,37330,1.5,0.333,7.7
26404,37331,1592,2.0,0.0,14.2
26405,37351,15656,2.0,0.0,9.2
26406,37351,37376,3.0,0.0,14.4
26407,37357,37358,3.0,0.0,14.4
26408,37357,9002,3.0,0.0,14.2
26409,37359,37360,3.0,0.5,14.4
26410,37359,15640,2.0,0.0,4.7
26411,37361,37362,3.0,0.0,14.4
26412,37365,19602,2.0,0.0,9.6
26413,37365,24,2.8,0.2,14.3
26414,37371,37372,4.0,0.0,14.4
26415,37373,37374,3.0,0.0,14.5
26416,37375,37376,3.167,0.167,14.5
26417,37377,37378,2.875,0.411,14.3
26418,37379,37356,2.75,0.25,14.4
26419,37379,15684,3.167,0.167,14.2
26420,37381,37382,3.0,0.0,14.4
26421,37381,37402,3.0,0.0,14.2
26422,37383,37384,2.5,0.5,14.3
26423,37385,37386,3.0,0.0,14.4
26424,37387,37388,2.5,0.5,14.5
26425,37389,37390,3.0,0.0,14.2
26426,37391,19612,3.0,0.0,14.2
26427,37395,37396,3.0,0.0,14.2
26428,37395,15676,1.5,0.5,4.7
26429,37397,19660,2.0,0.0,6.6
26430,37403,15660,2.0,0.0,9.2
26431,37407,15688,2.0,0.0,4.7
26432,37411,15724,37.8,5734.844,9.5
26433,37411,37440,3.8,4.7,14.2
26434,37413,28,2.0,0.0,9.2
26435,37415,15698,2.0,0.0,4.7
26436,37421,37422,1.844,0.136,13.1
26437,37423,37424,1.103,0.096,4.9
26438,37427,37428,4.428,46.026,8.1
26439,37429,37430,7.806,97.088,12.7
26440,37431,21890,2.092,0.558,19.6
26441,37431,32264,6.032,78.188,2.9
26442,37435,32016,2.364,0.255,16.3
26443,37437,32296,3.167,0.657,20.8
26444,37437,41358,1.182,0.164,6.7
26445,37439,37440,1.022,0.022,10.6
26446,37439,15694,16.5,480.5,3.1
26447,37443,34062,1.073,0.07,4.0
26448,37445,37446,1.087,0.17,9.9
26449,37445,29672,11.0,0.0,2.8
26450,37447,37448,1.111,0.103,5.1
26451,37449,37450,1.122,0.11,7.4
26452,37449,30190,6.667,54.333,2.9
26453,37451,37452,1.274,0.366,9.9
26454,37453,37454,1.172,0.176,8.6
26455,37455,37456,1.202,0.187,13.3
26456,37457,37458,1.37,0.577,6.6
26457,37459,37442,1.295,0.237,8.8
26458,37461,37462,8.167,740.501,8.1
26459,37463,37464,1.933,119.626,5.0
26460,37465,40320,3.222,0.692,17.2
26461,37465,39148,2.914,0.672,33.8
26462,37467,22920,1.017,0.017,8.2
26463,37469,25454,3.0,0.333,21.5
26464,37471,31526,1.686,0.242,20.1
26465,37477,37482,2.0,0.0,11.2
26466,37477,37478,3.556,0.278,14.8
26467,37479,37480,1.25,0.25,5.1
26468,37479,15760,1.333,0.333,4.7
26469,37481,15762,2.0,0.0,4.7
26470,37487,17222,2.0,0.0,11.1
26471,37487,39218,4.0,0.0,16.1
26472,37491,38310,2.0,0.0,13.4
26473,37493,15770,1.333,0.333,4.7
26474,37509,11448,2.0,0.0,9.3
26475,37511,15786,1.5,0.5,4.7
26476,37523,12366,4.5,0.5,14.9
26477,37523,15798,2.0,0.0,4.7
26478,37525,21980,2.0,0.0,9.9
26479,37525,19618,1.692,0.397,13.9
26480,37525,2118,2.5,4.5,4.3
26481,37527,37528,3.0,0.0,14.4
26482,37527,19616,2.5,0.5,14.2
26483,37529,15802,2.0,0.0,4.7
26484,37533,37534,1.034,0.034,6.8
26485,37541,35090,3.25,0.25,25.9
26486,37557,25712,2.0,0.0,17.3
26487,37559,30874,2.0,0.0,15.4
26488,37563,37564,3.0,0.0,13.9
26489,37567,16046,2.0,0.0,9.0
26490,37567,37574,3.0,0.0,14.2
26491,37567,15832,1.667,0.333,4.7
26492,37569,37570,3.25,0.25,14.9
26493,37571,37572,3.571,0.952,19.0
26494,37573,11784,1.25,0.205,5.2
26495,37575,37576,3.167,0.167,14.5
26496,37577,16038,2.0,0.0,9.0
26497,37577,37578,3.0,0.0,14.5
26498,37577,15840,1.667,0.333,4.7
26499,37579,37580,3.0,0.0,14.8
26500,37581,37582,2.5,0.5,14.8
26501,37585,37586,4.0,0.0,14.5
26502,37587,37588,3.667,0.333,14.8
26503,37589,37568,3.333,0.333,14.8
26504,37591,15854,1.5,0.5,4.7
26505,37597,37598,4.0,0.0,15.3
26506,37599,346,3.0,0.0,12.5
26507,37603,37604,1.5,0.3,12.1
26508,37605,37608,1.375,0.268,11.1
26509,37607,30168,1.97,0.03,15.6
26510,37609,37610,2.0,0.0,14.2
26511,37611,37612,2.0,0.0,14.6
26512,37613,37614,1.824,0.279,13.6
26513,37615,37616,1.952,0.048,15.5
26514,37617,37618,5.167,0.493,40.3
26515,37619,37606,3.188,0.157,25.1
26516,37633,37634,1.482,1.616,11.2
26517,37635,39040,2.371,0.698,23.8
26518,37635,39038,4.4,1.3,27.9
26519,37639,35472,1.328,0.224,11.5
26520,37645,19344,3.0,0.0,25.4
26521,37645,32686,4.733,0.781,47.7
26522,37647,29996,3.543,487.591,7.8
26523,37649,37650,1.385,0.24,5.9
26524,37651,37652,1.409,0.244,9.4
26525,37653,37654,2.07,0.183,15.3
26526,37653,34656,3.667,20.667,2.3
26527,37657,37648,2.0,0.0,9.1
26528,37657,15914,2.0,0.0,4.7
26529,37659,37648,2.761,8.008,12.5
26530,37667,37668,4.0,0.0,14.4
26531,37667,15924,2.0,0.0,4.7
26532,37677,37678,1.147,0.178,9.2
26533,37679,37680,1.625,1.104,16.0
26534,37681,9046,1.75,0.25,9.8
26535,37681,37682,2.113,0.689,21.9
26536,37683,37684,1.479,2.77,9.9
26537,37685,39244,1.376,0.403,14.0
26538,37691,31760,1.167,0.536,7.2
26539,37693,34778,14.976,3496.44,8.2
26540,37695,32996,4.142,4.054,38.7
26541,37695,37712,23.763,626.667,16.0
26542,37697,41394,1.076,0.071,13.7
26543,37699,37700,1.443,0.248,18.8
26544,37701,30722,1.211,3.205,8.2
26545,37703,35658,1.857,0.476,13.9
26546,37703,35694,2.0,0.0,14.1
26547,37707,37708,1.155,1.623,8.2
26548,37709,39172,1.773,0.547,18.8
26549,37709,39174,8.0,132.571,5.5
26550,37713,32564,9.899,543.549,21.1
26551,37723,33102,1.5,0.5,7.4
26552,37725,37726,2.0,0.0,14.4
26553,37727,33836,2.0,0.0,14.4
26554,37729,37730,2.0,0.0,10.1
26555,37731,37732,3.333,0.333,15.3
26556,37733,32906,2.857,0.143,17.3
26557,37735,15966,2.0,0.0,4.7
26558,37741,38834,3.333,0.381,16.0
26559,37741,15972,3.682,0.227,24.0
26560,37743,15970,2.667,0.242,18.8
26561,37743,38834,3.36,0.802,33.6
26562,37745,5648,2.636,1.455,13.9
26563,37745,32804,6.18,587.05,14.8
26564,37751,37752,1.351,0.234,16.8
26565,37751,37986,1.4,0.3,7.9
26566,37761,37762,1.273,0.218,10.6
26567,37769,28490,3.0,2.0,8.8
26568,37773,37776,2.0,0.0,10.8
26569,37777,37778,3.0,0.0,14.4
26570,37779,37780,3.0,0.0,14.1
26571,37783,29004,1.5,0.333,9.6
26572,37783,8388,2.75,0.25,12.9
26573,37787,16028,3.0,1.0,12.0
26574,37787,37788,3.0,0.25,14.4
26575,37789,28184,2.0,0.0,9.1
26576,37789,37790,3.077,0.077,14.5
26577,37789,16010,1.5,0.5,4.7
26578,37791,28186,2.0,0.0,9.6
26579,37791,37792,3.0,0.0,14.5
26580,37791,16012,2.0,0.0,4.7
26581,37797,37806,2.0,0.0,10.1
26582,37797,37798,2.5,0.278,13.6
26583,37799,32044,2.667,1.0,11.5
26584,37799,11024,3.0,0.0,14.9
26585,37803,16008,4.5,0.5,13.6
26586,37807,37800,3.0,0.0,14.3
26587,37807,11740,3.0,0.0,14.2
26588,37807,16022,2.0,0.0,4.7
26589,37813,16034,1.5,0.5,4.7
26590,37819,37570,3.0,0.0,14.2
26591,37823,37572,3.5,0.5,17.7
26592,37825,15832,3.0,0.0,14.2
26593,37829,19086,2.0,0.667,6.0
26594,37841,37842,5.2,0.7,10.6
26595,37843,26114,6.667,0.267,30.0
26596,37845,39404,1.167,0.167,6.9
26597,37845,39406,1.888,0.594,20.1
26598,37845,41930,21.0,722.0,9.8
26599,37847,32996,1.2,0.2,7.5
26600,37847,37712,4.449,9.583,36.6
26601,37847,37226,9.791,152.103,15.8
26602,37849,35976,2.956,1.045,14.2
26603,37853,37854,3.0,0.0,16.9
26604,37855,32254,2.5,0.5,14.2
26605,37857,37858,6.865,14.511,19.9
26606,37857,16102,4.6,63.543,5.0
26607,37859,37860,30.0,1508.8,0.2
26608,37861,38364,25.881,829.034,1.3
26609,37863,32732,1.992,0.377,13.2
26610,37865,36110,1.617,0.24,15.0
26611,37865,36500,1.018,0.018,15.7
26612,37867,37692,1.367,0.428,11.8
26613,37871,37872,3.0,0.0,14.4
26614,37875,38168,3.0,0.0,12.8
26615,37879,37884,1.333,0.333,7.9
26616,37883,16094,2.0,0.0,4.7
26617,37887,16090,1.667,0.333,7.5
26618,37891,37892,1.105,0.099,11.6
26619,37893,27526,1.35,1.397,3.2
26620,37895,16074,4.0,0.0,16.3
26621,37899,16108,2.0,0.0,4.7
26622,37903,27672,5.0,0.0,27.5
26623,37903,6526,5.0,0.0,30.2
26624,37907,37908,2.0,0.0,9.3
26625,37915,60,2.0,0.0,9.0
26626,37915,16122,2.0,0.0,4.7
26627,37919,19636,2.5,0.5,14.3
26628,37923,37924,3.0,0.0,14.8
26629,37925,16132,1.5,0.5,4.7
26630,37927,37928,3.0,0.0,14.0
26631,37929,13326,2.0,0.0,9.4
26632,37935,16142,2.0,0.0,4.7
26633,37983,16178,1.5,0.5,4.7
26634,37985,20410,1.889,0.111,9.4
26635,37987,16184,1.5,0.333,4.7
26636,37999,5840,2.0,0.0,9.0
26637,38007,38008,1.105,0.118,14.1
26638,38009,38010,1.012,0.013,11.6
26639,38011,26328,1.9,0.1,10.1
26640,38011,38012,1.5,0.409,17.8
26641,38013,26142,1.4,0.3,8.9
26642,38013,25426,1.306,0.215,16.0
26643,38015,15578,2.0,0.0,12.7
26644,38015,38018,3.0,0.0,14.1
26645,38021,38794,1.444,0.248,18.9
26646,38023,38026,1.122,0.108,17.7
26647,38023,39206,5.05,249.208,17.7
26648,38027,38802,1.18,0.149,15.7
26649,38029,38030,1.595,0.244,14.3
26650,38031,38032,1.241,0.185,14.7
26651,38033,38034,1.165,0.139,14.6
26652,38037,38810,1.064,0.061,13.3
26653,38039,16228,1.342,0.231,16.0
26654,38045,33082,5.379,429.993,4.9
26655,38057,38058,2.0,0.0,21.7
26656,38065,38066,7.12,1.443,14.4
26657,38067,38068,4.667,2.333,10.3
26658,38067,34034,1.143,0.129,4.1
26659,38069,16264,2.5,0.5,4.6
26660,38083,5774,2.0,0.0,9.2
26661,38085,40796,3.503,280.001,8.6
26662,38087,39316,2.75,0.5,12.9
26663,38091,36724,2.667,0.333,18.9
26664,38093,6906,1.667,0.267,9.5
26665,38095,23728,1.5,0.333,17.5
26666,38099,14406,1.667,0.333,11.0
26667,38099,38100,2.0,0.0,29.2
26668,38115,16312,2.5,0.5,14.1
26669,38119,12074,1.5,0.333,8.6
26670,38123,16304,2.0,0.0,8.0
26671,38123,38110,1.143,0.143,12.9
26672,38131,41048,3.0,0.0,14.3
26673,38135,16324,2.0,0.0,4.7
26674,38137,38138,1.429,0.286,5.1
26675,38139,38140,1.636,0.255,6.9
26676,38141,38142,1.1,0.1,5.1
26677,38143,38144,1.364,0.255,5.5
26678,38145,35274,2.0,0.0,13.7
26679,38145,5726,3.833,0.167,24.0
26680,38145,5728,3.333,0.333,22.2
26681,38151,10652,1.2,0.2,3.6
26682,38157,38158,1.25,0.25,14.6
26683,38161,19826,2.0,0.0,15.0
26684,38163,38164,1.627,0.237,19.8
26685,38165,38166,1.257,0.193,16.8
26686,38167,38168,1.185,0.278,10.6
26687,38169,25420,1.878,0.11,7.6
26688,38169,17036,3.8,1.7,31.4
26689,38169,7236,2.091,0.658,9.9
26690,38171,12592,14.857,1935.629,15.3
26691,38173,38174,3.0,0.667,14.5
26692,38175,38176,2.857,0.143,14.5
26693,38177,38292,2.833,0.232,14.2
26694,38179,38180,3.5,0.5,14.4
26695,38179,23452,3.0,0.0,14.2
26696,38179,16360,2.0,0.0,4.7
26697,38187,8572,2.0,2.0,13.0
26698,38195,26678,1.138,0.119,10.4
26699,38199,23722,2.0,0.0,11.4
26700,38201,14470,4.4,0.609,26.4
26701,38201,23670,4.2,1.457,19.5
26702,38201,16378,2.0,0.0,4.8
26703,38203,186,2.5,0.5,9.2
26704,38205,32228,2.0,0.0,9.0
26705,38207,32128,1.889,0.111,9.0
26706,38209,38210,1.486,0.257,10.2
26707,38211,38212,1.077,0.154,5.0
26708,38213,24534,2.758,0.314,18.6
26709,38215,41440,2.0,0.0,9.0
26710,38215,38216,1.783,0.178,14.4
26711,38219,568,2.0,0.0,15.4
26712,38219,24096,2.0,0.0,16.7
26713,38219,32476,2.095,0.09,15.3
26714,38223,38224,2.182,0.164,15.7
26715,38225,38226,2.1,0.1,15.7
26716,38227,38228,2.4,0.267,15.9
26717,38229,22804,1.333,0.267,5.8
26718,38229,38230,1.8,0.2,11.5
26719,38231,38232,1.692,0.564,12.0
26720,38233,41268,1.273,0.218,8.1
26721,38235,4340,3.2,0.7,23.0
26722,38243,33200,2.0,0.0,9.8
26723,38243,12032,3.333,0.333,17.2
26724,38247,16400,2.0,0.0,4.7
26725,38259,38260,1.333,0.333,8.8
26726,38261,16408,1.5,0.5,4.7
26727,38271,12034,3.0,0.0,23.2
26728,38271,12038,4.0,0.765,33.6
26729,38271,12026,4.333,1.333,10.2
26730,38273,10856,1.333,0.333,9.0
26731,38273,38274,3.0,0.0,14.5
26732,38275,38276,2.333,0.333,11.2
26733,38277,38282,2.0,0.0,9.0
26734,38279,31826,2.0,0.0,9.0
26735,38281,1416,2.0,0.0,11.8
26736,38283,34100,3.0,0.0,9.0
26737,38287,12040,2.438,0.262,15.1
26738,38291,19500,7.0,0.0,31.5
26739,38293,1588,2.31,0.222,14.0
26740,38295,1592,2.667,0.667,18.7
26741,38299,16428,1.5,0.5,5.8
26742,38301,12784,3.4,0.3,18.5
26743,38309,24684,1.2,0.2,5.2
26744,38311,5080,2.286,0.238,13.0
26745,38315,19526,4.0,0.0,20.9
26746,38317,10234,1.667,0.333,10.0
26747,38319,33520,2.0,0.0,10.3
26748,38319,33522,2.0,0.0,14.0
26749,38331,38332,2.333,0.333,9.1
26750,38333,38334,3.0,1.0,14.4
26751,38335,38336,3.0,1.0,14.4
26752,38337,38338,3.0,1.0,14.4
26753,38339,16492,3.0,1.0,14.8
26754,38349,38350,2.0,0.0,14.4
26755,38349,16484,2.0,0.0,4.7
26756,38351,38352,3.0,0.0,14.4
26757,38353,38354,3.0,0.0,14.4
26758,38355,38902,3.0,0.0,17.2
26759,38365,33826,2.5,0.5,15.4
26760,38365,15752,10.578,250.84,22.5
26761,38371,16504,2.0,0.0,9.0
26762,38381,38382,2.0,0.0,19.6
26763,38381,4722,2.0,0.0,16.7
26764,38387,40668,2.75,97.563,1.4
26765,38389,23796,7.066,1234.733,16.2
26766,38393,32596,1.75,0.205,8.9
26767,38395,16536,3.0,0.0,14.8
26768,38395,16530,2.0,0.0,4.7
26769,38397,38398,1.125,0.117,5.1
26770,38399,29042,2.0,0.0,9.1
26771,38399,16534,1.714,0.238,4.7
26772,38411,41602,6.0,0.0,23.1
26773,38413,12836,1.667,1.333,9.1
26774,38415,12844,2.333,0.333,9.2
26775,38415,38416,3.0,0.0,14.5
26776,38417,39200,3.0,0.0,13.7
26777,38421,12842,2.1,0.322,9.3
26778,38425,27554,1.146,0.128,9.9
26779,38425,20138,1.065,0.062,15.5
26780,38427,5200,1.8,0.2,7.6
26781,38431,38432,1.464,2.493,8.4
26782,38433,26958,2.311,0.219,12.1
26783,38433,23098,2.188,0.503,23.3
26784,38435,16568,1.833,0.167,4.7
26785,38451,9414,2.333,0.333,9.0
26786,38451,38452,3.0,0.0,14.4
26787,38451,16584,2.0,0.0,4.7
26788,38453,11040,1.5,0.5,9.0
26789,38453,16586,1.25,0.25,4.7
26790,38455,16604,2.5,0.5,14.2
26791,38457,38458,3.0,0.0,14.4
26792,38457,30140,2.5,0.5,14.2
26793,38459,32064,3.0,0.0,14.2
26794,38463,8842,1.667,0.333,9.0
26795,38467,8838,3.0,0.0,14.2
26796,38469,16588,1.5,0.5,9.0
26797,38473,1664,1.07,0.066,4.9
26798,38483,29594,2.0,0.0,12.4
26799,38491,23554,2.0,0.0,13.0
26800,38491,2148,2.808,0.852,26.9
26801,38513,16646,2.0,0.0,4.7
26802,38515,12362,2.0,0.0,12.5
26803,38519,38520,1.047,0.163,9.0
26804,38521,38522,1.007,0.007,8.7
26805,38521,4364,3.0,20.0,2.8
26806,38523,38524,1.037,0.036,14.0
26807,38527,38528,2.0,0.0,6.3
26808,38529,38532,3.0,0.0,14.4
26809,38539,16674,2.0,0.0,4.7
26810,38541,11552,2.0,0.0,13.2
26811,38541,33286,7.041,1.313,78.4
26812,38543,28702,1.783,0.238,9.7
26813,38543,29960,1.655,0.783,16.4
26814,38545,33284,2.449,1.46,12.1
26815,38545,40188,6.579,1.875,73.4
26816,38545,11552,5.0,0.0,39.4
26817,38549,38550,1.25,0.25,10.5
26818,38551,16680,1.333,0.333,4.7
26819,38555,38556,4.556,0.261,33.9
26820,38557,38558,1.944,0.054,14.9
26821,38559,5166,4.172,2.148,35.0
26822,38559,20392,2.111,0.111,15.0
26823,38561,38562,2.54,0.391,15.2
26824,38565,38566,2.443,1.514,14.5
26825,38567,38568,2.135,1.527,12.7
26826,38569,38570,6.68,438.024,13.9
26827,38571,38572,1.314,0.336,5.7
26828,38573,38574,3.574,171.106,13.8
26829,38575,38576,25.63,4322.943,8.7
26830,38577,23056,16.737,2086.585,6.3
26831,38581,32252,3.0,0.0,11.6
26832,38583,38584,3.0,0.0,17.3
26833,38583,38598,4.0,0.0,15.9
26834,38585,38592,2.0,0.0,9.2
26835,38585,38586,2.0,0.0,12.5
26836,38587,38590,2.0,0.0,11.1
26837,38593,38594,2.0,0.0,12.9
26838,38607,38612,2.5,0.5,16.4
26839,38607,38608,1.038,0.037,12.2
26840,38609,38714,2.667,0.667,16.5
26841,38609,38610,1.02,0.02,12.4
26842,38611,38700,5.942,1.742,56.7
26843,38613,16820,2.857,0.476,14.3
26844,38613,38682,2.5,0.5,11.1
26845,38617,38618,1.348,0.237,10.4
26846,38623,16762,3.0,0.0,14.2
26847,38623,16744,2.0,0.0,4.7
26848,38629,16750,4.0,0.0,1.4
26849,38631,38632,1.043,0.043,12.8
26850,38631,15256,2.2,2.622,1.4
26851,38639,38640,1.043,0.043,13.6
26852,38653,16768,2.0,0.0,4.7
26853,38657,16772,2.0,0.0,4.7
26854,38663,38628,2.0,0.0,8.0
26855,38669,16808,5.0,0.0,23.0
26856,38669,38624,5.0,1.2,40.1
26857,38671,40392,2.5,0.5,13.5
26858,38673,38674,3.0,0.0,17.4
26859,38675,16750,2.0,0.0,14.8
26860,38679,16758,3.0,0.0,14.2
26861,38681,38656,2.0,0.0,8.9
26862,38681,16790,2.0,0.0,4.7
26863,38683,38680,2.5,0.5,9.1
26864,38691,38622,3.667,0.333,17.3
26865,38695,38678,2.0,0.0,10.4
26866,38697,38708,2.0,0.0,11.8
26867,38701,38624,2.417,0.479,12.8
26868,38701,19888,5.074,0.687,36.0
26869,38701,16778,2.111,0.861,10.9
26870,38703,38704,2.0,0.0,11.2
26871,38703,31016,3.0,0.667,14.4
26872,38705,38706,3.042,0.389,14.3
26873,38707,25546,1.417,0.254,7.3
26874,38709,38700,6.7,1.274,50.7
26875,38709,16734,3.0,0.0,24.0
26876,38715,16798,2.0,0.0,9.2
26877,38715,38676,3.5,0.5,15.9
26878,38715,38690,2.667,0.333,12.0
26879,38721,38722,3.0,0.0,14.4
26880,38729,14406,3.0,0.0,27.7
26881,38731,38732,2.0,0.0,14.4
26882,38733,38734,2.8,0.2,19.1
26883,38735,38736,1.833,0.167,13.1
26884,38737,38738,1.439,0.322,10.0
26885,38739,31788,1.459,0.286,11.9
26886,38745,38746,2.0,0.0,15.0
26887,38749,35686,3.125,0.411,15.4
26888,38759,16864,2.0,0.0,4.7
26889,38761,12692,1.5,0.3,8.2
26890,38761,38762,2.5,1.0,13.2
26891,38761,16866,2.0,0.0,11.0
26892,38763,12728,2.0,0.0,9.0
26893,38765,39264,2.0,0.0,11.0
26894,38765,5014,4.0,0.0,25.1
26895,38769,16874,1.5,0.5,4.7
26896,38783,5408,1.5,0.5,7.7
26897,38785,12866,2.0,0.0,9.1
26898,38785,38786,3.0,2.0,14.4
26899,38787,16892,1.8,0.622,4.7
26900,38789,16894,2.0,0.0,4.7
26901,38795,37024,1.288,0.906,14.5
26902,38795,35948,1.089,0.083,14.8
26903,38797,38798,1.279,0.234,13.3
26904,38799,16218,1.764,0.558,18.3
26905,38801,38038,3.556,0.85,24.3
26906,38801,38806,2.775,2.648,17.6
26907,38807,38024,2.717,3.255,18.0
26908,38811,38806,1.714,0.468,9.1
26909,38811,38804,3.222,0.944,23.0
26910,38813,38028,1.73,0.364,9.1
26911,38815,38816,3.0,0.0,14.8
26912,38817,10112,1.5,0.5,8.2
26913,38819,16910,2.0,0.0,4.7
26914,38829,36544,2.0,0.0,9.0
26915,38833,15968,3.0,0.667,14.2
26916,38835,33318,1.034,0.101,8.2
26917,38837,3264,2.0,0.0,9.2
26918,38839,3262,2.0,0.0,9.0
26919,38839,16930,1.4,0.3,4.7
26920,38841,23408,1.5,0.5,9.2
26921,38843,118,4.0,0.0,19.6
26922,38845,38836,3.25,0.25,14.4
26923,38845,3258,3.333,0.333,16.8
26924,38845,16938,1.5,0.3,4.7
26925,38847,6568,2.0,0.0,11.2
26926,38847,27082,3.0,0.0,12.7
26927,38849,38846,2.25,1.583,8.4
26928,38851,22962,1.789,0.819,9.6
26929,38855,25476,2.0,0.0,12.0
26930,38857,13462,3.0,0.0,15.5
26931,38861,38862,1.402,0.242,19.2
26932,38863,38864,1.078,0.088,13.4
26933,38863,9598,2.714,8.905,3.5
26934,38865,38866,1.378,0.4,13.2
26935,38867,26540,1.969,9.145,11.8
26936,38869,38872,2.5,0.333,5.0
26937,38871,38888,3.333,0.333,8.2
26938,38873,38874,2.333,0.333,5.0
26939,38875,38876,2.333,0.333,5.6
26940,38877,38878,3.333,1.333,6.6
26941,38879,38880,3.0,1.0,6.0
26942,38881,38882,2.5,0.333,5.0
26943,38883,38884,2.333,0.333,5.0
26944,38885,38870,4.0,1.0,9.1
26945,38889,19804,5.75,0.917,23.8
26946,38891,38868,2.5,0.333,5.0
26947,38893,24130,8.244,1365.539,17.0
26948,38895,41892,2.016,4.984,19.4
26949,38895,40434,15.414,2747.603,19.5
26950,38897,38898,10.415,946.71,8.0
26951,38897,41858,10.947,1824.128,8.3
26952,38899,5054,2.042,0.974,16.6
26953,38901,38904,1.15,0.139,13.0
26954,38901,38912,9.125,159.839,5.2
26955,38903,38900,3.0,0.5,17.0
26956,38903,37692,4.0,1.0,29.1
26957,38905,38906,1.339,15.503,13.0
26958,38907,38908,1.635,46.255,8.2
26959,38909,36842,3.0,0.0,22.4
26960,38909,38910,15.407,2191.406,40.9
26961,38911,23036,12.41,1847.944,28.6
26962,38913,1824,1.933,0.21,8.3
26963,38913,38914,3.5,0.5,14.9
26964,38913,21628,3.154,0.308,14.8
26965,38917,32808,4.0,0.0,14.3
26966,38917,16970,2.0,0.0,4.7
26967,38919,37866,7.927,1272.068,8.2
26968,38923,15904,10.156,1316.89,8.8
26969,38925,38926,1.409,0.387,6.3
26970,38927,38928,4.848,582.843,7.9
26971,38927,34344,5.0,61.5,5.0
26972,38929,38930,2.238,0.527,12.0
26973,38931,27794,2.167,0.213,14.0
26974,38931,22124,3.6,0.8,18.0
26975,38931,12304,3.0,0.0,14.3
26976,38935,38944,3.0,0.0,16.0
26977,38935,16974,1.5,0.5,4.7
26978,38941,38942,3.0,0.455,14.6
26979,38943,23546,2.941,0.434,14.4
26980,38943,38934,2.667,0.333,14.2
26981,38943,3386,2.0,0.0,4.7
26982,38945,16982,2.0,0.0,4.7
26983,38949,32544,2.131,0.356,12.2
26984,38949,25558,3.435,1.257,29.2
26985,38949,9914,2.409,3.396,12.0
26986,38963,38964,1.067,0.067,15.4
26987,38965,11618,3.5,0.333,28.7
26988,38965,32690,2.417,0.265,14.5
26989,38967,38968,1.667,0.333,10.5
26990,38969,8726,1.75,0.25,9.7
26991,38969,38970,2.0,0.0,14.5
26992,38973,8740,3.0,0.0,21.6
26993,38977,38962,2.227,0.184,17.7
26994,38989,38990,1.5,0.5,12.6
26995,38993,38994,1.167,0.167,13.3
26996,38997,7236,1.667,0.333,6.8
26997,38997,25420,4.25,12.917,13.5
26998,38999,39000,2.208,1.302,20.3
26999,39001,24506,2.25,0.214,11.9
27000,39001,21504,2.358,2.265,20.4
27001,39001,20462,7.0,0.0,6.4
27002,39003,39006,1.222,0.174,17.4
27003,39005,26984,5.15,1.713,28.3
27004,39005,32774,3.631,0.926,43.9
27005,39007,39004,4.153,281.083,8.2
27006,39019,23032,2.0,0.0,23.2
27007,39021,39022,1.4,0.267,10.1
27008,39023,29870,1.333,0.333,8.6
27009,39023,39024,2.0,0.0,13.7
27010,39025,39026,1.5,0.333,10.4
27011,39027,33530,2.0,0.0,14.7
27012,39027,21916,1.8,0.2,14.4
27013,39031,39032,2.0,0.0,9.9
27014,39031,17068,1.667,0.267,13.8
27015,39041,32302,1.097,0.087,13.2
27016,39043,39044,15.917,2883.096,7.9
27017,39045,32718,25.452,5352.36,11.2
27018,39059,17086,3.0,0.0,15.6
27019,39111,17132,2.0,0.0,4.7
27020,39113,17142,2.0,0.0,4.7
27021,39117,17138,2.0,0.0,4.7
27022,39125,12108,1.304,0.312,9.8
27023,39127,14968,1.75,0.25,13.0
27024,39127,36560,1.167,0.167,15.7
27025,39139,25410,1.625,0.268,10.2
27026,39141,7780,2.0,0.0,12.6
27027,39143,17170,1.333,0.333,4.7
27028,39145,24342,2.667,0.333,14.1
27029,39153,39154,1.102,0.223,5.8
27030,39155,7688,2.444,0.278,13.1
27031,39155,39156,2.22,0.769,22.3
27032,39157,18026,3.707,0.291,15.9
27033,39157,40218,3.837,1.051,35.1
27034,39159,17176,1.308,0.216,13.1
27035,39161,24944,9.721,1114.929,12.1
27036,39163,4686,57.25,4319.583,8.3
27037,39165,39166,2.5,0.333,13.0
27038,39167,24984,2.0,0.0,9.2
27039,39167,39168,3.0,0.0,12.9
27040,39173,35646,1.114,0.126,13.4
27041,39173,35654,15.667,645.333,3.4
27042,39175,29502,1.412,1.382,3.2
27043,39177,29496,1.5,0.5,7.6
27044,39181,14116,2.0,0.0,13.9
27045,39183,39184,1.123,0.204,9.8
27046,39185,31546,1.2,0.2,5.6
27047,39185,36450,2.077,2.091,19.6
27048,39191,24210,3.0,0.0,20.7
27049,39191,13600,2.04,0.04,18.5
27050,39195,37028,1.117,0.19,8.2
27051,39197,17202,1.5,0.5,4.7
27052,39199,30478,2.4,0.253,17.3
27053,39199,23050,2.254,0.193,29.9
27054,39201,2170,3.333,0.267,21.0
27055,39207,38038,3.45,0.787,27.1
27056,39211,5524,1.562,0.319,9.1
27057,39211,39212,3.0,0.4,14.4
27058,39213,39214,2.0,0.293,14.3
27059,39213,25980,2.278,0.212,14.4
27060,39215,26586,2.056,0.283,14.6
27061,39217,35574,1.714,0.238,10.3
27062,39221,17220,2.0,0.0,4.7
27063,39225,39226,3.0,0.0,14.7
27064,39227,5740,2.333,0.267,13.6
27065,39229,25464,4.667,0.333,20.7
27066,39231,39232,2.237,181.424,13.9
27067,39233,39234,1.836,0.712,19.7
27068,39233,9046,24.0,430.0,25.4
27069,39235,39236,1.365,0.391,13.3
27070,39237,39238,1.234,0.303,9.4
27071,39239,39240,1.443,0.589,12.9
27072,39241,39242,9.582,1191.707,8.0
27073,39243,2300,2.0,0.0,11.0
27074,39243,31796,5.176,13.328,49.7
27075,39243,11502,4.818,4.964,30.2
27076,39245,35528,10.454,691.845,22.3
27077,39245,31064,1.883,0.164,22.1
27078,39249,4884,4.273,4.418,22.4
27079,39251,39252,3.2,0.27,14.1
27080,39253,5036,1.042,0.041,4.9
27081,39253,39254,1.832,13.348,13.2
27082,39255,39256,1.456,0.466,13.4
27083,39255,6128,6.667,156.242,3.8
27084,39257,39258,1.329,0.366,9.4
27085,39259,39260,2.956,273.719,13.3
27086,39259,26590,1.722,3.036,3.3
27087,39261,39262,1.489,0.57,11.5
27088,39263,27608,3.75,0.25,29.6
27089,39263,37210,5.652,0.911,63.9
27090,39263,13916,12.333,352.86,5.8
27091,39265,17248,2.333,0.333,11.6
27092,39265,20448,1.121,0.252,9.6
27093,39267,39268,3.333,0.333,14.2
27094,39269,20448,2.0,0.0,10.2
27095,39271,20444,8.153,213.814,19.7
27096,39273,39274,3.0,0.0,12.4
27097,39275,31866,2.5,0.5,12.5
27098,39277,28546,4.0,0.667,30.9
27099,39277,7948,5.545,7.073,17.0
27100,39279,17258,1.333,0.333,4.7
27101,39281,39278,3.0,0.0,14.4
27102,39281,3752,3.2,0.2,14.2
27103,39283,24304,3.0,0.0,15.3
27104,39283,24300,6.0,0.0,16.0
27105,39283,17262,1.5,0.5,4.7
27106,39287,41522,3.642,1.549,34.1
27107,39289,25932,2.709,1.252,24.3
27108,39289,24546,7.0,18.667,4.6
27109,39295,39296,3.0,0.0,15.0
27110,39297,24386,2.0,0.0,10.4
27111,39297,19534,1.5,0.5,4.8
27112,39299,27760,1.5,0.333,9.9
27113,39301,39304,3.5,0.5,11.7
27114,39305,39306,2.0,0.0,5.4
27115,39307,39308,4.0,0.0,9.1
27116,39309,17280,3.0,0.0,9.0
27117,39323,1620,14.333,2025.524,17.5
27118,39327,39338,37.561,11497.965,16.7
27119,39327,17288,28.0,32.0,1.4
27120,39329,41940,27.76,4259.19,7.8
27121,39329,39330,4.964,178.596,8.1
27122,39331,39340,3.075,0.957,22.1
27123,39333,39326,28.621,7328.871,6.7
27124,39335,39332,34.794,8407.865,7.0
27125,39337,39332,65.059,14368.934,7.5
27126,39339,12294,28.529,3913.265,15.2
27127,39339,38932,4.051,1.682,19.5
27128,39341,33656,1.018,0.018,9.8
27129,39347,17298,1.333,0.333,4.7
27130,39349,37178,3.2,0.2,22.9
27131,39351,17302,1.5,0.286,4.7
27132,39353,17304,2.5,0.5,4.7
27133,39359,39360,2.146,0.878,6.7
27134,39359,31992,5.0,1.0,10.2
27135,39361,39362,3.222,160.178,2.6
27136,39365,21984,2.366,0.238,10.2
27137,39367,21952,2.615,0.326,7.2
27138,39367,39358,2.619,1.048,9.8
27139,39369,17290,3.357,0.382,24.6
27140,39369,12294,27.056,2222.761,33.2
27141,39369,38932,7.333,20.75,20.6
27142,39375,39376,3.0,0.0,12.4
27143,39377,17326,2.0,0.0,4.7
27144,39389,17338,2.0,0.0,4.7
27145,39399,25936,2.0,0.0,7.6
27146,39401,39402,3.749,137.5,8.5
27147,39403,32574,1.187,2.262,3.9
27148,39403,37694,10.287,574.371,11.1
27149,39407,37224,1.098,0.24,2.5
27150,39415,16678,1.667,0.333,7.8
27151,39421,39422,1.5,0.333,6.6
27152,39423,17866,1.6,0.3,7.8
27153,39425,26450,1.5,0.286,9.6
27154,39425,5980,2.0,0.0,14.6
27155,39427,16390,6.5,0.333,48.8
27156,39427,38236,3.0,0.0,14.3
27157,39429,39430,1.25,0.25,5.2
27158,39429,17364,2.0,0.0,4.7
27159,39431,8086,4.25,0.25,19.7
27160,39435,39436,3.0,0.0,9.0
27161,39435,17374,5.0,0.0,15.5
27162,39435,39440,3.0,0.0,15.6
27163,39441,22666,4.25,0.214,22.1
27164,39445,17380,1.417,0.265,4.7
27165,39447,39448,2.167,0.167,15.4
27166,39449,25578,2.0,0.0,10.6
27167,39449,5158,2.0,0.5,15.1
27168,39453,40016,1.51,2.561,13.0
27169,39459,39460,1.516,0.652,7.2
27170,39461,39462,1.601,0.437,10.2
27171,39463,39470,1.014,0.014,4.7
27172,39463,40008,1.017,0.017,8.4
27173,39467,39468,1.06,0.083,9.3
27174,39469,26960,3.409,0.678,32.1
27175,39471,21330,2.521,0.25,23.7
27176,39473,1616,2.886,2.737,31.5
27177,39473,23112,31.8,1930.7,18.3
27178,39475,39476,2.773,1.517,8.2
27179,39477,21554,1.625,0.245,8.1
27180,39483,17392,1.667,0.333,4.7
27181,39485,39486,2.0,0.0,14.6
27182,39485,17394,1.5,0.5,4.7
27183,39487,17396,2.0,0.0,4.7
27184,39491,39494,3.0,0.0,9.2
27185,39495,24238,1.5,0.5,7.8
27186,39497,25812,2.0,0.0,7.7
27187,39499,25804,1.75,0.25,12.4
27188,39501,39502,3.5,0.5,14.9
27189,39517,17426,1.5,0.5,4.7
27190,39529,39530,3.0,0.0,14.0
27191,39531,32742,2.0,0.0,13.0
27192,39535,19764,7.333,0.333,27.8
27193,39539,17448,2.0,0.0,4.7
27194,39545,21108,3.0,0.0,17.3
27195,39545,7598,4.6,0.3,21.1
27196,39547,41072,4.0,0.0,14.6
27197,39549,17458,2.0,0.0,4.7
27198,39555,39558,2.0,0.0,9.1
27199,39557,39558,2.0,0.0,14.4
27200,39561,7888,7.167,85.367,9.0
27201,39569,36220,6.0,0.0,11.9
27202,39569,36204,6.333,2.333,11.9
27203,39571,39572,3.5,0.5,13.6
27204,39571,19764,13.0,0.0,28.8
27205,39571,19308,2.0,0.0,7.7
27206,39571,17446,2.0,0.0,7.1
27207,39573,39574,1.5,0.5,10.4
27208,39575,33494,1.75,0.25,11.0
27209,39577,36198,2.5,0.5,4.6
27210,39579,36214,11.0,2.0,22.6
27211,39581,17484,2.0,0.0,4.7
27212,39587,17490,2.0,0.0,4.7
27213,39589,17492,2.0,0.0,4.7
27214,39591,17494,1.333,0.333,4.7
27215,39593,39594,3.5,0.5,14.4
27216,39595,39598,4.0,0.0,14.5
27217,39599,17502,2.0,0.0,4.7
27218,39609,17512,2.0,0.0,4.7
27219,39615,39616,3.0,0.0,14.4
27220,39615,17518,1.5,0.5,4.7
27221,39619,17518,3.0,0.0,14.2
27222,39623,39624,3.5,0.5,14.7
27223,39623,39628,3.4,0.3,14.4
27224,39627,9970,1.5,0.5,9.0
27225,39627,30812,3.0,0.0,16.8
27226,39629,14612,3.0,0.0,14.3
27227,39633,17536,2.2,0.2,4.7
27228,39653,33502,2.529,0.265,7.5
27229,39661,17564,1.333,0.333,4.7
27230,39667,17570,1.333,0.333,4.7
27231,39677,17580,1.333,0.333,4.7
27232,39681,17584,1.5,0.5,4.7
27233,39683,17586,1.5,0.5,4.7
27234,39689,17592,1.333,0.333,4.7
27235,39699,17598,2.0,0.0,9.1
27236,39699,17602,1.5,0.5,4.7
27237,39703,17604,3.333,0.333,14.5
27238,39713,14108,2.0,0.0,6.9
27239,39713,35550,2.5,0.5,12.1
27240,39717,39718,4.0,0.0,13.6
27241,39719,39726,4.0,0.0,14.3
27242,39719,17622,1.5,0.5,4.7
27243,39721,17624,3.0,0.0,13.3
27244,39723,17624,2.0,0.0,4.7
27245,39731,39732,3.0,0.0,14.4
27246,39733,17630,2.0,0.0,4.7
27247,39737,17640,3.0,0.0,14.4
27248,39743,17634,2.0,0.0,9.5
27249,39745,17642,2.0,0.0,4.7
27250,39747,40096,1.5,0.5,4.7
27251,39755,39756,2.5,0.5,10.8
27252,39757,39758,2.667,0.333,14.0
27253,39759,20174,4.0,0.0,17.8
27254,39763,3860,2.5,0.5,14.6
27255,39771,17666,2.0,0.0,4.7
27256,39779,17670,2.0,0.0,5.3
27257,39789,17680,2.0,0.0,4.7
27258,39791,17682,1.429,0.286,4.7
27259,39793,17684,2.0,0.0,4.7
27260,39797,8540,2.5,0.5,12.6
27261,39801,39802,3.0,0.0,12.8
27262,39807,5800,2.0,0.0,14.8
27263,39811,17702,1.5,0.5,4.7
27264,39813,3388,3.6,0.8,14.3
27265,39821,39822,3.696,0.403,18.2
27266,39823,39824,3.348,0.328,15.6
27267,39825,10152,3.545,0.256,17.1
27268,39835,35582,2.0,0.0,7.6
27269,39837,17730,1.833,0.167,4.7
27270,39839,39842,3.0,0.0,14.2
27271,39839,39840,3.4,0.267,14.7
27272,39839,17732,2.0,0.0,4.7
27273,39841,17734,1.75,0.25,4.7
27274,39847,17740,1.5,0.5,4.7
27275,39851,39852,2.5,0.333,14.4
27276,39851,17744,2.0,0.0,4.7
27277,39853,39854,2.75,0.25,14.4
27278,39859,17750,2.0,0.0,4.7
27279,39867,39868,2.667,0.333,14.4
27280,39867,41084,2.5,0.5,14.2
27281,39869,17762,1.333,0.333,4.7
27282,39873,17766,1.5,0.5,4.7
27283,39881,22502,1.571,0.286,9.0
27284,39885,39886,2.0,0.0,9.1
27285,39887,22506,1.5,0.286,7.8
27286,39889,17774,3.25,0.25,13.9
27287,39891,17782,2.0,0.0,4.7
27288,39893,17784,2.0,0.0,4.7
27289,39895,17786,1.25,0.25,4.7
27290,39901,17796,2.0,0.0,9.2
27291,39913,17804,2.0,0.0,4.7
27292,39915,39922,2.0,0.0,8.3
27293,39915,17806,2.0,0.0,4.7
27294,39939,17830,1.333,0.333,4.7
27295,39947,4532,3.0,0.5,14.2
27296,39955,33096,2.0,0.0,8.7
27297,39957,522,3.0,0.0,15.2
27298,39957,17848,2.0,0.0,4.7
27299,39965,38094,2.0,0.0,10.3
27300,39967,17852,1.333,0.333,4.7
27301,39969,17854,3.6,22.3,4.7
27302,39971,40318,3.0,0.0,10.4
27303,39971,39972,3.0,0.0,14.4
27304,39973,39974,2.5,0.5,14.1
27305,39975,29320,1.5,0.5,7.6
27306,39979,17864,2.0,0.0,4.7
27307,39981,21396,2.333,0.333,11.0
27308,39981,39982,1.923,0.077,9.3
27309,39983,31650,2.5,0.368,10.9
27310,39985,39986,1.419,0.252,7.8
27311,39989,41264,1.038,0.038,5.1
27312,39997,24502,3.25,0.25,26.1
27313,39997,33322,3.248,4.686,30.6
27314,39997,26668,9.0,46.0,15.7
27315,39999,17876,1.5,0.5,4.7
27316,40005,40006,1.011,0.011,8.4
27317,40009,40004,1.006,0.006,8.9
27318,40015,40010,1.189,0.156,9.3
27319,40017,36988,1.067,0.135,9.1
27320,40017,20278,3.0,14.566,7.7
27321,40019,40012,1.008,0.008,11.6
27322,40023,40018,2.5,0.5,15.0
27323,40029,32322,1.102,0.092,22.9
27324,40033,22964,1.351,0.231,6.6
27325,40033,35428,1.193,0.163,9.5
27326,40035,40032,1.059,0.057,9.3
27327,40037,20154,1.042,0.041,7.1
27328,40037,35422,1.095,0.088,9.7
27329,40039,40036,1.041,0.039,8.8
27330,40047,38010,1.5,0.5,8.4
27331,40053,40054,3.0,0.0,14.8
27332,40055,40056,3.0,0.0,14.7
27333,40057,40058,3.0,0.0,15.4
27334,40059,29418,2.0,0.0,8.7
27335,40059,8778,2.0,0.0,11.4
27336,40073,23534,4.0,0.0,13.1
27337,40073,40074,3.067,0.133,14.6
27338,40075,40076,2.483,0.259,12.1
27339,40075,17920,2.0,0.0,4.7
27340,40077,40078,3.0,0.308,14.4
27341,40077,17928,2.75,0.25,14.4
27342,40077,17922,1.429,0.286,4.7
27343,40079,40080,2.417,0.265,11.8
27344,40081,17926,1.615,0.256,4.7
27345,40083,17922,1.889,0.361,9.0
27346,40097,8910,4.0,2.0,24.1
27347,40105,12730,2.0,0.0,9.2
27348,40105,34038,3.167,0.567,14.5
27349,40109,40106,3.0,0.0,11.8
27350,40113,5334,3.0,0.0,17.9
27351,40121,40122,7.0,1.0,14.4
27352,40123,40124,10.6,0.3,21.1
27353,40125,40126,2.333,0.267,5.0
27354,40127,40128,5.167,0.167,17.2
27355,40129,40202,2.25,0.25,7.2
27356,40129,18034,2.5,0.5,19.3
27357,40131,40124,5.0,0.0,10.8
27358,40135,40122,4.5,0.5,9.2
27359,40139,7070,2.0,0.0,12.7
27360,40147,40148,3.0,0.0,15.9
27361,40149,32536,3.0,0.0,16.9
27362,40149,6664,2.667,0.333,15.6
27363,40153,17994,2.0,0.0,4.7
27364,40169,18006,2.0,0.0,4.7
27365,40171,40172,1.021,0.02,9.4
27366,40173,40174,1.114,1.224,9.7
27367,40175,40176,1.2,0.207,13.2
27368,40177,40178,1.397,0.375,13.1
27369,40179,25892,2.833,0.333,19.6
27370,40179,25862,5.366,0.957,60.2
27371,40181,29930,1.421,0.25,6.6
27372,40181,32712,5.625,374.747,31.5
27373,40181,32726,27.0,0.0,5.4
27374,40183,38542,4.395,200.142,19.2
27375,40185,40186,4.882,745.194,6.7
27376,40187,33652,29.483,5249.671,17.8
27377,40189,40190,1.205,0.638,4.5
27378,40191,8104,1.067,0.097,2.8
27379,40193,40218,1.778,0.194,6.3
27380,40193,36088,5.775,0.632,28.7
27381,40199,26102,1.333,0.333,7.3
27382,40199,8156,2.0,0.0,18.1
27383,40201,21556,2.167,0.167,16.4
27384,40201,17970,2.5,0.3,17.1
27385,40201,40202,1.056,0.054,13.0
27386,40203,40204,1.294,0.214,9.7
27387,40203,37566,3.0,6.0,2.8
27388,40205,40206,1.5,0.257,10.5
27389,40211,40212,1.098,0.09,14.6
27390,40213,40200,4.061,1.017,38.2
27391,40213,40198,5.0,0.0,31.3
27392,40215,20832,2.479,2.136,24.6
27393,40215,2894,2.0,0.0,6.4
27394,40217,25940,57.107,10888.863,24.5
27395,40219,7720,1.333,0.267,8.8
27396,40219,33928,4.645,842.286,18.1
27397,40221,38388,5.464,849.725,12.6
27398,40223,40438,1.457,0.25,8.1
27399,40223,40436,2.553,0.504,30.1
27400,40223,40442,3.818,0.764,34.8
27401,40227,32794,2.0,0.0,16.4
27402,40229,18056,2.0,0.0,4.7
27403,40231,13972,2.0,0.0,12.9
27404,40289,40290,3.0,0.0,14.6
27405,40297,18134,1.8,0.2,8.6
27406,40297,40298,2.75,0.25,13.9
27407,40299,40294,2.0,0.0,9.0
27408,40299,40300,3.0,0.0,14.4
27409,40309,29520,2.0,0.0,7.6
27410,40309,8860,3.0,1.0,12.6
27411,40315,18142,1.5,0.5,4.7
27412,40321,33910,1.28,0.442,7.7
27413,40323,32154,1.273,0.218,9.6
27414,40331,40332,3.0,0.0,9.8
27415,40331,18158,2.0,0.0,4.7
27416,40333,18160,2.0,0.0,4.7
27417,40339,13414,3.0,0.0,14.5
27418,40351,40354,2.0,0.0,9.1
27419,40355,18182,2.0,0.0,4.7
27420,40357,11620,2.0,0.0,12.6
27421,40381,11314,2.667,0.333,15.7
27422,40383,18210,1.2,0.2,4.7
27423,40385,18212,1.75,0.25,4.7
27424,40387,18214,1.714,0.238,4.7
27425,40389,18216,1.5,0.3,4.7
27426,40393,18220,2.0,0.0,4.7
27427,40399,18226,2.0,0.0,4.7
27428,40403,39754,1.5,0.5,6.4
27429,40407,18254,2.5,0.5,14.1
27430,40413,18248,3.0,0.0,13.1
27431,40417,40418,3.222,0.194,14.2
27432,40419,11254,3.417,0.265,16.0
27433,40423,40424,2.75,0.25,12.9
27434,40425,18238,2.0,0.0,9.0
27435,40425,40426,3.0,0.0,14.2
27436,40425,18250,2.0,0.0,4.7
27437,40427,18236,2.0,0.0,9.1
27438,40435,40442,4.0,1.1,42.0
27439,40435,40440,3.867,15.37,16.1
27440,40437,37632,1.544,0.503,18.0
27441,40439,16962,2.238,0.19,12.3
27442,40439,24130,1.779,1.842,17.9
27443,40441,40220,7.106,6.385,28.6
27444,40441,23802,3.766,1.053,36.4
27445,40445,14432,2.716,107.731,8.6
27446,40453,41918,2.0,0.0,4.9
27447,40455,41246,1.5,0.333,9.1
27448,40457,32666,2.105,0.099,18.8
27449,40457,39250,2.284,0.809,22.0
27450,40459,21230,3.333,0.333,14.3
27451,40461,1382,2.0,0.4,9.1
27452,40465,3954,2.0,0.0,9.0
27453,40465,24194,3.0,0.0,14.2
27454,40465,18274,2.0,0.0,4.7
27455,40467,37780,2.0,0.0,8.8
27456,40477,12044,2.0,0.0,9.6
27457,40483,40480,2.0,0.0,9.8
27458,40483,40484,3.5,0.571,14.5
27459,40483,18292,1.667,0.333,4.7
27460,40485,18290,2.0,0.0,9.0
27461,40485,40486,4.5,0.5,14.5
27462,40513,40514,3.0,0.0,14.6
27463,40517,18326,2.0,0.0,4.7
27464,40519,40520,3.0,0.0,14.4
27465,40521,40516,2.0,0.0,8.4
27466,40525,18328,3.0,0.0,14.2
27467,40549,18358,1.417,0.447,4.7
27468,40551,40552,1.929,0.225,9.5
27469,40551,40548,2.5,0.5,12.3
27470,40553,10548,2.15,0.131,13.7
27471,40555,4068,2.0,0.0,13.7
27472,40561,14874,2.0,0.0,9.0
27473,40575,40576,3.0,2.0,12.9
27474,40581,40582,3.333,0.333,15.2
27475,40581,13686,2.667,0.333,14.1
27476,40583,40584,2.667,0.333,13.0
27477,40585,13722,2.0,0.0,8.0
27478,40585,40586,3.0,0.0,13.2
27479,40587,40588,3.0,0.0,14.7
27480,40589,40590,3.0,0.0,14.6
27481,40591,18400,2.0,0.0,4.7
27482,40599,37160,2.0,0.0,9.1
27483,40605,40608,2.0,0.0,11.3
27484,40609,14792,2.0,0.0,8.1
27485,40623,40624,4.0,0.0,14.3
27486,40633,1676,2.0,0.0,9.6
27487,40635,40636,2.85,0.239,13.5
27488,40635,21052,2.833,0.567,14.6
27489,40635,18444,1.5,0.3,4.7
27490,40637,18450,2.227,0.184,11.2
27491,40641,18446,2.769,0.192,12.8
27492,40645,1258,1.75,0.25,9.1
27493,40651,1250,3.1,0.544,13.8
27494,40653,1268,2.0,0.0,9.0
27495,40655,40652,3.0,0.0,14.4
27496,40655,18464,2.0,0.0,4.7
27497,40659,30364,2.0,0.0,18.8
27498,40659,32794,2.25,0.713,16.9
27499,40663,18472,5.5,40.5,1.4
27500,40665,40656,1.133,0.124,9.2
27501,40669,40672,2.208,3.257,9.3
27502,40669,40680,2.621,3.529,25.8
27503,40671,40680,2.114,0.457,17.2
27504,40671,40684,3.568,0.432,26.1
27505,40673,19592,6.768,900.422,7.3
27506,40675,40676,2.552,62.237,11.8
27507,40677,40678,2.11,0.779,20.9
27508,40677,1470,3.5,1.667,24.3
27509,40677,22574,3.324,0.559,19.4
27510,40679,20254,17.336,1865.654,5.4
27511,40681,40682,1.061,0.154,10.2
27512,40683,18488,4.2,0.764,47.9
27513,40685,16522,2.594,98.509,1.5
27514,40693,40690,3.5,0.5,13.9
27515,40697,40698,2.0,0.0,8.2
27516,40699,21448,20.0,0.0,19.9
27517,40701,18506,2.125,0.411,8.2
27518,40703,40704,2.0,0.0,13.4
27519,40703,18504,2.5,0.5,13.4
27520,40705,40706,3.0,0.0,14.4
27521,40705,18508,1.667,0.333,4.7
27522,40713,8966,1.5,0.5,7.5
27523,40717,18520,1.5,0.5,4.7
27524,40721,40722,3.0,0.0,13.5
27525,40721,18524,2.0,0.0,4.7
27526,40723,18526,2.0,0.0,4.7
27527,40737,18548,3.5,0.5,14.3
27528,40739,18546,4.0,1.0,14.1
27529,40741,18558,2.0,0.0,9.2
27530,40741,18544,2.0,0.0,4.7
27531,40751,40736,1.5,0.5,8.9
27532,40753,40738,2.333,0.333,9.0
27533,40763,40760,2.0,0.0,14.3
27534,40765,6134,1.667,0.333,7.6
27535,40775,18578,2.0,0.0,4.7
27536,40777,18580,1.333,0.333,4.7
27537,40779,40776,2.667,0.333,14.5
27538,40779,40780,3.667,0.333,15.6
27539,40781,40774,2.0,0.0,8.9
27540,40785,18588,2.0,0.0,4.7
27541,40793,40794,3.078,171.21,14.2
27542,40795,40684,2.59,0.534,27.7
27543,40795,40672,18.04,339.957,13.6
27544,40797,36840,1.128,0.113,5.0
27545,40797,40800,5.667,0.333,33.2
27546,40797,21832,3.64,3.699,18.0
27547,40801,13474,1.938,0.06,12.7
27548,40803,40798,4.842,0.585,34.9
27549,40803,36840,3.256,4.985,9.8
27550,40805,18596,1.5,0.5,4.7
27551,40813,22838,2.0,0.0,12.6
27552,40815,18606,2.0,0.0,4.7
27553,40819,40820,3.0,0.0,14.6
27554,40835,18626,2.0,0.0,4.7
27555,40837,40834,2.0,0.0,9.4
27556,40841,34420,3.4,4.11,17.6
27557,40841,40842,3.146,41.272,25.4
27558,40843,23798,5.762,379.956,8.2
27559,40845,19034,2.522,0.352,17.0
27560,40845,40846,2.071,0.27,25.4
27561,40849,40850,1.015,0.015,6.9
27562,40851,18634,1.419,0.245,4.7
27563,40861,40862,2.0,0.0,14.4
27564,40863,40858,2.0,0.0,9.0
27565,40877,18660,2.0,0.0,4.7
27566,40897,18684,4.0,0.0,14.5
27567,40903,18686,2.0,0.0,4.7
27568,40907,35892,2.0,0.0,7.7
27569,40915,18698,1.333,0.333,4.7
27570,40917,18700,1.333,0.333,4.7
27571,40927,9378,2.0,0.0,7.8
27572,40935,40936,3.5,0.3,14.4
27573,40935,18718,1.333,0.333,4.7
27574,40937,18720,1.5,0.333,4.7
27575,40941,40954,4.0,0.0,14.6
27576,40943,40956,3.0,0.0,14.4
27577,40943,18726,2.0,0.0,4.7
27578,40945,40954,3.0,0.0,12.7
27579,40947,40948,3.333,0.333,14.7
27580,40947,40942,3.333,0.333,14.5
27581,40949,40950,3.5,0.5,14.4
27582,40949,40940,3.0,0.0,14.4
27583,40953,40954,20.0,259.0,17.9
27584,40953,18724,3.0,0.0,13.5
27585,40955,40956,2.667,0.333,10.8
27586,40957,11230,2.0,0.0,7.7
27587,40971,37898,1.5,0.5,8.1
27588,40971,40972,1.636,0.255,12.4
27589,40973,40974,1.273,0.218,10.5
27590,40985,29270,1.4,0.3,8.1
27591,40987,40984,3.0,0.0,15.0
27592,40989,18772,1.5,0.5,4.7
27593,40991,40992,3.286,0.571,14.7
27594,40993,18776,2.0,0.0,4.7
27595,40995,18778,2.0,0.0,4.7
27596,40999,41000,3.0,0.0,14.3
27597,40999,18782,2.0,0.0,4.7
27598,41001,18784,2.0,0.0,4.7
27599,41005,18808,3.0,0.667,9.1
27600,41009,41004,2.667,0.333,14.2
27601,41025,41026,3.0,0.0,13.7
27602,41025,18788,3.0,0.0,14.1
27603,41025,18808,2.0,0.0,4.7
27604,41027,41028,3.0,0.0,13.8
27605,41027,18794,3.0,0.0,13.8
27606,41029,41030,3.0,0.0,14.4
27607,41035,18818,2.0,0.0,4.7
27608,41045,27742,3.0,0.0,10.1
27609,41047,18830,1.5,0.5,4.7
27610,41049,27736,2.5,0.333,17.8
27611,41049,5026,3.0,0.0,21.7
27612,41055,18838,2.0,2.0,4.7
27613,41063,41064,2.0,0.0,13.4
27614,41075,37216,1.667,0.333,6.9
27615,41075,15516,2.5,0.5,12.4
27616,41081,11898,6.0,86.8,12.8
27617,41085,18868,1.667,0.333,4.7
27618,41095,18878,2.0,0.0,4.7
27619,41097,18880,1.5,0.5,4.7
27620,41099,18882,2.0,0.0,4.7
27621,41101,41102,3.0,0.0,14.2
27622,41103,41104,4.0,0.0,15.4
27623,41105,41106,3.0,0.667,15.2
27624,41107,8476,1.857,0.143,11.1
27625,41111,18894,1.667,0.333,4.7
27626,41137,41140,3.0,0.0,14.2
27627,41139,41140,3.0,0.5,14.3
27628,41141,41278,2.8,0.2,17.2
27629,41143,18926,1.5,0.5,4.7
27630,41159,25854,2.667,0.267,14.4
27631,41161,41154,2.0,0.0,9.1
27632,41161,41162,2.857,0.143,14.4
27633,41163,18940,1.714,0.238,9.0
27634,41167,41158,3.375,0.268,14.7
27635,41181,18964,2.0,0.0,4.7
27636,41187,18970,1.5,0.333,4.7
27637,41191,29582,4.0,1.0,19.2
27638,41193,41194,3.0,1.0,12.8
27639,41195,18978,1.5,0.333,4.7
27640,41197,9304,2.0,0.0,9.1
27641,41203,10722,2.0,0.0,9.4
27642,41205,18988,2.0,0.0,4.7
27643,41207,41204,4.0,0.0,14.6
27644,41219,19002,1.214,0.181,4.7
27645,41229,41230,1.34,0.229,10.2
27646,41231,41232,1.898,0.219,13.6
27647,41233,30216,1.119,0.107,5.2
27648,41233,41234,1.94,0.221,14.3
27649,41235,41236,1.222,0.176,11.0
27650,41237,41238,1.536,0.29,11.2
27651,41239,41240,2.049,0.814,12.9
27652,41241,34420,16.7,1242.456,37.6
27653,41241,40842,4.426,4.945,32.1
27654,41245,32262,1.143,0.143,11.2
27655,41245,37724,1.667,0.267,13.4
27656,41247,10764,21.889,1212.928,10.1
27657,41247,31720,2.5,0.5,15.8
27658,41251,570,1.75,0.386,9.5
27659,41251,41252,1.909,0.291,14.6
27660,41253,41254,1.8,0.178,14.5
27661,41257,41270,1.417,0.265,9.5
27662,41261,16386,2.0,0.0,9.1
27663,41261,17960,3.5,0.5,17.8
27664,41261,24534,3.0,0.0,17.7
27665,41261,19054,2.0,0.0,4.7
27666,41265,38220,1.067,0.067,5.8
27667,41265,41266,1.062,0.06,6.6
27668,41267,41268,1.394,0.246,9.8
27669,41269,38208,1.257,0.197,9.5
27670,41269,32132,2.0,0.25,14.5
27671,41271,41262,1.125,0.117,7.1
27672,41273,26454,2.0,0.074,14.4
27673,41275,41136,2.0,0.0,13.9
27674,41275,41276,3.0,0.0,16.3
27675,41277,41278,2.5,0.5,18.5
27676,41279,41142,2.0,0.0,9.8
27677,41279,41280,2.0,0.0,17.7
27678,41299,1428,2.167,0.167,15.0
27679,41299,21260,3.0,0.8,19.1
27680,41303,41304,2.25,0.25,10.4
27681,41305,16050,3.143,0.143,10.0
27682,41307,19088,2.0,0.0,4.7
27683,41313,19118,1.714,0.238,9.4
27684,41313,41314,3.5,0.333,17.1
27685,41313,19110,3.25,0.25,15.1
27686,41313,19094,2.0,0.0,4.7
27687,41315,41316,3.333,0.333,14.4
27688,41315,19096,1.6,0.3,4.7
27689,41317,19098,2.0,0.0,4.7
27690,41321,41332,1.5,0.5,9.6
27691,41327,41328,3.0,0.8,13.6
27692,41329,19094,2.714,0.238,13.4
27693,41333,41334,2.0,0.0,9.0
27694,41333,41336,3.0,0.0,14.5
27695,41335,19096,3.0,0.667,14.3
27696,41337,19094,3.6,0.3,14.0
27697,41365,33482,1.048,0.048,7.7
27698,41367,41368,1.992,90.071,10.7
27699,41369,41370,17.157,4973.659,19.0
27700,41371,39340,1.991,0.613,22.0
27701,41371,39336,1.708,5.781,4.5
27702,41373,19146,1.5,0.5,4.7
27703,41381,10510,2.0,0.0,9.1
27704,41381,41382,3.5,0.333,14.4
27705,41383,41384,3.571,0.286,15.2
27706,41385,24414,2.333,0.267,13.2
27707,41385,4120,3.414,0.251,19.8
27708,41393,30654,9.0,0.0,25.4
27709,41395,41396,1.051,0.049,13.1
27710,41397,41398,1.044,0.042,12.4
27711,41399,41400,1.038,0.037,11.8
27712,41401,41402,1.09,0.083,13.4
27713,41407,33364,2.182,0.164,21.1
27714,41409,41410,1.126,0.112,4.0
27715,41411,34058,11.799,1125.266,16.3
27716,41411,4220,11.714,624.905,3.6
27717,41415,41412,10.0,2.0,9.1
27718,41421,19188,5.0,0.0,4.7
27719,41423,27618,2.0,0.0,7.7
27720,41427,37722,2.0,0.0,14.4
27721,41427,32134,2.0,0.0,14.2
27722,41427,19194,1.5,0.5,4.7
27723,41431,32130,1.5,0.286,9.1
27724,41433,24200,2.0,0.0,13.4
27725,41439,38226,2.0,0.0,12.9
27726,41443,41254,2.0,0.0,9.0
27727,41443,19046,2.0,0.0,14.2
27728,41449,41450,2.5,0.333,11.3
27729,41449,41452,2.444,0.278,11.4
27730,41451,41456,2.0,0.0,11.4
27731,41453,12554,4.875,0.411,24.0
27732,41453,41454,2.0,0.0,10.5
27733,41455,12558,1.143,0.143,7.5
27734,41457,19196,1.25,0.25,6.1
27735,41465,9778,3.0,0.0,14.2
27736,41469,41492,2.0,0.0,7.4
27737,41471,19298,2.667,0.267,14.4
27738,41471,41472,2.5,0.5,14.2
27739,41473,30532,3.0,0.0,12.6
27740,41475,41536,3.0,2.0,12.8
27741,41477,41478,2.5,0.5,14.4
27742,41481,9776,2.5,0.5,14.2
27743,41487,41468,2.0,0.0,8.6
27744,41493,9788,2.5,0.333,14.5
27745,41497,76,2.0,0.0,9.2
27746,41505,19264,2.0,0.0,4.7
27747,41507,41508,1.562,0.787,9.5
27748,41509,23738,8.815,736.526,11.8
27749,41511,32462,2.0,0.0,10.4
27750,41511,11398,3.0,0.0,15.8
27751,41513,41514,2.5,0.333,11.3
27752,41515,41516,3.0,0.0,10.6
27753,41517,41506,3.333,0.333,17.2
27754,41521,19282,2.0,0.0,4.7
27755,41525,41824,2.032,0.367,28.2
27756,41527,41038,3.0,0.0,14.3
27757,41531,19292,2.0,0.0,4.7
27758,41533,41530,3.0,0.0,15.0
27759,41533,41534,3.0,0.0,14.9
27760,41533,19294,1.667,0.333,4.7
27761,41535,19296,2.0,0.0,4.7
27762,41537,19230,2.917,0.265,14.4
27763,41545,19702,1.079,0.073,21.2
27764,41547,19764,3.0,0.0,9.8
27765,41553,19312,2.0,0.0,9.1
27766,41555,41556,3.0,0.0,14.6
27767,41555,19310,3.0,0.0,15.3
27768,41555,19312,10.0,0.0,4.7
27769,41557,19314,2.0,0.0,4.7
27770,41559,41560,3.0,0.0,13.9
27771,41561,41562,3.0,0.0,14.5
27772,41563,41564,2.5,0.5,14.4
27773,41563,41552,2.0,0.0,14.2
27774,41567,41574,2.333,0.333,13.2
27775,41573,41554,2.667,0.333,14.2
27776,41573,19332,3.5,0.5,16.2
27777,41575,19330,13.8,530.7,16.2
27778,41577,41578,3.0,0.0,14.4
27779,41577,19334,1.667,0.333,4.7
27780,41579,41480,2.0,0.0,9.1
27781,41587,38922,2.2,1.289,13.3
27782,41589,112,2.129,0.116,21.5
27783,41591,27394,1.25,0.25,7.4
27784,41591,6862,2.0,0.364,10.2
27785,41593,34292,2.5,0.5,8.5
27786,41601,41602,5.0,0.0,23.2
27787,41603,41604,3.5,0.5,14.4
27788,41605,9742,2.5,0.3,14.8
27789,41611,12652,3.0,0.0,14.2
27790,41611,13004,2.0,0.0,4.7
27791,41657,41662,1.333,0.333,9.1
27792,41659,29642,2.0,0.0,7.7
27793,41659,41660,1.667,0.267,15.4
27794,41661,8982,1.75,0.25,9.0
27795,41661,38148,1.5,0.333,16.0
27796,41665,8996,2.0,0.0,4.8
27797,41671,41672,1.333,0.333,10.4
27798,41673,28232,2.0,0.0,8.2
27799,41673,41674,1.333,0.333,10.8
27800,41675,41676,1.25,0.25,11.0
27801,41677,41658,1.4,0.3,10.9
27802,41685,19432,2.0,0.0,4.7
27803,41689,162,1.308,0.231,8.8
27804,41699,41700,1.089,0.087,13.8
27805,41701,41702,1.007,0.015,8.6
27806,41703,36018,1.031,0.043,4.0
27807,41707,41708,1.063,0.065,12.5
27808,41707,10298,5.5,40.5,3.2
27809,41709,41710,2.11,0.252,24.7
27810,41709,10282,3.75,14.786,7.5
27811,41711,41712,1.964,0.305,22.5
27812,41711,31590,4.2,30.2,7.0
27813,41713,41714,1.497,0.939,14.2
27814,41713,10628,4.0,0.0,3.5
27815,41715,41696,2.011,0.468,13.6
27816,41717,41718,1.255,0.256,13.4
27817,41727,21844,3.5,4.5,14.3
27818,41731,34104,1.75,0.214,7.8
27819,41731,41732,3.0,0.0,12.9
27820,41733,1992,3.0,0.0,14.4
27821,41737,25966,2.0,0.0,13.5
27822,41739,14540,4.0,0.0,28.4
27823,41741,41742,3.0,0.0,14.3
27824,41743,41744,2.0,0.0,14.4
27825,41745,41746,1.25,0.25,4.3
27826,41747,550,2.286,0.238,10.7
27827,41751,9262,2.0,0.0,9.1
27828,41751,41752,4.2,0.2,18.6
27829,41751,29982,5.0,0.0,17.1
27830,41753,1988,3.2,0.2,15.2
27831,41753,19492,1.5,0.5,4.7
27832,41755,41756,1.5,0.267,6.7
27833,41757,38286,1.562,0.262,6.6
27834,41761,37242,6.667,2.267,29.6
27835,41765,11666,1.12,0.11,5.6
27836,41773,19508,1.667,0.333,4.7
27837,41781,12960,2.0,0.0,15.2
27838,41783,41784,1.286,0.238,14.6
27839,41785,17204,1.833,0.167,13.3
27840,41785,23050,3.0,0.0,31.8
27841,41803,876,2.0,0.0,13.6
27842,41805,24386,2.16,0.39,15.2
27843,41815,41806,1.625,0.268,11.8
27844,41827,41522,3.696,1.076,33.9
27845,41827,24576,6.0,0.0,37.1
27846,41827,17264,4.778,0.694,35.8
27847,41829,39392,3.0,0.0,15.7
27848,41829,37716,3.0,0.0,16.0
27849,41833,39044,80.667,18802.333,8.1
27850,41835,41836,6.676,175.801,9.9
27851,41835,24696,3.0,0.0,12.2
27852,41837,38896,6.686,210.81,11.5
27853,41839,39170,1.118,0.11,13.1
27854,41841,19556,3.379,191.993,13.4
27855,41843,19554,1.44,1.279,13.7
27856,41845,41846,1.182,0.156,5.2
27857,41847,19554,6.857,251.979,13.2
27858,41849,37466,3.19,0.613,18.7
27859,41851,12396,1.853,0.694,12.2
27860,41853,37674,4.438,1.712,44.6
27861,41853,2300,5.75,0.75,44.7
27862,41855,35788,1.333,0.333,11.6
27863,41857,4884,2.392,0.923,23.9
27864,41859,23838,3.0,0.832,29.3
27865,41863,9998,3.255,0.868,33.0
27866,41863,41872,26.0,882.0,8.8
27867,41865,27788,1.247,0.188,5.2
27868,41865,41862,1.771,1.647,14.8
27869,41867,41868,1.16,0.14,7.6
27870,41869,40190,1.12,0.193,11.1
27871,41871,37470,5.5,0.5,55.9
27872,41871,9998,8.0,0.0,7.2
27873,41873,41870,3.0,0.0,10.8
27874,41875,41876,1.333,0.223,16.0
27875,41877,41864,2.455,0.45,12.1
27876,41879,2092,2.0,0.0,9.0
27877,41879,10166,4.0,0.0,21.8
27878,41885,4374,1.833,0.167,9.1
27879,41885,41882,2.0,0.0,4.7
27880,41887,29938,2.0,0.0,11.0
27881,41891,40438,3.782,0.684,35.6
27882,41893,37632,2.268,0.467,17.1
27883,41895,37700,2.449,0.919,19.0
27884,41897,25552,1.5,0.5,7.1
27885,41897,5434,3.0,0.818,22.1
27886,41899,18020,25.875,4457.268,13.1
27887,41901,25864,2.64,7.909,14.1
27888,41903,31328,3.091,0.291,21.3
27889,41903,10464,2.25,0.25,13.9
27890,41903,35776,2.333,0.235,14.5
27891,41905,17050,1.1,0.1,8.0
27892,41907,38998,1.548,0.383,10.5
27893,41909,38798,1.022,0.022,11.8
27894,41921,41922,1.383,0.241,9.4
27895,41923,20430,1.021,0.021,7.7
27896,41927,334,2.0,0.0,10.2
27897,41929,23054,2.333,0.333,10.0
27898,41929,2912,2.387,1.178,15.4
27899,41931,19570,1.125,0.125,4.7
27900,41933,41934,2.35,37.294,10.0
27901,41935,29926,6.084,96.035,17.9
27902,41937,10038,1.667,0.333,9.8
27903,41937,27592,1.171,0.191,12.2
27904,41939,3878,2.333,0.333,11.8
27905,41939,25370,1.521,0.25,14.5
27906,41941,19144,15.25,2578.408,20.6
27907,41943,11148,2.12,0.11,13.7
27908,41943,22634,2.706,0.897,18.1
27909,41945,38638,2.0,0.0,11.9
27910,41949,32038,3.109,0.535,31.8
