,from_node,to_node,edge_tt,edge_var,distance
0,14,15,10.071,184.841,50.99
1,16,17,11.143,48.593,101.05
2,20,21,3.0,12.0,3.7
3,42,43,5.7,0.456,42.99
4,44,45,6.4,9.8,18.6
5,46,47,32.0,0.0,160.59
6,50,51,4.0,0.0,23.07
7,52,53,2.0,0.0,32.59
8,82,83,489.0,0.0,48.69
9,94,95,5.125,60.696,13.91
10,98,99,8.615,6.032,128.51
11,100,101,25.0,0.0,68.52
12,104,105,1.35,0.239,22.63
13,108,109,61.88,12071.943,30.71
14,110,111,104.769,44921.526,100.46
15,112,113,30.0,8483.231,62.66
16,114,115,104.636,34349.455,40.52
17,116,117,2.333,16.0,9.82
18,118,119,8.9,192.1,19.0
19,120,121,30.6,5509.822,21.47
20,122,123,22.273,616.418,58.42
21,124,125,12.455,470.473,31.48
22,126,127,36.091,1930.291,54.49
23,130,131,36.0,0.0,183.52
24,138,139,11.0,0.0,68.83
25,146,147,10.0,0.0,115.78
26,154,155,3.5,0.5,17.94
27,160,161,4.636,1.004,80.97
28,162,163,14.0,1.75,250.33
29,176,177,10.0,2.0,71.63
30,180,181,10.0,0.0,19.08
31,182,183,10.0,0.0,19.19
32,184,185,21.0,0.0,101.6
33,186,187,15.0,0.0,71.74
34,194,195,5.0,1.0,38.67
35,196,197,1.5,0.333,9.98
36,200,201,8.077,1.744,159.67
37,202,203,11.333,4.267,77.67
38,206,207,123.412,32046.882,56.26
39,224,225,5.0,0.0,36.69
40,226,227,19.0,0.0,90.42
41,228,229,3.667,0.333,21.62
42,258,259,7.0,0.0,34.09
43,260,261,12.0,244.0,28.02
44,264,265,36.9,3816.322,6.31
45,270,271,12.0,0.0,26.52
46,274,275,15.0,0.0,26.7
47,276,277,21.0,0.0,41.42
48,280,281,11.0,0.0,19.73
49,286,287,12.0,0.0,72.84
50,296,297,11.0,0.0,123.9
51,302,303,3.0,0.0,19.16
52,304,305,3.0,0.0,20.18
53,306,307,5.0,0.0,36.83
54,310,311,2.0,0.0,9.19
55,332,333,33.167,6331.514,133.91
56,336,337,44.75,7656.25,2.04
57,344,345,45.0,0.0,82.16
58,346,347,5.5,4.5,35.57
59,348,349,2.0,0.0,8.82
60,358,359,11.0,0.0,48.47
61,380,381,3.0,0.0,13.05
62,382,383,4.0,0.0,15.08
63,386,387,3.0,0.0,12.97
64,392,393,2.0,0.0,12.57
65,398,399,2.0,0.0,12.15
66,400,401,20.0,0.0,87.72
67,410,411,10.0,0.0,116.33
68,418,419,24.0,0.0,125.95
69,422,423,4.0,0.0,18.85
70,428,429,17.0,0.0,88.72
71,432,433,9.0,1.0,124.22
72,440,441,2.0,0.0,10.56
73,462,463,24.0,0.0,106.27
74,466,467,103.0,0.0,460.6
75,480,481,75.0,0.0,327.89
76,494,495,4.0,0.0,54.03
77,496,497,2.25,0.25,48.35
78,498,499,6.25,0.917,126.35
79,500,501,1.75,0.917,20.69
80,502,503,5.333,0.333,60.86
81,506,507,177.5,6844.5,1088.11
82,548,549,29.0,0.0,146.71
83,558,559,7.0,0.0,36.12
84,568,569,13.75,0.25,111.17
85,576,577,11.0,0.0,59.39
86,592,593,7.634,0.788,157.69
87,594,595,4.5,24.5,14.03
88,596,597,17.5,420.5,43.68
89,628,629,7.692,2.397,85.11
90,630,631,1.63,0.242,10.81
91,632,633,1.25,0.205,3.75
92,638,639,159.111,515.281,689.29
93,642,643,17.5,4.5,100.7
94,648,649,35.0,0.0,180.04
95,654,655,19.0,1.0,94.66
96,656,657,22.333,8.0,102.28
97,658,659,21.556,10.778,105.41
98,660,661,4.438,4.262,17.58
99,666,667,7.026,0.71,110.74
100,680,681,15.0,0.0,69.2
101,722,723,189.0,0.0,866.53
102,726,727,53.7,51.567,252.87
103,728,729,18.667,3.333,85.98
104,732,733,167.0,0.0,764.24
105,736,737,33.0,0.0,156.67
106,738,739,7.13,0.846,99.76
107,740,741,1.947,0.164,25.29
108,742,743,23.524,343.862,39.07
109,748,749,58.75,7099.671,186.97
110,750,751,5.526,0.485,62.58
111,870,871,8.5,0.333,67.04
112,872,873,3.25,0.25,22.1
113,874,875,1.75,0.25,9.37
114,876,877,9.25,0.25,69.18
115,880,881,8.36,97.157,47.81
116,946,947,7.0,0.0,35.33
117,966,967,14.0,0.0,71.94
118,988,989,2.0,0.0,6.85
119,990,991,10.0,0.0,45.22
120,1006,1007,17.0,0.0,88.53
121,1046,1047,2.0,0.0,8.13
122,1048,1049,1.444,0.278,17.09
123,1050,1051,1.111,0.111,17.3
124,1052,1053,3.091,0.291,35.82
125,1054,1055,3.583,16.629,29.69
126,1056,1057,9.769,116.192,22.2
127,1058,1059,1.333,0.333,5.71
128,1080,1081,17.0,0.0,80.24
129,1104,1105,1.5,0.5,3.45
130,1166,1167,9.667,0.333,45.02
131,1192,1193,4.0,0.0,32.42
132,1194,1195,3.0,0.0,19.56
133,1196,1197,17.0,0.0,134.96
134,1202,1203,22.0,0.0,108.53
135,1210,1211,6.0,0.0,45.15
136,1212,1213,11.0,0.0,75.46
137,1216,1217,8.929,73.847,50.47
138,1218,1219,10.536,139.591,29.15
139,1220,1221,2.929,1.698,31.44
140,1222,1223,5.25,0.491,65.62
141,1224,1225,3.393,0.321,39.29
142,1238,1239,45.0,0.0,83.74
143,1240,1241,88.0,0.0,162.24
144,1254,1255,26.25,2.917,118.28
145,1292,1293,4.0,0.0,18.74
146,1294,1295,176.5,264.5,33.71
147,1298,1299,3.0,0.0,13.52
148,1304,1305,2.0,0.0,8.53
149,1306,1307,5.0,0.0,25.78
150,1316,1317,4.0,0.0,19.07
151,1318,1319,2.0,0.0,12.65
152,1322,1323,4.0,0.0,21.62
153,1344,1345,14.0,2.0,71.76
154,1356,1357,4.0,0.0,30.44
155,1358,1359,2.0,0.0,11.65
156,1370,1371,66.0,0.0,0.39
157,1378,1379,16.0,32.0,37.64
158,1380,1381,4.0,0.0,21.45
159,1382,1383,13.0,0.0,62.93
160,1408,1409,244.0,0.0,13.65
161,1426,1427,42.0,0.0,217.33
162,1428,1429,32.821,782.448,216.65
163,1430,1431,16.536,45.962,139.44
164,1432,1433,6.071,0.439,70.26
165,1434,1435,5.679,3.93,61.02
166,1436,1437,6.72,18.877,61.49
167,1438,1439,5.36,9.657,51.93
168,1440,1441,4.12,0.277,45.48
169,1444,1445,1.56,0.257,16.04
170,1458,1459,20.0,0.0,39.29
171,1470,1471,4.0,0.0,28.5
172,1472,1473,6.0,0.0,18.08
173,1484,1485,8.0,0.0,36.93
174,1500,1501,21.095,180.39,154.58
175,1502,1503,2.6,0.674,50.04
176,1516,1517,3.0,0.0,19.83
177,1526,1527,1.875,0.125,25.81
178,1528,1529,1.375,0.268,15.45
179,1534,1535,5.0,0.0,29.76
180,1560,1561,11.0,0.0,51.18
181,1562,1563,14.0,0.0,64.87
182,1586,1587,2.2,0.2,14.24
183,1588,1589,4.2,1.2,44.45
184,1590,1591,4.333,2.333,43.15
185,1592,1593,7.0,2.0,87.25
186,1594,1595,74.0,0.0,76.85
187,1598,1599,13.889,1409.611,2.88
188,1600,1601,56.786,24058.643,54.16
189,1602,1603,105.647,20860.618,104.49
190,1604,1605,2.125,5.45,7.84
191,1606,1607,35.5,4292.053,96.18
192,1608,1609,21.714,597.314,90.09
193,1610,1611,27.65,4243.818,76.59
194,1616,1617,6.829,1.44,89.18
195,1620,1621,10.724,1757.993,21.93
196,1638,1639,239.0,0.0,1016.73
197,1642,1643,47.5,0.5,201.51
198,1644,1645,63.0,0.0,268.29
199,1646,1647,1.667,0.267,18.51
200,1648,1649,11.833,1.367,145.56
201,1650,1651,7.125,1.839,81.08
202,1664,1665,8.0,1.0,85.38
203,1666,1667,44.167,4920.167,7.52
204,1668,1669,27.25,856.25,34.72
205,1670,1671,7.5,1.0,50.69
206,1690,1691,7.926,513.994,9.23
207,1694,1695,2.837,0.663,54.28
208,1702,1703,10.0,0.0,72.84
209,1704,1705,35.545,2852.073,16.48
210,1706,1707,26.182,1869.964,14.72
211,1832,1833,7.0,0.0,63.68
212,1838,1839,8.5,0.5,63.92
213,1840,1841,12.0,0.0,86.62
214,1850,1851,2.0,0.0,11.52
215,1852,1853,4.0,0.0,27.43
216,1854,1855,13.0,0.0,100.68
217,1856,1857,4.0,0.0,25.15
218,1890,1891,35.0,0.0,62.0
219,1912,1913,9.667,0.333,108.21
220,1916,1917,1.667,0.333,10.9
221,1918,1919,16.667,1.333,191.19
222,1920,1921,8.75,17.643,80.37
223,1922,1923,13.75,554.5,67.0
224,1938,1939,9.0,1.333,102.05
225,1940,1941,10.333,2.267,131.49
226,1942,1943,3.4,0.3,43.62
227,1944,1945,1.8,0.2,20.15
228,1960,1961,7.0,0.0,37.44
229,1992,1993,34.0,0.0,184.39
230,1994,1995,19.0,0.0,99.49
231,1996,1997,13.0,0.0,69.89
232,1998,1999,9.0,0.0,46.74
233,2000,2001,4.0,0.0,23.08
234,2006,2007,80.0,32.0,383.7
235,2010,2011,8.429,23.341,95.45
236,2012,2013,10.429,1.495,138.42
237,2016,2017,8.4,1.3,97.1
238,2018,2019,3.2,0.2,45.29
239,2020,2021,1.4,0.3,18.69
240,2022,2023,5.2,0.7,71.13
241,2024,2025,2.0,0.0,23.9
242,2026,2027,10.0,0.0,62.05
243,2030,2031,6.0,0.0,31.72
244,2044,2045,2.0,0.0,10.77
245,2046,2047,3.0,0.0,15.25
246,2060,2061,118.333,10404.333,9.38
247,2062,2063,96.333,18885.333,31.6
248,2064,2065,108.667,28033.333,26.51
249,2080,2081,18.8,544.7,8.44
250,2082,2083,33.4,1405.8,22.47
251,2084,2085,3.4,0.8,13.98
252,2086,2087,30.75,8092.733,27.41
253,2088,2089,24.733,3173.352,28.15
254,2090,2091,41.533,2238.695,40.76
255,2092,2093,51.625,7559.85,33.11
256,2094,2095,3.0,0.0,15.16
257,2100,2101,2.0,0.0,11.54
258,2120,2121,8.0,0.0,31.18
259,2122,2123,31.0,0.0,11.92
260,2124,2125,2.0,0.0,13.32
261,2126,2127,76.0,3570.0,70.98
262,2130,2131,2.5,0.5,15.04
263,2142,2143,13.5,0.5,181.3
264,2148,2149,3.429,0.286,46.21
265,2150,2151,70.892,2271.377,92.59
266,2156,2157,3.6,51.4,8.63
267,2158,2159,7.833,403.101,21.71
268,2160,2161,6.0,75.0,1.24
269,2162,2163,6.35,148.239,31.1
270,2164,2165,4.824,74.271,27.68
271,2168,2169,2.25,0.2,29.55
272,2170,2171,5.188,0.829,65.18
273,2172,2173,10.875,874.177,21.11
274,2174,2175,9.406,909.797,22.19
275,2176,2177,1.111,0.103,14.56
276,2178,2179,7.0,0.0,76.27
277,2180,2181,6.0,0.0,81.11
278,2182,2183,5.0,0.0,74.04
279,2184,2185,11.667,1.333,145.3
280,2188,2189,4.667,0.333,53.01
281,2190,2191,12.167,106.179,48.33
282,2192,2193,6.962,169.306,19.48
283,2194,2195,5.041,113.54,10.69
284,2196,2197,22.192,381.688,50.72
285,2198,2199,5.0,0.0,24.48
286,2200,2201,91.0,0.0,407.94
287,2202,2203,2.6,0.267,26.36
288,2204,2205,9.0,2.0,116.77
289,2206,2207,4.0,0.0,40.25
290,2208,2209,5.0,0.0,48.29
291,2218,2219,4.5,0.5,68.34
292,2220,2221,3.0,0.0,43.48
293,2222,2223,3.5,0.5,46.99
294,2224,2225,5.0,0.0,68.07
295,2226,2227,2.5,0.5,27.2
296,2228,2229,9.0,2.0,101.41
297,2230,2231,3.0,0.0,31.24
298,2234,2235,6.0,0.0,39.06
299,2238,2239,6.0,0.0,38.39
300,2240,2241,6.0,0.0,41.51
301,2242,2243,2.0,0.0,12.93
302,2244,2245,11.0,0.0,73.99
303,2258,2259,5.0,0.0,18.22
304,2270,2271,14.0,0.0,108.74
305,2274,2275,13.5,39.0,46.82
306,2276,2277,4.5,0.5,36.92
307,2298,2299,8.5,0.5,66.9
308,2300,2301,4.5,0.5,36.5
309,2316,2317,6.0,0.0,37.83
310,2322,2323,6.0,0.0,37.91
311,2326,2327,6.818,0.823,106.64
312,2366,2367,38.0,3110.0,41.32
313,2368,2369,6.0,0.667,71.95
314,2370,2371,7.25,0.25,91.9
315,2372,2373,13.25,0.25,159.06
316,2374,2375,5.5,0.333,61.75
317,2376,2377,4.75,0.25,51.09
318,2378,2379,11.25,0.25,133.02
319,2380,2381,17.25,2.25,209.65
320,2382,2383,2.5,0.333,30.62
321,2384,2385,24.5,0.5,166.04
322,2386,2387,12.0,0.0,84.93
323,2388,2389,25.0,0.0,177.71
324,2392,2393,6.69,0.722,101.2
325,2394,2395,2.414,0.323,36.53
326,2396,2397,18.528,7.799,270.15
327,2466,2467,16.111,1.861,197.5
328,2468,2469,2.111,0.111,27.78
329,2470,2471,20.222,4.694,270.5
330,2472,2473,2.375,0.268,26.27
331,2478,2479,9.0,72.0,21.09
332,2484,2485,40.6,7069.3,21.69
333,2496,2497,8.0,0.0,60.69
334,2498,2499,7.0,0.0,59.32
335,2500,2501,4.143,0.476,33.17
336,2502,2503,67.538,672.269,168.94
337,2510,2511,2.0,0.0,11.32
338,2518,2519,19.0,0.0,87.61
339,2536,2537,3.0,0.0,17.58
340,2544,2545,3.0,0.0,15.59
341,2554,2555,5.5,0.5,27.23
342,2556,2557,1.077,0.077,6.73
343,2558,2559,3.529,1.64,36.94
344,2560,2561,6.235,0.441,74.12
345,2578,2579,26.667,1409.333,44.76
346,2580,2581,113.0,25088.0,21.75
347,2582,2583,5.5,0.5,59.63
348,2586,2587,2.5,0.5,19.02
349,2598,2599,9.2,135.7,43.87
350,2600,2601,16.333,0.333,121.56
351,2602,2603,5.0,0.0,32.63
352,2604,2605,4.0,0.0,27.94
353,2606,2607,5.0,0.0,40.39
354,2614,2615,28.667,41.333,134.84
355,2616,2617,74.0,0.0,298.75
356,2618,2619,10.091,3.491,47.63
357,2620,2621,6.0,0.5,30.74
358,2622,2623,5.0,0.0,17.83
359,2626,2627,9.0,0.0,101.54
360,2632,2633,4.0,0.0,26.49
361,2636,2637,2.0,0.0,15.75
362,2642,2643,6.0,0.0,28.47
363,2650,2651,9.0,0.0,42.45
364,2652,2653,113.8,8763.7,17.27
365,2654,2655,57.0,3872.0,71.79
366,2664,2665,39.409,5302.253,35.7
367,2666,2667,133.692,29731.262,114.09
368,2668,2669,22.808,4209.602,14.3
369,2670,2671,12.889,704.256,11.8
370,2676,2677,17.0,1.0,133.12
371,2678,2679,5.667,0.333,43.36
372,2680,2681,3.0,0.0,18.95
373,2682,2683,1.667,0.333,14.41
374,2684,2685,6.667,1.333,51.37
375,2698,2699,1.5,0.5,7.32
376,2702,2703,1.5,0.5,8.63
377,2710,2711,19.0,0.0,165.4
378,2712,2713,16.0,0.0,125.19
379,2726,2727,15.0,0.0,51.5
380,2728,2729,4.0,0.0,23.57
381,2734,2735,2.0,0.0,26.54
382,2736,2737,2.0,0.0,27.6
383,2742,2743,2.0,0.0,14.07
384,2752,2753,7.0,0.0,52.44
385,2760,2761,2.0,0.0,13.28
386,2762,2763,16.857,2.143,82.0
387,2770,2771,8.0,0.0,35.27
388,2786,2787,13.0,0.0,71.17
389,2796,2797,98.0,0.0,22.26
390,2798,2799,7.0,0.0,34.7
391,2800,2801,7.0,0.0,36.54
392,2814,2815,26.0,0.0,75.96
393,2818,2819,7.333,1.333,53.52
394,2820,2821,5.0,0.0,36.9
395,2822,2823,4.0,0.0,35.54
396,2826,2827,139.8,106424.886,39.6
397,2828,2829,515.412,777720.757,207.1
398,2830,2831,162.167,172630.853,65.61
399,2844,2845,12.667,22.333,193.83
400,2846,2847,1.375,0.268,4.11
401,2848,2849,25.92,16.91,337.38
402,2850,2851,7.727,0.618,113.8
403,2852,2853,10.0,0.727,149.02
404,2854,2855,8.083,0.992,125.42
405,2856,2857,1.75,0.205,27.18
406,2858,2859,6.417,0.629,91.37
407,2868,2869,3.0,0.0,16.4
408,2872,2873,3.0,0.0,11.7
409,2892,2893,3.0,0.0,14.22
410,2894,2895,23.0,0.0,112.03
411,2896,2897,5.0,0.0,36.15
412,2904,2905,3.2,0.2,41.92
413,2906,2907,6.625,1.696,58.86
414,2908,2909,2.0,0.0,26.99
415,2912,2913,5.0,0.5,63.02
416,2920,2921,2.091,0.277,22.85
417,2924,2925,2.6,0.3,23.75
418,2926,2927,12.4,1.3,136.32
419,2928,2929,17.0,2.0,183.53
420,2930,2931,8.0,0.5,84.5
421,2932,2933,10.2,2.2,111.23
422,2934,2935,151.75,59281.295,45.7
423,2936,2937,16.0,128.0,47.48
424,2940,2941,11.0,0.0,88.06
425,2950,2951,7.333,0.333,97.28
426,2952,2953,3.333,0.333,42.34
427,2954,2955,2.333,0.333,27.31
428,2956,2957,23.0,0.0,123.52
429,2958,2959,13.1,36.322,128.76
430,2960,2961,12.2,47.956,70.55
431,2962,2963,2.5,0.278,21.81
432,2964,2965,5.333,0.267,69.78
433,2972,2973,12.0,0.0,15.63
434,2974,2975,5.0,0.0,24.24
435,2976,2977,2.333,0.333,10.78
436,2978,2979,4.0,0.0,19.55
437,2980,2981,17.5,0.5,82.19
438,2986,2987,12.25,912.5,5.79
439,2988,2989,42.889,4638.611,36.08
440,2990,2991,16.778,927.444,25.22
441,2992,2993,10.625,213.125,25.16
442,2994,2995,58.25,4043.929,95.43
443,3018,3019,42.0,0.0,206.84
444,3022,3023,5.0,0.0,25.27
445,3024,3025,4.0,0.0,19.51
446,3046,3047,6.0,0.0,27.41
447,3048,3049,9.0,0.0,49.11
448,3072,3073,17.0,0.0,78.94
449,3112,3113,3.0,0.0,14.74
450,3142,3143,26.0,0.0,130.36
451,3144,3145,23.0,0.0,110.33
452,3146,3147,23.0,0.0,114.55
453,3156,3157,6.0,0.0,27.44
454,3158,3159,9.0,2.0,39.41
455,3196,3197,24.0,0.0,123.53
456,3226,3227,10.0,0.0,48.92
457,3228,3229,6.0,0.0,29.66
458,3230,3231,6.0,0.0,30.35
459,3234,3235,2.5,0.5,11.48
460,3246,3247,10.0,0.0,47.36
461,3278,3279,5.0,0.0,23.83
462,3282,3283,4.0,0.0,23.89
463,3292,3293,7.0,0.0,23.84
464,3296,3297,5.0,0.0,23.03
465,3308,3309,3.0,0.0,18.15
466,3312,3313,8.0,0.0,39.67
467,3318,3319,2.0,0.0,12.62
468,3326,3327,4.0,0.0,19.1
469,3344,3345,2.0,0.0,23.34
470,3348,3349,10.0,0.0,109.46
471,3350,3351,62.2,17375.7,23.44
472,3352,3353,96.667,24329.067,88.46
473,3354,3355,1.947,10.646,14.2
474,3366,3367,7.364,1.255,90.4
475,3368,3369,28.545,22.673,340.74
476,3376,3377,49.0,0.0,207.28
477,3390,3391,51.0,0.0,220.26
478,3396,3397,1.667,0.267,14.72
479,3398,3399,136.667,7394.333,15.42
480,3400,3401,274.0,18050.0,21.42
481,3402,3403,342.0,722.0,29.93
482,3428,3429,4.0,0.0,26.22
483,3434,3435,3.375,0.268,22.33
484,3436,3437,2.25,0.214,16.74
485,3448,3449,19.143,1.81,134.51
486,3450,3451,5.0,0.0,32.8
487,3452,3453,10.0,1.0,71.32
488,3454,3455,4.333,0.333,29.73
489,3458,3459,13.0,0.0,96.77
490,3460,3461,5.0,0.0,33.56
491,3462,3463,3.0,0.0,26.8
492,3470,3471,16.0,0.0,79.48
493,3490,3491,299.0,0.0,526.52
494,3508,3509,35.167,20.167,159.58
495,3510,3511,434.0,8192.0,776.65
496,3512,3513,20.0,0.0,113.94
497,3522,3523,16.5,81.9,71.78
498,3538,3539,101.0,0.0,0.2
499,3550,3551,9.0,0.0,39.93
500,3554,3555,10.0,0.0,53.34
501,3560,3561,9.0,0.0,42.04
502,3562,3563,88.0,18724.0,43.65
503,3564,3565,4.5,0.5,19.57
504,3568,3569,6.0,0.0,24.7
505,3588,3589,25.5,1104.5,2.69
506,3590,3591,164.0,0.0,44.43
507,3608,3609,7.0,0.0,39.69
508,3610,3611,21.0,2.0,89.28
509,3618,3619,9.0,0.0,48.28
510,3624,3625,37.0,0.0,189.7
511,3642,3643,1.667,0.333,7.15
512,3644,3645,8.333,161.333,0.63
513,3654,3655,12.0,0.0,60.83
514,3674,3675,3.0,0.0,16.55
515,3684,3685,6.5,40.5,11.5
516,3686,3687,4.667,0.333,20.63
517,3688,3689,2.0,0.0,6.03
518,3694,3695,46.25,48.25,230.05
519,3696,3697,54.0,0.0,224.71
520,3698,3699,2.0,0.0,12.38
521,3708,3709,16.0,0.0,75.98
522,3724,3725,56.348,3328.055,57.35
523,3726,3727,12.222,50.944,95.12
524,3728,3729,3.778,0.194,47.19
525,3730,3731,14.111,2.611,176.13
526,3732,3733,1.714,0.238,17.38
527,3734,3735,3.333,0.267,39.77
528,3748,3749,9.5,0.5,44.48
529,3750,3751,13.5,0.5,64.23
530,3756,3757,8.0,0.0,37.02
531,3764,3765,2.5,0.5,11.09
532,3766,3767,11.0,0.0,45.09
533,3776,3777,14.0,0.0,67.11
534,3778,3779,45.0,0.0,89.49
535,3792,3793,20.0,7.0,101.23
536,3802,3803,2.0,0.0,10.14
537,3820,3821,18.667,76.333,60.32
538,3822,3823,4.0,0.0,18.69
539,3826,3827,3.0,0.0,11.88
540,3862,3863,9.0,0.0,43.05
541,3864,3865,2.0,0.0,9.69
542,3876,3877,7.0,0.0,43.35
543,3878,3879,2.0,0.0,14.8
544,3888,3889,4.0,0.0,18.57
545,3892,3893,16.0,2.0,117.53
546,3894,3895,10.0,0.0,58.66
547,3896,3897,8.0,0.0,40.09
548,3904,3905,7.333,0.333,59.98
549,3910,3911,2.0,0.0,11.38
550,3914,3915,3.0,0.0,20.1
551,3916,3917,17.0,0.0,118.79
552,3918,3919,4.867,0.552,61.49
553,3924,3925,3.067,0.067,39.96
554,3948,3949,251.5,1624.5,156.42
555,3974,3975,4.0,0.0,26.89
556,3998,3999,11.0,0.0,38.57
557,4000,4001,7.0,0.0,24.68
558,4002,4003,11.0,0.0,58.75
559,4030,4031,3.0,1.0,22.46
560,4032,4033,7.333,2.333,52.1
561,4040,4041,17.0,0.0,82.39
562,4074,4075,31.0,0.0,59.57
563,4104,4105,5.0,0.0,40.09
564,4106,4107,13.0,0.0,103.55
565,4116,4117,17.429,913.952,2.2
566,4118,4119,24.947,1981.608,34.63
567,4122,4123,6.75,140.023,14.68
568,4124,4125,8.9,66.1,46.05
569,4126,4127,4.9,0.322,35.98
570,4128,4129,47.381,441.748,309.1
571,4130,4131,1.944,0.056,24.34
572,4136,4137,4.5,0.382,56.55
573,4138,4139,1.765,0.191,21.03
574,4140,4141,15.824,3.904,202.41
575,4142,4143,2.0,0.125,23.66
576,4144,4145,4.273,0.779,56.63
577,4146,4147,2.381,0.248,31.83
578,4148,4149,1.5,0.368,16.77
579,4152,4153,2.611,0.252,30.85
580,4154,4155,1.667,0.235,21.06
581,4156,4157,1.889,0.105,22.92
582,4158,4159,17.778,194.694,57.09
583,4160,4161,8.667,18.75,80.15
584,4162,4163,2.0,0.0,24.33
585,4164,4165,2.222,0.194,27.56
586,4166,4167,1.778,0.194,22.5
587,4168,4169,3.889,0.361,45.62
588,4170,4171,10.0,0.889,120.47
589,4172,4173,13.4,3.378,166.06
590,4174,4175,10.5,1.714,124.87
591,4188,4189,12.0,0.0,61.5
592,4208,4209,63.5,364.5,0.19
593,4216,4217,60.909,3939.491,37.52
594,4218,4219,2.0,0.0,10.65
595,4220,4221,2.0,0.0,16.86
596,4232,4233,18.0,0.0,99.08
597,4236,4237,41.0,0.0,192.4
598,4238,4239,15.0,8.0,116.16
599,4240,4241,2.5,0.5,17.11
600,4242,4243,9.333,1.067,43.51
601,4246,4247,11.667,85.333,16.07
602,4248,4249,12.476,1.362,181.31
603,4256,4257,7.0,0.0,34.12
604,4260,4261,27.0,0.0,123.49
605,4314,4315,72.0,0.0,321.18
606,4342,4343,21.0,0.0,157.79
607,4388,4389,1.667,0.333,6.17
608,4402,4403,27.25,154.978,401.9
609,4422,4423,9.0,0.0,49.23
610,4432,4433,11.5,0.5,49.24
611,4466,4467,3.0,0.0,18.28
612,4486,4487,8.0,0.0,38.64
613,4488,4489,4.0,0.0,21.98
614,4490,4491,11.333,1.133,164.0
615,4492,4493,3.81,0.262,56.29
616,4494,4495,1.045,0.045,12.69
617,4496,4497,1.889,0.256,27.91
618,4498,4499,19.923,349.91,176.68
619,4528,4529,11.0,0.0,50.88
620,4530,4531,8.0,0.0,35.41
621,4532,4533,18.0,0.0,74.25
622,4590,4591,3.0,0.0,12.27
623,4592,4593,4.0,0.0,21.72
624,4616,4617,3.0,0.0,19.16
625,4622,4623,4.5,24.5,4.74
626,4624,4625,2.0,0.0,3.8
627,4638,4639,7.0,0.0,31.62
628,4674,4675,2.0,0.0,9.12
629,4692,4693,3.5,0.5,44.38
630,4696,4697,3.0,2.0,31.97
631,4698,4699,4.0,0.0,44.19
632,4700,4701,5.0,0.0,50.12
633,4702,4703,5.5,0.5,68.68
634,4704,4705,2.0,0.0,25.55
635,4712,4713,4.0,0.0,53.85
636,4720,4721,5.0,0.0,43.25
637,4730,4731,2.0,0.0,13.33
638,4732,4733,9.0,0.0,113.26
639,4734,4735,3.0,0.0,30.35
640,4804,4805,6.0,0.0,29.79
641,4812,4813,10.5,0.5,50.59
642,4830,4831,15.0,0.0,75.13
643,4834,4835,6.0,0.0,30.84
644,4850,4851,7.0,0.0,51.11
645,4852,4853,2.0,0.0,18.42
646,4866,4867,8.0,0.0,36.45
647,4884,4885,15.029,2116.734,39.58
648,4902,4903,11.5,60.5,30.99
649,4912,4913,13.0,0.0,45.85
650,4914,4915,8.0,0.0,26.71
651,4916,4917,2.5,0.5,28.56
652,4918,4919,3.0,0.0,30.96
653,4922,4923,1.652,0.237,20.25
654,4924,4925,3.348,0.419,41.15
655,4926,4927,42.913,2574.992,50.64
656,4928,4929,10.875,218.723,46.31
657,4934,4935,3.0,0.0,33.84
658,4936,4937,3.0,0.0,37.07
659,4938,4939,2.0,0.0,29.12
660,4940,4941,3.0,0.0,44.86
661,4942,4943,3.0,0.0,31.2
662,4944,4945,6.0,0.0,76.46
663,4946,4947,6.0,0.0,85.6
664,4950,4951,2.0,0.0,30.22
665,4952,4953,3.5,0.5,42.23
666,4954,4955,3.0,0.0,29.7
667,4970,4971,3.0,0.0,29.15
668,4972,4973,31.643,759.786,109.22
669,4974,4975,11.8,85.029,118.08
670,4976,4977,56.25,7164.618,75.28
671,4978,4979,52.1,3293.253,48.94
672,4980,4981,3.2,28.171,4.87
673,4982,4983,18.174,430.423,102.36
674,4984,4985,3.0,18.857,7.62
675,4986,4987,91.696,20594.585,110.7
676,4988,4989,11.913,930.265,22.17
677,4990,4991,8.565,532.348,28.54
678,4992,4993,14.318,2050.227,54.97
679,4994,4995,21.174,3834.968,38.46
680,4996,4997,17.727,1155.018,4.34
681,4998,4999,27.556,1311.791,191.25
682,5000,5001,5.722,37.742,44.76
683,5002,5003,15.0,0.0,124.87
684,5004,5005,9.5,0.5,76.81
685,5006,5007,27.941,252.602,114.62
686,5008,5009,3.516,3.125,37.34
687,5010,5011,5.844,0.846,73.56
688,5014,5015,4.636,0.739,59.09
689,5016,5017,27.545,1322.873,56.57
690,5018,5019,22.357,1070.247,46.42
691,5022,5023,3.421,35.813,8.8
692,5024,5025,10.478,75.534,62.51
693,5026,5027,11.0,73.308,36.02
694,5032,5033,3.0,0.0,32.77
695,5034,5035,5.0,0.0,51.47
696,5036,5037,3.286,0.238,31.06
697,5038,5039,8.0,0.0,89.76
698,5040,5041,3.0,0.0,31.75
699,5042,5043,3.0,0.0,36.82
700,5044,5045,16.0,0.0,191.35
701,5046,5047,4.0,0.0,39.55
702,5048,5049,7.0,0.0,81.96
703,5050,5051,3.571,5.619,24.14
704,5054,5055,4.697,127.343,19.98
705,5056,5057,229.125,119619.839,143.73
706,5058,5059,10.222,556.194,14.5
707,5060,5061,8.769,1.192,64.91
708,5062,5063,2.231,0.192,16.16
709,5066,5067,88.75,14882.75,90.85
710,5068,5069,10.167,1.606,75.75
711,5070,5071,18.333,3.879,130.58
712,5072,5073,8.75,1.114,63.11
713,5074,5075,12.833,2.152,92.01
714,5076,5077,6.333,0.424,48.03
715,5078,5079,9.833,1.424,71.56
716,5082,5083,12.0,0.0,159.3
717,5084,5085,23.714,13.238,296.96
718,5088,5089,1.333,0.267,9.91
719,5092,5093,7.0,0.0,61.45
720,5094,5095,2.0,0.0,17.27
721,5098,5099,7.5,0.5,57.83
722,5100,5101,5.0,0.0,40.3
723,5102,5103,2.0,0.0,25.26
724,5104,5105,3.0,0.0,43.43
725,5106,5107,4.0,0.0,51.51
726,5108,5109,42.857,6698.44,27.21
727,5110,5111,11.333,237.75,49.79
728,5112,5113,4.222,0.194,58.6
729,5114,5115,5.1,0.544,67.44
730,5116,5117,11.0,0.0,48.75
731,5118,5119,16.0,162.0,28.73
732,5122,5123,10.0,162.0,3.25
733,5128,5129,8.0,0.0,26.63
734,5130,5131,33.0,0.0,4.87
735,5136,5137,4.36,23.907,22.53
736,5138,5139,2.042,0.042,26.68
737,5140,5141,3.083,0.254,39.57
738,5142,5143,3.444,0.278,43.06
739,5148,5149,1.643,0.247,17.22
740,5150,5151,2.0,0.308,21.29
741,5152,5153,1.5,0.267,17.11
742,5154,5155,4.375,0.517,54.65
743,5156,5157,3.875,0.517,43.57
744,5162,5163,4.5,0.5,56.78
745,5164,5165,7.0,2.0,86.1
746,5166,5167,3.5,0.5,49.56
747,5168,5169,4.222,0.694,51.18
748,5170,5171,5.333,0.75,64.21
749,5174,5175,4.333,0.25,54.28
750,5176,5177,1.9,0.322,19.67
751,5178,5179,2.778,0.694,30.13
752,5184,5185,6.6,0.3,78.74
753,5186,5187,2.2,0.2,27.38
754,5188,5189,9.4,2.3,119.68
755,5190,5191,11.0,3.0,142.42
756,5200,5201,2.0,0.0,6.93
757,5202,5203,962.8,334534.7,166.06
758,5206,5207,67.5,7564.5,61.87
759,5208,5209,743.0,0.0,69.72
760,5210,5211,17.333,354.333,62.06
761,5214,5215,100.5,11630.5,49.54
762,5216,5217,19.0,2268.0,6.79
763,5218,5219,19.25,165.157,57.03
764,5220,5221,1.667,0.333,10.95
765,5222,5223,24.25,483.929,61.81
766,5228,5229,26.0,0.0,115.6
767,5232,5233,14.0,0.0,70.95
768,5236,5237,1.8,0.2,7.66
769,5238,5239,6.6,65.3,22.05
770,5240,5241,3.0,0.0,20.87
771,5252,5253,6.0,0.0,46.25
772,5254,5255,5.0,0.0,59.0
773,5256,5257,8.0,0.0,86.82
774,5258,5259,2.5,0.5,17.07
775,5260,5261,4.0,1.0,29.74
776,5262,5263,4.667,0.333,38.18
777,5264,5265,1.333,0.333,13.22
778,5266,5267,122.5,28084.5,32.35
779,5268,5269,3.0,2.0,22.02
780,5270,5271,4.5,0.5,30.85
781,5272,5273,24.0,0.0,135.46
782,5284,5285,6.0,0.0,41.81
783,5286,5287,3.0,3.0,31.34
784,5302,5303,17.0,0.0,88.01
785,5310,5311,6.0,0.0,47.19
786,5314,5315,8.667,0.333,66.25
787,5316,5317,6.0,0.0,43.83
788,5318,5319,7.0,0.0,53.6
789,5320,5321,1.167,0.167,11.05
790,5324,5325,3.25,0.25,44.63
791,5326,5327,3.5,0.333,46.02
792,5328,5329,2.0,0.0,19.87
793,5330,5331,3.0,0.0,36.0
794,5332,5333,11.75,0.25,148.64
795,5334,5335,3.5,0.3,39.22
796,5336,5337,1.4,0.3,18.44
797,5338,5339,1.4,0.3,21.21
798,5340,5341,1.6,0.3,18.59
799,5342,5343,1.8,0.2,23.94
800,5344,5345,2.0,0.5,22.69
801,5346,5347,1.25,0.25,15.67
802,5354,5355,2.429,0.286,29.79
803,5356,5357,5.571,0.952,62.66
804,5358,5359,3.0,0.667,35.58
805,5360,5361,3.143,0.81,37.96
806,5362,5363,8.143,1.476,92.9
807,5364,5365,1.143,0.143,19.28
808,5366,5367,9.0,1.0,104.46
809,5368,5369,7.0,1.0,83.14
810,5370,5371,4.857,0.476,55.37
811,5374,5375,12.0,0.0,153.14
812,5376,5377,10.5,0.5,130.16
813,5378,5379,4.5,0.5,54.04
814,5380,5381,7.0,0.0,97.44
815,5382,5383,3.143,0.143,38.78
816,5386,5387,3.571,0.286,39.99
817,5388,5389,6.714,1.238,78.51
818,5390,5391,1.571,0.286,20.8
819,5392,5393,5.667,1.467,67.84
820,5394,5395,3.286,0.238,37.74
821,5396,5397,4.833,4.567,27.61
822,5398,5399,6.4,1.3,48.42
823,5400,5401,5.8,0.7,45.54
824,5402,5403,6.25,0.917,46.96
825,5404,5405,4.75,0.917,36.1
826,5406,5407,2.75,0.25,21.26
827,5408,5409,1.25,0.25,12.9
828,5410,5411,1.25,0.25,11.47
829,5412,5413,7.0,0.667,51.46
830,5414,5415,20.043,117.862,181.08
831,5416,5417,34.087,982.81,65.03
832,5418,5419,16.32,519.977,42.54
833,5420,5421,9.8,150.667,50.97
834,5424,5425,6.241,207.404,7.49
835,5426,5427,16.909,1390.523,39.16
836,5428,5429,63.179,5631.782,253.18
837,5430,5431,5.074,14.687,21.05
838,5432,5433,7.556,0.949,91.29
839,5434,5435,1.92,1.577,17.12
840,5436,5437,2.214,26.175,10.55
841,5438,5439,6.903,705.557,24.66
842,5440,5441,13.161,1524.406,61.57
843,5442,5443,13.875,919.145,36.76
844,5444,5445,2.25,0.568,19.63
845,5446,5447,1.5,0.273,19.16
846,5448,5449,11.583,2.447,142.6
847,5450,5451,8.091,1.891,98.35
848,5452,5453,4.111,0.361,51.47
849,5454,5455,9.0,0.75,107.02
850,5456,5457,8.417,1.174,100.67
851,5460,5461,11.583,2.083,134.1
852,5462,5463,6.25,0.75,76.11
853,5468,5469,5.083,0.447,62.86
854,5470,5471,2.583,0.265,29.0
855,5472,5473,20.474,218.041,36.8
856,5474,5475,6.5,0.643,97.96
857,5492,5493,2.0,0.0,10.36
858,5496,5497,5.333,0.667,38.4
859,5518,5519,8.0,1.0,53.7
860,5520,5521,11.0,1.0,81.54
861,5522,5523,173.333,24007.867,79.04
862,5524,5525,56.333,13105.867,77.19
863,5528,5529,7.0,0.0,47.3
864,5530,5531,8.0,0.0,47.32
865,5532,5533,10.0,0.0,65.31
866,5534,5535,9.0,0.0,53.35
867,5536,5537,6.0,0.0,38.95
868,5538,5539,5.5,0.333,72.93
869,5540,5541,5.0,0.667,62.58
870,5542,5543,2.8,0.2,34.47
871,5546,5547,5.8,0.7,77.6
872,5554,5555,3.4,0.267,42.7
873,5556,5557,2.0,0.0,11.61
874,5562,5563,147.0,0.0,29.7
875,5572,5573,14.0,0.0,71.6
876,5584,5585,6.0,0.0,27.04
877,5610,5611,23.757,219.411,204.76
878,5612,5613,15.818,898.764,24.23
879,5614,5615,39.818,2406.764,41.17
880,5616,5617,12.727,2.218,162.93
881,5618,5619,9.727,1.218,125.19
882,5620,5621,3.8,0.178,49.32
883,5622,5623,5.0,0.0,35.04
884,5624,5625,1.333,0.267,15.33
885,5626,5627,100.667,22739.467,27.03
886,5628,5629,4.0,0.0,18.76
887,5632,5633,4.0,0.0,18.01
888,5638,5639,10.0,0.0,82.3
889,5640,5641,7.0,0.0,59.53
890,5642,5643,9.0,0.0,73.89
891,5644,5645,4.0,0.0,34.99
892,5646,5647,2.0,0.0,18.22
893,5648,5649,7.5,0.5,61.97
894,5662,5663,12.0,0.0,58.94
895,5668,5669,5.0,0.0,23.02
896,5694,5695,16.5,4.5,88.45
897,5716,5717,7.0,0.0,38.42
898,5720,5721,6.0,0.0,22.84
899,5722,5723,10.667,0.267,170.01
900,5724,5725,4.333,0.267,60.45
901,5726,5727,3.0,0.0,36.07
902,5728,5729,1.75,0.214,22.11
903,5730,5731,3.0,0.0,23.36
904,5732,5733,9.0,0.0,69.94
905,5734,5735,9.0,0.0,72.61
906,5736,5737,14.0,0.0,107.93
907,5738,5739,16.0,0.0,130.63
908,5740,5741,3.0,0.0,21.26
909,5744,5745,7.0,0.0,53.43
910,5746,5747,4.0,0.0,29.3
911,5748,5749,10.0,0.0,74.66
912,5750,5751,5.0,0.0,32.63
913,5752,5753,6.5,0.5,49.81
914,5754,5755,13.5,0.5,104.31
915,5756,5757,10.5,0.5,81.57
916,5758,5759,3.5,0.5,27.92
917,5770,5771,5.0,0.0,29.75
918,5774,5775,9.667,4.333,60.38
919,5776,5777,10.0,1.0,70.12
920,5778,5779,10.0,0.0,71.9
921,5780,5781,6.0,0.0,41.35
922,5788,5789,46.0,0.0,397.83
923,5814,5815,18.0,0.0,50.52
924,5816,5817,10.0,0.0,75.18
925,5820,5821,5.0,0.0,40.92
926,5824,5825,5.0,0.0,38.11
927,5828,5829,2.0,0.0,6.75
928,5836,5837,14.5,0.5,167.65
929,5838,5839,4.5,0.5,62.46
930,5840,5841,7.5,0.5,83.0
931,5842,5843,4.0,0.0,54.9
932,5844,5845,11.0,0.0,131.87
933,5846,5847,8.0,0.0,80.82
934,5848,5849,19.0,2.5,230.66
935,5850,5851,9.0,2.0,113.63
936,5852,5853,1.5,0.333,18.59
937,5854,5855,18.75,2.917,229.87
938,5856,5857,13.5,1.667,161.82
939,5860,5861,7.8,1.7,118.52
940,5862,5863,5.625,0.268,82.74
941,5864,5865,6.375,0.268,92.9
942,5866,5867,7.476,43.662,21.46
943,5872,5873,1.259,0.199,14.42
944,5876,5877,3.0,0.0,17.17
945,5878,5879,11.5,4.5,51.1
946,5880,5881,11.0,2.0,46.82
947,5882,5883,9.5,4.5,43.39
948,5886,5887,1.667,1.333,7.42
949,5888,5889,10.0,0.0,43.02
950,5894,5895,3.429,0.264,37.53
951,5896,5897,1.3,0.233,16.37
952,5898,5899,11.7,1.344,149.55
953,5900,5901,5.111,0.361,66.86
954,5902,5903,8.0,0.75,106.25
955,5904,5905,7.556,0.528,96.73
956,5906,5907,4.111,0.111,54.41
957,5908,5909,3.0,0.25,39.2
958,5910,5911,1.778,0.194,22.07
959,5912,5913,3.0,0.0,37.6
960,5922,5923,50.0,0.0,169.47
961,5930,5931,18.0,0.0,165.22
962,5978,5979,26.5,12.5,203.67
963,5980,5981,7.0,2.0,54.3
964,5986,5987,17.0,2.0,132.67
965,5990,5991,2.0,0.0,14.57
966,6008,6009,9.0,0.0,69.63
967,6014,6015,3.0,0.0,13.69
968,6034,6035,5.0,0.0,25.51
969,6036,6037,5.0,0.0,25.86
970,6040,6041,6.0,0.0,26.39
971,6042,6043,8.5,24.5,21.72
972,6064,6065,15.0,0.0,76.54
973,6074,6075,28.414,3975.18,79.22
974,6076,6077,5.214,24.175,51.29
975,6078,6079,8.321,1.115,104.74
976,6084,6085,54.0,5202.0,16.74
977,6104,6105,5.0,0.0,25.88
978,6106,6107,18.5,4.5,152.67
979,6108,6109,26.5,13.1,172.95
980,6126,6127,11.0,0.0,92.58
981,6128,6129,16.0,0.0,129.13
982,6140,6141,3.0,0.0,20.7
983,6142,6143,209.0,76050.0,90.15
984,6144,6145,123.0,0.0,101.33
985,6146,6147,12.0,0.0,90.9
986,6156,6157,20.0,192.0,130.13
987,6158,6159,6.5,0.5,90.34
988,6162,6163,3.0,0.0,16.33
989,6164,6165,9.0,0.0,66.2
990,6166,6167,8.0,0.0,54.36
991,6168,6169,11.0,2.0,75.69
992,6170,6171,24.0,0.0,168.19
993,6180,6181,37.0,0.0,283.02
994,6182,6183,7.0,0.0,53.83
995,6184,6185,9.0,0.0,66.83
996,6206,6207,6.5,0.333,30.9
997,6210,6211,33.0,0.0,0.37
998,6218,6219,7.0,0.0,35.13
999,6232,6233,2.0,0.0,9.16
1000,6238,6239,16.0,18.0,63.71
1001,6240,6241,2.0,0.0,11.4
1002,6268,6269,3.0,0.0,15.27
1003,6274,6275,2.0,0.0,11.06
1004,6284,6285,7.0,0.0,27.36
1005,6290,6291,14.0,0.0,73.91
1006,6300,6301,25.0,0.0,103.74
1007,6342,6343,3.0,0.0,12.96
1008,6348,6349,5.0,0.0,21.09
1009,6360,6361,9.0,2.0,51.37
1010,6406,6407,3.0,0.0,13.41
1011,6408,6409,22.5,4.5,94.9
1012,6418,6419,150.0,0.0,56.0
1013,6422,6423,11.0,0.0,68.25
1014,6444,6445,16.1,323.433,28.93
1015,6446,6447,8.341,3.532,169.38
1016,6458,6459,8.0,0.0,43.42
1017,6470,6471,32.381,525.248,50.2
1018,6472,6473,25.095,1308.39,128.96
1019,6474,6475,3.5,0.5,26.06
1020,6476,6477,5.5,0.5,67.63
1021,6478,6479,6.667,0.333,72.38
1022,6480,6481,10.0,0.0,109.15
1023,6482,6483,5.5,0.5,62.1
1024,6484,6485,11.0,0.0,119.78
1025,6512,6513,7.0,0.0,56.42
1026,6516,6517,9.0,0.0,58.39
1027,6518,6519,11.0,0.0,71.61
1028,6520,6521,8.5,0.5,58.13
1029,6522,6523,10.0,0.0,67.44
1030,6526,6527,28.0,0.0,206.09
1031,6532,6533,23.0,0.0,178.42
1032,6534,6535,44.222,871.194,80.66
1033,6536,6537,3.0,0.4,43.66
1034,6538,6539,2.167,0.167,32.21
1035,6540,6541,8.333,0.267,102.22
1036,6542,6543,1.875,0.125,23.43
1037,6544,6545,7.75,0.786,98.9
1038,6546,6547,6.25,0.5,83.22
1039,6550,6551,5.375,12.268,37.16
1040,6552,6553,6.0,0.571,79.27
1041,6554,6555,3.75,0.5,49.22
1042,6556,6557,9.0,0.0,148.7
1043,6558,6559,7.857,0.81,107.73
1044,6560,6561,9.333,0.667,117.59
1045,6568,6569,2.833,0.567,33.34
1046,6570,6571,3.5,0.3,49.13
1047,6572,6573,5.0,0.8,69.56
1048,6574,6575,4.667,0.267,65.17
1049,6578,6579,2.167,0.167,31.38
1050,6580,6581,3.167,0.567,44.45
1051,6582,6583,9.429,0.286,119.35
1052,6586,6587,3.0,0.0,17.96
1053,6598,6599,4.0,0.0,30.11
1054,6600,6601,10.0,0.0,68.53
1055,6602,6603,3.0,0.0,18.47
1056,6604,6605,2.0,0.0,13.78
1057,6606,6607,2.0,0.0,17.7
1058,6628,6629,24.0,0.0,116.25
1059,6642,6643,5.8,0.7,44.96
1060,6654,6655,2.0,0.0,8.38
1061,6656,6657,28.0,0.0,190.61
1062,6662,6663,8.0,0.0,59.5
1063,6664,6665,8.0,0.0,67.17
1064,6674,6675,10.0,0.0,66.08
1065,6676,6677,2.0,0.0,14.8
1066,6678,6679,9.0,0.0,55.51
1067,6680,6681,10.0,0.0,58.54
1068,6690,6691,20.154,66.808,230.96
1069,6694,6695,32.8,17.2,158.99
1070,6696,6697,36.0,19.0,173.6
1071,6700,6701,25.0,0.0,111.58
1072,6710,6711,24.0,0.0,116.13
1073,6732,6733,40.0,0.0,139.42
1074,6734,6735,100.0,0.0,346.69
1075,6744,6745,39.5,24.5,174.68
1076,6750,6751,34.5,12.5,167.77
1077,6758,6759,4.0,0.0,16.39
1078,6774,6775,63.0,32.0,236.2
1079,6776,6777,33.0,0.0,132.58
1080,6778,6779,32.0,0.0,127.1
1081,6780,6781,56.0,0.0,226.44
1082,6782,6783,25.0,0.0,101.08
1083,6786,6787,358.5,420.5,103.54
1084,6788,6789,4.0,0.0,27.66
1085,6790,6791,20.0,0.0,135.6
1086,6824,6825,2.0,0.0,14.99
1087,6826,6827,6.0,0.0,49.33
1088,6862,6863,156.25,13592.25,30.05
1089,6864,6865,2.0,0.0,12.4
1090,6940,6941,5.0,0.0,23.05
1091,6942,6943,8.0,0.0,39.8
1092,6994,6995,5.0,0.0,38.33
1093,7000,7001,3.222,39.694,5.16
1094,7002,7003,5.444,0.278,63.47
1095,7004,7005,58.889,395.111,45.58
1096,7006,7007,11.889,317.611,17.56
1097,7008,7009,1.286,0.571,5.46
1098,7010,7011,10.444,470.028,12.73
1099,7012,7013,9.111,323.111,19.23
1100,7014,7015,41.0,1599.25,260.73
1101,7016,7017,3.444,0.278,46.52
1102,7018,7019,3.0,0.0,64.02
1103,7020,7021,7.0,0.0,198.42
1104,7022,7023,4.0,0.0,45.68
1105,7024,7025,1.5,0.5,0.2
1106,7026,7027,1.071,0.071,9.79
1107,7066,7067,6.0,0.0,69.41
1108,7068,7069,77.0,512.0,30.28
1109,7070,7071,1.5,0.5,9.29
1110,7072,7073,252.333,45754.333,70.46
1111,7074,7075,207.0,22849.333,37.03
1112,7076,7077,84.083,4248.992,51.57
1113,7078,7079,56.692,7520.231,56.7
1114,7080,7081,14.6,314.044,120.36
1115,7082,7083,2.0,0.0,16.17
1116,7090,7091,17.0,0.0,135.03
1117,7094,7095,10.0,0.0,71.66
1118,7096,7097,14.0,0.0,90.81
1119,7106,7107,10.0,0.0,60.21
1120,7108,7109,16.0,0.0,114.86
1121,7110,7111,8.0,0.0,51.17
1122,7112,7113,8.0,0.0,57.23
1123,7116,7117,14.0,0.0,98.67
1124,7118,7119,4.5,0.5,34.06
1125,7120,7121,2.0,0.0,18.15
1126,7122,7123,10.6,0.8,69.31
1127,7126,7127,17.5,0.5,87.46
1128,7128,7129,9.0,0.0,68.97
1129,7142,7143,4.0,0.0,29.47
1130,7144,7145,4.0,0.0,40.13
1131,7166,7167,33.0,1.0,214.87
1132,7168,7169,6.0,0.0,39.99
1133,7170,7171,11.333,0.333,75.99
1134,7172,7173,2.667,0.333,16.03
1135,7174,7175,7.333,0.333,47.92
1136,7176,7177,8.667,0.333,56.57
1137,7184,7185,2.741,0.276,34.73
1138,7186,7187,1.654,0.315,21.23
1139,7188,7189,1.308,0.222,18.53
1140,7190,7191,1.5,0.26,14.85
1141,7192,7193,5.885,11.786,37.49
1142,7194,7195,1.13,0.209,10.49
1143,7196,7197,1.654,0.555,19.55
1144,7198,7199,2.346,0.235,30.58
1145,7202,7203,11.231,281.161,29.92
1146,7204,7205,20.273,353.618,45.16
1147,7206,7207,1.304,1.13,8.48
1148,7208,7209,3.655,58.948,17.75
1149,7210,7211,1.714,2.238,4.77
1150,7212,7213,19.938,2668.462,9.96
1151,7214,7215,36.235,2761.566,24.15
1152,7216,7217,49.562,4474.529,26.57
1153,7218,7219,136.188,13693.229,68.0
1154,7220,7221,65.25,7332.2,58.32
1155,7222,7223,59.786,5767.104,34.74
1156,7224,7225,3.833,84.697,13.08
1157,7230,7231,1.167,0.152,15.78
1158,7232,7233,4.583,0.447,56.27
1159,7234,7235,6.833,0.515,92.47
1160,7236,7237,1.821,0.152,20.81
1161,7238,7239,4.333,0.242,56.11
1162,7240,7241,5.5,69.429,13.68
1163,7242,7243,5.5,1.364,63.31
1164,7244,7245,6.182,0.764,70.42
1165,7246,7247,15.621,997.315,27.08
1166,7248,7249,3.731,0.445,41.48
1167,7250,7251,6.923,0.314,77.18
1168,7252,7253,6.654,0.475,75.36
1169,7254,7255,6.76,0.357,74.68
1170,7256,7257,17.519,1412.49,32.97
1171,7260,7261,12.679,842.671,29.02
1172,7262,7263,5.759,386.904,22.89
1173,7264,7265,6.0,2.0,52.63
1174,7270,7271,2.0,0.0,12.11
1175,7272,7273,13.0,0.0,78.56
1176,7276,7277,9.333,1.879,69.59
1177,7278,7279,5.5,0.5,44.2
1178,7280,7281,5.5,0.5,47.36
1179,7282,7283,5.0,0.0,39.85
1180,7284,7285,5.5,0.5,47.56
1181,7286,7287,7.0,0.0,53.53
1182,7288,7289,9.0,0.0,59.78
1183,7310,7311,5.667,2.333,32.6
1184,7312,7313,2.0,0.0,16.79
1185,7314,7315,2.333,0.333,19.68
1186,7316,7317,4.333,0.333,30.74
1187,7318,7319,2.0,0.0,14.02
1188,7320,7321,4.25,0.25,26.36
1189,7322,7323,1.333,0.333,7.53
1190,7324,7325,3.0,0.0,22.83
1191,7326,7327,3.333,0.333,25.51
1192,7328,7329,4.75,0.917,30.89
1193,7330,7331,5.333,0.333,41.82
1194,7332,7333,7.0,0.0,49.84
1195,7334,7335,3.333,0.333,23.6
1196,7350,7351,14.0,0.0,93.62
1197,7352,7353,2.0,0.0,11.96
1198,7354,7355,4.0,0.0,30.81
1199,7356,7357,8.333,0.333,60.3
1200,7358,7359,7.667,0.333,52.28
1201,7360,7361,3.0,0.0,18.5
1202,7362,7363,3.5,0.5,23.42
1203,7368,7369,4.0,0.0,29.78
1204,7370,7371,6.0,0.0,42.43
1205,7372,7373,7.0,0.0,53.61
1206,7374,7375,9.0,0.0,66.52
1207,7376,7377,7.0,0.0,53.48
1208,7378,7379,4.0,0.0,27.36
1209,7380,7381,7.0,0.0,57.51
1210,7384,7385,2.0,0.0,13.31
1211,7390,7391,3.375,5.411,34.28
1212,7392,7393,12.125,1.268,151.97
1213,7394,7395,2.125,0.125,28.75
1214,7396,7397,1.375,0.268,20.16
1215,7398,7399,3.75,0.214,46.34
1216,7400,7401,1.143,0.143,16.43
1217,7402,7403,3.143,0.143,32.61
1218,7404,7405,9.0,0.0,66.67
1219,7406,7407,8.0,0.0,53.76
1220,7430,7431,10.0,0.0,68.16
1221,7442,7443,24.0,0.0,54.75
1222,7448,7449,10.0,0.0,77.58
1223,7450,7451,17.0,0.0,129.08
1224,7452,7453,9.0,0.0,72.32
1225,7460,7461,7.0,0.0,52.28
1226,7462,7463,3.0,0.0,29.96
1227,7464,7465,49.5,4324.5,14.45
1228,7466,7467,11.25,367.583,9.41
1229,7468,7469,37.5,2476.333,11.5
1230,7470,7471,45.75,2946.917,51.14
1231,7482,7483,12.0,0.0,102.91
1232,7484,7485,6.0,0.0,54.16
1233,7486,7487,4.0,0.0,30.16
1234,7490,7491,23.0,0.0,193.3
1235,7526,7527,8.0,0.0,65.27
1236,7530,7531,9.0,0.0,76.32
1237,7538,7539,4.5,0.5,31.88
1238,7540,7541,2.0,0.0,20.42
1239,7542,7543,5.5,0.5,48.39
1240,7544,7545,11.0,0.0,93.13
1241,7560,7561,88.0,0.0,124.01
1242,7582,7583,20.0,4.0,230.25
1243,7584,7585,14.0,0.0,93.74
1244,7594,7595,31.0,0.0,253.71
1245,7596,7597,48.917,2117.61,167.19
1246,7598,7599,9.0,0.0,4.75
1247,7600,7601,92.0,0.0,7.9
1248,7604,7605,2.0,0.0,10.93
1249,7606,7607,2.0,0.0,13.16
1250,7610,7611,14.5,0.5,116.72
1251,7636,7637,37.3,3689.567,34.08
1252,7638,7639,28.0,0.0,1.24
1253,7640,7641,13.7,1349.122,15.84
1254,7642,7643,13.2,1157.067,24.92
1255,7644,7645,16.889,2.611,192.87
1256,7646,7647,62.714,2274.238,48.17
1257,7648,7649,9.167,380.967,17.07
1258,7650,7651,74.125,19349.554,99.18
1259,7652,7653,57.444,10877.028,58.03
1260,7656,7657,83.0,13300.5,19.01
1261,7658,7659,5.0,0.0,19.3
1262,7666,7667,10.0,0.0,44.64
1263,7676,7677,548.167,121295.767,93.09
1264,7678,7679,36.6,2778.8,17.42
1265,7680,7681,122.2,11846.7,59.01
1266,7682,7683,17.0,0.0,114.28
1267,7684,7685,9.667,1.333,71.09
1268,7686,7687,17.0,0.0,135.13
1269,7688,7689,6.0,0.0,58.22
1270,7698,7699,12.5,0.5,91.62
1271,7726,7727,21.556,735.528,48.17
1272,7740,7741,6.0,0.0,45.22
1273,7742,7743,7.0,0.0,56.01
1274,7744,7745,3.0,0.0,21.88
1275,7746,7747,3.0,0.0,25.36
1276,7748,7749,4.0,0.0,28.0
1277,7752,7753,3.0,0.0,18.94
1278,7754,7755,6.0,0.0,48.7
1279,7756,7757,100.375,14797.982,154.25
1280,7758,7759,3.0,24.0,3.89
1281,7760,7761,2.5,0.333,19.17
1282,7762,7763,7.25,0.917,54.91
1283,7766,7767,4.25,0.25,29.63
1284,7768,7769,7.0,1.0,49.04
1285,7770,7771,4.667,0.333,34.78
1286,7772,7773,2.0,0.0,16.24
1287,7774,7775,5.0,0.0,43.15
1288,7776,7777,5.333,0.333,44.88
1289,7778,7779,1.167,0.167,5.6
1290,7780,7781,3.0,0.0,23.74
1291,7782,7783,3.0,0.0,27.14
1292,7784,7785,42.429,9120.286,47.68
1293,7786,7787,9.0,376.667,11.42
1294,7788,7789,6.857,57.143,29.7
1295,7790,7791,10.0,2.333,70.34
1296,7792,7793,3.0,0.4,20.91
1297,7794,7795,10.5,3.0,76.24
1298,7796,7797,6.0,0.0,36.3
1299,7798,7799,14.0,0.0,87.84
1300,7800,7801,13.0,0.0,28.6
1301,7802,7803,22.0,0.0,38.67
1302,7804,7805,23.0,0.0,46.45
1303,7808,7809,3.0,0.0,6.14
1304,7810,7811,16.5,12.5,37.45
1305,7812,7813,4.5,0.5,10.2
1306,7826,7827,49.0,0.0,95.71
1307,7828,7829,37.5,40.5,80.62
1308,7830,7831,161.0,16492.0,37.8
1309,7832,7833,3.25,0.25,22.37
1310,7834,7835,4.333,0.333,35.14
1311,7836,7837,4.0,1.0,28.37
1312,7838,7839,3.0,0.0,20.68
1313,7846,7847,2.0,0.0,7.53
1314,7854,7855,75.667,7761.333,42.55
1315,7860,7861,18.0,748.0,30.1
1316,7862,7863,4.5,0.333,32.16
1317,7864,7865,3.5,0.333,25.93
1318,7878,7879,11.0,0.0,26.89
1319,7882,7883,11.5,12.5,27.09
1320,7888,7889,20.5,24.5,4.85
1321,7892,7893,1.667,0.333,12.2
1322,7896,7897,2.0,0.0,16.44
1323,7898,7899,37.095,4031.89,19.98
1324,7900,7901,13.095,226.19,75.2
1325,7902,7903,2.0,0.0,12.81
1326,7904,7905,43.0,0.0,98.11
1327,7906,7907,2.0,0.0,8.82
1328,7910,7911,9.0,0.0,22.9
1329,7912,7913,10.25,1.583,20.28
1330,7914,7915,3.0,0.0,20.76
1331,7916,7917,23.2,4.7,185.65
1332,7918,7919,3.429,0.619,26.17
1333,7920,7921,1.571,0.286,10.77
1334,7924,7925,13.125,2.411,101.08
1335,7926,7927,4.625,0.554,37.35
1336,7928,7929,6.444,0.528,48.72
1337,7930,7931,2.333,0.25,18.07
1338,7932,7933,1.889,0.111,14.49
1339,7934,7935,14.0,0.0,37.17
1340,7936,7937,4.0,0.0,37.74
1341,7938,7939,4.0,0.0,41.97
1342,7940,7941,7.0,0.0,59.01
1343,7942,7943,1.667,0.333,12.91
1344,7944,7945,3.286,0.22,42.27
1345,7946,7947,3.455,24.165,25.18
1346,7948,7949,5.227,9.708,56.06
1347,7950,7951,3.5,0.286,26.1
1348,7952,7953,6.111,2.361,40.02
1349,7954,7955,2.5,0.5,18.33
1350,7956,7957,3.2,0.4,38.36
1351,7958,7959,2.8,0.178,35.7
1352,7960,7961,2.231,0.192,27.22
1353,7962,7963,3.077,0.244,39.2
1354,7966,7967,22.8,425.289,23.66
1355,7970,7971,5.0,96.0,7.63
1356,7976,7977,1.375,0.268,17.93
1357,7978,7979,2.25,0.214,23.46
1358,7988,7989,17.5,364.5,23.15
1359,7990,7991,26.0,2.0,26.84
1360,7992,7993,8.0,50.0,7.79
1361,7996,7997,15.0,0.0,27.75
1362,8022,8023,10.0,0.0,71.07
1363,8040,8041,11.0,0.0,79.52
1364,8042,8043,12.0,0.0,69.13
1365,8052,8053,117.0,39817.667,66.62
1366,8054,8055,2.0,0.0,22.08
1367,8056,8057,2.286,0.238,30.38
1368,8058,8059,113.353,57547.993,67.5
1369,8060,8061,37.867,3125.41,86.39
1370,8062,8063,35.312,12709.962,71.01
1371,8064,8065,49.875,11258.517,95.38
1372,8066,8067,57.118,29942.86,131.97
1373,8068,8069,3.471,0.39,39.9
1374,8070,8071,4.167,3.767,16.65
1375,8072,8073,59.0,13882.0,59.19
1376,8074,8075,2.364,5.655,7.54
1377,8076,8077,27.0,6728.727,19.57
1378,8080,8081,2.5,4.5,4.07
1379,8090,8091,26.958,1692.216,24.81
1380,8092,8093,48.75,2012.25,45.75
1381,8094,8095,82.5,2417.0,67.25
1382,8098,8099,11.5,0.5,54.32
1383,8100,8101,2.167,5.767,7.24
1384,8104,8105,1.176,0.154,12.1
1385,8106,8107,74.294,11632.096,86.12
1386,8108,8109,13.0,2322.5,13.14
1387,8116,8117,2.5,0.333,12.49
1388,8118,8119,9.0,3.333,45.74
1389,8134,8135,12.0,1.0,84.66
1390,8136,8137,6.5,0.5,49.39
1391,8140,8141,102.0,0.0,29.27
1392,8144,8145,24.2,484.7,47.69
1393,8146,8147,3.4,0.3,41.54
1394,8148,8149,8.8,0.2,101.02
1395,8150,8151,9.5,4.5,60.89
1396,8152,8153,5.5,0.5,74.79
1397,8154,8155,6.5,0.5,77.31
1398,8158,8159,24.5,303.0,20.65
1399,8168,8169,30.0,0.0,189.67
1400,8170,8171,16.0,0.0,67.57
1401,8184,8185,11.0,0.0,49.18
1402,8188,8189,11.0,0.0,58.66
1403,8192,8193,6.0,0.0,27.94
1404,8194,8195,23.0,0.0,112.9
1405,8210,8211,2.0,0.0,8.75
1406,8212,8213,765.25,168134.917,101.62
1407,8214,8215,17.0,0.0,130.06
1408,8216,8217,2.0,0.0,13.42
1409,8234,8235,12.0,0.0,79.01
1410,8236,8237,778.0,26912.0,84.23
1411,8238,8239,378.0,0.0,110.91
1412,8240,8241,191.0,60552.0,123.07
1413,8242,8243,11.0,2.0,86.37
1414,8250,8251,5.4,0.3,34.67
1415,8252,8253,2.6,0.8,19.07
1416,8258,8259,9.2,9.7,52.66
1417,8260,8261,3.5,0.5,25.08
1418,8264,8265,5.5,0.5,37.43
1419,8266,8267,2.0,0.0,13.4
1420,8268,8269,410.0,384270.667,202.91
1421,8270,8271,9.333,70.333,39.6
1422,8272,8273,70.077,46401.91,67.78
1423,8274,8275,12.0,0.0,95.69
1424,8276,8277,2.0,0.0,18.57
1425,8278,8279,19.818,3.764,221.68
1426,8280,8281,30.364,9.655,218.48
1427,8282,8283,16.2,4.7,111.71
1428,8284,8285,38.4,43.3,275.33
1429,8288,8289,20.333,1.333,144.59
1430,8290,8291,6.667,0.333,48.2
1431,8308,8309,21.0,0.0,143.83
1432,8312,8313,11.667,14.333,74.19
1433,8324,8325,9.0,0.0,94.22
1434,8326,8327,14.667,1.333,181.84
1435,8328,8329,8.667,0.333,98.71
1436,8344,8345,30.308,3081.564,156.31
1437,8346,8347,18.0,2.727,225.82
1438,8358,8359,6.0,0.0,39.46
1439,8360,8361,4.0,0.0,33.43
1440,8362,8363,7.0,0.0,51.89
1441,8374,8375,7.333,1.333,57.52
1442,8378,8379,6.5,1.1,46.02
1443,8382,8383,2.5,0.5,17.57
1444,8384,8385,6.0,0.0,40.71
1445,8386,8387,14.0,0.0,88.48
1446,8390,8391,4.0,0.0,22.48
1447,8404,8405,10.0,0.0,44.24
1448,8408,8409,3.0,0.0,13.78
1449,8418,8419,9.333,0.333,46.04
1450,8420,8421,34.5,0.5,173.22
1451,8424,8425,5.333,0.333,37.23
1452,8426,8427,7.0,0.667,47.21
1453,8428,8429,3.0,0.0,24.02
1454,8438,8439,3.75,0.25,24.74
1455,8440,8441,4.75,0.25,34.46
1456,8442,8443,3.5,0.333,25.21
1457,8444,8445,9.0,0.0,71.09
1458,8446,8447,4.0,0.0,30.26
1459,8450,8451,10.714,1.238,77.15
1460,8452,8453,5.0,1.111,36.96
1461,8468,8469,3.0,0.0,31.27
1462,8470,8471,2.0,0.0,18.43
1463,8472,8473,11.0,50.0,63.52
1464,8474,8475,2.0,0.0,20.47
1465,8476,8477,126.0,29768.0,28.46
1466,8486,8487,5.0,0.0,62.84
1467,8492,8493,1.5,0.5,23.23
1468,8494,8495,3.0,0.0,30.83
1469,8510,8511,9.0,0.0,70.9
1470,8538,8539,8.0,0.0,52.22
1471,8540,8541,9.0,0.0,51.43
1472,8544,8545,9.0,0.0,59.53
1473,8546,8547,6.0,0.0,43.95
1474,8548,8549,11.0,0.0,84.33
1475,8550,8551,3.5,0.5,26.56
1476,8554,8555,2.5,0.5,22.92
1477,8556,8557,7.0,0.0,45.53
1478,8566,8567,5.5,0.333,37.26
1479,8568,8569,3.75,0.25,28.71
1480,8570,8571,2.75,0.25,19.69
1481,8572,8573,1.25,0.25,8.29
1482,8574,8575,13.75,0.25,100.85
1483,8576,8577,13.25,30.917,121.86
1484,8578,8579,11.333,0.333,87.6
1485,8580,8581,3.0,0.0,19.38
1486,8584,8585,9.0,0.0,76.9
1487,8586,8587,8.0,0.0,68.42
1488,8596,8597,18.0,0.0,78.33
1489,8606,8607,3.0,0.0,14.43
1490,8614,8615,24.0,0.0,167.36
1491,8616,8617,8.0,0.0,50.54
1492,8636,8637,2.0,0.0,11.48
1493,8638,8639,1.333,0.333,8.41
1494,8640,8641,2.0,0.0,14.26
1495,8644,8645,2.333,0.333,19.28
1496,8650,8651,2.25,0.25,16.68
1497,8654,8655,2.0,0.0,13.38
1498,8660,8661,2.0,0.0,12.57
1499,8662,8663,3.0,0.0,28.14
1500,8674,8675,2.0,0.0,15.92
1501,8680,8681,3.0,0.0,31.36
1502,8682,8683,3.0,0.0,28.94
1503,8684,8685,2.0,0.0,19.01
1504,8686,8687,3.0,0.0,23.8
1505,8688,8689,3.0,0.0,22.65
1506,8690,8691,3.0,0.0,24.18
1507,8698,8699,16.667,1.333,121.55
1508,8700,8701,9.0,0.0,76.01
1509,8702,8703,6.5,0.5,54.54
1510,8704,8705,10.0,0.0,76.74
1511,8722,8723,16.0,0.0,118.05
1512,8724,8725,4.0,0.0,33.29
1513,8726,8727,13.0,0.0,100.05
1514,8732,8733,54.0,793.0,19.78
1515,8734,8735,3.0,0.0,28.06
1516,8736,8737,11.0,2.0,95.65
1517,8738,8739,10.0,2.0,78.44
1518,8740,8741,8.0,2.0,71.76
1519,8742,8743,3.0,0.0,19.93
1520,8748,8749,6.0,0.0,47.53
1521,8752,8753,4.0,0.0,35.65
1522,8754,8755,2.0,0.0,23.16
1523,8756,8757,5.0,0.0,48.63
1524,8758,8759,2.0,0.0,15.79
1525,8762,8763,4.0,0.0,37.37
1526,8768,8769,118.231,8186.692,66.17
1527,8770,8771,1.3,0.233,6.57
1528,8772,8773,140.0,13665.111,78.16
1529,8774,8775,64.2,7179.289,92.41
1530,8776,8777,14.545,610.073,89.23
1531,8784,8785,3.0,0.0,31.58
1532,8804,8805,5.5,0.5,24.38
1533,8814,8815,7.571,0.725,49.58
1534,8818,8819,5.0,0.0,56.1
1535,8820,8821,5.0,0.0,73.01
1536,8824,8825,119.5,7080.5,18.97
1537,8826,8827,2.5,0.5,18.94
1538,8830,8831,4.0,0.0,44.89
1539,8834,8835,6.0,0.0,66.51
1540,8836,8837,17.0,0.0,178.14
1541,8842,8843,9.0,0.0,25.26
1542,8844,8845,4.583,146.447,4.46
1543,8846,8847,7.4,70.8,11.22
1544,8848,8849,2.5,1.0,9.98
1545,8850,8851,8.0,0.0,89.3
1546,8856,8857,7.385,3.59,45.95
1547,8858,8859,14.769,3.359,103.54
1548,8860,8861,5.385,0.59,35.88
1549,8862,8863,7.75,0.932,53.42
1550,8864,8865,7.75,1.114,54.81
1551,8876,8877,4.0,0.0,31.71
1552,8878,8879,5.0,0.0,45.76
1553,8884,8885,3.0,0.0,17.37
1554,8896,8897,3.0,2.0,13.67
1555,8898,8899,13.5,0.5,102.77
1556,8900,8901,19.0,0.0,125.43
1557,8910,8911,11.0,0.0,87.67
1558,8920,8921,82.333,5345.333,74.78
1559,8922,8923,5.0,1.0,35.14
1560,8924,8925,5.143,1.143,32.33
1561,8928,8929,9.5,0.7,72.83
1562,8934,8935,9.0,0.0,78.0
1563,8944,8945,7.0,0.0,55.38
1564,8946,8947,13.0,0.0,103.54
1565,8958,8959,14.0,0.0,106.55
1566,8982,8983,12.0,0.0,112.58
1567,9000,9001,95.333,16142.333,1.51
1568,9002,9003,7.0,0.0,40.37
1569,9010,9011,19.0,2.0,134.12
1570,9016,9017,20.333,2.333,91.2
1571,9018,9019,104.25,40.25,460.25
1572,9020,9021,48.75,8.25,217.89
1573,9040,9041,4.0,0.0,33.43
1574,9042,9043,2.0,0.0,7.73
1575,9044,9045,5.0,0.0,34.55
1576,9046,9047,7.0,0.0,59.08
1577,9048,9049,102.917,3626.083,55.35
1578,9050,9051,31.692,2975.897,36.96
1579,9052,9053,43.3,3660.116,60.79
1580,9054,9055,24.5,2903.654,34.42
1581,9056,9057,7.0,0.0,64.75
1582,9058,9059,2.0,0.0,21.02
1583,9060,9061,4.0,0.0,32.39
1584,9062,9063,2.0,0.0,17.12
1585,9064,9065,3.0,0.0,24.75
1586,9066,9067,53.0,0.0,234.8
1587,9076,9077,1.889,2.361,2.84
1588,9078,9079,51.143,1909.729,228.19
1589,9080,9081,5.75,0.618,71.42
1590,9084,9085,10.3,0.9,132.34
1591,9086,9087,3.5,0.5,23.62
1592,9088,9089,13.0,0.0,96.41
1593,9090,9091,13.0,0.0,91.9
1594,9092,9093,12.0,0.0,99.31
1595,9094,9095,11.0,0.0,94.51
1596,9098,9099,17.0,0.0,115.43
1597,9102,9103,14.0,0.0,123.05
1598,9104,9105,13.0,0.0,113.63
1599,9106,9107,4.0,0.0,34.18
1600,9108,9109,6.0,0.0,60.41
1601,9126,9127,9.333,0.333,90.39
1602,9132,9133,5.0,0.0,39.22
1603,9140,9141,1.333,0.333,7.33
1604,9152,9153,4.0,0.0,13.57
1605,9154,9155,12.0,0.0,51.76
1606,9160,9161,6.5,0.5,42.19
1607,9162,9163,11.0,0.0,87.47
1608,9172,9173,4.0,0.0,35.8
1609,9174,9175,7.0,0.0,55.74
1610,9176,9177,7.0,0.0,48.94
1611,9184,9185,2.333,0.333,14.24
1612,9186,9187,1.75,0.25,9.47
1613,9190,9191,2.0,0.0,15.81
1614,9192,9193,4.0,0.0,24.2
1615,9194,9195,10.0,0.0,72.81
1616,9212,9213,10.0,0.0,59.42
1617,9220,9221,82.0,0.0,542.74
1618,9236,9237,465.667,585233.333,117.07
1619,9238,9239,9.0,216.0,4.78
1620,9240,9241,219.333,81160.333,47.78
1621,9244,9245,171.667,71973.25,51.97
1622,9246,9247,226.0,187778.667,56.39
1623,9250,9251,15.5,443.667,26.64
1624,9252,9253,1.5,0.5,9.5
1625,9272,9273,3.0,0.0,23.38
1626,9278,9279,5.0,0.0,38.39
1627,9280,9281,6.0,0.0,46.13
1628,9282,9283,5.0,0.0,47.32
1629,9290,9291,11.5,0.5,60.45
1630,9304,9305,19.0,0.0,140.71
1631,9306,9307,12.0,0.0,96.08
1632,9372,9373,14.5,12.5,63.32
1633,9374,9375,4.667,1.333,23.16
1634,9376,9377,16.0,2.0,134.86
1635,9378,9379,7.0,3.0,43.58
1636,9380,9381,15.0,2.8,113.24
1637,9386,9387,5.0,0.0,26.75
1638,9392,9393,16.0,0.0,45.34
1639,9394,9395,3.0,0.0,32.03
1640,9400,9401,4.0,0.0,35.91
1641,9406,9407,19.0,0.0,153.23
1642,9414,9415,2.0,0.0,8.91
1643,9442,9443,147.0,0.0,764.54
1644,9450,9451,11.0,0.0,79.3
1645,9452,9453,4.846,0.308,91.21
1646,9454,9455,65.0,0.0,297.01
1647,9466,9467,9.0,0.0,41.18
1648,9470,9471,127.0,15842.0,46.09
1649,9472,9473,56.333,2480.333,111.0
1650,9474,9475,57.667,2704.333,60.79
1651,9476,9477,3.333,0.333,41.85
1652,9478,9479,5.0,0.0,62.41
1653,9480,9481,2.667,0.333,34.23
1654,9482,9483,8.333,0.333,94.29
1655,9486,9487,15.0,0.0,104.41
1656,9488,9489,6.0,0.5,42.35
1657,9490,9491,8.2,0.7,62.49
1658,9492,9493,4.6,0.3,34.55
1659,9498,9499,4.833,4.567,25.3
1660,9500,9501,3.833,0.167,29.05
1661,9506,9507,3.0,0.0,22.11
1662,9508,9509,2.5,0.5,22.44
1663,9510,9511,5.5,0.5,48.29
1664,9518,9519,3.0,0.0,23.48
1665,9520,9521,17.0,0.0,87.61
1666,9522,9523,5.0,0.0,33.95
1667,9534,9535,5.0,0.0,26.25
1668,9536,9537,2.0,0.0,12.12
1669,9538,9539,13.0,0.0,69.35
1670,9542,9543,3.0,0.0,24.51
1671,9544,9545,5.667,0.333,41.14
1672,9548,9549,5.333,0.333,40.56
1673,9550,9551,2.0,0.0,15.78
1674,9552,9553,8.0,0.0,96.69
1675,9554,9555,15.0,0.0,105.55
1676,9556,9557,2.0,0.0,11.85
1677,9558,9559,7.667,0.333,55.87
1678,9560,9561,11.333,0.333,78.31
1679,9562,9563,5.333,0.333,35.41
1680,9564,9565,10.4,2.3,65.32
1681,9568,9569,2.0,0.0,226.15
1682,9574,9575,7.0,0.0,66.61
1683,9576,9577,9.0,4.0,60.41
1684,9578,9579,7.667,1.333,48.93
1685,9586,9587,8.0,0.0,52.56
1686,9588,9589,5.0,0.0,38.75
1687,9590,9591,14.0,0.0,107.59
1688,9592,9593,8.0,0.0,46.69
1689,9594,9595,6.0,0.0,39.05
1690,9598,9599,3.0,0.0,23.41
1691,9634,9635,16.0,0.0,39.12
1692,9638,9639,8.5,0.5,62.74
1693,9640,9641,5.0,0.0,38.76
1694,9644,9645,4.0,0.0,32.12
1695,9646,9647,8.0,0.0,65.81
1696,9698,9699,16.0,0.0,110.16
1697,9716,9717,18.5,144.5,104.06
1698,9720,9721,9.0,0.0,136.77
1699,9738,9739,7.545,3.473,56.31
1700,9740,9741,8.625,0.554,102.16
1701,9742,9743,3.714,0.238,45.13
1702,9744,9745,1.143,0.143,14.2
1703,9746,9747,13.0,2.0,157.39
1704,9748,9749,3.143,0.476,41.92
1705,9752,9753,3.429,1.286,38.09
1706,9766,9767,20.667,517.333,13.87
1707,9788,9789,58.5,5100.5,34.62
1708,9796,9797,57.0,648.0,22.01
1709,9798,9799,9.0,0.0,107.71
1710,9800,9801,2.0,0.0,7.9
1711,9806,9807,2.667,0.333,35.74
1712,9828,9829,72.375,9913.696,37.88
1713,9836,9837,1.667,0.333,24.47
1714,9888,9889,14.0,0.0,107.92
1715,9890,9891,6.333,1.067,42.86
1716,9892,9893,2.0,0.667,14.13
1717,9902,9903,6.0,0.0,30.97
1718,9914,9915,5.083,0.254,64.67
1719,9916,9917,4.067,0.823,44.98
1720,9918,9919,10.643,556.979,21.97
1721,9920,9921,7.643,179.72,36.44
1722,9922,9923,4.625,0.268,52.8
1723,9924,9925,14.542,929.129,55.07
1724,9926,9927,19.952,847.048,118.4
1725,9928,9929,11.318,1.18,137.78
1726,9930,9931,19.364,33.861,180.74
1727,9932,9933,2.909,11.229,23.09
1728,9934,9935,32.308,3251.564,172.67
1729,9936,9937,8.476,821.762,9.84
1730,9938,9939,3.778,0.194,49.64
1731,9940,9941,104.406,15895.088,113.13
1732,9942,9943,32.161,3190.54,33.76
1733,9944,9945,10.719,1661.241,23.14
1734,9946,9947,1.333,0.644,12.67
1735,9948,9949,8.667,358.0,1.24
1736,9950,9951,20.5,2234.129,50.56
1737,9952,9953,25.848,4598.258,51.15
1738,9954,9955,42.727,10685.455,66.86
1739,9956,9957,7.618,266.486,41.11
1740,9958,9959,1.692,0.222,22.58
1741,9960,9961,1.462,0.258,18.95
1742,9962,9963,3.0,0.24,38.66
1743,9964,9965,3.8,0.417,47.92
1744,9966,9967,3.731,0.525,49.77
1745,9970,9971,2.038,0.118,26.52
1746,9972,9973,3.846,0.455,47.58
1747,9974,9975,9.4,1.417,119.18
1748,9980,9981,2.04,0.123,26.05
1749,9982,9983,1.32,0.227,14.46
1750,9984,9985,1.808,0.242,23.52
1751,9986,9987,2.76,0.19,32.76
1752,9988,9989,12.346,53.035,59.25
1753,9990,9991,50.405,2870.859,54.56
1754,9992,9993,2.893,71.877,7.48
1755,9996,9997,34.519,5778.721,61.48
1756,9998,9999,10.348,31.055,104.4
1757,10002,10003,27.667,1610.333,34.77
1758,10004,10005,4.667,0.333,38.88
1759,10006,10007,5.0,0.0,39.99
1760,10012,10013,3.0,0.0,23.12
1761,10070,10071,13.0,0.0,72.08
1762,10072,10073,4.0,0.0,30.9
1763,10080,10081,4.758,0.252,58.86
1764,10084,10085,9.929,14.735,120.26
1765,10086,10087,3.571,0.254,46.99
1766,10088,10089,5.393,0.396,70.22
1767,10090,10091,8.4,33.071,45.31
1768,10092,10093,4.429,0.311,54.91
1769,10094,10095,1.714,0.21,22.9
1770,10098,10099,14.853,1.584,188.58
1771,10100,10101,2.333,0.229,29.42
1772,10102,10103,2.667,0.333,37.41
1773,10104,10105,10.0,1.0,130.93
1774,10106,10107,36.0,3.0,458.21
1775,10108,10109,5.0,0.0,55.58
1776,10154,10155,2.0,0.0,11.09
1777,10160,10161,6.0,0.0,34.41
1778,10166,10167,4.85,26.029,33.54
1779,10178,10179,15.35,4.661,193.0
1780,10180,10181,7.346,1.115,85.37
1781,10182,10183,2.923,0.314,34.12
1782,10184,10185,2.269,0.205,26.97
1783,10186,10187,1.692,0.222,21.54
1784,10188,10189,3.615,0.406,46.43
1785,10190,10191,3.385,0.326,42.59
1786,10192,10193,1.808,0.162,23.58
1787,10194,10195,8.385,0.966,103.63
1788,10196,10197,17.0,0.0,92.19
1789,10198,10199,2.0,0.0,13.6
1790,10212,10213,2.641,0.289,39.37
1791,10214,10215,4.744,0.354,73.75
1792,10222,10223,23.667,12.333,179.01
1793,10224,10225,18.0,0.667,79.6
1794,10226,10227,87.5,84.5,454.2
1795,10228,10229,24.5,1.667,108.47
1796,10234,10235,7.667,0.333,58.31
1797,10236,10237,14.8,344.7,10.51
1798,10238,10239,8.0,0.0,59.77
1799,10242,10243,6.0,0.0,39.44
1800,10246,10247,2.5,0.5,18.5
1801,10252,10253,5.0,0.0,37.69
1802,10258,10259,12.0,0.0,62.99
1803,10266,10267,2.0,0.0,15.45
1804,10268,10269,9.0,0.0,66.29
1805,10270,10271,12.0,0.0,89.01
1806,10272,10273,3.0,0.0,17.46
1807,10300,10301,4.0,0.0,32.36
1808,10302,10303,4.0,0.0,40.29
1809,10308,10309,2.0,0.0,23.37
1810,10348,10349,43.179,2057.263,57.96
1811,10360,10361,6.0,0.0,75.87
1812,10362,10363,3.0,0.0,36.03
1813,10364,10365,6.0,0.0,79.61
1814,10366,10367,5.0,0.0,60.84
1815,10368,10369,10.0,0.0,139.07
1816,10372,10373,3.0,0.0,24.87
1817,10374,10375,5.0,0.0,45.83
1818,10376,10377,2.0,0.0,12.09
1819,10390,10391,6.0,0.0,48.09
1820,10416,10417,13.0,0.0,69.25
1821,10422,10423,6.0,0.0,41.37
1822,10428,10429,16.333,389.333,21.4
1823,10432,10433,4.0,0.0,25.07
1824,10434,10435,3.5,0.5,26.19
1825,10436,10437,3.0,0.0,17.46
1826,10464,10465,2.0,0.0,12.83
1827,10482,10483,68.0,0.0,358.62
1828,10484,10485,86.0,0.0,400.25
1829,10486,10487,121.5,0.5,560.56
1830,10490,10491,55.0,0.0,263.66
1831,10492,10493,6.0,0.0,35.17
1832,10494,10495,4.0,0.0,20.37
1833,10498,10499,2.0,0.0,6.29
1834,10516,10517,21.5,4.5,49.67
1835,10522,10523,24.0,0.0,50.53
1836,10524,10525,26.0,0.0,60.89
1837,10534,10535,3.0,0.0,17.72
1838,10548,10549,17.167,2.167,203.66
1839,10550,10551,4.6,0.3,57.04
1840,10552,10553,18.5,3.0,214.59
1841,10586,10587,3.0,0.0,15.33
1842,10596,10597,46.182,1940.764,36.96
1843,10600,10601,15.87,2618.846,10.49
1844,10602,10603,108.72,39241.71,55.69
1845,10604,10605,127.583,57311.819,72.35
1846,10610,10611,3.0,0.0,26.03
1847,10612,10613,9.5,84.5,14.97
1848,10632,10633,4.0,0.0,21.86
1849,10658,10659,6.0,0.0,36.76
1850,10680,10681,6.0,0.0,44.25
1851,10714,10715,7.0,0.0,26.79
1852,10748,10749,8.0,0.0,29.52
1853,10754,10755,16.0,0.0,54.2
1854,10762,10763,44.333,1461.095,75.81
1855,10764,10765,52.143,1739.67,104.12
1856,10782,10783,14.0,0.0,114.19
1857,10796,10797,16.0,2.0,105.25
1858,10802,10803,224.625,157867.411,163.43
1859,10804,10805,473.533,95844.552,232.54
1860,10814,10815,15.0,0.0,79.39
1861,10822,10823,8.45,0.997,96.85
1862,10824,10825,7.522,12.897,75.6
1863,10826,10827,1.522,0.261,19.39
1864,10828,10829,3.5,0.5,40.15
1865,10838,10839,6.0,0.0,34.41
1866,10842,10843,6.0,0.0,26.2
1867,10874,10875,1.238,0.19,15.92
1868,10876,10877,2.88,1.193,31.23
1869,10878,10879,2.538,0.578,29.31
1870,10894,10895,3.0,0.0,13.6
1871,10896,10897,10.0,0.0,38.89
1872,10898,10899,3.0,0.0,13.92
1873,10902,10903,16.0,0.0,67.68
1874,10932,10933,1.833,0.167,8.96
1875,10934,10935,12.0,128.0,1.94
1876,10956,10957,7.0,0.0,40.29
1877,10962,10963,25.0,0.0,44.36
1878,10970,10971,78.0,0.0,147.37
1879,10972,10973,5.0,0.0,13.72
1880,10978,10979,1.333,0.333,7.54
1881,10980,10981,6.5,4.5,47.46
1882,10994,10995,4.0,0.0,24.06
1883,10996,10997,2.8,0.178,39.76
1884,10998,10999,3.3,0.456,42.9
1885,11000,11001,6.125,0.696,77.2
1886,11002,11003,2.333,0.267,28.78
1887,11006,11007,3.167,0.567,45.07
1888,11010,11011,3.0,0.0,40.49
1889,11012,11013,6.5,0.333,86.06
1890,11014,11015,13.0,0.0,104.83
1891,11016,11017,4.0,0.0,32.5
1892,11018,11019,6.0,0.0,43.29
1893,11020,11021,14.345,699.663,15.16
1894,11022,11023,4.611,21.193,29.14
1895,11024,11025,3.5,0.3,42.47
1896,11026,11027,2.167,0.167,27.82
1897,11030,11031,40.0,0.0,24.6
1898,11046,11047,4.0,0.0,21.98
1899,11054,11055,6.0,0.0,31.34
1900,11082,11083,60.0,6272.0,25.89
1901,11084,11085,93.0,0.0,21.6
1902,11102,11103,18.5,40.5,63.92
1903,11104,11105,15.0,0.0,67.94
1904,11108,11109,3.0,0.0,14.22
1905,11110,11111,9.0,0.0,61.75
1906,11120,11121,12.0,19.0,67.05
1907,11122,11123,20.333,0.333,152.16
1908,11124,11125,3.5,0.5,19.29
1909,11126,11127,2.4,0.267,18.62
1910,11132,11133,1.5,0.5,9.33
1911,11134,11135,27.5,459.0,53.48
1912,11136,11137,7.0,0.0,55.13
1913,11140,11141,14.438,1709.862,23.69
1914,11142,11143,1.071,0.071,7.73
1915,11144,11145,14.529,1815.515,23.12
1916,11146,11147,22.632,1663.023,89.98
1917,11148,11149,13.158,1088.14,40.77
1918,11150,11151,13.0,0.0,100.08
1919,11152,11153,21.0,0.0,154.25
1920,11154,11155,12.0,0.0,90.0
1921,11184,11185,4.0,0.0,21.98
1922,11188,11189,2.0,0.0,11.64
1923,11206,11207,2.0,0.0,7.31
1924,11228,11229,8.0,0.0,51.71
1925,11230,11231,196.333,11759.152,111.54
1926,11232,11233,35.455,1795.873,26.94
1927,11234,11235,118.182,12281.364,101.94
1928,11236,11237,109.7,8009.789,53.48
1929,11238,11239,19.9,855.656,19.71
1930,11240,11241,10.25,114.25,3.9
1931,11246,11247,11.0,0.0,85.98
1932,11254,11255,1.5,0.5,7.38
1933,11262,11263,9.75,78.917,32.92
1934,11264,11265,107.4,9104.3,57.12
1935,11266,11267,192.118,142198.531,84.15
1936,11268,11269,5.167,0.167,66.9
1937,11270,11271,14.8,3.7,184.03
1938,11272,11273,8.0,0.0,63.11
1939,11274,11275,8.0,0.0,57.84
1940,11306,11307,11.0,0.667,88.99
1941,11308,11309,6.5,0.5,54.99
1942,11310,11311,5.0,0.0,38.85
1943,11312,11313,12.0,0.0,101.6
1944,11314,11315,4.0,0.0,33.49
1945,11316,11317,10.0,0.0,82.76
1946,11320,11321,5.0,0.0,49.42
1947,11322,11323,2.0,0.0,17.55
1948,11324,11325,3.0,0.0,18.45
1949,11328,11329,24.0,0.0,100.12
1950,11336,11337,16.25,2.917,33.75
1951,11338,11339,20.0,2.0,41.45
1952,11340,11341,47.0,0.0,93.0
1953,11342,11343,5.75,5.583,53.66
1954,11344,11345,2.5,0.333,28.12
1955,11346,11347,16.0,2.0,262.68
1956,11348,11349,75.0,883.0,266.99
1957,11360,11361,20.333,8.333,148.89
1958,11364,11365,13.0,0.0,105.93
1959,11368,11369,8.0,2.0,44.02
1960,11370,11371,2.0,0.0,15.53
1961,11376,11377,7.0,0.0,57.66
1962,11378,11379,13.0,0.0,97.94
1963,11388,11389,14.0,0.0,148.19
1964,11392,11393,12.0,0.0,129.31
1965,11402,11403,6.0,0.0,29.23
1966,11404,11405,2.0,0.0,11.31
1967,11406,11407,12.1,2.767,86.81
1968,11408,11409,6.028,0.542,117.83
1969,11410,11411,1.105,0.099,16.63
1970,11412,11413,12.15,1.082,227.3
1971,11414,11415,5.7,0.432,82.0
1972,11420,11421,2.429,0.264,30.35
1973,11422,11423,13.429,1.033,170.38
1974,11430,11431,3.0,0.0,14.93
1975,11434,11435,5.0,0.0,27.05
1976,11456,11457,21.333,11.067,149.81
1977,11458,11459,10.25,4.25,73.51
1978,11460,11461,6.857,33.81,2.54
1979,11462,11463,4.0,0.667,52.05
1980,11464,11465,8.0,1.333,99.97
1981,11466,11467,3.0,0.0,24.61
1982,11468,11469,14.0,0.0,111.33
1983,11470,11471,10.0,0.0,82.63
1984,11478,11479,2.0,1.0,9.24
1985,11490,11491,11.0,733.143,8.08
1986,11492,11493,7.5,408.278,11.01
1987,11494,11495,1.636,0.255,20.54
1988,11496,11497,49.684,1447.006,129.96
1989,11500,11501,1.5,1.0,9.71
1990,11502,11503,2.2,0.2,17.74
1991,11504,11505,40.931,10737.638,30.83
1992,11546,11547,3.333,0.333,17.25
1993,11560,11561,1.75,0.25,11.08
1994,11564,11565,11.5,1.667,53.99
1995,11566,11567,50.0,3.0,244.65
1996,11568,11569,3.333,0.333,16.41
1997,11570,11571,13.667,0.333,68.29
1998,11572,11573,3.0,0.0,17.63
1999,11576,11577,12.0,0.0,94.41
2000,11578,11579,14.0,0.0,107.17
2001,11594,11595,22.941,2254.434,45.31
2002,11596,11597,26.0,7722.25,57.81
2003,11600,11601,6.625,0.783,78.41
2004,11602,11603,11.667,1.667,137.46
2005,11604,11605,8.5,0.8,101.04
2006,11606,11607,2.562,0.262,32.06
2007,11608,11609,25.529,3469.265,57.61
2008,11610,11611,2.235,0.191,27.24
2009,11612,11613,2.75,0.2,35.61
2010,11614,11615,1.062,0.063,13.75
2011,11616,11617,6.0,3.867,66.05
2012,11618,11619,1.688,0.229,22.8
2013,11620,11621,5.625,0.268,66.57
2014,11622,11623,8.875,1.554,107.93
2015,11624,11625,4.875,0.125,54.7
2016,11626,11627,3.75,0.214,42.53
2017,11628,11629,3.25,0.214,38.42
2018,11630,11631,1.75,0.214,23.0
2019,11636,11637,1.375,0.268,18.73
2020,11638,11639,2.0,0.286,23.87
2021,11640,11641,7.143,0.81,85.13
2022,11642,11643,12.375,1.982,146.76
2023,11644,11645,37.267,2661.067,89.51
2024,11646,11647,5.071,132.071,24.78
2025,11648,11649,4.714,48.989,32.67
2026,11650,11651,11.417,122.447,40.98
2027,11652,11653,6.833,0.515,92.3
2028,11656,11657,146.0,0.0,721.33
2029,11658,11659,3.556,0.278,41.76
2030,11662,11663,36.692,1838.942,42.09
2031,11664,11665,30.0,1400.16,157.13
2032,11666,11667,19.84,4.223,312.16
2033,11676,11677,3.0,0.0,22.94
2034,11686,11687,1.4,0.3,15.49
2035,11688,11689,14.714,383.238,79.36
2036,11706,11707,2.0,0.0,8.7
2037,11716,11717,3.0,0.0,26.31
2038,11732,11733,14.0,0.0,38.74
2039,11742,11743,55.0,0.0,138.8
2040,11750,11751,6.333,0.333,86.12
2041,11752,11753,6.0,0.667,63.85
2042,11756,11757,5.5,8.0,51.71
2043,11788,11789,77.0,0.0,333.54
2044,11790,11791,3.417,0.341,44.94
2045,11792,11793,4.75,0.283,61.32
2046,11822,11823,12.667,31.471,101.05
2047,11824,11825,2.233,0.185,26.68
2048,11826,11827,10.867,4.189,136.87
2049,11828,11829,34.0,7.0,173.99
2050,11830,11831,13.0,0.0,75.97
2051,11850,11851,4.0,12.0,11.34
2052,11854,11855,83.167,38194.967,12.73
2053,11856,11857,2.524,0.262,36.38
2054,11894,11895,57.4,14933.8,17.93
2055,11896,11897,154.2,109837.7,43.87
2056,11898,11899,2.0,0.5,22.27
2057,11912,11913,27.0,3277.308,26.99
2058,11914,11915,2.296,3.14,14.21
2059,11924,11925,3.0,0.0,17.75
2060,11938,11939,6.0,0.0,46.87
2061,11960,11961,12.0,0.0,89.88
2062,11964,11965,6.0,0.0,41.32
2063,11980,11981,1.707,0.212,34.21
2064,11982,11983,3.927,0.32,84.08
2065,11984,11985,2.829,0.145,53.69
2066,11986,11987,18.5,144.5,50.26
2067,11988,11989,6.167,1.242,75.14
2068,11990,11991,7.0,1.333,79.43
2069,11992,11993,25.538,299.269,88.51
2070,11994,11995,2.308,0.231,29.45
2071,11996,11997,5.25,0.568,68.02
2072,11998,11999,2.222,0.194,30.28
2073,12002,12003,1.909,0.091,21.45
2074,12004,12005,5.778,1.444,71.39
2075,12006,12007,7.556,16.028,60.67
2076,12008,12009,1.909,0.291,22.4
2077,12010,12011,3.545,0.473,46.71
2078,12012,12013,13.778,1119.694,30.32
2079,12014,12015,2.083,0.265,27.71
2080,12016,12017,1.5,0.273,14.72
2081,12018,12019,6.545,0.473,89.17
2082,12020,12021,1.364,0.255,16.92
2083,12022,12023,2.091,0.291,25.16
2084,12024,12025,4.667,0.25,61.97
2085,12026,12027,10.167,1.367,130.83
2086,12028,12029,5.308,0.782,68.28
2087,12030,12031,1.654,0.235,22.26
2088,12032,12033,1.87,0.209,21.26
2089,12034,12035,6.391,9.249,67.37
2090,12036,12037,4.806,4.961,51.43
2091,12038,12039,2.094,0.088,20.9
2092,12040,12041,13.0,0.0,94.81
2093,12044,12045,4.048,0.948,45.23
2094,12046,12047,3.0,1.7,33.91
2095,12050,12051,4.19,0.362,49.09
2096,12052,12053,7.045,0.712,84.59
2097,12054,12055,19.25,210.917,21.49
2098,12072,12073,2.0,0.0,8.56
2099,12080,12081,5.2,59.7,7.82
2100,12082,12083,2.0,0.0,8.48
2101,12100,12101,12.0,32.0,38.66
2102,12110,12111,17.842,369.918,89.74
2103,12112,12113,1.444,0.261,15.82
2104,12114,12115,8.643,0.709,64.02
2105,12116,12117,12.643,1.17,93.13
2106,12118,12119,4.214,0.335,32.29
2107,12120,12121,8.333,0.267,103.35
2108,12122,12123,48.0,23605.0,21.3
2109,12124,12125,11.333,294.81,23.33
2110,12126,12127,12.857,135.363,56.34
2111,12128,12129,19.273,1997.018,39.61
2112,12130,12131,11.846,255.308,25.16
2113,12132,12133,13.333,456.333,1.73
2114,12134,12135,103.077,25992.744,94.2
2115,12138,12139,12.857,11.824,148.33
2116,12140,12141,19.524,1388.662,21.0
2117,12142,12143,20.286,384.214,46.76
2118,12162,12163,2.0,0.0,20.16
2119,12164,12165,2.0,0.0,19.82
2120,12170,12171,7.6,0.3,89.83
2121,12172,12173,16.6,3.8,199.05
2122,12174,12175,6.0,0.5,72.59
2123,12178,12179,3.0,0.0,36.27
2124,12180,12181,2.0,0.0,20.6
2125,12182,12183,4.0,0.0,37.31
2126,12184,12185,2.0,0.0,23.82
2127,12186,12187,7.4,0.3,91.65
2128,12188,12189,3.0,0.0,37.58
2129,12190,12191,4.0,0.0,58.75
2130,12198,12199,3.0,0.0,32.14
2131,12200,12201,2.0,0.0,17.06
2132,12202,12203,4.0,0.0,32.91
2133,12204,12205,2.0,0.0,14.78
2134,12208,12209,10.0,0.0,82.1
2135,12210,12211,15.333,0.333,125.77
2136,12212,12213,4.0,0.0,32.54
2137,12214,12215,9.0,0.0,75.99
2138,12216,12217,2.0,0.0,17.28
2139,12218,12219,4.5,0.5,35.91
2140,12220,12221,2.0,0.0,12.53
2141,12236,12237,18.375,781.201,41.09
2142,12242,12243,1.714,0.314,29.43
2143,12244,12245,9.619,2.348,225.84
2144,12246,12247,17.6,3.832,215.11
2145,12248,12249,2.0,0.0,16.98
2146,12256,12257,6.2,0.7,48.34
2147,12258,12259,14.8,1.7,110.59
2148,12260,12261,14.4,2.3,108.07
2149,12262,12263,8.6,1.8,66.01
2150,12270,12271,3.0,0.0,26.39
2151,12276,12277,3.0,0.0,24.53
2152,12278,12279,14.0,0.0,118.85
2153,12280,12281,7.25,0.25,55.27
2154,12282,12283,4.75,0.25,38.61
2155,12292,12293,189.0,10952.0,18.78
2156,12294,12295,28.0,0.0,44.09
2157,12296,12297,6.0,0.5,27.99
2158,12298,12299,5.6,0.3,26.37
2159,12300,12301,1.857,0.143,11.36
2160,12304,12305,4.2,15.2,16.06
2161,12306,12307,38.667,3924.333,10.74
2162,12308,12309,51.0,6769.0,15.33
2163,12316,12317,3.0,0.0,17.79
2164,12320,12321,12.0,0.0,91.8
2165,12322,12323,4.0,0.0,35.48
2166,12324,12325,12.0,0.0,92.75
2167,12326,12327,156.0,0.0,92.27
2168,12328,12329,52.0,0.0,45.05
2169,12330,12331,11.0,0.0,9.65
2170,12346,12347,3.333,0.333,26.75
2171,12348,12349,4.5,12.5,50.98
2172,12350,12351,11.0,0.0,82.4
2173,12352,12353,2.0,0.0,19.06
2174,12366,12367,4.0,0.0,20.4
2175,12370,12371,2.0,0.0,14.21
2176,12372,12373,4.0,2.0,26.67
2177,12374,12375,6.0,0.0,45.07
2178,12382,12383,10.0,2.0,76.37
2179,12390,12391,91.353,15013.993,36.89
2180,12392,12393,178.929,106984.687,34.73
2181,12394,12395,111.625,52109.317,65.37
2182,12396,12397,220.316,68993.228,42.14
2183,12400,12401,5.333,0.333,41.94
2184,12402,12403,6.333,0.333,49.96
2185,12404,12405,2.0,0.0,16.52
2186,12406,12407,3.0,0.0,22.1
2187,12408,12409,1.667,0.333,13.59
2188,12412,12413,4.0,0.5,28.77
2189,12420,12421,68.0,0.0,113.66
2190,12424,12425,15.0,0.0,39.92
2191,12446,12447,2.5,0.455,31.41
2192,12448,12449,3.417,0.265,45.36
2193,12450,12451,2.583,0.265,33.46
2194,12452,12453,11.0,1.636,141.1
2195,12454,12455,6.5,0.273,83.44
2196,12456,12457,4.417,0.265,57.16
2197,12458,12459,7.0,0.0,46.0
2198,12476,12477,4.0,0.0,21.84
2199,12478,12479,4.0,0.0,19.06
2200,12504,12505,113.5,23112.5,517.01
2201,12508,12509,19.667,6.333,36.8
2202,12510,12511,31.667,32.333,63.2
2203,12512,12513,10.667,4.333,19.71
2204,12516,12517,68.0,0.0,207.25
2205,12520,12521,11.0,0.0,54.25
2206,12524,12525,4.0,0.0,20.71
2207,12526,12527,12.0,0.0,100.7
2208,12528,12529,41.0,0.0,108.21
2209,12530,12531,7.0,0.0,48.49
2210,12532,12533,9.0,0.0,62.89
2211,12534,12535,42.0,0.0,188.85
2212,12538,12539,8.6,236.3,1.38
2213,12544,12545,28.0,2.0,149.86
2214,12546,12547,11.0,0.0,57.85
2215,12556,12557,3.0,0.0,24.62
2216,12558,12559,12.0,0.0,84.21
2217,12576,12577,4.0,0.0,52.18
2218,12592,12593,14.852,1213.823,22.83
2219,12594,12595,29.462,6019.858,10.27
2220,12596,12597,84.571,31743.587,54.85
2221,12598,12599,18.571,3492.698,19.86
2222,12600,12601,37.207,11210.741,36.77
2223,12602,12603,26.552,8704.899,19.19
2224,12604,12605,25.591,7257.682,95.43
2225,12606,12607,8.19,0.862,103.85
2226,12608,12609,2.143,0.129,25.91
2227,12610,12611,4.143,33.029,23.19
2228,12612,12613,3.75,0.917,26.65
2229,12616,12617,2.25,0.25,19.65
2230,12620,12621,8.5,2.7,59.58
2231,12622,12623,82.643,21682.247,44.13
2232,12624,12625,137.077,21506.244,120.12
2233,12626,12627,15.615,1080.59,17.75
2234,12636,12637,50.364,5374.909,109.36
2235,12642,12643,7.5,0.5,38.4
2236,12650,12651,9.0,0.0,43.02
2237,12652,12653,9.0,0.0,49.39
2238,12664,12665,8.0,0.0,4.59
2239,12692,12693,10.0,0.0,43.41
2240,12702,12703,6.571,47.286,16.61
2241,12708,12709,8.0,0.0,37.82
2242,12714,12715,8.0,0.0,34.25
2243,12716,12717,25.0,118.0,2.66
2244,12728,12729,7.0,0.0,39.38
2245,12736,12737,12.0,0.0,0.96
2246,12740,12741,1.5,0.5,3.44
2247,12742,12743,8.0,0.0,32.66
2248,12752,12753,13.0,0.0,26.06
2249,12754,12755,1.556,0.778,10.02
2250,12756,12757,45.923,6807.244,22.61
2251,12758,12759,18.643,3694.534,18.42
2252,12760,12761,29.429,8458.847,49.55
2253,12762,12763,1.5,0.5,9.05
2254,12766,12767,2.0,0.0,11.12
2255,12770,12771,1.211,0.175,9.82
2256,12772,12773,7.333,0.941,90.33
2257,12776,12777,2.059,0.309,25.89
2258,12780,12781,3.864,0.219,47.36
2259,12782,12783,2.682,0.227,28.17
2260,12806,12807,4.0,0.0,23.28
2261,12842,12843,1.5,0.5,2.45
2262,12852,12853,6.5,94.333,4.74
2263,12890,12891,56.0,648.0,53.71
2264,12902,12903,5.0,0.0,30.13
2265,12916,12917,614.0,0.0,185.52
2266,12964,12965,3.0,0.0,11.98
2267,12974,12975,5.0,0.0,28.56
2268,12994,12995,2.0,0.0,5.34
2269,13004,13005,4.0,0.0,16.4
2270,13032,13033,17.0,0.0,73.15
2271,13040,13041,13.0,0.0,59.1
2272,13054,13055,203.0,0.0,156.51
2273,13064,13065,16.0,0.0,94.59
2274,13074,13075,9.0,0.0,41.76
2275,13100,13101,2.0,0.0,7.49
2276,13128,13129,2.5,4.5,4.85
2277,13140,13141,4.0,0.0,23.6
2278,13146,13147,28.0,0.0,113.8
2279,13152,13153,2.714,37.604,6.9
2280,13154,13155,9.133,32.981,52.61
2281,13156,13157,7.933,1.352,61.79
2282,13170,13171,2.0,0.0,28.04
2283,13172,13173,4.667,0.267,58.2
2284,13174,13175,5.0,0.5,60.39
2285,13176,13177,1.2,0.2,21.0
2286,13180,13181,3.667,0.267,46.27
2287,13186,13187,25.0,0.0,160.93
2288,13300,13301,5.167,0.967,54.78
2289,13302,13303,4.5,0.3,65.29
2290,13304,13305,9.167,1.367,138.46
2291,13306,13307,2.167,0.167,32.25
2292,13308,13309,7.5,0.7,117.35
2293,13310,13311,9.905,1.39,251.82
2294,13312,13313,9.762,4.59,219.66
2295,13316,13317,77.0,0.0,391.04
2296,13318,13319,34.0,2.0,168.0
2297,13320,13321,3.0,0.0,17.68
2298,13324,13325,10.0,0.0,44.79
2299,13330,13331,6.0,0.0,26.73
2300,13336,13337,5.0,0.0,24.49
2301,13338,13339,22.0,0.0,192.82
2302,13340,13341,6.0,0.0,46.51
2303,13346,13347,21.5,0.5,144.48
2304,13356,13357,33.5,0.5,268.58
2305,13358,13359,6.0,2.0,50.57
2306,13360,13361,6.0,0.0,48.18
2307,13368,13369,8.0,0.0,113.25
2308,13370,13371,4.0,0.0,57.46
2309,13372,13373,8.0,2.0,112.28
2310,13374,13375,3.0,0.0,36.73
2311,13388,13389,2.0,0.0,16.34
2312,13390,13391,2.0,0.0,15.31
2313,13394,13395,3.5,0.5,49.34
2314,13396,13397,5.5,0.5,60.87
2315,13400,13401,3.0,0.0,46.05
2316,13402,13403,2.0,0.0,26.16
2317,13408,13409,3.0,0.0,17.13
2318,13422,13423,13.0,0.0,80.69
2319,13424,13425,12.75,31.583,69.53
2320,13426,13427,2.25,0.25,27.77
2321,13444,13445,9.667,1.333,111.56
2322,13446,13447,18.5,0.5,235.32
2323,13448,13449,10.0,2.0,107.93
2324,13452,13453,131.667,22.333,594.26
2325,13460,13461,72.5,1104.5,438.49
2326,13462,13463,4.5,0.5,18.42
2327,13464,13465,44.0,0.0,195.49
2328,13468,13469,1.5,0.333,19.19
2329,13470,13471,6.25,0.917,75.2
2330,13494,13495,14.0,0.0,95.71
2331,13496,13497,4.0,0.0,33.64
2332,13502,13503,3.0,0.0,17.2
2333,13504,13505,15.0,0.0,126.45
2334,13530,13531,12.0,0.0,87.65
2335,13532,13533,2.0,0.0,17.65
2336,13538,13539,5.0,0.0,29.4
2337,13540,13541,9.231,0.814,139.23
2338,13544,13545,7.0,0.0,51.18
2339,13578,13579,2.75,0.417,17.42
2340,13580,13581,3.464,0.406,40.25
2341,13596,13597,16.0,0.0,79.05
2342,13600,13601,3.0,0.0,30.79
2343,13602,13603,35.0,0.0,85.67
2344,13610,13611,21.842,2757.363,33.53
2345,13612,13613,93.286,9258.914,123.75
2346,13616,13617,4.0,0.0,16.69
2347,13638,13639,5.0,0.0,25.2
2348,13640,13641,5.25,0.25,34.03
2349,13642,13643,11.75,2.917,81.18
2350,13644,13645,8.4,1.3,60.94
2351,13654,13655,8.0,0.0,69.32
2352,13656,13657,3.5,12.5,59.02
2353,13658,13659,8.0,2.0,58.51
2354,13660,13661,10.0,0.0,85.32
2355,13666,13667,6.0,0.0,41.16
2356,13668,13669,3.0,0.0,21.73
2357,13726,13727,43.5,2380.5,97.51
2358,13732,13733,7.0,0.0,31.21
2359,13734,13735,13.0,0.0,63.96
2360,13752,13753,10.0,0.0,73.86
2361,13754,13755,2.0,0.0,11.87
2362,13762,13763,6.5,0.5,42.01
2363,13764,13765,4.0,2.0,26.94
2364,13766,13767,10.0,0.0,42.27
2365,13786,13787,8.0,0.0,49.15
2366,13812,13813,8.0,1.0,50.07
2367,13814,13815,8.0,0.0,64.32
2368,13828,13829,4.0,0.0,31.64
2369,13830,13831,6.0,0.0,42.66
2370,13834,13835,3.0,0.0,20.88
2371,13836,13837,5.0,0.0,35.21
2372,13838,13839,8.0,0.0,59.4
2373,13858,13859,10.333,162.333,19.22
2374,13860,13861,8.0,0.0,56.18
2375,13870,13871,4.0,0.0,30.25
2376,13872,13873,2.0,0.0,14.96
2377,13902,13903,7.0,0.0,70.79
2378,13904,13905,25.0,0.0,188.61
2379,13906,13907,6.75,100.786,17.83
2380,13908,13909,2.571,17.286,9.34
2381,13910,13911,95.846,34800.141,85.82
2382,13912,13913,118.385,78027.423,38.0
2383,13914,13915,38.071,14754.533,12.42
2384,13916,13917,10.923,608.077,28.32
2385,13924,13925,14.0,0.0,154.43
2386,13946,13947,2.0,0.0,10.88
2387,13948,13949,3.0,0.0,28.39
2388,13950,13951,2.0,0.0,15.8
2389,13952,13953,6.0,0.0,46.03
2390,14008,14009,9.0,0.0,52.27
2391,14020,14021,4.0,0.0,15.98
2392,14024,14025,7.5,0.5,35.72
2393,14026,14027,6.0,0.0,63.63
2394,14028,14029,3.0,0.0,34.05
2395,14030,14031,7.286,69.114,38.65
2396,14032,14033,4.333,0.333,51.5
2397,14034,14035,5.0,1.0,61.95
2398,14060,14061,6.0,0.0,45.2
2399,14062,14063,3.0,0.0,23.22
2400,14064,14065,6.0,0.0,49.65
2401,14066,14067,7.769,1.526,59.48
2402,14068,14069,4.25,0.386,31.7
2403,14072,14073,12.0,4.0,88.77
2404,14076,14077,5.0,1.333,35.83
2405,14078,14079,11.571,20.619,93.01
2406,14080,14081,4.0,0.667,30.88
2407,14082,14083,15.429,7.952,113.72
2408,14084,14085,4.333,0.667,28.81
2409,14106,14107,16.0,288.0,57.04
2410,14108,14109,2.5,0.5,34.76
2411,14110,14111,12.0,8.0,163.68
2412,14112,14113,2.0,0.0,25.24
2413,14118,14119,21.571,1943.341,13.4
2414,14120,14121,3.333,0.267,42.16
2415,14122,14123,32.5,1027.9,43.47
2416,14124,14125,39.833,3515.606,40.38
2417,14126,14127,21.818,1884.564,21.32
2418,14128,14129,16.909,934.091,54.73
2419,14130,14131,7.833,20.333,74.22
2420,14132,14133,959.0,934212.0,151.88
2421,14134,14135,126.333,10150.333,60.65
2422,14138,14139,6.0,0.0,40.87
2423,14140,14141,3.0,0.0,25.11
2424,14142,14143,4.0,0.0,26.29
2425,14144,14145,56.296,9146.832,27.98
2426,14150,14151,6.0,0.4,54.66
2427,14154,14155,7.0,0.0,55.35
2428,14156,14157,36.0,0.0,205.76
2429,14158,14159,3.444,51.397,24.65
2430,14160,14161,16.111,2557.359,33.87
2431,14162,14163,18.703,3587.048,53.54
2432,14166,14167,5.0,18.0,15.44
2433,14176,14177,3.083,0.265,39.73
2434,14178,14179,6.857,0.476,87.08
2435,14180,14181,9.429,1.619,116.22
2436,14182,14183,5.625,0.268,71.41
2437,14184,14185,4.0,0.0,36.49
2438,14188,14189,6.0,0.0,48.06
2439,14190,14191,11.0,0.0,72.77
2440,14192,14193,8.0,0.0,53.17
2441,14212,14213,6.0,0.0,79.85
2442,14216,14217,13.625,53.982,87.61
2443,14218,14219,3.167,0.333,24.01
2444,14220,14221,3.0,0.0,16.62
2445,14226,14227,17.0,0.0,131.5
2446,14252,14253,2.0,0.0,11.81
2447,14254,14255,16.417,2.775,204.9
2448,14256,14257,4.444,0.41,50.38
2449,14258,14259,12.0,1.154,134.94
2450,14260,14261,1.241,0.19,14.52
2451,14262,14263,2.0,0.552,21.77
2452,14264,14265,3.833,0.167,25.07
2453,14266,14267,4.0,0.0,18.16
2454,14272,14273,17.0,5.077,323.52
2455,14274,14275,4.857,0.44,98.88
2456,14276,14277,1.643,0.247,26.72
2457,14282,14283,3.0,0.0,15.21
2458,14292,14293,12.0,0.0,152.62
2459,14294,14295,4.0,0.0,27.28
2460,14296,14297,7.0,0.0,51.13
2461,14298,14299,4.0,0.0,27.33
2462,14302,14303,27.0,1398.0,24.63
2463,14304,14305,21.75,104.917,59.25
2464,14306,14307,1.75,0.25,15.68
2465,14310,14311,8.5,1.667,68.92
2466,14312,14313,2.25,0.25,17.75
2467,14314,14315,34.0,0.0,3.18
2468,14316,14317,9.0,91.0,16.18
2469,14320,14321,18.5,4.5,141.53
2470,14324,14325,8.0,0.0,93.95
2471,14332,14333,3.0,0.0,22.24
2472,14334,14335,3.5,0.5,46.74
2473,14350,14351,8.0,8.0,53.83
2474,14364,14365,4.0,0.0,9.16
2475,14366,14367,16.0,0.0,41.86
2476,14368,14369,27.0,8.0,53.46
2477,14400,14401,7.0,0.0,83.73
2478,14404,14405,4.667,0.242,70.06
2479,14406,14407,2.0,0.0,12.78
2480,14432,14433,27.6,3088.3,28.77
2481,14438,14439,24.6,5.3,305.31
2482,14440,14441,2.4,0.3,33.54
2483,14442,14443,5.8,0.7,77.08
2484,14458,14459,4.0,0.0,22.39
2485,14466,14467,91.0,0.0,502.82
2486,14468,14469,43.0,14.667,319.64
2487,14470,14471,20.5,3.667,158.08
2488,14476,14477,4.429,0.418,56.47
2489,14484,14485,9.8,0.178,126.99
2490,14486,14487,4.7,0.233,35.48
2491,14488,14489,1.429,0.264,18.89
2492,14490,14491,1.286,0.22,14.11
2493,14492,14493,6.5,0.269,70.23
2494,14510,14511,4.0,0.0,36.26
2495,14512,14513,5.0,0.0,40.63
2496,14514,14515,2.0,0.0,14.91
2497,14520,14521,6.0,0.0,40.9
2498,14532,14533,4.0,0.0,26.28
2499,14534,14535,16.0,12.0,106.67
2500,14550,14551,3.444,0.278,26.43
2501,14552,14553,9.583,9.72,58.4
2502,14564,14565,7.0,0.0,57.05
2503,14566,14567,6.0,0.0,60.14
2504,14574,14575,2.0,0.0,4.16
2505,14576,14577,22.5,12.5,94.6
2506,14582,14583,28.0,0.0,32.74
2507,14586,14587,5.75,0.5,48.25
2508,14588,14589,3.75,0.214,29.6
2509,14606,14607,1.5,0.5,14.39
2510,14608,14609,2.0,0.0,19.34
2511,14614,14615,14.0,0.0,58.65
2512,14622,14623,10.0,0.0,46.35
2513,14650,14651,12.0,0.0,28.02
2514,14652,14653,12.0,0.0,33.63
2515,14662,14663,2.0,0.0,11.58
2516,14664,14665,2.0,0.0,15.39
2517,14666,14667,2.0,0.0,13.49
2518,14700,14701,20.0,0.0,107.44
2519,14702,14703,11.0,0.0,61.48
2520,14704,14705,3.0,0.0,17.99
2521,14712,14713,18.0,0.0,127.33
2522,14714,14715,16.0,0.0,112.16
2523,14716,14717,10.0,0.0,70.8
2524,14720,14721,11.0,2.0,81.93
2525,14722,14723,2.0,0.0,11.43
2526,14724,14725,5.5,0.5,46.4
2527,14728,14729,1.333,0.333,13.61
2528,14738,14739,22.0,2.0,141.96
2529,14752,14753,3.0,0.0,11.36
2530,14762,14763,5.5,0.5,27.02
2531,14820,14821,12.5,0.5,93.71
2532,14826,14827,20.0,0.0,41.88
2533,14834,14835,3.0,0.0,19.72
2534,14848,14849,168.667,522.333,841.98
2535,14850,14851,139.0,0.0,776.82
2536,14852,14853,13.0,0.0,65.78
2537,14858,14859,75.5,544.5,375.27
2538,14860,14861,107.2,196.2,523.45
2539,14868,14869,99.111,2378.111,30.43
2540,14870,14871,122.444,2752.778,51.93
2541,14872,14873,8.0,113.778,21.51
2542,14874,14875,2.25,0.214,26.07
2543,14876,14877,2.125,0.125,27.49
2544,14878,14879,14.667,560.333,5.15
2545,14880,14881,15.667,22.267,151.35
2546,14882,14883,2.2,0.2,28.82
2547,14886,14887,8.4,0.3,102.37
2548,14888,14889,4.8,0.2,44.07
2549,14890,14891,1.8,0.7,26.45
2550,14898,14899,19.0,0.0,103.0
2551,14900,14901,17.0,32.0,66.63
2552,14904,14905,37.5,1624.5,44.49
2553,14906,14907,10.692,9.231,217.67
2554,14908,14909,5.0,0.667,95.24
2555,14910,14911,2.348,0.237,25.2
2556,14918,14919,7.0,0.0,48.68
2557,14940,14941,14.0,0.0,71.68
2558,14944,14945,1.75,0.25,8.19
2559,14950,14951,209.429,84489.802,421.77
2560,14952,14953,3.333,0.333,40.06
2561,14954,14955,30.6,30.8,449.23
2562,14956,14957,9.6,1.3,151.09
2563,14958,14959,6.8,0.7,114.71
2564,14960,14961,2.5,0.7,33.37
2565,14962,14963,3.333,0.333,41.41
2566,14968,14969,108.0,0.0,561.1
2567,14972,14973,10.4,18.3,60.87
2568,14974,14975,2.2,0.2,18.58
2569,15002,15003,2.0,0.0,8.56
2570,15004,15005,17.0,0.0,71.52
2571,15010,15011,4.0,0.0,27.01
2572,15114,15115,9.0,0.0,42.7
2573,15132,15133,8.0,0.0,36.36
2574,15140,15141,5.0,0.0,28.18
2575,15190,15191,69.333,9.333,306.63
2576,15224,15225,35.872,280.062,227.65
2577,15226,15227,7.053,0.538,102.72
2578,15228,15229,5.821,0.52,88.98
2579,15230,15231,4.842,0.353,68.0
2580,15232,15233,35.739,5256.111,27.22
2581,15234,15235,3.391,2.067,34.56
2582,15240,15241,30.5,21.794,145.74
2583,15254,15255,250.0,0.0,73.08
2584,15256,15257,1.25,0.25,5.31
2585,15314,15315,3.0,0.0,14.27
2586,15320,15321,8.5,0.5,40.57
2587,15358,15359,3.5,0.5,32.92
2588,15364,15365,8.471,0.89,111.27
2589,15370,15371,9.375,0.268,116.31
2590,15376,15377,8.333,2.242,96.58
2591,15378,15379,16.0,2.364,195.33
2592,15418,15419,12.0,0.0,50.87
2593,15456,15457,3.0,0.0,11.87
2594,15486,15487,40.125,1410.383,31.1
2595,15488,15489,11.125,352.517,25.3
2596,15490,15491,4.571,163.648,6.01
2597,15492,15493,18.5,0.5,230.81
2598,15494,15495,8.25,0.386,177.78
2599,15496,15497,9.0,0.0,101.13
2600,15498,15499,8.143,1.143,35.91
2601,15500,15501,58.286,35.905,255.28
2602,15502,15503,28.5,40.5,122.61
2603,15504,15505,29.0,0.0,146.96
2604,15506,15507,87.0,0.0,437.93
2605,15512,15513,12.286,124.527,39.49
2606,15516,15517,50.636,20781.455,15.28
2607,15518,15519,110.417,55046.083,77.65
2608,15522,15523,40.0,0.0,83.51
2609,15524,15525,7.387,0.645,77.43
2610,15526,15527,7.333,0.354,83.98
2611,15538,15539,7.0,0.0,47.55
2612,15574,15575,11.0,0.0,22.75
2613,15582,15583,15.5,102.7,108.38
2614,15584,15585,4.833,0.167,59.4
2615,15586,15587,9.75,0.5,132.21
2616,15588,15589,1.75,0.214,17.09
2617,15590,15591,7.667,5.067,44.23
2618,15592,15593,5.6,0.3,39.49
2619,15594,15595,20.8,4.7,153.66
2620,15596,15597,6.2,0.7,46.41
2621,15598,15599,4.143,0.143,46.98
2622,15600,15601,1.667,0.333,9.69
2623,15632,15633,7.0,0.0,41.14
2624,15684,15685,8.0,0.0,40.47
2625,15704,15705,6.111,0.111,43.84
2626,15706,15707,3.6,0.267,25.79
2627,15710,15711,2.409,0.253,27.4
2628,15712,15713,3.955,1.474,45.06
2629,15718,15719,7.0,0.0,53.52
2630,15720,15721,9.5,0.5,72.6
2631,15722,15723,106.25,10217.583,25.37
2632,15724,15725,38.25,6128.491,37.0
2633,15726,15727,1.214,0.643,3.52
2634,15728,15729,9.696,1721.04,7.07
2635,15730,15731,54.889,14762.103,41.82
2636,15732,15733,170.32,77684.393,119.98
2637,15734,15735,55.75,12013.674,41.95
2638,15736,15737,7.087,123.628,29.96
2639,15738,15739,53.095,17676.59,26.07
2640,15742,15743,9.214,955.878,16.97
2641,15744,15745,36.036,5095.813,61.58
2642,15746,15747,179.6,60816.489,35.63
2643,15748,15749,125.222,9926.694,91.57
2644,15752,15753,116.692,1020.397,74.76
2645,15754,15755,117.923,3362.077,72.97
2646,15764,15765,55.0,0.0,239.42
2647,15786,15787,4.0,0.0,19.62
2648,15790,15791,5.0,0.0,24.84
2649,15792,15793,6.0,0.0,25.41
2650,15800,15801,241.0,0.0,4.42
2651,15858,15859,2.0,0.0,5.46
2652,15860,15861,10.0,0.0,46.39
2653,15868,15869,9.0,0.0,64.42
2654,15880,15881,5.0,0.0,41.3
2655,15894,15895,2.545,0.273,21.95
2656,15896,15897,21.077,17.91,274.81
2657,15898,15899,226.75,49895.929,45.8
2658,15900,15901,103.0,34434.0,19.84
2659,15902,15903,162.375,42317.696,34.9
2660,15904,15905,53.643,28506.46,43.94
2661,15908,15909,3.917,9.356,12.1
2662,15910,15911,5.083,7.356,28.63
2663,15914,15915,5.0,0.0,36.58
2664,15916,15917,4.0,0.4,30.09
2665,15934,15935,1.167,0.167,12.26
2666,15936,15937,3.667,1.333,45.87
2667,15944,15945,7.3,396.9,10.41
2668,15946,15947,26.857,242.929,55.75
2669,15954,15955,2.0,0.0,8.45
2670,15970,15971,1.5,0.5,8.72
2671,15972,15973,6.882,1.11,88.46
2672,15974,15975,5.75,0.917,71.58
2673,15978,15979,11.0,0.0,114.31
2674,15980,15981,2.0,0.0,25.49
2675,15982,15983,4.0,0.0,44.73
2676,15984,15985,33.0,0.0,379.48
2677,15986,15987,3.0,0.0,20.32
2678,15988,15989,47.0,0.0,307.38
2679,16026,16027,5.0,0.0,23.64
2680,16028,16029,37.0,0.0,174.24
2681,16030,16031,66.0,0.0,149.11
2682,16036,16037,38.0,0.0,149.22
2683,16050,16051,3.0,0.0,5.86
2684,16068,16069,2.0,0.0,6.4
2685,16070,16071,2.0,0.0,4.1
2686,16072,16073,40.0,0.0,156.48
2687,16074,16075,20.769,7.692,389.64
2688,16076,16077,22.154,10.141,425.02
2689,16078,16079,7.385,0.756,130.06
2690,16080,16081,11.846,1.808,180.72
2691,16102,16103,5.0,0.0,44.08
2692,16104,16105,25.0,32.0,100.24
2693,16110,16111,9.0,0.0,47.72
2694,16114,16115,3.0,0.0,12.86
2695,16116,16117,9.0,0.0,37.3
2696,16120,16121,20.0,0.0,80.05
2697,16180,16181,22.0,13.0,100.66
2698,16182,16183,30.0,0.0,163.28
2699,16188,16189,5.0,0.0,23.91
2700,16192,16193,2.0,0.0,15.31
2701,16194,16195,6.0,0.0,32.48
2702,16204,16205,2.0,0.0,21.04
2703,16206,16207,6.0,0.0,72.09
2704,16208,16209,5.0,0.0,56.66
2705,16212,16213,17.0,8.0,78.43
2706,16214,16215,27.5,24.5,133.8
2707,16216,16217,10.0,0.0,42.59
2708,16218,16219,6.291,8.321,67.09
2709,16226,16227,15.667,1.467,209.79
2710,16228,16229,5.167,0.567,69.74
2711,16234,16235,1.36,0.407,10.44
2712,16240,16241,4.0,0.0,23.47
2713,16242,16243,2.0,0.0,12.48
2714,16244,16245,2.0,0.0,12.89
2715,16254,16255,53.0,0.0,56.46
2716,16256,16257,11.0,0.0,26.12
2717,16274,16275,1.429,0.254,18.59
2718,16280,16281,2.0,0.0,17.05
2719,16300,16301,2.0,0.0,32.82
2720,16304,16305,8.0,0.0,44.03
2721,16314,16315,1.214,0.181,14.74
2722,16332,16333,5.25,0.25,52.84
2723,16334,16335,3.0,0.0,38.94
2724,16336,16337,4.5,0.5,55.19
2725,16338,16339,7.5,0.5,86.46
2726,16344,16345,7.75,0.5,97.22
2727,16346,16347,3.556,0.278,48.84
2728,16348,16349,5.778,0.694,73.59
2729,16350,16351,2.1,0.1,18.54
2730,16368,16369,15.0,0.0,179.65
2731,16378,16379,7.0,0.0,292.08
2732,16380,16381,20.0,0.0,109.12
2733,16384,16385,11.6,0.8,90.77
2734,16394,16395,11.171,24.029,144.89
2735,16396,16397,4.0,0.0,16.02
2736,16398,16399,12.0,0.0,57.51
2737,16418,16419,3.8,5.7,23.1
2738,16422,16423,9.0,0.0,42.89
2739,16480,16481,3.5,0.5,18.23
2740,16494,16495,2.0,0.0,9.72
2741,16500,16501,3.538,0.603,43.37
2742,16510,16511,32.0,184.333,75.72
2743,16512,16513,7.0,0.667,80.24
2744,16514,16515,2.0,0.0,20.73
2745,16516,16517,1.75,0.25,18.22
2746,16518,16519,7.667,0.333,85.61
2747,16520,16521,5.0,0.0,47.28
2748,16522,16523,23.511,842.255,145.02
2749,16524,16525,2.633,16.654,19.96
2750,16544,16545,17.0,2.182,260.19
2751,16560,16561,9.0,15.5,179.12
2752,16566,16567,7.714,1.451,65.64
2753,16568,16569,33.667,5.333,157.95
2754,16584,16585,2.667,0.333,11.21
2755,16586,16587,2.0,0.0,9.98
2756,16590,16591,2.0,0.0,11.21
2757,16592,16593,2.0,0.0,9.98
2758,16616,16617,12.0,0.0,63.88
2759,16624,16625,3.714,0.238,37.72
2760,16626,16627,18.5,12.5,79.84
2761,16632,16633,2.0,0.0,6.84
2762,16654,16655,6.0,0.25,69.78
2763,16658,16659,18.111,2.361,253.03
2764,16660,16661,33.444,12.528,482.97
2765,16670,16671,15.0,0.0,110.66
2766,16672,16673,5.0,0.0,39.78
2767,16678,16679,4.0,0.0,28.02
2768,16680,16681,18.0,0.0,140.71
2769,16682,16683,22.0,0.0,166.63
2770,16686,16687,4.75,0.25,35.27
2771,16688,16689,11.5,1.0,85.46
2772,16690,16691,1.625,0.268,11.76
2773,16692,16693,4.25,0.5,32.09
2774,16694,16695,1.375,0.268,10.02
2775,16696,16697,13.0,2.286,158.93
2776,16698,16699,5.125,0.696,61.05
2777,16700,16701,2.429,0.286,27.95
2778,16702,16703,3.714,0.905,45.13
2779,16704,16705,1.167,0.167,13.67
2780,16706,16707,3.333,0.267,44.58
2781,16730,16731,14.5,12.5,200.08
2782,16732,16733,5.333,1.333,61.82
2783,16734,16735,4.333,1.333,59.51
2784,16738,16739,8.5,0.5,106.74
2785,16746,16747,27.0,254.4,95.66
2786,16752,16753,2.167,0.167,22.72
2787,16776,16777,8.667,0.267,104.75
2788,16778,16779,4.0,0.0,51.66
2789,16808,16809,18.0,75.0,21.56
2790,16814,16815,2.111,0.611,9.54
2791,16818,16819,25.0,0.0,111.66
2792,16820,16821,5.0,0.0,20.69
2793,16842,16843,2.0,0.0,20.58
2794,16844,16845,2.0,0.0,14.04
2795,16866,16867,4.0,0.0,14.55
2796,16900,16901,1.278,0.431,14.08
2797,16904,16905,2.0,0.0,18.04
2798,16914,16915,3.0,0.0,10.35
2799,16926,16927,12.429,42.725,80.26
2800,16944,16945,1.714,0.22,20.62
2801,16952,16953,4.0,0.0,58.29
2802,16956,16957,4.25,0.917,54.7
2803,16958,16959,4.167,0.567,51.59
2804,16960,16961,2.667,0.267,33.88
2805,16962,16963,3.5,0.5,31.35
2806,16972,16973,8.25,173.583,6.71
2807,16986,16987,2.0,0.0,19.52
2808,16988,16989,13.5,1534.944,5.34
2809,16990,16991,64.214,4945.412,18.27
2810,16992,16993,6.0,0.0,43.61
2811,16994,16995,5.0,0.0,33.01
2812,16996,16997,2.0,0.0,14.96
2813,17002,17003,6.0,0.0,78.13
2814,17004,17005,5.0,0.0,56.06
2815,17010,17011,16.0,0.0,124.78
2816,17012,17013,2.0,0.0,17.49
2817,17014,17015,11.5,0.5,90.54
2818,17020,17021,3.0,0.0,29.2
2819,17022,17023,3.0,0.0,33.16
2820,17024,17025,7.0,0.0,79.27
2821,17028,17029,6.5,0.5,81.22
2822,17030,17031,2.667,0.333,28.14
2823,17034,17035,2.667,0.333,36.5
2824,17036,17037,3.4,0.3,29.42
2825,17038,17039,21.182,5167.108,78.59
2826,17040,17041,55.1,23080.516,73.55
2827,17042,17043,19.952,3313.348,100.12
2828,17062,17063,4.0,0.0,29.53
2829,17064,17065,1.75,0.214,19.11
2830,17066,17067,1.286,0.238,16.64
2831,17068,17069,2.571,0.286,25.92
2832,17126,17127,20.194,4.047,530.03
2833,17134,17135,6.361,0.58,96.28
2834,17142,17143,2.0,0.0,5.88
2835,17154,17155,5.0,0.0,62.73
2836,17168,17169,12.0,0.0,57.45
2837,17170,17171,118.0,0.0,26.38
2838,17180,17181,624.0,0.0,21.81
2839,17186,17187,1.667,0.381,12.78
2840,17188,17189,23.188,500.296,16.26
2841,17190,17191,1.4,0.3,13.6
2842,17192,17193,2.0,0.0,24.87
2843,17194,17195,34.0,1922.0,39.24
2844,17196,17197,44.5,2244.5,129.49
2845,17198,17199,4.0,0.0,37.34
2846,17200,17201,1.286,0.212,18.83
2847,17210,17211,5.2,0.7,36.35
2848,17212,17213,4.0,0.667,26.44
2849,17214,17215,11.0,0.0,86.88
2850,17232,17233,17.7,1876.9,40.36
2851,17234,17235,19.143,747.363,35.77
2852,17236,17237,6.417,111.538,23.82
2853,17238,17239,11.154,450.474,38.86
2854,17240,17241,2.231,10.692,17.73
2855,17242,17243,7.0,77.333,55.9
2856,17244,17245,2.0,0.333,22.81
2857,17250,17251,1.143,0.127,13.51
2858,17256,17257,6.444,0.85,45.67
2859,17262,17263,19.0,0.0,98.3
2860,17264,17265,2.762,0.29,42.06
2861,17266,17267,1.895,0.099,22.76
2862,17268,17269,2.1,0.095,31.38
2863,17270,17271,10.45,60.892,78.76
2864,17272,17273,4.944,64.526,13.76
2865,17276,17277,2.0,0.0,11.42
2866,17286,17287,59.333,29451.095,30.77
2867,17288,17289,39.25,9692.6,34.27
2868,17290,17291,9.688,849.962,17.26
2869,17292,17293,263.923,48765.41,75.43
2870,17300,17301,122.0,0.0,558.75
2871,17310,17311,87.0,8808.0,34.46
2872,17312,17313,4.333,0.267,19.54
2873,17316,17317,2.167,0.167,10.96
2874,17318,17319,109.5,26581.667,43.89
2875,17320,17321,20.0,0.0,235.59
2876,17336,17337,4.0,0.0,30.61
2877,17338,17339,23.0,0.0,171.15
2878,17342,17343,2.0,0.0,13.82
2879,17344,17345,15.0,172.0,11.67
2880,17354,17355,12.0,0.0,70.9
2881,17358,17359,7.0,0.0,37.81
2882,17360,17361,10.6,0.489,80.01
2883,17382,17383,4.0,0.0,30.54
2884,17384,17385,3.0,0.0,21.89
2885,17394,17395,11.0,0.0,56.35
2886,17410,17411,8.0,0.0,32.66
2887,17412,17413,18.0,0.0,72.38
2888,17444,17445,35.0,0.0,140.01
2889,17460,17461,11.0,0.0,51.47
2890,17462,17463,4.0,0.0,20.32
2891,17470,17471,8.5,0.5,43.47
2892,17478,17479,9.0,0.0,56.89
2893,17484,17485,8.0,0.0,41.42
2894,17524,17525,4.0,0.0,0.2
2895,17532,17533,8.0,0.0,44.58
2896,17556,17557,6.5,0.5,28.38
2897,17568,17569,4.0,0.0,17.33
2898,17570,17571,9.0,0.0,41.29
2899,17596,17597,4.0,0.0,22.27
2900,17640,17641,7.0,0.0,27.19
2901,17682,17683,11.0,0.0,55.84
2902,17704,17705,9.0,2.0,43.6
2903,17714,17715,39.5,35.0,192.19
2904,17716,17717,20.75,7.583,101.0
2905,17732,17733,4.0,0.0,18.11
2906,17734,17735,5.0,0.0,21.64
2907,17744,17745,244.0,0.0,2.0
2908,17746,17747,121.0,28800.0,4.69
2909,17750,17751,51.0,0.0,7.84
2910,17794,17795,22.0,0.0,114.27
2911,17804,17805,8.0,0.0,32.61
2912,17818,17819,6.5,0.5,33.83
2913,17836,17837,14.0,0.0,67.31
2914,17838,17839,2.0,0.0,8.74
2915,17848,17849,72.0,0.0,9.25
2916,17870,17871,24.476,29.762,465.81
2917,17872,17873,4.095,0.39,81.48
2918,17874,17875,3.762,0.29,62.78
2919,17884,17885,2.756,0.239,57.84
2920,17922,17923,75.0,0.0,345.01
2921,17926,17927,61.0,59.333,283.07
2922,17952,17953,4.0,0.0,23.77
2923,17964,17965,5.0,0.0,12.1
2924,17966,17967,11.0,0.0,15.18
2925,17968,17969,6.0,0.0,12.28
2926,17970,17971,14.5,12.5,61.91
2927,17972,17973,5.0,0.0,14.09
2928,17976,17977,4.0,0.0,7.46
2929,17980,17981,211.0,0.0,111.14
2930,18004,18005,6.0,0.0,29.45
2931,18008,18009,4.867,35.124,32.97
2932,18010,18011,31.133,2499.695,49.1
2933,18012,18013,2.667,25.952,15.54
2934,18014,18015,3.267,0.352,35.12
2935,18016,18017,7.429,0.571,82.55
2936,18018,18019,2.923,0.077,30.35
2937,18020,18021,4.538,0.269,53.05
2938,18026,18027,2.222,0.194,21.78
2939,18032,18033,20.0,96.0,105.49
2940,18034,18035,6.667,96.333,10.51
2941,18036,18037,2.5,0.5,26.71
2942,18038,18039,4.5,0.5,28.33
2943,18040,18041,5.5,0.5,37.96
2944,18042,18043,12.0,0.0,77.74
2945,18044,18045,13.25,81.929,30.72
2946,18046,18047,17.1,622.1,58.51
2947,18048,18049,49.364,4273.055,15.6
2948,18050,18051,73.636,4880.855,65.16
2949,18116,18117,182.0,0.0,41.28
2950,18118,18119,5.0,0.0,22.2
2951,18136,18137,3.0,0.0,12.42
2952,18146,18147,8.0,0.0,37.78
2953,18148,18149,12.5,0.5,94.64
2954,18150,18151,7.0,32.0,21.48
2955,18200,18201,5.0,0.0,23.76
2956,18202,18203,14.0,0.0,73.41
2957,18208,18209,2.0,0.0,8.44
2958,18212,18213,3.0,0.0,12.95
2959,18214,18215,10.0,27.0,21.04
2960,18216,18217,6.0,0.0,27.71
2961,18232,18233,10.0,0.0,56.68
2962,18242,18243,32.0,0.0,165.5
2963,18244,18245,2.0,0.0,8.45
2964,18246,18247,2.0,0.0,9.28
2965,18266,18267,162.667,26701.515,143.38
2966,18268,18269,37.0,4051.778,61.1
2967,18274,18275,16.0,0.0,84.34
2968,18282,18283,141.0,0.0,37.06
2969,18292,18293,22.0,0.0,108.4
2970,18358,18359,12.0,0.0,53.79
2971,18360,18361,22.5,0.5,122.85
2972,18362,18363,21.0,18.0,104.08
2973,18410,18411,71.0,0.0,0.85
2974,18436,18437,5.0,0.0,25.59
2975,18450,18451,2.5,0.333,12.27
2976,18460,18461,9.0,0.0,48.11
2977,18466,18467,4.0,0.0,29.87
2978,18470,18471,10.333,0.333,72.17
2979,18472,18473,1.667,0.333,7.11
2980,18474,18475,30.0,0.0,215.98
2981,18478,18479,38.357,1251.65,198.94
2982,18480,18481,21.405,1052.442,164.77
2983,18482,18483,2.238,0.186,26.56
2984,18484,18485,1.172,0.148,13.56
2985,18486,18487,58.241,575.975,426.06
2986,18488,18489,15.529,3.015,198.95
2987,18500,18501,17.0,0.0,92.53
2988,18504,18505,6.0,0.0,29.53
2989,18508,18509,3.5,0.5,18.04
2990,18518,18519,18.0,2.0,80.19
2991,18520,18521,4.0,0.0,20.3
2992,18522,18523,17.5,420.5,0.86
2993,18524,18525,43.5,2964.5,17.08
2994,18544,18545,7.0,0.0,34.79
2995,18594,18595,9.0,0.0,18.19
2996,18596,18597,8.0,0.0,41.46
2997,18612,18613,8.0,0.0,37.07
2998,18632,18633,2.84,1.473,19.9
2999,18634,18635,6.72,0.377,45.44
3000,18664,18665,10.0,0.0,43.62
3001,18666,18667,10.0,0.0,46.58
3002,18710,18711,19.0,0.0,77.98
3003,18716,18717,3.0,0.0,15.52
3004,18718,18719,33.5,924.5,57.73
3005,18720,18721,7.0,0.0,31.94
3006,18754,18755,3.0,0.0,19.51
3007,18756,18757,5.5,0.5,49.01
3008,18760,18761,3.667,0.333,29.09
3009,18856,18857,9.0,0.0,40.09
3010,18874,18875,10.0,8.0,43.48
3011,18884,18885,2.0,0.0,10.63
3012,18890,18891,7.0,0.0,36.21
3013,18894,18895,28.0,0.0,143.17
3014,18908,18909,2.0,0.0,11.79
3015,18912,18913,5.0,0.0,24.61
3016,18940,18941,8.5,4.5,37.35
3017,18958,18959,6.0,0.0,26.06
3018,18964,18965,7.0,0.0,30.38
3019,18976,18977,10.0,0.0,53.8
3020,18982,18983,3.0,0.0,22.06
3021,19012,19013,8.0,0.0,58.07
3022,19040,19041,4.0,0.0,26.79
3023,19044,19045,23.0,4.0,173.4
3024,19046,19047,21.0,0.0,141.49
3025,19052,19053,42.0,0.0,333.13
3026,19056,19057,5.0,0.0,32.22
3027,19082,19083,2.0,0.0,10.95
3028,19090,19091,13.0,0.0,76.12
3029,19108,19109,6.0,0.0,26.08
3030,19140,19141,85.312,9869.962,48.73
3031,19142,19143,21.385,3686.59,10.35
3032,19144,19145,1.125,0.125,6.73
3033,19154,19155,18.0,12.0,72.86
3034,19166,19167,2.333,0.333,27.57
3035,19168,19169,5.0,1.0,60.66
3036,19170,19171,2.333,0.333,28.13
3037,19172,19173,17.0,9.0,208.02
3038,19176,19177,16.812,962.296,38.23
3039,19178,19179,20.875,2456.517,25.22
3040,19184,19185,7.0,8.0,10.27
3041,19188,19189,40.0,882.0,18.6
3042,19190,19191,2.0,0.0,1.42
3043,19194,19195,4.5,0.5,29.5
3044,19204,19205,7.0,0.0,32.0
3045,19212,19213,17.1,3.211,128.21
3046,19214,19215,14.0,0.0,99.58
3047,19216,19217,26.0,0.0,121.36
3048,19218,19219,2.0,0.0,9.28
3049,19226,19227,16.0,0.0,80.49
3050,19230,19231,59.0,0.0,6.22
3051,19236,19237,95.0,0.0,4.55
3052,19264,19265,3.0,0.0,11.39
3053,19268,19269,48.4,2684.8,80.48
3054,19270,19271,5.167,0.167,36.63
3055,19272,19273,10.0,1.0,72.44
3056,19278,19279,13.0,0.0,71.39
3057,19284,19285,9.077,79.126,43.29
3058,19286,19287,3.41,42.564,36.31
3059,19306,19307,10.0,5.158,159.56
3060,19312,19313,2.0,0.0,6.38
3061,19330,19331,2.0,2.0,5.47
3062,19334,19335,15.0,0.0,7.14
3063,19344,19345,6.111,0.111,75.33
3064,19404,19405,11.0,0.0,77.92
3065,19406,19407,3.5,0.5,24.75
3066,19408,19409,13.0,2.0,91.38
3067,19410,19411,6.0,0.0,42.76
3068,19422,19423,4.0,0.0,23.92
3069,19424,19425,3.5,0.5,24.38
3070,19426,19427,3.0,0.0,15.07
3071,19436,19437,8.0,0.0,59.24
3072,19438,19439,11.625,343.583,21.19
3073,19442,19443,2.214,0.181,12.54
3074,19444,19445,1.333,0.25,3.31
3075,19446,19447,10.429,12.725,84.01
3076,19448,19449,12.5,46.0,76.63
3077,19450,19451,11.375,351.05,44.14
3078,19452,19453,5.625,0.517,65.91
3079,19454,19455,12.714,2.374,151.69
3080,19456,19457,4.429,0.418,54.76
3081,19458,19459,5.714,4.681,64.1
3082,19460,19461,19.412,437.132,114.97
3083,19472,19473,2.0,0.0,7.24
3084,19474,19475,22.0,0.0,105.18
3085,19494,19495,25.0,0.0,96.01
3086,19500,19501,10.0,0.0,48.95
3087,19508,19509,27.0,0.0,115.82
3088,19514,19515,17.0,0.0,76.46
3089,19526,19527,6.0,2.0,28.73
3090,19528,19529,6.0,2.0,42.07
3091,19530,19531,10.0,2.0,103.64
3092,19536,19537,2.0,0.0,19.29
3093,19538,19539,7.0,0.0,88.99
3094,19540,19541,5.0,0.0,37.88
3095,19548,19549,4.0,0.0,50.06
3096,19554,19555,136.235,24140.566,158.12
3097,19556,19557,21.789,3489.175,12.2
3098,19560,19561,1.385,1.296,6.47
3099,19570,19571,24.0,0.0,23.05
3100,19572,19573,9.667,44.333,12.31
3101,19580,19581,4.0,0.0,25.62
3102,19592,19593,18.75,1118.733,50.99
3103,19594,19595,68.688,29213.029,100.8
3104,19618,19619,7.0,0.0,44.67
3105,19620,19621,3.333,0.333,18.89
3106,19624,19625,4.091,24.891,13.44
3107,19670,19671,126.25,14244.917,44.28
3108,19672,19673,10.286,331.604,30.42
3109,19674,19675,84.333,19132.333,1.95
3110,19676,19677,62.545,15906.473,27.95
3111,19678,19679,50.211,7599.731,42.83
3112,19680,19681,35.235,2572.316,19.04
3113,19682,19683,36.647,2313.243,17.26
3114,19684,19685,159.0,95776.0,26.62
3115,19686,19687,2.71,40.813,16.67
3116,19688,19689,33.429,2244.11,19.51
3117,19690,19691,11.516,587.258,23.15
3118,19692,19693,50.0,1639.333,27.57
3119,19694,19695,5.513,0.73,79.73
3120,19696,19697,2.167,0.382,26.15
3121,19702,19703,1.136,0.123,22.63
3122,19706,19707,17.947,1978.83,12.14
3123,19708,19709,24.895,1366.544,25.21
3124,19710,19711,5.125,19.839,30.57
3125,19712,19713,4.778,0.444,63.91
3126,19714,19715,2.188,0.162,25.72
3127,19716,19717,9.118,59.485,38.61
3128,19718,19719,3.667,0.353,40.41
3129,19722,19723,2.833,2.029,18.44
3130,19724,19725,3.0,0.0,20.79
3131,19726,19727,7.167,119.912,60.16
3132,19728,19729,2.611,0.605,33.26
3133,19730,19731,12.944,425.82,54.68
3134,19744,19745,7.0,0.0,115.3
3135,19748,19749,3.0,0.0,28.86
3136,19752,19753,4.0,0.0,15.04
3137,19758,19759,5.188,0.162,82.23
3138,19760,19761,12.923,0.577,247.46
3139,19764,19765,13.0,2.0,29.76
3140,19780,19781,9.0,0.0,71.65
3141,19784,19785,45.0,2888.0,18.9
3142,19786,19787,36.0,1568.0,19.17
3143,19796,19797,1.5,0.333,7.88
3144,19798,19799,5.4,0.3,38.68
3145,19800,19801,1.5,0.5,9.87
3146,19804,19805,10.0,0.0,80.34
3147,19808,19809,47.519,12.952,2525.79
3148,19812,19813,7.583,0.447,159.67
3149,19816,19817,10.5,0.7,77.67
3150,19818,19819,8.229,15.299,70.9
3151,19822,19823,13.824,1268.154,56.26
3152,19828,19829,16.0,507.0,17.09
3153,19840,19841,6.478,0.534,81.35
3154,19842,19843,9.175,0.969,112.77
3155,19844,19845,2.41,0.301,31.1
3156,19856,19857,20.0,0.0,95.24
3157,19858,19859,3.0,0.0,18.71
3158,19886,19887,5.0,0.0,31.64
3159,19890,19891,2.0,0.0,28.37
3160,19892,19893,5.0,0.0,57.21
3161,19894,19895,4.5,0.3,57.16
3162,19896,19897,2.0,0.0,27.69
3163,19902,19903,22.0,0.0,4.3
3164,19948,19949,2.0,0.0,10.44
3165,19970,19971,9.091,199.201,32.14
3166,19972,19973,43.769,510.769,132.77
3167,19974,19975,3.533,163.223,4.02
3168,19976,19977,18.75,578.5,2.04
3169,19986,19987,1.333,0.333,8.82
3170,19988,19989,5.0,0.0,35.57
3171,20020,20021,3.0,0.0,13.05
3172,20022,20023,3.0,0.0,15.08
3173,20026,20027,3.0,0.0,12.97
3174,20042,20043,20.0,0.0,88.63
3175,20044,20045,12.0,0.0,170.52
3176,20046,20047,19.0,0.0,281.51
3177,20048,20049,28.0,0.0,416.58
3178,20050,20051,13.0,0.0,182.01
3179,20052,20053,8.0,0.0,116.33
3180,20058,20059,57.0,0.0,298.66
3181,20060,20061,27.0,8.0,126.38
3182,20064,20065,4.0,0.0,18.85
3183,20074,20075,10.0,1.0,125.76
3184,20104,20105,20.0,0.0,107.59
3185,20108,20109,5.0,0.0,24.45
3186,20120,20121,62.0,0.0,270.56
3187,20126,20127,76.0,0.0,330.83
3188,20138,20139,4.357,1.17,53.98
3189,20140,20141,2.5,0.269,49.53
3190,20142,20143,6.357,0.247,130.41
3191,20144,20145,1.214,0.181,21.23
3192,20146,20147,5.5,3.545,60.86
3193,20152,20153,238.667,82.333,1086.88
3194,20206,20207,33.0,0.0,146.71
3195,20210,20211,18.0,0.0,91.05
3196,20224,20225,4.0,0.0,29.15
3197,20226,20227,5.0,0.0,40.12
3198,20228,20229,14.0,0.0,105.02
3199,20230,20231,17.5,3.0,91.57
3200,20254,20255,25.75,2698.867,17.4
3201,20256,20257,78.188,6944.963,23.49
3202,20258,20259,67.852,7830.516,55.55
3203,20260,20261,178.393,34857.803,78.23
3204,20262,20263,7.769,0.825,159.73
3205,20264,20265,1.512,0.256,33.56
3206,20266,20267,1.5,0.333,14.04
3207,20268,20269,3.25,0.25,43.68
3208,20274,20275,13.0,288.0,12.95
3209,20278,20279,1.667,1.333,0.28
3210,20310,20311,4.75,0.5,58.7
3211,20312,20313,6.615,0.486,83.08
3212,20314,20315,1.05,0.05,10.78
3213,20318,20319,2.889,20.575,10.42
3214,20324,20325,124.75,4604.917,689.66
3215,20334,20335,37.571,48.619,177.2
3216,20342,20343,23.0,0.0,102.42
3217,20344,20345,24.0,0.0,105.38
3218,20346,20347,4.0,0.0,17.58
3219,20352,20353,115.0,0.0,529.22
3220,20354,20355,50.0,0.0,234.34
3221,20356,20357,114.667,0.333,524.74
3222,20358,20359,7.538,0.676,111.47
3223,20402,20403,163.5,698.7,864.72
3224,20404,20405,128.0,0.0,536.47
3225,20408,20409,57.0,162.0,252.87
3226,20414,20415,152.4,265.3,761.98
3227,20418,20419,33.333,2.333,160.44
3228,20420,20421,13.0,79.939,97.05
3229,20422,20423,16.0,282.966,25.12
3230,20424,20425,3.0,0.242,38.83
3231,20426,20427,1.692,3.422,10.58
3232,20430,20431,1.556,0.278,23.38
3233,20438,20439,7.333,116.793,56.24
3234,20440,20441,4.2,51.2,7.14
3235,20444,20445,24.615,1672.806,23.38
3236,20446,20447,2.179,0.226,20.9
3237,20448,20449,14.0,456.957,25.36
3238,20450,20451,91.5,56337.833,187.0
3239,20452,20453,5.556,1.028,62.58
3240,20454,20455,14.0,385.412,26.31
3241,20456,20457,12.5,225.429,1.3
3242,20458,20459,7.222,44.418,30.26
3243,20460,20461,1.556,1.32,11.08
3244,20462,20463,1.938,0.19,25.12
3245,20464,20465,9.812,1.19,123.22
3246,20466,20467,82.969,2461.322,313.73
3247,20468,20469,1.5,0.5,4.86
3248,20472,20473,2.0,2.0,3.41
3249,20524,20525,10.0,0.0,39.41
3250,20556,20557,10.0,0.0,41.64
3251,20558,20559,2.0,0.0,8.15
3252,20568,20569,7.0,0.0,28.86
3253,20592,20593,6.0,2.0,28.87
3254,20606,20607,7.0,0.0,30.46
3255,20622,20623,5.0,0.0,28.87
3256,20638,20639,5.0,0.0,28.87
3257,20654,20655,11.333,0.333,83.68
3258,20656,20657,8.0,0.0,58.59
3259,20658,20659,10.0,0.0,70.19
3260,20664,20665,85.6,32996.686,48.22
3261,20674,20675,7.0,0.0,46.32
3262,20678,20679,6.0,0.0,45.96
3263,20790,20791,17.0,0.0,88.53
3264,20828,20829,1.5,0.5,7.35
3265,20830,20831,9.0,98.0,8.14
3266,20832,20833,5.067,20.547,34.67
3267,20834,20835,2.636,0.255,35.94
3268,20836,20837,2.0,0.308,21.95
3269,20838,20839,2.692,0.231,29.69
3270,20860,20861,18.0,0.0,80.58
3271,20876,20877,21.0,0.0,80.43
3272,20886,20887,2.0,0.0,11.95
3273,20904,20905,2.0,0.0,6.9
3274,20952,20953,3.0,0.0,13.96
3275,20956,20957,8.0,0.0,38.62
3276,20972,20973,10.0,0.0,43.61
3277,20980,20981,25.1,2126.1,28.03
3278,20982,20983,3.0,0.667,25.04
3279,20986,20987,5.0,0.0,32.42
3280,21010,21011,2.467,0.326,29.02
3281,21012,21013,4.433,3.082,51.05
3282,21014,21015,4.4,32.8,31.84
3283,21016,21017,11.7,179.045,66.34
3284,21018,21019,10.0,89.852,39.77
3285,21028,21029,14.0,0.0,72.74
3286,21032,21033,68.714,4063.414,91.08
3287,21036,21037,85.0,0.0,164.41
3288,21058,21059,7.0,0.0,33.89
3289,21070,21071,17.75,66.917,26.29
3290,21078,21079,3.286,0.238,14.45
3291,21080,21081,5.0,0.0,29.86
3292,21082,21083,23.484,4064.391,16.34
3293,21084,21085,50.348,11169.328,24.27
3294,21092,21093,1.5,0.5,5.51
3295,21096,21097,3.0,0.0,12.46
3296,21098,21099,4.0,0.0,18.43
3297,21102,21103,3.0,0.0,18.74
3298,21114,21115,3.0,0.0,8.53
3299,21116,21117,5.0,0.0,25.78
3300,21156,21157,14.0,2.0,71.35
3301,21158,21159,14.0,0.0,64.89
3302,21160,21161,2.0,3.0,3.38
3303,21170,21171,49.5,1984.5,30.44
3304,21172,21173,2.0,0.0,11.65
3305,21234,21235,2.0,0.0,13.65
3306,21236,21237,45.0,0.0,105.17
3307,21238,21239,2.0,0.0,8.9
3308,21242,21243,22.706,521.096,45.27
3309,21246,21247,5.0,0.0,32.93
3310,21254,21255,4.0,0.0,25.73
3311,21256,21257,44.0,0.0,217.33
3312,21258,21259,19.808,13.362,214.55
3313,21260,21261,11.222,1.256,139.53
3314,21262,21263,7.034,43.892,61.08
3315,21264,21265,15.621,140.53,70.57
3316,21266,21267,36.812,1478.429,61.86
3317,21268,21269,27.333,2453.238,51.93
3318,21270,21271,29.133,3132.41,45.48
3319,21274,21275,25.062,8658.462,16.04
3320,21300,21301,37.0,1458.0,28.49
3321,21314,21315,7.0,0.0,36.93
3322,21330,21331,7.923,2.154,154.99
3323,21332,21333,2.04,0.123,48.78
3324,21342,21343,3.0,0.0,23.1
3325,21344,21345,3.0,0.0,18.56
3326,21364,21365,3.321,0.819,37.03
3327,21366,21367,176.562,48597.329,68.39
3328,21374,21375,28.955,2847.95,25.81
3329,21376,21377,4.591,148.825,15.3
3330,21408,21409,9.0,0.0,50.95
3331,21410,21411,39.0,0.0,59.66
3332,21434,21435,2.0,0.0,14.24
3333,21436,21437,4.0,0.0,49.62
3334,21438,21439,4.0,0.0,38.39
3335,21442,21443,10.0,0.0,86.18
3336,21444,21445,7.5,0.5,54.44
3337,21448,21449,20.0,3240.471,54.16
3338,21450,21451,76.222,26088.654,104.74
3339,21452,21453,13.643,1355.17,21.63
3340,21454,21455,26.0,1308.0,22.73
3341,21456,21457,5.154,70.974,20.52
3342,21458,21459,1.917,8.265,7.84
3343,21460,21461,27.231,1147.359,66.18
3344,21462,21463,34.625,2243.05,90.18
3345,21464,21465,48.316,3756.561,78.1
3346,21466,21467,15.0,0.0,63.02
3347,21468,21469,54.0,0.0,231.86
3348,21472,21473,8.964,9.295,92.25
3349,21474,21475,1.857,7.209,4.96
3350,21478,21479,18.154,851.308,21.92
3351,21502,21503,62.0,0.0,268.72
3352,21504,21505,10.085,248.21,65.1
3353,21506,21507,4.368,97.246,18.69
3354,21508,21509,78.895,4505.099,145.9
3355,21510,21511,80.5,6501.947,81.29
3356,21514,21515,2.5,0.5,27.11
3357,21516,21517,2.5,0.5,26.88
3358,21520,21521,9.5,0.5,120.37
3359,21528,21529,5.0,0.0,35.55
3360,21530,21531,9.333,16.333,50.69
3361,21542,21543,8.0,0.0,66.87
3362,21546,21547,1.5,0.5,12.26
3363,21550,21551,1.5,0.323,19.0
3364,21554,21555,1.861,1.552,14.78
3365,21560,21561,20.75,3843.659,9.45
3366,21564,21565,2.9,0.369,54.28
3367,21574,21575,15.5,0.5,72.84
3368,21576,21577,11.667,303.067,12.41
3369,21578,21579,1.833,0.167,18.28
3370,21628,21629,3.0,0.0,2.88
3371,21630,21631,4.0,0.0,4.19
3372,21640,21641,2.0,0.0,4.0
3373,21706,21707,6.0,0.0,63.68
3374,21712,21713,9.0,0.0,60.21
3375,21714,21715,11.5,0.5,85.03
3376,21784,21785,6.0,0.0,69.9
3377,21790,21791,8.0,0.0,108.84
3378,21796,21797,15.0,0.0,191.15
3379,21798,21799,6.333,0.333,81.5
3380,21800,21801,5.333,0.333,67.23
3381,21816,21817,8.231,0.692,102.17
3382,21818,21819,10.143,0.593,131.49
3383,21820,21821,3.533,0.41,43.62
3384,21822,21823,1.933,0.638,20.15
3385,21824,21825,1.071,0.071,11.68
3386,21832,21833,76.303,11485.405,122.33
3387,21844,21845,2.0,0.0,10.47
3388,21846,21847,32.0,0.0,150.54
3389,21872,21873,37.0,0.0,184.39
3390,21886,21887,63.333,1590.333,391.72
3391,21890,21891,7.875,0.696,93.87
3392,21892,21893,11.375,1.125,137.28
3393,21896,21897,7.625,0.839,98.19
3394,21898,21899,3.875,0.125,45.29
3395,21900,21901,1.375,0.268,18.57
3396,21902,21903,5.75,0.5,71.14
3397,21904,21905,2.0,0.286,23.9
3398,21918,21919,10.75,0.917,85.48
3399,21928,21929,3.0,0.0,15.25
3400,21938,21939,4.333,0.333,30.69
3401,21942,21943,122.0,0.0,31.56
3402,21950,21951,22.0,0.0,41.71
3403,21952,21953,5.0,2.0,9.38
3404,21954,21955,32.0,1692.0,31.6
3405,21956,21957,224.667,2630.333,26.51
3406,21958,21959,8.5,0.333,62.52
3407,21960,21961,2.75,0.25,17.7
3408,21962,21963,3.0,0.0,13.33
3409,21964,21965,8.5,0.5,62.47
3410,21968,21969,3.167,0.167,20.08
3411,21970,21971,4.333,0.267,28.16
3412,21972,21973,2.667,0.267,18.89
3413,21974,21975,4.0,0.8,28.44
3414,21976,21977,2.5,0.3,17.72
3415,21978,21979,4.0,0.4,25.59
3416,21984,21985,2.308,5.564,8.44
3417,21986,21987,40.846,7219.974,22.47
3418,21988,21989,59.571,21569.802,13.98
3419,21990,21991,36.0,8.0,74.08
3420,21994,21995,7.455,535.307,26.27
3421,21996,21997,5.286,213.214,28.16
3422,21998,21999,18.381,2949.848,40.7
3423,22000,22001,8.55,228.576,32.65
3424,22010,22011,5.667,0.333,45.71
3425,22012,22013,13.667,1.333,103.32
3426,22014,22015,8.0,0.0,62.65
3427,22016,22017,2.5,0.5,17.53
3428,22018,22019,5.0,0.0,31.54
3429,22020,22021,2.0,0.0,11.54
3430,22026,22027,15.667,6.333,120.86
3431,22028,22029,4.667,0.333,34.26
3432,22030,22031,6.0,0.0,18.24
3433,22032,22033,22.0,0.0,49.31
3434,22034,22035,10.0,0.0,26.15
3435,22042,22043,8.333,1.467,64.29
3436,22044,22045,13.833,3.367,99.66
3437,22048,22049,3.0,0.0,29.09
3438,22056,22057,10.0,1.0,69.07
3439,22058,22059,2.5,0.333,20.37
3440,22060,22061,2.75,0.25,17.28
3441,22078,22079,34.0,0.0,68.42
3442,22080,22081,18.0,0.0,134.71
3443,22082,22083,3.0,0.0,16.83
3444,22086,22087,4.0,0.0,26.12
3445,22088,22089,13.0,0.0,70.79
3446,22090,22091,9.0,0.0,75.16
3447,22092,22093,10.0,0.0,92.9
3448,22108,22109,48.0,0.0,11.92
3449,22110,22111,3.0,0.0,13.32
3450,22112,22113,10.0,0.0,70.64
3451,22116,22117,23.0,5324.0,10.01
3452,22118,22119,151.182,32801.964,109.11
3453,22122,22123,39.5,12.5,82.41
3454,22126,22127,24.8,892.2,7.86
3455,22128,22129,184.2,32769.2,50.37
3456,22130,22131,13.111,454.111,14.1
3457,22132,22133,8.778,141.194,32.48
3458,22134,22135,19.75,655.643,63.92
3459,22140,22141,2.571,0.286,31.43
3460,22142,22143,9.059,0.559,138.74
3461,22144,22145,5.059,0.309,76.85
3462,22146,22147,7.545,0.473,120.95
3463,22148,22149,9.625,13.856,140.52
3464,22150,22151,5.681,0.439,85.66
3465,22154,22155,7.286,0.989,115.12
3466,22156,22157,4.462,0.603,63.86
3467,22158,22159,4.0,0.0,46.95
3468,22164,22165,16.6,2.3,181.22
3469,22168,22169,24.0,0.0,279.0
3470,22178,22179,3.571,0.286,63.77
3471,22180,22181,3.4,0.267,46.2
3472,22182,22183,7.833,0.333,93.69
3473,22190,22191,1.833,0.152,21.71
3474,22194,22195,2.4,0.489,31.15
3475,22196,22197,3.333,7.333,27.2
3476,22198,22199,1.889,0.111,9.81
3477,22200,22201,2.375,0.268,29.65
3478,22202,22203,5.0,0.25,65.18
3479,22204,22205,1.917,1.174,20.88
3480,22206,22207,2.0,0.727,21.92
3481,22208,22209,1.25,0.205,14.62
3482,22210,22211,7.0,0.0,79.72
3483,22212,22213,6.0,0.0,81.06
3484,22214,22215,6.0,2.0,74.04
3485,22216,22217,12.2,1.2,145.29
3486,22220,22221,5.6,1.8,53.08
3487,22222,22223,1.333,0.242,14.59
3488,22224,22225,1.804,1.041,18.3
3489,22226,22227,5.569,16.05,47.9
3490,22230,22231,10.902,243.25,50.69
3491,22232,22233,81.0,0.0,407.31
3492,22234,22235,3.0,0.222,26.7
3493,22236,22237,9.167,0.967,116.75
3494,22238,22239,3.5,0.5,40.25
3495,22240,22241,3.5,0.5,46.64
3496,22242,22243,12.0,0.0,167.86
3497,22244,22245,3.0,0.0,37.74
3498,22250,22251,5.5,0.3,67.8
3499,22252,22253,3.5,0.3,43.57
3500,22254,22255,3.667,0.667,46.99
3501,22256,22257,5.333,0.667,68.09
3502,22258,22259,3.0,0.4,27.2
3503,22260,22261,8.5,0.5,102.98
3504,22262,22263,2.0,0.0,31.24
3505,22264,22265,6.667,0.242,136.21
3506,22268,22269,14.833,3.788,287.66
3507,22272,22273,5.0,0.0,39.06
3508,22276,22277,5.0,0.0,37.88
3509,22278,22279,5.0,0.0,40.8
3510,22280,22281,2.0,0.0,12.7
3511,22282,22283,19.0,162.0,77.53
3512,22314,22315,11.0,0.0,65.6
3513,22316,22317,7.0,0.5,47.83
3514,22318,22319,5.667,1.333,36.92
3515,22326,22327,6.0,0.0,49.95
3516,22328,22329,107.0,0.0,122.69
3517,22330,22331,6.333,0.333,44.88
3518,22332,22333,4.0,0.0,27.81
3519,22334,22335,7.333,0.333,48.2
3520,22336,22337,15.0,0.0,101.63
3521,22338,22339,111.0,0.0,94.44
3522,22340,22341,76.5,5110.3,67.15
3523,22342,22343,95.0,6858.0,33.95
3524,22368,22369,6.45,0.576,106.67
3525,22410,22411,4.0,0.0,41.32
3526,22412,22413,5.0,0.667,71.95
3527,22414,22415,6.75,0.917,91.9
3528,22416,22417,11.0,2.0,163.87
3529,22418,22419,4.5,0.5,61.75
3530,22420,22421,4.0,0.0,51.09
3531,22422,22423,9.0,2.0,133.67
3532,22424,22425,14.0,2.0,209.39
3533,22426,22427,2.0,0.0,30.62
3534,22428,22429,22.6,184.489,87.83
3535,22440,22441,6.083,0.447,101.2
3536,22442,22443,2.25,0.205,37.42
3537,22444,22445,18.655,3.234,271.59
3538,22482,22483,17.0,0.0,120.21
3539,22486,22487,3.0,0.0,21.74
3540,22488,22489,2.0,0.0,21.33
3541,22490,22491,3.0,0.0,21.71
3542,22492,22493,3.0,0.0,19.87
3543,22494,22495,2.0,0.0,20.93
3544,22496,22497,4.0,0.0,34.86
3545,22500,22501,7.0,0.0,48.81
3546,22522,22523,5.0,0.0,33.4
3547,22530,22531,15.875,3.839,198.46
3548,22532,22533,2.375,0.268,27.26
3549,22534,22535,22.5,8.571,264.73
3550,22536,22537,3.5,0.286,26.82
3551,22538,22539,2.667,0.333,12.18
3552,22540,22541,28.0,4.0,124.1
3553,22552,22553,3.0,0.0,21.69
3554,22560,22561,4.364,56.926,10.81
3555,22562,22563,24.278,1645.507,4.32
3556,22568,22569,8.0,2.0,61.13
3557,22570,22571,7.5,0.5,59.75
3558,22572,22573,4.0,0.667,33.47
3559,22574,22575,22.5,4.5,166.43
3560,22576,22577,31.255,1934.542,69.34
3561,22580,22581,50.2,1667.164,94.49
3562,22584,22585,2.44,15.923,10.87
3563,22586,22587,456.0,0.0,125.88
3564,22592,22593,2.0,0.0,11.32
3565,22598,22599,21.0,0.0,87.41
3566,22614,22615,4.0,0.0,16.91
3567,22622,22623,3.0,0.0,15.59
3568,22632,22633,5.0,0.0,27.23
3569,22634,22635,5.235,296.066,6.73
3570,22636,22637,11.645,392.237,36.59
3571,22638,22639,52.29,4603.146,72.54
3572,22656,22657,7.714,96.571,47.02
3573,22658,22659,10.571,411.286,21.75
3574,22660,22661,60.857,9371.143,59.55
3575,22664,22665,18.833,1581.367,18.0
3576,22676,22677,14.75,2.917,121.56
3577,22688,22689,10.0,0.0,87.23
3578,22690,22691,17.333,10.333,76.66
3579,22694,22695,2.0,0.0,14.12
3580,22698,22699,54.0,18.0,314.25
3581,22700,22701,12.182,24.964,49.49
3582,22702,22703,8.0,0.0,32.17
3583,22704,22705,3.0,0.0,12.22
3584,22710,22711,9.0,2.0,100.97
3585,22716,22717,3.5,0.5,26.49
3586,22720,22721,2.5,0.5,15.75
3587,22726,22727,6.0,0.0,28.98
3588,22728,22729,16.0,0.0,70.65
3589,22732,22733,7.75,0.917,38.46
3590,22734,22735,8.667,0.333,42.45
3591,22738,22739,66.667,12352.333,12.18
3592,22740,22741,13.0,0.0,71.73
3593,22746,22747,4.0,0.0,17.84
3594,22750,22751,3.143,0.476,35.7
3595,22752,22753,9.143,0.81,114.1
3596,22754,22755,1.286,0.238,14.3
3597,22756,22757,1.143,0.143,11.8
3598,22762,22763,18.875,3.554,133.12
3599,22764,22765,6.375,0.268,43.36
3600,22766,22767,2.625,0.554,17.22
3601,22768,22769,1.125,0.125,10.04
3602,22770,22771,7.5,0.571,51.37
3603,22780,22781,2.0,0.0,22.54
3604,22820,22821,9.0,0.0,45.88
3605,22822,22823,6.0,0.0,23.57
3606,22832,22833,6.0,0.0,25.07
3607,22836,22837,2.0,0.0,27.6
3608,22838,22839,2.0,0.0,12.3
3609,22848,22849,4.0,0.0,33.2
3610,22852,22853,8.0,0.0,55.57
3611,22854,22855,3.0,0.0,25.64
3612,22862,22863,1.75,0.25,7.48
3613,22864,22865,8.167,2.567,39.64
3614,22880,22881,14.0,0.0,71.17
3615,22896,22897,6.0,0.0,93.06
3616,22898,22899,4.667,1.333,36.13
3617,22900,22901,10.333,2.333,72.92
3618,22902,22903,11.0,3.0,80.82
3619,22904,22905,7.0,0.0,68.53
3620,22906,22907,275.0,1058.0,72.73
3621,22908,22909,18.857,451.81,75.96
3622,22910,22911,61.143,9992.81,103.14
3623,22912,22913,39.222,1540.194,53.52
3624,22914,22915,35.75,2047.643,36.9
3625,22920,22921,3.222,0.41,38.89
3626,22922,22923,20.885,198.026,207.26
3627,22924,22925,45.615,1495.046,61.22
3628,22926,22927,1.5,0.278,17.52
3629,22928,22929,3.529,0.265,44.71
3630,22930,22931,13.893,1.625,170.9
3631,22932,22933,1.333,0.238,15.58
3632,22934,22935,68.857,17915.832,150.68
3633,22952,22953,9.867,0.695,194.05
3634,22954,22955,1.077,0.077,10.24
3635,22966,22967,8.2,71.956,6.58
3636,22976,22977,24.273,2.398,335.23
3637,22978,22979,7.684,0.45,113.34
3638,22980,22981,15.211,250.175,147.5
3639,22982,22983,26.312,2108.229,125.42
3640,22984,22985,4.375,23.583,27.28
3641,22986,22987,47.75,2366.2,92.51
3642,22996,22997,14.0,0.0,59.9
3643,22998,22999,2.5,0.5,11.7
3644,23000,23001,2.0,0.0,8.55
3645,23002,23003,16.0,0.0,80.28
3646,23014,23015,3.5,0.5,16.42
3647,23020,23021,31.0,0.0,113.16
3648,23024,23025,3.0,0.0,14.22
3649,23036,23037,131.767,46453.897,257.87
3650,23038,23039,33.844,15445.233,20.91
3651,23040,23041,8.0,109.0,18.16
3652,23042,23043,4.0,0.0,0.2
3653,23044,23045,3.5,0.7,41.49
3654,23046,23047,4.667,0.267,58.86
3655,23048,23049,2.333,0.267,26.99
3656,23050,23051,1.25,0.25,9.92
3657,23052,23053,23.692,1870.231,63.02
3658,23054,23055,1.231,0.192,8.64
3659,23056,23057,63.615,6533.423,9.7
3660,23060,23061,2.0,0.0,22.01
3661,23064,23065,1.588,0.257,10.12
3662,23066,23067,2.0,0.0,18.78
3663,23068,23069,10.5,0.5,136.32
3664,23070,23071,13.5,0.5,184.8
3665,23072,23073,7.0,0.0,84.82
3666,23074,23075,13.0,18.0,111.64
3667,23076,23077,29.529,5669.515,43.62
3668,23090,23091,7.0,0.0,102.4
3669,23098,23099,29.85,1132.661,204.25
3670,23100,23101,9.8,275.537,21.81
3671,23102,23103,5.857,0.593,69.91
3672,23116,23117,2.0,0.0,11.06
3673,23118,23119,5.0,0.0,20.42
3674,23120,23121,19.0,0.0,81.69
3675,23140,23141,15.333,533.333,12.13
3676,23218,23219,8.0,0.0,39.22
3677,23220,23221,16.0,0.0,78.94
3678,23304,23305,6.5,0.5,27.44
3679,23306,23307,9.0,2.0,39.41
3680,23328,23329,12.0,0.0,53.1
3681,23330,23331,5.0,0.0,21.76
3682,23344,23345,23.0,0.0,123.53
3683,23388,23389,3.0,0.0,11.48
3684,23398,23399,28.0,0.0,127.64
3685,23402,23403,10.0,0.5,47.36
3686,23404,23405,4.0,0.0,17.04
3687,23410,23411,2.0,0.0,7.26
3688,23424,23425,18.0,0.0,88.36
3689,23426,23427,4.0,0.0,22.92
3690,23452,23453,4.0,0.0,23.03
3691,23500,23501,2.0,0.0,21.98
3692,23504,23505,6.4,0.8,75.23
3693,23506,23507,1.6,0.3,16.62
3694,23510,23511,3.0,0.0,23.44
3695,23512,23513,10.0,0.0,83.02
3696,23514,23515,8.104,315.457,16.79
3697,23526,23527,7.467,0.981,90.21
3698,23528,23529,28.333,12.238,340.4
3699,23530,23531,20.6,13.114,229.79
3700,23538,23539,42.5,84.5,205.53
3701,23540,23541,28.0,0.0,158.93
3702,23544,23545,167.5,11100.5,1046.79
3703,23546,23547,44.667,57.333,210.72
3704,23548,23549,50.0,0.0,220.24
3705,23554,23555,1.5,0.333,15.22
3706,23576,23577,10.0,0.0,46.44
3707,23580,23581,5.0,0.0,30.98
3708,23588,23589,2.833,0.567,16.02
3709,23590,23591,4.0,0.0,26.22
3710,23596,23597,3.0,0.667,22.33
3711,23598,23599,3.25,0.25,16.92
3712,23600,23601,2.0,0.0,15.64
3713,23602,23603,12.0,0.0,92.56
3714,23608,23609,1.667,0.333,9.9
3715,23610,23611,20.0,7.0,133.81
3716,23612,23613,5.0,2.0,32.8
3717,23614,23615,10.0,0.0,71.63
3718,23616,23617,4.0,0.0,29.73
3719,23618,23619,3.0,0.0,26.73
3720,23620,23621,12.5,4.5,95.35
3721,23622,23623,5.0,0.0,33.06
3722,23624,23625,4.0,0.0,28.74
3723,23630,23631,6.0,0.0,29.96
3724,23632,23633,17.0,0.0,79.98
3725,23648,23649,82.5,144.5,116.64
3726,23650,23651,224.0,0.0,509.79
3727,23660,23661,2.0,0.0,9.03
3728,23666,23667,2.0,0.0,11.37
3729,23668,23669,4.0,0.0,18.71
3730,23670,23671,4.0,0.667,17.56
3731,23672,23673,16.0,2.0,79.58
3732,23674,23675,6.5,0.5,29.27
3733,23676,23677,7.0,0.0,34.25
3734,23678,23679,16.0,2.0,77.53
3735,23680,23681,1.5,0.5,7.07
3736,23682,23683,3.0,0.0,14.88
3737,23688,23689,11.0,0.0,60.56
3738,23722,23723,32.0,0.0,158.03
3739,23724,23725,19.5,0.5,113.94
3740,23728,23729,7.0,0.0,83.31
3741,23734,23735,19.745,13.02,250.96
3742,23736,23737,2.085,0.21,24.33
3743,23738,23739,13.692,483.564,28.66
3744,23740,23741,3.857,0.476,27.58
3745,23762,23763,7.0,0.0,43.76
3746,23764,23765,61.0,0.0,46.8
3747,23766,23767,9.0,0.0,39.93
3748,23770,23771,12.0,0.0,59.37
3749,23780,23781,4.0,0.0,19.57
3750,23784,23785,4.0,0.0,18.2
3751,23796,23797,19.36,68.323,167.14
3752,23798,23799,197.857,51035.209,65.14
3753,23802,23803,2.846,0.474,32.25
3754,23814,23815,9.0,0.0,50.85
3755,23816,23817,68.0,0.0,50.65
3756,23832,23833,2.0,0.0,7.1
3757,23834,23835,8.0,0.0,39.69
3758,23836,23837,20.0,2.0,89.28
3759,23838,23839,24.75,5725.114,30.36
3760,23846,23847,2.0,0.0,15.46
3761,23848,23849,9.0,0.0,48.28
3762,23868,23869,26.0,0.0,111.51
3763,23870,23871,20.0,0.0,24.01
3764,23874,23875,1.667,0.333,7.08
3765,23886,23887,11.0,0.0,60.83
3766,23888,23889,2.0,0.0,14.9
3767,23906,23907,3.0,0.0,16.55
3768,23908,23909,7.0,72.0,1.01
3769,23910,23911,2.5,0.5,13.93
3770,23914,23915,3.5,0.5,18.63
3771,23916,23917,3.0,0.0,11.5
3772,23918,23919,4.5,0.5,20.63
3773,23920,23921,1.667,0.333,6.06
3774,23926,23927,57.0,38.5,235.34
3775,23940,23941,42.0,0.0,201.63
3776,23954,23955,4.0,0.0,57.56
3777,23962,23963,2.625,0.268,17.38
3778,23964,23965,4.0,0.0,38.83
3779,23994,23995,2.0,0.0,8.6
3780,23996,23997,9.0,0.0,43.45
3781,24018,24019,21.0,0.0,100.75
3782,24020,24021,2.5,0.5,5.71
3783,24022,24023,20.0,0.0,101.23
3784,24032,24033,2.0,0.0,10.19
3785,24050,24051,10.5,0.5,59.82
3786,24052,24053,3.5,0.5,18.1
3787,24074,24075,5.0,0.0,29.51
3788,24094,24095,2.0,0.0,9.43
3789,24124,24125,4.0,0.0,18.57
3790,24130,24131,5.314,566.398,11.0
3791,24134,24135,8.0,0.0,40.09
3792,24136,24137,50.0,0.0,223.26
3793,24140,24141,22.015,8.591,1009.52
3794,24154,24155,4.0,0.0,20.1
3795,24156,24157,17.0,0.0,118.7
3796,24158,24159,4.917,0.083,61.51
3797,24164,24165,56.214,21871.104,40.03
3798,24180,24181,36.0,0.0,150.02
3799,24208,24209,4.0,0.0,27.61
3800,24212,24213,10.0,0.0,82.72
3801,24220,24221,9.0,0.0,84.39
3802,24224,24225,3.0,0.0,21.29
3803,24226,24227,3.0,0.0,18.43
3804,24234,24235,4.0,0.0,31.33
3805,24238,24239,15.25,2.25,118.72
3806,24240,24241,20.25,393.583,90.97
3807,24242,24243,20.25,567.583,9.5
3808,24244,24245,4.833,0.567,57.16
3809,24266,24267,12.0,0.0,61.58
3810,24286,24287,3.0,0.0,22.46
3811,24288,24289,10.0,0.0,52.24
3812,24336,24337,30.744,7439.564,86.61
3813,24338,24339,7.244,1149.339,20.37
3814,24340,24341,82.512,47219.356,168.23
3815,24342,24343,2.658,44.069,9.2
3816,24344,24345,11.073,16.87,112.09
3817,24346,24347,58.214,23634.026,201.23
3818,24348,24349,102.953,7144.474,250.11
3819,24350,24351,32.0,0.0,59.57
3820,24354,24355,7.0,0.0,50.63
3821,24386,24387,44.0,241.0,17.99
3822,24388,24389,5.0,0.0,42.01
3823,24406,24407,1.704,0.217,20.12
3824,24410,24411,4.0,0.0,34.63
3825,24414,24415,2.0,0.0,14.99
3826,24416,24417,6.0,0.0,46.09
3827,24418,24419,16.0,242.0,35.98
3828,24420,24421,25.167,3.242,306.0
3829,24422,24423,2.167,0.152,24.34
3830,24428,24429,4.417,0.447,57.1
3831,24430,24431,1.667,0.242,21.03
3832,24432,24433,15.917,1.902,200.7
3833,24434,24435,2.0,0.0,23.66
3834,24436,24437,4.5,0.273,56.52
3835,24438,24439,2.692,0.231,31.75
3836,24440,24441,1.615,0.59,16.45
3837,24442,24443,1.077,0.077,11.62
3838,24444,24445,2.455,0.273,30.85
3839,24446,24447,1.818,0.164,21.06
3840,24448,24449,1.909,0.091,22.93
3841,24450,24451,4.885,0.266,56.25
3842,24452,24453,8.5,115.46,79.99
3843,24454,24455,2.72,13.21,24.33
3844,24456,24457,2.32,0.643,27.49
3845,24458,24459,1.8,0.25,22.5
3846,24460,24461,6.6,186.583,45.62
3847,24462,24463,24.409,2253.682,120.47
3848,24464,24465,22.905,608.09,162.94
3849,24466,24467,171.9,16508.322,126.4
3850,24480,24481,11.0,0.0,54.53
3851,24504,24505,12.0,0.0,0.11
3852,24512,24513,2.8,0.4,34.96
3853,24516,24517,17.333,212.333,16.87
3854,24530,24531,3.2,0.622,17.11
3855,24532,24533,9.0,1.6,43.51
3856,24540,24541,3.0,0.0,28.25
3857,24542,24543,2.5,0.5,32.65
3858,24546,24547,2.0,0.0,16.06
3859,24548,24549,11.962,1.318,181.0
3860,24556,24557,7.0,0.0,34.05
3861,24598,24599,25.0,0.0,124.49
3862,24604,24605,7.0,0.0,34.38
3863,24606,24607,4.0,0.0,18.09
3864,24644,24645,21.0,0.0,166.63
3865,24648,24649,3.0,0.0,19.18
3866,24650,24651,5.0,0.0,33.55
3867,24662,24663,5.0,0.0,35.94
3868,24690,24691,33.0,0.0,64.98
3869,24710,24711,25.056,4.761,402.75
3870,24718,24719,9.0,0.0,48.45
3871,24728,24729,3.0,0.0,3.71
3872,24780,24781,366.0,0.0,77.5
3873,24784,24785,1.5,0.5,8.37
3874,24794,24795,8.0,0.0,38.64
3875,24796,24797,36.0,964.0,21.98
3876,24798,24799,3.769,0.345,56.24
3877,24800,24801,14.346,28.235,164.4
3878,24804,24805,2.0,0.0,25.27
3879,24806,24807,6.0,0.0,101.79
3880,24808,24809,16.815,3.08,246.48
3881,24810,24811,11.5,0.5,173.28
3882,24812,24813,3.0,0.0,48.37
3883,24814,24815,10.667,40.333,98.55
3884,24816,24817,8.462,41.936,35.75
3885,24826,24827,5.0,0.0,25.92
3886,24838,24839,2.0,0.0,13.68
3887,24850,24851,15.0,0.0,74.25
3888,24860,24861,30.333,622.333,10.62
3889,24864,24865,2.0,0.0,9.02
3890,24878,24879,6.0,0.0,27.84
3891,24888,24889,1.5,0.5,8.05
3892,24890,24891,10.0,0.0,37.96
3893,24900,24901,9.0,0.0,51.33
3894,24902,24903,16.0,0.0,95.48
3895,24912,24913,9.0,0.0,48.46
3896,24916,24917,2.0,0.0,10.13
3897,24942,24943,5.0,0.0,19.18
3898,24944,24945,5.429,99.619,7.29
3899,24948,24949,2.0,0.0,4.74
3900,24964,24965,2.739,0.202,23.18
3901,24966,24967,8.0,2.0,31.62
3902,24968,24969,2.0,0.0,11.33
3903,24984,24985,5.0,0.0,23.97
3904,24992,24993,3.0,0.0,10.1
3905,25020,25021,3.0,0.0,44.38
3906,25024,25025,3.0,0.0,31.63
3907,25026,25027,3.0,0.0,44.19
3908,25028,25029,4.0,0.0,46.97
3909,25056,25057,6.0,0.0,46.15
3910,25058,25059,2.0,0.0,13.33
3911,25060,25061,8.0,0.0,113.45
3912,25062,25063,3.0,0.0,30.35
3913,25160,25161,23.0,142.0,49.88
3914,25162,25163,8.0,0.0,37.13
3915,25178,25179,7.333,0.267,50.91
3916,25180,25181,30.667,195.867,18.38
3917,25206,25207,16.0,0.0,84.76
3918,25212,25213,13.627,164.838,39.7
3919,25230,25231,6.667,0.333,31.15
3920,25240,25241,11.0,124.6,1.36
3921,25242,25243,9.0,2.0,42.22
3922,25244,25245,6.0,0.0,29.02
3923,25246,25247,4.0,0.0,29.04
3924,25248,25249,3.0,0.0,31.58
3925,25252,25253,11.0,0.0,109.19
3926,25254,25255,1.565,0.348,20.25
3927,25256,25257,3.522,1.17,41.15
3928,25258,25259,31.957,3802.589,50.62
3929,25260,25261,51.545,8875.022,44.51
3930,25270,25271,2.786,0.181,33.84
3931,25272,25273,2.714,0.22,37.07
3932,25274,25275,2.286,0.22,29.12
3933,25276,25277,3.429,0.264,44.86
3934,25278,25279,2.286,0.22,31.2
3935,25280,25281,5.714,0.374,76.46
3936,25282,25283,6.643,0.401,85.6
3937,25286,25287,2.429,0.264,30.22
3938,25288,25289,3.214,0.335,42.23
3939,25290,25291,2.714,0.22,29.71
3940,25292,25293,2.8,0.171,31.32
3941,25294,25295,3.143,0.286,42.8
3942,25296,25297,2.714,0.22,34.99
3943,25298,25299,2.214,0.181,29.02
3944,25302,25303,3.071,0.225,36.32
3945,25304,25305,2.357,0.247,29.06
3946,25306,25307,2.143,0.132,29.15
3947,25308,25309,3.84,0.223,44.05
3948,25310,25311,5.16,0.473,62.7
3949,25314,25315,12.52,537.927,42.52
3950,25316,25317,1.429,0.257,15.92
3951,25318,25319,9.5,1.389,109.42
3952,25320,25321,36.778,4078.694,118.03
3953,25322,25323,11.286,1.114,136.21
3954,25326,25327,8.591,5.587,102.13
3955,25328,25329,1.083,0.083,7.62
3956,25330,25331,9.905,11.79,111.69
3957,25332,25333,1.579,0.257,22.17
3958,25334,25335,2.105,0.099,28.54
3959,25336,25337,4.474,0.819,54.76
3960,25338,25339,6.182,15.203,38.46
3961,25342,25343,1.5,0.267,10.1
3962,25344,25345,1.125,0.125,8.48
3963,25346,25347,1.1,0.1,4.49
3964,25348,25349,3.0,5.067,14.9
3965,25350,25351,41.545,7429.37,66.27
3966,25352,25353,41.093,4881.753,88.17
3967,25354,25355,8.355,1502.17,8.92
3968,25356,25357,55.167,5707.118,114.16
3969,25358,25359,37.195,7759.661,51.46
3970,25360,25361,5.667,0.544,73.34
3971,25362,25363,7.3,3.549,89.02
3972,25364,25365,17.297,221.437,155.22
3973,25366,25367,59.757,3355.578,76.57
3974,25368,25369,22.667,96.807,169.84
3975,25370,25371,2.421,0.25,27.28
3976,25372,25373,2.237,0.24,28.51
3977,25374,25375,5.923,0.915,77.38
3978,25376,25377,7.175,0.661,91.53
3979,25378,25379,6.625,19.522,41.69
3980,25380,25381,2.0,0.0,15.89
3981,25382,25383,6.875,0.982,53.43
3982,25386,25387,55.2,1872.314,187.46
3983,25388,25389,11.0,604.0,22.86
3984,25390,25391,24.286,2133.758,16.45
3985,25392,25393,33.9,531.042,141.04
3986,25394,25395,17.0,0.0,122.66
3987,25396,25397,10.0,2.0,74.62
3988,25398,25399,9.667,2.133,114.92
3989,25400,25401,3.619,9.648,37.59
3990,25402,25403,6.12,0.777,73.54
3991,25406,25407,8.042,62.998,59.12
3992,25408,25409,20.053,820.275,56.34
3993,25410,25411,39.286,1831.114,45.77
3994,25412,25413,10.462,1203.518,31.71
3995,25418,25419,5.0,0.839,60.26
3996,25420,25421,3.121,0.797,36.29
3997,25422,25423,1.25,0.25,12.29
3998,25426,25427,2.286,0.238,32.77
3999,25428,25429,4.0,0.333,51.47
4000,25430,25431,252.2,40117.2,36.12
4001,25432,25433,6.625,0.268,87.85
4002,25434,25435,3.75,3.357,31.75
4003,25436,25437,3.0,0.0,36.82
4004,25438,25439,259.0,145445.0,192.33
4005,25440,25441,5.5,25.667,39.8
4006,25442,25443,274.5,26993.0,81.96
4007,25444,25445,230.8,41224.2,24.14
4008,25446,25447,56.2,2753.7,8.13
4009,25448,25449,5.372,32.668,20.59
4010,25450,25451,36.72,6672.377,13.28
4011,25452,25453,158.545,26903.473,37.87
4012,25454,25455,20.0,2.0,142.09
4013,25456,25457,2.0,0.0,14.5
4014,25458,25459,9.0,2.0,64.37
4015,25460,25461,2.0,0.0,15.71
4016,25464,25465,12.5,0.5,91.38
4017,25466,25467,10.5,0.5,75.75
4018,25468,25469,18.5,0.5,129.31
4019,25470,25471,8.0,0.0,62.98
4020,25472,25473,13.0,0.0,92.01
4021,25474,25475,7.0,0.0,48.03
4022,25476,25477,10.0,0.0,71.56
4023,25482,25483,23.5,3.1,297.38
4024,25486,25487,1.143,0.143,11.21
4025,25506,25507,1.75,0.25,27.21
4026,25508,25509,3.75,0.25,49.89
4027,25510,25511,4.5,0.333,58.9
4028,25512,25513,5.25,0.25,67.44
4029,25518,25519,7.0,0.0,28.73
4030,25522,25523,6.0,0.0,24.01
4031,25532,25533,6.0,0.0,26.63
4032,25544,25545,2.5,0.278,19.21
4033,25548,25549,1.6,0.267,13.39
4034,25552,25553,1.867,0.257,22.2
4035,25554,25555,2.3,0.424,26.68
4036,25556,25557,3.533,0.533,39.57
4037,25558,25559,2.0,0.0,21.84
4038,25560,25561,3.5,0.273,43.16
4039,25562,25563,10.0,0.0,74.06
4040,25564,25565,7.0,0.0,62.01
4041,25566,25567,1.417,0.265,16.97
4042,25568,25569,2.167,0.333,20.75
4043,25570,25571,1.333,0.242,17.11
4044,25572,25573,4.333,0.242,54.64
4045,25574,25575,3.25,0.205,43.13
4046,25580,25581,4.667,0.267,56.78
4047,25582,25583,7.0,0.8,88.86
4048,25584,25585,4.0,0.0,46.94
4049,25586,25587,4.417,0.629,53.08
4050,25588,25589,5.083,0.811,65.55
4051,25592,25593,4.167,0.697,54.28
4052,25594,25595,1.7,0.233,19.67
4053,25596,25597,2.2,0.178,29.04
4054,25600,25601,1.111,0.111,12.13
4055,25602,25603,6.5,0.818,78.86
4056,25604,25605,2.25,0.205,27.31
4057,25606,25607,10.0,1.636,119.7
4058,25608,25609,11.846,1.474,142.5
4059,25622,25623,1.25,0.25,6.35
4060,25624,25625,8.0,28.667,61.83
4061,25626,25627,6.0,0.0,69.72
4062,25628,25629,5.8,0.2,62.03
4063,25632,25633,4.105,0.367,48.62
4064,25636,25637,4.619,0.348,56.7
4065,25638,25639,1.429,0.286,10.95
4066,25640,25641,19.667,97.867,62.26
4067,25656,25657,2.667,0.333,22.04
4068,25658,25659,2.667,0.333,20.35
4069,25670,25671,7.0,0.0,46.26
4070,25672,25673,9.0,0.0,59.0
4071,25674,25675,12.0,0.0,86.82
4072,25676,25677,3.0,0.0,17.07
4073,25678,25679,4.25,0.917,29.74
4074,25680,25681,6.4,6.8,38.18
4075,25682,25683,2.2,0.2,13.22
4076,25684,25685,4.5,1.0,32.35
4077,25686,25687,3.0,3.0,22.02
4078,25688,25689,4.333,0.333,30.85
4079,25690,25691,16.5,0.5,135.46
4080,25692,25693,8.0,0.0,80.61
4081,25694,25695,3.0,0.0,20.07
4082,25720,25721,23.0,0.0,88.3
4083,25722,25723,3.0,0.0,20.39
4084,25724,25725,11.0,0.0,69.02
4085,25726,25727,11.0,0.0,70.6
4086,25734,25735,5.5,0.5,43.41
4087,25736,25737,7.5,0.5,53.54
4088,25738,25739,1.167,0.167,11.05
4089,25740,25741,1.125,0.125,10.65
4090,25742,25743,3.5,0.286,44.63
4091,25744,25745,3.889,0.361,45.95
4092,25746,25747,1.778,0.194,19.87
4093,25748,25749,2.667,0.5,36.0
4094,25750,25751,19.444,534.278,148.53
4095,25752,25753,3.125,0.125,39.22
4096,25754,25755,1.375,0.268,18.44
4097,25756,25757,1.75,0.214,21.21
4098,25758,25759,1.222,0.194,18.67
4099,25760,25761,1.889,0.111,23.94
4100,25762,25763,1.667,0.25,22.69
4101,25764,25765,1.25,0.214,15.67
4102,25770,25771,6.0,0.0,75.99
4103,25772,25773,2.0,0.0,30.2
4104,25774,25775,4.667,0.333,63.37
4105,25776,25777,2.333,0.333,36.1
4106,25778,25779,3.0,0.0,37.87
4107,25780,25781,7.0,0.0,91.12
4108,25782,25783,1.667,0.333,19.28
4109,25784,25785,8.333,0.333,104.46
4110,25786,25787,9.0,19.0,83.14
4111,25788,25789,4.333,0.333,55.37
4112,25792,25793,13.826,724.696,42.47
4113,25802,25803,3.0,0.0,38.78
4114,25806,25807,3.0,0.0,39.99
4115,25808,25809,6.25,0.25,78.43
4116,25810,25811,2.0,0.0,20.8
4117,25812,25813,5.75,0.917,68.07
4118,25814,25815,3.167,0.567,37.74
4119,25816,25817,178.581,146663.652,197.57
4120,25818,25819,33.889,810.575,57.24
4121,25820,25821,19.167,1064.618,14.13
4122,25822,25823,7.034,7.749,49.48
4123,25824,25825,42.0,4237.68,35.9
4124,25826,25827,36.963,2742.345,34.97
4125,25828,25829,3.4,0.489,27.72
4126,25830,25831,6.6,1.156,48.43
4127,25832,25833,9.5,80.944,46.65
4128,25834,25835,6.9,0.544,47.9
4129,25836,25837,16.2,573.067,36.68
4130,25838,25839,3.182,0.364,21.26
4131,25840,25841,5.818,196.164,12.66
4132,25842,25843,1.818,0.364,11.13
4133,25844,25845,36.364,659.455,51.13
4134,25846,25847,189.0,86408.769,164.17
4135,25848,25849,41.833,2095.788,77.75
4136,25850,25851,83.4,58442.257,42.44
4137,25852,25853,28.5,2228.423,51.64
4138,25854,25855,10.4,409.822,6.28
4139,25856,25857,67.812,7299.896,25.3
4140,25858,25859,34.906,2604.023,87.4
4141,25860,25861,23.75,1650.452,46.53
4142,25862,25863,1.455,2.926,10.36
4143,25864,25865,5.065,35.596,33.7
4144,25866,25867,12.407,1.635,139.14
4145,25868,25869,8.115,64.826,66.72
4146,25870,25871,9.28,63.377,78.69
4147,25874,25875,3.429,3.546,38.44
4148,25876,25877,21.156,21.62,254.32
4149,25878,25879,18.097,180.824,91.29
4150,25880,25881,3.258,13.931,21.05
4151,25882,25883,3.419,23.385,17.12
4152,25884,25885,1.094,0.088,10.55
4153,25886,25887,3.086,11.081,24.66
4154,25888,25889,10.029,55.12,61.48
4155,25890,25891,5.273,20.142,36.73
4156,25892,25893,3.057,0.055,29.45
4157,25894,25895,17.5,220.5,62.5
4158,25896,25897,2.794,4.229,9.27
4159,25898,25899,7.346,489.115,7.36
4160,25900,25901,9.133,302.947,35.7
4161,25904,25905,1.6,0.3,19.63
4162,25908,25909,11.333,2.333,142.6
4163,25910,25911,7.667,0.333,98.42
4164,25912,25913,4.0,1.0,51.25
4165,25914,25915,9.0,1.0,106.97
4166,25916,25917,8.25,0.25,100.67
4167,25920,25921,11.0,1.0,134.86
4168,25922,25923,6.0,1.0,76.1
4169,25928,25929,5.333,0.333,63.35
4170,25930,25931,2.0,0.0,29.0
4171,25932,25933,2.885,0.346,37.3
4172,25934,25935,6.621,0.315,101.26
4173,25936,25937,1.5,0.5,7.9
4174,25940,25941,24.235,3735.566,10.41
4175,25942,25943,82.429,5435.957,73.71
4176,25946,25947,6.0,0.0,59.01
4177,25952,25953,24.0,0.0,108.84
4178,25958,25959,5.333,0.267,38.4
4179,25970,25971,17.0,0.0,79.17
4180,25980,25981,506.0,0.0,53.7
4181,25982,25983,517.0,0.0,81.54
4182,25984,25985,72.647,13194.493,79.04
4183,25986,25987,61.938,9782.996,77.19
4184,25990,25991,6.5,0.5,47.3
4185,25992,25993,7.0,1.0,47.32
4186,25994,25995,8.5,0.5,65.9
4187,25996,25997,7.0,2.0,53.35
4188,25998,25999,6.0,0.0,39.2
4189,26004,26005,4.0,0.0,34.47
4190,26008,26009,6.5,0.5,74.57
4191,26016,26017,3.333,0.25,42.7
4192,26018,26019,2.0,0.0,11.61
4193,26030,26031,12.0,0.0,66.62
4194,26046,26047,9.0,0.0,27.04
4195,26072,26073,14.464,9.591,204.98
4196,26074,26075,22.083,4496.083,24.23
4197,26076,26077,18.167,2471.97,41.17
4198,26078,26079,85.333,8133.152,163.14
4199,26080,26081,91.0,8840.2,129.63
4200,26082,26083,66.222,17519.194,49.32
4201,26094,26095,3.5,0.5,18.01
4202,26102,26103,1.071,0.071,7.41
4203,26104,26105,22.214,784.027,82.3
4204,26106,26107,19.714,1452.989,59.53
4205,26108,26109,42.857,4193.824,73.89
4206,26110,26111,22.5,3127.5,34.99
4207,26112,26113,28.462,4030.103,18.43
4208,26114,26115,21.929,1261.918,64.86
4209,26124,26125,6.0,0.0,29.49
4210,26138,26139,14.0,0.0,66.31
4211,26142,26143,13.0,0.0,144.81
4212,26144,26145,5.0,0.0,52.22
4213,26154,26155,4.0,0.0,24.12
4214,26162,26163,16.5,0.5,88.45
4215,26174,26175,12.0,0.0,58.12
4216,26192,26193,12.625,0.554,170.01
4217,26194,26195,5.25,0.786,60.54
4218,26196,26197,4.0,0.0,36.08
4219,26198,26199,1.6,6.75,12.48
4220,26200,26201,1.778,0.194,22.91
4221,26202,26203,29.2,5857.511,33.65
4222,26204,26205,2.0,0.0,23.36
4223,26206,26207,9.0,0.0,69.94
4224,26218,26219,6.0,0.0,53.43
4225,26220,26221,3.0,0.0,29.3
4226,26222,26223,9.0,0.0,74.53
4227,26224,26225,4.0,0.0,32.13
4228,26226,26227,7.0,0.0,49.81
4229,26228,26229,14.0,0.0,104.31
4230,26244,26245,7.0,0.0,36.2
4231,26256,26257,8.0,0.0,64.16
4232,26258,26259,6.0,0.0,48.55
4233,26272,26273,30.0,0.0,186.58
4234,26310,26311,16.0,0.0,171.05
4235,26314,26315,7.5,0.5,78.93
4236,26316,26317,6.0,0.0,59.14
4237,26318,26319,14.0,0.0,134.29
4238,26320,26321,8.0,0.0,83.51
4239,26322,26323,19.25,0.25,233.21
4240,26324,26325,11.333,16.333,115.3
4241,26326,26327,3.0,0.0,18.59
4242,26328,26329,18.0,2.0,231.1
4243,26330,26331,13.5,4.5,157.92
4244,26332,26333,7.75,0.25,119.41
4245,26334,26335,5.2,0.2,82.74
4246,26336,26337,6.8,3.2,95.36
4247,26338,26339,2.286,0.905,23.62
4248,26342,26343,1.25,0.386,7.94
4249,26344,26345,45.923,5406.577,15.91
4250,26350,26351,11.0,0.0,51.1
4251,26352,26353,10.5,0.5,47.7
4252,26354,26355,10.5,0.5,43.39
4253,26358,26359,9.0,0.0,43.02
4254,26362,26363,3.389,0.252,37.53
4255,26364,26365,1.333,0.238,16.37
4256,26366,26367,11.867,1.267,150.21
4257,26368,26369,26.75,3393.933,66.86
4258,26370,26371,49.062,6601.396,105.82
4259,26372,26373,139.312,72419.696,96.79
4260,26374,26375,35.647,6138.243,54.4
4261,26376,26377,11.824,296.904,39.2
4262,26378,26379,8.412,304.632,22.07
4263,26380,26381,34.412,758.507,37.77
4264,26386,26387,22.0,0.0,121.4
4265,26390,26391,23.5,12.5,166.93
4266,26392,26393,247.333,173280.333,59.13
4267,26394,26395,266.333,175456.333,56.77
4268,26396,26397,354.0,147968.0,132.14
4269,26398,26399,51.25,3192.917,165.22
4270,26400,26401,685.5,330484.5,66.66
4271,26406,26407,3.0,0.0,20.78
4272,26416,26417,75.833,26810.167,83.61
4273,26420,26421,244.2,117570.2,40.37
4274,26422,26423,4.0,0.667,27.6
4275,26424,26425,51.6,11931.8,19.11
4276,26426,26427,33.6,3150.8,59.65
4277,26428,26429,42.5,5427.0,39.17
4278,26432,26433,9.0,320.0,8.02
4279,26434,26435,209.2,96846.2,51.55
4280,26442,26443,15.0,0.0,79.7
4281,26446,26447,27.1,5.433,203.67
4282,26448,26449,7.3,1.122,53.79
4283,26454,26455,17.444,1.278,132.67
4284,26456,26457,15.7,4.233,116.24
4285,26460,26461,2.0,0.0,14.57
4286,26476,26477,18.0,0.0,143.16
4287,26478,26479,9.0,0.0,69.68
4288,26480,26481,2.667,8.333,0.75
4289,26484,26485,3.0,0.0,13.69
4290,26506,26507,5.0,0.0,25.86
4291,26512,26513,5.0,0.5,23.84
4292,26522,26523,22.0,0.0,110.42
4293,26540,26541,7.643,272.093,9.84
4294,26544,26545,6.298,0.866,79.22
4295,26546,26547,4.348,1.076,51.29
4296,26548,26549,8.761,3.964,104.74
4297,26568,26569,3.0,0.0,16.45
4298,26570,26571,5.0,0.0,35.48
4299,26578,26579,6.0,0.0,45.07
4300,26584,26585,5.0,0.0,27.61
4301,26586,26587,297.143,186004.143,152.67
4302,26588,26589,1857.5,2365312.5,172.95
4303,26590,26591,40.667,2134.333,104.44
4304,26592,26593,10.0,2.0,75.08
4305,26594,26595,3.0,0.0,23.08
4306,26596,26597,5.0,2.0,34.86
4307,26620,26621,8.833,218.567,20.7
4308,26626,26627,336.0,0.0,90.9
4309,26636,26637,10.0,0.0,130.13
4310,26638,26639,6.5,0.5,90.56
4311,26654,26655,11.0,0.0,87.15
4312,26668,26669,4.5,4.5,18.65
4313,26678,26679,1.567,0.254,22.31
4314,26680,26681,1.29,0.213,16.65
4315,26686,26687,11.5,112.5,17.35
4316,26706,26707,20.0,0.0,13.23
4317,26720,26721,7.0,0.0,30.34
4318,26722,26723,34.0,0.0,68.66
4319,26742,26743,2.0,0.0,11.4
4320,26772,26773,4.0,0.0,15.28
4321,26780,26781,3.0,0.0,11.93
4322,26784,26785,5.0,0.0,25.52
4323,26796,26797,15.0,0.0,73.91
4324,26806,26807,25.0,0.0,103.74
4325,26860,26861,4.0,0.0,21.09
4326,26872,26873,10.0,0.0,51.37
4327,26894,26895,5.0,0.0,23.69
4328,26920,26921,3.0,1.0,13.41
4329,26922,26923,21.0,8.0,93.82
4330,26924,26925,40.0,0.0,72.92
4331,26948,26949,5.0,0.0,32.07
4332,26950,26951,37.0,0.0,236.22
4333,26958,26959,2.889,0.111,27.37
4334,26960,26961,8.433,0.875,170.68
4335,26984,26985,4.294,0.221,47.31
4336,26986,26987,11.062,69.129,129.01
4337,27026,27027,7.0,0.0,56.31
4338,27028,27029,25.0,0.0,81.01
4339,27034,27035,7.0,0.0,57.34
4340,27040,27041,32.5,40.5,208.41
4341,27048,27049,6.667,0.333,82.79
4342,27050,27051,4.0,0.0,43.66
4343,27056,27057,2.0,0.0,19.8
4344,27058,27059,7.667,0.333,96.65
4345,27060,27061,9.0,7.0,87.12
4346,27064,27065,4.0,0.0,37.16
4347,27066,27067,7.0,0.0,79.3
4348,27068,27069,5.0,0.0,49.22
4349,27080,27081,3.25,0.25,35.03
4350,27082,27083,4.4,0.8,49.14
4351,27084,27085,6.0,0.667,68.17
4352,27086,27087,5.75,0.25,65.0
4353,27090,27091,2.25,0.25,29.2
4354,27092,27093,3.5,0.333,39.12
4355,27094,27095,34.8,415.733,119.57
4356,27098,27099,4.0,0.0,17.96
4357,27104,27105,3.0,0.0,18.2
4358,27110,27111,25.0,337.0,30.11
4359,27112,27113,9.667,2.333,68.53
4360,27114,27115,2.0,0.0,18.47
4361,27116,27117,1.5,0.5,13.78
4362,27118,27119,2.0,0.0,17.7
4363,27140,27141,25.0,0.0,119.42
4364,27148,27149,6.6,0.3,51.49
4365,27150,27151,9.75,0.917,70.52
4366,27192,27193,7.0,0.0,53.0
4367,27194,27195,7.0,0.0,56.57
4368,27202,27203,1.25,0.2,8.85
4369,27204,27205,2.368,0.246,18.9
4370,27208,27209,13.2,2.844,232.5
4371,27212,27213,28.5,0.5,158.99
4372,27214,27215,30.0,2.0,173.6
4373,27268,27269,33.0,8.0,167.77
4374,27270,27271,33.0,0.0,164.84
4375,27272,27273,19.0,0.0,94.72
4376,27274,27275,38.0,0.0,188.74
4377,27276,27277,4.0,0.0,16.39
4378,27284,27285,37.0,0.0,131.02
4379,27304,27305,14.5,12.5,105.22
4380,27306,27307,4.0,2.0,26.96
4381,27308,27309,21.5,0.5,134.37
4382,27318,27319,415.0,0.0,75.83
4383,27322,27323,37.714,19.571,267.78
4384,27324,27325,188.429,196390.286,43.89
4385,27326,27327,1.286,0.238,9.98
4386,27328,27329,323.25,230422.917,45.93
4387,27330,27331,2.5,0.5,0.37
4388,27332,27333,11.667,1.333,82.66
4389,27334,27335,6.0,0.0,55.52
4390,27336,27337,3.0,0.0,24.72
4391,27338,27339,7.0,0.0,57.97
4392,27340,27341,2.0,0.0,14.49
4393,27342,27343,2.5,0.5,14.99
4394,27344,27345,6.0,0.0,47.86
4395,27346,27347,2.0,0.0,19.4
4396,27348,27349,4.0,0.0,24.85
4397,27356,27357,6.0,0.0,44.8
4398,27358,27359,5.0,0.0,34.15
4399,27360,27361,3.0,0.0,25.34
4400,27364,27365,7.0,0.0,43.23
4401,27366,27367,4.0,0.0,27.79
4402,27374,27375,1.4,0.257,16.41
4403,27378,27379,5.882,6.61,47.21
4404,27388,27389,41.667,846.606,111.62
4405,27390,27391,17.167,575.242,16.22
4406,27392,27393,3.636,1.255,30.01
4407,27394,27395,1.545,0.473,12.4
4408,27416,27417,5.0,0.0,20.96
4409,27524,27525,5.0,0.0,31.8
4410,27526,27527,1417.5,154012.5,1102.08
4411,27534,27535,3.5,0.5,45.58
4412,27540,27541,2.0,0.0,12.73
4413,27542,27543,2.0,0.0,19.45
4414,27544,27545,21.0,0.0,275.92
4415,27546,27547,5.0,0.0,46.52
4416,27548,27549,3.167,0.152,64.02
4417,27550,27551,9.417,0.447,196.8
4418,27558,27559,16.7,1.122,323.47
4419,27586,27587,5.042,15.147,46.6
4420,27588,27589,10.062,65.081,78.02
4421,27590,27591,17.327,88.683,49.12
4422,27592,27593,30.878,486.276,155.59
4423,27606,27607,7.0,0.0,68.21
4424,27608,27609,2.556,0.278,30.62
4425,27610,27611,1.286,0.571,9.19
4426,27612,27613,20.111,1824.611,70.41
4427,27614,27615,29.143,4603.143,37.03
4428,27616,27617,5.0,0.0,48.18
4429,27618,27619,5.333,2.333,57.61
4430,27620,27621,9.0,0.0,119.91
4431,27622,27623,2.0,0.0,14.91
4432,27624,27625,42.8,4204.7,45.48
4433,27634,27635,18.0,0.0,136.23
4434,27638,27639,10.0,0.0,70.14
4435,27644,27645,8.0,0.0,61.27
4436,27650,27651,9.0,0.0,60.21
4437,27652,27653,17.0,0.0,113.34
4438,27654,27655,8.0,0.0,51.17
4439,27670,27671,19.0,0.0,88.73
4440,27684,27685,8.5,0.5,40.49
4441,27710,27711,28.625,13.411,215.44
4442,27712,27713,5.25,1.071,38.65
4443,27714,27715,10.25,1.643,75.8
4444,27716,27717,2.0,0.286,16.03
4445,27718,27719,6.625,0.839,47.92
4446,27720,27721,7.625,0.839,56.03
4447,27736,27737,3.312,4.867,35.43
4448,27738,27739,1.677,0.359,21.23
4449,27740,27741,2.333,3.954,18.31
4450,27742,27743,3.103,8.382,14.85
4451,27744,27745,3.069,0.209,37.49
4452,27748,27749,1.552,0.328,19.55
4453,27750,27751,1.037,0.037,10.9
4454,27752,27753,1.161,0.14,14.67
4455,27754,27755,4.065,184.062,7.59
4456,27756,27757,25.17,1034.144,29.96
4457,27758,27759,3.8,0.314,45.16
4458,27762,27763,1.426,0.25,17.75
4459,27768,27769,2.079,0.561,24.15
4460,27770,27771,2.237,0.186,26.79
4461,27772,27773,6.189,13.491,68.04
4462,27774,27775,7.135,31.731,58.18
4463,27776,27777,8.838,78.362,35.36
4464,27778,27779,1.074,0.071,12.88
4465,27782,27783,2.75,0.343,32.96
4466,27784,27785,4.429,0.402,56.42
4467,27786,27787,7.724,1.064,92.24
4468,27788,27789,3.333,0.333,30.25
4469,27790,27791,9.933,103.109,20.81
4470,27792,27793,6.724,58.278,56.19
4471,27794,27795,2.9,24.937,13.64
4472,27796,27797,6.643,66.46,63.31
4473,27798,27799,25.179,300.3,70.41
4474,27800,27801,31.75,3337.848,29.24
4475,27802,27803,61.429,5572.879,41.37
4476,27804,27805,255.286,141690.681,77.18
4477,27806,27807,93.769,27541.192,75.47
4478,27808,27809,125.818,41280.764,74.44
4479,27810,27811,45.357,5201.632,29.22
4480,27812,27813,5.143,120.143,5.12
4481,27814,27815,46.143,7300.901,29.02
4482,27816,27817,20.143,1076.901,23.04
4483,27824,27825,2.0,0.0,9.68
4484,27826,27827,13.0,0.0,74.72
4485,27830,27831,10.0,2.0,69.59
4486,27842,27843,9.0,0.0,59.78
4487,27860,27861,14.0,0.0,63.93
4488,27864,27865,4.333,0.333,32.59
4489,27866,27867,2.333,0.333,16.79
4490,27868,27869,3.0,0.0,19.68
4491,27870,27871,4.0,0.0,30.74
4492,27872,27873,2.0,0.0,18.79
4493,27874,27875,3.75,0.917,26.36
4494,27878,27879,3.333,0.333,22.83
4495,27880,27881,3.75,0.917,25.51
4496,27882,27883,5.0,0.0,31.57
4497,27884,27885,5.5,0.5,41.82
4498,27886,27887,7.0,0.0,49.84
4499,27888,27889,3.5,0.5,23.6
4500,27896,27897,28.0,0.0,67.36
4501,27904,27905,12.0,0.0,91.13
4502,27908,27909,4.0,0.0,30.81
4503,27910,27911,8.0,0.0,60.3
4504,27912,27913,6.0,0.0,52.28
4505,27926,27927,7.0,0.0,53.61
4506,27928,27929,8.0,0.0,66.52
4507,27930,27931,6.0,0.0,53.22
4508,27932,27933,4.0,0.0,27.76
4509,27944,27945,2.444,0.278,34.28
4510,27946,27947,11.222,1.194,151.97
4511,27948,27949,2.364,0.255,28.8
4512,27950,27951,1.636,0.255,20.16
4513,27952,27953,3.455,0.273,46.34
4514,27954,27955,1.5,0.273,16.43
4515,27956,27957,2.846,0.308,32.61
4516,27962,27963,11.0,0.0,79.28
4517,27984,27985,10.0,0.0,68.16
4518,27986,27987,19.0,0.0,145.48
4519,27988,27989,9.0,0.0,67.92
4520,27990,27991,4.0,0.0,28.43
4521,27996,27997,29.0,0.0,61.49
4522,28028,28029,6.714,0.804,97.37
4523,28030,28031,12.0,0.0,185.46
4524,28034,28035,8.0,0.0,48.24
4525,28040,28041,13.0,0.0,102.82
4526,28042,28043,7.0,0.0,54.16
4527,28048,28049,22.0,0.0,187.33
4528,28060,28061,17.5,0.5,117.09
4529,28070,28071,2.0,0.0,13.14
4530,28074,28075,3.0,0.0,19.9
4531,28082,28083,21.0,0.0,121.86
4532,28084,28085,7.0,0.0,65.27
4533,28096,28097,4.5,0.5,35.73
4534,28098,28099,2.0,0.0,20.42
4535,28100,28101,6.0,0.0,48.39
4536,28104,28105,10.0,0.0,84.02
4537,28118,28119,13.0,0.0,124.44
4538,28128,28129,30.0,0.0,163.46
4539,28134,28135,3.0,0.0,15.26
4540,28136,28137,8.0,0.0,54.85
4541,28138,28139,3.0,0.0,17.69
4542,28150,28151,55.0,0.0,93.7
4543,28152,28153,37.0,0.0,2.14
4544,28160,28161,20.0,0.0,252.74
4545,28174,28175,17.5,24.5,116.76
4546,28176,28177,4.667,0.333,26.9
4547,28198,28199,41.0,0.0,97.37
4548,28200,28201,2.5,0.328,30.57
4549,28204,28205,1.067,0.064,15.38
4550,28206,28207,2.3,0.286,27.03
4551,28208,28209,15.345,2.591,193.19
4552,28210,28211,3.897,0.453,49.34
4553,28212,28213,4.5,0.571,48.36
4554,28214,28215,1.429,0.286,16.97
4555,28216,28217,9.571,1.286,99.37
4556,28218,28219,5.429,0.286,58.01
4557,28222,28223,9.615,658.923,19.01
4558,28224,28225,83.833,20203.97,83.04
4559,28232,28233,10.0,0.0,40.69
4560,28236,28237,7.0,0.0,44.64
4561,28242,28243,4.0,0.0,23.2
4562,28244,28245,6.0,0.0,33.14
4563,28258,28259,125.25,18648.25,43.16
4564,28260,28261,285.5,69691.667,41.2
4565,28262,28263,189.75,10870.25,56.58
4566,28264,28265,12.0,0.0,77.46
4567,28268,28269,7.0,0.0,58.22
4568,28286,28287,2.0,0.0,13.48
4569,28288,28289,12.0,0.0,81.58
4570,28290,28291,10.0,0.0,63.65
4571,28292,28293,16.0,1.0,105.05
4572,28304,28305,95.667,6966.333,137.89
4573,28306,28307,19.0,0.0,135.21
4574,28322,28323,5.0,0.0,41.16
4575,28324,28325,7.0,0.0,56.01
4576,28326,28327,2.0,0.0,21.88
4577,28328,28329,3.0,0.0,25.36
4578,28338,28339,18.0,0.0,152.57
4579,28342,28343,2.667,0.333,19.17
4580,28344,28345,7.667,0.333,54.91
4581,28348,28349,4.333,0.333,29.63
4582,28350,28351,7.0,1.0,48.5
4583,28352,28353,4.667,0.333,34.78
4584,28354,28355,2.333,0.333,16.24
4585,28356,28357,6.0,1.0,43.15
4586,28358,28359,6.667,0.333,46.32
4587,28362,28363,3.25,0.25,23.74
4588,28364,28365,34.75,2960.917,27.15
4589,28366,28367,6.333,1.333,47.68
4590,28368,28369,1.667,0.333,11.42
4591,28370,28371,4.0,1.0,29.17
4592,28372,28373,9.667,2.333,70.09
4593,28374,28375,2.667,0.333,20.9
4594,28376,28377,10.5,4.5,76.64
4595,28380,28381,15.0,0.0,87.84
4596,28382,28383,10.0,0.0,29.52
4597,28384,28385,15.0,0.0,38.71
4598,28386,28387,17.0,0.0,46.55
4599,28392,28393,31.0,0.0,37.45
4600,28394,28395,4.0,0.0,7.57
4601,28396,28397,4.0,0.0,10.22
4602,28398,28399,5.0,0.0,12.71
4603,28400,28401,8.0,0.0,17.98
4604,28402,28403,7.0,0.0,16.79
4605,28408,28409,48.0,0.0,97.57
4606,28410,28411,43.0,0.0,80.73
4607,28412,28413,5.0,0.0,37.45
4608,28414,28415,4.0,0.0,22.37
4609,28420,28421,3.0,0.0,20.95
4610,28436,28437,6.0,2.0,42.55
4611,28442,28443,4.0,0.0,27.74
4612,28444,28445,4.5,0.5,30.77
4613,28446,28447,3.5,0.5,25.64
4614,28454,28455,10.0,0.0,21.24
4615,28460,28461,15.0,0.0,26.89
4616,28464,28465,13.5,12.5,27.09
4617,28478,28479,186.667,27022.333,16.68
4618,28480,28481,2.062,0.062,18.89
4619,28482,28483,5.812,0.429,74.5
4620,28488,28489,2.5,0.5,8.82
4621,28490,28491,17.0,4.0,35.86
4622,28492,28493,10.75,2.25,22.9
4623,28494,28495,9.6,1.3,20.51
4624,28496,28497,2.8,0.2,20.92
4625,28498,28499,25.5,11.0,190.42
4626,28500,28501,3.4,0.3,26.98
4627,28502,28503,1.2,0.2,10.74
4628,28506,28507,13.714,2.571,99.59
4629,28508,28509,5.429,0.286,37.35
4630,28510,28511,7.167,0.967,49.48
4631,28512,28513,2.833,0.567,18.59
4632,28514,28515,4.333,22.667,15.51
4633,28516,28517,4.0,0.0,33.07
4634,28518,28519,5.0,0.0,37.74
4635,28520,28521,6.0,0.0,42.77
4636,28522,28523,8.0,0.0,60.05
4637,28524,28525,2.5,0.333,15.22
4638,28526,28527,3.385,0.423,42.27
4639,28528,28529,2.278,0.565,25.18
4640,28530,28531,22.167,256.265,56.3
4641,28532,28533,10.333,1.467,76.77
4642,28534,28535,2.286,0.238,18.09
4643,28536,28537,3.286,0.238,38.52
4644,28538,28539,2.857,0.143,35.77
4645,28540,28541,2.462,0.269,27.56
4646,28542,28543,3.077,0.244,39.2
4647,28546,28547,2.182,0.164,22.04
4648,28556,28557,1.333,0.25,17.93
4649,28558,28559,3.111,0.361,23.46
4650,28564,28565,8.0,0.0,58.89
4651,28566,28567,23.0,0.0,153.62
4652,28568,28569,10.25,0.917,81.29
4653,28570,28571,2.25,0.25,20.95
4654,28574,28575,5.0,0.0,41.08
4655,28576,28577,7.0,0.0,61.69
4656,28584,28585,305.0,90738.0,26.84
4657,28586,28587,90.0,14450.0,7.79
4658,28590,28591,12.0,0.0,27.75
4659,28596,28597,2.889,0.111,29.34
4660,28614,28615,4.0,0.0,35.55
4661,28620,28621,7.0,0.0,46.15
4662,28622,28623,12.0,50.0,113.7
4663,28624,28625,2.0,0.0,10.53
4664,28626,28627,7.0,0.0,47.82
4665,28628,28629,10.0,0.0,71.38
4666,28646,28647,49.2,8367.289,68.04
4667,28648,28649,2.2,1.733,22.08
4668,28650,28651,29.1,6698.767,30.37
4669,28652,28653,3.667,0.333,36.32
4670,28654,28655,39.19,5776.162,67.51
4671,28656,28657,64.364,11359.957,85.26
4672,28658,28659,43.273,3583.255,69.6
4673,28660,28661,69.524,6257.062,95.42
4674,28662,28663,142.952,37272.448,132.05
4675,28664,28665,31.81,5179.562,40.83
4676,28666,28667,2.0,0.0,16.65
4677,28668,28669,437.0,0.0,58.97
4678,28670,28671,5.143,33.476,7.54
4679,28672,28673,34.857,2081.476,19.63
4680,28680,28681,14.0,0.0,67.68
4681,28686,28687,2.292,0.216,25.7
4682,28688,28689,7.0,0.0,45.75
4683,28690,28691,326.0,0.0,67.28
4684,28696,28697,13.0,0.0,52.85
4685,28700,28701,12.0,0.0,54.32
4686,28702,28703,28.5,3108.7,41.5
4687,28708,28709,25.882,2232.86,105.71
4688,28710,28711,1.059,0.059,13.14
4689,28718,28719,2.667,0.333,12.92
4690,28720,28721,8.333,2.333,45.58
4691,28736,28737,12.091,1.491,85.85
4692,28738,28739,8.091,4.491,49.39
4693,28748,28749,4.111,0.111,47.29
4694,28750,28751,4.333,0.25,41.54
4695,28752,28753,8.0,0.25,101.02
4696,28754,28755,13.0,1341.636,60.89
4697,28756,28757,24.85,3406.766,73.6
4698,28758,28759,9.0,24.706,77.57
4699,28762,28763,2.333,0.333,20.62
4700,28764,28765,7.333,1.333,52.67
4701,28766,28767,14.667,202.333,35.53
4702,28774,28775,18.0,0.0,68.24
4703,28776,28777,3.0,0.0,10.08
4704,28778,28779,15.0,0.0,59.01
4705,28780,28781,10.0,3.0,49.14
4706,28782,28783,8.2,1.2,40.22
4707,28784,28785,8.0,1.5,38.41
4708,28786,28787,8.667,0.667,40.06
4709,28788,28789,10.5,1.1,48.68
4710,28792,28793,10.0,0.0,58.25
4711,28806,28807,12.333,0.333,82.41
4712,28808,28809,41.0,0.0,200.7
4713,28810,28811,21.0,0.0,107.6
4714,28814,28815,2.0,0.0,8.75
4715,28816,28817,2.0,0.0,12.16
4716,28824,28825,7.4,1.3,52.33
4717,28826,28827,18.4,2.8,125.37
4718,28830,28831,4.8,0.2,31.04
4719,28832,28833,128.6,70627.3,62.62
4720,28834,28835,123.0,26766.0,65.72
4721,28836,28837,133.25,58484.25,77.16
4722,28838,28839,741.667,346706.333,74.91
4723,28840,28841,459.667,109590.333,78.24
4724,28842,28843,251.0,0.0,84.23
4725,28850,28851,15.0,0.0,114.49
4726,28852,28853,4.0,0.0,28.52
4727,28878,28879,9.333,0.333,67.04
4728,28880,28881,11.0,0.0,96.66
4729,28882,28883,5.0,0.0,15.98
4730,28886,28887,258.0,0.0,122.66
4731,28888,28889,18.0,0.0,224.43
4732,28890,28891,28.0,0.0,218.49
4733,28894,28895,29.0,0.0,271.65
4734,28898,28899,18.182,21.964,147.34
4735,28900,28901,7.273,0.818,48.2
4736,28906,28907,11.0,0.0,86.09
4737,28908,28909,9.0,0.0,58.54
4738,28918,28919,22.0,0.0,143.83
4739,28928,28929,1.167,0.167,5.41
4740,28936,28937,9.111,0.111,103.16
4741,28938,28939,92.909,19987.691,183.6
4742,28940,28941,105.583,14312.629,102.07
4743,28952,28953,1.8,0.178,14.15
4744,28958,28959,12.333,0.333,146.12
4745,28960,28961,33.5,220.5,224.52
4746,28964,28965,1.5,0.278,14.88
4747,28988,28989,9.0,0.0,57.52
4748,28996,28997,13.8,583.2,17.57
4749,28998,28999,5.5,0.333,40.72
4750,29000,29001,11.75,1.583,86.66
4751,29002,29003,9.25,0.917,68.47
4752,29004,29005,4.167,2.567,26.45
4753,29006,29007,18.167,1273.367,26.99
4754,29008,29009,442.5,142791.9,91.86
4755,29018,29019,14.5,84.5,44.21
4756,29022,29023,4.0,0.0,13.78
4757,29032,29033,34.0,0.0,173.22
4758,29034,29035,51.5,12.5,226.12
4759,29036,29037,4.5,0.5,37.08
4760,29038,29039,6.333,0.333,47.2
4761,29046,29047,10.0,0.0,65.01
4762,29048,29049,10.0,0.0,69.2
4763,29050,29051,2.0,2.0,24.74
4764,29052,29053,5.0,0.0,34.11
4765,29054,29055,3.0,0.0,24.98
4766,29062,29063,10.077,1.577,77.16
4767,29064,29065,5.059,0.559,36.96
4768,29066,29067,2.0,0.0,22.67
4769,29070,29071,4.0,0.0,53.04
4770,29072,29073,4.0,0.0,25.82
4771,29084,29085,3.0,0.0,18.58
4772,29090,29091,4.0,0.0,28.46
4773,29120,29121,21.0,0.0,154.84
4774,29124,29125,7.0,0.0,71.71
4775,29138,29139,3.0,0.0,24.9
4776,29168,29169,4.0,0.0,22.92
4777,29170,29171,6.0,0.0,45.53
4778,29180,29181,4.5,0.333,36.41
4779,29182,29183,3.25,0.25,28.86
4780,29184,29185,2.5,0.333,20.13
4781,29188,29189,13.0,0.667,103.62
4782,29190,29191,15.667,2.333,120.87
4783,29192,29193,12.333,1.333,89.84
4784,29194,29195,3.0,2.0,19.38
4785,29200,29201,8.0,0.0,64.78
4786,29222,29223,14.0,0.0,75.42
4787,29228,29229,2.5,0.5,14.43
4788,29238,29239,8.0,0.0,50.54
4789,29258,29259,1.5,0.5,8.91
4790,29262,29263,10.0,192.0,15.21
4791,29266,29267,2.25,0.25,19.96
4792,29272,29273,2.667,0.333,17.86
4793,29276,29277,1.667,0.333,13.38
4794,29284,29285,4.0,0.0,28.14
4795,29296,29297,2.0,0.0,15.92
4796,29298,29299,2.0,0.0,19.69
4797,29320,29321,99.333,20090.333,129.58
4798,29324,29325,7.0,0.0,54.54
4799,29326,29327,11.0,0.0,76.74
4800,29344,29345,15.0,0.0,117.87
4801,29370,29371,3.0,0.0,19.78
4802,29386,29387,7.0,0.0,47.53
4803,29390,29391,5.0,0.0,35.65
4804,29392,29393,3.0,0.0,23.16
4805,29394,29395,7.0,0.0,47.23
4806,29396,29397,2.0,0.0,15.79
4807,29400,29401,5.0,0.0,37.37
4808,29402,29403,7.5,0.5,59.5
4809,29404,29405,5.0,0.0,38.14
4810,29406,29407,5.875,0.411,68.51
4811,29410,29411,6.25,0.5,78.16
4812,29412,29413,7.625,0.268,93.23
4813,29414,29415,7.25,0.786,89.8
4814,29416,29417,3.0,0.0,33.79
4815,29418,29419,2.0,0.0,31.72
4816,29420,29421,8.0,0.0,124.74
4817,29422,29423,4.0,0.0,32.19
4818,29424,29425,2.0,0.0,14.64
4819,29426,29427,5.0,0.0,47.52
4820,29444,29445,2.333,0.333,29.37
4821,29448,29449,3.0,0.0,39.94
4822,29450,29451,5.5,0.5,24.38
4823,29460,29461,6.727,0.818,51.64
4824,29464,29465,4.8,0.2,55.73
4825,29466,29467,5.4,0.3,72.84
4826,29470,29471,2.0,0.0,13.09
4827,29486,29487,5.0,0.0,38.12
4828,29504,29505,2.0,0.0,11.22
4829,29506,29507,2.0,0.0,9.98
4830,29514,29515,5.889,0.361,46.58
4831,29516,29517,14.0,0.5,106.98
4832,29518,29519,4.889,0.611,35.71
4833,29520,29521,7.111,0.611,52.41
4834,29522,29523,7.0,0.25,54.77
4835,29542,29543,3.0,0.0,17.37
4836,29554,29555,2.25,0.25,13.67
4837,29568,29569,7.0,0.0,57.34
4838,29580,29581,6.0,0.0,76.1
4839,29582,29583,4.0,0.0,35.37
4840,29584,29585,5.909,1.691,36.78
4841,29588,29589,59.917,2568.447,73.03
4842,29592,29593,8.0,0.0,56.59
4843,29594,29595,11.0,0.0,78.0
4844,29602,29603,12.0,0.0,91.01
4845,29604,29605,7.0,0.0,55.57
4846,29606,29607,13.0,0.0,104.12
4847,29608,29609,287.0,0.0,20.29
4848,29618,29619,13.0,0.0,97.37
4849,29624,29625,4.5,0.5,42.03
4850,29626,29627,3.0,0.0,27.87
4851,29628,29629,5.0,0.0,46.88
4852,29638,29639,8.0,0.0,78.24
4853,29640,29641,7.0,0.0,47.26
4854,29652,29653,16.5,4.5,112.58
4855,29656,29657,5.0,0.0,39.46
4856,29658,29659,6.0,0.0,42.65
4857,29660,29661,13.0,0.0,92.09
4858,29684,29685,16.0,0.0,132.35
4859,29688,29689,9.5,0.5,73.75
4860,29692,29693,27.0,0.0,340.84
4861,29694,29695,20.0,0.0,92.54
4862,29728,29729,4.824,0.279,54.29
4863,29730,29731,3.167,1.088,37.46
4864,29732,29733,4.938,0.463,60.71
4865,29734,29735,2.562,0.396,34.06
4866,29736,29737,8.0,0.667,64.75
4867,29738,29739,2.75,0.25,20.92
4868,29740,29741,4.25,0.25,32.39
4869,29742,29743,2.25,0.25,17.12
4870,29744,29745,3.25,0.25,24.82
4871,29746,29747,51.0,48.0,234.86
4872,29758,29759,14.714,5.905,224.36
4873,29760,29761,5.625,0.839,71.42
4874,29764,29765,2.0,0.0,14.65
4875,29766,29767,163.767,15887.633,210.63
4876,29770,29771,10.75,1.477,131.17
4877,29772,29773,12.083,2.811,129.19
4878,29774,29775,2.8,0.2,21.65
4879,29776,29777,12.75,1.583,96.1
4880,29778,29779,11.0,0.0,81.5
4881,29780,29781,51.35,9071.187,54.84
4882,29782,29783,58.5,12968.684,24.46
4883,29786,29787,12.0,0.0,100.83
4884,29794,29795,2.0,0.667,22.36
4885,29796,29797,69.333,6729.333,77.5
4886,29802,29803,19.0,0.0,118.83
4887,29806,29807,16.0,0.0,122.91
4888,29808,29809,14.0,0.0,112.5
4889,29810,29811,5.0,1.0,34.18
4890,29812,29813,17.333,56.333,60.41
4891,29830,29831,8.0,0.0,87.36
4892,29846,29847,10.0,0.0,86.56
4893,29866,29867,7.0,0.0,42.19
4894,29880,29881,4.667,0.333,38.49
4895,29882,29883,8.0,0.0,55.74
4896,29884,29885,14.5,59.667,48.94
4897,29886,29887,23.0,0.0,186.57
4898,29890,29891,22.0,0.0,165.95
4899,29892,29893,93.5,17112.5,14.24
4900,29894,29895,5.333,44.333,9.47
4901,29898,29899,1.5,0.5,15.81
4902,29900,29901,84.0,19683.0,24.2
4903,29902,29903,209.667,76515.067,72.31
4904,29904,29905,11.0,500.0,5.16
4905,29906,29907,10.0,0.0,73.53
4906,29908,29909,3.5,0.5,26.38
4907,29910,29911,2.25,0.25,14.72
4908,29912,29913,40.5,2825.5,38.47
4909,29914,29915,155.375,7667.696,60.42
4910,29916,29917,241.0,29027.333,75.94
4911,29920,29921,7.0,0.0,57.78
4912,29926,29927,3.0,19.6,12.25
4913,29928,29929,13.833,354.167,8.43
4914,29930,29931,10.0,20.923,87.87
4915,29934,29935,3.0,0.0,23.18
4916,29936,29937,81.0,0.0,541.84
4917,29952,29953,37.333,556.333,116.97
4918,29954,29955,3.0,8.0,5.58
4919,29956,29957,8.0,0.0,47.78
4920,29960,29961,20.2,2942.779,15.22
4921,29962,29963,6.0,0.0,49.81
4922,29964,29965,8.0,0.0,56.39
4923,29968,29969,52.5,4900.5,23.48
4924,29974,29975,2.0,0.0,8.22
4925,29982,29983,9.0,0.0,34.05
4926,29986,29987,4.0,0.0,45.02
4927,29988,29989,2.0,0.0,31.5
4928,29990,29991,2.0,0.0,22.53
4929,29996,29997,14.333,3761.057,24.81
4930,29998,29999,6.929,2.587,44.7
4931,30000,30001,5.0,0.0,38.39
4932,30012,30013,16.0,0.0,56.0
4933,30034,30035,11.0,0.0,84.83
4934,30062,30063,3.0,0.0,32.28
4935,30078,30079,27.5,0.5,207.76
4936,30080,30081,12.0,0.0,63.0
4937,30088,30089,12.0,0.0,64.65
4938,30090,30091,4.5,0.5,23.22
4939,30092,30093,15.0,0.0,133.34
4940,30094,30095,5.0,0.0,41.26
4941,30096,30097,64.0,1800.0,111.23
4942,30098,30099,5.667,1.333,37.36
4943,30100,30101,23.5,24.5,166.14
4944,30106,30107,6.0,0.0,29.95
4945,30108,30109,7.0,0.0,45.34
4946,30110,30111,5.0,0.0,32.03
4947,30114,30115,3.0,0.0,16.15
4948,30122,30123,19.0,0.0,153.51
4949,30146,30147,48.0,2.0,217.96
4950,30148,30149,7.5,0.5,38.0
4951,30150,30151,12.0,0.0,57.66
4952,30168,30169,5.5,0.5,42.56
4953,30170,30171,6.5,0.5,52.8
4954,30172,30173,10.333,1.333,76.44
4955,30174,30175,4.917,0.447,91.21
4956,30176,30177,65.0,75.0,297.01
4957,30194,30195,1.438,0.262,16.51
4958,30212,30213,17.0,2.0,137.83
4959,30216,30217,10.8,0.7,85.04
4960,30218,30219,17.5,53.9,101.47
4961,30228,30229,15.0,3.0,112.48
4962,30234,30235,3.25,0.25,25.3
4963,30236,30237,4.0,0.0,29.05
4964,30238,30239,24.0,0.0,164.56
4965,30240,30241,2.0,0.0,12.29
4966,30242,30243,3.0,0.0,19.42
4967,30244,30245,3.0,0.0,18.88
4968,30246,30247,8.0,0.0,48.29
4969,30252,30253,3.333,0.333,28.51
4970,30254,30255,3.75,0.25,23.48
4971,30270,30271,3.0,0.0,26.25
4972,30272,30273,1.5,0.5,12.12
4973,30274,30275,9.0,0.0,69.35
4974,30278,30279,3.5,0.5,24.51
4975,30280,30281,5.0,0.0,41.14
4976,30284,30285,5.0,0.0,41.17
4977,30290,30291,15.0,0.0,107.87
4978,30292,30293,1.5,0.5,10.52
4979,30294,30295,7.0,0.0,53.38
4980,30296,30297,56.0,4232.0,78.31
4981,30298,30299,4.0,0.0,31.67
4982,30300,30301,133.333,9464.333,62.49
4983,30302,30303,11.0,0.0,76.94
4984,30304,30305,28.0,0.0,224.35
4985,30306,30307,14.0,8.0,87.37
4986,30308,30309,12.0,0.0,83.33
4987,30312,30313,9.5,0.5,66.61
4988,30314,30315,10.0,0.0,60.41
4989,30316,30317,56.0,0.0,48.97
4990,30322,30323,13.0,0.0,109.02
4991,30324,30325,15.0,1.0,112.15
4992,30326,30327,7.0,0.0,52.56
4993,30328,30329,5.0,0.0,38.75
4994,30330,30331,15.0,0.0,107.59
4995,30332,30333,6.75,0.917,46.69
4996,30334,30335,5.333,0.333,39.05
4997,30338,30339,20.5,4.5,23.66
4998,30374,30375,16.5,0.5,39.02
4999,30378,30379,8.0,0.0,62.74
5000,30380,30381,6.0,0.0,38.76
5001,30384,30385,4.0,0.0,31.33
5002,30386,30387,10.0,0.0,68.31
5003,30392,30393,5.0,0.0,50.52
5004,30402,30403,4.0,0.0,30.99
5005,30404,30405,5.5,0.5,37.67
5006,30406,30407,5.0,0.0,51.2
5007,30408,30409,5.0,0.0,52.84
5008,30410,30411,2.0,0.0,10.53
5009,30414,30415,5.0,0.0,37.65
5010,30418,30419,2.0,0.0,19.28
5011,30422,30423,3.0,0.0,30.15
5012,30424,30425,3.0,0.0,26.64
5013,30426,30427,2.5,0.5,21.37
5014,30428,30429,4.5,0.5,21.89
5015,30430,30431,2.0,0.0,13.75
5016,30440,30441,16.0,0.0,110.16
5017,30452,30453,3.0,0.0,23.11
5018,30454,30455,4.0,0.0,56.31
5019,30458,30459,9.5,0.5,104.19
5020,30472,30473,16.0,0.0,194.22
5021,30478,30479,4.833,0.167,56.3
5022,30480,30481,7.667,1.467,102.25
5023,30482,30483,3.4,0.3,45.16
5024,30486,30487,10.75,0.917,159.27
5025,30488,30489,3.0,0.0,44.24
5026,30492,30493,3.0,0.5,38.23
5027,30500,30501,7.0,0.0,40.56
5028,30526,30527,308.0,0.0,14.27
5029,30536,30537,2.0,0.0,21.24
5030,30548,30549,91.875,17834.411,40.74
5031,30552,30553,2.0,0.0,8.52
5032,30560,30561,4.0,0.0,24.55
5033,30562,30563,5.0,0.0,29.68
5034,30564,30565,11.0,0.0,61.35
5035,30584,30585,2.0,0.0,17.81
5036,30590,30591,2.0,0.0,0.2
5037,30592,30593,2.0,0.0,24.47
5038,30594,30595,14.0,2.25,170.89
5039,30596,30597,13.8,1.067,170.38
5040,30598,30599,4.0,0.0,47.03
5041,30600,30601,4.0,1.0,47.09
5042,30604,30605,1.5,0.333,10.93
5043,30660,30661,5.0,0.0,3.0
5044,30662,30663,9.0,1.0,62.08
5045,30664,30665,16.0,1.0,107.75
5046,30666,30667,293.333,246820.333,42.86
5047,30668,30669,137.667,18734.333,14.13
5048,30672,30673,8.0,211.5,6.27
5049,30678,30679,7.0,0.0,30.68
5050,30680,30681,6.0,0.0,31.73
5051,30682,30683,5.0,0.0,29.73
5052,30688,30689,15.333,962.981,104.84
5053,30694,30695,25.775,21.518,1228.71
5054,30696,30697,6.145,13.699,184.36
5055,30698,30699,4.239,1.518,194.17
5056,30700,30701,13.925,694.725,254.73
5057,30702,30703,14.474,832.825,76.53
5058,30704,30705,14.852,1116.921,62.12
5059,30706,30707,4.26,8.686,63.7
5060,30708,30709,3.06,1.037,77.84
5061,30712,30713,78.4,852.3,23.83
5062,30714,30715,2.87,1.021,37.12
5063,30718,30719,4.375,0.268,228.5
5064,30720,30721,9.083,1.78,327.02
5065,30722,30723,13.414,103.966,61.83
5066,30724,30725,5.923,5.077,59.86
5067,30726,30727,15.161,140.806,64.7
5068,30728,30729,4.86,150.504,28.86
5069,30730,30731,21.286,1030.697,29.14
5070,30732,30733,2.545,0.473,32.21
5071,30734,30735,11.571,99.952,25.51
5072,30736,30737,42.465,2998.779,51.27
5073,30738,30739,7.816,698.154,11.13
5074,30740,30741,2.953,103.426,15.36
5075,30742,30743,2.082,0.618,21.72
5076,30744,30745,7.837,196.598,43.69
5077,30746,30747,6.25,0.25,71.31
5078,30748,30749,40.85,1172.871,44.85
5079,30750,30751,1.84,0.223,21.97
5080,30752,30753,3.04,0.29,35.8
5081,30754,30755,40.526,1509.93,52.83
5082,30756,30757,4.25,0.283,55.07
5083,30758,30759,9.44,1.757,118.45
5084,30760,30761,73.957,7013.043,135.4
5085,30762,30763,266.429,55995.857,184.57
5086,30764,30765,12.5,346.735,24.44
5087,30766,30767,591.941,187313.309,174.38
5088,30770,30771,94.0,2671.0,48.36
5089,30772,30773,18.88,1533.443,6.22
5090,30774,30775,18.409,1175.396,4.43
5091,30776,30777,41.667,5186.713,40.83
5092,30778,30779,100.308,10833.022,113.58
5093,30780,30781,24.846,2829.415,33.76
5094,30782,30783,32.185,2890.926,22.85
5095,30784,30785,4.618,66.055,23.14
5096,30786,30787,2.036,13.702,12.67
5097,30788,30789,1.333,1.0,1.24
5098,30790,30791,10.982,199.389,50.56
5099,30792,30793,13.906,189.126,51.15
5100,30794,30795,19.943,341.554,66.86
5101,30796,30797,10.231,79.75,41.11
5102,30798,30799,1.839,0.206,22.58
5103,30800,30801,1.742,0.865,19.23
5104,30802,30803,3.355,2.437,38.66
5105,30804,30805,4.448,4.256,47.87
5106,30806,30807,4.143,0.571,50.14
5107,30810,30811,2.25,0.194,26.52
5108,30812,30813,3.714,0.434,47.5
5109,30814,30815,9.893,4.025,119.02
5110,30816,30817,1.159,0.183,13.08
5111,30818,30819,2.1,12.516,5.07
5112,30820,30821,4.0,15.852,26.05
5113,30822,30823,4.857,45.164,14.46
5114,30824,30825,2.29,2.546,23.52
5115,30826,30827,9.484,49.458,33.51
5116,30828,30829,5.065,0.396,58.67
5117,30830,30831,11.383,214.851,54.4
5118,30832,30833,1.344,1.394,7.48
5119,30834,30835,13.467,1709.695,2.96
5120,30836,30837,35.243,1389.134,63.94
5121,30838,30839,30.303,206.343,108.01
5122,30842,30843,4.0,0.0,34.77
5123,30844,30845,5.0,0.0,39.24
5124,30846,30847,5.0,0.0,40.35
5125,30852,30853,3.0,0.0,23.12
5126,30856,30857,11.0,0.0,87.26
5127,30916,30917,12.0,0.0,76.09
5128,30920,30921,50.565,2.118,2714.56
5129,30922,30923,4.818,5.519,140.66
5130,30924,30925,13.727,2.818,360.69
5131,30926,30927,6.172,0.148,340.62
5132,30928,30929,2.615,0.326,76.61
5133,30930,30931,4.077,0.554,97.77
5134,30932,30933,4.804,4.961,176.48
5135,30934,30935,18.209,4.228,479.22
5136,30936,30937,20.5,1170.667,19.17
5137,30938,30939,3.957,2.68,45.22
5138,30940,30941,19.59,65.669,169.36
5139,30942,30943,4.138,0.695,52.0
5140,30944,30945,34.552,11402.113,86.85
5141,30946,30947,23.346,316.395,58.97
5142,30950,30951,9.81,3.162,120.26
5143,30952,30953,3.905,1.09,46.99
5144,30954,30955,22.143,1907.129,70.22
5145,30956,30957,4.029,0.323,46.1
5146,30958,30959,9.0,34.538,56.19
5147,30960,30961,13.486,401.904,54.82
5148,30962,30963,12.629,1713.299,22.9
5149,30964,30965,3.889,180.564,6.86
5150,30966,30967,16.913,111.628,188.5
5151,30968,30969,2.6,0.833,29.42
5152,31016,31017,15.6,4.711,71.07
5153,31018,31019,24.3,8.9,114.17
5154,31020,31021,12.5,3.833,56.69
5155,31022,31023,1.667,0.333,11.09
5156,31024,31025,13.0,18.0,88.41
5157,31028,31029,5.0,0.0,34.41
5158,31030,31031,7.0,0.0,52.3
5159,31034,31035,45.176,4585.779,36.22
5160,31036,31037,6.667,0.333,34.63
5161,31038,31039,10.767,86.392,93.6
5162,31046,31047,15.625,5.125,194.5
5163,31048,31049,7.111,1.111,85.44
5164,31050,31051,2.667,0.5,34.12
5165,31052,31053,2.222,0.194,26.84
5166,31054,31055,1.889,0.361,21.3
5167,31056,31057,3.667,0.25,46.01
5168,31058,31059,3.222,0.194,42.59
5169,31060,31061,1.667,0.25,23.58
5170,31062,31063,9.444,1.778,103.95
5171,31064,31065,22.414,2.394,259.33
5172,31066,31067,144.2,38592.063,224.47
5173,31068,31069,12.5,4.5,90.92
5174,31070,31071,2.167,0.967,10.05
5175,31084,31085,23.0,0.0,199.82
5176,31086,31087,2.154,0.134,32.01
5177,31088,31089,4.667,0.333,73.75
5178,31098,31099,360.833,68251.767,180.25
5179,31102,31103,96.0,0.0,458.71
5180,31110,31111,15.732,5.581,187.7
5181,31116,31117,11.667,2.333,76.17
5182,31118,31119,9.5,0.5,59.79
5183,31120,31121,30.5,2138.7,49.88
5184,31122,31123,5.75,0.25,39.44
5185,31126,31127,2.8,0.2,18.5
5186,31128,31129,3.6,0.3,26.1
5187,31130,31131,1.667,0.267,12.33
5188,31136,31137,12.0,0.0,62.92
5189,31150,31151,4.0,0.0,17.46
5190,31154,31155,12.0,0.0,104.8
5191,31158,31159,12.0,0.0,81.09
5192,31160,31161,14.0,0.0,105.66
5193,31170,31171,9.0,0.0,73.88
5194,31172,31173,20.0,0.0,171.8
5195,31206,31207,3.0,0.0,19.38
5196,31228,31229,4.88,0.277,57.45
5197,31260,31261,3.333,0.333,24.0
5198,31262,31263,2.333,0.333,19.42
5199,31264,31265,3.0,0.0,27.22
5200,31266,31267,3.0,0.0,33.26
5201,31268,31269,2.667,0.333,31.24
5202,31270,31271,35.0,2048.0,19.36
5203,31272,31273,172.0,128.0,28.28
5204,31274,31275,370.5,4900.5,32.79
5205,31276,31277,179.0,2592.0,8.62
5206,31278,31279,144.5,32512.5,36.16
5207,31280,31281,6.0,18.0,15.73
5208,31296,31297,93.933,25987.21,50.71
5209,31298,31299,56.133,20569.552,15.17
5210,31300,31301,1.3,0.233,10.28
5211,31306,31307,15.0,0.0,69.57
5212,31310,31311,6.0,0.0,41.38
5213,31316,31317,3.0,0.0,21.4
5214,31320,31321,4.0,0.0,25.07
5215,31322,31323,3.0,0.0,26.19
5216,31324,31325,3.0,0.0,17.46
5217,31326,31327,11.5,4.5,51.17
5218,31328,31329,12.0,2.0,54.26
5219,31342,31343,5.0,0.0,19.78
5220,31352,31353,8.0,0.0,31.72
5221,31382,31383,4.0,0.0,12.65
5222,31404,31405,79.75,68.25,357.62
5223,31406,31407,86.0,0.0,399.59
5224,31408,31409,122.0,0.0,559.23
5225,31410,31411,26.5,0.5,123.01
5226,31412,31413,55.0,0.0,263.89
5227,31422,31423,2.0,0.0,6.29
5228,31424,31425,17.5,364.5,15.47
5229,31444,31445,29.0,0.0,49.67
5230,31464,31465,11.0,0.0,83.49
5231,31466,31467,7.0,0.0,48.42
5232,31476,31477,16.625,1.982,205.04
5233,31478,31479,4.333,0.267,57.64
5234,31480,31481,16.714,4.238,213.14
5235,31482,31483,10.6,2.3,139.28
5236,31522,31523,5.0,0.0,72.1
5237,31524,31525,2.0,0.0,7.23
5238,31526,31527,6.667,1.81,73.96
5239,31528,31529,9.333,22.238,72.26
5240,31532,31533,9.448,2000.542,10.78
5241,31534,31535,42.312,24861.254,56.62
5242,31536,31537,31.367,8158.033,74.28
5243,31538,31539,3.0,0.222,57.34
5244,31544,31545,8.0,0.0,47.79
5245,31546,31547,5.0,0.0,49.0
5246,31552,31553,2.0,0.0,10.18
5247,31554,31555,62.0,0.0,49.26
5248,31558,31559,2.0,0.0,11.51
5249,31560,31561,3.0,0.0,20.39
5250,31564,31565,10.0,0.0,80.99
5251,31568,31569,10.0,0.0,72.64
5252,31578,31579,3.0,0.0,21.86
5253,31598,31599,9.0,0.0,72.55
5254,31604,31605,6.0,0.0,36.76
5255,31634,31635,7.0,0.0,39.21
5256,31650,31651,66.5,11299.667,1.29
5257,31670,31671,6.0,0.0,26.79
5258,31704,31705,7.0,0.0,35.89
5259,31718,31719,8.182,0.964,104.12
5260,31720,31721,11.182,0.364,144.16
5261,31738,31739,12.0,0.0,114.56
5262,31740,31741,2.0,0.0,25.84
5263,31742,31743,6.0,0.0,47.92
5264,31746,31747,4.0,0.0,44.71
5265,31750,31751,4.0,0.0,36.57
5266,31752,31753,16.0,0.0,105.05
5267,31758,31759,33.5,779.737,163.52
5268,31760,31761,162.5,91690.474,233.07
5269,31768,31769,33.0,0.0,158.66
5270,31772,31773,121.0,128.0,531.47
5271,31774,31775,10.0,0.0,46.92
5272,31780,31781,34.667,8954.0,33.47
5273,31782,31783,138.3,37606.678,54.68
5274,31784,31785,104.074,17472.687,74.29
5275,31786,31787,49.96,7028.873,19.39
5276,31788,31789,3.286,0.238,41.89
5277,31794,31795,10.435,1.53,130.51
5278,31798,31799,6.385,44.32,41.2
5279,31800,31801,1.429,3.129,8.04
5280,31802,31803,27.0,0.0,186.91
5281,31844,31845,3.938,7.662,15.98
5282,31846,31847,2.455,0.26,30.76
5283,31848,31849,3.545,40.545,29.02
5284,31850,31851,20.773,1091.517,70.29
5285,31876,31877,3.517,3.33,28.75
5286,31904,31905,2.0,0.0,22.55
5287,31956,31957,7.5,0.5,47.46
5288,31958,31959,10.0,0.0,72.04
5289,31970,31971,3.0,0.0,24.06
5290,31974,31975,9.0,0.0,61.28
5291,31976,31977,8.0,0.0,55.49
5292,31978,31979,9.0,0.0,63.97
5293,31982,31983,132.5,0.5,62.63
5294,31984,31985,2.0,0.0,10.69
5295,31986,31987,6.5,0.5,23.79
5296,31988,31989,7.5,0.5,17.2
5297,31992,31993,22.75,16.25,50.55
5298,31998,31999,3.25,0.25,38.7
5299,32000,32001,3.25,0.25,41.58
5300,32002,32003,5.75,0.25,76.91
5301,32004,32005,2.25,0.25,28.85
5302,32008,32009,3.0,0.0,45.07
5303,32012,32013,108.667,33496.333,40.49
5304,32014,32015,290.333,60454.333,84.12
5305,32016,32017,37.5,3371.1,103.48
5306,32018,32019,43.0,8847.6,33.4
5307,32020,32021,149.833,46890.967,50.26
5308,32022,32023,3.25,0.25,24.17
5309,32026,32027,67.95,247.945,4000.33
5310,32028,32029,2.769,0.985,27.74
5311,32034,32035,5.429,355.47,11.29
5312,32036,32037,39.468,2463.428,52.61
5313,32038,32039,28.804,1945.401,64.57
5314,32040,32041,7.711,621.454,6.61
5315,32042,32043,16.6,1984.829,42.47
5316,32044,32045,4.812,36.162,27.71
5317,32058,32059,10.0,0.0,36.49
5318,32064,32065,6.0,0.0,28.39
5319,32066,32067,8.0,0.0,29.57
5320,32072,32073,10.0,0.0,37.75
5321,32100,32101,3.8,0.2,28.65
5322,32102,32103,3.0,0.0,22.46
5323,32120,32121,12.444,0.778,59.55
5324,32122,32123,14.444,2.528,67.9
5325,32124,32125,10.0,0.0,2.14
5326,32126,32127,4.0,12.0,5.16
5327,32128,32129,7.0,7.0,29.26
5328,32130,32131,4.0,0.0,14.22
5329,32144,32145,9.0,0.0,67.05
5330,32146,32147,20.0,0.0,152.16
5331,32148,32149,3.222,0.444,19.29
5332,32150,32151,2.5,0.5,18.62
5333,32158,32159,7.5,0.5,52.26
5334,32160,32161,7.0,0.0,54.56
5335,32162,32163,12.0,0.0,94.22
5336,32164,32165,1.688,3.963,7.73
5337,32166,32167,14.762,1330.99,23.69
5338,32168,32169,12.789,790.731,23.12
5339,32170,32171,43.5,2178.474,89.98
5340,32172,32173,19.63,1076.396,39.97
5341,32174,32175,13.0,0.0,100.15
5342,32176,32177,22.0,0.0,159.08
5343,32214,32215,4.0,0.0,21.98
5344,32242,32243,12.0,0.0,55.59
5345,32256,32257,59.0,2.0,317.52
5346,32264,32265,11.697,71.28,111.0
5347,32266,32267,2.156,0.201,26.94
5348,32268,32269,8.219,0.886,101.94
5349,32270,32271,5.812,13.448,53.48
5350,32272,32273,2.969,2.741,19.71
5351,32296,32297,4.0,0.0,33.57
5352,32298,32299,19.0,588.667,57.22
5353,32300,32301,59.438,3343.315,68.33
5354,32302,32303,7.672,37.663,84.81
5355,32304,32305,27.674,164.987,147.23
5356,32310,32311,7.5,0.5,63.11
5357,32312,32313,50.5,1104.5,55.68
5358,32322,32323,1.059,0.059,15.23
5359,32352,32353,11.429,1.619,87.64
5360,32354,32355,7.0,0.4,53.22
5361,32356,32357,5.2,0.7,39.8
5362,32358,32359,13.4,3.3,104.97
5363,32360,32361,4.25,0.917,32.25
5364,32362,32363,11.0,8.0,80.54
5365,32376,32377,8.0,0.0,94.84
5366,32384,32385,20.0,0.0,37.28
5367,32386,32387,17.0,0.0,41.45
5368,32390,32391,1.875,0.125,13.36
5369,32400,32401,5.0,0.0,53.66
5370,32402,32403,3.0,0.0,25.98
5371,32404,32405,23.0,2.0,266.67
5372,32406,32407,12.0,0.0,142.33
5373,32408,32409,77.0,0.0,266.32
5374,32420,32421,114.2,43434.7,148.89
5375,32422,32423,24.0,0.0,167.75
5376,32436,32437,9.0,0.0,57.66
5377,32438,32439,13.0,0.0,97.94
5378,32446,32447,15.5,0.5,96.79
5379,32448,32449,13.333,2.333,156.51
5380,32450,32451,12.0,1.0,143.86
5381,32452,32453,12.0,2.0,141.07
5382,32456,32457,5.0,2.0,24.79
5383,32458,32459,2.0,0.0,9.73
5384,32460,32461,4.0,0.0,20.42
5385,32474,32475,2.0,0.0,11.31
5386,32476,32477,11.0,2.0,86.83
5387,32478,32479,6.0,0.828,117.83
5388,32480,32481,13.042,0.911,257.78
5389,32482,32483,5.125,0.201,82.0
5390,32488,32489,2.6,0.267,30.35
5391,32490,32491,14.4,6.489,170.26
5392,32500,32501,6.0,0.0,27.34
5393,32526,32527,20.667,5.867,145.77
5394,32528,32529,10.0,0.667,74.32
5395,32532,32533,4.286,0.571,51.66
5396,32534,32535,7.857,1.143,100.85
5397,32542,32543,4.0,0.0,105.61
5398,32544,32545,1.146,0.128,12.95
5399,32552,32553,2.0,0.0,9.27
5400,32564,32565,11.391,2016.794,8.08
5401,32566,32567,5.538,182.338,10.84
5402,32568,32569,10.828,264.719,20.18
5403,32570,32571,87.379,3957.601,131.42
5404,32572,32573,1.583,0.862,5.45
5405,32574,32575,3.714,13.905,13.23
5406,32576,32577,6.833,77.333,56.25
5407,32578,32579,1.667,4.908,13.8
5408,32580,32581,23.18,564.436,96.78
5409,32582,32583,21.583,19.738,245.12
5410,32586,32587,2.667,0.333,22.35
5411,32588,32589,1.105,0.211,10.08
5412,32590,32591,24.478,2755.261,19.89
5413,32592,32593,18.346,893.835,30.83
5414,32636,32637,4.0,0.0,17.25
5415,32638,32639,12.0,0.0,54.18
5416,32642,32643,18.345,1444.091,12.36
5417,32644,32645,6.5,0.5,73.64
5418,32646,32647,9.0,0.0,113.75
5419,32648,32649,8.0,0.0,90.71
5420,32650,32651,1.667,0.333,11.08
5421,32654,32655,11.333,2.333,53.77
5422,32656,32657,55.667,76.333,244.65
5423,32658,32659,3.667,0.333,16.41
5424,32660,32661,15.5,3.0,68.41
5425,32662,32663,4.0,0.0,17.63
5426,32664,32665,54.0,0.0,286.28
5427,32666,32667,6.0,0.0,56.82
5428,32668,32669,13.0,0.0,94.41
5429,32682,32683,8.0,0.0,75.16
5430,32684,32685,12.0,0.0,127.39
5431,32686,32687,3.438,0.262,44.69
5432,32688,32689,4.375,0.517,57.81
5433,32692,32693,5.941,0.434,78.4
5434,32694,32695,10.857,1.055,138.14
5435,32696,32697,8.143,0.44,101.89
5436,32698,32699,2.714,0.374,32.06
5437,32700,32701,4.438,0.396,57.78
5438,32702,32703,2.188,0.162,27.21
5439,32704,32705,2.429,0.264,35.54
5440,32706,32707,1.083,0.083,13.75
5441,32708,32709,5.2,0.6,65.76
5442,32710,32711,1.6,0.257,23.08
5443,32712,32713,30.806,3800.828,32.68
5444,32714,32715,53.794,8449.078,42.01
5445,32716,32717,16.677,1777.559,14.79
5446,32718,32719,25.708,6324.042,13.89
5447,32724,32725,1.35,0.976,6.28
5448,32726,32727,10.907,178.848,92.96
5449,32728,32729,15.0,369.429,66.61
5450,32730,32731,1.864,0.219,16.17
5451,32732,32733,1.762,0.39,15.28
5452,32734,32735,5.25,0.25,65.94
5453,32736,32737,8.5,0.333,107.98
5454,32738,32739,25.0,208.667,54.77
5455,32740,32741,3.25,0.25,42.34
5456,32742,32743,3.25,0.25,38.35
5457,32744,32745,1.75,0.25,23.0
5458,32750,32751,1.5,0.333,18.73
5459,32752,32753,2.0,0.0,23.87
5460,32754,32755,6.375,0.268,83.82
5461,32756,32757,11.4,2.489,146.6
5462,32758,32759,8.737,25.821,90.78
5463,32760,32761,3.0,8.8,24.91
5464,32762,32763,8.143,70.832,32.61
5465,32764,32765,3.621,1.244,40.97
5466,32766,32767,7.793,2.384,92.26
5467,32770,32771,12.769,296.692,10.99
5468,32774,32775,3.55,0.997,42.29
5469,32776,32777,9.85,0.871,157.22
5470,32778,32779,19.35,2.661,312.06
5471,32788,32789,3.333,0.267,22.94
5472,32794,32795,7.75,0.917,98.82
5473,32796,32797,8.5,0.333,114.86
5474,32798,32799,2.0,0.0,29.29
5475,32802,32803,59.0,3556.0,37.74
5476,32804,32805,12.278,1837.507,15.94
5477,32806,32807,24.882,2609.985,78.09
5478,32834,32835,3.0,0.0,15.08
5479,32840,32841,18.0,4.0,482.19
5480,32842,32843,1.05,0.05,23.88
5481,32844,32845,25.667,6.433,665.97
5482,32846,32847,2.6,0.267,25.97
5483,32862,32863,16.0,0.0,38.14
5484,32864,32865,3.0,0.0,11.22
5485,32872,32873,62.0,2.0,139.72
5486,32880,32881,6.733,0.638,86.12
5487,32882,32883,16.294,440.096,63.84
5488,32884,32885,11.25,420.25,2.09
5489,32886,32887,23.632,1604.246,51.79
5490,32890,32891,2.0,0.0,9.94
5491,32908,32909,27.0,50.0,134.97
5492,32910,32911,17.0,0.0,133.17
5493,32914,32915,21.0,0.0,169.87
5494,32918,32919,2.0,0.0,10.35
5495,32924,32925,2.0,0.0,6.58
5496,32930,32931,4.033,1.551,45.02
5497,32932,32933,7.258,30.798,61.32
5498,32962,32963,8.923,1.577,102.82
5499,32964,32965,2.231,0.192,28.36
5500,32966,32967,12.846,2.308,139.73
5501,32968,32969,38.0,20.0,174.26
5502,32970,32971,13.0,0.0,77.14
5503,32990,32991,25.286,524.307,118.41
5504,32992,32993,10.048,471.559,29.19
5505,32994,32995,18.462,2492.738,20.56
5506,32996,32997,5.73,8.425,47.54
5507,32998,32999,32.433,4328.737,44.04
5508,33000,33001,26.379,2980.458,37.14
5509,33002,33003,105.724,6718.993,143.1
5510,33004,33005,63.828,3604.005,63.75
5511,33006,33007,10.622,2.242,132.55
5512,33008,33009,9.946,1.664,119.47
5513,33010,33011,7.649,16.123,40.32
5514,33012,33013,2.568,0.697,26.78
5515,33014,33015,23.026,352.08,126.89
5516,33016,33017,23.421,1006.358,28.25
5517,33018,33019,2.0,1.0,10.89
5518,33020,33021,57.5,4221.9,12.42
5519,33022,33023,24.0,699.333,12.73
5520,33024,33025,3.091,0.335,38.37
5521,33062,33063,3.0,0.0,42.91
5522,33074,33075,8.0,0.0,122.15
5523,33076,33077,12.0,0.0,153.22
5524,33078,33079,12.0,0.0,172.74
5525,33080,33081,3.0,0.0,25.48
5526,33082,33083,23.361,11696.866,26.99
5527,33084,33085,6.032,269.632,14.21
5528,33092,33093,4.5,0.5,20.15
5529,33104,33105,6.0,0.0,46.87
5530,33106,33107,2.0,0.0,16.55
5531,33124,33125,44.0,0.0,353.57
5532,33152,33153,1.692,0.222,34.07
5533,33154,33155,4.269,0.525,84.09
5534,33156,33157,2.538,0.258,51.12
5535,33158,33159,24.769,2340.359,74.54
5536,33160,33161,102.0,72594.833,79.27
5537,33162,33163,80.917,23854.265,88.47
5538,33164,33165,40.417,4661.538,29.07
5539,33166,33167,151.0,27961.111,68.27
5540,33168,33169,13.182,817.013,30.27
5541,33170,33171,10.409,1001.015,15.27
5542,33172,33173,49.824,12318.154,21.45
5543,33174,33175,13.167,120.282,71.39
5544,33176,33177,32.318,1303.751,60.21
5545,33178,33179,43.0,6228.6,22.4
5546,33180,33181,172.2,43948.178,46.66
5547,33182,33183,33.222,2475.194,27.01
5548,33184,33185,100.2,9175.733,16.53
5549,33186,33187,8.818,13.364,89.18
5550,33188,33189,2.091,1.091,16.75
5551,33190,33191,110.556,28050.278,24.74
5552,33192,33193,121.111,7745.361,62.21
5553,33194,33195,74.143,1301.055,130.86
5554,33196,33197,7.182,435.775,22.9
5555,33198,33199,2.864,8.695,21.06
5556,33200,33201,47.913,2335.538,66.55
5557,33202,33203,18.815,830.618,51.51
5558,33204,33205,33.667,2126.462,21.92
5559,33208,33209,3.5,0.4,45.09
5560,33210,33211,2.75,0.333,34.29
5561,33214,33215,4.353,0.243,50.49
5562,33216,33217,7.471,0.64,85.84
5563,33222,33223,6.2,1.2,50.23
5564,33224,33225,12.0,0.0,97.78
5565,33226,33227,28.0,0.0,221.93
5566,33234,33235,2.0,0.0,8.56
5567,33238,33239,8.778,352.889,51.89
5568,33246,33247,1.25,0.214,7.79
5569,33248,33249,1.875,0.125,8.47
5570,33256,33257,16.0,2.0,73.7
5571,33276,33277,21.5,4.5,166.51
5572,33280,33281,69.481,11244.182,89.53
5573,33282,33283,29.071,8130.513,16.23
5574,33284,33285,3.385,2.966,12.93
5575,33286,33287,42.75,2396.797,88.75
5576,33292,33293,64.533,10704.695,52.08
5577,33294,33295,8.889,2.861,64.02
5578,33296,33297,13.556,5.028,93.14
5579,33298,33299,19.111,608.861,32.23
5580,33300,33301,56.5,4221.867,103.2
5581,33302,33303,2.818,0.364,21.12
5582,33304,33305,3.727,0.818,23.35
5583,33306,33307,15.846,801.474,56.77
5584,33308,33309,7.462,46.603,37.2
5585,33310,33311,3.5,0.286,25.17
5586,33314,33315,13.125,4.411,93.86
5587,33318,33319,8.269,37.805,85.85
5588,33320,33321,5.538,15.378,55.17
5589,33322,33323,1.667,0.308,20.1
5590,33324,33325,3.889,0.41,46.98
5591,33344,33345,3.0,0.0,20.16
5592,33346,33347,2.8,0.2,17.26
5593,33352,33353,7.0,0.4,89.18
5594,33354,33355,15.818,3.164,199.58
5595,33356,33357,5.909,0.691,75.85
5596,33360,33361,2.636,0.255,34.23
5597,33362,33363,3.091,1.091,19.2
5598,33364,33365,3.091,0.091,37.31
5599,33366,33367,1.818,0.164,24.13
5600,33368,33369,11.636,128.055,90.85
5601,33370,33371,3.25,0.917,37.58
5602,33372,33373,4.5,0.333,58.75
5603,33382,33383,2.0,0.0,17.06
5604,33384,33385,7.333,24.333,33.2
5605,33386,33387,12.333,262.333,14.78
5606,33390,33391,10.0,0.0,81.94
5607,33392,33393,15.333,2.333,125.65
5608,33400,33401,4.0,0.0,37.65
5609,33406,33407,1.167,0.144,6.42
5610,33408,33409,2.474,0.485,26.58
5611,33416,33417,10.0,0.0,58.28
5612,33424,33425,161.333,19336.333,13.3
5613,33426,33427,7.2,85.7,8.24
5614,33428,33429,246.833,104852.967,78.8
5615,33430,33431,116.429,27490.957,29.72
5616,33432,33433,62.455,5384.355,39.49
5617,33434,33435,16.0,0.0,0.2
5618,33438,33439,2.0,0.0,29.43
5619,33440,33441,9.625,1.696,225.64
5620,33442,33443,16.5,8.286,210.02
5621,33444,33445,47.75,798.917,17.0
5622,33446,33447,5.0,0.0,40.07
5623,33448,33449,8.0,0.0,61.06
5624,33466,33467,21.071,4379.918,26.4
5625,33470,33471,1.5,0.5,10.26
5626,33472,33473,24.0,882.0,24.53
5627,33474,33475,178.0,53792.0,118.07
5628,33476,33477,8.8,2.7,55.27
5629,33478,33479,120.75,52670.917,38.66
5630,33480,33481,6.167,0.167,39.73
5631,33482,33483,3.0,0.0,17.21
5632,33494,33495,17.0,0.0,109.26
5633,33496,33497,110.2,15970.7,20.41
5634,33498,33499,29.25,140.25,42.64
5635,33500,33501,14.733,692.924,26.78
5636,33502,33503,62.667,1902.333,13.51
5637,33504,33505,11.133,229.41,24.91
5638,33506,33507,1.923,0.244,12.24
5639,33510,33511,2.571,0.264,17.18
5640,33524,33525,87.0,13448.0,43.26
5641,33526,33527,184.0,53443.333,17.79
5642,33528,33529,3.0,0.0,19.39
5643,33530,33531,8.0,0.0,67.53
5644,33532,33533,18.25,210.917,91.07
5645,33534,33535,42.5,5625.0,35.48
5646,33536,33537,74.0,7009.0,93.01
5647,33538,33539,78.0,0.0,93.77
5648,33546,33547,8.917,94.136,59.8
5649,33548,33549,16.389,71.387,125.09
5650,33550,33551,7.528,133.113,39.03
5651,33566,33567,3.0,0.0,26.75
5652,33568,33569,6.5,0.5,50.34
5653,33570,33571,9.5,0.5,83.04
5654,33572,33573,2.0,0.0,19.44
5655,33574,33575,9.0,0.0,72.41
5656,33576,33577,5.0,0.0,31.84
5657,33586,33587,125.167,14689.367,9.32
5658,33590,33591,2.0,0.0,12.75
5659,33592,33593,2.5,0.5,20.86
5660,33596,33597,3.0,0.0,18.44
5661,33598,33599,2.25,0.25,11.26
5662,33600,33601,2.0,0.0,16.72
5663,33602,33603,6.5,4.5,29.97
5664,33604,33605,3.5,0.5,15.91
5665,33606,33607,3.667,0.333,13.5
5666,33612,33613,11.0,1.0,83.41
5667,33614,33615,2.667,0.333,19.07
5668,33616,33617,6.5,1.0,45.85
5669,33620,33621,2.5,0.5,14.21
5670,33622,33623,4.0,2.0,26.41
5671,33624,33625,6.0,0.0,44.77
5672,33628,33629,10.0,0.0,113.52
5673,33638,33639,3.8,0.2,32.71
5674,33640,33641,13.0,0.0,105.72
5675,33650,33651,3.0,0.0,22.16
5676,33652,33653,79.625,13846.839,25.1
5677,33654,33655,28.0,2187.0,11.82
5678,33656,33657,3.1,3.817,35.85
5679,33658,33659,5.226,0.447,65.77
5680,33660,33661,6.484,158.191,32.68
5681,33662,33663,36.452,1129.723,42.06
5682,33666,33667,5.5,0.333,41.79
5683,33668,33669,6.5,0.333,49.92
5684,33670,33671,2.0,0.0,16.52
5685,33672,33673,2.75,0.25,22.1
5686,33674,33675,2.0,0.0,13.59
5687,33678,33679,4.0,0.0,28.83
5688,33686,33687,47.0,0.0,115.99
5689,33690,33691,14.0,0.0,42.47
5690,33698,33699,3.0,0.0,22.31
5691,33700,33701,152.0,0.0,72.5
5692,33716,33717,2.286,0.22,31.41
5693,33718,33719,3.286,0.22,45.36
5694,33720,33721,2.571,0.264,33.27
5695,33722,33723,10.6,1.686,139.06
5696,33724,33725,6.467,0.552,83.44
5697,33726,33727,4.333,0.381,57.19
5698,33736,33737,9.0,0.0,67.19
5699,33748,33749,4.0,0.0,19.06
5700,33768,33769,9.0,0.0,67.08
5701,33776,33777,35.0,0.0,94.82
5702,33778,33779,186.0,0.0,508.14
5703,33782,33783,1.357,0.247,3.01
5704,33784,33785,18.643,14.555,36.8
5705,33786,33787,44.786,99.874,63.2
5706,33788,33789,11.0,45.5,19.34
5707,33790,33791,1.667,1.333,0.2
5708,33792,33793,110.333,633.067,207.22
5709,33794,33795,66.0,0.0,156.9
5710,33796,33797,10.5,0.5,54.18
5711,33800,33801,5.0,0.0,18.5
5712,33806,33807,5.5,0.5,48.49
5713,33808,33809,8.333,0.333,62.89
5714,33810,33811,6.619,0.648,101.06
5715,33812,33813,4.333,0.533,67.32
5716,33814,33815,22.694,1163.398,167.0
5717,33816,33817,3.429,0.257,55.6
5718,33820,33821,44.5,24.5,188.8
5719,33822,33823,11.0,0.0,0.2
5720,33824,33825,14.556,494.778,27.05
5721,33850,33851,4.0,0.0,49.61
5722,33854,33855,4.5,0.5,23.05
5723,33860,33861,6.032,229.299,22.83
5724,33862,33863,1.259,0.353,10.27
5725,33864,33865,36.576,3079.627,54.85
5726,33866,33867,12.909,752.835,19.86
5727,33868,33869,21.114,1893.634,36.77
5728,33870,33871,7.917,935.336,19.19
5729,33872,33873,255.6,224930.3,95.94
5730,33874,33875,133.222,34678.694,110.77
5731,33876,33877,23.857,534.476,25.91
5732,33878,33879,29.75,6160.786,22.22
5733,33880,33881,4.25,1.583,26.72
5734,33884,33885,4.0,4.667,19.65
5735,33886,33887,1.75,0.917,6.06
5736,33888,33889,9.0,125.0,25.8
5737,33890,33891,8.333,1.067,59.58
5738,33894,33895,1.263,0.205,31.15
5739,33896,33897,9.222,1.444,184.07
5740,33898,33899,3.812,1.125,69.12
5741,33900,33901,4.824,0.904,98.04
5742,33902,33903,12.3,2.456,254.04
5743,33904,33905,4.4,0.711,94.35
5744,33906,33907,14.143,2.81,382.05
5745,33908,33909,2.65,0.239,38.52
5746,33910,33911,30.333,10223.233,43.93
5747,33912,33913,75.591,10540.729,120.12
5748,33914,33915,13.455,1132.926,19.43
5749,33924,33925,20.714,3192.514,58.79
5750,33926,33927,12.19,163.862,46.2
5751,33928,33929,171.947,89639.719,111.76
5752,33930,33931,223.222,79208.889,34.63
5753,33940,33941,9.0,0.0,36.77
5754,33942,33943,7.0,0.0,30.3
5755,33948,33949,9.0,0.0,46.9
5756,33968,33969,11.0,0.0,65.22
5757,34034,34035,8.5,0.5,39.83
5758,34036,34037,2.0,0.0,10.62
5759,34046,34047,2.25,6.25,3.44
5760,34048,34049,6.0,0.0,26.2
5761,34052,34053,51.0,0.0,143.34
5762,34054,34055,29.0,0.0,80.76
5763,34056,34057,12.5,12.5,26.06
5764,34058,34059,4.75,96.467,9.98
5765,34060,34061,4.0,0.0,22.71
5766,34062,34063,20.545,1848.473,16.79
5767,34064,34065,47.75,2863.477,47.74
5768,34066,34067,2.0,0.0,9.05
5769,34074,34075,6.526,2.374,79.85
5770,34076,34077,33.429,2870.11,122.2
5771,34078,34079,12.083,232.447,79.67
5772,34080,34081,56.154,8707.808,58.1
5773,34082,34083,1.083,0.08,9.82
5774,34084,34085,14.238,268.89,89.47
5775,34088,34089,3.0,9.684,25.89
5776,34092,34093,12.364,273.195,47.36
5777,34094,34095,26.636,1727.481,28.17
5778,34100,34101,8.0,0.0,15.59
5779,34124,34125,2.0,2.0,0.2
5780,34126,34127,5.0,0.0,23.28
5781,34136,34137,7.0,0.0,29.0
5782,34144,34145,3.75,0.917,16.23
5783,34146,34147,6.75,0.917,30.17
5784,34148,34149,39.0,0.0,50.14
5785,34214,34215,2.0,0.0,8.61
5786,34228,34229,18.0,0.0,0.2
5787,34264,34265,26.5,40.5,140.04
5788,34266,34267,3.0,0.0,11.98
5789,34280,34281,7.0,0.0,0.12
5790,34294,34295,2.0,0.0,5.34
5791,34296,34297,4.0,0.0,12.65
5792,34328,34329,33.0,0.0,118.22
5793,34344,34345,11.0,0.0,72.12
5794,34370,34371,9.0,0.0,41.79
5795,34376,34377,10.0,0.0,52.5
5796,34420,34421,2.0,5.0,5.41
5797,34442,34443,1.143,0.143,6.9
5798,34444,34445,7.667,19.515,50.56
5799,34446,34447,9.0,0.727,67.29
5800,34448,34449,2.056,0.056,23.9
5801,34450,34451,2.944,0.056,23.24
5802,34454,34455,19.0,0.0,97.84
5803,34456,34457,34.0,0.0,179.43
5804,34458,34459,5.0,0.0,19.77
5805,34464,34465,2.5,0.5,27.41
5806,34466,34467,3.5,0.5,58.44
5807,34468,34469,4.667,1.333,60.35
5808,34470,34471,1.25,0.25,21.02
5809,34474,34475,3.5,0.7,46.27
5810,34476,34477,24.0,0.0,127.3
5811,34478,34479,39.667,1108.333,84.94
5812,34482,34483,24.0,0.0,161.15
5813,34596,34597,3.0,0.0,54.78
5814,34598,34599,3.5,0.5,65.31
5815,34600,34601,7.5,0.5,138.47
5816,34602,34603,2.333,0.333,32.68
5817,34604,34605,7.0,1.0,117.35
5818,34606,34607,9.875,1.268,252.27
5819,34608,34609,9.25,2.5,220.69
5820,34612,34613,79.0,0.0,389.79
5821,34614,34615,32.5,0.5,161.52
5822,34616,34617,3.0,0.0,17.68
5823,34620,34621,9.0,0.0,45.28
5824,34626,34627,5.0,0.0,26.74
5825,34628,34629,10.0,0.0,52.36
5826,34630,34631,10.0,0.0,47.98
5827,34632,34633,6.0,0.0,27.33
5828,34634,34635,4.25,0.5,54.03
5829,34640,34641,6.0,0.0,46.57
5830,34646,34647,22.0,0.0,144.4
5831,34656,34657,42.0,0.0,267.49
5832,34672,34673,6.0,0.0,61.27
5833,34674,34675,8.0,0.0,112.37
5834,34676,34677,4.0,0.0,36.73
5835,34678,34679,1.154,0.141,12.56
5836,34680,34681,3.385,0.256,39.55
5837,34682,34683,1.077,0.077,5.5
5838,34684,34685,2.4,0.267,28.05
5839,34686,34687,10.1,1.211,119.14
5840,34700,34701,9.0,0.0,109.8
5841,34710,34711,3.0,0.0,17.13
5842,34712,34713,5.0,0.0,28.24
5843,34724,34725,14.0,0.0,84.92
5844,34726,34727,6.0,0.0,69.53
5845,34728,34729,3.0,0.0,22.51
5846,34744,34745,2.0,0.0,12.1
5847,34746,34747,10.0,0.667,111.56
5848,34748,34749,21.5,0.5,244.69
5849,34750,34751,10.667,2.333,107.93
5850,34754,34755,132.333,17.333,594.09
5851,34762,34763,98.0,0.0,438.1
5852,34764,34765,4.0,0.0,18.3
5853,34766,34767,44.0,0.0,195.94
5854,34768,34769,47.0,0.0,382.16
5855,34774,34775,6.08,164.687,18.36
5856,34776,34777,33.2,3637.02,34.17
5857,34778,34779,30.5,8882.5,36.54
5858,34780,34781,23.308,894.462,75.95
5859,34800,34801,11.0,0.0,95.8
5860,34802,34803,4.0,0.0,33.64
5861,34808,34809,2.0,0.0,17.2
5862,34810,34811,17.0,0.0,126.73
5863,34832,34833,8.0,0.0,41.31
5864,34848,34849,4.0,0.0,24.26
5865,34850,34851,26.487,494.625,137.19
5866,34852,34853,40.833,4268.853,43.72
5867,34854,34855,12.222,400.771,20.46
5868,34856,34857,3.588,0.382,42.78
5869,34860,34861,5.0,0.471,60.8
5870,34864,34865,2.5,0.267,29.06
5871,34870,34871,6.0,0.0,51.47
5872,34908,34909,5.0,0.0,33.67
5873,34910,34911,6.0,0.0,46.13
5874,34912,34913,4.0,0.0,26.82
5875,34914,34915,8.0,0.0,49.51
5876,34916,34917,4.704,39.601,18.2
5877,34918,34919,14.038,178.758,40.71
5878,34920,34921,1.406,1.281,8.47
5879,34938,34939,3.0,0.0,30.79
5880,34942,34943,44.0,50.0,82.91
5881,34944,34945,87.0,0.0,157.79
5882,34950,34951,16.5,2540.263,33.56
5883,34952,34953,31.25,2908.408,123.4
5884,34956,34957,4.0,0.0,16.69
5885,34976,34977,12.0,242.0,6.26
5886,34978,34979,44.0,0.0,25.2
5887,34984,34985,8.0,0.0,60.94
5888,34992,34993,5.0,0.0,39.0
5889,34994,34995,9.0,1.5,63.58
5890,34996,34997,8.667,1.333,59.28
5891,34998,34999,9.333,0.333,58.17
5892,35000,35001,10.0,0.0,85.28
5893,35002,35003,12.0,0.0,95.09
5894,35068,35069,7.667,0.333,91.07
5895,35108,35109,10.0,0.0,42.27
5896,35114,35115,6.0,0.0,39.13
5897,35116,35117,6.0,0.0,35.96
5898,35118,35119,9.0,0.0,59.5
5899,35128,35129,7.0,0.0,49.15
5900,35138,35139,51.0,0.0,122.53
5901,35140,35141,35.0,0.0,81.04
5902,35152,35153,8.0,0.0,49.97
5903,35154,35155,7.0,0.0,62.92
5904,35184,35185,7.0,0.0,54.35
5905,35200,35201,3.0,0.0,19.22
5906,35202,35203,8.0,0.0,55.8
5907,35214,35215,4.0,0.0,30.25
5908,35216,35217,2.0,0.0,14.96
5909,35218,35219,4.0,0.0,19.51
5910,35248,35249,24.5,0.5,191.54
5911,35252,35253,38.075,5665.802,130.95
5912,35254,35255,3.643,59.478,17.83
5913,35256,35257,3.5,62.5,9.34
5914,35258,35259,45.692,3292.564,90.04
5915,35260,35261,21.692,746.397,38.05
5916,35262,35263,1.385,0.256,12.41
5917,35264,35265,39.154,1063.141,26.74
5918,35266,35267,1.571,1.341,16.83
5919,35272,35273,9.0,4.0,19.15
5920,35274,35275,5.846,0.641,72.76
5921,35276,35277,14.0,0.0,153.62
5922,35288,35289,48.0,0.0,104.56
5923,35292,35293,24.0,0.0,48.92
5924,35294,35295,12.0,0.0,22.62
5925,35298,35299,1.4,0.267,10.88
5926,35300,35301,4.2,0.178,28.39
5927,35302,35303,2.3,0.233,15.8
5928,35304,35305,6.5,0.5,46.03
5929,35306,35307,6.091,7.691,34.2
5930,35308,35309,2.889,0.361,22.02
5931,35310,35311,77.333,35800.5,70.88
5932,35314,35315,27.0,50.0,182.28
5933,35326,35327,5.0,0.0,35.75
5934,35328,35329,10.0,0.0,37.04
5935,35330,35331,8.6,0.8,116.18
5936,35332,35333,15.8,1.7,259.1
5937,35336,35337,10.4,0.8,169.61
5938,35338,35339,7.6,0.3,121.96
5939,35340,35341,2.8,0.2,40.18
5940,35344,35345,2.2,0.2,34.94
5941,35358,35359,29.0,0.0,0.2
5942,35360,35361,9.0,0.0,18.7
5943,35362,35363,9.0,0.0,43.39
5944,35364,35365,37.5,1740.5,39.88
5945,35374,35375,1.448,1.372,9.26
5946,35376,35377,2.421,4.807,13.9
5947,35378,35379,1.088,0.083,11.67
5948,35382,35383,8.375,28.517,46.86
5949,35384,35385,2.0,0.0,17.86
5950,35388,35389,2.0,0.0,16.95
5951,35390,35391,2.235,0.316,16.76
5952,35392,35393,4.0,0.0,15.98
5953,35400,35401,10.0,0.0,35.72
5954,35402,35403,5.0,0.0,62.68
5955,35404,35405,2.857,0.476,33.86
5956,35406,35407,100.125,25070.411,38.87
5957,35412,35413,4.706,627.652,9.07
5958,35414,35415,2.197,5.194,15.09
5959,35416,35417,4.067,0.352,51.5
5960,35418,35419,4.933,0.495,61.95
5961,35430,35431,1.091,0.087,6.41
5962,35434,35435,12.091,1243.801,30.31
5963,35438,35439,10.471,143.015,22.86
5964,35440,35441,15.923,1344.744,11.89
5965,35442,35443,1.4,0.3,10.67
5966,35466,35467,7.0,0.0,45.2
5967,35468,35469,4.0,0.0,23.22
5968,35470,35471,7.0,0.0,49.65
5969,35472,35473,8.7,1.789,61.96
5970,35474,35475,4.8,0.622,34.28
5971,35478,35479,12.444,1.778,91.95
5972,35482,35483,5.125,0.411,35.83
5973,35484,35485,12.714,1.905,93.01
5974,35486,35487,4.143,0.143,30.88
5975,35488,35489,15.857,2.143,114.01
5976,35490,35491,3.833,0.567,29.18
5977,35516,35517,12.0,0.0,90.02
5978,35518,35519,12.0,0.0,91.27
5979,35520,35521,4.0,0.0,28.95
5980,35528,35529,10.611,466.958,14.93
5981,35530,35531,29.944,1045.114,70.63
5982,35532,35533,20.833,718.152,82.16
5983,35534,35535,60.417,14698.265,24.86
5984,35536,35537,4.053,0.164,47.96
5985,35538,35539,1.053,0.053,12.35
5986,35540,35541,4.263,0.538,49.76
5987,35558,35559,1.364,0.255,12.21
5988,35560,35561,33.909,7710.753,43.13
5989,35562,35563,87.391,52955.431,42.16
5990,35564,35565,5.375,0.554,38.77
5991,35566,35567,3.0,0.286,20.74
5992,35568,35569,18.3,1155.344,54.19
5993,35570,35571,184.2,30882.622,74.03
5994,35572,35573,19.167,2.967,151.88
5995,35574,35575,7.571,0.619,60.65
5996,35578,35579,5.0,0.0,40.35
5997,35580,35581,3.0,0.0,25.11
5998,35582,35583,3.5,0.5,26.03
5999,35584,35585,2.429,0.286,27.98
6000,35590,35591,4.0,0.0,50.63
6001,35592,35593,4.333,1.333,39.16
6002,35594,35595,3.0,0.0,33.93
6003,35608,35609,6.0,1.0,56.12
6004,35612,35613,9.0,0.0,56.0
6005,35614,35615,32.0,0.0,206.08
6006,35616,35617,10.1,250.786,24.65
6007,35618,35619,10.771,261.797,33.87
6008,35620,35621,14.979,363.595,53.74
6009,35628,35629,1.071,0.071,5.76
6010,35632,35633,1.091,0.091,8.34
6011,35634,35635,3.0,0.167,39.09
6012,35636,35637,7.667,0.333,86.54
6013,35638,35639,10.333,0.333,116.22
6014,35640,35641,6.5,0.333,71.41
6015,35642,35643,4.5,0.5,26.24
6016,35644,35645,23.5,350.7,36.49
6017,35646,35647,1.914,0.291,23.2
6018,35648,35649,11.983,107.105,115.59
6019,35650,35651,21.228,558.751,90.65
6020,35652,35653,17.0,793.5,28.3
6021,35654,35655,6.0,1.8,71.32
6022,35656,35657,13.258,115.598,55.62
6023,35658,35659,7.0,0.0,62.78
6024,35660,35661,7.0,0.0,49.74
6025,35662,35663,9.0,0.0,74.75
6026,35664,35665,7.0,0.0,55.43
6027,35686,35687,4.667,10.333,6.08
6028,35688,35689,8.667,0.333,87.61
6029,35690,35691,34.455,6967.273,28.03
6030,35692,35693,23.355,12.637,288.34
6031,35700,35701,14.0,0.0,127.23
6032,35702,35703,9.0,0.0,89.83
6033,35704,35705,2.0,0.0,19.82
6034,35706,35707,3.0,0.0,36.81
6035,35708,35709,4.0,0.0,40.79
6036,35710,35711,2.0,0.0,17.7
6037,35728,35729,15.75,2.733,204.68
6038,35730,35731,5.053,0.053,50.38
6039,35732,35733,16.947,330.608,134.81
6040,35734,35735,1.238,0.29,14.56
6041,35736,35737,7.0,611.053,21.77
6042,35738,35739,1.182,0.153,8.16
6043,35746,35747,1.167,0.143,10.73
6044,35748,35749,3.0,0.0,18.14
6045,35756,35757,4.7,0.233,97.29
6046,35758,35759,1.5,0.278,26.72
6047,35764,35765,1.833,0.147,14.9
6048,35766,35767,3.0,0.0,14.47
6049,35774,35775,1.294,0.221,15.91
6050,35776,35777,2.059,0.309,25.32
6051,35784,35785,11.773,349.232,27.67
6052,35786,35787,2.615,14.756,7.35
6053,35788,35789,8.333,180.381,8.31
6054,35792,35793,12.846,2.641,152.62
6055,35794,35795,3.0,0.0,27.28
6056,35796,35797,6.0,0.0,51.13
6057,35798,35799,3.0,0.0,27.33
6058,35802,35803,3.571,0.619,24.67
6059,35804,35805,8.571,2.619,59.25
6060,35806,35807,2.167,0.167,15.68
6061,35810,35811,10.167,1.767,69.75
6062,35812,35813,2.6,0.8,17.69
6063,35816,35817,2.5,0.5,16.18
6064,35820,35821,20.0,2.0,141.96
6065,35824,35825,221.5,48360.5,93.95
6066,35826,35827,70.0,6728.0,9.67
6067,35846,35847,15.0,0.0,78.99
6068,35850,35851,6.5,0.5,53.83
6069,35858,35859,5.0,0.0,43.92
6070,35862,35863,4.0,0.0,26.05
6071,35864,35865,4.0,0.0,9.16
6072,35868,35869,24.0,0.0,46.99
6073,35884,35885,14.667,337.867,35.09
6074,35886,35887,2.818,0.364,46.0
6075,35888,35889,5.0,0.0,30.31
6076,35890,35891,4.5,0.5,25.18
6077,35894,35895,6.0,0.0,25.45
6078,35896,35897,2.0,0.0,8.96
6079,35900,35901,27.0,0.0,121.69
6080,35902,35903,6.0,0.0,33.28
6081,35906,35907,11.0,0.0,14.8
6082,35908,35909,9.917,23.538,86.77
6083,35910,35911,2.0,0.0,16.05
6084,35912,35913,5.0,0.667,70.48
6085,35916,35917,2.5,0.5,34.32
6086,35918,35919,7.5,0.5,93.13
6087,35924,35925,2.167,0.152,39.76
6088,35926,35927,13.053,2.164,347.43
6089,35948,35949,16.167,185.767,43.24
6090,35950,35951,12.55,52.682,106.33
6091,35952,35953,25.095,10912.29,30.31
6092,35954,35955,8.789,2.62,369.42
6093,35956,35957,15.8,47.2,156.29
6094,35960,35961,26.375,12.839,309.1
6095,35962,35963,3.0,0.286,35.91
6096,35964,35965,6.625,0.554,77.86
6097,35966,35967,1.125,0.125,14.84
6098,35968,35969,8.76,32.773,30.29
6099,35970,35971,6.191,330.115,42.21
6100,35972,35973,7.171,0.595,107.98
6101,35974,35975,10.182,1.364,128.17
6102,35976,35977,5.732,0.601,72.54
6103,35980,35981,21.0,0.0,110.57
6104,35986,35987,12.0,0.0,58.07
6105,35988,35989,25.0,0.0,127.6
6106,35998,35999,90.0,0.0,502.03
6107,36000,36001,44.5,11.667,319.99
6108,36002,36003,18.25,30.917,159.0
6109,36008,36009,5.571,0.286,56.47
6110,36010,36011,5.0,0.0,29.08
6111,36016,36017,4.167,0.152,35.89
6112,36018,36019,2.361,1.894,18.89
6113,36020,36021,1.444,0.254,14.11
6114,36022,36023,8.6,7.541,70.25
6115,36050,36051,61.0,0.0,40.9
6116,36062,36063,3.5,0.333,26.23
6117,36064,36065,13.5,1.667,106.78
6118,36066,36067,12.333,6.333,93.12
6119,36082,36083,3.667,0.333,25.99
6120,36084,36085,7.909,0.691,55.66
6121,36088,36089,39.2,9146.333,57.98
6122,36096,36097,8.0,0.0,59.88
6123,36098,36099,8.0,0.0,60.14
6124,36110,36111,19.167,75.767,164.29
6125,36112,36113,27.6,6.3,201.85
6126,36126,36127,28.981,2484.509,180.63
6127,36128,36129,1.098,0.09,11.81
6128,36130,36131,2.758,0.842,30.78
6129,36132,36133,6.0,1.0,47.22
6130,36134,36135,3.6,0.3,29.6
6131,36142,36143,16.0,0.0,97.01
6132,36146,36147,3.0,0.0,35.47
6133,36154,36155,14.0,32.0,19.34
6134,36174,36175,4.0,0.0,1.04
6135,36198,36199,15.0,0.0,32.37
6136,36206,36207,22.0,0.0,42.97
6137,36212,36213,2.333,0.333,5.7
6138,36214,36215,5.5,0.5,10.55
6139,36216,36217,20.0,8.0,36.8
6140,36220,36221,15.333,6.333,33.63
6141,36230,36231,19.0,0.0,117.33
6142,36232,36233,3.0,0.0,19.29
6143,36234,36235,2.0,0.0,11.58
6144,36236,36237,3.0,0.0,15.39
6145,36238,36239,3.0,0.0,13.54
6146,36252,36253,3.0,0.0,14.86
6147,36274,36275,12.0,0.0,58.46
6148,36276,36277,21.0,0.0,108.47
6149,36278,36279,13.0,0.0,61.26
6150,36280,36281,4.0,0.0,18.41
6151,36296,36297,10.0,0.0,81.84
6152,36298,36299,1.5,0.5,11.43
6153,36300,36301,6.333,2.333,46.44
6154,36304,36305,1.75,0.25,13.6
6155,36314,36315,22.0,2.0,139.52
6156,36326,36327,6.0,0.0,29.9
6157,36328,36329,2.0,0.0,11.36
6158,36338,36339,6.5,0.5,27.02
6159,36348,36349,3.0,0.0,16.65
6160,36400,36401,11.5,0.5,93.15
6161,36402,36403,22.0,0.0,104.8
6162,36430,36431,160.0,32.0,841.94
6163,36432,36433,156.5,2112.5,781.43
6164,36434,36435,12.667,2.333,63.63
6165,36438,36439,69.0,0.0,374.38
6166,36442,36443,11.0,0.0,48.83
6167,36448,36449,100.333,226.333,523.2
6168,36450,36451,43.333,1567.086,211.69
6169,36452,36453,6.472,80.713,34.23
6170,36464,36465,3.0,0.0,28.94
6171,36466,36467,4.667,0.333,49.73
6172,36468,36469,2.143,0.143,21.51
6173,36470,36471,2.333,0.267,26.07
6174,36472,36473,2.333,0.267,27.54
6175,36478,36479,2.143,0.143,29.64
6176,36482,36483,9.571,0.619,100.9
6177,36484,36485,4.0,0.0,43.98
6178,36486,36487,2.3,0.233,26.45
6179,36498,36499,7.5,0.5,44.49
6180,36500,36501,10.9,1.211,219.58
6181,36502,36503,4.8,0.4,95.76
6182,36504,36505,2.462,1.058,24.93
6183,36512,36513,6.5,0.5,48.68
6184,36520,36521,5.0,0.0,40.1
6185,36542,36543,1.75,0.25,8.19
6186,36544,36545,51.0,0.0,242.2
6187,36548,36549,3.2,0.2,40.06
6188,36550,36551,33.375,5.982,449.25
6189,36552,36553,11.375,0.839,151.6
6190,36554,36555,8.5,0.857,114.71
6191,36556,36557,2.5,0.286,33.37
6192,36558,36559,3.6,0.3,41.41
6193,36564,36565,108.0,0.0,560.25
6194,36568,36569,8.333,0.333,60.74
6195,36570,36571,17.0,338.0,18.54
6196,36598,36599,2.0,0.0,8.56
6197,36610,36611,10.0,0.0,71.42
6198,36618,36619,7.0,0.0,75.82
6199,36724,36725,10.0,0.0,42.69
6200,36744,36745,8.0,0.0,36.36
6201,36752,36753,5.0,0.0,28.18
6202,36802,36803,19.0,0.0,33.47
6203,36840,36841,22.256,145.617,159.22
6204,36842,36843,4.0,0.0,49.69
6205,36844,36845,3.0,0.0,31.88
6206,36846,36847,14.536,9.369,223.27
6207,36848,36849,5.889,0.564,88.4
6208,36850,36851,7.481,3.567,102.78
6209,36852,36853,7.667,28.615,68.26
6210,36854,36855,5.852,88.977,27.22
6211,36856,36857,9.778,164.564,34.67
6212,36858,36859,46.5,8035.419,50.05
6213,36860,36861,14.0,0.0,75.83
6214,36862,36863,34.0,14.0,145.74
6215,36876,36877,188.526,143215.067,269.94
6216,36878,36879,6.5,0.278,68.75
6217,36880,36881,3.0,0.0,35.77
6218,36882,36883,1.6,0.3,5.31
6219,36946,36947,8.5,0.5,40.57
6220,36964,36965,35.0,0.0,157.02
6221,36968,36969,18.0,0.0,98.05
6222,36988,36989,1.048,0.048,13.98
6223,36992,36993,3.75,0.25,32.92
6224,36998,36999,11.0,5.636,113.72
6225,37002,37003,6.0,0.0,2.16
6226,37006,37007,1.139,0.123,3.32
6227,37008,37009,3.093,9.707,13.38
6228,37010,37011,1.36,1.157,3.52
6229,37012,37013,5.21,178.89,19.05
6230,37014,37015,1.449,0.919,14.07
6231,37016,37017,1.491,2.736,13.55
6232,37018,37019,5.782,206.026,24.68
6233,37024,37025,5.333,0.267,46.26
6234,37026,37027,18.37,109.011,97.66
6235,37028,37029,5.222,3.111,48.26
6236,37030,37031,2.667,0.264,32.44
6237,37032,37033,13.943,92.362,65.98
6238,37034,37035,4.154,0.29,51.44
6239,37036,37037,8.712,0.994,110.64
6240,37038,37039,2.857,0.415,32.81
6241,37040,37041,7.9,0.322,99.19
6242,37042,37043,15.5,1.389,197.01
6243,37054,37055,40.0,0.0,188.17
6244,37070,37071,4.0,0.0,21.66
6245,37128,37129,2.0,0.0,12.69
6246,37140,37141,3.0,0.0,11.87
6247,37166,37167,13.0,0.0,147.19
6248,37168,37169,10.0,0.0,114.61
6249,37170,37171,3.0,0.0,29.62
6250,37172,37173,1.909,0.091,25.3
6251,37176,37177,6.091,0.491,75.71
6252,37178,37179,19.25,1.583,228.09
6253,37180,37181,7.0,0.0,170.05
6254,37186,37187,1.333,0.242,11.92
6255,37190,37191,1.222,0.194,11.33
6256,37192,37193,11.0,0.0,44.38
6257,37194,37195,9.75,0.25,100.45
6258,37196,37197,7.524,4.862,36.48
6259,37198,37199,58.4,54.147,255.19
6260,37200,37201,28.0,0.0,120.82
6261,37202,37203,31.0,18.0,146.96
6262,37204,37205,95.0,162.0,436.35
6263,37206,37207,32.0,0.0,133.23
6264,37210,37211,3.273,1.018,38.09
6265,37214,37215,1.2,0.178,15.25
6266,37216,37217,8.444,43.528,77.62
6267,37220,37221,37.5,0.5,83.51
6268,37224,37225,82.208,6068.934,249.6
6269,37226,37227,1.5,0.598,13.79
6270,37228,37229,46.841,5287.811,197.5
6271,37230,37231,1.73,8.925,9.1
6272,37232,37233,59.25,10029.029,153.43
6273,37234,37235,42.395,3198.624,117.22
6274,37236,37237,12.389,1176.816,12.51
6275,37238,37239,93.125,6957.839,78.72
6276,37240,37241,130.375,17323.125,83.98
6277,37242,37243,26.0,0.0,109.49
6278,37258,37259,4.0,0.0,28.82
6279,37288,37289,33.0,0.0,186.09
6280,37292,37293,12.0,0.0,22.75
6281,37294,37295,43.0,0.0,232.56
6282,37296,37297,77.0,0.0,412.59
6283,37300,37301,8.25,0.917,103.44
6284,37302,37303,4.25,0.25,59.38
6285,37304,37305,10.4,1.8,133.2
6286,37306,37307,1.8,0.2,17.09
6287,37308,37309,5.333,0.424,43.34
6288,37310,37311,5.25,0.386,39.27
6289,37312,37313,21.333,3.152,153.73
6290,37314,37315,6.083,0.447,46.8
6291,37316,37317,5.286,0.238,49.63
6292,37350,37351,8.0,0.0,41.14
6293,37408,37409,8.0,0.0,40.78
6294,37410,37411,7.0,0.0,0.38
6295,37420,37421,5.5,0.333,43.34
6296,37422,37423,11.0,215.333,25.79
6297,37426,37427,28.162,377.751,47.49
6298,37428,37429,14.432,148.641,27.52
6299,37432,37433,6.0,0.0,53.52
6300,37434,37435,9.0,0.0,72.6
6301,37436,37437,4.667,8.333,31.05
6302,37438,37439,2.857,0.476,37.4
6303,37442,37443,3.625,44.268,7.07
6304,37444,37445,3.429,0.619,42.12
6305,37446,37447,30.125,3059.554,119.86
6306,37448,37449,45.111,5517.111,41.69
6307,37450,37451,5.1,37.211,28.84
6308,37452,37453,34.6,5445.6,25.56
6309,37456,37457,2.091,1.291,17.75
6310,37458,37459,56.545,9202.873,60.04
6311,37460,37461,32.885,4353.306,29.65
6312,37462,37463,60.296,7494.986,31.54
6313,37464,37465,19.385,2781.366,11.45
6314,37466,37467,3.111,0.41,35.2
6315,37468,37469,12.0,0.0,91.51
6316,37470,37471,3.571,0.418,38.99
6317,37476,37477,30.0,0.0,133.07
6318,37482,37483,57.0,0.0,239.47
6319,37510,37511,4.0,0.0,19.62
6320,37512,37513,6.0,0.0,24.0
6321,37516,37517,6.0,0.0,25.41
6322,37524,37525,3.0,0.0,13.36
6323,37530,37531,2.2,0.2,14.72
6324,37532,37533,2.2,0.2,17.87
6325,37534,37535,7.0,0.5,53.71
6326,37536,37537,1.8,0.2,12.84
6327,37598,37599,10.0,0.0,46.25
6328,37604,37605,9.0,0.0,65.77
6329,37606,37607,8.5,0.5,65.87
6330,37608,37609,10.0,0.0,72.95
6331,37610,37611,6.0,0.0,41.88
6332,37612,37613,7.0,0.0,51.4
6333,37614,37615,4.0,0.0,27.25
6334,37616,37617,9.5,0.5,70.78
6335,37618,37619,5.0,0.0,42.6
6336,37632,37633,2.407,1.906,22.71
6337,37634,37635,3.315,9.88,15.34
6338,37636,37637,2.4,0.267,23.51
6339,37638,37639,22.6,5.6,275.91
6340,37640,37641,3.75,0.25,45.58
6341,37642,37643,1.5,0.333,20.37
6342,37644,37645,77.0,11516.667,34.86
6343,37646,37647,32.767,22960.53,43.85
6344,37648,37649,3.444,9.528,4.04
6345,37650,37651,1.5,0.278,11.39
6346,37652,37653,3.909,0.291,28.18
6347,37658,37659,4.8,1.511,32.41
6348,37668,37669,3.0,0.0,16.51
6349,37674,37675,1.095,0.088,9.92
6350,37676,37677,15.979,75.425,147.75
6351,37678,37679,6.417,49.355,50.45
6352,37680,37681,10.375,47.133,78.83
6353,37682,37683,1.83,2.84,17.85
6354,37684,37685,1.1,0.162,7.35
6355,37690,37691,1.053,0.053,12.26
6356,37692,37693,3.292,17.955,28.69
6357,37694,37695,1.886,7.281,7.53
6358,37696,37697,3.286,0.22,45.87
6359,37698,37699,2.0,0.333,24.17
6360,37704,37705,5.711,0.619,71.93
6361,37706,37707,6.733,7.655,80.81
6362,37708,37709,6.933,31.745,51.16
6363,37712,37713,1.778,9.487,10.2
6364,37714,37715,3.577,0.254,55.74
6365,37740,37741,7.0,50.0,8.44
6366,37742,37743,21.25,70.491,88.82
6367,37744,37745,70.0,7947.714,70.11
6368,37750,37751,9.5,0.5,114.65
6369,37752,37753,2.5,0.5,25.49
6370,37754,37755,4.0,0.0,46.36
6371,37756,37757,34.0,0.0,382.91
6372,37758,37759,3.0,0.0,20.32
6373,37760,37761,46.0,0.0,312.78
6374,37768,37769,43.0,8.0,294.7
6375,37774,37775,15.0,0.0,72.2
6376,37778,37779,14.0,0.0,69.2
6377,37788,37789,4.0,0.0,14.75
6378,37794,37795,4.0,0.0,18.63
6379,37798,37799,7.5,4.5,29.47
6380,37804,37805,4.0,0.0,17.09
6381,37814,37815,30.0,0.0,149.22
6382,37838,37839,117.0,0.0,6.58
6383,37842,37843,3.0,0.0,2.82
6384,37844,37845,14.25,53.0,118.79
6385,37846,37847,10.935,498.462,11.8
6386,37848,37849,2.0,1.086,5.89
6387,37850,37851,1.75,0.25,6.4
6388,37854,37855,30.0,2.0,156.48
6389,37856,37857,307.1,38049.211,388.54
6390,37858,37859,1265.5,387237.364,420.33
6391,37860,37861,490.143,60001.81,130.2
6392,37862,37863,12.0,5.556,181.05
6393,37864,37865,25.0,7.733,422.35
6394,37866,37867,15.04,1683.957,42.09
6395,37890,37891,16.0,0.0,178.4
6396,37892,37893,2.0,0.0,13.78
6397,37900,37901,9.0,0.0,45.87
6398,37902,37903,20.0,0.0,98.27
6399,37904,37905,14.0,0.0,60.95
6400,37906,37907,3.0,0.0,13.03
6401,37908,37909,9.0,0.0,37.43
6402,37984,37985,18.0,0.0,100.66
6403,37990,37991,7.0,0.0,23.91
6404,37996,37997,5.0,0.0,32.48
6405,38006,38007,2.429,0.286,24.16
6406,38008,38009,5.0,0.333,71.72
6407,38010,38011,4.286,0.238,56.66
6408,38014,38015,30.0,0.0,136.09
6409,38016,38017,18.0,0.0,78.4
6410,38018,38019,10.0,0.0,42.96
6411,38020,38021,5.333,0.424,66.73
6412,38022,38023,6.067,0.638,91.6
6413,38024,38025,7.857,0.597,109.84
6414,38026,38027,3.25,0.386,48.4
6415,38034,38035,17.2,2.2,213.88
6416,38036,38037,5.6,0.3,67.48
6417,38038,38039,4.667,0.267,58.42
6418,38044,38045,10.118,1714.41,10.44
6419,38064,38065,30.5,4.5,56.46
6420,38066,38067,14.5,0.5,26.12
6421,38084,38085,3.4,55.726,18.59
6422,38090,38091,2.5,0.5,17.04
6423,38098,38099,3.0,0.0,19.72
6424,38110,38111,2.0,0.0,35.02
6425,38112,38113,2.0,0.0,17.05
6426,38114,38115,8.0,0.0,45.89
6427,38118,38119,1.5,0.5,15.8
6428,38124,38125,1.158,0.14,14.74
6429,38150,38151,4.0,0.0,51.68
6430,38162,38163,8.5,0.333,97.77
6431,38164,38165,4.25,0.25,48.84
6432,38166,38167,6.5,0.333,73.59
6433,38168,38169,17.5,809.667,18.54
6434,38170,38171,393.333,87161.333,52.85
6435,38200,38201,69.4,100.3,298.13
6436,38206,38207,20.0,0.0,109.12
6437,38210,38211,13.0,9.2,90.75
6438,38214,38215,2.0,0.0,12.66
6439,38218,38219,8.0,2.0,55.36
6440,38228,38229,1.5,0.5,15.02
6441,38230,38231,11.0,2.0,83.0
6442,38240,38241,10.25,1.306,145.6
6443,38242,38243,4.0,0.0,16.12
6444,38244,38245,15.0,7.0,57.99
6445,38270,38271,83.0,12800.0,23.25
6446,38274,38275,4.0,0.0,18.39
6447,38276,38277,7.0,0.0,34.78
6448,38282,38283,2.0,0.0,6.26
6449,38292,38293,4.5,0.5,22.95
6450,38312,38313,45.0,32.0,227.02
6451,38314,38315,2.5,0.5,10.28
6452,38316,38317,18.0,0.0,140.93
6453,38364,38365,217.6,6388.3,43.96
6454,38374,38375,6.0,0.0,80.24
6455,38380,38381,8.0,0.0,84.93
6456,38382,38383,4.0,0.0,47.28
6457,38386,38387,43.0,6611.68,145.02
6458,38388,38389,2.88,0.11,31.34
6459,38392,38393,4.0,0.0,18.89
6460,38396,38397,4.0,0.0,18.68
6461,38408,38409,17.154,4.474,260.19
6462,38412,38413,10.0,0.0,41.79
6463,38418,38419,9.0,0.0,41.54
6464,38420,38421,11.5,4.5,42.11
6465,38424,38425,10.2,1.289,179.26
6466,38430,38431,7.739,52.474,44.22
6467,38432,38433,8.304,87.494,16.31
6468,38434,38435,34.0,0.0,159.19
6469,38450,38451,2.0,0.0,11.21
6470,38472,38473,6.25,8.917,95.09
6471,38482,38483,12.0,0.0,70.92
6472,38490,38491,4.25,0.25,36.5
6473,38518,38519,5.655,0.591,69.78
6474,38520,38521,1.353,2.118,9.35
6475,38522,38523,17.0,4.071,247.78
6476,38524,38525,38.31,175.436,485.06
6477,38540,38541,132.059,9095.934,74.17
6478,38542,38543,36.609,2731.399,58.3
6479,38544,38545,39.85,4066.797,28.11
6480,38560,38561,16.222,1885.444,11.76
6481,38562,38563,47.667,4432.0,32.12
6482,38564,38565,1.778,1.194,10.02
6483,38566,38567,302.7,104568.456,156.39
6484,38568,38569,131.556,24423.778,61.05
6485,38570,38571,69.667,14300.606,28.11
6486,38572,38573,58.333,11042.788,45.13
6487,38574,38575,62.273,17856.018,13.8
6488,38576,38577,63.167,9009.97,44.78
6489,38580,38581,21.5,40.5,108.4
6490,38602,38603,12.0,0.0,46.76
6491,38606,38607,14.667,1.333,201.97
6492,38608,38609,5.0,0.0,63.98
6493,38610,38611,12.333,4.333,63.74
6494,38612,38613,4.0,0.0,19.15
6495,38616,38617,8.0,0.667,106.74
6496,38624,38625,7.143,0.476,95.13
6497,38630,38631,2.143,0.476,22.72
6498,38632,38633,1.25,0.25,14.84
6499,38636,38637,5.167,0.167,55.83
6500,38638,38639,2.0,0.0,26.69
6501,38640,38641,4.0,0.0,49.13
6502,38666,38667,7.25,0.917,107.01
6503,38668,38669,31.25,350.25,50.81
6504,38670,38671,5.0,0.0,28.58
6505,38672,38673,23.0,0.0,135.07
6506,38700,38701,26.333,17.333,21.92
6507,38702,38703,28.0,0.0,10.89
6508,38736,38737,3.0,0.0,23.44
6509,38738,38739,2.25,0.25,14.04
6510,38756,38757,6.0,0.0,29.6
6511,38760,38761,4.667,0.333,21.41
6512,38794,38795,2.083,0.265,26.68
6513,38798,38799,6.4,2.948,69.72
6514,38800,38801,10.732,73.254,38.82
6515,38802,38803,1.091,0.091,13.34
6516,38806,38807,15.625,227.875,120.46
6517,38810,38811,14.8,41.2,55.06
6518,38812,38813,9.8,13.7,19.67
6519,38822,38823,2.0,0.0,10.35
6520,38834,38835,6.808,0.882,80.64
6521,38846,38847,5.0,0.0,0.2
6522,38848,38849,5.0,0.0,25.03
6523,38850,38851,2.0,0.0,20.54
6524,38856,38857,37.5,4.5,178.68
6525,38858,38859,4.154,0.141,57.63
6526,38860,38861,1.462,0.269,20.49
6527,38862,38863,4.143,0.44,54.43
6528,38864,38865,12.333,155.095,51.83
6529,38866,38867,16.067,291.924,33.94
6530,38892,38893,13.8,326.2,31.32
6531,38894,38895,7.621,732.958,21.68
6532,38896,38897,46.212,8158.672,31.3
6533,38898,38899,215.808,35093.762,194.89
6534,38900,38901,4.744,8.564,52.95
6535,38902,38903,349.0,0.0,42.8
6536,38904,38905,3.333,1.965,38.31
6537,38906,38907,4.897,321.094,20.73
6538,38908,38909,21.275,1868.051,82.79
6539,38910,38911,30.538,3530.466,51.3
6540,38912,38913,9.0,0.0,38.43
6541,38922,38923,8.25,514.713,24.26
6542,38924,38925,26.0,5000.0,6.08
6543,38926,38927,99.25,14190.917,1.97
6544,38928,38929,156.0,17488.571,27.27
6545,38930,38931,334.125,28419.554,69.36
6546,38932,38933,6.5,168.7,6.71
6547,38934,38935,86.0,0.0,464.77
6548,38940,38941,4.0,0.667,20.68
6549,38942,38943,71.0,110.667,344.7
6550,38948,38949,21.917,261.356,19.53
6551,38950,38951,3.125,0.125,33.01
6552,38956,38957,2.0,0.0,14.96
6553,38962,38963,6.333,0.333,77.09
6554,38964,38965,14.0,98.0,56.06
6555,38974,38975,10.75,0.917,90.62
6556,38998,38999,36.553,52.644,400.74
6557,39000,39001,10.417,34.887,80.43
6558,39002,39003,5.143,0.286,72.24
6559,39004,39005,52.769,2740.692,78.86
6560,39006,39007,14.143,660.901,99.97
6561,39008,39009,8.825,2.856,97.26
6562,39010,39011,4.17,0.49,50.75
6563,39020,39021,4.0,0.0,26.09
6564,39022,39023,4.0,0.0,27.91
6565,39024,39025,3.0,0.0,19.34
6566,39026,39027,11.0,0.0,81.23
6567,39030,39031,4.0,0.0,28.87
6568,39032,39033,1.6,0.3,21.15
6569,39034,39035,1.2,0.2,15.32
6570,39036,39037,2.2,0.2,25.92
6571,39040,39041,4.759,0.362,58.77
6572,39042,39043,6.294,454.346,7.03
6573,39044,39045,19.812,3592.029,6.21
6574,39108,39109,21.333,27.195,531.49
6575,39110,39111,2.0,0.0,9.42
6576,39112,39113,2.0,0.0,5.87
6577,39124,39125,5.25,0.25,56.85
6578,39138,39139,3.0,0.0,21.08
6579,39142,39143,6.0,0.0,27.23
6580,39148,39149,2.692,0.231,30.94
6581,39150,39151,2.692,0.397,35.04
6582,39152,39153,17.692,3471.342,10.14
6583,39154,39155,19.357,2393.794,42.32
6584,39156,39157,75.923,28297.034,70.53
6585,39164,39165,6.0,0.0,28.74
6586,39170,39171,3.978,0.422,45.6
6587,39172,39173,10.778,1.044,134.93
6588,39174,39175,4.0,0.0,37.06
6589,39176,39177,2.0,0.0,13.6
6590,39178,39179,2.0,0.0,24.87
6591,39180,39181,2.0,0.0,19.84
6592,39182,39183,14.143,7.185,165.51
6593,39184,39185,4.114,1.398,44.89
6594,39186,39187,3.0,0.0,39.28
6595,39188,39189,9.2,0.7,120.85
6596,39190,39191,4.5,0.333,37.34
6597,39192,39193,2.0,0.0,18.37
6598,39194,39195,3.54,1.962,35.4
6599,39200,39201,8.0,0.0,0.2
6600,39204,39205,4.299,0.576,81.43
6601,39206,39207,22.333,65.333,14.09
6602,39208,39209,10.2,1.457,158.19
6603,39210,39211,5.0,2.0,36.35
6604,39212,39213,42.667,9935.5,26.44
6605,39214,39215,109.0,66544.667,86.88
6606,39216,39217,23.0,0.0,169.07
6607,39232,39233,19.207,1498.313,21.52
6608,39234,39235,49.172,16965.933,41.86
6609,39236,39237,10.429,823.439,35.38
6610,39238,39239,23.581,1938.918,43.35
6611,39240,39241,103.69,19352.579,123.88
6612,39242,39243,30.452,3889.656,25.4
6613,39244,39245,10.723,307.291,59.64
6614,39246,39247,2.0,0.0,12.85
6615,39248,39249,154.0,0.0,14.56
6616,39250,39251,167.778,70902.444,41.3
6617,39252,39253,4.522,22.715,35.6
6618,39254,39255,22.789,2959.064,23.82
6619,39256,39257,57.842,12680.363,38.83
6620,39258,39259,18.211,3071.287,17.73
6621,39260,39261,108.471,38544.14,55.07
6622,39262,39263,18.529,799.515,25.62
6623,39264,39265,3.375,4.245,34.69
6624,39270,39271,3.538,32.498,13.51
6625,39276,39277,35.0,520.6,45.78
6626,39278,39279,2.0,0.0,10.23
6627,39284,39285,1.5,0.26,16.83
6628,39286,39287,19.808,196.722,46.8
6629,39288,39289,14.375,108.332,69.35
6630,39290,39291,5.0,0.348,77.9
6631,39292,39293,1.048,0.048,13.73
6632,39296,39297,2.0,0.0,11.31
6633,39314,39315,22.0,0.0,115.28
6634,39322,39323,30.5,220.5,19.33
6635,39324,39325,4.273,0.418,29.89
6636,39326,39327,244.8,148606.2,34.27
6637,39328,39329,2.067,3.352,9.4
6638,39330,39331,16.2,335.6,21.74
6639,39332,39333,49.6,11688.8,10.98
6640,39334,39335,70.0,11719.0,88.23
6641,39336,39337,2.0,0.0,17.26
6642,39338,39339,13.4,465.8,22.46
6643,39340,39341,5.967,1.137,74.21
6644,39346,39347,70.0,0.0,423.56
6645,39348,39349,126.0,61.0,558.47
6646,39358,39359,123.0,34568.667,34.46
6647,39360,39361,48.25,1638.25,19.54
6648,39364,39365,2.0,0.0,10.96
6649,39366,39367,62.0,3838.0,43.89
6650,39368,39369,12.9,980.322,19.41
6651,39370,39371,20.0,0.0,235.24
6652,39372,39373,7.0,0.0,81.96
6653,39386,39387,4.0,0.0,30.61
6654,39388,39389,22.0,0.0,164.58
6655,39400,39401,9.208,162.014,53.04
6656,39402,39403,32.574,1359.268,61.1
6657,39404,39405,2.0,0.0,17.18
6658,39406,39407,31.367,1208.571,179.52
6659,39414,39415,13.0,0.0,70.9
6660,39418,39419,7.0,0.0,37.81
6661,39424,39425,11.0,2.0,81.61
6662,39444,39445,8.0,0.0,47.0
6663,39452,39453,1.32,0.393,16.48
6664,39454,39455,1.075,0.071,19.28
6665,39458,39459,35.19,588.862,206.23
6666,39460,39461,9.333,94.333,0.2
6667,39462,39463,2.75,1.167,18.67
6668,39466,39467,8.083,0.629,101.21
6669,39468,39469,25.083,272.447,104.55
6670,39474,39475,28.5,1225.0,125.03
6671,39484,39485,10.0,0.0,55.7
6672,39498,39499,13.0,0.0,59.88
6673,39534,39535,2.0,0.0,6.93
6674,39560,39561,177.0,49928.0,43.34
6675,39574,39575,8.0,0.0,57.0
6676,39576,39577,9.0,0.0,18.76
6677,39580,39581,8.0,0.0,41.42
6678,39646,39647,2.0,0.0,5.22
6679,39648,39649,14.0,0.0,0.2
6680,39652,39653,91.0,0.0,28.38
6681,39774,39775,7.667,0.5,103.26
6682,39782,39783,3.0,0.0,17.4
6683,39790,39791,12.0,0.0,62.01
6684,39796,39797,8.0,0.0,33.23
6685,39836,39837,10.0,0.0,51.73
6686,39838,39839,4.0,0.0,18.33
6687,39840,39841,4.0,0.0,19.21
6688,39912,39913,7.0,0.0,32.61
6689,39932,39933,24.5,12.5,111.48
6690,39944,39945,15.0,0.0,72.15
6691,39946,39947,2.0,0.0,8.55
6692,39958,39959,9.0,0.0,44.51
6693,39962,39963,1.083,0.083,13.19
6694,39964,39965,24.0,0.0,150.09
6695,39970,39971,5.0,0.0,25.96
6696,39972,39973,6.0,0.0,29.26
6697,39980,39981,7.0,2.0,32.48
6698,39982,39983,51.6,6827.8,32.91
6699,39986,39987,7.571,0.286,57.41
6700,39988,39989,6.0,5.667,37.03
6701,39992,39993,22.28,6.21,468.63
6702,39994,39995,7.52,68.51,81.48
6703,39996,39997,35.76,572.273,63.03
6704,40010,40011,1.5,0.333,17.68
6705,40020,40021,1.808,0.242,33.66
6706,40026,40027,3.077,0.554,58.81
6707,40032,40033,1.679,0.374,13.85
6708,40036,40037,1.071,0.071,7.57
6709,40072,40073,13.333,1.467,62.95
6710,40074,40075,1.5,0.3,5.57
6711,40076,40077,75.833,67.367,346.64
6712,40078,40079,23.8,7.7,109.96
6713,40080,40081,62.2,51.7,283.29
6714,40104,40105,3.0,0.0,16.75
6715,40110,40111,4.0,0.0,23.77
6716,40112,40113,5.0,0.0,24.31
6717,40122,40123,6.0,0.0,13.53
6718,40124,40125,9.5,12.5,13.96
6719,40126,40127,5.5,0.5,12.29
6720,40128,40129,18.0,50.0,61.91
6721,40130,40131,6.0,0.0,14.09
6722,40134,40135,5.0,8.0,7.46
6723,40170,40171,7.4,1.411,86.71
6724,40172,40173,1.35,0.871,15.54
6725,40174,40175,3.25,0.513,35.12
6726,40176,40177,14.75,382.092,82.55
6727,40178,40179,56.857,1656.329,94.13
6728,40180,40181,9.833,691.247,20.32
6729,40182,40183,23.273,3104.018,14.11
6730,40186,40187,66.5,10989.429,7.23
6731,40190,40191,13.765,499.441,66.06
6732,40192,40193,58.75,2695.071,24.45
6733,40198,40199,10.0,0.0,104.21
6734,40202,40203,2.8,0.7,27.11
6735,40204,40205,3.6,0.3,28.33
6736,40206,40207,5.0,0.5,34.94
6737,40208,40209,11.75,1.583,77.06
6738,40210,40211,3.0,0.333,28.48
6739,40212,40213,18.143,77.143,119.55
6740,40214,40215,11.267,137.651,81.27
6741,40216,40217,130.059,40558.559,64.43
6742,40218,40219,148.263,117886.76,117.56
6743,40220,40221,10.0,68.75,72.84
6744,40222,40223,7.435,72.962,66.14
6745,40224,40225,5.0,2.0,30.76
6746,40226,40227,2.0,0.0,7.97
6747,40308,40309,17.0,0.0,12.42
6748,40320,40321,6.857,70.129,52.92
6749,40322,40323,15.0,0.0,122.86
6750,40332,40333,14.0,0.0,59.33
6751,40380,40381,2.0,0.0,8.44
6752,40384,40385,2.75,0.917,12.95
6753,40386,40387,5.0,0.0,20.93
6754,40388,40389,6.0,0.0,27.71
6755,40406,40407,2.0,0.0,9.46
6756,40414,40415,87.0,0.0,496.31
6757,40418,40419,2.0,0.0,9.28
6758,40434,40435,90.667,9841.381,55.53
6759,40436,40437,4.872,0.536,57.85
6760,40438,40439,17.688,470.157,98.44
6761,40440,40441,29.423,622.254,52.33
6762,40442,40443,2.8,0.2,30.12
6763,40444,40445,6.0,8.0,60.0
6764,40448,40449,5.0,0.0,44.15
6765,40456,40457,57.909,25196.491,61.1
6766,40458,40459,15.0,0.0,67.15
6767,40460,40461,3.0,0.0,19.57
6768,40482,40483,23.0,0.0,108.39
6769,40550,40551,32.0,0.0,117.98
6770,40552,40553,22.0,0.0,101.44
6771,40624,40625,16.0,0.0,46.34
6772,40634,40635,1.25,0.25,1.66
6773,40656,40657,4.0,0.0,29.3
6774,40658,40659,2.0,0.0,9.48
6775,40660,40661,9.75,0.25,72.17
6776,40662,40663,1.25,0.25,7.11
6777,40664,40665,30.5,0.5,215.98
6778,40668,40669,33.269,6916.365,25.54
6779,40670,40671,24.857,2215.516,38.43
6780,40672,40673,25.312,3789.962,39.17
6781,40674,40675,12.824,1.654,165.37
6782,40676,40677,8.0,90.25,25.95
6783,40678,40679,301.0,55513.067,453.53
6784,40680,40681,4.688,1.562,49.98
6785,40682,40683,5.062,5.396,45.54
6786,40684,40685,2.957,24.476,25.57
6787,40696,40697,17.0,0.0,87.77
6788,40698,40699,88.0,0.0,26.47
6789,40700,40701,10.0,0.0,34.83
6790,40704,40705,3.0,0.0,18.16
6791,40714,40715,20.0,2.0,85.77
6792,40736,40737,5.0,0.0,20.33
6793,40778,40779,5.0,0.0,27.72
6794,40792,40793,2.15,5.669,18.84
6795,40794,40795,17.8,501.549,75.54
6796,40796,40797,77.818,19210.346,63.18
6797,40798,40799,5.536,0.332,62.85
6798,40800,40801,7.25,0.25,36.04
6799,40802,40803,55.333,2488.667,36.1
6800,40804,40805,7.0,0.0,41.46
6801,40840,40841,16.857,2818.132,18.3
6802,40842,40843,1.167,0.152,11.27
6803,40844,40845,3.923,0.244,51.78
6804,40846,40847,1.333,0.238,16.11
6805,40848,40849,1.5,0.26,19.75
6806,40850,40851,6.923,4.954,45.44
6807,40934,40935,15.0,0.0,59.4
6808,40936,40937,8.0,2.0,37.41
6809,40976,40977,5.0,0.0,29.09
6810,40992,40993,7.0,0.0,29.79
6811,41004,41005,94.0,0.0,33.55
6812,41030,41031,7.0,0.0,32.19
6813,41072,41073,16.0,0.0,40.09
6814,41080,41081,10.0,0.0,55.96
6815,41090,41091,12.0,0.0,43.48
6816,41100,41101,3.0,0.0,10.63
6817,41106,41107,8.0,0.0,35.45
6818,41108,41109,7.0,0.0,30.36
6819,41110,41111,29.0,0.0,150.94
6820,41128,41129,4.0,0.0,22.87
6821,41158,41159,133.5,23980.5,2.26
6822,41162,41163,16.0,18.0,70.29
6823,41166,41167,49.0,1458.0,15.5
6824,41180,41181,8.0,0.0,30.38
6825,41192,41193,10.0,0.0,54.44
6826,41198,41199,3.0,0.0,22.06
6827,41218,41219,2.0,0.0,9.65
6828,41228,41229,5.5,0.5,46.58
6829,41230,41231,7.0,0.0,55.76
6830,41232,41233,17.0,2.286,131.54
6831,41234,41235,17.667,4.333,141.41
6832,41236,41237,6.5,0.333,52.07
6833,41238,41239,49.6,7940.3,75.01
6834,41240,41241,164.2,24495.2,73.26
6835,41246,41247,454.0,0.0,26.79
6836,41250,41251,27.0,0.0,175.99
6837,41252,41253,22.0,0.0,141.65
6838,41254,41255,2.0,0.0,8.41
6839,41272,41273,4.889,0.361,32.22
6840,41300,41301,3.0,0.0,10.95
6841,41308,41309,13.0,0.0,76.2
6842,41318,41319,5.0,0.0,26.26
6843,41360,41361,10.0,0.0,73.68
6844,41362,41363,5.0,0.0,33.73
6845,41364,41365,15.0,0.0,105.32
6846,41366,41367,7.118,24.61,49.38
6847,41368,41369,4.0,63.0,6.22
6848,41370,41371,2.0,6.143,10.26
6849,41380,41381,13.0,1.0,66.79
6850,41382,41383,28.667,444.333,58.46
6851,41384,41385,63.667,10001.333,1.11
6852,41394,41395,2.143,0.44,27.57
6853,41396,41397,4.714,0.374,60.64
6854,41398,41399,2.071,0.225,28.04
6855,41400,41401,16.4,3.686,208.02
6856,41402,41403,1.143,0.132,12.13
6857,41404,41405,2.0,0.0,23.0
6858,41406,41407,3.0,0.0,26.07
6859,41408,41409,47.944,12498.526,38.45
6860,41410,41411,9.588,432.382,24.75
6861,41426,41427,4.0,0.0,29.5
6862,41428,41429,4.0,0.0,18.52
6863,41444,41445,16.0,8.0,126.84
6864,41454,41455,3.0,0.0,14.95
6865,41468,41469,6.0,0.0,37.39
6866,41486,41487,8.0,0.0,51.03
6867,41496,41497,15.0,0.0,80.22
6868,41498,41499,7.0,0.0,43.91
6869,41504,41505,3.0,0.0,11.39
6870,41506,41507,13.917,484.629,36.91
6871,41508,41509,44.615,9038.423,67.0
6872,41510,41511,8.0,0.0,51.58
6873,41522,41523,3.077,0.231,43.57
6874,41524,41525,2.487,0.414,34.13
6875,41536,41537,48.0,0.0,8.85
6876,41538,41539,14.0,0.0,66.81
6877,41544,41545,7.708,0.476,163.08
6878,41554,41555,9.0,0.0,6.38
6879,41558,41559,10.0,0.0,55.25
6880,41574,41575,140.0,22898.0,19.71
6881,41586,41587,185.0,0.0,7.35
6882,41588,41589,2.667,0.267,17.51
6883,41590,41591,35.0,32.0,154.89
6884,41610,41611,3.0,0.0,16.28
6885,41658,41659,3.0,0.0,24.75
6886,41660,41661,9.0,0.0,91.08
6887,41670,41671,3.0,0.0,25.74
6888,41678,41679,3.0,0.0,15.05
6889,41686,41687,3.667,0.333,19.2
6890,41688,41689,4.5,0.3,19.45
6891,41690,41691,8.0,0.0,59.24
6892,41694,41695,1.895,0.205,21.19
6893,41696,41697,1.622,0.242,9.2
6894,41698,41699,1.108,0.099,12.54
6895,41702,41703,8.611,34.644,84.83
6896,41704,41705,6.0,0.703,75.46
6897,41706,41707,3.737,1.118,42.48
6898,41708,41709,5.684,1.087,66.95
6899,41710,41711,12.73,1.703,151.66
6900,41712,41713,5.081,5.021,54.12
6901,41714,41715,9.054,16.275,63.35
6902,41716,41717,4.357,15.127,43.05
6903,41718,41719,5.143,0.497,59.08
6904,41720,41721,3.179,0.226,37.49
6905,41726,41727,33.0,0.0,193.47
6906,41750,41751,5.0,0.0,18.77
6907,41760,41761,11.0,2.0,48.96
6908,41764,41765,23.667,2.333,275.51
6909,41772,41773,26.0,0.0,116.71
6910,41782,41783,4.5,0.5,37.42
6911,41784,41785,5.0,0.0,52.27
6912,41798,41799,5.0,0.0,42.07
6913,41800,41801,10.0,2.0,103.64
6914,41802,41803,2.0,0.0,12.09
6915,41806,41807,3.0,0.0,19.29
6916,41814,41815,3.0,0.0,20.37
6917,41824,41825,2.952,0.485,41.44
6918,41826,41827,12.692,158.897,22.4
6919,41830,41831,3.571,0.619,28.72
6920,41832,41833,304.0,0.0,18.74
6921,41836,41837,23.333,394.333,6.58
6922,41838,41839,2.0,0.0,14.07
6923,41840,41841,217.286,77130.214,158.56
6924,41842,41843,11.077,725.077,23.77
6925,41844,41845,21.0,972.0,25.64
6926,41846,41847,11.333,234.333,13.72
6927,41848,41849,3.444,48.528,7.43
6928,41850,41851,1.6,0.267,8.21
6929,41852,41853,12.25,998.196,4.89
6930,41856,41857,1.913,9.719,6.47
6931,41858,41859,79.833,57193.424,36.64
6932,41862,41863,17.353,292.743,24.63
6933,41864,41865,35.095,455.99,258.24
6934,41866,41867,2.667,0.333,19.87
6935,41868,41869,1.333,0.333,9.43
6936,41870,41871,23.5,364.5,43.51
6937,41872,41873,4.0,0.0,43.46
6938,41874,41875,1.815,0.311,23.18
6939,41876,41877,21.214,6.915,258.17
6940,41890,41891,73.077,7034.244,37.23
6941,41892,41893,21.867,472.552,81.25
6942,41894,41895,6.75,7.583,42.98
6943,41900,41901,1.5,1.0,8.74
6944,41906,41907,50.077,953.744,70.5
6945,41908,41909,2.935,0.24,36.24
6946,41920,41921,6.0,8.0,23.09
6947,41922,41923,2.0,0.0,13.17
6948,41928,41929,10.8,8.7,98.48
6949,41930,41931,3.0,0.0,23.05
6950,41932,41933,3.5,0.3,39.9
6951,41936,41937,3.633,43.196,12.54
6952,41938,41939,1.154,0.134,6.11
6953,41940,41941,3.0,0.0,25.88
6954,41942,41943,22.778,2121.444,12.31
6955,41948,41949,11.143,673.81,9.85
6956,15,40670,15.083,2349.538,8.6
6957,17,14,1.143,0.132,15.2
6958,21,37410,219.333,49176.333,14.8
6959,23,20,7.0,61.0,14.4
6960,25,22,3.0,0.0,14.4
6961,43,19624,1.9,0.1,14.2
6962,45,42,4.0,1.0,27.2
6963,47,19178,3.0,0.0,16.9
6964,51,13330,3.0,0.0,14.4
6965,53,82,2.0,0.0,14.1
6966,65,16120,2.0,0.0,9.0
6967,73,19226,2.0,0.0,9.0
6968,75,72,3.0,0.0,14.4
6969,77,74,3.0,0.0,14.4
6970,83,3404,2.0,0.0,10.6
6971,93,19668,2.0,0.0,4.7
6972,95,5054,2.5,0.571,18.4
6973,99,19286,1.795,0.273,26.1
6974,101,19700,6.0,0.0,33.1
6975,103,196,3.667,1.333,27.4
6976,105,19306,1.05,0.05,21.1
6977,109,16,2.6,0.489,10.3
6978,109,35560,4.308,0.897,24.0
6979,111,36878,3.0,0.0,13.6
6980,111,2934,3.273,0.418,24.1
6981,113,110,1.143,0.143,6.2
6982,113,6104,16.0,0.0,5.6
6983,115,10822,2.667,0.333,13.4
6984,115,24408,6.0,0.0,32.2
6985,115,25846,5.667,17.867,13.8
6986,117,114,3.0,21.333,14.5
6987,119,116,1.3,0.233,11.5
6988,121,32970,2.0,0.0,18.2
6989,121,118,2.0,0.25,16.3
6990,123,120,1.8,0.4,14.8
6991,125,122,1.125,0.125,5.1
6992,127,124,1.333,1.0,4.8
6993,131,30658,3.0,0.0,15.9
6994,177,11262,4.25,0.917,32.4
6995,181,3268,6.0,0.0,17.3
6996,183,180,8.0,0.0,14.5
6997,183,22832,5.0,0.0,17.0
6998,185,11206,3.0,0.0,14.2
6999,187,184,3.0,0.0,14.4
7000,207,12112,2.571,0.619,12.2
7001,207,21994,5.429,1.619,24.3
7002,225,31260,3.0,0.0,26.8
7003,239,24438,2.0,0.0,6.6
7004,239,4144,2.0,0.0,11.6
7005,241,238,3.0,0.0,15.3
7006,243,240,4.0,0.0,14.2
7007,261,16808,4.0,2.0,34.0
7008,261,38624,3.0,0.0,34.4
7009,265,31532,5.5,1.727,48.5
7010,271,344,7.0,0.0,14.2
7011,277,274,8.0,0.0,14.4
7012,279,276,7.0,0.0,12.6
7013,281,278,3.0,0.0,5.0
7014,287,16246,2.0,0.0,11.6
7015,297,1890,2.0,0.0,9.4
7016,303,296,2.0,0.0,15.9
7017,305,302,2.0,0.0,16.4
7018,307,304,2.0,0.0,15.7
7019,309,306,4.0,0.0,25.2
7020,311,308,2.0,0.0,13.4
7021,335,332,1.179,0.374,9.8
7022,337,1602,17.733,3884.352,15.1
7023,345,286,2.0,0.0,10.3
7024,347,348,2.0,0.0,10.4
7025,349,10088,2.0,0.0,17.7
7026,351,346,1.5,0.5,11.8
7027,353,350,1.5,0.5,16.2
7028,419,20060,2.0,0.0,4.7
7029,431,33664,1.5,0.5,12.0
7030,459,456,1.5,0.5,10.4
7031,463,2200,4.0,0.0,18.3
7032,467,23634,2.0,0.0,5.9
7033,477,1642,3.0,0.0,11.2
7034,495,27554,1.5,1.0,4.1
7035,549,29228,2.0,0.0,9.0
7036,569,20230,1.5,0.333,9.0
7037,575,20226,3.0,0.0,14.2
7038,597,594,2.0,2.0,11.8
7039,631,37196,2.048,0.048,13.2
7040,631,628,1.143,0.143,15.2
7041,633,630,1.259,0.276,11.2
7042,639,660,3.267,0.21,14.5
7043,639,20324,2.0,0.0,4.7
7044,657,13186,5.0,0.0,29.1
7045,657,20334,7.857,6.143,28.5
7046,657,20342,2.0,0.0,4.7
7047,659,656,3.0,0.571,14.4
7048,661,658,2.667,0.25,14.5
7049,661,20356,3.0,0.0,14.2
7050,661,20346,1.333,0.333,4.7
7051,681,11656,7.0,0.0,36.6
7052,713,5166,3.5,0.5,39.9
7053,727,31772,3.5,0.5,14.4
7054,727,14860,2.8,0.2,14.2
7055,727,20408,1.5,0.5,4.7
7056,729,726,2.8,0.178,14.4
7057,729,16180,3.333,0.333,14.3
7058,731,728,1.583,0.265,7.2
7059,733,722,2.0,0.0,9.0
7060,741,17134,1.842,0.14,27.2
7061,743,740,2.632,0.912,26.7
7062,743,22538,6.5,60.5,6.5
7063,745,32122,2.0,0.0,8.6
7064,749,20456,6.944,100.526,27.0
7065,751,748,1.211,0.175,14.5
7066,871,24540,2.0,0.0,20.1
7067,871,4246,2.0,0.0,16.6
7068,873,874,3.0,0.0,24.7
7069,875,868,2.0,0.0,15.2
7070,877,872,2.0,0.0,19.4
7071,881,5422,1.261,0.202,12.6
7072,947,1034,3.0,0.0,14.4
7073,967,1008,3.0,0.0,15.0
7074,989,20826,3.0,0.0,14.3
7075,991,988,3.0,0.0,15.0
7076,999,990,3.0,0.0,14.5
7077,1007,20790,2.0,0.0,4.7
7078,1009,37738,2.0,0.0,9.0
7079,1033,998,4.0,0.0,14.2
7080,1035,1032,3.0,0.0,14.4
7081,1043,20826,2.0,0.0,4.7
7082,1045,1042,2.0,0.0,9.0
7083,1047,1044,2.0,0.0,8.6
7084,1047,966,3.0,0.0,11.5
7085,1051,18046,2.111,0.611,24.8
7086,1053,12004,1.143,0.143,13.9
7087,1055,1056,1.333,0.424,13.2
7088,1057,40210,1.75,0.25,7.1
7089,1057,12020,3.444,0.778,36.4
7090,1059,5178,2.0,0.0,7.8
7091,1065,1058,2.0,0.0,11.1
7092,1081,20844,2.0,0.0,5.6
7093,1105,5182,3.0,0.0,16.4
7094,1105,25602,3.333,0.333,21.2
7095,1125,4432,2.0,0.0,9.1
7096,1127,1104,3.0,0.667,14.4
7097,1149,1126,3.25,0.25,14.4
7098,1153,1148,3.0,0.667,14.4
7099,1155,1152,3.0,1.333,14.4
7100,1157,1154,3.333,0.333,14.4
7101,1159,1156,3.0,0.0,14.4
7102,1161,1158,3.333,0.333,14.0
7103,1165,5344,2.0,0.0,7.6
7104,1175,20972,2.0,0.0,13.5
7105,1195,1192,2.0,0.0,13.4
7106,1197,1194,2.0,0.0,14.4
7107,1203,9798,2.0,0.0,12.7
7108,1211,2384,2.0,0.0,9.4
7109,1213,1210,3.0,0.0,13.9
7110,1217,1218,3.087,36.719,8.0
7111,1219,1432,2.357,0.534,22.4
7112,1221,1216,1.04,0.04,9.3
7113,1223,1220,1.037,0.037,11.6
7114,1227,21260,3.0,0.0,14.8
7115,1239,14030,4.0,0.0,18.4
7116,1241,1238,6.0,0.0,10.8
7117,1249,1250,2.0,0.0,10.0
7118,1251,18444,2.0,0.0,10.2
7119,1255,11900,2.25,0.25,12.8
7120,1283,1296,4.0,0.0,21.2
7121,1285,1282,2.0,0.0,9.6
7122,1291,21106,3.0,0.0,14.3
7123,1295,12392,3.0,0.0,12.8
7124,1295,33662,5.0,0.0,28.8
7125,1297,1294,3.0,0.0,14.4
7126,1299,17454,4.0,0.0,20.3
7127,1305,1284,2.0,0.0,10.1
7128,1315,1296,4.0,0.0,16.7
7129,1321,1318,3.0,0.0,13.6
7130,1345,14316,2.5,0.5,18.5
7131,1371,21510,2.0,0.0,14.4
7132,1377,1370,37.5,2380.5,12.3
7133,1379,1376,5.0,0.0,12.2
7134,1381,1378,3.0,0.0,14.2
7135,1383,1380,2.0,0.0,9.0
7136,1427,21256,2.0,0.0,4.7
7137,1429,9920,2.964,0.258,34.8
7138,1431,1428,2.179,0.152,22.3
7139,1433,1434,1.053,0.053,8.4
7140,1435,1430,1.464,0.258,15.6
7141,1473,1470,4.0,0.0,23.1
7142,1483,41400,2.0,0.0,12.9
7143,1485,1482,3.0,0.0,14.4
7144,1501,21160,2.524,0.762,17.9
7145,1503,1500,1.154,0.308,14.0
7146,1527,1650,2.0,0.0,23.7
7147,1529,1526,1.125,0.125,9.5
7148,1535,10814,4.0,0.0,21.7
7149,1561,12772,2.0,0.0,9.0
7150,1563,21410,2.0,0.0,4.7
7151,1573,10998,2.0,0.0,8.7
7152,1587,27094,2.2,0.2,17.5
7153,1595,29780,4.0,0.0,25.6
7154,1599,21452,35.545,2758.873,10.1
7155,1601,1598,3.5,24.636,9.4
7156,1603,1600,5.333,66.5,4.7
7157,1605,1606,1.111,0.111,4.0
7158,1607,29780,2.105,0.099,27.8
7159,1609,1604,2.15,8.239,13.6
7160,1611,1608,1.526,0.263,16.6
7161,1621,12760,1.25,0.717,10.6
7162,1641,1638,6.0,0.0,23.9
7163,1643,1640,3.0,0.0,14.7
7164,1643,20128,3.0,0.0,11.7
7165,1645,1642,3.0,0.0,14.4
7166,1651,1648,4.0,45.0,9.6
7167,1667,24346,2.167,0.167,10.3
7168,1669,1666,2.5,1.0,11.9
7169,1671,1668,3.75,0.25,26.7
7170,1691,7262,10.931,650.567,38.6
7171,1705,1706,1.818,0.764,10.1
7172,1707,35440,46.9,3808.322,24.8
7173,1841,1838,2.0,0.0,16.8
7174,1855,1852,2.0,0.0,14.3
7175,1857,1854,2.0,0.0,14.8
7176,1891,1922,3.0,0.0,16.2
7177,1923,1920,1.25,0.5,9.6
7178,1939,15596,1.4,0.3,13.4
7179,1943,1940,1.2,0.2,14.2
7180,1993,9256,3.0,0.0,14.1
7181,1995,1992,3.0,0.0,14.7
7182,1997,1994,3.0,0.0,14.3
7183,2001,1998,2.0,0.0,7.0
7184,2011,32264,2.0,0.667,21.8
7185,2011,15714,2.5,0.278,21.0
7186,2017,2472,1.6,0.3,15.5
7187,2025,2022,1.2,0.2,13.3
7188,2047,2044,2.0,0.0,10.4
7189,2061,39358,2.0,0.0,7.2
7190,2063,2060,2.5,0.5,5.0
7191,2065,2062,2.5,0.5,5.3
7192,2081,17316,1.5,0.333,5.0
7193,2087,19822,2.0,0.667,16.9
7194,2087,12112,3.091,0.291,33.4
7195,2089,2086,2.067,0.495,22.5
7196,2091,2088,1.167,0.152,8.8
7197,2093,2090,1.333,0.524,11.0
7198,2121,12308,2.0,0.0,9.2
7199,2123,22116,3.0,0.0,13.8
7200,2127,31982,4.0,0.0,13.3
7201,2129,2126,2.0,0.0,13.0
7202,2145,22168,2.0,0.0,3.8
7203,2151,7202,5.548,0.523,26.7
7204,2151,29728,4.0,0.4,42.5
7205,2153,2176,1.042,0.042,14.0
7206,2155,2152,1.48,0.26,14.6
7207,2157,2154,1.208,0.346,13.4
7208,2159,2156,1.542,1.129,14.5
7209,2161,2158,4.6,2.253,52.0
7210,2163,2160,1.222,0.194,5.2
7211,2165,2150,1.824,0.635,20.1
7212,2167,2162,2.55,0.261,33.4
7213,2169,2166,1.062,0.062,14.5
7214,2171,2168,1.25,0.2,15.4
7215,2173,2164,8.406,245.862,63.9
7216,2175,2172,1.281,0.273,13.9
7217,2177,2174,2.741,0.43,32.1
7218,2179,38090,1.5,0.5,10.9
7219,2183,2180,2.0,0.0,18.0
7220,2191,2192,2.581,32.63,8.2
7221,2193,36128,1.698,0.561,17.3
7222,2195,2190,2.434,3.558,21.0
7223,2197,2194,1.558,0.487,14.1
7224,2199,466,5.0,0.0,21.5
7225,2201,2198,4.0,0.0,17.9
7226,2205,2202,1.5,0.5,13.9
7227,2235,6680,2.0,0.0,14.0
7228,2237,2234,2.0,0.0,10.3
7229,2241,2238,2.0,0.0,10.4
7230,2243,2240,2.0,0.0,10.4
7231,2245,2242,5.0,0.0,30.3
7232,2257,32980,3.0,0.0,15.5
7233,2259,11834,2.0,0.0,8.8
7234,2275,9928,1.5,0.5,5.4
7235,2277,2274,2.5,0.5,14.2
7236,2299,11676,1.5,0.5,12.0
7237,2301,2298,2.0,0.0,13.8
7238,2317,2314,3.0,0.0,13.8
7239,2367,32884,2.667,0.333,15.7
7240,2369,2366,1.5,0.333,14.4
7241,2373,2370,1.75,0.25,15.4
7242,2377,2374,1.25,0.25,19.4
7243,2381,2378,1.25,0.25,15.2
7244,2385,10436,2.0,0.0,15.8
7245,2387,2384,4.0,0.0,26.7
7246,2389,2386,2.0,0.0,14.3
7247,2397,2394,1.077,0.074,15.7
7248,2467,14476,1.667,0.25,16.9
7249,2473,2470,2.25,0.214,29.6
7250,2479,35568,3.5,0.5,16.2
7251,2481,2478,2.0,0.0,13.9
7252,2483,2480,4.0,0.0,17.0
7253,2497,9450,2.0,0.0,6.8
7254,2499,38486,3.0,0.0,20.3
7255,2499,2496,3.0,0.0,22.9
7256,2501,34994,1.6,0.3,12.6
7257,2503,18482,2.909,0.891,19.0
7258,2503,40678,5.0,0.0,22.4
7259,2511,2522,3.0,0.0,14.2
7260,2519,2514,4.0,0.0,16.5
7261,2521,2518,3.0,0.0,14.4
7262,2523,2520,3.0,0.0,14.4
7263,2537,22614,2.0,0.0,4.7
7264,2547,2554,3.0,0.0,14.3
7265,2557,11148,1.6,0.543,18.1
7266,2559,2556,5.273,200.818,6.8
7267,2561,2558,2.706,0.971,29.7
7268,2581,2578,1.5,0.5,7.4
7269,2587,2584,2.0,0.0,10.4
7270,2599,5442,3.0,1.0,24.2
7271,2601,2598,2.0,0.0,19.1
7272,2603,29324,2.0,0.0,14.2
7273,2615,22862,2.0,0.0,9.7
7274,2615,2766,3.0,0.0,14.5
7275,2617,2614,3.0,0.0,13.5
7276,2619,162,2.545,0.273,19.3
7277,2621,2618,3.25,0.25,17.2
7278,2633,7176,3.0,0.0,23.0
7279,2637,2634,2.0,0.0,11.2
7280,2643,7176,6.0,0.0,27.0
7281,2647,7180,2.0,0.0,10.7
7282,2653,39368,3.2,1.7,10.5
7283,2665,108,3.381,60.248,10.9
7284,2667,2664,1.5,1.067,5.5
7285,2669,2666,1.273,0.218,4.0
7286,2671,2668,12.95,2682.997,8.8
7287,2677,22780,3.5,0.5,34.6
7288,2677,11716,4.0,0.0,36.4
7289,2679,2676,1.667,0.333,14.8
7290,2681,2678,1.333,0.333,13.4
7291,2685,2682,1.333,0.333,9.1
7292,2697,3448,2.0,0.0,14.9
7293,2699,2696,1.5,0.5,10.8
7294,2705,2702,2.0,0.0,10.7
7295,2713,2710,2.0,0.0,14.1
7296,2729,26686,2.0,0.0,13.5
7297,2735,10618,2.0,0.0,14.5
7298,2761,2614,3.0,0.0,14.6
7299,2763,23920,1.333,0.333,9.0
7300,2763,3686,3.0,0.0,14.3
7301,2767,2620,1.5,0.5,8.9
7302,2769,22862,2.0,0.0,4.7
7303,2771,2768,3.0,0.0,12.5
7304,2771,22864,2.0,0.0,4.7
7305,2785,9522,2.0,0.0,14.4
7306,2797,15488,6.0,0.0,12.5
7307,2799,2796,3.0,0.0,16.0
7308,2815,12002,3.0,0.0,13.4
7309,2819,7684,8.333,65.333,3.8
7310,2821,2818,2.0,0.0,14.5
7311,2823,7754,2.0,0.0,14.0
7312,2827,15746,1.25,0.214,8.5
7313,2829,2826,1.3,0.233,9.1
7314,2831,2828,1.625,0.383,13.5
7315,2847,22954,1.364,0.455,11.3
7316,2849,22976,1.562,0.262,4.7
7317,2853,2322,3.0,0.0,29.4
7318,2853,2850,2.091,0.091,32.1
7319,2891,37744,3.0,0.0,11.5
7320,2895,22998,3.0,0.0,13.8
7321,2899,23024,2.0,0.0,10.2
7322,2905,2910,1.4,0.3,15.2
7323,2907,2932,3.333,0.333,22.3
7324,2907,2904,3.0,0.0,33.6
7325,2909,2906,1.167,0.167,14.5
7326,2911,17204,2.6,0.3,31.0
7327,2919,24964,1.455,0.26,9.3
7328,2923,25342,1.25,0.2,8.7
7329,2931,2928,1.2,0.2,12.8
7330,2935,2830,3.091,1.491,23.7
7331,2937,7978,3.0,0.0,15.9
7332,2939,2936,2.0,0.0,10.4
7333,2951,9806,2.0,0.0,24.9
7334,2959,2960,1.25,0.5,8.3
7335,2961,16566,2.333,0.5,22.8
7336,2965,5190,2.25,0.25,29.9
7337,2965,12204,3.0,8.0,6.6
7338,2973,1616,3.0,0.0,13.8
7339,2977,28540,2.333,0.333,11.2
7340,2981,2978,3.0,0.0,14.2
7341,2983,2980,3.0,0.0,14.1
7342,2987,8100,1.222,0.194,7.8
7343,2989,2986,1.5,0.286,10.4
7344,2991,2988,2.111,1.361,10.4
7345,2993,2990,2.0,2.0,10.4
7346,2995,2992,1.857,0.81,10.4
7347,3019,3146,3.0,0.0,14.3
7348,3023,23218,2.0,0.0,9.0
7349,3025,3022,3.0,0.0,10.8
7350,3049,3046,3.0,0.0,14.4
7351,3113,33440,2.0,0.0,12.8
7352,3143,3112,2.0,0.0,9.3
7353,3145,3142,3.0,0.0,14.3
7354,3147,3144,3.0,0.0,14.3
7355,3157,14468,2.0,0.0,12.6
7356,3159,3156,3.0,0.0,14.4
7357,3227,3158,2.0,0.0,9.1
7358,3229,3226,3.0,0.0,14.5
7359,3247,12082,5.0,0.0,24.3
7360,3279,24942,3.0,0.0,14.2
7361,3283,4612,2.0,0.0,9.1
7362,3293,38174,3.0,0.0,9.0
7363,3303,126,3.0,0.0,14.7
7364,3309,23428,2.0,0.0,9.0
7365,3311,3302,4.0,0.0,21.2
7366,3313,3310,3.0,0.0,14.3
7367,3327,1298,3.0,0.0,14.5
7368,3345,41834,2.0,0.0,9.9
7369,3349,23502,2.0,0.0,15.2
7370,3351,27624,1.2,0.2,5.4
7371,3355,14162,1.033,0.033,10.6
7372,3369,3366,2.0,0.0,19.8
7373,3397,2148,2.333,0.333,25.9
7374,3399,11240,3.0,0.0,14.6
7375,3399,15526,4.0,0.0,14.3
7376,3401,3398,2.5,0.5,10.6
7377,3403,3400,2.0,0.0,10.4
7378,3429,14552,4.0,0.0,31.5
7379,3435,2202,1.875,0.125,15.1
7380,3437,3434,1.25,0.214,10.6
7381,3445,3436,1.714,0.238,12.2
7382,3447,3444,1.429,0.286,12.5
7383,3449,3446,1.429,0.286,9.8
7384,3451,3448,2.0,0.0,14.7
7385,3453,3450,1.333,0.333,10.5
7386,3461,3458,2.0,0.0,18.1
7387,3463,3460,2.0,0.0,14.6
7388,3493,3508,2.0,0.4,9.0
7389,3509,38200,2.0,0.0,8.8
7390,3509,23722,2.0,0.0,4.7
7391,3513,23724,2.0,0.0,4.7
7392,3523,10826,2.2,0.2,13.8
7393,3539,2086,4.0,0.0,15.4
7394,3561,23784,4.0,0.0,14.2
7395,3563,9240,1.667,0.333,7.6
7396,3565,3562,3.0,2.0,14.4
7397,3589,24162,103.5,20200.5,11.5
7398,3591,3588,3.0,0.0,12.6
7399,3611,4388,3.5,0.5,14.3
7400,3619,3626,2.0,0.0,9.6
7401,3623,23856,2.0,0.0,9.1
7402,3623,3624,4.0,0.0,14.2
7403,3627,23852,3.0,0.0,14.3
7404,3643,29064,3.0,1.0,17.3
7405,3645,3642,3.0,0.0,14.6
7406,3649,28532,4.0,0.0,21.7
7407,3675,23926,3.0,0.0,15.1
7408,3677,3694,3.0,1.0,13.4
7409,3693,23910,2.0,0.0,9.1
7410,3695,23906,3.0,0.0,16.4
7411,3695,3692,3.0,0.0,14.8
7412,3695,23926,2.0,0.0,5.2
7413,3697,23908,4.0,0.0,13.3
7414,3709,23576,2.0,0.0,9.5
7415,3725,25822,2.417,0.447,14.5
7416,3725,25824,5.727,1.018,27.9
7417,3727,3724,9.143,391.81,17.8
7418,3727,8328,3.5,0.5,21.1
7419,3733,3730,1.167,0.167,15.2
7420,3735,28898,1.5,0.5,6.4
7421,3749,3764,2.0,0.0,11.0
7422,3755,3750,2.0,0.0,10.6
7423,3765,39276,5.0,0.0,29.2
7424,3777,8600,2.0,0.0,14.4
7425,3787,3792,2.5,0.5,14.3
7426,3791,21028,3.0,0.0,14.4
7427,3793,24496,8.333,33.333,16.1
7428,3821,28540,3.667,0.333,27.8
7429,3825,36304,2.0,0.0,7.6
7430,3827,3824,2.0,0.0,8.0
7431,3847,5006,3.0,0.0,17.7
7432,3863,17848,3.0,0.0,15.6
7433,3865,3862,2.0,0.0,14.0
7434,3895,34454,2.0,0.0,11.3
7435,3901,4882,4.0,0.0,14.2
7436,3903,31792,2.0,0.0,16.6
7437,3911,30308,2.0,0.0,14.3
7438,3949,21374,14.0,0.0,20.3
7439,3999,24280,2.0,0.0,10.8
7440,4001,3998,3.0,0.0,11.8
7441,4003,30088,2.0,0.0,14.7
7442,4021,40406,2.0,0.0,8.2
7443,4035,40934,3.0,0.0,15.2
7444,4035,4032,2.333,0.333,16.1
7445,4041,28362,2.0,0.0,15.7
7446,4091,24372,2.0,0.0,4.7
7447,4105,876,1.333,0.333,13.0
7448,4107,32910,2.0,0.0,15.0
7449,4117,19718,3.462,0.436,31.7
7450,4119,27322,2.0,0.0,12.8
7451,4119,4116,10.786,921.72,14.6
7452,4121,4118,1.421,0.257,10.4
7453,4123,4120,2.182,0.364,15.2
7454,4125,4122,4.0,0.889,30.0
7455,4127,4124,1.7,0.233,14.5
7456,4129,28762,1.667,0.333,8.0
7457,4129,24450,2.412,0.882,22.0
7458,4145,4128,1.857,0.129,20.5
7459,4153,4150,1.133,0.124,13.3
7460,4159,24420,2.667,1.0,21.2
7461,4161,4158,1.4,0.3,9.0
7462,4171,4168,1.333,0.25,16.2
7463,4185,8826,2.0,0.0,7.7
7464,4205,10502,2.0,0.0,14.4
7465,4209,33322,3.0,0.0,15.5
7466,4209,17874,3.0,0.0,9.7
7467,4217,5872,4.3,0.456,43.9
7468,4219,35558,2.0,0.0,24.2
7469,4237,20210,3.0,0.0,14.3
7470,4239,5986,2.0,0.0,14.5
7471,4243,8156,2.0,0.0,13.6
7472,4243,18032,3.0,0.0,24.5
7473,4245,19054,2.0,0.0,12.6
7474,4245,16386,2.6,0.3,18.6
7475,4247,25932,4.0,1.0,20.6
7476,4259,4256,3.0,0.0,14.3
7477,4261,744,3.0,0.0,16.3
7478,4263,4260,3.0,0.0,14.4
7479,4265,4262,3.0,0.0,14.4
7480,4267,4264,3.0,0.0,13.0
7481,4271,4268,3.0,0.0,12.4
7482,4273,4270,3.0,0.0,14.4
7483,4275,4272,3.0,0.0,14.4
7484,4277,4274,3.0,0.0,14.4
7485,4315,10224,3.0,0.0,14.4
7486,4389,19550,1.5,0.5,7.2
7487,4403,2326,3.091,0.372,48.5
7488,4409,24728,2.0,0.0,9.0
7489,4433,20922,3.5,0.5,14.2
7490,4497,4494,1.259,0.199,17.9
7491,4499,24816,1.2,0.2,4.3
7492,4529,24824,4.0,0.0,17.3
7493,4531,4528,4.0,0.0,14.4
7494,4533,4530,3.0,0.0,14.4
7495,4591,9492,2.0,0.0,12.6
7496,4615,4612,3.0,0.0,14.4
7497,4617,4614,3.0,0.0,14.4
7498,4621,27750,3.0,0.0,16.6
7499,4623,4620,2.5,0.5,8.6
7500,4625,4622,4.0,0.0,14.4
7501,4627,4624,4.0,0.0,14.4
7502,4631,24968,4.0,0.0,14.3
7503,4633,4630,4.0,0.0,14.4
7504,4635,4632,4.0,0.0,14.4
7505,4637,4634,2.0,0.0,9.7
7506,4639,5618,3.0,0.0,14.9
7507,4675,21374,47.0,0.0,12.2
7508,4677,4674,3.0,0.0,14.2
7509,4679,4676,3.0,0.0,14.4
7510,4681,4678,3.0,0.0,14.4
7511,4683,4680,3.0,0.0,14.4
7512,4703,25160,2.0,0.0,14.4
7513,4713,4708,11.0,0.0,131.4
7514,4731,16510,1.5,0.5,9.3
7515,4749,4804,3.0,0.0,14.3
7516,4805,4708,11.0,0.0,102.0
7517,4813,4700,2.0,0.0,8.5
7518,4831,4842,3.0,0.0,14.5
7519,4835,25162,2.0,0.0,4.7
7520,4841,4694,2.0,0.0,7.5
7521,4841,25024,2.0,0.0,12.6
7522,4843,4840,3.0,0.0,14.6
7523,4875,4866,3.0,0.0,13.4
7524,4885,9956,1.185,0.234,8.8
7525,4901,16956,3.0,0.0,12.8
7526,4913,35392,6.0,0.0,17.7
7527,4915,4912,3.0,0.0,12.3
7528,4917,154,2.0,0.0,18.5
7529,4923,4982,1.136,0.123,15.4
7530,4927,12636,4.182,1.164,40.7
7531,4927,28480,6.636,88.655,10.6
7532,4929,4926,1.609,0.704,14.0
7533,4973,4954,2.0,0.0,12.2
7534,4973,14974,2.6,0.8,14.5
7535,4973,25270,4.0,2.0,19.0
7536,4975,31310,4.5,0.5,34.5
7537,4975,4972,2.615,3.756,28.1
7538,4977,4978,7.706,348.471,10.7
7539,4979,5000,8.364,57.255,45.0
7540,4979,25350,5.375,57.125,18.1
7541,4981,4996,1.15,0.134,9.4
7542,4983,4980,1.478,0.534,13.1
7543,4987,4984,1.474,0.819,14.0
7544,4989,4986,1.391,0.613,13.0
7545,4991,4988,4.15,81.608,9.8
7546,4993,4990,1.727,0.303,16.9
7547,4997,4994,1.286,0.22,6.8
7548,4999,12052,2.235,0.566,25.3
7549,5001,4998,1.118,0.11,13.2
7550,5007,28546,1.4,0.3,6.5
7551,5007,7948,2.6,0.568,28.6
7552,5007,17256,10.556,130.528,8.0
7553,5009,5006,1.091,0.182,10.3
7554,5011,5008,1.258,0.198,15.4
7555,5013,5010,1.067,0.064,12.2
7556,5015,5012,1.294,1.471,5.0
7557,5017,23458,3.0,0.0,24.2
7558,5017,126,3.2,0.844,26.4
7559,5019,5016,1.455,0.473,13.5
7560,5023,9982,2.261,0.656,26.5
7561,5025,5022,2.217,1.087,18.3
7562,5027,7236,2.444,1.103,20.6
7563,5029,5212,1.5,0.5,15.2
7564,5043,5040,2.0,0.0,19.9
7565,5045,5042,2.0,0.0,16.4
7566,5047,5044,3.0,0.0,35.0
7567,5051,5048,2.0,0.0,23.0
7568,5051,6108,1.667,0.667,6.5
7569,5055,11266,64.676,32690.832,25.5
7570,5057,15748,3.625,0.839,21.5
7571,5059,5056,2.5,0.571,15.3
7572,5061,5078,2.0,0.182,14.4
7573,5063,5060,1.769,0.192,12.9
7574,5067,5058,3.222,0.444,23.8
7575,5069,5066,2.0,0.0,13.6
7576,5073,5070,2.167,0.152,16.2
7577,5075,5072,1.75,0.205,12.6
7578,5077,5074,2.0,0.182,13.5
7579,5079,5076,2.25,0.205,15.4
7580,5085,14876,1.571,0.286,17.4
7581,5087,37636,2.5,0.3,18.5
7582,5089,5086,1.5,0.3,6.1
7583,5091,5088,1.167,0.167,9.4
7584,5095,5092,2.0,0.0,14.8
7585,5097,18760,1.5,0.5,13.3
7586,5099,5096,1.5,0.5,10.8
7587,5109,32594,27.308,3719.731,7.6
7588,5111,5108,1.2,0.2,9.6
7589,5117,34136,3.0,0.0,14.1
7590,5119,5122,3.0,0.0,14.2
7591,5123,5132,2.5,0.5,8.9
7592,5129,12852,3.0,0.0,9.0
7593,5131,2164,9.0,0.0,60.8
7594,5133,2176,3.0,0.0,20.7
7595,5137,5434,1.6,0.75,16.1
7596,5139,5136,1.048,0.048,11.9
7597,5153,11606,1.2,0.171,15.5
7598,5157,5154,1.067,0.067,13.4
7599,5167,5164,1.5,0.5,13.5
7600,5169,25894,4.0,0.0,37.2
7601,5169,23588,4.667,1.867,40.7
7602,5169,25586,11.0,0.0,1.4
7603,5171,5168,1.333,0.25,15.2
7604,5175,5172,1.333,0.25,14.9
7605,5189,5186,1.2,0.2,17.1
7606,5201,25594,2.0,0.0,13.5
7607,5203,7074,2.0,2.0,14.4
7608,5205,5202,2.0,0.0,21.3
7609,5207,5204,2.5,0.5,14.5
7610,5211,5208,3.0,0.0,14.5
7611,5215,7202,5.133,1.124,54.9
7612,5215,29728,3.0,0.0,18.6
7613,5217,5214,2.059,0.809,17.8
7614,5219,5222,2.0,0.0,7.2
7615,5219,10080,3.074,0.687,28.4
7616,5223,5220,4.333,0.333,28.2
7617,5231,5228,3.0,0.0,14.4
7618,5233,5230,4.0,0.0,14.4
7619,5237,9500,2.0,0.0,16.2
7620,5239,5236,1.4,0.8,10.5
7621,5241,5238,1.2,0.2,10.4
7622,5257,5254,2.0,0.0,14.7
7623,5261,9518,2.0,0.0,12.4
7624,5261,5258,2.0,0.0,17.1
7625,5265,5262,1.333,0.333,10.6
7626,5267,9500,2.0,0.0,16.5
7627,5269,5266,2.0,0.0,11.4
7628,5273,5270,3.0,0.0,16.6
7629,5285,30238,1.5,0.5,14.4
7630,5311,10014,2.667,0.333,17.3
7631,5313,5310,1.667,0.333,16.3
7632,5317,5314,2.667,0.333,23.1
7633,5335,5322,1.2,0.2,10.3
7634,5355,1922,1.571,0.286,14.4
7635,5359,5356,1.143,0.143,13.7
7636,5363,5360,2.714,0.238,32.6
7637,5367,5364,1.429,0.286,14.4
7638,5369,5366,1.6,0.3,12.2
7639,5371,5368,1.286,0.238,13.7
7640,5387,5384,1.167,0.167,11.4
7641,5397,4126,2.8,0.7,20.4
7642,5397,14292,2.0,0.0,20.5
7643,5399,5396,1.4,0.3,10.1
7644,5401,5398,1.2,0.2,9.6
7645,5403,5400,1.25,0.25,8.6
7646,5405,5402,1.25,0.25,9.8
7647,5407,5404,2.0,0.0,14.6
7648,5409,5406,1.75,0.25,11.3
7649,5411,5408,2.0,0.0,10.4
7650,5413,5410,1.5,0.333,10.4
7651,5415,5416,4.556,212.85,9.2
7652,5417,19718,2.8,0.2,12.9
7653,5417,10822,3.176,0.404,33.4
7654,5419,28412,1.667,0.333,7.0
7655,5419,5414,2.136,0.695,20.4
7656,5421,5418,1.286,1.214,8.3
7657,5423,5420,1.286,0.814,9.6
7658,5425,22560,27.467,5235.695,3.2
7659,5427,5424,17.321,1587.634,9.5
7660,5429,5442,2.571,1.365,19.4
7661,5431,5432,1.154,0.141,4.0
7662,5433,5428,1.111,0.103,13.6
7663,5435,5430,1.348,0.419,13.4
7664,5437,5426,6.724,388.493,9.4
7665,5439,5436,2.935,0.796,32.1
7666,5441,5438,1.1,0.2,8.9
7667,5443,5440,2.677,1.092,25.1
7668,5445,5150,2.111,0.111,23.3
7669,5447,5470,1.083,0.083,13.3
7670,5451,5448,2.182,0.164,27.9
7671,5457,5444,1.083,0.083,13.9
7672,5473,17266,2.526,0.819,24.4
7673,5475,24542,2.0,0.0,27.2
7674,5475,5472,2.789,9.064,26.7
7675,5481,18050,5.364,147.855,24.0
7676,5495,5492,2.0,0.0,9.1
7677,5519,17212,1.667,0.333,9.1
7678,5521,5518,2.0,0.0,14.5
7679,5523,10096,1.75,0.25,10.0
7680,5523,30966,3.5,0.5,18.1
7681,5525,5522,2.0,0.0,14.0
7682,5531,5528,2.0,0.0,14.6
7683,5533,5530,2.0,0.0,14.6
7684,5535,5532,2.0,0.0,14.5
7685,5537,5534,2.0,0.0,15.2
7686,5543,5540,1.25,0.25,18.0
7687,5545,5542,1.4,0.3,16.3
7688,5547,5544,1.4,0.3,15.7
7689,5557,28176,2.0,0.0,7.6
7690,5557,7610,2.0,0.0,12.8
7691,5563,33870,2.0,0.0,9.1
7692,5611,15230,2.351,0.956,25.7
7693,5613,1704,1.273,0.218,6.9
7694,5615,5612,1.444,0.278,9.4
7695,5617,5614,1.091,0.091,9.7
7696,5627,2984,2.5,0.3,14.4
7697,5631,5628,3.0,0.0,14.5
7698,5633,5630,3.0,0.0,14.5
7699,5637,8156,2.0,0.0,13.4
7700,5647,5644,2.0,0.0,10.4
7701,5649,5646,4.0,0.0,31.4
7702,5669,3910,2.0,0.0,7.5
7703,5695,26162,2.0,0.0,4.7
7704,5717,40224,2.0,0.0,13.2
7705,5721,40224,5.0,0.0,25.4
7706,5729,112,1.75,0.214,18.5
7707,5733,5730,2.0,0.0,14.5
7708,5735,5758,2.0,0.0,10.7
7709,5737,5734,2.0,0.0,14.5
7710,5739,5736,2.0,0.0,14.5
7711,5741,5738,2.0,0.0,14.9
7712,5745,5732,2.0,0.0,14.4
7713,5747,5744,2.0,0.0,10.4
7714,5755,5752,1.5,0.5,14.4
7715,5757,5754,1.5,0.5,10.5
7716,5759,5756,1.5,0.5,10.5
7717,5775,5922,3.0,0.0,21.8
7718,5775,26392,5.0,0.0,35.3
7719,5777,5774,2.0,0.0,14.5
7720,5779,5776,4.0,0.0,31.4
7721,5781,5778,2.0,0.0,14.4
7722,5815,5546,3.0,0.0,15.7
7723,5817,5814,2.0,0.0,13.6
7724,5821,5816,2.0,0.0,10.4
7725,5823,5820,2.0,0.0,14.1
7726,5829,5826,2.0,0.0,14.3
7727,5839,5846,2.0,0.0,10.3
7728,5839,5836,2.0,0.0,16.8
7729,5843,5840,2.0,0.0,9.6
7730,5847,5848,2.0,0.0,13.7
7731,5849,5894,3.0,4.0,15.5
7732,5855,5852,1.75,0.25,17.3
7733,5861,36000,1.5,0.333,9.1
7734,5863,32448,5.5,40.5,3.5
7735,5867,36422,1.455,1.473,2.5
7736,5869,14842,3.0,0.0,12.6
7737,5871,12754,20.75,1317.659,13.3
7738,5873,1620,17.741,5894.892,17.5
7739,5875,24610,2.0,0.0,9.0
7740,5879,7794,2.0,0.0,7.8
7741,5879,28342,2.0,0.0,12.6
7742,5887,15604,3.0,0.0,14.6
7743,5889,41238,2.0,0.0,8.7
7744,5895,12456,1.083,0.083,14.8
7745,5897,5894,1.111,0.111,13.5
7746,5903,5900,1.889,0.111,22.6
7747,5907,5904,1.444,0.278,19.5
7748,5913,5910,1.429,0.286,19.4
7749,5923,5204,3.0,0.0,14.5
7750,5931,25436,2.0,0.0,18.8
7751,5979,4240,1.5,0.5,9.6
7752,5981,5978,2.5,0.5,20.2
7753,5987,19056,2.0,0.0,14.4
7754,6009,11188,2.0,0.0,9.4
7755,6009,5990,2.0,0.0,14.3
7756,6011,6014,3.0,0.0,14.7
7757,6015,26484,2.0,0.0,4.7
7758,6035,6048,3.0,0.0,14.2
7759,6043,3648,3.0,2.0,13.8
7760,6045,6042,2.0,0.0,14.4
7761,6047,6068,3.0,0.0,15.2
7762,6049,6046,3.0,0.0,14.4
7763,6067,6064,3.0,0.0,14.4
7764,6069,6066,3.0,0.0,14.4
7765,6073,7208,1.759,0.19,22.1
7766,6075,6072,1.125,0.114,8.3
7767,6077,6074,1.143,0.349,13.8
7768,6085,29914,73.5,10224.5,8.4
7769,6087,6084,2.5,0.5,14.4
7770,6105,26584,2.0,0.0,4.7
7771,6107,39216,2.0,0.0,14.4
7772,6109,25622,2.4,0.8,19.0
7773,6109,6106,3.0,0.0,21.8
7774,6127,26626,2.0,0.0,14.2
7775,6129,6126,2.0,0.0,16.5
7776,6143,3352,6.0,50.0,3.4
7777,6147,6144,2.0,0.0,14.6
7778,6157,26362,2.333,0.333,14.0
7779,6161,27202,1.333,0.267,9.1
7780,6167,6164,2.0,0.0,16.9
7781,6167,7096,2.0,0.0,17.7
7782,6169,6166,2.5,0.5,20.0
7783,6171,6168,2.0,0.0,15.3
7784,6185,6182,2.0,0.0,14.1
7785,6211,25404,3.0,0.0,13.6
7786,6219,11478,1.667,0.333,9.0
7787,6233,2482,3.0,0.0,14.6
7788,6235,6232,3.0,0.0,14.3
7789,6239,12126,5.5,0.5,32.4
7790,6241,6238,3.0,0.0,13.6
7791,6269,26780,3.0,0.0,13.9
7792,6281,2976,3.0,0.0,10.2
7793,6283,6280,1.5,0.5,6.4
7794,6285,6282,3.5,0.5,14.4
7795,6291,6288,3.0,0.0,14.0
7796,6343,6206,2.0,0.0,14.1
7797,6345,25402,4.0,0.0,17.9
7798,6361,32708,2.0,0.0,7.7
7799,6361,11614,2.0,0.0,12.8
7800,6379,6284,3.5,0.5,14.2
7801,6407,5882,1.5,0.5,5.8
7802,6409,6406,2.0,0.0,7.6
7803,6409,26922,2.0,0.0,4.7
7804,6419,14870,4.0,0.0,14.7
7805,6423,6418,2.0,0.0,10.1
7806,6445,23098,1.6,0.3,12.8
7807,6445,16566,4.6,0.3,23.5
7808,6447,2324,2.068,0.902,30.2
7809,6471,32774,3.909,0.091,17.5
7810,6471,17038,5.889,1.111,38.8
7811,6473,6470,1.952,0.448,15.8
7812,6479,6476,1.5,0.5,16.5
7813,6481,6478,1.5,0.5,14.7
7814,6483,6480,2.5,0.5,27.3
7815,6485,6482,2.0,0.0,13.3
7816,6513,27026,2.0,0.0,4.7
7817,6517,1938,2.0,0.0,14.8
7818,6519,25474,2.0,0.0,14.3
7819,6521,6518,2.0,0.0,15.3
7820,6521,6168,2.0,0.0,14.7
7821,6523,6520,2.0,0.0,14.3
7822,6527,14872,2.0,0.0,16.2
7823,6533,7090,2.0,0.0,15.1
7824,6535,9052,2.143,0.143,14.2
7825,6535,29734,4.0,2.0,25.8
7826,6551,6548,2.0,0.286,15.1
7827,6567,31846,2.0,0.0,14.3
7828,6583,21434,2.0,0.0,8.3
7829,6587,27098,2.0,0.0,4.7
7830,6599,6606,2.0,0.0,12.9
7831,6601,5632,3.0,0.0,18.7
7832,6655,6522,2.0,0.0,9.3
7833,6675,35612,2.0,0.0,14.0
7834,6677,6674,2.0,0.0,10.4
7835,6679,6676,2.0,0.0,14.4
7836,6689,27204,1.385,0.256,8.8
7837,6695,27212,1.5,0.5,4.7
7838,6697,6694,3.0,0.0,14.5
7839,6701,6744,3.0,0.0,11.8
7840,6733,6774,4.0,0.0,15.5
7841,6735,6732,5.0,0.0,14.5
7842,6745,34468,2.0,0.0,11.3
7843,6745,13172,4.0,0.0,19.2
7844,6747,6744,3.0,0.0,15.8
7845,6751,34474,1.5,0.5,11.4
7846,6775,2906,2.0,0.0,9.0
7847,6777,6774,4.0,0.0,15.8
7848,6779,6776,4.0,0.0,15.4
7849,6781,6778,6.0,0.0,25.5
7850,6783,6780,3.0,0.0,14.4
7851,6787,27810,4.5,0.5,22.2
7852,6789,6786,2.0,0.0,16.0
7853,6791,6788,2.0,0.0,14.6
7854,6863,32998,29.0,0.0,6.1
7855,6863,33018,5.0,0.0,32.7
7856,6863,33006,5.0,0.0,8.9
7857,6941,27514,3.0,0.0,14.2
7858,6955,6952,2.0,0.0,14.4
7859,7001,36128,3.222,0.444,30.5
7860,7005,7000,8.111,296.611,10.9
7861,7007,7004,3.667,6.75,16.6
7862,7009,7006,1.571,0.619,10.4
7863,7011,7008,1.429,0.286,10.4
7864,7013,7010,1.556,0.528,14.5
7865,7023,35998,2.0,0.0,14.0
7866,7025,20138,1.7,0.233,9.9
7867,7025,16560,2.25,0.25,15.1
7868,7027,7024,1.5,0.577,5.2
7869,7069,13916,5.0,0.0,64.1
7870,7071,7068,46.0,0.0,9.2
7871,7073,7070,1.5,0.5,10.5
7872,7075,7072,2.0,1.0,10.9
7873,7077,30830,3.0,0.222,13.4
7874,7077,9996,4.5,0.5,22.7
7875,7079,7076,1.8,0.844,11.0
7876,7081,7078,1.1,0.1,14.9
7877,7109,7106,2.0,0.0,13.3
7878,7113,7110,3.0,0.0,18.4
7879,7117,27524,2.0,0.0,14.0
7880,7119,7116,2.5,0.5,15.1
7881,7123,25178,2.0,0.0,14.1
7882,7127,6532,3.0,0.0,15.3
7883,7129,16104,4.0,0.0,28.0
7884,7165,5286,1.333,0.333,5.1
7885,7167,35686,3.0,0.0,24.1
7886,7169,7166,1.333,0.333,10.9
7887,7171,7168,1.667,0.333,10.4
7888,7173,7170,1.333,0.333,10.5
7889,7175,7172,1.333,0.333,10.5
7890,7177,7174,1.667,0.333,10.4
7891,7179,7176,5.0,0.0,34.0
7892,7181,7178,2.0,0.0,10.5
7893,7185,5026,1.778,0.179,21.9
7894,7187,7184,1.192,0.162,15.0
7895,7189,7186,2.0,0.16,24.6
7896,7193,7190,1.5,0.66,13.7
7897,7195,7192,1.1,0.095,9.5
7898,7197,7194,1.308,0.542,13.9
7899,7201,2196,1.231,0.181,14.1
7900,7203,7200,1.385,0.477,14.1
7901,7205,7244,3.0,1.0,22.3
7902,7207,11020,1.174,0.241,8.9
7903,7209,7206,1.478,2.806,9.6
7904,7211,5216,1.647,0.493,14.6
7905,7213,7210,1.312,0.496,9.4
7906,7215,7212,1.6,0.829,9.6
7907,7217,7214,10.938,1356.062,15.0
7908,7219,7216,1.625,0.65,13.0
7909,7221,7218,2.133,0.695,18.6
7910,7223,7220,1.417,0.447,9.5
7911,7225,35068,4.0,0.0,14.0
7912,7225,7238,2.727,0.418,34.4
7913,7231,7226,1.25,0.205,15.1
7914,7233,7228,1.083,0.083,14.2
7915,7241,22124,2.333,0.333,11.4
7916,7241,12304,2.6,0.3,17.9
7917,7247,9942,9.471,905.14,5.8
7918,7249,1444,1.2,0.167,13.4
7919,7255,7252,1.16,0.14,12.9
7920,7257,7254,1.88,0.36,21.8
7921,7259,7256,1.043,0.043,9.7
7922,7261,7258,1.519,0.336,14.3
7923,7265,20392,5.0,8.0,36.1
7924,7271,6408,3.0,0.0,12.1
7925,7277,2502,2.75,0.205,18.9
7926,7279,7276,2.0,0.0,14.6
7927,7281,7278,2.0,0.0,14.4
7928,7283,7280,2.0,0.0,14.5
7929,7285,7282,1.5,0.5,14.4
7930,7311,4150,2.333,0.333,15.4
7931,7313,7310,1.333,0.333,10.4
7932,7315,7334,2.333,0.333,15.6
7933,7317,7314,1.333,0.333,10.4
7934,7319,7316,1.333,0.333,10.4
7935,7321,7462,2.0,0.0,9.0
7936,7321,7312,2.0,0.0,14.4
7937,7323,7320,1.333,0.333,11.1
7938,7325,7322,1.5,0.5,10.4
7939,7327,27880,2.0,0.0,4.7
7940,7329,7326,2.333,0.333,15.1
7941,7331,7328,1.333,0.333,10.4
7942,7333,7330,2.333,0.333,14.4
7943,7335,7332,1.333,0.333,10.5
7944,7351,28566,2.0,0.0,10.4
7945,7357,27948,1.333,0.333,9.3
7946,7359,7356,2.0,0.0,14.5
7947,7363,7360,6.0,0.0,43.2
7948,7367,7364,2.0,0.0,14.4
7949,7373,7358,1.5,0.5,14.5
7950,7375,7372,2.0,0.0,14.6
7951,7377,7374,2.0,0.0,14.9
7952,7383,7380,2.0,0.0,10.7
7953,7391,7388,4.375,0.554,50.5
7954,7393,7390,1.125,0.125,13.9
7955,7405,27954,2.0,0.0,10.3
7956,7405,7398,2.0,0.0,16.1
7957,7407,7404,2.0,0.0,14.3
7958,7431,27986,2.0,0.0,14.4
7959,7439,24422,2.0,0.0,7.8
7960,7449,7372,2.0,0.0,9.1
7961,7461,27996,2.0,0.0,9.4
7962,7465,15230,2.0,0.0,20.0
7963,7465,26072,6.0,0.0,26.5
7964,7467,3864,4.0,0.0,25.3
7965,7467,7464,5.0,2.0,26.0
7966,7469,7466,1.5,0.333,9.2
7967,7471,7468,3.5,1.667,22.7
7968,7483,14312,2.0,0.0,14.5
7969,7485,7482,4.0,0.0,32.6
7970,7491,7486,2.0,0.0,9.8
7971,7527,7542,2.0,0.0,14.4
7972,7539,28506,2.0,0.0,13.7
7973,7541,7538,2.0,0.0,14.6
7974,7545,7542,2.0,0.0,14.5
7975,7557,7554,2.0,0.0,7.4
7976,7561,28118,2.0,0.0,4.7
7977,7585,28150,2.0,0.0,4.3
7978,7597,16524,4.146,207.702,17.1
7979,7599,33658,4.0,0.0,27.1
7980,7601,7598,4.0,0.0,21.3
7981,7603,7600,2.0,0.0,10.9
7982,7609,7078,1.333,0.333,9.5
7983,7623,37792,2.0,0.0,9.8
7984,7637,8494,1.5,0.5,17.8
7985,7639,7636,10.667,777.25,10.5
7986,7641,7638,3.182,28.564,10.5
7987,7643,7640,7.7,420.011,10.8
7988,7647,8068,2.5,0.5,21.8
7989,7647,11852,5.0,0.0,37.0
7990,7647,32028,2.0,0.0,6.6
7991,7649,28718,3.0,0.0,13.7
7992,7649,7646,4.0,20.5,18.4
7993,7653,7650,1.375,0.554,13.0
7994,7657,12128,1.75,0.25,8.8
7995,7659,7666,3.0,0.0,11.5
7996,7677,9244,3.667,7.067,9.3
7997,7679,7676,2.4,0.3,14.4
7998,7683,7676,2.0,0.0,14.3
7999,7687,2814,5.0,0.0,14.4
8000,7699,17818,2.0,0.0,7.6
8001,7727,22912,2.222,0.694,12.4
8002,7743,7740,2.0,0.0,14.4
8003,7757,7726,1.125,0.125,4.8
8004,7759,7756,1.375,0.268,10.6
8005,7761,26350,2.0,0.0,8.2
8006,7761,7794,1.333,0.333,10.4
8007,7765,7762,1.5,0.333,11.0
8008,7771,7768,1.333,0.333,12.0
8009,7775,7772,2.0,0.0,10.0
8010,7779,7758,2.0,0.0,14.3
8011,7781,7776,2.0,0.0,15.1
8012,7783,7780,1.75,0.25,10.5
8013,7787,7784,1.571,0.619,10.6
8014,7789,7786,1.571,0.286,10.5
8015,7791,7788,2.0,0.333,14.7
8016,7793,7790,1.167,0.167,10.4
8017,7795,7792,2.0,0.0,13.2
8018,7797,28360,2.0,0.0,9.4
8019,7797,7758,2.0,0.0,14.3
8020,7799,7796,2.0,0.0,10.4
8021,7801,28346,2.0,0.0,8.2
8022,7803,7800,3.0,0.0,5.2
8023,7805,7802,4.0,0.0,6.5
8024,7807,7804,3.0,0.0,5.9
8025,7809,7806,8.0,0.0,17.1
8026,7811,26154,3.0,0.0,9.7
8027,7811,7808,9.0,0.0,17.0
8028,7813,7810,8.0,8.0,17.3
8029,7827,19726,3.0,0.0,15.5
8030,7829,7826,3.0,0.0,5.0
8031,7831,5414,2.0,0.0,11.0
8032,7831,25850,3.0,2.0,20.6
8033,7833,7864,2.5,0.333,20.0
8034,7835,7832,1.333,0.333,10.6
8035,7837,7834,1.333,0.333,10.4
8036,7839,7836,2.0,0.0,11.2
8037,7859,7856,1.333,0.333,9.7
8038,7861,7858,1.75,0.917,10.4
8039,7863,7860,1.25,0.25,9.9
8040,7879,7832,4.0,0.0,12.2
8041,7883,28464,3.0,2.0,4.7
8042,7889,7994,4.0,0.0,6.6
8043,7889,28590,40.0,0.0,14.2
8044,7895,7892,2.333,0.333,21.3
8045,7899,25258,3.111,9.861,15.4
8046,7899,12636,4.364,0.855,22.2
8047,7901,7898,1.25,0.5,3.3
8048,7903,30212,1.5,0.5,9.5
8049,7905,7902,2.0,0.0,8.1
8050,7907,28488,2.0,0.0,4.7
8051,7913,30228,4.0,3.0,14.2
8052,7913,28494,3.0,0.0,5.0
8053,7915,14312,1.5,0.333,14.5
8054,7917,7914,1.4,0.3,14.4
8055,7919,7916,2.0,0.0,14.4
8056,7921,7918,1.143,0.143,11.1
8057,7923,7920,1.429,0.286,11.2
8058,7925,7922,1.714,0.238,13.8
8059,7927,7924,1.875,0.125,16.6
8060,7929,7926,1.625,0.268,13.5
8061,7933,7930,1.222,0.194,10.2
8062,7935,28500,2.0,0.0,10.2
8063,7939,7936,3.0,0.0,18.4
8064,7941,7938,2.0,0.0,14.6
8065,7947,7944,1.071,0.071,11.0
8066,7947,33246,1.5,1.5,3.0
8067,7951,7952,1.125,0.125,8.6
8068,7953,7942,2.333,0.333,18.6
8069,7953,23880,4.6,0.8,24.6
8070,7953,9632,3.0,0.0,2.9
8071,7955,7950,1.25,0.214,9.9
8072,7957,7954,1.6,0.267,13.9
8073,7961,24050,2.0,0.0,10.6
8074,7961,7958,1.9,0.1,23.3
8075,7961,23116,5.0,0.0,3.3
8076,7967,17256,4.0,0.4,30.0
8077,7967,25398,6.0,21.0,11.8
8078,7969,7966,1.222,0.444,9.4
8079,7971,7968,1.143,0.143,10.4
8080,7973,7970,1.167,0.167,10.4
8081,7977,7974,1.125,0.125,14.4
8082,7989,33508,2.0,0.0,11.3
8083,7989,12300,2.0,0.0,13.9
8084,7993,7990,2.5,0.5,5.0
8085,7997,7994,5.0,0.0,11.0
8086,8023,37604,2.0,0.0,14.4
8087,8043,28908,4.0,0.0,21.4
8088,8053,2830,2.571,0.286,16.4
8089,8059,12626,3.5,0.5,17.1
8090,8059,14130,3.4,0.8,31.5
8091,8059,32298,8.0,0.0,9.1
8092,8061,8058,1.533,0.552,11.1
8093,8063,8060,2.133,0.267,23.2
8094,8065,8062,2.188,2.163,19.4
8095,8071,23052,1.5,0.333,11.2
8096,8071,8056,2.5,0.5,15.8
8097,8077,8074,16.143,880.81,5.1
8098,8079,28670,2.0,0.0,7.0
8099,8081,8078,2.5,0.5,13.2
8100,8083,8080,3.0,0.0,14.4
8101,8091,9938,3.0,0.0,23.0
8102,8091,7246,3.476,1.862,33.3
8103,8093,28258,2.0,0.0,14.6
8104,8099,8082,3.0,0.0,14.2
8105,8105,8106,1.5,2.091,8.4
8106,8109,206,1.091,0.091,8.4
8107,8117,7646,2.5,0.5,18.3
8108,8117,29986,4.0,0.0,27.8
8109,8117,28214,3.0,0.0,19.0
8110,8119,8116,2.0,0.0,9.6
8111,8135,8290,2.0,0.0,14.0
8112,8137,8134,1.5,0.5,10.4
8113,8141,33286,7.0,0.0,53.6
8114,8143,33202,2.4,0.3,19.2
8115,8151,12004,4.0,2.0,12.6
8116,8155,8152,2.0,0.0,28.1
8117,8159,5412,3.667,1.333,22.6
8118,8171,28774,2.0,0.0,4.8
8119,8189,28780,2.5,0.5,14.3
8120,8193,36274,2.0,0.0,14.7
8121,8195,8192,2.0,0.0,12.9
8122,8211,14704,3.0,0.0,15.5
8123,8213,38570,3.5,0.5,16.0
8124,8215,8212,2.0,0.0,14.7
8125,8237,16702,2.0,0.0,11.2
8126,8239,8236,3.0,0.0,15.4
8127,8243,8240,2.0,0.0,14.2
8128,8251,8378,1.6,0.3,9.1
8129,8257,8254,2.2,0.2,14.4
8130,8259,8256,1.2,0.2,5.0
8131,8261,2126,2.0,0.0,13.6
8132,8265,8260,2.0,0.0,14.6
8133,8269,3724,39.25,2644.917,38.8
8134,8273,28936,1.444,0.278,9.2
8135,8273,8270,2.333,0.333,14.2
8136,8279,23962,1.5,0.286,9.7
8137,8279,3730,2.0,0.0,14.8
8138,8281,8278,1.455,0.273,13.2
8139,8283,8280,1.8,0.2,10.8
8140,8289,3732,2.0,0.0,10.3
8141,8291,8288,2.0,0.0,14.3
8142,8309,28918,2.0,0.0,4.7
8143,8313,8242,1.5,0.5,14.3
8144,8325,28878,2.0,0.0,14.1
8145,8329,8326,1.333,0.333,12.2
8146,8345,8272,1.846,0.141,9.8
8147,8351,41586,170.0,0.0,4.9
8148,8359,28620,2.0,0.0,9.2
8149,8363,8360,2.0,0.0,14.6
8150,8375,28988,2.0,0.0,4.7
8151,8385,18042,2.0,0.0,9.6
8152,8405,28536,2.0,0.0,10.6
8153,8409,8406,3.0,0.0,14.6
8154,8419,29746,1.333,0.333,5.0
8155,8421,8418,2.5,0.5,13.8
8156,8429,8446,2.0,0.0,13.6
8157,8441,8438,1.25,0.25,10.7
8158,8443,8440,2.0,0.0,15.7
8159,8445,36568,4.0,0.0,5.6
8160,8447,8444,2.0,0.0,16.2
8161,8453,23874,2.333,0.333,12.6
8162,8453,8450,1.429,0.286,9.5
8163,8473,17344,1.5,0.5,10.9
8164,8487,33628,2.0,0.0,16.9
8165,8511,2470,3.0,0.0,17.0
8166,8521,29120,2.0,0.0,7.1
8167,8547,8544,3.0,0.0,17.8
8168,8549,14226,2.0,0.0,19.0
8169,8551,8548,1.5,0.5,14.2
8170,8553,8550,1.5,0.5,14.3
8171,8555,8552,2.0,0.0,10.4
8172,8557,8554,2.0,0.0,15.0
8173,8567,37420,2.75,0.25,17.8
8174,8569,8566,4.0,0.0,30.1
8175,8575,8572,1.5,0.333,12.5
8176,8577,8574,2.0,0.0,14.8
8177,8579,8576,2.0,0.0,15.0
8178,8581,8578,2.0,0.0,13.9
8179,8585,2502,2.0,0.0,11.8
8180,8597,31424,3.0,0.0,14.4
8181,8599,24504,3.0,0.0,15.2
8182,8601,8598,2.0,0.0,13.6
8183,8607,20206,3.0,0.0,14.3
8184,8615,35470,2.0,0.0,9.2
8185,8643,8638,1.333,0.333,10.4
8186,8645,8642,2.0,0.0,13.3
8187,8647,8644,3.0,0.0,18.8
8188,8649,8646,1.5,0.333,10.5
8189,8651,8648,1.5,0.333,10.4
8190,8653,8650,1.75,0.25,10.7
8191,8673,8670,2.0,0.0,10.3
8192,8683,8680,2.0,0.0,10.4
8193,8701,17012,3.0,0.0,21.1
8194,8701,8740,2.0,0.0,16.6
8195,8703,8700,1.5,0.5,14.4
8196,8705,29326,2.0,0.0,4.7
8197,8723,5436,4.0,0.0,33.8
8198,8725,8722,2.0,0.0,14.6
8199,8733,10604,2.0,0.0,10.2
8200,8733,36854,3.5,0.5,21.6
8201,8735,8732,1.5,0.5,10.6
8202,8737,8734,2.5,0.5,19.4
8203,8739,8736,3.5,0.5,30.5
8204,8743,8740,3.0,0.0,23.2
8205,8749,8934,2.0,0.0,14.2
8206,8753,11084,2.0,0.0,17.8
8207,8755,8752,2.0,0.0,14.9
8208,8757,8754,2.0,0.0,12.0
8209,8769,16988,1.545,0.473,8.6
8210,8771,8768,2.444,3.278,10.6
8211,8773,8770,1.2,0.2,3.9
8212,8775,8772,1.7,2.456,10.4
8213,8777,29416,2.0,0.0,9.6
8214,8777,8774,1.3,0.233,14.9
8215,8807,8804,4.0,0.0,23.2
8216,8815,29584,1.182,0.164,8.4
8217,8815,8922,5.0,1.0,34.0
8218,8825,16988,3.5,0.5,11.8
8219,8827,8824,1.5,0.5,15.1
8220,8837,8834,2.0,0.0,14.4
8221,8839,17190,2.0,0.0,12.8
8222,8841,8838,3.0,0.0,14.4
8223,8843,8840,3.0,0.0,14.4
8224,8845,17186,1.364,0.455,7.6
8225,8847,8844,3.0,0.5,14.4
8226,8849,8846,2.5,0.333,14.4
8227,8851,8472,2.0,0.0,14.1
8228,8853,8850,2.0,0.0,11.0
8229,8857,8814,2.077,0.077,15.7
8230,8859,8856,1.846,0.308,11.7
8231,8861,8858,2.154,0.141,16.1
8232,8863,8860,1.333,0.242,10.4
8233,8865,8862,2.0,0.182,15.0
8234,8897,9088,2.0,0.0,8.5
8235,8899,29890,2.0,0.0,15.1
8236,8901,37040,3.0,0.0,18.8
8237,8911,8900,2.0,0.0,17.4
8238,8921,12248,2.5,0.5,18.0
8239,8921,14492,2.0,0.0,15.2
8240,8923,8920,2.0,0.0,17.1
8241,8925,29460,2.0,2.0,2.4
8242,8927,8924,1.143,0.143,10.4
8243,8929,8926,1.833,0.567,14.8
8244,8945,29618,2.0,0.0,15.0
8245,8947,8944,2.0,0.0,10.4
8246,8983,11610,2.0,0.0,14.7
8247,9001,15730,2.0,0.0,9.1
8248,9003,9000,352.0,0.0,14.5
8249,9005,9002,3.0,0.0,14.5
8250,9011,11006,2.0,0.0,13.8
8251,9017,9126,1.333,0.333,10.3
8252,9019,9016,3.333,0.333,14.2
8253,9019,30146,3.0,0.0,14.6
8254,9021,9018,2.25,0.25,9.4
8255,9043,9040,2.0,0.0,14.4
8256,9049,25632,3.75,0.25,19.4
8257,9049,22182,4.5,0.5,40.2
8258,9049,7202,5.167,9.367,20.0
8259,9051,9048,1.667,1.75,10.0
8260,9053,9050,4.333,81.879,15.6
8261,9053,7002,1.375,1.125,3.6
8262,9055,27048,2.0,0.0,19.0
8263,9055,9052,2.154,0.474,23.5
8264,9077,5866,1.65,0.45,13.2
8265,9079,9076,1.4,0.257,6.5
8266,9085,8776,2.2,0.178,29.9
8267,9087,34080,2.0,0.0,9.7
8268,9089,9086,2.0,0.0,14.0
8269,9091,12320,2.0,0.0,9.1
8270,9095,1594,2.0,0.0,14.1
8271,9099,29810,2.0,0.0,11.4
8272,9103,30092,2.0,0.0,18.4
8273,9105,9102,2.0,0.0,15.1
8274,9107,9104,2.0,0.0,16.5
8275,9109,9106,2.0,0.0,10.6
8276,9127,2472,2.0,0.0,11.1
8277,9127,11274,2.0,0.0,16.8
8278,9127,21896,2.0,0.0,15.5
8279,9141,31070,2.0,0.0,13.0
8280,9175,9172,1.5,0.5,10.5
8281,9177,9174,2.0,0.0,15.5
8282,9185,31122,1.667,0.333,10.5
8283,9191,9188,1.5,0.5,10.4
8284,9193,9190,2.0,0.0,15.7
8285,9213,9086,2.0,0.0,10.2
8286,9237,33476,1.667,0.333,9.2
8287,9239,40184,93.333,17462.333,17.2
8288,9239,12282,2.0,0.0,13.9
8289,9245,9932,10.0,524.25,16.3
8290,9247,9244,1.667,0.333,14.3
8291,9249,9246,2.0,0.0,14.4
8292,9251,9248,2.0,0.0,10.4
8293,9253,29906,2.0,0.0,8.7
8294,9257,33400,2.0,0.0,8.2
8295,9273,22704,2.0,0.0,7.3
8296,9283,9280,2.0,0.0,13.8
8297,9291,10936,2.0,0.0,12.4
8298,9305,1196,3.0,0.0,24.1
8299,9307,9304,2.0,0.0,14.3
8300,9373,4000,5.0,0.0,17.5
8301,9375,9372,3.5,0.5,14.8
8302,9375,38756,3.0,0.0,14.9
8303,9377,29806,2.0,0.0,19.3
8304,9379,30098,2.0,0.0,10.5
8305,9379,9376,3.5,0.5,20.2
8306,9381,9378,1.4,0.3,10.4
8307,9387,30106,2.0,0.0,14.2
8308,9393,29892,4.0,0.0,29.2
8309,9395,9392,2.0,0.0,10.2
8310,9397,9394,2.0,0.0,17.8
8311,9399,9396,2.0,0.0,10.8
8312,9401,9398,2.0,0.0,10.0
8313,9415,11054,2.0,0.0,9.0
8314,9443,20058,3.0,0.0,19.1
8315,9455,9066,3.0,0.0,14.8
8316,9457,7144,3.0,0.0,15.0
8317,9465,15734,2.0,0.0,9.0
8318,9465,37450,2.0,0.0,13.0
8319,9467,9464,3.0,0.0,14.5
8320,9469,2394,2.0,0.0,18.7
8321,9471,9468,2.5,0.5,10.6
8322,9475,9472,3.0,2.0,10.4
8323,9499,9496,1.25,0.25,5.0
8324,9501,9498,1.333,0.267,11.9
8325,9511,9508,2.0,0.0,10.4
8326,9519,30254,2.0,0.0,4.7
8327,9535,5272,3.0,0.0,14.4
8328,9537,9534,2.0,0.0,10.4
8329,9539,9536,2.0,0.0,14.2
8330,9543,30278,2.0,0.0,4.7
8331,9545,9542,2.0,0.0,14.5
8332,9545,30302,2.0,0.0,14.7
8333,9551,9548,2.0,0.0,17.7
8334,9555,31022,2.0,0.0,9.5
8335,9557,9548,1.5,0.5,9.7
8336,9557,9554,2.0,0.0,17.8
8337,9559,9556,1.667,0.333,10.1
8338,9561,9558,1.333,0.333,10.6
8339,9577,9574,2.0,0.0,15.5
8340,9577,30332,2.0,0.0,15.0
8341,9579,9576,2.0,0.0,14.8
8342,9589,9586,2.0,0.0,14.8
8343,9593,9590,2.0,0.0,15.4
8344,9597,9594,2.0,0.0,14.3
8345,9599,9596,2.0,0.0,10.5
8346,9639,9646,2.0,0.0,14.7
8347,9645,9510,2.0,0.0,11.3
8348,9647,9644,1.5,0.5,11.3
8349,9699,30440,2.0,0.0,4.7
8350,9717,32756,2.0,0.0,14.6
8351,9739,23050,2.0,0.0,14.8
8352,9739,17204,3.444,0.778,28.7
8353,9745,9742,1.143,0.143,14.4
8354,9749,9746,1.143,0.143,11.1
8355,9751,9748,1.714,0.238,17.7
8356,9767,8058,2.0,0.0,13.2
8357,9767,28656,4.0,0.0,18.7
8358,9789,9766,3.5,0.5,14.4
8359,9791,9788,5.0,0.0,19.9
8360,9797,33878,3.0,0.0,12.6
8361,9797,12608,4.0,0.0,18.1
8362,9807,21798,1.333,0.333,20.3
8363,9829,30548,4.375,1.696,36.2
8364,9837,30590,3.0,2.0,24.0
8365,9891,9888,2.0,0.0,14.5
8366,9893,9890,1.75,0.25,14.3
8367,9895,9892,1.75,0.25,12.6
8368,9917,14262,1.038,0.038,8.3
8369,9919,10348,1.19,0.262,9.2
8370,9921,9918,1.077,0.077,4.5
8371,9923,11756,1.25,0.214,16.1
8372,9925,9936,4.095,58.79,8.6
8373,9927,9924,1.158,0.14,10.7
8374,9929,9926,1.286,0.214,14.8
8375,9931,9928,1.8,1.116,14.3
8376,9931,22316,9.0,128.0,3.8
8377,9933,9930,1.182,0.156,14.2
8378,9935,9932,1.1,0.1,12.0
8379,9935,29962,7.0,0.0,3.9
8380,9937,8090,6.05,489.103,7.7
8381,9941,11504,1.381,0.648,7.0
8382,9943,9940,1.52,0.677,9.5
8383,9945,9992,14.667,2200.058,8.6
8384,9947,9944,1.148,0.131,9.5
8385,9949,9946,1.222,0.333,9.7
8386,9951,9948,1.381,0.548,9.4
8387,9953,9950,1.107,0.099,9.8
8388,9955,9952,1.485,1.008,13.6
8389,9957,9954,1.424,0.939,16.6
8390,9961,9958,1.12,0.11,13.1
8391,9975,9972,1.44,0.257,19.8
8392,9981,9974,1.125,0.114,14.0
8393,9989,9986,1.875,0.723,15.9
8394,9989,8640,3.0,2.0,8.9
8395,9991,37170,1.091,0.091,5.1
8396,9991,9996,2.125,0.288,24.2
8397,9991,27616,3.0,0.0,10.1
8398,9993,9990,1.906,1.443,14.5
8399,9995,12602,7.158,339.251,8.1
8400,9997,9994,1.125,0.114,9.5
8401,10003,21170,1.5,0.5,9.4
8402,10005,10002,1.333,0.333,10.5
8403,10007,10004,1.333,0.333,10.3
8404,10009,10006,1.333,0.333,9.1
8405,10011,10008,1.667,0.333,10.4
8406,10015,10012,1.667,0.333,10.7
8407,10071,25744,2.0,0.0,9.8
8408,10073,10070,2.0,0.0,10.4
8409,10091,34022,2.0,0.0,5.7
8410,10091,19842,2.265,0.867,20.8
8411,10093,10090,1.457,0.255,19.0
8412,10099,10096,1.033,0.033,13.7
8413,10101,10098,1.788,0.172,23.0
8414,10103,3734,1.333,0.333,14.4
8415,10155,30290,2.0,0.0,15.2
8416,10159,30304,2.0,0.0,11.3
8417,10167,7896,2.0,0.0,13.1
8418,10167,41840,1.526,0.263,16.1
8419,10181,10178,1.278,0.212,12.6
8420,10181,20402,3.25,6.917,2.8
8421,10183,10180,1.154,0.135,14.7
8422,10185,10182,1.077,0.074,14.1
8423,10187,10184,1.346,0.235,17.1
8424,10197,29866,4.0,0.0,14.8
8425,10199,10196,2.0,0.0,10.3
8426,10199,29844,6.0,0.0,16.9
8427,10219,21508,2.0,0.0,12.1
8428,10223,24910,2.0,0.0,13.5
8429,10227,31102,2.0,0.0,4.7
8430,10229,9020,3.25,0.25,15.0
8431,10235,10236,1.333,0.333,8.4
8432,10237,11850,1.333,0.333,7.4
8433,10239,10234,2.0,0.0,17.9
8434,10243,10238,4.0,0.0,35.3
8435,10243,29892,7.0,0.0,17.4
8436,10245,10242,2.0,0.0,13.9
8437,10253,33524,1.5,0.5,9.2
8438,10259,10256,3.0,0.0,14.0
8439,10269,10266,2.0,0.0,14.2
8440,10271,10268,2.0,0.0,14.2
8441,10273,10270,2.0,0.0,14.2
8442,10349,9922,1.5,0.5,7.4
8443,10349,9916,3.92,0.827,41.4
8444,10371,31206,2.0,0.0,14.3
8445,10373,10370,2.0,0.0,10.5
8446,10421,10416,2.0,0.0,16.2
8447,10429,25402,2.667,0.333,18.6
8448,10431,10428,1.667,0.333,10.5
8449,10435,10432,1.5,0.5,10.4
8450,10457,20592,2.0,0.0,9.0
8451,10465,10480,2.0,0.0,14.2
8452,10481,10478,2.0,0.0,14.4
8453,10491,31412,2.0,0.0,4.7
8454,10503,4208,4.0,0.0,14.3
8455,10517,35314,2.0,0.0,9.1
8456,10523,33224,2.0,0.0,10.2
8457,10525,10522,6.0,0.0,14.1
8458,10535,35890,4.0,0.0,16.3
8459,10549,7582,2.0,0.0,14.8
8460,10553,10550,1.333,0.333,11.4
8461,10587,6156,2.0,0.0,14.4
8462,10597,9998,4.2,1.7,21.5
8463,10597,41874,2.8,3.7,9.3
8464,10601,19900,2.667,0.5,14.3
8465,10601,336,4.429,0.879,46.0
8466,10605,10602,1.55,0.471,9.4
8467,10613,37704,4.0,0.0,28.4
8468,10633,10308,3.0,0.0,25.9
8469,10697,31644,3.0,0.0,13.6
8470,10701,39980,1.5,0.333,8.7
8471,10709,21070,3.0,0.0,16.3
8472,10751,10748,4.0,0.0,14.4
8473,10753,10754,3.0,0.0,10.1
8474,10753,10750,3.0,0.0,15.1
8475,10755,10746,2.0,0.0,9.0
8476,10763,15490,2.267,0.495,13.4
8477,10765,10762,76.0,0.0,0.3
8478,10783,25254,2.0,0.0,16.3
8479,10797,2208,2.0,0.0,13.0
8480,10797,28624,2.0,0.0,18.2
8481,10807,9252,4.0,0.0,14.9
8482,10815,8474,2.0,0.0,14.4
8483,10823,2256,2.0,0.0,9.0
8484,10823,750,1.211,0.175,14.3
8485,10825,23740,2.0,0.0,17.4
8486,10825,12236,1.938,0.862,21.4
8487,10833,10830,2.0,0.0,26.1
8488,10843,31802,4.0,0.0,19.5
8489,10877,10874,2.476,0.362,29.9
8490,10877,27078,2.5,0.333,19.6
8491,10879,10844,2.0,0.0,11.0
8492,10893,3778,3.0,0.0,15.0
8493,10895,10892,4.0,0.0,14.3
8494,10897,10894,4.0,0.0,14.2
8495,10899,10896,5.0,0.0,20.9
8496,10903,10900,3.0,0.0,14.7
8497,10933,14476,2.2,0.2,19.6
8498,10935,10932,1.333,0.267,9.6
8499,10937,33568,2.0,0.0,13.8
8500,10957,14582,3.0,0.0,16.6
8501,10963,21036,6.0,0.0,12.9
8502,10971,10962,8.0,0.0,14.1
8503,10973,10970,11.0,0.0,20.9
8504,10979,33346,2.667,0.333,17.5
8505,11003,11000,1.167,0.167,15.6
8506,11015,15720,2.0,0.0,16.2
8507,11021,3354,3.111,1.103,31.6
8508,11021,6070,9.0,0.0,17.2
8509,11023,28212,4.667,0.333,28.4
8510,11023,8068,3.067,1.21,34.9
8511,11031,21010,6.0,0.0,3.8
8512,11033,11030,2.0,0.0,11.3
8513,11045,8848,2.0,0.0,9.0
8514,11053,8844,3.0,1.0,14.2
8515,11083,22656,2.0,0.0,9.0
8516,11103,738,3.0,0.0,14.5
8517,11105,11102,3.0,0.0,16.7
8518,11109,37850,1.5,0.333,9.0
8519,11121,41804,2.0,0.0,13.7
8520,11123,11120,1.667,0.333,14.4
8521,11131,18148,1.5,0.5,9.7
8522,11135,1608,3.0,0.0,11.4
8523,11135,9108,4.0,0.0,20.8
8524,11135,21464,2.5,0.5,18.0
8525,11143,1610,1.2,0.171,12.7
8526,11145,11140,2.0,0.933,14.8
8527,11147,11144,1.188,0.162,12.2
8528,11149,11146,1.111,0.105,14.4
8529,11151,26476,2.0,0.0,9.0
8530,11153,32176,2.0,0.0,4.7
8531,11207,4236,2.0,0.0,9.0
8532,11225,16072,2.0,0.0,9.2
8533,11229,19038,2.0,0.0,13.5
8534,11231,15714,2.667,0.242,13.9
8535,11233,11230,5.182,2.764,25.1
8536,11235,11232,2.0,1.4,10.4
8537,11237,11234,1.667,1.0,5.0
8538,11239,11236,2.0,0.5,10.4
8539,11241,11238,2.0,1.556,11.3
8540,11255,29880,1.5,0.5,8.6
8541,11263,15722,3.0,0.667,23.0
8542,11265,28654,2.0,0.0,14.2
8543,11265,12626,3.0,0.0,32.6
8544,11267,21082,16.828,2569.148,12.7
8545,11273,10994,2.0,0.0,14.5
8546,11277,17886,1.1,0.092,22.6
8547,11309,11306,1.5,0.5,10.8
8548,11311,11308,1.5,0.5,10.4
8549,11315,11312,2.0,0.0,16.2
8550,11321,14070,2.0,0.0,14.2
8551,11325,11322,2.0,0.0,13.9
8552,11329,14066,3.0,0.0,15.5
8553,11337,14076,3.25,0.25,12.6
8554,11339,11336,5.0,0.0,10.5
8555,11341,11338,8.0,0.0,14.2
8556,11343,32394,1.5,0.333,9.6
8557,11349,11344,1.5,0.5,9.0
8558,11349,32404,3.0,0.0,15.6
8559,11361,38064,2.0,0.0,9.0
8560,11361,39210,2.5,0.5,14.1
8561,11365,5776,4.0,0.0,28.1
8562,11369,21820,2.0,0.0,9.5
8563,11369,1940,3.0,0.0,14.7
8564,11371,11368,2.0,0.0,12.1
8565,11379,12450,2.0,0.0,9.5
8566,11403,16380,2.0,0.0,14.4
8567,11407,39984,1.5,0.3,9.7
8568,11407,568,2.5,0.333,18.7
8569,11421,14054,1.571,0.264,18.9
8570,11423,11420,1.143,0.132,13.5
8571,11429,3822,2.0,0.0,11.2
8572,11435,32494,2.0,0.0,6.9
8573,11459,11456,2.5,0.333,13.6
8574,11461,32730,1.8,0.178,8.7
8575,11463,5084,1.429,0.286,16.4
8576,11467,6664,3.0,0.0,20.4
8577,11469,14876,3.0,0.0,31.9
8578,11471,11468,2.0,0.0,10.4
8579,11485,32558,2.0,0.0,4.7
8580,11491,15944,27.727,1244.418,22.7
8581,11493,11490,8.7,576.011,9.9
8582,11497,41932,1.5,0.3,14.6
8583,11497,11494,1.273,0.418,12.9
8584,11499,11496,1.059,0.059,9.9
8585,11503,11500,4.5,24.5,3.4
8586,11505,32642,14.889,1118.333,11.5
8587,11533,11546,1.667,0.333,9.0
8588,11533,32638,3.0,0.0,14.2
8589,11547,11544,2.0,0.0,8.7
8590,11565,11562,4.0,0.0,19.5
8591,11567,11564,2.0,0.0,11.5
8592,11571,11568,2.333,0.333,10.4
8593,11573,11570,3.0,0.0,17.0
8594,11577,33736,2.0,0.0,14.1
8595,11579,11576,3.0,0.0,20.5
8596,11595,15902,4.286,0.571,43.1
8597,11595,19344,3.889,0.361,47.0
8598,11597,11594,1.154,0.308,9.4
8599,11599,11618,2.875,0.25,35.0
8600,11603,11600,1.467,0.267,17.3
8601,11605,11602,1.2,0.171,13.6
8602,11607,11604,1.077,0.077,9.4
8603,11611,11608,1.067,0.067,13.5
8604,11613,11610,1.25,0.2,13.6
8605,11639,11636,1.5,0.286,17.1
8606,11641,5090,4.0,0.4,32.3
8607,11641,146,2.0,0.0,13.8
8608,11643,11640,1.714,0.238,15.5
8609,11645,7222,1.769,0.859,15.5
8610,11647,11644,1.857,0.132,25.0
8611,11649,11646,1.2,0.4,11.7
8612,11651,11648,2.091,1.091,20.0
8613,11653,11650,1.083,0.083,14.3
8614,11657,17262,4.0,0.0,15.6
8615,11661,11658,2.444,0.278,28.2
8616,11663,17038,4.308,1.731,43.9
8617,11663,26984,6.538,2.103,32.1
8618,11665,11662,1.545,0.736,14.6
8619,11677,11674,2.0,0.0,13.7
8620,11687,15974,1.75,0.25,14.8
8621,11687,5648,2.0,0.0,17.0
8622,11689,11686,1.2,0.2,9.7
8623,11707,23832,3.0,0.0,14.3
8624,11717,14400,2.0,0.0,22.8
8625,11733,32862,2.0,0.0,4.7
8626,11743,7940,4.0,0.0,17.6
8627,11757,11754,1.125,0.125,9.3
8628,11763,16280,3.0,0.0,19.0
8629,11765,11762,3.0,0.0,14.5
8630,11815,34144,2.333,0.333,14.4
8631,11817,11814,3.0,0.0,14.5
8632,11819,11816,4.0,0.0,17.4
8633,11823,10194,1.583,0.254,14.8
8634,11823,12118,10.5,79.1,3.8
8635,11829,10482,2.0,0.0,7.2
8636,11851,33006,1.5,0.5,8.3
8637,11851,27392,10.5,84.5,32.2
8638,11895,33874,1.333,0.333,8.9
8639,11895,12604,2.0,0.0,20.3
8640,11897,11894,2.2,1.7,20.0
8641,11913,16234,12.111,2129.399,4.8
8642,11915,11912,1.826,4.15,9.4
8643,11919,33484,3.0,0.0,12.9
8644,11925,33092,2.0,0.0,4.7
8645,11937,15954,2.0,0.0,13.1
8646,11939,11936,2.0,0.0,14.4
8647,11963,11960,2.0,0.0,13.8
8648,11965,11962,2.0,0.0,14.4
8649,11967,11964,2.0,0.0,13.6
8650,11983,11980,1.22,0.176,25.4
8651,11987,12110,2.0,0.0,10.6
8652,11987,33282,3.0,0.0,18.2
8653,11993,11990,1.308,0.231,8.3
8654,11997,11994,1.182,0.164,13.5
8655,11999,12006,1.444,0.278,16.0
8656,12007,2962,1.6,0.3,9.2
8657,12013,12000,1.125,0.125,11.1
8658,12017,12014,1.083,0.083,13.1
8659,12033,12030,1.048,0.048,11.9
8660,12035,12032,1.05,0.05,10.3
8661,12037,4924,1.87,0.209,24.4
8662,12037,28746,1.6,1.8,3.2
8663,12045,7900,1.05,0.05,12.9
8664,12047,12044,1.056,0.056,9.5
8665,12049,12046,1.059,0.059,9.4
8666,12055,9914,3.0,0.0,11.9
8667,12055,16986,3.333,2.333,29.6
8668,12073,16306,2.0,0.0,12.1
8669,12081,28528,1.6,0.3,9.6
8670,12083,12080,1.2,0.2,5.3
8671,12085,12082,3.0,0.0,15.2
8672,12101,15736,2.0,0.0,9.5
8673,12111,11022,1.667,1.176,14.3
8674,12113,31326,2.0,0.0,11.5
8675,12113,12110,1.059,0.059,12.9
8676,12115,11422,1.571,0.264,13.5
8677,12117,12114,1.214,0.181,9.4
8678,12119,12116,2.786,0.489,20.7
8679,12123,17286,1.111,0.111,4.0
8680,12125,12122,1.533,0.41,9.4
8681,12127,12124,2.214,0.335,14.4
8682,12129,12126,4.727,0.418,31.6
8683,12131,28222,1.833,0.167,13.5
8684,12131,12128,3.143,1.143,18.6
8685,12133,12130,1.615,0.256,10.5
8686,12135,12132,1.077,0.077,7.6
8687,12137,12134,1.75,0.568,9.1
8688,12139,16926,1.833,6.697,8.5
8689,12141,26668,2.5,0.5,15.3
8690,12141,17874,2.684,1.117,30.9
8691,12143,12140,1.25,0.2,7.0
8692,12167,12164,2.333,0.333,19.7
8693,12169,12166,2.0,0.0,10.6
8694,12173,12170,1.2,0.2,18.4
8695,12175,12172,2.8,0.2,39.3
8696,12183,12180,2.0,0.0,23.0
8697,12197,12194,1.5,0.5,26.2
8698,12209,12206,1.5,0.5,10.2
8699,12237,4928,1.333,0.267,1.0
8700,12257,12254,1.8,0.2,14.4
8701,12261,12258,1.8,0.2,12.7
8702,12275,12272,2.0,0.0,14.9
8703,12281,12278,2.0,0.0,13.4
8704,12295,12292,7.0,0.0,11.2
8705,12297,2084,1.2,0.2,6.9
8706,12299,12296,2.4,0.3,11.9
8707,12301,12298,1.4,0.3,9.2
8708,12301,22056,2.0,0.0,10.6
8709,12303,12300,2.0,0.0,14.4
8710,12305,12302,2.2,0.2,10.9
8711,12307,21984,3.5,0.5,15.1
8712,12307,17316,8.0,0.0,4.2
8713,12309,12306,7.333,85.333,8.3
8714,12311,37456,2.0,0.0,10.5
8715,12311,15740,2.0,0.0,14.7
8716,12321,8896,2.0,0.0,9.6
8717,12323,12320,2.0,0.0,14.2
8718,12325,12322,2.0,0.0,15.6
8719,12327,22638,47.0,0.0,23.1
8720,12331,12328,8.0,0.0,7.4
8721,12349,12346,2.0,0.0,13.9
8722,12351,12348,2.0,0.0,10.9
8723,12353,12350,2.0,0.0,14.7
8724,12385,12382,1.5,0.5,13.2
8725,12387,12384,2.0,0.0,15.0
8726,12391,17292,1.75,0.932,9.2
8727,12393,12394,29.0,6385.5,8.0
8728,12395,12390,8.438,553.329,19.0
8729,12397,12392,2.25,1.477,22.3
8730,12401,12398,2.0,0.0,21.8
8731,12403,12400,1.333,0.333,10.4
8732,12405,12402,1.333,0.333,10.4
8733,12407,12404,1.667,0.333,10.4
8734,12409,12406,1.667,0.333,14.5
8735,12411,12408,1.333,0.333,10.4
8736,12413,12410,1.333,0.333,10.4
8737,12421,5396,4.0,0.0,18.7
8738,12425,5400,4.0,0.0,20.6
8739,12447,14176,2.667,0.242,35.1
8740,12453,12450,1.091,0.091,13.5
8741,12455,12452,1.083,0.083,14.3
8742,12459,33716,2.0,0.0,16.9
8743,12477,29404,3.0,0.0,13.2
8744,12479,12476,2.0,0.0,6.8
8745,12491,10586,2.0,0.0,12.7
8746,12511,12508,7.0,3.0,14.5
8747,12513,12510,5.0,2.0,9.0
8748,12515,12512,9.0,0.0,13.4
8749,12517,12514,7.0,0.0,13.0
8750,12521,12512,3.0,0.0,8.8
8751,12525,11986,3.0,0.0,9.1
8752,12529,35640,3.0,0.0,14.7
8753,12531,12528,3.0,0.0,14.4
8754,12533,12530,2.0,0.0,15.3
8755,12535,34762,3.0,0.0,14.4
8756,12537,12534,2.0,0.0,9.0
8757,12539,15752,2.75,0.786,12.1
8758,12545,15966,3.0,0.0,14.4
8759,12593,11914,2.0,2.0,0.3
8760,12595,12592,1.25,0.333,5.4
8761,12597,12594,1.692,1.102,14.2
8762,12599,12596,1.429,0.857,9.4
8763,12601,12598,1.591,1.396,9.4
8764,12603,12600,7.087,524.81,9.4
8765,12605,35952,1.333,0.233,17.0
8766,12607,12604,1.048,0.048,13.4
8767,12611,12608,1.75,0.513,18.9
8768,12611,30536,2.0,0.0,7.6
8769,12623,33292,1.3,0.233,9.2
8770,12625,12622,1.308,0.231,9.8
8771,12627,12624,1.25,0.386,9.6
8772,12637,33924,1.857,0.829,15.9
8773,12643,12996,3.0,0.0,14.1
8774,12655,13004,4.0,0.0,14.2
8775,12659,33968,2.0,0.0,8.4
8776,12661,12658,2.0,0.0,12.9
8777,12663,12660,2.0,0.0,14.5
8778,12665,12662,3.0,0.0,14.6
8779,12703,12716,4.571,0.619,21.4
8780,12709,12734,2.0,0.0,9.0
8781,12715,12738,3.0,0.0,9.2
8782,12717,19842,2.333,0.333,13.1
8783,12717,30956,2.75,0.25,13.6
8784,12723,12708,3.0,0.0,12.2
8785,12729,16256,4.0,0.0,10.8
8786,12733,12702,3.167,0.167,14.5
8787,12735,12732,3.167,0.167,14.5
8788,12737,12734,3.2,0.2,14.5
8789,12739,12736,3.6,0.3,14.5
8790,12741,12738,3.0,0.0,14.5
8791,12753,34056,3.0,0.0,4.7
8792,12755,19178,2.917,22.811,16.0
8793,12757,24512,4.333,0.333,46.0
8794,12757,5870,5.333,1.067,46.4
8795,12757,5872,4.333,33.333,4.6
8796,12759,15728,1.083,0.083,5.1
8797,12761,12758,1.095,0.09,8.4
8798,12763,12766,3.0,0.0,14.3
8799,12773,12770,1.75,0.2,21.1
8800,12777,12774,1.059,0.059,14.6
8801,12837,38420,4.0,0.0,14.2
8802,12843,9738,2.333,0.333,12.7
8803,12845,12842,3.0,0.0,14.6
8804,12853,2166,3.75,0.25,20.5
8805,12855,12852,3.0,0.0,14.4
8806,12891,2150,4.0,0.0,25.0
8807,12903,34214,3.0,0.0,17.8
8808,12917,18410,4.0,0.0,9.0
8809,12925,39194,2.0,0.0,11.4
8810,12975,12854,2.0,0.0,9.0
8811,12981,38418,3.0,0.0,13.3
8812,12997,12994,3.0,0.0,14.6
8813,12997,41610,3.0,0.0,14.3
8814,13005,34296,2.0,0.0,9.1
8815,13033,34266,2.0,0.0,9.1
8816,13043,13040,2.0,0.0,6.5
8817,13055,7220,2.0,0.0,8.5
8818,13129,40846,10.5,112.5,27.1
8819,13141,34470,3.0,0.0,23.1
8820,13147,9752,2.0,0.0,8.9
8821,13153,14218,2.545,0.273,21.5
8822,13153,7082,3.833,6.967,7.0
8823,13155,13152,1.667,0.524,13.0
8824,13167,260,2.333,0.333,27.9
8825,13169,13166,2.0,0.0,18.0
8826,13169,6696,1.333,0.333,3.2
8827,13171,13168,1.833,0.567,14.4
8828,13173,13170,1.167,0.167,15.0
8829,13177,13174,1.2,0.2,14.2
8830,13179,13176,1.2,0.2,14.5
8831,13307,13304,1.333,0.267,19.6
8832,13321,13316,6.0,0.0,31.9
8833,13325,8116,3.0,0.0,14.8
8834,13329,13326,3.0,0.0,14.3
8835,13331,13328,3.0,0.0,14.4
8836,13347,34646,2.0,0.0,4.7
8837,13357,15910,2.0,0.0,12.9
8838,13359,13356,1.5,0.5,14.4
8839,13361,13358,2.0,0.0,14.6
8840,13393,32516,2.0,0.0,7.5
8841,13405,9720,2.0,0.0,11.4
8842,13425,2158,6.0,0.667,51.4
8843,13429,13426,2.0,0.0,23.2
8844,13437,13434,3.0,0.0,12.1
8845,13445,15496,2.0,0.0,15.9
8846,13453,13444,2.0,0.0,7.6
8847,13461,33820,4.0,0.0,14.4
8848,13471,23834,5.0,0.0,3.1
8849,13531,5448,2.0,0.0,17.6
8850,13533,13530,2.0,0.0,14.4
8851,13539,13754,2.0,0.0,9.1
8852,13545,16338,2.0,0.0,9.8
8853,13597,35260,4.0,0.0,13.7
8854,13599,12054,4.0,36.0,8.5
8855,13603,21816,2.0,0.0,7.5
8856,13611,19706,11.333,848.118,13.9
8857,13613,13610,1.944,6.526,10.4
8858,13615,5136,3.0,0.0,15.5
8859,13617,13614,4.0,0.0,14.1
8860,13637,34976,2.0,0.0,4.7
8861,13639,34978,2.0,0.0,4.7
8862,13641,8042,2.0,0.0,9.5
8863,13641,8374,2.667,0.333,21.1
8864,13643,13640,1.5,0.333,13.9
8865,13645,13642,1.75,0.25,14.3
8866,13645,36512,2.0,0.0,14.2
8867,13655,22572,2.0,0.0,18.0
8868,13659,13656,2.0,0.0,14.6
8869,13727,7238,3.0,0.0,22.7
8870,13727,27778,6.0,0.0,33.5
8871,13733,13734,3.0,0.0,15.3
8872,13737,34912,3.0,0.0,15.3
8873,13763,5450,1.5,0.5,9.1
8874,13765,13762,2.5,0.5,14.8
8875,13767,3450,2.0,0.0,12.7
8876,13787,13360,2.0,0.0,14.4
8877,13813,13830,3.0,0.0,20.2
8878,13813,10796,2.5,0.5,18.2
8879,13831,13828,2.0,0.0,14.6
8880,13835,13668,2.0,0.0,14.3
8881,13837,13834,2.0,0.0,14.0
8882,13839,13836,2.0,0.0,14.8
8883,13857,35730,3.0,0.0,21.3
8884,13859,13856,2.5,0.5,9.2
8885,13861,13858,2.0,0.0,10.3
8886,13871,32882,1.5,0.5,9.4
8887,13873,13870,2.0,0.0,15.4
8888,13905,35248,2.0,0.0,4.7
8889,13907,94,15.75,168.786,25.8
8890,13909,13906,1.667,0.333,7.1
8891,13911,26620,3.2,24.2,4.2
8892,13913,13910,1.538,1.103,10.6
8893,13917,13914,6.0,273.667,10.7
8894,13947,12312,2.0,0.0,13.4
8895,14009,18744,2.0,0.0,9.6
8896,14021,25242,4.0,0.0,19.6
8897,14029,14026,2.0,0.0,16.9
8898,14031,12610,1.263,0.316,10.9
8899,14061,7284,2.0,0.0,14.5
8900,14063,14060,4.0,0.0,37.2
8901,14065,14062,2.0,0.0,14.5
8902,14067,15896,1.462,0.269,11.2
8903,14069,14066,2.083,0.265,13.9
8904,14071,14068,4.5,0.636,31.4
8905,14073,14070,4.1,0.322,27.9
8906,14075,14072,2.1,0.544,14.3
8907,14077,14074,3.4,0.267,25.1
8908,14079,14076,1.833,0.167,10.5
8909,14085,14150,2.167,0.167,21.2
8910,14107,32758,2.0,0.0,8.8
8911,14119,24514,3.0,1.0,18.2
8912,14119,4216,2.182,0.564,21.0
8913,14121,14122,8.333,161.333,7.9
8914,14123,19710,1.5,0.5,7.0
8915,14123,16,3.25,0.917,28.9
8916,14127,14124,1.273,0.218,7.0
8917,14129,14126,1.273,0.218,8.6
8918,14131,14128,1.545,0.273,9.4
8919,14133,7074,2.0,0.0,9.0
8920,14135,14132,3.0,0.0,16.0
8921,14137,14300,2.0,0.0,10.9
8922,14139,14136,2.0,0.0,17.5
8923,14139,32872,3.0,0.0,4.7
8924,14141,14138,1.5,0.5,11.0
8925,14143,14140,1.5,0.5,10.4
8926,14145,2670,1.36,0.323,9.2
8927,14155,5100,2.0,0.0,13.8
8928,14157,14154,2.0,0.0,14.2
8929,14159,334,1.111,0.102,13.6
8930,14161,14158,1.086,0.081,13.6
8931,14163,14160,1.069,0.067,8.6
8932,14165,5064,3.0,0.0,21.2
8933,14173,5064,1.125,0.125,5.6
8934,14173,14170,2.0,0.0,19.7
8935,14179,14216,1.429,0.286,16.6
8936,14181,14178,1.571,0.286,14.4
8937,14183,14180,1.286,0.238,14.9
8938,14193,36400,2.0,0.0,16.8
8939,14215,27710,2.0,0.0,11.2
8940,14221,35658,2.0,0.0,14.0
8941,14253,39314,2.0,0.0,7.8
8942,14257,35198,1.667,0.333,6.8
8943,14257,14254,1.458,0.259,18.4
8944,14261,35814,1.5,0.5,14.2
8945,14261,14258,1.333,0.231,17.4
8946,14263,14260,1.038,0.038,9.4
8947,14265,26074,1.5,0.3,8.4
8948,14283,10376,2.0,0.0,9.3
8949,14295,7354,2.0,0.0,13.7
8950,14297,14294,2.0,0.0,10.4
8951,14301,14298,2.0,0.0,11.2
8952,14303,9922,4.0,0.0,37.8
8953,14303,9916,35.0,0.0,10.7
8954,14305,14302,3.0,0.0,17.8
8955,14307,14304,1.25,0.25,10.4
8956,14309,14306,1.5,0.333,10.4
8957,14311,14308,1.75,0.25,14.4
8958,14313,14310,1.25,0.25,10.4
8959,14315,35734,3.5,0.5,22.3
8960,14317,14314,3.5,0.5,14.4
8961,14321,10390,1.5,0.5,9.5
8962,14333,4918,1.5,0.5,12.4
8963,14351,11456,2.5,0.5,10.2
8964,14365,11336,6.5,4.5,12.0
8965,14367,14364,5.0,0.0,11.7
8966,14369,35868,2.0,0.0,4.8
8967,14405,30596,2.0,0.0,26.0
8968,14405,2188,5.333,16.333,2.4
8969,14433,33872,9.8,365.7,17.8
8970,14437,38812,2.0,0.0,16.5
8971,14437,5724,2.0,0.0,18.5
8972,14469,26332,2.0,0.0,16.5
8973,14471,14468,1.667,0.333,10.4
8974,14487,14484,1.2,0.178,13.8
8975,14511,31598,2.0,0.0,9.5
8976,14513,14510,2.0,0.0,14.0
8977,14533,38270,2.0,0.0,14.7
8978,14535,14532,1.5,0.5,5.1
8979,14553,2684,1.333,0.333,10.0
8980,14553,14550,2.333,0.5,15.3
8981,14567,36098,2.0,0.0,4.7
8982,14575,36106,2.0,0.0,4.7
8983,14577,14574,2.0,0.0,10.2
8984,14583,2164,4.0,0.0,26.1
8985,14593,14590,3.375,0.268,25.3
8986,14611,30806,3.0,0.0,16.4
8987,14615,14612,4.0,0.0,14.5
8988,14627,14620,3.0,0.0,14.7
8989,14629,14626,2.0,0.0,6.1
8990,14651,36206,4.0,0.0,9.4
8991,14653,36220,2.0,0.0,4.7
8992,14663,4090,2.0,0.0,10.1
8993,14665,14662,2.0,0.0,18.2
8994,14703,14700,3.0,0.0,13.9
8995,14705,14702,3.0,0.0,14.5
8996,14717,14714,2.0,0.0,15.4
8997,14721,14142,2.0,0.0,15.2
8998,14725,14722,2.0,0.0,14.6
8999,14727,14724,2.0,0.0,14.6
9000,14729,14726,2.0,0.0,10.5
9001,14739,7122,2.0,0.0,13.5
9002,14741,5758,3.0,0.0,13.8
9003,14749,9050,2.0,0.0,8.3
9004,14753,36358,2.0,0.0,8.6
9005,14763,36338,1.5,0.5,4.7
9006,14791,36340,3.0,0.0,14.5
9007,14827,1458,7.0,0.0,14.4
9008,14835,25734,2.0,0.0,17.4
9009,14843,26338,1.333,0.333,7.7
9010,14849,10552,1.5,0.5,7.8
9011,14853,36434,2.0,0.0,5.1
9012,14861,36448,1.333,0.333,4.7
9013,14869,12538,2.625,1.411,9.0
9014,14871,14868,7.444,231.778,9.5
9015,14873,11460,1.167,0.167,5.0
9016,14879,10934,2.167,0.567,12.8
9017,14881,14878,1.5,0.333,5.1
9018,14883,712,1.2,0.2,9.4
9019,14885,14882,1.2,0.2,15.5
9020,14891,14888,1.2,0.2,13.6
9021,14901,19154,2.0,0.0,4.7
9022,14903,41384,5.0,3.0,17.0
9023,14905,14902,5.0,0.0,14.0
9024,14911,11984,2.652,0.237,45.6
9025,14941,36532,2.0,0.0,9.2
9026,14945,16740,1.5,0.5,7.5
9027,14955,14952,1.5,0.5,11.9
9028,14961,41772,3.0,0.0,23.3
9029,14961,14958,1.4,0.3,22.3
9030,14973,8442,3.5,1.0,20.8
9031,14975,14972,3.0,0.0,17.6
9032,15005,6074,4.0,0.0,19.7
9033,15191,36550,2.0,0.0,9.9
9034,15225,41720,3.364,0.255,22.8
9035,15225,13540,3.643,1.423,39.5
9036,15227,15228,1.789,0.171,26.5
9037,15231,39956,2.0,0.0,15.0
9038,15231,15226,1.03,0.03,13.9
9039,15233,10604,1.35,0.239,14.8
9040,15235,15232,15.75,2850.467,8.0
9041,15257,36882,1.333,0.333,4.7
9042,15315,32660,2.0,0.0,7.6
9043,15321,28782,3.0,0.0,14.5
9044,15371,18044,1.25,0.214,14.5
9045,15377,8864,2.583,0.265,19.3
9046,15425,15422,3.0,0.0,14.5
9047,15427,15424,2.0,0.0,14.4
9048,15429,15426,3.0,0.0,14.4
9049,15431,15428,2.0,0.0,8.9
9050,15487,9996,2.0,0.0,8.7
9051,15487,27616,4.0,0.0,34.5
9052,15487,30830,5.357,0.555,23.5
9053,15489,15486,11.312,563.162,16.1
9054,15491,15488,1.733,0.352,9.2
9055,15493,17300,2.0,0.0,14.0
9056,15493,38434,3.0,0.0,14.9
9057,15497,7582,1.333,0.333,14.8
9058,15499,628,3.0,0.0,19.0
9059,15501,15498,1.667,0.267,6.9
9060,15503,15500,3.5,0.5,14.3
9061,15505,15502,3.0,0.0,15.5
9062,15507,15504,3.0,0.0,16.8
9063,15513,13916,3.5,0.3,23.5
9064,15513,17244,5.5,0.571,63.2
9065,15517,15514,1.8,0.844,14.3
9066,15519,15516,1.2,0.178,9.4
9067,15525,29072,3.0,0.0,20.8
9068,15575,37292,2.0,0.0,4.7
9069,15585,15582,1.167,0.167,13.6
9070,15587,9640,2.5,4.5,4.1
9071,15593,15590,1.4,0.3,9.7
9072,15597,15594,1.4,0.3,9.8
9073,15601,1592,2.0,0.0,18.0
9074,15603,15600,2.667,0.333,14.4
9075,15605,15602,2.667,0.333,14.4
9076,15633,15666,2.0,0.0,9.0
9077,15635,9466,2.0,0.0,9.1
9078,15663,9000,185.5,66612.5,14.2
9079,15665,15662,2.0,0.0,14.4
9080,15667,15664,3.0,0.0,14.4
9081,15685,15662,2.0,0.0,9.1
9082,15689,22744,67.0,0.0,14.5
9083,15693,19598,3.0,0.0,14.7
9084,15695,15692,3.0,0.0,15.3
9085,15705,29180,1.5,0.333,8.2
9086,15705,12262,2.2,0.2,17.4
9087,15707,15704,1.222,0.194,13.2
9088,15713,11498,3.684,73.45,23.7
9089,15715,15710,1.273,0.208,12.9
9090,15719,11132,1.5,0.5,9.5
9091,15723,11854,4.667,0.333,29.3
9092,15725,14144,1.2,0.171,4.0
9093,15727,15724,6.769,739.305,10.5
9094,15729,15744,1.238,0.29,9.2
9095,15731,15726,1.111,0.105,6.0
9096,15733,15730,9.143,1211.429,9.7
9097,15735,15732,1.188,0.162,5.1
9098,15737,15734,1.294,0.221,8.3
9099,15739,15736,1.235,0.316,9.7
9100,15743,15740,1.25,0.197,12.9
9101,15745,15742,1.176,0.154,5.8
9102,15747,12396,3.375,1.125,25.1
9103,15749,14870,3.125,3.268,13.1
9104,15753,15754,4.231,75.192,8.4
9105,15755,10596,2.636,0.855,20.0
9106,15787,2696,2.0,0.0,9.0
9107,15793,2704,2.0,0.0,8.7
9108,15835,16036,3.0,0.0,9.0
9109,15837,15834,4.0,0.0,14.9
9110,15853,16030,2.0,0.0,9.1
9111,15859,280,3.0,0.0,9.1
9112,15861,15858,4.0,0.0,15.1
9113,15869,15880,3.0,0.0,24.0
9114,15895,25484,1.143,0.143,6.6
9115,15895,11458,2.5,0.333,18.3
9116,15899,15234,2.0,0.0,28.0
9117,15899,8076,5.0,2.4,39.8
9118,15901,15898,2.167,2.567,10.9
9119,15903,15900,1.8,1.2,10.4
9120,15905,15234,2.952,0.648,29.5
9121,15905,8076,8.667,176.333,2.3
9122,15907,15916,1.636,0.255,11.9
9123,15909,15906,1.333,0.25,5.5
9124,15911,15908,1.167,0.152,9.4
9125,15913,15910,2.0,0.222,15.3
9126,15945,16066,3.0,0.222,36.1
9127,15945,32996,8.0,0.0,10.1
9128,15947,738,2.857,0.829,27.8
9129,15955,19194,2.0,0.0,14.4
9130,15967,32128,3.0,0.0,14.2
9131,15971,1046,2.0,0.0,9.0
9132,16029,32864,3.0,0.0,14.4
9133,16031,37838,4.0,0.0,12.6
9134,16051,8386,2.0,0.0,8.0
9135,16065,4466,4.0,0.0,13.0
9136,16073,16070,4.0,0.0,17.0
9137,16077,16074,1.154,0.141,20.3
9138,16117,16114,2.0,0.0,9.5
9139,16121,9790,3.0,0.0,12.6
9140,16207,16204,2.0,0.0,13.0
9141,16211,16208,2.0,0.0,18.1
9142,16213,3900,3.0,0.0,14.7
9143,16213,28948,3.0,0.0,15.7
9144,16215,16212,1.5,0.5,5.0
9145,16217,16214,3.0,0.0,12.4
9146,16221,16904,1.5,0.333,8.4
9147,16223,16220,3.0,7.6,13.5
9148,16225,16222,1.167,0.167,14.0
9149,16227,16224,1.167,0.167,14.3
9150,16237,10080,26.0,0.0,13.1
9151,16243,16240,2.0,0.0,10.6
9152,16255,32420,3.0,0.0,14.2
9153,16257,16254,7.0,0.0,14.3
9154,16275,10088,1.038,0.038,13.0
9155,16275,19986,9.0,128.0,3.0
9156,16307,6158,1.5,0.5,9.8
9157,16333,29464,1.75,0.25,13.8
9158,16345,14182,1.25,0.214,15.5
9159,16347,16344,1.625,0.268,19.6
9160,16349,16346,1.333,0.25,16.7
9161,16351,16086,2.0,0.0,7.6
9162,16361,38292,2.0,0.0,9.1
9163,16365,3282,3.0,0.0,14.3
9164,16381,32254,2.0,0.0,9.0
9165,16383,32132,1.333,0.267,9.4
9166,16385,16382,1.4,0.3,10.3
9167,16395,24864,2.0,0.0,22.1
9168,16395,5610,2.147,0.25,32.8
9169,16397,38242,2.0,0.0,4.7
9170,16399,38244,2.0,0.0,4.7
9171,16419,36062,2.0,0.0,14.8
9172,16423,16364,2.0,0.0,14.4
9173,16479,16494,3.0,0.0,14.2
9174,16481,16478,2.0,0.0,8.8
9175,16483,16480,3.0,0.0,14.2
9176,16485,16482,3.0,0.0,14.4
9177,16487,16484,3.0,0.0,14.4
9178,16489,16486,3.0,0.0,14.4
9179,16495,352,1.5,0.5,8.5
9180,16511,30956,2.4,0.3,11.6
9181,16511,19842,3.0,0.0,13.3
9182,16513,16510,1.333,0.333,15.2
9183,16521,16518,2.0,0.0,20.2
9184,16523,7596,1.054,0.053,8.0
9185,16525,32300,6.714,239.5,31.9
9186,16585,11052,1.667,0.333,9.0
9187,16587,16584,3.0,0.0,14.4
9188,16591,32068,3.0,0.0,14.2
9189,16593,16590,3.0,0.0,14.4
9190,16633,38498,2.0,0.0,4.7
9191,16663,12126,3.0,0.0,18.3
9192,16679,36486,2.333,0.333,15.2
9193,16685,37220,2.0,0.0,7.6
9194,16687,16684,4.333,0.333,33.3
9195,16689,16686,2.0,0.0,14.9
9196,16693,16690,2.125,0.411,14.6
9197,16697,16694,1.571,0.286,14.3
9198,16701,16698,1.143,0.143,13.7
9199,16741,16738,2.0,0.0,10.3
9200,16747,16778,4.667,0.667,39.8
9201,16775,9752,1.8,0.2,18.4
9202,16809,16734,7.0,0.0,56.8
9203,16813,31016,2.222,0.194,11.1
9204,16815,16812,3.0,0.5,13.6
9205,16819,38702,2.0,0.0,9.2
9206,16821,16818,3.0,0.0,13.7
9207,16867,12728,3.0,0.0,14.4
9208,16891,37260,2.0,0.0,7.6
9209,16893,16890,3.0,0.0,14.4
9210,16895,16892,3.0,0.0,14.4
9211,16897,16894,3.0,0.0,14.1
9212,16901,38800,1.236,0.221,14.4
9213,16905,5724,2.0,0.0,23.8
9214,16905,35958,3.0,12.0,5.0
9215,16915,8742,2.0,0.0,12.6
9216,16927,15972,3.357,0.709,33.2
9217,16945,12160,2.357,0.247,29.6
9218,16947,2846,3.0,14.923,20.0
9219,16957,16954,1.333,0.333,19.6
9220,16963,13128,8.0,72.0,15.2
9221,16973,17290,3.5,0.333,18.6
9222,16987,22482,2.0,0.0,6.1
9223,16987,5142,1.222,0.194,15.9
9224,16989,16990,16.385,1253.923,7.9
9225,16991,23734,1.75,0.25,9.7
9226,16991,22578,4.111,0.111,20.7
9227,16993,17016,2.0,0.0,14.3
9228,16993,38962,3.0,0.0,16.8
9229,17003,17016,2.0,0.0,18.1
9230,17011,8726,2.0,0.0,14.6
9231,17015,2600,2.5,0.5,14.8
9232,17021,4914,2.5,0.5,17.2
9233,17031,26386,2.0,0.0,11.4
9234,17031,17028,1.5,0.5,18.0
9235,17037,10752,2.0,0.0,7.7
9236,17039,17042,19.083,3924.083,8.0
9237,17041,21364,3.667,0.824,34.6
9238,17041,6582,14.0,0.0,10.6
9239,17043,17040,2.15,17.818,17.5
9240,17063,1918,2.0,0.0,18.9
9241,17067,5394,1.571,0.286,15.3
9242,17169,39138,2.0,0.0,12.7
9243,17171,24338,2.0,0.0,9.2
9244,17187,17188,1.375,1.05,8.4
9245,17189,39182,2.6,0.3,11.8
9246,17189,39172,3.636,0.455,18.0
9247,17191,17186,1.2,0.2,10.6
9248,17195,37848,3.0,0.0,31.5
9249,17195,30740,3.0,0.0,30.6
9250,17201,35888,2.0,0.0,20.1
9251,17201,4496,1.593,0.251,21.2
9252,17207,39200,2.0,0.0,4.7
9253,17211,38064,9.0,0.0,14.4
9254,17213,5524,2.0,0.0,14.3
9255,17215,17212,2.0,0.0,14.3
9256,17233,18268,1.7,0.456,22.1
9257,17235,17232,1.571,0.286,7.6
9258,17235,5912,1.857,0.81,18.6
9259,17237,17234,1.364,0.455,13.1
9260,17237,5036,2.0,0.0,3.7
9261,17239,17236,1.25,0.205,13.4
9262,17241,17238,1.1,0.1,9.4
9263,17243,17240,1.231,0.192,13.4
9264,17245,17242,1.25,0.75,10.4
9265,17257,2922,3.125,0.517,23.4
9266,17263,2974,2.0,0.0,12.4
9267,17265,11856,1.762,0.19,28.0
9268,17271,17272,2.125,7.839,3.0
9269,17273,4490,2.211,0.731,24.4
9270,17275,4312,2.0,0.0,11.7
9271,17287,14118,10.267,1153.067,9.5
9272,17289,39328,14.2,1742.4,4.1
9273,17291,17288,2.312,0.229,16.7
9274,17293,19142,2.615,1.09,21.9
9275,17311,17318,2.5,0.333,9.5
9276,17313,31992,3.0,0.0,7.2
9277,17313,17310,1.5,0.333,6.7
9278,17321,39370,2.0,0.0,4.7
9279,17343,19548,3.0,0.0,15.6
9280,17345,39400,2.0,0.0,6.2
9281,17383,9406,4.0,0.0,26.5
9282,17383,8520,6.0,0.0,40.2
9283,17385,17382,1.5,0.5,15.1
9284,17411,138,2.0,0.0,8.2
9285,17413,17410,2.0,0.0,9.1
9286,17445,17412,4.0,0.0,13.8
9287,17447,17444,2.0,0.0,5.6
9288,17447,39534,2.0,0.0,4.7
9289,17455,1322,2.0,0.0,5.3
9290,17459,41072,2.0,0.0,8.3
9291,17461,17458,2.0,0.0,11.4
9292,17463,17460,2.0,0.0,14.8
9293,17479,17446,4.0,0.0,17.7
9294,17485,6746,4.0,0.0,16.5
9295,17525,9966,2.0,0.0,8.5
9296,17569,7796,2.0,0.0,7.7
9297,17571,17568,4.0,0.0,14.4
9298,17593,10072,2.0,0.0,12.8
9299,17705,23538,2.5,0.5,14.1
9300,17715,38940,4.0,0.667,19.2
9301,17717,17714,3.75,0.25,19.3
9302,17719,17716,3.0,0.667,15.1
9303,17733,13858,2.5,0.5,12.6
9304,17735,17732,2.0,0.0,10.5
9305,17747,17744,2.5,0.5,14.4
9306,17751,17746,3.0,0.0,14.2
9307,17793,6554,2.0,0.0,12.7
9308,17795,17792,2.0,0.0,14.4
9309,17805,28340,2.0,0.0,12.7
9310,17839,33392,3.0,0.0,17.4
9311,17849,15226,3.0,0.0,15.2
9312,17885,592,1.049,0.048,22.8
9313,17953,25758,2.0,0.0,10.9
9314,17965,17976,8.0,0.0,14.2
9315,17967,17964,11.0,0.0,21.4
9316,17969,17966,2.0,0.0,5.0
9317,17971,17968,5.0,0.0,12.1
9318,17973,40130,2.0,0.0,4.7
9319,17977,40134,3.0,0.0,4.7
9320,18005,8134,2.0,0.0,12.6
9321,18009,18010,1.071,0.071,8.6
9322,18011,264,68.0,39919.333,18.7
9323,18013,18008,1.167,0.333,9.4
9324,18017,18014,1.067,0.067,13.1
9325,18019,18020,1.154,0.141,11.6
9326,18023,12282,2.667,0.333,20.6
9327,18023,29954,2.0,0.0,7.9
9328,18033,15370,2.6,0.8,24.8
9329,18035,15370,4.0,3.0,38.6
9330,18039,18036,1.5,0.5,10.4
9331,18045,12020,3.0,2.0,15.6
9332,18045,20836,4.667,0.667,28.1
9333,18047,18048,19.2,982.844,8.2
9334,18049,12012,4.714,1.571,48.0
9335,18049,20982,2.25,0.25,8.9
9336,18051,12016,4.833,0.567,46.1
9337,18051,35536,7.5,1.667,36.5
9338,18117,3398,2.0,0.0,8.4
9339,18119,18116,3.0,0.0,14.6
9340,18137,40308,2.0,0.0,4.7
9341,18151,11854,3.5,0.5,17.8
9342,18215,11306,3.0,0.0,14.9
9343,18219,11310,2.0,0.0,12.9
9344,18233,11254,4.0,0.0,19.2
9345,18239,4014,2.0,0.0,9.0
9346,18243,24266,2.0,0.0,9.4
9347,18245,18242,2.0,0.0,14.6
9348,18247,18244,2.0,0.0,14.0
9349,18247,40422,3.0,0.0,12.9
9350,18249,40418,2.0,0.0,7.8
9351,18251,18248,2.0,0.0,12.9
9352,18253,18250,3.0,0.0,14.0
9353,18255,18252,3.0,0.0,14.6
9354,18267,10764,2.0,1.818,13.9
9355,18269,18266,2.0,0.889,13.4
9356,18283,39238,4.0,0.0,9.0
9357,18359,40552,2.0,0.0,11.8
9358,18361,10550,3.0,0.0,16.5
9359,18411,2194,5.0,0.0,26.0
9360,18437,29264,1.5,0.5,7.6
9361,18445,1252,2.0,0.0,13.1
9362,18445,10708,3.0,0.0,15.1
9363,18451,1254,3.25,0.25,16.3
9364,18461,21064,3.0,0.0,14.2
9365,18465,1248,2.0,0.0,14.4
9366,18479,36402,4.0,0.0,34.6
9367,18479,40792,4.425,0.712,46.8
9368,18483,18480,1.049,0.048,11.2
9369,18487,18482,2.241,0.333,21.9
9370,18501,40696,2.0,0.0,4.7
9371,18505,40700,2.0,0.0,4.7
9372,18507,8768,2.0,0.0,12.0
9373,18509,18506,2.5,0.5,13.4
9374,18521,18524,2.0,0.0,14.1
9375,18523,40186,3.0,0.0,13.6
9376,18525,18522,2.0,0.0,6.0
9377,18545,16516,2.0,0.0,7.2
9378,18547,18544,4.0,0.0,15.7
9379,18549,18546,3.0,0.0,13.8
9380,18593,36300,2.0,0.0,9.8
9381,18595,18592,3.0,0.0,8.1
9382,18597,22836,2.0,0.0,12.9
9383,18633,632,1.8,0.5,14.6
9384,18635,18632,1.08,0.16,6.7
9385,18711,33014,2.0,0.0,9.8
9386,18717,18718,2.0,0.0,9.0
9387,18719,24290,3.0,0.0,15.9
9388,18721,18718,3.0,0.0,14.4
9389,18741,18738,3.0,0.0,13.4
9390,18745,35364,2.0,0.0,9.1
9391,18755,7128,2.0,0.0,15.0
9392,18757,18754,2.0,0.0,12.6
9393,18759,18756,1.5,0.5,10.4
9394,18761,18758,1.5,0.5,10.2
9395,18809,7830,2.0,0.0,7.8
9396,18857,39548,3.0,0.0,12.2
9397,18875,35304,2.0,0.0,13.2
9398,18887,41094,2.0,0.0,10.7
9399,18889,18886,3.0,0.0,15.4
9400,18891,18888,3.0,0.0,15.2
9401,18909,20224,2.0,0.0,14.2
9402,18913,18908,3.0,0.0,13.4
9403,18941,41166,2.0,0.0,9.1
9404,18965,32886,2.0,0.0,7.6
9405,18983,13544,2.0,0.0,14.2
9406,19039,11110,2.0,0.0,20.3
9407,19041,6146,2.0,0.0,13.5
9408,19045,2484,2.0,0.0,15.2
9409,19047,19044,2.0,0.0,14.3
9410,19049,19046,2.0,0.0,14.7
9411,19053,2898,2.0,0.0,11.2
9412,19057,11124,2.5,0.5,19.9
9413,19083,41300,2.0,0.0,4.7
9414,19095,29006,2.0,0.0,12.2
9415,19097,19094,4.0,0.0,17.1
9416,19109,41318,2.0,0.0,12.2
9417,19111,19108,2.0,0.0,11.9
9418,19141,10804,1.333,0.242,5.5
9419,19143,19144,20.462,4312.769,19.4
9420,19145,19140,1.2,0.171,9.2
9421,19155,41384,2.0,2.0,9.0
9422,19177,13612,3.714,86.527,10.2
9423,19179,19176,1.5,1.5,4.0
9424,19181,19184,15.0,0.0,14.9
9425,19185,19188,14.0,2.0,14.5
9426,19189,30836,3.0,0.0,9.0
9427,19189,9994,15.0,0.0,20.2
9428,19195,11122,2.0,0.0,17.0
9429,19217,19218,2.0,0.0,11.3
9430,19219,41454,5.0,0.0,21.1
9431,19231,9766,3.0,0.0,14.2
9432,19237,41536,3.0,0.0,12.1
9433,19269,7656,4.6,0.3,26.9
9434,19271,19268,2.0,0.0,11.1
9435,19273,19270,1.333,0.267,9.5
9436,19279,41498,3.0,0.0,12.4
9437,19281,19278,2.0,0.0,10.3
9438,19285,17264,2.571,1.157,28.7
9439,19285,20318,4.111,4.693,16.2
9440,19287,19284,1.778,9.359,8.2
9441,19313,19330,29.0,0.0,18.6
9442,19331,28660,2.0,0.0,10.1
9443,19335,30526,3.0,0.0,9.0
9444,19345,5726,2.0,0.0,12.1
9445,19345,5728,1.75,0.5,22.3
9446,19405,33666,2.0,0.0,17.1
9447,19407,19424,1.5,0.5,11.2
9448,19409,19406,2.0,0.0,15.6
9449,19425,19422,2.0,0.0,11.4
9450,19439,37228,2.0,0.0,6.8
9451,19439,12782,3.111,0.611,33.4
9452,19439,35692,9.8,142.2,8.7
9453,19441,19458,1.214,0.181,13.6
9454,19445,19442,1.5,0.423,13.7
9455,19447,19444,1.583,0.265,8.0
9456,19449,19438,1.231,0.192,7.1
9457,19453,19450,1.188,0.162,12.9
9458,19455,19452,1.929,0.071,24.2
9459,19457,19454,1.786,0.181,22.5
9460,19459,19456,1.143,0.132,14.3
9461,19473,41732,2.0,0.0,4.7
9462,19475,19472,3.0,0.0,14.4
9463,19495,41750,4.0,0.0,13.5
9464,19501,12040,3.0,0.0,15.4
9465,19515,34264,3.0,0.0,14.6
9466,19535,32144,2.0,0.0,13.6
9467,19535,4108,2.0,0.0,13.0
9468,19537,14252,2.0,0.0,11.2
9469,19551,23500,2.0,0.0,9.8
9470,19553,24696,2.0,0.0,7.5
9471,19555,31034,2.071,0.687,14.3
9472,19557,41850,4.667,121.0,5.7
9473,19561,19972,1.059,0.059,2.6
9474,19571,39406,4.0,0.0,16.7
9475,19573,11012,8.333,102.333,17.6
9476,19581,33602,7.0,0.0,33.0
9477,19593,19594,5.188,120.562,16.3
9478,19595,35560,3.0,0.25,29.6
9479,19595,19710,2.667,2.267,8.5
9480,19599,19600,3.0,0.0,14.4
9481,19601,22746,3.0,0.0,15.3
9482,19619,19620,4.0,0.0,26.7
9483,19625,12756,1.455,0.673,8.3
9484,19663,19664,2.0,0.0,11.9
9485,19665,12102,2.0,0.0,13.3
9486,19669,2064,4.0,0.0,9.7
9487,19671,33496,6.333,0.333,10.1
9488,19671,28584,8.0,0.0,14.5
9489,19673,35254,1.222,0.444,5.6
9490,19675,19678,2.0,2.0,12.0
9491,19677,25856,2.5,0.5,23.9
9492,19679,2916,2.0,0.0,10.2
9493,19679,20258,2.412,1.007,22.9
9494,19681,25896,10.235,15.691,54.3
9495,19683,25896,7.235,27.816,34.3
9496,19685,25856,5.5,0.3,49.1
9497,19687,19690,4.516,154.258,16.0
9498,19689,19696,3.857,1.055,35.4
9499,19691,19688,14.786,666.489,12.9
9500,19691,19680,21.941,886.934,13.5
9501,19693,19696,7.25,0.917,47.5
9502,19697,12238,2.722,0.212,32.7
9503,19707,19708,10.8,1358.029,7.7
9504,19709,25858,3.929,0.533,17.6
9505,19709,25818,4.0,2.0,28.0
9506,19711,22750,1.571,0.619,10.4
9507,19713,26200,1.333,0.25,18.7
9508,19715,19716,1.067,0.067,11.8
9509,19717,35774,1.471,0.515,13.2
9510,19719,19720,1.111,0.105,14.1
9511,19721,19722,1.062,0.062,11.0
9512,19723,16936,2.0,0.0,13.0
9513,19723,19724,2.412,0.257,11.7
9514,19725,19726,1.588,0.257,14.7
9515,19727,19728,1.111,0.111,5.0
9516,19731,7782,2.75,0.25,17.8
9517,19731,25408,2.286,0.527,26.5
9518,19737,11032,2.0,0.0,7.6
9519,19753,25246,4.0,0.0,24.1
9520,19759,3676,1.667,0.333,8.7
9521,19761,22700,2.455,0.273,15.6
9522,19761,41686,1.5,0.5,8.0
9523,19765,32022,4.0,0.0,16.9
9524,19785,19786,6.5,0.5,14.5
9525,19787,12012,6.0,0.0,42.6
9526,19787,40214,5.0,0.0,30.0
9527,19799,22026,2.0,0.0,8.6
9528,19799,19794,1.5,0.333,9.5
9529,19801,19700,3.5,0.5,27.8
9530,19805,32022,2.0,0.0,8.5
9531,19815,25586,3.273,0.218,40.0
9532,19819,5014,2.029,0.029,19.1
9533,19829,9236,3.333,2.333,22.3
9534,19843,19844,1.032,0.032,9.3
9535,19857,228,2.0,0.0,9.6
9536,19859,228,2.0,0.0,4.7
9537,19871,242,2.0,0.0,4.7
9538,19887,258,2.0,0.0,4.7
9539,19901,40170,1.4,0.253,18.8
9540,19903,21262,3.0,0.0,11.4
9541,19971,28572,2.659,0.649,28.9
9542,19973,19974,1.826,12.458,9.8
9543,19975,35616,1.54,0.539,13.6
9544,19975,19566,14.5,364.5,3.6
9545,19977,31532,5.368,3.135,45.9
9546,19987,19988,2.0,0.0,10.4
9547,20027,386,2.0,0.0,4.7
9548,20043,400,2.0,0.0,4.7
9549,20061,5462,3.0,0.0,13.2
9550,20065,422,2.0,0.0,4.7
9551,20105,3462,3.0,0.0,15.0
9552,20107,20108,3.0,0.0,15.7
9553,20109,22232,3.0,0.0,17.9
9554,20121,476,2.0,0.0,6.2
9555,20147,730,1.167,0.152,6.5
9556,20151,13448,4.0,0.0,22.3
9557,20153,506,2.0,0.0,4.7
9558,20209,550,2.0,0.0,4.7
9559,20211,32242,3.0,0.0,14.2
9560,20225,11938,2.0,0.0,9.1
9561,20227,20228,2.0,0.0,14.4
9562,20229,39984,3.0,0.0,19.4
9563,20231,19044,2.75,0.25,16.4
9564,20255,20256,6.938,134.996,8.2
9565,20257,25824,3.867,3.267,28.6
9566,20259,20260,37.095,11769.79,8.2
9567,20261,25818,3.077,0.577,34.4
9568,20261,25792,13.357,712.093,10.8
9569,20263,40026,1.038,0.038,22.6
9570,20275,20276,2.0,2.0,9.8
9571,20279,40014,1.5,0.333,6.9
9572,20313,20314,1.154,0.135,15.4
9573,20315,20316,1.042,0.042,11.5
9574,20317,12536,2.0,0.0,7.6
9575,20317,40848,1.231,0.185,14.4
9576,20319,39284,1.056,0.056,7.9
9577,20325,36862,1.5,0.333,8.1
9578,20335,654,2.333,0.333,11.8
9579,20335,642,2.5,0.5,13.5
9580,20335,648,2.0,0.0,4.7
9581,20343,20344,3.0,0.0,14.4
9582,20345,20346,3.0,0.0,14.4
9583,20347,20324,3.0,0.0,14.5
9584,20355,33820,2.0,0.0,9.3
9585,20357,20352,1.5,0.5,4.7
9586,20403,20404,4.0,0.0,14.4
9587,20403,20414,2.75,0.25,14.5
9588,20413,502,3.0,0.0,11.3
9589,20421,37714,2.192,0.562,24.9
9590,20421,32120,2.625,2.268,10.9
9591,20423,22538,3.0,0.0,17.8
9592,20423,20424,2.81,0.862,23.2
9593,20423,20428,3.571,9.952,11.9
9594,20427,27378,3.882,37.86,20.4
9595,20427,32770,11.917,214.811,20.6
9596,20433,24598,3.0,0.0,16.1
9597,20439,19714,1.125,0.117,12.7
9598,20439,35410,3.797,202.717,17.7
9599,20441,37016,1.375,0.268,10.2
9600,20443,4974,3.0,0.143,35.0
9601,20445,37006,2.808,2.802,14.1
9602,20447,17250,1.536,0.258,20.0
9603,20449,35412,2.667,1.884,15.5
9604,20451,20452,1.444,0.528,14.5
9605,20453,31780,1.222,0.194,14.1
9606,20455,37010,2.556,1.556,11.9
9607,20457,20458,1.529,1.14,8.4
9608,20459,20460,1.889,0.928,14.9
9609,20463,20464,2.094,0.152,25.8
9610,20465,20466,1.033,0.033,12.0
9611,20467,25412,3.964,1.221,41.1
9612,20467,25392,22.0,319.5,27.5
9613,20469,20470,4.0,0.0,14.4
9614,20471,20472,3.5,0.5,14.4
9615,20473,20474,3.0,0.0,14.4
9616,20475,20476,3.0,0.0,14.4
9617,20477,20478,3.5,0.5,14.4
9618,20479,20480,3.5,0.5,14.4
9619,20481,20606,4.0,0.0,14.2
9620,20525,20558,2.0,0.0,8.2
9621,20557,20468,2.5,0.5,11.3
9622,20569,10450,2.0,0.0,9.0
9623,20593,31388,3.5,0.5,14.2
9624,20623,31366,2.0,0.0,14.2
9625,20639,31398,3.0,0.0,14.2
9626,20655,20656,2.0,0.0,17.5
9627,20657,20658,2.5,0.5,18.8
9628,20659,24388,2.0,0.0,13.7
9629,20665,21266,22.818,5140.964,6.7
9630,20679,20680,2.0,0.0,13.0
9631,20681,11122,2.0,0.0,14.4
9632,20827,20828,2.0,0.0,9.1
9633,20829,20830,2.0,0.0,8.7
9634,20831,37740,2.0,0.0,9.6
9635,20833,33174,1.32,0.727,8.4
9636,20837,20838,1.077,0.077,13.3
9637,20839,33158,1.143,0.143,7.8
9638,20845,1058,2.0,0.0,10.5
9639,20853,20876,2.0,0.0,9.1
9640,20861,20852,2.0,0.0,9.0
9641,20877,1064,5.0,0.0,19.5
9642,20895,20916,3.0,0.0,14.4
9643,20897,20898,3.0,0.0,14.9
9644,20899,20900,3.0,0.0,14.9
9645,20901,20902,3.0,0.0,15.5
9646,20903,20904,3.0,0.0,15.5
9647,20905,20906,2.0,0.0,14.4
9648,20907,20908,3.0,0.0,14.4
9649,20909,20910,3.0,0.0,14.4
9650,20911,4422,3.0,0.0,14.2
9651,20915,1124,2.0,0.0,4.7
9652,20917,20938,3.0,0.0,14.4
9653,20923,20924,3.5,0.5,14.4
9654,20925,20926,3.5,0.5,14.4
9655,20927,20928,3.5,0.5,14.4
9656,20929,20930,3.0,0.0,14.4
9657,20931,20932,3.5,0.5,14.4
9658,20933,20934,3.333,0.333,14.4
9659,20935,20936,3.333,0.333,14.4
9660,20937,20940,2.667,0.333,13.5
9661,20939,20942,2.0,0.0,14.4
9662,20941,1160,2.0,0.0,8.0
9663,20943,20944,3.0,0.0,14.4
9664,20945,20946,3.0,0.0,14.4
9665,20947,20948,3.0,0.0,14.4
9666,20949,20950,2.0,0.0,14.0
9667,20951,20952,3.0,0.0,14.0
9668,20953,20896,3.0,0.0,14.8
9669,20957,1166,1.333,0.333,4.7
9670,20973,20974,3.0,0.0,15.5
9671,20975,20886,2.0,0.0,9.3
9672,20981,40214,3.25,0.5,29.7
9673,20981,182,7.0,0.0,42.0
9674,20981,12012,4.0,0.0,13.3
9675,21013,21014,1.043,0.043,9.9
9676,21015,21016,1.31,1.007,11.5
9677,21017,40778,3.0,0.0,24.5
9678,21017,21018,1.067,0.067,2.9
9679,21019,34916,1.188,0.162,5.3
9680,21029,6192,2.0,0.0,9.0
9681,21033,40440,4.167,2.167,22.6
9682,21033,40438,4.375,1.411,43.5
9683,21033,40436,4.833,16.567,22.5
9684,21053,18460,2.0,0.0,12.4
9685,21055,40634,3.0,0.0,16.4
9686,21065,21058,2.0,0.0,9.0
9687,21071,39040,3.25,0.25,19.4
9688,21079,31664,4.143,1.143,18.7
9689,21083,21084,11.0,545.909,17.1
9690,21085,39042,4.636,66.338,26.4
9691,21093,21094,2.0,0.0,9.6
9692,21095,21096,2.0,0.0,11.8
9693,21095,21114,2.0,0.0,12.8
9694,21097,21098,3.0,0.0,17.1
9695,21103,1292,2.0,0.0,4.7
9696,21107,21092,4.0,0.0,23.1
9697,21107,21126,4.0,0.0,22.2
9698,21157,1344,1.5,0.5,4.7
9699,21161,40004,1.19,0.162,10.6
9700,21171,21172,2.0,0.0,4.5
9701,21173,4984,7.0,0.0,17.8
9702,21185,21234,2.0,0.0,9.0
9703,21231,21238,3.0,0.0,13.0
9704,21235,1408,2.0,0.0,4.7
9705,21237,21376,182.0,0.0,14.8
9706,21239,21236,3.0,0.0,14.1
9707,21243,13540,2.818,0.364,23.0
9708,21243,36846,4.0,0.4,38.9
9709,21249,38272,2.0,0.0,8.8
9710,21259,21260,2.115,0.106,22.3
9711,21261,21262,1.185,0.157,14.8
9712,21265,21010,2.241,0.69,22.6
9713,21267,21268,1.429,0.418,9.7
9714,21269,21270,1.75,2.023,9.4
9715,21273,21274,1.188,0.296,9.4
9716,21275,27802,1.5,0.269,13.4
9717,21301,18482,4.0,0.0,24.8
9718,21315,1484,2.0,0.0,4.7
9719,21365,41906,2.769,0.192,31.6
9720,21365,21366,14.533,1358.124,32.8
9721,21367,5018,3.3,0.233,34.8
9722,21367,25412,4.167,0.567,34.6
9723,21375,21376,10.35,805.924,9.6
9724,21377,32588,1.308,1.231,5.8
9725,21411,32714,169.0,0.0,8.4
9726,21445,9090,2.0,0.0,14.5
9727,21447,21448,1.059,0.059,9.4
9728,21449,21450,1.364,0.855,4.9
9729,21451,19976,2.438,1.596,14.2
9730,21453,21454,6.846,246.141,8.2
9731,21455,29930,3.2,0.622,31.7
9732,21455,32712,2.5,0.333,14.0
9733,21457,21460,7.5,160.722,10.0
9734,21459,21462,1.692,2.731,13.5
9735,21463,21464,2.062,0.862,16.7
9736,21465,32164,3.056,22.408,13.0
9737,21467,21468,3.0,0.0,14.4
9738,21469,1644,2.0,0.0,10.1
9739,21473,21474,3.815,1.157,31.1
9740,21475,33406,1.296,0.217,9.8
9741,21479,26344,21.462,875.269,18.8
9742,21503,20120,2.0,0.0,4.4
9743,21505,20438,1.378,0.24,10.6
9744,21507,21508,1.312,1.029,8.9
9745,21509,21510,1.389,0.605,9.7
9746,21511,21374,2.6,0.568,23.7
9747,21521,35330,1.5,0.5,9.1
9748,21527,21528,1.667,0.333,11.9
9749,21529,21530,4.333,0.333,27.0
9750,21531,6010,3.0,0.0,15.2
9751,21531,7792,2.0,0.0,13.8
9752,21541,21542,2.0,0.0,19.4
9753,21543,7284,2.0,0.0,9.1
9754,21547,21514,2.0,0.0,17.8
9755,21553,21554,1.036,0.036,9.0
9756,21555,39472,1.069,0.067,7.0
9757,21555,33410,1.5,0.333,9.4
9758,21561,31296,1.286,0.374,12.1
9759,21575,32662,2.0,0.0,13.8
9760,21575,11570,3.0,0.0,14.8
9761,21577,21578,1.833,0.567,10.8
9762,21629,21630,3.0,0.0,14.2
9763,21631,21640,3.0,0.0,14.0
9764,21633,21634,3.0,0.0,14.5
9765,21635,21636,3.0,0.0,14.4
9766,21639,13474,2.0,0.0,11.3
9767,21641,21642,3.0,0.0,14.3
9768,21643,21644,3.0,0.0,13.8
9769,21645,21646,2.0,0.0,13.6
9770,21647,21648,3.0,0.0,13.9
9771,21651,21652,3.0,0.0,13.9
9772,21653,21632,3.0,0.0,14.1
9773,21713,21714,2.0,0.0,16.0
9774,21715,25814,2.0,0.0,13.8
9775,21817,21818,1.231,0.192,14.1
9776,21819,21820,1.214,0.181,13.9
9777,21833,38896,6.0,216.8,15.3
9778,21845,27104,2.0,0.0,9.0
9779,21847,26094,2.0,0.0,9.1
9780,21893,36010,2.0,0.0,8.4
9781,21893,21894,1.2,0.2,9.9
9782,21919,28568,1.25,0.25,10.9
9783,21943,38930,6.0,0.0,8.8
9784,21951,11028,4.0,0.0,14.3
9785,21953,21954,2.667,0.333,5.0
9786,21955,21956,3.5,0.5,5.1
9787,21955,2062,16.0,0.0,1.4
9788,21957,19670,6.0,0.0,11.1
9789,21961,22116,2.0,0.0,11.3
9790,21961,2130,2.0,0.0,13.9
9791,21967,33590,2.0,0.0,13.8
9792,21977,21978,2.833,0.567,19.4
9793,21987,21988,1.154,0.141,4.8
9794,21989,33500,1.692,0.731,7.2
9795,21995,21996,1.81,0.362,21.9
9796,21995,23754,6.0,0.0,1.9
9797,21997,21998,1.071,0.071,9.0
9798,21999,36196,3.0,0.0,19.3
9799,21999,22000,1.111,0.222,10.9
9800,22001,10166,1.65,0.345,14.8
9801,22013,22020,3.0,0.0,24.6
9802,22021,22018,1.5,0.5,9.5
9803,22031,22032,2.0,0.0,4.8
9804,22033,22034,2.0,0.0,6.2
9805,22035,22010,2.0,0.0,10.2
9806,22045,21968,1.333,0.267,12.1
9807,22057,22058,2.0,0.0,13.4
9808,22059,22060,1.25,0.25,12.2
9809,22061,21958,1.75,0.25,8.1
9810,22079,33606,3.0,0.0,9.0
9811,22087,34908,2.0,0.0,11.3
9812,22089,22014,2.0,0.0,6.3
9813,22119,21984,1.714,0.238,8.1
9814,22119,17316,4.0,0.0,17.7
9815,22123,35306,94.0,0.0,5.7
9816,22125,22126,47.6,10857.8,4.6
9817,22129,33426,2.8,0.7,12.3
9818,22131,22116,2.625,1.411,15.5
9819,22131,22108,3.0,0.0,15.6
9820,22133,22134,3.25,4.214,13.0
9821,22135,22130,1.5,0.286,9.4
9822,22149,22150,1.152,0.132,16.7
9823,22151,35950,2.3,0.221,34.8
9824,22151,37026,2.333,0.231,34.5
9825,22155,35902,2.0,0.0,13.1
9826,22165,22166,1.2,0.2,13.4
9827,22181,16624,2.5,0.3,18.1
9828,22181,23554,2.75,0.25,25.3
9829,22183,22196,1.417,0.265,19.2
9830,22185,22186,1.083,0.083,14.7
9831,22187,22188,1.417,0.265,13.8
9832,22189,22190,1.167,0.152,14.4
9833,22191,34726,4.0,0.0,40.3
9834,22191,22192,3.9,0.544,52.0
9835,22195,13042,2.0,0.0,12.8
9836,22195,22198,3.222,0.194,33.4
9837,22197,22204,5.167,0.515,62.4
9838,22199,25520,2.0,0.0,12.6
9839,22199,22200,1.625,0.268,14.4
9840,22201,22202,1.125,0.125,15.4
9841,22203,39198,1.333,0.25,14.2
9842,22205,22206,1.167,0.333,13.3
9843,22207,22208,2.583,0.265,32.0
9844,22209,22184,1.417,0.447,14.2
9845,22213,22214,2.0,0.0,18.0
9846,22221,35912,2.25,0.25,20.4
9847,22221,30596,8.0,0.0,28.4
9848,22225,22226,1.237,1.375,8.6
9849,22227,22228,1.98,0.66,21.8
9850,22229,22230,1.275,0.363,14.3
9851,22231,27754,1.275,0.363,13.8
9852,22233,20104,4.0,0.0,16.7
9853,22235,23596,1.25,0.25,7.3
9854,22235,22236,1.167,0.167,14.1
9855,22241,22242,2.0,0.0,16.4
9856,22257,22258,2.0,0.0,23.4
9857,22281,22282,4.0,0.0,32.4
9858,22283,15598,2.5,0.5,15.8
9859,22317,22318,2.0,0.0,14.3
9860,22319,32786,1.333,0.333,6.9
9861,22327,22328,2.0,0.0,14.5
9862,22329,29966,2.0,0.0,9.2
9863,22333,22334,2.333,0.333,18.3
9864,22335,22336,2.0,0.0,16.0
9865,22335,2270,2.0,0.0,14.5
9866,22337,22338,3.0,0.0,18.2
9867,22339,19970,3.0,0.0,29.7
9868,22341,22342,2.2,0.2,14.2
9869,22343,11502,4.0,0.0,34.5
9870,22367,26960,1.722,0.212,30.4
9871,22369,39474,3.0,0.0,44.6
9872,22369,24710,3.167,0.147,48.8
9873,22429,22430,1.111,0.111,8.6
9874,22431,20450,2.2,0.178,26.1
9875,22443,22444,1.1,0.1,15.8
9876,22445,2396,2.154,0.935,9.4
9877,22483,22500,2.0,0.0,15.2
9878,22495,22496,3.0,0.0,21.0
9879,22501,22502,2.0,0.0,11.2
9880,22535,22536,2.75,0.5,30.0
9881,22537,21896,1.714,0.238,15.7
9882,22539,22540,2.0,0.0,7.9
9883,22541,10224,1.667,0.333,9.1
9884,22553,41250,2.0,0.0,15.4
9885,22553,2896,3.0,0.0,16.2
9886,22561,22562,7.931,247.567,14.4
9887,22563,29766,5.76,1.19,62.6
9888,22563,18018,6.25,30.25,9.7
9889,22569,22570,3.0,0.0,23.1
9890,22575,27830,2.5,0.5,18.9
9891,22577,30746,2.25,0.25,27.8
9892,22577,30738,7.07,443.162,27.2
9893,22579,22580,1.65,10.028,9.1
9894,22581,35974,3.125,0.982,25.6
9895,22581,37848,9.194,15.933,29.9
9896,22585,38894,3.667,79.385,17.2
9897,22593,2510,2.0,0.0,4.7
9898,22599,22586,2.0,0.0,9.1
9899,22615,10246,2.0,0.0,12.8
9900,22633,22624,2.0,0.0,14.4
9901,22635,22636,1.647,7.118,5.9
9902,22637,22638,14.935,2395.262,29.6
9903,22639,37846,10.452,592.789,13.0
9904,22657,22658,1.25,0.25,7.6
9905,22659,22660,1.5,0.7,10.4
9906,22661,22662,1.2,0.2,7.1
9907,22665,31098,1.167,0.167,7.8
9908,22677,38974,2.0,0.0,14.8
9909,22691,2618,4.5,0.5,17.3
9910,22695,2760,2.0,0.0,4.7
9911,22701,2762,2.714,0.571,13.7
9912,22701,22702,4.0,0.0,17.2
9913,22701,2770,4.0,1.0,14.9
9914,22703,2620,3.0,0.0,4.7
9915,22729,2646,2.0,0.0,9.0
9916,22731,22732,3.0,0.0,14.3
9917,22733,22734,2.667,0.333,14.4
9918,22735,2650,2.0,0.0,4.7
9919,22739,2652,1.5,0.5,4.7
9920,22763,22764,2.0,0.286,14.8
9921,22765,22766,1.875,0.411,13.4
9922,22767,22768,1.625,0.554,9.7
9923,22769,22770,1.375,0.268,8.8
9924,22771,36084,2.0,0.0,15.2
9925,22783,22784,2.0,0.0,10.8
9926,22821,26686,3.0,0.0,14.5
9927,22823,15430,4.0,0.0,9.1
9928,22827,37192,2.0,0.0,12.1
9929,22833,37136,2.0,0.0,9.0
9930,22845,18612,2.0,0.0,9.3
9931,22853,22854,2.0,0.0,13.8
9932,22863,22864,3.0,0.0,14.7
9933,22865,2618,1.4,0.3,9.0
9934,22881,2786,2.0,0.0,4.7
9935,22899,22900,2.0,0.0,14.4
9936,22901,22902,1.667,0.333,14.7
9937,22903,28292,1.5,0.5,9.5
9938,22903,22904,2.0,0.0,14.8
9939,22905,22906,2.0,0.0,14.3
9940,22907,12002,2.0,0.0,18.3
9941,22909,22910,2.143,0.143,14.4
9942,22911,7680,2.0,0.5,14.4
9943,22911,28688,2.0,0.0,14.5
9944,22913,22914,2.375,0.268,14.4
9945,22915,12052,3.2,0.2,23.1
9946,22915,22898,3.667,0.333,28.1
9947,22923,22924,1.115,0.186,13.8
9948,22925,23076,2.812,0.562,23.6
9949,22925,28646,3.5,0.278,20.7
9950,22929,31794,1.294,0.221,14.0
9951,22933,22934,1.4,0.257,16.8
9952,22937,2858,1.917,0.265,16.6
9953,22951,14910,1.261,0.202,12.3
9954,22961,38852,1.684,0.228,20.1
9955,22967,35740,1.818,0.764,11.3
9956,22979,22980,2.053,0.164,32.1
9957,22981,22982,1.071,0.071,13.7
9958,22983,22984,2.0,5.167,9.4
9959,22985,22986,2.0,2.222,9.7
9960,22987,25240,7.375,80.517,21.0
9961,22997,22998,2.0,0.0,9.0
9962,22999,23000,3.0,0.0,14.4
9963,22999,2872,2.0,0.0,4.7
9964,23001,23002,3.0,0.0,14.4
9965,23015,22996,3.0,0.0,14.4
9966,23015,2868,2.0,0.0,4.7
9967,23021,20832,4.0,0.0,25.0
9968,23037,28952,1.7,0.233,8.5
9969,23037,26198,1.926,0.302,21.5
9970,23039,25816,10.393,1836.396,11.3
9971,23041,23042,2.0,1.0,7.4
9972,23043,35424,1.333,0.333,9.1
9973,23045,23046,3.0,0.0,34.0
9974,23045,2932,3.0,0.0,26.3
9975,23051,23044,1.333,0.267,15.4
9976,23053,23054,1.462,0.436,13.2
9977,23057,20258,2.667,0.75,16.8
9978,23057,19686,4.0,1.0,23.7
9979,23063,39276,2.875,0.125,23.4
9980,23065,25380,1.625,0.268,14.3
9981,23077,39774,2.111,0.111,27.7
9982,23077,36878,3.375,0.554,23.6
9983,23101,33176,1.389,0.369,8.9
9984,23117,23118,2.0,0.0,10.6
9985,23119,23120,3.0,0.0,14.3
9986,23121,23122,2.0,0.0,9.0
9987,23123,12082,4.0,0.0,8.2
9988,23219,23220,3.0,0.0,14.5
9989,23221,3072,2.0,0.0,4.7
9990,23305,23306,3.0,0.0,14.3
9991,23307,23328,3.0,0.0,14.2
9992,23329,23330,2.0,0.0,11.2
9993,23331,3024,2.0,0.0,9.0
9994,23389,3234,2.0,0.0,4.7
9995,23397,23398,2.0,0.0,12.4
9996,23397,3244,3.0,0.0,12.7
9997,23399,23400,3.0,0.0,14.3
9998,23403,23404,4.0,0.0,14.9
9999,23403,11532,3.0,0.0,14.8
10000,23403,3246,2.0,0.0,4.7
10001,23405,23406,2.0,0.0,9.4
10002,23423,19784,5.0,0.0,17.9
10003,23427,38178,2.0,0.0,14.2
10004,23429,3312,2.0,0.0,8.8
10005,23453,3296,2.0,0.0,4.7
10006,23459,23424,3.0,0.0,16.5
10007,23501,23502,1.5,0.5,13.2
10008,23513,6140,2.0,0.0,13.8
10009,23515,6070,1.4,0.3,6.7
10010,23515,32024,2.907,0.848,32.7
10011,23527,23528,1.8,0.171,19.8
10012,23531,31476,1.875,0.125,8.4
10013,23545,15190,4.0,0.0,16.5
10014,23547,17704,1.5,0.5,9.0
10015,23547,23548,4.0,0.0,14.4
10016,23549,3390,2.0,0.0,4.9
10017,23555,3396,1.5,0.5,9.3
10018,23577,28786,2.0,0.0,10.3
10019,23581,16626,2.5,0.5,14.0
10020,23589,5150,1.2,0.2,8.9
10021,23589,25904,2.0,0.0,22.3
10022,23591,23620,2.0,0.0,14.3
10023,23597,23598,1.5,0.333,10.5
10024,23599,23606,1.75,0.25,10.8
10025,23607,26174,2.0,0.0,11.5
10026,23607,23608,1.667,0.333,12.4
10027,23609,23610,1.333,0.333,10.1
10028,23611,23612,2.0,0.0,14.8
10029,23613,35108,2.0,0.0,8.6
10030,23617,23618,2.0,0.0,9.2
10031,23619,23600,2.0,0.0,12.4
10032,23621,23622,2.0,0.0,18.2
10033,23621,2712,2.0,0.0,17.6
10034,23623,23624,2.0,0.0,14.5
10035,23625,462,3.0,0.0,15.0
10036,23631,23632,3.0,0.0,14.3
10037,23633,3470,2.0,0.0,4.7
10038,23635,20042,2.0,0.0,9.7
10039,23649,3510,8.5,4.5,14.3
10040,23651,12510,7.0,0.0,14.2
10041,23665,14470,5.0,0.0,29.4
10042,23667,23668,2.0,0.0,11.9
10043,23667,23660,2.0,0.0,11.5
10044,23669,23688,2.0,0.0,8.7
10045,23671,23672,2.0,0.0,10.2
10046,23671,23388,2.0,0.0,9.2
10047,23673,23674,2.0,0.0,9.5
10048,23677,23678,2.0,0.0,9.7
10049,23679,23680,1.5,0.5,8.5
10050,23681,23682,1.5,0.5,8.6
10051,23683,23666,2.0,0.0,7.8
10052,23729,34602,2.0,0.0,22.4
10053,23737,37704,1.5,0.256,18.8
10054,23737,31546,18.333,754.333,9.1
10055,23739,12236,2.143,0.143,19.7
10056,23739,31784,6.333,52.267,26.6
10057,23741,19272,1.857,0.143,11.1
10058,23755,23756,2.0,0.0,10.3
10059,23757,23766,2.0,0.0,9.8
10060,23763,23764,3.0,0.0,14.6
10061,23765,3538,5.0,0.0,11.4
10062,23767,3550,2.0,0.0,4.7
10063,23771,3562,2.0,0.0,9.2
10064,23781,3564,1.5,0.5,4.7
10065,23797,38386,1.15,0.134,8.4
10066,23799,40222,1.833,0.567,11.9
10067,23799,40220,8.333,4.267,34.3
10068,23817,3588,3.0,0.0,13.2
10069,23833,23504,2.0,0.0,12.6
10070,23837,3610,1.5,0.5,4.7
10071,23839,15518,1.222,0.194,8.0
10072,23853,11742,3.0,0.0,12.6
10073,23869,23870,2.0,0.0,5.2
10074,23871,3642,2.0,0.0,9.3
10075,23875,23876,3.333,0.333,14.6
10076,23877,3644,2.0,1.0,4.8
10077,23881,26512,3.4,0.3,15.8
10078,23889,3654,3.0,0.0,14.1
10079,23909,160,2.2,0.2,12.1
10080,23919,22690,3.0,0.0,14.0
10081,23921,23922,3.0,0.0,14.4
10082,23923,23924,3.0,0.0,14.4
10083,23923,23910,3.0,0.0,14.3
10084,23927,23908,2.0,0.667,8.5
10085,23955,8328,3.0,0.0,33.2
10086,23965,14064,2.0,0.0,2.4
10087,23995,39280,2.5,0.5,12.1
10088,24021,24496,10.0,72.0,19.2
10089,24023,3792,2.0,0.0,4.7
10090,24033,3802,2.0,0.0,4.7
10091,24041,11434,3.0,0.0,20.6
10092,24053,32498,2.0,0.0,7.3
10093,24075,26896,2.0,0.0,9.0
10094,24125,3888,2.0,0.0,4.7
10095,24137,24138,4.0,0.0,16.3
10096,24139,38016,3.0,0.0,15.9
10097,24155,24156,2.0,0.0,14.7
10098,24157,25670,2.0,0.0,15.4
10099,24163,24164,1.125,0.125,5.8
10100,24181,3948,3.0,0.0,4.7
10101,24213,24220,2.0,0.0,14.5
10102,24227,29884,2.0,0.0,14.4
10103,24235,24236,1.25,0.25,10.7
10104,24239,24240,2.0,0.0,14.8
10105,24241,24242,1.5,0.333,11.4
10106,24243,24244,4.0,1.333,32.4
10107,24245,22676,2.25,0.25,22.3
10108,24245,2598,2.0,0.0,15.0
10109,24267,30080,2.0,0.0,14.0
10110,24289,24290,3.0,0.0,14.0
10111,24291,12770,2.0,0.0,17.4
10112,24337,24338,1.03,0.03,9.4
10113,24339,24340,1.034,0.034,9.5
10114,24341,24342,1.2,0.168,5.4
10115,24343,24344,2.146,0.328,22.8
10116,24345,24346,1.194,0.161,13.6
10117,24347,24348,9.107,1724.766,7.9
10118,24349,5000,1.75,0.25,11.0
10119,24349,25350,8.371,572.593,38.3
10120,24349,25322,5.0,0.0,25.8
10121,24351,7766,2.0,0.0,8.1
10122,24373,39944,3.0,0.0,14.5
10123,24387,4490,2.5,0.5,11.2
10124,24387,39292,4.0,0.0,24.8
10125,24395,24396,2.0,0.0,8.4
10126,24397,32126,3.0,0.0,7.9
10127,24399,30592,2.0,0.0,24.3
10128,24407,29210,3.0,0.0,22.8
10129,24407,25308,1.68,0.393,21.3
10130,24409,24410,2.0,0.0,14.7
10131,24411,24412,2.0,0.0,10.4
10132,24413,24414,2.0,0.0,15.2
10133,24415,24416,3.5,0.5,30.1
10134,24417,24418,1.5,0.5,14.5
10135,24419,25828,3.0,2.0,20.3
10136,24421,24436,1.667,0.242,20.0
10137,24427,24428,1.083,0.083,13.1
10138,24439,24440,1.1,0.1,9.4
10139,24459,24460,1.048,0.048,9.4
10140,24461,24462,1.455,0.26,16.8
10141,24461,28806,2.0,0.0,2.4
10142,24465,24466,1.778,0.444,14.1
10143,24481,4184,3.0,0.0,14.2
10144,24497,24504,3.2,1.2,10.4
10145,24497,29218,2.0,0.0,14.6
10146,24505,25316,3.333,0.267,25.3
10147,24513,35558,1.9,0.1,20.5
10148,24517,19178,2.667,0.333,16.0
10149,24531,26446,2.0,0.0,14.7
10150,24541,17268,2.0,0.0,16.3
10151,24557,24558,3.0,0.0,14.4
10152,24561,24562,3.0,0.0,14.4
10153,24563,24564,3.0,0.0,13.0
10154,24599,24560,3.0,0.0,14.4
10155,24603,24604,2.0,0.0,10.4
10156,24611,4276,5.0,0.0,24.0
10157,24615,39294,3.0,0.0,13.8
10158,24647,24648,2.0,0.0,14.4
10159,24649,24650,2.0,0.0,14.4
10160,24651,32914,3.0,0.0,21.4
10161,24663,24646,2.0,0.0,14.1
10162,24691,29880,4.0,0.0,14.7
10163,24697,4388,2.0,0.0,4.7
10164,24719,4408,2.0,0.0,14.1
10165,24729,4204,3.0,0.0,14.4
10166,24781,11236,4.0,0.0,12.7
10167,24783,24784,3.5,0.5,14.4
10168,24785,24780,3.0,0.0,14.9
10169,24793,31774,3.0,0.0,14.6
10170,24795,24796,3.0,0.0,14.1
10171,24797,12030,4.667,4.333,21.0
10172,24801,39292,2.348,1.055,23.9
10173,24817,33898,2.385,0.423,18.2
10174,24821,24838,2.0,0.0,9.0
10175,24825,24826,3.0,0.0,14.4
10176,24827,27106,2.0,0.0,13.3
10177,24839,24844,3.0,0.0,13.8
10178,24845,24850,2.0,0.0,9.0
10179,24851,17838,2.0,0.0,9.4
10180,24861,5610,1.5,0.5,11.6
10181,24861,38240,5.0,0.0,33.0
10182,24879,24884,2.0,0.0,7.0
10183,24889,24890,5.0,0.0,17.3
10184,24891,10696,3.0,0.0,14.4
10185,24901,24902,3.0,0.0,15.0
10186,24913,24900,2.0,0.0,15.1
10187,24943,1592,3.0,0.0,21.6
10188,24945,41948,18.5,1634.3,9.2
10189,24947,24948,3.0,0.0,13.5
10190,24965,35764,1.833,0.167,18.4
10191,24991,24992,3.0,0.0,9.7
10192,24993,4626,4.0,0.0,14.2
10193,25009,25010,3.0,0.0,14.4
10194,25011,4682,2.0,0.0,4.7
10195,25015,39164,3.0,0.0,12.3
10196,25057,16510,2.0,0.0,14.8
10197,25161,30968,3.333,1.333,19.5
10198,25161,10098,4.0,0.0,20.4
10199,25163,25164,3.0,0.0,14.4
10200,25165,25166,3.0,0.0,14.4
10201,25167,25056,2.0,0.0,12.7
10202,25169,4840,1.5,0.5,4.7
10203,25181,25416,5.0,0.667,31.9
10204,25181,9982,4.5,0.5,30.3
10205,25207,36466,2.0,0.0,13.9
10206,25213,19560,2.942,0.997,21.7
10207,25241,35746,2.188,0.829,11.5
10208,25243,25244,3.0,0.0,12.3
10209,25245,15010,2.0,0.0,6.2
10210,25249,25250,2.0,0.0,16.0
10211,25257,33202,2.182,0.251,23.9
10212,25259,25260,1.762,0.79,14.2
10213,25291,25270,1.571,0.286,23.7
10214,25291,25318,1.286,0.238,5.8
10215,25317,12142,1.714,0.514,21.1
10216,25319,25320,2.444,0.278,28.0
10217,25319,31310,7.0,0.0,2.2
10218,25321,20440,3.875,1.268,35.2
10219,25325,25326,1.136,0.123,13.3
10220,25327,25254,1.318,0.227,15.3
10221,25329,25330,1.1,0.095,13.9
10222,25331,25332,1.056,0.056,12.7
10223,25331,27346,3.0,8.0,2.9
10224,25333,25334,1.059,0.059,9.6
10225,25335,25336,1.474,0.263,17.0
10226,25337,25338,1.188,0.562,9.4
10227,25339,25340,1.125,0.117,6.8
10228,25343,35382,1.438,0.262,11.0
10229,25345,23062,1.25,0.214,9.0
10230,25349,31300,1.5,0.278,11.5
10231,25349,28928,1.333,0.267,9.4
10232,25351,25352,1.659,1.23,14.2
10233,25353,25354,1.286,0.453,11.8
10234,25355,25356,6.857,1255.686,14.0
10235,25357,25358,1.707,1.462,13.5
10236,25359,28306,4.0,0.0,28.0
10237,25359,25942,4.55,0.682,50.1
10238,25359,31066,5.5,5.842,50.8
10239,25365,25366,3.405,30.526,19.5
10240,25367,38998,3.581,0.652,39.4
10241,25367,5018,1.5,0.333,13.6
10242,25369,41938,1.405,0.248,7.0
10243,25379,25362,2.075,0.892,21.7
10244,25383,25344,1.25,0.214,10.3
10245,25387,25388,1.643,1.016,13.1
10246,25389,25390,6.545,259.473,8.3
10247,25391,25322,4.417,2.265,45.0
10248,25391,25360,3.0,8.0,23.4
10249,25393,6582,3.333,0.267,17.0
10250,25393,39002,3.571,0.725,36.6
10251,25399,25400,1.067,0.067,9.4
10252,25401,25402,1.429,0.357,15.6
10253,25403,26710,2.0,0.0,15.5
10254,25403,25404,1.045,0.045,12.0
10255,25403,10420,43.0,0.0,3.8
10256,25407,39264,2.042,0.042,19.1
10257,25409,25410,1.737,0.427,14.3
10258,25411,25412,1.5,0.333,7.2
10259,25411,25392,3.467,0.552,36.6
10260,25411,38998,5.0,2.0,38.3
10261,25413,24336,1.077,0.077,3.0
10262,25417,25418,1.531,0.257,18.3
10263,25421,27736,1.5,0.258,20.9
10264,25421,31702,3.0,0.0,5.8
10265,25423,5856,2.0,0.0,10.6
10266,25429,25432,1.143,0.143,14.8
10267,25431,39254,2.0,0.0,9.1
10268,25431,17234,13.333,320.333,14.1
10269,25433,25434,1.125,0.125,14.5
10270,25435,25436,1.25,0.25,14.5
10271,25435,26398,2.25,0.25,19.6
10272,25437,11364,2.0,0.0,10.2
10273,25439,25440,3.5,1.0,35.6
10274,25441,25442,1.333,0.333,10.4
10275,25443,25444,5.0,0.667,23.6
10276,25445,25446,1.4,0.3,5.0
10277,25447,25430,2.0,0.0,6.4
10278,25449,32304,1.884,0.629,17.0
10279,25451,25452,92.417,17424.992,14.6
10280,25451,41890,1.417,0.447,14.8
10281,25453,40440,4.0,1.111,43.5
10282,25455,25456,2.0,0.0,15.0
10283,25457,25464,4.0,0.0,24.0
10284,25459,25460,2.0,0.0,12.5
10285,25463,14170,2.0,0.0,14.0
10286,25463,35630,2.0,0.0,14.5
10287,25465,25466,2.0,0.0,13.6
10288,25469,25470,2.0,0.0,16.2
10289,25469,6170,4.0,0.0,2.3
10290,25471,25472,2.0,0.0,12.9
10291,25475,25476,2.5,0.5,15.8
10292,25477,25458,2.0,0.0,14.4
10293,25483,32532,1.167,0.167,16.2
10294,25487,25488,1.857,0.143,9.6
10295,25489,32754,4.143,0.143,40.9
10296,25519,5118,2.0,0.0,4.7
10297,25521,12852,2.0,0.0,4.7
10298,25523,12854,3.0,0.0,14.3
10299,25545,16814,1.111,0.111,7.4
10300,25551,25544,1.1,0.1,13.2
10301,25553,25554,1.033,0.033,12.0
10302,25555,25556,1.2,0.8,9.4
10303,25557,32930,1.207,0.17,13.4
10304,25561,38948,1.333,0.424,15.9
10305,25563,25564,2.0,0.0,14.5
10306,25565,22484,2.0,0.0,14.5
10307,25569,25904,2.0,0.0,22.7
10308,25569,19814,1.625,0.554,8.4
10309,25573,25574,1.083,0.083,13.4
10310,25577,25578,1.167,0.167,14.0
10311,25585,20392,3.2,0.2,38.2
10312,25585,16688,9.0,0.0,20.5
10313,25587,25588,1.182,0.164,15.8
10314,25591,25592,1.25,0.205,15.2
10315,25603,25604,1.083,0.083,11.8
10316,25605,25606,1.333,0.242,17.0
10317,25607,8606,2.0,0.0,9.4
10318,25609,12204,2.0,0.0,13.8
10319,25609,23102,2.5,0.273,29.7
10320,25623,25624,1.5,0.333,14.4
10321,25625,25626,2.0,0.0,20.6
10322,25631,25422,1.25,0.25,14.9
10323,25633,25634,1.421,0.25,18.4
10324,25635,27764,1.079,0.075,14.5
10325,25639,25640,3.667,0.267,28.1
10326,25639,26416,2.0,0.0,10.2
10327,25641,10080,1.8,0.2,6.4
10328,25655,25656,1.333,0.333,10.5
10329,25661,5264,2.0,0.0,14.4
10330,25673,25674,2.0,0.0,14.6
10331,25675,25676,2.0,0.0,10.4
10332,25677,25678,2.0,0.0,17.1
10333,25681,25682,1.6,0.3,10.6
10334,25683,5242,1.6,0.3,10.0
10335,25685,5572,2.0,0.0,7.8
10336,25685,25686,2.0,0.0,11.4
10337,25689,9520,3.0,0.0,11.8
10338,25689,25690,2.0,0.0,16.6
10339,25691,30270,2.0,0.0,14.4
10340,25695,30392,2.0,0.0,14.2
10341,25721,11994,3.0,0.0,19.8
10342,25723,25724,2.0,0.0,13.0
10343,25725,25726,2.0,0.0,13.1
10344,25727,36230,2.0,0.0,14.6
10345,25737,25738,1.5,0.5,9.6
10346,25743,25744,1.143,0.143,13.4
10347,25757,25758,1.143,0.143,10.7
10348,25775,25776,1.333,0.333,13.7
10349,25779,25780,2.333,0.333,32.6
10350,25787,25788,1.333,0.333,13.7
10351,25793,34950,1.316,0.45,13.2
10352,25815,21784,2.0,0.0,12.2
10353,25815,39034,1.2,0.2,15.0
10354,25817,38918,1.091,0.182,12.8
10355,25819,25820,4.222,180.183,8.7
10356,25821,25822,10.056,28.526,32.7
10357,25825,25826,9.5,558.609,11.9
10358,25827,25792,2.556,0.528,14.5
10359,25827,25858,3.611,1.899,34.5
10360,25829,25830,1.4,0.267,10.3
10361,25831,25832,1.3,0.233,9.8
10362,25833,25834,1.3,0.233,9.0
10363,25835,25836,1.8,0.4,10.1
10364,25837,25838,2.2,0.4,14.7
10365,25839,25840,1.455,0.273,11.2
10366,25841,25842,1.636,0.255,10.4
10367,25843,25844,1.455,0.273,10.0
10368,25845,24420,2.0,0.0,12.3
10369,25845,24450,3.667,0.25,16.4
10370,25847,25848,5.333,122.97,12.8
10371,25849,25850,3.333,4.061,20.5
10372,25851,25852,10.5,658.091,8.0
10373,25853,25854,1.214,0.181,9.6
10374,25855,20664,1.846,0.974,13.0
10375,25857,19678,18.438,4358.663,16.6
10376,25859,25860,1.889,11.41,8.2
10377,25861,19686,1.857,0.423,19.6
10378,25861,2916,10.0,135.333,13.9
10379,25863,25864,2.407,13.481,13.6
10380,25865,25866,1.148,0.131,13.2
10381,25865,29774,8.0,84.667,8.7
10382,25869,25870,1.059,0.059,8.2
10383,25871,34082,1.045,0.045,9.4
10384,25875,25884,1.172,0.576,9.4
10385,25877,25878,1.31,0.222,13.5
10386,25881,25882,1.29,0.28,13.4
10387,25883,25552,1.677,0.626,16.3
10388,25885,25886,3.229,8.005,31.7
10389,25887,25888,1.111,0.333,8.4
10390,25889,24244,3.0,0.0,19.0
10391,25889,25890,2.424,0.564,25.3
10392,25891,25876,1.75,0.516,20.4
10393,25891,31556,2.0,0.0,15.3
10394,25897,25898,3.786,54.989,10.3
10395,25899,25900,5.276,124.564,11.5
10396,25901,25902,1.083,0.08,8.2
10397,25903,1690,4.857,370.127,12.6
10398,25905,25916,1.25,0.25,13.8
10399,25909,25910,2.667,0.333,28.1
10400,25911,25912,1.333,0.333,13.0
10401,25931,25906,1.333,0.333,13.2
10402,25933,25934,1.538,0.258,22.5
10403,25943,40216,1.75,0.386,9.0
10404,25943,35532,3.333,0.267,36.5
10405,25943,12016,5.0,3.0,39.3
10406,25947,25952,3.0,0.0,20.0
10407,25953,5494,3.0,0.0,15.0
10408,25985,25986,2.125,0.117,14.1
10409,25987,39212,1.444,0.528,9.1
10410,25987,17210,2.0,0.4,14.2
10411,25991,25992,2.0,0.0,14.5
10412,25993,25994,2.0,0.0,14.7
10413,25993,26272,2.0,0.0,14.6
10414,25995,25996,2.0,0.0,14.6
10415,25997,25998,2.0,0.0,14.9
10416,26007,26008,2.0,0.0,15.5
10417,26009,15358,1.5,0.5,15.5
10418,26019,5556,1.5,0.5,4.7
10419,26073,38240,2.259,0.276,32.9
10420,26075,26076,1.1,0.1,9.4
10421,26077,26078,1.444,1.028,9.7
10422,26079,26080,1.5,0.286,9.4
10423,26081,26082,1.375,0.268,9.5
10424,26083,39160,1.125,0.125,9.5
10425,26093,26094,3.0,0.0,14.5
10426,26095,27112,2.0,0.0,14.7
10427,26103,26104,1.1,0.1,5.1
10428,26105,26106,1.714,0.527,10.4
10429,26107,26108,1.714,0.374,10.4
10430,26109,26110,1.929,1.148,10.4
10431,26111,26112,1.846,0.641,10.4
10432,26113,26114,5.846,7.308,31.1
10433,26115,32804,1.846,2.641,6.5
10434,26163,8468,2.0,0.0,15.8
10435,26195,35958,2.0,0.0,13.6
10436,26195,38812,1.667,0.333,24.4
10437,26197,35274,2.0,0.0,19.9
10438,26199,38922,1.609,3.704,10.6
10439,26201,35274,1.556,0.278,22.4
10440,26203,36876,2.8,1.067,24.5
10441,26205,26206,2.0,0.0,14.5
10442,26207,26218,2.0,0.0,14.4
10443,26219,26220,2.0,0.0,10.4
10444,26221,26222,2.0,0.0,9.0
10445,26223,26224,2.0,0.0,13.2
10446,26245,5770,2.0,0.0,4.7
10447,26257,26258,2.0,0.0,14.2
10448,26259,25432,2.0,0.0,14.3
10449,26273,26004,2.0,0.0,15.0
10450,26319,26004,2.0,0.0,13.7
10451,26321,5836,2.0,0.0,11.9
10452,26325,26326,2.0,0.0,5.7
10453,26327,26328,2.0,0.0,18.5
10454,26327,38012,2.0,0.0,17.4
10455,26331,5028,2.0,0.0,18.6
10456,26337,36422,2.0,0.0,7.7
10457,26337,26338,1.667,1.333,9.1
10458,26343,5872,3.071,0.379,37.7
10459,26345,24512,4.0,0.333,45.6
10460,26345,5870,11.0,167.5,7.2
10461,26351,26352,2.0,0.0,7.2
10462,26353,26354,2.0,0.0,8.6
10463,26363,26322,1.25,0.25,5.6
10464,26367,26368,1.133,0.124,13.8
10465,26369,26370,1.938,0.462,22.3
10466,26371,26372,1.375,0.65,14.2
10467,26373,26374,1.562,0.262,19.5
10468,26375,26376,1.267,0.21,13.4
10469,26377,26378,1.412,0.382,13.4
10470,26379,26380,1.824,1.029,19.6
10471,26381,39252,2.143,0.747,18.6
10472,26381,17232,1.333,0.333,6.2
10473,26387,35986,4.0,0.0,22.4
10474,26391,26392,3.5,0.5,21.0
10475,26393,26394,2.0,0.0,13.6
10476,26395,26376,2.0,0.0,9.3
10477,26397,26394,3.0,0.0,13.7
10478,26399,26400,2.0,0.0,14.5
10479,26401,26374,6.0,0.0,19.2
10480,26417,26418,1.25,0.25,10.4
10481,26419,26422,1.75,0.25,10.4
10482,26421,15514,2.5,0.333,16.8
10483,26423,26424,1.5,0.333,10.6
10484,26425,26426,2.6,0.3,16.2
10485,26427,26428,2.0,0.0,13.9
10486,26429,26430,1.5,0.333,9.6
10487,26431,26432,1.6,0.3,10.5
10488,26433,26434,1.4,0.8,5.5
10489,26435,26420,2.2,0.2,15.0
10490,26443,1666,37.0,0.0,13.1
10491,26447,26448,2.8,0.178,20.7
10492,26449,17360,1.6,0.267,9.0
10493,26455,26456,2.0,0.0,14.4
10494,26477,26458,2.0,0.0,14.2
10495,26481,1670,3.5,0.5,16.4
10496,26513,26514,3.0,0.0,14.4
10497,26515,26524,3.25,0.25,14.4
10498,26523,6042,2.0,0.0,14.1
10499,26525,6034,2.0,0.0,9.0
10500,26525,26526,3.0,0.0,14.4
10501,26527,6036,2.0,0.0,9.0
10502,26541,3354,3.0,0.4,18.0
10503,26545,26546,1.109,0.099,13.9
10504,26549,30816,1.088,0.083,9.3
10505,26569,26570,2.0,0.0,14.2
10506,26571,25770,2.0,0.0,17.7
10507,26587,5202,2.5,1.0,15.0
10508,26587,25622,2.0,0.0,14.3
10509,26589,25444,4.0,0.0,20.4
10510,26591,26592,2.0,0.0,14.0
10511,26593,26594,2.0,0.0,14.6
10512,26595,26596,2.0,0.0,10.7
10513,26627,41246,88.0,0.0,13.9
10514,26669,2726,2.0,0.0,6.0
10515,26669,22822,3.0,0.0,12.2
10516,26679,26680,1.1,0.093,13.1
10517,26681,20462,1.656,0.233,20.6
10518,26687,17874,4.0,0.0,19.6
10519,26687,33322,2.0,0.0,13.8
10520,26707,6210,5.0,0.0,14.4
10521,26711,6342,2.333,0.333,14.4
10522,26721,26706,4.0,0.0,14.4
10523,26723,26724,3.0,0.0,14.4
10524,26743,6240,2.0,0.0,4.7
10525,26773,6268,2.0,0.0,4.8
10526,26781,6274,2.0,0.0,4.7
10527,26785,7966,2.0,0.0,12.2
10528,26795,26796,2.0,0.0,8.9
10529,26807,6300,3.0,0.0,6.1
10530,26873,6360,2.0,0.0,4.7
10531,26895,6378,2.5,0.5,9.0
10532,26897,39276,3.0,0.0,14.4
10533,26921,26922,1.5,0.5,7.6
10534,26921,6406,2.0,0.0,4.7
10535,26923,27824,2.5,0.5,13.4
10536,26923,6408,2.0,0.0,4.8
10537,26949,26950,2.0,0.0,14.7
10538,26951,6422,2.0,0.0,14.6
10539,26985,26986,1.067,0.067,16.4
10540,26985,10838,20.0,0.0,4.6
10541,27027,27028,2.0,0.0,13.5
10542,27029,21818,3.0,0.0,14.7
10543,27035,6520,2.0,0.0,4.7
10544,27041,16104,6.0,0.0,29.1
10545,27061,27062,1.333,0.333,9.8
10546,27063,32644,2.0,0.0,14.0
10547,27095,21364,6.0,0.889,31.7
10548,27099,27102,2.0,0.0,14.3
10549,27103,4146,2.0,0.0,9.1
10550,27113,27114,1.333,0.333,8.2
10551,27117,27118,2.0,0.0,11.4
10552,27119,27110,1.5,0.5,12.8
10553,27149,27150,2.0,0.0,14.5
10554,27151,36992,1.5,0.333,9.1
10555,27193,27194,4.0,0.0,14.6
10556,27195,22272,2.0,0.0,13.7
10557,27203,27206,1.2,0.178,9.0
10558,27203,27204,1.833,0.167,14.4
10559,27205,32530,1.143,0.143,5.2
10560,27205,32730,1.417,0.265,13.6
10561,27213,27214,2.5,0.5,14.4
10562,27215,34462,2.0,0.0,11.0
10563,27269,27270,3.0,0.0,14.6
10564,27269,6750,2.0,0.0,4.7
10565,27271,27272,3.0,0.0,14.4
10566,27273,27274,3.0,0.0,14.4
10567,27275,6758,3.0,0.0,14.2
10568,27285,6734,2.0,0.0,9.0
10569,27305,27306,2.5,0.5,15.6
10570,27307,27308,2.0,0.0,14.8
10571,27309,27826,2.0,0.0,7.8
10572,27325,27326,1.667,0.267,6.0
10573,27327,27332,2.0,0.0,9.1
10574,27327,27328,1.75,0.25,14.3
10575,27331,30670,85.0,19684.0,12.8
10576,27333,30668,2.0,0.0,14.2
10577,27357,27358,2.0,0.0,12.8
10578,27359,27360,2.0,0.0,16.8
10579,27361,27362,2.0,0.0,11.8
10580,27379,17134,2.941,0.309,27.5
10581,27389,27390,4.667,110.424,10.6
10582,27391,19900,5.636,1.055,51.2
10583,27395,22656,1.5,0.3,12.5
10584,27487,8804,4.0,0.0,18.6
10585,27515,27516,3.0,0.0,14.4
10586,27531,27534,1.5,0.5,10.4
10587,27535,27536,1.5,0.5,16.7
10588,27587,27588,1.077,0.073,9.4
10589,27589,27590,1.488,0.556,9.2
10590,27591,41936,2.125,0.495,11.1
10591,27593,25322,1.75,0.214,8.4
10592,27593,25360,3.405,0.692,38.5
10593,27593,5000,19.0,13.0,25.0
10594,27611,27612,1.5,2.0,10.6
10595,27615,35572,3.0,8.0,4.1
10596,27615,7074,5.0,0.0,1.4
10597,27619,27620,2.0,0.0,15.4
10598,27623,14218,2.0,0.0,18.3
10599,27625,31270,2.5,0.5,14.5
10600,27651,27652,2.0,0.0,14.2
10601,27711,27712,1.375,0.268,10.6
10602,27713,27714,1.5,0.286,10.4
10603,27715,27716,1.625,0.268,10.5
10604,27717,27718,1.375,0.268,10.6
10605,27719,27720,1.375,0.268,10.3
10606,27721,22726,4.0,0.0,20.5
10607,27721,27722,3.6,0.3,25.8
10608,27721,22716,3.0,0.0,23.0
10609,27723,27724,1.4,0.3,10.4
10610,27725,22730,2.2,0.2,10.8
10611,27737,27738,1.226,0.181,14.9
10612,27739,27740,2.1,0.231,24.8
10613,27739,37878,13.0,0.0,4.0
10614,27741,27742,1.481,1.49,11.1
10615,27741,4636,7.0,0.0,2.0
10616,27743,27744,1.552,0.542,13.6
10617,27745,27746,1.038,0.038,9.6
10618,27755,27756,2.235,27.224,14.1
10619,27757,29728,5.444,2.528,33.4
10620,27757,25632,4.882,0.834,56.0
10621,27757,22182,6.8,2.622,45.4
10622,27761,27762,1.029,0.029,9.7
10623,27763,26542,1.766,0.227,21.8
10624,27769,27770,1.211,0.225,14.8
10625,27771,27772,1.056,0.054,12.6
10626,27771,13732,9.0,0.0,4.1
10627,27773,27774,1.676,0.447,18.6
10628,27775,27776,1.12,0.11,9.6
10629,27777,32758,1.622,0.52,15.1
10630,27781,27782,1.214,0.175,14.6
10631,27783,27784,1.222,0.179,14.3
10632,27787,27792,1.056,0.056,8.2
10633,27789,37470,2.0,0.0,25.5
10634,27791,16350,1.5,0.278,5.9
10635,27791,25420,2.29,0.68,20.8
10636,27791,17036,6.333,85.333,5.2
10637,27793,27778,2.852,0.593,34.7
10638,27793,35068,5.5,4.5,38.1
10639,27795,31758,1.286,0.571,3.7
10640,27797,27798,1.2,0.484,9.9
10641,27799,27758,2.8,1.029,22.3
10642,27799,34678,3.154,0.641,19.7
10643,27801,35442,3.0,0.0,13.8
10644,27801,28686,3.474,1.041,36.3
10645,27801,9938,6.0,50.0,6.2
10646,27803,27804,1.4,0.489,5.3
10647,27805,27806,1.462,0.436,9.4
10648,27807,27808,1.545,0.473,13.3
10649,27809,27810,2.455,0.473,21.8
10650,27811,27812,1.154,0.308,9.9
10651,27813,27814,1.714,0.527,14.1
10652,27815,27816,1.286,0.571,3.9
10653,27817,21560,84.786,19346.027,38.3
10654,27831,8136,2.0,0.0,9.1
10655,27861,30178,6.0,0.0,25.6
10656,27865,27866,2.0,0.0,10.4
10657,27867,27874,2.0,0.0,14.4
10658,27871,27872,2.0,0.0,10.4
10659,27873,29036,2.0,0.0,10.8
10660,27875,27876,1.667,0.333,10.8
10661,27875,7320,2.0,0.0,1.4
10662,27877,27878,1.333,0.333,10.3
10663,27881,36802,4.0,0.0,11.0
10664,27881,27882,2.0,0.0,15.6
10665,27885,27886,2.0,0.0,14.4
10666,27889,27868,2.0,0.0,15.6
10667,27897,8428,3.0,0.0,13.5
10668,27905,27906,2.0,0.0,12.4
10669,27909,35794,2.0,0.0,13.2
10670,27911,27912,2.0,0.0,14.6
10671,27927,27928,2.0,0.0,14.6
10672,27929,27930,2.0,0.0,14.7
10673,27933,7378,2.0,0.0,4.7
10674,27943,27944,4.0,0.0,49.6
10675,27947,27948,1.125,0.125,13.5
10676,27953,27954,1.091,0.091,13.6
10677,27957,29062,1.462,0.269,12.8
10678,27963,7358,2.0,0.0,9.1
10679,27989,27990,2.0,0.0,14.2
10680,27991,4136,2.0,0.0,15.7
10681,28043,35794,2.0,0.0,14.0
10682,28071,28072,2.0,0.0,10.5
10683,28073,28074,1.5,0.5,10.4
10684,28075,26804,2.0,0.0,7.4
10685,28083,2938,2.0,0.0,9.6
10686,28097,28098,2.0,0.0,14.6
10687,28105,7530,2.0,0.0,14.6
10688,28119,21258,3.0,0.0,32.4
10689,28139,37904,2.0,0.0,8.3
10690,28151,28152,2.0,0.0,8.1
10691,28153,9972,4.0,0.0,23.0
10692,28175,28176,1.5,0.5,10.4
10693,28177,25684,2.333,0.333,16.2
10694,28211,32772,2.31,0.293,28.3
10695,28213,28214,1.833,0.167,18.1
10696,28217,28218,1.143,0.143,13.0
10697,28219,30770,17.167,1529.767,8.4
10698,28223,28224,4.273,1.018,26.9
10699,28223,32456,2.0,0.0,7.9
10700,28225,41506,1.75,0.205,11.5
10701,28233,7658,2.0,0.0,9.8
10702,28237,28230,2.0,0.0,10.5
10703,28241,28242,2.0,0.0,13.1
10704,28259,28260,1.75,0.917,9.4
10705,28261,28262,2.25,0.917,10.2
10706,28263,33430,16.0,784.0,9.7
10707,28287,28288,2.0,0.0,15.2
10708,28289,28290,2.0,0.0,14.8
10709,28291,28292,2.0,0.0,14.9
10710,28293,28304,1.667,0.333,10.4
10711,28305,33192,3.0,0.0,10.7
10712,28305,12022,2.0,0.0,12.2
10713,28307,22906,2.0,0.0,14.2
10714,28341,28360,2.0,0.0,14.4
10715,28345,28382,2.0,0.0,8.8
10716,28345,28346,1.5,0.5,10.8
10717,28349,28350,1.333,0.333,10.4
10718,28351,28352,2.0,0.0,11.6
10719,28353,28354,1.667,0.333,8.9
10720,28355,28356,1.333,0.333,9.8
10721,28359,28362,2.333,0.333,15.6
10722,28363,28364,1.75,0.25,10.4
10723,28365,25408,2.75,0.25,15.0
10724,28367,28368,1.667,0.333,10.6
10725,28369,28370,1.333,0.333,10.5
10726,28371,28372,2.333,0.333,14.7
10727,28373,28374,1.667,0.333,10.4
10728,28375,28376,1.5,0.5,13.8
10729,28377,28342,1.5,0.5,10.2
10730,28383,28384,2.0,0.0,5.3
10731,28385,28386,3.0,0.0,6.7
10732,28393,28394,7.0,0.0,17.3
10733,28395,24340,2.0,0.0,9.5
10734,28397,28398,3.0,0.0,5.4
10735,28399,28400,2.0,0.0,5.0
10736,28401,28402,3.0,0.0,5.0
10737,28409,28410,3.0,0.0,5.0
10738,28413,28428,1.5,0.5,10.5
10739,28415,28460,3.0,0.0,8.0
10740,28429,28436,2.0,0.0,13.2
10741,28441,28442,1.5,0.5,10.4
10742,28447,28454,4.0,0.0,16.1
10743,28447,28414,3.0,0.0,19.8
10744,28455,39778,3.0,0.0,10.2
10745,28461,26924,8.0,0.0,14.2
10746,28465,7836,3.5,0.5,15.4
10747,28479,31034,3.0,2.0,19.9
10748,28483,33208,1.062,0.062,13.0
10749,28489,28490,6.5,0.5,14.0
10750,28491,28492,6.667,0.333,14.9
10751,28491,19012,4.0,0.0,14.6
10752,28493,28494,6.75,2.917,14.3
10753,28495,37300,4.0,0.0,23.0
10754,28497,28498,1.75,0.25,14.4
10755,28499,28500,2.25,0.917,14.5
10756,28501,28502,2.0,0.0,11.1
10757,28503,28504,1.6,0.3,11.2
10758,28505,28506,1.8,0.2,13.1
10759,28507,28508,2.286,0.238,16.6
10760,28509,28510,2.0,0.4,13.8
10761,28513,28514,1.667,0.267,10.6
10762,28515,7978,2.667,0.667,13.9
10763,28519,28520,2.0,0.0,17.4
10764,28521,28522,2.0,0.0,14.6
10765,28523,32872,4.0,0.0,17.4
10766,28525,28532,3.0,0.0,21.0
10767,28531,17256,2.667,0.333,16.9
10768,28531,25398,2.5,0.423,28.7
10769,28531,28546,11.0,0.0,16.3
10770,28533,28534,1.333,0.267,9.9
10771,28535,28536,1.5,0.3,13.8
10772,28539,28540,1.857,0.143,22.9
10773,28551,18958,2.0,0.0,7.6
10774,28555,28556,1.143,0.143,14.4
10775,28559,7932,2.222,0.194,22.3
10776,28565,27904,2.0,0.0,16.5
10777,28569,28570,1.25,0.25,10.2
10778,28571,33636,2.75,0.25,23.1
10779,28573,39170,1.049,0.048,11.2
10780,28585,28586,3.5,0.5,5.0
10781,28597,39158,1.333,0.25,10.7
10782,28615,20106,2.0,0.0,17.0
10783,28621,28622,2.0,0.0,14.6
10784,28623,3454,2.0,0.0,15.5
10785,28625,28626,2.0,0.0,14.4
10786,28627,28628,2.0,0.0,8.7
10787,28647,28648,24.875,4505.839,9.1
10788,28649,28650,17.111,2229.111,11.9
10789,28651,23052,1.778,1.444,13.8
10790,28653,18024,1.333,0.333,14.9
10791,28655,28656,1.235,0.191,10.7
10792,28657,28658,2.714,1.514,22.6
10793,28659,41572,3.0,0.0,17.4
10794,28659,28660,1.947,0.83,19.4
10795,28661,28662,1.167,0.147,5.9
10796,28663,28664,1.5,0.533,8.3
10797,28665,32028,3.235,0.816,32.2
10798,28671,28672,4.0,54.0,5.2
10799,28673,37646,4.0,0.0,20.0
10800,28673,37640,4.0,0.0,39.4
10801,28675,28676,3.0,0.0,13.2
10802,28677,28678,2.0,0.0,14.4
10803,28677,8080,2.0,0.0,4.7
10804,28681,28682,2.0,0.0,9.0
10805,28683,8098,2.0,0.0,9.0
10806,28691,39232,9.0,0.0,10.7
10807,28697,21950,6.0,0.0,14.7
10808,28703,2994,2.0,3.0,5.8
10809,28719,34620,3.0,0.0,15.6
10810,28719,28720,2.0,0.0,14.7
10811,28737,28738,1.455,0.273,10.4
10812,28739,7276,2.0,0.0,14.4
10813,28753,25738,1.286,0.238,13.3
10814,28755,23014,3.5,12.5,1.6
10815,28757,28758,2.222,0.183,28.6
10816,28761,26102,2.154,0.808,13.7
10817,28765,28766,1.333,0.333,12.7
10818,28767,33306,2.5,0.5,16.7
10819,28767,12124,4.0,0.0,21.0
10820,28775,28776,3.0,0.0,14.0
10821,28777,28778,3.0,0.0,12.1
10822,28779,28780,3.0,0.0,9.0
10823,28781,28782,2.667,0.333,13.0
10824,28783,28784,3.2,0.7,14.4
10825,28785,28786,3.0,0.5,13.9
10826,28787,28788,2.833,0.567,14.2
10827,28789,8280,2.0,0.0,13.0
10828,28793,8188,2.0,0.0,4.7
10829,28807,30662,2.0,0.0,14.6
10830,28809,28810,3.0,0.0,14.4
10831,28811,23940,3.0,0.0,15.4
10832,28817,8344,2.0,0.0,8.5
10833,28825,28826,2.4,0.3,15.2
10834,28827,28828,2.2,0.7,14.4
10835,28831,28832,2.0,0.0,14.4
10836,28833,28834,1.8,0.2,14.4
10837,28835,28836,2.75,0.917,16.8
10838,28837,28838,2.0,0.0,14.6
10839,28839,28840,2.5,0.5,15.4
10840,28841,19674,1.5,0.5,8.5
10841,28855,8378,2.0,0.0,14.0
10842,28879,28880,2.0,0.0,15.7
10843,28879,28958,2.0,0.0,15.7
10844,28883,16694,4.0,0.0,16.3
10845,28887,23056,77.0,0.0,8.7
10846,28891,8184,2.0,0.0,10.0
10847,28897,11570,2.0,0.0,13.4
10848,28899,28900,2.091,0.091,14.3
10849,28901,28736,1.182,0.164,8.9
10850,28907,8040,2.0,0.0,11.9
10851,28919,8358,2.0,0.0,14.3
10852,28937,28938,1.333,0.25,14.4
10853,28939,28940,2.182,1.164,15.3
10854,28941,3724,3.5,0.636,34.6
10855,28959,3698,4.0,0.0,2.7
10856,28963,4172,2.5,0.5,16.6
10857,28965,41588,1.833,0.167,11.3
10858,28997,37744,1.2,0.2,8.2
10859,28999,29000,1.25,0.25,10.4
10860,29001,29002,1.5,0.333,9.9
10861,29003,29004,1.25,0.25,11.1
10862,29005,29006,1.6,0.3,10.4
10863,29007,29008,1.6,0.3,11.7
10864,29011,21506,1.25,0.25,6.5
10865,29019,29020,2.0,0.0,5.1
10866,29021,23888,2.0,0.0,9.7
10867,29021,29022,4.0,0.0,14.5
10868,29033,8420,2.0,0.0,4.7
10869,29035,39348,2.5,0.5,8.6
10870,29047,29048,2.0,0.0,14.8
10871,29049,29064,3.0,0.0,23.0
10872,29053,29054,2.0,0.0,15.5
10873,29055,36568,2.0,0.0,11.0
10874,29063,29064,1.308,0.231,9.5
10875,29065,23064,3.412,0.382,26.0
10876,29067,29068,2.0,0.0,13.2
10877,29069,29070,2.0,0.0,14.5
10878,29169,8554,2.0,0.0,4.7
10879,29181,29182,4.0,0.0,30.2
10880,29183,31634,2.0,0.0,7.0
10881,29183,29184,1.333,0.333,9.0
10882,29187,29188,2.0,0.0,13.1
10883,29189,29190,2.0,0.0,14.6
10884,29191,29192,1.667,0.333,15.3
10885,29193,30062,2.0,0.0,9.3
10886,29193,29194,2.0,0.0,14.2
10887,29211,24496,2.0,0.0,9.8
10888,29211,3790,4.0,0.0,21.5
10889,29215,31424,3.0,0.0,14.2
10890,29219,29220,3.0,0.0,14.1
10891,29221,29222,2.0,0.0,9.1
10892,29223,29212,2.0,0.0,9.1
10893,29229,25608,1.5,0.5,9.4
10894,29263,9986,3.0,0.0,16.2
10895,29265,29266,2.0,0.0,13.3
10896,29267,29268,2.0,0.667,19.1
10897,29269,29270,1.667,0.333,10.5
10898,29321,5436,2.0,0.0,12.0
10899,29321,29344,4.0,0.0,35.4
10900,29325,11608,2.0,0.0,9.1
10901,29327,2606,2.0,0.0,12.4
10902,29387,5428,2.0,0.0,18.4
10903,29391,29392,2.0,0.0,14.7
10904,29401,29402,2.0,0.0,14.3
10905,29403,29404,2.0,0.0,10.5
10906,29405,10272,2.0,0.0,14.4
10907,29407,29408,3.5,37.5,10.5
10908,29413,29414,1.125,0.125,15.1
10909,29415,29770,2.375,0.268,28.7
10910,29427,14212,2.0,0.0,19.1
10911,29451,6956,4.0,0.0,17.3
10912,29451,29452,5.0,0.0,23.2
10913,29453,29454,2.0,0.0,13.2
10914,29455,29456,3.0,0.0,14.4
10915,29457,29458,3.0,0.0,14.0
10916,29459,27416,4.0,0.0,18.0
10917,29461,29514,1.556,0.278,8.1
10918,29461,8814,36.0,0.0,1.4
10919,29467,35644,1.2,0.2,13.9
10920,29471,29450,1.5,0.5,9.5
10921,29487,29464,2.0,0.0,10.3
10922,29503,32070,2.0,0.0,9.0
10923,29503,29504,3.0,0.0,14.4
10924,29505,29506,3.0,0.0,14.4
10925,29515,29516,1.556,0.278,12.9
10926,29517,29518,2.111,0.111,16.1
10927,29519,29520,1.333,0.25,10.4
10928,29521,29522,2.0,0.25,14.7
10929,29523,37040,2.0,0.0,19.2
10930,29581,29582,2.5,0.5,18.3
10931,29583,29460,4.5,0.5,28.7
10932,29585,29586,1.455,0.473,10.4
10933,29587,29588,2.182,0.164,15.0
10934,29589,10194,2.0,0.0,10.3
10935,29589,12118,2.5,0.286,15.8
10936,29589,32962,3.0,0.0,14.5
10937,29595,29386,2.0,0.0,9.0
10938,29603,29604,2.0,0.0,14.8
10939,29607,29608,2.0,0.0,14.1
10940,29625,29626,2.0,0.0,10.4
10941,29653,19408,2.0,0.0,16.3
10942,29657,29662,2.0,0.0,14.3
10943,29659,29660,2.0,0.0,14.4
10944,29663,29624,2.0,0.0,14.4
10945,29677,9004,2.0,0.0,4.7
10946,29695,30146,2.0,0.0,9.1
10947,29731,29732,1.312,0.229,14.6
10948,29733,29734,1.857,0.132,22.7
10949,29733,27048,17.0,512.0,4.7
10950,29739,29740,1.25,0.25,10.2
10951,29745,31792,2.25,0.25,22.5
10952,29747,30176,1.333,0.333,9.0
10953,29767,40180,2.0,13.391,8.2
10954,29773,36016,1.5,0.273,13.9
10955,29775,29776,1.25,0.25,13.3
10956,29777,29778,2.0,0.0,12.1
10957,29777,29554,2.0,0.0,13.4
10958,29779,33528,2.0,0.0,9.7
10959,29781,29782,3.947,52.386,8.2
10960,29783,33238,3.2,1.029,31.2
10961,29783,32726,8.75,200.917,11.7
10962,29787,9092,2.0,0.0,4.7
10963,29797,10700,2.0,0.0,20.0
10964,29797,5108,2.5,0.5,13.7
10965,29803,31130,6.0,0.0,25.2
10966,29807,29808,2.0,0.0,14.8
10967,29809,29810,2.0,0.0,16.4
10968,29811,29812,1.667,0.333,10.5
10969,29813,21464,2.0,0.0,11.3
10970,29813,32158,3.0,0.0,20.7
10971,29813,1608,3.0,0.0,18.2
10972,29831,29694,2.0,0.0,10.8
10973,29881,29882,1.667,0.333,10.5
10974,29883,29884,2.0,0.0,15.1
10975,29885,5430,2.0,0.0,10.4
10976,29891,10242,2.0,0.0,8.9
10977,29893,29894,2.0,0.0,9.9
10978,29895,29896,1.5,0.5,10.6
10979,29899,29900,1.5,0.5,15.9
10980,29901,29902,2.0,1.0,14.4
10981,29903,29904,2.167,0.567,10.2
10982,29905,32172,1.714,0.571,12.3
10983,29909,29910,2.0,0.0,10.4
10984,29911,29912,1.5,0.333,14.1
10985,29913,29914,1.833,0.567,10.6
10986,29915,29916,3.714,6.905,6.6
10987,29917,41942,11.833,222.967,13.5
10988,29921,32848,2.0,0.0,18.0
10989,29927,29928,1.5,0.333,5.0
10990,29929,37844,2.333,0.267,17.5
10991,29931,21456,2.615,0.923,28.4
10992,29935,18118,3.0,0.0,23.3
10993,29937,31068,2.0,0.0,14.8
10994,29953,19976,1.5,0.5,10.2
10995,29953,1602,4.0,0.0,18.9
10996,29955,9238,4.0,0.0,1.4
10997,29957,3560,2.0,0.0,7.5
10998,29961,38544,3.667,77.143,7.6
10999,29963,29964,2.0,0.0,14.2
11000,29965,29966,2.0,0.0,14.4
11001,29969,39240,3.0,0.0,12.4
11002,29971,9252,2.0,0.0,4.7
11003,29983,29984,3.0,0.0,13.6
11004,29985,21254,2.0,0.0,8.1
11005,29997,36880,3.0,0.0,24.6
11006,29997,29998,1.1,0.095,4.9
11007,29999,36876,2.143,0.127,21.5
11008,30013,33570,4.0,0.0,12.7
11009,30079,3974,2.0,0.0,14.2
11010,30089,30090,2.0,0.0,14.8
11011,30093,30094,2.0,0.0,19.9
11012,30097,34090,3.0,0.0,15.6
11013,30101,2026,3.0,0.0,21.5
11014,30101,38316,3.0,0.0,22.5
11015,30107,10252,2.0,0.0,14.5
11016,30109,30110,2.0,0.0,10.3
11017,30111,30112,2.0,0.0,18.0
11018,30129,14898,3.0,0.0,17.0
11019,30135,16584,3.0,0.0,14.2
11020,30147,30148,3.0,0.0,14.4
11021,30149,36964,2.0,0.0,9.2
11022,30149,30150,4.0,0.0,15.0
11023,30151,39110,3.0,0.0,15.5
11024,30173,22568,2.0,0.0,14.7
11025,30177,22216,2.0,0.0,8.8
11026,30195,39960,1.083,0.083,7.7
11027,30195,35744,1.25,0.25,10.5
11028,30219,13152,2.0,0.0,12.4
11029,30219,34444,2.5,0.333,14.7
11030,30229,41218,3.0,0.0,17.5
11031,30235,30236,1.5,0.333,11.9
11032,30237,25654,1.333,0.333,11.7
11033,30237,25684,2.0,0.0,16.4
11034,30247,30384,2.0,0.0,15.9
11035,30251,30252,1.5,0.5,10.4
11036,30255,25678,2.0,0.0,16.8
11037,30271,30272,2.0,0.0,10.4
11038,30273,30274,2.0,0.0,14.1
11039,30273,30278,2.0,0.0,14.1
11040,30275,10158,2.0,0.0,19.6
11041,30279,30280,2.0,0.0,14.6
11042,30285,30292,2.0,0.0,15.5
11043,30291,30292,2.0,0.0,17.8
11044,30293,30294,1.5,0.5,9.8
11045,30299,30300,2.0,0.0,10.7
11046,30301,9990,2.667,0.333,18.6
11047,30303,31026,2.0,0.0,9.8
11048,30305,30312,2.0,0.0,15.5
11049,30309,30310,3.0,0.0,17.1
11050,30311,30312,3.0,0.0,14.5
11051,30313,30314,2.0,0.0,15.5
11052,30315,30316,2.0,0.0,14.9
11053,30317,14158,4.0,0.0,19.5
11054,30323,30324,2.0,0.0,15.0
11055,30325,3904,1.667,0.333,10.7
11056,30327,30328,2.0,0.0,14.8
11057,30329,30330,2.0,0.0,10.4
11058,30331,30332,2.0,0.0,15.5
11059,30333,30334,1.667,0.333,10.5
11060,30335,30336,2.0,0.0,14.1
11061,30337,30338,1.5,0.5,10.5
11062,30339,38864,3.5,0.5,15.8
11063,30375,9634,3.0,0.0,4.7
11064,30379,30380,2.0,0.0,10.4
11065,30385,30386,2.0,0.0,11.1
11066,30387,30378,2.0,0.0,14.6
11067,30405,30324,1.5,0.5,14.7
11068,30413,30414,2.0,0.0,14.4
11069,30415,30322,2.0,0.0,14.4
11070,30421,30422,2.0,0.0,14.3
11071,30427,30428,1.5,0.5,14.1
11072,30429,30430,1.5,0.5,5.0
11073,30477,22202,4.0,0.0,21.1
11074,30483,19356,3.0,0.0,10.0
11075,30493,38664,1.75,0.25,19.2
11076,30501,30512,2.0,0.0,9.1
11077,30513,41496,3.0,0.0,14.3
11078,30527,28660,55.0,0.0,22.3
11079,30549,23036,18.143,1184.143,29.1
11080,30553,30558,2.0,0.0,14.5
11081,30561,30562,2.0,0.0,11.4
11082,30591,35602,1.5,0.5,7.8
11083,30595,35912,2.0,0.0,25.9
11084,30597,37182,1.3,0.233,13.4
11085,30601,37190,1.333,0.333,10.6
11086,30605,37186,1.25,0.25,13.5
11087,30661,21262,3.0,0.0,19.1
11088,30663,30664,2.0,0.0,15.2
11089,30665,30666,2.0,0.0,14.5
11090,30667,30668,2.5,0.5,14.2
11091,30669,30670,15.0,288.0,12.6
11092,30673,5422,2.0,0.0,14.8
11093,30679,30680,2.0,0.0,14.3
11094,30681,30682,3.0,0.0,14.4
11095,30683,11564,2.0,0.0,11.8
11096,30689,33814,6.982,516.537,36.2
11097,30697,30694,1.053,0.053,8.0
11098,30701,30702,1.154,0.308,2.9
11099,30703,30704,1.656,6.233,13.1
11100,30705,36126,1.048,0.048,3.2
11101,30707,30708,1.097,0.09,13.8
11102,30713,39186,4.667,0.333,40.8
11103,30713,35974,3.667,1.333,29.2
11104,30723,25558,2.0,0.0,10.8
11105,30723,9914,3.0,1.143,27.8
11106,30723,16986,19.0,278.0,10.6
11107,30725,33908,2.615,0.923,29.6
11108,30727,16986,3.0,0.0,14.1
11109,30727,32544,2.6,0.386,26.8
11110,30729,30730,10.976,604.999,10.0
11111,30731,25892,7.848,2.57,54.5
11112,30731,25862,5.714,1.571,55.9
11113,30733,30734,2.429,11.286,13.4
11114,30735,33908,4.0,0.667,29.4
11115,30737,30740,2.667,2.081,25.6
11116,30739,30736,1.25,1.161,8.2
11117,30741,30742,1.171,0.145,12.1
11118,30743,30744,2.959,89.832,14.4
11119,30745,38950,1.5,0.286,9.0
11120,30745,23734,1.854,0.528,21.8
11121,30747,35976,1.75,0.25,14.0
11122,30749,31228,3.941,0.809,41.3
11123,30749,9922,24.667,692.333,4.6
11124,30753,21258,2.72,0.21,34.5
11125,30755,9916,3.0,0.0,18.6
11126,30755,35802,4.833,0.967,37.9
11127,30755,31228,7.25,58.214,11.9
11128,30759,30760,1.174,0.15,14.6
11129,30761,22316,1.5,0.5,5.2
11130,30761,30762,8.75,872.303,14.4
11131,30763,30764,2.947,28.942,14.1
11132,30765,30766,1.688,1.829,12.8
11133,30767,33930,15.882,1791.36,8.2
11134,30771,7246,2.5,0.5,26.1
11135,30771,35442,4.333,0.333,38.4
11136,30771,28686,6.5,0.5,33.4
11137,30773,32990,4.528,1.742,46.9
11138,30775,28652,2.0,0.0,7.4
11139,30775,30772,1.65,0.797,13.7
11140,30777,38542,4.241,1.118,44.2
11141,30779,30780,1.435,0.711,9.4
11142,30781,27800,1.55,4.05,7.2
11143,30783,33286,5.0,1.12,52.2
11144,30785,30786,1.244,0.234,9.5
11145,30787,30788,1.312,0.305,9.8
11146,30789,30790,1.388,0.409,9.3
11147,30791,30792,1.532,0.863,9.8
11148,30793,30794,1.717,0.976,13.6
11149,30795,30796,2.442,2.252,16.6
11150,30797,25212,1.356,0.325,9.0
11151,30799,30800,1.129,0.116,13.3
11152,30803,4876,2.0,0.0,9.2
11153,30805,36156,7.0,32.0,2.5
11154,30811,30812,1.043,0.043,9.4
11155,30813,30814,1.786,0.249,19.6
11156,30815,30820,1.179,0.152,13.7
11157,30817,30818,1.472,3.971,8.4
11158,30819,27790,1.651,8.423,10.0
11159,30821,30822,1.071,0.071,4.0
11160,30823,25416,2.679,0.745,26.6
11161,30825,30826,1.04,0.04,9.0
11162,30827,30828,1.793,0.884,16.0
11163,30831,30832,1.667,0.981,13.9
11164,30833,30784,3.256,97.623,8.0
11165,30835,30836,1.419,0.852,9.6
11166,30837,30830,3.278,6.663,22.4
11167,30837,37170,3.0,0.0,13.0
11168,30839,41874,3.381,1.048,31.8
11169,30839,37470,5.545,1.873,50.8
11170,30843,30844,2.0,0.0,10.4
11171,30853,30854,2.0,0.0,10.7
11172,30917,25722,2.0,0.0,14.5
11173,30923,22148,1.389,2.722,3.1
11174,30937,22932,2.6,0.971,21.0
11175,30939,22140,4.571,9.286,22.9
11176,30939,30936,3.75,20.333,23.3
11177,30941,22930,2.464,0.925,21.4
11178,30941,22926,8.0,50.222,13.2
11179,30943,13636,6.0,0.0,5.2
11180,30947,25636,3.0,0.947,28.4
11181,30947,5222,5.5,41.5,8.1
11182,30955,38084,1.368,0.357,13.2
11183,30957,30960,1.686,0.987,18.9
11184,30959,36618,2.0,0.0,6.9
11185,30959,30956,2.385,1.046,21.8
11186,30961,30962,1.469,0.515,9.3
11187,30963,30964,1.406,0.249,9.5
11188,30965,30966,1.238,0.19,14.0
11189,30965,25984,3.727,70.418,3.5
11190,30967,30968,1.773,0.374,23.1
11191,30969,30946,1.118,0.11,8.6
11192,31017,31018,3.0,0.222,14.4
11193,31019,31020,3.1,0.322,14.3
11194,31021,40072,2.333,0.267,11.0
11195,31021,17718,4.25,0.917,19.1
11196,31023,31024,2.5,0.5,14.0
11197,31023,30326,2.0,0.0,14.1
11198,31025,31026,2.5,0.5,16.1
11199,31027,9538,2.0,0.0,11.8
11200,31027,31028,3.5,0.5,21.0
11201,31031,3916,2.0,0.0,14.6
11202,31035,2092,1.812,0.296,15.2
11203,31037,21106,2.0,0.0,14.4
11204,31037,21100,3.0,0.0,14.4
11205,31039,20422,2.567,1.289,26.3
11206,31049,31050,1.111,0.111,14.7
11207,31053,31054,1.111,0.111,16.7
11208,31063,32962,1.571,0.286,14.8
11209,31063,8928,1.5,0.5,4.3
11210,31067,36858,20.65,1772.029,13.4
11211,31069,31070,2.0,0.0,14.4
11212,31071,33350,1.333,0.267,8.5
11213,31087,31088,1.128,0.115,16.1
11214,31099,37426,37.0,1486.4,27.8
11215,31111,37036,2.787,0.736,31.8
11216,31111,38796,2.444,4.528,14.6
11217,31117,31118,2.5,0.5,17.9
11218,31117,10234,2.0,0.0,4.7
11219,31119,31122,6.0,0.0,34.9
11220,31119,30108,2.0,0.0,14.3
11221,31121,32164,2.5,0.5,10.8
11222,31121,1610,9.0,70.0,15.2
11223,31123,31124,1.5,0.333,13.6
11224,31127,31128,1.2,0.2,10.7
11225,31129,31130,5.2,0.7,37.0
11226,31131,31120,1.333,0.267,9.8
11227,31159,31160,2.0,0.0,13.8
11228,31161,19452,2.0,0.0,19.7
11229,31261,31262,1.333,0.333,10.8
11230,31263,31264,2.0,0.0,14.9
11231,31271,31272,2.0,0.0,14.7
11232,31273,31274,2.0,0.0,12.3
11233,31275,31276,2.0,0.0,8.1
11234,31277,31278,32.0,1800.0,10.4
11235,31279,31280,2.5,0.5,13.8
11236,31281,38894,2.5,0.5,14.1
11237,31297,31298,57.143,13729.67,10.6
11238,31301,8452,3.5,0.278,24.0
11239,31307,31308,4.0,0.0,16.6
11240,31309,25404,2.0,0.0,14.2
11241,31311,10714,2.0,0.0,12.2
11242,31325,2940,2.0,0.0,15.5
11243,31327,33800,3.0,0.0,14.4
11244,31329,31356,1.5,0.5,7.2
11245,31335,31342,3.0,0.0,14.3
11246,31343,20566,2.0,0.0,7.3
11247,31353,22826,2.0,0.0,7.9
11248,31357,20556,2.0,0.0,7.9
11249,31389,10498,2.0,2.0,9.0
11250,31391,20568,3.0,0.0,14.2
11251,31399,31382,2.0,0.0,9.1
11252,31409,31410,4.0,0.0,15.9
11253,31411,10108,1.5,0.5,12.1
11254,31413,21574,3.0,0.0,14.3
11255,31419,33814,2.412,0.257,37.0
11256,31423,31390,2.0,0.0,9.0
11257,31425,4208,2.5,0.5,9.0
11258,31437,14900,4.0,0.0,19.3
11259,31437,41384,3.0,0.0,12.6
11260,31445,10516,3.0,0.0,4.7
11261,31477,18362,1.5,0.5,8.2
11262,31525,5898,2.0,0.0,9.2
11263,31525,26368,2.0,0.0,14.4
11264,31527,31528,1.1,0.1,8.1
11265,31529,16500,3.615,11.59,21.7
11266,31529,33826,2.0,0.0,16.3
11267,31535,31536,1.519,1.259,9.4
11268,31537,36854,1.92,0.493,15.6
11269,31545,37258,2.0,0.0,14.9
11270,31547,22840,2.0,0.0,9.7
11271,31547,2738,5.0,0.0,15.0
11272,31555,25878,3.0,0.0,18.3
11273,31561,31562,2.0,0.0,14.8
11274,31565,24208,2.0,0.0,15.9
11275,31569,30078,2.0,0.0,14.7
11276,31605,36050,2.0,0.0,14.6
11277,31645,2578,2.0,0.0,7.2
11278,31651,5108,2.5,1.0,9.5
11279,31665,40634,3.143,0.476,15.5
11280,31703,31704,2.0,0.0,14.8
11281,31719,31720,1.182,0.164,14.1
11282,31721,40456,1.091,0.091,13.5
11283,31739,31740,2.0,0.0,10.9
11284,31745,31746,2.0,0.0,11.8
11285,31749,31750,2.0,0.0,14.4
11286,31753,35152,2.0,0.0,13.9
11287,31755,29764,2.0,0.0,13.3
11288,31759,14030,1.9,1.042,19.4
11289,31769,8852,2.0,0.0,13.2
11290,31775,38846,2.0,0.0,9.6
11291,31781,31782,36.0,7331.143,9.0
11292,31783,24408,4.0,0.0,20.9
11293,31783,25846,42.167,9110.567,33.6
11294,31787,33256,1.5,0.5,8.5
11295,31791,31792,1.857,0.143,26.0
11296,31799,31800,4.095,160.59,4.6
11297,31801,28596,1.222,0.194,5.4
11298,31801,19970,1.143,0.185,9.3
11299,31803,21246,2.0,0.0,14.5
11300,31845,31846,3.188,0.829,29.8
11301,31849,31850,1.125,0.125,4.8
11302,31851,33196,1.214,0.335,9.6
11303,31877,31878,1.345,0.663,8.7
11304,31879,35738,1.448,0.256,9.7
11305,31899,31900,4.0,0.0,16.5
11306,31905,39386,2.0,0.0,14.8
11307,31957,10980,2.0,0.0,4.7
11308,31959,17320,2.0,0.0,15.0
11309,31971,32310,1.5,0.5,14.5
11310,31975,31976,2.0,0.0,14.5
11311,31977,2120,2.0,0.0,8.3
11312,31985,31986,2.0,0.0,6.8
11313,31989,12308,2.0,0.0,9.1
11314,31993,33502,3.5,0.5,8.1
11315,31993,17556,3.0,0.0,8.1
11316,32003,32004,1.25,0.25,15.7
11317,32011,32012,1.5,0.5,13.7
11318,32013,32014,2.667,8.333,9.4
11319,32015,41942,3.0,1.0,15.9
11320,32019,32020,1.25,0.25,6.0
11321,32021,33020,54.0,11099.0,3.2
11322,32029,33280,1.308,0.222,14.4
11323,32035,32036,9.129,614.049,6.7
11324,32037,32038,3.395,2.483,26.8
11325,32039,32040,7.487,718.256,8.2
11326,32041,32584,2.0,0.0,22.9
11327,32041,41852,9.042,713.02,22.5
11328,32047,22038,1.167,0.167,5.7
11329,32061,8848,3.0,0.0,14.2
11330,32063,11044,2.0,0.0,4.7
11331,32065,32066,3.0,0.0,14.4
11332,32067,32068,3.0,0.0,14.4
11333,32069,8844,1.5,0.333,9.0
11334,32071,32072,4.0,0.0,14.4
11335,32071,38450,3.0,0.0,14.2
11336,32073,32058,3.0,0.0,14.4
11337,32101,39418,1.5,0.5,7.6
11338,32103,29390,2.0,0.0,9.3
11339,32121,32122,2.875,0.125,14.5
11340,32125,32126,5.0,0.0,8.7
11341,32127,19534,4.0,0.0,16.1
11342,32127,17276,7.0,0.0,20.9
11343,32129,2962,2.0,0.0,9.1
11344,32129,33176,2.0,0.0,17.1
11345,32133,41270,1.75,0.25,14.4
11346,32145,32146,2.0,0.0,14.4
11347,32147,41426,2.0,0.0,17.0
11348,32149,41272,2.333,0.25,19.9
11349,32157,37432,2.0,0.0,9.5
11350,32163,11000,2.0,0.0,18.0
11351,32167,32168,1.789,0.62,14.7
11352,32167,9010,7.5,84.5,3.8
11353,32169,32170,1.5,0.618,12.3
11354,32171,32172,1.5,0.474,14.2
11355,32173,22634,2.038,0.838,18.2
11356,32173,19572,5.0,0.0,5.3
11357,32175,11150,2.0,0.0,4.7
11358,32243,41428,3.0,0.0,14.4
11359,32257,2956,2.0,0.0,9.6
11360,32265,32266,2.062,0.383,25.0
11361,32265,18740,16.0,0.0,3.2
11362,32271,32272,2.071,22.217,10.4
11363,32273,32274,1.844,0.652,11.2
11364,32289,18246,2.0,0.0,9.1
11365,32297,19780,4.5,0.5,32.5
11366,32301,23802,1.833,0.567,12.2
11367,32301,40222,2.3,0.626,25.6
11368,32303,35266,5.533,116.552,26.6
11369,32303,25448,2.535,1.398,26.6
11370,32305,35252,4.14,74.075,27.5
11371,32313,2472,3.0,2.0,16.1
11372,32353,32354,1.333,0.267,10.8
11373,32355,32356,1.4,0.3,10.4
11374,32357,32358,1.4,0.3,10.8
11375,32359,32360,1.75,0.25,16.1
11376,32361,32362,2.5,0.5,17.7
11377,32361,18208,1.5,0.5,5.1
11378,32385,35864,3.0,0.0,7.7
11379,32387,11338,2.0,0.0,4.7
11380,32391,32392,2.0,0.0,12.5
11381,32393,32394,1.75,0.25,13.1
11382,32395,32396,1.25,0.214,9.1
11383,32397,32398,1.375,0.268,6.9
11384,32409,11348,2.0,0.0,4.7
11385,32421,32422,2.0,0.0,14.5
11386,32421,25628,2.5,1.0,14.3
11387,32423,5776,2.0,0.0,9.1
11388,32439,32668,3.0,0.0,24.1
11389,32451,32452,2.0,0.0,10.9
11390,32459,41510,2.0,0.0,12.5
11391,32459,32460,4.0,0.0,15.2
11392,32461,32462,4.0,0.0,15.0
11393,32463,41504,2.0,0.0,12.1
11394,32475,12138,3.0,0.0,14.1
11395,32491,33294,1.667,0.5,13.5
11396,32515,7556,3.0,0.0,11.6
11397,32517,11446,2.0,0.0,4.7
11398,32527,32528,2.0,0.0,12.9
11399,32529,37636,1.75,0.25,9.9
11400,32545,28028,2.393,0.321,29.8
11401,32545,35372,2.462,0.269,29.8
11402,32559,32560,3.0,0.0,16.0
11403,32565,32566,3.037,32.345,10.5
11404,32567,32568,3.76,37.857,8.2
11405,32569,32570,2.069,1.281,13.2
11406,32571,32572,2.069,2.924,9.9
11407,32573,37426,12.133,217.982,23.8
11408,32575,2560,1.714,0.905,14.5
11409,32577,32578,2.967,116.033,5.2
11410,32579,32580,1.576,6.939,8.2
11411,32581,39400,1.898,0.677,18.1
11412,32589,32590,6.0,225.0,3.9
11413,32591,2300,5.0,2.0,37.7
11414,32591,31796,3.381,6.548,21.1
11415,32593,30778,1.312,0.629,8.0
11416,32595,40182,1.364,0.255,11.5
11417,32595,33654,6.0,61.0,10.0
11418,32623,3246,2.0,0.0,9.0
11419,32635,32636,2.0,0.0,13.7
11420,32637,32622,2.0,0.0,14.4
11421,32639,12084,3.0,0.0,14.0
11422,32643,30782,15.538,1613.298,11.1
11423,32649,14110,2.0,0.0,14.2
11424,32653,32654,4.0,0.0,20.6
11425,32655,32656,2.333,0.333,11.9
11426,32659,32660,2.667,0.333,10.4
11427,32663,32664,2.0,0.0,9.8
11428,32665,10106,2.0,0.0,15.1
11429,32667,5910,2.0,0.0,20.3
11430,32669,27638,2.0,0.0,17.0
11431,32685,11368,2.0,0.0,12.9
11432,32693,29656,1.667,0.333,9.2
11433,32693,32694,1.214,0.181,17.2
11434,32695,32696,1.077,0.077,13.8
11435,32699,25570,1.333,0.25,15.5
11436,32701,32702,1.125,0.117,13.6
11437,32703,29652,1.5,0.5,5.1
11438,32703,32704,1.071,0.071,13.5
11439,32711,32690,2.867,0.267,34.7
11440,32713,32714,1.44,1.173,8.6
11441,32715,29796,1.667,0.333,21.4
11442,32715,32716,2.161,0.54,19.3
11443,32717,30776,28.739,3745.929,8.2
11444,32719,25450,24.125,3807.592,14.1
11445,32725,40032,1.333,0.462,10.8
11446,32727,32728,2.917,117.164,9.4
11447,32729,30728,1.08,0.077,7.8
11448,32731,16080,1.769,0.359,13.5
11449,32731,32732,1.111,0.111,10.9
11450,32733,27202,1.4,0.267,14.0
11451,32739,32764,3.0,0.0,12.1
11452,32739,11648,3.667,0.333,20.3
11453,32751,32752,1.25,0.25,17.0
11454,32755,32756,1.25,0.214,15.0
11455,32757,32734,1.5,0.333,14.4
11456,32757,6560,1.5,1.5,4.3
11457,32759,32760,2.135,0.342,25.3
11458,32761,40622,3.0,0.0,12.9
11459,32761,32762,1.143,0.244,11.6
11460,32763,11624,1.571,0.286,10.1
11461,32763,32764,2.286,0.582,20.2
11462,32765,32766,1.172,0.148,14.2
11463,32771,20424,3.692,1.064,29.7
11464,32787,32788,2.4,0.3,14.3
11465,32789,22340,2.0,0.0,13.3
11466,32803,35440,54.0,7803.0,23.1
11467,32805,32806,1.846,3.308,9.6
11468,32807,32042,1.2,0.2,4.3
11469,32835,36930,3.0,0.0,15.1
11470,32845,22264,1.167,0.152,26.2
11471,32847,23580,4.0,2.0,33.0
11472,32847,22762,3.875,0.411,36.2
11473,32863,22282,6.0,0.0,27.6
11474,32873,3622,2.0,0.0,7.5
11475,32881,32882,1.357,0.247,13.4
11476,32883,32884,1.2,0.314,13.4
11477,32885,32886,1.154,0.141,9.3
11478,32887,30754,1.474,0.374,16.3
11479,32893,32894,3.0,0.0,14.4
11480,32895,15132,3.0,0.0,14.2
11481,32911,33124,2.0,0.0,14.2
11482,32915,32916,2.0,0.0,14.6
11483,32917,32918,2.0,0.0,16.6
11484,32919,24644,2.0,0.0,15.1
11485,32925,15836,5.0,0.0,19.0
11486,32931,32932,1.107,0.321,9.4
11487,32933,30726,1.846,10.535,8.6
11488,32951,32952,4.0,0.0,14.5
11489,32953,34144,2.0,0.0,9.4
11490,32967,12248,1.5,0.5,6.1
11491,32967,14492,1.091,0.091,13.4
11492,32981,2258,3.0,0.0,14.2
11493,32991,32992,1.118,0.168,8.0
11494,32993,33238,2.0,0.0,5.7
11495,32993,32726,2.692,0.271,31.7
11496,32995,32592,15.231,2544.185,12.0
11497,32997,33544,1.324,0.468,9.7
11498,32999,33000,1.375,0.679,8.3
11499,33001,33002,1.727,1.732,8.1
11500,33003,33004,4.696,112.494,7.1
11501,33005,37712,2.444,0.528,12.8
11502,33005,37226,7.95,306.892,39.3
11503,33007,33008,1.189,0.158,13.5
11504,33009,33010,1.069,0.067,9.6
11505,33011,33012,1.303,0.28,8.7
11506,33013,33014,1.061,0.121,9.0
11507,33015,33016,10.067,443.651,8.2
11508,33017,12782,1.333,0.333,5.6
11509,33017,35692,2.591,0.634,27.6
11510,33017,41694,9.727,238.818,8.5
11511,33021,32028,1.5,1.0,2.4
11512,33021,28212,5.0,0.0,36.6
11513,33023,37436,4.0,1.0,29.6
11514,33025,20310,2.125,0.125,28.5
11515,33025,39286,1.92,0.077,28.9
11516,33077,33078,3.0,0.0,28.2
11517,33081,31522,2.0,0.0,14.3
11518,33083,38170,13.5,625.0,4.5
11519,33083,33084,9.0,673.818,9.4
11520,33093,11918,2.0,0.0,9.1
11521,33105,33106,2.0,0.0,14.5
11522,33125,26456,2.0,0.0,9.0
11523,33153,33154,1.346,0.235,25.8
11524,33157,36504,2.692,0.542,45.3
11525,33159,33160,1.2,0.178,8.8
11526,33161,33162,1.364,0.855,8.2
11527,33163,33164,1.25,0.5,8.1
11528,33165,33166,1.6,0.711,13.5
11529,33167,33182,10.0,689.25,9.4
11530,33171,35434,1.773,0.755,11.4
11531,33173,33178,2.091,0.291,14.2
11532,33173,22908,2.0,5.0,4.0
11533,33175,20834,1.182,0.164,13.6
11534,33175,28754,4.125,53.268,1.6
11535,33177,33168,2.727,6.494,14.3
11536,33179,33180,1.7,0.9,9.4
11537,33181,33190,2.0,1.0,9.3
11538,33183,33184,7.333,256.75,11.2
11539,33185,40216,5.25,0.917,45.9
11540,33185,35532,6.6,3.3,38.1
11541,33187,33188,1.143,0.143,9.5
11542,33189,20836,3.125,0.982,36.2
11543,33189,40210,1.333,0.333,14.4
11544,33191,33192,2.125,2.696,8.5
11545,33193,40192,1.571,0.286,7.3
11546,33195,16418,2.0,0.0,16.0
11547,33195,12034,2.667,0.333,30.8
11548,33195,12038,9.7,340.233,7.0
11549,33197,33198,1.227,0.565,12.2
11550,33199,33200,1.143,0.229,10.5
11551,33201,12038,3.65,0.766,15.5
11552,33201,12026,4.0,1.0,31.4
11553,33203,33204,6.9,659.568,9.1
11554,33205,12026,1.667,0.333,10.8
11555,33205,16418,4.0,0.667,33.4
11556,33205,12034,2.25,0.513,12.1
11557,33217,25386,2.267,0.21,25.2
11558,33217,2820,2.0,0.0,5.1
11559,33223,37530,2.4,0.3,17.6
11560,33225,41690,2.0,0.0,8.8
11561,33239,21446,1.071,0.071,10.8
11562,33247,33248,1.125,0.125,5.4
11563,33249,23402,3.6,0.3,17.9
11564,33249,23396,3.0,0.0,15.2
11565,33257,25898,2.0,0.0,10.8
11566,33277,29090,2.0,0.0,15.2
11567,33281,33282,1.889,0.795,13.1
11568,33283,21994,2.933,1.067,32.5
11569,33283,19822,3.692,0.897,19.6
11570,33285,32994,1.125,0.117,2.1
11571,33287,30774,4.794,474.047,8.2
11572,33293,39148,2.0,0.0,17.8
11573,33293,39152,3.385,0.923,36.6
11574,33295,33296,1.444,0.278,9.5
11575,33297,33298,2.778,0.194,20.7
11576,33299,32962,1.8,0.2,9.5
11577,33299,8928,2.0,0.0,15.7
11578,33301,21506,1.429,0.418,12.2
11579,33303,33304,1.182,0.164,9.4
11580,33305,33306,1.818,0.164,14.2
11581,33307,33308,4.462,0.436,31.4
11582,33309,33310,2.429,0.286,18.6
11583,33309,28222,2.833,0.167,20.7
11584,33311,33312,1.5,0.286,10.5
11585,33321,11404,3.0,12.0,2.2
11586,33325,24406,1.444,0.256,18.5
11587,33343,34448,2.556,0.261,27.8
11588,33343,38850,2.0,0.0,29.7
11589,33347,33348,2.2,0.2,19.7
11590,33353,33354,1.182,0.164,18.1
11591,33355,33356,2.909,0.291,39.3
11592,33359,33360,1.273,0.218,14.7
11593,33363,33364,2.0,0.0,21.5
11594,33363,41404,4.0,0.0,24.6
11595,33369,22966,11.636,430.655,13.1
11596,33375,2382,1.25,0.25,16.4
11597,33377,33378,2.25,0.25,26.3
11598,33385,33386,1.667,1.333,9.6
11599,33387,23102,3.5,0.5,18.0
11600,33387,5190,2.0,0.0,23.9
11601,33389,33390,2.0,0.0,10.6
11602,33401,33402,2.0,0.0,10.6
11603,33409,39462,1.133,0.124,9.8
11604,33425,38924,79.0,17787.0,8.4
11605,33427,33428,3.75,1.583,4.7
11606,33429,22738,2.0,0.0,9.0
11607,33429,39368,1.6,0.3,9.5
11608,33431,39152,3.071,1.148,30.7
11609,33431,40320,44.5,2553.667,7.7
11610,33433,31784,3.905,3.19,22.7
11611,33435,19682,21.529,1084.39,32.8
11612,33435,19684,108.0,48671.0,32.7
11613,33445,14492,2.0,0.0,10.2
11614,33445,29580,4.0,0.0,18.2
11615,33445,11826,4.0,0.0,15.5
11616,33449,30034,2.0,0.0,23.4
11617,33469,27388,2.25,0.205,17.0
11618,33469,33470,2.0,0.0,16.0
11619,33473,33474,2.0,0.0,1.3
11620,33475,33476,2.0,0.0,13.4
11621,33479,40184,2.333,0.333,21.0
11622,33481,32016,1.4,0.3,11.3
11623,33481,15720,3.0,0.0,19.4
11624,33485,33480,2.0,0.0,15.3
11625,33495,32022,2.0,0.0,8.0
11626,33497,33498,6.0,2.0,11.2
11627,33499,17290,4.75,0.25,21.2
11628,33501,33504,2.8,0.314,11.6
11629,33503,33500,3.5,0.5,10.6
11630,33505,22056,1.5,0.5,9.6
11631,33505,33506,1.923,0.077,9.2
11632,33507,33508,2.154,0.308,15.6
11633,33509,33510,1.643,0.247,11.6
11634,33511,27794,2.429,0.725,17.9
11635,33525,33526,1.5,0.5,4.9
11636,33527,29902,1.5,0.5,9.7
11637,33527,9192,2.0,0.0,15.0
11638,33533,33534,1.75,0.917,14.1
11639,33535,33536,2.333,0.333,15.7
11640,33535,9094,2.0,0.0,15.4
11641,33537,21462,27.667,2054.333,10.7
11642,33539,12326,5.0,0.0,4.7
11643,33547,33548,1.25,0.513,5.5
11644,33549,33550,1.136,0.219,8.2
11645,33551,33006,1.576,0.377,19.3
11646,33551,27392,35.0,1922.0,8.5
11647,33567,33568,2.0,0.0,13.6
11648,33571,33572,2.0,0.0,14.6
11649,33587,38924,1.833,0.167,7.9
11650,33591,33592,2.0,0.0,14.4
11651,33599,33600,2.0,0.0,14.5
11652,33601,22010,2.0,0.0,11.8
11653,33601,22122,2.0,0.0,6.2
11654,33603,33604,7.5,4.5,30.8
11655,33605,33606,3.0,2.0,11.3
11656,33607,35272,2.667,0.333,7.4
11657,33617,28764,1.333,0.333,13.3
11658,33617,22080,2.0,0.0,14.4
11659,33629,1506,2.0,0.0,10.4
11660,33641,19804,3.0,0.0,25.3
11661,33651,18024,2.0,0.0,17.7
11662,33653,32990,3.0,0.0,21.5
11663,33653,29794,4.0,0.0,39.4
11664,33653,38542,3.833,1.367,40.1
11665,33655,33650,3.0,0.0,38.7
11666,33655,32990,4.0,2.0,26.7
11667,33657,33658,1.633,0.378,19.0
11668,33661,33662,2.1,0.714,23.6
11669,33663,37466,3.056,1.114,24.5
11670,33663,41842,3.909,28.091,6.9
11671,33665,33666,2.333,0.333,21.0
11672,33667,33668,1.25,0.25,10.4
11673,33669,33670,1.5,0.333,10.4
11674,33671,33672,1.25,0.25,10.4
11675,33673,33674,2.0,0.667,14.7
11676,33677,33678,2.0,0.0,10.4
11677,33679,25570,1.333,0.333,11.5
11678,33679,11606,2.0,0.0,15.6
11679,33687,12420,2.0,0.0,4.7
11680,33691,12424,2.0,0.0,4.7
11681,33701,108,3.0,0.0,13.7
11682,33723,33724,1.067,0.067,14.2
11683,33727,26362,1.067,0.067,14.6
11684,33749,12478,2.0,0.0,4.7
11685,33785,33786,7.786,2.489,14.4
11686,33787,3490,5.0,0.0,9.2
11687,33787,33788,6.615,1.923,14.3
11688,33789,33790,6.3,1.122,13.6
11689,33789,33796,4.0,0.0,14.3
11690,33789,12512,2.0,0.0,4.7
11691,33791,33792,6.167,1.367,12.6
11692,33791,33776,5.0,0.0,13.0
11693,33791,12514,2.0,0.0,4.7
11694,33793,23648,8.0,2.0,10.4
11695,33793,33794,7.0,0.0,14.6
11696,33795,12504,6.0,0.0,14.3
11697,33797,12520,2.0,0.0,4.7
11698,33801,9274,2.0,0.0,11.4
11699,33807,33808,2.0,0.0,15.0
11700,33809,29736,2.0,0.0,15.0
11701,33815,35970,1.031,0.031,7.0
11702,33821,33822,3.0,2.0,9.0
11703,33823,632,2.5,0.5,12.9
11704,33825,35252,3.778,1.194,32.1
11705,33853,33854,3.0,0.0,14.4
11706,33855,13426,3.0,0.0,21.0
11707,33861,33862,1.136,0.123,5.9
11708,33863,33864,1.517,0.901,13.9
11709,33865,33866,1.367,0.24,9.4
11710,33867,33868,2.0,14.552,9.4
11711,33869,33870,1.5,0.81,9.4
11712,33871,30834,15.286,1419.101,8.5
11713,33873,33874,1.2,0.2,13.4
11714,33875,33876,14.375,815.411,13.0
11715,33877,33878,2.0,1.333,20.2
11716,33879,35406,1.875,0.696,12.7
11717,33887,32046,1.5,0.333,8.8
11718,33889,32046,2.5,0.5,14.4
11719,33911,33912,1.143,0.129,10.0
11720,33913,33914,1.273,0.303,10.0
11721,33915,14130,3.4,0.3,15.5
11722,33915,32298,4.0,2.0,31.0
11723,33915,28654,1.4,0.257,9.6
11724,33925,33926,1.467,1.267,7.6
11725,33927,36088,3.438,1.596,35.1
11726,33927,18026,5.667,41.333,10.8
11727,33929,28480,2.6,0.3,11.3
11728,33929,25258,5.273,14.018,40.7
11729,33931,33430,1.818,0.964,9.2
11730,33941,13426,3.0,0.0,11.9
11731,33943,12654,3.0,0.0,9.0
11732,33949,12650,2.0,0.0,4.7
11733,34023,40104,5.0,0.0,21.6
11734,34035,38760,3.0,0.0,14.4
11735,34037,12702,2.0,0.0,14.3
11736,34039,34040,3.0,0.0,14.6
11737,34041,34042,3.0,0.0,14.5
11738,34043,34044,3.0,0.0,14.5
11739,34045,34046,3.0,0.0,14.5
11740,34047,34048,3.0,0.0,14.4
11741,34047,12740,1.667,0.333,4.7
11742,34053,34054,5.0,0.0,14.4
11743,34055,34056,5.0,0.0,14.4
11744,34059,23846,2.0,0.0,7.3
11745,34059,26342,13.0,373.692,13.0
11746,34063,34064,2.167,3.767,7.5
11747,34065,21478,13.667,890.061,10.8
11748,34075,24234,5.75,66.917,10.2
11749,34077,34078,1.25,0.205,13.4
11750,34079,34080,1.364,0.855,13.6
11751,34081,18018,6.0,1.0,60.9
11752,34081,25892,13.0,0.0,16.1
11753,34083,4034,1.667,0.333,6.9
11754,34083,34084,2.048,0.148,21.6
11755,34083,39020,18.0,0.0,4.5
11756,34085,34086,1.071,0.071,8.0
11757,34087,34088,1.4,0.253,14.7
11758,34089,34090,1.3,0.326,13.1
11759,34093,34094,1.278,0.33,9.6
11760,34095,35692,2.5,0.5,9.4
11761,34095,41694,3.474,1.152,36.5
11762,34095,37228,15.0,0.0,12.0
11763,34101,34102,2.0,0.0,5.2
11764,34103,12040,3.0,0.0,12.9
11765,34113,2154,3.0,0.0,21.4
11766,34125,2174,3.2,0.2,19.4
11767,34133,5118,3.0,0.0,14.2
11768,34137,34112,3.0,0.0,13.5
11769,34147,34478,2.0,1.0,9.0
11770,34147,34328,3.0,0.0,14.4
11771,34149,34124,4.0,0.0,18.7
11772,34215,39010,2.0,0.0,12.7
11773,34225,12916,2.0,0.0,8.2
11774,34265,41782,2.0,0.0,8.1
11775,34267,12964,2.0,0.0,4.7
11776,34281,9740,2.0,0.0,12.6
11777,34293,34280,7.0,0.0,18.6
11778,34297,33940,4.0,0.0,15.5
11779,34329,5130,4.0,0.0,14.5
11780,34421,38892,19.0,1531.5,14.0
11781,34445,34446,1.417,0.447,8.8
11782,34451,11984,3.944,0.173,45.8
11783,34457,34458,2.0,0.0,13.4
11784,34459,21540,2.0,0.0,15.4
11785,34465,34466,1.5,0.5,15.3
11786,34477,11572,3.0,0.0,12.2
11787,34479,34124,5.333,1.333,20.4
11788,34613,34616,7.0,0.0,31.3
11789,34617,27956,2.5,0.5,17.0
11790,34623,34624,3.0,0.0,14.0
11791,34625,34626,3.0,0.0,14.5
11792,34627,34628,3.0,0.0,14.4
11793,34631,34632,2.0,0.0,9.0
11794,34647,22258,2.0,0.0,18.6
11795,34657,35114,2.0,0.0,10.0
11796,34677,11644,2.0,0.0,13.1
11797,34681,34682,1.308,0.231,10.4
11798,34683,34684,1.5,0.278,14.7
11799,34683,13396,1.5,0.5,14.2
11800,34687,25548,1.4,0.267,8.2
11801,34711,34712,3.0,0.0,15.0
11802,34713,13404,2.0,0.0,10.5
11803,34725,6558,2.0,0.0,12.2
11804,34739,13436,2.0,0.0,4.7
11805,34745,5116,2.0,0.0,6.4
11806,34747,34754,2.5,0.5,3.2
11807,34755,13452,2.0,0.0,4.7
11808,34765,34766,6.0,0.0,27.8
11809,34767,13464,2.0,0.0,4.7
11810,34769,4314,3.0,0.0,14.0
11811,34773,40802,1.667,0.267,11.4
11812,34775,34776,7.062,484.485,12.5
11813,34777,40798,1.45,0.261,6.6
11814,34777,36840,3.2,1.25,30.7
11815,34777,40800,27.0,968.0,9.5
11816,34779,34780,11.211,1565.62,7.5
11817,34781,40800,1.5,0.5,6.6
11818,34781,21832,3.368,4.801,29.7
11819,34781,40798,1.2,0.2,12.2
11820,34803,13504,2.0,0.0,17.0
11821,34809,34810,2.0,0.0,11.3
11822,34811,13496,2.0,0.0,13.8
11823,34829,34830,2.0,0.0,14.4
11824,34831,9464,2.0,0.0,9.1
11825,34833,15634,2.0,0.0,9.0
11826,34851,36846,3.273,1.065,38.8
11827,34851,41720,4.0,2.0,36.8
11828,34853,34854,1.357,0.401,6.9
11829,34855,35374,3.611,4.487,24.7
11830,34859,34860,1.125,0.117,10.8
11831,34867,25316,1.933,0.21,22.1
11832,34867,29210,2.0,0.0,15.2
11833,34911,34912,3.0,0.0,22.4
11834,34915,19700,3.0,0.0,24.4
11835,34915,196,2.0,0.0,13.8
11836,34917,34918,1.682,1.465,9.4
11837,34919,39270,1.652,0.328,9.5
11838,34921,37010,4.211,198.279,9.9
11839,34939,17198,2.0,0.0,10.4
11840,34943,14576,3.5,0.5,10.6
11841,34945,32446,6.0,0.0,24.0
11842,34951,34952,20.765,3173.316,10.4
11843,34953,41408,1.062,0.062,10.7
11844,34955,34956,2.0,0.0,13.2
11845,34957,13616,2.0,0.0,4.7
11846,34973,13632,2.0,0.0,4.7
11847,34977,34634,2.0,0.0,8.6
11848,34977,30944,4.0,0.0,20.5
11849,34979,34976,3.0,0.0,14.5
11850,34985,2226,2.0,0.0,15.6
11851,34995,34996,2.0,0.0,14.4
11852,34997,34998,2.0,0.0,14.8
11853,34999,13812,1.667,0.333,9.0
11854,35003,22572,3.0,0.0,19.6
11855,35109,13770,5.0,0.0,19.2
11856,35113,13766,3.0,0.0,17.6
11857,35115,35116,2.0,0.0,14.5
11858,35139,35140,3.0,0.0,5.6
11859,35141,13358,3.0,0.0,14.5
11860,35153,13658,2.0,0.0,14.1
11861,35185,13838,2.0,0.0,14.3
11862,35203,13924,2.0,0.0,9.9
11863,35203,13860,2.0,0.0,4.7
11864,35215,35216,2.0,0.0,15.4
11865,35249,28042,3.0,0.0,27.0
11866,35253,34774,4.971,190.499,8.2
11867,35255,35256,1.273,0.418,7.1
11868,35257,35258,1.333,0.606,12.6
11869,35259,35260,1.583,0.811,10.6
11870,35263,35264,4.583,86.447,10.6
11871,35265,17244,6.333,1.333,59.1
11872,35265,27608,6.429,0.286,62.9
11873,35265,37210,5.5,40.5,2.1
11874,35273,12312,3.0,0.0,8.4
11875,35273,35298,3.0,0.0,14.1
11876,35275,32686,3.615,0.256,46.4
11877,35289,35290,3.0,0.0,5.4
11878,35291,35292,3.0,0.0,5.0
11879,35293,35294,3.0,0.0,5.0
11880,35295,35296,2.0,0.0,4.7
11881,35303,35304,1.333,0.25,10.3
11882,35305,35306,1.2,0.178,9.3
11883,35307,35308,1.778,0.194,9.9
11884,35307,21990,2.0,0.0,8.3
11885,35311,22132,1.111,0.111,5.3
11886,35315,4122,3.5,0.5,24.1
11887,35327,35328,2.0,0.0,13.6
11888,35329,25838,3.0,0.0,15.5
11889,35343,35344,1.4,0.3,19.3
11890,35359,3402,117.0,0.0,12.3
11891,35361,35362,6.0,0.0,14.4
11892,35363,35364,3.0,0.0,15.7
11893,35365,35358,4.0,2.0,13.8
11894,35375,35376,1.509,1.862,8.2
11895,35377,20446,1.607,0.396,11.0
11896,35377,37014,1.216,0.341,10.1
11897,35379,35412,2.128,29.43,14.3
11898,35381,20438,2.097,1.957,19.7
11899,35391,23058,1.062,0.063,5.0
11900,35403,35404,1.571,0.286,16.3
11901,35407,10802,2.714,2.238,19.8
11902,35409,37016,1.216,1.008,8.9
11903,35411,35374,2.525,2.047,24.7
11904,35413,35414,4.37,469.216,8.2
11905,35415,20442,1.267,0.21,8.2
11906,35415,35408,1.159,0.183,11.6
11907,35427,35430,1.043,0.043,9.5
11908,35429,35740,1.273,0.303,10.0
11909,35431,22950,1.087,0.083,5.6
11910,35435,40214,5.095,3.99,47.6
11911,35439,22928,3.412,1.132,31.7
11912,35441,9938,3.25,0.25,36.9
11913,35441,7246,2.167,0.567,14.8
11914,35443,21576,47.833,4022.567,30.8
11915,35461,32488,1.1,0.1,19.0
11916,35467,35468,5.0,0.0,37.1
11917,35469,35470,2.0,0.0,14.5
11918,35471,3734,2.0,0.0,13.5
11919,35473,35474,2.0,0.0,14.3
11920,35475,35476,4.1,0.322,31.0
11921,35477,35478,3.889,0.111,27.8
11922,35479,35480,2.0,0.0,14.5
11923,35481,35482,3.625,0.268,25.1
11924,35483,32384,2.0,0.0,7.5
11925,35483,35484,1.429,0.286,10.4
11926,35489,32390,1.143,0.143,9.2
11927,35517,33806,2.0,0.0,14.3
11928,35521,35516,2.0,0.0,9.1
11929,35529,35530,1.312,0.496,9.8
11930,35531,35536,3.0,0.571,34.1
11931,35533,35534,1.286,0.238,8.3
11932,35535,36858,2.917,14.083,13.0
11933,35559,39324,1.273,0.218,9.5
11934,35561,35562,25.062,4541.662,8.6
11935,35563,33424,2.5,0.5,8.2
11936,35567,35568,1.125,0.125,8.3
11937,35569,35570,1.1,0.1,9.8
11938,35571,32298,4.0,0.0,14.0
11939,35571,28654,4.0,3.333,31.6
11940,35571,12626,5.667,40.333,8.4
11941,35573,35574,2.167,0.167,16.0
11942,35577,35578,2.0,0.0,17.7
11943,35579,35580,1.5,0.5,10.7
11944,35583,36296,1.5,0.5,15.0
11945,35597,35590,2.0,0.0,28.5
11946,35603,30594,1.556,0.278,10.6
11947,35609,37166,2.0,0.0,12.6
11948,35609,35490,2.333,0.267,21.4
11949,35617,35618,1.729,0.585,13.7
11950,35619,35620,1.225,0.23,9.3
11951,35621,23514,1.229,0.18,12.4
11952,35629,35630,1.909,0.091,19.2
11953,35629,5064,3.25,14.917,6.6
11954,35635,33716,2.692,0.231,34.4
11955,35637,35638,1.333,0.333,14.4
11956,35641,38162,1.25,0.25,15.5
11957,35643,31022,2.5,0.5,15.0
11958,35645,35646,1.6,0.3,9.3
11959,35645,35654,3.0,0.0,20.4
11960,35649,35650,1.158,0.207,13.4
11961,35651,35652,4.556,225.225,8.5
11962,35653,37228,2.641,0.657,28.2
11963,35653,12782,3.125,16.125,8.5
11964,35655,35656,1.652,9.783,8.2
11965,35657,39174,1.5,0.5,4.6
11966,35657,39182,2.069,0.924,18.6
11967,35661,35662,2.0,0.0,13.8
11968,35663,36400,2.0,0.0,19.3
11969,35691,34442,2.714,0.238,21.2
11970,35693,35654,1.1,0.093,13.4
11971,35693,14184,17.0,0.0,5.9
11972,35701,35702,2.0,0.0,19.2
11973,35703,35704,2.0,0.0,14.6
11974,35705,35706,2.0,0.0,14.6
11975,35707,35708,2.0,0.0,14.8
11976,35709,35710,2.0,0.0,13.7
11977,35729,35730,1.312,0.229,18.5
11978,35733,35734,1.368,0.357,17.6
11979,35735,35736,1.105,0.211,9.4
11980,35737,30748,1.071,0.071,8.0
11981,35739,27372,1.267,0.21,5.6
11982,35741,22936,1.462,0.269,6.7
11983,35741,36986,1.048,0.048,9.6
11984,35747,22958,1.071,0.071,7.6
11985,35747,35426,1.13,0.119,10.8
11986,35749,28534,2.0,0.0,12.6
11987,35765,27940,1.111,0.111,5.3
11988,35765,35390,1.222,0.194,14.2
11989,35775,31328,2.0,0.0,10.6
11990,35775,35776,1.688,0.229,18.4
11991,35785,35786,3.765,33.066,12.2
11992,35785,41902,5.333,24.333,11.5
11993,35787,35788,3.467,27.838,9.2
11994,35789,34852,4.667,60.941,14.8
11995,35793,25828,2.125,0.411,15.4
11996,35793,4126,2.6,0.3,23.6
11997,35795,35796,1.5,0.5,10.4
11998,35799,35800,1.5,0.5,11.2
11999,35801,35576,1.5,0.5,10.6
12000,35803,35804,2.714,0.238,17.9
12001,35805,35806,1.667,0.267,10.4
12002,35807,35808,1.5,0.3,10.4
12003,35809,35810,1.833,0.167,14.4
12004,35811,35812,1.6,0.3,10.4
12005,35811,39836,9.0,0.0,3.1
12006,35813,28496,2.0,0.5,14.5
12007,35815,35816,1.5,0.5,14.3
12008,35817,21158,3.0,0.0,24.3
12009,35821,35824,1.5,0.5,9.4
12010,35825,35826,2.5,0.5,10.3
12011,35827,33864,18.0,392.0,26.4
12012,35847,25242,4.0,0.0,16.0
12013,35851,9716,1.5,0.5,7.8
12014,35865,14368,7.0,0.0,11.2
12015,35869,14364,7.0,0.0,13.6
12016,35885,30742,1.667,0.667,11.9
12017,35887,35884,1.167,0.167,17.3
12018,35887,30712,1.8,0.7,17.7
12019,35889,35890,3.0,0.0,15.8
12020,35891,35892,2.5,0.5,12.6
12021,35893,35894,2.0,0.0,12.6
12022,35895,35896,3.0,0.0,14.4
12023,35897,35898,2.0,0.0,12.5
12024,35899,35900,2.0,0.0,7.9
12025,35901,25588,2.0,0.0,10.7
12026,35903,24814,2.0,0.0,9.3
12027,35907,32844,2.0,0.0,8.2
12028,35909,32846,2.2,0.178,22.7
12029,35909,35910,3.5,0.5,23.3
12030,35911,38472,2.0,0.0,19.9
12031,35919,29470,1.5,0.5,9.0
12032,35949,37036,4.4,0.8,33.7
12033,35951,22934,1.9,0.095,16.8
12034,35953,21032,4.211,195.842,8.8
12035,35957,29770,2.5,0.333,22.7
12036,35957,8776,2.0,0.0,16.6
12037,35961,35962,1.125,0.125,11.2
12038,35969,37698,3.48,1.343,29.0
12039,35971,22576,2.587,57.359,12.5
12040,35981,14458,3.0,0.0,15.5
12041,35987,35988,4.0,0.0,22.8
12042,35989,35980,2.0,0.0,14.2
12043,36001,23304,2.0,0.0,7.6
12044,36001,36002,2.0,0.0,10.4
12045,36003,23670,3.0,0.0,13.8
12046,36003,16378,4.0,0.0,27.4
12047,36009,22530,1.857,0.143,17.8
12048,36011,41110,4.0,0.0,19.5
12049,36017,15378,2.167,0.152,24.8
12050,36023,29580,2.0,0.0,6.2
12051,36023,11826,1.429,0.254,13.5
12052,36023,12248,2.333,7.867,3.6
12053,36051,19452,3.0,0.0,15.2
12054,36065,14534,2.0,0.0,4.7
12055,36067,41760,2.0,0.0,11.4
12056,36067,19498,3.0,0.0,18.6
12057,36083,36084,2.333,0.333,15.3
12058,36085,23590,4.0,0.0,23.6
12059,36089,37460,11.158,1673.585,8.2
12060,36097,6478,2.0,0.0,10.1
12061,36111,36112,1.4,0.3,10.4
12062,36113,6642,2.0,0.0,13.5
12063,36129,36130,2.177,0.542,23.7
12064,36131,39194,1.581,0.477,15.7
12065,36137,36138,47.2,9548.7,25.9
12066,36139,35690,1.2,0.2,6.7
12067,36143,25992,2.0,0.0,9.2
12068,36155,7974,2.0,0.0,9.2
12069,36155,28556,3.0,0.0,14.5
12070,36159,17532,2.0,0.0,9.2
12071,36159,14622,3.0,0.0,14.2
12072,36175,9962,2.0,0.0,9.4
12073,36197,36202,3.0,0.0,7.5
12074,36199,36200,3.0,0.0,5.8
12075,36201,28478,2.667,0.333,10.3
12076,36203,36220,5.0,0.0,10.0
12077,36207,39576,5.0,0.0,10.7
12078,36213,36214,7.5,0.5,18.6
12079,36215,36216,2.5,0.5,5.3
12080,36217,36200,2.5,0.5,5.6
12081,36221,36212,4.0,0.0,9.1
12082,36231,36232,2.0,0.0,14.1
12083,36233,36234,2.0,0.0,14.5
12084,36235,36236,2.0,0.0,17.1
12085,36239,1056,3.0,0.0,20.5
12086,36275,36276,4.0,0.0,14.3
12087,36277,36278,3.0,0.0,14.2
12088,36279,36280,3.0,0.0,14.5
12089,36281,28814,3.0,0.0,16.0
12090,36299,36300,1.5,0.5,14.6
12091,36301,36302,2.0,0.0,14.8
12092,36315,14738,2.0,0.0,4.7
12093,36327,36328,3.0,0.0,14.5
12094,36339,36366,1.5,0.5,10.2
12095,36341,36342,3.0,0.0,14.6
12096,36343,36344,3.0,0.0,14.5
12097,36345,36326,3.0,0.0,14.5
12098,36359,36348,3.0,0.0,13.8
12099,36403,41678,5.0,0.0,19.4
12100,36423,26340,2.786,1.258,10.9
12101,36431,14852,5.0,0.0,23.7
12102,36433,14858,3.0,2.0,14.5
12103,36435,14848,6.5,0.5,30.0
12104,36439,36434,3.0,0.0,16.0
12105,36443,39346,3.0,0.0,13.7
12106,36451,36452,9.472,499.971,19.0
12107,36453,22578,1.833,0.486,19.0
12108,36467,37468,1.333,0.333,13.2
12109,36473,25482,1.333,0.267,16.4
12110,36485,36486,1.143,0.143,14.1
12111,36513,14918,1.5,0.5,4.7
12112,36533,36534,2.0,0.0,10.3
12113,36535,7242,2.0,0.0,16.8
12114,36543,14944,2.0,0.0,4.7
12115,36545,5176,2.0,0.0,17.5
12116,36555,36556,1.5,0.286,22.3
12117,36565,17154,2.0,0.0,16.1
12118,36569,36570,2.0,0.0,17.6
12119,36569,11484,7.0,0.0,4.8
12120,36571,25318,3.5,4.5,14.5
12121,36599,24556,2.0,0.0,9.4
12122,36611,8538,2.0,0.0,9.8
12123,36653,36654,3.0,0.0,14.4
12124,36655,36638,3.0,0.0,14.1
12125,36753,36652,2.0,0.0,9.1
12126,36841,38900,1.846,0.555,14.7
12127,36843,36844,2.0,0.0,11.6
12128,36845,23090,2.0,0.0,25.4
12129,36849,36850,1.667,0.231,26.4
12130,36851,36852,1.304,0.494,13.6
12131,36853,26072,2.074,0.687,26.0
12132,36855,36856,1.417,2.688,8.6
12133,36857,37646,3.12,0.777,27.2
12134,36857,37640,12.667,174.333,11.3
12135,36859,39230,1.781,1.015,13.6
12136,36863,15500,2.25,0.25,10.2
12137,36877,30584,1.333,0.333,5.5
12138,36877,23038,19.032,3478.232,13.8
12139,36883,16752,2.25,0.25,13.5
12140,36931,36932,3.0,0.0,13.6
12141,36933,11706,3.0,0.0,13.8
12142,36947,15320,1.5,0.5,4.7
12143,36969,34616,6.0,0.0,31.8
12144,36993,5546,1.25,0.25,16.0
12145,37003,35764,1.083,0.083,10.8
12146,37007,37008,1.556,2.818,6.8
12147,37009,19818,1.6,0.541,12.3
12148,37009,35378,1.147,0.129,11.0
12149,37011,37012,1.383,0.981,7.3
12150,37013,38194,1.633,0.447,9.7
12151,37013,35380,1.161,0.206,12.9
12152,37015,37006,1.854,6.638,13.2
12153,37017,37018,1.128,0.43,7.3
12154,37019,22428,1.6,0.489,10.6
12155,37019,34920,1.976,5.724,11.9
12156,37025,31794,1.167,0.167,14.0
12157,37027,22930,3.259,1.123,27.0
12158,37029,39008,1.73,0.878,17.0
12159,37031,37032,1.358,0.234,16.6
12160,37031,34228,2.0,0.0,10.0
12161,37033,27530,2.0,0.0,14.5
12162,37033,22224,1.941,0.616,18.2
12163,37035,39010,1.327,0.224,17.1
12164,37039,41908,1.025,0.025,10.7
12165,37039,35438,2.733,14.352,9.5
12166,37043,14486,3.0,0.667,17.2
12167,37055,41824,3.0,0.0,28.8
12168,37071,37100,3.0,0.0,14.2
12169,37101,37102,2.0,0.0,14.4
12170,37105,2728,3.0,0.0,13.2
12171,37129,15456,3.0,0.0,11.3
12172,37137,37128,3.0,0.0,10.4
12173,37171,37172,1.455,0.273,15.9
12174,37183,30602,1.5,0.5,9.8
12175,37183,37184,1.25,0.214,11.4
12176,37195,34746,2.25,0.25,23.5
12177,37197,37198,1.4,0.253,6.8
12178,37199,37200,3.0,0.0,13.8
12179,37199,15240,3.353,0.993,14.3
12180,37201,37202,4.0,0.0,15.4
12181,37203,37204,4.0,0.0,16.9
12182,37205,37206,4.0,0.0,18.2
12183,37211,37212,1.286,0.238,9.9
12184,37213,37214,1.2,0.178,14.3
12185,37217,33824,2.0,2.0,8.1
12186,37227,37844,1.195,0.211,11.6
12187,37229,37230,1.368,0.563,9.9
12188,37231,37232,1.568,1.739,14.0
12189,37233,37234,1.308,0.382,8.1
12190,37237,27392,1.429,0.286,5.6
12191,37237,32998,2.138,1.195,19.5
12192,37239,37240,19.714,920.905,9.9
12193,37241,11240,2.25,0.214,14.4
12194,37243,37244,3.0,0.0,14.8
12195,37245,37246,4.0,0.0,16.4
12196,37247,39946,4.0,0.0,20.1
12197,37289,27112,3.0,0.0,19.3
12198,37297,16214,3.0,0.0,15.4
12199,37309,37310,1.417,0.265,9.7
12200,37311,37312,1.167,0.152,9.5
12201,37313,37314,1.583,0.265,10.0
12202,37315,21816,1.5,0.273,13.4
12203,37317,35608,1.143,0.143,13.0
12204,37351,37376,3.0,0.0,14.4
12205,37357,37358,2.0,0.0,14.4
12206,37359,37360,3.0,0.0,14.4
12207,37361,37362,2.0,0.0,14.4
12208,37365,24,2.667,0.333,14.3
12209,37369,37370,2.0,0.0,14.6
12210,37371,37372,3.0,0.0,14.4
12211,37373,37374,2.0,0.0,14.5
12212,37375,37376,3.0,0.0,14.5
12213,37377,37378,2.5,0.5,14.3
12214,37379,37356,2.0,0.0,14.4
12215,37379,15684,3.0,0.0,14.2
12216,37409,37362,3.0,0.0,14.2
12217,37411,15724,40.0,0.0,9.5
12218,37411,37440,2.0,0.0,14.2
12219,37421,37422,1.75,0.25,13.1
12220,37423,37424,1.333,0.333,4.9
12221,37427,37428,4.611,70.587,8.1
12222,37429,37430,8.514,133.535,12.7
12223,37431,21890,2.0,0.571,19.6
12224,37431,32264,3.526,33.93,2.9
12225,37435,32016,2.0,0.0,16.3
12226,37437,32296,2.5,0.5,20.8
12227,37447,37448,1.75,2.25,5.1
12228,37449,37450,1.333,0.267,7.4
12229,37451,37452,1.375,0.554,9.9
12230,37453,37454,1.111,0.111,8.6
12231,37455,37456,1.111,0.111,13.3
12232,37457,37458,1.286,0.238,6.6
12233,37459,37442,1.25,0.214,8.8
12234,37461,37462,3.4,16.989,8.1
12235,37463,37464,1.118,0.11,5.0
12236,37465,40320,3.0,0.571,17.2
12237,37465,39148,3.0,1.273,33.8
12238,37469,25454,3.0,0.0,21.5
12239,37471,31526,1.467,0.41,20.1
12240,37477,37482,2.0,0.0,11.2
12241,37525,19618,2.0,0.0,13.9
12242,37569,37570,3.0,0.0,14.9
12243,37571,37572,4.0,0.0,19.0
12244,37607,30168,2.0,0.0,15.6
12245,37609,37610,2.0,0.0,14.2
12246,37611,37612,2.0,0.0,14.6
12247,37613,37614,1.5,0.5,13.6
12248,37615,37616,2.0,0.0,15.5
12249,37617,37618,5.5,0.5,40.3
12250,37619,37606,3.5,0.5,25.1
12251,37633,37634,1.531,2.838,11.2
12252,37635,39040,2.574,0.966,23.8
12253,37639,35472,1.2,0.178,11.5
12254,37645,32686,5.333,0.333,47.7
12255,37645,15902,2.0,0.0,4.7
12256,37647,29996,1.56,3.34,7.8
12257,37649,37650,1.444,0.278,5.9
12258,37651,37652,1.273,0.218,9.4
12259,37653,37654,2.2,0.178,15.3
12260,37659,37648,3.7,13.122,12.5
12261,37667,37668,3.0,0.0,14.4
12262,37677,37678,1.179,0.151,9.2
12263,37679,37680,1.708,0.849,16.0
12264,37681,37682,2.043,0.172,21.9
12265,37683,37684,1.35,2.695,9.9
12266,37685,39244,1.191,0.158,14.0
12267,37693,34778,1.083,0.083,8.2
12268,37695,32996,4.222,1.663,38.7
12269,37695,37712,30.0,723.0,16.0
12270,37697,41394,1.071,0.071,13.7
12271,37699,37700,1.52,0.26,18.8
12272,37709,39172,1.698,0.74,18.8
12273,37709,39174,10.0,162.0,5.5
12274,37713,32564,9.643,275.423,21.1
12275,37739,1006,2.0,0.0,9.0
12276,37741,15972,3.5,0.5,24.0
12277,37743,15970,2.5,0.5,18.8
12278,37743,38834,3.615,1.526,33.6
12279,37745,5648,2.0,0.0,13.9
12280,37745,32804,2.6,2.3,14.8
12281,37769,28490,4.0,2.0,8.8
12282,37779,37780,3.0,0.0,14.1
12283,37783,29004,2.0,0.0,9.6
12284,37787,16028,3.0,0.0,12.0
12285,37787,37788,3.0,0.0,14.4
12286,37789,37790,3.0,0.0,14.5
12287,37791,37792,3.0,0.0,14.5
12288,37797,37798,2.0,0.0,13.6
12289,37799,32044,2.0,0.0,11.5
12290,37815,15852,2.0,0.0,9.4
12291,37839,37840,6.0,0.0,9.4
12292,37841,37842,5.0,0.0,10.6
12293,37843,26114,22.0,0.0,30.0
12294,37845,39406,1.872,0.636,20.1
12295,37847,37712,3.667,0.25,36.6
12296,37847,37226,6.864,62.409,15.8
12297,37849,35976,2.865,0.898,14.2
12298,37853,37854,3.5,0.5,16.9
12299,37855,32254,3.0,0.0,14.2
12300,37857,37858,6.444,12.528,19.9
12301,37859,37860,71.0,0.0,0.2
12302,37861,38364,47.0,1826.0,1.3
12303,37863,32732,2.273,0.218,13.2
12304,37865,36110,1.167,0.167,15.0
12305,37865,36500,1.111,0.111,15.7
12306,37867,37692,1.333,0.406,11.8
12307,37903,6526,5.0,0.0,30.2
12308,37907,37908,2.0,0.0,9.3
12309,37991,26314,3.0,0.0,14.7
12310,38007,38008,1.286,0.238,14.1
12311,38011,26328,2.0,0.0,10.1
12312,38011,38012,1.833,0.167,17.8
12313,38013,26142,2.0,0.0,8.9
12314,38013,25426,1.571,0.286,16.0
12315,38015,38018,3.0,0.0,14.1
12316,38021,38794,1.75,0.205,18.9
12317,38023,38026,1.083,0.083,17.7
12318,38023,39206,1.667,0.333,17.7
12319,38027,38802,1.417,0.265,15.7
12320,38029,38030,1.8,0.2,14.3
12321,38031,38032,1.2,0.2,14.7
12322,38033,38034,1.6,0.3,14.6
12323,38039,16228,1.167,0.167,16.0
12324,38045,33082,1.941,4.684,4.9
12325,38065,38066,7.5,0.5,14.4
12326,38067,34034,2.0,0.0,4.1
12327,38085,40796,1.167,0.152,8.6
12328,38091,36724,2.0,0.0,18.9
12329,38095,23728,2.0,0.0,17.5
12330,38123,16304,2.0,0.0,8.0
12331,38163,38164,1.75,0.25,19.8
12332,38165,38166,1.25,0.25,16.8
12333,38169,25420,2.0,0.0,7.6
12334,38169,17036,3.0,0.0,31.4
12335,38171,12592,4.0,8.0,15.3
12336,38175,38176,4.0,0.0,14.5
12337,38177,38292,3.0,0.0,14.2
12338,38179,38180,3.0,0.0,14.4
12339,38195,26678,1.214,0.175,10.4
12340,38201,14470,4.0,0.0,26.4
12341,38201,23670,4.5,0.5,19.5
12342,38207,32128,2.0,0.0,9.0
12343,38209,38210,1.167,0.167,10.2
12344,38213,24534,2.667,0.667,18.6
12345,38215,38216,1.5,0.5,14.4
12346,38219,32476,2.0,0.0,15.3
12347,38223,38224,2.0,0.0,15.7
12348,38225,38226,2.333,0.333,15.7
12349,38227,38228,2.5,0.5,15.9
12350,38229,38230,2.0,0.0,11.5
12351,38231,38232,2.0,0.0,12.0
12352,38243,33200,2.0,0.0,9.8
12353,38245,25338,3.0,0.0,14.5
12354,38271,12038,4.0,2.0,33.6
12355,38273,38274,3.0,0.0,14.5
12356,38275,38276,2.5,0.5,11.2
12357,38277,38282,2.0,0.0,9.0
12358,38283,34100,3.0,0.0,9.0
12359,38293,1588,2.5,0.5,14.0
12360,38315,19526,4.0,0.0,20.9
12361,38353,16488,1.5,0.5,4.7
12362,38365,15752,6.2,4.7,22.5
12363,38381,38382,2.0,0.0,19.6
12364,38389,23796,1.4,0.25,16.2
12365,38393,32596,2.0,0.0,8.9
12366,38413,12836,3.0,0.0,9.1
12367,38421,12842,2.5,0.5,9.3
12368,38425,27554,1.167,0.167,9.9
12369,38431,38432,1.476,0.662,8.4
12370,38433,26958,2.375,0.268,12.1
12371,38433,23098,2.6,0.829,23.3
12372,38435,16568,1.5,0.5,4.7
12373,38451,9414,2.0,0.0,9.0
12374,38473,1664,1.333,0.333,4.9
12375,38491,2148,2.5,0.333,26.9
12376,38519,38520,1.08,0.077,9.0
12377,38523,38524,1.04,0.04,14.0
12378,38541,33286,7.235,0.566,78.4
12379,38543,28702,1.833,0.167,9.7
12380,38543,29960,1.711,0.644,16.4
12381,38545,33284,2.56,1.173,12.1
12382,38545,40188,5.857,1.055,73.4
12383,38561,38562,2.556,0.778,15.2
12384,38565,38566,2.111,0.861,14.5
12385,38567,38568,2.375,0.554,12.7
12386,38569,38570,1.778,0.694,13.9
12387,38571,38572,1.4,0.267,5.7
12388,38573,38574,2.182,1.564,13.8
12389,38575,38576,24.4,2101.822,8.7
12390,38577,23056,1.167,0.152,6.3
12391,38581,32908,1.5,0.5,6.7
12392,38611,38700,6.333,0.333,56.7
12393,38613,16820,3.0,0.0,14.3
12394,38617,38618,1.333,0.333,10.4
12395,38631,15256,4.0,0.0,1.4
12396,38639,38640,1.167,0.167,13.6
12397,38669,16808,4.0,0.0,23.0
12398,38669,38624,4.0,1.0,40.1
12399,38671,38672,2.0,0.0,11.2
12400,38701,38624,2.333,1.333,12.8
12401,38703,31016,4.0,0.0,14.4
12402,38737,38738,2.0,0.0,10.0
12403,38761,12692,2.0,0.0,8.2
12404,38761,16866,2.0,0.0,11.0
12405,38797,38798,1.222,0.194,13.3
12406,38799,16218,1.855,1.164,18.3
12407,38801,38038,3.667,0.333,24.3
12408,38801,38806,3.0,5.333,17.6
12409,38807,38024,2.455,2.734,18.0
12410,38811,38806,2.0,1.5,9.1
12411,38813,38028,1.6,0.3,9.1
12412,38829,36544,3.0,0.0,9.0
12413,38847,27082,3.0,0.0,12.7
12414,38849,38846,4.0,0.0,8.4
12415,38857,13462,3.0,0.0,15.5
12416,38861,38862,1.308,0.231,19.2
12417,38865,38866,1.5,0.577,13.2
12418,38867,26540,1.867,0.552,11.8
12419,38893,24130,2.4,0.8,17.0
12420,38895,41892,1.5,0.269,19.4
12421,38895,40434,7.0,216.143,19.5
12422,38897,38898,14.733,810.495,8.0
12423,38897,41858,42.727,8436.418,8.3
12424,38899,5054,2.08,1.827,16.6
12425,38901,38904,1.132,0.117,13.0
12426,38905,38906,1.889,24.959,13.0
12427,38907,38908,5.846,600.615,8.2
12428,38909,36842,3.0,0.0,22.4
12429,38909,38910,27.667,6399.596,40.9
12430,38911,23036,7.73,437.758,28.6
12431,38913,21628,3.0,0.0,14.8
12432,38919,37866,21.05,8040.05,8.2
12433,38923,15904,2.087,22.901,8.8
12434,38925,38926,1.222,0.444,6.3
12435,38927,38928,1.125,0.125,7.9
12436,38927,34344,17.0,0.0,5.0
12437,38929,38930,2.286,0.571,12.0
12438,38931,27794,2.2,0.2,14.0
12439,38931,22124,4.0,0.0,18.0
12440,38941,38942,3.25,0.917,14.6
12441,38943,23546,3.0,0.0,14.4
12442,38943,38934,2.0,0.0,14.2
12443,38949,32544,2.273,0.418,12.2
12444,38949,9914,3.0,0.0,12.0
12445,38965,32690,2.5,0.5,14.5
12446,38977,38962,2.0,0.0,17.7
12447,38999,39000,2.489,3.125,20.3
12448,39001,21504,2.562,1.4,20.4
12449,39003,39006,1.071,0.071,17.4
12450,39005,26984,5.5,3.667,28.3
12451,39005,32774,3.778,1.194,43.9
12452,39023,39024,2.0,0.0,13.7
12453,39027,33530,2.0,0.0,14.7
12454,39041,32302,1.14,0.123,13.2
12455,39043,39044,24.125,2682.783,7.9
12456,39045,32718,12.238,1456.69,11.2
12457,39139,25410,2.0,0.0,10.2
12458,39153,39154,1.062,0.062,5.8
12459,39155,7688,2.0,0.0,13.1
12460,39155,39156,2.0,0.583,22.3
12461,39157,18026,3.333,0.667,15.9
12462,39157,40218,3.944,0.997,35.1
12463,39159,17176,1.778,0.944,13.1
12464,39161,24944,14.375,1400.839,12.1
12465,39165,39166,3.0,0.0,13.0
12466,39167,24984,2.0,0.0,9.2
12467,39173,35646,1.096,0.089,13.4
12468,39185,36450,1.886,0.398,19.6
12469,39191,13600,2.25,0.25,18.5
12470,39195,37028,1.159,0.137,8.2
12471,39199,30478,2.8,0.2,17.3
12472,39199,23050,2.75,0.25,29.9
12473,39201,2170,4.0,0.0,21.0
12474,39207,38038,4.333,0.333,27.1
12475,39211,5524,2.0,0.0,9.1
12476,39213,39214,2.0,0.333,14.3
12477,39213,25980,3.0,0.0,14.4
12478,39215,26586,2.143,0.143,14.6
12479,39217,35574,2.0,0.0,10.3
12480,39231,39232,1.321,0.3,13.9
12481,39233,39234,1.931,0.424,19.7
12482,39235,39236,1.429,0.402,13.3
12483,39237,39238,1.083,0.08,9.4
12484,39239,39240,1.593,0.712,12.9
12485,39241,39242,15.381,1973.148,8.0
12486,39243,31796,4.963,1.268,49.7
12487,39243,11502,4.333,2.333,30.2
12488,39245,35528,2.222,0.771,22.3
12489,39245,31064,1.862,0.123,22.1
12490,39249,4884,4.0,0.0,22.4
12491,39251,39252,3.111,0.111,14.1
12492,39253,39254,1.059,0.059,13.2
12493,39255,39256,1.526,0.374,13.4
12494,39257,39258,1.4,0.4,9.4
12495,39259,39260,1.471,0.515,13.3
12496,39261,39262,1.765,0.691,11.5
12497,39263,27608,3.5,0.5,29.6
12498,39263,37210,5.778,1.194,63.9
12499,39263,13916,16.8,566.2,5.8
12500,39265,20448,1.056,0.056,9.6
12501,39271,20444,6.615,47.766,19.7
12502,39277,28546,4.2,1.2,30.9
12503,39277,7948,5.5,12.5,17.0
12504,39281,39278,3.0,0.0,14.4
12505,39287,41522,3.923,1.754,34.1
12506,39289,25932,2.435,0.984,24.3
12507,39289,24546,9.0,0.0,4.6
12508,39295,39296,3.0,0.0,15.0
12509,39323,1620,3.5,0.5,17.5
12510,39327,39338,9.6,234.8,16.7
12511,39329,41940,2.0,0.0,7.8
12512,39329,39330,3.909,44.291,8.1
12513,39331,39340,3.333,1.095,22.1
12514,39333,39326,20.0,1083.0,6.7
12515,39335,39332,106.0,33075.0,7.0
12516,39339,38932,4.0,0.0,19.5
12517,39349,37178,3.5,0.5,22.9
12518,39359,39360,2.0,0.0,6.7
12519,39361,39362,20.0,1444.0,2.6
12520,39365,21984,2.0,0.0,10.2
12521,39367,21952,3.0,0.667,7.2
12522,39367,39358,2.5,0.5,9.8
12523,39369,17290,3.25,0.5,24.6
12524,39369,12294,9.0,0.0,33.2
12525,39369,38932,4.0,0.0,20.6
12526,39389,17338,2.0,0.0,4.7
12527,39401,39402,2.333,59.35,8.5
12528,39403,37694,20.304,1206.616,11.1
12529,39407,37224,1.062,0.062,2.5
12530,39415,16678,2.0,0.0,7.8
12531,39425,5980,2.0,0.0,14.6
12532,39453,40016,1.6,1.411,13.0
12533,39459,39460,1.444,0.497,7.2
12534,39461,39462,1.524,0.562,10.2
12535,39463,39470,1.038,0.038,4.7
12536,39469,26960,3.25,0.386,32.1
12537,39471,21330,2.462,0.258,23.7
12538,39473,1616,2.656,0.233,31.5
12539,39475,39476,2.0,3.0,8.2
12540,39477,21554,1.25,0.25,8.1
12541,39485,17394,2.0,0.0,4.7
12542,39499,25804,2.0,0.0,12.4
12543,39535,19764,8.0,0.0,27.8
12544,39549,17458,2.0,0.0,4.7
12545,39561,7888,11.0,98.0,9.0
12546,39575,33494,2.0,0.0,11.0
12547,39577,36198,2.0,0.0,4.6
12548,39581,17484,2.0,0.0,4.7
12549,39645,39646,3.0,0.0,13.3
12550,39647,39648,2.0,0.0,3.6
12551,39649,12300,2.0,0.0,9.2
12552,39653,33502,3.0,0.0,7.5
12553,39737,17640,3.0,0.0,14.4
12554,39779,39782,2.0,0.0,7.8
12555,39797,8540,3.0,0.0,12.6
12556,39839,39840,2.0,0.0,14.7
12557,39859,17750,2.0,0.0,4.7
12558,39913,17804,2.0,0.0,4.7
12559,39933,39574,2.0,0.0,7.5
12560,39933,17478,3.0,0.0,12.6
12561,39947,4532,4.0,0.0,14.2
12562,39957,39958,2.0,0.0,10.1
12563,39965,38094,2.0,0.0,10.3
12564,39971,39972,3.0,0.0,14.4
12565,39981,39982,2.0,0.0,9.3
12566,39983,31650,3.0,0.5,10.9
12567,39985,39986,1.429,0.286,7.8
12568,39997,33322,4.2,12.25,30.6
12569,40015,40010,1.25,0.25,9.3
12570,40017,36988,1.118,0.11,9.1
12571,40017,20278,3.25,3.583,7.7
12572,40029,32322,1.269,0.205,22.9
12573,40033,35428,1.182,0.156,9.5
12574,40039,40036,1.067,0.067,8.8
12575,40073,40074,3.0,0.4,14.6
12576,40075,40076,2.333,0.267,12.1
12577,40077,40078,3.2,0.2,14.4
12578,40079,40080,2.2,0.2,11.8
12579,40081,17926,2.0,0.0,4.7
12580,40105,34038,3.0,0.0,14.5
12581,40113,5334,3.0,0.0,17.9
12582,40123,40124,11.0,0.0,21.1
12583,40125,40126,2.5,0.5,5.0
12584,40127,40128,5.0,0.0,17.2
12585,40129,40202,2.0,0.0,7.2
12586,40129,18034,3.0,0.0,19.3
12587,40131,40124,5.0,0.0,10.8
12588,40135,40122,5.0,0.0,9.2
12589,40171,40172,1.067,0.067,9.4
12590,40173,40174,1.111,0.222,9.7
12591,40175,40176,1.111,0.105,13.2
12592,40177,40178,1.286,0.314,13.1
12593,40179,25892,3.0,0.0,19.6
12594,40179,25862,5.55,0.997,60.2
12595,40181,29930,1.25,0.25,6.6
12596,40181,32712,3.038,0.358,31.5
12597,40183,38542,2.273,0.218,19.2
12598,40185,40186,1.167,0.167,6.7
12599,40187,33652,159.125,33065.839,17.8
12600,40193,36088,5.125,0.125,28.7
12601,40201,17970,2.0,0.0,17.1
12602,40201,40202,1.25,0.25,13.0
12603,40203,40204,1.2,0.2,9.7
12604,40205,40206,1.6,0.3,10.5
12605,40213,40200,4.333,0.267,38.2
12606,40213,40198,5.0,0.0,31.3
12607,40215,20832,2.621,1.601,24.6
12608,40215,2894,2.0,0.0,6.4
12609,40217,25940,22.875,1556.517,24.5
12610,40219,33928,19.647,5445.868,18.1
12611,40221,38388,1.2,0.167,12.6
12612,40223,40438,1.182,0.164,8.1
12613,40223,40436,2.424,0.314,30.1
12614,40227,32794,2.0,0.0,16.4
12615,40227,18468,6.0,0.0,3.9
12616,40309,8860,3.0,0.0,12.6
12617,40321,33910,1.083,0.083,7.7
12618,40323,32154,2.0,0.0,9.6
12619,40331,40332,3.0,0.0,9.8
12620,40387,18214,2.0,0.0,4.7
12621,40407,18254,3.0,0.0,14.1
12622,40415,4002,3.0,0.0,14.2
12623,40419,11254,3.0,0.0,16.0
12624,40423,40424,2.0,0.0,12.9
12625,40425,18238,2.0,0.0,9.0
12626,40435,40442,4.2,1.2,42.0
12627,40435,40440,2.8,4.178,16.1
12628,40437,37632,1.59,0.301,18.0
12629,40439,16962,1.5,0.5,12.3
12630,40439,24130,1.6,0.455,17.9
12631,40441,40220,6.632,4.69,28.6
12632,40441,23802,3.857,1.476,36.4
12633,40445,14432,17.5,1089.0,8.6
12634,40457,32666,2.0,0.0,18.8
12635,40457,39250,2.0,0.25,22.0
12636,40459,21230,3.0,0.0,14.3
12637,40461,1382,2.0,0.0,9.1
12638,40483,18292,2.0,0.0,4.7
12639,40553,10548,2.0,0.0,13.7
12640,40623,40624,5.0,0.0,14.3
12641,40635,40636,4.25,3.583,13.5
12642,40635,21052,2.0,0.0,14.6
12643,40635,18444,1.333,0.333,4.7
12644,40637,18450,2.75,0.25,11.2
12645,40659,32794,2.0,0.0,16.9
12646,40669,40672,1.923,0.244,9.3
12647,40669,40680,2.167,0.515,25.8
12648,40671,40680,2.25,0.25,17.2
12649,40671,40684,3.1,0.1,26.1
12650,40673,19592,5.5,152.0,7.3
12651,40675,40676,2.188,22.563,11.8
12652,40677,40678,2.067,0.638,20.9
12653,40677,22574,3.5,0.5,19.4
12654,40679,20254,24.643,2369.632,5.4
12655,40683,18488,4.375,0.917,47.9
12656,40699,21448,4.0,0.0,19.9
12657,40701,18506,2.0,0.0,8.2
12658,40715,18518,2.0,0.0,4.7
12659,40737,18548,3.0,0.0,14.3
12660,40779,40780,4.0,0.0,15.6
12661,40781,18584,2.0,0.0,4.8
12662,40793,40794,3.025,66.64,14.2
12663,40795,40684,2.622,0.408,27.7
12664,40795,40672,12.0,97.0,13.6
12665,40797,21832,3.5,2.944,18.0
12666,40801,13474,2.0,0.0,12.7
12667,40803,40798,4.333,0.333,34.9
12668,40803,36840,2.333,0.333,9.8
12669,40841,34420,3.75,4.917,17.6
12670,40841,40842,2.4,0.711,25.4
12671,40843,23798,6.222,245.444,8.2
12672,40845,40846,1.846,0.141,25.4
12673,40851,18634,1.25,0.196,4.7
12674,40935,40936,4.0,0.0,14.4
12675,40977,5094,2.0,0.0,14.2
12676,40991,40992,4.0,0.0,14.7
12677,41005,18808,2.0,0.0,9.1
12678,41009,41004,3.0,0.0,14.2
12679,41025,41026,3.0,0.0,13.7
12680,41027,41028,3.0,0.0,13.8
12681,41029,41030,3.0,0.0,14.4
12682,41081,11898,2.0,0.0,12.8
12683,41091,18874,2.0,0.0,4.7
12684,41095,18878,2.0,0.0,4.7
12685,41101,41102,3.0,0.0,14.2
12686,41103,41104,4.0,0.0,15.4
12687,41105,41106,3.0,0.0,15.2
12688,41107,8476,2.0,0.0,11.1
12689,41111,18894,2.0,0.0,4.7
12690,41129,18912,2.0,0.0,4.7
12691,41159,25854,3.0,0.0,14.4
12692,41161,41162,3.0,0.0,14.4
12693,41163,18940,1.5,0.5,9.0
12694,41167,41158,3.5,0.5,14.7
12695,41181,18964,2.0,0.0,4.7
12696,41229,41230,1.5,0.5,10.2
12697,41231,41232,1.5,0.5,13.6
12698,41233,30216,1.2,0.2,5.2
12699,41233,41234,2.0,0.0,14.3
12700,41237,41238,1.5,0.333,11.2
12701,41239,41240,2.8,3.2,12.9
12702,41241,34420,5.0,0.0,37.6
12703,41241,40842,4.667,0.333,32.1
12704,41247,10764,2.0,0.0,10.1
12705,41251,41252,2.0,0.0,14.6
12706,41253,41254,2.0,0.0,14.5
12707,41257,41270,2.0,0.0,9.5
12708,41267,41268,1.333,0.267,9.8
12709,41269,38208,1.167,0.167,9.5
12710,41271,41262,1.333,0.333,7.1
12711,41273,26454,1.889,0.111,14.4
12712,41303,41304,2.0,0.0,10.4
12713,41305,16050,3.0,0.0,10.0
12714,41313,19110,3.0,0.0,15.1
12715,41321,41332,2.0,0.0,9.6
12716,41333,41334,2.0,0.0,9.0
12717,41335,19096,3.0,0.0,14.3
12718,41367,41368,1.188,0.296,10.7
12719,41369,41370,1.765,0.566,19.0
12720,41371,39340,2.133,0.695,22.0
12721,41381,41382,3.333,0.333,14.4
12722,41383,41384,3.667,0.333,15.2
12723,41385,24414,2.0,0.0,13.2
12724,41385,4120,8.0,167.429,19.8
12725,41397,41398,1.083,0.083,12.4
12726,41407,33364,2.0,0.0,21.1
12727,41409,41410,1.111,0.111,4.0
12728,41411,34058,11.438,322.929,16.3
12729,41411,4220,9.0,0.0,3.6
12730,41427,37722,2.0,0.0,14.4
12731,41469,41492,2.0,0.0,7.4
12732,41487,41468,2.0,0.0,8.6
12733,41493,9788,2.0,0.0,14.5
12734,41497,76,2.0,0.0,9.2
12735,41505,19264,2.0,0.0,4.7
12736,41507,41508,1.667,0.424,9.5
12737,41509,23738,9.385,308.756,11.8
12738,41525,41824,1.949,0.366,28.2
12739,41537,19230,3.0,0.0,14.4
12740,41545,19702,1.083,0.08,21.2
12741,41547,19764,3.0,0.0,9.8
12742,41555,19312,10.0,0.0,4.7
12743,41559,41560,3.0,0.0,13.9
12744,41561,41562,3.0,0.0,14.5
12745,41563,41564,3.0,0.0,14.4
12746,41567,41574,3.0,0.0,13.2
12747,41573,41554,3.0,0.0,14.2
12748,41575,19330,4.0,0.0,16.2
12749,41577,19334,3.0,0.0,4.7
12750,41587,38922,4.0,0.0,13.3
12751,41589,112,2.333,0.267,21.5
12752,41591,6862,3.0,0.0,10.2
12753,41611,12652,3.0,0.0,14.2
12754,41661,8982,2.0,0.0,9.0
12755,41671,28236,2.0,0.0,7.7
12756,41679,19426,2.0,0.0,4.7
12757,41689,162,1.333,0.267,8.8
12758,41699,41700,1.054,0.053,13.8
12759,41707,41708,1.079,0.075,12.5
12760,41709,41710,2.135,0.176,24.7
12761,41711,41712,2.0,0.111,22.5
12762,41713,41714,1.27,0.203,14.2
12763,41715,41696,2.081,0.41,13.6
12764,41717,41718,1.107,0.099,13.4
12765,41727,21844,2.0,0.0,14.3
12766,41747,550,3.0,0.0,10.7
12767,41751,29982,4.0,0.0,17.1
12768,41761,37242,7.0,0.0,29.6
12769,41765,11666,1.333,0.333,5.6
12770,41773,19508,2.0,0.0,4.7
12771,41785,17204,2.0,0.0,13.3
12772,41785,30478,3.0,0.0,32.2
12773,41803,876,2.0,0.0,13.6
12774,41805,24386,2.333,0.333,15.2
12775,41815,41806,2.0,0.0,11.8
12776,41827,41522,4.231,1.859,33.9
12777,41837,38896,2.0,0.0,11.5
12778,41841,19556,1.895,0.655,13.4
12779,41843,19554,1.692,1.064,13.7
12780,41847,19554,1.667,0.333,13.2
12781,41849,37466,3.222,0.444,18.7
12782,41851,12396,1.5,0.278,12.2
12783,41853,37674,4.667,2.397,44.6
12784,41857,4884,2.273,0.83,23.9
12785,41859,23838,2.818,0.564,29.3
12786,41863,9998,3.412,1.757,33.0
12787,41865,27788,1.333,0.333,5.2
12788,41865,41862,1.765,0.691,14.8
12789,41871,9998,8.5,0.5,7.2
12790,41873,41870,3.5,0.5,10.8
12791,41875,41876,1.333,0.231,16.0
12792,41877,41864,3.0,0.0,12.1
12793,41891,40438,3.923,1.077,35.6
12794,41893,37632,2.267,0.21,17.1
12795,41895,37700,2.5,1.0,19.0
12796,41897,5434,2.0,0.0,22.1
12797,41901,25864,1.5,0.333,14.1
12798,41903,31328,3.0,0.0,21.3
12799,41903,10464,2.0,0.0,13.9
12800,41903,35776,3.0,0.0,14.5
12801,41907,38998,1.538,0.436,10.5
12802,41909,38798,1.048,0.046,11.8
12803,41921,41922,2.0,0.0,9.4
12804,41929,2912,2.75,0.917,15.4
12805,41935,29926,1.833,0.167,17.9
12806,41937,27592,1.286,0.292,12.2
12807,41939,3878,2.0,0.0,11.8
12808,41939,25370,1.395,0.245,14.5
12809,41941,19144,2.0,0.0,20.6
12810,41943,11148,2.5,0.333,13.7
12811,41943,22634,2.6,0.8,18.1
12812,41949,32038,3.429,0.952,31.8
