,from_node,to_node,edge_tt,edge_var,distance
0,0,1,5.0,0.0,43.86
1,14,15,3.0,0.0,50.99
2,16,17,8.0,0.0,101.05
3,42,43,6.0,1.0,42.99
4,44,45,3.0,0.0,18.6
5,50,51,5.0,0.0,23.07
6,82,83,5.0,0.0,48.69
7,94,95,27.2,274.7,13.91
8,98,99,7.7,0.456,128.51
9,108,109,16.0,338.0,30.71
10,110,111,9.667,14.667,100.46
11,112,113,5.333,1.067,62.66
12,114,115,20.0,0.0,40.52
13,118,119,2.0,0.0,19.0
14,120,121,3.0,0.0,21.47
15,122,123,5.0,0.0,58.42
16,124,125,2.0,0.0,31.48
17,126,127,4.0,0.0,54.49
18,136,137,5.0,0.0,28.17
19,148,149,12.0,100.333,13.2
20,150,151,2.714,0.238,28.86
21,160,161,5.0,0.0,80.97
22,162,163,14.0,0.0,250.33
23,176,177,9.0,0.0,71.63
24,182,183,10.0,0.0,19.19
25,192,193,2.0,0.0,7.88
26,194,195,5.0,0.0,38.67
27,196,197,2.0,0.0,9.98
28,200,201,7.429,0.879,159.67
29,202,203,10.0,0.0,77.67
30,206,207,17.0,50.0,56.26
31,246,247,6.0,0.0,34.85
32,250,251,4.0,0.0,21.65
33,256,257,4.0,0.0,21.4
34,260,261,29.0,0.0,28.02
35,296,297,10.0,0.0,123.9
36,298,299,1.5,0.5,11.25
37,300,301,14.5,0.5,102.96
38,302,303,2.0,0.0,19.16
39,304,305,3.0,0.0,20.18
40,306,307,5.0,0.0,36.83
41,310,311,2.0,0.0,9.19
42,312,313,7.0,0.0,46.08
43,326,327,20.0,0.0,132.96
44,332,333,10.421,1.924,133.91
45,462,463,19.0,0.0,106.27
46,466,467,93.0,0.0,460.6
47,506,507,244.0,0.0,1088.11
48,566,567,4.0,0.0,40.12
49,568,569,12.0,0.0,111.17
50,570,571,22.0,7.0,95.94
51,592,593,7.0,0.444,157.69
52,628,629,6.667,0.333,85.11
53,630,631,1.909,0.091,10.81
54,638,639,138.429,287.619,689.29
55,644,645,22.0,0.0,114.83
56,648,649,40.5,40.5,180.04
57,656,657,26.0,0.0,102.28
58,658,659,22.5,24.5,105.41
59,660,661,3.667,0.267,17.58
60,664,665,10.0,0.0,50.36
61,666,667,6.7,0.678,110.74
62,674,675,5.0,0.0,21.77
63,688,689,15.0,0.0,68.83
64,726,727,60.0,39.0,252.87
65,728,729,18.167,7.767,85.98
66,738,739,6.97,0.718,99.76
67,740,741,2.031,0.225,25.29
68,742,743,25.312,260.093,39.07
69,748,749,14.286,2.681,186.97
70,750,751,4.929,0.687,62.58
71,812,813,6.0,0.0,28.88
72,816,817,7.0,0.0,34.94
73,860,861,7.0,0.0,34.94
74,870,871,9.0,1.0,67.04
75,872,873,3.0,0.0,22.1
76,874,875,1.5,0.5,9.37
77,876,877,9.0,0.0,69.18
78,878,879,5.0,0.0,67.59
79,880,881,3.737,0.538,47.81
80,890,891,7.0,0.0,48.33
81,894,895,6.0,0.0,46.02
82,1048,1049,1.25,0.25,17.09
83,1052,1053,2.5,0.333,35.82
84,1054,1055,2.5,0.286,29.69
85,1056,1057,8.125,54.411,22.2
86,1086,1087,17.0,0.0,72.83
87,1196,1197,19.0,0.0,134.96
88,1202,1203,24.0,0.0,108.53
89,1216,1217,3.8,0.314,50.47
90,1218,1219,17.467,110.41,29.15
91,1220,1221,2.333,0.238,31.44
92,1222,1223,4.933,0.352,65.62
93,1224,1225,3.133,0.41,39.29
94,1238,1239,54.5,12.5,83.74
95,1240,1241,85.0,0.0,162.24
96,1246,1247,16.0,0.0,31.59
97,1260,1261,9.0,0.0,48.11
98,1294,1295,7.0,0.0,33.71
99,1312,1313,3.0,0.0,11.86
100,1324,1325,5.0,0.0,15.98
101,1336,1337,4.0,0.0,21.33
102,1408,1409,4.0,0.0,13.65
103,1416,1417,4.5,0.5,32.93
104,1420,1421,13.0,2.0,96.84
105,1426,1427,43.0,0.0,217.33
106,1428,1429,16.467,2.981,216.65
107,1430,1431,11.733,1.352,139.44
108,1432,1433,5.667,0.381,70.26
109,1434,1435,4.533,0.552,61.02
110,1436,1437,4.789,0.62,61.49
111,1438,1439,3.947,0.275,51.93
112,1440,1441,3.579,0.368,45.48
113,1444,1445,1.211,0.175,16.04
114,1458,1459,17.667,4.333,39.29
115,1460,1461,25.0,98.0,66.63
116,1462,1463,119.0,0.0,262.11
117,1470,1471,4.0,0.0,28.5
118,1472,1473,12.333,186.333,18.08
119,1500,1501,6.3,0.233,154.58
120,1502,1503,2.1,0.1,50.04
121,1526,1527,2.5,0.5,25.81
122,1590,1591,4.0,0.0,43.15
123,1592,1593,6.0,0.0,87.25
124,1600,1601,4.0,0.0,54.16
125,1602,1603,8.083,0.629,104.49
126,1604,1605,5.0,18.0,7.84
127,1606,1607,8.2,1.7,96.18
128,1608,1609,7.4,1.3,90.09
129,1610,1611,6.0,0.5,76.59
130,1616,1617,6.636,0.455,89.18
131,1620,1621,2.0,0.0,21.93
132,1646,1647,2.0,0.0,18.51
133,1648,1649,9.0,0.0,145.56
134,1650,1651,7.0,2.0,81.08
135,1654,1655,9.0,3.0,39.52
136,1668,1669,5.0,0.0,34.72
137,1670,1671,7.0,0.0,50.69
138,1694,1695,2.4,0.267,54.28
139,1702,1703,18.0,0.0,72.84
140,1704,1705,18.571,275.286,16.48
141,1706,1707,1.571,0.286,14.72
142,1788,1789,4.0,0.0,23.46
143,1828,1829,12.0,0.0,26.07
144,1830,1831,22.0,0.0,50.69
145,1834,1835,12.0,0.0,83.29
146,1836,1837,6.0,0.0,38.07
147,1866,1867,5.0,0.0,35.11
148,1874,1875,3.0,0.0,23.78
149,1876,1877,3.0,0.0,20.3
150,1878,1879,3.0,0.0,19.66
151,1880,1881,4.0,0.0,26.13
152,1882,1883,2.0,0.0,15.0
153,1896,1897,13.0,0.0,26.63
154,1898,1899,7.0,0.0,16.01
155,1920,1921,8.0,0.0,80.37
156,1922,1923,5.0,0.0,67.0
157,1938,1939,7.75,0.25,102.05
158,1940,1941,10.571,2.286,131.49
159,1942,1943,3.75,0.786,43.62
160,1944,1945,1.625,0.268,20.15
161,1968,1969,3.5,0.5,18.09
162,1972,1973,1.5,0.5,5.55
163,1978,1979,2.5,0.5,13.7
164,1980,1981,25.5,24.5,132.5
165,1982,1983,1.5,0.5,5.93
166,1988,1989,3.0,0.0,15.48
167,2010,2011,7.5,0.7,95.45
168,2012,2013,10.5,3.1,138.42
169,2016,2017,9.0,0.0,97.1
170,2018,2019,3.0,0.0,45.29
171,2020,2021,2.0,0.0,18.69
172,2022,2023,5.0,0.0,71.13
173,2024,2025,2.0,0.0,23.9
174,2060,2061,2.0,0.0,9.38
175,2086,2087,9.8,60.2,27.41
176,2088,2089,2.2,0.2,28.15
177,2090,2091,3.2,0.2,40.76
178,2092,2093,2.4,0.3,33.11
179,2100,2101,2.0,0.0,11.54
180,2104,2105,4.5,0.5,16.2
181,2120,2121,7.0,0.0,31.18
182,2122,2123,2.0,0.0,11.92
183,2126,2127,9.5,0.5,70.98
184,2130,2131,2.5,0.5,15.04
185,2146,2147,22.0,0.0,288.54
186,2148,2149,3.6,0.3,46.21
187,2150,2151,21.5,317.9,92.59
188,2158,2159,1.5,0.333,21.71
189,2162,2163,2.75,0.25,31.1
190,2164,2165,2.4,0.3,27.68
191,2168,2169,2.4,0.3,29.55
192,2170,2171,4.8,0.2,65.18
193,2172,2173,1.4,0.3,21.11
194,2174,2175,1.8,0.2,22.19
195,2178,2179,6.0,0.0,76.27
196,2180,2181,5.0,0.0,81.11
197,2182,2183,5.0,0.0,74.04
198,2184,2185,9.0,0.0,145.3
199,2188,2189,4.0,0.0,53.01
200,2190,2191,3.952,0.248,48.33
201,2192,2193,11.955,104.236,19.48
202,2194,2195,9.35,58.766,10.69
203,2196,2197,4.286,1.014,50.72
204,2198,2199,5.0,0.0,24.48
205,2200,2201,76.0,0.0,407.94
206,2202,2203,2.4,0.3,26.36
207,2204,2205,10.5,1.0,116.77
208,2206,2207,3.0,0.0,40.25
209,2208,2209,4.0,0.0,48.29
210,2218,2219,6.0,0.667,68.34
211,2220,2221,3.75,0.25,43.48
212,2222,2223,4.5,0.333,46.99
213,2224,2225,6.25,0.25,68.07
214,2226,2227,2.667,0.333,27.2
215,2228,2229,9.667,1.333,101.41
216,2230,2231,2.0,0.0,31.24
217,2274,2275,18.0,0.0,46.82
218,2276,2277,5.0,0.0,36.92
219,2326,2327,6.286,0.571,106.64
220,2366,2367,4.75,0.214,41.32
221,2368,2369,5.625,0.554,71.95
222,2370,2371,6.875,0.982,91.9
223,2372,2373,12.125,2.125,159.06
224,2374,2375,4.75,0.5,61.75
225,2376,2377,3.75,0.214,51.09
226,2378,2379,10.125,0.982,133.02
227,2380,2381,15.5,3.143,209.65
228,2382,2383,2.0,0.0,30.62
229,2384,2385,27.0,0.0,166.04
230,2386,2387,13.0,0.0,84.93
231,2388,2389,28.0,0.0,177.71
232,2390,2391,14.0,0.0,84.61
233,2392,2393,6.5,0.3,101.2
234,2394,2395,2.333,0.267,36.53
235,2396,2397,18.385,4.09,270.15
236,2436,2437,4.0,0.0,19.87
237,2438,2439,4.0,0.0,21.52
238,2440,2441,6.0,0.0,35.04
239,2466,2467,17.0,0.0,197.5
240,2468,2469,2.0,0.0,27.78
241,2470,2471,22.0,0.0,270.5
242,2472,2473,2.0,0.0,26.27
243,2478,2479,4.0,0.0,21.09
244,2496,2497,7.0,0.0,60.69
245,2498,2499,7.0,0.0,59.32
246,2500,2501,4.308,0.397,33.17
247,2508,2509,2.0,0.0,9.83
248,2554,2555,6.0,0.0,27.23
249,2558,2559,2.6,0.3,36.94
250,2560,2561,5.4,0.8,74.12
251,2598,2599,4.0,0.0,43.87
252,2618,2619,10.0,0.0,47.63
253,2620,2621,6.0,0.0,30.74
254,2656,2657,17.0,0.0,62.2
255,2664,2665,3.0,0.0,35.7
256,2666,2667,9.333,0.333,114.09
257,2676,2677,19.0,0.0,133.12
258,2678,2679,7.0,0.0,43.36
259,2694,2695,3.0,0.0,23.79
260,2700,2701,13.0,0.0,104.24
261,2728,2729,5.0,0.0,23.57
262,2752,2753,7.0,0.0,52.44
263,2754,2755,3.0,0.0,25.64
264,2762,2763,17.0,0.667,82.0
265,2770,2771,8.0,0.0,35.27
266,2778,2779,12.0,0.0,101.23
267,2818,2819,6.0,0.0,53.52
268,2820,2821,4.0,0.0,36.9
269,2826,2827,3.5,0.3,39.6
270,2828,2829,16.833,5.767,207.1
271,2830,2831,5.333,1.067,65.61
272,2844,2845,10.0,3.0,193.83
273,2848,2849,21.643,3.324,337.38
274,2850,2851,7.091,0.691,113.8
275,2852,2853,9.182,1.564,149.02
276,2854,2855,7.545,0.673,125.42
277,2856,2857,1.909,0.091,27.18
278,2858,2859,6.182,0.364,91.37
279,2902,2903,146.0,0.0,536.13
280,2904,2905,3.0,0.0,41.92
281,2906,2907,6.25,0.917,58.86
282,2908,2909,2.0,0.0,26.99
283,2920,2921,2.0,0.0,22.85
284,2926,2927,10.0,0.0,136.32
285,2928,2929,14.0,0.0,183.53
286,2930,2931,6.0,0.0,84.5
287,2932,2933,9.0,0.0,111.23
288,2934,2935,20.667,231.867,45.7
289,2936,2937,7.0,0.0,47.48
290,2956,2957,24.0,0.0,123.52
291,2958,2959,9.667,1.067,128.76
292,2960,2961,9.667,10.267,70.55
293,2962,2963,2.333,0.267,21.81
294,2964,2965,6.0,0.0,69.78
295,2976,2977,3.0,0.0,10.78
296,2978,2979,4.0,0.0,19.55
297,2988,2989,2.571,0.286,36.08
298,2990,2991,1.857,0.476,25.22
299,2992,2993,1.714,0.571,25.16
300,2994,2995,7.0,0.333,95.43
301,3070,3071,9.0,0.0,39.22
302,3072,3073,18.0,0.0,78.94
303,3156,3157,6.0,0.0,27.44
304,3158,3159,10.0,0.0,39.41
305,3180,3181,12.0,0.0,53.02
306,3182,3183,5.0,0.0,21.76
307,3298,3299,4.0,0.0,19.48
308,3334,3335,12.0,0.0,61.4
309,3336,3337,116.0,0.0,616.24
310,3344,3345,2.0,0.0,23.34
311,3354,3355,1.19,0.162,14.2
312,3362,3363,6.0,0.0,29.98
313,3364,3365,5.0,0.0,29.78
314,3366,3367,7.3,0.9,90.4
315,3368,3369,29.0,9.0,340.74
316,3396,3397,2.0,0.667,14.72
317,3398,3399,3.0,0.0,15.42
318,3402,3403,2.0,0.0,29.93
319,3420,3421,5.0,0.0,30.98
320,3422,3423,7.5,0.5,55.5
321,3424,3425,7.0,0.0,46.42
322,3430,3431,19.0,0.0,130.23
323,3434,3435,3.0,0.0,22.33
324,3436,3437,2.5,0.5,16.74
325,3448,3449,15.5,0.5,134.51
326,3450,3451,4.0,0.0,32.8
327,3452,3453,9.0,0.0,71.32
328,3454,3455,4.0,0.0,29.73
329,3480,3481,7.0,0.0,42.71
330,3482,3483,3.0,0.0,15.58
331,3488,3489,55.0,0.0,116.64
332,3490,3491,253.0,0.0,526.52
333,3508,3509,33.667,17.0,159.58
334,3510,3511,64.0,0.0,776.65
335,3642,3643,2.0,0.0,7.15
336,3656,3657,3.0,0.0,14.9
337,3658,3659,13.0,0.0,70.85
338,3660,3661,11.0,0.0,57.85
339,3680,3681,3.0,0.0,14.94
340,3684,3685,3.0,0.0,11.5
341,3686,3687,4.0,0.0,20.63
342,3700,3701,9.0,0.0,46.3
343,3702,3703,11.0,0.0,58.48
344,3718,3719,2.0,0.0,6.58
345,3724,3725,5.0,2.0,57.35
346,3726,3727,6.0,0.0,95.12
347,3728,3729,3.0,0.0,47.19
348,3730,3731,12.0,0.0,176.13
349,3732,3733,2.0,0.0,17.38
350,3734,3735,4.0,0.0,39.77
351,3748,3749,9.0,0.0,44.48
352,3750,3751,13.0,0.0,64.23
353,3752,3753,19.0,0.0,91.25
354,3756,3757,7.0,0.0,37.02
355,3764,3765,2.0,0.0,11.09
356,3784,3785,15.0,0.0,91.34
357,3804,3805,12.0,0.0,73.69
358,3848,3849,4.0,0.0,21.63
359,3858,3859,16.0,0.0,66.25
360,3860,3861,8.0,0.0,37.37
361,3892,3893,17.0,8.0,117.53
362,3898,3899,40.0,0.0,224.49
363,3918,3919,5.0,0.0,61.49
364,3924,3925,3.333,0.333,39.96
365,3948,3949,30.0,0.0,156.42
366,3966,3967,3.0,0.0,13.61
367,4078,4079,7.0,0.0,44.29
368,4104,4105,5.0,0.0,40.09
369,4116,4117,19.0,648.0,2.2
370,4118,4119,4.333,0.333,34.63
371,4122,4123,1.5,0.5,14.68
372,4124,4125,5.0,0.0,46.05
373,4126,4127,4.0,0.0,35.98
374,4128,4129,28.5,40.5,309.1
375,4130,4131,2.0,0.0,24.34
376,4136,4137,4.0,0.0,56.55
377,4138,4139,2.0,0.0,21.03
378,4140,4141,12.0,0.0,202.41
379,4142,4143,2.0,0.0,23.66
380,4144,4145,3.5,0.5,56.63
381,4146,4147,2.0,0.0,31.83
382,4148,4149,1.5,0.5,16.77
383,4152,4153,2.5,0.5,30.85
384,4154,4155,1.5,0.5,21.06
385,4156,4157,2.0,0.0,22.92
386,4158,4159,19.667,522.333,57.09
387,4160,4161,6.333,0.333,80.15
388,4162,4163,2.0,0.0,24.33
389,4164,4165,2.0,0.0,27.56
390,4166,4167,1.333,0.333,22.5
391,4168,4169,4.0,0.0,45.62
392,4170,4171,9.5,0.5,120.47
393,4172,4173,13.0,2.0,166.06
394,4174,4175,10.5,0.5,124.87
395,4206,4207,3.0,0.0,18.49
396,4208,4209,14.714,210.238,0.19
397,4216,4217,11.0,128.0,37.52
398,4222,4223,5.0,0.0,27.86
399,4236,4237,40.0,0.0,192.4
400,4238,4239,15.933,3.638,116.16
401,4240,4241,2.357,0.247,17.11
402,4246,4247,13.5,12.5,16.07
403,4248,4249,11.389,1.428,181.31
404,4260,4261,24.0,0.0,123.49
405,4284,4285,7.0,0.0,34.12
406,4302,4303,7.0,0.0,34.38
407,4332,4333,7.0,0.0,34.32
408,4338,4339,3.0,0.0,19.18
409,4340,4341,5.0,0.0,33.55
410,4354,4355,5.5,0.5,40.88
411,4364,4365,5.0,0.0,30.69
412,4374,4375,4.0,0.0,17.89
413,4402,4403,23.714,2.905,401.9
414,4424,4425,4.0,2.0,20.53
415,4442,4443,10.0,0.0,43.4
416,4466,4467,3.0,0.0,18.28
417,4486,4487,7.0,0.0,38.64
418,4488,4489,4.0,0.0,21.98
419,4490,4491,10.944,1.467,164.0
420,4492,4493,3.667,0.235,56.29
421,4496,4497,1.909,0.091,27.91
422,4498,4499,11.0,1.75,176.68
423,4590,4591,3.0,0.0,12.27
424,4656,4657,7.0,0.0,26.42
425,4666,4667,6.0,0.0,34.49
426,4674,4675,2.0,0.0,9.12
427,4692,4693,4.0,0.0,44.38
428,4730,4731,2.0,0.0,13.33
429,4732,4733,7.0,0.0,113.26
430,4734,4735,2.0,0.0,30.35
431,4830,4831,14.0,0.0,75.13
432,4832,4833,14.0,0.0,77.66
433,4850,4851,6.333,1.333,51.11
434,4852,4853,2.0,0.0,18.42
435,4884,4885,3.2,0.168,39.58
436,4898,4899,13.0,0.0,68.65
437,4922,4923,1.385,0.256,20.25
438,4924,4925,2.846,0.308,41.15
439,4926,4927,9.688,47.429,50.64
440,4928,4929,3.765,0.566,46.31
441,4950,4951,3.0,0.0,30.22
442,4952,4953,4.0,0.0,42.23
443,4954,4955,3.0,0.0,29.7
444,4956,4957,3.0,0.0,30.4
445,4958,4959,3.0,0.0,42.8
446,4960,4961,2.0,0.0,34.99
447,4962,4963,2.0,0.0,29.02
448,4966,4967,3.0,0.0,36.32
449,4968,4969,3.0,0.0,29.06
450,4970,4971,3.0,0.0,29.15
451,4972,4973,9.833,0.967,109.22
452,4974,4975,9.0,0.857,118.08
453,4976,4977,5.462,0.936,75.28
454,4978,4979,19.923,277.41,48.94
455,4982,4983,7.385,0.59,102.36
456,4986,4987,8.154,1.308,110.7
457,4988,4989,1.692,0.231,22.17
458,4990,4991,1.923,0.077,28.54
459,4992,4993,4.077,0.244,54.97
460,4994,4995,3.154,0.474,38.46
461,4996,4997,3.125,9.839,4.34
462,4998,4999,14.571,3.286,191.25
463,5000,5001,3.429,0.286,44.76
464,5006,5007,23.375,207.982,114.62
465,5008,5009,2.429,0.286,37.34
466,5010,5011,5.625,0.268,73.56
467,5014,5015,4.625,0.268,59.09
468,5016,5017,5.0,0.0,56.57
469,5018,5019,3.0,0.0,46.42
470,5020,5021,16.0,0.0,151.94
471,5022,5023,12.765,54.691,8.8
472,5024,5025,5.238,1.09,62.51
473,5026,5027,12.333,27.647,36.02
474,5032,5033,4.0,0.0,32.77
475,5036,5037,3.0,0.0,31.06
476,5046,5047,3.0,0.0,39.55
477,5048,5049,6.0,0.0,81.96
478,5050,5051,1.5,0.5,24.14
479,5054,5055,1.733,0.202,19.98
480,5056,5057,18.0,0.0,143.73
481,5058,5059,2.0,0.0,14.5
482,5060,5061,8.0,0.667,64.91
483,5062,5063,2.0,0.0,16.16
484,5066,5067,10.667,0.333,90.85
485,5068,5069,9.0,0.667,75.75
486,5070,5071,15.75,0.917,130.58
487,5072,5073,8.0,0.0,63.11
488,5074,5075,11.333,0.333,92.01
489,5076,5077,5.667,0.333,48.03
490,5078,5079,8.75,0.25,71.56
491,5082,5083,12.0,0.0,159.3
492,5084,5085,21.5,0.5,296.96
493,5102,5103,2.5,0.5,25.26
494,5104,5105,3.5,0.5,43.43
495,5106,5107,5.0,0.0,51.51
496,5108,5109,2.0,0.0,27.21
497,5110,5111,3.25,0.25,49.79
498,5112,5113,4.25,0.25,58.6
499,5114,5115,5.0,0.0,67.44
500,5120,5121,4.0,0.0,24.01
501,5136,5137,3.875,15.317,22.53
502,5138,5139,2.062,0.062,26.68
503,5140,5141,2.75,0.333,39.57
504,5142,5143,3.333,0.333,43.06
505,5148,5149,1.667,0.267,17.22
506,5150,5151,2.167,0.567,21.29
507,5152,5153,1.5,0.3,17.11
508,5154,5155,4.5,1.1,54.65
509,5156,5157,3.333,1.067,43.57
510,5162,5163,5.0,0.0,56.78
511,5164,5165,7.0,0.0,86.1
512,5166,5167,4.0,0.0,49.56
513,5168,5169,4.0,0.0,51.18
514,5170,5171,4.5,0.5,64.21
515,5174,5175,4.0,0.0,54.28
516,5176,5177,1.5,0.333,19.67
517,5178,5179,2.25,0.25,30.13
518,5182,5183,1.5,0.333,12.13
519,5202,5203,12.0,2.0,166.06
520,5206,5207,4.667,0.333,61.87
521,5208,5209,5.0,2.0,69.72
522,5210,5211,4.5,0.5,62.06
523,5214,5215,24.133,316.981,49.54
524,5218,5219,14.75,80.333,57.03
525,5222,5223,9.0,0.0,61.81
526,5236,5237,1.5,0.5,7.66
527,5238,5239,2.5,0.5,22.05
528,5240,5241,2.5,0.5,20.87
529,5266,5267,5.0,0.0,32.35
530,5268,5269,3.5,0.5,22.02
531,5270,5271,4.0,0.0,30.85
532,5272,5273,18.0,0.0,135.46
533,5324,5325,3.5,0.5,44.63
534,5326,5327,4.0,0.0,46.02
535,5328,5329,1.5,0.5,19.87
536,5330,5331,3.5,0.5,36.0
537,5332,5333,12.0,2.0,148.64
538,5334,5335,3.0,0.0,39.22
539,5338,5339,2.0,0.0,21.21
540,5340,5341,1.5,0.5,18.59
541,5342,5343,2.0,0.0,23.94
542,5344,5345,2.0,0.0,22.69
543,5354,5355,3.0,0.0,29.79
544,5356,5357,4.5,0.5,62.66
545,5358,5359,2.0,0.0,35.58
546,5360,5361,3.0,0.0,37.96
547,5362,5363,7.5,0.5,92.9
548,5364,5365,2.0,0.0,19.28
549,5366,5367,8.25,0.917,104.46
550,5368,5369,7.0,0.0,83.14
551,5370,5371,4.333,0.333,55.37
552,5382,5383,2.667,0.333,38.78
553,5386,5387,3.333,0.333,39.99
554,5388,5389,6.0,1.0,78.51
555,5390,5391,1.667,0.333,20.8
556,5392,5393,5.333,0.333,67.84
557,5394,5395,2.667,0.333,37.74
558,5396,5397,4.0,0.0,27.61
559,5414,5415,14.0,3.176,181.08
560,5416,5417,9.222,49.477,65.03
561,5418,5419,6.55,29.945,42.54
562,5420,5421,3.95,0.366,50.97
563,5426,5427,2.95,0.261,39.16
564,5428,5429,22.143,24.129,253.18
565,5430,5431,4.19,11.162,21.05
566,5432,5433,7.762,0.99,91.29
567,5434,5435,1.619,0.248,17.12
568,5438,5439,1.95,0.155,24.66
569,5440,5441,4.6,0.253,61.57
570,5442,5443,5.95,16.366,36.76
571,5444,5445,1.5,0.333,19.63
572,5446,5447,1.5,0.333,19.16
573,5448,5449,12.0,4.667,142.6
574,5450,5451,8.5,1.9,98.35
575,5452,5453,4.2,1.2,51.47
576,5454,5455,8.8,2.2,107.02
577,5456,5457,8.75,1.583,100.67
578,5460,5461,11.25,2.917,134.1
579,5462,5463,6.5,1.667,76.11
580,5468,5469,5.75,1.583,62.86
581,5470,5471,2.25,0.25,29.0
582,5472,5473,27.0,116.667,36.8
583,5474,5475,5.8,0.4,97.96
584,5496,5497,5.0,0.0,38.4
585,5514,5515,32.0,0.0,258.57
586,5538,5539,7.0,0.0,72.93
587,5540,5541,6.0,0.0,62.58
588,5542,5543,3.0,0.0,34.47
589,5546,5547,7.0,0.0,77.6
590,5554,5555,3.4,0.3,42.7
591,5568,5569,15.0,0.0,76.09
592,5610,5611,13.273,3.618,204.76
593,5612,5613,1.714,0.238,24.23
594,5614,5615,2.857,0.143,41.17
595,5616,5617,11.714,1.238,162.93
596,5618,5619,9.0,0.667,125.19
597,5620,5621,3.125,0.411,49.32
598,5624,5625,1.143,0.143,15.33
599,5626,5627,2.429,0.286,27.03
600,5634,5635,3.0,0.0,11.44
601,5636,5637,1.667,0.333,7.81
602,5638,5639,10.333,1.333,82.3
603,5640,5641,7.667,0.333,59.53
604,5642,5643,9.0,1.0,73.89
605,5644,5645,4.333,0.333,34.99
606,5646,5647,2.5,0.5,18.22
607,5678,5679,13.0,0.0,143.46
608,5728,5729,2.0,0.0,22.11
609,5814,5815,8.0,0.0,50.52
610,5830,5831,4.0,0.0,34.57
611,5832,5833,8.0,0.0,60.86
612,5838,5839,5.0,0.0,62.46
613,5840,5841,7.0,0.0,83.0
614,5846,5847,8.0,0.0,80.82
615,5848,5849,19.833,1.767,230.66
616,5850,5851,9.2,1.7,113.63
617,5852,5853,1.6,0.3,18.59
618,5854,5855,19.667,4.333,229.87
619,5856,5857,14.0,2.0,161.82
620,5860,5861,7.0,0.0,118.52
621,5862,5863,5.25,0.917,82.74
622,5864,5865,5.75,0.917,92.9
623,5866,5867,2.0,0.308,21.46
624,5872,5873,1.5,0.333,14.42
625,5886,5887,1.667,0.333,7.42
626,5894,5895,3.273,0.418,37.53
627,5896,5897,1.167,0.167,16.37
628,5898,5899,11.833,2.967,149.55
629,5900,5901,5.167,0.967,66.86
630,5902,5903,8.5,2.3,106.25
631,5904,5905,8.0,1.6,96.73
632,5906,5907,4.5,0.3,54.41
633,5908,5909,2.667,1.067,39.2
634,5910,5911,1.8,0.2,22.07
635,5912,5913,3.6,0.3,37.6
636,5952,5953,6.0,2.0,40.37
637,5954,5955,4.5,0.5,26.39
638,5956,5957,3.5,0.5,19.11
639,5958,5959,9.0,2.0,59.21
640,5960,5961,5.0,2.0,36.73
641,5966,5967,8.0,2.0,51.55
642,5974,5975,16.0,0.0,79.7
643,5978,5979,28.25,14.067,203.67
644,5980,5981,7.5,1.067,54.3
645,5982,5983,7.0,0.0,44.16
646,5984,5985,16.0,0.0,99.09
647,5986,5987,17.667,6.095,132.67
648,5992,5993,3.0,0.0,15.09
649,5996,5997,8.0,0.0,57.06
650,6034,6035,5.0,0.0,25.51
651,6042,6043,4.667,0.333,21.72
652,6052,6053,25.0,0.0,116.88
653,6074,6075,6.333,0.667,79.22
654,6076,6077,3.875,0.517,51.29
655,6078,6079,8.188,1.896,104.74
656,6098,6099,7.0,0.0,34.54
657,6102,6103,4.0,0.0,18.02
658,6108,6109,21.0,0.0,172.95
659,6166,6167,8.0,0.0,54.36
660,6168,6169,11.0,0.0,75.69
661,6170,6171,22.0,0.0,168.19
662,6198,6199,16.0,8.0,88.31
663,6230,6231,11.0,0.0,28.51
664,6232,6233,2.0,0.0,9.16
665,6236,6237,2.0,0.0,6.02
666,6262,6263,9.0,0.0,40.4
667,6292,6293,14.0,0.0,60.03
668,6322,6323,13.0,0.0,65.89
669,6326,6327,41.0,0.0,100.39
670,6332,6333,5.0,0.0,52.72
671,6334,6335,5.0,0.0,56.69
672,6374,6375,8.0,0.0,37.52
673,6398,6399,35.0,0.0,193.14
674,6406,6407,3.0,0.0,13.41
675,6408,6409,17.0,0.0,94.9
676,6444,6445,5.4,3.8,28.93
677,6446,6447,7.5,0.5,169.38
678,6452,6453,9.0,0.0,39.16
679,6462,6463,11.0,0.0,55.25
680,6470,6471,36.429,560.286,50.2
681,6472,6473,9.286,0.238,128.96
682,6474,6475,3.333,0.333,26.06
683,6476,6477,5.0,0.0,67.63
684,6478,6479,5.0,0.0,72.38
685,6480,6481,8.0,1.0,109.15
686,6482,6483,4.667,0.333,62.1
687,6484,6485,9.0,0.0,119.78
688,6486,6487,7.0,0.0,50.1
689,6488,6489,6.5,0.5,51.71
690,6490,6491,21.0,0.0,176.62
691,6494,6495,9.0,0.0,67.52
692,6498,6499,15.0,0.0,119.74
693,6500,6501,5.0,0.0,37.66
694,6502,6503,2.75,0.25,15.37
695,6504,6505,7.5,0.5,55.48
696,6506,6507,9.5,0.5,80.22
697,6512,6513,8.333,1.333,56.42
698,6514,6515,12.333,8.333,83.88
699,6524,6525,23.0,0.0,183.09
700,6528,6529,5.0,0.0,32.16
701,6532,6533,29.0,0.0,178.42
702,6534,6535,7.571,0.619,80.66
703,6536,6537,3.0,0.0,43.66
704,6538,6539,3.0,0.0,32.21
705,6540,6541,9.0,0.0,102.22
706,6542,6543,2.0,0.0,23.43
707,6544,6545,7.2,0.7,98.9
708,6546,6547,6.6,0.3,83.22
709,6550,6551,4.5,0.333,37.16
710,6552,6553,5.5,0.5,79.27
711,6554,6555,4.0,0.0,49.22
712,6556,6557,12.0,0.0,148.7
713,6558,6559,9.5,0.5,107.73
714,6628,6629,26.0,0.0,116.25
715,6642,6643,7.0,1.333,44.96
716,6644,6645,19.0,0.0,120.93
717,6666,6667,21.0,0.0,165.11
718,6690,6691,13.8,3.067,230.96
719,6692,6693,28.0,0.0,134.86
720,6694,6695,34.0,0.0,158.99
721,6706,6707,57.0,0.0,281.15
722,6710,6711,24.0,0.0,116.13
723,6738,6739,13.0,2.0,62.62
724,6740,6741,70.5,24.5,332.06
725,6742,6743,30.5,4.5,145.54
726,6750,6751,34.0,0.0,167.77
727,6774,6775,48.5,12.5,236.2
728,6776,6777,27.5,4.5,132.58
729,6786,6787,23.5,180.5,103.54
730,6788,6789,4.5,0.5,27.66
731,6790,6791,17.5,0.5,135.6
732,6826,6827,8.0,0.0,49.33
733,6862,6863,9.0,0.0,30.05
734,6926,6927,7.0,0.0,38.27
735,6934,6935,5.0,0.0,22.94
736,6936,6937,8.0,0.0,39.93
737,7018,7019,3.167,0.167,64.02
738,7020,7021,9.5,1.9,198.42
739,7022,7023,4.0,3.0,45.68
740,7054,7055,20.0,0.0,267.96
741,7066,7067,6.0,0.0,69.41
742,7068,7069,15.5,264.5,30.28
743,7072,7073,5.0,0.0,70.46
744,7074,7075,2.5,0.5,37.03
745,7076,7077,4.0,0.0,51.57
746,7078,7079,4.5,0.5,56.7
747,7080,7081,9.0,0.0,120.36
748,7082,7083,2.0,0.0,16.17
749,7092,7093,10.0,0.0,81.81
750,7096,7097,12.0,0.0,90.81
751,7116,7117,15.0,0.0,98.67
752,7122,7123,9.5,0.333,69.31
753,7142,7143,3.5,0.3,29.47
754,7144,7145,3.333,0.667,40.13
755,7146,7147,1.333,0.333,13.7
756,7158,7159,4.5,0.3,55.59
757,7160,7161,5.0,0.0,62.5
758,7162,7163,1.25,0.25,17.36
759,7184,7185,2.611,0.487,34.73
760,7186,7187,1.737,0.316,21.23
761,7188,7189,1.632,0.246,18.53
762,7190,7191,1.421,0.257,14.85
763,7192,7193,6.0,10.111,37.49
764,7196,7197,1.632,0.246,19.55
765,7198,7199,2.368,0.246,30.58
766,7202,7203,2.667,0.233,29.92
767,7204,7205,18.1,156.767,45.16
768,7208,7209,1.267,0.21,17.75
769,7214,7215,2.133,0.124,24.15
770,7216,7217,2.333,0.238,26.57
771,7218,7219,5.333,1.952,68.0
772,7220,7221,4.692,0.564,58.32
773,7222,7223,3.154,0.141,34.74
774,7224,7225,2.583,8.629,13.08
775,7230,7231,1.25,0.205,15.78
776,7232,7233,4.5,0.273,56.27
777,7234,7235,7.5,1.545,92.47
778,7236,7237,1.875,0.117,20.81
779,7238,7239,4.667,0.424,56.11
780,7240,7241,1.5,0.278,13.68
781,7242,7243,5.333,0.424,63.31
782,7244,7245,5.667,0.788,70.42
783,7246,7247,2.222,0.194,27.08
784,7248,7249,3.105,0.099,41.48
785,7250,7251,6.053,0.386,77.18
786,7252,7253,5.895,0.766,75.36
787,7254,7255,5.944,0.408,74.68
788,7256,7257,9.227,53.422,32.97
789,7260,7261,2.364,0.433,29.02
790,7262,7263,1.864,0.123,22.89
791,7264,7265,6.0,0.0,52.63
792,7270,7271,2.0,0.0,12.11
793,7308,7309,18.0,0.0,49.73
794,7310,7311,5.0,0.0,32.6
795,7312,7313,2.0,0.0,16.79
796,7314,7315,2.0,0.0,19.68
797,7316,7317,4.0,0.0,30.74
798,7318,7319,2.0,0.0,14.02
799,7320,7321,4.0,0.0,26.36
800,7324,7325,2.0,0.0,22.83
801,7326,7327,3.0,0.0,25.51
802,7328,7329,4.0,0.0,30.89
803,7330,7331,5.0,0.0,41.82
804,7332,7333,6.0,0.0,49.84
805,7334,7335,3.0,0.0,23.6
806,7350,7351,12.0,0.0,93.62
807,7352,7353,2.0,0.0,11.96
808,7354,7355,5.0,0.0,30.81
809,7356,7357,9.0,0.0,60.3
810,7358,7359,8.0,0.0,52.28
811,7360,7361,3.0,0.0,18.5
812,7362,7363,3.0,0.0,23.42
813,7366,7367,2.0,0.0,6.09
814,7368,7369,5.0,0.0,29.78
815,7372,7373,8.0,0.0,53.61
816,7374,7375,9.5,0.5,66.52
817,7376,7377,7.0,0.0,53.48
818,7378,7379,5.0,0.0,27.36
819,7380,7381,8.0,0.0,57.51
820,7384,7385,2.0,0.0,13.31
821,7390,7391,2.75,0.25,34.28
822,7392,7393,11.75,0.25,151.97
823,7394,7395,2.0,0.0,28.75
824,7396,7397,1.2,0.2,20.16
825,7398,7399,3.8,0.2,46.34
826,7402,7403,2.5,0.3,32.61
827,7426,7427,13.0,0.0,32.4
828,7432,7433,22.0,0.0,148.59
829,7434,7435,10.0,0.0,70.9
830,7436,7437,4.0,0.0,28.43
831,7456,7457,8.0,0.0,61.68
832,7458,7459,26.0,0.0,208.13
833,7464,7465,34.875,687.554,14.45
834,7468,7469,2.0,0.0,11.5
835,7470,7471,6.0,0.0,51.14
836,7482,7483,13.5,0.5,102.91
837,7484,7485,7.167,0.167,54.16
838,7486,7487,5.0,0.0,30.16
839,7488,7489,23.0,0.0,158.18
840,7496,7497,4.0,0.0,32.05
841,7504,7505,7.5,0.5,56.46
842,7558,7559,2.0,0.0,9.03
843,7574,7575,11.0,0.0,78.91
844,7576,7577,10.0,0.0,64.62
845,7582,7583,19.8,4.622,230.25
846,7596,7597,13.091,1.42,167.19
847,7608,7609,2.0,0.0,5.73
848,7610,7611,14.0,0.0,116.72
849,7612,7613,3.0,0.0,26.57
850,7614,7615,2.0,0.0,9.99
851,7616,7617,12.0,0.0,90.66
852,7628,7629,10.0,1.0,19.79
853,7630,7631,9.667,0.333,20.45
854,7632,7633,10.0,0.0,20.52
855,7634,7635,44.0,0.0,97.37
856,7636,7637,3.8,0.2,34.08
857,7640,7641,1.2,0.2,15.84
858,7642,7643,2.2,0.2,24.92
859,7644,7645,14.5,7.0,192.87
860,7646,7647,13.0,50.0,48.17
861,7648,7649,1.5,0.5,17.07
862,7650,7651,7.0,0.0,99.18
863,7652,7653,4.333,0.333,58.03
864,7666,7667,8.0,0.0,44.64
865,7718,7719,4.0,0.0,24.95
866,7720,7721,2.0,0.0,11.36
867,7726,7727,7.0,0.0,48.17
868,7756,7757,3.0,0.0,154.25
869,7796,7797,5.0,0.0,36.3
870,7830,7831,14.5,109.667,37.8
871,7832,7833,3.0,0.0,22.37
872,7834,7835,5.0,0.0,35.14
873,7854,7855,5.333,0.333,42.55
874,7860,7861,3.5,0.5,30.1
875,7862,7863,4.5,0.5,32.16
876,7864,7865,4.0,0.0,25.93
877,7872,7873,8.0,0.0,21.24
878,7896,7897,2.0,0.0,16.44
879,7898,7899,4.286,11.905,19.98
880,7900,7901,6.143,0.143,75.2
881,7902,7903,2.0,0.0,12.81
882,7906,7907,5.0,0.0,8.82
883,7908,7909,19.667,2.333,35.86
884,7910,7911,11.333,2.333,22.9
885,7912,7913,9.167,2.167,20.28
886,7914,7915,3.0,0.0,20.76
887,7916,7917,23.5,12.5,185.65
888,7918,7919,3.0,0.0,26.17
889,7924,7925,13.5,0.5,101.08
890,7926,7927,4.5,0.5,37.35
891,7928,7929,7.0,0.0,48.72
892,7930,7931,2.0,0.0,18.07
893,7932,7933,2.0,0.0,14.49
894,7934,7935,5.333,1.333,37.17
895,7936,7937,4.5,0.5,37.74
896,7938,7939,6.0,0.0,41.97
897,7940,7941,8.0,0.0,59.01
898,7942,7943,1.5,0.3,12.91
899,7944,7945,3.2,0.2,42.27
900,7946,7947,2.0,0.0,25.18
901,7948,7949,4.6,0.3,56.06
902,7950,7951,3.75,0.917,26.1
903,7952,7953,6.25,0.25,40.02
904,7954,7955,2.5,0.333,18.33
905,7956,7957,3.667,0.333,38.36
906,7958,7959,3.333,0.333,35.7
907,7960,7961,2.5,0.333,27.22
908,7962,7963,3.25,0.25,39.2
909,7966,7967,25.667,426.333,23.66
910,7976,7977,1.333,0.333,17.93
911,7978,7979,2.0,0.0,23.46
912,7986,7987,20.0,0.0,153.62
913,7988,7989,3.5,0.5,23.15
914,7990,7991,13.0,0.0,26.84
915,7992,7993,3.5,0.5,7.79
916,8016,8017,32.0,0.0,247.73
917,8030,8031,2.0,0.0,10.53
918,8032,8033,7.0,0.0,48.07
919,8034,8035,9.0,0.0,62.56
920,8036,8037,5.5,0.5,40.51
921,8038,8039,6.0,0.0,41.1
922,8040,8041,11.0,0.0,79.52
923,8042,8043,10.0,0.0,69.13
924,8058,8059,17.333,69.333,67.5
925,8060,8061,7.0,0.0,86.39
926,8062,8063,5.5,0.5,71.01
927,8064,8065,7.667,0.333,95.38
928,8066,8067,10.333,0.333,131.97
929,8068,8069,3.333,0.333,39.9
930,8090,8091,17.2,305.7,24.81
931,8106,8107,7.0,2.0,86.12
932,8140,8141,579.0,56230.667,29.27
933,8144,8145,4.0,0.0,47.69
934,8146,8147,3.5,0.5,41.54
935,8148,8149,9.5,0.5,101.02
936,8158,8159,3.0,0.0,20.65
937,8164,8165,9.0,0.0,44.24
938,8170,8171,12.0,0.0,67.57
939,8202,8203,12.0,0.0,82.95
940,8232,8233,11.0,0.0,75.23
941,8234,8235,12.0,0.0,79.01
942,8260,8261,4.0,0.0,25.08
943,8264,8265,6.0,0.0,37.43
944,8268,8269,28.0,0.0,202.91
945,8270,8271,6.0,0.0,39.6
946,8272,8273,10.0,0.0,67.78
947,8344,8345,14.0,2.0,156.31
948,8360,8361,4.0,0.0,33.43
949,8362,8363,7.0,0.0,51.89
950,8364,8365,15.0,0.0,114.45
951,8368,8369,7.0,0.0,52.39
952,8370,8371,6.0,0.0,58.16
953,8372,8373,15.0,0.0,134.57
954,8374,8375,7.667,0.333,57.52
955,8382,8383,2.5,0.5,17.57
956,8384,8385,5.667,0.333,40.71
957,8386,8387,11.5,0.5,88.48
958,8388,8389,9.0,2.0,70.0
959,8390,8391,3.0,0.0,22.48
960,8392,8393,3.0,0.0,26.99
961,8394,8395,12.0,0.0,92.19
962,8404,8405,8.75,0.917,44.24
963,8408,8409,2.0,0.0,13.78
964,8418,8419,9.0,0.0,46.04
965,8424,8425,4.5,0.5,37.23
966,8426,8427,5.0,0.0,47.21
967,8436,8437,9.0,0.0,69.7
968,8438,8439,3.0,0.0,24.74
969,8440,8441,4.0,0.0,34.46
970,8442,8443,4.0,0.0,25.21
971,8450,8451,9.857,0.476,77.15
972,8452,8453,4.625,0.268,36.96
973,8454,8455,3.0,0.0,25.53
974,8458,8459,4.0,0.0,51.32
975,8460,8461,10.0,0.0,116.31
976,8462,8463,2.0,0.0,27.88
977,8472,8473,6.0,0.0,63.52
978,8482,8483,4.0,0.0,37.0
979,8566,8567,5.0,0.0,37.26
980,8568,8569,4.0,0.0,28.71
981,8570,8571,3.0,0.0,19.69
982,8574,8575,15.0,0.0,100.85
983,8576,8577,18.0,0.0,121.86
984,8578,8579,13.0,0.0,87.6
985,8580,8581,3.0,0.0,19.38
986,8596,8597,18.0,0.0,78.33
987,8640,8641,2.0,0.0,14.26
988,8644,8645,3.0,0.0,19.28
989,8650,8651,2.0,0.0,16.68
990,8654,8655,2.0,0.0,13.38
991,8684,8685,3.0,0.0,19.01
992,8686,8687,3.0,0.0,23.8
993,8688,8689,3.0,0.0,22.65
994,8690,8691,3.5,0.5,24.18
995,8700,8701,10.0,0.0,76.01
996,8702,8703,7.5,0.5,54.54
997,8728,8729,31.25,4.917,233.65
998,8732,8733,3.0,0.0,19.78
999,8734,8735,4.0,0.0,28.06
1000,8736,8737,14.0,0.0,95.65
1001,8738,8739,13.0,0.0,78.44
1002,8740,8741,11.0,0.0,71.76
1003,8742,8743,3.0,0.0,19.93
1004,8744,8745,14.0,0.0,87.07
1005,8752,8753,5.0,0.0,35.65
1006,8754,8755,2.5,0.5,23.16
1007,8756,8757,6.0,0.0,48.63
1008,8758,8759,2.0,0.0,15.79
1009,8762,8763,5.0,0.0,37.37
1010,8768,8769,5.6,0.3,66.17
1011,8772,8773,5.333,0.333,78.16
1012,8774,8775,7.0,3.0,92.41
1013,8776,8777,7.0,0.0,89.23
1014,8778,8779,4.0,0.0,33.79
1015,8794,8795,27.0,0.0,205.89
1016,8796,8797,6.0,0.0,41.75
1017,8798,8799,6.0,0.0,43.0
1018,8800,8801,13.0,0.0,102.3
1019,8802,8803,10.0,0.0,73.81
1020,8804,8805,5.0,0.0,24.38
1021,8814,8815,6.667,0.333,49.58
1022,8824,8825,2.0,0.0,18.97
1023,8826,8827,2.5,0.5,18.94
1024,8828,8829,6.0,2.0,60.39
1025,8850,8851,8.0,0.0,89.3
1026,8856,8857,6.333,0.333,45.95
1027,8858,8859,13.333,1.333,103.54
1028,8860,8861,4.667,0.333,35.88
1029,8862,8863,6.667,0.333,53.42
1030,8864,8865,7.667,0.333,54.81
1031,8892,8893,4.0,0.0,21.83
1032,8896,8897,3.0,0.0,13.67
1033,8900,8901,15.0,0.0,125.43
1034,8920,8921,7.0,0.0,74.78
1035,8922,8923,5.0,0.0,35.14
1036,8924,8925,6.0,0.0,32.33
1037,8928,8929,12.0,0.0,72.83
1038,8942,8943,16.0,0.0,91.63
1039,8970,8971,10.0,0.0,69.98
1040,8972,8973,8.0,0.0,50.75
1041,8974,8975,3.0,0.0,20.15
1042,8980,8981,26.0,0.0,183.68
1043,8982,8983,17.0,0.0,112.58
1044,8984,8985,5.0,0.0,40.52
1045,8986,8987,4.0,0.0,33.11
1046,8988,8989,11.0,0.0,92.09
1047,9024,9025,16.0,0.0,128.45
1048,9026,9027,5.0,0.0,33.94
1049,9028,9029,7.0,0.0,55.77
1050,9030,9031,5.5,0.5,39.24
1051,9032,9033,6.5,0.5,54.17
1052,9048,9049,14.571,153.286,55.35
1053,9050,9051,3.0,0.333,36.96
1054,9052,9053,4.5,0.3,60.79
1055,9054,9055,2.5,0.333,34.42
1056,9070,9071,79.0,0.0,343.99
1057,9078,9079,14.5,1.808,228.19
1058,9080,9081,5.429,0.571,71.42
1059,9086,9087,4.0,0.0,23.62
1060,9088,9089,12.0,0.0,96.41
1061,9152,9153,3.0,0.0,13.57
1062,9154,9155,11.0,0.0,51.76
1063,9190,9191,2.0,0.0,15.81
1064,9192,9193,2.0,0.0,24.2
1065,9194,9195,9.0,0.0,72.81
1066,9202,9203,2.0,0.0,14.72
1067,9226,9227,3.0,0.0,16.94
1068,9240,9241,6.5,0.5,47.78
1069,9268,9269,5.0,0.0,45.01
1070,9314,9315,12.0,0.0,84.83
1071,9316,9317,12.0,0.0,88.75
1072,9324,9325,8.0,0.0,53.21
1073,9326,9327,8.0,0.0,60.22
1074,9436,9437,24.0,0.0,97.33
1075,9446,9447,6.0,0.0,42.61
1076,9448,9449,6.0,0.0,52.8
1077,9450,9451,9.0,0.0,79.3
1078,9452,9453,4.857,0.286,91.21
1079,9484,9485,10.0,0.0,78.45
1080,9486,9487,12.0,0.0,104.41
1081,9488,9489,7.0,0.0,42.35
1082,9490,9491,9.0,0.0,62.49
1083,9492,9493,5.0,0.0,34.55
1084,9498,9499,3.2,0.2,25.3
1085,9500,9501,4.0,0.5,29.05
1086,9506,9507,2.0,0.0,22.11
1087,9508,9509,2.0,0.0,22.44
1088,9510,9511,5.0,0.0,48.29
1089,9534,9535,3.0,0.0,26.25
1090,9570,9571,11.0,3.0,84.3
1091,9572,9573,2.0,0.0,12.09
1092,9574,9575,8.0,3.0,66.61
1093,9576,9577,8.0,2.0,60.41
1094,9578,9579,7.0,2.0,48.93
1095,9592,9593,6.0,0.0,46.69
1096,9594,9595,4.0,0.0,39.05
1097,9652,9653,7.0,0.0,53.18
1098,9654,9655,7.0,0.0,53.55
1099,9656,9657,3.0,0.0,24.09
1100,9704,9705,10.333,2.333,79.9
1101,9706,9707,3.0,1.0,23.96
1102,9738,9739,5.0,0.0,56.31
1103,9740,9741,8.0,0.0,102.16
1104,9742,9743,4.0,0.0,45.13
1105,9760,9761,8.0,0.0,40.69
1106,9786,9787,2.0,0.0,14.29
1107,9796,9797,2.5,0.5,22.01
1108,9798,9799,10.5,0.5,107.71
1109,9828,9829,3.0,0.0,37.88
1110,9836,9837,2.2,0.2,24.47
1111,9886,9887,9.0,0.0,62.08
1112,9914,9915,4.824,1.279,64.67
1113,9916,9917,3.696,0.585,44.98
1114,9918,9919,1.667,0.238,21.97
1115,9920,9921,2.8,0.314,36.44
1116,9922,9923,4.0,0.0,52.8
1117,9924,9925,4.2,0.2,55.07
1118,9926,9927,9.4,0.3,118.4
1119,9928,9929,11.0,0.5,137.78
1120,9930,9931,19.5,17.0,180.74
1121,9932,9933,1.5,0.333,23.09
1122,9934,9935,13.25,0.917,172.67
1123,9938,9939,3.667,0.333,49.64
1124,9940,9941,8.444,1.028,113.13
1125,9942,9943,2.333,0.25,33.76
1126,9944,9945,1.737,0.316,23.14
1127,9946,9947,1.125,0.117,12.67
1128,9950,9951,4.0,0.444,50.56
1129,9952,9953,4.0,0.444,51.15
1130,9954,9955,5.105,0.877,66.86
1131,9956,9957,3.053,0.275,41.11
1132,9958,9959,1.8,0.168,22.58
1133,9960,9961,1.45,0.261,18.95
1134,9962,9963,3.0,0.211,38.66
1135,9964,9965,3.905,0.39,47.92
1136,9966,9967,3.952,0.648,49.77
1137,9970,9971,2.143,0.129,26.52
1138,9972,9973,3.905,0.39,47.58
1139,9974,9975,9.318,0.799,119.18
1140,9976,9977,1.143,0.132,13.08
1141,9980,9981,2.091,0.182,26.05
1142,9982,9983,1.182,0.156,14.46
1143,9984,9985,1.947,0.275,23.52
1144,9986,9987,3.0,0.353,32.76
1145,9988,9989,11.9,53.253,59.25
1146,9990,9991,13.947,88.497,54.56
1147,9996,9997,4.929,0.225,61.48
1148,9998,9999,8.19,0.962,104.4
1149,10080,10081,4.438,0.262,58.86
1150,10084,10085,9.312,0.762,120.26
1151,10086,10087,3.625,0.25,46.99
1152,10088,10089,5.471,0.39,70.22
1153,10090,10091,7.75,29.267,45.31
1154,10092,10093,4.188,0.296,54.91
1155,10094,10095,1.875,0.117,22.9
1156,10098,10099,14.562,1.329,188.58
1157,10100,10101,2.188,0.162,29.42
1158,10126,10127,2.0,0.0,7.96
1159,10148,10149,12.0,0.0,71.55
1160,10150,10151,19.0,0.0,114.17
1161,10152,10153,10.0,0.0,56.69
1162,10166,10167,2.6,0.3,33.54
1163,10174,10175,6.0,0.0,75.97
1164,10176,10177,12.0,0.0,140.03
1165,10178,10179,14.214,3.104,193.0
1166,10180,10181,6.308,0.564,85.37
1167,10182,10183,2.615,0.256,34.12
1168,10184,10185,2.077,0.077,26.97
1169,10186,10187,1.615,0.256,21.54
1170,10188,10189,3.615,0.423,46.43
1171,10190,10191,3.154,0.308,42.59
1172,10192,10193,1.769,0.192,23.58
1173,10194,10195,7.846,0.474,103.63
1174,10212,10213,2.4,0.267,39.37
1175,10214,10215,4.2,0.178,73.75
1176,10226,10227,101.0,0.0,454.2
1177,10264,10265,2.0,0.0,13.01
1178,10266,10267,2.0,0.0,15.45
1179,10300,10301,5.0,0.0,32.36
1180,10302,10303,5.5,0.5,40.29
1181,10306,10307,1.5,0.5,10.24
1182,10308,10309,3.0,0.0,23.37
1183,10310,10311,5.0,0.0,38.45
1184,10312,10313,5.0,0.0,41.93
1185,10348,10349,6.733,39.781,57.96
1186,10360,10361,7.0,0.0,75.87
1187,10362,10363,3.0,0.0,36.03
1188,10364,10365,7.0,0.0,79.61
1189,10366,10367,5.0,0.0,60.84
1190,10368,10369,11.0,0.0,139.07
1191,10380,10381,2.5,0.5,20.84
1192,10382,10383,3.0,0.0,19.98
1193,10384,10385,4.0,0.0,28.09
1194,10424,10425,10.0,0.0,72.15
1195,10426,10427,31.0,0.0,220.69
1196,10428,10429,4.0,0.0,21.4
1197,10432,10433,4.0,0.0,25.07
1198,10434,10435,4.5,0.5,26.19
1199,10436,10437,2.0,0.0,17.46
1200,10504,10505,4.0,0.0,18.54
1201,10516,10517,21.0,0.0,49.67
1202,10524,10525,29.0,0.0,60.89
1203,10548,10549,17.25,0.917,203.66
1204,10550,10551,4.75,0.25,57.04
1205,10552,10553,17.25,1.583,214.59
1206,10580,10581,20.0,0.0,140.92
1207,10582,10583,2.0,0.0,14.6
1208,10584,10585,6.0,0.0,44.18
1209,10596,10597,18.19,92.762,36.96
1210,10600,10601,11.0,104.667,10.49
1211,10602,10603,4.45,0.261,55.69
1212,10604,10605,5.5,0.579,72.35
1213,10638,10639,5.0,0.0,33.69
1214,10640,10641,2.0,0.0,10.7
1215,10662,10663,3.0,0.0,14.89
1216,10664,10665,12.0,0.0,77.86
1217,10666,10667,6.5,0.5,46.87
1218,10762,10763,5.75,1.583,75.81
1219,10764,10765,7.5,0.333,104.12
1220,10796,10797,15.0,1.0,105.25
1221,10802,10803,13.3,2.9,163.43
1222,10804,10805,17.4,2.3,232.54
1223,10822,10823,7.692,1.064,96.85
1224,10824,10825,5.706,0.846,75.6
1225,10826,10827,1.588,0.257,19.39
1226,10828,10829,3.4,0.3,40.15
1227,10830,10831,1.4,0.3,13.29
1228,10834,10835,24.5,5.667,187.99
1229,10842,10843,5.5,0.5,26.2
1230,10866,10867,131.0,0.0,601.14
1231,10876,10877,2.143,0.143,31.23
1232,10878,10879,2.222,0.194,29.31
1233,10932,10933,1.8,0.2,8.96
1234,10942,10943,5.0,0.0,28.04
1235,10944,10945,4.0,0.0,23.17
1236,10948,10949,5.0,0.0,36.97
1237,10962,10963,21.0,0.0,44.36
1238,10970,10971,75.0,0.0,147.37
1239,10972,10973,7.0,0.0,13.72
1240,10992,10993,7.0,0.0,36.69
1241,10996,10997,3.0,0.0,39.76
1242,10998,10999,3.333,0.333,42.9
1243,11000,11001,5.5,0.5,77.2
1244,11002,11003,2.0,0.0,28.78
1245,11006,11007,3.0,0.0,45.07
1246,11010,11011,2.5,0.5,40.49
1247,11012,11013,6.5,0.5,86.06
1248,11020,11021,9.875,103.983,15.16
1249,11022,11023,3.5,5.667,29.14
1250,11024,11025,4.5,0.5,42.47
1251,11082,11083,4.0,0.0,25.89
1252,11084,11085,2.75,0.25,21.6
1253,11086,11087,11.5,0.5,85.91
1254,11088,11089,8.0,0.0,58.45
1255,11090,11091,5.0,0.0,43.88
1256,11092,11093,6.0,0.0,52.46
1257,11094,11095,7.0,0.0,55.93
1258,11096,11097,6.0,0.0,46.0
1259,11102,11103,24.722,92.683,63.92
1260,11104,11105,14.25,3.667,67.94
1261,11110,11111,8.429,0.952,61.75
1262,11120,11121,9.75,1.071,67.05
1263,11122,11123,21.143,7.81,152.16
1264,11124,11125,2.875,0.25,19.29
1265,11126,11127,2.0,0.0,18.62
1266,11134,11135,9.0,0.0,53.48
1267,11136,11137,9.0,0.0,55.13
1268,11140,11141,5.5,13.667,23.69
1269,11142,11143,1.333,0.333,7.73
1270,11144,11145,1.75,0.25,23.12
1271,11146,11147,6.5,1.667,89.98
1272,11148,11149,3.25,0.25,40.77
1273,11158,11159,3.0,0.0,21.34
1274,11204,11205,10.0,0.0,49.79
1275,11206,11207,2.0,0.0,7.31
1276,11220,11221,3.0,0.0,18.93
1277,11228,11229,7.125,0.696,51.71
1278,11230,11231,9.5,0.857,111.54
1279,11232,11233,2.143,0.143,26.94
1280,11234,11235,8.0,1.667,101.94
1281,11236,11237,4.429,0.286,53.48
1282,11238,11239,1.714,0.238,19.71
1283,11248,11249,9.0,0.0,54.16
1284,11262,11263,6.0,0.0,32.92
1285,11264,11265,5.0,0.0,57.12
1286,11266,11267,6.633,0.861,84.15
1287,11268,11269,4.6,0.8,66.9
1288,11270,11271,14.0,3.5,184.03
1289,11272,11273,8.0,0.0,63.11
1290,11342,11343,4.5,0.5,53.66
1291,11344,11345,2.5,0.5,28.12
1292,11346,11347,20.0,7.0,262.68
1293,11348,11349,67.5,112.5,266.99
1294,11350,11351,8.0,0.0,17.94
1295,11360,11361,18.333,0.333,148.89
1296,11362,11363,22.0,2.0,167.75
1297,11366,11367,11.0,0.0,80.91
1298,11378,11379,13.5,4.5,97.94
1299,11390,11391,9.667,5.333,131.6
1300,11392,11393,10.5,4.333,129.31
1301,11406,11407,10.5,0.5,86.81
1302,11408,11409,5.979,0.276,117.83
1303,11412,11413,10.636,0.855,227.3
1304,11414,11415,4.727,0.418,82.0
1305,11420,11421,2.5,0.5,30.35
1306,11422,11423,14.75,2.25,170.38
1307,11434,11435,5.0,0.0,27.05
1308,11456,11457,19.5,0.5,149.81
1309,11462,11463,4.0,0.0,52.05
1310,11464,11465,7.5,0.5,99.97
1311,11468,11469,13.0,0.0,111.33
1312,11470,11471,10.0,0.0,82.63
1313,11472,11473,11.0,0.0,51.52
1314,11494,11495,1.667,0.333,20.54
1315,11496,11497,25.5,147.0,129.96
1316,11502,11503,2.0,0.0,17.74
1317,11504,11505,2.333,0.25,30.83
1318,11546,11547,4.0,0.0,17.25
1319,11550,11551,15.0,0.0,77.71
1320,11554,11555,6.0,0.0,77.54
1321,11556,11557,8.0,0.0,113.75
1322,11560,11561,2.0,0.0,11.08
1323,11564,11565,10.0,0.0,53.99
1324,11576,11577,13.0,0.0,94.41
1325,11584,11585,10.0,0.0,75.97
1326,11588,11589,7.0,0.0,49.55
1327,11594,11595,3.857,0.476,45.31
1328,11596,11597,4.571,0.952,57.81
1329,11600,11601,6.167,1.367,78.41
1330,11602,11603,11.167,2.967,137.46
1331,11604,11605,8.0,2.8,101.04
1332,11606,11607,2.833,0.567,32.06
1333,11608,11609,5.0,0.667,57.61
1334,11610,11611,2.429,0.286,27.24
1335,11612,11613,2.833,0.567,35.61
1336,11614,11615,1.167,0.167,13.75
1337,11616,11617,5.143,0.143,66.05
1338,11618,11619,1.714,0.238,22.8
1339,11620,11621,4.5,0.5,66.57
1340,11622,11623,8.0,0.0,107.93
1341,11624,11625,5.0,0.0,54.7
1342,11626,11627,3.5,0.5,42.53
1343,11628,11629,3.0,0.0,38.42
1344,11638,11639,1.5,0.5,23.87
1345,11640,11641,7.0,0.0,85.13
1346,11642,11643,11.0,0.0,146.76
1347,11644,11645,8.833,1.424,89.51
1348,11646,11647,2.167,0.333,24.78
1349,11648,11649,2.917,0.447,32.67
1350,11650,11651,9.0,53.273,40.98
1351,11652,11653,7.583,0.992,92.3
1352,11658,11659,3.25,0.25,41.76
1353,11662,11663,25.571,542.619,42.09
1354,11664,11665,8.857,0.143,157.13
1355,11666,11667,19.0,2.286,312.16
1356,11678,11679,7.667,0.333,99.45
1357,11680,11681,8.0,1.0,113.68
1358,11682,11683,2.333,0.333,29.1
1359,11688,11689,6.5,0.5,79.36
1360,11706,11707,2.0,0.0,8.7
1361,11716,11717,4.0,0.0,26.31
1362,11750,11751,7.0,3.0,86.12
1363,11752,11753,4.0,0.0,63.85
1364,11756,11757,3.5,0.5,51.71
1365,11790,11791,3.188,0.429,44.94
1366,11792,11793,4.588,0.382,61.32
1367,11822,11823,8.938,0.462,101.05
1368,11824,11825,2.0,0.267,26.68
1369,11826,11827,10.875,1.583,136.87
1370,11856,11857,2.111,0.111,36.38
1371,11912,11913,2.071,0.071,26.99
1372,11938,11939,6.0,0.0,46.87
1373,11954,11955,8.0,0.0,72.49
1374,11956,11957,3.0,0.0,25.05
1375,11980,11981,1.6,0.267,34.21
1376,11982,11983,3.4,0.267,84.08
1377,11984,11985,2.9,0.1,53.69
1378,11988,11989,5.875,0.696,75.14
1379,11990,11991,7.125,0.125,79.43
1380,11992,11993,26.625,249.982,88.51
1381,11994,11995,2.286,0.238,29.45
1382,11996,11997,5.286,0.905,68.02
1383,11998,11999,2.2,0.2,30.28
1384,12002,12003,1.833,0.167,21.45
1385,12004,12005,5.25,0.25,71.39
1386,12006,12007,9.6,17.8,60.67
1387,12008,12009,1.667,0.267,22.4
1388,12010,12011,3.167,0.567,46.71
1389,12012,12013,5.2,51.2,30.32
1390,12014,12015,2.286,0.238,27.71
1391,12016,12017,1.571,0.286,14.72
1392,12018,12019,6.5,0.333,89.17
1393,12020,12021,1.75,0.25,16.92
1394,12022,12023,1.5,0.3,25.16
1395,12024,12025,4.833,0.567,61.97
1396,12026,12027,12.0,0.0,130.83
1397,12028,12029,5.0,0.25,68.28
1398,12030,12031,1.444,0.278,22.26
1399,12032,12033,1.5,0.278,21.26
1400,12034,12035,5.5,0.5,67.37
1401,12036,12037,3.857,0.593,51.43
1402,12038,12039,2.071,0.071,20.9
1403,12040,12041,10.0,0.0,94.81
1404,12044,12045,3.429,0.286,45.23
1405,12046,12047,2.857,0.143,33.91
1406,12050,12051,3.857,0.143,49.09
1407,12052,12053,6.714,0.571,84.59
1408,12054,12055,16.0,148.0,21.49
1409,12058,12059,6.0,0.0,32.14
1410,12100,12101,7.0,0.0,38.66
1411,12106,12107,5.0,0.0,21.45
1412,12110,12111,7.25,0.25,89.74
1413,12112,12113,1.5,0.333,15.82
1414,12114,12115,9.5,0.333,64.02
1415,12116,12117,13.75,2.917,93.13
1416,12118,12119,4.4,0.3,32.29
1417,12122,12123,3.0,0.0,21.3
1418,12124,12125,3.0,0.0,23.33
1419,12126,12127,7.0,0.0,56.34
1420,12128,12129,5.0,0.0,39.61
1421,12130,12131,3.0,0.0,25.16
1422,12134,12135,11.0,0.0,94.2
1423,12138,12139,11.556,1.528,148.33
1424,12140,12141,41.875,207.268,21.0
1425,12142,12143,3.375,0.268,46.76
1426,12182,12183,3.0,0.0,37.31
1427,12184,12185,2.0,0.0,23.82
1428,12186,12187,8.0,0.0,91.65
1429,12200,12201,3.0,0.0,17.06
1430,12202,12203,5.0,0.0,32.91
1431,12204,12205,2.0,0.0,14.78
1432,12208,12209,12.0,0.0,82.1
1433,12210,12211,18.0,0.0,125.77
1434,12218,12219,6.0,0.0,35.91
1435,12220,12221,2.0,0.0,12.53
1436,12236,12237,3.235,0.316,41.09
1437,12242,12243,1.571,0.264,29.43
1438,12244,12245,8.357,0.709,225.84
1439,12246,12247,16.357,2.709,215.11
1440,12248,12249,2.0,0.286,16.98
1441,12250,12251,7.0,0.0,40.07
1442,12252,12253,7.0,0.0,50.78
1443,12256,12257,6.0,1.5,48.34
1444,12258,12259,14.4,6.3,110.59
1445,12260,12261,14.2,5.7,108.07
1446,12262,12263,8.4,2.3,66.01
1447,12284,12285,16.0,0.0,75.44
1448,12292,12293,8.6,2.3,18.78
1449,12294,12295,21.0,26.0,44.09
1450,12298,12299,7.0,0.0,26.37
1451,12300,12301,2.0,0.0,11.36
1452,12304,12305,3.0,0.0,16.06
1453,12306,12307,2.0,0.0,10.74
1454,12308,12309,4.0,0.0,15.33
1455,12338,12339,5.0,0.0,29.76
1456,12346,12347,4.0,0.0,26.75
1457,12348,12349,7.0,0.0,50.98
1458,12350,12351,12.0,0.0,82.4
1459,12352,12353,3.0,0.0,19.06
1460,12358,12359,2.0,0.0,17.33
1461,12360,12361,17.0,0.0,127.2
1462,12390,12391,3.125,0.125,36.89
1463,12392,12393,2.857,0.143,34.73
1464,12394,12395,5.429,0.619,65.37
1465,12396,12397,3.429,0.286,42.14
1466,12400,12401,5.0,0.0,41.94
1467,12402,12403,7.0,0.0,49.96
1468,12404,12405,2.0,0.0,16.52
1469,12406,12407,2.0,0.0,22.1
1470,12408,12409,2.0,0.0,13.59
1471,12412,12413,4.0,0.0,28.77
1472,12420,12421,47.0,0.0,113.66
1473,12444,12445,15.0,0.0,32.99
1474,12446,12447,2.5,0.286,31.41
1475,12448,12449,3.625,0.554,45.36
1476,12450,12451,2.875,0.411,33.46
1477,12452,12453,11.75,1.929,141.1
1478,12454,12455,7.0,1.0,83.44
1479,12456,12457,4.636,0.455,57.16
1480,12504,12505,278.0,0.0,517.01
1481,12506,12507,1.333,0.333,3.01
1482,12508,12509,17.0,7.0,36.8
1483,12510,12511,30.333,42.333,63.2
1484,12512,12513,9.333,2.333,19.71
1485,12516,12517,88.5,220.5,207.25
1486,12518,12519,60.0,0.0,155.47
1487,12520,12521,11.0,0.0,54.25
1488,12544,12545,25.0,0.0,149.86
1489,12546,12547,10.0,0.0,57.85
1490,12548,12549,43.0,0.0,263.81
1491,12550,12551,11.0,0.0,63.67
1492,12554,12555,51.0,0.0,201.36
1493,12556,12557,3.375,0.268,24.62
1494,12558,12559,11.143,1.81,84.21
1495,12562,12563,15.0,0.0,73.19
1496,12568,12569,4.0,0.0,22.71
1497,12576,12577,5.0,0.0,52.18
1498,12588,12589,52.0,0.0,415.97
1499,12590,12591,5.0,0.0,40.74
1500,12592,12593,1.714,0.22,22.83
1501,12596,12597,4.286,0.22,54.85
1502,12598,12599,1.5,0.269,19.86
1503,12600,12601,2.643,0.401,36.77
1504,12602,12603,1.5,0.269,19.19
1505,12604,12605,7.222,0.944,95.43
1506,12606,12607,8.2,1.067,103.85
1507,12608,12609,2.3,0.233,25.91
1508,12610,12611,13.364,84.455,23.19
1509,12612,12613,3.0,0.0,26.65
1510,12616,12617,3.0,0.0,19.65
1511,12620,12621,8.0,0.0,59.58
1512,12622,12623,3.333,0.333,44.13
1513,12624,12625,10.0,1.0,120.12
1514,12626,12627,2.0,0.0,17.75
1515,12628,12629,5.0,0.0,16.9
1516,12636,12637,8.286,1.143,109.36
1517,12668,12669,14.0,2.0,72.63
1518,12676,12677,5.0,0.0,26.46
1519,12692,12693,8.5,0.5,43.41
1520,12710,12711,7.0,0.0,30.82
1521,12728,12729,4.5,24.5,39.38
1522,12752,12753,12.0,0.0,26.06
1523,12756,12757,16.333,169.333,22.61
1524,12758,12759,1.5,0.333,18.42
1525,12760,12761,3.5,0.333,49.55
1526,12772,12773,7.5,0.5,90.33
1527,12776,12777,2.0,0.0,25.89
1528,12780,12781,4.0,0.0,47.36
1529,12782,12783,2.5,0.5,28.17
1530,12892,12893,18.0,0.0,91.19
1531,12896,12897,7.0,0.0,34.06
1532,13016,13017,14.0,0.0,101.86
1533,13154,13155,7.333,0.333,52.61
1534,13156,13157,9.0,1.0,61.79
1535,13182,13183,29.0,0.0,119.88
1536,13300,13301,4.556,0.278,54.78
1537,13302,13303,4.222,0.944,65.29
1538,13304,13305,9.111,1.361,138.46
1539,13306,13307,2.0,0.0,32.25
1540,13308,13309,7.333,0.267,117.35
1541,13310,13311,9.214,0.797,251.82
1542,13312,13313,10.0,0.462,219.66
1543,13318,13319,31.0,0.0,168.0
1544,13320,13321,3.0,0.0,17.68
1545,13324,13325,9.0,0.0,44.79
1546,13348,13349,7.0,0.0,43.16
1547,13376,13377,10.0,162.0,12.56
1548,13378,13379,4.0,0.0,39.89
1549,13382,13383,3.0,0.0,28.05
1550,13384,13385,12.0,0.0,122.17
1551,13396,13397,7.0,0.0,60.87
1552,13398,13399,9.0,0.0,112.55
1553,13400,13401,3.0,0.0,46.05
1554,13402,13403,2.5,0.5,26.16
1555,13414,13415,3.0,0.0,11.52
1556,13416,13417,10.0,0.0,54.7
1557,13418,13419,8.0,0.0,45.55
1558,13420,13421,9.0,0.0,48.63
1559,13422,13423,16.0,2.0,80.69
1560,13444,13445,11.0,3.333,111.56
1561,13446,13447,17.5,4.5,235.32
1562,13448,13449,9.0,0.0,107.93
1563,13450,13451,2.0,0.0,27.98
1564,13452,13453,152.0,0.0,594.26
1565,13468,13469,2.0,0.0,19.19
1566,13470,13471,6.0,0.0,75.2
1567,13502,13503,2.0,0.0,17.2
1568,13504,13505,19.0,0.0,126.45
1569,13536,13537,6.0,0.0,37.57
1570,13540,13541,8.7,0.456,139.23
1571,13544,13545,7.0,0.0,51.18
1572,13546,13547,5.0,0.0,37.74
1573,13548,13549,10.0,0.0,79.74
1574,13578,13579,2.6,0.257,17.42
1575,13580,13581,3.0,0.4,40.25
1576,13596,13597,18.0,2.0,79.05
1577,13600,13601,3.0,0.0,30.79
1578,13610,13611,8.333,30.333,33.53
1579,13612,13613,8.667,4.333,123.75
1580,13630,13631,6.0,0.0,30.74
1581,13640,13641,4.75,0.25,34.03
1582,13642,13643,10.75,1.583,81.18
1583,13644,13645,7.8,0.2,60.94
1584,13652,13653,7.0,0.0,35.87
1585,13654,13655,9.0,0.0,69.32
1586,13656,13657,7.0,0.0,59.02
1587,13658,13659,7.0,0.0,58.51
1588,13662,13663,13.0,0.0,95.64
1589,13726,13727,13.0,0.0,97.51
1590,13762,13763,5.5,0.5,42.01
1591,13764,13765,4.0,0.0,26.94
1592,13792,13793,8.0,0.0,60.96
1593,13812,13813,7.167,0.567,50.07
1594,13828,13829,4.0,0.0,31.64
1595,13830,13831,6.0,0.0,42.66
1596,13832,13833,20.0,0.0,244.87
1597,13840,13841,17.0,0.0,112.71
1598,13842,13843,12.5,0.5,81.63
1599,13870,13871,5.0,1.0,30.25
1600,13872,13873,2.0,0.0,14.96
1601,13874,13875,2.0,0.0,19.51
1602,13904,13905,25.5,14.333,188.61
1603,13906,13907,1.2,0.2,17.83
1604,13910,13911,7.4,2.3,85.82
1605,13912,13913,3.0,1.0,38.0
1606,13916,13917,2.5,0.333,28.32
1607,13920,13921,8.5,0.5,58.14
1608,13958,13959,2.0,0.0,17.03
1609,13962,13963,3.0,0.0,23.16
1610,13964,13965,3.0,0.0,24.39
1611,13968,13969,5.0,0.0,35.75
1612,13970,13971,4.0,0.0,37.04
1613,14000,14001,4.0,2.0,18.7
1614,14002,14003,10.0,2.0,43.84
1615,14020,14021,3.0,0.0,15.98
1616,14026,14027,5.0,0.0,63.63
1617,14028,14029,3.0,0.0,34.05
1618,14030,14031,3.273,0.218,38.65
1619,14032,14033,4.0,1.0,51.5
1620,14034,14035,5.333,2.333,61.95
1621,14076,14077,4.0,0.0,35.83
1622,14078,14079,11.0,0.0,93.01
1623,14080,14081,4.0,0.0,30.88
1624,14082,14083,13.0,0.0,113.72
1625,14084,14085,4.5,0.5,28.81
1626,14106,14107,10.0,0.0,57.04
1627,14108,14109,2.0,0.0,34.76
1628,14110,14111,13.0,0.0,163.68
1629,14112,14113,2.0,0.0,25.24
1630,14120,14121,3.0,0.0,42.16
1631,14122,14123,24.0,124.0,43.47
1632,14124,14125,5.0,0.0,40.38
1633,14126,14127,3.0,0.0,21.32
1634,14128,14129,6.0,0.0,54.73
1635,14130,14131,6.0,0.0,74.22
1636,14132,14133,22.0,0.0,151.88
1637,14134,14135,9.0,0.0,60.65
1638,14138,14139,5.5,0.3,40.87
1639,14140,14141,3.667,0.267,25.11
1640,14142,14143,3.5,0.3,26.29
1641,14144,14145,2.25,0.25,27.98
1642,14150,14151,5.5,0.5,54.66
1643,14158,14159,2.0,0.2,24.65
1644,14160,14161,2.619,0.448,33.87
1645,14162,14163,4.286,0.614,53.54
1646,14166,14167,2.333,0.333,15.44
1647,14176,14177,3.25,0.5,39.73
1648,14178,14179,7.0,0.0,87.08
1649,14180,14181,9.0,0.0,116.22
1650,14182,14183,6.0,1.0,71.41
1651,14188,14189,6.333,0.333,48.06
1652,14190,14191,9.0,0.0,72.77
1653,14194,14195,2.0,0.0,14.46
1654,14196,14197,2.0,0.0,18.47
1655,14200,14201,8.0,0.0,61.98
1656,14202,14203,3.0,0.0,30.34
1657,14204,14205,8.0,0.0,64.2
1658,14206,14207,7.5,0.5,60.21
1659,14208,14209,3.0,0.0,19.13
1660,14216,14217,9.333,17.333,87.61
1661,14218,14219,3.0,0.0,24.01
1662,14240,14241,17.0,0.0,88.9
1663,14254,14255,15.296,3.14,204.9
1664,14256,14257,4.519,0.567,50.38
1665,14258,14259,11.481,1.259,134.94
1666,14260,14261,1.222,0.179,14.52
1667,14262,14263,1.565,0.348,21.77
1668,14264,14265,3.429,0.286,25.07
1669,14272,14273,16.0,2.667,323.52
1670,14274,14275,5.0,0.667,98.88
1671,14276,14277,1.75,0.25,26.72
1672,14294,14295,4.167,0.167,27.28
1673,14296,14297,6.833,0.567,51.13
1674,14298,14299,3.667,0.267,27.33
1675,14302,14303,106.0,961.0,24.63
1676,14304,14305,7.333,0.333,59.25
1677,14306,14307,2.25,0.25,15.68
1678,14310,14311,8.75,0.917,68.92
1679,14312,14313,2.0,0.0,17.75
1680,14332,14333,3.0,0.0,22.24
1681,14334,14335,4.0,0.0,46.74
1682,14338,14339,14.0,0.0,30.21
1683,14346,14347,15.0,0.0,78.99
1684,14350,14351,6.5,0.5,53.83
1685,14400,14401,7.0,0.0,83.73
1686,14404,14405,4.5,0.3,70.06
1687,14408,14409,3.0,0.0,20.02
1688,14432,14433,2.444,0.278,28.77
1689,14466,14467,91.0,0.0,502.82
1690,14468,14469,43.091,45.091,319.64
1691,14470,14471,20.9,9.211,158.08
1692,14476,14477,4.5,0.7,56.47
1693,14488,14489,1.667,0.333,18.89
1694,14490,14491,1.333,0.333,14.11
1695,14492,14493,6.667,1.333,70.23
1696,14494,14495,15.0,0.0,105.3
1697,14496,14497,2.0,0.0,14.03
1698,14498,14499,3.0,0.0,21.77
1699,14500,14501,2.0,0.0,10.67
1700,14502,14503,3.5,0.5,28.58
1701,14504,14505,5.0,0.0,40.21
1702,14506,14507,4.5,0.5,32.08
1703,14508,14509,2.5,0.5,20.09
1704,14532,14533,4.0,0.0,26.28
1705,14534,14535,11.0,0.0,106.67
1706,14536,14537,6.0,0.0,29.53
1707,14538,14539,8.0,0.0,44.37
1708,14550,14551,3.6,0.3,26.43
1709,14552,14553,8.8,2.2,58.4
1710,14572,14573,3.0,0.0,27.03
1711,14586,14587,6.2,0.7,48.25
1712,14588,14589,4.0,0.5,29.6
1713,14594,14595,2.0,0.0,17.5
1714,14600,14601,3.0,0.0,35.47
1715,14608,14609,2.333,0.333,19.34
1716,14718,14719,9.75,0.25,68.98
1717,14720,14721,11.167,1.367,81.93
1718,14722,14723,1.5,0.3,11.43
1719,14724,14725,6.333,1.067,46.4
1720,14728,14729,1.833,0.167,13.61
1721,14738,14739,19.0,0.0,141.96
1722,14760,14761,6.0,0.0,34.08
1723,14820,14821,12.0,0.0,93.71
1724,14826,14827,19.0,2.0,41.88
1725,14858,14859,72.0,0.0,375.27
1726,14860,14861,118.0,32.0,523.45
1727,14866,14867,23.0,0.0,109.78
1728,14868,14869,3.0,0.0,30.43
1729,14870,14871,4.0,0.0,51.93
1730,14872,14873,2.0,0.0,21.51
1731,14874,14875,2.0,0.0,26.07
1732,14876,14877,2.0,0.0,27.49
1733,14880,14881,11.4,2.8,151.35
1734,14882,14883,2.0,0.0,28.82
1735,14886,14887,8.0,0.0,102.37
1736,14888,14889,5.5,0.5,44.07
1737,14890,14891,2.0,0.0,26.45
1738,14900,14901,13.0,0.0,66.63
1739,14906,14907,11.5,5.1,217.67
1740,14908,14909,4.667,0.667,95.24
1741,14910,14911,2.2,0.2,25.2
1742,14930,14931,14.0,0.0,72.39
1743,14948,14949,14.5,4.5,64.75
1744,14950,14951,23.0,12.0,421.77
1745,14964,14965,16.0,0.0,189.85
1746,14966,14967,17.0,0.0,175.6
1747,14972,14973,7.667,0.333,60.87
1748,14974,14975,2.0,0.0,18.58
1749,15014,15015,8.0,0.0,34.5
1750,15016,15017,12.0,0.0,49.01
1751,15052,15053,2.0,0.0,8.16
1752,15056,15057,6.0,0.0,30.8
1753,15058,15059,5.0,0.0,31.34
1754,15068,15069,27.0,0.0,114.63
1755,15100,15101,8.0,0.0,40.47
1756,15180,15181,2.5,0.5,10.62
1757,15210,15211,32.0,0.0,71.71
1758,15212,15213,27.0,0.0,59.97
1759,15224,15225,18.538,36.269,227.65
1760,15226,15227,6.154,0.474,102.72
1761,15228,15229,5.231,0.359,88.98
1762,15230,15231,4.167,0.152,68.0
1763,15232,15233,2.105,0.211,27.22
1764,15234,15235,2.579,0.257,34.56
1765,15240,15241,29.857,16.143,145.74
1766,15260,15261,5.0,0.0,26.6
1767,15262,15263,2.0,0.0,7.45
1768,15272,15273,3.0,0.0,19.04
1769,15284,15285,11.0,0.0,58.24
1770,15344,15345,8.0,0.0,51.99
1771,15358,15359,3.0,0.0,32.92
1772,15364,15365,7.0,0.0,111.27
1773,15370,15371,8.5,0.333,116.31
1774,15376,15377,8.0,0.5,96.58
1775,15378,15379,15.4,3.3,195.33
1776,15404,15405,4.0,0.0,21.72
1777,15416,15417,4.0,0.0,21.68
1778,15434,15435,4.0,0.0,21.67
1779,15486,15487,12.6,105.8,31.1
1780,15488,15489,2.0,0.0,25.3
1781,15494,15495,7.8,0.7,177.78
1782,15496,15497,9.5,1.9,101.13
1783,15498,15499,7.0,0.0,35.91
1784,15500,15501,49.333,1.333,255.28
1785,15512,15513,7.0,75.333,39.49
1786,15518,15519,7.0,1.0,77.65
1787,15524,15525,7.0,0.5,77.43
1788,15526,15527,7.333,0.433,83.98
1789,15582,15583,20.4,77.3,108.38
1790,15584,15585,4.6,0.3,59.4
1791,15586,15587,10.4,1.8,132.21
1792,15588,15589,2.0,0.0,17.09
1793,15590,15591,5.667,0.333,44.23
1794,15592,15593,5.333,1.333,39.49
1795,15594,15595,18.5,14.333,153.66
1796,15596,15597,5.75,0.25,46.41
1797,15598,15599,4.0,0.0,46.98
1798,15600,15601,2.0,0.0,9.69
1799,15606,15607,9.5,4.5,50.12
1800,15704,15705,5.625,0.554,43.84
1801,15706,15707,3.375,0.554,25.79
1802,15710,15711,2.0,0.0,27.4
1803,15712,15713,3.333,0.333,45.06
1804,15722,15723,43.0,0.0,25.37
1805,15724,15725,3.0,0.0,37.0
1806,15730,15731,3.2,0.2,41.82
1807,15732,15733,10.2,0.2,119.98
1808,15734,15735,4.4,0.3,41.95
1809,15736,15737,2.167,0.167,29.96
1810,15738,15739,2.333,0.267,26.07
1811,15744,15745,4.5,0.333,61.58
1812,15746,15747,27.2,207.7,35.63
1813,15748,15749,11.667,1.333,91.57
1814,15752,15753,6.048,0.548,74.76
1815,15754,15755,5.81,0.562,72.97
1816,15768,15769,2.0,0.0,8.64
1817,15792,15793,5.0,0.0,25.41
1818,15808,15809,21.0,0.0,151.01
1819,15810,15811,4.5,0.5,30.98
1820,15846,15847,20.0,0.0,106.98
1821,15868,15869,8.5,1.0,64.42
1822,15872,15873,6.0,0.0,41.88
1823,15874,15875,6.0,0.0,51.64
1824,15876,15877,4.0,0.0,28.22
1825,15878,15879,8.0,1.0,71.11
1826,15880,15881,5.0,0.0,41.3
1827,15898,15899,13.5,220.5,45.8
1828,15900,15901,1.5,0.5,19.84
1829,15902,15903,3.0,0.0,34.9
1830,15904,15905,5.882,21.985,43.94
1831,15908,15909,5.8,15.2,12.1
1832,15910,15911,4.2,0.7,28.63
1833,15916,15917,4.2,0.7,30.09
1834,15936,15937,3.667,0.333,45.87
1835,15944,15945,23.667,50.333,10.41
1836,15946,15947,24.111,185.399,55.75
1837,15954,15955,2.0,0.0,8.45
1838,15956,15957,2.0,0.0,11.69
1839,15964,15965,22.0,0.0,91.21
1840,15966,15967,2.0,0.0,7.09
1841,15972,15973,6.889,0.361,88.46
1842,15974,15975,7.5,0.5,71.58
1843,16022,16023,13.0,0.0,46.82
1844,16024,16025,13.0,0.0,54.8
1845,16026,16027,5.0,0.0,23.64
1846,16074,16075,18.727,8.018,389.64
1847,16076,16077,18.538,37.603,425.02
1848,16078,16079,7.308,0.731,130.06
1849,16080,16081,11.667,1.467,180.72
1850,16140,16141,7.0,0.0,35.39
1851,16142,16143,5.0,0.0,28.99
1852,16180,16181,19.5,12.5,100.66
1853,16198,16199,7.0,0.0,39.14
1854,16210,16211,1.5,0.5,11.27
1855,16218,16219,5.375,0.839,67.09
1856,16226,16227,16.5,4.5,209.79
1857,16228,16229,5.5,0.5,69.74
1858,16236,16237,10.5,144.5,8.44
1859,16240,16241,4.0,0.0,23.47
1860,16242,16243,3.0,0.0,12.48
1861,16244,16245,2.0,0.0,12.89
1862,16254,16255,28.5,40.5,56.46
1863,16256,16257,12.5,4.5,26.12
1864,16274,16275,1.471,0.265,18.59
1865,16276,16277,8.333,0.333,43.4
1866,16280,16281,2.0,0.0,17.05
1867,16282,16283,12.0,0.0,114.15
1868,16322,16323,14.0,0.0,61.42
1869,16344,16345,8.0,0.0,97.22
1870,16346,16347,4.0,0.0,48.84
1871,16348,16349,5.5,0.5,73.59
1872,16350,16351,2.0,0.0,18.54
1873,16374,16375,154.0,0.0,722.46
1874,16384,16385,11.333,1.333,90.77
1875,16388,16389,33.0,0.0,205.98
1876,16390,16391,47.0,0.0,431.5
1877,16394,16395,8.909,0.491,144.89
1878,16418,16419,3.0,0.0,23.1
1879,16432,16433,11.0,86.333,35.76
1880,16446,16447,9.0,0.0,71.22
1881,16500,16501,3.615,0.256,43.37
1882,16502,16503,3.0,0.0,14.49
1883,16510,16511,13.4,45.3,75.72
1884,16512,16513,7.0,0.0,80.24
1885,16516,16517,3.0,0.0,18.22
1886,16522,16523,11.455,1.403,145.02
1887,16524,16525,1.409,0.253,19.96
1888,16536,16537,2.0,0.0,7.81
1889,16544,16545,15.0,2.0,260.19
1890,16560,16561,11.0,0.0,179.12
1891,16566,16567,6.167,0.167,65.64
1892,16590,16591,3.0,0.0,11.21
1893,16592,16593,2.0,0.0,9.98
1894,16612,16613,5.0,0.0,30.09
1895,16624,16625,3.846,0.141,37.72
1896,16626,16627,16.5,0.5,79.84
1897,16650,16651,5.0,0.0,25.27
1898,16654,16655,5.25,1.583,69.78
1899,16658,16659,16.0,8.667,253.03
1900,16660,16661,29.75,34.917,482.97
1901,16670,16671,1211.8,397713.314,110.66
1902,16672,16673,5.2,0.2,39.78
1903,16674,16675,1.6,0.3,7.24
1904,16678,16679,5.0,0.0,28.02
1905,16690,16691,1.5,0.5,11.76
1906,16692,16693,4.0,0.0,32.09
1907,16694,16695,1.5,0.5,10.02
1908,16696,16697,12.5,0.5,158.93
1909,16698,16699,5.0,0.0,61.05
1910,16700,16701,2.333,0.333,27.95
1911,16702,16703,4.0,0.0,45.13
1912,16706,16707,3.667,0.333,44.58
1913,16708,16709,17.0,0.0,79.19
1914,16730,16731,16.0,0.0,200.08
1915,16732,16733,5.0,0.0,61.82
1916,16734,16735,5.0,0.0,59.51
1917,16808,16809,23.0,0.0,21.56
1918,16810,16811,2.0,0.0,10.89
1919,16814,16815,2.5,0.5,9.54
1920,16836,16837,10.0,0.0,76.75
1921,16838,16839,9.0,0.0,66.82
1922,16840,16841,6.0,0.0,41.7
1923,16842,16843,3.0,0.0,20.58
1924,16844,16845,2.0,0.0,14.04
1925,16866,16867,3.0,0.0,14.55
1926,16868,16869,12.0,0.0,61.36
1927,16904,16905,1.5,0.5,18.04
1928,16916,16917,3.5,0.5,15.7
1929,16926,16927,18.0,54.5,80.26
1930,16944,16945,1.917,0.083,20.62
1931,16948,16949,8.0,0.0,59.59
1932,16952,16953,4.8,0.7,58.29
1933,16954,16955,1.8,0.2,20.49
1934,16956,16957,4.6,0.3,54.7
1935,16958,16959,4.25,0.25,51.59
1936,16960,16961,2.75,0.25,33.88
1937,16972,16973,2.0,0.0,6.71
1938,16986,16987,2.25,0.25,19.52
1939,16990,16991,14.833,74.967,18.27
1940,17002,17003,7.0,0.0,78.13
1941,17004,17005,5.0,0.0,56.06
1942,17038,17039,6.333,1.867,78.59
1943,17040,17041,12.0,84.4,73.55
1944,17042,17043,6.167,0.167,100.12
1945,17056,17057,2.0,0.0,19.34
1946,17064,17065,1.5,0.5,19.11
1947,17066,17067,1.333,0.333,16.64
1948,17068,17069,2.333,0.333,25.92
1949,17126,17127,20.25,3.468,530.03
1950,17134,17135,6.234,0.531,96.28
1951,17146,17147,3.0,0.0,14.59
1952,17148,17149,3.0,0.0,16.86
1953,17154,17155,6.0,0.0,62.73
1954,17164,17165,2.0,0.0,23.85
1955,17166,17167,2.0,0.0,21.08
1956,17186,17187,2.0,0.0,12.78
1957,17188,17189,6.0,0.0,16.26
1958,17194,17195,41.0,91.0,39.24
1959,17196,17197,9.0,0.0,129.49
1960,17198,17199,3.0,0.0,37.34
1961,17200,17201,1.182,0.164,18.83
1962,17218,17219,6.0,0.0,32.23
1963,17232,17233,4.0,0.0,40.36
1964,17234,17235,19.444,51.278,35.77
1965,17236,17237,1.875,0.125,23.82
1966,17238,17239,3.125,0.411,38.86
1967,17240,17241,1.25,0.214,17.73
1968,17242,17243,4.375,0.554,55.9
1969,17244,17245,1.75,0.214,22.81
1970,17250,17251,1.125,0.117,13.51
1971,17256,17257,5.556,0.528,45.67
1972,17264,17265,2.889,0.111,42.06
1973,17266,17267,2.0,0.0,22.76
1974,17268,17269,1.909,0.291,31.38
1975,17270,17271,4.818,0.564,78.76
1976,17272,17273,5.455,17.273,13.76
1977,17286,17287,4.0,0.0,30.77
1978,17288,17289,4.714,0.238,34.27
1979,17290,17291,2.571,0.286,17.26
1980,17292,17293,9.4,39.3,75.43
1981,17300,17301,111.0,0.0,558.75
1982,17318,17319,10.0,0.0,43.89
1983,17344,17345,8.0,0.0,11.67
1984,17360,17361,9.0,0.0,80.01
1985,17376,17377,14.0,0.0,63.31
1986,17410,17411,7.0,0.0,32.66
1987,17412,17413,16.0,0.0,72.38
1988,17444,17445,32.0,0.0,140.01
1989,17470,17471,8.0,0.0,43.47
1990,17478,17479,8.0,0.0,56.89
1991,17480,17481,7.0,0.0,51.3
1992,17488,17489,8.0,0.0,44.47
1993,17568,17569,3.0,0.0,17.33
1994,17572,17573,4.0,0.0,23.98
1995,17742,17743,6.0,0.0,29.7
1996,17770,17771,12.75,0.25,68.95
1997,17804,17805,6.0,0.0,32.61
1998,17868,17869,7.0,0.0,55.81
1999,17870,17871,19.4,22.489,465.81
2000,17872,17873,3.5,0.286,81.48
2001,17874,17875,4.125,0.125,62.78
2002,17884,17885,2.7,0.233,57.84
2003,17910,17911,2.0,0.0,8.77
2004,17918,17919,11.0,0.0,60.85
2005,17920,17921,2.0,0.0,8.2
2006,17922,17923,60.0,0.0,345.01
2007,17926,17927,49.0,0.0,283.07
2008,17968,17969,7.0,0.0,12.28
2009,17970,17971,12.5,0.5,61.91
2010,18008,18009,3.0,0.0,32.97
2011,18010,18011,4.0,0.0,49.1
2012,18014,18015,3.0,0.0,35.12
2013,18016,18017,7.0,0.0,82.55
2014,18018,18019,3.0,0.0,30.35
2015,18020,18021,4.0,0.0,53.05
2016,18026,18027,2.167,0.167,21.78
2017,18034,18035,1.5,1.0,10.51
2018,18036,18037,2.5,0.333,26.71
2019,18038,18039,3.75,0.25,28.33
2020,18040,18041,5.2,0.7,37.96
2021,18042,18043,9.667,0.333,77.74
2022,18044,18045,7.75,90.25,30.72
2023,18046,18047,4.2,0.2,58.51
2024,18048,18049,19.6,31.3,15.6
2025,18050,18051,31.0,690.4,65.16
2026,18052,18053,4.0,0.0,30.8
2027,18064,18065,14.0,0.0,66.4
2028,18138,18139,12.5,0.5,54.03
2029,18142,18143,6.0,0.0,32.0
2030,18212,18213,3.0,0.0,12.95
2031,18266,18267,10.0,0.667,143.38
2032,18268,18269,4.75,0.25,61.1
2033,18362,18363,20.0,2.0,104.08
2034,18376,18377,6.0,0.0,24.31
2035,18466,18467,3.0,0.0,29.87
2036,18474,18475,23.0,0.0,215.98
2037,18478,18479,21.81,53.162,198.94
2038,18480,18481,12.81,2.362,164.77
2039,18482,18483,2.25,0.197,26.56
2040,18484,18485,1.167,0.147,13.56
2041,18486,18487,44.222,99.83,426.06
2042,18488,18489,15.455,3.117,198.95
2043,18508,18509,4.0,0.0,18.04
2044,18536,18537,10.0,0.0,44.58
2045,18544,18545,9.0,0.0,34.79
2046,18576,18577,14.0,0.0,58.16
2047,18582,18583,5.0,0.0,26.36
2048,18612,18613,7.0,0.0,37.07
2049,18618,18619,38.0,0.0,92.63
2050,18632,18633,1.273,0.218,19.9
2051,18634,18635,6.273,0.218,45.44
2052,18674,18675,23.0,72.0,111.06
2053,18708,18709,6.0,0.0,32.12
2054,18754,18755,3.0,0.0,19.51
2055,18756,18757,6.0,0.0,49.01
2056,18798,18799,11.0,0.0,56.56
2057,18834,18835,9.0,0.0,39.01
2058,18838,18839,9.0,0.0,35.62
2059,18990,18991,9.0,0.0,44.87
2060,18992,18993,3.0,0.0,13.35
2061,19012,19013,9.0,0.0,58.07
2062,19014,19015,47.0,0.0,295.98
2063,19020,19021,17.0,0.0,138.94
2064,19022,19023,5.0,0.0,46.58
2065,19024,19025,7.0,0.0,55.76
2066,19026,19027,18.667,10.333,128.7
2067,19028,19029,23.0,2.0,138.4
2068,19030,19031,8.5,0.5,52.07
2069,19032,19033,11.5,0.5,74.89
2070,19034,19035,12.5,0.5,78.71
2071,19056,19057,4.933,0.495,32.22
2072,19058,19059,3.0,0.0,26.56
2073,19060,19061,7.0,0.0,58.16
2074,19062,19063,34.0,0.0,295.27
2075,19096,19097,2.0,0.0,8.0
2076,19104,19105,7.0,0.0,33.19
2077,19140,19141,3.2,0.2,48.73
2078,19166,19167,2.333,0.333,27.57
2079,19168,19169,4.667,1.333,60.66
2080,19170,19171,2.333,0.333,28.13
2081,19172,19173,17.0,19.0,208.02
2082,19176,19177,2.667,0.333,38.23
2083,19178,19179,2.0,0.0,25.22
2084,19194,19195,4.286,0.238,29.5
2085,19196,19197,4.0,0.0,18.52
2086,19208,19209,2.0,0.0,13.63
2087,19212,19213,14.0,0.0,128.21
2088,19214,19215,13.375,2.839,99.58
2089,19216,19217,25.667,6.333,121.36
2090,19218,19219,2.0,0.0,9.28
2091,19284,19285,5.6,33.156,43.29
2092,19286,19287,2.1,0.1,36.31
2093,19306,19307,6.909,0.691,159.56
2094,19310,19311,6.0,0.0,26.35
2095,19344,19345,6.4,1.3,75.33
2096,19404,19405,11.0,0.0,77.92
2097,19410,19411,6.0,0.0,42.76
2098,19418,19419,3.0,0.0,25.74
2099,19436,19437,8.0,0.0,59.24
2100,19438,19439,19.0,0.0,21.19
2101,19442,19443,2.0,0.0,12.54
2102,19446,19447,7.333,2.333,84.01
2103,19448,19449,6.0,0.0,76.63
2104,19450,19451,4.0,0.0,44.14
2105,19452,19453,5.0,0.0,65.91
2106,19454,19455,13.0,0.0,151.69
2107,19456,19457,4.0,0.0,54.76
2108,19458,19459,5.0,0.0,64.1
2109,19460,19461,8.667,1.25,114.97
2110,19472,19473,2.0,0.0,7.24
2111,19474,19475,23.0,0.0,105.18
2112,19480,19481,29.0,0.0,178.17
2113,19482,19483,18.0,0.0,112.57
2114,19494,19495,17.0,0.0,96.01
2115,19500,19501,8.0,0.0,48.95
2116,19554,19555,12.333,0.267,158.12
2117,19562,19563,17.0,0.0,171.54
2118,19572,19573,2.0,0.0,12.31
2119,19624,19625,2.0,0.0,13.44
2120,19628,19629,5.0,0.0,21.56
2121,19672,19673,2.222,0.194,30.42
2122,19676,19677,11.6,87.378,27.95
2123,19678,19679,16.533,150.41,42.83
2124,19680,19681,4.0,25.538,19.04
2125,19682,19683,25.75,256.786,17.26
2126,19684,19685,27.833,149.767,26.62
2127,19686,19687,1.346,0.235,16.67
2128,19688,19689,12.75,206.205,19.51
2129,19690,19691,1.846,0.135,23.15
2130,19692,19693,7.2,52.7,27.57
2131,19694,19695,4.909,0.491,79.73
2132,19696,19697,2.235,0.441,26.15
2133,19702,19703,1.077,0.077,22.63
2134,19708,19709,21.667,114.333,25.21
2135,19710,19711,3.0,0.0,30.57
2136,19712,19713,4.857,0.143,63.91
2137,19714,19715,1.875,0.411,25.72
2138,19716,19717,17.125,78.125,38.61
2139,19718,19719,3.714,0.238,40.41
2140,19722,19723,1.571,0.286,18.44
2141,19724,19725,3.0,0.0,20.79
2142,19726,19727,4.714,0.571,60.16
2143,19728,19729,2.857,0.143,33.26
2144,19730,19731,4.143,0.476,54.68
2145,19738,19739,23.0,0.0,111.94
2146,19758,19759,4.167,2.567,82.23
2147,19760,19761,12.6,0.3,247.46
2148,19782,19783,2.0,0.0,3.87
2149,19784,19785,9.0,0.0,18.9
2150,19786,19787,31.0,0.0,19.17
2151,19798,19799,5.0,0.0,38.68
2152,19808,19809,47.857,0.132,2525.79
2153,19812,19813,7.667,1.067,159.67
2154,19816,19817,10.5,0.5,77.67
2155,19818,19819,6.625,0.268,70.9
2156,19822,19823,5.0,0.0,56.26
2157,19840,19841,6.5,0.423,81.35
2158,19842,19843,8.75,0.6,112.77
2159,19844,19845,2.375,0.25,31.1
2160,19888,19889,2.0,0.0,25.41
2161,19890,19891,2.0,0.0,28.37
2162,19892,19893,4.5,0.5,57.21
2163,19894,19895,4.0,0.0,57.16
2164,19896,19897,2.0,0.0,27.69
2165,19944,19945,5.0,0.0,36.83
2166,19948,19949,2.0,0.0,10.44
2167,19970,19971,7.867,26.326,32.14
2168,19972,19973,10.091,1.134,132.77
2169,19976,19977,11.286,65.238,2.04
2170,20002,20003,2.0,0.0,23.67
2171,20044,20045,13.0,0.0,170.52
2172,20046,20047,21.0,0.0,281.51
2173,20048,20049,31.0,0.0,416.58
2174,20050,20051,14.0,0.0,182.01
2175,20074,20075,9.0,0.0,125.76
2176,20138,20139,4.0,2.4,53.98
2177,20140,20141,2.333,0.267,49.53
2178,20142,20143,6.333,1.467,130.41
2179,20146,20147,4.833,0.167,60.86
2180,20152,20153,243.0,0.0,1086.88
2181,20176,20177,2.0,0.0,9.77
2182,20204,20205,26.0,0.0,144.7
2183,20210,20211,20.0,0.0,91.05
2184,20228,20229,16.333,2.333,105.02
2185,20254,20255,1.174,0.15,17.4
2186,20256,20257,14.348,130.055,23.49
2187,20258,20259,4.5,0.267,55.55
2188,20260,20261,31.444,94.967,78.23
2189,20262,20263,7.273,0.779,159.73
2190,20264,20265,1.4,0.267,33.56
2191,20268,20269,3.25,0.214,43.68
2192,20310,20311,4.8,0.4,58.7
2193,20312,20313,6.273,0.218,83.08
2194,20318,20319,2.0,0.0,10.42
2195,20324,20325,131.667,60.333,689.66
2196,20328,20329,19.0,0.0,100.7
2197,20330,20331,21.0,0.0,114.83
2198,20334,20335,44.0,0.0,177.2
2199,20342,20343,20.0,0.0,102.42
2200,20344,20345,20.5,0.5,105.38
2201,20346,20347,3.333,0.333,17.58
2202,20356,20357,108.333,60.333,524.74
2203,20358,20359,6.909,0.291,111.47
2204,20408,20409,67.0,0.0,252.87
2205,20410,20411,15.0,0.0,85.98
2206,20420,20421,15.0,167.556,97.05
2207,20422,20423,17.75,202.786,25.12
2208,20424,20425,3.0,0.0,38.83
2209,20430,20431,1.75,0.25,23.38
2210,20436,20437,2.0,0.0,9.7
2211,20438,20439,4.321,0.3,56.24
2212,20444,20445,2.417,0.265,23.38
2213,20446,20447,1.647,0.243,20.9
2214,20448,20449,2.25,0.25,25.36
2215,20450,20451,15.455,2.473,187.0
2216,20452,20453,5.0,0.4,62.58
2217,20454,20455,3.308,1.731,26.31
2218,20456,20457,8.545,44.073,1.3
2219,20458,20459,3.538,0.769,30.26
2220,20462,20463,1.938,0.063,25.12
2221,20464,20465,9.875,1.45,123.22
2222,20466,20467,26.5,17.733,313.73
2223,20510,20511,2.0,0.0,8.47
2224,20514,20515,2.0,0.0,9.17
2225,20518,20519,2.0,0.0,8.33
2226,20522,20523,2.0,0.0,8.55
2227,20536,20537,10.0,0.0,46.74
2228,20580,20581,7.0,0.0,30.61
2229,20590,20591,7.0,0.0,34.94
2230,20600,20601,5.0,0.0,28.87
2231,20626,20627,2.0,0.0,9.09
2232,20636,20637,6.0,0.0,34.94
2233,20664,20665,3.929,0.225,48.22
2234,20832,20833,2.444,0.278,34.67
2235,20834,20835,2.667,0.25,35.94
2236,20836,20837,1.571,0.286,21.95
2237,20838,20839,2.286,0.238,29.69
2238,20870,20871,14.0,0.0,72.83
2239,20980,20981,21.5,684.5,28.03
2240,20982,20983,2.5,0.5,25.04
2241,20996,20997,23.0,0.0,102.21
2242,21010,21011,2.667,0.25,29.02
2243,21012,21013,4.0,0.5,51.05
2244,21014,21015,2.636,0.255,31.84
2245,21016,21017,5.455,0.673,66.34
2246,21018,21019,4.5,0.273,39.77
2247,21032,21033,21.111,154.111,91.08
2248,21034,21035,43.0,32.0,83.67
2249,21036,21037,83.0,0.0,164.41
2250,21042,21043,12.0,0.0,26.89
2251,21070,21071,11.4,6.8,26.29
2252,21078,21079,4.0,0.0,14.45
2253,21082,21083,1.167,0.144,16.34
2254,21084,21085,4.931,8.852,24.27
2255,21128,21129,3.0,0.0,19.07
2256,21130,21131,2.0,0.0,12.65
2257,21134,21135,4.5,0.5,21.62
2258,21136,21137,5.0,0.0,15.98
2259,21160,21161,1.5,0.5,3.38
2260,21234,21235,3.0,0.0,13.65
2261,21242,21243,13.111,105.611,45.27
2262,21258,21259,18.429,1.619,214.55
2263,21260,21261,11.556,2.278,139.53
2264,21262,21263,5.111,0.111,61.08
2265,21264,21265,21.778,171.444,70.57
2266,21266,21267,5.0,0.154,61.86
2267,21268,21269,4.143,0.44,51.93
2268,21270,21271,3.571,0.418,45.48
2269,21274,21275,1.071,0.071,16.04
2270,21300,21301,7.0,8.0,28.49
2271,21330,21331,8.0,0.0,154.99
2272,21332,21333,2.0,0.0,48.78
2273,21364,21365,3.167,0.167,37.03
2274,21366,21367,14.0,162.0,68.39
2275,21374,21375,2.0,0.4,25.81
2276,21376,21377,1.167,0.167,15.3
2277,21396,21397,25.0,0.0,149.76
2278,21448,21449,3.875,0.696,54.16
2279,21450,21451,8.125,0.696,104.74
2280,21452,21453,1.75,0.205,21.63
2281,21454,21455,20.083,341.72,22.73
2282,21456,21457,1.727,0.218,20.52
2283,21458,21459,1.125,0.125,7.84
2284,21460,21461,6.545,11.873,66.18
2285,21462,21463,7.091,0.491,90.18
2286,21464,21465,5.818,0.364,78.1
2287,21472,21473,7.037,0.652,92.25
2288,21478,21479,2.0,0.0,21.92
2289,21504,21505,5.0,0.286,65.1
2290,21506,21507,2.25,0.917,18.69
2291,21508,21509,11.75,0.917,145.9
2292,21510,21511,6.8,1.7,81.29
2293,21512,21513,10.0,0.0,44.79
2294,21514,21515,3.0,0.0,27.11
2295,21516,21517,2.0,0.0,26.88
2296,21520,21521,10.667,2.333,120.37
2297,21522,21523,8.0,0.0,85.46
2298,21524,21525,7.0,0.0,94.95
2299,21546,21547,1.333,0.333,12.26
2300,21550,21551,1.154,0.141,19.0
2301,21556,21557,34.0,0.0,134.44
2302,21564,21565,2.467,0.257,54.28
2303,21574,21575,17.0,0.0,72.84
2304,21576,21577,3.0,0.0,12.41
2305,21578,21579,2.0,0.0,18.28
2306,21580,21581,21.0,0.0,102.47
2307,21638,21639,1.5,0.5,5.35
2308,21702,21703,10.0,0.0,24.25
2309,21704,21705,23.0,0.0,50.69
2310,21740,21741,4.0,0.0,35.11
2311,21748,21749,3.0,0.0,23.78
2312,21750,21751,3.0,0.0,20.3
2313,21752,21753,3.0,0.0,19.66
2314,21754,21755,3.0,0.0,26.13
2315,21756,21757,3.0,0.0,17.26
2316,21764,21765,5.0,0.0,61.7
2317,21772,21773,5.0,0.0,16.01
2318,21790,21791,8.0,0.0,108.84
2319,21796,21797,14.0,0.0,191.15
2320,21816,21817,8.333,2.333,102.17
2321,21818,21819,10.5,1.667,131.49
2322,21820,21821,3.25,0.25,43.62
2323,21822,21823,1.5,0.333,20.15
2324,21832,21833,10.037,0.96,122.33
2325,21836,21837,2.0,0.0,12.16
2326,21860,21861,23.0,0.0,132.5
2327,21872,21873,42.0,0.0,184.39
2328,21874,21875,23.0,0.0,99.49
2329,21890,21891,7.2,1.067,93.87
2330,21892,21893,10.1,1.878,137.28
2331,21896,21897,7.25,0.917,98.19
2332,21898,21899,3.0,0.0,45.29
2333,21900,21901,1.75,0.25,18.57
2334,21902,21903,5.0,0.0,71.14
2335,21904,21905,1.5,0.333,23.9
2336,21938,21939,4.0,0.0,30.69
2337,21950,21951,20.0,0.0,41.71
2338,21952,21953,5.0,2.0,9.38
2339,21954,21955,15.5,4.5,31.6
2340,21956,21957,13.5,0.5,26.51
2341,21958,21959,8.5,4.5,62.52
2342,21960,21961,3.0,0.0,17.7
2343,21964,21965,8.0,2.0,62.47
2344,21968,21969,3.0,0.0,20.08
2345,21970,21971,3.0,0.0,28.16
2346,21972,21973,3.0,0.0,18.89
2347,21974,21975,4.0,0.0,28.44
2348,21976,21977,2.0,0.0,17.72
2349,21978,21979,3.0,0.0,25.59
2350,21984,21985,1.8,0.2,8.44
2351,21986,21987,4.2,0.2,22.47
2352,21988,21989,2.8,0.2,13.98
2353,21990,21991,31.0,0.0,74.08
2354,21994,21995,2.0,0.0,26.27
2355,21996,21997,2.2,0.2,28.16
2356,21998,21999,3.0,0.0,40.7
2357,22000,22001,3.6,0.3,32.65
2358,22010,22011,6.5,4.5,45.71
2359,22012,22013,14.5,12.5,103.32
2360,22014,22015,9.5,0.5,62.65
2361,22016,22017,2.5,0.5,17.53
2362,22018,22019,4.5,0.5,31.54
2363,22020,22021,2.5,0.5,11.54
2364,22024,22025,3.5,0.5,16.2
2365,22036,22037,4.0,0.0,31.62
2366,22042,22043,9.0,0.0,64.29
2367,22044,22045,14.0,0.0,99.66
2368,22048,22049,4.0,0.0,29.09
2369,22050,22051,2.0,0.0,7.69
2370,22056,22057,9.333,2.333,69.07
2371,22058,22059,2.5,0.5,20.37
2372,22060,22061,2.5,0.5,17.28
2373,22066,22067,2.0,0.0,11.26
2374,22090,22091,10.0,0.0,75.16
2375,22100,22101,12.0,0.0,90.31
2376,22102,22103,2.0,0.0,14.26
2377,22104,22105,8.0,0.0,57.16
2378,22106,22107,2.0,0.0,11.67
2379,22118,22119,27.75,511.583,109.11
2380,22120,22121,15.0,0.0,54.23
2381,22128,22129,7.0,0.889,50.37
2382,22130,22131,2.5,0.5,14.1
2383,22132,22133,4.0,0.0,32.48
2384,22134,22135,8.0,0.0,63.92
2385,22140,22141,2.0,0.0,31.43
2386,22142,22143,8.583,0.629,138.74
2387,22144,22145,4.75,0.568,76.85
2388,22146,22147,6.857,0.81,120.95
2389,22148,22149,8.2,1.289,140.52
2390,22150,22151,5.0,0.444,85.66
2391,22154,22155,6.667,0.5,115.12
2392,22156,22157,3.778,0.444,63.86
2393,22164,22165,14.0,0.0,181.22
2394,22178,22179,3.0,0.0,63.77
2395,22180,22181,3.4,0.25,46.2
2396,22210,22211,8.0,0.0,79.72
2397,22212,22213,8.0,0.0,81.06
2398,22214,22215,6.857,0.476,74.04
2399,22216,22217,11.375,2.554,145.29
2400,22220,22221,5.545,0.473,53.08
2401,22222,22223,1.133,0.124,14.59
2402,22224,22225,1.722,0.212,18.3
2403,22226,22227,7.556,24.967,47.9
2404,22230,22231,3.833,0.265,50.69
2405,22234,22235,2.571,0.286,26.7
2406,22236,22237,8.0,0.5,116.75
2407,22250,22251,5.0,0.0,67.8
2408,22252,22253,3.4,0.3,43.57
2409,22254,22255,3.2,0.2,46.99
2410,22256,22257,4.6,0.3,68.09
2411,22258,22259,2.75,0.25,27.2
2412,22264,22265,6.0,1.0,136.21
2413,22266,22267,18.0,0.0,349.2
2414,22268,22269,13.125,0.696,287.66
2415,22292,22293,2.0,0.0,8.11
2416,22314,22315,8.0,0.0,65.6
2417,22330,22331,6.0,0.0,44.88
2418,22332,22333,4.0,0.0,27.81
2419,22334,22335,7.0,0.0,48.2
2420,22340,22341,8.5,0.5,67.15
2421,22342,22343,31.0,338.0,33.95
2422,22368,22369,6.333,0.75,106.67
2423,22428,22429,18.091,127.491,87.83
2424,22440,22441,6.077,0.744,101.2
2425,22442,22443,2.538,0.436,37.42
2426,22444,22445,17.062,10.862,271.59
2427,22482,22483,20.0,0.0,120.21
2428,22486,22487,3.0,0.0,21.74
2429,22488,22489,2.8,0.2,21.33
2430,22490,22491,2.8,0.2,21.71
2431,22492,22493,2.6,0.3,19.87
2432,22494,22495,2.4,0.3,20.93
2433,22496,22497,4.8,0.2,34.86
2434,22500,22501,8.0,0.0,48.81
2435,22504,22505,5.0,0.0,28.9
2436,22506,22507,12.0,0.0,73.62
2437,22530,22531,14.5,3.667,198.46
2438,22532,22533,2.0,0.0,27.26
2439,22534,22535,19.25,7.583,264.73
2440,22536,22537,3.0,0.0,26.82
2441,22550,22551,4.0,0.0,36.55
2442,22552,22553,3.0,0.0,21.69
2443,22560,22561,1.062,0.062,10.81
2444,22562,22563,10.167,105.242,4.32
2445,22568,22569,9.0,2.0,61.13
2446,22570,22571,8.5,0.5,59.75
2447,22572,22573,4.333,0.333,33.47
2448,22576,22577,5.111,0.361,69.34
2449,22580,22581,22.88,206.193,94.49
2450,22586,22587,26.0,0.0,125.88
2451,22636,22637,2.818,0.164,36.59
2452,22638,22639,5.727,0.418,72.54
2453,22656,22657,4.667,0.333,47.02
2454,22658,22659,1.667,0.333,21.75
2455,22660,22661,4.333,0.333,59.55
2456,22664,22665,2.667,0.333,18.0
2457,22676,22677,16.0,8.0,121.56
2458,22678,22679,4.0,0.0,32.63
2459,22688,22689,11.5,0.5,87.23
2460,22700,22701,9.8,0.2,49.49
2461,22710,22711,8.0,0.0,100.97
2462,22716,22717,3.0,0.0,26.49
2463,22720,22721,2.0,0.0,15.75
2464,22726,22727,6.0,0.0,28.98
2465,22732,22733,7.0,0.0,38.46
2466,22738,22739,3.0,0.0,12.18
2467,22740,22741,18.0,0.0,71.73
2468,22742,22743,15.0,0.0,62.0
2469,22750,22751,2.0,0.0,35.7
2470,22752,22753,7.5,0.5,114.1
2471,22762,22763,16.727,3.018,133.12
2472,22764,22765,5.545,0.473,43.36
2473,22766,22767,2.182,0.364,17.22
2474,22768,22769,1.222,0.194,10.04
2475,22770,22771,6.889,0.361,51.37
2476,22820,22821,10.0,0.0,45.88
2477,22822,22823,5.0,0.0,23.57
2478,22832,22833,6.0,0.0,25.07
2479,22852,22853,7.0,0.0,55.57
2480,22920,22921,3.0,0.286,38.89
2481,22922,22923,16.25,1.071,207.26
2482,22924,22925,42.5,141.429,61.22
2483,22926,22927,1.5,0.278,17.52
2484,22928,22929,3.5,0.269,44.71
2485,22930,22931,13.143,0.901,170.9
2486,22932,22933,1.333,0.242,15.58
2487,22934,22935,12.188,1.362,150.68
2488,22976,22977,22.167,5.242,335.23
2489,22978,22979,6.8,0.7,113.34
2490,22980,22981,8.6,0.8,147.5
2491,22982,22983,7.0,0.5,125.42
2492,22984,22985,1.6,0.3,27.28
2493,22986,22987,5.6,0.3,92.51
2494,23020,23021,22.0,0.0,113.16
2495,23034,23035,141.0,0.0,531.01
2496,23036,23037,19.636,2.719,257.87
2497,23038,23039,1.5,0.286,20.91
2498,23040,23041,1.333,0.333,18.16
2499,23052,23053,5.0,0.0,63.02
2500,23056,23057,21.5,211.667,9.7
2501,23060,23061,2.0,0.0,22.01
2502,23064,23065,1.75,0.25,10.12
2503,23076,23077,3.429,0.286,43.62
2504,23078,23079,7.0,0.0,48.19
2505,23082,23083,12.0,0.0,88.06
2506,23098,23099,15.444,1.028,204.25
2507,23100,23101,3.0,3.5,21.81
2508,23102,23103,5.8,1.7,69.91
2509,23112,23113,3.0,0.0,16.5
2510,23114,23115,4.0,0.0,20.69
2511,23116,23117,2.5,0.5,11.06
2512,23118,23119,4.0,0.0,20.42
2513,23120,23121,15.0,0.0,81.69
2514,23168,23169,5.0,0.0,25.27
2515,23170,23171,4.0,0.0,19.51
2516,23384,23385,2.0,0.0,8.73
2517,23426,23427,4.0,0.0,22.92
2518,23504,23505,7.0,0.0,75.23
2519,23506,23507,2.0,0.0,16.62
2520,23514,23515,9.6,55.516,16.79
2521,23526,23527,7.167,0.567,90.21
2522,23528,23529,27.333,5.867,340.4
2523,23530,23531,18.4,1.3,229.79
2524,23534,23535,34.5,40.5,154.06
2525,23554,23555,1.571,0.264,15.22
2526,23580,23581,4.167,0.167,30.98
2527,23582,23583,7.75,0.25,55.5
2528,23584,23585,6.0,0.0,46.42
2529,23588,23589,2.5,0.5,16.02
2530,23590,23591,3.5,0.5,26.22
2531,23596,23597,3.0,0.0,22.33
2532,23598,23599,2.667,0.333,16.92
2533,23600,23601,2.0,0.0,15.64
2534,23602,23603,12.0,0.0,92.56
2535,23604,23605,2.0,0.0,12.46
2536,23608,23609,2.0,0.0,9.9
2537,23618,23619,3.0,0.0,26.73
2538,23620,23621,12.0,0.0,95.35
2539,23622,23623,4.0,0.0,33.06
2540,23624,23625,3.0,0.0,28.74
2541,23642,23643,3.0,0.0,15.58
2542,23648,23649,53.0,0.0,116.64
2543,23662,23663,18.0,0.0,104.11
2544,23710,23711,10.0,0.0,56.82
2545,23728,23729,8.0,1.0,83.31
2546,23734,23735,19.0,6.6,250.96
2547,23736,23737,1.727,0.418,24.33
2548,23796,23797,13.0,2.286,167.14
2549,23798,23799,22.5,118.3,65.14
2550,23802,23803,2.8,0.2,32.25
2551,23832,23833,2.0,0.0,7.1
2552,23838,23839,2.667,0.333,30.36
2553,23868,23869,19.0,0.0,111.51
2554,23870,23871,4.0,0.0,24.01
2555,23886,23887,12.0,0.0,60.83
2556,23888,23889,3.0,0.0,14.9
2557,23892,23893,11.0,0.0,58.88
2558,23912,23913,3.5,0.5,14.94
2559,23916,23917,3.0,0.0,11.5
2560,23920,23921,1.333,0.333,6.06
2561,23926,23927,37.0,0.0,235.34
2562,23952,23953,17.0,0.0,78.36
2563,23994,23995,2.0,0.0,8.6
2564,24090,24091,15.0,2.0,66.25
2565,24096,24097,11.0,0.0,87.62
2566,24098,24099,2.0,0.0,12.73
2567,24100,24101,2.0,0.0,12.17
2568,24128,24129,16.5,5.667,114.98
2569,24140,24141,22.105,1.322,1009.52
2570,24144,24145,9.0,2.0,60.09
2571,24146,24147,6.0,2.0,43.88
2572,24148,24149,7.0,2.0,47.6
2573,24150,24151,2.0,0.0,11.38
2574,24152,24153,6.0,2.0,40.79
2575,24154,24155,3.0,0.0,20.1
2576,24156,24157,14.0,0.0,118.7
2577,24158,24159,5.0,0.667,61.51
2578,24164,24165,3.0,0.0,40.03
2579,24180,24181,30.0,0.0,150.02
2580,24186,24187,3.0,0.0,12.81
2581,24204,24205,3.0,0.0,13.61
2582,24210,24211,15.0,0.0,97.16
2583,24212,24213,13.0,0.0,82.72
2584,24242,24243,6.333,30.333,9.5
2585,24244,24245,5.333,0.333,57.16
2586,24304,24305,146.0,0.0,723.6
2587,24318,24319,13.0,0.0,62.45
2588,24322,24323,37.0,0.0,167.88
2589,24336,24337,6.824,0.779,86.61
2590,24338,24339,1.529,0.265,20.37
2591,24340,24341,13.0,2.625,168.23
2592,24342,24343,4.412,12.507,9.2
2593,24344,24345,8.706,1.096,112.09
2594,24346,24347,18.059,3.809,201.23
2595,24348,24349,28.529,113.64,250.11
2596,24354,24355,8.0,0.0,50.63
2597,24386,24387,14.7,47.789,17.99
2598,24406,24407,1.579,0.257,20.12
2599,24420,24421,24.0,1.333,306.0
2600,24422,24423,2.0,0.0,24.34
2601,24428,24429,5.0,1.0,57.1
2602,24430,24431,1.5,0.5,21.03
2603,24432,24433,15.5,0.5,200.7
2604,24434,24435,2.0,0.0,23.66
2605,24436,24437,4.75,0.25,56.52
2606,24438,24439,2.667,0.333,31.75
2607,24444,24445,2.333,0.333,30.85
2608,24446,24447,1.333,0.333,21.06
2609,24448,24449,2.0,0.0,22.93
2610,24450,24451,4.667,0.333,56.25
2611,24452,24453,5.667,0.333,79.99
2612,24454,24455,1.333,0.333,24.33
2613,24456,24457,2.0,0.0,27.49
2614,24458,24459,1.667,0.333,22.5
2615,24460,24461,3.333,0.333,45.62
2616,24462,24463,8.333,1.333,120.47
2617,24464,24465,11.333,1.333,162.94
2618,24466,24467,9.0,1.0,126.4
2619,24518,24519,6.0,0.0,27.86
2620,24524,24525,3.0,0.0,14.37
2621,24530,24531,2.0,0.0,17.11
2622,24532,24533,8.333,1.333,43.51
2623,24540,24541,4.0,0.0,28.25
2624,24548,24549,11.417,1.174,181.0
2625,24604,24605,7.0,0.0,34.38
2626,24634,24635,6.0,0.0,42.58
2627,24648,24649,4.0,0.0,19.18
2628,24650,24651,6.0,0.0,33.55
2629,24656,24657,9.0,0.0,63.11
2630,24658,24659,12.0,0.0,84.32
2631,24662,24663,6.0,0.0,35.94
2632,24708,24709,51.0,0.0,305.2
2633,24710,24711,24.111,6.611,402.75
2634,24726,24727,12.0,2.0,61.78
2635,24736,24737,4.0,0.0,20.53
2636,24756,24757,8.0,0.0,34.42
2637,24774,24775,4.0,0.0,18.28
2638,24798,24799,3.583,0.447,56.24
2639,24800,24801,13.333,19.697,164.4
2640,24804,24805,1.5,0.333,25.27
2641,24806,24807,6.5,0.333,101.79
2642,24808,24809,15.636,1.455,246.48
2643,24816,24817,5.222,16.444,35.75
2644,24860,24861,1.5,0.5,10.62
2645,24916,24917,2.0,0.0,10.13
2646,24964,24965,2.5,0.5,23.18
2647,24980,24981,7.0,0.0,38.59
2648,24984,24985,6.0,0.0,23.97
2649,25018,25019,4.0,0.0,38.84
2650,25038,25039,2.0,0.0,33.03
2651,25052,25053,5.0,0.0,60.64
2652,25054,25055,2.0,0.0,15.53
2653,25056,25057,5.333,0.333,46.15
2654,25140,25141,3.5,0.5,19.1
2655,25178,25179,7.0,0.667,50.91
2656,25180,25181,10.25,74.917,18.38
2657,25212,25213,8.364,21.29,39.7
2658,25226,25227,12.0,0.0,68.65
2659,25254,25255,1.667,0.25,20.25
2660,25256,25257,3.111,0.111,41.15
2661,25258,25259,4.0,1.0,50.62
2662,25260,25261,3.5,0.269,44.51
2663,25270,25271,3.0,0.0,33.84
2664,25272,25273,3.333,0.333,37.07
2665,25274,25275,2.0,0.0,29.12
2666,25276,25277,3.333,0.333,44.86
2667,25278,25279,2.667,0.333,31.2
2668,25280,25281,6.333,0.333,76.46
2669,25282,25283,6.667,1.333,85.6
2670,25286,25287,2.5,1.0,30.22
2671,25288,25289,2.667,0.333,42.23
2672,25290,25291,2.333,0.333,29.71
2673,25292,25293,2.5,0.333,31.32
2674,25294,25295,3.0,0.667,42.8
2675,25296,25297,2.5,0.333,34.99
2676,25298,25299,2.5,0.333,29.02
2677,25302,25303,2.5,0.333,36.32
2678,25304,25305,2.25,0.25,29.06
2679,25306,25307,2.25,0.25,29.15
2680,25308,25309,3.429,0.457,44.05
2681,25310,25311,4.773,1.041,62.7
2682,25314,25315,3.52,0.343,42.52
2683,25318,25319,8.333,0.333,109.42
2684,25320,25321,8.4,0.8,118.03
2685,25322,25323,10.0,1.8,136.21
2686,25326,25327,7.727,0.618,102.13
2687,25330,25331,8.455,0.673,111.69
2688,25332,25333,1.545,0.273,22.17
2689,25334,25335,2.0,0.0,28.54
2690,25336,25337,4.182,0.164,54.76
2691,25338,25339,4.818,7.564,38.46
2692,25342,25343,1.5,0.278,10.1
2693,25348,25349,1.8,0.178,14.9
2694,25350,25351,5.261,0.474,66.27
2695,25352,25353,9.174,8.332,88.17
2696,25356,25357,8.583,1.645,114.16
2697,25358,25359,3.833,0.406,51.46
2698,25360,25361,5.6,0.489,73.34
2699,25362,25363,6.8,0.4,89.02
2700,25364,25365,11.429,1.286,155.22
2701,25366,25367,20.143,165.143,76.57
2702,25368,25369,15.5,13.389,169.84
2703,25370,25371,2.5,0.278,27.28
2704,25372,25373,2.0,0.222,28.51
2705,25374,25375,5.6,0.711,77.38
2706,25376,25377,6.5,0.944,91.53
2707,25378,25379,4.4,3.822,41.69
2708,25380,25381,2.667,0.333,15.89
2709,25382,25383,7.333,0.333,53.43
2710,25386,25387,12.5,12.7,187.46
2711,25388,25389,1.5,0.3,22.86
2712,25390,25391,25.667,451.067,16.45
2713,25392,25393,20.25,72.5,141.04
2714,25398,25399,9.0,0.0,114.92
2715,25400,25401,2.667,0.333,37.59
2716,25402,25403,5.75,0.917,73.54
2717,25406,25407,5.5,0.333,59.12
2718,25408,25409,5.143,0.476,56.34
2719,25410,25411,22.8,158.7,45.77
2720,25412,25413,2.235,0.191,31.71
2721,25414,25415,16.0,0.0,153.35
2722,25418,25419,4.435,0.257,60.26
2723,25420,25421,2.737,0.205,36.29
2724,25422,25423,1.333,0.333,12.29
2725,25424,25425,3.0,0.0,43.48
2726,25426,25427,3.0,0.0,32.77
2727,25428,25429,4.0,0.0,51.47
2728,25430,25431,4.0,0.0,36.12
2729,25432,25433,8.0,0.0,87.85
2730,25434,25435,3.0,0.0,31.75
2731,25436,25437,4.0,0.0,36.82
2732,25438,25439,18.0,0.0,192.33
2733,25440,25441,4.0,0.0,39.8
2734,25442,25443,8.0,0.0,81.96
2735,25444,25445,2.0,0.0,24.14
2736,25448,25449,3.6,15.833,20.59
2737,25450,25451,1.037,0.037,13.28
2738,25452,25453,21.15,173.713,37.87
2739,25454,25455,18.0,0.0,142.09
2740,25456,25457,2.0,0.0,14.5
2741,25464,25465,12.0,0.0,91.38
2742,25466,25467,10.0,0.0,75.75
2743,25468,25469,18.0,0.0,129.31
2744,25480,25481,14.0,0.0,159.13
2745,25482,25483,24.0,2.0,297.38
2746,25500,25501,2.0,0.0,25.26
2747,25502,25503,3.0,0.0,43.43
2748,25504,25505,4.0,0.0,50.11
2749,25506,25507,3.0,0.0,27.21
2750,25508,25509,4.0,0.0,49.89
2751,25510,25511,5.0,0.0,58.9
2752,25512,25513,5.0,0.0,67.44
2753,25542,25543,4.0,0.0,40.73
2754,25544,25545,2.333,0.333,19.21
2755,25546,25547,3.0,0.0,31.73
2756,25548,25549,1.75,0.25,13.39
2757,25552,25553,1.812,0.162,22.2
2758,25554,25555,2.0,0.133,26.68
2759,25556,25557,3.062,0.196,39.57
2760,25558,25559,2.0,0.0,21.84
2761,25560,25561,3.364,0.455,43.16
2762,25562,25563,10.0,0.0,74.06
2763,25564,25565,9.0,0.0,62.01
2764,25566,25567,1.308,0.231,16.97
2765,25568,25569,1.75,0.205,20.75
2766,25570,25571,1.231,0.192,17.11
2767,25572,25573,4.308,0.231,54.64
2768,25574,25575,3.308,0.231,43.13
2769,25580,25581,4.0,0.667,56.78
2770,25582,25583,6.5,1.667,88.86
2771,25584,25585,4.0,0.667,46.94
2772,25586,25587,4.2,0.178,53.08
2773,25588,25589,5.0,0.444,65.55
2774,25592,25593,4.1,0.322,54.28
2775,25594,25595,1.5,0.5,19.67
2776,25596,25597,2.5,0.5,29.04
2777,25602,25603,7.0,0.0,78.86
2778,25604,25605,2.0,0.0,27.31
2779,25606,25607,9.667,2.333,119.7
2780,25608,25609,11.667,6.333,142.5
2781,25620,25621,11.5,0.5,166.06
2782,25624,25625,4.333,0.333,61.83
2783,25626,25627,5.667,0.333,69.72
2784,25628,25629,5.667,1.333,62.03
2785,25632,25633,3.846,0.308,48.62
2786,25636,25637,4.737,0.427,56.7
2787,25678,25679,4.0,0.0,29.74
2788,25680,25681,5.0,0.0,38.18
2789,25682,25683,2.0,0.0,13.22
2790,25686,25687,3.0,0.0,22.02
2791,25692,25693,9.0,0.0,80.61
2792,25694,25695,3.0,0.0,20.07
2793,25696,25697,5.0,0.0,42.12
2794,25732,25733,9.0,0.0,66.25
2795,25734,25735,5.0,0.0,43.41
2796,25736,25737,8.0,0.0,53.54
2797,25742,25743,3.5,0.5,44.63
2798,25744,25745,4.0,0.0,45.95
2799,25746,25747,2.0,0.0,19.87
2800,25748,25749,3.0,0.0,36.0
2801,25750,25751,12.5,0.5,148.53
2802,25752,25753,3.5,0.5,39.22
2803,25756,25757,2.0,0.0,21.21
2804,25758,25759,2.0,0.0,18.67
2805,25760,25761,2.5,0.5,23.94
2806,25762,25763,2.0,0.0,22.69
2807,25764,25765,1.5,0.5,15.67
2808,25766,25767,7.5,0.5,99.02
2809,25768,25769,6.5,0.5,85.29
2810,25770,25771,5.667,0.333,75.99
2811,25792,25793,4.0,0.0,42.47
2812,25816,25817,15.0,4.571,197.57
2813,25818,25819,4.412,0.382,57.24
2814,25820,25821,9.294,104.596,14.13
2815,25822,25823,4.056,0.761,49.48
2816,25824,25825,3.0,0.348,35.9
2817,25826,25827,25.083,295.732,34.97
2818,25828,25829,4.0,0.0,27.72
2819,25830,25831,6.333,0.333,48.43
2820,25832,25833,6.0,1.0,46.65
2821,25834,25835,6.333,0.333,47.9
2822,25836,25837,4.667,0.333,36.68
2823,25838,25839,3.0,0.0,21.26
2824,25840,25841,2.0,0.0,12.66
2825,25842,25843,1.5,0.5,11.13
2826,25844,25845,17.5,264.5,51.13
2827,25846,25847,13.385,1.756,164.17
2828,25848,25849,7.692,6.064,77.75
2829,25850,25851,3.214,0.181,42.44
2830,25852,25853,4.286,0.22,51.64
2831,25856,25857,2.188,0.296,25.3
2832,25858,25859,6.889,1.641,87.4
2833,25860,25861,6.0,16.96,46.53
2834,25864,25865,2.727,0.218,33.7
2835,25866,25867,10.8,1.733,139.14
2836,25868,25869,5.2,0.622,66.72
2837,25870,25871,6.1,0.544,78.69
2838,25874,25875,2.85,0.239,38.44
2839,25876,25877,19.375,2.383,254.32
2840,25878,25879,9.5,11.6,91.29
2841,25880,25881,2.125,0.65,21.05
2842,25882,25883,5.5,25.867,17.12
2843,25886,25887,1.947,0.164,24.66
2844,25888,25889,9.222,18.654,61.48
2845,25890,25891,6.118,19.735,36.73
2846,25892,25893,2.85,0.134,29.45
2847,25896,25897,1.136,0.219,9.27
2848,25900,25901,2.591,0.253,35.7
2849,25908,25909,9.0,0.0,142.6
2850,25910,25911,7.0,0.0,98.42
2851,25912,25913,3.0,0.0,51.25
2852,25914,25915,8.0,0.0,106.97
2853,25916,25917,7.5,0.5,100.67
2854,25920,25921,10.0,2.0,134.86
2855,25922,25923,5.5,0.5,76.1
2856,25928,25929,5.0,2.0,63.35
2857,25930,25931,2.5,0.5,29.0
2858,25932,25933,3.0,0.267,37.3
2859,25934,25935,6.556,0.614,101.26
2860,25942,25943,43.571,305.286,73.71
2861,25958,25959,5.5,0.5,38.4
2862,25972,25973,6.0,0.0,55.59
2863,25974,25975,8.0,0.0,59.67
2864,25976,25977,31.0,0.0,257.81
2865,25980,25981,5.0,0.0,53.7
2866,25982,25983,10.0,0.0,81.54
2867,25984,25985,9.0,0.0,79.04
2868,25986,25987,9.0,0.0,77.19
2869,26004,26005,3.0,0.0,34.47
2870,26008,26009,6.0,0.0,74.57
2871,26016,26017,3.5,0.5,42.7
2872,26030,26031,13.0,0.0,66.62
2873,26072,26073,13.2,1.917,204.98
2874,26074,26075,2.875,0.125,24.23
2875,26076,26077,3.0,0.286,41.17
2876,26078,26079,11.875,2.125,163.14
2877,26080,26081,9.5,0.571,129.63
2878,26082,26083,3.75,0.214,49.32
2879,26094,26095,3.5,0.5,18.01
2880,26100,26101,3.0,0.0,11.44
2881,26104,26105,12.5,4.5,82.3
2882,26106,26107,9.0,2.0,59.53
2883,26108,26109,11.5,4.5,73.89
2884,26150,26151,61.0,0.0,333.73
2885,26186,26187,8.0,0.0,38.28
2886,26192,26193,9.5,1.0,170.01
2887,26194,26195,3.5,1.0,60.54
2888,26196,26197,4.0,0.0,36.08
2889,26200,26201,1.714,0.238,22.91
2890,26208,26209,11.0,0.0,71.86
2891,26210,26211,15.0,0.0,108.45
2892,26212,26213,18.0,0.0,132.13
2893,26214,26215,2.5,0.5,21.93
2894,26216,26217,1.5,0.5,8.21
2895,26232,26233,4.0,0.0,27.92
2896,26248,26249,7.0,0.0,60.38
2897,26250,26251,10.0,0.0,70.12
2898,26274,26275,10.333,0.333,75.95
2899,26276,26277,14.0,1.0,101.61
2900,26278,26279,12.5,0.5,88.99
2901,26288,26289,7.0,2.0,50.52
2902,26290,26291,9.0,0.0,76.85
2903,26316,26317,5.0,0.0,59.14
2904,26318,26319,11.0,0.0,134.29
2905,26322,26323,18.0,0.0,233.21
2906,26324,26325,8.0,0.0,115.3
2907,26326,26327,3.0,0.0,18.59
2908,26328,26329,16.0,0.0,231.1
2909,26330,26331,12.5,0.5,157.92
2910,26332,26333,8.889,1.861,119.41
2911,26334,26335,5.0,0.667,82.74
2912,26336,26337,6.25,0.917,95.36
2913,26338,26339,2.167,0.967,23.62
2914,26344,26345,14.0,0.0,15.91
2915,26354,26355,8.0,0.0,43.39
2916,26362,26363,3.5,0.333,37.53
2917,26364,26365,1.75,0.25,16.37
2918,26366,26367,13.0,2.0,150.21
2919,26368,26369,5.4,0.3,66.86
2920,26370,26371,8.0,0.5,105.82
2921,26372,26373,7.4,0.3,96.79
2922,26374,26375,4.0,0.0,54.4
2923,26376,26377,3.0,0.0,39.2
2924,26378,26379,1.4,0.3,22.07
2925,26380,26381,20.333,219.067,37.77
2926,26420,26421,6.0,0.0,40.37
2927,26422,26423,4.0,0.0,27.6
2928,26424,26425,2.667,0.333,19.11
2929,26426,26427,7.667,0.333,59.65
2930,26428,26429,5.0,1.0,39.17
2931,26434,26435,6.667,0.333,51.55
2932,26446,26447,23.0,0.0,203.67
2933,26448,26449,7.0,0.0,53.79
2934,26450,26451,7.0,0.0,44.16
2935,26452,26453,13.0,0.0,99.09
2936,26454,26455,16.0,0.0,132.67
2937,26456,26457,13.0,0.0,116.24
2938,26462,26463,2.0,0.0,15.09
2939,26466,26467,6.0,0.0,57.06
2940,26468,26469,9.0,0.0,80.34
2941,26470,26471,3.0,0.0,29.59
2942,26502,26503,21.0,0.0,96.75
2943,26504,26505,5.5,0.5,25.51
2944,26544,26545,5.889,0.458,79.22
2945,26546,26547,3.833,0.265,51.29
2946,26548,26549,7.833,0.971,104.74
2947,26562,26563,11.0,0.0,61.06
2948,26574,26575,7.0,0.0,34.54
2949,26582,26583,4.0,0.0,20.61
2950,26588,26589,19.0,0.0,172.95
2951,26668,26669,4.0,0.0,18.65
2952,26670,26671,2.0,0.0,11.38
2953,26678,26679,1.625,0.25,22.31
2954,26680,26681,1.312,0.229,16.65
2955,26684,26685,1.667,0.333,9.01
2956,26686,26687,8.667,31.067,17.35
2957,26766,26767,11.0,0.0,46.46
2958,26790,26791,6.0,0.0,27.36
2959,26798,26799,14.0,0.0,60.03
2960,26834,26835,14.0,0.0,65.89
2961,26838,26839,42.0,0.0,100.14
2962,26872,26873,9.0,0.0,51.37
2963,26912,26913,33.0,0.0,180.37
2964,26920,26921,3.0,0.0,13.41
2965,26922,26923,20.0,0.0,93.82
2966,26932,26933,7.0,0.0,56.69
2967,26934,26935,30.0,0.0,234.75
2968,26958,26959,3.0,0.0,27.37
2969,26960,26961,8.667,1.609,170.68
2970,26966,26967,8.0,0.0,39.16
2971,26984,26985,4.5,0.3,47.31
2972,26986,26987,7.167,0.967,129.01
2973,27014,27015,3.0,0.0,15.37
2974,27016,27017,8.0,0.0,57.31
2975,27020,27021,19.0,0.0,166.4
2976,27026,27027,8.0,0.0,56.31
2977,27028,27029,11.0,0.0,81.01
2978,27042,27043,4.0,2.0,32.16
2979,27044,27045,5.0,0.0,33.57
2980,27046,27047,24.5,40.5,183.1
2981,27110,27111,4.0,0.0,30.11
2982,27112,27113,9.0,2.0,68.53
2983,27114,27115,2.5,0.5,18.47
2984,27116,27117,2.0,0.0,13.78
2985,27118,27119,2.5,0.5,17.7
2986,27140,27141,26.0,0.0,119.42
2987,27148,27149,6.75,0.917,51.49
2988,27150,27151,10.25,2.25,70.52
2989,27156,27157,14.0,0.0,121.28
2990,27158,27159,7.0,0.0,59.4
2991,27192,27193,8.0,0.0,53.0
2992,27194,27195,8.0,0.0,56.57
2993,27198,27199,9.0,0.0,67.2
2994,27202,27203,1.045,0.045,8.85
2995,27204,27205,2.0,0.0,18.9
2996,27208,27209,12.7,0.853,232.5
2997,27212,27213,36.0,0.0,158.99
2998,27214,27215,39.0,0.0,173.6
2999,27226,27227,33.0,0.0,165.51
3000,27260,27261,31.0,2.0,145.54
3001,27288,27289,25.0,0.0,126.08
3002,27304,27305,13.25,2.25,105.22
3003,27306,27307,3.0,0.0,26.96
3004,27308,27309,16.5,0.5,134.37
3005,27334,27335,9.0,0.0,55.52
3006,27336,27337,4.0,0.0,24.72
3007,27338,27339,9.0,0.0,57.97
3008,27340,27341,2.0,0.0,14.49
3009,27342,27343,2.0,0.0,14.99
3010,27344,27345,8.0,0.0,47.86
3011,27378,27379,4.667,0.238,47.21
3012,27388,27389,15.0,0.0,111.62
3013,27390,27391,22.0,0.0,16.22
3014,27392,27393,3.0,0.0,30.01
3015,27394,27395,2.0,0.0,12.4
3016,27476,27477,12.0,0.0,44.11
3017,27494,27495,9.0,0.0,37.21
3018,27522,27523,4.0,0.0,37.56
3019,27524,27525,5.0,0.0,31.8
3020,27548,27549,3.0,0.0,64.02
3021,27550,27551,8.4,1.3,196.8
3022,27558,27559,12.5,84.5,323.47
3023,27586,27587,3.357,0.247,46.6
3024,27588,27589,5.571,0.725,78.02
3025,27590,27591,5.929,11.61,49.12
3026,27592,27593,22.385,212.923,155.59
3027,27594,27595,51.0,0.0,268.63
3028,27608,27609,2.0,0.0,30.62
3029,27612,27613,5.0,0.0,70.41
3030,27614,27615,3.0,0.0,37.03
3031,27616,27617,4.0,0.0,48.18
3032,27618,27619,4.0,0.0,57.61
3033,27620,27621,8.0,0.0,119.91
3034,27622,27623,2.0,0.0,14.91
3035,27636,27637,13.0,0.0,85.16
3036,27640,27641,13.0,0.0,91.9
3037,27658,27659,19.0,0.0,149.77
3038,27660,27661,14.0,0.0,97.72
3039,27666,27667,8.5,0.5,65.51
3040,27668,27669,26.0,0.0,217.04
3041,27670,27671,15.0,0.0,88.73
3042,27694,27695,3.5,0.5,34.5
3043,27696,27697,5.0,0.0,50.4
3044,27698,27699,6.5,0.5,72.58
3045,27700,27701,4.5,0.5,53.54
3046,27710,27711,29.0,0.0,215.44
3047,27712,27713,5.0,0.0,38.65
3048,27714,27715,10.333,0.333,75.8
3049,27716,27717,2.333,0.333,16.03
3050,27718,27719,7.0,0.0,47.92
3051,27720,27721,8.0,0.0,56.03
3052,27736,27737,2.632,0.246,35.43
3053,27738,27739,1.316,0.228,21.23
3054,27740,27741,1.263,0.205,18.31
3055,27742,27743,1.737,1.094,14.85
3056,27744,27745,3.105,0.211,37.49
3057,27748,27749,1.421,0.257,19.55
3058,27752,27753,1.158,0.14,14.67
3059,27756,27757,13.333,150.353,29.96
3060,27758,27759,3.833,0.567,45.16
3061,27762,27763,1.389,0.252,17.75
3062,27768,27769,1.769,0.192,24.15
3063,27770,27771,2.0,0.0,26.79
3064,27772,27773,5.154,0.308,68.04
3065,27774,27775,4.538,0.269,58.18
3066,27776,27777,5.692,23.564,35.36
3067,27780,27781,1.125,0.125,10.72
3068,27782,27783,2.222,0.194,32.96
3069,27784,27785,4.444,0.278,56.42
3070,27786,27787,7.364,0.655,92.24
3071,27788,27789,10.667,103.0,30.25
3072,27790,27791,4.222,51.477,20.81
3073,27792,27793,10.636,137.655,56.19
3074,27794,27795,1.818,0.164,13.64
3075,27796,27797,4.889,0.111,63.31
3076,27798,27799,25.667,199.5,70.41
3077,27800,27801,22.833,246.333,29.24
3078,27802,27803,3.286,0.22,41.37
3079,27804,27805,6.286,0.374,77.18
3080,27806,27807,6.143,0.593,75.47
3081,27808,27809,9.0,15.385,74.44
3082,27810,27811,2.438,0.262,29.22
3083,27814,27815,2.375,0.25,29.02
3084,27816,27817,1.938,0.062,23.04
3085,27818,27819,5.0,0.0,56.59
3086,27820,27821,11.0,0.0,79.76
3087,27824,27825,2.0,0.0,9.68
3088,27836,27837,5.0,0.0,39.85
3089,27838,27839,6.0,0.0,47.56
3090,27844,27845,10.0,0.0,65.49
3091,27846,27847,2.5,0.5,17.29
3092,27848,27849,4.0,0.0,28.7
3093,27850,27851,10.0,0.0,80.53
3094,27852,27853,11.0,0.0,78.97
3095,27864,27865,4.0,0.0,32.59
3096,27866,27867,2.0,0.0,16.79
3097,27868,27869,2.0,0.0,19.68
3098,27870,27871,4.0,0.0,30.74
3099,27872,27873,2.0,0.0,18.79
3100,27874,27875,3.0,0.0,26.36
3101,27878,27879,2.0,0.0,22.83
3102,27880,27881,3.0,0.0,25.51
3103,27882,27883,4.0,0.0,31.57
3104,27884,27885,5.0,0.0,41.82
3105,27886,27887,6.0,0.0,49.84
3106,27888,27889,3.0,0.0,23.6
3107,27908,27909,4.0,0.0,30.81
3108,27910,27911,8.0,0.0,60.3
3109,27944,27945,3.0,0.0,34.28
3110,27946,27947,12.0,0.0,151.97
3111,27948,27949,2.5,0.5,28.8
3112,27950,27951,1.5,0.5,20.16
3113,27952,27953,4.0,0.0,46.34
3114,27956,27957,3.0,0.0,32.61
3115,27978,27979,14.0,0.0,34.99
3116,27984,27985,10.0,0.0,68.16
3117,28028,28029,6.273,0.218,97.37
3118,28030,28031,11.0,2.0,185.46
3119,28036,28037,7.0,0.0,50.56
3120,28040,28041,13.0,0.0,102.82
3121,28042,28043,8.0,1.0,54.16
3122,28054,28055,6.0,0.0,41.47
3123,28060,28061,14.0,0.0,117.09
3124,28062,28063,8.667,1.333,56.41
3125,28106,28107,3.0,0.0,28.21
3126,28108,28109,7.0,0.0,96.53
3127,28114,28115,2.0,0.0,25.46
3128,28144,28145,9.0,0.0,65.34
3129,28174,28175,18.0,0.0,116.76
3130,28176,28177,5.0,0.0,26.9
3131,28178,28179,2.0,0.0,9.99
3132,28194,28195,8.0,0.0,20.45
3133,28200,28201,2.5,0.262,30.57
3134,28204,28205,1.227,0.184,15.38
3135,28206,28207,2.0,0.19,27.03
3136,28208,28209,14.591,1.968,193.19
3137,28210,28211,3.682,0.323,49.34
3138,28212,28213,4.333,0.333,48.36
3139,28216,28217,9.0,0.0,99.37
3140,28218,28219,4.5,0.5,58.01
3141,28284,28285,17.0,0.0,142.38
3142,28298,28299,3.0,0.0,24.95
3143,28300,28301,2.0,0.0,15.47
3144,28308,28309,6.0,2.0,41.33
3145,28338,28339,18.0,2.0,152.57
3146,28366,28367,6.0,0.0,47.68
3147,28368,28369,2.0,0.0,11.42
3148,28370,28371,4.0,0.0,29.17
3149,28372,28373,9.0,0.0,70.09
3150,28374,28375,3.0,0.0,20.9
3151,28412,28413,5.25,0.25,37.45
3152,28414,28415,3.0,0.0,22.37
3153,28416,28417,5.0,0.0,35.62
3154,28418,28419,4.0,0.0,28.93
3155,28420,28421,3.0,0.0,20.95
3156,28424,28425,5.0,0.0,34.37
3157,28426,28427,5.0,0.0,31.96
3158,28436,28437,6.0,0.0,42.55
3159,28442,28443,4.0,0.0,27.74
3160,28444,28445,4.0,0.0,30.77
3161,28446,28447,4.0,0.0,25.64
3162,28454,28455,7.0,0.0,21.24
3163,28470,28471,2.0,0.0,4.85
3164,28480,28481,2.0,0.0,18.89
3165,28482,28483,5.5,0.3,74.5
3166,28484,28485,2.0,0.0,11.28
3167,28490,28491,21.0,0.0,35.86
3168,28494,28495,8.0,0.0,20.51
3169,28500,28501,4.0,0.0,26.98
3170,28506,28507,15.0,0.0,99.59
3171,28508,28509,5.0,0.0,37.35
3172,28510,28511,7.0,2.0,49.48
3173,28512,28513,2.5,0.5,18.59
3174,28514,28515,2.0,0.0,15.51
3175,28516,28517,5.0,0.0,33.07
3176,28524,28525,2.5,0.5,15.22
3177,28526,28527,3.25,0.25,42.27
3178,28528,28529,2.0,0.0,25.18
3179,28530,28531,9.0,87.333,56.3
3180,28532,28533,12.0,2.0,76.77
3181,28534,28535,3.0,0.0,18.09
3182,28536,28537,3.667,0.333,38.52
3183,28538,28539,3.0,0.0,35.77
3184,28540,28541,1.75,0.25,27.56
3185,28542,28543,2.75,0.25,39.2
3186,28546,28547,2.0,0.0,22.04
3187,28556,28557,1.5,0.5,17.93
3188,28558,28559,3.0,0.0,23.46
3189,28566,28567,20.0,0.0,153.62
3190,28578,28579,7.667,0.333,59.31
3191,28580,28581,3.0,0.0,21.6
3192,28584,28585,12.5,16.333,26.84
3193,28586,28587,3.2,1.7,7.79
3194,28596,28597,2.833,0.167,29.34
3195,28598,28599,2.0,0.0,23.11
3196,28600,28601,7.0,0.0,98.89
3197,28610,28611,48.5,40.5,247.47
3198,28612,28613,8.0,0.0,46.67
3199,28614,28615,4.0,0.0,35.55
3200,28616,28617,9.0,0.0,69.86
3201,28618,28619,19.0,0.0,158.28
3202,28620,28621,6.0,0.0,46.15
3203,28622,28623,14.0,0.0,113.7
3204,28624,28625,1.5,0.333,10.53
3205,28626,28627,7.0,0.667,47.82
3206,28628,28629,10.333,1.333,71.38
3207,28630,28631,6.0,0.0,43.02
3208,28640,28641,10.0,0.0,129.77
3209,28646,28647,7.0,0.0,68.04
3210,28648,28649,2.0,0.0,22.08
3211,28650,28651,3.0,0.0,30.37
3212,28654,28655,5.833,0.167,67.51
3213,28656,28657,6.167,0.167,85.26
3214,28658,28659,5.167,0.167,69.6
3215,28660,28661,7.5,0.3,95.42
3216,28662,28663,10.333,0.267,132.05
3217,28664,28665,7.0,38.8,40.83
3218,28666,28667,2.0,0.0,16.65
3219,28668,28669,5.0,0.0,58.97
3220,28672,28673,12.0,111.0,19.63
3221,28684,28685,3.0,0.0,16.16
3222,28686,28687,2.154,0.141,25.7
3223,28702,28703,3.143,0.143,41.5
3224,28708,28709,8.167,0.567,105.71
3225,28718,28719,2.0,0.0,12.92
3226,28742,28743,4.0,0.0,28.59
3227,28748,28749,4.0,0.0,47.29
3228,28750,28751,5.0,0.0,41.54
3229,28752,28753,9.0,0.0,101.02
3230,28762,28763,3.0,0.0,20.62
3231,28768,28769,8.0,0.0,44.24
3232,28800,28801,9.0,0.0,46.05
3233,28810,28811,23.0,0.0,107.6
3234,28812,28813,6.0,0.0,27.37
3235,28814,28815,2.0,0.0,8.75
3236,28816,28817,2.5,0.5,12.16
3237,28818,28819,15.0,0.0,101.62
3238,28838,28839,10.5,0.5,74.91
3239,28870,28871,6.0,0.0,39.91
3240,28880,28881,11.0,0.0,96.66
3241,28882,28883,2.0,0.0,15.98
3242,28928,28929,1.5,0.5,5.41
3243,28946,28947,24.0,0.0,134.85
3244,28952,28953,1.4,0.3,14.15
3245,28978,28979,15.0,0.0,109.52
3246,28984,28985,9.0,0.0,58.16
3247,28986,28987,21.0,0.0,134.57
3248,28988,28989,9.0,0.0,57.52
3249,28998,28999,5.333,0.333,40.72
3250,29000,29001,11.667,4.333,86.66
3251,29002,29003,9.333,2.333,68.47
3252,29004,29005,3.333,0.333,26.45
3253,29006,29007,3.333,0.333,26.99
3254,29008,29009,12.333,5.333,91.86
3255,29018,29019,10.0,2.0,44.21
3256,29022,29023,4.0,0.0,13.78
3257,29026,29027,19.0,0.0,77.12
3258,29036,29037,4.0,0.0,37.08
3259,29038,29039,5.0,0.0,47.2
3260,29040,29041,3.0,0.0,24.12
3261,29042,29043,4.0,0.0,34.22
3262,29044,29045,3.0,0.0,29.46
3263,29046,29047,8.0,0.0,65.01
3264,29050,29051,2.0,0.0,24.74
3265,29052,29053,3.0,0.0,34.11
3266,29054,29055,3.0,0.0,24.98
3267,29056,29057,8.0,0.0,70.46
3268,29058,29059,4.0,0.0,30.2
3269,29062,29063,10.667,0.333,77.16
3270,29064,29065,4.75,0.25,36.96
3271,29072,29073,6.0,0.0,25.82
3272,29106,29107,1.5,0.5,23.23
3273,29108,29109,4.0,0.0,30.83
3274,29110,29111,8.0,0.0,95.14
3275,29112,29113,2.0,0.0,28.97
3276,29162,29163,12.0,0.0,84.33
3277,29164,29165,4.0,0.0,26.56
3278,29168,29169,4.0,0.0,22.92
3279,29170,29171,6.0,0.0,45.53
3280,29174,29175,2.0,0.0,12.64
3281,29180,29181,4.667,0.333,36.41
3282,29182,29183,3.667,0.333,28.86
3283,29184,29185,3.0,0.0,20.13
3284,29186,29187,1.667,0.333,8.29
3285,29188,29189,13.667,2.333,103.62
3286,29190,29191,16.0,0.0,120.87
3287,29192,29193,12.5,0.5,89.84
3288,29194,29195,2.5,0.5,19.38
3289,29238,29239,7.0,0.0,50.54
3290,29246,29247,2.0,0.0,13.33
3291,29262,29263,4.5,12.5,15.21
3292,29266,29267,2.0,0.0,19.96
3293,29272,29273,2.0,0.0,17.86
3294,29276,29277,1.5,0.5,13.38
3295,29280,29281,7.0,0.0,57.83
3296,29306,29307,3.0,0.0,19.01
3297,29322,29323,11.0,0.0,76.01
3298,29324,29325,8.0,0.0,54.54
3299,29332,29333,4.0,0.0,28.7
3300,29334,29335,2.0,0.0,18.3
3301,29340,29341,8.0,0.0,54.89
3302,29344,29345,18.0,0.0,117.87
3303,29346,29347,4.0,0.0,33.29
3304,29348,29349,14.0,0.0,100.05
3305,29350,29351,33.0,0.0,239.34
3306,29354,29355,5.0,0.0,30.52
3307,29356,29357,5.0,0.0,32.28
3308,29358,29359,4.0,0.0,27.4
3309,29360,29361,2.0,0.0,10.61
3310,29380,29381,3.0,0.0,19.74
3311,29384,29385,13.0,0.0,110.02
3312,29390,29391,5.0,0.0,35.65
3313,29392,29393,3.0,0.0,23.16
3314,29394,29395,6.0,0.0,47.23
3315,29396,29397,2.0,0.0,15.79
3316,29400,29401,5.0,0.0,37.37
3317,29406,29407,5.0,0.0,68.51
3318,29410,29411,5.0,0.0,78.16
3319,29412,29413,6.0,0.0,93.23
3320,29414,29415,6.0,0.0,89.8
3321,29444,29445,3.0,0.0,29.37
3322,29448,29449,3.667,0.333,39.94
3323,29450,29451,4.5,0.5,24.38
3324,29470,29471,2.0,0.0,13.09
3325,29472,29473,2.0,0.0,18.94
3326,29474,29475,2.5,0.5,16.51
3327,29476,29477,6.0,0.0,60.14
3328,29534,29535,5.0,0.0,31.71
3329,29536,29537,7.0,0.0,45.76
3330,29538,29539,4.0,0.0,25.08
3331,29550,29551,4.0,0.0,21.83
3332,29558,29559,18.5,0.5,126.66
3333,29570,29571,14.0,0.0,87.67
3334,29572,29573,8.0,2.0,58.67
3335,29584,29585,5.333,2.333,36.78
3336,29588,29589,9.5,0.5,73.03
3337,29600,29601,16.0,0.0,97.34
3338,29602,29603,15.0,2.0,91.01
3339,29604,29605,8.0,0.0,55.57
3340,29634,29635,11.0,0.0,69.98
3341,29652,29653,16.0,0.0,112.58
3342,29654,29655,11.0,0.0,135.35
3343,29694,29695,20.0,0.0,92.54
3344,29696,29697,100.0,0.0,460.52
3345,29698,29699,47.0,0.0,217.77
3346,29700,29701,24.0,0.0,108.45
3347,29728,29729,4.667,0.242,54.29
3348,29730,29731,3.083,0.447,37.46
3349,29732,29733,4.833,0.515,60.71
3350,29734,29735,2.706,0.221,34.06
3351,29736,29737,7.5,0.5,64.75
3352,29738,29739,2.0,0.0,20.92
3353,29740,29741,3.5,0.5,32.39
3354,29742,29743,2.0,0.0,17.12
3355,29744,29745,3.5,0.5,24.82
3356,29746,29747,45.0,0.0,234.86
3357,29752,29753,97.0,0.0,451.26
3358,29758,29759,14.167,3.767,224.36
3359,29760,29761,5.333,0.267,71.42
3360,29766,29767,15.444,2.614,210.63
3361,29768,29769,2.0,0.0,26.0
3362,29770,29771,10.25,2.917,131.17
3363,29772,29773,11.75,1.583,129.19
3364,29774,29775,3.0,0.0,21.65
3365,29780,29781,4.125,0.411,54.84
3366,29782,29783,23.375,191.411,24.46
3367,29790,29791,3.0,0.0,23.93
3368,29792,29793,11.0,1.0,79.69
3369,29794,29795,3.0,0.0,22.36
3370,29796,29797,6.0,0.0,77.5
3371,29830,29831,8.0,0.0,87.36
3372,29858,29859,3.0,0.0,11.97
3373,29860,29861,12.0,0.0,58.18
3374,29874,29875,8.0,0.0,53.84
3375,29876,29877,15.0,0.0,100.65
3376,29910,29911,3.0,0.0,14.72
3377,29912,29913,4.0,0.0,38.47
3378,29914,29915,7.0,0.0,60.42
3379,29916,29917,8.0,0.0,75.94
3380,29920,29921,8.0,0.0,57.78
3381,29922,29923,10.0,0.0,77.28
3382,29930,29931,6.727,0.618,87.87
3383,29938,29939,12.0,0.0,58.89
3384,29960,29961,1.312,0.229,15.22
3385,29974,29975,2.0,0.0,8.22
3386,29996,29997,2.0,0.0,24.81
3387,29998,29999,4.5,0.286,44.7
3388,30002,30003,6.0,0.0,46.13
3389,30004,30005,7.0,0.0,47.76
3390,30020,30021,4.0,0.0,28.32
3391,30044,30045,7.0,0.0,53.21
3392,30046,30047,10.0,0.0,60.22
3393,30156,30157,21.0,0.0,95.69
3394,30158,30159,11.0,0.0,49.0
3395,30168,30169,6.5,0.5,42.56
3396,30170,30171,8.5,0.5,52.8
3397,30172,30173,11.5,0.5,76.44
3398,30174,30175,4.333,0.267,91.21
3399,30176,30177,58.0,0.0,297.01
3400,30188,30189,14.0,0.0,69.46
3401,30194,30195,1.692,0.231,16.51
3402,30212,30213,18.5,0.5,137.83
3403,30216,30217,11.0,0.0,85.04
3404,30218,30219,14.0,0.0,101.47
3405,30220,30221,6.0,0.0,37.59
3406,30222,30223,10.0,0.0,62.49
3407,30224,30225,5.5,0.5,34.55
3408,30226,30227,9.5,0.5,58.07
3409,30252,30253,3.0,0.0,28.51
3410,30254,30255,3.0,0.0,23.48
3411,30306,30307,12.0,0.0,87.37
3412,30318,30319,35.0,0.0,216.1
3413,30326,30327,7.0,0.0,52.56
3414,30328,30329,5.0,0.0,38.75
3415,30330,30331,15.0,0.0,107.59
3416,30332,30333,7.0,0.0,46.69
3417,30334,30335,6.0,0.0,39.05
3418,30338,30339,4.0,0.0,23.66
3419,30382,30383,27.0,0.0,220.47
3420,30406,30407,6.0,0.0,51.2
3421,30446,30447,11.5,4.5,79.9
3422,30458,30459,8.0,0.0,104.19
3423,30466,30467,4.0,0.0,40.13
3424,30468,30469,2.0,0.0,37.27
3425,30472,30473,16.0,0.0,194.22
3426,30536,30537,2.0,0.0,21.24
3427,30538,30539,10.0,0.0,105.11
3428,30548,30549,4.0,0.0,40.74
3429,30592,30593,1.5,0.5,24.47
3430,30594,30595,13.4,0.3,170.89
3431,30596,30597,13.0,0.333,170.38
3432,30598,30599,3.5,0.3,47.03
3433,30652,30653,4.5,0.5,27.33
3434,30680,30681,6.0,0.0,31.73
3435,30682,30683,6.0,0.0,29.73
3436,30688,30689,7.111,1.611,104.84
3437,30694,30695,23.621,2.458,1228.71
3438,30696,30697,5.31,4.15,184.36
3439,30698,30699,4.737,1.982,194.17
3440,30700,30701,5.5,0.278,254.73
3441,30702,30703,2.1,0.1,76.53
3442,30704,30705,2.5,0.278,62.12
3443,30706,30707,3.182,0.537,63.7
3444,30708,30709,3.091,0.182,77.84
3445,30712,30713,19.833,200.967,23.83
3446,30714,30715,2.4,0.267,37.12
3447,30718,30719,5.0,0.0,228.5
3448,30720,30721,8.5,0.265,327.02
3449,30722,30723,13.944,108.997,61.83
3450,30724,30725,6.933,7.924,59.86
3451,30726,30727,14.562,74.929,64.7
3452,30728,30729,2.278,0.33,28.86
3453,30730,30731,10.947,135.053,29.14
3454,30732,30733,2.312,0.363,32.21
3455,30734,30735,7.778,46.194,25.51
3456,30736,30737,21.333,247.867,51.27
3457,30740,30741,1.444,0.278,15.36
3458,30742,30743,1.6,0.267,21.72
3459,30744,30745,7.636,44.655,43.69
3460,30746,30747,6.0,0.0,71.31
3461,30748,30749,4.2,2.7,44.85
3462,30750,30751,1.857,0.143,21.97
3463,30752,30753,3.0,0.0,35.8
3464,30754,30755,61.182,3180.964,52.83
3465,30756,30757,4.154,0.308,55.07
3466,30758,30759,9.0,1.455,118.45
3467,30760,30761,13.909,22.891,135.4
3468,30762,30763,14.2,1.956,184.57
3469,30764,30765,1.7,0.233,24.44
3470,30766,30767,13.3,2.678,174.38
3471,30770,30771,30.0,1352.0,48.36
3472,30772,30773,11.647,109.618,6.22
3473,30776,30777,14.947,127.275,40.83
3474,30778,30779,8.615,0.756,113.58
3475,30780,30781,2.583,0.265,33.76
3476,30782,30783,13.111,117.111,22.85
3477,30784,30785,1.818,0.156,23.14
3478,30790,30791,3.727,0.303,50.56
3479,30792,30793,3.955,0.331,51.15
3480,30794,30795,5.0,0.381,66.86
3481,30796,30797,3.318,0.418,41.11
3482,30798,30799,1.619,0.248,22.58
3483,30800,30801,1.476,0.262,19.23
3484,30802,30803,2.952,0.148,38.66
3485,30804,30805,3.5,0.262,47.87
3486,30806,30807,3.773,0.374,50.14
3487,30810,30811,2.0,0.095,26.52
3488,30812,30813,3.364,0.242,47.5
3489,30814,30815,8.826,0.877,119.02
3490,30820,30821,2.087,0.083,26.05
3491,30822,30823,5.0,28.727,14.46
3492,30824,30825,1.684,0.228,23.52
3493,30826,30827,7.0,34.889,33.51
3494,30828,30829,4.667,0.333,58.67
3495,30830,30831,4.545,0.355,54.4
3496,30836,30837,16.375,119.583,63.94
3497,30838,30839,19.217,89.087,108.01
3498,30920,30921,50.364,1.739,2714.56
3499,30922,30923,3.414,1.323,140.66
3500,30924,30925,13.222,1.694,360.69
3501,30926,30927,6.3,0.221,340.62
3502,30928,30929,2.857,0.132,76.61
3503,30930,30931,3.467,0.695,97.77
3504,30932,30933,4.719,4.66,176.48
3505,30934,30935,18.0,5.0,479.22
3506,30936,30937,9.083,30.447,19.17
3507,30938,30939,3.643,0.401,45.22
3508,30940,30941,14.25,12.2,169.36
3509,30942,30943,4.25,0.333,52.0
3510,30944,30945,7.0,0.667,86.85
3511,30946,30947,12.235,61.816,58.97
3512,30950,30951,10.056,0.761,120.26
3513,30952,30953,3.833,0.382,46.99
3514,30954,30955,5.889,0.34,70.22
3515,30956,30957,3.947,0.386,46.1
3516,30958,30959,5.75,3.4,56.19
3517,30960,30961,4.556,0.497,54.82
3518,30962,30963,1.833,0.265,22.9
3519,30966,30967,15.647,1.243,188.5
3520,30968,30969,2.529,0.265,29.42
3521,31016,31017,18.0,0.0,71.07
3522,31018,31019,26.0,18.0,114.17
3523,31020,31021,13.0,8.0,56.69
3524,31022,31023,2.0,0.0,11.09
3525,31034,31035,4.0,0.0,36.22
3526,31038,31039,6.125,0.696,93.6
3527,31046,31047,14.833,5.367,194.5
3528,31048,31049,6.333,1.867,85.44
3529,31050,31051,2.5,0.3,34.12
3530,31052,31053,2.333,0.267,26.84
3531,31054,31055,1.333,0.267,21.3
3532,31056,31057,3.667,0.267,46.01
3533,31058,31059,3.167,0.567,42.59
3534,31060,31061,2.0,0.4,23.58
3535,31062,31063,9.333,1.067,103.95
3536,31064,31065,18.222,2.694,259.33
3537,31066,31067,16.882,3.985,224.47
3538,31086,31087,2.182,0.364,32.01
3539,31088,31089,4.636,0.255,73.75
3540,31098,31099,23.333,0.333,180.25
3541,31110,31111,16.143,8.132,187.7
3542,31116,31117,11.0,0.0,76.17
3543,31118,31119,9.0,0.0,59.79
3544,31120,31121,8.0,0.0,49.88
3545,31122,31123,5.0,0.0,39.44
3546,31126,31127,2.0,0.0,18.5
3547,31128,31129,4.0,0.0,26.1
3548,31178,31179,4.0,0.0,33.29
3549,31180,31181,5.0,0.0,40.29
3550,31186,31187,2.0,0.0,23.37
3551,31202,31203,2.5,0.5,21.24
3552,31204,31205,7.5,0.5,47.75
3553,31206,31207,3.0,0.0,19.38
3554,31228,31229,4.714,0.238,57.45
3555,31230,31231,57.0,0.0,283.3
3556,31240,31241,6.5,0.5,71.58
3557,31242,31243,3.0,0.0,36.3
3558,31244,31245,7.0,0.0,88.39
3559,31246,31247,5.0,0.0,60.84
3560,31248,31249,12.0,0.0,139.07
3561,31252,31253,3.0,0.0,25.6
3562,31254,31255,5.0,0.0,41.53
3563,31256,31257,2.0,0.0,11.75
3564,31296,31297,4.0,0.267,50.71
3565,31298,31299,1.133,0.124,15.17
3566,31300,31301,1.25,0.214,10.28
3567,31310,31311,7.0,0.0,41.38
3568,31312,31313,11.0,0.0,72.14
3569,31314,31315,34.0,0.0,211.39
3570,31316,31317,3.0,2.0,21.4
3571,31320,31321,3.0,0.0,25.07
3572,31338,31339,1.5,0.5,5.73
3573,31340,31341,3.0,0.0,14.07
3574,31348,31349,5.0,0.0,24.77
3575,31352,31353,6.5,0.5,31.72
3576,31354,31355,9.0,0.0,42.08
3577,31382,31383,2.0,0.0,12.65
3578,31414,31415,7.0,0.0,35.17
3579,31416,31417,5.0,0.0,20.47
3580,31424,31425,3.0,2.0,15.47
3581,31452,31453,28.0,0.0,59.6
3582,31476,31477,16.4,1.8,205.04
3583,31478,31479,4.333,0.333,57.64
3584,31480,31481,16.5,1.667,213.14
3585,31482,31483,11.0,3.333,139.28
3586,31526,31527,5.846,1.141,73.96
3587,31528,31529,6.615,0.59,72.26
3588,31534,31535,4.333,0.5,56.62
3589,31536,31537,5.556,0.778,74.28
3590,31538,31539,2.926,0.071,57.34
3591,31546,31547,6.0,0.0,49.0
3592,31558,31559,2.0,0.0,11.51
3593,31574,31575,22.0,0.0,152.73
3594,31578,31579,2.0,0.0,21.86
3595,31580,31581,2.0,0.0,19.96
3596,31610,31611,3.0,0.0,14.89
3597,31718,31719,8.5,3.0,104.12
3598,31720,31721,11.5,5.667,144.16
3599,31738,31739,15.0,2.0,114.56
3600,31740,31741,3.5,0.5,25.84
3601,31742,31743,6.0,0.0,47.92
3602,31744,31745,1.5,0.5,9.91
3603,31746,31747,6.0,0.0,44.71
3604,31750,31751,4.5,0.5,36.57
3605,31752,31753,14.0,0.0,105.05
3606,31758,31759,24.455,70.473,163.52
3607,31760,31761,16.0,0.0,233.07
3608,31768,31769,33.0,0.0,158.66
3609,31780,31781,2.727,0.218,33.47
3610,31782,31783,9.909,60.491,54.68
3611,31784,31785,6.071,0.533,74.29
3612,31786,31787,2.929,0.225,19.39
3613,31794,31795,10.714,1.143,130.51
3614,31798,31799,3.222,0.292,41.2
3615,31802,31803,25.5,4.5,186.91
3616,31812,31813,5.25,0.25,27.16
3617,31844,31845,2.5,0.3,15.98
3618,31846,31847,2.5,0.3,30.76
3619,31848,31849,2.5,0.278,29.02
3620,31850,31851,5.4,0.489,70.29
3621,31866,31867,8.0,0.0,39.03
3622,31876,31877,2.833,0.567,28.75
3623,31924,31925,6.0,0.0,36.97
3624,31938,31939,22.5,12.5,44.36
3625,31942,31943,8.0,0.0,15.83
3626,31944,31945,50.0,0.0,106.72
3627,31946,31947,85.0,0.0,152.23
3628,31948,31949,7.0,0.0,13.72
3629,31966,31967,15.0,0.0,70.85
3630,31968,31969,7.0,0.0,37.55
3631,31970,31971,3.5,0.5,24.06
3632,31976,31977,8.0,0.0,55.49
3633,31994,31995,9.0,0.0,71.07
3634,31998,31999,4.0,0.0,38.7
3635,32000,32001,3.0,0.0,41.58
3636,32002,32003,6.0,0.0,76.91
3637,32004,32005,2.0,0.0,28.85
3638,32008,32009,3.0,0.0,45.07
3639,32012,32013,3.0,0.0,40.49
3640,32014,32015,7.0,0.0,84.12
3641,32016,32017,15.0,0.0,103.48
3642,32018,32019,5.0,0.0,33.4
3643,32020,32021,6.5,0.5,50.26
3644,32026,32027,71.273,485.218,4000.33
3645,32028,32029,2.25,0.214,27.74
3646,32036,32037,5.4,3.822,52.61
3647,32038,32039,4.529,1.14,64.57
3648,32042,32043,3.0,0.0,42.47
3649,32044,32045,2.0,0.0,27.71
3650,32048,32049,3.0,0.0,24.64
3651,32076,32077,27.0,0.0,57.87
3652,32096,32097,7.0,0.0,18.08
3653,32098,32099,24.0,0.0,53.26
3654,32100,32101,3.0,0.0,28.65
3655,32102,32103,3.0,0.0,22.46
3656,32104,32105,11.0,0.0,83.83
3657,32120,32121,12.5,12.5,59.55
3658,32122,32123,14.5,12.5,67.9
3659,32126,32127,2.0,0.0,5.16
3660,32128,32129,11.0,0.0,29.26
3661,32130,32131,3.25,0.25,14.22
3662,32144,32145,9.0,0.0,67.05
3663,32146,32147,20.0,0.0,152.16
3664,32148,32149,3.0,2.0,19.29
3665,32150,32151,2.312,0.363,18.62
3666,32158,32159,8.0,0.0,52.26
3667,32160,32161,9.0,0.0,54.56
3668,32164,32165,7.4,11.378,7.73
3669,32166,32167,2.818,0.164,23.69
3670,32168,32169,1.455,0.273,23.12
3671,32170,32171,7.0,0.2,89.98
3672,32172,32173,3.1,0.322,39.97
3673,32180,32181,4.0,0.0,31.81
3674,32182,32183,3.0,0.0,21.34
3675,32242,32243,12.0,0.0,55.59
3676,32248,32249,3.0,0.0,18.93
3677,32250,32251,53.0,0.0,298.97
3678,32252,32253,44.0,98.0,202.81
3679,32262,32263,8.0,0.0,48.23
3680,32264,32265,8.65,0.661,111.0
3681,32266,32267,2.1,0.305,26.94
3682,32268,32269,7.75,0.618,101.94
3683,32270,32271,3.95,0.471,53.48
3684,32272,32273,1.35,0.239,19.71
3685,32282,32283,9.0,0.0,51.64
3686,32300,32301,19.545,163.688,68.33
3687,32302,32303,6.229,1.005,84.81
3688,32304,32305,13.92,24.327,147.23
3689,32306,32307,5.5,0.7,67.58
3690,32308,32309,14.75,6.25,187.05
3691,32310,32311,8.0,0.0,63.11
3692,32312,32313,9.0,0.0,55.68
3693,32352,32353,11.0,0.0,87.64
3694,32354,32355,7.0,0.0,53.22
3695,32356,32357,5.0,0.0,39.8
3696,32358,32359,13.0,0.0,104.97
3697,32360,32361,4.0,0.0,32.25
3698,32362,32363,10.0,0.0,80.54
3699,32366,32367,5.0,0.0,51.87
3700,32368,32369,2.0,0.0,17.55
3701,32370,32371,4.0,0.0,18.45
3702,32372,32373,41.0,0.0,188.88
3703,32390,32391,1.333,0.333,13.36
3704,32400,32401,5.0,0.0,53.66
3705,32402,32403,3.0,0.0,25.98
3706,32406,32407,11.667,4.333,142.33
3707,32408,32409,68.0,162.0,266.32
3708,32420,32421,22.5,12.5,148.89
3709,32426,32427,11.0,0.0,80.91
3710,32428,32429,7.0,0.0,44.02
3711,32430,32431,3.0,0.0,15.53
3712,32438,32439,14.0,0.0,97.94
3713,32448,32449,13.429,2.286,156.51
3714,32450,32451,13.667,0.333,143.86
3715,32452,32453,12.0,0.0,141.07
3716,32474,32475,2.5,0.333,11.31
3717,32476,32477,11.938,2.329,86.83
3718,32478,32479,5.375,3.982,117.83
3719,32480,32481,12.846,1.474,257.78
3720,32482,32483,5.077,0.41,82.0
3721,32484,32485,14.0,0.0,127.79
3722,32488,32489,2.5,0.5,30.35
3723,32490,32491,14.5,4.5,170.26
3724,32504,32505,5.0,0.0,27.05
3725,32526,32527,20.5,0.5,145.77
3726,32528,32529,10.0,0.0,74.32
3727,32532,32533,4.0,0.0,51.66
3728,32534,32535,8.0,0.0,100.85
3729,32536,32537,4.0,0.0,23.11
3730,32542,32543,5.833,0.567,105.61
3731,32544,32545,1.231,0.185,12.95
3732,32546,32547,11.0,0.0,51.52
3733,32568,32569,9.933,96.781,20.18
3734,32570,32571,10.375,0.383,131.42
3735,32574,32575,2.0,0.0,13.23
3736,32576,32577,4.167,0.42,56.25
3737,32578,32579,1.037,0.037,13.8
3738,32580,32581,10.633,12.171,96.78
3739,32582,32583,18.3,4.424,245.12
3740,32586,32587,3.0,0.0,22.35
3741,32590,32591,9.833,55.367,19.89
3742,32592,32593,2.308,0.231,30.83
3743,32626,32627,2.0,0.0,10.36
3744,32650,32651,2.0,0.0,11.08
3745,32654,32655,13.0,0.0,53.77
3746,32656,32657,57.0,0.0,244.65
3747,32658,32659,4.0,0.0,16.41
3748,32660,32661,16.0,0.0,68.41
3749,32662,32663,4.0,0.0,17.63
3750,32668,32669,12.5,0.5,94.41
3751,32670,32671,15.0,0.0,106.23
3752,32686,32687,3.467,0.267,44.69
3753,32688,32689,4.467,0.267,57.81
3754,32692,32693,5.909,0.291,78.4
3755,32694,32695,10.615,0.756,138.14
3756,32696,32697,7.769,0.359,101.89
3757,32698,32699,2.462,0.269,32.06
3758,32700,32701,4.4,0.257,57.78
3759,32702,32703,2.214,0.181,27.21
3760,32704,32705,2.692,0.231,35.54
3761,32706,32707,1.154,0.141,13.75
3762,32708,32709,5.154,0.141,65.76
3763,32710,32711,1.769,0.192,23.08
3764,32712,32713,2.45,0.366,32.68
3765,32714,32715,3.0,0.105,42.01
3766,32716,32717,1.105,0.099,14.79
3767,32718,32719,1.034,0.034,13.89
3768,32726,32727,7.105,0.766,92.96
3769,32728,32729,5.222,0.654,66.61
3770,32730,32731,1.769,0.192,16.17
3771,32732,32733,1.48,0.26,15.28
3772,32758,32759,7.231,0.359,90.78
3773,32760,32761,1.923,0.077,24.91
3774,32762,32763,4.0,7.667,32.61
3775,32764,32765,3.182,0.164,40.97
3776,32766,32767,7.091,0.691,92.26
3777,32770,32771,17.4,200.8,10.99
3778,32774,32775,3.1,0.544,42.29
3779,32776,32777,9.5,1.167,157.22
3780,32778,32779,18.3,4.9,312.06
3781,32788,32789,3.0,0.0,22.94
3782,32806,32807,7.0,0.0,78.09
3783,32832,32833,4.0,0.0,22.38
3784,32840,32841,17.667,1.25,482.19
3785,32844,32845,23.304,25.858,665.97
3786,32846,32847,2.267,0.21,25.97
3787,32850,32851,2.0,0.0,6.83
3788,32882,32883,6.0,0.0,63.84
3789,32886,32887,3.9,0.322,51.79
3790,32906,32907,3.5,0.5,23.67
3791,32924,32925,2.0,0.0,6.58
3792,32930,32931,3.438,0.396,45.02
3793,32932,32933,4.562,0.396,61.32
3794,32962,32963,8.143,1.476,102.82
3795,32964,32965,2.143,0.143,28.36
3796,32966,32967,11.571,1.286,139.73
3797,32990,32991,8.81,1.262,118.41
3798,32992,32993,17.45,337.629,29.19
3799,32994,32995,1.846,0.141,20.56
3800,32996,32997,3.56,0.34,47.54
3801,32998,32999,3.556,0.528,44.04
3802,33000,33001,2.778,0.194,37.14
3803,33002,33003,10.889,2.611,143.1
3804,33004,33005,24.889,54.611,63.75
3805,33006,33007,10.04,1.207,132.55
3806,33008,33009,8.88,1.193,119.47
3807,33010,33011,6.0,16.5,40.32
3808,33012,33013,2.32,0.393,26.78
3809,33014,33015,9.36,1.323,126.89
3810,33016,33017,12.56,105.173,28.25
3811,33020,33021,12.5,220.5,12.42
3812,33024,33025,2.944,0.173,38.37
3813,33062,33063,3.0,0.0,42.91
3814,33064,33065,2.0,0.0,17.93
3815,33082,33083,2.125,0.117,26.99
3816,33092,33093,4.0,0.0,20.15
3817,33104,33105,6.0,0.0,46.87
3818,33120,33121,10.0,0.0,72.49
3819,33122,33123,4.0,0.0,25.05
3820,33148,33149,31.0,2.0,161.15
3821,33150,33151,24.0,0.0,123.56
3822,33152,33153,1.682,0.227,34.07
3823,33154,33155,3.773,0.279,84.09
3824,33156,33157,2.455,0.26,51.12
3825,33158,33159,5.286,0.238,74.54
3826,33160,33161,16.286,280.238,79.27
3827,33162,33163,7.0,0.667,88.47
3828,33164,33165,2.143,0.143,29.07
3829,33166,33167,5.0,0.0,68.27
3830,33168,33169,2.222,0.194,30.27
3831,33170,33171,19.556,213.278,15.27
3832,33172,33173,1.667,0.333,21.45
3833,33174,33175,5.111,0.111,71.39
3834,33176,33177,5.222,0.194,60.21
3835,33178,33179,1.667,0.333,22.4
3836,33180,33181,4.333,0.333,46.66
3837,33182,33183,2.0,0.0,27.01
3838,33184,33185,39.0,187.333,16.53
3839,33186,33187,6.333,0.25,89.18
3840,33188,33189,3.778,19.444,16.75
3841,33190,33191,2.5,0.5,24.74
3842,33192,33193,5.0,0.0,62.21
3843,33194,33195,33.0,318.5,130.86
3844,33196,33197,1.6,0.267,22.9
3845,33198,33199,1.5,0.278,21.06
3846,33200,33201,33.7,220.9,66.55
3847,33202,33203,4.091,0.291,51.51
3848,33204,33205,23.909,181.091,21.92
3849,33208,33209,3.167,0.167,45.09
3850,33210,33211,2.5,0.3,34.29
3851,33214,33215,3.5,0.3,50.49
3852,33216,33217,6.0,0.8,85.84
3853,33220,33221,7.5,0.5,35.0
3854,33226,33227,29.0,0.0,221.93
3855,33238,33239,4.125,0.411,51.89
3856,33274,33275,4.0,0.0,21.45
3857,33280,33281,7.0,0.571,89.53
3858,33282,33283,6.625,45.982,16.23
3859,33284,33285,1.462,0.269,12.93
3860,33286,33287,6.85,0.555,88.75
3861,33292,33293,26.667,277.333,52.08
3862,33294,33295,9.0,2.0,64.02
3863,33296,33297,14.5,4.5,93.14
3864,33298,33299,5.0,2.0,32.23
3865,33300,33301,9.0,0.0,103.2
3866,33318,33319,6.2,0.2,85.85
3867,33320,33321,3.8,0.2,55.17
3868,33322,33323,1.947,0.275,20.1
3869,33324,33325,3.737,0.316,46.98
3870,33370,33371,2.75,0.214,37.58
3871,33372,33373,4.25,0.5,58.75
3872,33378,33379,1.125,0.125,14.12
3873,33382,33383,2.0,0.0,17.06
3874,33384,33385,4.0,0.0,33.2
3875,33386,33387,2.0,0.0,14.78
3876,33392,33393,13.5,0.5,125.65
3877,33408,33409,2.143,0.143,26.58
3878,33414,33415,10.0,0.0,55.55
3879,33416,33417,11.0,0.0,58.28
3880,33424,33425,3.0,0.0,13.3
3881,33428,33429,10.6,0.933,78.8
3882,33430,33431,5.2,32.4,29.72
3883,33432,33433,3.143,0.286,39.49
3884,33438,33439,1.5,0.3,29.43
3885,33440,33441,8.5,1.1,225.64
3886,33442,33443,15.5,5.1,210.02
3887,33444,33445,3.0,0.0,17.0
3888,33452,33453,6.5,1.667,48.34
3889,33454,33455,14.75,8.917,109.21
3890,33456,33457,14.75,8.917,107.81
3891,33458,33459,9.25,2.25,66.01
3892,33466,33467,4.0,0.0,26.4
3893,33480,33481,6.0,0.0,39.73
3894,33486,33487,10.0,0.0,73.6
3895,33488,33489,6.0,0.0,40.84
3896,33490,33491,10.0,0.0,70.56
3897,33492,33493,7.0,0.0,44.71
3898,33500,33501,5.571,0.619,26.78
3899,33502,33503,4.0,2.0,13.51
3900,33504,33505,5.286,0.238,24.91
3901,33506,33507,1.6,0.3,12.24
3902,33510,33511,2.889,0.111,17.18
3903,33546,33547,4.4,0.417,59.8
3904,33548,33549,9.36,1.823,125.09
3905,33550,33551,11.4,101.5,39.03
3906,33556,33557,4.0,0.0,29.0
3907,33558,33559,4.0,0.0,29.76
3908,33560,33561,6.0,0.0,39.89
3909,33562,33563,4.0,0.0,24.97
3910,33564,33565,7.0,0.0,45.76
3911,33566,33567,4.0,0.0,26.75
3912,33568,33569,7.0,0.0,50.34
3913,33570,33571,12.0,0.0,83.04
3914,33572,33573,2.5,0.5,19.44
3915,33580,33581,19.0,0.0,127.36
3916,33590,33591,2.5,0.5,12.75
3917,33592,33593,2.5,0.5,20.86
3918,33596,33597,2.5,0.5,18.44
3919,33598,33599,2.0,0.0,11.26
3920,33600,33601,2.5,0.5,16.72
3921,33602,33603,7.5,0.5,29.97
3922,33604,33605,4.0,0.0,15.91
3923,33606,33607,4.0,0.0,13.5
3924,33652,33653,30.5,4.5,25.1
3925,33654,33655,13.0,288.0,11.82
3926,33656,33657,2.75,0.214,35.85
3927,33658,33659,5.111,0.111,65.77
3928,33660,33661,2.333,0.25,32.68
3929,33662,33663,16.5,134.722,42.06
3930,33666,33667,5.0,0.0,41.79
3931,33668,33669,6.0,0.0,49.92
3932,33670,33671,2.0,0.0,16.52
3933,33672,33673,2.0,0.0,22.1
3934,33674,33675,2.0,0.0,13.59
3935,33678,33679,4.5,0.5,28.83
3936,33686,33687,44.0,0.0,115.99
3937,33714,33715,16.0,0.0,32.99
3938,33716,33717,2.667,0.333,31.41
3939,33718,33719,3.667,0.333,45.36
3940,33720,33721,2.667,0.333,33.27
3941,33722,33723,11.5,1.667,139.06
3942,33724,33725,6.75,0.917,83.44
3943,33726,33727,5.0,0.667,57.19
3944,33728,33729,6.0,0.0,46.0
3945,33732,33733,6.0,0.0,48.24
3946,33734,33735,7.0,0.0,56.32
3947,33780,33781,422.0,0.0,764.86
3948,33782,33783,1.444,0.278,3.01
3949,33784,33785,17.111,4.361,36.8
3950,33786,33787,28.778,13.944,63.2
3951,33788,33789,8.556,1.028,19.34
3952,33792,33793,103.0,248.667,207.22
3953,33794,33795,72.25,240.25,156.9
3954,33796,33797,11.0,0.0,54.18
3955,33804,33805,12.0,0.0,108.21
3956,33806,33807,5.5,0.5,48.49
3957,33808,33809,8.0,0.0,62.89
3958,33810,33811,6.185,0.464,101.06
3959,33812,33813,4.077,0.234,67.32
3960,33814,33815,10.833,1.559,167.0
3961,33816,33817,3.308,0.222,55.6
3962,33824,33825,30.3,315.567,27.05
3963,33838,33839,4.0,0.0,24.62
3964,33840,33841,13.0,0.0,79.96
3965,33858,33859,65.0,0.0,408.87
3966,33860,33861,1.875,0.117,22.83
3967,33864,33865,4.438,0.529,54.85
3968,33866,33867,1.438,0.262,19.86
3969,33868,33869,2.625,0.383,36.77
3970,33870,33871,1.5,0.267,19.19
3971,33872,33873,7.778,0.694,95.94
3972,33874,33875,9.111,0.611,110.77
3973,33876,33877,9.778,107.694,25.91
3974,33878,33879,1.9,0.1,22.22
3975,33880,33881,4.0,0.0,26.72
3976,33884,33885,2.0,0.0,19.65
3977,33890,33891,8.5,0.5,59.58
3978,33892,33893,3.0,0.0,22.52
3979,33894,33895,1.25,0.205,31.15
3980,33896,33897,8.389,0.84,184.07
3981,33898,33899,3.444,1.111,69.12
3982,33900,33901,4.889,0.111,98.04
3983,33902,33903,12.042,1.955,254.04
3984,33904,33905,4.333,0.319,94.35
3985,33906,33907,15.0,2.0,382.05
3986,33908,33909,2.591,0.253,38.52
3987,33910,33911,3.5,0.333,43.93
3988,33912,33913,9.25,0.25,120.12
3989,33914,33915,6.75,17.583,19.43
3990,33916,33917,7.0,0.0,16.9
3991,33918,33919,126.5,60.5,270.81
3992,33920,33921,36.5,4.5,76.26
3993,33922,33923,55.5,12.5,116.53
3994,33924,33925,4.429,0.418,58.79
3995,33926,33927,6.714,34.681,46.2
3996,33928,33929,13.667,50.424,111.76
3997,33930,33931,5.4,12.711,34.63
3998,33974,33975,15.0,0.0,72.62
3999,33978,33979,30.0,0.0,165.2
4000,34034,34035,8.0,1.0,39.83
4001,34056,34057,13.0,0.0,26.06
4002,34064,34065,3.0,0.0,47.74
4003,34074,34075,7.0,0.0,79.85
4004,34076,34077,11.0,0.0,122.2
4005,34078,34079,7.0,0.0,79.67
4006,34080,34081,29.5,684.5,58.1
4007,34084,34085,7.1,0.544,89.47
4008,34088,34089,2.111,0.111,25.89
4009,34092,34093,3.889,0.111,47.36
4010,34094,34095,7.889,24.861,28.17
4011,34104,34105,20.5,6.3,101.17
4012,34148,34149,11.0,0.0,50.14
4013,34274,34275,5.0,0.0,28.63
4014,34312,34313,12.0,0.0,102.13
4015,34326,34327,13.0,0.0,73.27
4016,34360,34361,17.0,0.0,94.01
4017,34442,34443,1.2,0.2,6.9
4018,34444,34445,6.5,1.0,50.56
4019,34446,34447,9.0,0.667,67.29
4020,34448,34449,2.0,0.0,23.9
4021,34450,34451,3.0,0.0,23.24
4022,34464,34465,2.0,0.0,27.41
4023,34466,34467,4.0,0.0,58.44
4024,34468,34469,4.0,0.0,60.35
4025,34474,34475,3.5,0.5,46.27
4026,34482,34483,31.0,0.0,161.15
4027,34508,34509,10.0,0.0,89.65
4028,34536,34537,2.0,0.0,20.6
4029,34572,34573,7.0,0.0,57.65
4030,34574,34575,17.0,0.0,145.52
4031,34576,34577,12.0,0.0,104.36
4032,34578,34579,39.0,0.0,339.02
4033,34586,34587,21.0,0.0,176.23
4034,34606,34607,9.167,2.167,252.27
4035,34608,34609,8.5,1.1,220.69
4036,34612,34613,74.0,0.0,389.79
4037,34616,34617,4.0,0.0,17.68
4038,34620,34621,9.0,0.0,45.28
4039,34626,34627,5.0,0.0,26.74
4040,34634,34635,3.938,0.196,54.03
4041,34648,34649,5.5,0.5,43.16
4042,34650,34651,8.0,0.0,68.7
4043,34680,34681,3.333,0.333,39.55
4044,34684,34685,2.333,0.333,28.05
4045,34686,34687,10.667,2.333,119.14
4046,34698,34699,8.0,0.0,60.45
4047,34700,34701,9.0,0.0,109.8
4048,34702,34703,3.0,0.0,41.88
4049,34724,34725,17.0,0.0,84.92
4050,34746,34747,9.5,0.5,111.56
4051,34748,34749,21.0,0.0,244.69
4052,34750,34751,12.0,0.0,107.93
4053,34754,34755,152.0,0.0,594.09
4054,34756,34757,25.0,0.0,219.67
4055,34774,34775,1.371,0.358,18.36
4056,34776,34777,14.0,109.871,34.17
4057,34778,34779,2.545,0.273,36.54
4058,34780,34781,15.545,110.873,75.95
4059,34800,34801,13.0,0.0,95.8
4060,34802,34803,5.0,0.0,33.64
4061,34832,34833,9.0,0.0,41.31
4062,34840,34841,11.5,0.5,87.55
4063,34842,34843,3.0,0.0,17.65
4064,34846,34847,6.0,0.0,37.57
4065,34850,34851,9.455,3.273,137.19
4066,34852,34853,3.72,0.21,43.72
4067,34854,34855,2.4,1.333,20.46
4068,34856,34857,3.0,0.25,42.78
4069,34860,34861,4.5,0.286,60.8
4070,34864,34865,2.125,0.125,29.06
4071,34912,34913,3.0,0.0,26.82
4072,34914,34915,7.0,0.0,49.51
4073,34916,34917,1.833,0.333,18.2
4074,34918,34919,3.417,0.447,40.71
4075,34934,34935,15.5,0.5,79.47
4076,34938,34939,3.0,0.0,30.79
4077,34950,34951,2.0,0.0,33.56
4078,34952,34953,9.0,0.0,123.4
4079,34980,34981,5.0,0.0,31.66
4080,34982,34983,12.0,0.0,80.84
4081,34984,34985,9.0,0.0,60.94
4082,34990,34991,22.0,0.0,142.92
4083,34992,34993,7.0,2.0,39.0
4084,34994,34995,9.0,0.25,63.58
4085,34996,34997,7.714,0.905,59.28
4086,34998,34999,8.143,0.143,58.17
4087,35000,35001,13.0,0.0,85.28
4088,35006,35007,5.0,0.0,41.16
4089,35008,35009,4.0,0.0,21.73
4090,35068,35069,8.0,0.0,91.07
4091,35104,35105,5.0,0.0,42.07
4092,35136,35137,14.0,0.0,111.0
4093,35152,35153,7.0,0.0,49.97
4094,35160,35161,7.0,0.0,60.36
4095,35168,35169,5.0,0.0,31.51
4096,35172,35173,21.0,0.0,250.15
4097,35174,35175,3.0,0.0,20.88
4098,35176,35177,5.0,0.0,35.21
4099,35182,35183,13.0,0.0,81.63
4100,35200,35201,3.0,0.0,19.22
4101,35214,35215,4.0,0.0,30.25
4102,35248,35249,28.0,32.0,191.54
4103,35252,35253,9.886,0.575,130.95
4104,35254,35255,1.444,0.278,17.83
4105,35258,35259,7.111,1.111,90.04
4106,35260,35261,3.111,0.611,38.05
4107,35264,35265,15.0,120.0,26.74
4108,35266,35267,1.4,0.267,16.83
4109,35268,35269,2.0,0.0,17.38
4110,35270,35271,8.667,0.333,58.27
4111,35272,35273,11.0,2.0,19.15
4112,35274,35275,5.636,0.455,72.76
4113,35300,35301,3.0,0.0,28.39
4114,35302,35303,2.0,0.0,15.8
4115,35304,35305,5.0,0.0,46.03
4116,35306,35307,5.0,0.0,34.2
4117,35314,35315,25.0,0.0,182.28
4118,35330,35331,9.5,0.5,116.18
4119,35332,35333,18.5,0.5,259.1
4120,35336,35337,12.0,2.0,169.61
4121,35338,35339,8.6,0.3,121.96
4122,35340,35341,2.8,0.7,40.18
4123,35344,35345,2.2,0.2,34.94
4124,35348,35349,5.0,0.0,21.5
4125,35362,35363,8.0,0.0,43.39
4126,35366,35367,15.0,0.0,64.87
4127,35374,35375,1.028,0.028,9.26
4128,35376,35377,1.133,0.118,13.9
4129,35382,35383,6.1,0.544,46.86
4130,35384,35385,2.0,0.0,17.86
4131,35388,35389,2.0,0.0,16.95
4132,35390,35391,2.0,0.0,16.76
4133,35402,35403,4.5,0.333,62.68
4134,35404,35405,2.5,0.333,33.86
4135,35406,35407,4.1,2.767,38.87
4136,35414,35415,1.25,0.193,15.09
4137,35434,35435,3.889,1.111,30.31
4138,35438,35439,6.214,24.797,22.86
4139,35440,35441,16.714,335.238,11.89
4140,35446,35447,10.0,0.0,51.33
4141,35448,35449,9.0,0.0,47.54
4142,35466,35467,6.0,0.0,45.2
4143,35468,35469,4.0,0.0,23.22
4144,35470,35471,7.0,0.0,49.65
4145,35472,35473,8.0,0.667,61.96
4146,35474,35475,4.75,0.25,34.28
4147,35478,35479,11.667,0.333,91.95
4148,35482,35483,5.0,0.0,35.83
4149,35484,35485,12.0,2.0,93.01
4150,35486,35487,4.5,0.5,30.88
4151,35488,35489,15.0,2.0,114.01
4152,35490,35491,4.0,0.0,29.18
4153,35516,35517,11.0,0.0,90.02
4154,35520,35521,4.0,0.0,28.95
4155,35530,35531,26.0,496.857,70.63
4156,35532,35533,6.538,0.436,82.16
4157,35534,35535,1.692,0.231,24.86
4158,35536,35537,3.8,0.2,47.96
4159,35540,35541,3.8,0.2,49.76
4160,35560,35561,4.0,0.0,43.13
4161,35562,35563,3.5,0.5,42.16
4162,35568,35569,8.0,0.0,54.19
4163,35570,35571,15.5,144.5,74.03
4164,35572,35573,23.0,0.0,151.88
4165,35578,35579,6.0,2.0,40.35
4166,35580,35581,4.0,0.0,25.11
4167,35582,35583,4.0,2.0,26.03
4168,35584,35585,2.0,0.0,27.98
4169,35590,35591,4.0,0.0,50.63
4170,35592,35593,4.0,2.0,39.16
4171,35594,35595,3.0,0.0,33.93
4172,35608,35609,6.0,0.0,56.12
4173,35616,35617,2.045,0.141,24.65
4174,35618,35619,2.55,0.261,33.87
4175,35620,35621,4.2,0.168,53.74
4176,35628,35629,1.25,0.25,5.76
4177,35634,35635,3.25,0.25,39.09
4178,35636,35637,7.0,0.0,86.54
4179,35638,35639,9.0,0.0,116.22
4180,35640,35641,5.0,0.0,71.41
4181,35642,35643,4.0,0.0,26.24
4182,35646,35647,1.7,0.233,23.2
4183,35648,35649,8.7,1.789,115.59
4184,35650,35651,6.8,1.289,90.65
4185,35652,35653,13.6,66.711,28.3
4186,35654,35655,5.333,0.433,71.32
4187,35656,35657,10.667,44.933,55.62
4188,35660,35661,6.5,0.5,49.74
4189,35662,35663,10.0,0.0,74.75
4190,35666,35667,2.0,0.0,14.46
4191,35676,35677,8.0,0.0,67.7
4192,35678,35679,8.0,2.0,62.98
4193,35680,35681,2.0,0.0,19.13
4194,35690,35691,4.0,0.0,28.03
4195,35692,35693,21.619,3.348,288.34
4196,35696,35697,19.0,0.0,183.49
4197,35698,35699,13.0,0.0,109.1
4198,35700,35701,18.0,0.0,127.23
4199,35702,35703,11.0,0.0,89.83
4200,35704,35705,2.0,0.0,19.82
4201,35706,35707,5.0,0.0,36.81
4202,35708,35709,5.0,0.0,40.79
4203,35710,35711,3.0,0.0,17.7
4204,35712,35713,19.0,0.0,101.32
4205,35714,35715,17.0,2.0,88.87
4206,35728,35729,17.0,2.333,204.68
4207,35730,35731,5.286,0.238,50.38
4208,35732,35733,11.857,0.476,134.81
4209,35734,35735,1.429,0.286,14.56
4210,35736,35737,1.6,0.3,21.77
4211,35756,35757,5.0,0.0,97.29
4212,35764,35765,2.0,0.0,14.9
4213,35774,35775,1.5,0.286,15.91
4214,35776,35777,1.889,0.111,25.32
4215,35784,35785,2.08,0.16,27.67
4216,35786,35787,1.889,7.111,7.35
4217,35788,35789,9.28,62.543,8.31
4218,35792,35793,12.667,1.333,152.62
4219,35794,35795,4.0,1.0,27.28
4220,35796,35797,7.667,0.333,51.13
4221,35798,35799,4.0,1.0,27.33
4222,35802,35803,3.0,0.0,24.67
4223,35804,35805,8.0,0.0,59.25
4224,35806,35807,2.0,0.0,15.68
4225,35810,35811,9.0,0.0,69.75
4226,35812,35813,3.0,0.0,17.69
4227,35836,35837,14.0,0.0,29.92
4228,35838,35839,15.0,0.0,30.21
4229,35844,35845,6.667,2.333,14.16
4230,35850,35851,6.0,0.0,53.83
4231,35858,35859,4.0,0.0,43.92
4232,35884,35885,4.0,0.0,35.09
4233,35886,35887,2.714,0.571,46.0
4234,35906,35907,3.0,0.0,14.8
4235,35908,35909,7.933,0.21,86.77
4236,35912,35913,5.214,0.643,70.48
4237,35916,35917,2.5,0.5,34.32
4238,35918,35919,7.5,0.5,93.13
4239,35924,35925,1.75,0.214,39.76
4240,35926,35927,13.25,2.205,347.43
4241,35940,35941,5.5,0.5,21.53
4242,35946,35947,3.5,0.5,22.01
4243,35948,35949,5.5,5.667,43.24
4244,35950,35951,7.667,1.333,106.33
4245,35952,35953,2.222,0.194,30.31
4246,35954,35955,8.636,2.655,369.42
4247,35956,35957,13.2,1.7,156.29
4248,35960,35961,24.333,6.333,309.1
4249,35962,35963,3.0,0.0,35.91
4250,35964,35965,6.5,0.5,77.86
4251,35966,35967,1.5,0.5,14.84
4252,35968,35969,8.727,47.018,30.29
4253,35970,35971,3.286,0.238,42.21
4254,35972,35973,6.944,0.526,107.98
4255,35974,35975,9.5,0.667,128.17
4256,35976,35977,4.944,0.408,72.54
4257,35998,35999,102.667,234.333,502.03
4258,36008,36009,4.9,0.544,56.47
4259,36016,36017,4.75,0.25,35.89
4260,36018,36019,1.538,0.269,18.89
4261,36020,36021,1.25,0.205,14.11
4262,36022,36023,6.385,0.59,70.25
4263,36062,36063,4.0,0.0,26.23
4264,36064,36065,12.0,0.0,106.78
4265,36066,36067,11.0,0.0,93.12
4266,36074,36075,29.0,0.0,127.26
4267,36082,36083,2.0,0.0,25.99
4268,36084,36085,7.0,0.444,55.66
4269,36088,36089,4.5,0.286,57.98
4270,36110,36111,25.5,4.5,164.29
4271,36112,36113,31.5,12.5,201.85
4272,36126,36127,11.1,2.767,180.63
4273,36128,36129,1.286,0.214,11.81
4274,36130,36131,2.455,0.26,30.78
4275,36146,36147,3.5,0.5,35.47
4276,36154,36155,2.667,0.333,19.34
4277,36160,36161,13.0,0.0,65.26
4278,36274,36275,11.0,0.0,58.46
4279,36276,36277,20.0,0.0,108.47
4280,36278,36279,12.0,2.0,61.26
4281,36280,36281,4.0,0.0,18.41
4282,36294,36295,10.0,0.0,68.98
4283,36296,36297,11.5,4.5,81.84
4284,36298,36299,2.0,0.0,11.43
4285,36300,36301,6.5,4.5,46.44
4286,36304,36305,1.5,0.5,13.6
4287,36308,36309,31.0,0.0,63.53
4288,36310,36311,7.0,0.0,12.46
4289,36314,36315,19.0,0.0,139.52
4290,36400,36401,11.5,0.5,93.15
4291,36406,36407,17.5,12.5,44.01
4292,36432,36433,150.0,0.0,781.43
4293,36436,36437,51.0,0.0,233.99
4294,36438,36439,73.0,0.0,374.38
4295,36448,36449,122.0,0.0,523.2
4296,36450,36451,15.619,3.448,211.69
4297,36452,36453,4.143,5.029,34.23
4298,36460,36461,24.0,0.0,110.51
4299,36462,36463,37.0,0.0,180.54
4300,36464,36465,2.0,0.0,28.94
4301,36466,36467,3.5,0.5,49.73
4302,36468,36469,2.0,0.0,21.51
4303,36470,36471,2.0,0.0,26.07
4304,36472,36473,2.0,0.0,27.54
4305,36476,36477,11.5,3.9,148.79
4306,36478,36479,2.0,0.0,29.64
4307,36482,36483,9.5,0.333,100.9
4308,36484,36485,4.25,0.25,43.98
4309,36486,36487,2.25,0.25,26.45
4310,36490,36491,6.0,0.0,33.06
4311,36500,36501,10.333,1.294,219.58
4312,36502,36503,4.556,0.379,95.76
4313,36504,36505,1.727,0.303,24.93
4314,36512,36513,5.0,0.0,48.68
4315,36542,36543,2.0,0.0,8.19
4316,36546,36547,14.0,2.0,66.23
4317,36548,36549,3.0,0.0,40.06
4318,36550,36551,26.0,3.0,449.25
4319,36552,36553,9.0,0.667,151.6
4320,36554,36555,6.75,0.25,114.71
4321,36556,36557,2.0,0.0,33.37
4322,36558,36559,3.0,0.0,41.41
4323,36560,36561,15.0,0.0,189.05
4324,36562,36563,16.0,0.0,176.54
4325,36568,36569,7.5,0.5,60.74
4326,36570,36571,2.5,0.5,18.54
4327,36610,36611,9.0,0.0,71.42
4328,36612,36613,13.0,0.0,103.15
4329,36618,36619,6.0,0.0,75.82
4330,36624,36625,11.0,0.0,47.73
4331,36644,36645,7.0,2.0,40.78
4332,36656,36657,5.0,0.0,20.18
4333,36662,36663,14.0,0.0,55.88
4334,36664,36665,3.0,0.0,12.48
4335,36736,36737,6.5,0.5,28.87
4336,36738,36739,6.0,0.0,24.09
4337,36740,36741,8.333,1.333,34.82
4338,36742,36743,17.0,0.0,83.56
4339,36770,36771,6.0,0.0,40.77
4340,36772,36773,5.0,0.0,27.69
4341,36790,36791,2.0,0.0,10.62
4342,36840,36841,17.429,40.257,159.22
4343,36846,36847,13.737,7.094,223.27
4344,36848,36849,5.579,0.368,88.4
4345,36850,36851,6.316,0.45,102.78
4346,36852,36853,5.053,3.942,68.26
4347,36854,36855,2.222,0.194,27.22
4348,36856,36857,6.889,20.611,34.67
4349,36858,36859,6.067,10.271,50.05
4350,36862,36863,28.5,0.5,145.74
4351,36876,36877,20.5,8.857,269.94
4352,36890,36891,7.0,0.0,35.7
4353,36892,36893,12.0,0.0,59.72
4354,36896,36897,8.0,0.0,34.92
4355,36898,36899,5.0,0.0,19.07
4356,36910,36911,14.0,0.0,58.39
4357,36912,36913,2.0,0.0,6.89
4358,36914,36915,12.0,0.0,62.14
4359,36974,36975,9.0,0.0,51.99
4360,36992,36993,4.0,0.0,32.92
4361,36996,36997,4.0,0.0,23.36
4362,36998,36999,9.5,0.5,113.72
4363,37008,37009,1.053,0.051,13.38
4364,37012,37013,1.5,0.257,19.05
4365,37014,37015,1.185,0.157,14.07
4366,37016,37017,1.25,0.194,13.55
4367,37018,37019,2.121,0.172,24.68
4368,37026,37027,10.429,42.619,97.66
4369,37028,37029,3.773,0.374,48.26
4370,37030,37031,2.556,0.261,32.44
4371,37032,37033,10.5,32.735,65.98
4372,37034,37035,3.944,0.173,51.44
4373,37036,37037,8.611,0.369,110.64
4374,37038,37039,2.5,0.262,32.81
4375,37054,37055,39.0,0.0,188.17
4376,37074,37075,4.0,0.0,21.71
4377,37128,37129,3.0,0.0,12.69
4378,37130,37131,3.0,0.0,11.92
4379,37158,37159,4.0,0.0,23.28
4380,37160,37161,3.0,0.0,17.15
4381,37170,37171,3.25,0.25,29.62
4382,37172,37173,2.25,0.25,25.3
4383,37176,37177,5.75,0.917,75.71
4384,37178,37179,17.0,0.0,228.09
4385,37180,37181,8.667,1.867,170.05
4386,37186,37187,1.111,0.111,11.92
4387,37194,37195,10.0,0.0,100.45
4388,37196,37197,6.833,1.061,36.48
4389,37198,37199,51.182,26.964,255.19
4390,37200,37201,25.667,2.333,120.82
4391,37202,37203,29.0,0.0,146.96
4392,37210,37211,3.111,0.361,38.09
4393,37214,37215,1.143,0.143,15.25
4394,37216,37217,6.556,0.778,77.62
4395,37224,37225,18.364,2.855,249.6
4396,37228,37229,19.333,18.75,197.5
4397,37230,37231,1.25,0.214,9.1
4398,37232,37233,11.556,2.528,153.43
4399,37234,37235,9.111,1.611,117.22
4400,37236,37237,13.556,200.778,12.51
4401,37238,37239,6.286,0.905,78.72
4402,37240,37241,7.857,0.476,83.98
4403,37300,37301,8.0,0.0,103.44
4404,37302,37303,4.0,0.0,59.38
4405,37304,37305,11.0,0.0,133.2
4406,37308,37309,5.5,1.5,43.34
4407,37310,37311,5.0,1.2,39.27
4408,37312,37313,20.167,11.767,153.73
4409,37314,37315,6.0,1.5,46.8
4410,37316,37317,5.5,0.5,49.63
4411,37368,37369,2.0,0.0,5.99
4412,37412,37413,7.0,0.0,33.92
4413,37420,37421,6.2,0.7,43.34
4414,37422,37423,3.667,0.667,25.79
4415,37426,37427,3.474,0.263,47.49
4416,37428,37429,3.579,0.702,27.52
4417,37438,37439,2.5,0.5,37.4
4418,37444,37445,3.0,0.0,42.12
4419,37446,37447,10.0,0.0,119.86
4420,37448,37449,4.0,0.0,41.69
4421,37450,37451,2.0,0.0,28.84
4422,37452,37453,2.0,0.0,25.56
4423,37458,37459,4.0,0.0,60.04
4424,37460,37461,2.375,0.268,29.65
4425,37462,37463,2.375,0.268,31.54
4426,37464,37465,8.875,139.839,11.45
4427,37466,37467,2.875,0.125,35.2
4428,37468,37469,10.5,0.5,91.51
4429,37470,37471,2.923,0.244,38.99
4430,37516,37517,5.0,0.0,25.41
4431,37538,37539,11.0,0.0,91.01
4432,37582,37583,20.0,0.0,102.08
4433,37602,37603,6.0,0.0,47.04
4434,37606,37607,10.0,2.0,65.87
4435,37608,37609,5.0,0.0,72.95
4436,37610,37611,6.0,0.0,41.88
4437,37612,37613,7.0,0.0,51.4
4438,37614,37615,4.0,0.0,27.25
4439,37616,37617,10.0,0.0,70.78
4440,37618,37619,5.0,0.0,42.6
4441,37632,37633,1.759,0.19,22.71
4442,37634,37635,3.172,8.148,15.34
4443,37636,37637,2.5,0.333,23.51
4444,37638,37639,21.5,1.667,275.91
4445,37640,37641,3.5,0.333,45.58
4446,37642,37643,1.75,0.25,20.37
4447,37644,37645,6.25,8.25,34.86
4448,37646,37647,3.375,0.554,43.85
4449,37648,37649,6.25,14.25,4.04
4450,37650,37651,1.125,0.125,11.39
4451,37652,37653,3.25,1.071,28.18
4452,37658,37659,5.25,10.214,32.41
4453,37676,37677,10.812,1.096,147.75
4454,37678,37679,3.75,0.2,50.45
4455,37680,37681,5.5,0.4,78.83
4456,37682,37683,1.375,1.05,17.85
4457,37684,37685,4.692,13.731,7.35
4458,37692,37693,2.182,0.164,28.69
4459,37694,37695,11.522,110.715,7.53
4460,37698,37699,2.091,0.091,24.17
4461,37704,37705,5.4,0.489,71.93
4462,37706,37707,6.0,0.889,80.81
4463,37708,37709,5.7,17.567,51.16
4464,37714,37715,4.083,0.629,55.74
4465,37732,37733,21.5,4.5,92.06
4466,37742,37743,13.8,54.7,88.82
4467,37744,37745,7.0,0.0,70.11
4468,37750,37751,9.0,0.0,114.65
4469,37752,37753,2.0,0.0,25.49
4470,37754,37755,4.0,0.0,46.36
4471,37756,37757,30.0,0.0,382.91
4472,37758,37759,3.0,0.0,20.32
4473,37760,37761,42.0,0.0,312.78
4474,37762,37763,9.0,0.0,65.43
4475,37798,37799,8.0,0.0,29.47
4476,37804,37805,3.0,0.0,17.09
4477,37820,37821,17.0,0.0,83.4
4478,37824,37825,16.0,0.0,80.5
4479,37844,37845,12.833,48.515,118.79
4480,37846,37847,14.364,125.055,11.8
4481,37856,37857,18.6,2.884,388.54
4482,37858,37859,19.95,3.418,420.33
4483,37860,37861,6.6,0.463,130.2
4484,37862,37863,11.278,0.801,181.05
4485,37864,37865,22.778,15.359,422.35
4486,37866,37867,4.0,2.0,42.09
4487,37900,37901,7.0,0.0,45.87
4488,37902,37903,17.0,0.0,98.27
4489,38000,38001,8.0,0.0,38.15
4490,38006,38007,2.0,0.0,24.16
4491,38008,38009,6.0,0.0,71.72
4492,38010,38011,6.0,0.0,56.66
4493,38020,38021,5.25,0.25,66.73
4494,38022,38023,6.0,0.8,91.6
4495,38024,38025,7.182,1.564,109.84
4496,38026,38027,3.0,0.0,48.4
4497,38034,38035,14.333,0.333,213.88
4498,38036,38037,4.333,0.333,67.48
4499,38038,38039,4.5,0.5,58.42
4500,38050,38051,4.0,0.0,23.47
4501,38064,38065,24.667,0.333,56.46
4502,38066,38067,11.667,1.333,26.12
4503,38084,38085,1.444,0.261,18.59
4504,38090,38091,2.0,0.0,17.04
4505,38092,38093,10.5,0.5,114.15
4506,38096,38097,5.0,0.0,60.5
4507,38098,38099,2.25,0.25,19.72
4508,38100,38101,3.0,0.0,34.35
4509,38102,38103,8.0,1.0,94.98
4510,38104,38105,2.0,0.0,21.35
4511,38106,38107,7.333,1.333,87.95
4512,38108,38109,4.667,0.333,51.75
4513,38136,38137,5.0,0.0,24.43
4514,38148,38149,3.0,0.0,19.91
4515,38162,38163,7.0,0.0,97.77
4516,38164,38165,3.0,0.0,48.84
4517,38166,38167,6.0,0.0,73.59
4518,38168,38169,25.0,0.0,18.54
4519,38200,38201,57.889,291.611,298.13
4520,38214,38215,1.429,0.286,12.66
4521,38218,38219,8.0,0.75,55.36
4522,38230,38231,11.0,0.0,83.0
4523,38234,38235,27.0,0.0,205.98
4524,38240,38241,9.407,1.174,145.6
4525,38270,38271,4.0,0.0,23.25
4526,38296,38297,4.0,0.0,22.72
4527,38362,38363,38.0,0.0,202.09
4528,38364,38365,4.75,0.408,43.96
4529,38374,38375,5.0,0.0,80.24
4530,38380,38381,7.0,0.0,84.93
4531,38382,38383,4.0,0.0,47.28
4532,38386,38387,11.227,1.994,145.02
4533,38388,38389,2.545,0.26,31.34
4534,38392,38393,5.0,0.0,18.89
4535,38394,38395,3.0,0.0,20.05
4536,38408,38409,16.286,4.989,260.19
4537,38414,38415,9.0,0.0,41.81
4538,38416,38417,8.0,0.0,37.6
4539,38424,38425,10.0,2.667,179.26
4540,38430,38431,3.333,0.267,44.22
4541,38432,38433,11.0,51.2,16.31
4542,38456,38457,2.0,0.0,11.21
4543,38480,38481,10.0,0.0,39.02
4544,38490,38491,4.0,0.0,36.5
4545,38518,38519,5.273,0.494,69.78
4546,38520,38521,1.067,0.067,9.35
4547,38522,38523,15.476,3.362,247.78
4548,38524,38525,30.75,6.092,485.06
4549,38534,38535,14.667,0.333,110.66
4550,38536,38537,5.4,0.3,39.78
4551,38538,38539,1.167,0.167,7.24
4552,38540,38541,15.0,237.667,74.17
4553,38542,38543,4.522,0.261,58.3
4554,38544,38545,10.533,135.981,28.11
4555,38560,38561,1.333,0.333,11.76
4556,38562,38563,3.667,0.333,32.12
4557,38566,38567,10.75,1.583,156.39
4558,38568,38569,4.5,0.333,61.05
4559,38570,38571,1.75,0.25,28.11
4560,38572,38573,3.0,0.667,45.13
4561,38576,38577,2.75,0.25,44.78
4562,38606,38607,16.0,0.0,201.97
4563,38608,38609,5.5,0.5,63.98
4564,38610,38611,14.5,180.5,63.74
4565,38616,38617,9.0,0.0,106.74
4566,38624,38625,8.0,0.0,95.13
4567,38630,38631,2.0,0.0,22.72
4568,38700,38701,15.0,1.0,21.92
4569,38708,38709,19.0,0.0,103.77
4570,38760,38761,4.0,0.0,21.41
4571,38794,38795,2.25,0.25,26.68
4572,38798,38799,5.625,0.554,69.72
4573,38800,38801,5.5,9.714,38.82
4574,38806,38807,8.636,0.855,120.46
4575,38810,38811,8.333,17.333,55.06
4576,38812,38813,3.667,9.333,19.67
4577,38822,38823,2.0,0.0,10.35
4578,38824,38825,3.0,0.0,15.7
4579,38834,38835,5.8,0.2,80.64
4580,38850,38851,2.0,0.0,20.54
4581,38894,38895,1.714,0.22,21.68
4582,38896,38897,2.429,0.402,31.3
4583,38898,38899,17.28,14.21,194.89
4584,38900,38901,4.238,0.49,52.95
4585,38902,38903,6.667,40.333,42.8
4586,38904,38905,3.0,0.1,38.31
4587,38906,38907,1.476,0.262,20.73
4588,38908,38909,6.381,0.548,82.79
4589,38910,38911,3.81,0.362,51.3
4590,38922,38923,1.941,0.184,24.26
4591,38928,38929,3.667,0.333,27.27
4592,38930,38931,9.667,0.333,69.36
4593,38948,38949,11.0,93.2,19.53
4594,38950,38951,3.667,0.333,33.01
4595,38952,38953,6.0,0.0,43.45
4596,38954,38955,4.0,0.0,33.01
4597,38962,38963,6.5,0.5,77.09
4598,38964,38965,5.0,0.0,56.06
4599,38970,38971,17.0,0.0,127.16
4600,38972,38973,3.0,0.0,18.78
4601,38974,38975,12.5,4.5,90.62
4602,38998,38999,30.375,9.696,400.74
4603,39000,39001,6.125,0.411,80.43
4604,39002,39003,4.625,0.554,72.24
4605,39004,39005,15.25,225.071,78.86
4606,39006,39007,6.25,1.071,99.97
4607,39008,39009,7.818,1.013,97.26
4608,39010,39011,3.944,0.291,50.75
4609,39020,39021,3.0,0.0,26.09
4610,39022,39023,4.0,0.0,27.91
4611,39024,39025,3.0,0.0,19.34
4612,39030,39031,3.0,0.0,28.87
4613,39040,39041,4.618,0.486,58.77
4614,39102,39103,68.0,0.0,307.29
4615,39104,39105,9.0,0.0,38.67
4616,39108,39109,20.857,9.81,531.49
4617,39126,39127,5.0,0.0,62.83
4618,39148,39149,2.5,0.333,30.94
4619,39150,39151,2.75,0.25,35.04
4620,39154,39155,3.25,0.386,42.32
4621,39156,39157,10.583,58.629,70.53
4622,39168,39169,8.0,0.0,30.09
4623,39170,39171,3.433,0.254,45.6
4624,39172,39173,9.9,1.656,134.93
4625,39174,39175,4.0,0.0,37.06
4626,39182,39183,12.619,1.648,165.51
4627,39184,39185,3.286,0.414,44.89
4628,39194,39195,2.864,0.314,35.4
4629,39204,39205,3.55,0.471,81.43
4630,39206,39207,3.0,2.0,14.09
4631,39208,39209,10.0,0.8,158.19
4632,39212,39213,4.0,0.0,26.44
4633,39218,39219,6.0,0.0,32.23
4634,39220,39221,2.0,0.0,13.88
4635,39232,39233,1.6,0.248,21.52
4636,39234,39235,3.133,0.395,41.86
4637,39236,39237,2.6,0.248,35.38
4638,39238,39239,3.067,0.409,43.35
4639,39240,39241,8.71,4.28,123.88
4640,39242,39243,14.333,148.437,25.4
4641,39244,39245,4.875,0.783,59.64
4642,39248,39249,2.0,0.0,14.56
4643,39250,39251,15.0,133.333,41.3
4644,39252,39253,3.5,0.278,35.6
4645,39254,39255,2.111,0.111,23.82
4646,39256,39257,3.222,0.194,38.83
4647,39258,39259,1.556,0.278,17.73
4648,39260,39261,4.556,0.528,55.07
4649,39262,39263,14.444,175.528,25.62
4650,39264,39265,2.25,0.25,34.69
4651,39272,39273,9.0,0.0,41.74
4652,39276,39277,30.75,314.917,45.78
4653,39282,39283,20.0,0.0,98.36
4654,39284,39285,1.545,0.273,16.83
4655,39286,39287,4.375,6.268,46.8
4656,39288,39289,17.357,143.17,69.35
4657,39290,39291,5.0,0.833,77.9
4658,39292,39293,1.25,0.205,13.73
4659,39296,39297,2.0,0.0,11.31
4660,39326,39327,5.333,0.333,34.27
4661,39328,39329,1.2,0.2,9.4
4662,39330,39331,13.0,50.333,21.74
4663,39332,39333,1.333,0.333,10.98
4664,39334,39335,8.0,1.0,88.23
4665,39338,39339,3.5,0.333,22.46
4666,39340,39341,6.125,0.125,74.21
4667,39348,39349,110.0,0.0,558.47
4668,39366,39367,10.5,0.5,43.89
4669,39368,39369,3.0,0.0,19.41
4670,39400,39401,4.355,0.237,53.04
4671,39402,39403,4.677,0.426,61.1
4672,39406,39407,13.545,2.073,179.52
4673,39414,39415,15.0,0.0,70.9
4674,39422,39423,16.0,0.0,120.02
4675,39424,39425,11.438,1.596,81.61
4676,39426,39427,11.0,0.0,100.53
4677,39452,39453,1.048,0.048,16.48
4678,39458,39459,16.333,0.333,206.23
4679,39462,39463,1.9,0.1,18.67
4680,39466,39467,7.81,0.662,101.21
4681,39468,39469,9.095,0.69,104.55
4682,39516,39517,13.0,0.0,64.7
4683,39560,39561,7.0,0.0,43.34
4684,39724,39725,7.5,0.5,38.63
4685,39774,39775,8.0,0.667,103.26
4686,39838,39839,5.0,0.0,18.33
4687,39840,39841,4.0,0.0,19.21
4688,39848,39849,7.0,0.0,29.68
4689,39856,39857,2.0,0.0,8.32
4690,39876,39877,12.5,0.5,67.93
4691,39896,39897,24.0,0.0,98.1
4692,39912,39913,6.0,0.0,32.61
4693,39962,39963,1.077,0.077,13.19
4694,39980,39981,5.0,0.0,32.48
4695,39992,39993,22.5,3.1,468.63
4696,39994,39995,3.833,0.167,81.48
4697,39996,39997,23.667,582.667,63.03
4698,40010,40011,1.75,0.214,17.68
4699,40020,40021,1.455,0.26,33.66
4700,40026,40027,2.636,0.338,58.81
4701,40032,40033,1.24,0.19,13.85
4702,40058,40059,3.0,0.0,10.98
4703,40064,40065,2.0,0.0,8.77
4704,40072,40073,15.0,8.0,62.95
4705,40082,40083,18.0,0.0,105.57
4706,40136,40137,6.0,0.0,28.21
4707,40160,40161,4.0,0.0,26.59
4708,40170,40171,6.556,0.778,86.71
4709,40172,40173,1.111,0.111,15.54
4710,40174,40175,2.778,0.444,35.12
4711,40176,40177,6.556,1.028,82.55
4712,40178,40179,16.222,262.194,94.13
4713,40180,40181,14.944,263.467,20.32
4714,40182,40183,25.0,2.0,14.11
4715,40186,40187,2.0,0.0,7.23
4716,40190,40191,5.5,0.5,66.06
4717,40192,40193,9.0,98.0,24.45
4718,40196,40197,10.5,0.5,51.43
4719,40198,40199,9.5,0.5,104.21
4720,40202,40203,3.0,0.0,27.11
4721,40204,40205,3.667,0.333,28.33
4722,40206,40207,4.75,0.917,34.94
4723,40208,40209,11.0,3.0,77.06
4724,40210,40211,3.0,0.0,28.48
4725,40212,40213,17.9,85.878,119.55
4726,40214,40215,5.889,0.361,81.27
4727,40216,40217,6.0,0.0,64.43
4728,40218,40219,9.429,2.11,117.56
4729,40220,40221,5.636,0.623,72.84
4730,40222,40223,8.88,87.86,66.14
4731,40236,40237,15.0,0.0,66.47
4732,40310,40311,12.0,0.0,53.57
4733,40320,40321,5.0,0.667,52.92
4734,40374,40375,5.0,0.0,78.58
4735,40384,40385,3.0,0.0,12.95
4736,40386,40387,4.0,0.0,20.93
4737,40434,40435,22.273,135.618,55.53
4738,40436,40437,4.385,0.326,57.85
4739,40438,40439,7.938,1.262,98.44
4740,40440,40441,4.5,0.957,52.33
4741,40442,40443,2.625,0.554,30.12
4742,40444,40445,4.625,0.554,60.0
4743,40456,40457,5.0,0.667,61.1
4744,40548,40549,10.0,0.0,49.1
4745,40566,40567,5.0,0.0,24.31
4746,40598,40599,2.0,0.0,5.76
4747,40648,40649,8.0,0.0,38.85
4748,40650,40651,10.0,0.0,48.11
4749,40664,40665,24.0,0.0,215.98
4750,40668,40669,7.0,35.143,25.54
4751,40670,40671,3.0,0.0,38.43
4752,40674,40675,12.682,2.132,165.37
4753,40676,40677,10.227,91.232,25.95
4754,40678,40679,33.417,61.645,453.53
4755,40680,40681,4.0,0.286,49.98
4756,40682,40683,3.409,0.348,45.54
4757,40684,40685,2.0,0.0,25.57
4758,40692,40693,7.0,0.0,39.15
4759,40696,40697,16.0,0.0,87.77
4760,40700,40701,7.0,0.0,34.83
4761,40706,40707,26.0,0.0,149.08
4762,40732,40733,9.0,0.0,44.58
4763,40772,40773,14.0,0.0,58.4
4764,40792,40793,1.381,0.248,18.84
4765,40794,40795,6.619,0.948,75.54
4766,40796,40797,14.85,77.397,63.18
4767,40798,40799,5.471,0.265,62.85
4768,40802,40803,8.0,0.0,36.1
4769,40822,40823,17.0,0.0,40.4
4770,40840,40841,1.25,0.25,18.3
4771,40844,40845,5.0,1.0,51.78
4772,40846,40847,1.333,0.333,16.11
4773,40848,40849,1.545,0.273,19.75
4774,40850,40851,4.727,0.418,45.44
4775,40924,40925,7.0,0.0,37.43
4776,41014,41015,11.0,0.0,56.56
4777,41030,41031,6.0,0.0,32.19
4778,41048,41049,10.0,0.0,43.02
4779,41054,41055,9.0,0.0,34.92
4780,41066,41067,7.0,0.0,35.06
4781,41068,41069,19.0,0.0,91.31
4782,41136,41137,12.0,0.0,49.25
4783,41138,41139,4.0,0.0,24.12
4784,41140,41141,4.0,2.0,18.84
4785,41208,41209,3.0,0.0,14.29
4786,41228,41229,6.0,0.0,46.58
4787,41230,41231,8.0,0.0,55.76
4788,41232,41233,17.667,0.333,131.54
4789,41234,41235,19.5,0.5,141.41
4790,41236,41237,6.5,0.5,52.07
4791,41238,41239,9.5,0.5,75.01
4792,41240,41241,10.0,0.0,73.26
4793,41250,41251,27.5,12.5,175.99
4794,41272,41273,5.0,0.0,32.22
4795,41274,41275,4.0,0.0,26.56
4796,41278,41279,31.0,0.0,292.17
4797,41366,41367,3.0,0.0,49.38
4798,41382,41383,12.0,0.0,58.46
4799,41404,41405,2.0,0.0,23.0
4800,41408,41409,3.0,0.0,38.45
4801,41410,41411,2.0,0.0,24.75
4802,41428,41429,4.333,0.333,18.52
4803,41430,41431,10.333,2.333,75.22
4804,41444,41445,17.125,4.783,126.84
4805,41446,41447,17.0,0.0,102.79
4806,41448,41449,3.0,0.0,15.22
4807,41450,41451,4.0,0.0,15.75
4808,41454,41455,3.0,1.0,14.95
4809,41456,41457,32.0,0.0,122.37
4810,41522,41523,3.091,0.291,43.57
4811,41524,41525,2.091,0.291,34.13
4812,41544,41545,7.769,0.859,163.08
4813,41574,41575,8.0,0.0,19.71
4814,41588,41589,3.0,0.0,17.51
4815,41600,41601,29.0,0.0,139.44
4816,41644,41645,19.0,0.0,165.87
4817,41660,41661,13.0,0.0,91.08
4818,41662,41663,6.0,0.0,43.13
4819,41694,41695,2.0,0.182,21.19
4820,41696,41697,1.846,0.141,9.2
4821,41702,41703,6.385,0.923,84.83
4822,41704,41705,5.667,0.606,75.46
4823,41706,41707,3.167,0.333,42.48
4824,41708,41709,5.083,0.811,66.95
4825,41710,41711,11.25,2.386,151.66
4826,41712,41713,4.0,0.364,54.12
4827,41714,41715,4.846,0.641,63.35
4828,41716,41717,3.0,0.0,43.05
4829,41718,41719,4.0,0.5,59.08
4830,41720,41721,3.2,0.2,37.49
4831,41750,41751,4.0,0.0,18.77
4832,41760,41761,2.0,0.0,48.96
4833,41764,41765,22.0,0.0,275.51
4834,41824,41825,2.727,0.418,41.44
4835,41826,41827,35.0,412.0,22.4
4836,41830,41831,4.0,0.0,28.72
4837,41840,41841,12.2,0.2,158.56
4838,41842,41843,2.0,0.0,23.77
4839,41844,41845,3.0,0.0,25.64
4840,41846,41847,2.0,0.0,13.72
4841,41848,41849,7.0,108.0,7.43
4842,41850,41851,17.0,450.0,8.21
4843,41852,41853,18.538,184.436,4.89
4844,41856,41857,6.5,16.933,6.47
4845,41858,41859,32.333,614.333,36.64
4846,41860,41861,15.0,0.0,169.98
4847,41862,41863,17.7,116.678,24.63
4848,41864,41865,20.368,7.579,258.24
4849,41874,41875,1.767,0.185,23.18
4850,41876,41877,19.733,2.961,258.17
4851,41878,41879,8.0,0.0,72.8
4852,41880,41881,6.0,0.0,72.8
4853,41884,41885,4.0,0.0,23.43
4854,41886,41887,5.0,0.0,43.27
4855,41890,41891,8.333,26.0,37.23
4856,41892,41893,7.0,0.0,81.25
4857,41894,41895,4.143,0.143,42.98
4858,41896,41897,5.0,48.0,4.76
4859,41906,41907,30.0,292.667,70.5
4860,41908,41909,2.75,0.214,36.24
4861,41920,41921,3.0,0.0,23.09
4862,41922,41923,2.0,0.0,13.17
4863,41932,41933,4.0,0.0,39.9
4864,41936,41937,2.077,0.244,12.54
4865,41938,41939,1.1,0.1,6.11
4866,41942,41943,2.0,0.0,12.31
4867,41948,41949,10.25,64.786,9.85
4868,5,5032,2.0,0.0,7.8
4869,43,19624,1.667,0.333,14.2
4870,45,42,3.5,0.5,27.2
4871,95,5054,3.4,0.8,18.4
4872,99,19286,1.6,0.267,26.1
4873,103,196,3.0,0.0,27.4
4874,105,19306,1.091,0.091,21.1
4875,109,35560,4.0,2.0,24.0
4876,111,2934,2.833,1.767,24.1
4877,115,25846,5.0,0.0,13.8
4878,121,118,2.0,0.0,16.3
4879,137,22458,3.0,0.0,13.8
4880,151,148,1.429,0.286,13.7
4881,177,11262,5.0,0.0,32.4
4882,179,19782,2.0,0.0,4.7
4883,183,22832,6.0,0.0,17.0
4884,191,194,2.0,0.0,9.6
4885,207,12112,3.0,0.0,12.2
4886,207,21994,5.0,0.0,24.3
4887,247,256,2.0,0.0,10.1
4888,251,7368,2.0,0.0,12.5
4889,261,16808,5.0,0.0,34.0
4890,265,31532,4.0,0.0,48.5
4891,297,25766,2.0,0.0,14.6
4892,299,312,1.5,0.5,10.7
4893,301,298,2.0,0.0,11.3
4894,303,296,2.0,0.0,15.9
4895,305,302,2.0,0.0,16.4
4896,307,304,2.0,0.0,15.7
4897,309,326,2.0,0.0,6.8
4898,311,308,2.0,0.0,13.4
4899,313,310,1.5,0.5,12.3
4900,337,1602,1.083,0.083,15.1
4901,463,2200,3.0,0.0,18.3
4902,467,23634,2.0,0.0,5.9
4903,545,3858,2.0,0.0,10.6
4904,569,566,2.0,0.0,14.4
4905,571,20228,2.667,0.333,14.2
4906,631,37196,2.0,0.0,13.2
4907,639,660,3.0,0.4,14.5
4908,649,20342,6.0,0.0,27.6
4909,657,20334,7.0,0.0,28.5
4910,659,20330,2.0,0.0,9.7
4911,659,656,3.0,0.0,14.4
4912,661,658,3.5,0.5,14.5
4913,661,20356,3.0,0.0,14.2
4914,675,13988,2.0,0.0,9.9
4915,713,27818,2.0,0.0,26.1
4916,713,5166,3.0,0.0,39.9
4917,727,14860,3.0,0.0,14.2
4918,727,20408,2.0,0.0,4.7
4919,729,726,3.333,0.333,14.4
4920,729,16180,2.5,0.5,14.3
4921,729,20410,2.0,0.0,4.7
4922,731,728,1.667,0.267,7.2
4923,741,17134,1.719,0.209,27.2
4924,743,740,3.719,0.918,26.7
4925,745,11102,3.0,0.0,15.3
4926,749,20456,3.846,0.974,27.0
4927,751,748,1.143,0.132,14.5
4928,813,31382,3.0,0.0,14.4
4929,871,24540,2.0,0.0,20.1
4930,871,4246,2.0,0.0,16.6
4931,873,874,3.5,0.5,24.7
4932,875,868,2.0,0.0,15.2
4933,877,872,2.0,0.0,19.4
4934,879,15378,3.0,0.0,35.6
4935,881,5422,1.056,0.056,12.6
4936,893,890,2.0,0.0,14.2
4937,897,894,2.0,0.0,12.9
4938,1051,18046,2.25,0.25,24.8
4939,1055,1056,1.125,0.125,13.2
4940,1057,40210,1.429,0.286,7.1
4941,1057,12020,5.0,0.0,36.4
4942,1063,20844,2.0,0.0,4.7
4943,1087,1126,4.0,0.0,14.2
4944,1105,5182,2.0,0.0,16.4
4945,1105,25602,3.0,0.0,21.2
4946,1115,4442,2.0,0.0,12.6
4947,1127,1104,3.167,0.167,14.4
4948,1149,1126,2.8,0.2,14.4
4949,1151,20940,1.5,0.5,4.7
4950,1153,1148,3.2,0.2,14.4
4951,1155,1152,3.4,0.3,14.4
4952,1157,1154,3.2,0.2,14.4
4953,1159,1156,3.2,0.2,14.4
4954,1161,1158,3.0,0.0,14.0
4955,1203,9798,2.0,0.0,12.7
4956,1219,1432,3.467,1.695,22.4
4957,1239,14030,4.0,0.0,18.4
4958,1239,10802,3.0,0.0,15.1
4959,1241,1238,6.0,0.0,10.8
4960,1247,10970,11.0,0.0,20.8
4961,1249,1250,2.0,0.0,10.0
4962,1251,18444,2.0,0.0,10.2
4963,1261,18464,2.0,0.0,14.2
4964,1295,33662,4.0,0.0,28.8
4965,1297,1294,3.0,0.0,14.4
4966,1337,8868,2.0,0.0,14.2
4967,1371,21510,3.0,0.0,14.4
4968,1409,1370,3.0,0.0,14.3
4969,1417,10834,2.0,0.0,14.5
4970,1419,1416,1.5,0.5,11.2
4971,1421,1418,1.5,0.5,10.7
4972,1427,688,3.0,0.0,14.2
4973,1429,9920,2.6,0.257,34.8
4974,1431,1428,2.333,0.238,22.3
4975,1435,1430,1.2,0.171,15.6
4976,1461,1458,8.0,0.0,14.4
4977,1463,1460,2.0,0.0,5.4
4978,1473,40678,4.0,2.0,25.4
4979,1473,1470,4.0,0.0,23.1
4980,1501,21160,2.0,0.0,17.9
4981,1527,1650,1.5,0.5,23.7
4982,1573,10998,2.0,0.0,8.7
4983,1607,29780,2.2,0.2,27.8
4984,1609,1604,2.4,6.8,13.6
4985,1611,1608,1.25,0.25,16.6
4986,1655,35844,4.333,0.333,14.5
4987,1671,1668,3.0,0.0,26.7
4988,1691,7262,2.864,0.314,38.6
4989,1705,1706,2.143,0.143,10.1
4990,1707,35440,2.429,0.286,24.8
4991,1789,21632,3.0,0.0,14.2
4992,1829,1882,3.0,0.0,12.3
4993,1835,5368,2.0,0.0,9.6
4994,1847,1844,2.0,0.0,10.7
4995,1867,5368,2.0,0.0,14.2
4996,1875,1866,2.0,0.0,14.1
4997,1897,1828,4.0,0.0,9.0
4998,1899,1896,7.0,0.0,14.4
4999,1939,15596,1.5,0.333,13.4
5000,1943,1940,1.4,0.3,14.2
5001,1969,26094,3.0,2.0,14.3
5002,1971,1968,3.0,0.0,14.4
5003,1973,1970,3.0,0.0,14.4
5004,1975,1972,2.5,0.5,12.8
5005,1977,1974,2.5,0.5,12.1
5006,1979,1976,3.0,0.0,13.8
5007,1983,1978,3.0,0.0,14.4
5008,1985,1982,2.5,0.5,14.4
5009,1987,1984,3.5,0.5,14.4
5010,1989,1986,2.5,0.5,14.4
5011,2011,32264,1.5,0.3,21.8
5012,2017,2472,2.0,0.0,15.5
5013,2019,2016,2.0,0.0,13.4
5014,2025,2022,2.0,0.0,13.3
5015,2061,17318,4.0,0.0,12.1
5016,2087,19822,2.5,0.5,16.9
5017,2087,12112,4.333,1.333,33.4
5018,2089,2086,1.6,0.3,22.5
5019,2101,33602,5.0,0.0,26.4
5020,2103,22014,2.0,0.0,10.2
5021,2121,12308,2.0,0.0,9.2
5022,2123,22116,2.0,0.0,13.8
5023,2127,2124,2.0,0.0,10.4
5024,2131,21964,2.0,0.0,9.1
5025,2151,7202,3.75,0.917,26.7
5026,2151,29728,6.0,0.0,42.5
5027,2153,2176,1.25,0.25,14.0
5028,2155,2152,1.25,0.25,14.6
5029,2161,2158,4.5,0.333,52.0
5030,2165,2150,1.4,0.3,20.1
5031,2167,2162,2.25,0.25,33.4
5032,2171,2168,1.2,0.2,15.4
5033,2173,2164,5.2,0.2,63.9
5034,2175,2172,1.4,0.3,13.9
5035,2177,2174,2.25,0.25,32.1
5036,2193,36128,2.773,0.565,17.3
5037,2195,2190,3.238,1.29,21.0
5038,2197,2194,1.286,0.314,14.1
5039,2199,464,3.0,0.0,15.7
5040,2201,2198,3.0,0.0,17.9
5041,2227,2224,2.0,0.0,23.3
5042,2229,2226,1.5,0.5,12.8
5043,2255,22292,2.0,0.0,4.7
5044,2277,2274,2.0,0.0,14.2
5045,2367,32884,2.125,0.125,15.7
5046,2373,2370,1.125,0.125,15.4
5047,2377,2374,1.25,0.214,19.4
5048,2379,2376,1.125,0.125,14.5
5049,2385,10436,3.0,0.0,15.8
5050,2387,2384,5.0,0.0,26.7
5051,2389,2386,3.0,0.0,14.3
5052,2391,2388,3.0,0.0,15.2
5053,2395,2392,1.167,0.167,15.5
5054,2397,2394,1.167,0.167,15.7
5055,2441,2438,3.0,0.0,21.2
5056,2467,14476,2.0,0.0,16.9
5057,2471,2468,2.0,0.0,13.6
5058,2473,2470,3.0,0.0,29.6
5059,2479,35568,3.0,0.0,16.2
5060,2481,2478,3.0,0.0,13.9
5061,2483,2480,4.0,0.0,17.0
5062,2497,9450,1.333,0.333,6.8
5063,2499,2496,2.333,0.333,22.9
5064,2501,13662,4.0,0.0,23.4
5065,2501,34994,1.889,0.111,12.6
5066,2509,2520,3.0,0.0,14.2
5067,2521,22586,3.0,0.0,14.2
5068,2547,2554,3.0,0.0,14.3
5069,2557,11148,1.667,0.333,18.1
5070,2561,2558,2.4,0.3,29.7
5071,2589,17376,4.0,0.0,18.2
5072,2619,162,3.0,0.0,19.3
5073,2621,2618,4.0,0.0,17.2
5074,2677,11716,4.0,0.0,36.4
5075,2679,2676,2.0,0.0,14.8
5076,2695,22762,4.0,0.0,36.4
5077,2697,3448,2.0,0.0,14.9
5078,2699,2696,2.0,0.0,10.8
5079,2719,38230,1.333,0.333,6.6
5080,2729,26686,3.0,0.0,13.5
5081,2763,23920,1.667,0.333,9.0
5082,2763,3686,3.0,0.0,14.3
5083,2767,2620,2.0,0.0,8.9
5084,2769,2766,3.0,0.0,13.9
5085,2771,2768,2.0,0.0,12.5
5086,2779,8370,2.0,0.0,14.7
5087,2819,28308,2.0,0.0,11.4
5088,2831,2828,1.167,0.167,13.5
5089,2849,22976,1.1,0.1,4.7
5090,2853,2850,1.909,0.091,32.1
5091,2903,23034,2.0,0.0,4.7
5092,2907,2932,3.0,0.0,22.3
5093,2907,2904,3.333,0.333,33.6
5094,2911,17204,2.333,0.333,31.0
5095,2935,2830,3.667,0.667,23.7
5096,2937,7978,2.0,0.0,15.9
5097,2961,16566,2.8,1.7,22.8
5098,2961,26958,3.0,0.0,10.2
5099,2977,7958,4.0,0.0,26.3
5100,2979,2976,2.0,0.0,6.8
5101,3071,23168,4.0,0.0,14.2
5102,3073,3070,3.0,0.0,14.5
5103,3157,14468,2.0,0.0,12.6
5104,3159,3156,4.0,0.0,14.4
5105,3181,3158,3.0,0.0,14.3
5106,3183,3180,3.0,0.0,11.2
5107,3337,3334,4.0,0.0,21.2
5108,3345,41834,2.0,0.0,9.9
5109,3369,13402,2.0,0.0,15.9
5110,3369,3366,2.0,0.0,19.8
5111,3397,2148,2.333,0.333,25.9
5112,3399,15526,2.0,0.0,14.3
5113,3421,22762,2.0,0.0,8.7
5114,3423,3420,2.0,0.0,14.6
5115,3431,2678,2.0,0.0,9.6
5116,3435,2202,2.0,0.0,15.1
5117,3437,3434,1.5,0.5,10.6
5118,3447,3444,2.0,0.0,12.5
5119,3451,3448,2.0,0.0,14.7
5120,3481,8484,2.0,0.0,14.0
5121,3483,3480,3.0,0.0,14.4
5122,3489,12516,7.0,0.0,14.7
5123,3491,3488,7.0,0.0,14.3
5124,3493,3508,1.667,0.25,9.0
5125,3509,38200,2.222,0.194,8.8
5126,3643,29064,2.0,0.0,17.3
5127,3649,28532,4.0,0.0,21.7
5128,3649,7942,2.5,0.5,16.2
5129,3657,8406,3.333,0.333,14.4
5130,3659,3656,3.0,0.0,14.3
5131,3701,28794,2.0,0.0,13.7
5132,3703,3700,2.0,0.0,14.4
5133,3719,3702,2.0,0.0,12.8
5134,3725,25822,2.0,0.0,14.5
5135,3725,25824,3.0,0.0,27.9
5136,3727,3724,2.0,0.0,17.8
5137,3745,8424,3.0,0.0,15.1
5138,3749,3764,2.0,0.0,11.0
5139,3755,3750,2.0,0.0,10.6
5140,3765,39276,5.0,0.0,29.2
5141,3785,3782,3.0,0.0,14.4
5142,3805,28538,2.0,0.0,15.9
5143,3847,5006,2.0,0.0,17.7
5144,3849,3846,2.0,0.0,7.6
5145,3859,36546,4.0,0.0,17.0
5146,3861,20200,1.5,0.5,9.4
5147,3899,28946,2.0,0.0,10.1
5148,3949,21374,3.0,0.0,20.3
5149,4117,19718,3.0,0.0,31.7
5150,4119,4116,2.0,0.0,14.6
5151,4121,4118,1.333,0.333,10.4
5152,4123,4120,2.0,0.0,15.2
5153,4125,4122,4.0,0.0,30.0
5154,4127,4124,2.0,0.0,14.5
5155,4129,24450,3.0,2.0,22.0
5156,4159,24420,3.333,1.333,21.2
5157,4205,10502,2.833,0.567,14.4
5158,4207,4204,1.667,0.333,9.1
5159,4209,33322,2.889,0.111,15.5
5160,4217,5872,4.5,4.5,43.9
5161,4223,24518,2.0,0.0,4.7
5162,4237,20210,3.0,0.0,14.3
5163,4239,5986,2.067,0.067,14.5
5164,4245,16386,2.667,0.333,18.6
5165,4247,25932,4.5,0.5,20.6
5166,4261,744,3.0,0.0,16.3
5167,4263,4260,2.0,0.0,14.4
5168,4265,4262,2.0,0.0,14.4
5169,4267,4264,2.0,0.0,13.0
5170,4279,24558,2.0,0.0,9.0
5171,4301,868,3.0,0.0,15.7
5172,4303,4300,2.0,0.0,10.7
5173,4333,24656,2.0,0.0,14.2
5174,4337,4354,2.0,0.0,9.1
5175,4339,4336,2.0,0.0,14.4
5176,4355,4352,2.0,0.0,13.6
5177,4371,9228,2.0,0.0,10.2
5178,4375,4370,2.0,0.0,10.8
5179,4403,2326,3.0,0.333,48.5
5180,4425,4448,2.0,0.0,9.2
5181,4443,20932,3.0,0.0,14.2
5182,4449,1158,3.5,0.5,14.3
5183,4497,4494,1.091,0.091,17.9
5184,4507,14948,3.0,0.0,9.0
5185,4591,9492,2.0,0.0,12.6
5186,4657,39168,3.0,0.0,10.5
5187,4667,4674,3.0,0.0,14.2
5188,4675,21374,2.0,0.0,12.2
5189,4687,5620,3.0,0.0,13.8
5190,4731,16510,2.0,0.0,9.3
5191,4831,4842,3.0,0.0,14.5
5192,4843,4840,3.0,0.0,14.6
5193,4869,9960,3.0,0.0,16.2
5194,4899,9596,2.0,0.0,12.6
5195,4923,4982,1.308,0.231,15.4
5196,4927,12636,4.545,1.873,40.7
5197,4927,28480,2.8,1.7,10.6
5198,4929,4926,1.062,0.062,14.0
5199,4957,4948,2.0,0.0,7.5
5200,4973,4954,2.0,0.0,12.2
5201,4973,14974,2.0,0.0,14.5
5202,4973,25270,2.333,0.333,19.0
5203,4975,4972,2.0,0.4,28.1
5204,4979,5000,5.286,1.238,45.0
5205,4979,25350,3.333,0.667,18.1
5206,4981,4996,1.833,8.333,9.4
5207,4983,4980,1.077,0.077,13.1
5208,4987,4984,1.077,0.077,14.0
5209,4993,4990,1.308,0.231,16.9
5210,4997,4994,1.4,0.267,6.8
5211,4999,12052,1.857,0.143,25.3
5212,5001,4998,1.143,0.143,13.2
5213,5007,28546,2.0,0.0,6.5
5214,5007,7948,3.0,3.0,28.6
5215,5007,17256,2.0,0.0,8.0
5216,5011,5008,1.286,0.238,15.4
5217,5021,25414,2.0,0.0,4.7
5218,5023,9982,3.632,1.579,26.5
5219,5023,4852,3.0,8.0,2.6
5220,5025,5022,2.143,1.629,18.3
5221,5027,7236,3.5,0.533,20.6
5222,5027,16350,4.0,0.0,0.8
5223,5051,5048,2.0,0.0,23.0
5224,5055,11266,2.0,0.207,25.5
5225,5057,15748,3.0,0.0,21.5
5226,5059,14594,2.0,0.0,9.6
5227,5059,5056,2.0,0.0,15.3
5228,5061,5078,1.75,0.25,14.4
5229,5063,5060,1.25,0.25,12.9
5230,5067,5058,3.0,0.0,23.8
5231,5069,5066,2.0,0.0,13.6
5232,5073,5070,2.0,0.0,16.2
5233,5075,5072,1.333,0.333,12.6
5234,5077,5074,1.333,0.333,13.5
5235,5079,5076,2.0,0.0,15.4
5236,5087,37636,2.0,0.0,18.5
5237,5089,5086,2.0,0.0,6.1
5238,5105,5102,1.5,0.5,13.4
5239,5137,5434,1.875,1.183,16.1
5240,5167,5164,2.0,0.0,13.5
5241,5169,23588,3.0,0.0,40.7
5242,5205,5202,1.5,0.5,21.3
5243,5207,5204,1.333,0.333,14.5
5244,5209,5206,2.0,0.0,20.6
5245,5215,7202,5.909,1.491,54.9
5246,5215,29728,4.0,0.0,18.6
5247,5217,5214,1.533,0.267,17.8
5248,5219,10080,3.875,1.183,28.4
5249,5223,5220,4.0,0.0,28.2
5250,5237,9500,2.0,0.0,16.2
5251,5239,5236,1.5,0.5,10.5
5252,5267,9500,2.0,0.0,16.5
5253,5273,5270,2.0,0.0,16.6
5254,5359,5356,1.5,0.5,13.7
5255,5363,5360,2.0,0.0,32.6
5256,5397,4126,2.0,0.0,20.4
5257,5417,19718,2.5,0.3,12.9
5258,5417,10822,3.25,1.477,33.4
5259,5419,28412,1.667,0.333,7.0
5260,5419,5414,2.118,1.36,20.4
5261,5429,5442,2.25,1.145,19.4
5262,5429,0,4.0,0.0,23.5
5263,5431,5432,1.083,0.083,4.0
5264,5433,5428,1.05,0.05,13.6
5265,5435,5430,1.048,0.048,13.4
5266,5439,5436,2.4,0.253,32.1
5267,5443,5440,2.75,2.092,25.1
5268,5445,5150,1.75,0.25,23.3
5269,5447,5470,1.25,0.25,13.3
5270,5451,5448,2.25,0.25,27.9
5271,5451,34840,1.5,0.5,7.3
5272,5457,5444,1.25,0.25,13.9
5273,5473,17266,4.1,0.1,24.4
5274,5475,5472,1.7,0.233,26.7
5275,5481,18050,2.0,0.0,24.0
5276,5545,5542,2.0,0.0,16.3
5277,5569,15486,3.0,0.0,12.7
5278,5611,15230,2.273,1.218,25.7
5279,5627,2984,1.714,0.571,14.4
5280,5635,26100,2.0,2.0,4.7
5281,5637,24532,2.0,0.0,13.1
5282,5645,5642,1.333,0.333,10.4
5283,5647,5644,1.5,0.5,10.4
5284,5679,16210,2.0,0.0,16.4
5285,5697,35338,1.5,0.5,7.8
5286,5729,112,1.2,0.2,18.5
5287,5839,5846,2.0,0.0,10.3
5288,5847,5848,2.0,0.0,13.7
5289,5849,26364,2.0,0.0,9.9
5290,5849,5894,2.2,0.2,15.5
5291,5855,5852,2.0,0.0,17.3
5292,5861,7022,1.5,0.5,15.4
5293,5869,14842,3.0,1.0,12.6
5294,5887,15604,2.667,0.333,14.6
5295,5895,12456,1.273,0.218,14.8
5296,5897,5894,1.167,0.167,13.5
5297,5901,5898,1.167,0.167,13.6
5298,5903,5900,2.0,0.0,22.6
5299,5905,5902,1.167,0.167,14.2
5300,5907,5904,1.333,0.267,19.5
5301,5909,5906,1.2,0.2,13.4
5302,5913,5910,1.6,0.3,19.4
5303,5953,5966,2.5,0.5,15.0
5304,5959,5956,2.5,0.5,16.2
5305,5961,5958,2.0,0.0,13.6
5306,5963,5960,2.0,0.0,9.1
5307,5965,5962,1.5,0.5,10.5
5308,5979,4240,1.533,0.41,9.6
5309,5979,12568,2.0,0.0,14.7
5310,5981,5978,2.75,0.333,20.2
5311,5983,5980,2.0,0.0,14.4
5312,5985,5982,2.0,0.0,14.5
5313,5987,19056,1.933,0.21,14.4
5314,5993,13016,2.0,0.0,14.5
5315,5995,5992,1.5,0.5,14.5
5316,5997,5994,2.0,0.0,14.4
5317,6043,3648,2.667,0.333,13.8
5318,6045,6042,3.0,0.0,14.4
5319,6053,26502,3.0,0.0,14.2
5320,6055,6044,3.0,0.0,14.4
5321,6073,7208,1.8,0.314,22.1
5322,6077,6074,1.2,0.171,13.8
5323,6099,7834,2.0,0.0,7.6
5324,6109,25622,2.0,0.0,19.0
5325,6161,27202,2.0,0.0,9.1
5326,6167,7096,2.0,0.0,17.7
5327,6169,6166,3.0,0.0,20.0
5328,6171,6168,2.0,0.0,15.3
5329,6233,2482,3.0,0.0,14.6
5330,6235,6232,3.0,0.0,14.3
5331,6237,6234,3.0,0.0,14.2
5332,6263,26766,2.0,0.0,4.7
5333,6337,6334,2.0,0.0,15.8
5334,6399,26912,3.0,0.0,4.7
5335,6409,6406,2.0,0.0,7.6
5336,6445,23098,2.5,0.333,12.8
5337,6445,16566,4.0,0.0,23.5
5338,6447,2324,1.6,0.489,30.2
5339,6453,26232,2.0,0.0,12.6
5340,6463,17990,4.0,0.0,19.8
5341,6471,32774,4.0,0.0,17.5
5342,6471,17038,6.5,4.333,38.8
5343,6473,6470,1.714,0.238,15.8
5344,6483,6480,2.0,0.0,27.3
5345,6487,5072,2.0,0.0,13.8
5346,6489,6486,2.0,0.0,15.2
5347,6489,27020,2.0,0.0,15.7
5348,6491,6488,2.0,0.0,16.0
5349,6495,6488,2.0,0.0,10.3
5350,6499,6494,2.0,0.0,14.4
5351,6501,6490,2.0,0.0,14.3
5352,6503,27042,2.0,0.0,14.1
5353,6505,6502,2.0,0.0,14.6
5354,6513,6502,1.667,0.333,10.1
5355,6515,6512,1.667,0.333,13.9
5356,6535,9052,2.0,0.0,14.2
5357,6535,29734,2.4,0.3,25.8
5358,6551,6548,2.0,0.0,15.1
5359,6597,4506,2.0,0.0,8.0
5360,6667,14876,3.0,0.0,26.7
5361,6689,27204,1.2,0.178,8.8
5362,6693,27288,3.0,0.0,14.2
5363,6695,27212,2.0,0.0,4.7
5364,6707,6692,2.0,0.0,14.2
5365,6711,6750,2.0,0.0,9.0
5366,6739,6776,3.5,0.5,15.8
5367,6741,6738,3.0,0.0,14.4
5368,6743,6740,3.5,0.5,17.9
5369,6751,34474,2.0,0.0,11.4
5370,6775,2906,2.0,0.0,9.0
5371,6777,6774,3.5,0.5,15.8
5372,6787,27810,3.0,2.0,22.2
5373,6789,6786,2.0,0.0,16.0
5374,6791,6788,2.0,0.0,14.6
5375,6863,33018,5.0,0.0,32.7
5376,6899,6882,5.0,0.0,22.5
5377,6927,6898,4.0,0.0,14.8
5378,6931,27460,2.0,0.0,4.7
5379,6955,6936,2.0,0.0,9.0
5380,6981,6978,2.0,0.0,7.2
5381,7023,35998,2.667,0.333,14.0
5382,7025,20138,1.333,0.333,9.9
5383,7025,16560,2.0,0.0,15.1
5384,7027,7024,1.5,0.333,5.2
5385,7069,37210,7.0,0.0,63.9
5386,7069,13916,7.0,0.0,64.1
5387,7077,30830,2.0,0.0,13.4
5388,7077,9996,3.0,0.0,22.7
5389,7117,27524,2.0,0.0,14.0
5390,7123,25178,2.0,0.0,14.1
5391,7143,22214,1.333,0.267,10.0
5392,7147,7162,3.0,0.0,32.7
5393,7149,7146,2.0,0.0,21.8
5394,7159,7144,2.167,0.167,32.5
5395,7163,7160,3.0,0.0,38.1
5396,7185,5026,1.889,0.222,21.9
5397,7187,7184,1.167,0.147,15.0
5398,7189,7186,1.842,0.14,24.6
5399,7193,7190,2.105,0.988,13.7
5400,7197,7194,1.053,0.053,13.9
5401,7201,2196,1.15,0.134,14.1
5402,7203,7200,1.143,0.129,14.1
5403,7205,7244,3.2,1.067,22.3
5404,7211,5216,1.2,0.171,14.6
5405,7217,7214,1.067,0.067,15.0
5406,7219,7216,1.071,0.071,13.0
5407,7221,7218,1.462,0.269,18.6
5408,7225,7238,3.5,1.182,34.4
5409,7231,7226,1.167,0.152,15.1
5410,7233,7228,1.25,0.205,14.2
5411,7241,22124,2.0,0.0,11.4
5412,7241,12304,3.0,0.0,17.9
5413,7249,1444,1.211,0.175,13.4
5414,7257,7254,2.833,1.206,21.8
5415,7261,7258,1.091,0.087,14.3
5416,7265,20392,4.0,0.0,36.1
5417,7271,6408,2.0,0.0,12.1
5418,7309,6230,6.0,0.0,14.8
5419,7311,4150,2.0,0.0,15.4
5420,7315,7334,2.0,0.0,15.6
5421,7317,7314,1.5,0.5,10.4
5422,7321,7312,2.0,0.0,14.4
5423,7325,7322,2.0,0.0,10.4
5424,7329,7326,2.0,0.0,15.1
5425,7331,7328,2.0,0.0,10.4
5426,7333,7330,2.0,0.0,14.4
5427,7335,7332,1.5,0.5,10.5
5428,7353,7350,2.0,0.0,13.1
5429,7357,27948,2.0,0.0,9.3
5430,7359,7356,2.0,0.0,14.5
5431,7363,7360,6.0,0.0,43.2
5432,7367,7364,2.0,0.0,14.4
5433,7373,7358,2.0,0.0,14.5
5434,7375,7372,2.0,0.0,14.6
5435,7377,7374,2.0,0.0,14.9
5436,7379,7376,2.0,0.0,13.9
5437,7391,7388,4.25,0.25,50.5
5438,7395,7392,1.25,0.25,13.5
5439,7403,13320,2.0,0.0,10.3
5440,7433,27984,2.0,0.0,9.7
5441,7437,7434,2.0,0.0,13.9
5442,7459,7456,2.0,0.0,16.1
5443,7465,15230,3.0,0.0,20.0
5444,7465,26072,4.167,0.567,26.5
5445,7467,7464,4.0,0.0,26.0
5446,7471,7468,3.0,0.0,22.7
5447,7483,14312,2.0,0.0,14.5
5448,7485,7482,3.5,0.5,32.6
5449,7485,13904,2.0,0.667,10.9
5450,7487,27906,2.0,0.0,13.0
5451,7489,7486,2.0,0.0,15.3
5452,7505,28122,4.0,0.0,21.5
5453,7557,7554,2.0,0.0,7.4
5454,7565,28062,6.667,1.333,30.6
5455,7575,14216,2.0,0.0,15.3
5456,7597,16524,1.545,0.26,17.1
5457,7599,12390,3.0,0.0,18.6
5458,7599,33658,3.0,0.0,27.1
5459,7609,7078,2.0,0.0,9.5
5460,7615,28178,2.0,0.0,4.7
5461,7627,2718,3.333,0.333,10.8
5462,7629,7626,3.667,0.333,8.5
5463,7631,7628,2.667,0.333,5.0
5464,7633,7630,3.0,0.0,5.0
5465,7635,7632,2.0,0.0,5.0
5466,7647,8068,4.0,0.0,21.8
5467,7647,32028,2.0,0.0,6.6
5468,7649,28718,2.0,0.0,13.7
5469,7649,7646,2.0,0.0,18.4
5470,7663,7666,3.0,0.0,14.7
5471,7667,19418,2.0,0.0,12.6
5472,7797,7758,2.0,0.0,14.3
5473,7831,5414,2.0,0.0,11.0
5474,7831,25850,3.5,0.5,20.6
5475,7833,7864,3.0,0.0,20.0
5476,7855,7846,2.0,0.0,13.3
5477,7861,7858,2.0,0.0,10.4
5478,7873,7864,4.0,0.0,19.8
5479,7891,17470,2.0,0.0,6.9
5480,7893,21938,2.0,0.0,10.8
5481,7895,7892,3.0,0.0,21.3
5482,7899,25258,3.0,3.0,15.4
5483,7899,12636,3.333,1.333,22.2
5484,7909,7906,8.0,0.0,13.8
5485,7909,19014,4.0,0.0,13.9
5486,7909,28490,4.0,0.0,4.7
5487,7911,19012,2.0,0.0,9.4
5488,7911,7908,9.0,0.0,14.7
5489,7913,7910,7.0,3.0,14.1
5490,7913,28494,3.0,0.0,5.0
5491,7915,14312,1.5,0.5,14.5
5492,7917,7914,2.0,0.0,14.4
5493,7919,7916,2.0,0.0,14.4
5494,7921,7918,2.0,0.0,11.1
5495,7923,7920,2.0,0.0,11.2
5496,7925,7922,1.5,0.5,13.8
5497,7927,7924,3.0,0.0,16.6
5498,7929,7926,1.5,0.5,13.5
5499,7933,7930,1.5,0.5,10.2
5500,7935,7916,2.0,0.0,15.7
5501,7937,7934,2.0,0.0,9.9
5502,7939,7936,3.0,0.0,18.4
5503,7941,7938,2.0,0.0,14.6
5504,7953,7942,2.75,0.25,18.6
5505,7955,7950,1.25,0.25,9.9
5506,7957,7954,2.0,0.0,13.9
5507,7961,7958,2.0,0.0,23.3
5508,7967,17256,5.0,0.0,30.0
5509,7967,25398,2.5,0.5,11.8
5510,7989,33508,1.5,0.5,11.3
5511,7993,7990,2.0,0.0,5.0
5512,8017,28610,2.0,0.0,4.7
5513,8031,31752,2.0,0.0,18.0
5514,8033,8030,2.0,0.0,14.4
5515,8039,8036,2.0,0.0,16.2
5516,8041,23618,2.0,0.0,15.7
5517,8043,8040,3.0,0.0,25.4
5518,8059,12626,3.5,0.5,17.1
5519,8059,14130,5.0,0.0,31.5
5520,8063,8060,2.0,2.0,23.2
5521,8065,8062,2.0,0.0,19.4
5522,8079,28670,2.0,0.0,7.0
5523,8091,7246,4.0,3.5,33.3
5524,8143,33202,2.0,0.0,19.2
5525,8165,30680,2.0,0.0,9.0
5526,8203,4168,2.0,0.0,14.6
5527,8235,8232,2.0,0.0,15.3
5528,8261,2126,2.0,0.0,13.6
5529,8265,8260,2.0,0.0,14.6
5530,8269,3724,4.0,0.0,38.8
5531,8273,8270,2.0,0.0,14.2
5532,8345,8272,2.0,0.0,9.8
5533,8345,28880,2.0,0.0,15.1
5534,8363,8360,2.0,0.0,14.6
5535,8369,2778,2.0,0.0,16.2
5536,8375,8362,2.0,0.0,9.3
5537,8375,8372,2.0,0.0,15.2
5538,8375,28978,2.0,0.0,15.1
5539,8385,18042,1.333,0.333,9.6
5540,8389,8386,1.5,0.5,12.0
5541,8405,28536,2.0,0.0,10.6
5542,8405,7954,4.0,0.0,21.6
5543,8409,8406,3.0,0.0,14.6
5544,8427,8424,2.0,0.0,10.6
5545,8437,32626,2.0,0.0,16.9
5546,8443,8440,2.0,0.0,15.7
5547,8451,7402,1.667,0.267,12.6
5548,8453,8450,1.143,0.143,9.5
5549,8459,8456,2.0,0.0,14.3
5550,8461,32570,2.0,0.0,15.5
5551,8567,37420,3.0,0.0,17.8
5552,8569,8566,5.0,0.0,30.1
5553,8575,8572,2.0,0.0,12.5
5554,8577,8574,2.0,0.0,14.8
5555,8579,8576,2.0,0.0,15.0
5556,8581,8578,2.0,0.0,13.9
5557,8597,31424,3.0,0.0,14.4
5558,8639,8636,2.0,0.0,10.4
5559,8645,8642,1.5,0.5,13.3
5560,8647,8644,2.0,0.0,18.8
5561,8653,8650,2.0,0.0,10.7
5562,8689,32694,2.0,0.0,17.4
5563,8691,8688,2.0,0.0,14.2
5564,8701,29380,2.0,0.0,16.1
5565,8729,14718,2.0,0.0,14.5
5566,8733,10604,2.0,0.0,10.2
5567,8735,8732,2.0,0.0,10.6
5568,8737,8734,3.0,0.0,19.4
5569,8739,8736,5.0,0.0,30.5
5570,8743,8740,4.0,0.0,23.2
5571,8753,11084,2.0,0.0,17.8
5572,8755,8752,2.0,0.0,14.9
5573,8757,8754,2.0,0.0,12.0
5574,8763,8760,1.5,0.5,10.6
5575,8779,8774,2.0,0.0,13.2
5576,8795,13548,2.0,0.0,7.2
5577,8797,8794,2.0,0.0,14.2
5578,8799,8796,2.0,0.0,14.6
5579,8801,8798,2.0,0.0,14.6
5580,8807,8804,5.0,0.0,23.2
5581,8809,8806,3.0,0.0,13.2
5582,8811,8808,3.0,0.0,14.4
5583,8815,8922,5.0,0.0,34.0
5584,8825,16988,2.0,0.0,11.8
5585,8845,17186,2.0,0.0,7.6
5586,8851,8472,2.0,0.0,14.1
5587,8857,8814,2.0,0.0,15.7
5588,8859,8856,1.667,0.333,11.7
5589,8861,8858,2.333,0.333,16.1
5590,8865,8862,1.667,0.333,15.0
5591,8869,29550,3.0,0.0,14.5
5592,8901,1336,4.0,0.0,23.7
5593,8921,12248,2.0,0.0,18.0
5594,8923,8920,2.0,0.0,17.1
5595,8927,8924,2.0,0.0,10.4
5596,8929,8926,2.0,0.0,14.8
5597,8973,41660,2.0,0.0,10.6
5598,8975,8972,2.0,0.0,16.1
5599,8981,8974,2.0,0.0,9.0
5600,8983,11610,2.0,0.0,14.7
5601,8985,32694,2.0,0.0,9.6
5602,9027,9024,2.0,0.0,15.1
5603,9033,9030,1.5,0.5,10.1
5604,9049,25632,4.0,0.0,19.4
5605,9049,7202,3.333,0.667,20.0
5606,9053,9050,1.333,0.267,15.6
5607,9055,9052,2.25,0.25,23.5
5608,9071,15068,3.0,0.0,14.1
5609,9153,29858,2.0,0.0,4.7
5610,9189,2546,2.0,0.0,7.6
5611,9191,9188,2.0,0.0,10.4
5612,9193,9190,2.0,0.0,15.7
5613,9195,9192,2.0,0.0,14.4
5614,9227,41886,3.0,0.0,9.3
5615,9239,40184,2.5,0.5,17.2
5616,9269,7646,3.0,0.0,23.7
5617,9315,12252,3.0,0.0,23.8
5618,9317,9314,2.0,0.0,14.1
5619,9325,14498,2.0,0.0,9.4
5620,9327,9324,3.0,0.0,18.4
5621,9447,15868,2.0,0.0,15.8
5622,9485,19026,2.0,0.0,14.2
5623,9489,41232,2.0,0.0,9.9
5624,9495,35690,1.2,0.2,8.1
5625,9501,9498,1.4,0.3,11.9
5626,9511,9508,2.0,0.0,10.4
5627,9535,5272,2.0,0.0,14.4
5628,9537,9534,2.0,0.0,10.4
5629,9571,9706,2.0,0.0,14.7
5630,9573,9570,2.333,0.333,17.1
5631,9575,9572,2.0,0.0,14.5
5632,9577,9574,2.0,0.0,15.5
5633,9579,9576,2.0,0.0,14.8
5634,9593,9574,2.0,0.0,15.2
5635,9595,9592,2.0,0.0,10.5
5636,9597,9594,2.0,0.0,14.3
5637,9653,30406,2.0,0.0,14.2
5638,9655,9652,2.0,0.0,14.6
5639,9657,9654,2.0,0.0,10.4
5640,9705,30446,1.5,0.5,4.7
5641,9739,17204,3.0,0.0,28.7
5642,9761,8060,2.0,0.0,11.2
5643,9797,33878,2.0,0.0,12.6
5644,9829,30548,3.0,0.0,36.2
5645,9837,30590,2.4,0.3,24.0
5646,9887,8202,2.0,0.0,14.5
5647,9931,9928,2.75,0.25,14.3
5648,9955,9952,1.053,0.053,13.6
5649,9957,9954,1.211,0.175,16.6
5650,9961,9958,1.1,0.095,13.1
5651,9975,9972,1.619,0.248,19.8
5652,9981,9974,1.045,0.045,14.0
5653,9989,9986,2.556,0.497,15.9
5654,9989,8640,2.0,2.0,8.9
5655,9991,37170,1.25,0.25,5.1
5656,9991,9996,3.462,0.769,24.2
5657,9991,27616,1.5,0.5,10.1
5658,9993,9990,1.105,0.099,14.5
5659,10091,19842,2.6,1.686,20.8
5660,10093,10090,1.562,0.262,19.0
5661,10099,10096,1.062,0.062,13.7
5662,10101,10098,1.75,0.2,23.0
5663,10149,16810,2.0,0.0,9.0
5664,10151,10148,3.0,0.0,14.4
5665,10153,10150,3.0,0.0,14.0
5666,10167,41840,1.2,0.2,16.1
5667,10187,10184,1.308,0.231,17.1
5668,10265,31574,2.0,0.0,10.6
5669,10267,10264,2.0,0.0,14.3
5670,10301,8762,1.5,0.5,9.4
5671,10311,10308,4.5,0.5,32.9
5672,10313,10310,2.0,0.0,14.4
5673,10349,9916,3.867,1.838,41.4
5674,10369,10366,2.0,0.0,20.1
5675,10383,10380,2.0,0.0,10.8
5676,10385,10382,3.0,0.0,16.0
5677,10429,10426,5.0,0.0,36.3
5678,10429,25402,3.0,0.0,18.6
5679,10447,860,3.0,0.0,14.2
5680,10455,20600,2.0,0.0,9.0
5681,10497,34858,2.0,0.0,7.7
5682,10503,4208,4.429,2.286,14.3
5683,10517,35314,2.0,0.0,9.1
5684,10525,31452,3.0,0.0,4.7
5685,10549,7582,2.0,0.0,14.8
5686,10585,10582,2.0,0.0,10.4
5687,10595,2902,2.0,0.0,7.7
5688,10597,9998,4.273,0.618,21.5
5689,10597,41874,2.222,0.694,9.3
5690,10601,19900,2.75,0.5,14.3
5691,10601,336,5.167,1.061,46.0
5692,10639,10312,2.0,0.0,9.5
5693,10641,10638,2.0,0.0,16.9
5694,10665,10662,2.0,0.0,14.5
5695,10667,12444,2.0,0.0,7.5
5696,10701,39980,2.0,0.0,8.7
5697,10709,21070,3.0,0.5,16.3
5698,10797,28624,2.5,0.333,18.2
5699,10823,750,1.077,0.077,14.3
5700,10825,12236,1.471,0.265,21.4
5701,10829,11684,1.5,0.5,14.0
5702,10833,10830,2.0,0.0,26.1
5703,10835,31812,3.0,0.0,17.6
5704,10843,31802,4.0,0.0,19.5
5705,10851,10834,2.0,0.0,14.3
5706,10853,10850,3.0,0.0,10.9
5707,10877,10874,2.143,0.476,29.9
5708,10879,10844,2.0,0.0,11.0
5709,10933,14476,2.0,0.0,19.6
5710,10943,1196,4.0,0.0,28.2
5711,10947,10944,2.0,0.0,14.5
5712,10949,10946,2.0,0.0,14.4
5713,10963,21036,6.0,0.0,12.9
5714,10971,10962,7.0,0.0,14.1
5715,10993,28106,3.0,0.0,18.8
5716,11021,3354,3.857,1.978,31.6
5717,11021,6070,1.5,0.5,17.2
5718,11023,28212,3.5,0.5,28.4
5719,11023,8068,4.0,2.0,34.9
5720,11051,38456,3.0,0.0,9.0
5721,11083,22656,1.333,0.333,9.0
5722,11087,11084,1.5,0.5,11.6
5723,11089,11086,3.0,0.0,27.5
5724,11091,11088,2.0,0.0,14.8
5725,11093,11090,2.0,0.0,14.0
5726,11095,11092,2.0,0.0,12.3
5727,11097,11094,2.0,0.0,14.4
5728,11103,738,2.667,0.238,14.5
5729,11103,37714,4.75,2.25,24.7
5730,11105,11102,3.375,0.25,16.7
5731,11111,19194,1.333,0.267,9.2
5732,11121,41804,2.125,0.125,13.7
5733,11123,11120,1.714,0.238,14.4
5734,11135,1608,2.0,0.0,11.4
5735,11137,11134,2.0,0.0,12.1
5736,11143,1610,1.25,0.25,12.7
5737,11165,5996,2.0,0.0,12.8
5738,11167,11164,3.0,0.0,12.6
5739,11205,11206,3.0,0.0,14.4
5740,11221,41428,2.0,0.0,9.0
5741,11229,19038,1.714,0.238,13.5
5742,11231,15714,2.0,0.0,13.9
5743,11231,21890,2.4,0.3,25.4
5744,11233,11230,2.143,0.143,25.1
5745,11241,11238,1.286,0.238,11.3
5746,11263,15722,4.0,0.0,23.0
5747,11265,28654,2.0,0.0,14.2
5748,11267,21082,1.143,0.127,12.7
5749,11271,11268,1.4,0.3,14.1
5750,11347,32408,2.0,0.0,8.6
5751,11361,38064,2.333,0.333,9.0
5752,11363,5208,2.0,0.0,14.2
5753,11367,11588,2.0,0.0,15.1
5754,11379,33722,2.0,0.0,14.4
5755,11407,39984,2.0,0.0,9.7
5756,11407,568,3.0,0.0,18.7
5757,11421,14054,1.5,0.5,18.9
5758,11423,11420,1.5,0.5,13.5
5759,11435,32504,2.0,0.0,4.7
5760,11461,32730,1.333,0.333,8.7
5761,11463,5084,1.5,0.5,16.4
5762,11481,3744,3.0,0.0,14.3
5763,11491,15944,2.0,0.0,22.7
5764,11497,41932,3.0,0.0,14.6
5765,11497,11494,2.333,1.333,12.9
5766,11545,23406,3.0,0.0,14.4
5767,11547,11544,2.0,0.0,8.7
5768,11565,11562,4.0,0.0,19.5
5769,11577,11378,3.0,0.0,23.7
5770,11585,5832,2.0,0.0,16.5
5771,11595,15902,3.5,0.5,43.1
5772,11595,19344,3.4,0.3,47.0
5773,11599,11618,2.833,0.567,35.0
5774,11603,11600,1.333,0.267,17.3
5775,11611,11608,1.167,0.167,13.5
5776,11639,11636,2.0,0.0,17.1
5777,11641,5090,4.0,0.0,32.3
5778,11645,7222,1.833,0.879,15.5
5779,11647,11644,1.917,0.083,25.0
5780,11651,11648,2.667,1.333,20.0
5781,11653,11650,1.417,0.265,14.3
5782,11661,11658,2.25,0.25,28.2
5783,11663,17038,3.5,4.5,43.9
5784,11663,26984,4.8,1.7,32.1
5785,11679,18054,2.0,0.0,16.5
5786,11687,15974,1.5,0.5,14.8
5787,11707,23832,3.0,0.0,14.3
5788,11717,14400,3.0,0.0,22.8
5789,11791,5140,1.125,0.117,13.4
5790,11823,10194,2.0,0.0,14.8
5791,11919,33484,3.0,0.0,12.9
5792,11939,11936,2.0,0.0,14.4
5793,11955,34312,2.0,0.0,14.7
5794,11983,11980,1.2,0.178,25.4
5795,11993,11990,1.875,0.125,8.3
5796,11999,12006,1.2,0.2,16.0
5797,12007,2962,1.8,0.7,9.2
5798,12009,12002,1.167,0.167,14.2
5799,12013,12000,1.4,0.8,11.1
5800,12037,4924,1.846,0.141,24.4
5801,12055,9914,2.0,2.0,11.9
5802,12055,32544,3.0,0.0,8.3
5803,12057,16674,2.0,0.0,9.4
5804,12101,37452,2.0,0.0,14.0
5805,12107,32020,2.0,0.0,11.2
5806,12115,11422,1.5,0.333,13.5
5807,12117,12114,1.25,0.25,9.4
5808,12119,12116,3.0,0.0,20.7
5809,12127,12124,2.0,0.0,14.4
5810,12129,12126,4.0,0.0,31.6
5811,12131,12128,2.0,0.0,18.6
5812,12133,12130,2.0,0.0,10.5
5813,12141,17874,4.875,0.125,30.9
5814,12183,41404,2.0,0.0,11.1
5815,12185,12182,2.0,0.0,14.1
5816,12205,12202,2.0,0.0,9.7
5817,12209,12206,2.0,0.0,10.2
5818,12211,12208,2.0,0.0,10.3
5819,12223,12220,2.0,0.0,9.5
5820,12251,37422,2.0,0.0,14.1
5821,12257,12254,1.6,0.3,14.4
5822,12261,12258,1.6,0.3,12.7
5823,12293,28584,4.5,3.0,9.0
5824,12295,12292,5.2,1.2,11.2
5825,12299,22120,2.0,0.0,6.7
5826,12301,12298,2.0,0.0,9.2
5827,12303,12300,2.0,0.0,14.4
5828,12307,21984,3.0,0.0,15.1
5829,12309,12306,2.0,0.0,8.3
5830,12311,15740,2.0,0.0,14.7
5831,12349,12346,2.0,0.0,13.9
5832,12351,12348,2.0,0.0,10.9
5833,12353,12350,2.0,0.0,14.7
5834,12361,12358,2.0,0.0,14.2
5835,12395,12390,1.143,0.143,19.0
5836,12397,12392,1.857,0.476,22.3
5837,12401,12398,2.0,0.0,21.8
5838,12407,12404,2.0,0.0,10.4
5839,12409,12406,2.0,0.0,14.5
5840,12421,5396,4.0,0.0,18.7
5841,12445,33714,2.0,0.0,4.7
5842,12447,14176,2.625,0.268,35.1
5843,12453,12450,1.143,0.143,13.5
5844,12511,12508,7.333,4.333,14.5
5845,12513,12510,4.333,1.333,9.0
5846,12515,12512,6.0,1.0,13.4
5847,12517,12514,6.0,2.0,13.0
5848,12519,12516,6.0,0.0,14.6
5849,12539,16500,2.0,0.0,20.9
5850,12545,15966,2.0,0.0,14.4
5851,12551,15956,2.0,0.0,14.5
5852,12553,12550,2.0,0.0,14.4
5853,12555,32252,2.0,0.0,4.7
5854,12563,11166,4.0,0.0,14.4
5855,12591,11124,2.0,0.0,12.1
5856,12597,12594,1.154,0.141,14.2
5857,12605,35952,1.444,0.278,17.0
5858,12611,12608,2.8,1.511,18.9
5859,12611,30536,2.0,0.0,7.6
5860,12637,33924,1.286,0.22,15.9
5861,12675,22220,3.0,0.0,10.0
5862,12677,12674,3.0,0.0,14.2
5863,12679,12676,3.0,0.0,14.5
5864,12693,16276,2.0,0.0,4.7
5865,12729,16256,4.0,0.0,10.8
5866,12753,34056,3.0,0.0,4.7
5867,12757,5870,7.0,0.0,46.4
5868,12773,12770,2.0,0.0,21.1
5869,12893,12896,2.0,0.0,14.4
5870,12897,2150,2.0,0.0,7.5
5871,13017,33120,2.0,0.0,14.5
5872,13153,14218,3.0,0.0,21.5
5873,13153,7082,5.0,0.0,7.0
5874,13155,13152,2.0,0.0,13.0
5875,13167,260,3.0,0.0,27.9
5876,13183,21574,2.0,0.0,9.0
5877,13307,13304,1.167,0.167,19.6
5878,13319,34612,2.0,0.0,7.9
5879,13327,13324,2.0,0.0,5.9
5880,13349,2224,2.0,0.0,18.1
5881,13377,7244,3.0,0.0,16.4
5882,13415,6538,2.0,0.0,13.7
5883,13419,13416,3.0,0.0,14.4
5884,13421,13418,2.0,0.0,8.9
5885,13423,13420,2.0,0.0,14.4
5886,13445,15496,2.0,0.0,15.9
5887,13451,13448,2.0,0.0,23.0
5888,13453,13444,2.0,0.0,7.6
5889,13471,3346,2.0,0.0,12.7
5890,13475,13472,2.0,0.0,10.5
5891,13505,13502,2.0,0.0,13.0
5892,13547,13544,2.0,0.0,14.4
5893,13549,13546,2.0,0.0,14.4
5894,13597,35260,2.5,0.5,13.7
5895,13611,19706,2.333,1.333,13.9
5896,13641,8374,3.0,0.0,21.1
5897,13643,13640,2.0,0.0,13.9
5898,13645,13642,1.5,0.333,14.3
5899,13645,36512,2.0,0.0,14.2
5900,13653,34992,3.0,0.0,4.7
5901,13655,22572,2.0,0.0,18.0
5902,13657,13654,2.0,0.0,14.3
5903,13659,13656,2.0,0.0,14.6
5904,13663,35006,2.0,0.0,14.2
5905,13727,27778,5.0,0.0,33.5
5906,13763,5450,2.0,0.0,9.1
5907,13765,13762,2.0,0.0,14.8
5908,13813,13830,3.0,0.0,20.2
5909,13813,10796,2.0,0.0,18.2
5910,13829,35168,2.0,0.0,4.7
5911,13831,13828,2.0,0.0,14.6
5912,13841,34990,4.0,0.0,27.6
5913,13857,14254,2.0,0.0,11.2
5914,13871,32882,2.0,0.0,9.4
5915,13871,11750,3.0,0.0,14.7
5916,13873,13870,2.5,0.5,15.4
5917,13907,94,2.4,0.3,25.8
5918,13959,32546,2.0,0.0,11.9
5919,13967,13964,2.0,0.0,12.0
5920,13971,13968,2.0,0.0,13.0
5921,13989,872,4.0,0.0,22.7
5922,14001,29104,2.0,0.0,8.6
5923,14003,14000,3.5,0.5,14.4
5924,14021,14346,2.0,0.0,10.7
5925,14029,14026,2.0,0.0,16.9
5926,14077,14074,3.0,0.0,25.1
5927,14085,14150,2.5,0.5,21.2
5928,14107,7222,2.0,0.0,6.4
5929,14119,4216,2.0,0.0,21.0
5930,14123,19710,2.0,0.0,7.0
5931,14123,16,5.0,0.0,28.9
5932,14133,35572,2.0,0.0,4.7
5933,14135,14132,2.0,0.0,16.0
5934,14137,14300,1.333,0.267,10.9
5935,14139,14136,2.5,0.3,17.5
5936,14141,14138,1.333,0.267,11.0
5937,14143,14140,1.167,0.167,10.4
5938,14147,37486,2.0,0.0,10.6
5939,14149,14146,2.0,0.0,14.5
5940,14151,15598,1.5,0.5,12.6
5941,14159,334,1.056,0.056,13.6
5942,14161,14158,1.211,0.175,13.6
5943,14165,5064,2.333,0.333,21.2
5944,14173,14170,2.0,0.0,19.7
5945,14179,14216,1.5,0.5,16.6
5946,14189,14208,1.5,0.5,13.6
5947,14191,14188,1.5,0.5,13.1
5948,14199,14196,2.0,0.0,15.4
5949,14203,14200,2.0,0.0,10.4
5950,14205,14202,2.0,0.0,14.2
5951,14209,14206,2.0,0.0,14.7
5952,14215,27710,2.0,0.0,11.2
5953,14217,14214,1.5,0.5,5.0
5954,14241,35714,2.0,0.0,4.7
5955,14257,35198,2.0,0.0,6.8
5956,14257,14254,1.346,0.235,18.4
5957,14261,14258,1.296,0.217,17.4
5958,14265,26074,1.143,0.143,8.4
5959,14297,14294,1.167,0.167,10.4
5960,14301,26798,2.0,0.0,8.5
5961,14301,14298,1.6,0.3,11.2
5962,14303,9922,4.5,0.5,37.8
5963,14305,14302,2.0,0.0,17.8
5964,14311,14308,2.0,0.0,14.4
5965,14333,18834,3.0,0.0,17.5
5966,14351,11456,1.5,0.5,10.2
5967,14405,30596,1.6,0.3,26.0
5968,14433,33872,1.222,0.194,17.8
5969,14469,7022,2.0,0.0,11.9
5970,14469,26332,2.0,0.0,16.5
5971,14471,14468,1.5,0.278,10.4
5972,14495,9316,2.0,0.0,14.6
5973,14497,14494,2.0,0.0,9.7
5974,14537,10850,3.0,0.0,15.5
5975,14539,14536,4.0,0.0,21.7
5976,14547,25606,3.0,0.0,14.3
5977,14553,14550,2.2,0.2,15.3
5978,14593,14590,3.2,0.2,25.3
5979,14601,14598,1.333,0.333,4.4
5980,14621,39614,3.0,0.0,14.8
5981,14627,14620,2.0,0.0,14.7
5982,14629,14626,2.0,0.0,6.1
5983,14719,22484,2.0,0.0,12.9
5984,14721,14142,2.0,0.4,15.2
5985,14725,14722,2.0,0.0,14.6
5986,14727,14724,1.833,0.167,14.6
5987,14729,14726,1.333,0.267,10.5
5988,14749,9050,2.0,0.0,8.3
5989,14757,14754,3.0,0.0,14.4
5990,14759,14756,2.0,0.0,14.5
5991,14761,14758,3.0,0.0,14.7
5992,14765,36366,3.0,0.0,14.5
5993,14767,14764,3.0,0.0,14.6
5994,14827,1458,6.0,0.0,14.4
5995,14843,26338,1.667,0.333,7.7
5996,14879,10934,1.2,0.2,12.8
5997,14885,14882,1.5,0.5,15.5
5998,14901,31438,2.0,0.0,9.1
5999,14911,11984,2.6,0.3,45.6
6000,14931,3336,4.0,0.0,24.8
6001,14933,14930,3.0,0.0,14.4
6002,14935,14932,3.0,0.0,14.5
6003,14949,24090,3.5,0.5,17.0
6004,14973,29056,2.0,0.0,14.0
6005,14973,7308,5.0,0.0,22.1
6006,14973,8442,2.0,0.0,20.8
6007,14975,14972,2.0,0.0,17.6
6008,15015,36740,5.0,0.0,18.6
6009,15017,15014,4.0,0.0,14.6
6010,15053,36716,2.0,0.0,10.0
6011,15059,7160,2.0,0.0,13.2
6012,15069,7146,2.0,0.0,9.3
6013,15101,7148,2.0,0.0,13.4
6014,15171,7162,4.0,0.0,25.3
6015,15181,9836,2.0,0.0,13.5
6016,15183,15180,3.0,0.0,11.2
6017,15213,15210,7.0,0.0,13.7
6018,15225,41720,3.5,1.0,22.8
6019,15225,13540,3.667,2.0,39.5
6020,15227,15228,1.692,0.231,26.5
6021,15233,10604,1.105,0.099,14.8
6022,15257,36882,1.5,0.5,4.7
6023,15263,36890,3.0,0.0,14.2
6024,15273,15262,2.0,0.0,9.2
6025,15285,36892,2.0,0.0,9.0
6026,15377,29558,1.5,0.5,10.7
6027,15377,8864,1.667,0.333,19.3
6028,15405,37072,2.0,0.0,9.0
6029,15415,15432,3.0,0.0,14.4
6030,15417,15414,3.0,0.0,14.2
6031,15433,26670,11.0,0.0,49.3
6032,15435,15432,3.0,0.0,14.2
6033,15487,30830,4.0,0.5,23.5
6034,15497,7582,1.6,0.3,14.8
6035,15499,628,3.0,0.0,19.0
6036,15501,15498,1.5,0.5,6.9
6037,15511,28284,2.0,0.0,13.0
6038,15513,17244,5.5,1.0,63.2
6039,15525,29072,3.0,0.0,20.8
6040,15593,15590,1.333,0.333,9.7
6041,15595,15592,1.667,0.333,9.6
6042,15597,15594,1.75,0.25,9.8
6043,15601,1592,3.0,0.0,18.0
6044,15603,15600,3.0,0.0,14.4
6045,15605,38296,1.5,0.5,9.0
6046,15605,15602,3.0,0.0,14.4
6047,15693,19598,3.0,0.0,14.7
6048,15695,15692,4.0,0.0,15.3
6049,15705,29180,1.667,0.333,8.2
6050,15705,12262,2.2,0.7,17.4
6051,15707,15704,1.75,0.214,13.2
6052,15713,11498,1.333,0.333,23.7
6053,15715,15710,2.0,0.0,12.9
6054,15723,11854,5.0,0.0,29.3
6055,15747,12396,4.2,0.7,25.1
6056,15749,14870,1.5,0.5,13.1
6057,15755,10596,1.429,0.257,20.0
6058,15833,40204,2.0,0.0,16.4
6059,15837,37820,3.0,0.0,14.9
6060,15839,15832,2.0,0.0,13.7
6061,15841,15838,3.0,0.0,14.6
6062,15843,15840,3.0,0.0,14.5
6063,15845,15842,3.0,0.0,15.4
6064,15847,15844,3.0,0.0,15.6
6065,15869,15880,3.0,0.0,24.0
6066,15869,37606,2.0,0.0,4.7
6067,15873,28984,2.0,0.0,9.3
6068,15875,2754,2.0,0.0,14.5
6069,15877,15874,2.0,0.0,14.0
6070,15879,15876,1.667,0.333,16.0
6071,15881,15878,5.0,0.0,40.7
6072,15899,15234,4.0,2.0,28.0
6073,15905,15234,2.882,0.985,29.5
6074,15907,15916,1.8,0.2,11.9
6075,15909,15906,1.4,0.3,5.5
6076,15911,15908,1.4,0.3,9.4
6077,15913,15910,2.0,0.0,15.3
6078,15945,16066,5.667,0.333,36.1
6079,15947,738,4.333,1.059,27.8
6080,15955,19194,2.0,0.0,14.4
6081,15957,32262,2.0,0.0,13.4
6082,15965,37732,2.0,0.0,4.7
6083,15967,32128,2.0,0.0,14.2
6084,16023,37798,2.0,0.0,8.7
6085,16025,16022,4.0,0.0,14.4
6086,16027,11024,2.0,0.0,13.1
6087,16141,9268,2.0,0.0,13.0
6088,16143,16140,2.0,0.0,9.1
6089,16199,11366,2.0,0.0,9.9
6090,16211,5852,1.5,0.5,8.2
6091,16221,16904,1.5,0.5,8.4
6092,16223,16220,6.5,60.5,13.5
6093,16237,25636,2.5,0.5,13.7
6094,16241,16236,1.5,0.5,10.7
6095,16255,32420,3.5,0.5,14.2
6096,16257,16254,7.0,0.0,14.3
6097,16277,16866,3.0,0.0,14.0
6098,16323,41048,2.0,0.0,9.1
6099,16349,16346,1.5,0.5,16.7
6100,16355,3298,2.0,0.0,9.0
6101,16357,16354,2.0,0.0,14.5
6102,16359,16356,3.0,0.0,14.4
6103,16375,29752,2.0,0.0,10.4
6104,16383,32132,1.25,0.25,9.4
6105,16389,5984,3.0,0.0,14.5
6106,16395,5610,2.091,0.091,32.8
6107,16433,7464,4.714,0.571,28.2
6108,16445,15768,2.0,0.0,8.4
6109,16447,6666,2.0,0.0,10.7
6110,16511,30956,2.0,0.667,11.6
6111,16511,19842,3.0,0.0,13.3
6112,16525,32300,2.5,0.262,31.9
6113,16537,16538,2.0,0.0,12.6
6114,16591,32068,4.0,0.0,14.2
6115,16593,16590,3.0,0.0,14.4
6116,16613,29332,2.0,0.0,7.6
6117,16651,37238,3.0,0.0,19.3
6118,16671,8140,1.4,0.267,4.7
6119,16693,16690,2.5,0.5,14.6
6120,16697,16694,2.0,0.0,14.3
6121,16709,7160,3.0,0.0,19.5
6122,16759,38708,2.0,0.0,14.1
6123,16761,16758,2.0,0.0,14.4
6124,16763,16760,2.0,0.0,14.4
6125,16765,16762,3.0,0.0,14.4
6126,16767,16764,2.0,0.0,14.4
6127,16769,16766,2.0,0.0,14.4
6128,16771,16768,3.0,0.0,14.5
6129,16773,16770,2.0,0.0,13.8
6130,16809,16734,7.0,0.0,56.8
6131,16811,16772,3.0,0.0,14.5
6132,16813,31016,3.0,0.0,11.1
6133,16815,16812,3.0,0.0,13.6
6134,16815,20238,3.0,0.0,13.6
6135,16839,16836,2.0,0.0,14.4
6136,16841,16838,3.0,0.0,18.8
6137,16867,12728,2.0,0.0,14.4
6138,16901,38800,1.125,0.125,14.4
6139,16917,8744,2.0,0.0,7.6
6140,16917,29384,3.0,0.0,15.3
6141,16927,15972,4.444,1.028,33.2
6142,16945,12160,2.0,0.182,29.6
6143,16947,2846,1.417,0.265,20.0
6144,16949,6524,2.0,0.0,14.3
6145,16957,16954,1.6,0.3,19.6
6146,16973,17290,3.0,0.0,18.6
6147,16987,5142,1.333,0.333,15.9
6148,16991,23734,2.0,0.0,9.7
6149,16991,22578,4.25,0.25,20.7
6150,17041,21364,4.333,5.067,34.6
6151,17067,5394,1.333,0.333,15.3
6152,17147,17144,2.0,0.0,8.1
6153,17149,17146,2.0,0.0,7.0
6154,17189,39182,3.0,0.0,11.8
6155,17195,30740,4.667,0.333,30.6
6156,17201,4496,1.273,0.218,21.2
6157,17205,2170,1.25,0.25,14.0
6158,17233,18268,1.25,0.25,22.1
6159,17235,17232,2.0,0.0,7.6
6160,17235,5912,3.2,0.2,18.6
6161,17237,17234,1.125,0.125,13.1
6162,17243,17240,1.143,0.143,13.4
6163,17251,26582,2.0,0.0,13.2
6164,17257,2922,2.889,0.361,23.4
6165,17265,11856,1.667,0.25,28.0
6166,17267,17268,1.1,0.1,16.3
6167,17273,4490,2.909,2.091,24.4
6168,17291,17288,2.143,0.143,16.7
6169,17293,19142,2.8,1.2,21.9
6170,17345,39400,2.0,0.0,6.2
6171,17371,30744,2.0,0.0,9.1
6172,17377,17370,3.0,0.0,11.6
6173,17413,17410,2.0,0.0,9.1
6174,17445,17412,3.0,0.0,13.8
6175,17479,17446,4.0,0.0,17.7
6176,17481,17478,2.0,0.0,10.4
6177,17489,14174,2.0,0.0,13.7
6178,17573,17568,3.0,0.0,14.2
6179,17621,6550,2.0,0.0,12.6
6180,17743,13916,4.0,0.0,31.1
6181,17771,13600,2.0,0.0,17.2
6182,17771,17198,2.0,0.0,13.5
6183,17849,15226,2.0,0.0,15.2
6184,17867,32476,2.25,0.25,14.7
6185,17869,39420,2.0,0.0,8.7
6186,17911,40054,4.0,0.0,15.3
6187,17919,17718,4.0,0.0,18.5
6188,17923,17920,2.0,0.0,15.2
6189,17927,40082,3.0,0.0,15.1
6190,17949,17950,3.0,0.0,11.3
6191,17951,16276,2.0,0.0,12.2
6192,17971,17968,4.0,0.0,12.1
6193,17971,40136,3.0,0.0,16.9
6194,18011,264,2.0,0.0,18.7
6195,18017,18014,2.0,0.0,13.1
6196,18035,15370,3.75,2.25,38.6
6197,18039,37566,2.0,0.0,11.7
6198,18041,18038,1.25,0.25,10.6
6199,18045,12020,2.0,0.0,15.6
6200,18045,20836,5.0,0.0,28.1
6201,18049,12012,6.0,0.0,48.0
6202,18049,20982,2.0,0.0,8.9
6203,18051,35532,1.5,0.333,5.5
6204,18051,12016,6.0,0.0,46.1
6205,18053,26186,3.0,0.0,18.7
6206,18061,14054,4.0,0.0,17.9
6207,18143,3422,3.0,0.0,14.7
6208,18363,40548,2.0,0.0,8.6
6209,18445,10708,3.333,0.333,15.1
6210,18465,1248,3.0,0.0,14.4
6211,18479,40792,4.952,1.548,46.8
6212,18487,18482,3.167,1.088,21.9
6213,18507,8768,2.0,0.0,12.0
6214,18509,18506,3.0,0.0,13.4
6215,18537,25018,2.0,0.0,13.6
6216,18545,16516,2.0,0.0,7.2
6217,18547,18544,4.0,0.0,15.7
6218,18549,18546,3.0,0.0,13.8
6219,18551,18548,3.0,0.0,14.4
6220,18583,21018,3.0,0.0,27.0
6221,18585,18582,3.0,0.0,13.4
6222,18587,18584,2.0,0.0,12.3
6223,18619,40822,3.0,0.0,9.2
6224,18633,632,1.273,0.218,14.6
6225,18641,18644,3.0,0.0,14.2
6226,18675,17194,2.5,0.5,12.6
6227,18709,17056,2.0,0.0,7.7
6228,18745,14002,4.0,0.0,15.6
6229,18755,11470,2.0,0.0,9.4
6230,18759,18756,2.0,0.0,10.4
6231,18835,41054,3.0,0.0,9.5
6232,18991,11496,2.0,0.0,10.2
6233,18993,18990,3.0,0.0,14.9
6234,19023,19020,2.0,0.0,10.4
6235,19027,30220,2.0,0.0,13.6
6236,19029,19026,2.5,0.5,14.1
6237,19031,19028,1.5,0.5,10.9
6238,19033,19030,2.0,0.0,11.2
6239,19035,19032,2.0,0.0,13.1
6240,19039,11110,2.857,0.143,20.3
6241,19057,11124,2.667,0.381,19.9
6242,19059,12588,2.0,0.0,16.0
6243,19061,19058,2.0,0.0,16.3
6244,19063,19060,2.0,0.0,17.8
6245,19095,8390,2.0,0.0,7.1
6246,19097,19094,3.0,0.0,17.1
6247,19105,41332,3.0,0.0,14.5
6248,19125,19122,3.0,0.0,14.4
6249,19137,41354,2.0,0.0,4.7
6250,19143,19144,1.6,0.3,19.4
6251,19167,15936,1.333,0.333,13.6
6252,19187,33918,3.0,0.0,9.4
6253,19195,11122,2.143,0.143,17.0
6254,19197,41428,2.0,0.0,4.7
6255,19209,38216,2.0,0.0,9.1
6256,19217,19218,2.333,0.333,11.3
6257,19219,41454,4.333,0.333,21.1
6258,19285,17264,2.0,2.25,28.7
6259,19285,20318,2.0,0.0,16.2
6260,19311,41564,3.0,0.0,14.3
6261,19331,28660,2.0,0.0,10.1
6262,19345,5728,2.0,0.0,22.3
6263,19405,33666,2.0,0.0,17.1
6264,19437,33226,2.0,0.0,14.5
6265,19439,12782,5.0,0.0,33.4
6266,19455,19452,3.0,0.0,24.2
6267,19457,19454,2.0,0.0,22.5
6268,19459,19456,2.0,0.0,14.3
6269,19469,546,3.0,0.0,10.5
6270,19473,19470,3.0,0.0,12.9
6271,19475,21874,3.0,0.0,14.2
6272,19481,19500,6.0,0.0,35.0
6273,19483,19480,2.0,0.0,9.0
6274,19495,41750,2.0,0.0,13.5
6275,19497,19494,2.0,0.0,6.6
6276,19501,12040,2.0,0.0,15.4
6277,19535,11956,2.0,0.0,8.4
6278,19535,32144,2.0,0.0,13.6
6279,19563,27528,2.0,0.0,9.3
6280,19567,35836,2.0,0.0,7.2
6281,19573,11012,2.0,0.0,17.6
6282,19599,37412,3.0,0.0,14.6
6283,19665,12102,2.0,0.0,13.3
6284,19677,25856,3.4,0.711,23.9
6285,19679,2916,3.0,0.0,10.2
6286,19679,20258,3.5,1.038,22.9
6287,19681,25896,6.286,1.451,54.3
6288,19683,25896,5.625,0.554,34.3
6289,19685,25856,6.167,0.167,49.1
6290,19687,19690,1.269,0.205,16.0
6291,19689,19696,3.667,2.061,35.4
6292,19691,19688,1.091,0.091,12.9
6293,19693,19696,5.6,1.8,47.5
6294,19697,12238,2.529,0.265,32.7
6295,19709,25858,4.333,0.333,17.6
6296,19713,26200,1.714,0.238,18.7
6297,19717,35774,3.0,0.0,13.2
6298,19723,19724,2.0,0.0,11.7
6299,19725,19726,1.714,0.238,14.7
6300,19731,25408,2.0,0.333,26.5
6301,19739,22458,2.0,0.0,8.8
6302,19761,22700,2.4,0.3,15.6
6303,19783,19784,6.0,0.0,10.1
6304,19785,19786,8.0,0.0,14.5
6305,19787,20982,8.0,0.0,50.5
6306,19815,25586,3.1,0.1,40.0
6307,19819,5014,2.0,0.0,19.1
6308,19867,246,3.0,0.0,14.2
6309,19889,34460,2.0,0.0,28.1
6310,19901,40170,1.667,0.25,18.8
6311,19971,28572,3.733,1.375,28.9
6312,19975,35616,1.091,0.087,13.6
6313,19977,31532,5.75,0.5,45.9
6314,20153,506,2.0,0.0,4.7
6315,20177,17848,3.0,0.0,16.7
6316,20203,41728,2.167,0.167,10.7
6317,20205,32252,2.0,0.0,13.4
6318,20211,32242,3.0,0.0,14.2
6319,20229,32476,1.667,0.333,13.4
6320,20239,10126,3.0,0.0,12.0
6321,20257,25824,3.87,1.482,28.6
6322,20261,25818,4.941,0.309,34.4
6323,20261,25792,4.0,0.0,10.8
6324,20263,40026,1.045,0.045,22.6
6325,20313,20314,1.182,0.164,15.4
6326,20317,40848,1.091,0.091,14.4
6327,20325,36862,1.5,0.5,8.1
6328,20329,648,2.0,0.0,10.2
6329,20335,648,2.0,0.0,4.7
6330,20343,20344,3.0,0.0,14.4
6331,20345,20346,3.0,0.0,14.4
6332,20347,20324,2.5,0.5,14.5
6333,20357,664,3.0,0.0,15.7
6334,20421,37714,2.75,1.357,24.9
6335,20421,32120,1.5,0.5,10.9
6336,20423,20424,4.0,0.0,23.2
6337,20423,20428,5.333,26.333,11.9
6338,20427,27378,1.267,0.21,20.4
6339,20427,32770,2.0,0.5,20.6
6340,20439,35410,1.3,0.221,17.7
6341,20443,4974,2.875,0.125,35.0
6342,20445,37006,1.5,0.273,14.1
6343,20447,17250,1.588,0.257,20.0
6344,20449,35412,1.75,0.25,15.5
6345,20451,20452,1.273,0.218,14.5
6346,20453,31780,1.091,0.091,14.1
6347,20455,37010,1.923,0.244,11.9
6348,20457,20458,2.167,0.152,8.4
6349,20459,20460,1.231,0.192,14.9
6350,20463,20464,1.875,0.25,25.8
6351,20467,25412,3.867,1.41,41.1
6352,20467,25392,4.0,0.0,27.5
6353,20509,20626,2.0,0.0,9.2
6354,20511,20512,2.0,0.0,9.4
6355,20513,20514,2.0,0.0,9.4
6356,20515,20516,2.0,0.0,11.2
6357,20517,20518,2.0,0.0,9.4
6358,20519,20520,2.0,0.0,9.4
6359,20521,20522,2.0,0.0,9.4
6360,20523,20508,2.0,0.0,9.4
6361,20535,20536,3.0,0.0,14.4
6362,20549,20550,3.0,0.0,14.4
6363,20551,20552,3.0,0.0,14.4
6364,20553,20534,3.0,0.0,14.4
6365,20581,20548,2.0,0.0,9.0
6366,20591,10454,3.0,0.0,14.2
6367,20601,10498,3.0,0.0,14.4
6368,20629,31352,3.0,0.0,18.2
6369,20637,10444,3.0,0.0,14.2
6370,20647,31348,2.0,0.0,12.2
6371,20871,1086,2.0,0.0,4.7
6372,20895,20916,3.0,0.0,14.4
6373,20917,20938,3.0,0.0,14.4
6374,20933,20934,3.0,0.0,14.4
6375,20935,20936,3.0,0.0,14.4
6376,20937,20940,3.0,0.0,13.5
6377,20939,20942,2.0,0.0,14.4
6378,20941,1160,2.0,0.0,8.0
6379,20943,20944,3.0,0.0,14.4
6380,20945,20946,2.0,0.0,14.4
6381,20947,20948,3.0,0.0,14.4
6382,20949,24760,2.0,0.0,9.4
6383,20981,182,8.0,0.0,42.0
6384,20997,1202,2.0,0.0,4.7
6385,21033,40440,3.0,0.0,22.6
6386,21033,40438,4.5,4.5,43.5
6387,21033,40436,4.333,1.867,22.5
6388,21043,1246,2.0,0.0,4.7
6389,21071,39040,3.8,0.2,19.4
6390,21079,31664,5.0,0.0,18.7
6391,21083,21084,1.345,0.234,17.1
6392,21085,39042,3.172,1.291,26.4
6393,21129,21130,1.5,0.5,5.1
6394,21131,21132,3.0,0.0,13.6
6395,21161,40004,1.2,0.4,10.6
6396,21185,21234,2.0,0.0,9.0
6397,21235,1408,2.0,0.0,4.7
6398,21243,13540,2.0,0.0,23.0
6399,21243,36846,5.0,1.714,38.9
6400,21259,21260,2.429,0.286,22.3
6401,21261,21262,1.333,0.25,14.8
6402,21265,21010,3.111,1.361,22.6
6403,21275,27802,1.143,0.132,13.4
6404,21301,18482,3.5,0.5,24.8
6405,21365,41906,2.5,0.333,31.6
6406,21365,21366,2.5,0.5,32.8
6407,21367,5018,2.0,0.0,34.8
6408,21367,25412,5.0,0.0,34.6
6409,21451,19976,1.875,0.411,14.2
6410,21455,29930,3.889,2.611,31.7
6411,21455,32712,3.0,1.0,14.0
6412,21459,21462,1.1,0.1,13.5
6413,21463,21464,1.364,0.255,16.7
6414,21465,32164,1.364,0.255,13.0
6415,21473,21474,2.926,0.148,31.1
6416,21475,33406,1.296,0.217,9.8
6417,21505,20438,1.25,0.214,10.6
6418,21511,21374,2.0,0.0,23.7
6419,21523,21524,2.0,0.0,13.8
6420,21547,21514,2.333,0.333,17.8
6421,21575,1702,2.0,0.0,4.7
6422,21577,21578,2.0,0.0,10.8
6423,21633,21634,3.0,0.0,14.5
6424,21635,21636,3.0,0.0,14.4
6425,21639,13474,2.0,0.0,11.3
6426,21639,40802,4.0,0.0,18.3
6427,21703,21704,7.0,0.0,14.3
6428,21741,21748,2.0,0.0,13.9
6429,21757,21702,2.0,0.0,7.3
6430,21773,1898,2.0,0.0,4.7
6431,21817,21818,1.333,0.333,14.1
6432,21819,21820,1.25,0.25,13.9
6433,21833,38896,1.185,0.157,15.3
6434,21835,1420,3.0,0.0,14.3
6435,21837,16432,5.0,0.0,22.2
6436,21861,37246,3.0,0.0,16.2
6437,21873,19472,3.0,0.0,9.0
6438,21875,21836,2.0,0.0,9.0
6439,21939,33486,2.0,0.0,9.8
6440,21951,11028,4.0,0.0,14.3
6441,21953,21954,2.0,0.0,5.0
6442,21955,21956,2.5,0.5,5.1
6443,21961,2130,1.5,0.5,13.9
6444,21967,33590,2.0,0.0,13.8
6445,21977,21978,3.0,0.0,19.4
6446,21989,33500,1.8,0.2,7.2
6447,21995,21996,1.6,0.3,21.9
6448,22001,10166,1.5,0.333,14.8
6449,22013,22020,3.0,2.0,24.6
6450,22017,2100,2.0,0.0,9.5
6451,22019,44,1.5,0.5,9.4
6452,22021,22018,2.0,0.0,9.5
6453,22037,22100,2.0,0.0,9.0
6454,22057,22058,1.5,0.5,13.4
6455,22059,22060,2.0,0.0,12.2
6456,22061,21958,1.5,0.5,8.1
6457,22067,22132,2.0,0.0,11.5
6458,22107,21950,3.0,0.0,13.1
6459,22119,21984,2.0,0.667,8.1
6460,22129,33426,1.7,0.233,12.3
6461,22131,22116,2.0,0.0,15.5
6462,22149,22150,1.4,0.267,16.7
6463,22151,35950,2.333,0.333,34.8
6464,22151,37026,2.286,0.238,34.5
6465,22181,16624,2.308,0.231,18.1
6466,22181,23554,1.917,0.265,25.3
6467,22213,22214,2.0,0.0,18.0
6468,22219,22220,1.25,0.214,9.9
6469,22221,35912,2.333,0.25,20.4
6470,22221,30596,3.0,0.0,28.4
6471,22227,22228,2.611,1.546,21.8
6472,22229,22230,1.111,0.105,14.3
6473,22235,23596,1.5,0.5,7.3
6474,22257,22258,2.0,0.0,23.4
6475,22257,34648,2.0,0.0,7.9
6476,22293,22294,3.0,0.0,19.1
6477,22295,750,2.0,0.0,9.1
6478,22315,9154,2.0,0.0,7.6
6479,22333,22334,2.0,0.0,18.3
6480,22335,22314,2.0,0.0,11.7
6481,22341,22342,1.5,0.5,14.2
6482,22367,26960,1.778,0.194,30.4
6483,22369,24710,2.889,0.361,48.8
6484,22429,22430,1.727,0.418,8.6
6485,22431,20450,2.545,0.273,26.1
6486,22445,2396,1.444,0.278,9.4
6487,22459,21014,2.5,0.5,16.9
6488,22483,22500,2.0,0.0,15.2
6489,22495,22496,2.8,0.2,21.0
6490,22501,22502,2.0,0.0,11.2
6491,22503,22504,2.0,0.0,14.4
6492,22507,2440,2.0,0.0,10.6
6493,22535,22536,2.25,0.25,30.0
6494,22537,21896,1.75,0.25,15.7
6495,22551,41138,2.0,0.0,9.1
6496,22553,41250,2.5,0.5,15.4
6497,22561,22562,2.706,9.471,14.4
6498,22563,29766,5.611,2.016,62.6
6499,22569,22570,3.0,0.0,23.1
6500,22577,30746,2.0,0.0,27.8
6501,22577,30738,2.2,0.2,27.2
6502,22579,22580,1.045,0.045,9.1
6503,22581,35974,3.2,0.844,25.6
6504,22581,37848,4.214,1.104,29.9
6505,22585,38894,1.286,0.22,17.2
6506,22587,14118,2.0,0.0,11.7
6507,22637,22638,2.273,0.218,29.6
6508,22639,37846,2.636,22.855,13.0
6509,22663,22664,1.333,0.333,10.4
6510,22677,38974,2.0,0.0,14.8
6511,22689,8690,1.5,0.5,9.2
6512,22701,2762,2.75,0.25,13.7
6513,22701,2770,3.0,0.0,14.9
6514,22731,22732,4.0,0.0,14.3
6515,22741,22742,2.0,0.0,5.6
6516,22743,2656,2.0,0.0,4.7
6517,22763,22764,2.091,0.291,14.8
6518,22765,22766,1.818,0.164,13.4
6519,22767,22768,1.222,0.194,9.7
6520,22769,22770,1.111,0.111,8.8
6521,22771,36084,2.0,0.0,15.2
6522,22821,26686,4.0,0.0,14.5
6523,22823,22824,11.0,0.0,52.5
6524,22833,37136,2.0,0.0,9.0
6525,22923,22924,1.25,0.214,13.8
6526,22925,23076,4.0,0.333,23.6
6527,22925,28646,4.0,0.0,20.7
6528,22929,31794,1.077,0.077,14.0
6529,22933,22934,1.333,0.242,16.8
6530,22937,2858,1.818,0.164,16.6
6531,22951,14910,1.4,0.3,12.3
6532,22955,22956,1.083,0.083,6.4
6533,22961,38852,1.375,0.268,20.1
6534,22979,22980,2.0,0.0,32.1
6535,22987,25240,2.2,0.2,21.0
6536,23019,5644,2.0,0.0,7.5
6537,23021,18046,3.0,0.0,23.0
6538,23037,28952,1.6,0.3,8.5
6539,23037,26198,1.588,0.257,21.5
6540,23057,20258,3.5,0.5,16.8
6541,23057,19686,5.0,0.0,23.7
6542,23063,39276,3.0,0.0,23.4
6543,23065,25380,1.5,0.5,14.3
6544,23077,39774,2.286,0.238,27.7
6545,23083,10436,2.0,0.0,6.5
6546,23101,33176,1.4,0.3,8.9
6547,23115,39282,2.0,0.0,11.2
6548,23117,23118,2.0,0.0,10.6
6549,23119,23120,3.0,0.0,14.3
6550,23169,23170,3.0,0.0,10.9
6551,23171,3182,4.0,0.0,14.2
6552,23385,23662,2.0,0.0,8.7
6553,23407,2978,4.0,0.0,14.1
6554,23515,6070,2.0,0.0,6.7
6555,23515,32024,4.111,1.516,32.7
6556,23531,31476,2.0,0.0,8.4
6557,23555,3396,2.0,1.5,9.3
6558,23581,23582,1.5,0.333,9.0
6559,23581,16626,2.0,0.0,14.0
6560,23583,23584,2.0,0.0,14.6
6561,23585,40196,2.0,0.0,10.3
6562,23591,37538,2.0,0.0,11.7
6563,23591,23620,2.0,0.0,14.3
6564,23619,23600,2.0,0.0,12.4
6565,23621,23622,2.0,0.0,18.2
6566,23623,23624,2.0,0.0,14.5
6567,23625,462,3.0,0.0,15.0
6568,23649,3510,6.0,0.0,14.3
6569,23663,23664,2.0,0.0,9.4
6570,23665,14470,4.5,0.5,29.4
6571,23729,13304,3.0,0.0,25.1
6572,23737,37704,1.5,0.278,18.8
6573,23737,31546,2.0,0.0,9.1
6574,23799,40222,2.25,0.917,11.9
6575,23799,40220,5.0,0.0,34.3
6576,23833,23504,2.0,0.0,12.6
6577,23871,3642,2.0,0.0,9.3
6578,23887,3656,2.0,0.0,9.0
6579,23889,3656,2.0,0.0,4.7
6580,23909,160,2.0,0.0,12.1
6581,23921,23912,3.0,0.0,14.2
6582,23921,3688,2.0,0.0,4.7
6583,23923,23924,2.0,0.0,14.4
6584,23927,23908,2.0,0.0,8.5
6585,23953,28810,3.0,0.0,14.3
6586,23995,39280,2.0,0.0,12.1
6587,24041,11434,4.0,0.0,20.6
6588,24091,20200,3.5,0.5,14.9
6589,24097,24098,2.0,0.0,14.2
6590,24101,39420,2.0,0.0,11.6
6591,24129,14260,2.25,0.25,16.5
6592,24145,24146,3.5,0.5,23.1
6593,24147,24148,2.0,0.0,14.4
6594,24149,24150,2.0,0.0,14.5
6595,24149,9706,2.0,0.0,14.3
6596,24153,24154,1.5,0.5,10.4
6597,24155,30318,2.0,0.0,9.4
6598,24155,24156,2.0,0.0,14.7
6599,24157,25692,2.0,0.0,14.7
6600,24187,25004,2.0,0.0,10.5
6601,24205,3966,2.0,0.0,4.7
6602,24213,29874,2.0,0.0,9.7
6603,24243,25890,4.0,0.0,28.1
6604,24245,22676,2.0,0.0,22.3
6605,24245,2598,3.0,0.0,15.0
6606,24305,30188,7.0,0.0,36.1
6607,24323,36436,3.0,0.0,14.8
6608,24343,24344,2.941,1.434,22.8
6609,24345,24346,1.062,0.062,13.6
6610,24347,24348,1.5,0.267,7.9
6611,24349,25350,4.412,1.382,38.3
6612,24355,4078,2.0,0.0,4.7
6613,24387,4490,2.429,0.619,11.2
6614,24387,39292,4.0,0.0,24.8
6615,24399,30592,3.0,0.0,24.3
6616,24407,25308,1.737,0.205,21.3
6617,24421,24436,1.5,0.333,20.0
6618,24505,25308,4.0,0.0,22.4
6619,24519,24522,3.0,0.0,14.6
6620,24523,24524,3.0,0.0,15.2
6621,24525,14298,2.0,0.0,12.7
6622,24541,17268,2.0,0.0,16.3
6623,24603,24604,2.0,0.0,10.4
6624,24615,39294,2.0,0.0,13.8
6625,24647,24648,2.0,0.0,14.4
6626,24649,24650,2.0,0.0,14.4
6627,24651,16388,4.0,0.0,23.0
6628,24657,24658,2.0,0.0,14.4
6629,24659,4338,2.0,0.0,14.2
6630,24661,24662,2.0,0.0,14.1
6631,24663,24646,2.0,0.0,14.1
6632,24727,24728,2.5,0.5,14.4
6633,24729,4204,3.333,0.333,14.4
6634,24737,24758,3.0,0.0,14.9
6635,24757,4424,4.0,0.0,15.6
6636,24761,24736,2.0,0.0,14.3
6637,24775,37842,4.0,0.0,14.5
6638,24801,39292,3.1,2.322,23.9
6639,24805,39192,1.25,0.25,20.8
6640,24817,33898,2.111,0.111,18.2
6641,24861,38240,3.0,0.0,33.0
6642,24965,35764,2.0,0.0,18.4
6643,24981,4666,3.0,0.0,14.4
6644,24985,4656,2.0,0.0,4.7
6645,25005,25006,4.0,0.0,14.4
6646,25057,16510,2.0,0.0,14.8
6647,25141,25166,3.0,0.0,14.2
6648,25167,25056,2.0,0.0,12.7
6649,25181,25416,4.0,0.0,31.9
6650,25181,9982,4.667,0.333,30.3
6651,25197,4868,2.0,0.0,4.7
6652,25213,19560,3.136,1.361,21.7
6653,25257,33202,1.667,0.25,23.9
6654,25259,25260,1.071,0.071,14.2
6655,25317,12142,1.625,0.268,21.1
6656,25319,25320,2.0,0.0,28.0
6657,25321,20440,3.2,0.2,35.2
6658,25327,25254,1.111,0.111,15.3
6659,25327,31738,2.5,4.5,4.1
6660,25335,25336,1.273,0.218,17.0
6661,25339,25340,1.444,0.278,6.8
6662,25341,25324,1.111,0.111,9.4
6663,25343,35382,1.4,0.267,11.0
6664,25345,23062,1.333,0.333,9.0
6665,25349,31300,1.25,0.214,11.5
6666,25349,28928,1.5,0.5,9.4
6667,25351,25352,1.043,0.043,14.2
6668,25353,25354,1.909,0.848,11.8
6669,25355,25356,1.174,0.15,14.0
6670,25359,25942,3.857,0.476,50.1
6671,25359,31066,3.706,0.221,50.8
6672,25365,25366,1.286,0.238,19.5
6673,25367,25392,2.0,1.0,9.6
6674,25367,38998,6.0,2.0,39.4
6675,25369,41938,1.556,0.528,7.0
6676,25379,25362,2.5,1.389,21.7
6677,25383,25344,1.333,0.333,10.3
6678,25391,25322,5.0,3.0,45.0
6679,25391,25360,4.333,0.333,23.4
6680,25393,39002,4.625,1.411,36.6
6681,25407,39264,2.0,0.0,19.1
6682,25409,17166,2.0,0.0,11.9
6683,25409,25410,1.2,0.2,14.3
6684,25411,25412,2.0,0.0,7.2
6685,25411,25392,4.5,1.0,36.6
6686,25417,25418,1.522,0.261,18.3
6687,25421,27736,1.526,0.263,20.9
6688,25423,5856,2.0,0.0,10.6
6689,25425,25972,2.0,0.0,13.4
6690,25429,25432,2.0,0.0,14.8
6691,25431,39254,2.0,0.0,9.1
6692,25431,17234,2.0,0.0,14.1
6693,25435,25436,2.0,0.0,14.5
6694,25439,25440,3.0,0.0,35.6
6695,25443,25444,2.0,0.0,23.6
6696,25449,32304,1.6,0.667,17.0
6697,25451,25452,1.1,0.095,14.6
6698,25451,41890,1.222,0.194,14.8
6699,25453,40442,2.333,0.333,13.3
6700,25453,40440,5.529,0.765,43.5
6701,25455,25456,2.0,0.0,15.0
6702,25457,25464,3.0,0.0,24.0
6703,25479,16444,2.0,0.0,7.6
6704,25481,15748,3.0,0.0,21.3
6705,25483,32532,1.5,0.5,16.2
6706,25501,25502,1.5,0.5,13.4
6707,25505,31240,2.0,0.0,10.4
6708,25521,34170,3.0,0.0,14.4
6709,25545,16814,1.5,0.5,7.4
6710,25551,25544,1.333,0.333,13.2
6711,25553,25554,1.067,0.067,12.0
6712,25561,38948,1.182,0.164,15.9
6713,25565,36294,2.0,0.0,13.9
6714,25567,36996,2.0,0.0,7.7
6715,25569,25904,2.0,0.0,22.7
6716,25569,19814,1.4,0.267,8.4
6717,25585,20392,3.0,0.0,38.2
6718,25591,25592,1.1,0.1,15.2
6719,25603,25604,1.5,0.5,11.8
6720,25605,25606,1.5,0.5,17.0
6721,25609,23102,2.0,0.0,29.7
6722,25621,25622,1.5,0.5,21.4
6723,25623,25624,1.667,0.333,14.4
6724,25631,25422,1.333,0.333,14.9
6725,25633,25634,1.231,0.192,18.4
6726,25635,27764,1.308,0.231,14.5
6727,25683,5242,1.5,0.5,10.0
6728,25687,5268,2.0,0.0,4.7
6729,25733,25734,3.0,0.0,22.8
6730,25737,25738,2.0,0.0,9.6
6731,25821,25822,3.824,1.779,32.7
6732,25827,25858,4.75,0.457,34.5
6733,25829,25830,1.333,0.333,10.3
6734,25831,25832,1.667,0.333,9.8
6735,25833,25834,1.333,0.333,9.0
6736,25835,25836,1.667,0.333,10.1
6737,25837,25838,2.0,0.0,14.7
6738,25839,25840,1.5,0.5,11.2
6739,25841,25842,1.5,0.5,10.4
6740,25843,25844,1.5,0.5,10.0
6741,25845,28762,4.0,0.0,22.7
6742,25847,25848,1.154,0.141,12.8
6743,25849,25850,2.417,1.174,20.5
6744,25855,20664,1.143,0.132,13.0
6745,25857,19678,1.2,0.171,16.6
6746,25861,19686,2.25,0.891,19.6
6747,25861,2916,2.0,0.0,13.9
6748,25863,25864,1.111,0.111,13.6
6749,25865,29774,2.0,0.0,8.7
6750,25877,25878,1.067,0.067,13.5
6751,25879,25880,1.111,0.111,4.0
6752,25883,25552,2.125,0.917,16.3
6753,25885,29344,2.0,0.0,14.3
6754,25885,25886,2.421,0.257,31.7
6755,25887,30128,4.0,0.0,2.5
6756,25889,24244,3.333,0.333,19.0
6757,25889,25890,3.6,1.114,25.3
6758,25891,25876,2.625,1.183,20.4
6759,25891,31556,2.0,0.0,15.3
6760,25897,25898,1.045,0.045,10.3
6761,25903,1690,1.095,0.09,12.6
6762,25905,25916,1.5,0.5,13.8
6763,25909,25910,2.0,0.0,28.1
6764,25933,25934,1.375,0.25,22.5
6765,25943,40216,2.5,0.5,9.0
6766,25943,35532,5.0,0.0,36.5
6767,25943,12016,6.333,0.333,39.3
6768,25973,25974,2.0,0.0,14.5
6769,25981,25982,2.0,0.0,14.4
6770,25985,25986,2.0,0.0,14.1
6771,26005,26006,2.0,0.0,16.1
6772,26073,38240,2.04,0.123,32.9
6773,26095,27112,2.5,0.5,14.7
6774,26105,26106,2.0,0.0,10.4
6775,26167,5696,2.0,0.0,4.7
6776,26171,5696,3.0,0.0,14.1
6777,26195,38812,2.0,0.0,24.4
6778,26197,35274,2.0,0.0,19.9
6779,26201,35274,1.857,0.143,22.4
6780,26209,26210,2.0,0.0,14.6
6781,26211,26212,2.0,0.0,14.6
6782,26213,26214,2.0,0.0,15.3
6783,26215,26216,1.5,0.5,10.4
6784,26249,26250,2.0,0.0,14.6
6785,26251,11362,2.0,0.0,14.2
6786,26275,26276,2.333,0.333,18.9
6787,26277,26278,2.0,0.0,15.1
6788,26327,26328,2.0,0.0,18.5
6789,26331,5028,2.0,0.0,18.6
6790,26337,36422,2.0,0.0,7.7
6791,26343,5872,3.0,0.0,37.7
6792,26345,5870,2.0,0.0,7.2
6793,26369,26370,1.8,0.2,22.3
6794,26373,26374,1.6,0.3,19.5
6795,26375,26376,1.2,0.2,13.4
6796,26377,26378,1.2,0.2,13.4
6797,26379,26380,1.4,0.3,19.6
6798,26381,39252,2.667,0.267,18.6
6799,26421,15514,2.0,0.0,16.8
6800,26423,26424,1.333,0.333,10.6
6801,26425,26426,1.667,0.333,16.2
6802,26427,26428,2.0,0.0,13.9
6803,26429,26430,1.333,0.333,9.6
6804,26431,26432,1.333,0.333,10.5
6805,26435,26420,1.667,0.333,15.0
6806,26447,26448,2.0,0.0,20.7
6807,26451,26452,2.0,0.0,14.4
6808,26453,38234,2.0,0.0,14.5
6809,26455,26456,2.0,0.0,14.4
6810,26463,26464,2.0,0.0,14.4
6811,26465,26466,2.0,0.0,14.4
6812,26467,26468,2.0,0.0,14.4
6813,26469,26470,2.0,0.0,11.0
6814,26471,35712,2.0,0.0,14.4
6815,26503,6044,3.0,0.0,14.2
6816,26505,6054,2.5,0.5,14.2
6817,26545,26546,1.111,0.105,13.9
6818,26575,6098,2.0,0.0,4.7
6819,26583,39272,4.0,0.0,20.5
6820,26589,25444,2.0,0.0,20.4
6821,26669,22822,2.0,0.0,12.2
6822,26671,26684,2.0,0.0,7.9
6823,26679,26680,1.188,0.162,13.1
6824,26681,20462,1.688,0.229,20.6
6825,26685,26686,1.667,0.333,8.2
6826,26687,33322,2.667,0.267,13.8
6827,26789,26790,3.0,0.0,14.4
6828,26791,6376,3.0,0.0,14.2
6829,26799,6292,2.0,0.0,4.7
6830,26913,16382,2.0,0.0,14.9
6831,26923,27824,2.0,0.0,13.4
6832,26933,26934,2.0,0.0,14.7
6833,26983,24242,1.667,0.333,10.2
6834,27015,27026,2.0,0.0,14.6
6835,27029,21818,2.0,0.0,14.7
6836,27043,27044,1.5,0.5,10.8
6837,27045,27046,1.5,0.5,12.9
6838,27047,27670,2.0,0.0,16.2
6839,27119,27110,1.5,0.5,12.8
6840,27141,6628,2.0,0.0,4.7
6841,27149,27150,1.75,0.25,14.5
6842,27151,36992,1.667,0.333,9.1
6843,27151,6484,2.0,0.0,13.8
6844,27157,27158,2.0,0.0,10.3
6845,27159,6482,2.0,0.0,14.4
6846,27193,27194,2.0,0.0,14.6
6847,27195,27198,2.0,0.0,14.3
6848,27203,27206,1.15,0.134,9.0
6849,27203,27204,2.0,0.0,14.4
6850,27205,32730,1.4,0.267,13.6
6851,27213,27214,3.0,0.0,14.4
6852,27215,13166,3.0,0.0,21.6
6853,27227,6710,3.0,0.0,14.2
6854,27261,6742,1.5,0.5,4.7
6855,27289,27226,2.0,0.0,9.0
6856,27305,27306,1.5,0.5,15.6
6857,27305,27820,2.0,0.0,16.4
6858,27307,27308,2.0,0.0,14.8
6859,27339,27340,2.0,0.0,10.0
6860,27341,27342,2.0,0.0,10.7
6861,27343,27344,2.0,0.0,10.3
6862,27379,17134,2.733,0.21,27.5
6863,27389,27390,2.0,0.0,10.6
6864,27391,19900,7.0,0.0,51.2
6865,27437,16282,3.0,0.0,14.6
6866,27477,27436,3.0,0.0,9.1
6867,27495,27476,4.0,0.0,16.3
6868,27523,27524,2.0,0.0,14.1
6869,27529,16500,3.0,0.0,18.7
6870,27591,41936,1.462,0.436,11.1
6871,27593,25322,2.0,0.4,8.4
6872,27593,25360,4.429,3.952,38.5
6873,27623,14218,2.0,0.0,18.3
6874,27637,11576,3.0,0.0,17.4
6875,27659,27522,2.0,0.0,14.2
6876,27669,26214,2.0,0.0,14.7
6877,27699,27700,1.5,0.5,15.6
6878,27701,38090,2.0,0.0,21.5
6879,27711,27712,1.333,0.333,10.6
6880,27713,27714,1.333,0.333,10.4
6881,27715,27716,1.667,0.333,10.5
6882,27721,22726,3.0,0.0,20.5
6883,27721,27722,3.0,0.0,25.8
6884,27721,22716,3.0,0.0,23.0
6885,27725,22730,2.0,0.0,10.8
6886,27737,27738,1.316,0.228,14.9
6887,27739,27740,2.053,0.053,24.8
6888,27743,27744,1.389,0.487,13.6
6889,27755,27756,1.056,0.056,14.1
6890,27757,29728,4.833,0.967,33.4
6891,27757,25632,6.0,1.636,56.0
6892,27763,26542,1.556,0.261,21.8
6893,27769,27770,1.231,0.192,14.8
6894,27773,27774,1.385,0.256,18.6
6895,27777,32758,1.846,0.974,15.1
6896,27781,27782,1.333,0.25,14.6
6897,27783,27784,1.111,0.111,14.3
6898,27789,37470,3.111,1.111,25.5
6899,27791,25420,2.278,0.801,20.8
6900,27793,27778,3.778,1.444,34.7
6901,27793,35068,6.5,0.5,38.1
6902,27797,14936,2.0,0.0,11.3
6903,27799,27758,3.5,1.5,22.3
6904,27799,34678,3.667,0.333,19.7
6905,27801,35442,3.0,0.0,13.8
6906,27801,28686,4.455,1.273,36.3
6907,27809,27810,2.5,1.192,21.8
6908,27813,27814,1.062,0.062,14.1
6909,27817,21560,3.125,0.117,38.3
6910,27821,27844,2.5,0.5,20.3
6911,27837,27838,2.0,0.0,14.3
6912,27845,27846,2.0,0.0,14.6
6913,27875,27876,2.0,0.0,10.8
6914,27877,27878,2.0,0.0,10.3
6915,27889,27868,2.0,0.0,15.6
6916,27907,27908,2.0,0.0,6.7
6917,27909,35794,2.0,0.0,13.2
6918,27943,27944,4.0,0.0,49.6
6919,27977,27978,6.0,0.0,14.3
6920,27985,7374,2.0,0.0,14.6
6921,28001,4134,2.0,0.0,14.0
6922,28041,28042,4.0,0.0,32.6
6923,28043,35794,2.0,0.0,14.0
6924,28055,7936,2.0,0.0,12.2
6925,28063,25320,2.0,0.0,19.8
6926,28063,31310,7.0,0.0,47.2
6927,28071,28072,2.0,0.0,10.5
6928,28109,28110,2.0,0.0,5.8
6929,28115,36144,2.0,0.0,5.3
6930,28123,26834,2.0,0.0,5.9
6931,28153,30814,3.0,0.0,16.4
6932,28175,28176,2.0,0.0,10.4
6933,28177,9500,2.0,0.0,9.5
6934,28195,7630,2.0,0.0,4.7
6935,28211,32772,2.182,0.156,28.3
6936,28213,28214,2.0,0.0,18.1
6937,28217,28218,2.0,0.0,13.0
6938,28285,35268,2.0,0.0,8.8
6939,28309,28338,2.0,0.0,14.2
6940,28341,28360,2.0,0.0,14.4
6941,28371,28372,2.0,0.0,14.7
6942,28413,28428,1.5,0.5,10.5
6943,28417,28418,2.0,0.0,10.4
6944,28419,28420,2.0,0.0,12.2
6945,28423,28424,2.0,0.0,15.5
6946,28429,28436,1.5,0.5,13.2
6947,28441,28442,2.0,0.0,10.4
6948,28447,28414,3.0,0.0,19.8
6949,28471,28472,4.0,0.0,11.0
6950,28483,33208,1.2,0.2,13.0
6951,28495,37300,4.0,0.0,23.0
6952,28501,28502,2.0,0.0,11.1
6953,28503,28504,2.0,0.0,11.2
6954,28507,28508,2.0,0.0,16.6
6955,28509,28510,2.0,0.0,13.8
6956,28513,28514,1.5,0.5,10.6
6957,28515,7978,2.0,0.0,13.9
6958,28525,23880,2.0,0.0,10.8
6959,28525,28532,3.0,0.0,21.0
6960,28531,17256,2.667,0.333,16.9
6961,28531,25398,3.0,0.0,28.7
6962,28533,28534,1.5,0.5,9.9
6963,28535,28536,2.0,0.0,13.8
6964,28539,28540,1.75,0.25,22.9
6965,28559,7932,2.5,0.5,22.3
6966,28567,7986,2.0,0.0,4.7
6967,28581,29780,3.0,0.0,25.6
6968,28585,28586,2.5,0.333,5.0
6969,28597,39158,1.5,0.3,10.7
6970,28615,20106,2.0,0.0,17.0
6971,28617,28618,2.0,0.0,15.2
6972,28619,28620,2.0,0.0,14.4
6973,28621,28622,2.0,0.0,14.6
6974,28623,3454,2.0,0.0,15.5
6975,28625,28626,2.0,0.0,14.4
6976,28627,28628,1.333,0.333,8.7
6977,28631,8036,2.0,0.0,4.7
6978,28657,28658,2.0,0.0,22.6
6979,28665,32028,3.4,1.3,32.2
6980,28673,37640,5.0,3.0,39.4
6981,28685,28650,2.0,0.0,10.7
6982,28719,34620,3.0,0.0,15.6
6983,28769,8164,2.0,0.0,4.7
6984,28795,36274,2.0,0.0,11.7
6985,28811,28812,3.0,0.0,13.6
6986,28813,36278,3.0,0.0,9.5
6987,28817,8344,1.5,0.5,8.5
6988,28819,28838,2.0,0.0,9.1
6989,28947,27156,3.0,0.0,20.2
6990,28965,41588,2.0,0.0,11.3
6991,28979,8038,2.0,0.0,16.3
6992,28985,28986,2.0,0.0,15.0
6993,28987,28988,2.0,0.0,15.2
6994,28989,34980,2.0,0.0,18.6
6995,28999,29000,1.333,0.333,10.4
6996,29001,29002,1.333,0.333,9.9
6997,29003,29004,1.667,0.333,11.1
6998,29005,29006,1.667,0.333,10.4
6999,29007,29008,2.0,0.0,11.7
7000,29011,21506,1.333,0.333,6.5
7001,29021,29022,4.0,0.0,14.5
7002,29021,8406,2.0,0.0,4.7
7003,29027,29028,3.0,0.0,8.6
7004,29037,29038,2.0,0.0,10.6
7005,29041,29042,2.0,0.0,14.0
7006,29045,29046,3.0,0.0,19.5
7007,29047,38394,4.0,0.0,25.8
7008,29051,29052,2.0,0.0,10.6
7009,29053,29054,2.0,0.0,15.5
7010,29055,36568,2.0,0.0,11.0
7011,29057,29058,2.0,0.0,16.1
7012,29063,29064,1.333,0.333,9.5
7013,29065,23064,3.0,0.667,26.0
7014,29105,29106,2.0,0.0,10.5
7015,29109,28200,2.5,0.5,19.7
7016,29163,29164,2.0,0.0,14.3
7017,29165,29166,2.0,0.0,14.1
7018,29169,29170,2.0,0.0,15.0
7019,29173,29174,2.0,0.0,10.4
7020,29181,29182,4.0,0.0,30.2
7021,29187,29188,1.333,0.333,13.1
7022,29189,29190,1.5,0.5,14.6
7023,29191,29192,2.5,0.5,15.3
7024,29193,29194,2.0,0.0,14.2
7025,29215,31424,3.0,0.0,14.2
7026,29247,16322,2.0,0.0,7.5
7027,29261,29264,1.5,0.5,10.4
7028,29263,30828,1.5,0.5,4.7
7029,29265,29266,1.5,0.5,13.3
7030,29267,29268,3.0,0.0,19.1
7031,29269,29270,1.5,0.5,10.5
7032,29271,29272,1.5,0.5,10.4
7033,29273,29274,1.5,0.5,10.6
7034,29287,29288,2.0,0.0,14.4
7035,29323,29324,2.0,0.0,14.4
7036,29325,11608,2.0,0.0,9.1
7037,29335,29336,2.0,0.0,14.5
7038,29337,29338,2.0,0.0,10.0
7039,29345,29602,2.0,0.0,9.2
7040,29347,29348,2.0,0.0,10.1
7041,29349,38970,2.0,0.0,10.2
7042,29351,8728,2.0,0.0,4.7
7043,29355,29356,2.0,0.0,10.4
7044,29391,29392,2.0,0.0,14.7
7045,29399,29400,2.0,0.0,10.5
7046,29401,31178,2.0,0.0,14.2
7047,29415,29770,2.0,0.0,28.7
7048,29451,6956,3.0,0.0,17.3
7049,29471,29450,1.5,0.5,9.5
7050,29473,29474,2.0,0.0,10.1
7051,29503,11050,3.0,0.0,14.2
7052,29559,29570,3.0,0.0,17.7
7053,29559,12360,3.0,0.0,19.2
7054,29571,29534,2.0,0.0,15.1
7055,29573,33580,2.0,0.0,14.0
7056,29585,29586,1.5,0.5,10.4
7057,29587,29588,2.0,0.0,15.0
7058,29589,12118,2.0,0.0,15.8
7059,29601,29602,3.0,0.0,14.4
7060,29603,29604,2.0,0.0,14.8
7061,29603,8942,2.0,0.0,4.7
7062,29635,33674,2.0,0.0,14.4
7063,29653,38148,3.0,0.0,11.2
7064,29695,29696,4.0,0.0,14.5
7065,29697,29698,2.0,0.0,9.2
7066,29699,29700,3.0,0.0,15.1
7067,29731,29732,1.083,0.083,14.6
7068,29733,29734,1.917,0.265,22.7
7069,29739,29740,1.5,0.5,10.2
7070,29745,24142,3.0,0.0,25.2
7071,29745,10830,2.0,0.0,18.0
7072,29747,30176,2.0,0.0,9.0
7073,29755,10176,2.0,0.0,11.2
7074,29773,36016,1.25,0.25,13.9
7075,29783,32712,2.0,0.0,6.4
7076,29783,33238,4.833,0.167,31.2
7077,29783,32726,3.0,0.0,11.7
7078,29791,29792,1.5,0.5,9.3
7079,29797,10700,2.0,0.0,20.0
7080,29911,29912,2.0,0.0,14.1
7081,29917,41942,2.0,0.0,13.5
7082,29921,32848,2.0,0.0,18.0
7083,29929,37844,2.0,0.0,17.5
7084,29931,21456,2.273,0.218,28.4
7085,29975,21872,3.0,0.0,9.5
7086,29999,36876,2.0,0.0,21.5
7087,30045,30046,3.0,0.0,18.6
7088,30047,33452,3.0,0.0,17.1
7089,30129,36490,2.0,0.0,9.0
7090,30159,39102,5.0,0.0,18.1
7091,30173,22568,2.0,0.0,14.7
7092,30177,22216,2.0,0.0,8.8
7093,30189,1426,3.0,0.0,14.2
7094,30191,13520,3.0,0.0,14.3
7095,30219,13152,2.0,0.0,12.4
7096,30225,30226,2.0,0.0,10.4
7097,30227,7908,3.5,0.5,9.6
7098,30255,25678,2.0,0.0,16.8
7099,30327,30328,3.0,0.0,14.8
7100,30329,30330,2.0,0.0,10.4
7101,30331,30332,2.0,0.0,15.5
7102,30335,30336,2.0,0.0,14.1
7103,30337,30338,2.0,0.0,10.5
7104,30339,16956,2.0,0.0,10.5
7105,30383,9510,2.0,0.0,15.1
7106,30473,30458,2.0,0.0,14.7
7107,30511,9760,2.0,0.0,9.0
7108,30549,23036,3.0,0.0,29.1
7109,30595,35912,1.6,0.3,25.9
7110,30597,37182,1.571,0.286,13.4
7111,30681,30682,3.0,0.0,14.4
7112,30683,11564,2.0,0.0,11.8
7113,30689,33814,2.111,0.111,36.2
7114,30713,35974,4.5,0.7,29.2
7115,30723,25558,2.0,0.0,10.8
7116,30723,9914,3.643,1.016,27.8
7117,30723,16986,3.0,7.0,10.6
7118,30725,33908,3.615,1.756,29.6
7119,30725,29768,3.0,0.0,32.4
7120,30727,16986,4.0,0.0,14.1
7121,30727,32544,3.4,1.257,26.8
7122,30731,25892,6.158,1.807,54.5
7123,30735,33908,3.556,1.528,29.4
7124,30737,30740,3.833,0.967,25.6
7125,30743,30744,1.111,0.111,14.4
7126,30745,38950,1.5,0.5,9.0
7127,30745,23734,3.222,1.944,21.8
7128,30747,35976,1.5,0.333,14.0
7129,30749,31228,3.8,1.7,41.3
7130,30753,21258,2.714,0.238,34.5
7131,30755,9916,3.875,0.982,18.6
7132,30755,35802,4.0,0.0,37.9
7133,30755,31228,2.5,0.5,11.9
7134,30761,30762,2.2,0.844,14.4
7135,30771,28686,4.5,0.5,33.4
7136,30773,32990,5.158,1.585,46.9
7137,30775,30772,1.263,0.205,13.7
7138,30777,38542,5.053,1.83,44.2
7139,30779,35448,2.0,0.0,7.7
7140,30783,33286,5.333,2.75,52.2
7141,30793,30794,1.091,0.087,13.6
7142,30795,30796,1.318,0.227,16.6
7143,30813,30814,1.682,0.227,19.6
7144,30823,25416,3.091,1.61,26.6
7145,30827,30828,2.211,0.953,16.0
7146,30831,30832,1.136,0.123,13.9
7147,30837,30830,3.188,1.363,22.4
7148,30839,41874,4.263,1.205,31.8
7149,30839,37470,5.25,2.25,50.8
7150,30937,22932,3.25,1.477,21.0
7151,30939,22140,1.5,0.5,22.9
7152,30939,30936,1.833,0.152,23.3
7153,30941,22930,2.143,1.81,21.4
7154,30941,22926,1.778,0.444,13.2
7155,30947,25636,3.824,1.154,28.4
7156,30947,5222,2.0,0.0,8.1
7157,30955,38084,1.056,0.056,13.2
7158,30957,30960,1.389,0.252,18.9
7159,30959,30956,2.2,0.6,21.8
7160,30965,30966,1.118,0.11,14.0
7161,30965,25984,4.0,0.0,3.5
7162,30967,30968,1.882,0.11,23.1
7163,31017,31018,4.0,0.0,14.4
7164,31019,31020,3.5,0.5,14.3
7165,31021,40072,2.0,0.0,11.0
7166,31023,30326,2.0,0.0,14.1
7167,31035,2092,1.6,0.3,15.2
7168,31039,20422,1.625,0.268,26.3
7169,31049,31050,1.167,0.167,14.7
7170,31053,31054,1.333,0.267,16.7
7171,31063,32962,1.5,0.3,14.8
7172,31067,36858,1.071,0.071,13.4
7173,31099,37426,3.0,0.0,27.8
7174,31111,37036,3.214,1.412,31.8
7175,31117,31118,2.0,0.0,17.9
7176,31119,31122,5.0,0.0,34.9
7177,31121,1610,2.0,0.0,15.2
7178,31123,31124,2.0,0.0,13.6
7179,31129,31130,5.0,0.0,37.0
7180,31187,31578,2.0,0.0,10.5
7181,31203,31204,3.5,0.5,25.3
7182,31205,31206,2.0,0.0,13.7
7183,31205,31250,2.0,0.0,15.8
7184,31207,5106,2.0,0.0,8.4
7185,31243,31230,2.0,0.0,12.2
7186,31253,31254,2.0,0.0,10.4
7187,31301,8452,3.25,0.5,24.0
7188,31311,31312,2.0,0.0,12.7
7189,31313,31314,2.0,0.0,10.3
7190,31315,31316,5.0,0.0,36.4
7191,31337,31338,2.0,0.0,11.2
7192,31339,31340,4.0,0.0,20.3
7193,31341,25308,5.0,0.0,38.5
7194,31351,31352,3.0,0.0,14.0
7195,31353,31354,1.5,0.5,7.1
7196,31355,31336,1.5,0.5,9.2
7197,31383,35776,2.0,0.0,13.2
7198,31417,35570,2.0,0.0,14.9
7199,31419,33814,2.111,0.111,37.0
7200,31425,4208,38.5,2244.5,9.0
7201,31439,41382,2.0,0.0,9.0
7202,31453,9886,3.0,0.0,10.7
7203,31525,26368,3.0,0.0,14.4
7204,31529,16500,2.0,0.0,21.7
7205,31529,33826,2.0,0.0,16.3
7206,31537,36854,1.111,0.111,15.6
7207,31575,41714,2.0,0.0,16.2
7208,31665,40634,3.0,0.0,15.5
7209,31741,31742,1.5,0.5,10.6
7210,31743,31744,2.0,0.0,14.6
7211,31749,31750,2.0,0.0,14.4
7212,31753,35152,2.0,0.0,13.9
7213,31759,14030,3.1,1.211,19.4
7214,31769,8852,2.0,0.0,13.2
7215,31783,25846,3.636,1.255,33.6
7216,31801,28596,1.5,0.3,5.4
7217,31803,31820,1.5,0.5,9.2
7218,31813,31814,1.75,0.25,6.4
7219,31815,31848,2.0,0.0,15.2
7220,31845,31846,3.0,0.0,29.8
7221,31867,6198,3.0,0.0,14.8
7222,31879,35738,1.667,0.267,9.7
7223,31899,1324,4.0,0.0,15.0
7224,31911,36474,1.167,0.167,12.8
7225,31925,14496,2.0,0.0,14.3
7226,31939,31946,4.0,0.0,9.0
7227,31939,31940,5.0,0.0,11.9
7228,31941,31942,6.0,0.0,12.5
7229,31943,31944,7.0,0.0,14.4
7230,31947,31948,11.0,0.0,18.8
7231,31949,10972,2.0,0.0,4.7
7232,31971,32310,2.0,0.0,14.5
7233,32003,32004,2.0,0.0,15.7
7234,32037,32038,3.0,1.5,26.8
7235,32041,32584,2.0,0.0,22.9
7236,32041,41852,3.067,11.067,22.5
7237,32049,19738,2.0,0.0,7.6
7238,32069,8844,2.0,0.0,9.0
7239,32077,11096,3.0,0.0,14.3
7240,32097,32098,3.0,0.0,5.5
7241,32099,32076,3.0,0.0,6.6
7242,32121,32122,3.0,2.0,14.5
7243,32125,32126,4.5,0.5,8.7
7244,32127,19534,3.5,0.5,16.1
7245,32129,2962,2.0,0.0,9.1
7246,32133,41270,2.143,0.143,14.4
7247,32145,32146,2.0,0.0,14.4
7248,32147,896,2.0,0.0,10.2
7249,32149,41272,2.0,0.0,19.9
7250,32149,24634,3.0,0.0,15.2
7251,32161,11136,3.0,0.0,4.7
7252,32165,32166,1.3,0.233,4.0
7253,32167,32168,1.455,0.273,14.7
7254,32171,32172,1.1,0.1,14.2
7255,32173,22634,1.4,0.267,18.2
7256,32181,32182,2.0,0.0,14.5
7257,32243,41428,3.0,0.0,14.4
7258,32249,32250,2.0,0.0,13.3
7259,32251,41430,2.0,0.0,14.2
7260,32253,41454,4.5,0.5,20.7
7261,32265,32266,2.0,0.0,25.0
7262,32273,32274,1.2,0.168,11.2
7263,32301,23802,2.0,0.0,12.2
7264,32301,40222,3.476,0.862,25.6
7265,32303,35266,2.1,0.322,26.6
7266,32303,25448,2.04,0.04,26.6
7267,32305,35252,2.8,1.417,27.5
7268,32307,32308,1.25,0.25,14.5
7269,32313,29830,2.0,0.0,17.4
7270,32353,40386,2.0,0.0,8.3
7271,32359,32360,2.0,0.0,16.1
7272,32361,32362,2.0,0.0,17.7
7273,32369,32370,2.0,0.0,13.7
7274,32371,32372,3.0,0.0,14.4
7275,32373,24322,2.0,0.0,9.0
7276,32391,32392,2.0,0.0,12.5
7277,32395,32396,1.5,0.5,9.1
7278,32399,32390,2.0,0.0,10.5
7279,32403,32408,2.0,0.0,10.6
7280,32409,11348,2.0,0.0,4.7
7281,32421,25628,2.0,0.0,14.3
7282,32429,32430,2.0,0.0,12.8
7283,32439,32668,3.0,0.0,24.1
7284,32475,12138,2.333,0.333,14.1
7285,32475,38430,2.0,0.0,15.0
7286,32491,33294,2.0,0.0,13.5
7287,32527,32528,2.0,0.0,12.9
7288,32529,37636,2.0,0.0,9.9
7289,32545,28028,2.364,0.255,29.8
7290,32545,35372,2.467,0.267,29.8
7291,32547,11472,2.0,0.0,4.7
7292,32555,11480,2.0,0.0,4.7
7293,32569,32570,2.0,1.0,13.2
7294,32573,37426,1.875,0.117,23.8
7295,32575,2560,2.0,0.0,14.5
7296,32581,39400,2.633,1.068,18.1
7297,32591,37674,3.0,0.0,8.0
7298,32591,31796,4.2,1.7,21.1
7299,32601,32602,2.0,0.0,5.0
7300,32605,11514,2.0,0.0,4.7
7301,32617,32618,1.5,0.5,5.0
7302,32619,32600,2.0,0.0,10.2
7303,32653,32654,5.0,0.0,20.6
7304,32655,32656,3.0,0.0,11.9
7305,32659,32660,3.0,0.0,10.4
7306,32661,32662,5.0,0.0,16.9
7307,32669,7092,2.0,0.0,13.1
7308,32669,32670,2.0,0.0,18.8
7309,32693,32694,1.273,0.218,17.2
7310,32699,25570,1.25,0.205,15.5
7311,32701,32702,1.143,0.132,13.6
7312,32711,32690,2.636,0.255,34.7
7313,32711,17004,2.0,0.0,9.2
7314,32715,32716,1.579,0.257,19.3
7315,32719,25450,1.172,0.148,14.1
7316,32731,16080,1.5,0.3,13.5
7317,32733,27202,1.421,0.257,14.0
7318,32759,32760,2.0,0.0,25.3
7319,32763,11624,2.0,0.0,10.1
7320,32763,32764,2.182,0.364,20.2
7321,32765,32766,1.091,0.091,14.2
7322,32771,20424,4.2,0.7,29.7
7323,32787,32788,2.5,0.5,14.3
7324,32789,22340,2.0,0.0,13.3
7325,32833,36926,3.0,0.0,14.9
7326,32845,33896,1.111,0.105,26.4
7327,32847,23580,3.333,0.267,33.0
7328,32847,22762,3.556,0.278,36.2
7329,32885,32886,1.1,0.1,9.3
7330,32887,30754,1.7,0.233,16.3
7331,32893,36770,2.0,0.0,9.0
7332,32907,41430,2.0,0.0,14.3
7333,32925,15836,4.0,0.0,19.0
7334,32967,12248,1.2,0.2,6.1
7335,32993,33238,2.0,0.0,5.7
7336,32993,32726,3.778,2.065,31.7
7337,33005,37226,5.556,1.278,39.3
7338,33007,33008,1.04,0.04,13.5
7339,33011,33012,1.565,0.439,8.7
7340,33017,35692,3.762,1.49,27.6
7341,33017,41694,2.0,0.667,8.5
7342,33025,20310,2.0,0.0,28.5
7343,33025,39286,2.0,0.0,28.9
7344,33093,11918,2.0,0.0,9.1
7345,33105,11938,2.0,0.0,4.7
7346,33123,41804,2.0,0.0,12.9
7347,33135,11120,3.0,0.0,13.6
7348,33149,41454,4.5,0.5,20.8
7349,33151,33148,3.0,0.0,14.7
7350,33153,33154,1.227,0.184,25.8
7351,33157,36504,2.273,0.208,45.3
7352,33161,33162,1.5,0.3,8.2
7353,33165,33166,1.143,0.143,13.5
7354,33171,35434,2.111,0.611,11.4
7355,33173,33178,1.333,0.333,14.2
7356,33185,35532,6.0,0.0,38.1
7357,33189,20836,3.333,1.867,36.2
7358,33189,40210,2.0,1.0,14.4
7359,33195,12034,3.5,4.5,30.8
7360,33195,12038,5.667,10.333,7.0
7361,33201,12038,3.7,0.233,15.5
7362,33205,12026,3.0,0.0,10.8
7363,33205,16418,5.0,0.0,33.4
7364,33205,12034,2.75,0.5,12.1
7365,33217,25386,1.8,0.2,25.2
7366,33283,21994,3.75,2.25,32.5
7367,33283,19822,2.75,0.917,19.6
7368,33293,39152,5.0,1.0,36.6
7369,33297,33298,3.0,0.0,20.7
7370,33299,32962,2.0,0.0,9.5
7371,33299,8928,3.0,0.0,15.7
7372,33325,24406,1.316,0.228,18.5
7373,33343,34448,2.8,0.2,27.8
7374,33343,38850,2.0,0.0,29.7
7375,33375,2382,1.25,0.214,16.4
7376,33377,33378,1.75,0.214,26.3
7377,33379,33370,1.125,0.125,14.6
7378,33387,23102,2.0,0.0,18.0
7379,33415,33416,3.0,0.0,14.4
7380,33429,22738,3.0,0.0,9.0
7381,33429,39368,1.222,0.194,9.5
7382,33431,39152,2.8,1.067,30.7
7383,33433,31784,1.571,0.264,22.7
7384,33435,19682,3.125,0.125,32.8
7385,33435,19684,3.333,0.267,32.7
7386,33445,14492,2.0,0.0,10.2
7387,33445,11826,2.0,0.0,15.5
7388,33451,33452,2.0,1.0,14.5
7389,33455,33456,2.0,0.0,12.2
7390,33459,37420,2.0,0.667,17.0
7391,33469,27388,3.0,0.0,17.0
7392,33481,32016,2.0,0.0,11.3
7393,33485,33480,3.0,0.0,15.3
7394,33487,33488,2.0,0.0,12.5
7395,33489,33490,2.0,0.0,14.0
7396,33493,17480,2.0,0.0,11.0
7397,33501,33504,2.0,0.333,11.6
7398,33503,33500,3.5,0.5,10.6
7399,33505,22056,1.5,0.5,9.6
7400,33505,33506,1.6,0.3,9.2
7401,33507,33508,2.2,0.2,15.6
7402,33509,33510,1.556,0.278,11.6
7403,33511,27794,2.25,0.214,17.9
7404,33551,33006,2.44,0.923,19.3
7405,33565,31924,2.0,0.0,9.1
7406,33567,33568,1.5,0.5,13.6
7407,33571,33572,2.0,0.0,14.6
7408,33591,33592,2.0,0.0,14.4
7409,33595,33596,1.5,0.5,12.0
7410,33599,33600,2.0,0.0,14.5
7411,33603,33604,7.0,0.0,30.8
7412,33605,33606,2.0,0.0,11.3
7413,33607,35272,2.5,0.5,7.4
7414,33653,38542,6.0,0.0,40.1
7415,33655,32990,4.0,2.0,26.7
7416,33657,33658,1.5,0.286,19.0
7417,33661,33662,1.889,0.111,23.6
7418,33663,37466,3.2,1.2,24.5
7419,33663,41842,1.75,0.25,6.9
7420,33667,33668,2.0,0.0,10.4
7421,33671,33672,2.0,0.0,10.4
7422,33673,33674,2.0,0.0,14.7
7423,33677,33678,1.5,0.5,10.4
7424,33679,25562,3.0,0.0,17.2
7425,33687,12420,2.0,0.0,4.7
7426,33721,33722,1.333,0.333,13.5
7427,33723,33724,1.25,0.25,14.2
7428,33735,32668,4.0,0.0,27.4
7429,33785,33786,7.0,0.75,14.4
7430,33787,33788,6.778,1.694,14.3
7431,33789,33790,6.75,2.917,13.6
7432,33789,33796,4.333,0.333,14.3
7433,33791,33792,6.0,2.0,12.6
7434,33793,23648,6.0,0.0,10.4
7435,33793,33794,7.667,0.333,14.6
7436,33795,33780,8.0,0.0,14.3
7437,33795,12504,9.0,0.0,14.3
7438,33795,12518,2.0,0.0,4.7
7439,33797,12520,2.0,0.0,4.7
7440,33805,33806,2.0,0.0,14.5
7441,33809,29736,2.0,0.0,15.0
7442,33825,35252,4.5,0.722,32.1
7443,33845,5994,2.0,0.0,13.2
7444,33859,41274,3.0,0.0,15.9
7445,33873,33874,1.375,0.268,13.4
7446,33877,33878,2.556,1.528,20.2
7447,33879,35406,1.111,0.111,12.7
7448,33893,29790,2.0,0.0,8.7
7449,33915,28654,2.5,0.333,9.6
7450,33917,33918,7.0,0.0,14.4
7451,33919,33920,2.5,0.5,5.0
7452,33921,33922,4.5,0.5,11.0
7453,33923,30212,3.0,0.0,13.2
7454,33927,36088,3.571,1.952,35.1
7455,33927,18026,2.4,4.3,10.8
7456,33929,28480,2.0,0.0,11.3
7457,33929,25258,4.182,1.364,40.7
7458,33931,33430,1.444,0.278,9.2
7459,33977,12668,2.0,0.0,8.8
7460,34035,38760,2.5,0.5,14.4
7461,34035,16868,2.0,0.0,14.2
7462,34081,18018,7.0,0.0,60.9
7463,34081,25892,4.0,0.0,16.1
7464,34083,34084,1.6,0.267,21.6
7465,34087,34088,1.111,0.111,14.7
7466,34089,34090,1.111,0.111,13.1
7467,34095,35692,2.0,0.0,9.4
7468,34095,41694,4.375,1.125,36.5
7469,34105,16432,4.333,1.067,22.8
7470,34125,2174,3.0,0.0,19.4
7471,34149,34124,4.0,0.0,18.7
7472,34171,5120,2.0,0.0,9.2
7473,34275,34322,3.0,0.0,15.4
7474,34323,34324,2.0,0.0,12.4
7475,34325,34326,2.0,0.0,13.8
7476,34327,2146,1.5,0.5,7.9
7477,34361,11556,2.0,0.0,13.2
7478,34445,34446,1.25,0.25,8.8
7479,34451,11984,4.6,0.3,45.8
7480,34483,20342,6.0,0.0,29.0
7481,34509,41644,2.0,0.0,17.3
7482,34537,34508,2.0,0.0,14.1
7483,34575,34576,2.0,0.0,13.7
7484,34579,34586,2.0,0.0,14.9
7485,34613,34616,6.0,0.0,31.3
7486,34617,27956,2.0,0.0,17.0
7487,34623,34624,3.0,0.0,14.0
7488,34625,34626,2.0,0.0,14.5
7489,34627,19628,2.0,0.0,9.0
7490,34649,34650,2.0,0.0,13.4
7491,34649,13348,2.0,0.0,4.7
7492,34651,13792,3.0,0.0,28.2
7493,34681,34682,1.333,0.333,10.4
7494,34683,34700,2.0,0.0,9.2
7495,34683,34684,2.0,0.0,14.7
7496,34687,25548,1.333,0.333,8.2
7497,34725,6558,2.0,0.0,12.2
7498,34755,13452,2.0,0.0,4.7
7499,34777,40798,1.5,0.267,6.6
7500,34777,36840,3.938,1.396,30.7
7501,34781,21832,3.6,1.156,29.7
7502,34781,40798,2.0,0.0,12.2
7503,34801,34802,2.0,0.0,10.4
7504,34803,13504,2.0,0.0,17.0
7505,34833,37354,2.0,0.0,14.2
7506,34841,34842,2.0,0.0,14.4
7507,34843,15810,2.0,0.0,15.9
7508,34851,36846,2.9,1.433,38.8
7509,34851,41720,4.0,0.0,36.8
7510,34855,35374,2.36,1.073,24.7
7511,34859,20436,1.5,0.5,9.1
7512,34867,25316,1.75,0.214,22.1
7513,34915,19700,3.0,0.0,24.4
7514,34935,13596,1.5,0.5,4.7
7515,34981,34982,2.0,0.0,13.5
7516,34983,34984,2.0,0.0,14.3
7517,34985,2226,2.0,0.0,15.6
7518,34991,34992,2.0,0.0,14.1
7519,34993,2228,1.5,0.5,10.2
7520,34995,35000,2.0,0.0,9.8
7521,34995,34996,2.0,0.0,14.4
7522,34997,34998,2.143,0.143,14.8
7523,34999,13812,1.5,0.3,9.0
7524,35001,35008,2.0,0.0,14.2
7525,35009,35174,2.0,0.0,9.1
7526,35137,35158,2.0,0.0,12.9
7527,35153,13658,2.0,0.0,14.1
7528,35175,35176,2.0,0.0,13.6
7529,35177,35182,2.0,0.0,9.3
7530,35183,13842,1.5,0.5,4.7
7531,35199,35200,2.0,0.0,9.3
7532,35249,28042,4.0,0.0,27.0
7533,35265,39848,4.0,0.0,22.2
7534,35265,17244,7.0,0.0,59.1
7535,35265,27608,7.0,2.0,62.9
7536,35271,28298,2.0,0.0,9.2
7537,35273,12312,2.0,0.0,8.4
7538,35275,32686,3.455,0.273,46.4
7539,35307,21990,2.0,0.0,8.3
7540,35315,4122,3.0,0.0,24.1
7541,35343,35344,1.2,0.2,19.3
7542,35347,35348,2.0,0.0,11.5
7543,35349,674,2.0,0.0,4.8
7544,35363,14002,2.0,0.0,4.7
7545,35367,18744,3.0,0.0,14.6
7546,35377,20446,1.143,0.132,11.0
7547,35379,35412,1.062,0.06,14.3
7548,35381,20438,1.45,0.261,19.7
7549,35403,35404,1.25,0.25,16.3
7550,35407,10802,2.333,0.5,19.8
7551,35411,35374,1.9,0.305,24.7
7552,35415,20442,1.167,0.167,8.2
7553,35431,22950,1.4,0.3,5.6
7554,35435,40214,4.556,0.278,47.6
7555,35439,22928,3.929,1.764,31.7
7556,35441,9938,4.667,5.333,36.9
7557,35441,7246,2.25,0.917,14.8
7558,35443,21576,3.0,0.0,30.8
7559,35449,35446,2.0,0.0,9.0
7560,35461,32488,2.0,0.0,19.0
7561,35467,35468,4.0,0.0,37.1
7562,35469,35470,2.0,0.0,14.5
7563,35473,35474,1.75,0.25,14.3
7564,35475,35476,4.25,0.25,31.0
7565,35477,35478,4.0,0.0,27.8
7566,35479,35480,2.333,0.333,14.5
7567,35481,35482,3.0,0.0,25.1
7568,35483,35484,1.5,0.5,10.4
7569,35489,32390,1.5,0.5,9.2
7570,35517,33806,2.0,0.0,14.3
7571,35521,35516,2.0,0.0,9.1
7572,35531,12016,1.5,0.5,6.0
7573,35531,35536,3.6,2.3,34.1
7574,35531,40216,6.0,0.0,36.1
7575,35571,28654,5.0,0.0,31.6
7576,35571,12626,2.0,0.0,8.4
7577,35577,35578,2.0,0.0,17.7
7578,35579,35580,1.5,0.5,10.7
7579,35583,36296,2.0,0.0,15.0
7580,35587,35588,2.0,0.0,14.2
7581,35597,35590,3.0,0.0,28.5
7582,35603,30594,1.2,0.2,10.6
7583,35609,35490,3.0,0.0,21.4
7584,35617,35618,1.05,0.05,13.7
7585,35621,23514,1.1,0.095,12.4
7586,35629,35630,2.0,0.0,19.2
7587,35635,33716,2.667,0.333,34.4
7588,35635,33728,2.0,0.0,7.4
7589,35643,31022,2.0,0.0,15.0
7590,35653,37228,4.0,2.25,28.2
7591,35653,12782,3.0,0.0,8.5
7592,35657,39182,2.65,1.397,18.6
7593,35661,35662,1.5,0.5,13.8
7594,35663,36400,2.0,0.0,19.3
7595,35679,35680,2.0,0.0,14.9
7596,35681,35660,2.0,0.0,14.1
7597,35691,34442,2.6,0.3,21.2
7598,35693,35654,1.056,0.056,13.4
7599,35697,35698,2.0,0.0,16.2
7600,35699,14182,2.0,0.0,14.9
7601,35701,29162,2.0,0.0,11.2
7602,35703,35704,2.0,0.0,14.6
7603,35705,35706,2.0,0.0,14.6
7604,35707,35708,2.0,0.0,14.8
7605,35711,35636,2.0,0.0,15.9
7606,35713,35714,2.0,0.0,14.5
7607,35715,32180,2.5,0.5,11.8
7608,35729,35730,1.571,0.286,18.5
7609,35733,35734,1.429,0.286,17.6
7610,35735,3892,1.5,0.5,7.9
7611,35741,22936,1.545,0.273,6.7
7612,35747,22958,1.083,0.083,7.6
7613,35775,35776,1.5,0.286,18.4
7614,35785,35786,1.04,0.04,12.2
7615,35787,35788,2.083,7.558,9.2
7616,35789,34852,2.4,0.667,14.8
7617,35793,25828,1.667,0.333,15.4
7618,35795,35796,1.333,0.333,10.4
7619,35799,35800,1.667,0.333,11.2
7620,35801,35576,1.667,0.333,10.6
7621,35803,35804,2.0,0.0,17.9
7622,35809,35810,2.0,0.0,14.4
7623,35837,35838,2.0,0.0,5.0
7624,35839,14338,3.0,0.0,4.7
7625,35845,150,2.333,0.333,8.5
7626,35851,14350,2.0,0.0,4.7
7627,35885,30742,2.0,0.0,11.9
7628,35887,30712,1.5,0.3,17.7
7629,35909,32846,2.4,0.257,22.7
7630,35927,21546,1.5,0.5,7.4
7631,35941,35942,3.5,0.5,14.0
7632,35943,30652,2.0,0.0,7.2
7633,35945,35946,2.0,0.0,10.4
7634,35947,41298,2.0,0.0,10.6
7635,35949,37036,3.75,2.25,33.7
7636,35951,22934,1.667,0.333,16.8
7637,35957,29770,3.0,0.0,22.7
7638,35957,8776,2.0,0.0,16.6
7639,35969,37698,3.727,1.018,29.0
7640,36009,31908,1.667,0.267,11.7
7641,36009,22530,2.0,0.0,17.8
7642,36017,15378,2.5,0.333,24.8
7643,36023,11826,1.182,0.164,13.5
7644,36067,19498,3.0,0.0,18.6
7645,36075,1980,4.0,0.0,14.8
7646,36083,36084,2.0,0.0,15.3
7647,36085,23590,3.5,0.5,23.6
7648,36111,36112,2.0,0.0,10.4
7649,36113,6642,2.0,0.0,13.5
7650,36129,36130,1.818,0.251,23.7
7651,36131,39194,1.409,0.253,15.7
7652,36155,28556,2.0,0.0,14.5
7653,36161,36170,3.0,0.0,13.6
7654,36171,36172,3.0,0.0,13.7
7655,36175,30804,3.0,0.0,17.5
7656,36275,36276,2.0,0.0,14.3
7657,36277,36278,3.0,0.0,14.2
7658,36279,36280,2.5,0.5,14.5
7659,36281,28814,3.0,0.0,16.0
7660,36299,36300,2.0,0.0,14.6
7661,36301,36302,2.0,0.0,14.8
7662,36303,36304,2.0,0.0,10.5
7663,36309,36310,6.0,0.0,14.2
7664,36367,6534,1.5,0.5,7.6
7665,36407,14826,2.0,0.0,4.7
7666,36423,26340,2.5,0.278,10.9
7667,36433,14858,3.0,0.0,14.5
7668,36451,36452,1.476,0.262,19.0
7669,36453,22578,2.048,1.148,19.0
7670,36461,6528,2.0,0.0,9.2
7671,36467,37468,2.0,0.0,13.2
7672,36473,25482,2.0,0.0,16.4
7673,36479,36480,1.5,0.333,16.1
7674,36491,26982,2.0,0.0,14.7
7675,36547,14948,2.0,0.0,4.7
7676,36569,36570,2.0,0.0,17.6
7677,36571,4954,2.0,0.0,17.4
7678,36611,36612,2.0,0.0,15.3
7679,36619,38374,2.0,0.0,15.0
7680,36625,15016,2.0,0.0,4.7
7681,36639,38098,2.0,0.0,12.0
7682,36645,36646,3.0,0.0,14.4
7683,36647,36648,3.0,0.0,14.4
7684,36649,36650,3.0,0.0,14.3
7685,36651,36652,3.0,0.0,14.4
7686,36653,36654,4.0,0.0,14.4
7687,36655,36638,3.0,0.0,14.1
7688,36657,36734,5.0,0.0,18.0
7689,36663,36656,3.0,0.0,13.8
7690,36665,36736,2.0,0.0,9.2
7691,36717,36664,3.0,0.0,13.6
7692,36735,36736,4.0,0.0,14.4
7693,36737,36738,3.5,0.5,15.8
7694,36739,36740,5.0,2.0,19.3
7695,36741,7148,3.0,0.0,22.6
7696,36741,27694,3.0,0.0,17.4
7697,36743,15052,2.0,0.0,10.3
7698,36773,15144,2.0,0.0,9.0
7699,36841,38900,2.048,1.148,14.7
7700,36849,36850,1.737,0.205,26.4
7701,36853,26072,1.842,0.918,26.0
7702,36857,37646,3.375,1.696,27.2
7703,36857,37640,2.0,0.0,11.3
7704,36859,39230,1.862,0.909,13.6
7705,36863,15500,2.0,0.0,10.2
7706,36877,23038,1.125,0.125,13.8
7707,36891,15284,3.0,0.0,16.0
7708,36895,36914,2.0,0.0,9.0
7709,36897,36898,3.0,0.0,14.2
7710,36909,36910,2.0,0.0,9.3
7711,36911,36912,5.0,0.0,22.1
7712,36913,36896,3.0,0.0,14.2
7713,36915,15260,2.0,0.0,9.7
7714,36927,36928,3.0,0.0,14.6
7715,36929,36930,3.0,0.0,14.6
7716,36931,36932,3.0,0.0,13.6
7717,36933,11706,3.0,0.0,13.8
7718,36975,3430,3.0,0.0,21.9
7719,36993,5546,2.0,0.0,16.0
7720,37013,38194,1.25,0.2,9.7
7721,37015,37006,1.036,0.036,13.2
7722,37019,34920,1.05,0.05,11.9
7723,37027,22930,3.429,0.952,27.0
7724,37029,39008,1.455,0.26,17.0
7725,37031,37032,1.222,0.183,16.6
7726,37033,22224,2.389,1.31,18.2
7727,37035,39010,1.167,0.147,17.1
7728,37055,41824,4.0,0.0,28.8
7729,37073,37074,2.0,0.0,9.1
7730,37075,37098,3.0,0.0,14.3
7731,37099,37100,2.5,0.5,14.5
7732,37101,37102,3.0,0.0,14.4
7733,37103,37104,1.333,0.333,6.2
7734,37105,2728,3.333,0.333,13.2
7735,37129,37134,3.0,0.0,10.3
7736,37135,37130,2.0,0.0,9.0
7737,37137,37128,2.0,0.0,10.4
7738,37159,5114,2.0,0.0,9.2
7739,37175,37176,1.25,0.25,13.4
7740,37195,34746,3.0,0.0,23.5
7741,37197,37198,1.364,0.255,6.8
7742,37199,37200,2.667,0.333,13.8
7743,37199,15240,2.857,0.476,14.3
7744,37201,37202,3.0,0.0,15.4
7745,37227,37844,1.2,0.178,11.6
7746,37229,37230,1.875,0.696,9.9
7747,37231,37232,1.222,0.194,14.0
7748,37237,32998,2.444,1.528,19.5
7749,37241,11240,2.0,0.0,14.4
7750,37309,37310,1.333,0.267,9.7
7751,37311,37312,1.5,0.3,9.5
7752,37313,37314,1.4,0.3,10.0
7753,37315,21816,1.667,0.333,13.4
7754,37317,35608,1.5,0.5,13.0
7755,37355,37366,3.0,0.0,14.6
7756,37421,37422,1.8,0.2,13.1
7757,37429,37430,1.579,0.257,12.7
7758,37431,21890,1.8,0.2,19.6
7759,37465,40320,3.5,0.333,17.2
7760,37465,39148,2.25,0.25,33.8
7761,37469,25454,3.0,0.0,21.5
7762,37471,31526,1.692,0.231,20.1
7763,37487,39218,3.0,0.0,16.1
7764,37567,37574,2.667,0.333,14.2
7765,37569,37570,3.0,0.0,14.9
7766,37571,37572,4.0,0.0,19.0
7767,37575,37576,3.0,0.0,14.5
7768,37577,37578,2.0,0.0,14.5
7769,37577,15840,1.5,0.5,4.7
7770,37579,15842,2.0,0.0,4.7
7771,37585,37586,3.0,0.0,14.5
7772,37587,37588,3.0,0.0,14.8
7773,37589,37568,3.0,0.0,14.8
7774,37607,30168,2.0,0.0,15.6
7775,37609,37610,2.0,0.0,14.2
7776,37611,37612,2.0,0.0,14.6
7777,37613,37614,2.0,0.0,13.6
7778,37615,37616,2.0,0.0,15.5
7779,37617,37618,6.0,0.0,40.3
7780,37619,37606,4.0,0.0,25.1
7781,37635,39040,2.828,1.005,23.8
7782,37639,35472,1.5,0.333,11.5
7783,37645,32686,5.0,1.333,47.7
7784,37649,37650,1.375,0.268,5.9
7785,37651,37652,1.375,0.268,9.4
7786,37653,37654,1.857,0.476,15.3
7787,37659,37648,2.0,0.286,12.5
7788,37679,37680,1.312,0.229,16.0
7789,37681,37682,1.875,0.117,21.9
7790,37683,37684,1.062,0.062,9.9
7791,37685,39244,2.062,1.129,14.0
7792,37695,32996,4.48,1.427,38.7
7793,37695,37712,3.75,2.917,16.0
7794,37699,37700,1.364,0.255,18.8
7795,37709,39172,2.2,1.067,18.8
7796,37713,32564,1.733,0.21,21.1
7797,37733,32906,3.5,0.5,17.3
7798,37743,38834,3.8,2.7,33.6
7799,37745,32804,2.0,0.0,14.8
7800,37799,11024,3.0,0.0,14.9
7801,37805,16026,2.0,0.0,4.7
7802,37825,15832,3.0,0.0,14.2
7803,37843,5646,4.5,0.5,22.9
7804,37845,39406,2.636,1.455,20.1
7805,37847,37712,4.364,1.855,36.6
7806,37847,37226,4.0,0.0,15.8
7807,37849,35976,1.286,0.374,14.2
7808,37857,37858,1.056,0.056,19.9
7809,37863,32732,1.889,0.222,13.2
7810,37867,37692,1.375,0.554,11.8
7811,37999,5840,2.0,0.0,9.0
7812,38007,38008,2.0,0.0,14.1
7813,38013,25426,2.0,0.0,16.0
7814,38021,38794,1.5,0.333,18.9
7815,38027,38802,1.5,0.333,15.7
7816,38029,38030,1.667,0.333,14.3
7817,38039,16228,1.5,0.5,16.0
7818,38065,38066,6.0,0.0,14.4
7819,38095,23728,1.333,0.333,17.5
7820,38099,38100,2.333,0.333,29.2
7821,38163,38164,2.0,0.0,19.8
7822,38169,25420,2.0,0.0,7.6
7823,38195,26678,1.25,0.205,10.4
7824,38201,14470,4.5,0.571,26.4
7825,38215,38216,2.0,0.0,14.4
7826,38219,32476,2.111,0.111,15.3
7827,38231,38232,1.667,0.333,12.0
7828,38235,4340,3.0,0.0,23.0
7829,38271,12038,3.0,0.0,33.6
7830,38297,15606,1.5,0.5,10.1
7831,38365,15752,2.15,0.134,22.5
7832,38381,38382,2.0,0.0,19.6
7833,38389,23796,1.182,0.156,16.2
7834,38393,32596,2.0,0.0,8.9
7835,38395,16536,3.0,0.0,14.8
7836,38415,38416,4.0,0.0,14.5
7837,38417,39200,3.0,0.0,13.7
7838,38425,27554,2.0,0.0,9.9
7839,38427,5200,2.0,0.0,7.6
7840,38433,26958,3.0,0.0,12.1
7841,38433,23098,3.4,0.8,23.3
7842,38491,23554,3.0,0.0,13.0
7843,38491,2148,2.5,0.5,26.9
7844,38539,16674,2.0,0.0,4.7
7845,38541,11552,3.0,0.0,13.2
7846,38541,33286,7.25,2.25,78.4
7847,38541,33284,4.0,0.0,29.3
7848,38543,28702,1.143,0.143,9.7
7849,38543,29960,1.125,0.117,16.4
7850,38545,33284,2.0,1.091,12.1
7851,38545,40188,5.0,0.0,73.4
7852,38545,28742,5.0,0.0,40.8
7853,38561,38562,2.0,0.0,15.2
7854,38565,38566,2.0,0.0,14.5
7855,38611,38700,5.5,4.5,56.7
7856,38701,38624,3.0,0.0,12.8
7857,38701,19888,5.0,0.0,36.0
7858,38709,38700,6.0,0.0,50.7
7859,38761,12692,2.0,0.0,8.2
7860,38799,16218,1.375,0.268,18.3
7861,38801,38806,3.25,0.5,17.6
7862,38811,38806,1.667,0.333,9.1
7863,38813,38028,1.333,0.333,9.1
7864,38825,16916,1.5,0.5,4.7
7865,38895,41892,1.333,0.333,19.4
7866,38895,40434,1.455,0.273,19.5
7867,38899,5054,1.76,0.773,16.6
7868,38901,38904,1.053,0.053,13.0
7869,38903,37692,3.0,1.0,29.1
7870,38905,38906,1.05,0.05,13.0
7871,38909,38910,3.0,0.3,40.9
7872,38911,23036,2.143,0.129,28.6
7873,38927,38928,1.333,0.333,7.9
7874,38929,38930,2.0,0.0,12.0
7875,38931,27794,2.0,0.0,14.0
7876,38949,32544,2.4,0.489,12.2
7877,38965,11618,3.0,0.0,28.7
7878,38973,29322,3.0,0.0,23.3
7879,38977,38962,2.0,0.0,17.7
7880,38999,39000,1.5,0.286,20.3
7881,39001,21504,1.5,0.286,20.4
7882,39005,26984,5.0,0.0,28.3
7883,39005,32774,3.571,3.286,43.9
7884,39023,39024,2.0,0.0,13.7
7885,39041,32302,1.059,0.057,13.2
7886,39105,17148,2.0,0.0,8.6
7887,39127,36560,2.0,0.0,15.7
7888,39155,39156,1.833,0.152,22.3
7889,39157,18026,3.0,0.0,15.9
7890,39157,40218,4.091,2.091,35.1
7891,39159,17176,1.5,0.3,13.1
7892,39163,4686,2.0,0.0,8.3
7893,39169,39162,4.0,0.0,14.2
7894,39185,36450,1.667,0.233,19.6
7895,39201,2170,3.0,0.0,21.0
7896,39207,38038,3.0,2.0,27.1
7897,39213,25980,2.0,0.0,14.4
7898,39221,26330,2.0,0.0,14.0
7899,39231,39232,1.233,0.185,13.9
7900,39233,39234,1.533,0.257,19.7
7901,39243,31796,5.345,1.448,49.7
7902,39243,11502,6.0,0.0,30.2
7903,39245,35528,1.857,0.143,22.3
7904,39245,31064,1.444,0.278,22.1
7905,39249,4884,2.0,0.0,22.4
7906,39251,39252,2.75,0.917,14.1
7907,39255,39256,1.111,0.111,13.4
7908,39263,37210,7.167,0.567,63.9
7909,39263,13916,1.5,0.5,5.8
7910,39271,20444,1.583,0.265,19.7
7911,39273,39274,2.0,0.0,12.4
7912,39275,31866,3.0,0.0,12.5
7913,39277,28546,5.0,0.0,30.9
7914,39277,7948,3.0,2.0,17.0
7915,39281,3752,3.0,0.0,14.2
7916,39283,24304,3.0,0.0,15.3
7917,39287,41522,3.25,3.643,34.1
7918,39289,25932,3.357,1.94,24.3
7919,39295,39296,3.0,0.0,15.0
7920,39297,24386,2.0,0.0,10.4
7921,39327,39338,2.25,0.917,16.7
7922,39331,39340,3.857,0.81,22.1
7923,39339,12294,4.0,0.667,15.2
7924,39349,37178,3.0,0.0,22.9
7925,39367,21952,2.0,0.0,7.2
7926,39369,17290,3.167,0.167,24.6
7927,39369,12294,6.0,0.0,33.2
7928,39369,38932,3.5,0.5,20.6
7929,39403,37694,1.857,7.979,11.1
7930,39415,16678,2.0,0.0,7.8
7931,39425,5980,2.133,0.124,14.6
7932,39427,16390,5.0,0.0,48.8
7933,39453,40016,1.087,0.083,13.0
7934,39463,39470,1.167,0.167,4.7
7935,39469,26960,3.0,0.1,32.1
7936,39471,21330,2.667,0.267,23.7
7937,39473,1616,2.182,0.164,31.5
7938,39473,23112,3.0,0.0,18.3
7939,39545,7598,4.5,0.5,21.1
7940,39615,39616,3.0,0.0,14.4
7941,39649,33508,2.5,0.5,14.3
7942,39651,39646,4.0,0.0,14.7
7943,39725,17620,3.0,0.0,14.4
7944,39751,3860,1.5,0.5,9.0
7945,39825,10152,3.0,0.0,17.1
7946,39839,39840,4.0,0.0,14.7
7947,39851,39856,2.0,0.0,9.3
7948,39877,17770,1.5,0.5,4.7
7949,39985,17866,2.0,0.0,4.7
7950,39997,33322,3.75,2.25,30.6
7951,39997,26668,4.0,0.0,15.7
7952,40015,40010,1.143,0.143,9.3
7953,40017,20278,1.125,0.125,7.7
7954,40029,32322,1.048,0.048,22.9
7955,40055,40056,4.0,0.0,14.7
7956,40057,40058,3.0,0.0,15.4
7957,40059,8778,2.0,0.0,11.4
7958,40065,17910,2.0,0.0,4.7
7959,40073,23534,2.5,0.5,13.1
7960,40083,17922,2.0,0.0,9.0
7961,40149,32536,3.0,0.0,16.9
7962,40179,25862,6.0,2.0,60.2
7963,40181,29930,2.0,0.0,6.6
7964,40181,32712,3.625,1.717,31.5
7965,40183,38542,4.0,0.0,19.2
7966,40187,33652,2.0,0.0,17.8
7967,40193,40218,2.0,0.0,6.3
7968,40193,36088,5.0,0.0,28.7
7969,40199,26102,1.5,0.5,7.3
7970,40201,21556,4.0,0.0,16.4
7971,40201,17970,2.5,0.5,17.1
7972,40211,40212,1.2,0.178,14.6
7973,40213,40200,4.667,1.867,38.2
7974,40213,40198,5.0,0.0,31.3
7975,40215,20832,1.778,0.194,24.6
7976,40217,25940,1.667,0.333,24.5
7977,40219,7720,1.5,0.5,8.8
7978,40219,33928,1.333,0.242,18.1
7979,40223,40438,1.2,0.2,8.1
7980,40223,40436,2.9,1.042,30.1
7981,40237,18064,2.0,0.0,4.7
7982,40435,40442,5.0,1.5,42.0
7983,40435,40440,4.333,0.267,16.1
7984,40437,37632,1.462,0.258,18.0
7985,40439,24130,1.312,0.229,17.9
7986,40441,40220,2.55,1.103,28.6
7987,40441,23802,3.5,0.333,36.4
7988,40457,39250,1.5,0.333,22.0
7989,40599,37160,2.0,0.0,9.1
7990,40635,18444,2.0,0.0,4.7
7991,40649,40650,2.0,0.0,14.4
7992,40651,1250,3.0,0.0,13.8
7993,40669,40680,3.136,1.266,25.8
7994,40671,40684,3.0,0.0,26.1
7995,40677,40678,2.955,1.474,20.9
7996,40683,18488,3.773,0.374,47.9
7997,40693,40694,2.0,0.0,12.2
7998,40695,40696,2.0,0.0,14.1
7999,40701,18506,2.0,0.0,8.2
8000,40733,18536,2.0,0.0,4.7
8001,40773,18576,2.0,0.0,4.7
8002,40793,40794,1.095,0.09,14.2
8003,40795,40684,2.286,0.414,27.7
8004,40797,36840,1.25,0.25,5.0
8005,40797,21832,3.438,0.796,18.0
8006,40803,36840,2.0,0.0,9.8
8007,40841,40842,2.25,0.25,25.4
8008,40845,19034,2.0,0.0,17.0
8009,40845,40846,2.0,0.0,25.4
8010,40851,18634,1.091,0.091,4.7
8011,40861,40862,4.0,0.0,14.4
8012,40863,40864,4.0,0.0,14.4
8013,40925,18708,2.0,0.0,4.7
8014,41017,41018,2.0,0.0,10.6
8015,41025,41026,2.0,0.0,13.7
8016,41027,41028,3.0,0.0,13.8
8017,41029,41030,2.0,0.0,14.4
8018,41031,41016,3.0,0.0,12.7
8019,41055,18838,2.0,0.0,4.7
8020,41067,41068,3.0,0.0,13.8
8021,41137,41140,4.0,0.0,14.2
8022,41139,41140,2.0,0.0,14.3
8023,41141,41278,3.0,0.0,17.2
8024,41229,41230,1.5,0.5,10.2
8025,41231,41232,2.0,0.0,13.6
8026,41233,41234,1.5,0.5,14.3
8027,41235,41236,1.5,0.5,11.0
8028,41237,41238,2.0,0.0,11.2
8029,41239,41240,2.0,0.0,12.9
8030,41241,40842,3.0,0.0,32.1
8031,41251,570,2.0,0.0,9.5
8032,41269,32132,2.0,0.0,14.5
8033,41275,41136,3.0,0.0,13.9
8034,41279,41280,2.0,0.0,17.7
8035,41299,21260,3.0,0.0,19.1
8036,41333,41334,2.0,0.0,9.0
8037,41335,19096,3.0,0.0,14.3
8038,41343,19124,2.0,0.0,4.7
8039,41355,41356,2.0,0.0,7.7
8040,41357,17870,2.0,0.0,14.8
8041,41383,41384,3.0,0.0,15.2
8042,41385,4120,3.0,0.0,19.8
8043,41431,32130,1.667,0.333,9.1
8044,41449,41450,3.0,0.0,11.3
8045,41451,41456,3.0,0.0,11.4
8046,41455,12558,1.429,0.286,7.5
8047,41457,19196,2.0,0.0,6.1
8048,41525,41824,1.7,0.233,28.2
8049,41545,19702,1.167,0.152,21.2
8050,41555,19310,3.0,0.0,15.3
8051,41567,41574,3.0,0.0,13.2
8052,41573,41554,3.0,0.0,14.2
8053,41575,19330,4.0,0.0,16.2
8054,41589,112,3.0,0.0,21.5
8055,41601,41602,5.0,0.0,23.2
8056,41603,41604,3.0,0.0,14.4
8057,41605,9742,2.0,0.0,14.8
8058,41645,34572,3.0,0.0,28.0
8059,41661,8982,2.0,0.0,9.0
8060,41699,41700,1.231,0.192,13.8
8061,41709,41710,2.0,0.0,24.7
8062,41711,41712,1.667,0.242,22.5
8063,41715,41696,1.385,0.256,13.6
8064,41731,34104,1.5,0.3,7.8
8065,41751,41752,4.0,0.0,18.6
8066,41753,1988,3.0,0.0,15.2
8067,41761,36074,9.0,0.0,41.7
8068,41805,24386,2.111,0.111,15.2
8069,41827,41522,5.0,0.0,33.9
8070,41837,38896,2.0,0.0,11.5
8071,41841,19556,1.2,0.2,13.4
8072,41849,37466,2.667,1.333,18.7
8073,41851,12396,2.0,2.0,12.2
8074,41853,37674,5.867,2.267,44.6
8075,41855,35788,2.0,0.0,11.6
8076,41857,4884,3.579,1.035,23.9
8077,41859,23838,4.0,1.0,29.3
8078,41861,19562,2.0,0.0,4.7
8079,41863,9998,4.5,0.944,33.0
8080,41865,41862,1.3,0.233,14.8
8081,41875,41876,1.267,0.202,16.0
8082,41879,10166,3.0,0.0,21.8
8083,41891,40438,5.111,0.611,35.6
8084,41893,37632,2.0,0.0,17.1
8085,41895,37700,2.0,0.0,19.0
8086,41897,5434,2.6,0.3,22.1
8087,41907,38998,2.5,1.667,10.5
8088,41909,38798,1.25,0.214,11.8
8089,41937,27592,1.308,0.231,12.2
8090,41939,25370,1.7,0.456,14.5
8091,41943,11148,2.0,0.0,13.7
8092,41943,22634,2.0,0.0,18.1
8093,41949,32038,4.375,0.839,31.8
