,from_node,to_node,edge_tt,edge_var,distance
0,6,7,7.0,0.0,3.01
1,14,15,4.077,0.41,50.99
2,16,17,8.308,0.731,101.05
3,42,43,5.727,0.818,42.99
4,44,45,3.111,0.111,18.6
5,56,57,3.0,0.0,11.5
6,66,67,20.0,0.0,94.31
7,94,95,12.4,180.3,13.91
8,98,99,8.742,0.931,128.51
9,100,101,10.0,0.0,68.52
10,104,105,1.091,0.087,22.63
11,108,109,17.957,195.134,30.71
12,110,111,15.118,111.485,100.46
13,112,113,5.0,0.25,62.66
14,114,115,20.333,619.867,40.52
15,116,117,1.5,0.5,9.82
16,118,119,1.75,0.25,19.0
17,120,121,2.75,0.25,21.47
18,122,123,4.5,0.333,58.42
19,124,125,2.5,0.333,31.48
20,126,127,4.5,0.333,54.49
21,138,139,9.0,0.0,68.83
22,142,143,6.0,0.0,36.62
23,144,145,11.5,4.5,144.65
24,146,147,9.0,3.0,115.78
25,160,161,4.5,0.571,80.97
26,162,163,13.714,1.238,250.33
27,176,177,10.0,0.0,71.63
28,196,197,1.5,0.5,9.98
29,200,201,7.5,0.5,159.67
30,204,205,6.5,0.5,45.69
31,206,207,15.882,57.36,56.26
32,224,225,6.0,0.0,36.69
33,228,229,4.0,0.0,21.62
34,230,231,1.5,0.5,6.4
35,264,265,12.429,290.286,6.31
36,292,293,4.0,0.0,26.21
37,294,295,8.0,0.0,68.01
38,296,297,11.0,0.0,123.9
39,302,303,2.0,0.0,19.16
40,304,305,2.0,0.0,20.18
41,306,307,5.0,0.0,36.83
42,332,333,10.526,3.575,133.91
43,360,361,3.0,0.0,41.81
44,362,363,1.5,0.5,21.87
45,380,381,2.0,0.0,13.05
46,392,393,3.0,0.0,12.57
47,396,397,6.0,0.0,12.03
48,402,403,13.0,8.0,170.52
49,404,405,21.5,12.5,281.09
50,406,407,33.0,50.0,416.58
51,408,409,14.0,0.0,182.01
52,412,413,6.0,0.0,23.27
53,432,433,10.6,0.8,124.22
54,494,495,4.0,0.0,54.03
55,496,497,2.5,0.5,48.35
56,498,499,6.5,0.5,126.35
57,500,501,2.0,2.0,20.69
58,502,503,5.0,0.0,60.86
59,542,543,13.0,0.0,61.67
60,548,549,25.0,0.0,146.71
61,566,567,5.0,0.0,40.12
62,568,569,15.5,0.5,111.17
63,570,571,21.0,0.0,95.94
64,572,573,19.0,0.0,92.3
65,592,593,7.5,0.635,157.69
66,594,595,6.75,81.643,14.03
67,596,597,11.5,361.714,43.68
68,622,623,12.0,0.0,56.67
69,628,629,50.115,1916.266,85.11
70,630,631,8.111,183.861,10.81
71,632,633,5.0,64.0,3.75
72,634,635,37.5,84.5,196.59
73,638,639,140.0,0.0,689.29
74,640,641,21.0,0.0,117.06
75,644,645,23.0,0.0,114.83
76,648,649,37.0,18.0,180.04
77,656,657,32.0,0.0,102.28
78,660,661,4.0,0.0,17.58
79,664,665,10.0,0.0,50.36
80,666,667,7.581,0.918,110.74
81,680,681,13.0,0.0,69.2
82,716,717,48.0,0.0,227.01
83,720,721,2.0,0.0,12.01
84,726,727,52.25,122.917,252.87
85,728,729,18.2,13.2,85.98
86,736,737,33.0,0.0,156.67
87,738,739,7.389,1.31,99.76
88,740,741,2.0,0.0,25.29
89,742,743,27.0,423.333,39.07
90,748,749,17.758,24.252,186.97
91,750,751,5.303,0.468,62.58
92,870,871,9.0,4.0,67.04
93,872,873,3.0,0.0,22.1
94,874,875,2.0,0.0,9.37
95,876,877,9.0,0.0,69.18
96,880,881,6.194,26.675,47.81
97,908,909,2.0,0.0,9.06
98,912,913,5.0,1.0,25.08
99,914,915,6.75,0.917,32.21
100,916,917,2.5,0.333,11.34
101,918,919,1.25,0.214,6.09
102,962,963,10.0,0.0,49.67
103,1020,1021,26.0,0.0,110.47
104,1022,1023,2.0,0.0,10.91
105,1044,1045,6.0,32.0,7.49
106,1046,1047,2.333,2.333,8.13
107,1048,1049,1.32,0.227,17.09
108,1050,1051,3.56,33.507,17.3
109,1052,1053,2.917,0.514,35.82
110,1054,1055,9.806,199.161,29.69
111,1056,1057,8.867,176.74,22.2
112,1104,1105,2.667,8.333,3.45
113,1114,1115,2.0,0.0,5.16
114,1180,1181,4.0,0.0,18.39
115,1188,1189,16.0,0.0,66.8
116,1204,1205,38.0,0.0,75.27
117,1210,1211,5.0,0.0,45.15
118,1212,1213,9.0,0.0,75.46
119,1214,1215,9.5,4.5,69.67
120,1216,1217,3.889,0.928,50.47
121,1218,1219,4.706,35.971,29.15
122,1220,1221,2.5,0.265,31.44
123,1222,1223,5.5,0.382,65.62
124,1224,1225,3.111,0.105,39.29
125,1238,1239,90.0,13.0,83.74
126,1240,1241,82.667,149.333,162.24
127,1254,1255,25.0,0.0,118.28
128,1292,1293,4.0,0.0,18.74
129,1294,1295,9.0,0.0,33.71
130,1312,1313,2.0,0.0,11.86
131,1316,1317,4.0,0.0,19.07
132,1318,1319,3.0,0.0,12.65
133,1322,1323,4.333,0.333,21.62
134,1332,1333,6.0,0.0,24.86
135,1338,1339,2.0,0.0,8.75
136,1340,1341,21.0,0.0,94.12
137,1352,1353,20.0,0.0,260.94
138,1356,1357,5.0,0.0,30.44
139,1358,1359,2.0,0.0,11.65
140,1406,1407,14.0,0.0,74.72
141,1408,1409,3.0,0.0,13.65
142,1410,1411,2.5,0.5,14.16
143,1416,1417,4.0,0.0,32.93
144,1420,1421,12.0,0.0,96.84
145,1422,1423,7.0,2.0,56.78
146,1424,1425,3.25,0.25,25.73
147,1428,1429,17.625,5.05,216.65
148,1430,1431,13.25,2.333,139.44
149,1432,1433,5.938,0.462,70.26
150,1434,1435,5.125,0.517,61.02
151,1436,1437,6.722,35.406,61.49
152,1438,1439,4.833,0.714,51.93
153,1440,1441,4.486,3.646,45.48
154,1444,1445,1.459,0.255,16.04
155,1458,1459,16.0,0.0,39.29
156,1470,1471,3.0,0.0,28.5
157,1500,1501,10.667,23.238,154.58
158,1502,1503,2.0,0.143,50.04
159,1512,1513,2.0,0.0,8.57
160,1526,1527,1.955,0.141,25.81
161,1528,1529,1.6,0.25,15.45
162,1556,1557,5.0,0.0,27.75
163,1576,1577,13.5,0.5,66.29
164,1578,1579,3.0,0.0,12.57
165,1586,1587,2.333,0.333,14.24
166,1588,1589,3.667,0.333,44.45
167,1590,1591,3.0,0.0,43.15
168,1592,1593,7.0,0.0,87.25
169,1598,1599,1.062,0.062,2.88
170,1600,1601,15.5,720.323,54.16
171,1602,1603,10.909,90.96,104.49
172,1604,1605,1.062,0.062,7.84
173,1606,1607,8.091,1.134,96.18
174,1608,1609,7.545,1.212,90.09
175,1610,1611,6.429,1.157,76.59
176,1616,1617,7.038,0.598,89.18
177,1620,1621,1.81,0.562,21.93
178,1622,1623,6.0,0.0,30.04
179,1638,1639,188.0,0.0,1016.73
180,1642,1643,36.0,0.0,201.51
181,1644,1645,48.0,0.0,268.29
182,1646,1647,2.381,2.048,18.51
183,1648,1649,12.238,2.69,145.56
184,1650,1651,6.5,1.5,81.08
185,1656,1657,2.0,0.0,17.18
186,1658,1659,2.0,0.0,24.53
187,1662,1663,11.5,4.5,121.31
188,1664,1665,8.333,2.333,85.38
189,1666,1667,36.0,0.0,7.52
190,1668,1669,6.0,0.0,34.72
191,1670,1671,8.0,0.0,50.69
192,1690,1691,1.484,3.925,9.23
193,1694,1695,3.021,0.804,54.28
194,1704,1705,16.167,521.767,16.48
195,1706,1707,13.0,359.667,14.72
196,1708,1709,20.0,0.0,97.69
197,1738,1739,6.0,0.0,40.48
198,1804,1805,4.0,0.0,23.41
199,1812,1813,13.0,0.0,76.45
200,1834,1835,11.0,0.0,83.29
201,1836,1837,5.0,0.0,38.07
202,1868,1869,7.0,0.0,51.06
203,1870,1871,3.0,0.0,22.69
204,1872,1873,5.0,0.0,35.81
205,1888,1889,7.0,0.0,53.57
206,1890,1891,5.5,0.5,62.0
207,1920,1921,7.333,2.333,80.37
208,1922,1923,5.0,1.0,67.0
209,1938,1939,8.333,0.333,102.05
210,1940,1941,10.5,0.5,131.49
211,1942,1943,4.0,0.0,43.62
212,1944,1945,1.5,0.5,20.15
213,1978,1979,3.0,0.0,13.7
214,1988,1989,4.0,0.0,15.48
215,1996,1997,15.0,0.0,69.89
216,1998,1999,11.0,0.0,46.74
217,2000,2001,4.0,0.0,23.08
218,2010,2011,7.545,0.273,95.45
219,2012,2013,10.636,0.855,138.42
220,2016,2017,8.5,0.286,97.1
221,2018,2019,3.75,0.214,45.29
222,2020,2021,1.625,0.268,18.69
223,2022,2023,5.25,0.214,71.13
224,2024,2025,1.875,0.125,23.9
225,2032,2033,9.0,0.0,68.41
226,2040,2041,6.0,0.0,38.78
227,2042,2043,6.0,0.0,36.67
228,2044,2045,2.0,0.0,10.77
229,2046,2047,3.0,0.0,15.25
230,2048,2049,2.0,0.0,15.6
231,2050,2051,4.0,0.0,22.5
232,2052,2053,3.5,0.5,22.3
233,2060,2061,4.0,0.667,9.38
234,2062,2063,13.0,13.0,31.6
235,2064,2065,12.5,3.0,26.51
236,2068,2069,4.0,0.0,20.08
237,2070,2071,4.0,0.0,28.16
238,2072,2073,3.0,0.0,18.89
239,2074,2075,4.0,0.0,27.67
240,2076,2077,2.0,0.0,17.72
241,2078,2079,3.0,0.0,25.65
242,2086,2087,19.947,423.053,27.41
243,2088,2089,10.4,155.832,28.15
244,2090,2091,13.048,564.148,40.76
245,2092,2093,11.524,376.362,33.11
246,2094,2095,2.0,0.0,15.16
247,2098,2099,24.0,0.0,59.22
248,2116,2117,16.0,0.0,133.07
249,2118,2119,2.0,0.0,16.83
250,2120,2121,5.0,0.0,31.18
251,2122,2123,2.333,0.333,11.92
252,2124,2125,2.0,0.0,13.32
253,2126,2127,9.5,0.5,70.98
254,2130,2131,2.667,0.333,15.04
255,2142,2143,14.0,0.0,181.3
256,2148,2149,3.643,0.401,46.21
257,2150,2151,19.4,121.8,92.59
258,2158,2159,2.0,0.0,21.71
259,2162,2163,2.333,0.333,31.1
260,2164,2165,2.25,0.25,27.68
261,2168,2169,2.5,0.5,29.55
262,2170,2171,5.5,0.5,65.18
263,2172,2173,1.75,0.25,21.11
264,2174,2175,2.0,0.0,22.19
265,2176,2177,1.25,0.25,14.56
266,2178,2179,6.6,0.3,76.27
267,2180,2181,6.333,1.867,81.11
268,2182,2183,6.25,1.357,74.04
269,2184,2185,11.857,2.81,145.3
270,2188,2189,4.714,0.571,53.01
271,2190,2191,5.429,19.275,48.33
272,2192,2193,3.571,25.226,19.48
273,2196,2197,5.143,16.613,50.72
274,2202,2203,2.75,0.25,26.36
275,2204,2205,8.0,0.0,116.77
276,2218,2219,4.0,0.0,68.34
277,2220,2221,3.0,0.0,43.48
278,2222,2223,3.0,0.0,46.99
279,2224,2225,5.0,0.0,68.07
280,2258,2259,4.0,0.0,18.22
281,2270,2271,14.0,0.0,108.74
282,2272,2273,10.0,0.0,65.56
283,2274,2275,43.0,872.0,46.82
284,2276,2277,4.75,0.25,36.92
285,2286,2287,16.0,0.0,122.69
286,2288,2289,19.0,0.0,44.88
287,2290,2291,3.0,0.0,27.81
288,2292,2293,6.0,0.0,48.2
289,2300,2301,5.0,0.0,36.5
290,2304,2305,3.0,0.0,21.8
291,2306,2307,9.0,0.0,62.71
292,2308,2309,2.0,0.0,13.85
293,2326,2327,6.737,0.538,106.64
294,2366,2367,21.667,569.333,41.32
295,2368,2369,5.0,0.0,71.95
296,2370,2371,7.0,0.0,91.9
297,2372,2373,11.667,0.333,159.06
298,2374,2375,4.667,0.333,61.75
299,2376,2377,4.0,0.0,51.09
300,2378,2379,9.667,0.333,133.02
301,2380,2381,15.667,0.333,209.65
302,2382,2383,2.0,0.0,30.62
303,2384,2385,21.25,6.25,166.04
304,2386,2387,13.0,0.0,84.93
305,2388,2389,26.0,0.0,177.71
306,2390,2391,12.0,0.0,84.61
307,2392,2393,8.697,12.218,101.2
308,2394,2395,2.545,0.256,36.53
309,2396,2397,19.174,2.902,270.15
310,2408,2409,18.0,0.0,5.06
311,2428,2429,16.0,0.0,68.45
312,2430,2431,7.0,0.0,41.23
313,2434,2435,17.0,0.0,119.13
314,2466,2467,16.778,0.694,197.5
315,2468,2469,2.0,0.0,27.78
316,2470,2471,21.111,2.861,270.5
317,2472,2473,2.556,0.528,26.27
318,2474,2475,25.0,0.0,12.55
319,2484,2485,3.0,0.0,21.69
320,2492,2493,14.0,0.0,115.63
321,2496,2497,8.8,0.7,60.69
322,2498,2499,8.6,0.8,59.32
323,2500,2501,4.333,0.267,33.17
324,2510,2511,2.0,0.0,11.32
325,2516,2517,23.0,0.0,126.59
326,2526,2527,26.0,0.0,128.01
327,2558,2559,3.636,1.004,36.94
328,2560,2561,6.045,0.522,74.12
329,2578,2579,4.0,0.0,44.76
330,2582,2583,5.0,0.0,59.63
331,2586,2587,3.0,0.0,19.02
332,2598,2599,23.0,710.667,43.87
333,2600,2601,16.333,2.333,121.56
334,2614,2615,25.0,13.0,134.84
335,2616,2617,54.0,0.0,298.75
336,2618,2619,10.143,1.81,47.63
337,2620,2621,5.5,0.5,30.74
338,2642,2643,5.333,1.333,28.47
339,2652,2653,6.0,12.0,17.27
340,2664,2665,3.913,4.719,35.7
341,2666,2667,9.522,2.261,114.09
342,2668,2669,1.217,0.178,14.3
343,2676,2677,21.0,18.0,133.12
344,2678,2679,6.5,0.5,43.36
345,2680,2681,2.5,0.5,18.95
346,2682,2683,2.5,0.5,14.41
347,2684,2685,8.5,4.5,51.37
348,2728,2729,5.0,0.0,23.57
349,2752,2753,8.0,0.0,52.44
350,2754,2755,4.0,0.0,25.64
351,2758,2759,15.0,0.0,132.68
352,2760,2761,2.0,0.0,13.28
353,2762,2763,26.0,0.0,82.0
354,2778,2779,14.0,0.0,101.23
355,2814,2815,150.0,0.0,75.96
356,2816,2817,11.0,0.0,103.14
357,2818,2819,7.333,0.333,53.52
358,2820,2821,4.667,0.333,36.9
359,2826,2827,5.579,83.146,39.6
360,2828,2829,16.579,3.48,207.1
361,2830,2831,5.7,0.747,65.61
362,2844,2845,10.1,0.322,193.83
363,2846,2847,1.3,0.456,4.11
364,2848,2849,25.593,15.328,337.38
365,2850,2851,7.875,0.783,113.8
366,2852,2853,10.188,1.896,149.02
367,2854,2855,8.25,1.133,125.42
368,2856,2857,1.625,0.25,27.18
369,2858,2859,6.438,0.529,91.37
370,2878,2879,2.0,0.0,9.57
371,2880,2881,2.0,0.0,8.4
372,2882,2883,2.0,0.0,10.49
373,2888,2889,2.333,0.333,8.87
374,2904,2905,3.5,0.5,41.92
375,2906,2907,7.0,0.0,58.86
376,2910,2911,1.5,0.5,9.76
377,2912,2913,5.75,0.25,63.02
378,2920,2921,2.125,0.125,22.85
379,2934,2935,28.067,217.067,45.7
380,2936,2937,7.0,0.0,47.48
381,2940,2941,11.0,0.0,88.06
382,2942,2943,10.0,0.0,81.9
383,2944,2945,5.0,0.0,38.73
384,2946,2947,2.0,0.0,10.1
385,2950,2951,8.0,2.5,97.28
386,2952,2953,3.429,1.619,42.34
387,2954,2955,2.286,0.238,27.31
388,2958,2959,13.368,17.246,128.76
389,2960,2961,12.789,139.287,70.55
390,2962,2963,2.211,0.398,21.81
391,2964,2965,5.692,0.397,69.78
392,2972,2973,24.0,0.0,15.63
393,2974,2975,5.0,0.0,24.24
394,2976,2977,2.0,0.0,10.78
395,2978,2979,4.0,0.0,19.55
396,2988,2989,3.765,6.066,36.08
397,2990,2991,2.167,0.147,25.22
398,2992,2993,2.222,0.301,25.16
399,2994,2995,7.722,1.271,95.43
400,3156,3157,6.0,0.0,27.44
401,3196,3197,25.0,0.0,123.53
402,3246,3247,11.0,0.0,47.36
403,3288,3289,5.0,0.0,23.93
404,3326,3327,3.0,0.0,19.1
405,3344,3345,2.0,0.0,23.34
406,3346,3347,1.5,0.5,14.7
407,3350,3351,3.2,0.2,23.44
408,3352,3353,11.2,0.7,88.46
409,3354,3355,1.273,0.202,14.2
410,3362,3363,7.0,0.0,29.98
411,3366,3367,7.48,2.677,90.4
412,3368,3369,29.24,8.773,340.74
413,3386,3387,55.0,0.0,341.18
414,3396,3397,1.917,0.629,14.72
415,3428,3429,4.0,0.0,26.22
416,3434,3435,3.75,0.25,22.33
417,3436,3437,2.5,0.333,16.74
418,3438,3439,3.0,0.0,15.64
419,3440,3441,17.0,0.0,91.7
420,3442,3443,3.0,0.0,12.46
421,3448,3449,19.667,21.333,134.51
422,3450,3451,5.0,1.0,32.8
423,3452,3453,10.333,5.333,71.32
424,3454,3455,4.5,0.5,29.73
425,3456,3457,4.5,0.5,26.73
426,3458,3459,13.0,0.0,96.77
427,3460,3461,5.0,0.0,33.56
428,3462,3463,4.0,0.0,26.8
429,3468,3469,6.0,0.0,29.33
430,3470,3471,15.0,0.0,79.48
431,3488,3489,52.5,12.5,116.64
432,3490,3491,217.0,32.0,526.52
433,3508,3509,30.833,19.367,159.58
434,3510,3511,398.0,4802.0,776.65
435,3512,3513,23.5,4.5,113.94
436,3526,3527,8.0,0.0,43.26
437,3528,3529,7.0,0.0,39.13
438,3530,3531,8.0,0.0,46.27
439,3536,3537,16.0,0.0,77.47
440,3538,3539,44.5,1984.5,0.2
441,3548,3549,9.333,1.333,46.8
442,3550,3551,33.0,0.0,39.93
443,3558,3559,4.0,0.0,17.24
444,3606,3607,2.0,0.0,7.1
445,3610,3611,21.0,0.0,89.28
446,3618,3619,9.0,0.0,48.28
447,3628,3629,2.0,0.0,11.57
448,3634,3635,12.5,40.5,23.99
449,3636,3637,17.0,0.0,100.14
450,3642,3643,1.5,0.5,7.15
451,3656,3657,3.0,0.0,14.9
452,3658,3659,14.0,8.0,70.85
453,3660,3661,10.0,0.0,57.85
454,3678,3679,4.0,0.0,13.93
455,3686,3687,5.0,0.0,20.63
456,3698,3699,2.0,0.0,12.38
457,3700,3701,11.0,0.0,46.3
458,3702,3703,15.0,0.0,58.48
459,3712,3713,3.0,0.0,18.26
460,3716,3717,9.0,0.0,44.65
461,3724,3725,36.947,842.83,57.35
462,3726,3727,7.529,1.14,95.12
463,3728,3729,3.765,0.316,47.19
464,3730,3731,13.647,2.993,176.13
465,3732,3733,1.5,0.278,17.38
466,3734,3735,3.5,0.286,39.77
467,3746,3747,5.0,0.0,18.03
468,3752,3753,20.0,0.0,91.25
469,3764,3765,2.0,0.0,11.09
470,3806,3807,3.0,0.0,13.15
471,3822,3823,4.0,0.0,18.69
472,3848,3849,6.0,0.0,21.63
473,3860,3861,8.0,0.0,37.37
474,3862,3863,9.0,0.0,43.05
475,3892,3893,20.0,0.0,117.53
476,3904,3905,8.0,0.0,59.98
477,3906,3907,6.0,0.0,43.88
478,3908,3909,6.0,0.0,47.6
479,3918,3919,5.111,0.361,61.49
480,3924,3925,3.0,0.2,39.96
481,3926,3927,3.0,0.0,18.68
482,3942,3943,23.333,8.333,110.46
483,3982,3983,2.0,0.0,9.29
484,3984,3985,2.0,0.0,22.71
485,3986,3987,2.0,0.0,18.43
486,4082,4083,5.818,0.964,26.76
487,4084,4085,1.364,0.255,7.52
488,4092,4093,33.0,0.0,183.03
489,4094,4095,48.0,0.0,267.12
490,4096,4097,8.0,0.0,50.12
491,4104,4105,5.0,0.0,40.09
492,4116,4117,15.571,330.619,2.2
493,4118,4119,13.778,245.944,34.63
494,4122,4123,2.0,0.4,14.68
495,4124,4125,5.5,0.333,46.05
496,4126,4127,4.75,0.25,35.98
497,4128,4129,32.692,94.564,309.1
498,4130,4131,1.6,0.267,24.34
499,4136,4137,4.375,0.268,56.55
500,4138,4139,1.75,0.214,21.03
501,4140,4141,15.25,4.214,202.41
502,4142,4143,1.875,0.125,23.66
503,4144,4145,4.462,0.603,56.63
504,4146,4147,2.714,0.374,31.83
505,4148,4149,1.538,0.269,16.77
506,4150,4151,1.077,0.077,11.62
507,4152,4153,2.4,0.267,30.85
508,4154,4155,1.6,0.267,21.06
509,4156,4157,1.9,0.1,22.92
510,4158,4159,7.125,29.554,57.09
511,4160,4161,6.375,0.554,80.15
512,4162,4163,1.875,0.411,24.33
513,4164,4165,2.125,0.125,27.56
514,4166,4167,2.0,0.0,22.5
515,4168,4169,3.714,0.571,45.62
516,4170,4171,9.571,1.619,120.47
517,4172,4173,13.375,1.411,166.06
518,4174,4175,10.375,0.839,124.87
519,4176,4177,4.0,0.0,18.48
520,4182,4183,7.0,0.0,40.86
521,4216,4217,27.0,313.0,37.52
522,4218,4219,2.0,0.0,10.65
523,4220,4221,1.5,0.5,16.86
524,4224,4225,8.0,0.0,45.23
525,4226,4227,2.0,0.0,9.45
526,4228,4229,3.0,0.0,14.34
527,4230,4231,5.0,0.0,22.41
528,4238,4239,12.0,0.0,116.16
529,4240,4241,2.0,0.0,17.11
530,4242,4243,18.833,70.167,43.51
531,4246,4247,41.0,0.0,16.07
532,4248,4249,12.421,1.257,181.31
533,4284,4285,7.667,2.333,34.12
534,4298,4299,2.0,0.0,6.93
535,4302,4303,10.5,40.5,34.38
536,4304,4305,3.875,0.411,18.09
537,4306,4307,1.5,0.5,7.53
538,4338,4339,3.0,0.0,19.18
539,4340,4341,5.0,0.0,33.55
540,4354,4355,6.0,0.0,40.88
541,4376,4377,18.0,0.0,39.68
542,4380,4381,19.0,0.0,40.95
543,4402,4403,24.895,12.322,401.9
544,4444,4445,5.0,0.0,29.92
545,4466,4467,3.0,0.0,18.28
546,4472,4473,14.0,0.0,82.2
547,4486,4487,9.0,0.0,38.64
548,4490,4491,11.536,1.221,164.0
549,4492,4493,3.893,0.544,56.29
550,4494,4495,1.038,0.038,12.69
551,4496,4497,1.964,0.258,27.91
552,4498,4499,11.6,1.3,176.68
553,4518,4519,2.0,0.0,8.02
554,4520,4521,2.0,0.0,13.68
555,4530,4531,7.0,0.0,35.41
556,4532,4533,14.0,0.0,74.25
557,4534,4535,9.0,0.0,45.16
558,4540,4541,31.0,0.0,148.92
559,4590,4591,2.0,0.0,12.27
560,4592,4593,3.0,0.0,21.72
561,4638,4639,10.0,0.0,31.62
562,4668,4669,7.0,0.0,28.58
563,4680,4681,2.0,0.0,5.05
564,4808,4809,3.0,0.0,17.18
565,4846,4847,3.0,0.0,12.89
566,4848,4849,26.0,0.0,126.51
567,4884,4885,3.054,0.343,39.58
568,4892,4893,2.0,0.0,8.41
569,4922,4923,1.522,0.352,20.25
570,4924,4925,3.348,0.419,41.15
571,4926,4927,22.0,534.578,50.64
572,4928,4929,12.217,247.952,46.31
573,4934,4935,2.0,0.0,33.84
574,4936,4937,3.0,0.0,37.07
575,4938,4939,2.0,0.0,29.12
576,4940,4941,3.0,0.0,44.86
577,4942,4943,3.0,0.0,31.2
578,4944,4945,6.0,0.0,76.46
579,4946,4947,7.0,0.0,85.6
580,4950,4951,2.0,0.0,30.22
581,4952,4953,3.0,0.0,42.23
582,4954,4955,2.0,0.0,29.7
583,4970,4971,2.0,0.0,29.15
584,4972,4973,9.0,0.0,109.22
585,4974,4975,9.0,1.333,118.08
586,4976,4977,22.577,411.214,75.28
587,4978,4979,49.16,498.39,48.94
588,4982,4983,8.826,5.423,102.36
589,4984,4985,8.647,207.243,7.62
590,4986,4987,22.259,729.507,110.7
591,4988,4989,3.042,38.303,22.17
592,4990,4991,2.375,0.245,28.54
593,4992,4993,4.25,0.543,54.97
594,4994,4995,3.348,0.692,38.46
595,4996,4997,4.154,9.308,4.34
596,4998,4999,15.125,3.983,191.25
597,5000,5001,3.824,0.279,44.76
598,5004,5005,10.0,0.0,76.81
599,5006,5007,15.625,100.592,114.62
600,5008,5009,3.08,0.16,37.34
601,5010,5011,6.029,0.44,73.56
602,5014,5015,4.806,0.333,59.09
603,5016,5017,5.2,3.7,56.57
604,5018,5019,3.8,0.2,46.42
605,5022,5023,2.765,30.185,8.8
606,5024,5025,12.093,76.42,62.51
607,5026,5027,8.6,52.927,36.02
608,5028,5029,1.333,0.333,13.13
609,5030,5031,3.0,0.0,40.25
610,5032,5033,2.0,0.0,32.77
611,5034,5035,4.0,0.0,51.47
612,5036,5037,3.333,0.267,31.06
613,5038,5039,7.5,0.5,89.76
614,5040,5041,2.5,0.5,31.75
615,5042,5043,3.0,0.0,36.82
616,5044,5045,15.5,0.5,191.35
617,5046,5047,3.0,0.0,39.55
618,5048,5049,7.0,0.0,81.96
619,5050,5051,2.0,0.4,24.14
620,5054,5055,5.974,107.657,19.98
621,5060,5061,9.0,0.0,64.91
622,5062,5063,2.0,0.0,16.16
623,5066,5067,12.0,0.0,90.85
624,5068,5069,10.0,0.0,75.75
625,5070,5071,17.0,0.0,130.58
626,5072,5073,9.0,0.0,63.11
627,5074,5075,12.0,0.0,92.01
628,5076,5077,6.0,0.0,48.03
629,5078,5079,10.0,0.0,71.56
630,5082,5083,12.0,2.0,159.3
631,5084,5085,21.0,19.0,296.96
632,5088,5089,1.5,0.5,9.91
633,5102,5103,2.0,0.0,25.26
634,5104,5105,3.0,0.0,43.43
635,5106,5107,4.0,0.0,51.51
636,5108,5109,2.143,0.143,27.21
637,5110,5111,4.0,0.333,49.79
638,5112,5113,4.667,0.667,58.6
639,5114,5115,5.571,0.619,67.44
640,5120,5121,4.0,0.0,24.01
641,5136,5137,25.414,916.251,22.53
642,5138,5139,27.931,979.709,26.68
643,5140,5141,25.759,860.904,39.57
644,5142,5143,4.667,12.97,43.06
645,5148,5149,1.727,0.218,17.22
646,5150,5151,2.273,0.218,21.29
647,5152,5153,1.467,0.267,17.11
648,5154,5155,4.667,0.381,54.65
649,5156,5157,3.8,0.6,43.57
650,5162,5163,4.0,0.0,56.78
651,5164,5165,6.2,0.2,86.1
652,5166,5167,4.0,0.5,49.56
653,5168,5169,4.5,0.818,51.18
654,5170,5171,5.364,0.455,64.21
655,5174,5175,25.545,4780.273,54.28
656,5176,5177,1.75,0.214,19.67
657,5178,5179,2.625,0.268,30.13
658,5182,5183,1.714,0.571,12.13
659,5184,5185,7.786,2.643,78.74
660,5186,5187,2.286,0.374,27.38
661,5188,5189,9.786,1.258,119.68
662,5190,5191,11.571,2.264,142.42
663,5202,5203,15.333,6.333,166.06
664,5206,5207,6.111,0.575,61.87
665,5208,5209,5.333,0.333,69.72
666,5210,5211,5.0,0.5,62.06
667,5214,5215,32.323,675.559,49.54
668,5218,5219,9.556,93.085,57.03
669,5220,5221,1.75,0.214,10.95
670,5222,5223,8.125,0.982,61.81
671,5236,5237,1.5,0.3,7.66
672,5238,5239,3.0,0.8,22.05
673,5240,5241,2.667,0.267,20.87
674,5244,5245,2.0,0.0,12.18
675,5248,5249,16.0,0.0,124.86
676,5252,5253,7.0,0.0,46.25
677,5254,5255,8.0,0.0,59.0
678,5256,5257,12.0,0.0,86.82
679,5258,5259,3.0,0.0,17.07
680,5260,5261,4.75,0.25,29.74
681,5262,5263,5.0,0.0,38.18
682,5264,5265,2.0,0.0,13.22
683,5266,5267,5.0,0.0,32.35
684,5268,5269,4.0,0.0,22.02
685,5270,5271,5.0,0.0,30.85
686,5274,5275,11.25,3.583,80.87
687,5276,5277,2.75,0.917,20.07
688,5278,5279,6.0,0.0,42.12
689,5280,5281,5.5,0.5,50.17
690,5284,5285,6.0,0.667,41.81
691,5286,5287,4.2,0.2,31.34
692,5310,5311,6.0,0.0,47.19
693,5314,5315,9.0,0.0,66.25
694,5324,5325,3.8,0.7,44.63
695,5326,5327,3.667,0.333,46.02
696,5328,5329,1.333,0.333,19.87
697,5330,5331,3.333,0.333,36.0
698,5332,5333,12.0,1.0,148.64
699,5334,5335,3.25,0.25,39.22
700,5336,5337,1.5,0.333,18.44
701,5338,5339,2.0,0.5,21.21
702,5340,5341,1.2,0.2,18.59
703,5342,5343,1.8,0.2,23.94
704,5344,5345,2.0,0.0,22.69
705,5346,5347,1.2,0.2,15.67
706,5348,5349,7.5,0.5,99.87
707,5350,5351,6.5,0.5,85.33
708,5354,5355,2.333,0.333,29.79
709,5356,5357,5.0,0.0,62.66
710,5358,5359,3.0,0.0,35.58
711,5360,5361,3.0,0.0,37.96
712,5362,5363,7.0,1.0,92.9
713,5364,5365,1.667,0.333,19.28
714,5366,5367,7.667,2.333,104.46
715,5368,5369,6.333,0.333,83.14
716,5370,5371,4.667,1.333,55.37
717,5382,5383,3.0,1.0,38.78
718,5386,5387,3.333,0.333,39.99
719,5388,5389,6.667,0.333,78.51
720,5390,5391,1.333,0.333,20.8
721,5392,5393,5.333,1.333,67.84
722,5394,5395,3.333,0.333,37.74
723,5406,5407,3.0,0.0,21.26
724,5408,5409,2.0,0.0,12.9
725,5412,5413,6.0,0.0,51.46
726,5414,5415,19.256,82.09,181.08
727,5416,5417,18.179,214.099,65.03
728,5418,5419,14.556,219.854,42.54
729,5420,5421,6.556,39.683,50.97
730,5424,5425,5.0,132.154,7.49
731,5426,5427,3.421,0.358,39.16
732,5428,5429,31.806,219.018,253.18
733,5430,5431,2.0,2.812,21.05
734,5432,5433,7.576,1.564,91.29
735,5434,5435,3.129,22.983,17.12
736,5436,5437,1.031,0.031,10.55
737,5438,5439,1.889,0.216,24.66
738,5440,5441,5.111,0.502,61.57
739,5442,5443,7.861,97.38,36.76
740,5444,5445,1.6,0.8,19.63
741,5446,5447,1.667,0.333,19.16
742,5448,5449,10.667,1.333,142.6
743,5450,5451,7.333,2.333,98.35
744,5452,5453,4.0,0.0,51.47
745,5454,5455,8.667,0.333,107.02
746,5456,5457,7.75,0.917,100.67
747,5460,5461,10.0,1.0,134.1
748,5462,5463,5.333,0.333,76.11
749,5468,5469,5.0,0.0,62.86
750,5470,5471,2.667,0.333,29.0
751,5472,5473,30.4,485.516,36.8
752,5474,5475,7.129,7.316,97.96
753,5480,5481,6.2,176.333,10.49
754,5484,5485,5.5,0.5,60.47
755,5488,5489,48.0,0.0,228.79
756,5490,5491,22.0,0.0,107.32
757,5508,5509,14.0,0.0,79.42
758,5510,5511,7.333,0.333,55.08
759,5512,5513,7.5,0.5,59.67
760,5514,5515,35.0,8.0,258.57
761,5518,5519,8.667,4.333,53.7
762,5520,5521,11.25,4.25,81.54
763,5522,5523,12.5,3.667,79.04
764,5524,5525,10.75,0.917,77.19
765,5528,5529,6.0,0.0,47.3
766,5530,5531,7.0,0.0,47.32
767,5532,5533,10.0,0.0,65.31
768,5534,5535,8.0,0.0,53.35
769,5536,5537,5.0,0.0,38.95
770,5538,5539,5.5,1.0,72.93
771,5540,5541,5.0,0.667,62.58
772,5542,5543,2.5,0.333,34.47
773,5546,5547,5.75,0.917,77.6
774,5554,5555,3.375,0.268,42.7
775,5564,5565,5.0,0.0,17.99
776,5586,5587,6.0,0.0,30.3
777,5596,5597,6.0,0.0,38.73
778,5598,5599,3.5,0.5,13.48
779,5600,5601,5.0,0.0,25.14
780,5610,5611,16.391,32.885,204.76
781,5612,5613,33.167,835.767,24.23
782,5614,5615,36.5,2721.1,41.17
783,5616,5617,120.0,14521.6,162.93
784,5618,5619,36.333,1337.067,125.19
785,5620,5621,3.5,0.3,49.32
786,5624,5625,1.647,1.243,15.33
787,5626,5627,6.118,49.36,27.03
788,5632,5633,4.0,0.0,18.01
789,5634,5635,2.857,0.476,11.44
790,5636,5637,2.0,0.0,7.81
791,5638,5639,12.0,0.0,82.3
792,5640,5641,14.25,127.583,59.53
793,5642,5643,9.0,0.667,73.89
794,5644,5645,5.25,0.5,34.99
795,5646,5647,2.4,0.267,18.22
796,5648,5649,8.867,1.267,61.97
797,5662,5663,20.0,0.0,58.94
798,5666,5667,6.0,0.0,25.34
799,5682,5683,15.0,0.0,188.55
800,5686,5687,5.0,0.0,24.12
801,5694,5695,17.5,0.5,88.45
802,5716,5717,9.0,0.0,38.42
803,5720,5721,4.0,0.0,22.84
804,5722,5723,10.5,0.5,170.01
805,5724,5725,4.5,0.5,60.45
806,5728,5729,2.067,0.21,22.11
807,5730,5731,3.0,0.0,23.36
808,5732,5733,9.0,0.0,69.94
809,5734,5735,10.0,0.0,72.61
810,5736,5737,13.5,0.5,107.93
811,5738,5739,16.0,0.0,130.63
812,5740,5741,2.667,0.333,21.26
813,5744,5745,6.0,0.0,53.43
814,5746,5747,3.5,0.5,29.3
815,5748,5749,10.0,0.0,74.66
816,5750,5751,4.5,0.5,32.63
817,5752,5753,6.5,0.5,49.81
818,5754,5755,13.0,0.0,104.31
819,5756,5757,11.0,0.0,81.57
820,5758,5759,3.0,0.0,27.92
821,5782,5783,10.0,0.0,64.16
822,5784,5785,6.0,0.0,48.55
823,5854,5855,22.0,0.0,229.87
824,5860,5861,8.0,0.0,118.52
825,5862,5863,6.0,2.0,82.74
826,5864,5865,6.0,0.0,92.9
827,5866,5867,4.778,15.948,21.46
828,5872,5873,1.176,0.154,14.42
829,5874,5875,1.667,0.333,7.21
830,5884,5885,2.0,0.0,9.36
831,5888,5889,9.0,0.0,43.02
832,5892,5893,6.0,0.0,24.2
833,5894,5895,3.0,0.0,37.53
834,5898,5899,11.0,0.0,149.55
835,5900,5901,5.0,0.0,66.86
836,5902,5903,8.5,0.5,106.25
837,5904,5905,7.0,0.0,96.73
838,5906,5907,4.5,0.5,54.41
839,5908,5909,3.0,0.0,39.2
840,5910,5911,2.0,0.0,22.07
841,5912,5913,3.0,0.0,37.6
842,5914,5915,42.5,12.5,217.58
843,5918,5919,24.0,2.0,121.4
844,5952,5953,5.0,0.0,40.37
845,5954,5955,3.0,0.0,26.39
846,5956,5957,3.0,0.0,19.11
847,5958,5959,7.0,0.0,59.21
848,5960,5961,4.0,0.0,36.73
849,5966,5967,6.0,0.0,51.55
850,5978,5979,25.6,7.3,203.67
851,5980,5981,6.6,0.8,54.3
852,5982,5983,5.4,0.3,44.16
853,5984,5985,12.4,1.3,99.09
854,5986,5987,14.0,0.0,132.67
855,6008,6009,9.667,0.333,69.63
856,6020,6021,10.0,0.0,53.82
857,6028,6029,6.0,0.0,33.56
858,6032,6033,26.0,0.0,96.75
859,6034,6035,5.5,0.333,25.51
860,6038,6039,6.0,0.0,26.44
861,6042,6043,5.5,0.5,21.72
862,6050,6051,17.0,0.0,77.28
863,6052,6053,26.0,0.0,116.88
864,6058,6059,1.5,0.5,3.45
865,6064,6065,17.0,2.0,76.54
866,6074,6075,7.674,40.891,79.22
867,6076,6077,4.109,0.41,51.29
868,6078,6079,8.149,1.825,104.74
869,6108,6109,24.5,12.333,172.95
870,6110,6111,35.0,0.0,105.67
871,6112,6113,10.0,0.0,75.08
872,6140,6141,3.0,0.0,20.7
873,6152,6153,3.0,0.0,5.26
874,6154,6155,9.0,0.0,14.63
875,6156,6157,12.25,0.917,130.13
876,6158,6159,7.0,0.0,90.34
877,6162,6163,2.667,0.333,16.33
878,6164,6165,9.5,0.5,66.2
879,6174,6175,11.0,0.0,86.53
880,6176,6177,27.0,2.0,208.81
881,6178,6179,10.0,0.0,76.37
882,6180,6181,36.0,0.0,283.02
883,6190,6191,6.0,0.0,31.74
884,6206,6207,6.0,0.0,30.9
885,6216,6217,4.0,0.0,17.46
886,6218,6219,8.0,0.0,35.13
887,6232,6233,2.0,0.0,9.16
888,6262,6263,7.5,0.5,40.4
889,6340,6341,6.0,0.0,38.05
890,6342,6343,2.0,0.0,12.96
891,6392,6393,7.0,0.0,38.56
892,6418,6419,11.333,6.333,56.0
893,6420,6421,35.0,0.0,236.68
894,6422,6423,9.0,0.0,68.25
895,6424,6425,8.0,2.0,50.42
896,6444,6445,30.375,490.554,28.93
897,6446,6447,8.596,1.42,169.38
898,6470,6471,38.615,840.09,50.2
899,6472,6473,14.154,85.141,128.96
900,6486,6487,9.0,0.0,50.1
901,6516,6517,7.0,0.0,58.39
902,6534,6535,28.0,0.0,80.66
903,6542,6543,2.0,0.0,23.43
904,6544,6545,8.0,0.0,98.9
905,6546,6547,6.0,0.0,83.22
906,6568,6569,2.75,0.214,33.34
907,6570,6571,3.875,0.411,49.13
908,6572,6573,5.375,0.554,69.56
909,6574,6575,5.125,0.982,65.17
910,6578,6579,2.375,0.268,31.38
911,6580,6581,3.5,0.286,44.45
912,6582,6583,9.857,0.81,119.35
913,6586,6587,3.0,0.0,17.96
914,6592,6593,3.5,0.5,18.2
915,6598,6599,4.286,0.571,30.11
916,6600,6601,9.2,0.7,68.53
917,6602,6603,2.2,0.2,18.47
918,6604,6605,1.6,0.3,13.78
919,6606,6607,2.0,0.0,17.7
920,6608,6609,6.0,0.0,24.56
921,6624,6625,3.0,0.0,18.14
922,6626,6627,12.0,0.0,57.15
923,6628,6629,27.0,72.0,116.25
924,6642,6643,6.5,0.5,44.96
925,6690,6691,16.947,15.83,230.96
926,6696,6697,34.0,0.0,173.6
927,6710,6711,28.0,0.0,116.13
928,6744,6745,42.0,0.0,174.68
929,6774,6775,54.0,0.0,236.2
930,6776,6777,29.0,0.0,132.58
931,6778,6779,27.0,0.0,127.1
932,6780,6781,49.0,0.0,226.44
933,6782,6783,22.0,0.0,101.08
934,6786,6787,59.25,580.25,103.54
935,6788,6789,4.0,0.0,27.66
936,6790,6791,18.0,0.0,135.6
937,6792,6793,8.0,0.0,64.13
938,6794,6795,17.0,0.0,138.53
939,6796,6797,3.0,0.0,13.17
940,6804,6805,97.0,0.0,267.36
941,6806,6807,5.0,0.0,43.89
942,6816,6817,7.0,0.0,54.59
943,6828,6829,50.667,6816.333,20.76
944,6830,6831,27.667,1752.333,24.85
945,6836,6837,2.0,0.0,18.69
946,6838,6839,13.333,208.333,43.24
947,6840,6841,4.0,0.0,33.98
948,6842,6843,3.333,0.333,25.43
949,6844,6845,1.667,0.333,9.08
950,6846,6847,5.333,0.333,44.66
951,6848,6849,3.333,0.333,28.74
952,6850,6851,2.0,0.0,20.05
953,6852,6853,1.667,0.333,13.12
954,6854,6855,20.0,0.0,139.04
955,6856,6857,1.6,0.3,7.44
956,6862,6863,30.0,733.5,30.05
957,6864,6865,1.2,0.2,12.4
958,6878,6879,10.0,0.0,40.56
959,6880,6881,8.0,0.0,33.54
960,6886,6887,4.0,0.0,20.96
961,6934,6935,5.0,0.0,22.94
962,6936,6937,8.0,0.0,39.93
963,6992,6993,5.0,0.0,37.56
964,7022,7023,4.0,0.0,45.68
965,7026,7027,1.286,0.238,9.79
966,7066,7067,6.0,0.0,69.41
967,7068,7069,27.545,508.673,30.28
968,7072,7073,6.727,15.018,70.46
969,7074,7075,3.818,0.164,37.03
970,7076,7077,106.667,2156.333,51.57
971,7078,7079,12.333,140.333,56.7
972,7080,7081,11.5,4.5,120.36
973,7082,7083,2.0,0.0,16.17
974,7098,7099,17.0,2.0,118.54
975,7116,7117,12.0,0.0,98.67
976,7122,7123,9.5,1.0,69.31
977,7124,7125,27.0,8.0,214.06
978,7164,7165,1.6,0.8,10.82
979,7166,7167,31.0,0.0,214.87
980,7168,7169,5.0,0.0,39.99
981,7170,7171,10.0,0.0,75.99
982,7172,7173,3.0,0.0,16.03
983,7174,7175,6.0,0.0,47.92
984,7176,7177,7.0,0.0,56.57
985,7184,7185,3.178,3.468,34.73
986,7186,7187,1.756,0.325,21.23
987,7188,7189,1.644,0.234,18.53
988,7190,7191,1.222,0.177,14.85
989,7192,7193,5.422,10.795,37.49
990,7196,7197,1.6,0.245,19.55
991,7198,7199,2.4,0.291,30.58
992,7202,7203,2.714,0.209,29.92
993,7204,7205,4.28,10.043,45.16
994,7206,7207,2.333,28.229,8.48
995,7208,7209,4.234,70.096,17.75
996,7210,7211,4.636,81.655,4.77
997,7212,7213,2.435,44.439,9.96
998,7214,7215,2.0,0.2,24.15
999,7216,7217,2.033,0.033,26.57
1000,7218,7219,5.433,0.599,68.0
1001,7220,7221,4.517,0.616,58.32
1002,7222,7223,3.069,0.424,34.74
1003,7224,7225,3.692,14.462,13.08
1004,7226,7227,1.44,4.007,10.72
1005,7230,7231,1.074,0.071,15.78
1006,7232,7233,4.333,0.538,56.27
1007,7234,7235,7.077,1.114,92.47
1008,7236,7237,1.638,0.279,20.81
1009,7238,7239,4.192,0.322,56.11
1010,7240,7241,2.091,0.182,13.68
1011,7242,7243,5.074,0.687,63.31
1012,7244,7245,5.741,0.584,70.42
1013,7246,7247,2.214,0.249,27.08
1014,7248,7249,3.667,0.457,41.48
1015,7250,7251,7.75,15.621,77.18
1016,7252,7253,6.833,3.8,75.36
1017,7254,7255,6.472,0.656,74.68
1018,7256,7257,5.231,45.024,32.97
1019,7260,7261,3.231,10.919,29.02
1020,7262,7263,2.641,9.447,22.89
1021,7264,7265,6.0,0.0,52.63
1022,7266,7267,11.0,0.0,79.76
1023,7272,7273,12.0,0.0,78.56
1024,7276,7277,9.0,0.0,69.59
1025,7278,7279,6.0,0.0,44.2
1026,7280,7281,6.0,0.0,47.36
1027,7282,7283,6.0,0.0,39.85
1028,7286,7287,8.0,0.0,53.53
1029,7288,7289,10.0,0.0,59.78
1030,7290,7291,8.5,0.5,65.88
1031,7292,7293,4.0,0.0,17.29
1032,7300,7301,14.0,0.0,101.83
1033,7302,7303,3.0,0.0,19.28
1034,7304,7305,17.0,0.0,65.0
1035,7310,7311,5.333,1.333,32.6
1036,7312,7313,2.333,0.333,16.79
1037,7314,7315,2.4,0.8,19.68
1038,7316,7317,4.0,0.5,30.74
1039,7318,7319,1.75,0.25,14.02
1040,7320,7321,4.333,0.333,26.36
1041,7324,7325,2.333,0.333,22.83
1042,7326,7327,3.333,0.333,25.51
1043,7328,7329,4.25,0.25,30.89
1044,7330,7331,5.75,0.917,41.82
1045,7332,7333,7.0,0.667,49.84
1046,7334,7335,3.0,0.667,23.6
1047,7338,7339,24.0,0.0,60.44
1048,7352,7353,2.0,0.0,11.96
1049,7354,7355,5.0,0.0,30.81
1050,7356,7357,10.0,0.0,60.3
1051,7358,7359,8.0,0.0,52.28
1052,7372,7373,8.0,2.0,53.61
1053,7374,7375,10.0,2.0,66.52
1054,7376,7377,8.0,0.0,53.48
1055,7378,7379,4.0,0.0,27.36
1056,7380,7381,8.0,2.0,57.51
1057,7386,7387,6.0,0.0,1.36
1058,7390,7391,3.0,0.0,34.28
1059,7392,7393,9.0,8.0,151.97
1060,7394,7395,2.0,0.0,28.75
1061,7396,7397,1.5,0.5,20.16
1062,7398,7399,3.5,0.5,46.34
1063,7400,7401,1.5,0.5,16.43
1064,7402,7403,3.0,0.0,32.61
1065,7406,7407,6.0,0.0,53.76
1066,7408,7409,10.0,0.0,80.73
1067,7426,7427,15.0,0.0,32.4
1068,7432,7433,20.0,0.0,148.59
1069,7434,7435,9.0,0.0,70.9
1070,7436,7437,3.0,0.0,28.43
1071,7464,7465,52.0,140.0,14.45
1072,7466,7467,1.5,0.5,9.41
1073,7468,7469,1.5,0.5,11.5
1074,7470,7471,6.5,0.5,51.14
1075,7480,7481,6.0,0.0,32.56
1076,7482,7483,14.5,3.0,102.91
1077,7484,7485,7.0,1.333,54.16
1078,7486,7487,4.667,0.333,30.16
1079,7488,7489,23.0,0.0,158.18
1080,7502,7503,36.667,385.333,114.91
1081,7504,7505,7.0,0.0,56.46
1082,7508,7509,1.333,0.333,9.91
1083,7512,7513,1.667,0.333,13.14
1084,7516,7517,2.0,0.0,19.9
1085,7518,7519,2.0,0.0,14.46
1086,7532,7533,14.0,0.0,87.11
1087,7534,7535,11.0,0.0,63.3
1088,7538,7539,4.0,0.0,31.88
1089,7540,7541,2.0,0.0,20.42
1090,7542,7543,6.0,0.0,48.39
1091,7544,7545,12.0,0.0,93.13
1092,7560,7561,11.0,0.0,124.01
1093,7562,7563,35.0,0.0,234.97
1094,7582,7583,19.96,5.873,230.25
1095,7596,7597,57.175,2611.174,167.19
1096,7606,7607,3.0,0.0,13.16
1097,7610,7611,14.0,0.0,116.72
1098,7612,7613,3.0,0.0,26.57
1099,7636,7637,5.429,6.476,34.08
1100,7640,7641,1.429,0.254,15.84
1101,7642,7643,2.143,0.201,24.92
1102,7644,7645,16.385,1.926,192.87
1103,7646,7647,23.2,557.7,48.17
1104,7648,7649,1.6,0.3,17.07
1105,7650,7651,7.8,0.2,99.18
1106,7652,7653,4.2,0.2,58.03
1107,7656,7657,3.5,2.0,19.01
1108,7658,7659,4.0,0.0,19.3
1109,7666,7667,10.0,0.0,44.64
1110,7672,7673,7.0,0.0,33.14
1111,7674,7675,3.0,0.0,20.49
1112,7726,7727,6.0,2.0,48.17
1113,7728,7729,18.0,0.0,90.94
1114,7730,7731,2.0,0.0,12.85
1115,7732,7733,10.0,0.0,71.32
1116,7756,7757,19.5,12.5,154.25
1117,7786,7787,2.0,0.0,11.42
1118,7788,7789,4.0,0.0,29.7
1119,7790,7791,9.0,0.0,70.34
1120,7792,7793,2.0,0.0,20.91
1121,7796,7797,5.0,0.0,36.3
1122,7830,7831,72.667,327.867,37.8
1123,7832,7833,3.0,1.0,22.37
1124,7834,7835,5.25,2.25,35.14
1125,7836,7837,4.0,1.0,28.37
1126,7838,7839,3.0,0.0,20.68
1127,7842,7843,6.0,0.0,37.1
1128,7844,7845,5.0,0.0,31.96
1129,7854,7855,5.667,1.333,42.55
1130,7860,7861,4.333,0.333,30.1
1131,7862,7863,4.667,1.333,32.16
1132,7864,7865,4.0,1.0,25.93
1133,7888,7889,2.0,0.0,4.85
1134,7892,7893,2.25,0.25,12.2
1135,7896,7897,2.0,0.0,16.44
1136,7898,7899,27.85,532.45,19.98
1137,7900,7901,6.286,7.814,75.2
1138,7902,7903,2.5,0.333,12.81
1139,7904,7905,36.5,40.5,98.11
1140,7906,7907,2.0,0.0,8.82
1141,7908,7909,17.0,0.0,35.86
1142,7910,7911,10.667,0.333,22.9
1143,7912,7913,9.286,0.238,20.28
1144,7914,7915,3.0,0.0,20.76
1145,7916,7917,25.5,7.0,185.65
1146,7918,7919,3.4,0.3,26.17
1147,7920,7921,1.4,0.3,10.77
1148,7924,7925,13.857,1.81,101.08
1149,7926,7927,5.286,0.238,37.35
1150,7928,7929,6.714,0.238,48.72
1151,7930,7931,2.714,0.238,18.07
1152,7932,7933,1.857,0.143,14.49
1153,7934,7935,5.25,0.25,37.17
1154,7936,7937,4.75,0.917,37.74
1155,7938,7939,6.0,0.0,41.97
1156,7940,7941,7.0,0.0,59.01
1157,7942,7943,1.6,0.3,12.91
1158,7944,7945,3.182,0.364,42.27
1159,7946,7947,2.0,0.167,25.18
1160,7948,7949,4.308,0.231,56.06
1161,7950,7951,3.571,0.286,26.1
1162,7952,7953,8.143,9.143,40.02
1163,7954,7955,2.143,0.143,18.33
1164,7956,7957,3.25,0.214,38.36
1165,7958,7959,2.5,0.286,35.7
1166,7960,7961,2.273,0.418,27.22
1167,7962,7963,3.0,0.2,39.2
1168,7966,7967,22.0,308.571,23.66
1169,7976,7977,1.571,0.619,17.93
1170,7978,7979,2.429,0.286,23.46
1171,7990,7991,15.0,0.0,26.84
1172,7992,7993,5.0,0.0,7.79
1173,8004,8005,6.0,0.0,98.89
1174,8006,8007,25.0,0.0,143.54
1175,8008,8009,34.0,0.0,191.5
1176,8020,8021,4.0,0.0,32.64
1177,8024,8025,24.0,0.0,158.28
1178,8026,8027,6.5,0.5,46.01
1179,8028,8029,16.5,13.667,115.03
1180,8030,8031,2.0,0.0,10.53
1181,8032,8033,6.0,0.0,48.07
1182,8052,8053,25.5,326.7,66.62
1183,8054,8055,1.333,0.267,22.08
1184,8056,8057,2.667,0.267,30.38
1185,8058,8059,15.056,83.467,67.5
1186,8060,8061,8.0,12.125,86.39
1187,8062,8063,5.706,0.596,71.01
1188,8064,8065,9.056,20.997,95.38
1189,8066,8067,10.611,1.546,131.97
1190,8068,8069,3.222,0.301,39.9
1191,8070,8071,2.5,0.286,16.65
1192,8072,8073,4.375,0.554,59.19
1193,8076,8077,1.857,0.143,19.57
1194,8088,8089,3.0,0.0,16.28
1195,8090,8091,18.16,441.473,24.81
1196,8106,8107,6.941,0.559,86.12
1197,8108,8109,1.235,0.191,13.14
1198,8116,8117,3.0,0.0,12.49
1199,8118,8119,11.5,0.5,45.74
1200,8130,8131,7.0,0.0,52.94
1201,8140,8141,96.0,0.0,29.27
1202,8144,8145,38.333,933.333,47.69
1203,8146,8147,3.667,0.333,41.54
1204,8148,8149,9.333,0.333,101.02
1205,8150,8151,6.0,0.0,60.89
1206,8152,8153,5.5,0.5,74.79
1207,8154,8155,6.5,0.5,77.31
1208,8186,8187,18.0,0.0,75.66
1209,8188,8189,11.0,0.0,58.66
1210,8192,8193,5.5,0.5,27.94
1211,8198,8199,41.0,0.0,204.76
1212,8200,8201,11.0,0.0,57.94
1213,8204,8205,33.0,0.0,196.13
1214,8210,8211,2.0,0.0,8.75
1215,8218,8219,7.0,0.0,52.33
1216,8232,8233,9.0,0.0,75.23
1217,8234,8235,10.0,0.0,79.01
1218,8250,8251,5.0,0.0,34.67
1219,8252,8253,2.0,0.0,19.07
1220,8258,8259,7.0,0.0,52.66
1221,8260,8261,3.0,0.0,25.08
1222,8264,8265,5.0,0.0,37.43
1223,8266,8267,3.0,0.0,13.4
1224,8268,8269,51.5,1012.5,202.91
1225,8270,8271,5.0,0.0,39.6
1226,8272,8273,9.5,0.5,67.78
1227,8274,8275,12.333,1.333,95.69
1228,8276,8277,2.0,0.0,18.57
1229,8278,8279,18.714,2.571,221.68
1230,8280,8281,28.286,11.238,218.48
1231,8282,8283,14.667,2.333,111.71
1232,8284,8285,35.0,18.0,275.33
1233,8288,8289,21.0,8.0,144.59
1234,8294,8295,19.667,9.333,142.72
1235,8304,8305,7.0,0.0,55.9
1236,8306,8307,3.0,0.0,23.76
1237,8310,8311,9.0,0.0,70.5
1238,8324,8325,8.0,0.0,94.22
1239,8330,8331,17.0,0.0,67.98
1240,8332,8333,15.0,0.0,63.2
1241,8342,8343,13.0,0.0,96.43
1242,8344,8345,14.5,3.667,156.31
1243,8346,8347,19.0,0.0,225.82
1244,8356,8357,3.0,0.0,16.21
1245,8368,8369,7.5,0.5,52.39
1246,8378,8379,6.0,0.0,46.02
1247,8382,8383,2.0,0.0,17.57
1248,8384,8385,5.667,0.333,40.71
1249,8386,8387,11.667,4.333,88.48
1250,8388,8389,9.667,1.333,70.0
1251,8390,8391,3.25,0.917,22.48
1252,8392,8393,3.667,0.267,26.99
1253,8394,8395,12.5,1.9,92.19
1254,8404,8405,9.333,1.333,44.24
1255,8408,8409,3.5,0.5,13.78
1256,8412,8413,17.0,2.0,74.33
1257,8416,8417,3.0,0.0,13.78
1258,8422,8423,56.0,0.0,226.12
1259,8424,8425,4.75,0.917,37.23
1260,8426,8427,6.333,0.333,47.21
1261,8430,8431,5.0,0.0,34.23
1262,8432,8433,4.0,0.0,29.36
1263,8438,8439,3.333,0.333,24.74
1264,8440,8441,4.333,0.333,34.46
1265,8442,8443,3.0,0.0,25.21
1266,8444,8445,10.0,0.0,71.09
1267,8450,8451,11.0,2.0,77.15
1268,8452,8453,5.75,0.25,36.96
1269,8472,8473,5.75,2.25,63.52
1270,8474,8475,2.0,0.0,20.47
1271,8476,8477,4.0,0.0,28.46
1272,8486,8487,5.857,0.143,62.84
1273,8488,8489,1.143,0.143,13.18
1274,8492,8493,1.857,0.143,23.23
1275,8494,8495,3.0,0.0,30.83
1276,8496,8497,9.0,0.0,95.38
1277,8498,8499,2.0,0.0,30.7
1278,8504,8505,5.0,0.0,65.18
1279,8508,8509,15.0,0.0,38.84
1280,8526,8527,7.0,0.0,42.12
1281,8548,8549,11.75,0.25,84.33
1282,8550,8551,3.25,0.25,26.56
1283,8552,8553,1.333,0.333,8.15
1284,8554,8555,3.0,0.0,22.92
1285,8556,8557,6.333,0.333,45.53
1286,8560,8561,1.667,0.333,12.64
1287,8566,8567,5.0,0.0,37.26
1288,8568,8569,3.5,0.5,28.71
1289,8570,8571,2.5,0.5,19.69
1290,8574,8575,13.5,0.5,100.85
1291,8576,8577,15.5,0.5,121.86
1292,8578,8579,12.0,0.0,87.6
1293,8580,8581,3.0,0.0,19.38
1294,8606,8607,3.0,0.0,14.43
1295,8614,8615,23.0,0.0,167.36
1296,8616,8617,7.0,0.0,50.54
1297,8636,8637,1.5,0.5,11.48
1298,8640,8641,2.0,0.0,14.26
1299,8644,8645,2.5,0.5,19.28
1300,8650,8651,2.2,0.2,16.68
1301,8654,8655,1.8,0.2,13.38
1302,8658,8659,10.0,0.0,57.83
1303,8660,8661,2.0,0.0,12.57
1304,8662,8663,4.0,2.0,28.14
1305,8674,8675,2.0,2.0,15.92
1306,8676,8677,38.0,32.0,19.69
1307,8678,8679,9.0,0.0,63.34
1308,8680,8681,4.0,0.0,31.36
1309,8682,8683,4.0,0.0,28.94
1310,8684,8685,2.0,0.0,19.01
1311,8686,8687,3.0,0.0,23.8
1312,8688,8689,4.0,0.0,22.65
1313,8700,8701,11.0,0.0,76.01
1314,8702,8703,7.0,0.0,54.54
1315,8710,8711,5.0,0.0,28.42
1316,8722,8723,18.0,18.0,118.05
1317,8724,8725,5.0,0.0,33.29
1318,8746,8747,15.0,0.0,110.68
1319,8748,8749,7.0,0.0,47.53
1320,8752,8753,5.0,0.0,35.65
1321,8754,8755,3.333,0.333,23.16
1322,8756,8757,7.5,0.5,48.63
1323,8758,8759,3.0,0.0,15.79
1324,8762,8763,5.0,0.0,37.37
1325,8764,8765,8.0,0.0,59.5
1326,8766,8767,5.0,0.0,38.14
1327,8768,8769,6.0,1.0,66.17
1328,8772,8773,6.0,0.0,78.16
1329,8774,8775,7.5,0.5,92.41
1330,8776,8777,7.0,0.0,89.23
1331,8800,8801,12.0,0.0,102.3
1332,8802,8803,9.0,0.0,73.81
1333,8804,8805,4.0,0.0,24.38
1334,8814,8815,7.0,0.0,49.58
1335,8820,8821,7.0,0.0,73.01
1336,8830,8831,3.0,0.0,44.89
1337,8834,8835,5.0,0.0,66.51
1338,8836,8837,14.0,0.0,178.14
1339,8850,8851,9.0,0.0,89.3
1340,8856,8857,7.0,2.0,45.95
1341,8858,8859,13.0,0.0,103.54
1342,8860,8861,5.0,0.0,35.88
1343,8862,8863,6.5,0.5,53.42
1344,8864,8865,6.0,0.0,54.81
1345,8896,8897,2.5,0.5,13.67
1346,8898,8899,16.0,0.0,102.77
1347,8900,8901,21.0,0.0,125.43
1348,8910,8911,13.0,0.0,87.67
1349,8920,8921,7.0,0.0,74.78
1350,8922,8923,5.0,0.0,35.14
1351,8924,8925,4.0,0.0,32.33
1352,8928,8929,10.0,0.0,72.83
1353,8936,8937,4.0,0.0,25.94
1354,8942,8943,12.0,0.0,91.63
1355,8944,8945,8.0,0.0,55.38
1356,8946,8947,14.0,0.0,103.54
1357,8948,8949,3.5,0.5,25.14
1358,8972,8973,7.0,0.0,50.75
1359,8982,8983,28.5,312.5,112.58
1360,8984,8985,5.5,0.5,40.52
1361,8986,8987,4.0,0.0,33.11
1362,8988,8989,11.0,0.0,92.09
1363,8990,8991,3.0,0.0,15.13
1364,9000,9001,1.5,0.5,1.51
1365,9016,9017,19.0,8.0,91.2
1366,9018,9019,96.5,112.5,460.25
1367,9020,9021,45.0,18.0,217.89
1368,9022,9023,18.5,0.5,143.21
1369,9024,9025,17.0,0.0,128.45
1370,9036,9037,4.0,0.0,30.41
1371,9048,9049,40.1,765.674,55.35
1372,9050,9051,17.8,518.379,36.96
1373,9052,9053,6.65,15.924,60.79
1374,9054,9055,2.9,0.411,34.42
1375,9078,9079,16.722,6.683,228.19
1376,9080,9081,5.889,0.928,71.42
1377,9084,9085,10.5,0.5,132.34
1378,9086,9087,4.4,1.3,23.62
1379,9088,9089,12.667,4.333,96.41
1380,9126,9127,9.5,0.5,90.39
1381,9150,9151,17.0,0.0,136.47
1382,9160,9161,6.0,0.0,42.19
1383,9176,9177,6.0,0.0,48.94
1384,9178,9179,37.0,0.0,189.99
1385,9180,9181,22.0,0.0,125.77
1386,9184,9185,1.667,0.333,14.24
1387,9186,9187,1.333,0.333,9.47
1388,9190,9191,1.333,0.333,15.81
1389,9192,9193,2.667,0.333,24.2
1390,9194,9195,8.333,1.333,72.81
1391,9200,9201,3.0,0.0,26.38
1392,9204,9205,5.0,0.0,34.85
1393,9206,9207,8.0,3.0,64.07
1394,9208,9209,10.667,4.333,82.47
1395,9210,9211,10.0,0.0,38.83
1396,9212,9213,8.333,1.333,59.42
1397,9222,9223,12.0,0.0,60.09
1398,9238,9239,10.0,0.0,4.78
1399,9240,9241,184.0,0.0,47.78
1400,9244,9245,15.375,57.411,51.97
1401,9246,9247,8.333,0.5,56.39
1402,9250,9251,3.875,0.125,26.64
1403,9264,9265,7.0,0.0,34.04
1404,9270,9271,4.0,0.0,32.44
1405,9276,9277,2.0,0.0,21.21
1406,9300,9301,4.0,0.0,28.32
1407,9342,9343,8.0,0.0,83.91
1408,9360,9361,31.0,0.0,217.06
1409,9386,9387,6.0,0.0,26.75
1410,9388,9389,6.0,0.0,26.76
1411,9436,9437,20.0,0.0,97.33
1412,9446,9447,6.0,0.5,42.61
1413,9448,9449,7.6,0.8,52.8
1414,9450,9451,11.2,1.2,79.3
1415,9452,9453,4.0,0.0,91.21
1416,9470,9471,6.0,0.0,46.09
1417,9472,9473,7.0,0.0,111.0
1418,9474,9475,4.0,0.0,60.79
1419,9476,9477,2.0,0.0,41.85
1420,9478,9479,4.0,0.0,62.41
1421,9480,9481,2.0,0.0,34.23
1422,9482,9483,7.0,0.0,94.29
1423,9488,9489,6.6,1.3,42.35
1424,9490,9491,8.0,4.0,62.49
1425,9492,9493,4.4,1.3,34.55
1426,9498,9499,5.625,6.839,25.3
1427,9500,9501,4.0,0.4,29.05
1428,9502,9503,20.0,2.0,165.09
1429,9504,9505,1.5,0.5,12.29
1430,9506,9507,2.0,0.0,22.11
1431,9508,9509,2.5,0.5,22.44
1432,9510,9511,6.0,1.0,48.29
1433,9512,9513,13.0,0.0,86.95
1434,9516,9517,4.5,0.5,28.51
1435,9518,9519,3.0,0.0,23.48
1436,9522,9523,6.0,0.0,33.95
1437,9524,9525,10.0,0.0,67.84
1438,9526,9527,7.0,0.0,52.14
1439,9544,9545,6.5,3.0,41.14
1440,9548,9549,6.0,0.667,40.56
1441,9550,9551,2.75,0.25,15.78
1442,9552,9553,14.25,6.917,96.69
1443,9566,9567,9.0,0.0,75.71
1444,9570,9571,11.333,0.333,84.3
1445,9572,9573,2.25,0.25,12.09
1446,9574,9575,8.5,0.333,66.61
1447,9576,9577,7.5,0.333,60.41
1448,9578,9579,7.0,0.0,48.93
1449,9582,9583,12.0,2.0,108.28
1450,9584,9585,14.0,13.0,109.74
1451,9590,9591,15.0,0.0,107.59
1452,9592,9593,7.0,0.0,46.69
1453,9594,9595,5.0,0.0,39.05
1454,9598,9599,3.0,0.0,23.41
1455,9620,9621,24.5,0.5,195.08
1456,9622,9623,16.5,0.5,126.45
1457,9628,9629,10.0,0.0,45.31
1458,9638,9639,7.5,0.5,62.74
1459,9640,9641,4.5,0.5,38.76
1460,9644,9645,4.5,0.5,32.12
1461,9646,9647,7.5,0.5,65.81
1462,9650,9651,7.5,0.5,50.52
1463,9652,9653,7.0,0.0,53.18
1464,9662,9663,6.0,0.0,37.67
1465,9664,9665,9.0,0.0,51.2
1466,9666,9667,9.0,0.0,48.58
1467,9672,9673,5.0,0.0,37.65
1468,9674,9675,3.0,0.0,14.91
1469,9680,9681,4.0,0.0,30.15
1470,9682,9683,3.0,0.0,26.64
1471,9684,9685,3.0,0.0,21.37
1472,9700,9701,7.0,0.0,50.24
1473,9702,9703,6.0,0.0,48.62
1474,9704,9705,10.667,1.333,79.9
1475,9706,9707,3.0,0.0,23.96
1476,9760,9761,9.667,1.333,40.69
1477,9762,9763,20.0,0.0,80.21
1478,9766,9767,5.0,0.0,13.87
1479,9772,9773,3.5,12.5,5.34
1480,9782,9783,2.0,0.0,11.9
1481,9786,9787,3.5,0.5,14.29
1482,9788,9789,6.0,0.0,34.62
1483,9796,9797,29.0,1458.0,22.01
1484,9798,9799,8.5,4.5,107.71
1485,9802,9803,2.0,0.0,22.68
1486,9806,9807,3.0,0.667,35.74
1487,9808,9809,2.0,0.0,8.61
1488,9828,9829,3.0,1.0,37.88
1489,9890,9891,6.0,0.0,42.86
1490,9892,9893,2.0,0.0,14.13
1491,9914,9915,5.276,0.778,64.67
1492,9916,9917,4.214,0.335,44.98
1493,9918,9919,1.929,0.071,21.97
1494,9920,9921,2.933,0.352,36.44
1495,9922,9923,4.684,0.228,52.8
1496,9924,9925,4.84,9.14,55.07
1497,9926,9927,8.96,0.873,118.4
1498,9928,9929,10.958,0.998,137.78
1499,9930,9931,18.85,91.503,180.74
1500,9932,9933,2.1,0.2,23.09
1501,9934,9935,14.188,6.563,172.67
1502,9936,9937,2.565,38.984,9.84
1503,9938,9939,4.0,0.0,49.64
1504,9940,9941,8.964,0.925,113.13
1505,9942,9943,2.778,0.179,33.76
1506,9944,9945,2.018,4.018,23.14
1507,9946,9947,1.038,0.037,12.67
1508,9950,9951,3.895,0.417,50.56
1509,9952,9953,3.912,0.367,51.15
1510,9954,9955,5.125,0.62,66.86
1511,9956,9957,3.25,0.3,41.11
1512,9958,9959,1.698,0.216,22.58
1513,9960,9961,1.523,0.255,18.95
1514,9962,9963,2.932,0.298,38.66
1515,9964,9965,3.614,0.429,47.92
1516,9966,9967,3.864,0.4,49.77
1517,9970,9971,2.068,0.251,26.52
1518,9972,9973,3.636,0.283,47.58
1519,9974,9975,9.341,1.16,119.18
1520,9976,9977,1.044,0.043,13.08
1521,9980,9981,2.205,0.26,26.05
1522,9982,9983,1.136,0.121,14.46
1523,9984,9985,1.867,0.255,23.52
1524,9986,9987,2.667,0.318,32.76
1525,9988,9989,9.628,64.906,59.25
1526,9990,9991,12.544,139.11,54.56
1527,9992,9993,1.054,0.053,7.48
1528,9996,9997,5.196,0.815,61.48
1529,9998,9999,12.628,96.334,104.4
1530,10002,10003,4.0,0.0,34.77
1531,10004,10005,5.0,0.0,38.88
1532,10006,10007,5.0,0.0,39.99
1533,10012,10013,3.0,0.0,23.12
1534,10042,10043,10.0,0.0,94.2
1535,10044,10045,13.0,0.0,95.14
1536,10046,10047,12.0,0.0,89.72
1537,10048,10049,9.0,0.0,68.32
1538,10056,10057,11.0,0.0,93.18
1539,10058,10059,3.0,0.0,24.96
1540,10070,10071,12.333,4.333,72.08
1541,10072,10073,4.0,0.0,30.9
1542,10074,10075,3.0,0.0,26.12
1543,10080,10081,4.556,0.497,58.86
1544,10084,10085,9.222,1.242,120.26
1545,10086,10087,3.444,0.379,46.99
1546,10088,10089,5.222,0.536,70.22
1547,10090,10091,14.478,1630.625,45.31
1548,10092,10093,6.217,84.087,54.91
1549,10094,10095,1.957,0.225,22.9
1550,10098,10099,14.158,2.696,188.58
1551,10100,10101,2.222,0.183,29.42
1552,10102,10103,4.0,0.0,37.41
1553,10110,10111,7.0,0.0,75.6
1554,10112,10113,10.0,0.0,123.23
1555,10118,10119,40.0,0.0,89.08
1556,10148,10149,19.0,0.0,71.55
1557,10150,10151,31.0,0.0,114.17
1558,10152,10153,14.0,0.0,56.69
1559,10158,10159,1.5,0.5,6.58
1560,10160,10161,4.0,0.0,34.41
1561,10162,10163,6.0,1.0,50.81
1562,10166,10167,2.556,0.261,33.54
1563,10178,10179,14.944,15.938,193.0
1564,10180,10181,7.059,1.184,85.37
1565,10182,10183,2.824,0.404,34.12
1566,10184,10185,2.235,0.191,26.97
1567,10186,10187,1.824,0.154,21.54
1568,10188,10189,3.824,0.404,46.43
1569,10190,10191,3.412,0.257,42.59
1570,10192,10193,1.941,0.184,23.58
1571,10194,10195,8.235,0.941,103.63
1572,10212,10213,2.742,0.331,39.37
1573,10214,10215,5.0,0.467,73.75
1574,10222,10223,25.0,0.0,179.01
1575,10224,10225,16.0,2.0,79.6
1576,10228,10229,22.5,4.5,108.47
1577,10252,10253,6.0,0.0,37.69
1578,10274,10275,12.0,0.0,90.82
1579,10276,10277,14.0,0.0,104.8
1580,10286,10287,5.0,0.0,43.7
1581,10288,10289,5.0,0.0,35.8
1582,10298,10299,12.0,0.0,94.63
1583,10300,10301,5.0,0.0,32.36
1584,10312,10313,6.0,0.0,41.93
1585,10336,10337,7.0,0.0,47.79
1586,10338,10339,4.0,0.0,32.58
1587,10340,10341,2.0,0.0,12.68
1588,10348,10349,16.429,172.418,57.96
1589,10360,10361,6.0,0.0,75.87
1590,10362,10363,2.0,0.0,36.03
1591,10364,10365,6.0,0.0,79.61
1592,10366,10367,4.0,0.0,60.84
1593,10368,10369,11.0,0.0,139.07
1594,10380,10381,3.0,0.0,20.84
1595,10382,10383,3.0,0.0,19.98
1596,10384,10385,4.0,0.0,28.09
1597,10386,10387,2.0,0.0,36.61
1598,10388,10389,2.0,0.0,28.53
1599,10390,10391,6.0,0.0,48.09
1600,10392,10393,2.0,0.0,18.83
1601,10394,10395,4.0,0.0,27.39
1602,10396,10397,4.0,0.0,32.79
1603,10398,10399,1.5,0.5,8.62
1604,10400,10401,5.0,0.0,36.16
1605,10402,10403,2.0,0.0,14.75
1606,10422,10423,6.0,0.0,41.37
1607,10428,10429,13.333,236.333,21.4
1608,10432,10433,3.333,0.333,25.07
1609,10434,10435,3.333,0.333,26.19
1610,10436,10437,2.333,0.333,17.46
1611,10464,10465,2.0,0.0,12.83
1612,10492,10493,8.0,0.0,35.17
1613,10494,10495,4.0,0.0,20.37
1614,10516,10517,26.0,0.0,49.67
1615,10548,10549,24.125,86.696,203.66
1616,10550,10551,4.2,1.2,57.04
1617,10552,10553,17.333,0.333,214.59
1618,10586,10587,2.5,0.5,15.33
1619,10588,10589,18.0,0.0,198.77
1620,10596,10597,83.875,2647.268,36.96
1621,10600,10601,8.629,261.182,10.49
1622,10602,10603,16.897,276.41,55.69
1623,10604,10605,7.237,19.375,72.35
1624,10608,10609,4.0,0.0,28.64
1625,10620,10621,7.0,0.0,49.26
1626,10638,10639,4.0,0.0,33.69
1627,10644,10645,18.0,0.0,151.99
1628,10646,10647,21.0,32.0,115.14
1629,10656,10657,13.0,0.0,104.14
1630,10682,10683,39.0,0.0,75.62
1631,10702,10703,9.0,0.0,2.97
1632,10712,10713,8.0,0.0,37.41
1633,10736,10737,13.0,0.0,101.3
1634,10746,10747,21.0,0.0,0.63
1635,10748,10749,13.0,0.0,29.52
1636,10762,10763,6.344,0.555,75.81
1637,10764,10765,8.656,1.201,104.12
1638,10782,10783,24.0,0.0,114.19
1639,10784,10785,3.0,0.0,23.11
1640,10786,10787,6.0,0.0,47.25
1641,10790,10791,5.0,0.0,44.44
1642,10802,10803,16.864,32.314,163.43
1643,10804,10805,20.25,3.25,232.54
1644,10814,10815,18.5,4.5,79.39
1645,10816,10817,20.0,2.0,90.08
1646,10822,10823,8.242,1.252,96.85
1647,10824,10825,9.854,127.191,75.6
1648,10826,10827,1.542,0.424,19.39
1649,10828,10829,3.4,0.3,40.15
1650,10830,10831,1.2,0.2,13.29
1651,10832,10833,1.125,0.125,9.94
1652,10834,10835,22.8,9.7,187.99
1653,10842,10843,5.5,0.5,26.2
1654,10864,10865,32.0,0.0,217.87
1655,10874,10875,1.231,0.192,15.92
1656,10876,10877,2.8,0.6,31.23
1657,10878,10879,2.294,0.221,29.31
1658,10894,10895,3.0,0.0,13.6
1659,10896,10897,8.0,0.0,38.89
1660,10924,10925,3.0,0.0,1.91
1661,10932,10933,13.5,264.5,8.96
1662,10962,10963,26.0,2.0,44.36
1663,10970,10971,73.5,312.5,147.37
1664,10972,10973,4.0,0.0,13.72
1665,10994,10995,3.0,0.0,24.06
1666,10996,10997,3.333,0.267,39.76
1667,10998,10999,4.0,0.0,42.9
1668,11000,11001,6.667,1.333,77.2
1669,11002,11003,2.333,0.333,28.78
1670,11006,11007,3.667,0.333,45.07
1671,11010,11011,3.333,0.333,40.49
1672,11012,11013,7.0,1.0,86.06
1673,11014,11015,14.0,0.0,104.83
1674,11016,11017,4.0,0.0,32.5
1675,11018,11019,6.0,0.0,43.29
1676,11020,11021,10.532,183.472,15.16
1677,11022,11023,7.308,52.862,29.14
1678,11024,11025,3.533,0.552,42.47
1679,11026,11027,2.333,0.238,27.82
1680,11030,11031,60.5,6384.5,24.6
1681,11036,11037,6.5,0.5,37.84
1682,11054,11055,6.0,0.0,31.34
1683,11074,11075,41.0,0.0,87.55
1684,11082,11083,11.0,178.0,25.89
1685,11084,11085,3.25,0.25,21.6
1686,11086,11087,11.0,0.0,85.91
1687,11088,11089,8.0,0.0,58.45
1688,11090,11091,5.0,0.0,43.88
1689,11092,11093,7.0,0.0,52.46
1690,11100,11101,19.0,0.0,42.83
1691,11102,11103,51.0,1087.0,63.92
1692,11104,11105,11.0,0.0,67.94
1693,11108,11109,3.25,0.25,14.22
1694,11112,11113,2.667,1.467,11.35
1695,11114,11115,1.25,0.25,3.97
1696,11124,11125,2.0,0.0,19.29
1697,11126,11127,2.857,0.143,18.62
1698,11140,11141,1.944,0.291,23.69
1699,11144,11145,2.0,0.235,23.12
1700,11146,11147,7.056,0.879,89.98
1701,11148,11149,4.684,37.895,40.77
1702,11182,11183,13.0,0.0,93.85
1703,11184,11185,3.0,0.0,21.98
1704,11186,11187,5.0,0.0,30.46
1705,11188,11189,2.0,0.0,11.64
1706,11196,11197,3.625,1.125,22.1
1707,11228,11229,7.5,0.5,51.71
1708,11230,11231,72.571,3643.661,111.54
1709,11232,11233,16.37,2020.858,26.94
1710,11234,11235,43.464,2925.147,101.94
1711,11236,11237,33.607,3099.951,53.48
1712,11238,11239,5.214,324.471,19.71
1713,11242,11243,5.5,0.5,37.72
1714,11246,11247,10.5,0.5,85.98
1715,11252,11253,3.0,0.0,17.39
1716,11262,11263,11.5,0.5,32.92
1717,11264,11265,13.5,78.333,57.12
1718,11266,11267,57.513,4728.677,84.15
1719,11272,11273,8.5,0.5,63.11
1720,11274,11275,7.0,0.0,57.84
1721,11320,11321,6.0,0.0,49.42
1722,11336,11337,19.0,0.0,33.75
1723,11338,11339,21.0,0.0,41.45
1724,11340,11341,45.0,0.0,93.0
1725,11342,11343,8.0,0.0,53.66
1726,11344,11345,2.0,0.0,28.12
1727,11346,11347,18.0,0.0,262.68
1728,11360,11361,10.0,162.0,148.89
1729,11378,11379,29.0,0.0,97.94
1730,11384,11385,20.0,0.0,165.2
1731,11388,11389,14.0,0.0,148.19
1732,11394,11395,6.0,2.0,24.77
1733,11396,11397,2.0,0.0,9.73
1734,11398,11399,4.5,0.5,21.39
1735,11402,11403,5.667,0.333,29.23
1736,11404,11405,2.25,0.25,11.31
1737,11406,11407,13.0,3.6,86.81
1738,11408,11409,6.273,0.618,117.83
1739,11410,11411,1.05,0.05,16.63
1740,11412,11413,13.13,14.209,227.3
1741,11414,11415,5.409,0.825,82.0
1742,11420,11421,2.667,0.267,30.35
1743,11422,11423,14.167,2.967,170.38
1744,11436,11437,4.0,0.0,19.28
1745,11438,11439,3.0,0.0,17.14
1746,11440,11441,3.0,0.0,11.88
1747,11442,11443,4.0,2.0,18.85
1748,11462,11463,3.667,0.333,52.05
1749,11464,11465,6.667,0.333,99.97
1750,11472,11473,9.0,0.0,51.52
1751,11490,11491,5.565,166.802,8.08
1752,11492,11493,3.679,179.485,11.01
1753,11494,11495,6.3,223.803,20.54
1754,11496,11497,21.892,467.877,129.96
1755,11502,11503,2.0,0.0,17.74
1756,11504,11505,2.464,0.406,30.83
1757,11550,11551,16.0,0.0,77.71
1758,11552,11553,2.0,0.0,7.34
1759,11554,11555,6.0,0.0,77.54
1760,11556,11557,9.0,0.0,113.75
1761,11558,11559,7.0,0.0,90.71
1762,11572,11573,3.0,0.0,17.63
1763,11576,11577,15.0,0.0,94.41
1764,11594,11595,3.95,0.261,45.31
1765,11596,11597,4.9,0.305,57.81
1766,11600,11601,6.737,0.871,78.41
1767,11602,11603,11.421,1.257,137.46
1768,11604,11605,8.333,0.706,101.04
1769,11606,11607,2.667,0.235,32.06
1770,11608,11609,4.9,0.305,57.61
1771,11610,11611,2.35,0.239,27.24
1772,11612,11613,3.111,0.34,35.61
1773,11614,11615,1.167,0.147,13.75
1774,11616,11617,5.556,0.614,66.05
1775,11618,11619,1.889,0.222,22.8
1776,11620,11621,5.25,0.25,66.57
1777,11622,11623,7.2,12.7,107.93
1778,11624,11625,4.9,0.322,54.7
1779,11626,11627,3.4,0.3,42.53
1780,11628,11629,2.8,0.7,38.42
1781,11630,11631,1.8,0.2,23.0
1782,11636,11637,1.6,0.267,18.73
1783,11638,11639,1.7,0.456,23.87
1784,11640,11641,7.0,0.667,85.13
1785,11642,11643,11.5,1.667,146.76
1786,11644,11645,16.828,86.076,89.51
1787,11646,11647,1.897,0.239,24.78
1788,11648,11649,2.621,0.315,32.67
1789,11650,11651,6.192,36.162,40.98
1790,11652,11653,6.962,0.998,92.3
1791,11656,11657,134.0,0.0,721.33
1792,11658,11659,3.538,0.258,41.76
1793,11662,11663,26.095,1501.09,42.09
1794,11664,11665,34.286,676.614,157.13
1795,11666,11667,19.913,24.628,312.16
1796,11676,11677,3.0,0.0,22.94
1797,11678,11679,10.0,0.0,99.45
1798,11680,11681,10.0,0.0,113.68
1799,11682,11683,2.0,0.0,29.1
1800,11686,11687,2.786,0.643,15.49
1801,11688,11689,8.333,5.381,79.36
1802,11706,11707,2.0,0.0,8.7
1803,11718,11719,3.0,0.0,25.28
1804,11720,11721,2.0,0.0,18.15
1805,11742,11743,57.0,0.0,138.8
1806,11750,11751,7.1,0.989,86.12
1807,11752,11753,5.4,0.267,63.85
1808,11756,11757,4.474,1.152,51.71
1809,11774,11775,3.0,0.0,24.7
1810,11790,11791,22.8,843.545,44.94
1811,11792,11793,15.483,268.187,61.32
1812,11794,11795,29.0,0.0,141.82
1813,11822,11823,10.15,3.503,101.05
1814,11824,11825,2.4,0.253,26.68
1815,11826,11827,11.15,1.187,136.87
1816,11828,11829,35.5,40.5,173.99
1817,11830,11831,15.0,0.0,75.97
1818,11856,11857,2.387,0.245,36.38
1819,11892,11893,7.0,0.0,39.0
1820,11894,11895,3.0,0.0,17.93
1821,11896,11897,3.0,0.0,43.87
1822,11898,11899,2.0,0.0,22.27
1823,11912,11913,2.6,2.948,26.99
1824,11914,11915,2.582,35.914,14.21
1825,11928,11929,46.0,0.0,188.38
1826,11930,11931,48.0,0.0,196.71
1827,11932,11933,4.0,0.0,15.21
1828,11980,11981,1.658,0.231,34.21
1829,11982,11983,3.947,0.376,84.08
1830,11984,11985,2.921,0.237,53.69
1831,11988,11989,6.452,5.056,75.14
1832,11990,11991,6.613,0.512,79.43
1833,11992,11993,7.323,1.092,88.51
1834,11994,11995,2.387,0.245,29.45
1835,11996,11997,5.516,0.391,68.02
1836,11998,11999,5.0,47.182,30.28
1837,12000,12001,1.435,0.257,14.95
1838,12002,12003,11.923,340.314,21.45
1839,12004,12005,5.8,0.333,71.39
1840,12006,12007,13.13,140.937,60.67
1841,12008,12009,5.92,169.66,22.4
1842,12010,12011,14.64,438.323,46.71
1843,12012,12013,2.522,0.261,30.32
1844,12014,12015,2.258,0.198,27.71
1845,12016,12017,1.516,0.258,14.72
1846,12018,12019,7.125,0.462,89.17
1847,12020,12021,1.333,0.232,16.92
1848,12022,12023,10.44,347.34,25.16
1849,12024,12025,11.28,212.71,61.97
1850,12026,12027,10.385,2.09,130.83
1851,12028,12029,5.235,0.441,68.28
1852,12030,12031,1.765,0.191,22.26
1853,12032,12033,1.706,0.221,21.26
1854,12034,12035,5.467,0.267,67.37
1855,12036,12037,4.357,2.534,51.43
1856,12038,12039,2.071,0.069,20.9
1857,12040,12041,13.0,0.0,94.81
1858,12044,12045,3.571,0.257,45.23
1859,12046,12047,2.9,0.305,33.91
1860,12050,12051,3.9,0.621,49.09
1861,12052,12053,6.7,1.274,84.59
1862,12054,12055,20.75,1069.071,21.49
1863,12068,12069,6.0,0.0,44.03
1864,12070,12071,10.0,0.0,84.2
1865,12080,12081,2.0,0.0,7.82
1866,12082,12083,2.333,0.333,8.48
1867,12086,12087,3.0,0.0,10.08
1868,12088,12089,17.0,0.0,72.89
1869,12100,12101,35.0,0.0,38.66
1870,12110,12111,8.115,5.786,89.74
1871,12112,12113,1.519,0.259,15.82
1872,12114,12115,9.5,1.1,64.02
1873,12116,12117,12.833,4.167,93.13
1874,12118,12119,4.5,0.7,32.29
1875,12120,12121,8.8,2.029,103.35
1876,12122,12123,2.75,0.25,21.3
1877,12124,12125,2.75,0.25,23.33
1878,12126,12127,7.0,0.667,56.34
1879,12128,12129,4.75,0.25,39.61
1880,12130,12131,9.25,124.917,25.16
1881,12134,12135,11.25,0.25,94.2
1882,12138,12139,12.211,1.398,148.33
1883,12140,12141,34.667,821.765,21.0
1884,12142,12143,6.632,39.135,46.76
1885,12172,12173,14.0,0.0,199.05
1886,12174,12175,4.0,0.0,72.59
1887,12178,12179,2.0,0.0,36.27
1888,12182,12183,4.0,0.0,37.31
1889,12184,12185,2.0,0.0,23.82
1890,12186,12187,7.0,0.0,91.65
1891,12188,12189,3.25,0.214,37.58
1892,12190,12191,4.875,0.125,58.75
1893,12196,12197,1.125,0.125,14.12
1894,12200,12201,2.0,0.0,17.06
1895,12202,12203,5.0,0.0,32.91
1896,12204,12205,2.0,0.0,14.78
1897,12208,12209,11.0,0.0,82.1
1898,12210,12211,17.0,0.0,125.77
1899,12218,12219,5.0,0.0,35.91
1900,12222,12223,2.0,0.0,8.41
1901,12234,12235,8.0,0.0,44.63
1902,12236,12237,8.804,199.672,41.09
1903,12242,12243,1.778,0.183,29.43
1904,12244,12245,9.389,2.134,225.84
1905,12246,12247,18.222,8.065,215.11
1906,12270,12271,3.0,0.0,26.39
1907,12276,12277,3.0,0.0,24.53
1908,12278,12279,16.0,0.0,118.85
1909,12280,12281,7.75,0.25,55.27
1910,12282,12283,5.5,0.333,38.61
1911,12284,12285,174.0,0.0,75.44
1912,12286,12287,5.0,0.0,39.58
1913,12292,12293,8.0,0.0,18.78
1914,12294,12295,20.0,0.0,44.09
1915,12300,12301,2.0,0.0,11.36
1916,12304,12305,2.25,0.25,16.06
1917,12306,12307,11.5,180.5,10.74
1918,12308,12309,2.5,0.5,15.33
1919,12318,12319,3.0,0.0,19.39
1920,12336,12337,3.0,0.0,29.0
1921,12338,12339,4.0,0.0,29.76
1922,12340,12341,5.0,0.0,39.89
1923,12342,12343,3.0,0.0,24.97
1924,12344,12345,6.0,0.0,45.76
1925,12346,12347,4.0,0.0,26.75
1926,12348,12349,7.0,0.0,50.98
1927,12350,12351,11.0,0.0,82.4
1928,12352,12353,3.5,0.5,19.06
1929,12362,12363,2.0,0.0,14.61
1930,12364,12365,8.0,0.0,60.14
1931,12366,12367,3.5,0.5,20.4
1932,12370,12371,2.0,0.0,14.21
1933,12372,12373,3.5,0.5,26.67
1934,12374,12375,5.5,0.5,45.07
1935,12382,12383,10.0,0.0,76.37
1936,12388,12389,5.0,0.0,31.82
1937,12390,12391,3.053,0.275,36.89
1938,12392,12393,2.792,0.346,34.73
1939,12394,12395,5.292,0.563,65.37
1940,12396,12397,3.593,0.328,42.14
1941,12402,12403,6.0,0.0,49.96
1942,12404,12405,2.0,0.0,16.52
1943,12406,12407,3.0,0.0,22.1
1944,12408,12409,2.0,0.0,13.59
1945,12412,12413,3.0,0.0,28.77
1946,12432,12433,3.0,0.0,19.55
1947,12438,12439,5.0,2.0,13.91
1948,12446,12447,2.333,0.333,31.41
1949,12448,12449,3.333,0.333,45.36
1950,12450,12451,2.0,0.0,33.46
1951,12452,12453,11.333,0.333,141.1
1952,12454,12455,6.333,0.333,83.44
1953,12456,12457,5.333,0.333,57.16
1954,12458,12459,13.5,81.0,46.0
1955,12472,12473,3.0,0.0,17.63
1956,12498,12499,14.0,0.0,36.85
1957,12508,12509,17.0,0.0,36.8
1958,12510,12511,30.0,0.0,63.2
1959,12512,12513,10.0,0.0,19.71
1960,12516,12517,96.0,0.0,207.25
1961,12518,12519,83.5,259.9,155.47
1962,12534,12535,38.25,17.583,188.85
1963,12538,12539,1.5,1.0,1.38
1964,12548,12549,33.25,8.917,263.81
1965,12550,12551,8.25,0.25,63.67
1966,12556,12557,3.5,0.5,24.62
1967,12558,12559,11.0,2.0,84.21
1968,12568,12569,2.75,0.25,22.71
1969,12580,12581,4.5,0.5,23.05
1970,12592,12593,2.0,0.556,22.83
1971,12594,12595,1.021,0.021,10.27
1972,12596,12597,4.661,0.701,54.85
1973,12598,12599,1.732,0.381,19.86
1974,12600,12601,3.179,0.658,36.77
1975,12602,12603,1.589,0.246,19.19
1976,12604,12605,7.071,0.841,95.43
1977,12606,12607,8.133,0.695,103.85
1978,12608,12609,2.2,0.314,25.91
1979,12610,12611,5.25,53.4,23.19
1980,12612,12613,3.0,0.0,26.65
1981,12616,12617,2.0,0.0,19.65
1982,12622,12623,3.533,0.41,44.13
1983,12624,12625,9.533,1.695,120.12
1984,12626,12627,1.867,0.124,17.75
1985,12634,12635,60.0,0.0,114.43
1986,12636,12637,12.95,382.767,109.36
1987,12642,12643,9.0,1.0,38.4
1988,12644,12645,8.0,0.0,30.38
1989,12646,12647,3.0,0.0,14.76
1990,12694,12695,3.0,0.0,10.14
1991,12702,12703,48.0,4050.0,16.61
1992,12716,12717,88.0,0.0,2.66
1993,12724,12725,23.0,57.0,101.1
1994,12730,12731,2.0,0.0,10.62
1995,12746,12747,36.0,0.0,72.63
1996,12752,12753,11.0,0.0,26.06
1997,12756,12757,17.182,154.564,22.61
1998,12758,12759,1.429,0.257,18.42
1999,12760,12761,3.857,0.529,49.55
2000,12762,12763,2.0,0.0,9.05
2001,12766,12767,3.0,0.0,11.12
2002,12770,12771,1.077,0.077,9.82
2003,12772,12773,7.0,0.923,90.33
2004,12776,12777,2.154,0.141,25.89
2005,12780,12781,3.769,0.692,47.36
2006,12782,12783,2.615,0.256,28.17
2007,12806,12807,5.0,0.0,23.28
2008,12816,12817,7.0,0.0,29.0
2009,12824,12825,4.0,0.0,17.7
2010,12856,12857,14.0,0.0,69.19
2011,12882,12883,3.0,0.0,16.16
2012,12896,12897,6.0,0.0,34.06
2013,12918,12919,3.0,0.0,16.06
2014,12988,12989,10.0,0.0,49.39
2015,13012,13013,6.667,0.333,48.67
2016,13014,13015,6.5,0.333,58.3
2017,13034,13035,5.333,0.333,23.52
2018,13036,13037,28.0,2.0,123.48
2019,13060,13061,32.0,0.0,72.69
2020,13070,13071,2.0,0.0,5.57
2021,13084,13085,11.5,0.5,54.05
2022,13086,13087,3.0,0.0,15.62
2023,13130,13131,86.0,0.0,349.38
2024,13154,13155,7.0,0.5,52.61
2025,13156,13157,7.889,0.361,61.79
2026,13170,13171,2.0,0.0,28.04
2027,13172,13173,4.0,0.0,58.2
2028,13174,13175,5.0,2.0,60.39
2029,13176,13177,2.0,0.0,21.0
2030,13180,13181,4.0,0.0,46.27
2031,13298,13299,2.0,0.0,14.63
2032,13300,13301,4.75,2.5,54.78
2033,13302,13303,3.75,0.5,65.29
2034,13304,13305,8.5,0.857,138.46
2035,13306,13307,1.875,0.125,32.25
2036,13308,13309,7.125,0.411,117.35
2037,13310,13311,10.444,2.379,251.82
2038,13312,13313,10.444,1.438,219.66
2039,13370,13371,5.0,0.0,57.46
2040,13372,13373,9.5,0.5,112.28
2041,13374,13375,3.5,0.5,36.73
2042,13376,13377,197.0,0.0,12.56
2043,13378,13379,157.0,0.0,39.89
2044,13382,13383,4.0,0.0,28.05
2045,13384,13385,12.0,0.0,122.17
2046,13394,13395,3.0,0.0,49.34
2047,13396,13397,5.0,0.0,60.87
2048,13410,13411,4.0,0.0,22.78
2049,13424,13425,6.0,0.0,69.53
2050,13426,13427,2.0,0.0,27.77
2051,13444,13445,10.5,1.389,111.56
2052,13446,13447,18.4,5.3,235.32
2053,13448,13449,9.667,0.333,107.93
2054,13450,13451,4.0,0.0,27.98
2055,13452,13453,73.0,4608.0,594.26
2056,13456,13457,14.0,0.0,76.57
2057,13470,13471,6.0,2.0,75.2
2058,13522,13523,7.0,0.0,41.31
2059,13540,13541,9.677,0.759,139.23
2060,13578,13579,2.611,0.369,17.42
2061,13580,13581,3.556,0.732,40.25
2062,13598,13599,3.429,35.952,9.16
2063,13600,13601,5.5,50.0,30.79
2064,13602,13603,48.5,4.5,85.67
2065,13604,13605,72.5,84.5,152.07
2066,13606,13607,6.5,0.5,48.11
2067,13610,13611,5.412,45.757,33.53
2068,13612,13613,9.938,2.196,123.75
2069,13614,13615,90.0,0.0,3.67
2070,13616,13617,74.0,0.0,16.69
2071,13620,13621,12.5,0.5,64.29
2072,13622,13623,6.0,0.0,30.22
2073,13636,13637,12.0,0.0,6.26
2074,13654,13655,9.0,1.0,69.32
2075,13656,13657,6.667,1.333,59.02
2076,13658,13659,7.333,0.333,58.51
2077,13858,13859,2.0,0.0,19.22
2078,13860,13861,7.0,0.0,56.18
2079,13862,13863,4.0,0.0,26.08
2080,13864,13865,2.0,0.0,16.56
2081,13870,13871,5.0,0.0,30.25
2082,13872,13873,2.5,0.333,14.96
2083,13874,13875,3.0,0.0,19.51
2084,13906,13907,1.4,0.3,17.83
2085,13910,13911,9.625,27.125,85.82
2086,13912,13913,3.375,0.268,38.0
2087,13914,13915,1.25,0.214,12.42
2088,13916,13917,2.429,0.286,28.32
2089,13942,13943,9.0,0.0,22.62
2090,13952,13953,7.0,0.0,46.03
2091,13956,13957,24.5,0.5,174.34
2092,13968,13969,4.0,0.0,35.75
2093,13970,13971,4.0,0.0,37.04
2094,14026,14027,5.0,0.0,63.63
2095,14028,14029,2.2,0.2,34.05
2096,14030,14031,7.312,59.029,38.65
2097,14032,14033,4.3,0.678,51.5
2098,14034,14035,5.4,0.489,61.95
2099,14040,14041,5.0,0.0,27.0
2100,14044,14045,15.0,0.0,47.37
2101,14046,14047,3.0,0.0,14.08
2102,14066,14067,8.5,0.333,59.48
2103,14068,14069,4.5,0.333,31.7
2104,14072,14073,12.333,0.333,88.77
2105,14076,14077,4.667,0.333,35.83
2106,14078,14079,12.0,2.0,93.01
2107,14080,14081,4.0,0.0,30.88
2108,14082,14083,15.0,2.0,113.72
2109,14086,14087,20.0,0.0,182.4
2110,14088,14089,7.0,0.0,63.57
2111,14090,14091,12.0,2.0,87.99
2112,14116,14117,16.0,0.0,69.57
2113,14120,14121,3.25,0.386,42.16
2114,14122,14123,15.833,234.879,43.47
2115,14124,14125,4.75,0.25,40.38
2116,14126,14127,2.75,0.25,21.32
2117,14128,14129,6.25,0.25,54.73
2118,14130,14131,6.0,0.5,74.22
2119,14132,14133,22.5,17.429,151.88
2120,14134,14135,8.0,0.857,60.65
2121,14138,14139,5.333,0.267,40.87
2122,14140,14141,3.333,0.267,25.11
2123,14142,14143,3.5,0.3,26.29
2124,14144,14145,2.217,0.178,27.98
2125,14150,14151,6.0,0.0,54.66
2126,14158,14159,1.877,0.217,24.65
2127,14160,14161,2.636,0.31,33.87
2128,14162,14163,4.182,0.3,53.54
2129,14176,14177,3.0,0.0,39.73
2130,14178,14179,7.333,0.667,87.08
2131,14180,14181,9.5,2.0,116.22
2132,14182,14183,5.5,0.857,71.41
2133,14184,14185,4.0,0.0,36.49
2134,14188,14189,6.0,0.0,48.06
2135,14190,14191,9.0,0.0,72.77
2136,14206,14207,7.0,0.0,60.21
2137,14208,14209,2.5,0.5,19.13
2138,14216,14217,9.0,8.5,87.61
2139,14218,14219,3.545,0.473,24.01
2140,14226,14227,18.0,0.667,131.5
2141,14252,14253,3.0,0.0,11.81
2142,14254,14255,16.182,3.164,204.9
2143,14256,14257,4.385,0.256,50.38
2144,14258,14259,11.846,0.974,134.94
2145,14260,14261,1.077,0.077,14.52
2146,14262,14263,1.846,0.474,21.77
2147,14264,14265,5.765,25.441,25.07
2148,14272,14273,16.571,3.952,323.52
2149,14274,14275,5.143,2.143,98.88
2150,14276,14277,1.167,0.167,26.72
2151,14288,14289,47.0,0.0,225.97
2152,14292,14293,12.0,0.0,152.62
2153,14294,14295,4.333,0.333,27.28
2154,14296,14297,7.333,1.333,51.13
2155,14298,14299,3.667,0.333,27.33
2156,14302,14303,22.75,639.114,24.63
2157,14304,14305,16.385,116.923,59.25
2158,14306,14307,2.385,0.256,15.68
2159,14310,14311,9.444,0.778,68.92
2160,14312,14313,2.556,0.278,17.75
2161,14324,14325,7.0,0.0,93.95
2162,14336,14337,21.0,0.0,30.96
2163,14352,14353,10.0,0.0,76.41
2164,14372,14373,23.0,0.0,108.15
2165,14382,14383,12.0,0.0,29.59
2166,14384,14385,5.0,0.5,25.19
2167,14388,14389,5.0,0.5,25.45
2168,14390,14391,1.5,0.333,8.96
2169,14394,14395,23.5,3.667,123.57
2170,14404,14405,5.217,1.36,70.06
2171,14426,14427,3.0,0.0,27.34
2172,14430,14431,2.0,0.0,22.01
2173,14432,14433,2.333,0.235,28.77
2174,14438,14439,25.0,13.6,305.31
2175,14440,14441,2.833,0.567,33.54
2176,14442,14443,6.0,0.4,77.08
2177,14452,14453,54.0,0.0,272.65
2178,14466,14467,33.0,0.0,502.82
2179,14468,14469,39.6,4.3,319.64
2180,14470,14471,19.25,1.583,158.08
2181,14476,14477,4.636,0.455,56.47
2182,14484,14485,10.0,0.0,126.99
2183,14486,14487,4.5,0.5,35.48
2184,14488,14489,1.667,0.242,18.89
2185,14492,14493,5.417,0.265,70.23
2186,14512,14513,5.0,0.0,40.63
2187,14516,14517,5.0,0.0,43.37
2188,14532,14533,76.4,12278.3,26.28
2189,14534,14535,34.4,2030.3,106.67
2190,14536,14537,6.667,0.333,29.53
2191,14550,14551,3.333,0.333,26.43
2192,14552,14553,8.6,2.3,58.4
2193,14556,14557,19.0,0.0,41.42
2194,14560,14561,6.0,0.0,43.3
2195,14586,14587,6.375,1.125,48.25
2196,14588,14589,4.0,0.286,29.6
2197,14600,14601,3.0,0.0,35.47
2198,14608,14609,2.5,0.333,19.34
2199,14622,14623,11.0,0.0,46.35
2200,14648,14649,17.0,0.0,186.73
2201,14664,14665,3.0,0.0,15.39
2202,14666,14667,2.0,0.0,13.49
2203,14668,14669,10.0,0.0,67.47
2204,14698,14699,11.0,2.0,61.58
2205,14700,14701,20.0,8.0,107.44
2206,14702,14703,12.0,2.0,61.48
2207,14704,14705,3.5,0.5,17.99
2208,14708,14709,8.0,0.0,47.33
2209,14720,14721,11.0,1.5,81.93
2210,14722,14723,1.6,0.3,11.43
2211,14724,14725,6.0,0.5,46.4
2212,14728,14729,1.8,0.2,13.61
2213,14820,14821,12.0,2.0,93.71
2214,14828,14829,10.0,0.0,72.31
2215,14834,14835,3.0,0.0,19.72
2216,14836,14837,6.0,0.0,38.86
2217,14848,14849,164.5,60.5,841.98
2218,14852,14853,12.0,0.0,65.78
2219,14858,14859,77.5,180.5,375.27
2220,14860,14861,92.0,0.0,523.45
2221,14868,14869,10.333,359.067,30.43
2222,14870,14871,4.833,0.567,51.93
2223,14872,14873,12.0,76.0,21.51
2224,14874,14875,2.0,0.0,26.07
2225,14876,14877,2.0,0.0,27.49
2226,14880,14881,21.5,180.5,151.35
2227,14882,14883,2.667,0.333,28.82
2228,14886,14887,8.5,0.5,102.37
2229,14888,14889,4.5,0.5,44.07
2230,14890,14891,2.0,0.0,26.45
2231,14892,14893,9.0,0.0,18.57
2232,14906,14907,11.474,1.596,217.67
2233,14908,14909,4.895,0.544,95.24
2234,14910,14911,2.45,0.261,25.2
2235,14926,14927,166.0,0.0,3.37
2236,14950,14951,33.75,1166.303,421.77
2237,14952,14953,3.0,0.0,40.06
2238,14954,14955,28.0,0.0,449.23
2239,14956,14957,9.0,0.0,151.09
2240,14958,14959,7.5,0.5,114.71
2241,14960,14961,2.0,0.0,33.37
2242,14962,14963,3.0,0.0,41.41
2243,14964,14965,14.0,0.0,189.85
2244,14966,14967,15.0,0.0,175.6
2245,14968,14969,122.0,0.0,561.1
2246,14972,14973,8.0,1.0,60.87
2247,14974,14975,2.0,0.0,18.58
2248,14994,14995,4.0,0.0,25.84
2249,15004,15005,13.0,0.0,71.52
2250,15006,15007,16.0,0.0,103.09
2251,15010,15011,4.0,0.0,27.01
2252,15160,15161,5.0,0.0,27.69
2253,15188,15189,3.0,0.0,4.55
2254,15190,15191,58.5,12.5,306.63
2255,15196,15197,7.0,0.0,32.99
2256,15198,15199,6.0,0.0,27.12
2257,15200,15201,11.0,0.0,52.54
2258,15214,15215,16.0,0.0,30.17
2259,15216,15217,21.0,0.0,38.27
2260,15218,15219,22.0,0.0,45.34
2261,15224,15225,29.192,280.962,227.65
2262,15226,15227,7.0,0.56,102.72
2263,15228,15229,5.692,0.382,88.98
2264,15230,15231,4.68,0.477,68.0
2265,15232,15233,2.342,0.339,27.22
2266,15234,15235,3.105,0.908,34.56
2267,15240,15241,29.0,0.0,145.74
2268,15262,15263,1.5,0.5,7.45
2269,15270,15271,7.0,0.0,34.92
2270,15272,15273,3.25,0.25,19.04
2271,15274,15275,10.0,0.0,50.27
2272,15276,15277,2.0,0.0,6.25
2273,15284,15285,11.0,0.0,58.24
2274,15292,15293,3.0,0.0,12.31
2275,15294,15295,7.0,0.0,41.04
2276,15364,15365,8.25,1.071,111.27
2277,15366,15367,1.125,0.125,12.2
2278,15370,15371,9.0,1.0,116.31
2279,15374,15375,8.0,0.0,43.83
2280,15376,15377,7.667,0.333,96.58
2281,15378,15379,14.0,1.0,195.33
2282,15400,15401,8.0,0.0,43.81
2283,15458,15459,7.0,61.0,12.57
2284,15460,15461,2.0,0.0,10.7
2285,15480,15481,23.0,0.0,189.72
2286,15482,15483,12.0,0.0,144.89
2287,15484,15485,9.0,0.0,119.17
2288,15486,15487,24.938,327.544,31.1
2289,15488,15489,3.188,16.609,25.3
2290,15492,15493,20.667,6.333,230.81
2291,15494,15495,8.619,1.148,177.78
2292,15496,15497,9.692,0.731,101.13
2293,15498,15499,25.176,287.279,35.91
2294,15500,15501,71.467,847.552,255.28
2295,15502,15503,25.0,31.0,122.61
2296,15504,15505,28.0,0.0,146.96
2297,15506,15507,83.0,0.0,437.93
2298,15512,15513,20.0,213.556,39.49
2299,15516,15517,3.6,46.711,15.28
2300,15518,15519,6.5,0.722,77.65
2301,15524,15525,10.882,53.258,77.43
2302,15526,15527,7.5,0.5,83.98
2303,15538,15539,6.0,0.0,47.55
2304,15540,15541,4.0,0.0,28.82
2305,15562,15563,7.0,0.0,32.71
2306,15570,15571,23.5,5.667,186.09
2307,15582,15583,11.286,31.571,108.38
2308,15584,15585,5.0,0.333,59.4
2309,15586,15587,10.375,1.125,132.21
2310,15588,15589,1.875,0.125,17.09
2311,15590,15591,7.667,14.333,44.23
2312,15592,15593,5.333,0.333,39.49
2313,15594,15595,19.333,4.333,153.66
2314,15596,15597,6.0,1.0,46.41
2315,15598,15599,4.0,0.0,46.98
2316,15600,15601,2.0,0.0,9.69
2317,15610,15611,2.0,0.0,10.42
2318,15632,15633,7.5,0.5,41.14
2319,15650,15651,2.0,0.0,5.99
2320,15674,15675,9.0,0.0,40.95
2321,15694,15695,2.0,0.0,0.33
2322,15702,15703,3.0,0.0,14.12
2323,15710,15711,6.73,637.369,27.4
2324,15712,15713,13.189,1711.658,45.06
2325,15714,15715,1.125,0.117,2.01
2326,15718,15719,7.5,0.5,53.52
2327,15720,15721,9.5,0.5,72.6
2328,15722,15723,13.0,98.0,25.37
2329,15724,15725,2.957,0.225,37.0
2330,15730,15731,3.174,0.332,41.82
2331,15732,15733,9.476,0.562,119.98
2332,15734,15735,5.381,1.248,41.95
2333,15736,15737,2.889,0.575,29.96
2334,15738,15739,2.278,0.33,26.07
2335,15742,15743,1.571,0.357,16.97
2336,15744,15745,5.143,1.029,61.58
2337,15746,15747,27.769,599.526,35.63
2338,15748,15749,13.0,3.0,91.57
2339,15752,15753,33.1,4468.989,74.76
2340,15754,15755,47.7,3221.567,72.97
2341,15838,15839,2.333,2.333,1.83
2342,15840,15841,6.0,0.0,1.1
2343,15842,15843,1.5,0.5,2.76
2344,15844,15845,1.5,0.5,0.69
2345,15864,15865,6.0,0.0,46.19
2346,15866,15867,10.0,0.0,66.31
2347,15868,15869,9.4,0.3,64.42
2348,15870,15871,11.0,0.0,72.95
2349,15872,15873,7.0,0.0,41.88
2350,15874,15875,7.5,0.5,51.64
2351,15876,15877,4.5,0.333,28.22
2352,15878,15879,10.0,0.0,71.11
2353,15880,15881,6.5,0.333,41.3
2354,15890,15891,4.0,0.0,30.32
2355,15894,15895,2.75,0.25,21.95
2356,15896,15897,22.25,4.25,274.81
2357,15898,15899,13.167,254.567,45.8
2358,15900,15901,1.833,0.167,19.84
2359,15902,15903,3.167,0.167,34.9
2360,15904,15905,14.049,368.898,43.94
2361,15908,15909,1.75,0.917,12.1
2362,15910,15911,4.25,0.25,28.63
2363,15916,15917,4.0,0.667,30.09
2364,15936,15937,4.0,0.222,45.87
2365,15944,15945,8.862,534.123,10.41
2366,15946,15947,27.632,432.801,55.75
2367,15956,15957,2.25,0.25,11.69
2368,15970,15971,2.667,0.333,8.72
2369,15972,15973,7.353,0.868,88.46
2370,15974,15975,7.0,0.0,71.58
2371,15976,15977,3.333,0.333,14.82
2372,16016,16017,8.0,0.0,19.35
2373,16040,16041,31.0,0.0,149.26
2374,16044,16045,30.0,0.0,128.92
2375,16050,16051,4.0,0.0,5.86
2376,16066,16067,1.05,0.05,11.47
2377,16074,16075,19.9,5.674,389.64
2378,16076,16077,20.429,24.457,425.02
2379,16078,16079,7.095,0.59,130.06
2380,16080,16081,11.789,1.064,180.72
2381,16180,16181,19.0,0.0,100.66
2382,16194,16195,4.0,0.0,32.48
2383,16204,16205,2.0,0.0,21.04
2384,16206,16207,6.0,0.0,72.09
2385,16208,16209,5.0,0.0,56.66
2386,16216,16217,9.0,0.0,42.59
2387,16218,16219,6.0,1.182,67.09
2388,16226,16227,16.333,2.333,209.79
2389,16228,16229,5.333,0.333,69.74
2390,16234,16235,1.163,0.389,10.44
2391,16236,16237,40.0,0.0,8.44
2392,16240,16241,3.0,0.0,23.47
2393,16242,16243,2.0,0.0,12.48
2394,16248,16249,2.0,0.0,18.7
2395,16274,16275,1.4,0.253,18.59
2396,16300,16301,2.5,0.5,32.82
2397,16302,16303,2.0,0.0,16.75
2398,16314,16315,1.269,0.205,14.74
2399,16344,16345,8.0,1.143,97.22
2400,16346,16347,3.889,0.611,48.84
2401,16348,16349,5.667,0.75,73.59
2402,16350,16351,2.0,0.0,18.54
2403,16378,16379,58.0,18.0,292.08
2404,16380,16381,24.0,0.0,109.12
2405,16384,16385,10.25,30.25,90.77
2406,16388,16389,25.8,6.2,205.98
2407,16394,16395,10.077,2.314,144.89
2408,16396,16397,3.0,0.0,16.02
2409,16418,16419,2.75,0.25,23.1
2410,16428,16429,2.0,0.0,7.04
2411,16432,16433,20.0,288.0,35.76
2412,16436,16437,2.0,0.0,16.85
2413,16442,16443,5.0,0.0,50.51
2414,16500,16501,3.714,0.414,43.37
2415,16510,16511,17.0,0.0,75.72
2416,16522,16523,38.45,1977.382,145.02
2417,16524,16525,15.216,1052.119,19.96
2418,16528,16529,4.0,0.0,18.89
2419,16532,16533,3.5,0.5,18.68
2420,16534,16535,14.0,0.0,72.64
2421,16544,16545,17.043,4.134,260.19
2422,16560,16561,11.0,0.0,179.12
2423,16566,16567,8.476,4.362,65.64
2424,16584,16585,2.0,0.0,11.21
2425,16590,16591,3.0,0.0,11.21
2426,16624,16625,3.833,0.167,37.72
2427,16634,16635,3.0,0.0,16.99
2428,16650,16651,5.0,0.0,25.27
2429,16654,16655,5.654,0.555,69.78
2430,16658,16659,17.154,2.615,253.03
2431,16660,16661,31.0,21.44,482.97
2432,16670,16671,13.0,0.0,110.66
2433,16680,16681,17.0,0.0,140.71
2434,16682,16683,21.0,0.0,166.63
2435,16686,16687,4.0,0.0,35.27
2436,16688,16689,11.0,0.0,85.46
2437,16690,16691,1.25,0.214,11.76
2438,16692,16693,4.375,0.268,32.09
2439,16694,16695,1.5,0.286,10.02
2440,16696,16697,13.545,6.473,158.93
2441,16698,16699,4.818,0.764,61.05
2442,16700,16701,2.273,0.218,27.95
2443,16702,16703,3.182,0.164,45.13
2444,16704,16705,1.182,0.164,13.67
2445,16706,16707,3.273,0.218,44.58
2446,16726,16727,10.0,0.0,46.91
2447,16814,16815,1.667,0.333,9.54
2448,16816,16817,21.0,0.0,103.32
2449,16820,16821,4.0,0.0,20.69
2450,16842,16843,2.75,0.917,20.58
2451,16844,16845,2.0,0.0,14.04
2452,16856,16857,6.0,0.0,28.4
2453,16858,16859,20.0,0.0,42.5
2454,16900,16901,1.304,0.221,14.08
2455,16904,16905,2.0,0.0,18.04
2456,16906,16907,24.0,0.0,108.94
2457,16908,16909,18.5,0.5,89.26
2458,16926,16927,13.789,103.287,80.26
2459,16944,16945,1.923,0.074,20.62
2460,16952,16953,4.625,0.554,58.29
2461,16954,16955,1.625,0.268,20.49
2462,16956,16957,5.0,2.444,54.7
2463,16958,16959,4.182,0.964,51.59
2464,16960,16961,2.545,0.273,33.88
2465,16972,16973,1.571,0.286,6.71
2466,16980,16981,5.0,0.0,25.96
2467,16986,16987,1.545,0.273,19.52
2468,16990,16991,49.0,25.0,18.27
2469,16992,16993,6.0,0.0,43.61
2470,16994,16995,5.0,0.0,33.01
2471,16996,16997,2.0,0.0,14.96
2472,16998,16999,17.0,0.0,117.23
2473,17002,17003,6.0,0.0,78.13
2474,17004,17005,5.0,0.0,56.06
2475,17012,17013,3.0,0.0,17.49
2476,17014,17015,12.0,1.0,90.54
2477,17016,17017,1.5,0.5,10.37
2478,17030,17031,3.0,0.0,28.14
2479,17034,17035,2.0,0.0,36.5
2480,17036,17037,3.0,0.0,29.42
2481,17038,17039,5.647,0.368,78.59
2482,17040,17041,11.588,84.507,73.55
2483,17042,17043,8.588,23.632,100.12
2484,17064,17065,1.333,0.333,19.11
2485,17066,17067,1.333,0.333,16.64
2486,17068,17069,2.0,0.0,25.92
2487,17126,17127,20.909,5.091,530.03
2488,17128,17129,61.0,0.0,305.61
2489,17130,17131,7.0,0.0,38.67
2490,17134,17135,6.364,1.055,96.28
2491,17140,17141,9.0,0.0,47.61
2492,17152,17153,5.0,0.0,51.08
2493,17154,17155,5.0,0.0,62.73
2494,17180,17181,251.0,0.0,21.81
2495,17186,17187,2.0,0.4,12.78
2496,17188,17189,52.667,1005.867,16.26
2497,17192,17193,2.0,0.0,24.87
2498,17194,17195,58.0,0.0,39.24
2499,17196,17197,13.0,0.0,129.49
2500,17198,17199,4.0,0.0,37.34
2501,17200,17201,1.286,0.212,18.83
2502,17210,17211,4.667,0.333,36.35
2503,17212,17213,4.667,0.333,26.44
2504,17218,17219,7.0,0.0,32.23
2505,17232,17233,3.969,0.096,40.36
2506,17234,17235,7.233,46.392,35.77
2507,17236,17237,4.4,36.114,23.82
2508,17238,17239,3.6,2.543,38.86
2509,17240,17241,1.4,0.257,17.73
2510,17242,17243,4.625,0.25,55.9
2511,17244,17245,2.0,0.267,22.81
2512,17250,17251,1.111,0.105,13.51
2513,17256,17257,7.5,7.5,45.67
2514,17262,17263,18.0,0.0,98.3
2515,17264,17265,3.167,0.282,42.06
2516,17266,17267,1.8,0.168,22.76
2517,17268,17269,1.955,0.331,31.38
2518,17270,17271,16.13,121.209,78.76
2519,17272,17273,4.652,43.146,13.76
2520,17276,17277,3.0,0.0,11.42
2521,17286,17287,4.0,0.667,30.77
2522,17288,17289,4.75,1.083,34.27
2523,17290,17291,2.286,0.286,17.26
2524,17292,17293,15.588,129.257,75.43
2525,17296,17297,20.0,0.0,101.8
2526,17300,17301,134.0,364.0,558.75
2527,17310,17311,7.0,0.667,34.46
2528,17312,17313,4.0,0.667,19.54
2529,17316,17317,2.5,0.333,10.96
2530,17318,17319,14.286,61.905,43.89
2531,17344,17345,88.0,456.667,11.67
2532,17360,17361,11.0,3.0,80.01
2533,17386,17387,7.0,0.0,69.73
2534,17410,17411,7.0,0.0,32.66
2535,17412,17413,15.0,0.0,72.38
2536,17414,17415,14.0,0.0,68.93
2537,17428,17429,22.0,0.0,101.92
2538,17430,17431,15.0,0.0,72.96
2539,17448,17449,3.0,0.0,18.33
2540,17516,17517,3.0,0.0,13.71
2541,17550,17551,1.5,0.5,3.88
2542,17566,17567,8.0,0.0,31.9
2543,17568,17569,3.0,0.0,17.33
2544,17644,17645,15.0,8.0,66.17
2545,17690,17691,5.0,0.0,25.7
2546,17714,17715,33.0,0.0,192.19
2547,17716,17717,17.0,0.0,101.0
2548,17760,17761,2.0,0.0,7.78
2549,17764,17765,14.0,2.0,62.61
2550,17776,17777,9.0,0.667,41.9
2551,17778,17779,1.2,0.2,4.87
2552,17780,17781,18.0,0.0,83.44
2553,17784,17785,10.0,0.0,42.15
2554,17786,17787,11.0,0.0,51.72
2555,17804,17805,8.0,0.0,32.61
2556,17820,17821,4.0,0.0,21.21
2557,17834,17835,2.0,0.0,11.83
2558,17848,17849,11.0,0.0,9.25
2559,17852,17853,17.0,0.0,85.21
2560,17856,17857,5.0,0.0,26.37
2561,17858,17859,7.0,0.0,31.15
2562,17860,17861,9.0,0.0,38.26
2563,17862,17863,5.0,0.0,22.27
2564,17870,17871,21.941,35.184,465.81
2565,17872,17873,4.059,0.434,81.48
2566,17874,17875,3.941,0.059,62.78
2567,17884,17885,2.711,0.211,57.84
2568,17960,17961,21.0,0.0,93.05
2569,17966,17967,8.0,0.0,15.18
2570,17968,17969,5.0,0.0,12.28
2571,17970,17971,13.0,0.0,61.91
2572,17982,17983,7.0,0.0,48.52
2573,18008,18009,2.778,0.194,32.97
2574,18010,18011,11.0,425.5,49.1
2575,18012,18013,1.444,0.278,15.54
2576,18014,18015,2.889,0.111,35.12
2577,18016,18017,6.9,0.322,82.55
2578,18018,18019,2.75,0.214,30.35
2579,18020,18021,4.111,0.111,53.05
2580,18026,18027,6.12,132.11,21.78
2581,18032,18033,45.667,662.333,105.49
2582,18036,18037,2.0,0.0,26.71
2583,18038,18039,3.0,0.0,28.33
2584,18040,18041,5.0,0.0,37.96
2585,18042,18043,10.667,4.333,77.74
2586,18044,18045,34.5,1404.5,30.72
2587,18046,18047,22.2,1058.083,58.51
2588,18048,18049,9.625,720.505,15.6
2589,18050,18051,72.154,1001.895,65.16
2590,18062,18063,19.0,0.0,90.15
2591,18148,18149,13.0,2.0,94.64
2592,18150,18151,19.5,4.5,21.48
2593,18186,18187,33.0,0.0,164.07
2594,18210,18211,6.0,0.0,34.49
2595,18214,18215,5.0,0.0,21.04
2596,18266,18267,11.594,1.733,143.38
2597,18268,18269,4.844,0.652,61.1
2598,18284,18285,5.0,0.0,30.84
2599,18310,18311,5.0,0.0,30.42
2600,18358,18359,11.0,0.0,53.79
2601,18360,18361,24.0,0.0,122.85
2602,18362,18363,20.0,0.0,104.08
2603,18368,18369,12.0,0.0,60.49
2604,18422,18423,7.0,0.0,38.06
2605,18450,18451,2.0,0.0,12.27
2606,18466,18467,5.0,0.0,29.87
2607,18468,18469,1.5,0.5,9.48
2608,18470,18471,9.0,2.0,72.17
2609,18474,18475,32.5,4.5,215.98
2610,18478,18479,52.594,2253.41,198.94
2611,18480,18481,16.71,184.68,164.77
2612,18482,18483,2.355,0.237,26.56
2613,18484,18485,1.067,0.064,13.56
2614,18486,18487,41.7,140.562,426.06
2615,18488,18489,16.029,2.087,198.95
2616,18508,18509,5.0,0.0,18.04
2617,18510,18511,31.0,0.0,133.48
2618,18590,18591,7.0,0.0,29.23
2619,18632,18633,22.5,1792.333,19.9
2620,18634,18635,87.2,17932.7,45.44
2621,18726,18727,10.0,0.0,39.32
2622,18730,18731,243.0,0.0,6.74
2623,18786,18787,6.0,2.0,33.56
2624,18806,18807,11.0,0.0,66.03
2625,18828,18829,8.0,0.0,40.61
2626,18856,18857,9.0,0.0,40.09
2627,18868,18869,9.0,0.0,40.27
2628,18870,18871,10.0,0.0,53.73
2629,18880,18881,3.0,0.0,15.99
2630,18890,18891,9.0,0.0,36.21
2631,18892,18893,6.0,0.0,30.32
2632,18946,18947,14.0,0.0,70.33
2633,18960,18961,5.5,0.5,25.15
2634,18964,18965,7.0,2.0,30.38
2635,18986,18987,2.0,0.0,22.26
2636,19010,19011,18.0,0.0,112.3
2637,19012,19013,8.2,1.2,58.07
2638,19014,19015,40.0,0.0,295.98
2639,19020,19021,18.5,4.5,138.94
2640,19022,19023,5.667,0.333,46.58
2641,19024,19025,7.0,2.0,55.76
2642,19026,19027,15.5,0.5,128.7
2643,19028,19029,16.5,0.5,138.4
2644,19030,19031,6.0,0.0,52.07
2645,19032,19033,9.0,0.0,74.89
2646,19034,19035,9.0,0.0,78.71
2647,19038,19039,1.167,0.167,6.43
2648,19044,19045,26.0,0.0,173.4
2649,19056,19057,4.0,0.0,32.22
2650,19092,19093,2.0,0.0,16.24
2651,19104,19105,5.0,0.0,33.19
2652,19106,19107,6.0,0.0,36.87
2653,19118,19119,4.5,0.5,26.59
2654,19140,19141,4.05,0.155,48.73
2655,19154,19155,17.0,2.0,72.86
2656,19156,19157,18.5,4.5,79.59
2657,19160,19161,7.0,0.0,49.35
2658,19166,19167,2.2,0.178,27.57
2659,19168,19169,5.2,0.4,60.66
2660,19170,19171,2.3,0.233,28.13
2661,19172,19173,17.9,2.989,208.02
2662,19176,19177,3.188,0.296,38.23
2663,19178,19179,1.938,0.062,25.22
2664,19198,19199,9.0,0.0,75.17
2665,19212,19213,18.333,7.067,128.21
2666,19214,19215,13.5,4.5,99.58
2667,19216,19217,21.0,0.0,121.36
2668,19222,19223,16.0,0.0,80.31
2669,19228,19229,8.0,0.0,37.39
2670,19230,19231,2.0,0.0,6.22
2671,19240,19241,4.0,0.0,21.28
2672,19256,19257,16.5,4.5,80.22
2673,19264,19265,2.0,0.0,11.39
2674,19268,19269,11.0,2.0,80.48
2675,19270,19271,5.0,0.667,36.63
2676,19272,19273,10.0,1.0,72.44
2677,19278,19279,14.0,0.0,71.39
2678,19284,19285,15.364,255.29,43.29
2679,19286,19287,2.364,0.242,36.31
2680,19290,19291,29.0,0.0,121.05
2681,19296,19297,6.0,0.0,28.79
2682,19306,19307,9.0,3.818,159.56
2683,19312,19313,20.0,0.0,6.38
2684,19326,19327,2.0,0.0,9.52
2685,19328,19329,6.0,0.0,34.62
2686,19330,19331,2.0,0.0,5.47
2687,19334,19335,2.0,0.0,7.14
2688,19344,19345,6.0,0.462,75.33
2689,19406,19407,4.0,0.0,24.75
2690,19408,19409,12.5,4.5,91.38
2691,19418,19419,3.0,0.0,25.74
2692,19420,19421,3.0,0.0,24.48
2693,19422,19423,3.0,0.0,23.92
2694,19424,19425,3.0,0.0,24.38
2695,19438,19439,23.238,766.09,21.19
2696,19442,19443,2.0,0.0,12.54
2697,19444,19445,1.222,0.194,3.31
2698,19446,19447,7.5,4.636,84.01
2699,19448,19449,34.857,970.029,76.63
2700,19450,19451,8.143,143.029,44.14
2701,19452,19453,5.409,0.444,65.91
2702,19454,19455,11.842,1.474,151.69
2703,19456,19457,4.25,0.333,54.76
2704,19458,19459,4.933,0.21,64.1
2705,19460,19461,12.941,127.184,114.97
2706,19472,19473,2.0,0.0,7.24
2707,19484,19485,3.0,0.0,18.36
2708,19490,19491,3.25,0.25,18.77
2709,19494,19495,18.5,4.5,96.01
2710,19496,19497,2.5,0.5,10.01
2711,19514,19515,17.0,0.0,76.46
2712,19532,19533,1.667,0.333,13.51
2713,19536,19537,2.333,0.333,19.29
2714,19538,19539,8.2,1.7,88.99
2715,19540,19541,4.375,0.554,37.88
2716,19554,19555,21.259,126.276,158.12
2717,19556,19557,1.412,0.257,12.2
2718,19568,19569,9.0,0.0,98.48
2719,19572,19573,2.0,0.0,12.31
2720,19592,19593,4.071,0.533,50.99
2721,19594,19595,26.429,159.495,100.8
2722,19596,19597,9.0,0.0,41.6
2723,19614,19615,5.0,0.0,9.08
2724,19618,19619,5.333,0.333,44.67
2725,19620,19621,3.0,0.0,18.89
2726,19624,19625,1.727,0.418,13.44
2727,19672,19673,2.4,0.3,30.42
2728,19676,19677,18.613,323.045,27.95
2729,19678,19679,18.583,455.099,42.83
2730,19680,19681,13.576,342.502,19.04
2731,19682,19683,45.0,364.0,17.26
2732,19684,19685,24.833,755.206,26.62
2733,19686,19687,1.859,8.008,16.67
2734,19688,19689,15.895,404.097,19.51
2735,19690,19691,6.028,101.142,23.15
2736,19692,19693,34.9,700.322,27.57
2737,19694,19695,5.321,0.671,79.73
2738,19696,19697,2.25,0.277,26.15
2739,19706,19707,2.647,10.868,12.14
2740,19708,19709,30.412,859.007,25.21
2741,19710,19711,3.0,0.0,30.57
2742,19712,19713,5.333,0.25,63.91
2743,19714,19715,2.182,0.346,25.72
2744,19716,19717,3.091,0.372,38.61
2745,19718,19719,3.818,0.364,40.41
2746,19722,19723,2.273,1.618,18.44
2747,19724,19725,2.917,0.083,20.79
2748,19726,19727,4.833,0.879,60.16
2749,19728,19729,2.5,0.273,33.26
2750,19730,19731,7.417,118.992,54.68
2751,19742,19743,6.0,0.0,36.62
2752,19748,19749,2.333,0.333,28.86
2753,19758,19759,5.333,0.333,82.23
2754,19760,19761,13.667,1.333,247.46
2755,19768,19769,26.0,0.0,49.76
2756,19780,19781,9.0,0.0,71.65
2757,19798,19799,5.5,0.5,38.68
2758,19804,19805,11.0,0.0,80.34
2759,19808,19809,47.568,58.53,2525.79
2760,19812,19813,7.913,1.356,159.67
2761,19816,19817,7.5,21.667,77.67
2762,19818,19819,7.333,0.629,70.9
2763,19820,19821,6.0,0.0,47.37
2764,19822,19823,5.0,0.167,56.26
2765,19828,19829,21.0,128.0,17.09
2766,19830,19831,34.0,0.0,77.79
2767,19832,19833,2.0,0.0,9.73
2768,19840,19841,6.205,0.641,81.35
2769,19842,19843,72.909,12583.801,112.77
2770,19844,19845,27.04,2228.29,31.1
2771,19884,19885,3.0,0.0,21.4
2772,19888,19889,2.0,0.0,25.41
2773,19928,19929,4.0,0.0,26.25
2774,19970,19971,10.306,285.134,32.14
2775,19972,19973,15.377,67.005,132.77
2776,19974,19975,2.5,30.5,4.02
2777,19976,19977,12.727,288.818,2.04
2778,19988,19989,4.0,0.0,35.57
2779,20008,20009,8.0,0.0,31.8
2780,20010,20011,16.0,0.0,57.72
2781,20014,20015,24.0,0.0,88.28
2782,20032,20033,2.0,0.0,12.57
2783,20038,20039,3.0,0.0,12.03
2784,20054,20055,6.0,0.0,23.27
2785,20104,20105,21.0,0.0,107.59
2786,20108,20109,4.0,0.0,24.45
2787,20120,20121,49.0,0.0,270.56
2788,20138,20139,5.4,0.3,53.98
2789,20140,20141,3.0,0.0,49.53
2790,20142,20143,6.4,0.3,130.41
2791,20144,20145,1.2,0.2,21.23
2792,20146,20147,5.0,0.5,60.86
2793,20170,20171,12.0,0.0,47.21
2794,20198,20199,15.0,0.0,61.67
2795,20206,20207,31.0,0.0,146.71
2796,20212,20213,6.0,0.0,22.08
2797,20228,20229,15.0,0.0,105.02
2798,20230,20231,22.0,0.0,91.57
2799,20254,20255,5.303,70.218,17.4
2800,20256,20257,19.333,349.417,23.49
2801,20258,20259,13.841,350.23,55.55
2802,20260,20261,36.767,1487.754,78.23
2803,20262,20263,7.828,0.933,159.73
2804,20264,20265,1.605,0.245,33.56
2805,20268,20269,3.333,0.333,43.68
2806,20274,20275,3.625,11.696,12.95
2807,20276,20277,1.875,0.982,6.06
2808,20278,20279,2.0,0.0,0.28
2809,20310,20311,4.0,0.0,58.7
2810,20312,20313,6.6,1.3,83.08
2811,20318,20319,1.667,0.333,10.42
2812,20320,20321,36.5,84.5,194.82
2813,20324,20325,155.556,135.778,689.66
2814,20326,20327,21.0,0.0,117.06
2815,20328,20329,22.0,0.0,100.7
2816,20342,20343,21.75,4.25,102.42
2817,20344,20345,23.4,4.3,105.38
2818,20346,20347,3.667,0.5,17.58
2819,20350,20351,11.0,1.0,50.36
2820,20352,20353,109.333,4.333,529.22
2821,20354,20355,52.0,7.0,234.34
2822,20356,20357,107.0,0.0,524.74
2823,20358,20359,7.464,0.851,111.47
2824,20396,20397,48.0,0.0,227.87
2825,20408,20409,52.5,12.5,252.87
2826,20410,20411,18.0,0.0,85.98
2827,20420,20421,18.273,151.517,97.05
2828,20422,20423,16.735,300.564,25.12
2829,20424,20425,3.091,0.398,38.83
2830,20426,20427,2.235,16.816,10.58
2831,20428,20429,1.077,0.077,11.52
2832,20430,20431,1.8,0.167,23.38
2833,20438,20439,17.212,2351.585,56.24
2834,20444,20445,8.75,213.161,23.38
2835,20446,20447,1.889,0.105,20.9
2836,20448,20449,9.115,275.146,25.36
2837,20450,20451,14.933,1.651,187.0
2838,20452,20453,5.9,11.334,62.58
2839,20454,20455,14.219,277.531,26.31
2840,20456,20457,8.5,433.143,1.3
2841,20458,20459,6.152,114.883,30.26
2842,20460,20461,2.4,19.559,11.08
2843,20462,20463,2.0,0.069,25.12
2844,20464,20465,9.533,1.499,123.22
2845,20466,20467,35.3,207.045,313.73
2846,20532,20533,6.5,0.5,30.42
2847,20538,20539,9.0,0.0,46.7
2848,20556,20557,9.0,1.0,41.64
2849,20562,20563,2.0,0.0,9.07
2850,20568,20569,6.0,0.0,28.86
2851,20570,20571,7.0,0.0,30.47
2852,20608,20609,7.0,0.0,30.6
2853,20622,20623,5.0,0.0,28.87
2854,20648,20649,24.0,0.0,126.32
2855,20650,20651,12.0,0.0,66.92
2856,20654,20655,11.75,3.267,83.68
2857,20656,20657,8.143,0.476,58.59
2858,20658,20659,10.0,0.667,70.19
2859,20664,20665,4.184,0.425,48.22
2860,20686,20687,18.0,8.0,81.55
2861,20688,20689,3.5,0.5,15.91
2862,20690,20691,24.5,12.5,117.34
2863,20692,20693,1.5,0.5,9.06
2864,20742,20743,17.0,0.0,75.15
2865,20760,20761,4.0,0.0,87.74
2866,20770,20771,17.0,0.0,78.12
2867,20772,20773,2.0,0.0,6.85
2868,20832,20833,2.815,0.311,34.67
2869,20834,20835,2.619,0.348,35.94
2870,20836,20837,1.667,0.353,21.95
2871,20838,20839,2.316,0.228,29.69
2872,20866,20867,18.0,0.0,80.45
2873,20876,20877,16.0,0.0,80.43
2874,20884,20885,16.0,0.0,80.27
2875,20904,20905,1.5,0.5,6.9
2876,20952,20953,3.0,0.0,13.96
2877,20980,20981,48.0,3185.333,28.03
2878,20982,20983,2.0,0.0,25.04
2879,20984,20985,8.0,0.0,64.47
2880,21004,21005,6.0,0.0,45.15
2881,21006,21007,10.0,0.0,75.02
2882,21010,21011,2.515,0.258,29.02
2883,21012,21013,4.303,0.405,51.05
2884,21014,21015,2.758,0.252,31.84
2885,21016,21017,5.844,1.168,66.34
2886,21018,21019,5.344,1.136,39.77
2887,21024,21025,63.0,0.0,143.4
2888,21026,21027,14.0,288.0,2.92
2889,21032,21033,94.0,2333.5,91.08
2890,21034,21035,43.0,0.0,83.67
2891,21036,21037,82.333,122.333,164.41
2892,21042,21043,15.0,0.0,26.89
2893,21070,21071,402.0,0.0,26.29
2894,21078,21079,2.0,0.0,14.45
2895,21082,21083,17.615,1964.243,16.34
2896,21084,21085,16.553,1611.497,24.27
2897,21096,21097,2.5,0.5,12.46
2898,21098,21099,3.0,0.0,18.43
2899,21102,21103,4.0,0.0,18.74
2900,21104,21105,4.0,0.0,19.05
2901,21108,21109,3.0,0.0,13.52
2902,21110,21111,6.0,0.0,25.92
2903,21112,21113,2.0,0.0,7.24
2904,21144,21145,5.5,0.5,24.96
2905,21146,21147,13.0,0.0,56.43
2906,21160,21161,2.0,1.333,3.38
2907,21162,21163,11.0,0.0,48.51
2908,21166,21167,19.0,0.0,252.2
2909,21170,21171,4.0,0.0,30.44
2910,21172,21173,2.0,0.0,11.65
2911,21212,21213,47.0,19.0,217.09
2912,21214,21215,4.667,0.333,20.87
2913,21216,21217,1.333,0.333,6.8
2914,21218,21219,4.0,0.0,19.82
2915,21220,21221,11.0,0.0,50.73
2916,21222,21223,32.0,0.0,174.18
2917,21232,21233,13.0,0.0,68.47
2918,21234,21235,3.0,0.0,13.65
2919,21236,21237,33.0,0.0,105.17
2920,21238,21239,2.0,0.0,8.9
2921,21240,21241,8.5,0.5,39.82
2922,21242,21243,29.706,715.221,45.27
2923,21246,21247,4.0,0.0,32.93
2924,21250,21251,12.0,0.0,96.84
2925,21252,21253,7.0,0.0,56.78
2926,21254,21255,4.0,0.0,25.73
2927,21258,21259,21.156,12.201,214.55
2928,21260,21261,11.355,1.77,139.53
2929,21262,21263,5.161,0.473,61.08
2930,21264,21265,12.581,101.918,70.57
2931,21266,21267,5.263,0.578,61.86
2932,21268,21269,4.605,1.489,51.93
2933,21270,21271,3.892,0.321,45.48
2934,21274,21275,1.378,0.242,16.04
2935,21288,21289,18.5,4.5,39.29
2936,21290,21291,30.0,0.0,66.48
2937,21300,21301,168.0,928.0,28.49
2938,21302,21303,2.5,0.5,18.06
2939,21330,21331,8.174,0.15,154.99
2940,21332,21333,2.0,0.182,48.78
2941,21342,21343,3.0,0.0,23.1
2942,21364,21365,3.15,0.134,37.03
2943,21366,21367,55.125,1787.983,68.39
2944,21374,21375,2.0,0.286,25.81
2945,21376,21377,1.111,0.111,15.3
2946,21404,21405,4.0,0.0,24.36
2947,21416,21417,9.0,0.0,5.75
2948,21426,21427,3.0,0.0,12.57
2949,21448,21449,4.391,0.431,54.16
2950,21450,21451,19.348,196.055,104.74
2951,21452,21453,5.969,266.16,21.63
2952,21454,21455,28.971,2285.605,22.73
2953,21456,21457,5.2,369.89,20.52
2954,21460,21461,13.355,636.503,66.18
2955,21462,21463,30.933,4137.582,90.18
2956,21464,21465,42.138,5204.48,78.1
2957,21468,21469,40.0,0.0,231.86
2958,21472,21473,7.5,1.038,92.25
2959,21478,21479,2.167,3.606,21.92
2960,21480,21481,6.5,0.5,30.41
2961,21484,21485,6.0,0.0,28.4
2962,21486,21487,4.5,24.5,2.18
2963,21502,21503,49.0,0.0,268.72
2964,21504,21505,7.852,113.516,65.1
2965,21506,21507,2.5,0.3,18.69
2966,21508,21509,10.5,1.1,145.9
2967,21510,21511,6.143,0.476,81.29
2968,21528,21529,5.0,0.0,35.55
2969,21530,21531,7.0,0.0,50.69
2970,21542,21543,9.333,5.333,66.87
2971,21544,21545,4.5,0.5,32.0
2972,21550,21551,1.621,0.315,19.0
2973,21554,21555,1.897,0.453,14.78
2974,21564,21565,2.688,0.286,54.28
2975,21566,21567,44.333,92.333,236.67
2976,21576,21577,24.75,731.4,12.41
2977,21578,21579,3.2,33.314,18.28
2978,21676,21677,5.0,2.0,23.41
2979,21798,21799,6.75,0.917,81.5
2980,21800,21801,5.5,0.333,67.23
2981,21816,21817,8.2,2.2,102.17
2982,21818,21819,9.6,2.3,131.49
2983,21820,21821,3.6,0.3,43.62
2984,21822,21823,1.6,0.3,20.15
2985,21824,21825,1.2,0.2,11.68
2986,21832,21833,10.159,1.3,122.33
2987,21836,21837,3.0,0.0,12.16
2988,21846,21847,26.0,0.0,150.54
2989,21848,21849,3.0,2.0,18.09
2990,21852,21853,1.5,0.5,5.55
2991,21858,21859,3.0,0.0,13.7
2992,21860,21861,28.0,0.0,132.5
2993,21862,21863,1.333,0.333,5.93
2994,21868,21869,3.5,0.5,17.4
2995,21872,21873,37.0,0.0,184.39
2996,21890,21891,7.2,0.2,93.87
2997,21892,21893,10.2,0.2,137.28
2998,21896,21897,7.5,0.333,98.19
2999,21898,21899,3.25,0.25,45.29
3000,21900,21901,1.75,0.25,18.57
3001,21902,21903,5.75,0.25,71.14
3002,21904,21905,2.0,0.0,23.9
3003,21918,21919,12.0,2.0,85.48
3004,21920,21921,3.0,0.0,15.6
3005,21922,21923,5.5,0.5,38.78
3006,21924,21925,5.0,2.0,36.67
3007,21926,21927,1.5,0.5,10.77
3008,21928,21929,2.0,0.0,15.25
3009,21930,21931,2.0,0.0,15.6
3010,21932,21933,3.0,0.0,22.79
3011,21934,21935,3.5,0.5,23.41
3012,21938,21939,4.5,0.333,30.69
3013,21942,21943,4.0,0.0,31.56
3014,21948,21949,2.0,0.0,14.15
3015,21952,21953,4.571,0.619,9.38
3016,21954,21955,16.0,9.667,31.6
3017,21956,21957,13.5,5.9,26.51
3018,21958,21959,9.0,2.0,62.52
3019,21960,21961,3.0,0.0,17.7
3020,21964,21965,9.333,1.333,62.47
3021,21968,21969,3.0,0.0,20.08
3022,21970,21971,5.0,0.0,28.16
3023,21972,21973,3.0,0.0,18.89
3024,21974,21975,4.0,0.0,28.44
3025,21976,21977,3.0,0.0,17.72
3026,21978,21979,4.0,0.0,25.59
3027,21984,21985,1.5,0.5,8.44
3028,21986,21987,4.0,0.0,22.47
3029,21988,21989,2.5,0.5,13.98
3030,21990,21991,32.0,0.0,74.08
3031,21992,21993,11.0,0.0,80.87
3032,21994,21995,2.391,0.249,26.27
3033,21996,21997,2.304,0.221,28.16
3034,21998,21999,3.545,0.641,40.7
3035,22000,22001,4.368,0.69,32.65
3036,22004,22005,2.0,0.0,15.23
3037,22008,22009,25.0,0.0,59.09
3038,22010,22011,6.2,0.7,45.71
3039,22012,22013,14.6,4.8,103.32
3040,22014,22015,8.5,0.5,62.65
3041,22016,22017,2.0,0.0,17.53
3042,22018,22019,5.0,0.0,31.54
3043,22020,22021,2.0,0.0,11.54
3044,22026,22027,15.5,0.5,120.86
3045,22028,22029,4.5,0.5,34.26
3046,22030,22031,8.0,0.0,18.24
3047,22032,22033,21.0,0.0,49.31
3048,22034,22035,10.0,0.0,26.15
3049,22042,22043,10.0,0.0,64.29
3050,22044,22045,16.0,0.0,99.66
3051,22056,22057,11.0,0.0,69.07
3052,22058,22059,3.0,0.0,20.37
3053,22060,22061,3.0,0.0,17.28
3054,22082,22083,2.0,0.0,16.83
3055,22084,22085,13.0,1.0,99.94
3056,22086,22087,3.667,0.333,26.12
3057,22088,22089,15.0,0.0,70.79
3058,22108,22109,2.0,0.0,11.92
3059,22112,22113,10.0,0.0,70.64
3060,22116,22117,1.5,0.333,10.01
3061,22118,22119,40.0,198.0,109.11
3062,22126,22127,1.05,0.05,7.86
3063,22128,22129,6.476,0.962,50.37
3064,22130,22131,2.0,0.0,14.1
3065,22132,22133,5.0,0.0,32.48
3066,22134,22135,10.0,0.0,63.92
3067,22140,22141,2.222,0.194,31.43
3068,22142,22143,9.091,1.325,138.74
3069,22144,22145,4.909,0.468,76.85
3070,22146,22147,7.625,1.288,120.95
3071,22148,22149,9.327,1.989,140.52
3072,22150,22151,5.824,0.708,85.66
3073,22154,22155,7.0,1.0,115.12
3074,22156,22157,4.0,0.0,63.86
3075,22158,22159,4.0,0.0,46.95
3076,22160,22161,11.0,0.0,123.07
3077,22172,22173,14.0,0.0,160.63
3078,22178,22179,3.5,0.269,63.77
3079,22180,22181,3.769,0.692,46.2
3080,22182,22183,8.0,0.727,93.69
3081,22190,22191,1.625,0.268,21.71
3082,22194,22195,2.333,0.333,31.15
3083,22196,22197,2.333,0.424,27.2
3084,22198,22199,1.333,0.333,9.81
3085,22200,22201,2.5,0.5,29.65
3086,22202,22203,5.0,2.0,65.18
3087,22204,22205,1.7,0.233,20.88
3088,22206,22207,2.0,0.222,21.92
3089,22208,22209,1.333,0.25,14.62
3090,22222,22223,1.167,0.167,14.59
3091,22224,22225,1.619,0.534,18.3
3092,22226,22227,4.762,10.283,47.9
3093,22230,22231,8.476,73.914,50.69
3094,22232,22233,81.0,0.0,407.31
3095,22234,22235,3.0,0.4,26.7
3096,22236,22237,10.0,0.0,116.75
3097,22238,22239,2.5,0.5,40.25
3098,22240,22241,4.0,0.0,46.64
3099,22246,22247,6.0,0.0,51.06
3100,22250,22251,5.0,0.0,67.8
3101,22252,22253,3.0,0.0,43.57
3102,22254,22255,4.0,0.0,46.99
3103,22256,22257,5.0,0.0,68.09
3104,22258,22259,2.0,0.0,27.2
3105,22260,22261,7.5,0.5,102.98
3106,22262,22263,2.5,0.5,31.24
3107,22264,22265,6.667,0.833,136.21
3108,22266,22267,19.0,0.0,349.2
3109,22268,22269,13.5,0.5,287.66
3110,22282,22283,20.0,0.0,77.53
3111,22298,22299,6.0,50.0,5.99
3112,22302,22303,20.0,2.0,102.18
3113,22314,22315,8.0,0.0,65.6
3114,22316,22317,45.25,2002.25,47.83
3115,22318,22319,38.5,1541.667,36.92
3116,22320,22321,7.5,0.5,61.28
3117,22322,22323,3.0,0.0,31.06
3118,22324,22325,10.0,2.0,69.66
3119,22326,22327,7.0,0.0,49.95
3120,22340,22341,29.75,632.25,67.15
3121,22342,22343,30.0,392.0,33.95
3122,22368,22369,6.609,1.613,106.67
3123,22410,22411,4.0,0.0,41.32
3124,22412,22413,5.375,0.268,71.95
3125,22414,22415,7.0,0.571,91.9
3126,22416,22417,12.125,1.268,163.87
3127,22418,22419,4.875,0.125,61.75
3128,22420,22421,3.875,0.125,51.09
3129,22422,22423,10.25,0.786,133.67
3130,22424,22425,16.625,2.268,209.39
3131,22426,22427,2.5,0.286,30.62
3132,22428,22429,7.111,1.026,87.83
3133,22432,22433,21.833,0.567,169.05
3134,22434,22435,10.667,0.333,85.13
3135,22436,22437,21.667,2.333,177.6
3136,22438,22439,11.0,1.0,84.61
3137,22440,22441,6.391,0.613,101.2
3138,22442,22443,2.478,0.261,37.42
3139,22444,22445,18.763,2.996,271.59
3140,22480,22481,4.0,0.0,30.1
3141,22484,22485,1.25,0.25,7.77
3142,22486,22487,2.8,0.7,21.74
3143,22488,22489,2.8,0.2,21.33
3144,22490,22491,3.0,0.5,21.71
3145,22492,22493,2.6,0.3,19.87
3146,22494,22495,2.6,0.8,20.93
3147,22496,22497,259.0,25281.0,34.86
3148,22498,22499,11.0,0.0,74.55
3149,22502,22503,5.0,0.0,2.85
3150,22504,22505,4.333,0.333,28.9
3151,22506,22507,403.0,65522.0,73.62
3152,22514,22515,11.0,0.0,78.34
3153,22516,22517,8.0,0.0,53.1
3154,22518,22519,15.0,0.0,113.33
3155,22530,22531,15.2,0.2,198.46
3156,22532,22533,2.0,0.0,27.26
3157,22534,22535,20.4,0.8,264.73
3158,22536,22537,3.0,0.0,26.82
3159,22538,22539,2.667,0.333,12.18
3160,22540,22541,26.0,8.0,124.1
3161,22542,22543,4.0,0.0,20.84
3162,22552,22553,3.0,0.0,21.69
3163,22560,22561,7.029,173.848,10.81
3164,22562,22563,7.273,202.113,4.32
3165,22564,22565,14.0,0.0,115.56
3166,22566,22567,9.0,0.0,77.08
3167,22568,22569,7.5,1.0,61.13
3168,22570,22571,8.0,0.667,59.75
3169,22572,22573,4.0,0.667,33.47
3170,22574,22575,26.0,0.0,166.43
3171,22576,22577,6.163,26.901,69.34
3172,22580,22581,37.681,583.092,94.49
3173,22584,22585,3.959,234.332,10.87
3174,22592,22593,2.0,0.0,11.32
3175,22634,22635,1.263,0.427,6.73
3176,22636,22637,27.286,1687.693,36.59
3177,22638,22639,71.464,2197.369,72.54
3178,22656,22657,4.2,0.2,47.02
3179,22658,22659,1.8,0.2,21.75
3180,22660,22661,4.8,0.2,59.55
3181,22664,22665,2.5,0.333,18.0
3182,22676,22677,17.0,0.0,121.56
3183,22690,22691,16.5,4.5,76.66
3184,22700,22701,12.0,2.0,49.49
3185,22708,22709,3.0,0.0,17.98
3186,22710,22711,9.0,0.0,100.97
3187,22716,22717,4.0,0.0,26.49
3188,22720,22721,3.0,0.0,15.75
3189,22726,22727,6.667,0.333,28.98
3190,22738,22739,2.0,0.0,12.18
3191,22750,22751,2.75,0.386,35.7
3192,22752,22753,8.5,1.364,114.1
3193,22754,22755,1.083,0.083,14.3
3194,22756,22757,1.1,0.1,11.8
3195,22762,22763,18.0,9.6,133.12
3196,22764,22765,5.667,1.467,43.36
3197,22766,22767,2.333,0.267,17.22
3198,22768,22769,1.167,0.167,10.04
3199,22770,22771,7.5,1.1,51.37
3200,22780,22781,2.5,0.5,22.54
3201,22822,22823,5.0,2.0,23.57
3202,22830,22831,5.0,0.0,21.17
3203,22852,22853,8.0,0.0,55.57
3204,22862,22863,1.5,0.5,7.48
3205,22864,22865,8.5,0.5,39.64
3206,22866,22867,6.0,0.0,45.88
3207,22912,22913,6.333,1.333,53.52
3208,22914,22915,5.75,0.917,36.9
3209,22920,22921,3.222,0.418,38.89
3210,22922,22923,15.947,14.83,207.26
3211,22924,22925,29.053,356.719,61.22
3212,22926,22927,1.923,0.077,17.52
3213,22928,22929,3.389,0.252,44.71
3214,22930,22931,13.69,1.585,170.9
3215,22932,22933,1.1,0.093,15.58
3216,22934,22935,12.064,2.148,150.68
3217,22952,22953,10.083,0.254,194.05
3218,22954,22955,1.192,0.642,10.24
3219,22956,22957,7.5,40.5,3.13
3220,22966,22967,14.0,507.0,6.58
3221,22976,22977,24.778,4.406,335.23
3222,22978,22979,7.5,0.74,113.34
3223,22980,22981,9.815,2.464,147.5
3224,22982,22983,9.115,11.386,125.42
3225,22984,22985,2.115,2.106,27.28
3226,22986,22987,24.231,356.985,92.51
3227,23014,23015,3.0,0.0,16.42
3228,23018,23019,2.0,0.0,8.87
3229,23032,23033,4.0,0.0,48.24
3230,23036,23037,23.462,318.018,257.87
3231,23038,23039,1.645,0.237,20.91
3232,23040,23041,1.6,0.489,18.16
3233,23044,23045,3.5,0.5,41.49
3234,23046,23047,4.5,0.5,58.86
3235,23048,23049,2.0,0.0,26.99
3236,23052,23053,5.333,0.5,63.02
3237,23054,23055,1.111,0.111,8.64
3238,23056,23057,19.95,835.418,9.7
3239,23060,23061,2.0,0.0,22.01
3240,23064,23065,1.571,0.286,10.12
3241,23066,23067,2.0,0.0,18.78
3242,23068,23069,10.5,0.5,136.32
3243,23070,23071,14.0,0.0,184.8
3244,23072,23073,6.0,0.0,84.82
3245,23074,23075,9.0,0.0,111.64
3246,23076,23077,10.667,177.095,43.62
3247,23078,23079,5.0,0.0,48.19
3248,23082,23083,10.0,0.0,88.06
3249,23084,23085,10.333,0.333,81.75
3250,23086,23087,4.333,0.333,38.73
3251,23088,23089,1.333,0.333,10.1
3252,23098,23099,17.913,27.174,204.25
3253,23100,23101,16.364,134.814,21.81
3254,23102,23103,5.2,1.2,69.91
3255,23116,23117,4.0,0.0,11.06
3256,23130,23131,4.0,0.0,25.22
3257,23140,23141,2.0,0.0,12.13
3258,23386,23387,5.0,0.0,26.03
3259,23402,23403,10.0,8.0,47.36
3260,23404,23405,3.0,0.0,17.04
3261,23480,23481,17.0,0.0,66.61
3262,23494,23495,124.0,0.0,616.85
3263,23504,23505,7.0,0.0,75.23
3264,23510,23511,3.0,0.0,23.44
3265,23512,23513,10.0,0.0,83.02
3266,23514,23515,5.5,80.028,16.79
3267,23520,23521,5.0,0.0,44.9
3268,23526,23527,7.5,1.667,90.21
3269,23528,23529,27.0,193.2,340.4
3270,23530,23531,20.571,15.619,229.79
3271,23534,23535,34.0,0.0,154.06
3272,23544,23545,187.0,0.0,1046.79
3273,23554,23555,1.75,0.386,15.22
3274,23558,23559,2.0,0.0,21.42
3275,23560,23561,3.0,0.0,29.93
3276,23588,23589,5.375,51.125,16.02
3277,23590,23591,4.0,0.0,26.22
3278,23596,23597,3.0,0.4,22.33
3279,23598,23599,2.429,0.286,16.92
3280,23602,23603,16.0,0.0,92.56
3281,23604,23605,3.0,0.0,12.46
3282,23608,23609,1.5,0.3,9.9
3283,23610,23611,19.0,8.8,133.81
3284,23612,23613,4.333,1.067,32.8
3285,23614,23615,9.833,2.167,71.63
3286,23616,23617,4.5,0.7,29.73
3287,23618,23619,4.0,0.0,26.73
3288,23648,23649,53.25,55.583,116.64
3289,23662,23663,20.0,0.0,104.11
3290,23672,23673,14.0,0.0,79.58
3291,23722,23723,29.25,8.917,158.03
3292,23724,23725,24.0,0.0,113.94
3293,23734,23735,20.324,3.725,250.96
3294,23736,23737,2.0,0.167,24.33
3295,23738,23739,14.5,180.5,28.66
3296,23740,23741,3.667,0.333,27.58
3297,23744,23745,7.0,0.0,31.7
3298,23746,23747,7.0,0.0,37.16
3299,23758,23759,12.5,4.5,62.68
3300,23762,23763,8.0,0.0,43.76
3301,23764,23765,9.667,0.333,46.8
3302,23766,23767,12.0,0.0,39.93
3303,23774,23775,3.0,0.0,17.24
3304,23776,23777,8.0,0.0,42.04
3305,23796,23797,15.044,2.68,167.14
3306,23798,23799,68.6,2338.989,65.14
3307,23802,23803,2.917,0.265,32.25
3308,23812,23813,1.5,0.5,7.43
3309,23832,23833,1.5,0.5,7.1
3310,23836,23837,20.0,0.0,89.28
3311,23838,23839,2.5,0.278,30.36
3312,23846,23847,2.333,0.333,15.46
3313,23848,23849,9.0,0.0,48.28
3314,23866,23867,5.0,0.0,25.58
3315,23874,23875,2.0,0.0,7.08
3316,23888,23889,3.0,0.0,14.9
3317,23890,23891,17.0,0.0,72.66
3318,23910,23911,3.0,0.0,13.93
3319,23918,23919,5.0,0.0,20.63
3320,23920,23921,2.0,0.0,6.06
3321,23926,23927,57.0,0.0,235.34
3322,23976,23977,4.0,0.0,18.03
3323,23986,23987,8.0,0.0,35.49
3324,23994,23995,1.667,0.333,8.6
3325,24036,24037,3.0,0.0,13.17
3326,24050,24051,11.5,0.5,59.82
3327,24052,24053,4.0,0.0,18.1
3328,24066,24067,2.0,0.0,9.29
3329,24072,24073,9.0,0.0,46.68
3330,24074,24075,5.5,0.5,29.51
3331,24078,24079,5.0,0.0,18.61
3332,24082,24083,6.0,0.0,37.35
3333,24084,24085,6.0,0.0,32.14
3334,24092,24093,7.0,0.0,36.08
3335,24118,24119,35.0,0.0,41.53
3336,24140,24141,22.479,3.191,1009.52
3337,24144,24145,8.333,2.333,60.09
3338,24148,24149,6.0,0.0,47.6
3339,24158,24159,5.3,0.233,61.51
3340,24164,24165,3.4,0.489,40.03
3341,24218,24219,15.0,0.0,100.51
3342,24224,24225,3.0,0.0,21.29
3343,24226,24227,3.0,0.0,18.43
3344,24244,24245,5.5,0.5,57.16
3345,24336,24337,6.735,0.685,86.61
3346,24338,24339,1.588,0.25,20.37
3347,24340,24341,15.056,32.797,168.23
3348,24342,24343,1.097,0.29,9.2
3349,24344,24345,8.973,1.471,112.09
3350,24346,24347,17.595,13.803,201.23
3351,24348,24349,32.946,150.275,250.11
3352,24360,24361,2.333,0.333,8.79
3353,24364,24365,2.25,0.25,10.04
3354,24366,24367,2.0,0.0,9.34
3355,24386,24387,18.8,139.7,17.99
3356,24388,24389,5.25,0.25,42.01
3357,24406,24407,1.5,0.262,20.12
3358,24410,24411,5.0,0.0,34.63
3359,24414,24415,2.0,0.0,14.99
3360,24416,24417,6.0,0.0,46.09
3361,24418,24419,5.0,0.0,35.98
3362,24420,24421,24.429,7.286,306.0
3363,24422,24423,2.0,0.4,24.34
3364,24428,24429,5.167,0.567,57.1
3365,24430,24431,1.6,0.3,21.03
3366,24432,24433,17.2,4.7,200.7
3367,24434,24435,1.8,0.2,23.66
3368,24436,24437,4.571,0.286,56.52
3369,24438,24439,2.286,0.238,31.75
3370,24440,24441,1.286,0.238,16.45
3371,24442,24443,1.143,0.143,11.62
3372,24444,24445,3.0,0.4,30.85
3373,24446,24447,1.833,0.167,21.06
3374,24448,24449,1.667,0.267,22.93
3375,24450,24451,4.571,0.571,56.25
3376,24452,24453,6.571,0.879,79.99
3377,24454,24455,1.857,0.132,24.33
3378,24456,24457,2.286,0.22,27.49
3379,24458,24459,1.857,0.132,22.5
3380,24460,24461,3.643,0.555,45.62
3381,24462,24463,9.786,1.72,120.47
3382,24464,24465,13.571,3.802,162.94
3383,24466,24467,10.667,1.81,126.4
3384,24470,24471,3.0,0.0,17.02
3385,24512,24513,2.667,0.267,34.96
3386,24516,24517,3.0,0.0,16.87
3387,24520,24521,9.0,0.0,49.98
3388,24530,24531,2.5,0.3,17.11
3389,24532,24533,10.0,0.667,43.51
3390,24536,24537,3.444,0.278,16.77
3391,24540,24541,4.0,0.0,28.25
3392,24542,24543,2.909,0.291,32.65
3393,24546,24547,1.4,0.3,16.06
3394,24548,24549,12.1,2.2,181.0
3395,24560,24561,1.5,1.0,1.76
3396,24584,24585,7.0,3.333,33.2
3397,24598,24599,28.25,4.917,124.49
3398,24600,24601,1.5,0.5,6.93
3399,24604,24605,7.333,1.25,34.38
3400,24606,24607,4.0,0.6,18.09
3401,24608,24609,1.5,0.5,7.53
3402,24638,24639,7.667,0.333,55.18
3403,24648,24649,2.8,0.2,19.18
3404,24650,24651,4.6,0.3,33.55
3405,24662,24663,4.75,0.5,35.94
3406,24682,24683,4.0,0.0,17.89
3407,24688,24689,18.0,0.0,47.2
3408,24696,24697,2.0,0.0,6.17
3409,24710,24711,25.48,20.343,402.75
3410,24712,24713,37.0,0.0,165.44
3411,24736,24737,4.0,0.0,20.53
3412,24752,24753,6.0,0.0,32.93
3413,24794,24795,8.0,2.0,38.64
3414,24796,24797,5.5,4.5,21.98
3415,24798,24799,3.65,0.345,56.24
3416,24800,24801,18.95,199.208,164.4
3417,24804,24805,2.0,0.0,25.27
3418,24806,24807,6.75,0.917,101.79
3419,24808,24809,16.677,3.492,246.48
3420,24810,24811,11.0,0.0,173.28
3421,24812,24813,3.5,0.5,48.37
3422,24814,24815,6.5,0.5,98.55
3423,24816,24817,8.4,48.8,35.75
3424,24830,24831,2.0,0.0,4.3
3425,24836,24837,2.0,0.0,8.02
3426,24838,24839,3.0,0.0,13.68
3427,24848,24849,7.0,0.0,35.41
3428,24850,24851,16.0,0.0,74.25
3429,24858,24859,30.0,7.0,148.92
3430,24860,24861,23.0,0.0,10.62
3431,24864,24865,1.286,0.238,9.02
3432,24908,24909,3.0,0.0,23.41
3433,24944,24945,6.682,327.656,7.29
3434,24964,24965,2.8,0.178,23.18
3435,24966,24967,8.0,0.0,31.62
3436,24972,24973,57.5,6160.5,11.46
3437,25020,25021,3.0,0.0,44.38
3438,25024,25025,3.0,0.0,31.63
3439,25026,25027,4.0,0.0,44.19
3440,25028,25029,4.0,0.0,46.97
3441,25030,25031,6.0,0.0,65.86
3442,25032,25033,2.0,0.0,25.55
3443,25052,25053,6.0,0.0,60.64
3444,25054,25055,2.0,0.0,15.53
3445,25056,25057,5.0,0.0,46.15
3446,25060,25061,9.0,0.0,113.45
3447,25062,25063,2.0,0.0,30.35
3448,25128,25129,6.0,0.0,30.39
3449,25178,25179,6.0,2.0,50.91
3450,25180,25181,21.75,220.25,18.38
3451,25208,25209,4.0,0.0,17.43
3452,25212,25213,4.18,4.484,39.7
3453,25218,25219,10.0,0.0,48.22
3454,25220,25221,2.0,0.0,8.41
3455,25222,25223,12.0,0.0,52.04
3456,25230,25231,7.0,0.0,31.15
3457,25240,25241,13.667,327.067,1.36
3458,25242,25243,9.0,1.0,42.22
3459,25244,25245,5.5,0.5,29.02
3460,25254,25255,1.909,0.658,20.25
3461,25256,25257,3.727,2.97,41.15
3462,25258,25259,4.304,0.585,50.62
3463,25260,25261,3.304,0.221,44.51
3464,25270,25271,2.5,0.333,33.84
3465,25272,25273,2.75,0.25,37.07
3466,25274,25275,2.0,0.0,29.12
3467,25276,25277,3.5,0.333,44.86
3468,25278,25279,2.25,0.25,31.2
3469,25280,25281,5.5,0.333,76.46
3470,25282,25283,6.0,0.0,85.6
3471,25286,25287,2.4,0.3,30.22
3472,25288,25289,3.333,0.667,42.23
3473,25290,25291,2.333,0.267,29.71
3474,25292,25293,3.0,0.0,31.32
3475,25294,25295,3.0,0.0,42.8
3476,25296,25297,2.0,0.0,34.99
3477,25298,25299,2.0,0.0,29.02
3478,25302,25303,2.667,0.333,36.32
3479,25304,25305,2.0,0.0,29.06
3480,25306,25307,2.4,0.3,29.15
3481,25308,25309,3.455,0.355,44.05
3482,25310,25311,5.0,0.571,62.7
3483,25314,25315,3.273,0.303,42.52
3484,25316,25317,1.316,0.228,15.92
3485,25318,25319,9.0,0.0,109.42
3486,25320,25321,8.5,0.333,118.03
3487,25322,25323,11.28,0.793,136.21
3488,25326,25327,9.261,17.929,102.13
3489,25330,25331,9.125,0.723,111.69
3490,25332,25333,2.0,0.174,22.17
3491,25334,25335,2.333,0.232,28.54
3492,25336,25337,4.391,0.34,54.76
3493,25338,25339,5.957,11.134,38.46
3494,25342,25343,2.0,0.0,10.1
3495,25344,25345,1.25,0.25,8.48
3496,25348,25349,2.0,0.0,14.9
3497,25350,25351,6.0,1.721,66.27
3498,25352,25353,10.409,82.015,88.17
3499,25354,25355,1.029,0.029,8.92
3500,25356,25357,17.047,849.807,114.16
3501,25358,25359,8.837,239.616,51.46
3502,25360,25361,5.741,0.507,73.34
3503,25362,25363,7.107,0.766,89.02
3504,25364,25365,12.071,3.772,155.22
3505,25366,25367,15.741,100.815,76.57
3506,25368,25369,16.333,26.615,169.84
3507,25370,25371,2.222,0.179,27.28
3508,25372,25373,2.111,0.103,28.51
3509,25374,25375,6.036,0.628,77.38
3510,25376,25377,7.179,0.745,91.53
3511,25378,25379,3.821,7.115,41.69
3512,25380,25381,2.0,0.0,15.89
3513,25382,25383,7.5,1.667,53.43
3514,25386,25387,20.1,62.411,187.46
3515,25388,25389,2.35,0.555,22.86
3516,25390,25391,17.7,284.116,16.45
3517,25392,25393,15.909,54.563,141.04
3518,25398,25399,9.304,0.676,114.92
3519,25400,25401,2.739,0.292,37.59
3520,25402,25403,5.852,0.823,73.54
3521,25406,25407,5.808,0.562,59.12
3522,25408,25409,25.833,1374.879,56.34
3523,25410,25411,53.917,535.72,45.77
3524,25412,25413,2.647,0.296,31.71
3525,25418,25419,4.794,0.653,60.26
3526,25420,25421,3.026,0.184,36.29
3527,25424,25425,3.0,0.0,43.48
3528,25426,25427,2.444,0.278,32.77
3529,25428,25429,4.1,0.322,51.47
3530,25430,25431,17.583,465.21,36.12
3531,25432,25433,7.0,1.333,87.85
3532,25434,25435,2.6,0.267,31.75
3533,25436,25437,3.7,0.233,36.82
3534,25438,25439,14.5,4.056,192.33
3535,25440,25441,3.0,0.222,39.8
3536,25442,25443,6.5,0.944,81.96
3537,25444,25445,4.208,56.433,24.14
3538,25446,25447,3.632,131.579,8.13
3539,25448,25449,6.711,63.13,20.59
3540,25450,25451,28.757,3013.523,13.28
3541,25452,25453,63.542,6608.955,37.87
3542,25454,25455,17.0,0.0,142.09
3543,25456,25457,2.0,0.0,14.5
3544,25458,25459,8.0,0.5,64.37
3545,25460,25461,3.8,7.2,15.71
3546,25462,25463,6.4,22.3,5.99
3547,25464,25465,12.0,0.0,91.38
3548,25466,25467,9.0,0.667,75.75
3549,25468,25469,16.0,0.667,129.31
3550,25470,25471,7.75,0.25,62.98
3551,25472,25473,11.4,1.3,92.01
3552,25474,25475,6.0,0.5,48.03
3553,25476,25477,9.2,0.7,71.56
3554,25480,25481,14.333,2.333,159.13
3555,25482,25483,23.0,4.667,297.38
3556,25500,25501,3.0,0.0,25.26
3557,25502,25503,3.0,0.0,43.43
3558,25504,25505,4.0,0.0,50.11
3559,25506,25507,2.0,0.0,27.21
3560,25508,25509,4.667,0.333,49.89
3561,25510,25511,5.5,0.5,58.9
3562,25512,25513,6.0,0.0,67.44
3563,25514,25515,18.0,0.0,84.89
3564,25516,25517,11.0,0.0,49.84
3565,25522,25523,4.0,0.0,24.01
3566,25544,25545,2.333,0.333,19.21
3567,25546,25547,5.0,0.0,31.73
3568,25548,25549,2.0,0.0,13.39
3569,25552,25553,1.892,0.21,22.2
3570,25554,25555,2.27,0.314,26.68
3571,25556,25557,3.459,1.033,39.57
3572,25560,25561,53.647,2538.618,43.16
3573,25562,25563,9.5,4.5,74.06
3574,25564,25565,7.5,4.5,62.01
3575,25566,25567,2.357,7.94,16.97
3576,25568,25569,4.429,37.802,20.75
3577,25570,25571,1.429,0.264,17.11
3578,25572,25573,4.357,0.401,54.64
3579,25574,25575,3.643,0.709,43.13
3580,25580,25581,4.333,0.333,56.78
3581,25582,25583,7.0,1.0,88.86
3582,25584,25585,4.0,0.0,46.94
3583,25586,25587,10.375,240.917,53.08
3584,25588,25589,44.2,2091.171,65.55
3585,25590,25591,1.429,0.264,9.06
3586,25592,25593,56.733,2205.067,54.28
3587,25594,25595,1.5,0.5,19.67
3588,25596,25597,4.5,12.5,29.04
3589,25600,25601,2.0,0.0,12.13
3590,25602,25603,7.0,0.0,78.86
3591,25604,25605,3.0,0.0,27.31
3592,25606,25607,9.0,0.0,119.7
3593,25608,25609,11.0,0.0,142.5
3594,25624,25625,5.25,1.583,61.83
3595,25628,25629,5.5,0.5,62.03
3596,25632,25633,3.7,0.355,48.62
3597,25636,25637,4.56,0.507,56.7
3598,25656,25657,3.0,0.0,22.04
3599,25658,25659,2.75,0.25,20.35
3600,25660,25661,1.5,0.333,5.38
3601,25670,25671,7.25,2.25,46.26
3602,25672,25673,10.0,1.0,59.0
3603,25674,25675,13.5,4.5,86.82
3604,25676,25677,3.0,0.0,17.07
3605,25678,25679,4.0,0.667,29.74
3606,25680,25681,5.25,0.917,38.18
3607,25682,25683,2.25,0.25,13.22
3608,25692,25693,11.0,0.0,80.61
3609,25694,25695,3.0,0.0,20.07
3610,25702,25703,5.0,0.0,41.83
3611,25704,25705,4.333,0.333,31.34
3612,25728,25729,8.0,0.0,47.4
3613,25732,25733,11.0,0.0,66.25
3614,25734,25735,7.0,0.0,43.41
3615,25736,25737,8.0,0.0,53.54
3616,25738,25739,1.167,0.167,11.05
3617,25742,25743,3.571,0.286,44.63
3618,25744,25745,3.429,0.286,45.95
3619,25746,25747,1.429,0.286,19.87
3620,25748,25749,2.857,0.143,36.0
3621,25750,25751,31.286,2604.905,148.53
3622,25752,25753,3.0,0.0,39.22
3623,25754,25755,1.429,0.286,18.44
3624,25756,25757,1.571,0.286,21.21
3625,25758,25759,1.429,0.286,18.67
3626,25760,25761,1.857,0.476,23.94
3627,25762,25763,1.714,0.238,22.69
3628,25764,25765,1.143,0.143,15.67
3629,25766,25767,8.0,0.0,99.02
3630,25768,25769,7.0,0.0,85.29
3631,25770,25771,6.667,0.333,75.99
3632,25772,25773,2.667,0.267,30.2
3633,25774,25775,5.0,0.8,63.37
3634,25776,25777,2.833,0.167,36.1
3635,25778,25779,3.5,1.9,37.87
3636,25780,25781,7.5,1.5,91.12
3637,25782,25783,1.833,0.167,19.28
3638,25784,25785,8.0,1.2,104.46
3639,25786,25787,6.833,0.567,83.14
3640,25788,25789,4.286,0.238,55.37
3641,25792,25793,3.905,0.19,42.47
3642,25802,25803,3.143,0.143,38.78
3643,25806,25807,3.333,0.667,39.99
3644,25808,25809,6.167,0.167,78.43
3645,25810,25811,1.667,0.267,20.8
3646,25812,25813,5.333,0.667,68.07
3647,25814,25815,3.0,0.4,37.74
3648,25816,25817,15.323,2.092,197.57
3649,25818,25819,5.893,38.618,57.24
3650,25820,25821,15.821,400.152,14.13
3651,25822,25823,7.062,11.157,49.48
3652,25824,25825,6.688,71.028,35.9
3653,25826,25827,13.646,246.914,34.97
3654,25838,25839,2.0,0.0,21.26
3655,25842,25843,2.0,0.0,11.13
3656,25844,25845,33.0,0.0,51.13
3657,25846,25847,13.525,3.538,164.17
3658,25848,25849,11.205,156.009,77.75
3659,25850,25851,3.605,0.353,42.44
3660,25852,25853,4.421,0.629,51.64
3661,25856,25857,4.041,76.165,25.3
3662,25858,25859,10.831,38.35,87.4
3663,25860,25861,11.254,83.262,46.53
3664,25864,25865,3.071,0.533,33.7
3665,25866,25867,12.0,3.8,139.14
3666,25868,25869,5.75,0.75,66.72
3667,25870,25871,7.0,0.909,78.69
3668,25874,25875,3.026,0.297,38.44
3669,25876,25877,20.639,3.952,254.32
3670,25878,25879,10.333,48.457,91.29
3671,25880,25881,5.5,68.829,21.05
3672,25882,25883,5.886,88.869,17.12
3673,25886,25887,1.974,0.188,24.66
3674,25888,25889,18.526,368.634,61.48
3675,25890,25891,10.0,98.057,36.73
3676,25892,25893,2.974,0.08,29.45
3677,25894,25895,25.5,467.0,62.5
3678,25896,25897,2.538,1.834,9.27
3679,25898,25899,1.056,0.054,7.36
3680,25900,25901,3.564,7.621,35.7
3681,25904,25905,2.0,0.0,19.63
3682,25906,25907,2.0,0.0,19.16
3683,25908,25909,11.0,0.0,142.6
3684,25910,25911,8.0,0.0,98.42
3685,25912,25913,4.0,0.0,51.25
3686,25914,25915,8.0,0.0,106.97
3687,25916,25917,8.0,0.0,100.67
3688,25920,25921,11.0,0.0,134.86
3689,25922,25923,6.0,0.0,76.1
3690,25928,25929,5.0,0.0,63.35
3691,25930,25931,2.0,0.0,29.0
3692,25932,25933,2.714,0.238,37.3
3693,25934,25935,6.556,0.528,101.26
3694,25936,25937,1.333,0.333,7.9
3695,25942,25943,59.867,954.41,73.71
3696,25950,25951,50.0,0.0,233.06
3697,25954,25955,3.0,0.0,18.65
3698,25958,25959,5.0,1.0,38.4
3699,25970,25971,14.0,0.0,79.17
3700,25972,25973,6.0,0.0,55.59
3701,25974,25975,7.0,0.0,59.67
3702,25978,25979,10.0,0.0,97.54
3703,25980,25981,7.857,1.67,53.7
3704,25982,25983,13.071,3.148,81.54
3705,25984,25985,10.933,2.352,79.04
3706,25986,25987,11.467,3.552,77.19
3707,25990,25991,6.333,0.333,47.3
3708,25992,25993,6.333,0.333,47.32
3709,25994,25995,8.333,2.333,65.9
3710,25996,25997,6.25,0.917,53.35
3711,25998,25999,5.25,0.917,39.2
3712,26016,26017,3.5,0.5,42.7
3713,26026,26027,4.0,0.0,16.57
3714,26072,26073,14.789,20.287,204.98
3715,26074,26075,3.469,27.418,24.23
3716,26076,26077,4.844,34.652,41.17
3717,26078,26079,27.188,694.867,163.14
3718,26080,26081,40.267,1489.306,129.63
3719,26082,26083,14.621,598.744,49.32
3720,26086,26087,2.0,0.0,15.3
3721,26100,26101,2.5,0.5,11.44
3722,26104,26105,11.375,1.411,82.3
3723,26106,26107,9.091,4.491,59.53
3724,26108,26109,11.25,0.917,73.89
3725,26110,26111,10.0,0.0,34.99
3726,26128,26129,5.0,0.0,25.34
3727,26138,26139,14.0,0.0,66.31
3728,26142,26143,11.0,0.0,144.81
3729,26146,26147,16.0,0.0,184.64
3730,26186,26187,8.0,0.0,38.28
3731,26192,26193,10.0,0.0,170.01
3732,26194,26195,4.5,0.5,60.54
3733,26196,26197,7.125,25.268,36.08
3734,26198,26199,1.244,0.939,12.48
3735,26200,26201,2.0,0.0,22.91
3736,26202,26203,4.333,0.5,33.65
3737,26212,26213,19.0,8.0,132.13
3738,26214,26215,3.0,0.0,21.93
3739,26252,26253,10.0,0.0,71.9
3740,26254,26255,6.0,0.0,42.64
3741,26264,26265,5.0,0.0,44.49
3742,26266,26267,8.0,0.0,78.47
3743,26292,26293,14.0,0.0,90.24
3744,26308,26309,10.0,0.0,64.09
3745,26322,26323,19.0,2.0,233.21
3746,26324,26325,9.0,0.0,115.3
3747,26326,26327,3.0,0.0,18.59
3748,26328,26329,19.0,0.0,231.1
3749,26330,26331,15.0,0.0,157.92
3750,26332,26333,7.6,0.3,119.41
3751,26334,26335,5.167,0.167,82.74
3752,26336,26337,6.667,1.067,95.36
3753,26338,26339,2.0,1.0,23.62
3754,26342,26343,6.5,153.545,7.94
3755,26344,26345,12.25,226.75,15.91
3756,26346,26347,1.8,0.2,7.21
3757,26352,26353,9.0,0.0,47.7
3758,26354,26355,9.0,0.0,43.39
3759,26358,26359,8.0,0.0,43.02
3760,26360,26361,5.0,0.0,24.2
3761,26362,26363,3.211,0.398,37.53
3762,26364,26365,1.235,0.191,16.37
3763,26366,26367,12.824,8.154,150.21
3764,26368,26369,5.235,0.816,66.86
3765,26370,26371,8.75,0.733,105.82
3766,26372,26373,8.0,1.067,96.79
3767,26374,26375,4.5,0.267,54.4
3768,26376,26377,3.25,0.333,39.2
3769,26378,26379,1.938,0.062,22.07
3770,26380,26381,11.5,336.133,37.77
3771,26386,26387,24.0,0.0,121.4
3772,26390,26391,24.0,0.0,166.93
3773,26392,26393,8.0,0.0,59.13
3774,26408,26409,7.0,0.0,50.28
3775,26422,26423,5.0,0.0,27.6
3776,26424,26425,4.0,0.0,19.11
3777,26426,26427,11.0,0.0,59.65
3778,26446,26447,29.5,17.9,203.67
3779,26448,26449,8.333,1.067,53.79
3780,26450,26451,7.0,0.0,44.16
3781,26452,26453,14.0,0.0,99.09
3782,26454,26455,19.0,10.4,132.67
3783,26456,26457,16.333,6.267,116.24
3784,26488,26489,4.0,0.0,20.47
3785,26500,26501,6.5,0.5,32.85
3786,26506,26507,5.0,0.0,25.86
3787,26508,26509,6.0,0.0,26.44
3788,26512,26513,5.364,0.655,23.84
3789,26524,26525,1.111,0.111,4.5
3790,26540,26541,8.267,180.21,9.84
3791,26544,26545,6.17,0.449,79.22
3792,26546,26547,3.979,0.319,51.29
3793,26548,26549,8.489,4.081,104.74
3794,26568,26569,3.0,0.0,16.45
3795,26570,26571,5.0,0.0,35.48
3796,26578,26579,6.0,0.0,45.07
3797,26588,26589,28.143,67.516,172.95
3798,26590,26591,12.0,0.0,104.44
3799,26592,26593,8.0,0.0,75.08
3800,26618,26619,21.0,0.0,142.81
3801,26620,26621,3.2,0.2,20.7
3802,26624,26625,11.0,0.0,101.33
3803,26634,26635,6.0,0.0,14.63
3804,26654,26655,12.0,0.0,87.15
3805,26656,26657,28.0,0.0,210.48
3806,26668,26669,3.5,0.5,18.65
3807,26672,26673,17.0,0.0,91.39
3808,26678,26679,1.767,0.185,22.31
3809,26680,26681,1.4,0.248,16.65
3810,26686,26687,10.0,0.0,17.35
3811,26688,26689,7.0,0.0,31.74
3812,26734,26735,4.5,12.5,9.16
3813,26766,26767,16.333,208.333,46.46
3814,26790,26791,6.0,0.0,27.36
3815,26880,26881,10.0,0.0,36.39
3816,26898,26899,8.0,0.0,40.86
3817,26906,26907,7.0,0.0,38.56
3818,26912,26913,26.0,0.0,180.37
3819,26920,26921,3.0,0.0,13.41
3820,26922,26923,20.0,0.0,93.82
3821,26924,26925,29.0,0.0,72.92
3822,26932,26933,8.5,4.5,56.69
3823,26934,26935,29.0,0.0,234.75
3824,26936,26937,12.0,0.0,67.57
3825,26938,26939,8.0,2.0,50.42
3826,26950,26951,30.0,0.0,236.22
3827,26958,26959,3.0,0.0,27.37
3828,26960,26961,8.469,1.096,170.68
3829,26984,26985,4.3,0.233,47.31
3830,26986,26987,11.0,54.889,129.01
3831,26996,26997,5.0,0.0,62.64
3832,26998,26999,8.0,2.0,120.86
3833,27048,27049,7.333,0.333,82.79
3834,27050,27051,3.0,0.0,43.66
3835,27058,27059,7.667,2.333,96.65
3836,27060,27061,7.0,1.0,87.12
3837,27062,27063,1.333,0.333,6.97
3838,27064,27065,3.0,0.0,37.16
3839,27066,27067,6.0,0.0,79.3
3840,27068,27069,4.5,0.5,49.22
3841,27080,27081,3.0,0.0,35.03
3842,27082,27083,4.0,2.0,49.14
3843,27084,27085,5.0,0.0,68.17
3844,27086,27087,4.0,0.0,65.0
3845,27090,27091,2.0,0.0,29.2
3846,27092,27093,3.0,0.0,39.12
3847,27094,27095,44.0,931.0,119.57
3848,27098,27099,4.0,0.0,17.96
3849,27104,27105,5.0,0.0,18.2
3850,27110,27111,5.0,0.0,30.11
3851,27120,27121,6.0,0.0,24.56
3852,27136,27137,3.0,0.0,18.14
3853,27138,27139,12.0,0.0,57.15
3854,27140,27141,24.0,8.0,119.42
3855,27148,27149,7.5,0.5,51.49
3856,27150,27151,11.0,2.0,70.52
3857,27158,27159,7.0,0.0,59.4
3858,27172,27173,18.333,5.333,128.11
3859,27202,27203,1.077,0.077,8.85
3860,27204,27205,2.136,0.219,18.9
3861,27208,27209,13.2,2.844,232.5
3862,27216,27217,22.0,0.0,117.89
3863,27228,27229,27.0,0.0,116.13
3864,27262,27263,42.0,0.0,174.67
3865,27268,27269,39.0,0.0,167.77
3866,27300,27301,21.0,0.0,101.08
3867,27304,27305,14.0,1.0,105.22
3868,27306,27307,4.0,0.0,26.96
3869,27310,27311,10.0,0.0,64.13
3870,27314,27315,2.0,0.0,13.17
3871,27334,27335,5.0,0.0,55.52
3872,27374,27375,1.583,0.254,16.41
3873,27378,27379,6.2,4.7,47.21
3874,27380,27381,1.6,0.3,6.97
3875,27388,27389,16.75,8.25,111.62
3876,27390,27391,12.75,82.917,16.22
3877,27392,27393,4.4,6.8,30.01
3878,27394,27395,2.0,0.0,12.4
3879,27404,27405,7.0,0.0,40.17
3880,27450,27451,7.0,0.0,39.04
3881,27456,27457,7.0,0.0,38.27
3882,27462,27463,13.0,0.0,75.98
3883,27488,27489,9.0,0.0,41.44
3884,27490,27491,5.0,0.0,22.72
3885,27498,27499,5.0,0.0,22.91
3886,27500,27501,4.0,0.0,22.79
3887,27522,27523,4.5,0.5,37.56
3888,27524,27525,4.0,0.0,31.8
3889,27534,27535,4.5,0.5,45.58
3890,27548,27549,3.143,0.329,64.02
3891,27550,27551,9.364,4.052,196.8
3892,27556,27557,1.5,0.5,9.82
3893,27558,27559,17.0,0.0,323.47
3894,27586,27587,3.848,0.383,46.6
3895,27588,27589,6.091,0.398,78.02
3896,27590,27591,8.606,55.684,49.12
3897,27592,27593,27.438,261.609,155.59
3898,27608,27609,2.0,0.0,30.62
3899,27612,27613,6.0,0.0,70.41
3900,27616,27617,3.8,0.2,48.18
3901,27618,27619,4.8,0.7,57.61
3902,27620,27621,9.5,1.667,119.91
3903,27622,27623,2.5,0.333,14.91
3904,27624,27625,5.6,0.3,45.48
3905,27650,27651,9.0,0.0,60.21
3906,27652,27653,14.0,0.0,113.34
3907,27654,27655,6.0,0.0,51.17
3908,27656,27657,7.0,0.0,57.23
3909,27658,27659,18.0,0.0,149.77
3910,27666,27667,10.0,0.0,65.51
3911,27686,27687,3.0,0.0,29.47
3912,27688,27689,3.5,0.5,40.05
3913,27708,27709,2.0,0.0,14.48
3914,27710,27711,30.4,19.3,215.44
3915,27712,27713,5.0,0.667,38.65
3916,27714,27715,10.0,0.667,75.8
3917,27716,27717,2.0,0.0,16.03
3918,27718,27719,6.25,0.25,47.92
3919,27720,27721,7.75,0.25,56.03
3920,27736,27737,2.925,2.02,35.43
3921,27738,27739,1.949,2.155,21.23
3922,27740,27741,2.103,3.621,18.31
3923,27742,27743,2.921,7.156,14.85
3924,27744,27745,3.026,0.188,37.49
3925,27748,27749,1.421,0.25,19.55
3926,27752,27753,1.103,0.094,14.67
3927,27754,27755,1.914,20.904,7.59
3928,27756,27757,11.333,183.106,29.96
3929,27758,27759,3.75,0.917,45.16
3930,27762,27763,1.413,0.248,17.75
3931,27768,27769,1.8,0.166,24.15
3932,27770,27771,2.207,0.456,26.79
3933,27772,27773,5.31,0.293,68.04
3934,27774,27775,5.103,3.739,58.18
3935,27776,27777,10.759,98.404,35.36
3936,27782,27783,2.545,0.273,32.96
3937,27784,27785,4.545,0.673,56.42
3938,27786,27787,7.8,0.743,92.24
3939,27788,27789,14.333,268.0,30.25
3940,27790,27791,10.0,97.13,20.81
3941,27792,27793,10.267,227.067,56.19
3942,27794,27795,1.611,0.252,13.64
3943,27796,27797,5.0,0.6,63.31
3944,27798,27799,8.0,24.444,70.41
3945,27800,27801,14.375,301.983,29.24
3946,27802,27803,3.378,0.353,41.37
3947,27804,27805,6.676,0.892,77.18
3948,27806,27807,6.73,1.536,75.47
3949,27808,27809,11.514,91.09,74.44
3950,27810,27811,2.585,0.349,29.22
3951,27814,27815,2.512,0.356,29.02
3952,27816,27817,2.0,0.2,23.04
3953,27818,27819,5.0,0.0,56.59
3954,27820,27821,10.5,0.5,79.76
3955,27824,27825,2.0,0.0,9.68
3956,27828,27829,17.0,0.0,191.98
3957,27840,27841,8.0,0.0,53.53
3958,27842,27843,10.0,0.0,59.78
3959,27844,27845,9.0,0.0,65.49
3960,27846,27847,3.0,0.0,17.29
3961,27856,27857,2.0,0.0,17.01
3962,27858,27859,17.0,0.0,65.09
3963,27864,27865,5.0,0.0,32.59
3964,27866,27867,2.0,0.0,16.79
3965,27874,27875,4.0,0.0,26.36
3966,27878,27879,3.0,0.0,22.83
3967,27880,27881,4.0,0.0,25.51
3968,27882,27883,4.0,0.0,31.57
3969,27884,27885,6.0,0.0,41.82
3970,27894,27895,30.0,0.0,64.06
3971,27906,27907,1.333,0.333,11.96
3972,27908,27909,4.0,1.0,30.81
3973,27914,27915,2.0,0.0,18.52
3974,27916,27917,2.0,0.0,23.42
3975,27922,27923,3.0,0.0,29.78
3976,27924,27925,6.0,0.0,42.43
3977,27934,27935,7.0,0.0,57.51
3978,27938,27939,2.0,0.0,13.31
3979,27944,27945,3.0,0.667,34.28
3980,27946,27947,12.0,2.0,151.97
3981,27948,27949,3.0,1.0,28.8
3982,27950,27951,2.0,0.0,20.16
3983,27952,27953,4.0,0.0,46.34
3984,27954,27955,1.667,0.333,16.43
3985,27956,27957,2.75,0.25,32.61
3986,27978,27979,19.0,0.0,34.99
3987,27984,27985,9.0,0.0,68.16
3988,28028,28029,6.357,0.831,97.37
3989,28030,28031,12.5,12.5,185.46
3990,28038,28039,6.0,0.0,32.56
3991,28040,28041,14.2,1.956,102.82
3992,28042,28043,8.909,1.691,54.16
3993,28044,28045,5.0,0.0,30.16
3994,28046,28047,24.0,2.0,161.63
3995,28050,28051,6.25,0.25,51.99
3996,28052,28053,4.5,0.5,41.07
3997,28054,28055,6.0,1.0,41.47
3998,28058,28059,7.0,2.0,51.56
3999,28080,28081,4.0,0.0,34.24
4000,28094,28095,12.0,0.0,88.21
4001,28096,28097,5.0,0.0,35.73
4002,28098,28099,3.0,0.0,20.42
4003,28100,28101,7.0,0.0,48.39
4004,28102,28103,13.5,0.5,93.13
4005,28118,28119,11.5,0.5,124.44
4006,28120,28121,33.333,20.333,245.38
4007,28134,28135,2.333,0.333,15.26
4008,28136,28137,8.0,0.0,54.85
4009,28138,28139,3.0,0.0,17.69
4010,28140,28141,2.5,0.5,8.12
4011,28142,28143,9.0,0.0,80.08
4012,28148,28149,1.5,0.5,12.62
4013,28154,28155,3.0,0.0,24.85
4014,28156,28157,6.0,0.0,45.87
4015,28158,28159,6.0,0.0,44.5
4016,28160,28161,34.0,0.0,252.74
4017,28164,28165,2.0,0.0,7.9
4018,28168,28169,2.667,0.333,10.93
4019,28170,28171,2.667,0.333,13.18
4020,28174,28175,17.0,0.0,116.76
4021,28176,28177,4.0,0.0,26.9
4022,28200,28201,2.8,0.168,30.57
4023,28204,28205,1.15,0.134,15.38
4024,28206,28207,2.25,0.197,27.03
4025,28208,28209,15.714,2.714,193.19
4026,28210,28211,3.952,0.348,49.34
4027,28212,28213,4.2,0.178,48.36
4028,28214,28215,1.444,0.278,16.97
4029,28216,28217,9.667,1.75,99.37
4030,28218,28219,11.6,223.156,58.01
4031,28222,28223,2.667,0.333,19.01
4032,28224,28225,11.0,2.0,83.04
4033,28232,28233,9.0,0.0,40.69
4034,28250,28251,12.0,0.0,93.09
4035,28252,28253,2.0,0.0,17.42
4036,28254,28255,8.0,0.0,59.01
4037,28262,28263,38.0,0.0,56.58
4038,28264,28265,10.0,0.0,77.46
4039,28308,28309,6.0,1.0,41.33
4040,28338,28339,19.667,4.333,152.57
4041,28366,28367,6.5,0.5,47.68
4042,28368,28369,1.5,0.5,11.42
4043,28370,28371,4.5,0.5,29.17
4044,28372,28373,11.0,0.0,70.09
4045,28374,28375,3.0,0.0,20.9
4046,28378,28379,4.0,0.0,36.3
4047,28380,28381,11.0,0.0,87.84
4048,28392,28393,19.0,0.0,37.45
4049,28394,28395,16.5,364.5,7.57
4050,28412,28413,5.5,0.333,37.45
4051,28414,28415,4.0,0.0,22.37
4052,28416,28417,7.0,0.0,35.62
4053,28432,28433,2.0,0.0,10.2
4054,28434,28435,4.0,0.0,23.58
4055,28436,28437,7.0,0.0,42.55
4056,28442,28443,5.0,0.0,27.74
4057,28444,28445,5.0,0.0,30.77
4058,28446,28447,4.0,0.0,25.64
4059,28462,28463,17.0,0.0,127.3
4060,28464,28465,11.5,0.5,27.09
4061,28478,28479,10.0,8.0,16.68
4062,28480,28481,2.0,0.0,18.89
4063,28482,28483,5.833,0.493,74.5
4064,28484,28485,5.0,0.0,11.28
4065,28488,28489,6.0,13.0,8.82
4066,28490,28491,17.667,4.333,35.86
4067,28494,28495,9.0,0.0,20.51
4068,28496,28497,3.125,0.125,20.92
4069,28498,28499,28.333,5.467,190.42
4070,28500,28501,4.125,0.411,26.98
4071,28502,28503,1.375,0.268,10.74
4072,28506,28507,14.125,4.125,99.59
4073,28508,28509,5.429,0.952,37.35
4074,28510,28511,7.125,0.696,49.48
4075,28512,28513,2.5,0.286,18.59
4076,28514,28515,2.375,0.268,15.51
4077,28516,28517,4.0,0.0,33.07
4078,28518,28519,5.0,0.0,37.74
4079,28520,28521,6.0,0.0,42.77
4080,28524,28525,2.417,0.265,15.22
4081,28526,28527,2.889,0.361,42.27
4082,28528,28529,2.182,0.564,25.18
4083,28530,28531,19.455,191.073,56.3
4084,28532,28533,9.75,0.25,76.77
4085,28534,28535,2.25,0.25,18.09
4086,28536,28537,3.286,0.238,38.52
4087,28538,28539,2.571,0.286,35.77
4088,28540,28541,2.5,0.286,27.56
4089,28542,28543,3.0,0.286,39.2
4090,28546,28547,2.125,0.125,22.04
4091,28556,28557,1.167,0.167,17.93
4092,28558,28559,3.333,0.267,23.46
4093,28568,28569,11.5,0.5,81.29
4094,28570,28571,3.0,0.0,20.95
4095,28574,28575,5.0,0.0,41.08
4096,28576,28577,8.5,0.5,61.69
4097,28578,28579,7.5,0.5,59.31
4098,28580,28581,3.0,0.0,21.6
4099,28582,28583,4.0,0.0,26.86
4100,28596,28597,2.875,0.125,29.34
4101,28598,28599,3.0,0.0,23.11
4102,28600,28601,8.0,0.0,98.89
4103,28604,28605,8.0,0.0,37.83
4104,28606,28607,6.0,0.0,31.05
4105,28608,28609,7.0,0.0,36.12
4106,28610,28611,47.0,0.0,247.47
4107,28612,28613,9.0,0.0,46.67
4108,28622,28623,17.0,32.0,113.7
4109,28634,28635,11.0,0.0,77.82
4110,28636,28637,8.0,0.0,69.13
4111,28646,28647,6.25,0.25,68.04
4112,28648,28649,2.0,0.667,22.08
4113,28650,28651,2.8,0.2,30.37
4114,28652,28653,3.8,0.2,36.32
4115,28654,28655,5.96,0.29,67.51
4116,28656,28657,7.0,0.696,85.26
4117,28658,28659,5.905,0.79,69.6
4118,28660,28661,7.762,0.59,95.42
4119,28662,28663,12.143,14.529,132.05
4120,28664,28665,15.19,139.762,40.83
4121,28666,28667,2.0,0.0,16.65
4122,28668,28669,5.0,0.0,58.97
4123,28672,28673,29.333,584.333,19.63
4124,28684,28685,3.0,0.0,16.16
4125,28686,28687,2.1,0.1,25.7
4126,28702,28703,3.5,0.265,41.5
4127,28708,28709,8.154,0.808,105.71
4128,28710,28711,1.154,0.141,13.14
4129,28718,28719,2.0,0.0,12.92
4130,28720,28721,10.0,0.0,45.58
4131,28728,28729,19.5,24.5,142.59
4132,28730,28731,9.0,2.0,61.15
4133,28742,28743,3.5,0.5,28.59
4134,28744,28745,19.5,24.5,39.72
4135,28748,28749,4.0,0.0,47.29
4136,28750,28751,4.333,0.267,41.54
4137,28752,28753,8.167,0.167,101.02
4138,28754,28755,5.571,0.286,60.89
4139,28756,28757,6.333,0.267,73.6
4140,28758,28759,8.333,10.667,77.57
4141,28776,28777,2.0,0.0,10.08
4142,28778,28779,13.0,2.0,59.01
4143,28780,28781,10.5,4.5,49.14
4144,28782,28783,9.0,2.0,40.22
4145,28784,28785,9.0,2.0,38.41
4146,28786,28787,8.5,0.5,40.06
4147,28788,28789,10.333,1.333,48.68
4148,28796,28797,4.0,0.0,27.78
4149,28802,28803,40.0,0.0,204.14
4150,28804,28805,10.5,0.5,57.94
4151,28814,28815,1.667,0.333,8.75
4152,28816,28817,2.667,0.333,12.16
4153,28820,28821,16.0,0.0,129.72
4154,28824,28825,7.0,0.0,52.33
4155,28830,28831,4.0,0.0,31.04
4156,28848,28849,11.0,0.0,86.37
4157,28872,28873,2.0,0.0,13.4
4158,28878,28879,8.0,0.0,67.04
4159,28880,28881,16.0,40.667,96.66
4160,28882,28883,2.75,0.25,15.98
4161,28894,28895,38.0,0.0,271.65
4162,28908,28909,8.0,0.0,58.54
4163,28922,28923,37.0,0.0,74.19
4164,28952,28953,1.4,0.267,14.15
4165,28954,28955,34.0,0.0,222.43
4166,28956,28957,14.0,2.0,96.21
4167,28958,28959,12.5,0.5,146.12
4168,28964,28965,1.4,0.267,14.88
4169,28972,28973,5.0,0.0,39.46
4170,28974,28975,4.0,0.0,33.43
4171,28996,28997,3.0,0.0,17.57
4172,28998,28999,4.667,0.333,40.72
4173,29000,29001,11.0,4.0,86.66
4174,29002,29003,8.667,1.333,68.47
4175,29004,29005,3.5,1.0,26.45
4176,29006,29007,3.0,0.0,26.99
4177,29008,29009,11.25,0.25,91.86
4178,29010,29011,6.0,0.0,0.2
4179,29018,29019,10.0,0.0,44.21
4180,29030,29031,4.0,0.0,13.78
4181,29042,29043,5.0,0.0,34.22
4182,29044,29045,4.0,0.0,29.46
4183,29062,29063,10.8,1.7,77.16
4184,29064,29065,4.857,0.476,36.96
4185,29072,29073,4.625,0.268,25.82
4186,29090,29091,4.5,0.5,28.46
4187,29122,29123,16.0,0.0,38.84
4188,29138,29139,4.0,0.0,24.9
4189,29140,29141,7.0,0.0,42.39
4190,29162,29163,11.0,0.0,84.33
4191,29164,29165,4.0,0.0,26.56
4192,29174,29175,2.0,0.0,12.64
4193,29228,29229,4.5,4.5,14.43
4194,29246,29247,2.0,0.0,13.33
4195,29248,29249,27.0,0.0,190.99
4196,29262,29263,40.0,1212.0,15.21
4197,29266,29267,3.0,0.0,19.96
4198,29270,29271,1.25,0.25,7.99
4199,29272,29273,3.6,9.3,17.86
4200,29276,29277,2.0,0.5,13.38
4201,29280,29281,9.0,0.0,57.83
4202,29300,29301,9.0,0.0,63.34
4203,29302,29303,4.0,0.0,31.36
4204,29304,29305,4.0,0.0,28.94
4205,29306,29307,3.0,0.0,19.01
4206,29308,29309,4.0,0.0,23.8
4207,29316,29317,18.0,0.0,126.36
4208,29318,29319,5.0,0.0,39.8
4209,29330,29331,3.0,0.0,23.64
4210,29332,29333,4.5,0.5,28.7
4211,29334,29335,2.667,0.333,18.3
4212,29340,29341,8.0,1.0,54.89
4213,29350,29351,29.0,2.0,239.34
4214,29352,29353,3.0,0.0,22.06
4215,29370,29371,2.0,0.0,19.78
4216,29372,29373,4.0,0.0,30.21
4217,29374,29375,13.0,0.0,92.46
4218,29376,29377,11.0,0.0,79.42
4219,29386,29387,18.0,270.0,47.53
4220,29392,29393,4.0,0.0,23.16
4221,29406,29407,5.0,0.0,68.51
4222,29410,29411,5.5,0.5,78.16
4223,29412,29413,6.5,0.5,93.23
4224,29414,29415,7.0,2.0,89.8
4225,29440,29441,21.0,0.0,73.5
4226,29444,29445,2.0,0.0,29.37
4227,29448,29449,3.0,0.0,39.94
4228,29450,29451,5.2,0.7,24.38
4229,29460,29461,6.5,0.5,51.64
4230,29464,29465,5.0,0.0,55.73
4231,29466,29467,6.5,4.5,72.84
4232,29470,29471,2.333,0.267,13.09
4233,29480,29481,3.0,0.0,23.85
4234,29486,29487,5.0,0.0,38.12
4235,29514,29515,6.5,0.5,46.58
4236,29516,29517,14.0,0.0,106.98
4237,29518,29519,5.0,0.0,35.71
4238,29520,29521,7.0,0.0,52.41
4239,29522,29523,7.0,0.0,54.77
4240,29558,29559,17.0,0.0,126.66
4241,29570,29571,12.0,0.0,87.67
4242,29580,29581,7.0,0.0,76.1
4243,29582,29583,6.0,0.0,35.37
4244,29584,29585,5.0,0.0,36.78
4245,29588,29589,12.5,12.5,73.03
4246,29592,29593,7.5,0.5,56.59
4247,29594,29595,11.0,2.0,78.0
4248,29598,29599,29.0,0.0,235.72
4249,29600,29601,13.0,0.0,97.34
4250,29602,29603,12.0,0.0,91.01
4251,29604,29605,7.0,0.0,55.57
4252,29606,29607,13.0,0.0,104.12
4253,29608,29609,3.0,0.0,20.29
4254,29610,29611,43.0,0.0,95.69
4255,29612,29613,7.0,0.0,53.08
4256,29642,29643,5.0,0.0,46.49
4257,29646,29647,6.0,0.0,59.51
4258,29648,29649,5.0,0.0,60.12
4259,29652,29653,16.75,2.917,112.58
4260,29656,29657,5.5,0.5,39.46
4261,29658,29659,5.0,0.0,42.65
4262,29662,29663,2.0,0.0,15.13
4263,29694,29695,20.0,0.0,92.54
4264,29696,29697,97.0,0.0,460.52
4265,29698,29699,7.0,0.0,217.77
4266,29724,29725,4.0,0.0,34.55
4267,29726,29727,22.0,0.0,59.41
4268,29728,29729,4.769,0.359,54.29
4269,29730,29731,3.0,0.5,37.46
4270,29732,29733,5.5,5.909,60.71
4271,29734,29735,2.9,0.1,34.06
4272,29736,29737,8.0,0.0,64.75
4273,29738,29739,3.0,0.0,20.92
4274,29740,29741,4.0,0.0,32.39
4275,29742,29743,2.0,0.0,17.12
4276,29744,29745,7.0,0.0,24.82
4277,29758,29759,14.0,0.0,224.36
4278,29760,29761,5.0,0.0,71.42
4279,29766,29767,34.575,528.763,210.63
4280,29768,29769,2.5,0.5,26.0
4281,29770,29771,9.667,0.333,131.17
4282,29772,29773,11.0,1.0,129.19
4283,29774,29775,2.667,0.333,21.65
4284,29776,29777,15.0,0.0,96.1
4285,29778,29779,12.5,0.5,81.5
4286,29780,29781,9.5,162.957,54.84
4287,29782,29783,24.542,922.346,24.46
4288,29788,29789,10.0,0.0,74.49
4289,29790,29791,3.0,0.0,23.93
4290,29792,29793,11.0,0.0,79.69
4291,29794,29795,2.0,0.0,22.36
4292,29806,29807,16.0,0.0,122.91
4293,29808,29809,15.0,0.0,112.5
4294,29810,29811,4.0,0.0,34.18
4295,29812,29813,8.0,0.0,60.41
4296,29830,29831,8.0,0.0,87.36
4297,29878,29879,9.0,0.0,74.52
4298,29880,29881,5.0,0.0,38.49
4299,29882,29883,8.0,0.0,55.74
4300,29884,29885,12.5,60.5,48.94
4301,29898,29899,2.0,0.0,15.81
4302,29900,29901,3.0,0.0,24.2
4303,29902,29903,121.0,18.0,72.31
4304,29904,29905,102.5,14964.5,5.16
4305,29910,29911,3.0,0.0,14.72
4306,29912,29913,5.0,0.0,38.47
4307,29914,29915,8.0,2.0,60.42
4308,29916,29917,114.5,1860.5,75.94
4309,29918,29919,4.0,0.0,35.41
4310,29920,29921,7.5,0.5,57.78
4311,29922,29923,11.5,4.5,77.28
4312,29926,29927,6.714,228.571,12.25
4313,29928,29929,20.571,574.619,8.43
4314,29930,29931,28.3,1872.148,87.87
4315,29942,29943,3.0,0.0,16.85
4316,29952,29953,17.333,0.333,116.97
4317,29960,29961,1.286,0.21,15.22
4318,29962,29963,6.6,0.3,49.81
4319,29964,29965,9.6,2.3,56.39
4320,29968,29969,13.4,114.8,23.48
4321,29974,29975,2.0,0.0,8.22
4322,29982,29983,7.0,0.0,34.05
4323,29986,29987,4.0,0.0,45.02
4324,29988,29989,2.5,0.5,31.5
4325,29996,29997,2.483,0.687,24.81
4326,29998,29999,6.138,1.695,44.7
4327,30054,30055,20.0,0.0,152.82
4328,30060,30061,8.0,0.0,83.88
4329,30106,30107,7.0,0.0,29.95
4330,30126,30127,22.0,0.0,142.97
4331,30142,30143,32.0,0.0,75.79
4332,30144,30145,34.0,0.0,77.8
4333,30168,30169,6.0,0.0,42.56
4334,30170,30171,7.333,0.333,52.8
4335,30172,30173,11.333,0.333,76.44
4336,30174,30175,4.739,0.292,91.21
4337,30182,30183,27.0,0.0,134.84
4338,30194,30195,1.656,0.297,16.51
4339,30212,30213,16.75,7.583,137.83
4340,30214,30215,17.667,1.333,136.8
4341,30216,30217,13.0,0.0,85.04
4342,30218,30219,13.5,4.5,101.47
4343,30220,30221,5.0,0.0,37.59
4344,30222,30223,8.0,0.0,62.49
4345,30224,30225,4.0,0.0,34.55
4346,30226,30227,6.0,0.0,58.07
4347,30228,30229,18.0,0.0,112.48
4348,30234,30235,3.333,0.333,25.3
4349,30236,30237,4.0,0.0,29.05
4350,30238,30239,24.0,0.0,164.56
4351,30240,30241,2.0,0.0,12.29
4352,30242,30243,3.0,0.0,19.42
4353,30244,30245,3.0,0.0,18.88
4354,30246,30247,7.667,0.333,48.29
4355,30248,30249,11.0,0.0,86.95
4356,30252,30253,3.0,0.0,28.51
4357,30254,30255,3.5,0.5,23.48
4358,30256,30257,12.0,0.0,87.61
4359,30280,30281,5.0,0.0,41.14
4360,30284,30285,5.5,0.5,41.17
4361,30286,30287,2.0,0.0,15.78
4362,30288,30289,55.5,144.5,96.48
4363,30302,30303,11.75,4.917,76.94
4364,30306,30307,14.0,0.0,87.37
4365,30308,30309,10.0,0.0,83.33
4366,30310,30311,1.333,0.333,12.09
4367,30312,30313,9.0,2.0,66.61
4368,30314,30315,8.0,2.0,60.41
4369,30316,30317,9.5,4.5,48.97
4370,30322,30323,15.0,0.0,109.02
4371,30324,30325,17.0,0.0,112.15
4372,30348,30349,3.0,0.0,21.11
4373,30350,30351,2.0,0.0,14.81
4374,30354,30355,13.0,0.0,26.59
4375,30378,30379,8.667,0.333,62.74
4376,30380,30381,7.0,3.0,38.76
4377,30384,30385,4.75,0.25,31.33
4378,30386,30387,10.0,0.667,68.31
4379,30392,30393,7.0,0.0,50.52
4380,30400,30401,6.0,0.0,48.78
4381,30402,30403,4.0,0.0,30.99
4382,30406,30407,7.0,0.0,51.2
4383,30408,30409,8.5,0.5,52.84
4384,30414,30415,6.0,0.0,37.65
4385,30416,30417,4.0,0.0,16.88
4386,30438,30439,7.0,0.0,46.9
4387,30450,30451,12.0,0.0,107.75
4388,30462,30463,7.0,0.0,100.28
4389,30478,30479,4.0,0.0,56.3
4390,30480,30481,9.0,0.0,102.25
4391,30500,30501,9.0,0.0,40.56
4392,30502,30503,17.0,2.0,80.21
4393,30504,30505,16.0,0.0,80.54
4394,30506,30507,3.0,0.0,13.65
4395,30526,30527,45.0,0.0,14.27
4396,30528,30529,7.0,0.0,34.62
4397,30536,30537,2.0,0.0,21.24
4398,30538,30539,9.0,0.0,105.11
4399,30548,30549,24.667,1161.333,40.74
4400,30552,30553,2.0,0.0,8.52
4401,30584,30585,1.857,0.143,17.81
4402,30592,30593,1.833,0.167,24.47
4403,30594,30595,11.333,9.333,170.89
4404,30596,30597,13.812,1.896,170.38
4405,30598,30599,3.625,0.268,47.03
4406,30600,30601,3.333,0.333,47.09
4407,30602,30603,1.667,0.333,12.55
4408,30652,30653,3.0,0.0,27.33
4409,30688,30689,7.341,0.63,104.84
4410,30694,30695,26.244,20.501,1228.71
4411,30696,30697,6.876,19.655,184.36
4412,30698,30699,3.979,0.744,194.17
4413,30700,30701,5.977,0.547,254.73
4414,30702,30703,3.311,6.719,76.53
4415,30704,30705,7.116,28.724,62.12
4416,30706,30707,4.39,7.69,63.7
4417,30708,30709,3.136,1.154,77.84
4418,30712,30713,13.053,539.053,23.83
4419,30714,30715,2.561,0.302,37.12
4420,30718,30719,4.643,0.401,228.5
4421,30720,30721,9.052,1.91,327.02
4422,30722,30723,11.552,117.47,61.83
4423,30724,30725,9.545,100.165,59.86
4424,30726,30727,15.143,135.655,64.7
4425,30728,30729,6.632,97.212,28.86
4426,30730,30731,8.649,105.734,29.14
4427,30732,30733,2.625,0.332,32.21
4428,30734,30735,50.231,597.192,25.51
4429,30736,30737,45.719,1282.725,51.27
4430,30738,30739,4.333,85.923,11.13
4431,30740,30741,1.303,0.218,15.36
4432,30742,30743,2.342,3.312,21.72
4433,30744,30745,8.5,53.986,43.69
4434,30746,30747,17.273,283.018,71.31
4435,30748,30749,17.258,401.931,44.85
4436,30750,30751,1.871,0.249,21.97
4437,30752,30753,3.032,0.366,35.8
4438,30754,30755,36.074,536.379,52.83
4439,30756,30757,4.0,0.222,55.07
4440,30758,30759,9.1,0.989,118.45
4441,30760,30761,20.091,141.491,135.4
4442,30762,30763,14.375,1.696,184.57
4443,30764,30765,2.0,0.444,24.44
4444,30766,30767,13.5,1.167,174.38
4445,30770,30771,72.3,1709.344,48.36
4446,30772,30773,10.0,503.7,6.22
4447,30774,30775,1.682,10.227,4.43
4448,30776,30777,14.447,262.861,40.83
4449,30778,30779,12.062,150.729,113.58
4450,30780,30781,9.5,135.333,33.76
4451,30782,30783,14.133,296.464,22.85
4452,30784,30785,2.323,3.16,23.14
4453,30786,30787,1.154,0.132,12.67
4454,30790,30791,4.385,0.678,50.56
4455,30792,30793,4.485,0.654,51.15
4456,30794,30795,5.806,0.65,66.86
4457,30796,30797,3.71,0.701,41.11
4458,30798,30799,1.667,0.229,22.58
4459,30800,30801,1.528,0.256,19.23
4460,30802,30803,3.114,1.222,38.66
4461,30804,30805,3.611,0.244,47.87
4462,30806,30807,3.806,1.018,50.14
4463,30810,30811,2.242,3.252,26.52
4464,30812,30813,3.576,0.377,47.5
4465,30814,30815,9.182,0.966,119.02
4466,30816,30817,1.106,0.358,13.08
4467,30818,30819,3.263,32.649,5.07
4468,30820,30821,4.562,25.093,26.05
4469,30822,30823,3.781,35.596,14.46
4470,30824,30825,2.744,19.248,23.52
4471,30826,30827,5.692,53.482,33.51
4472,30828,30829,4.583,0.25,58.67
4473,30830,30831,5.554,2.501,54.4
4474,30832,30833,1.048,0.046,7.48
4475,30834,30835,1.583,4.083,2.96
4476,30836,30837,19.45,190.921,63.94
4477,30838,30839,37.029,310.454,108.01
4478,30842,30843,4.0,0.0,34.77
4479,30844,30845,6.0,0.0,39.24
4480,30846,30847,6.0,0.0,40.35
4481,30852,30853,4.0,0.0,23.12
4482,30854,30855,2.0,0.0,10.09
4483,30882,30883,11.0,0.0,94.83
4484,30896,30897,12.0,0.0,92.68
4485,30898,30899,4.0,0.0,26.68
4486,30910,30911,8.0,0.0,72.49
4487,30912,30913,3.0,0.0,31.66
4488,30914,30915,4.0,0.0,26.12
4489,30920,30921,50.542,25.942,2714.56
4490,30922,30923,4.716,4.436,140.66
4491,30924,30925,13.952,1.148,360.69
4492,30926,30927,6.333,0.4,340.62
4493,30928,30929,2.884,0.153,76.61
4494,30930,30931,4.0,0.326,97.77
4495,30932,30933,5.138,7.033,176.48
4496,30934,30935,18.553,3.861,479.22
4497,30936,30937,17.067,420.616,19.17
4498,30938,30939,3.667,0.333,45.22
4499,30940,30941,176.923,59999.914,169.36
4500,30942,30943,4.213,0.562,52.0
4501,30944,30945,7.771,18.308,86.85
4502,30946,30947,13.906,140.991,58.97
4503,30950,30951,10.2,4.333,120.26
4504,30952,30953,3.96,0.457,46.99
4505,30954,30955,8.88,226.277,70.22
4506,30956,30957,3.745,0.499,46.1
4507,30958,30959,18.146,2211.744,56.19
4508,30960,30961,5.34,3.838,54.82
4509,30962,30963,3.298,11.953,22.9
4510,30964,30965,1.028,0.028,6.86
4511,30966,30967,14.75,2.968,188.5
4512,30968,30969,2.875,7.339,29.42
4513,30980,30981,6.0,0.0,75.53
4514,30982,30983,10.5,0.5,122.03
4515,31016,31017,14.667,2.333,71.07
4516,31018,31019,22.667,10.333,114.17
4517,31020,31021,11.0,2.0,56.69
4518,31028,31029,5.0,0.667,34.41
4519,31030,31031,8.333,2.333,52.3
4520,31034,31035,14.583,217.819,36.22
4521,31036,31037,6.75,0.25,34.63
4522,31038,31039,13.912,154.204,93.6
4523,31046,31047,14.0,0.0,194.5
4524,31048,31049,6.667,0.333,85.44
4525,31050,31051,2.333,0.333,34.12
4526,31052,31053,2.0,0.0,26.84
4527,31054,31055,2.0,0.0,21.3
4528,31056,31057,3.0,0.0,46.01
4529,31058,31059,3.0,0.0,42.59
4530,31060,31061,1.333,0.333,23.58
4531,31062,31063,9.0,0.0,103.95
4532,31064,31065,22.174,5.877,259.33
4533,31066,31067,19.5,8.037,224.47
4534,31068,31069,12.0,0.0,90.92
4535,31070,31071,1.667,0.333,10.05
4536,31080,31081,3.0,0.0,22.82
4537,31082,31083,8.0,0.0,68.12
4538,31084,31085,25.5,4.5,199.82
4539,31086,31087,2.107,0.173,32.01
4540,31088,31089,4.964,0.925,73.75
4541,31098,31099,134.2,6729.2,180.25
4542,31110,31111,23.857,107.052,187.7
4543,31116,31117,11.0,0.0,76.17
4544,31118,31119,9.0,0.0,59.79
4545,31120,31121,10.667,30.333,49.88
4546,31122,31123,5.75,0.917,39.44
4547,31126,31127,2.25,0.25,18.5
4548,31128,31129,4.0,0.0,26.1
4549,31130,31131,1.667,0.333,12.33
4550,31144,31145,2.0,0.0,15.45
4551,31166,31167,5.0,0.0,39.0
4552,31176,31177,25.0,0.0,91.67
4553,31178,31179,5.0,0.0,33.29
4554,31182,31183,19.0,0.0,158.79
4555,31202,31203,3.0,0.0,21.24
4556,31204,31205,6.0,0.0,47.75
4557,31206,31207,3.0,0.0,19.38
4558,31220,31221,45.0,0.0,347.03
4559,31228,31229,5.0,0.333,57.45
4560,31230,31231,59.0,0.0,283.3
4561,31240,31241,6.5,0.5,71.58
4562,31242,31243,2.5,0.5,36.3
4563,31244,31245,7.0,0.0,88.39
4564,31246,31247,5.0,0.0,60.84
4565,31248,31249,11.0,0.0,139.07
4566,31260,31261,3.5,0.5,24.0
4567,31262,31263,2.5,0.5,19.42
4568,31264,31265,3.0,0.0,27.22
4569,31266,31267,2.5,0.5,33.26
4570,31268,31269,2.333,0.333,31.24
4571,31270,31271,2.75,0.25,19.36
4572,31272,31273,4.0,0.0,28.28
4573,31274,31275,4.333,0.267,32.79
4574,31276,31277,1.167,0.167,8.62
4575,31278,31279,5.0,0.667,36.16
4576,31280,31281,35.5,220.5,15.73
4577,31282,31283,22.0,0.0,182.98
4578,31284,31285,13.0,0.0,95.81
4579,31296,31297,4.78,22.276,50.71
4580,31298,31299,4.293,85.912,15.17
4581,31300,31301,1.75,0.25,10.28
4582,31304,31305,14.0,0.0,75.64
4583,31314,31315,33.0,0.0,211.39
4584,31316,31317,2.9,0.1,21.4
4585,31320,31321,3.222,0.194,25.07
4586,31322,31323,3.125,0.125,26.19
4587,31324,31325,3.25,1.357,17.46
4588,31326,31327,12.0,0.0,51.17
4589,31328,31329,12.0,1.0,54.26
4590,31340,31341,2.0,0.0,14.07
4591,31402,31403,5.0,0.0,30.76
4592,31424,31425,4.0,0.0,15.47
4593,31444,31445,24.0,0.0,49.67
4594,31462,31463,25.75,274.917,16.23
4595,31476,31477,17.5,0.5,205.04
4596,31478,31479,5.0,0.0,57.64
4597,31480,31481,15.0,0.0,213.14
4598,31482,31483,9.0,0.0,139.28
4599,31510,31511,25.0,0.0,146.57
4600,31512,31513,2.0,0.0,15.08
4601,31514,31515,8.0,0.0,44.16
4602,31526,31527,5.8,0.589,73.96
4603,31528,31529,9.048,22.648,72.26
4604,31532,31533,1.1,0.093,10.78
4605,31534,31535,5.333,1.604,56.62
4606,31536,31537,8.758,28.127,74.28
4607,31538,31539,3.086,0.198,57.34
4608,31562,31563,2.0,0.0,11.64
4609,31564,31565,12.0,0.0,80.99
4610,31576,31577,22.0,0.0,187.34
4611,31588,31589,2.0,0.0,15.58
4612,31600,31601,25.0,0.0,188.22
4613,31606,31607,23.0,0.0,157.76
4614,31614,31615,7.5,0.5,46.87
4615,31620,31621,5.0,0.0,39.19
4616,31622,31623,2.0,0.0,14.9
4617,31624,31625,6.0,0.0,51.52
4618,31626,31627,6.0,0.0,49.55
4619,31628,31629,13.667,100.333,44.25
4620,31648,31649,17.0,0.0,85.19
4621,31656,31657,1.75,0.25,6.51
4622,31658,31659,7.667,0.333,41.02
4623,31668,31669,8.0,0.0,37.41
4624,31670,31671,6.0,0.0,26.79
4625,31678,31679,17.0,0.0,158.11
4626,31690,31691,6.0,0.0,49.16
4627,31692,31693,12.5,0.5,100.4
4628,31694,31695,14.0,0.0,108.69
4629,31696,31697,7.0,0.0,55.11
4630,31704,31705,7.0,0.0,35.89
4631,31718,31719,7.25,1.583,104.12
4632,31720,31721,11.4,2.3,144.16
4633,31738,31739,16.0,0.0,114.56
4634,31740,31741,4.0,0.0,25.84
4635,31742,31743,7.0,0.0,47.92
4636,31744,31745,2.0,0.0,9.91
4637,31746,31747,6.0,0.0,44.71
4638,31750,31751,5.0,0.0,36.57
4639,31752,31753,12.667,1.333,105.05
4640,31758,31759,21.611,161.899,163.52
4641,31760,31761,19.714,12.989,233.07
4642,31770,31771,21.0,8.0,93.63
4643,31772,31773,90.0,0.0,531.47
4644,31776,31777,10.0,0.0,54.05
4645,31780,31781,3.167,2.626,33.47
4646,31782,31783,16.2,158.993,54.68
4647,31784,31785,7.083,28.862,74.29
4648,31786,31787,7.208,31.824,19.39
4649,31788,31789,3.455,0.673,41.89
4650,31794,31795,10.59,2.09,130.51
4651,31798,31799,11.316,278.613,41.2
4652,31800,31801,2.875,48.197,8.04
4653,31802,31803,24.5,12.5,186.91
4654,31812,31813,22.2,569.2,27.16
4655,31832,31833,6.0,0.0,45.91
4656,31834,31835,29.5,4.5,217.87
4657,31844,31845,5.4,36.711,15.98
4658,31846,31847,2.778,0.301,30.76
4659,31848,31849,2.391,0.249,29.02
4660,31850,31851,8.043,46.589,70.29
4661,31876,31877,5.545,5.756,28.75
4662,31914,31915,8.0,0.0,60.49
4663,31938,31939,23.0,0.0,44.36
4664,31946,31947,79.5,40.5,152.23
4665,31974,31975,7.0,0.0,61.28
4666,31976,31977,7.0,0.0,55.49
4667,31982,31983,8.0,0.0,62.63
4668,31984,31985,2.0,0.0,10.69
4669,31986,31987,3.0,0.0,23.79
4670,31988,31989,3.0,0.0,17.2
4671,31992,31993,22.0,0.0,50.55
4672,31998,31999,3.0,0.0,38.7
4673,32000,32001,4.0,0.0,41.58
4674,32002,32003,276.0,0.0,76.91
4675,32004,32005,25.0,0.0,28.85
4676,32008,32009,113.0,0.0,45.07
4677,32016,32017,13.333,2.333,103.48
4678,32018,32019,4.333,0.333,33.4
4679,32020,32021,6.333,0.333,50.26
4680,32022,32023,3.0,0.0,24.17
4681,32026,32027,73.378,1.853,4000.33
4682,32028,32029,2.423,0.254,27.74
4683,32034,32035,2.395,30.864,11.29
4684,32036,32037,12.111,215.919,52.61
4685,32038,32039,6.75,31.937,64.57
4686,32040,32041,1.125,0.163,6.61
4687,32044,32045,3.0,0.0,27.71
4688,32048,32049,3.5,0.5,24.64
4689,32054,32055,6.0,2.0,37.84
4690,32120,32121,13.714,3.912,59.55
4691,32122,32123,15.167,5.767,67.9
4692,32124,32125,1.143,0.143,2.14
4693,32126,32127,1.889,0.361,5.16
4694,32130,32131,2.0,0.0,14.22
4695,32134,32135,7.0,0.0,61.22
4696,32144,32145,8.333,0.333,67.05
4697,32146,32147,17.667,1.333,152.16
4698,32148,32149,2.833,0.167,19.29
4699,32150,32151,2.25,0.25,18.62
4700,32158,32159,7.0,0.0,52.26
4701,32164,32165,1.765,5.441,7.73
4702,32166,32167,7.483,438.33,23.69
4703,32168,32169,24.241,2750.047,23.12
4704,32170,32171,43.586,2841.894,89.98
4705,32172,32173,32.897,3197.025,39.97
4706,32218,32219,8.667,0.333,59.74
4707,32220,32221,1.667,0.333,9.22
4708,32222,32223,6.667,0.333,46.86
4709,32238,32239,23.0,0.0,131.64
4710,32244,32245,16.0,0.0,89.48
4711,32252,32253,43.0,50.0,202.81
4712,32256,32257,70.0,0.0,317.52
4713,32262,32263,5.0,0.0,48.23
4714,32264,32265,9.297,1.048,111.0
4715,32266,32267,2.583,4.707,26.94
4716,32268,32269,9.444,18.311,101.94
4717,32270,32271,6.667,15.429,53.48
4718,32272,32273,3.2,4.341,19.71
4719,32276,32277,5.0,1.0,37.72
4720,32280,32281,13.0,0.0,85.98
4721,32286,32287,2.0,0.0,17.39
4722,32296,32297,5.2,1.7,33.57
4723,32298,32299,14.167,252.967,57.22
4724,32300,32301,45.946,3256.497,68.33
4725,32302,32303,6.977,3.642,84.81
4726,32304,32305,21.189,129.658,147.23
4727,32310,32311,9.0,0.0,63.11
4728,32352,32353,11.6,2.3,87.64
4729,32354,32355,7.0,2.0,53.22
4730,32356,32357,5.0,0.667,39.8
4731,32358,32359,13.0,3.0,104.97
4732,32360,32361,3.667,0.333,32.25
4733,32362,32363,11.0,2.0,80.54
4734,32390,32391,1.8,0.7,13.36
4735,32406,32407,11.0,0.0,142.33
4736,32420,32421,20.5,12.5,148.89
4737,32444,32445,19.0,0.0,161.45
4738,32446,32447,12.0,0.0,96.79
4739,32448,32449,12.5,0.5,156.51
4740,32450,32451,12.0,0.0,143.86
4741,32452,32453,10.0,0.0,141.07
4742,32456,32457,5.0,0.0,24.79
4743,32458,32459,2.0,0.0,9.73
4744,32460,32461,5.0,0.0,20.42
4745,32466,32467,3.0,0.0,30.09
4746,32468,32469,2.0,0.0,15.44
4747,32474,32475,3.0,0.0,11.31
4748,32476,32477,11.5,3.0,86.83
4749,32478,32479,7.118,26.168,117.83
4750,32480,32481,13.455,2.073,257.78
4751,32482,32483,5.091,0.291,82.0
4752,32488,32489,2.333,0.333,30.35
4753,32490,32491,13.6,1.3,170.26
4754,32512,32513,3.0,0.0,13.54
4755,32526,32527,17.667,8.333,145.77
4756,32528,32529,9.667,1.333,74.32
4757,32532,32533,3.5,0.333,51.66
4758,32534,32535,7.0,1.333,100.85
4759,32544,32545,1.2,0.163,12.95
4760,32564,32565,1.156,0.136,8.08
4761,32566,32567,2.395,32.786,10.84
4762,32568,32569,5.854,90.678,20.18
4763,32570,32571,52.5,2410.598,131.42
4764,32572,32573,2.357,9.127,5.45
4765,32574,32575,3.5,4.5,13.23
4766,32576,32577,4.735,0.366,56.25
4767,32578,32579,1.327,1.724,13.8
4768,32580,32581,11.735,64.782,96.78
4769,32582,32583,20.184,4.861,245.12
4770,32584,32585,1.333,0.353,5.98
4771,32586,32587,3.455,0.545,22.35
4772,32588,32589,1.125,0.125,10.08
4773,32590,32591,26.556,490.278,19.89
4774,32592,32593,2.188,0.163,30.83
4775,32628,32629,2.0,0.0,7.98
4776,32638,32639,13.0,0.0,54.18
4777,32640,32641,2.0,0.0,7.55
4778,32642,32643,3.071,44.143,12.36
4779,32644,32645,8.0,0.0,73.64
4780,32674,32675,8.0,0.0,52.5
4781,32682,32683,7.0,0.0,75.16
4782,32686,32687,3.632,0.246,44.69
4783,32688,32689,4.684,0.45,57.81
4784,32692,32693,6.462,0.436,78.4
4785,32694,32695,11.143,1.363,138.14
4786,32696,32697,8.2,1.6,101.89
4787,32698,32699,2.733,0.21,32.06
4788,32700,32701,4.947,0.83,57.78
4789,32702,32703,2.389,0.605,27.21
4790,32704,32705,2.8,0.171,35.54
4791,32706,32707,1.357,0.247,13.75
4792,32708,32709,5.267,0.781,65.76
4793,32710,32711,1.786,0.181,23.08
4794,32712,32713,4.638,43.323,32.68
4795,32714,32715,8.702,147.692,42.01
4796,32716,32717,1.261,0.197,14.79
4797,32718,32719,14.237,1568.078,13.89
4798,32724,32725,1.222,0.889,6.28
4799,32726,32727,7.486,0.757,92.96
4800,32728,32729,5.605,3.705,66.61
4801,32730,32731,2.095,0.19,16.17
4802,32732,32733,1.846,0.141,15.28
4803,32734,32735,5.667,0.333,65.94
4804,32736,32737,8.333,0.333,107.98
4805,32738,32739,24.0,523.0,54.77
4806,32740,32741,3.667,0.333,42.34
4807,32742,32743,3.333,0.333,38.35
4808,32744,32745,2.0,0.0,23.0
4809,32750,32751,1.667,0.333,18.73
4810,32752,32753,2.0,0.0,23.87
4811,32754,32755,7.0,0.0,83.82
4812,32756,32757,11.667,1.333,146.6
4813,32758,32759,7.931,3.281,90.78
4814,32760,32761,1.963,0.345,24.91
4815,32762,32763,4.962,20.118,32.61
4816,32764,32765,3.312,0.229,40.97
4817,32766,32767,7.4,2.543,92.26
4818,32770,32771,20.786,493.258,10.99
4819,32774,32775,3.5,0.452,42.29
4820,32776,32777,10.364,1.29,157.22
4821,32778,32779,20.136,5.266,312.06
4822,32788,32789,35.75,1430.25,22.94
4823,32794,32795,8.0,1.2,98.82
4824,32796,32797,8.833,0.567,114.86
4825,32798,32799,2.167,0.167,29.29
4826,32802,32803,4.5,0.5,37.74
4827,32826,32827,7.0,0.0,29.35
4828,32838,32839,5.0,0.0,26.28
4829,32840,32841,18.125,10.517,482.19
4830,32842,32843,1.034,0.034,23.88
4831,32844,32845,26.294,8.335,665.97
4832,32846,32847,2.167,0.167,25.97
4833,32872,32873,63.0,0.0,139.72
4834,32880,32881,7.217,0.632,86.12
4835,32882,32883,5.522,0.897,63.84
4836,32886,32887,5.63,30.396,51.79
4837,32920,32921,7.286,0.238,61.36
4838,32924,32925,1.167,0.167,6.58
4839,32930,32931,3.8,0.518,45.02
4840,32932,32933,4.8,0.4,61.32
4841,32936,32937,2.0,0.0,25.63
4842,32942,32943,3.0,0.0,23.09
4843,32962,32963,8.5,0.5,102.82
4844,32964,32965,2.0,0.222,28.36
4845,32966,32967,12.1,0.544,139.73
4846,32968,32969,40.0,0.0,174.26
4847,32990,32991,50.923,1512.126,118.41
4848,32992,32993,26.59,1345.459,29.19
4849,32994,32995,2.5,1.2,20.56
4850,32996,32997,4.943,6.17,47.54
4851,32998,32999,4.122,5.56,44.04
4852,33000,33001,7.683,258.322,37.14
4853,33002,33003,53.537,2040.655,143.1
4854,33004,33005,38.881,1142.156,63.75
4855,33006,33007,10.528,1.946,132.55
4856,33008,33009,9.346,1.682,119.47
4857,33010,33011,3.212,0.405,40.32
4858,33012,33013,2.135,0.158,26.78
4859,33014,33015,25.327,501.479,126.89
4860,33016,33017,22.038,762.234,28.25
4861,33018,33019,2.0,0.0,10.89
4862,33020,33021,11.0,103.0,12.42
4863,33022,33023,10.667,515.867,12.73
4864,33024,33025,2.9,0.322,38.37
4865,33060,33061,6.0,0.0,39.0
4866,33064,33065,2.0,0.0,17.93
4867,33082,33083,2.122,0.16,26.99
4868,33084,33085,1.098,0.09,14.21
4869,33090,33091,3.0,0.0,13.86
4870,33092,33093,3.5,0.5,20.15
4871,33096,33097,42.0,0.0,196.61
4872,33098,33099,24.0,0.0,15.2
4873,33104,33105,6.125,0.411,46.87
4874,33106,33107,2.25,0.214,16.55
4875,33108,33109,3.625,1.125,24.09
4876,33112,33113,1.875,0.125,10.09
4877,33152,33153,1.69,0.293,34.07
4878,33154,33155,4.29,0.28,84.09
4879,33156,33157,2.677,0.759,51.12
4880,33158,33159,5.789,0.62,74.54
4881,33160,33161,6.263,1.094,79.27
4882,33162,33163,8.368,40.135,88.47
4883,33164,33165,3.444,34.614,29.07
4884,33166,33167,20.889,629.046,68.27
4885,33168,33169,11.783,751.178,30.27
4886,33170,33171,2.045,1.093,15.27
4887,33172,33173,1.643,0.247,21.45
4888,33174,33175,7.593,22.866,71.39
4889,33176,33177,20.182,749.584,60.21
4890,33178,33179,1.786,0.335,22.4
4891,33180,33181,3.769,0.359,46.66
4892,33182,33183,10.222,268.183,27.01
4893,33184,33185,22.158,647.585,16.53
4894,33186,33187,8.0,15.3,89.18
4895,33188,33189,9.524,295.862,16.75
4896,33190,33191,2.188,0.162,24.74
4897,33192,33193,11.062,166.863,62.21
4898,33194,33195,109.4,26776.3,130.86
4899,33196,33197,2.708,9.868,22.9
4900,33198,33199,4.0,24.88,21.06
4901,33200,33201,32.481,844.798,66.55
4902,33202,33203,11.458,179.737,51.51
4903,33204,33205,18.5,496.522,21.92
4904,33208,33209,3.542,0.346,45.09
4905,33210,33211,2.75,0.196,34.29
4906,33214,33215,4.042,0.389,50.49
4907,33216,33217,7.042,0.65,85.84
4908,33222,33223,8.0,0.0,50.23
4909,33238,33239,4.739,4.565,51.89
4910,33246,33247,1.5,0.5,7.79
4911,33248,33249,2.0,0.0,8.47
4912,33254,33255,17.0,0.0,74.16
4913,33280,33281,19.769,318.905,89.53
4914,33282,33283,9.0,138.72,16.23
4915,33284,33285,2.188,1.229,12.93
4916,33286,33287,19.452,238.449,88.75
4917,33292,33293,40.733,810.638,52.08
4918,33294,33295,8.5,0.571,64.02
4919,33296,33297,12.5,2.0,93.14
4920,33298,33299,6.111,20.111,32.23
4921,33300,33301,8.0,0.0,103.2
4922,33302,33303,3.0,0.4,21.12
4923,33304,33305,3.167,0.167,23.35
4924,33306,33307,7.667,1.467,56.77
4925,33308,33309,5.333,1.067,37.2
4926,33310,33311,3.273,0.218,25.17
4927,33314,33315,12.75,1.841,93.86
4928,33318,33319,7.238,1.99,85.85
4929,33320,33321,5.619,6.048,55.17
4930,33322,33323,1.545,0.26,20.1
4931,33324,33325,3.682,0.418,46.98
4932,33352,33353,7.0,0.0,89.18
4933,33354,33355,15.667,0.333,199.58
4934,33356,33357,6.0,0.0,75.85
4935,33360,33361,3.0,0.0,34.23
4936,33362,33363,2.0,0.0,19.2
4937,33364,33365,3.0,0.0,37.31
4938,33366,33367,2.0,0.0,24.13
4939,33368,33369,7.0,0.0,90.85
4940,33370,33371,2.667,0.333,37.58
4941,33372,33373,4.333,0.333,58.75
4942,33382,33383,2.2,0.7,17.06
4943,33384,33385,4.4,0.8,33.2
4944,33386,33387,9.0,91.5,14.78
4945,33392,33393,15.8,2.7,125.65
4946,33408,33409,1.909,0.091,26.58
4947,33418,33419,6.0,0.0,13.22
4948,33422,33423,9.0,0.0,51.93
4949,33424,33425,2.333,0.5,13.3
4950,33426,33427,1.1,0.095,8.24
4951,33428,33429,11.143,4.029,78.8
4952,33430,33431,46.0,2136.8,29.72
4953,33432,33433,3.174,0.514,39.49
4954,33438,33439,1.667,0.333,29.43
4955,33440,33441,8.667,0.333,225.64
4956,33442,33443,15.0,1.0,210.02
4957,33444,33445,3.0,0.0,17.0
4958,33466,33467,3.778,0.444,26.4
4959,33470,33471,1.2,0.2,10.26
4960,33472,33473,3.2,0.2,24.53
4961,33474,33475,20.4,110.3,118.07
4962,33476,33477,60.8,5499.2,55.27
4963,33478,33479,51.8,797.2,38.66
4964,33480,33481,6.0,0.5,39.73
4965,33482,33483,5.0,0.0,17.21
4966,33486,33487,11.0,0.0,73.6
4967,33488,33489,6.5,0.5,40.84
4968,33490,33491,9.0,2.0,70.56
4969,33492,33493,5.5,0.5,44.71
4970,33494,33495,15.0,0.0,109.26
4971,33496,33497,11.0,2.0,20.41
4972,33498,33499,33.667,60.333,42.64
4973,33500,33501,5.0,1.0,26.78
4974,33502,33503,5.0,0.0,13.51
4975,33504,33505,6.0,3.0,24.91
4976,33506,33507,1.667,0.333,12.24
4977,33510,33511,3.0,0.0,17.18
4978,33524,33525,6.0,0.0,43.26
4979,33526,33527,3.0,0.0,17.79
4980,33528,33529,3.667,0.333,19.39
4981,33544,33545,1.13,0.391,4.94
4982,33546,33547,6.808,9.1,59.8
4983,33548,33549,15.827,82.577,125.09
4984,33550,33551,9.615,95.143,39.03
4985,33572,33573,3.0,0.0,19.44
4986,33574,33575,11.0,0.0,72.41
4987,33576,33577,5.0,0.0,31.84
4988,33578,33579,2.0,0.0,17.33
4989,33580,33581,18.0,0.0,127.36
4990,33582,33583,2.0,0.0,14.61
4991,33584,33585,8.0,0.0,60.44
4992,33590,33591,2.0,0.0,12.75
4993,33592,33593,2.667,0.333,20.86
4994,33596,33597,2.75,0.25,18.44
4995,33598,33599,2.0,0.0,11.26
4996,33600,33601,2.4,0.3,16.72
4997,33610,33611,12.0,0.0,92.68
4998,33612,33613,10.5,0.5,83.41
4999,33614,33615,2.5,0.5,19.07
5000,33620,33621,2.0,0.0,14.21
5001,33622,33623,5.0,0.0,26.41
5002,33624,33625,6.0,0.0,44.77
5003,33638,33639,5.0,0.0,32.71
5004,33640,33641,13.0,0.0,105.72
5005,33642,33643,11.0,0.0,76.04
5006,33648,33649,5.0,0.0,31.82
5007,33652,33653,72.0,150.0,25.1
5008,33654,33655,25.5,1200.5,11.82
5009,33656,33657,3.081,0.354,35.85
5010,33658,33659,5.371,0.476,65.77
5011,33660,33661,3.657,25.467,32.68
5012,33662,33663,17.429,141.311,42.06
5013,33666,33667,5.8,0.7,41.79
5014,33668,33669,7.0,1.0,49.92
5015,33670,33671,2.2,0.2,16.52
5016,33672,33673,2.8,0.2,22.1
5017,33674,33675,2.0,0.0,13.59
5018,33678,33679,6.0,6.5,28.83
5019,33696,33697,14.0,0.0,113.82
5020,33714,33715,17.0,2.0,32.99
5021,33716,33717,2.467,0.267,31.41
5022,33718,33719,3.6,0.257,45.36
5023,33720,33721,2.533,0.267,33.27
5024,33722,33723,11.062,1.262,139.06
5025,33724,33725,6.562,0.796,83.44
5026,33726,33727,4.375,0.383,57.19
5027,33752,33753,7.0,0.0,36.67
5028,33754,33755,5.0,0.0,27.96
5029,33776,33777,48.333,16.333,94.82
5030,33778,33779,263.667,312.333,508.14
5031,33780,33781,367.0,0.0,764.86
5032,33782,33783,1.45,0.261,3.01
5033,33784,33785,18.65,4.871,36.8
5034,33786,33787,32.2,75.958,63.2
5035,33788,33789,9.867,1.695,19.34
5036,33792,33793,104.0,245.333,207.22
5037,33794,33795,80.5,155.9,156.9
5038,33800,33801,5.0,0.0,18.5
5039,33802,33803,17.0,0.0,101.29
5040,33810,33811,6.649,0.956,101.06
5041,33812,33813,4.297,0.437,67.32
5042,33814,33815,11.534,6.429,167.0
5043,33816,33817,3.568,0.474,55.6
5044,33818,33819,52.333,4.333,233.73
5045,33820,33821,43.0,0.0,188.8
5046,33822,33823,1.5,0.5,0.2
5047,33824,33825,18.9,308.2,27.05
5048,33832,33833,12.0,0.0,57.87
5049,33838,33839,2.0,0.0,24.62
5050,33840,33841,9.0,0.0,79.96
5051,33854,33855,5.0,0.0,23.05
5052,33860,33861,1.78,0.226,22.83
5053,33862,33863,1.03,0.03,10.27
5054,33864,33865,4.35,0.387,54.85
5055,33866,33867,1.625,0.292,19.86
5056,33868,33869,2.975,0.128,36.77
5057,33870,33871,1.775,0.435,19.19
5058,33872,33873,7.611,1.663,95.94
5059,33874,33875,9.579,7.591,110.77
5060,33876,33877,7.316,99.895,25.91
5061,33878,33879,2.632,10.69,22.22
5062,33880,33881,5.0,0.0,26.72
5063,33884,33885,3.0,0.0,19.65
5064,33888,33889,5.0,0.0,25.8
5065,33890,33891,7.333,2.333,59.58
5066,33894,33895,1.2,0.171,31.15
5067,33896,33897,9.308,1.397,184.07
5068,33898,33899,3.3,0.831,69.12
5069,33900,33901,4.625,0.65,98.04
5070,33902,33903,13.231,2.526,254.04
5071,33904,33905,4.769,0.692,94.35
5072,33906,33907,14.077,1.91,382.05
5073,33908,33909,2.606,0.309,38.52
5074,33910,33911,3.579,0.48,43.93
5075,33912,33913,17.789,116.287,120.12
5076,33914,33915,8.105,83.433,19.43
5077,33922,33923,60.0,0.0,116.53
5078,33924,33925,11.125,270.112,58.79
5079,33926,33927,12.85,159.105,46.2
5080,33928,33929,33.0,572.8,111.76
5081,33930,33931,22.9,551.211,34.63
5082,33934,33935,10.0,0.0,47.74
5083,33942,33943,6.0,0.0,30.3
5084,34002,34003,3.0,0.0,10.14
5085,34008,34009,2.0,0.0,10.79
5086,34034,34035,8.0,0.0,39.83
5087,34036,34037,22.0,0.0,10.62
5088,34050,34051,35.5,84.5,72.8
5089,34056,34057,15.5,70.333,26.06
5090,34058,34059,3.812,32.296,9.98
5091,34060,34061,2.333,0.333,22.71
5092,34062,34063,1.273,0.218,16.79
5093,34064,34065,3.417,0.265,47.74
5094,34066,34067,2.0,0.0,9.05
5095,34074,34075,6.615,0.756,79.85
5096,34076,34077,9.769,2.192,122.2
5097,34078,34079,6.462,0.936,79.67
5098,34080,34081,25.944,480.173,58.1
5099,34084,34085,7.667,1.152,89.47
5100,34088,34089,2.25,0.205,25.89
5101,34092,34093,7.0,102.0,47.36
5102,34094,34095,31.917,574.265,28.17
5103,34104,34105,21.0,0.0,101.17
5104,34146,34147,7.0,0.0,30.17
5105,34154,34155,6.0,0.0,22.01
5106,34222,34223,3.0,0.0,16.06
5107,34264,34265,31.0,0.0,140.04
5108,34304,34305,6.0,0.0,30.37
5109,34310,34311,14.0,0.0,65.51
5110,34344,34345,10.0,0.0,72.12
5111,34358,34359,7.0,0.0,28.71
5112,34366,34367,1.5,0.5,5.57
5113,34378,34379,10.0,0.0,53.93
5114,34414,34415,27.0,0.0,135.0
5115,34442,34443,1.4,0.267,6.9
5116,34444,34445,6.909,0.891,50.56
5117,34446,34447,9.455,1.473,67.29
5118,34448,34449,2.211,0.175,23.9
5119,34450,34451,3.263,0.649,23.24
5120,34464,34465,2.0,0.0,27.41
5121,34466,34467,5.0,0.0,58.44
5122,34468,34469,6.0,0.0,60.35
5123,34476,34477,23.0,0.0,127.3
5124,34596,34597,4.667,0.333,54.78
5125,34598,34599,3.667,0.333,65.31
5126,34600,34601,8.333,0.333,138.47
5127,34602,34603,2.0,0.0,32.68
5128,34604,34605,7.0,0.0,117.35
5129,34606,34607,9.333,0.333,252.27
5130,34608,34609,8.333,0.333,220.69
5131,34616,34617,4.0,0.0,17.68
5132,34618,34619,8.0,0.0,49.43
5133,34634,34635,56.24,11054.273,54.03
5134,34642,34643,9.0,0.0,72.39
5135,34646,34647,17.0,0.0,144.4
5136,34664,34665,4.0,0.0,40.92
5137,34666,34667,9.0,0.0,107.42
5138,34678,34679,1.167,0.167,12.56
5139,34680,34681,3.333,0.267,39.55
5140,34682,34683,1.5,0.3,5.5
5141,34684,34685,2.5,0.333,28.05
5142,34686,34687,7.5,20.333,119.14
5143,34688,34689,3.0,0.0,35.22
5144,34690,34691,2.0,0.0,25.98
5145,34726,34727,6.2,0.2,69.53
5146,34728,34729,2.2,0.2,22.51
5147,34740,34741,2.0,0.0,15.46
5148,34746,34747,9.75,0.917,111.56
5149,34752,34753,3.0,0.0,24.53
5150,34754,34755,122.0,200.0,594.09
5151,34762,34763,50.0,0.0,438.1
5152,34774,34775,2.158,17.135,18.36
5153,34776,34777,13.458,161.942,34.17
5154,34778,34779,3.069,0.352,36.54
5155,34780,34781,14.586,141.108,75.95
5156,34826,34827,12.0,0.0,41.54
5157,34834,34835,12.0,0.0,41.59
5158,34836,34837,8.0,0.0,40.52
5159,34850,34851,33.138,854.623,137.19
5160,34852,34853,4.263,11.316,43.72
5161,34854,34855,9.263,190.094,20.46
5162,34856,34857,3.273,0.208,42.78
5163,34860,34861,4.7,0.326,60.8
5164,34864,34865,2.211,0.175,29.06
5165,34868,34869,9.0,0.0,94.49
5166,34908,34909,4.667,0.333,33.67
5167,34910,34911,6.0,0.0,46.13
5168,34912,34913,4.0,0.0,26.82
5169,34914,34915,7.0,0.0,49.51
5170,34916,34917,1.906,0.152,18.2
5171,34918,34919,4.125,6.113,40.71
5172,34920,34921,1.062,0.125,8.47
5173,34938,34939,3.0,0.0,30.79
5174,34944,34945,62.0,0.0,157.79
5175,34950,34951,2.381,0.248,33.56
5176,34952,34953,9.286,1.014,123.4
5177,34964,34965,11.0,0.0,62.54
5178,34966,34967,245.0,0.0,14.89
5179,34976,34977,2.0,0.0,6.26
5180,34980,34981,3.0,0.0,31.66
5181,34982,34983,10.0,0.0,80.84
5182,34984,34985,7.0,0.0,60.94
5183,34994,34995,8.0,0.0,63.58
5184,34996,34997,8.0,0.0,59.28
5185,35068,35069,7.6,0.3,91.07
5186,35078,35079,2.0,0.0,4.37
5187,35084,35085,8.0,0.0,43.2
5188,35086,35087,123.0,0.0,622.62
5189,35090,35091,2.0,0.0,21.28
5190,35152,35153,6.333,0.333,49.97
5191,35200,35201,2.0,0.0,19.22
5192,35202,35203,6.0,0.0,55.8
5193,35214,35215,4.0,0.0,30.25
5194,35216,35217,2.333,0.333,14.96
5195,35218,35219,3.0,0.0,19.51
5196,35220,35221,2.5,0.5,18.23
5197,35222,35223,18.5,0.5,140.33
5198,35248,35249,32.0,0.0,191.54
5199,35252,35253,10.509,1.969,130.95
5200,35254,35255,2.0,0.0,17.83
5201,35258,35259,7.4,0.3,90.04
5202,35260,35261,3.167,0.567,38.05
5203,35262,35263,1.4,0.8,12.41
5204,35264,35265,16.667,207.867,26.74
5205,35266,35267,1.4,0.3,16.83
5206,35274,35275,7.125,16.383,72.76
5207,35294,35295,10.0,0.0,22.62
5208,35300,35301,4.0,1.0,28.39
5209,35302,35303,1.75,0.25,15.8
5210,35304,35305,5.75,0.917,46.03
5211,35306,35307,4.667,1.333,34.2
5212,35308,35309,3.0,0.0,22.02
5213,35310,35311,9.5,4.5,70.88
5214,35312,35313,23.0,0.0,197.48
5215,35314,35315,27.0,0.0,182.28
5216,35316,35317,3.0,0.0,18.66
5217,35320,35321,3.0,0.0,25.06
5218,35322,35323,3.0,0.0,25.35
5219,35326,35327,4.0,0.0,35.75
5220,35328,35329,5.0,0.0,37.04
5221,35330,35331,8.0,0.0,116.18
5222,35332,35333,16.0,0.0,259.1
5223,35336,35337,10.0,0.0,169.61
5224,35338,35339,7.0,0.0,121.96
5225,35340,35341,3.0,0.0,40.18
5226,35344,35345,3.0,0.0,34.94
5227,35374,35375,1.093,0.237,9.26
5228,35376,35377,1.206,0.199,13.9
5229,35378,35379,1.382,2.486,11.67
5230,35382,35383,7.0,0.667,46.86
5231,35384,35385,2.0,0.0,17.86
5232,35388,35389,2.0,0.0,16.95
5233,35390,35391,2.2,0.2,16.76
5234,35402,35403,4.667,0.333,62.68
5235,35404,35405,2.333,0.333,33.86
5236,35406,35407,6.368,41.468,38.87
5237,35408,35409,2.091,23.991,4.48
5238,35412,35413,1.061,0.1,9.07
5239,35414,35415,1.719,10.428,15.09
5240,35416,35417,4.348,0.328,51.5
5241,35418,35419,5.217,0.632,61.95
5242,35424,35425,1.042,0.042,9.69
5243,35430,35431,1.05,0.05,6.41
5244,35434,35435,5.091,6.087,30.31
5245,35438,35439,14.611,266.016,22.86
5246,35440,35441,15.0,540.5,11.89
5247,35442,35443,1.071,0.071,10.67
5248,35444,35445,5.0,0.0,27.0
5249,35466,35467,6.6,1.8,45.2
5250,35468,35469,3.6,0.3,23.22
5251,35470,35471,7.333,1.467,49.65
5252,35472,35473,7.8,1.2,61.96
5253,35474,35475,4.4,0.3,34.28
5254,35478,35479,12.2,2.7,91.95
5255,35482,35483,5.0,1.0,35.83
5256,35484,35485,12.8,5.7,93.01
5257,35486,35487,4.4,0.8,30.88
5258,35488,35489,16.0,9.5,114.01
5259,35490,35491,4.0,0.0,29.18
5260,35494,35495,11.0,0.0,66.9
5261,35510,35511,9.0,0.0,63.66
5262,35528,35529,1.348,0.237,14.93
5263,35530,35531,36.913,919.447,70.63
5264,35532,35533,6.885,0.586,82.16
5265,35534,35535,1.885,0.266,24.86
5266,35536,35537,3.9,0.1,47.96
5267,35540,35541,3.9,0.322,49.76
5268,35556,35557,15.0,0.0,69.57
5269,35558,35559,1.875,1.839,12.21
5270,35560,35561,4.083,0.514,43.13
5271,35562,35563,4.261,11.474,42.16
5272,35564,35565,5.333,0.97,38.77
5273,35566,35567,2.917,0.083,20.74
5274,35568,35569,7.5,1.167,54.19
5275,35570,35571,15.2,77.067,74.03
5276,35578,35579,6.0,0.727,40.35
5277,35580,35581,3.833,0.333,25.11
5278,35582,35583,3.75,0.386,26.03
5279,35584,35585,2.0,0.182,27.98
5280,35592,35593,4.0,0.0,39.16
5281,35600,35601,1.5,0.5,5.31
5282,35608,35609,6.0,0.0,56.12
5283,35616,35617,3.3,14.519,24.65
5284,35618,35619,6.6,74.281,33.87
5285,35620,35621,8.981,73.037,53.74
5286,35628,35629,1.4,0.3,5.76
5287,35634,35635,3.0,0.222,39.09
5288,35636,35637,7.0,0.0,86.54
5289,35638,35639,10.0,0.0,116.22
5290,35640,35641,6.5,0.5,71.41
5291,35642,35643,5.0,0.0,26.24
5292,35644,35645,6.5,0.5,36.49
5293,35646,35647,1.93,0.352,23.2
5294,35648,35649,9.093,1.61,115.59
5295,35650,35651,13.0,124.19,90.65
5296,35652,35653,19.262,475.32,28.3
5297,35654,35655,6.298,7.257,71.32
5298,35656,35657,10.489,74.777,55.62
5299,35660,35661,8.0,0.0,49.74
5300,35662,35663,13.0,0.0,74.75
5301,35668,35669,2.5,0.5,18.47
5302,35672,35673,7.0,0.0,61.98
5303,35674,35675,4.0,0.0,30.34
5304,35676,35677,10.0,0.0,67.7
5305,35678,35679,10.0,0.0,62.98
5306,35680,35681,3.0,0.0,19.13
5307,35688,35689,7.0,0.0,87.61
5308,35690,35691,4.4,0.267,28.03
5309,35692,35693,23.617,5.894,288.34
5310,35700,35701,14.5,0.5,127.23
5311,35702,35703,10.0,0.0,89.83
5312,35726,35727,2.5,0.5,11.81
5313,35728,35729,16.194,3.161,204.68
5314,35730,35731,5.419,0.652,50.38
5315,35732,35733,11.129,1.116,134.81
5316,35734,35735,1.333,0.23,14.56
5317,35736,35737,3.433,29.289,21.77
5318,35738,35739,1.22,0.176,8.16
5319,35746,35747,1.114,0.103,10.73
5320,35756,35757,4.5,0.5,97.29
5321,35758,35759,2.0,1.0,26.72
5322,35760,35761,14.0,0.0,70.26
5323,35764,35765,1.857,0.143,14.9
5324,35774,35775,1.227,0.184,15.91
5325,35776,35777,1.955,0.331,25.32
5326,35784,35785,2.773,1.232,27.67
5327,35786,35787,1.111,0.111,7.35
5328,35792,35793,11.25,0.917,152.62
5329,35794,35795,3.833,0.333,27.28
5330,35796,35797,7.583,0.811,51.13
5331,35798,35799,4.083,0.265,27.33
5332,35802,35803,3.6,0.358,24.67
5333,35804,35805,8.9,1.147,59.25
5334,35806,35807,2.4,0.358,15.68
5335,35810,35811,10.722,2.095,69.75
5336,35812,35813,3.0,0.235,17.69
5337,35836,35837,10.0,0.0,29.92
5338,35846,35847,16.333,4.333,78.99
5339,35852,35853,8.0,0.0,74.67
5340,35884,35885,6.4,42.3,35.09
5341,35886,35887,9.083,143.906,46.0
5342,35894,35895,5.0,0.0,25.45
5343,35896,35897,2.0,0.0,8.96
5344,35900,35901,27.5,8.333,121.69
5345,35908,35909,8.0,1.333,86.77
5346,35910,35911,3.0,0.0,16.05
5347,35912,35913,4.5,0.5,70.48
5348,35916,35917,2.833,0.167,34.32
5349,35918,35919,7.833,0.567,93.13
5350,35924,35925,1.5,0.5,39.76
5351,35926,35927,12.6,2.114,347.43
5352,35948,35949,39.0,1047.0,43.24
5353,35950,35951,10.471,15.015,106.33
5354,35952,35953,2.231,0.192,30.31
5355,35954,35955,8.865,2.62,369.42
5356,35956,35957,13.0,0.0,156.29
5357,35960,35961,24.0,12.0,309.1
5358,35962,35963,3.0,0.0,35.91
5359,35964,35965,6.333,1.333,77.86
5360,35968,35969,12.944,135.467,30.29
5361,35970,35971,3.475,0.461,42.21
5362,35972,35973,7.889,2.101,107.98
5363,35974,35975,10.625,2.332,128.17
5364,35976,35977,5.778,0.995,72.54
5365,35986,35987,12.0,0.0,58.07
5366,35998,35999,113.0,0.0,502.03
5367,36008,36009,5.6,0.3,56.47
5368,36016,36017,4.0,0.0,35.89
5369,36018,36019,1.905,0.89,18.89
5370,36020,36021,1.263,0.205,14.11
5371,36022,36023,7.095,0.99,70.25
5372,36042,36043,5.5,0.5,40.63
5373,36044,36045,2.0,0.0,14.91
5374,36046,36047,5.333,1.333,42.18
5375,36048,36049,8.0,0.0,68.3
5376,36050,36051,9.25,21.583,40.9
5377,36052,36053,13.0,0.0,98.13
5378,36058,36059,4.0,0.0,16.61
5379,36062,36063,3.25,0.25,26.23
5380,36064,36065,13.5,1.0,106.78
5381,36066,36067,15.0,30.0,93.12
5382,36068,36069,5.5,0.5,29.53
5383,36082,36083,4.0,0.0,25.99
5384,36084,36085,7.714,1.571,55.66
5385,36088,36089,10.8,256.988,57.98
5386,36092,36093,6.0,0.0,45.26
5387,36110,36111,22.0,0.0,164.29
5388,36112,36113,29.0,18.0,201.85
5389,36126,36127,12.585,1.549,180.63
5390,36128,36129,1.119,0.107,11.81
5391,36130,36131,2.571,0.446,30.78
5392,36132,36133,6.5,0.5,47.22
5393,36134,36135,4.0,0.0,29.6
5394,36154,36155,2.0,0.0,19.34
5395,36172,36173,28.0,0.0,0.12
5396,36194,36195,20.0,0.0,200.7
5397,36196,36197,1.5,0.333,4.15
5398,36212,36213,2.5,0.5,5.7
5399,36214,36215,7.0,2.0,10.55
5400,36216,36217,20.5,12.5,36.8
5401,36220,36221,17.667,8.333,33.63
5402,36232,36233,3.0,0.0,19.29
5403,36234,36235,2.0,0.0,11.58
5404,36236,36237,2.0,0.0,15.39
5405,36238,36239,25.0,0.0,13.54
5406,36272,36273,4.0,0.0,28.95
5407,36274,36275,11.667,8.333,58.46
5408,36276,36277,23.333,17.333,108.47
5409,36278,36279,16.0,21.0,61.26
5410,36280,36281,6.0,13.0,18.41
5411,36284,36285,6.5,4.5,47.33
5412,36296,36297,10.818,0.964,81.84
5413,36298,36299,1.727,0.218,11.43
5414,36300,36301,6.333,0.424,46.44
5415,36302,36303,1.25,0.5,4.14
5416,36304,36305,1.917,0.265,13.6
5417,36354,36355,3.0,0.0,17.92
5418,36400,36401,14.0,0.0,93.15
5419,36416,36417,5.0,0.0,37.56
5420,36430,36431,144.0,0.0,841.94
5421,36432,36433,159.0,648.0,781.43
5422,36434,36435,12.0,0.0,63.63
5423,36438,36439,85.0,0.0,374.38
5424,36446,36447,9.0,0.0,45.04
5425,36448,36449,112.0,0.0,523.2
5426,36450,36451,18.191,16.158,211.69
5427,36452,36453,11.196,381.361,34.23
5428,36464,36465,2.4,0.3,28.94
5429,36466,36467,3.8,0.7,49.73
5430,36468,36469,2.0,0.0,21.51
5431,36470,36471,2.25,0.25,26.07
5432,36472,36473,2.25,0.25,27.54
5433,36500,36501,11.111,1.611,219.58
5434,36502,36503,5.0,1.111,95.76
5435,36504,36505,2.484,1.791,24.93
5436,36538,36539,15.0,0.0,71.68
5437,36550,36551,27.5,0.5,449.25
5438,36552,36553,8.5,0.5,151.6
5439,36554,36555,6.5,0.5,114.71
5440,36556,36557,1.5,0.5,33.37
5441,36568,36569,8.0,0.0,60.74
5442,36570,36571,3.0,0.0,18.54
5443,36588,36589,6.0,0.0,48.28
5444,36590,36591,4.0,0.0,25.84
5445,36600,36601,33.0,0.0,55.02
5446,36602,36603,21.0,0.0,36.05
5447,36604,36605,14.0,0.0,30.86
5448,36606,36607,8.0,0.0,12.89
5449,36608,36609,49.0,0.0,84.18
5450,36618,36619,7.0,0.0,75.82
5451,36724,36725,9.0,0.0,42.69
5452,36726,36727,5.0,0.0,27.68
5453,36800,36801,5.0,0.0,43.77
5454,36802,36803,12.5,24.5,33.47
5455,36812,36813,9.0,0.0,43.46
5456,36816,36817,5.0,0.0,27.12
5457,36824,36825,13.0,0.0,32.59
5458,36826,36827,14.0,0.0,31.35
5459,36830,36831,30.0,0.0,60.28
5460,36840,36841,22.896,179.542,159.22
5461,36846,36847,14.647,2.243,223.27
5462,36848,36849,5.941,0.559,88.4
5463,36850,36851,7.0,0.75,102.78
5464,36852,36853,7.294,20.471,68.26
5465,36854,36855,3.323,7.626,27.22
5466,36856,36857,7.645,72.637,34.67
5467,36858,36859,6.981,7.415,50.05
5468,36862,36863,33.778,11.694,145.74
5469,36876,36877,21.342,4.339,269.94
5470,36878,36879,6.625,0.268,68.75
5471,36890,36891,7.0,0.0,35.7
5472,36892,36893,12.0,0.0,59.72
5473,36898,36899,4.0,0.0,19.07
5474,36900,36901,12.0,0.0,56.54
5475,36902,36903,2.0,0.0,6.25
5476,36904,36905,2.0,0.0,13.7
5477,36906,36907,19.0,0.0,95.26
5478,36952,36953,5.0,0.0,22.47
5479,36992,36993,2.75,0.917,32.92
5480,36998,36999,11.6,3.3,113.72
5481,37000,37001,1.8,3.2,12.16
5482,37008,37009,1.688,1.823,13.38
5483,37012,37013,2.543,8.976,19.05
5484,37014,37015,1.222,1.449,14.07
5485,37016,37017,1.279,0.738,13.55
5486,37018,37019,4.156,154.547,24.68
5487,37022,37023,8.0,0.0,45.82
5488,37024,37025,10.333,66.733,46.26
5489,37026,37027,48.5,606.985,97.66
5490,37028,37029,4.143,1.15,48.26
5491,37030,37031,2.844,2.225,32.44
5492,37032,37033,7.818,37.268,65.98
5493,37034,37035,4.133,0.345,51.44
5494,37036,37037,8.822,0.831,110.64
5495,37038,37039,2.738,0.344,32.81
5496,37040,37041,8.0,0.0,99.19
5497,37042,37043,15.5,0.5,197.01
5498,37050,37051,49.0,0.0,218.63
5499,37052,37053,14.375,3.696,67.4
5500,37054,37055,34.0,0.0,188.17
5501,37058,37059,17.0,0.0,137.97
5502,37070,37071,4.0,0.0,21.66
5503,37142,37143,3.0,0.0,12.57
5504,37144,37145,2.286,0.571,10.7
5505,37158,37159,5.0,0.0,23.28
5506,37170,37171,3.0,0.0,29.62
5507,37172,37173,2.0,0.0,25.3
5508,37176,37177,5.75,0.917,75.71
5509,37186,37187,1.071,0.071,11.92
5510,37194,37195,9.0,1.0,100.45
5511,37196,37197,7.25,0.917,36.48
5512,37198,37199,58.667,17.333,255.19
5513,37210,37211,3.318,0.227,38.09
5514,37214,37215,1.381,0.348,15.25
5515,37216,37217,11.4,85.832,77.62
5516,37222,37223,30.0,0.0,250.1
5517,37224,37225,22.674,49.78,249.6
5518,37226,37227,1.444,0.483,13.79
5519,37228,37229,16.065,1.885,197.5
5520,37232,37233,12.682,6.92,153.43
5521,37234,37235,26.955,287.672,117.22
5522,37236,37237,8.465,247.874,12.51
5523,37238,37239,8.857,80.349,78.72
5524,37240,37241,21.679,1312.522,83.98
5525,37242,37243,22.0,2.0,109.49
5526,37244,37245,1.667,1.333,4.63
5527,37280,37281,7.0,0.0,32.71
5528,37288,37289,22.0,0.0,186.09
5529,37304,37305,12.5,0.5,133.2
5530,37306,37307,2.0,0.0,17.09
5531,37308,37309,5.0,1.0,43.34
5532,37310,37311,4.667,0.333,39.27
5533,37312,37313,18.667,10.333,153.73
5534,37314,37315,5.333,1.333,46.8
5535,37316,37317,5.0,1.333,49.63
5536,37338,37339,10.0,0.0,51.17
5537,37404,37405,9.0,0.0,40.61
5538,37418,37419,3.0,0.0,13.22
5539,37420,37421,5.0,0.0,43.34
5540,37422,37423,3.0,0.0,25.79
5541,37426,37427,18.326,235.177,47.49
5542,37428,37429,12.886,131.591,27.52
5543,37436,37437,9.5,49.5,31.05
5544,37438,37439,3.667,2.424,37.4
5545,37444,37445,3.667,0.75,42.12
5546,37446,37447,10.429,4.286,119.86
5547,37448,37449,3.286,0.238,41.69
5548,37450,37451,2.2,0.4,28.84
5549,37452,37453,1.909,0.291,25.56
5550,37456,37457,1.273,0.218,17.75
5551,37458,37459,4.455,0.673,60.04
5552,37460,37461,7.429,372.605,29.65
5553,37462,37463,35.257,1744.608,31.54
5554,37464,37465,18.971,917.793,11.45
5555,37466,37467,2.944,0.291,35.2
5556,37468,37469,10.333,1.333,91.51
5557,37470,37471,3.25,0.303,38.99
5558,37488,37489,3.5,0.5,19.84
5559,37524,37525,2.0,0.0,13.36
5560,37530,37531,3.0,0.0,14.72
5561,37532,37533,3.0,0.0,17.87
5562,37534,37535,11.0,0.0,53.71
5563,37536,37537,2.0,0.0,12.84
5564,37538,37539,11.0,0.0,91.01
5565,37540,37541,6.0,0.0,44.56
5566,37562,37563,5.0,0.0,36.11
5567,37602,37603,5.0,0.0,47.04
5568,37604,37605,9.0,0.0,65.77
5569,37606,37607,9.667,1.333,65.87
5570,37608,37609,9.0,0.0,72.95
5571,37610,37611,6.0,0.0,41.88
5572,37612,37613,6.0,0.0,51.4
5573,37614,37615,4.0,0.0,27.25
5574,37616,37617,9.0,0.0,70.78
5575,37618,37619,5.0,0.0,42.6
5576,37628,37629,5.0,0.0,30.32
5577,37632,37633,1.905,0.283,22.71
5578,37634,37635,1.171,0.145,15.34
5579,37636,37637,2.2,0.2,23.51
5580,37638,37639,21.0,7.5,275.91
5581,37640,37641,4.0,0.0,45.58
5582,37642,37643,1.4,0.3,20.37
5583,37644,37645,15.333,36.333,34.86
5584,37646,37647,3.966,0.82,43.85
5585,37650,37651,1.833,0.167,11.39
5586,37652,37653,4.0,0.4,28.18
5587,37658,37659,4.833,0.567,32.41
5588,37674,37675,1.029,0.029,9.92
5589,37676,37677,12.596,5.029,147.75
5590,37678,37679,4.239,0.542,50.45
5591,37680,37681,8.87,52.649,78.83
5592,37682,37683,3.532,35.341,17.85
5593,37684,37685,3.548,39.723,7.35
5594,37692,37693,2.379,0.244,28.69
5595,37694,37695,10.5,404.851,7.53
5596,37696,37697,3.333,0.667,45.87
5597,37698,37699,2.111,0.34,24.17
5598,37704,37705,5.892,0.488,71.93
5599,37706,37707,6.622,3.52,80.81
5600,37708,37709,8.865,65.287,51.16
5601,37712,37713,1.103,0.147,10.2
5602,37714,37715,3.9,0.621,55.74
5603,37734,37735,2.0,0.0,7.09
5604,37736,37737,32.0,0.0,149.86
5605,37742,37743,11.636,35.29,88.82
5606,37744,37745,17.5,220.5,70.11
5607,37746,37747,3.5,0.333,14.82
5608,37750,37751,10.0,0.0,114.65
5609,37752,37753,2.0,0.0,25.49
5610,37754,37755,4.0,0.0,46.36
5611,37756,37757,32.0,0.0,382.91
5612,37758,37759,3.0,0.0,20.32
5613,37760,37761,45.0,0.0,312.78
5614,37776,37777,8.0,0.0,34.94
5615,37778,37779,13.0,0.0,69.2
5616,37788,37789,4.0,0.0,14.75
5617,37790,37791,2.0,0.0,7.13
5618,37794,37795,4.0,0.0,18.63
5619,37798,37799,6.0,0.0,29.47
5620,37818,37819,31.0,0.0,149.26
5621,37826,37827,17.0,0.0,90.31
5622,37828,37829,3.0,0.0,8.51
5623,37830,37831,16.0,0.0,36.88
5624,37832,37833,25.0,0.0,63.11
5625,37834,37835,2.0,0.0,4.75
5626,37836,37837,3.0,0.0,7.07
5627,37838,37839,2.0,0.0,6.58
5628,37844,37845,13.114,54.894,118.79
5629,37846,37847,15.393,995.729,11.8
5630,37848,37849,1.821,1.337,5.89
5631,37850,37851,1.333,0.333,6.4
5632,37856,37857,18.9,8.989,388.54
5633,37858,37859,20.8,9.511,420.33
5634,37860,37861,38.7,7072.9,130.2
5635,37862,37863,10.727,12.218,181.05
5636,37864,37865,24.8,9.067,422.35
5637,37866,37867,8.071,46.143,42.09
5638,37904,37905,14.0,0.0,60.95
5639,37906,37907,2.0,0.0,13.03
5640,37914,37915,17.0,0.0,80.1
5641,37984,37985,20.0,0.0,100.66
5642,37996,37997,4.0,0.0,32.48
5643,38006,38007,2.375,0.554,24.16
5644,38008,38009,5.0,0.286,71.72
5645,38010,38011,4.25,1.071,56.66
5646,38012,38013,1.1,0.1,11.27
5647,38014,38015,23.0,0.0,136.09
5648,38016,38017,14.0,0.0,78.4
5649,38018,38019,8.0,0.0,42.96
5650,38020,38021,5.292,0.563,66.73
5651,38022,38023,6.083,0.688,91.6
5652,38024,38025,7.538,0.898,109.84
5653,38026,38027,3.286,0.314,48.4
5654,38034,38035,15.833,0.967,213.88
5655,38036,38037,4.833,0.567,67.48
5656,38038,38039,4.667,0.333,58.42
5657,38058,38059,2.0,0.0,18.7
5658,38064,38065,26.0,0.0,56.46
5659,38066,38067,13.0,0.0,26.12
5660,38084,38085,1.667,0.319,18.59
5661,38090,38091,2.2,0.2,17.04
5662,38092,38093,9.0,0.0,114.15
5663,38124,38125,1.182,0.156,14.74
5664,38146,38147,8.0,0.0,35.66
5665,38148,38149,3.0,0.0,19.91
5666,38162,38163,8.0,0.0,97.77
5667,38164,38165,4.0,0.0,48.84
5668,38166,38167,6.0,0.0,73.59
5669,38168,38169,14.0,288.0,18.54
5670,38198,38199,107.5,40.5,546.17
5671,38200,38201,58.0,17.0,298.13
5672,38210,38211,13.167,2.167,90.75
5673,38214,38215,1.75,0.25,12.66
5674,38218,38219,10.75,39.583,55.36
5675,38228,38229,2.0,0.0,15.02
5676,38230,38231,11.0,0.0,83.0
5677,38234,38235,29.5,0.5,205.98
5678,38240,38241,9.714,0.989,145.6
5679,38242,38243,6.667,6.333,16.12
5680,38270,38271,72.8,4229.2,23.25
5681,38274,38275,3.5,0.5,18.39
5682,38276,38277,6.5,4.5,34.78
5683,38278,38279,17.0,0.0,100.14
5684,38282,38283,2.0,0.0,6.26
5685,38286,38287,1.6,0.3,6.33
5686,38292,38293,4.5,0.5,22.95
5687,38340,38341,3.0,0.0,15.82
5688,38354,38355,7.0,0.0,31.84
5689,38364,38365,29.0,1472.444,43.96
5690,38374,38375,6.0,0.0,80.24
5691,38380,38381,8.0,0.0,84.93
5692,38386,38387,16.289,90.119,145.02
5693,38388,38389,2.822,0.422,31.34
5694,38396,38397,3.0,0.0,18.68
5695,38398,38399,16.0,0.0,72.64
5696,38408,38409,16.0,2.0,260.19
5697,38430,38431,25.35,280.871,44.22
5698,38432,38433,1.8,0.379,16.31
5699,38472,38473,9.333,1.333,95.09
5700,38490,38491,9.571,75.619,36.5
5701,38518,38519,5.81,0.362,69.78
5702,38522,38523,17.143,1.529,247.78
5703,38524,38525,40.619,665.148,485.06
5704,38534,38535,13.0,8.0,110.66
5705,38540,38541,38.462,737.103,74.17
5706,38542,38543,5.755,3.65,58.3
5707,38544,38545,19.4,442.953,28.11
5708,38556,38557,6.0,0.0,37.87
5709,38558,38559,12.0,0.0,85.19
5710,38560,38561,1.533,0.267,11.76
5711,38562,38563,4.533,0.267,32.12
5712,38564,38565,1.333,0.238,10.02
5713,38566,38567,12.842,2.251,156.39
5714,38568,38569,24.368,737.579,61.05
5715,38570,38571,20.0,689.111,28.11
5716,38572,38573,37.05,1151.839,45.13
5717,38574,38575,12.15,544.661,13.8
5718,38576,38577,48.75,1060.618,44.78
5719,38580,38581,23.0,18.0,108.4
5720,38602,38603,10.0,0.0,46.76
5721,38606,38607,15.6,0.8,201.97
5722,38608,38609,6.0,1.0,63.98
5723,38610,38611,13.0,32.0,63.74
5724,38612,38613,3.0,0.0,19.15
5725,38616,38617,9.0,0.0,106.74
5726,38624,38625,9.0,0.0,95.13
5727,38630,38631,2.0,0.0,22.72
5728,38636,38637,5.0,0.0,55.83
5729,38638,38639,2.5,0.5,26.69
5730,38640,38641,4.0,0.0,49.13
5731,38676,38677,20.0,0.0,99.81
5732,38680,38681,28.0,0.0,142.91
5733,38700,38701,3.5,12.5,21.92
5734,38706,38707,2.0,0.0,9.54
5735,38710,38711,21.0,0.0,111.66
5736,38730,38731,9.0,0.0,76.75
5737,38732,38733,8.0,0.0,66.82
5738,38734,38735,6.0,0.0,42.96
5739,38736,38737,3.571,0.286,23.44
5740,38738,38739,2.6,0.8,14.04
5741,38750,38751,6.0,0.0,33.09
5742,38760,38761,4.0,0.0,21.41
5743,38762,38763,15.0,0.0,73.98
5744,38794,38795,2.125,0.288,26.68
5745,38798,38799,5.917,1.21,69.72
5746,38800,38801,21.522,355.897,38.82
5747,38802,38803,1.043,0.043,13.34
5748,38804,38805,3.0,0.0,38.26
5749,38806,38807,10.077,7.034,120.46
5750,38810,38811,22.0,611.2,55.06
5751,38812,38813,1.5,0.3,19.67
5752,38814,38815,19.0,0.0,106.99
5753,38816,38817,17.0,0.0,92.5
5754,38818,38819,5.0,0.0,24.28
5755,38834,38835,6.381,0.448,80.64
5756,38850,38851,3.0,3.0,20.54
5757,38858,38859,4.214,0.335,57.63
5758,38860,38861,1.714,0.22,20.49
5759,38862,38863,4.25,0.2,54.43
5760,38864,38865,4.467,3.41,51.83
5761,38866,38867,12.133,168.981,33.94
5762,38868,38869,3.0,0.0,4.58
5763,38870,38871,2.0,0.0,6.82
5764,38872,38873,2.0,0.0,4.76
5765,38882,38883,2.0,0.0,6.06
5766,38884,38885,4.0,0.0,8.58
5767,38888,38889,12.0,0.0,25.43
5768,38890,38891,23.0,0.0,57.04
5769,38894,38895,3.291,21.729,21.68
5770,38896,38897,3.378,16.331,31.3
5771,38898,38899,33.206,571.32,194.89
5772,38900,38901,4.5,0.418,52.95
5773,38902,38903,21.75,462.25,42.8
5774,38904,38905,3.22,0.257,38.31
5775,38906,38907,1.694,0.217,20.73
5776,38908,38909,6.796,0.582,82.79
5777,38910,38911,4.143,0.333,51.3
5778,38912,38913,7.0,1.0,38.43
5779,38922,38923,2.22,1.076,24.26
5780,38928,38929,3.471,0.265,27.27
5781,38930,38931,13.222,86.065,69.36
5782,38932,38933,1.571,0.286,6.71
5783,38934,38935,80.0,0.0,464.77
5784,38936,38937,29.0,0.0,170.49
5785,38940,38941,4.0,0.0,20.68
5786,38942,38943,57.0,8.0,344.7
5787,38948,38949,46.35,2149.187,19.53
5788,38950,38951,3.0,0.0,33.01
5789,38972,38973,4.0,0.0,18.78
5790,38974,38975,13.0,0.0,90.62
5791,38980,38981,3.0,0.0,29.12
5792,38982,38983,2.0,0.0,33.16
5793,38990,38991,2.5,0.5,24.52
5794,38994,38995,3.0,0.0,36.48
5795,38996,38997,14.5,4.5,29.42
5796,38998,38999,31.5,11.14,400.74
5797,39000,39001,6.815,12.464,80.43
5798,39002,39003,5.0,0.286,72.24
5799,39004,39005,32.4,1046.829,78.86
5800,39006,39007,6.867,0.838,99.97
5801,39008,39009,8.19,1.524,97.26
5802,39010,39011,4.2,0.391,50.75
5803,39016,39017,3.0,0.0,30.12
5804,39018,39019,7.0,0.0,57.38
5805,39032,39033,1.5,0.3,21.15
5806,39034,39035,1.167,0.167,15.32
5807,39036,39037,1.833,0.167,25.92
5808,39038,39039,7.0,0.0,33.72
5809,39040,39041,4.558,0.586,58.77
5810,39042,39043,6.435,668.075,7.03
5811,39044,39045,12.083,1412.08,6.21
5812,39108,39109,20.353,8.114,531.49
5813,39124,39125,5.667,0.333,56.85
5814,39126,39127,5.0,0.0,62.83
5815,39144,39145,73.0,0.0,151.2
5816,39148,39149,2.562,0.396,30.94
5817,39150,39151,2.75,0.2,35.04
5818,39154,39155,3.4,0.25,42.32
5819,39156,39157,18.32,203.227,70.53
5820,39170,39171,3.673,0.391,45.6
5821,39172,39173,11.0,1.5,134.93
5822,39174,39175,4.0,0.0,37.06
5823,39182,39183,13.812,2.453,165.51
5824,39184,39185,4.021,0.446,44.89
5825,39186,39187,3.0,0.571,39.28
5826,39188,39189,9.375,0.554,120.85
5827,39190,39191,4.5,0.286,37.34
5828,39192,39193,1.25,0.25,18.37
5829,39194,39195,3.143,1.15,35.4
5830,39204,39205,4.0,0.913,81.43
5831,39206,39207,34.333,156.333,14.09
5832,39208,39209,10.261,1.202,158.19
5833,39210,39211,5.5,0.5,36.35
5834,39212,39213,4.286,1.297,26.44
5835,39218,39219,7.0,0.0,32.23
5836,39232,39233,1.698,0.215,21.52
5837,39234,39235,3.264,0.313,41.86
5838,39236,39237,2.792,0.321,35.38
5839,39238,39239,3.774,0.871,43.35
5840,39240,39241,14.86,116.286,123.88
5841,39242,39243,9.92,176.932,25.4
5842,39244,39245,4.848,0.354,59.64
5843,39250,39251,32.0,364.0,41.3
5844,39252,39253,3.294,0.346,35.6
5845,39254,39255,2.368,0.357,23.82
5846,39256,39257,3.632,3.579,38.83
5847,39258,39259,1.444,0.261,17.73
5848,39260,39261,11.895,141.322,55.07
5849,39262,39263,20.789,190.509,25.62
5850,39264,39265,2.769,0.185,34.69
5851,39270,39271,1.129,0.116,13.51
5852,39276,39277,13.714,239.905,45.78
5853,39284,39285,1.6,0.3,16.83
5854,39286,39287,8.5,108.944,46.8
5855,39288,39289,29.273,637.818,69.35
5856,39290,39291,5.364,0.455,77.9
5857,39312,39313,6.0,0.0,28.45
5858,39322,39323,9.5,48.333,19.33
5859,39324,39325,3.714,0.905,29.89
5860,39326,39327,5.0,0.0,34.27
5861,39328,39329,2.143,9.534,9.4
5862,39330,39331,22.913,353.174,21.74
5863,39334,39335,7.0,0.0,88.23
5864,39338,39339,3.0,0.0,22.46
5865,39340,39341,6.514,1.257,74.21
5866,39344,39345,21.0,0.0,108.57
5867,39366,39367,12.0,13.333,43.89
5868,39368,39369,3.043,0.134,19.41
5869,39390,39391,8.5,0.5,39.2
5870,39392,39393,2.667,0.333,13.82
5871,39400,39401,7.216,80.733,53.04
5872,39402,39403,20.712,393.621,61.1
5873,39406,39407,14.348,1.965,179.52
5874,39424,39425,11.333,4.333,81.61
5875,39450,39451,7.0,0.0,71.38
5876,39454,39455,1.286,0.307,19.28
5877,39458,39459,20.138,28.337,206.23
5878,39462,39463,2.475,0.41,18.67
5879,39466,39467,8.571,0.619,101.21
5880,39468,39469,14.714,90.905,104.55
5881,39484,39485,11.0,0.0,55.7
5882,39488,39489,8.0,0.0,39.61
5883,39504,39505,12.0,0.0,63.6
5884,39524,39525,10.0,0.0,56.51
5885,39592,39593,3.0,0.0,14.84
5886,39604,39605,3.0,0.0,19.42
5887,39606,39607,2.0,0.0,10.62
5888,39612,39613,3.5,0.5,14.95
5889,39624,39625,24.0,0.0,117.8
5890,39632,39633,7.0,0.0,31.32
5891,39662,39663,5.5,0.5,26.11
5892,39738,39739,7.0,0.0,28.34
5893,39748,39749,14.5,12.5,66.17
5894,39774,39775,8.667,0.25,103.26
5895,39798,39799,5.0,0.0,25.31
5896,39820,39821,30.0,0.0,188.98
5897,39822,39823,17.0,0.0,101.87
5898,39884,39885,8.5,0.5,41.9
5899,39894,39895,11.0,0.0,53.53
5900,39912,39913,7.0,0.0,32.61
5901,39928,39929,4.5,0.5,21.21
5902,39942,39943,2.5,0.5,11.83
5903,39946,39947,2.0,0.0,8.55
5904,39952,39953,21.0,0.0,103.0
5905,39966,39967,17.0,0.0,82.12
5906,39986,39987,8.0,2.0,57.41
5907,39988,39989,5.6,1.3,37.03
5908,39992,39993,21.783,3.814,468.63
5909,39994,39995,4.043,0.316,81.48
5910,39996,39997,43.217,922.178,63.03
5911,40002,40003,10.0,0.0,41.11
5912,40010,40011,2.0,0.0,17.68
5913,40020,40021,1.759,0.19,33.66
5914,40026,40027,2.793,0.313,58.81
5915,40032,40033,1.559,0.436,13.85
5916,40036,40037,1.056,0.056,7.57
5917,40072,40073,13.0,0.0,62.95
5918,40088,40089,6.0,0.0,30.27
5919,40104,40105,3.5,0.5,16.75
5920,40170,40171,7.091,1.291,86.71
5921,40172,40173,1.364,0.255,15.54
5922,40174,40175,3.0,0.2,35.12
5923,40176,40177,17.273,1185.218,82.55
5924,40178,40179,55.091,570.291,94.13
5925,40180,40181,13.3,588.933,20.32
5926,40182,40183,21.0,602.667,14.11
5927,40190,40191,6.333,3.059,66.06
5928,40192,40193,23.875,542.517,24.45
5929,40198,40199,9.5,0.333,104.21
5930,40202,40203,2.8,0.7,27.11
5931,40204,40205,3.429,0.286,28.33
5932,40206,40207,7.0,21.0,34.94
5933,40208,40209,10.667,1.333,77.06
5934,40210,40211,3.0,0.0,28.48
5935,40212,40213,24.2,209.067,119.55
5936,40214,40215,6.556,0.564,81.27
5937,40216,40217,5.214,0.489,64.43
5938,40218,40219,9.81,1.362,117.56
5939,40220,40221,6.889,0.737,72.84
5940,40222,40223,9.585,217.199,66.14
5941,40224,40225,4.0,0.0,30.76
5942,40234,40235,19.0,0.0,90.85
5943,40320,40321,5.35,1.924,52.92
5944,40332,40333,12.0,0.0,59.33
5945,40334,40335,7.0,0.0,33.34
5946,40358,40359,36.0,0.0,169.02
5947,40362,40363,30.0,0.0,167.83
5948,40382,40383,6.0,0.0,33.92
5949,40386,40387,5.0,0.0,20.93
5950,40434,40435,49.0,2281.368,55.53
5951,40436,40437,4.444,0.718,57.85
5952,40438,40439,8.146,0.728,98.44
5953,40440,40441,23.721,188.92,52.33
5954,40442,40443,2.611,0.487,30.12
5955,40444,40445,4.944,0.526,60.0
5956,40454,40455,18.0,0.0,116.46
5957,40456,40457,5.0,0.5,61.1
5958,40494,40495,9.0,0.0,43.29
5959,40500,40501,6.5,0.5,30.42
5960,40510,40511,18.0,0.0,89.72
5961,40548,40549,9.0,0.0,49.1
5962,40552,40553,18.5,0.5,101.44
5963,40558,40559,14.0,0.0,71.24
5964,40602,40603,11.0,0.0,45.61
5965,40656,40657,4.333,0.333,29.3
5966,40658,40659,1.75,0.25,9.48
5967,40660,40661,8.0,0.0,72.17
5968,40664,40665,26.0,0.0,215.98
5969,40668,40669,6.422,34.886,25.54
5970,40670,40671,44.154,1872.474,38.43
5971,40672,40673,3.929,0.995,39.17
5972,40674,40675,13.514,1.316,165.37
5973,40676,40677,3.657,25.644,25.95
5974,40678,40679,39.706,117.184,453.53
5975,40680,40681,4.171,0.499,49.98
5976,40682,40683,4.829,5.617,45.54
5977,40684,40685,2.725,5.692,25.57
5978,40768,40769,17.0,0.0,73.59
5979,40772,40773,2.0,0.0,58.4
5980,40786,40787,7.0,0.0,29.23
5981,40792,40793,2.067,3.237,18.84
5982,40794,40795,14.533,616.809,75.54
5983,40796,40797,33.042,936.737,63.18
5984,40798,40799,5.35,0.239,62.85
5985,40800,40801,8.5,0.5,36.04
5986,40802,40803,30.0,403.0,36.1
5987,40840,40841,1.4,0.267,18.3
5988,40842,40843,1.053,0.053,11.27
5989,40844,40845,4.077,0.41,51.78
5990,40846,40847,1.273,0.218,16.11
5991,40848,40849,1.5,0.333,19.75
5992,40850,40851,140.0,71471.333,45.44
5993,40902,40903,14.0,0.0,65.1
5994,40904,40905,6.0,0.0,25.24
5995,40906,40907,13.5,0.5,69.83
5996,40920,40921,10.0,0.0,49.72
5997,40942,40943,8.0,0.0,39.32
5998,40946,40947,2.0,0.0,6.74
5999,41004,41005,6.5,0.5,33.55
6000,41012,41013,12.0,0.0,60.54
6001,41030,41031,6.0,0.0,32.19
6002,41086,41087,9.0,0.0,48.61
6003,41096,41097,3.0,0.0,15.99
6004,41106,41107,8.0,0.0,35.45
6005,41108,41109,7.0,0.0,30.36
6006,41176,41177,5.5,0.5,25.15
6007,41180,41181,6.0,0.0,30.38
6008,41214,41215,4.0,0.0,25.04
6009,41226,41227,5.0,0.0,38.14
6010,41228,41229,6.4,0.3,46.58
6011,41230,41231,8.8,3.2,55.76
6012,41232,41233,16.889,4.361,131.54
6013,41234,41235,19.75,2.786,141.41
6014,41236,41237,6.636,0.655,52.07
6015,41238,41239,9.8,0.844,75.01
6016,41240,41241,20.0,91.333,73.26
6017,41246,41247,4.0,0.0,26.79
6018,41250,41251,25.0,0.0,175.99
6019,41272,41273,5.167,0.567,32.22
6020,41366,41367,8.214,67.72,49.38
6021,41370,41371,6.273,133.218,10.26
6022,41384,41385,3.5,12.5,1.11
6023,41388,41389,8.0,0.0,52.37
6024,41394,41395,2.174,0.15,27.57
6025,41396,41397,5.087,0.447,60.64
6026,41398,41399,2.217,0.269,28.04
6027,41400,41401,17.0,3.182,208.02
6028,41408,41409,3.238,1.49,38.45
6029,41410,41411,4.0,44.421,24.75
6030,41426,41427,3.667,0.333,29.5
6031,41444,41445,16.333,8.333,126.84
6032,41446,41447,12.0,0.0,102.79
6033,41448,41449,2.0,0.0,15.22
6034,41450,41451,3.0,0.0,15.75
6035,41454,41455,2.5,0.5,14.95
6036,41456,41457,22.0,0.0,122.37
6037,41464,41465,5.0,0.0,21.36
6038,41466,41467,20.0,0.0,80.49
6039,41472,41473,7.0,0.0,34.14
6040,41490,41491,10.0,0.0,50.44
6041,41496,41497,16.0,0.0,80.22
6042,41504,41505,3.0,0.0,11.39
6043,41506,41507,4.5,0.5,36.91
6044,41508,41509,9.0,2.0,67.0
6045,41522,41523,2.923,0.154,43.57
6046,41524,41525,2.346,0.555,34.13
6047,41534,41535,5.0,0.0,28.79
6048,41544,41545,7.818,0.764,163.08
6049,41552,41553,5.0,0.0,26.35
6050,41576,41577,2.0,0.0,7.14
6051,41588,41589,3.0,0.0,17.51
6052,41600,41601,35.0,0.0,139.44
6053,41610,41611,4.0,0.0,16.28
6054,41660,41661,11.0,0.0,91.08
6055,41686,41687,3.0,0.0,19.2
6056,41688,41689,4.0,0.0,19.45
6057,41694,41695,1.95,0.155,21.19
6058,41696,41697,1.818,0.156,9.2
6059,41698,41699,1.273,0.208,12.54
6060,41702,41703,6.571,0.557,84.83
6061,41704,41705,6.2,1.116,75.46
6062,41706,41707,3.4,0.358,42.48
6063,41708,41709,5.714,0.814,66.95
6064,41710,41711,12.043,9.407,151.66
6065,41712,41713,4.522,0.806,54.12
6066,41714,41715,6.136,2.314,63.35
6067,41716,41717,3.364,0.242,43.05
6068,41718,41719,4.682,0.227,59.08
6069,41720,41721,3.045,0.141,37.49
6070,41750,41751,3.5,0.5,18.77
6071,41754,41755,19.5,2.3,98.08
6072,41756,41757,2.0,0.0,10.01
6073,41760,41761,9.5,0.5,48.96
6074,41764,41765,35.667,490.333,275.51
6075,41778,41779,17.0,0.0,79.35
6076,41782,41783,4.0,0.0,37.42
6077,41784,41785,6.0,0.0,52.27
6078,41806,41807,2.625,0.268,19.29
6079,41808,41809,9.125,0.411,88.99
6080,41810,41811,4.143,0.143,37.88
6081,41812,41813,4.0,0.0,28.01
6082,41814,41815,3.375,1.411,20.37
6083,41820,41821,2.0,0.0,9.69
6084,41824,41825,2.857,0.423,41.44
6085,41826,41827,30.846,1060.215,22.4
6086,41828,41829,5.667,1.333,50.06
6087,41830,41831,3.0,0.0,28.72
6088,41836,41837,7.0,72.0,6.58
6089,41838,41839,39.0,0.0,14.07
6090,41840,41841,25.5,518.265,158.56
6091,41842,41843,2.0,0.1,23.77
6092,41844,41845,3.5,3.9,25.64
6093,41846,41847,2.167,0.167,13.72
6094,41848,41849,17.0,320.667,7.43
6095,41850,41851,12.786,323.258,8.21
6096,41852,41853,1.929,10.884,4.89
6097,41856,41857,1.111,0.179,6.47
6098,41858,41859,38.455,662.673,36.64
6099,41862,41863,8.256,163.248,24.63
6100,41864,41865,128.5,14812.936,258.24
6101,41870,41871,38.0,0.0,43.51
6102,41872,41873,6.0,0.0,43.46
6103,41874,41875,1.926,0.302,23.18
6104,41876,41877,20.889,8.179,258.17
6105,41880,41881,6.0,0.0,72.8
6106,41882,41883,3.0,0.0,23.43
6107,41888,41889,5.0,0.0,43.27
6108,41890,41891,51.643,1631.016,37.23
6109,41892,41893,14.438,188.929,81.25
6110,41894,41895,6.091,8.891,42.98
6111,41896,41897,76.25,184.25,4.76
6112,41900,41901,6.0,31.0,8.74
6113,41902,41903,1.5,0.333,7.19
6114,41906,41907,33.25,818.25,70.5
6115,41908,41909,3.083,0.341,36.24
6116,41912,41913,2.0,0.0,10.04
6117,41914,41915,1.75,0.25,9.34
6118,41916,41917,2.0,0.0,8.79
6119,41920,41921,6.909,34.491,23.09
6120,41922,41923,2.273,0.218,13.17
6121,41928,41929,15.667,34.333,98.48
6122,41932,41933,2.857,0.143,39.9
6123,41936,41937,2.094,0.152,12.54
6124,41938,41939,1.222,0.179,6.11
6125,41940,41941,6.0,45.5,25.88
6126,41942,41943,70.0,9248.0,12.31
6127,41948,41949,4.667,292.928,9.85
6128,5,25428,2.0,0.0,13.2
6129,7,4,3.0,0.0,14.4
6130,15,40670,9.875,630.125,8.6
6131,17,14,1.077,0.077,15.2
6132,43,19624,2.091,0.091,14.2
6133,45,42,3.667,0.25,27.2
6134,77,19222,2.0,0.0,9.0
6135,95,5054,3.0,0.5,18.4
6136,99,37052,3.0,0.286,25.4
6137,99,19286,1.818,0.156,26.1
6138,101,196,2.0,0.0,19.2
6139,105,19306,1.158,0.14,21.1
6140,109,16,3.143,5.143,10.3
6141,109,35560,6.562,7.729,24.0
6142,111,36878,3.0,0.0,13.6
6143,111,2934,2.533,1.552,24.1
6144,115,25846,9.5,37.9,13.8
6145,117,114,1.333,0.267,14.5
6146,121,118,2.0,0.0,16.3
6147,177,11262,4.0,0.0,32.4
6148,207,12112,3.0,0.0,12.2
6149,207,21994,5.0,0.857,24.3
6150,225,31260,3.0,0.0,26.8
6151,231,228,3.5,0.5,14.4
6152,265,31532,5.571,0.952,48.5
6153,297,25766,2.0,0.0,14.6
6154,303,296,2.0,0.0,15.9
6155,305,302,3.0,0.0,16.4
6156,307,304,2.0,0.0,15.7
6157,337,1602,1.355,0.237,15.1
6158,393,452,2.0,0.0,7.6
6159,397,460,2.0,0.0,7.6
6160,413,406,2.0,0.0,12.6
6161,431,33664,1.4,0.3,12.0
6162,433,430,1.25,0.25,13.1
6163,453,450,1.25,0.25,10.4
6164,461,458,1.333,0.333,10.4
6165,477,1642,2.0,0.0,11.2
6166,509,20150,1.5,0.5,4.7
6167,545,24092,4.0,0.0,15.7
6168,549,29228,2.0,0.0,9.0
6169,567,572,3.0,0.0,14.3
6170,569,20230,2.0,0.0,9.0
6171,569,566,2.0,0.0,14.4
6172,571,20228,2.0,0.0,14.2
6173,597,594,1.5,0.857,11.8
6174,623,32,2.0,0.0,11.0
6175,631,37196,2.0,0.0,13.2
6176,631,628,5.889,147.611,15.2
6177,633,630,1.571,0.286,11.2
6178,635,15502,3.0,2.0,16.2
6179,639,660,3.0,0.0,14.5
6180,641,20342,3.0,0.0,14.5
6181,645,20344,3.0,0.0,14.4
6182,649,20342,6.0,0.0,27.6
6183,661,20356,3.0,0.0,14.2
6184,665,20350,2.0,0.0,4.7
6185,681,11656,7.0,0.0,36.6
6186,713,5166,3.0,1.0,39.9
6187,717,14274,2.0,0.0,11.0
6188,721,35758,2.0,0.0,10.6
6189,727,31772,2.0,0.0,14.4
6190,727,14860,2.0,0.0,14.2
6191,729,726,2.75,0.25,14.4
6192,729,16180,3.0,0.0,14.3
6193,731,728,1.4,0.8,7.2
6194,737,500,2.0,0.0,7.9
6195,739,41920,1.4,0.933,13.2
6196,741,17134,2.0,0.0,27.2
6197,743,740,3.167,0.567,26.7
6198,743,22538,24.0,0.0,6.5
6199,749,20456,2.727,1.392,27.0
6200,751,748,1.212,0.172,14.5
6201,871,24540,2.5,0.5,20.1
6202,871,4246,2.0,0.0,16.6
6203,873,874,3.0,0.0,24.7
6204,875,868,2.0,0.0,15.2
6205,877,872,3.0,0.0,19.4
6206,881,5422,1.25,0.193,12.6
6207,909,41910,2.0,0.0,9.1
6208,911,908,3.0,0.0,14.4
6209,919,41914,1.75,0.25,9.1
6210,919,914,3.0,0.0,14.4
6211,963,20778,2.0,0.0,9.1
6212,1023,1020,5.0,0.0,17.7
6213,1043,20772,2.0,0.0,9.0
6214,1045,1042,3.0,0.0,9.0
6215,1045,20742,2.0,0.0,11.7
6216,1047,1044,2.0,0.0,8.6
6217,1051,18046,2.24,1.023,24.8
6218,1053,12004,1.087,0.083,13.9
6219,1055,1056,1.533,0.464,13.2
6220,1057,40210,1.333,0.267,7.1
6221,1057,12020,3.417,0.428,36.4
6222,1105,5182,2.0,0.0,16.4
6223,1105,25602,4.0,0.0,21.2
6224,1127,1104,3.0,1.0,14.4
6225,1139,1136,3.0,0.0,14.4
6226,1141,1138,3.0,0.0,14.4
6227,1143,1140,3.0,0.0,14.4
6228,1145,24752,2.0,0.0,9.1
6229,1145,1142,3.0,0.0,14.4
6230,1147,1144,2.5,0.5,14.4
6231,1149,1126,2.333,0.333,14.4
6232,1151,1146,2.0,0.0,13.5
6233,1153,1148,2.667,0.333,14.4
6234,1155,1152,2.667,0.333,14.4
6235,1157,1154,3.0,0.0,14.4
6236,1159,1156,2.333,0.333,14.4
6237,1161,1158,2.5,0.5,14.0
6238,1175,1180,2.0,0.0,8.5
6239,1179,1188,2.0,0.0,9.6
6240,1181,1178,4.0,0.0,15.3
6241,1205,11036,6.0,0.0,26.1
6242,1207,1204,8.0,0.0,14.4
6243,1213,1210,2.0,0.0,13.9
6244,1215,1212,2.0,0.0,15.0
6245,1219,32048,2.0,0.0,11.1
6246,1219,1432,2.062,0.596,22.4
6247,1239,10802,3.667,0.333,15.1
6248,1241,1238,6.0,1.0,10.8
6249,1255,11900,2.0,0.0,12.8
6250,1295,33662,4.0,0.0,28.8
6251,1297,1294,4.0,0.0,14.4
6252,1321,1318,3.0,0.0,13.6
6253,1333,12364,3.0,0.0,14.9
6254,1341,1338,2.0,0.0,9.8
6255,1371,21510,2.0,0.0,14.4
6256,1409,1370,3.0,0.0,14.3
6257,1411,21232,3.0,0.0,14.3
6258,1417,10834,2.0,0.0,14.5
6259,1419,1416,2.0,0.0,11.2
6260,1421,38272,2.0,0.0,11.5
6261,1423,1420,1.5,0.5,14.4
6262,1425,1422,2.0,0.0,14.4
6263,1429,9920,2.8,0.171,34.8
6264,1431,1428,2.188,0.162,22.3
6265,1435,1430,1.312,0.229,15.6
6266,1441,1438,1.074,0.071,9.4
6267,1501,21160,2.467,0.552,17.9
6268,1527,1650,1.909,0.182,23.7
6269,1559,1556,2.0,0.0,10.4
6270,1573,10998,1.667,0.333,8.7
6271,1575,1572,2.0,0.0,9.1
6272,1577,1574,3.0,0.0,14.9
6273,1579,5110,2.0,0.0,14.3
6274,1587,6580,2.0,0.0,12.4
6275,1587,27094,3.0,0.0,17.5
6276,1599,21452,12.138,423.052,10.1
6277,1601,1598,1.862,6.337,9.4
6278,1607,29780,2.136,0.219,27.8
6279,1609,1604,1.455,0.45,13.6
6280,1611,1608,1.333,0.233,16.6
6281,1641,1638,4.0,0.0,23.9
6282,1643,1640,3.0,0.0,14.7
6283,1643,20128,2.0,0.0,11.7
6284,1645,1642,3.0,0.0,14.4
6285,1647,12120,1.067,0.067,12.4
6286,1647,8396,1.6,1.8,2.9
6287,1657,21548,3.0,0.0,21.7
6288,1667,24346,2.0,0.0,10.3
6289,1669,1666,2.0,0.0,11.9
6290,1671,1668,4.0,0.0,26.7
6291,1691,7262,4.949,19.682,38.6
6292,1705,1706,1.333,0.667,10.1
6293,1707,35440,23.857,398.476,24.8
6294,1709,28218,3.0,0.0,20.0
6295,1737,1754,3.0,0.0,14.4
6296,1739,1736,3.0,0.0,14.4
6297,1749,1812,2.0,0.0,14.2
6298,1751,1748,3.0,0.0,14.4
6299,1753,1750,3.0,0.0,14.4
6300,1755,1752,2.0,0.0,14.4
6301,1805,21648,3.0,0.0,14.0
6302,1835,25788,2.0,0.0,14.9
6303,1873,1870,2.0,0.0,16.9
6304,1891,25772,1.5,0.5,10.8
6305,1921,9828,3.0,8.0,1.4
6306,1939,15596,1.333,0.333,13.4
6307,1973,21852,2.0,0.0,4.7
6308,1977,1974,3.0,0.0,12.1
6309,1979,1976,3.0,0.0,13.8
6310,1983,1978,3.0,0.0,14.4
6311,1985,1982,3.0,0.0,14.4
6312,1987,1984,3.0,0.0,14.4
6313,1989,1986,3.0,0.0,14.4
6314,1997,21836,3.0,0.0,14.2
6315,1999,1996,2.0,0.0,8.9
6316,2001,1998,2.0,0.0,7.0
6317,2011,32264,2.0,0.0,21.8
6318,2011,15714,2.7,0.456,21.0
6319,2017,2472,1.571,0.286,15.5
6320,2033,29806,2.0,0.0,18.3
6321,2041,39748,2.0,0.0,7.9
6322,2043,2040,2.0,0.0,13.4
6323,2045,2042,2.0,0.0,10.5
6324,2053,21934,2.0,0.0,4.7
6325,2061,17318,3.333,0.333,12.1
6326,2063,2060,1.667,0.333,5.0
6327,2065,2062,2.0,0.0,5.3
6328,2069,33610,2.0,0.0,12.2
6329,2079,2076,3.0,0.0,19.4
6330,2087,19822,2.0,0.0,16.9
6331,2087,12112,3.556,0.614,33.4
6332,2089,23754,4.0,1.0,26.3
6333,2089,2086,3.824,33.654,22.5
6334,2091,2088,1.056,0.056,8.8
6335,2093,2090,1.111,0.105,11.0
6336,2099,22008,2.0,0.0,4.7
6337,2121,12308,2.0,0.0,9.2
6338,2123,2130,2.0,0.0,9.7
6339,2123,22116,2.0,0.0,13.8
6340,2127,31982,2.0,0.0,13.3
6341,2131,21964,1.333,0.333,9.1
6342,2141,23066,1.5,0.5,10.3
6343,2151,7202,4.333,1.333,26.7
6344,2151,29728,5.5,0.5,42.5
6345,2159,2156,1.25,0.25,14.5
6346,2161,2158,4.0,0.0,52.0
6347,2165,2150,1.25,0.25,20.1
6348,2167,2162,2.667,0.333,33.4
6349,2173,2164,5.0,0.0,63.9
6350,2177,2174,2.5,0.333,32.1
6351,2179,38090,1.4,0.3,10.9
6352,2183,2180,1.167,0.167,18.0
6353,2191,2192,1.931,16.138,8.2
6354,2193,36128,1.476,0.402,17.3
6355,2195,2190,1.595,0.296,21.0
6356,2197,2194,1.19,0.158,14.1
6357,2257,32980,2.0,0.0,15.5
6358,2259,11834,2.0,0.0,8.8
6359,2271,11674,2.0,0.0,16.0
6360,2273,2292,2.0,0.0,15.8
6361,2275,9928,1.5,0.333,5.4
6362,2277,2274,1.75,0.25,14.2
6363,2289,9926,3.0,0.0,17.0
6364,2293,2290,2.0,0.0,17.9
6365,2305,11676,2.0,0.0,13.3
6366,2367,32884,3.333,2.333,15.7
6367,2381,2378,1.667,0.333,15.2
6368,2385,10436,2.0,0.0,15.8
6369,2387,2384,4.0,0.0,26.7
6370,2389,2386,2.0,0.0,14.3
6371,2391,2388,3.0,0.0,15.2
6372,2393,31876,1.211,0.175,7.3
6373,2395,2392,1.065,0.062,15.5
6374,2397,2394,1.097,0.09,15.7
6375,2409,21026,5.0,0.0,14.4
6376,2429,25592,3.0,0.0,14.8
6377,2431,2428,2.0,0.0,10.4
6378,2435,38948,59.0,0.0,18.2
6379,2467,14476,2.0,0.0,16.9
6380,2471,2468,1.111,0.111,13.6
6381,2473,2470,2.333,0.25,29.6
6382,2475,20424,3.0,0.0,5.9
6383,2499,2496,3.4,0.3,22.9
6384,2501,34994,2.0,0.0,12.6
6385,2517,22600,2.0,0.0,9.0
6386,2557,19572,1.2,0.2,4.8
6387,2557,11148,1.353,0.243,18.1
6388,2561,2558,2.545,0.355,29.7
6389,2585,2582,2.0,0.0,12.3
6390,2599,5442,3.0,0.667,24.2
6391,2601,2598,2.0,0.0,19.1
6392,2615,22862,2.0,0.0,9.7
6393,2615,2766,2.5,0.5,14.5
6394,2617,2614,3.0,0.0,13.5
6395,2619,162,2.167,0.167,19.3
6396,2621,2618,3.0,0.0,17.2
6397,2643,7176,4.0,0.0,27.0
6398,2653,39368,2.333,0.333,10.5
6399,2665,108,1.545,1.498,10.9
6400,2667,2664,1.111,0.111,5.5
6401,2677,22780,4.5,0.5,34.6
6402,2679,2676,2.0,2.0,14.8
6403,2681,2678,2.5,0.5,13.4
6404,2683,2680,1.5,0.5,9.7
6405,2729,26686,3.0,0.0,13.5
6406,2755,2752,2.0,0.0,13.3
6407,2761,2614,2.0,0.0,14.6
6408,2763,23920,3.0,0.0,9.0
6409,2815,12002,8.0,0.0,13.4
6410,2817,2814,2.0,0.0,14.4
6411,2821,2818,2.0,0.0,14.5
6412,2827,15746,1.1,0.1,8.5
6413,2831,2828,1.211,0.287,13.5
6414,2847,22954,1.083,0.08,11.3
6415,2849,22976,1.286,0.214,4.7
6416,2853,2850,2.125,0.25,32.1
6417,2881,2878,3.0,0.0,14.4
6418,2883,2880,3.0,0.0,14.5
6419,2907,2904,3.0,0.0,33.6
6420,2911,17204,2.0,0.0,31.0
6421,2919,24964,1.25,0.214,9.3
6422,2935,2830,3.0,0.769,23.7
6423,2937,7932,3.0,0.0,23.1
6424,2943,2940,2.0,0.0,15.8
6425,2951,9806,2.25,0.25,24.9
6426,2959,2960,2.647,42.743,8.3
6427,2961,16566,2.667,1.176,22.8
6428,2965,5190,2.167,0.515,29.9
6429,2973,21474,5.0,0.0,26.1
6430,2989,2986,1.188,0.296,10.4
6431,3157,14468,2.0,0.0,12.6
6432,3197,3156,2.0,0.0,9.2
6433,3247,12082,7.0,0.0,24.3
6434,3289,38176,2.0,0.0,9.1
6435,3345,41834,1.5,0.5,9.9
6436,3363,37158,2.0,0.0,9.4
6437,3367,7204,1.053,0.053,8.4
6438,3369,3366,2.04,0.04,19.8
6439,3387,16980,2.0,0.0,14.7
6440,3397,2148,2.25,0.214,25.9
6441,3429,14552,4.0,0.0,31.5
6442,3435,22236,2.0,0.0,10.5
6443,3435,2202,2.333,0.333,15.1
6444,3437,3434,1.25,0.25,10.6
6445,3439,3456,2.0,0.0,12.4
6446,3443,3440,2.0,0.0,11.2
6447,3445,3436,2.0,0.0,12.2
6448,3447,3444,2.333,0.333,12.5
6449,3449,3446,1.333,0.333,9.8
6450,3451,3448,2.0,0.0,14.7
6451,3453,3450,1.333,0.333,10.5
6452,3455,3452,1.5,0.5,6.7
6453,3457,3454,2.5,0.5,14.5
6454,3461,3458,2.0,0.0,18.1
6455,3471,3468,3.0,0.0,14.4
6456,3489,12516,6.0,0.0,14.7
6457,3493,3508,1.333,0.267,9.0
6458,3509,38200,1.6,0.3,8.8
6459,3539,2086,3.0,0.0,15.4
6460,3539,21996,4.5,0.5,26.1
6461,3541,3538,5.0,0.0,10.3
6462,3549,23764,1.5,0.5,4.7
6463,3551,3540,26.0,0.0,14.3
6464,3559,23782,2.0,0.0,9.0
6465,3607,32814,2.0,0.0,7.9
6466,3623,23856,2.0,0.0,9.1
6467,3627,23852,3.0,0.0,14.3
6468,3629,3626,3.0,0.0,14.3
6469,3635,3644,3.0,0.0,10.2
6470,3643,29064,2.5,0.5,17.3
6471,3645,3642,2.5,0.5,14.6
6472,3649,7942,2.5,0.5,16.2
6473,3657,8406,2.0,0.0,14.4
6474,3659,3656,3.0,0.0,14.3
6475,3679,23924,3.0,0.0,14.2
6476,3687,23918,2.0,0.0,4.7
6477,3689,22690,3.0,0.0,14.5
6478,3701,28794,4.0,0.0,13.7
6479,3703,3700,4.0,0.0,14.4
6480,3713,28778,3.0,0.0,15.1
6481,3717,3712,2.0,0.0,9.6
6482,3719,3716,2.0,0.0,12.3
6483,3725,25822,2.25,0.25,14.5
6484,3725,25824,5.2,1.029,27.9
6485,3727,3724,1.471,0.265,17.8
6486,3733,3730,1.2,0.178,15.2
6487,3745,8424,3.0,0.0,15.1
6488,3747,3744,4.0,0.0,14.6
6489,3753,23984,2.0,0.0,8.8
6490,3765,39276,5.0,0.0,29.2
6491,3807,36150,2.0,0.0,12.6
6492,3811,28544,2.0,0.0,15.7
6493,3863,17848,3.0,0.0,15.6
6494,3903,31792,2.0,0.0,16.6
6495,3905,3902,2.0,0.0,5.1
6496,3907,3904,3.0,0.0,23.2
6497,3909,3906,2.0,0.0,14.4
6498,3919,13156,1.111,0.111,8.5
6499,3943,1410,2.0,0.0,9.8
6500,3943,21240,4.0,0.0,17.0
6501,4083,24360,2.333,0.333,7.3
6502,4083,918,3.5,0.571,18.2
6503,4093,8020,2.0,0.0,20.2
6504,4105,876,2.0,0.0,13.0
6505,4117,19718,4.333,1.333,31.7
6506,4119,4116,7.778,251.694,14.6
6507,4121,4118,1.222,0.194,10.4
6508,4123,4120,2.0,0.0,15.2
6509,4125,4122,3.75,0.25,30.0
6510,4127,4124,1.5,0.333,14.5
6511,4129,24450,2.385,1.09,22.0
6512,4145,4128,1.692,0.231,20.5
6513,4159,24420,2.429,1.286,21.2
6514,4171,4168,1.143,0.143,16.2
6515,4175,4172,1.125,0.125,14.6
6516,4217,5872,5.0,1.0,43.9
6517,4219,35558,2.5,0.5,24.2
6518,4227,4224,3.0,0.0,14.6
6519,4229,4230,2.0,0.0,9.0
6520,4229,4226,2.0,0.0,14.7
6521,4239,5986,2.0,0.0,14.5
6522,4243,8156,2.0,0.0,13.6
6523,4243,18032,4.5,0.5,24.5
6524,4243,26102,3.333,0.333,18.2
6525,4245,16386,3.0,0.0,18.6
6526,4247,25932,4.0,0.0,20.6
6527,4269,24584,1.5,0.5,6.2
6528,4271,4268,2.0,0.0,12.4
6529,4273,4270,2.667,0.333,14.4
6530,4275,4272,3.0,0.0,14.4
6531,4277,4274,2.333,0.333,14.4
6532,4301,868,3.5,0.5,15.7
6533,4303,4300,2.5,0.5,10.7
6534,4305,4302,3.0,0.0,14.1
6535,4305,24606,1.5,0.5,4.7
6536,4309,26346,2.8,0.2,14.1
6537,4339,13012,2.0,0.0,9.0
6538,4339,4336,2.0,0.0,14.4
6539,4341,4338,1.5,0.5,14.4
6540,4355,4352,2.0,0.0,13.6
6541,4377,16442,2.0,0.0,6.8
6542,4381,29878,2.0,0.0,9.3
6543,4403,2326,3.053,0.275,48.5
6544,4449,1158,3.0,0.0,14.3
6545,4451,4448,2.0,0.0,14.4
6546,4453,4450,2.0,0.0,14.4
6547,4455,4452,3.0,0.0,14.4
6548,4457,4454,3.0,0.0,14.4
6549,4487,24794,2.0,0.0,4.7
6550,4497,4494,1.179,0.152,17.9
6551,4521,4518,3.0,0.0,13.9
6552,4527,4520,2.0,0.0,9.6
6553,4533,4530,3.0,0.0,14.4
6554,4533,4526,3.0,0.0,14.3
6555,4535,21860,3.0,0.0,13.4
6556,4591,9492,2.0,0.0,12.6
6557,4609,3288,2.0,0.0,9.1
6558,4621,27750,2.0,0.0,16.6
6559,4623,4620,2.0,0.0,8.6
6560,4625,4622,4.0,0.0,14.4
6561,4627,4624,3.0,0.0,14.4
6562,4629,4626,3.0,0.0,14.4
6563,4637,4634,2.0,0.0,9.7
6564,4669,24962,3.0,0.0,13.9
6565,4675,21374,2.0,0.0,12.2
6566,4677,4674,3.0,0.0,14.2
6567,4679,4676,3.0,0.0,14.4
6568,4681,4678,3.0,0.0,14.4
6569,4683,4680,3.0,0.0,14.4
6570,4809,25112,3.0,0.0,14.3
6571,4847,25052,2.0,0.0,15.8
6572,4849,4846,3.0,0.0,14.4
6573,4923,4982,1.318,0.227,15.4
6574,4927,12636,3.759,1.118,40.7
6575,4927,28480,6.353,66.743,10.6
6576,4929,4926,1.543,0.52,14.0
6577,4935,4954,2.0,0.0,23.7
6578,4971,38396,2.0,0.0,3.1
6579,4973,14974,2.0,0.0,14.5
6580,4975,4972,1.667,0.333,28.1
6581,4977,4978,9.727,236.303,10.7
6582,4979,5000,5.556,4.278,45.0
6583,4979,25350,13.467,134.124,18.1
6584,4981,4996,1.1,0.095,9.4
6585,4983,4980,1.304,0.403,13.1
6586,4985,4976,1.4,0.3,0.8
6587,4987,4984,1.792,1.563,14.0
6588,4989,4986,1.125,0.114,13.0
6589,4993,4990,1.25,0.196,16.9
6590,4997,4994,1.444,0.261,6.8
6591,4999,12052,2.125,0.117,25.3
6592,5007,28546,1.2,0.2,6.5
6593,5007,7948,3.0,1.167,28.6
6594,5007,17256,4.0,5.2,8.0
6595,5011,31316,1.2,0.178,5.9
6596,5011,5008,1.08,0.077,15.4
6597,5013,5010,1.032,0.032,12.2
6598,5017,23458,3.0,0.0,24.2
6599,5017,126,2.25,0.25,26.4
6600,5023,9982,2.442,0.395,26.5
6601,5025,5022,1.86,0.504,18.3
6602,5027,7236,2.045,0.742,20.6
6603,5029,5212,1.25,0.25,15.2
6604,5031,5028,1.667,0.333,18.8
6605,5033,16210,2.0,0.0,16.2
6606,5039,5034,2.0,0.0,15.1
6607,5043,5040,1.5,0.5,19.9
6608,5045,5042,1.5,0.5,16.4
6609,5047,5044,2.5,0.5,35.0
6610,5051,5048,2.0,0.0,23.0
6611,5051,6108,1.5,0.333,6.5
6612,5055,11266,10.641,962.868,25.5
6613,5063,5060,2.0,0.0,12.9
6614,5067,26654,2.0,0.0,7.5
6615,5069,5066,2.0,0.0,13.6
6616,5073,5070,2.0,0.0,16.2
6617,5075,5072,2.0,0.0,12.6
6618,5077,5074,2.0,0.0,13.5
6619,5079,5076,2.0,0.0,15.4
6620,5087,37636,2.5,0.5,18.5
6621,5089,5086,1.5,0.5,6.1
6622,5121,25522,2.0,0.0,4.7
6623,5137,5434,2.138,0.123,16.1
6624,5139,5136,2.077,0.474,11.9
6625,5141,5138,1.731,0.445,9.4
6626,5153,11606,1.333,0.238,15.5
6627,5157,5154,1.071,0.071,13.4
6628,5165,5162,1.4,0.3,14.0
6629,5169,25894,4.25,0.25,37.2
6630,5169,23588,4.0,2.857,40.7
6631,5171,5168,1.273,0.218,15.2
6632,5175,5172,1.091,0.091,14.9
6633,5183,5180,1.25,0.25,9.3
6634,5185,20894,2.444,0.278,16.4
6635,5185,5182,1.2,0.2,9.4
6636,5189,5186,1.385,0.256,17.1
6637,5203,7074,1.333,0.333,14.4
6638,5205,5202,2.0,1.0,21.3
6639,5207,5204,1.471,0.39,14.5
6640,5209,5206,1.667,0.333,20.6
6641,5211,5208,1.333,0.333,14.5
6642,5215,7202,4.852,0.977,54.9
6643,5215,29728,3.667,0.333,18.6
6644,5217,5214,1.516,0.325,17.8
6645,5219,10080,2.333,0.824,28.4
6646,5223,5220,3.625,0.268,28.2
6647,5237,7612,2.0,0.0,16.4
6648,5237,9500,2.4,0.3,16.2
6649,5239,5236,2.0,0.0,10.5
6650,5241,5238,1.5,0.3,10.4
6651,5245,5242,2.0,0.0,14.4
6652,5253,25692,2.0,0.0,10.2
6653,5257,5254,2.0,0.0,14.7
6654,5261,9518,2.0,0.0,12.4
6655,5261,5258,2.0,0.0,17.1
6656,5261,30256,2.0,0.0,16.1
6657,5263,5260,1.25,0.25,10.4
6658,5265,5262,1.25,0.25,10.6
6659,5267,9500,2.0,0.0,16.5
6660,5275,10162,2.0,0.0,15.3
6661,5275,25670,2.5,0.5,14.4
6662,5279,5276,2.0,0.0,14.4
6663,5281,5278,1.5,0.5,14.3
6664,5285,5282,2.0,0.0,13.9
6665,5285,30238,2.0,0.0,14.4
6666,5287,25704,2.0,0.0,4.7
6667,5311,10014,3.0,0.0,17.3
6668,5313,5310,2.0,0.0,16.3
6669,5321,8148,1.333,0.333,13.2
6670,5327,5324,1.333,0.333,13.4
6671,5335,5322,1.333,0.333,10.3
6672,5341,5338,1.2,0.2,10.7
6673,5359,5356,1.5,0.5,13.7
6674,5363,5360,2.667,0.333,32.6
6675,5371,5368,2.0,0.0,13.7
6676,5415,5416,1.935,21.796,9.2
6677,5417,19718,2.75,0.214,12.9
6678,5417,10822,3.233,0.806,33.4
6679,5417,24408,19.0,0.0,7.0
6680,5419,28412,2.0,0.0,7.0
6681,5419,5414,2.057,0.467,20.4
6682,5421,5418,1.071,0.143,8.3
6683,5423,5420,1.077,0.074,9.6
6684,5427,5424,1.958,16.563,9.5
6685,5429,5442,1.969,0.418,19.4
6686,5433,5428,1.094,0.088,13.6
6687,5435,5430,1.484,0.458,13.4
6688,5439,5436,2.694,0.218,32.1
6689,5443,5440,2.389,0.587,25.1
6690,5445,5150,2.0,0.0,23.3
6691,5451,5448,2.333,0.333,27.9
6692,5457,5444,1.5,0.333,13.9
6693,5473,17266,2.45,0.997,24.4
6694,5475,24542,3.909,29.291,27.2
6695,5475,5472,1.8,0.589,26.7
6696,5481,18050,12.115,403.546,24.0
6697,5491,5484,3.0,0.0,23.9
6698,5511,5030,2.0,0.0,12.9
6699,5513,5510,2.0,0.0,14.2
6700,5515,5512,2.0,0.0,14.9
6701,5519,17212,1.667,0.333,9.1
6702,5521,5518,2.333,0.333,14.5
6703,5523,10096,1.5,0.333,10.0
6704,5525,5522,1.75,0.25,14.0
6705,5531,5528,2.0,0.0,14.6
6706,5533,5530,2.0,0.0,14.6
6707,5535,5532,2.0,0.0,14.5
6708,5537,5534,2.0,0.0,15.2
6709,5543,5540,1.25,0.25,18.0
6710,5545,5542,1.25,0.25,16.3
6711,5547,5544,1.5,0.333,15.7
6712,5565,9498,2.0,0.0,7.6
6713,5597,5598,2.0,0.0,9.0
6714,5599,38862,2.5,0.5,21.3
6715,5601,5598,3.0,0.0,14.4
6716,5611,15230,1.957,0.589,25.7
6717,5613,1704,2.0,2.0,6.9
6718,5615,5612,1.833,0.967,9.4
6719,5617,5614,1.5,0.333,9.7
6720,5619,5616,1.6,0.3,9.4
6721,5627,2984,2.059,0.184,14.4
6722,5633,21848,2.0,0.0,9.4
6723,5635,26100,1.5,0.5,4.7
6724,5637,8156,2.0,0.0,13.4
6725,5639,5636,2.0,0.0,5.1
6726,5641,37142,1.667,0.333,7.5
6727,5641,5638,3.0,0.0,10.4
6728,5643,5640,1.5,0.333,10.4
6729,5647,2888,2.0,0.0,7.6
6730,5647,5644,1.25,0.214,10.4
6731,5649,37746,3.25,0.25,15.1
6732,5649,5646,4.2,0.4,31.4
6733,5663,30792,2.0,0.0,9.1
6734,5687,28392,6.0,0.0,19.3
6735,5695,8850,2.0,0.0,13.1
6736,5717,40224,3.0,0.0,13.2
6737,5721,40224,3.0,0.0,25.4
6738,5729,112,1.467,0.267,18.5
6739,5733,5730,2.0,0.0,14.5
6740,5737,5734,2.0,0.0,14.5
6741,5739,5736,2.0,0.0,14.5
6742,5741,7124,1.5,0.5,5.3
6743,5741,5738,2.0,0.0,14.9
6744,5745,5732,2.0,0.0,14.4
6745,5747,5744,2.0,0.0,10.4
6746,5751,5748,1.5,0.5,13.6
6747,5755,5752,2.0,0.0,14.4
6748,5759,5756,2.0,0.0,10.5
6749,5769,8560,2.0,0.0,12.2
6750,5783,26408,2.0,0.0,9.3
6751,5785,5782,2.0,0.0,14.3
6752,5855,38012,3.0,0.0,11.0
6753,5867,36422,1.222,0.444,2.5
6754,5869,14842,3.0,0.0,12.6
6755,5873,1620,1.471,0.265,17.5
6756,5893,29440,2.0,0.0,8.1
6757,5901,5898,1.5,0.5,13.6
6758,5903,5900,1.5,0.5,22.6
6759,5905,5902,1.5,0.5,14.2
6760,5907,5904,1.5,0.5,19.5
6761,5915,5918,3.5,0.5,21.0
6762,5919,38990,3.0,0.0,22.5
6763,5953,5966,2.0,0.0,15.0
6764,5959,5956,2.0,0.0,16.2
6765,5961,5958,2.0,0.0,13.6
6766,5979,4240,2.0,0.0,9.6
6767,5979,12568,2.5,1.0,14.7
6768,5981,5978,2.4,0.3,20.2
6769,5983,5980,1.5,0.333,14.4
6770,5983,17360,2.0,0.0,14.4
6771,5985,5982,2.0,0.0,14.5
6772,6009,11188,1.667,0.333,9.4
6773,6029,26536,2.0,0.0,9.0
6774,6035,6048,3.0,0.0,14.2
6775,6043,3648,3.0,0.0,13.8
6776,6045,6042,3.0,0.0,14.4
6777,6047,6068,3.0,0.0,15.2
6778,6047,6038,3.0,0.0,16.6
6779,6049,6046,3.0,0.0,14.4
6780,6049,26506,3.0,0.0,14.3
6781,6053,6050,3.0,0.0,14.4
6782,6055,6044,3.5,0.5,14.4
6783,6057,6054,3.0,0.0,14.4
6784,6059,6056,3.0,0.0,14.4
6785,6061,6058,3.0,0.0,14.4
6786,6063,6060,4.0,0.0,14.4
6787,6065,6062,3.0,0.0,14.4
6788,6067,6064,3.0,0.0,14.4
6789,6069,6066,3.0,0.0,14.4
6790,6069,26500,3.0,0.0,14.3
6791,6071,16960,1.182,0.164,11.7
6792,6073,7208,1.787,0.389,22.1
6793,6075,6072,1.045,0.045,8.3
6794,6077,6074,1.091,0.085,13.8
6795,6109,25622,2.25,0.25,19.0
6796,6111,39260,3.0,0.0,15.3
6797,6113,6110,2.0,0.0,14.3
6798,6141,13908,2.0,0.0,14.0
6799,6155,6152,8.0,0.0,14.5
6800,6157,12456,2.0,0.0,10.7
6801,6157,26362,2.0,0.0,14.0
6802,6161,27202,1.333,0.333,9.1
6803,6163,12460,1.667,0.333,7.7
6804,6165,6162,2.0,0.0,14.1
6805,6175,25464,2.0,0.0,18.7
6806,6177,6174,2.0,0.0,14.5
6807,6181,6178,2.0,0.0,14.4
6808,6191,26688,2.0,0.0,4.7
6809,6219,6216,3.0,0.0,17.4
6810,6305,7514,2.0,0.0,7.5
6811,6341,31166,2.0,0.0,12.9
6812,6343,6206,3.0,0.0,14.1
6813,6393,10656,2.0,0.0,13.6
6814,6419,14870,2.333,0.333,14.7
6815,6421,6418,2.0,0.0,14.6
6816,6425,6422,2.0,0.0,14.6
6817,6445,23098,2.0,0.5,12.8
6818,6445,16566,5.667,1.333,23.5
6819,6447,2324,2.383,0.981,30.2
6820,6471,32774,3.9,0.322,17.5
6821,6471,17038,5.333,2.333,38.8
6822,6473,6470,2.077,3.577,15.8
6823,6487,25472,2.0,0.0,8.8
6824,6517,1938,2.0,0.0,14.8
6825,6535,29734,4.0,0.0,25.8
6826,6567,31846,1.75,0.5,14.3
6827,6583,6580,1.5,0.3,14.3
6828,6587,27098,2.0,0.0,4.7
6829,6593,21846,2.0,0.0,9.0
6830,6593,27104,2.0,0.0,4.7
6831,6599,24712,2.0,0.0,10.3
6832,6599,6606,2.0,0.0,12.9
6833,6601,15570,2.0,0.0,19.3
6834,6601,5632,3.0,0.0,18.7
6835,6603,6600,1.2,0.2,8.2
6836,6605,6602,1.2,0.2,8.2
6837,6607,6604,1.8,0.2,11.4
6838,6625,21856,2.0,0.0,8.7
6839,6627,28118,2.0,0.0,15.8
6840,6629,35806,3.0,0.0,12.6
6841,6689,27204,1.263,0.205,8.8
6842,6691,6688,1.062,0.062,5.4
6843,6697,27216,3.0,0.0,14.2
6844,6775,2906,2.0,0.0,9.0
6845,6777,6774,3.0,0.0,15.8
6846,6779,6776,4.0,0.0,15.4
6847,6781,6778,6.0,0.0,25.5
6848,6783,6780,3.0,0.0,14.4
6849,6787,27810,3.5,0.333,22.2
6850,6789,6786,2.0,0.0,16.0
6851,6791,6788,2.0,0.0,14.6
6852,6793,6788,2.0,0.0,16.7
6853,6795,6792,2.0,0.0,14.5
6854,6805,4116,2.0,0.0,12.9
6855,6829,4986,2.333,2.333,10.9
6856,6835,6832,1.667,0.333,10.4
6857,6837,6834,1.333,0.333,10.4
6858,6839,6830,1.333,0.333,9.3
6859,6841,6838,1.667,0.333,12.8
6860,6843,6840,2.0,0.0,16.6
6861,6845,6842,1.333,0.333,12.2
6862,6851,6848,2.0,0.0,13.6
6863,6857,24386,1.6,0.3,6.9
6864,6863,32998,2.0,0.0,6.1
6865,6863,33018,4.0,2.0,32.7
6866,6863,33006,2.0,0.0,8.9
6867,6895,27570,2.0,0.0,9.3
6868,6895,27450,5.0,0.0,20.7
6869,6897,6894,2.667,0.333,13.3
6870,6901,6896,3.0,0.0,15.6
6871,6901,27462,3.0,0.0,14.6
6872,6905,6902,2.75,0.25,16.1
6873,6907,6904,3.0,0.667,14.4
6874,6931,6880,3.0,0.0,14.1
6875,6935,27512,3.0,0.0,14.2
6876,6937,6934,2.0,0.0,5.0
6877,6955,6936,2.0,0.0,9.0
6878,7023,35998,2.0,0.0,14.0
6879,7025,20138,1.6,0.3,9.9
6880,7025,16560,2.0,0.0,15.1
6881,7027,7024,1.286,0.238,5.2
6882,7035,6886,2.0,0.0,10.4
6883,7069,13916,7.0,0.4,64.1
6884,7069,17244,3.5,25.0,3.9
6885,7071,7068,2.0,9.0,9.2
6886,7073,7070,1.091,0.091,10.5
6887,7077,9996,9.0,0.0,22.7
6888,7079,7076,2.0,2.0,11.0
6889,7099,6164,2.0,0.0,11.7
6890,7117,27524,2.0,0.0,14.0
6891,7123,25178,2.0,0.0,14.1
6892,7125,25466,2.0,0.0,14.5
6893,7165,5286,1.2,0.2,5.1
6894,7167,35686,2.0,0.0,24.1
6895,7169,7166,2.0,0.0,10.9
6896,7171,7168,2.0,0.0,10.4
6897,7177,7174,2.0,0.0,10.4
6898,7185,5026,2.0,0.455,21.9
6899,7187,7184,1.178,0.195,15.0
6900,7189,7186,1.889,0.192,24.6
6901,7191,7188,1.05,0.049,10.9
6902,7193,7190,1.545,0.44,13.7
6903,7195,7192,1.028,0.028,9.5
6904,7197,7194,1.068,0.065,13.9
6905,7201,2196,1.071,0.068,14.1
6906,7203,7200,1.095,0.088,14.1
6907,7205,7244,1.84,0.307,22.3
6908,7207,11020,3.105,34.745,8.9
6909,7209,7206,1.1,0.092,9.6
6910,7211,5216,1.433,0.392,14.6
6911,7213,7210,1.538,4.098,9.4
6912,7217,7214,1.1,0.093,15.0
6913,7219,7216,1.172,0.148,13.0
6914,7221,7218,1.517,0.259,18.6
6915,7225,35068,4.0,0.0,14.0
6916,7225,7238,3.423,1.294,34.4
6917,7231,7226,1.074,0.071,15.1
6918,7233,7228,1.115,0.106,14.2
6919,7237,9978,1.025,0.025,9.7
6920,7241,22124,2.105,0.099,11.4
6921,7241,12304,2.667,0.333,17.9
6922,7249,1444,1.25,0.193,13.4
6923,7253,7250,1.061,0.121,9.4
6924,7255,7252,1.286,0.21,12.9
6925,7257,7254,1.972,0.199,21.8
6926,7259,7256,1.067,0.064,9.7
6927,7261,7258,1.205,0.167,14.3
6928,7263,7260,1.846,9.308,4.5
6929,7267,6786,2.0,0.0,13.6
6930,7279,7276,2.0,0.0,14.6
6931,7281,7278,2.0,0.0,14.4
6932,7283,7280,2.0,0.0,14.5
6933,7291,7266,2.5,0.5,20.2
6934,7311,4150,2.333,0.333,15.4
6935,7315,7334,2.0,0.0,15.6
6936,7317,7314,1.6,0.3,10.4
6937,7319,7316,1.25,0.25,10.4
6938,7321,7312,2.0,0.0,14.4
6939,7323,7320,1.333,0.333,11.1
6940,7325,7322,1.667,0.333,10.4
6941,7329,7326,2.0,2.0,15.1
6942,7331,7328,1.5,0.333,10.4
6943,7333,7330,1.75,0.25,14.4
6944,7339,36830,4.0,0.0,9.1
6945,7357,27948,2.0,0.0,9.3
6946,7359,7356,2.0,0.0,14.5
6947,7373,7358,2.0,0.0,14.5
6948,7375,7372,2.0,0.0,14.6
6949,7377,7374,2.0,0.0,14.9
6950,7379,7376,2.0,0.0,13.9
6951,7387,35390,1.5,0.5,9.6
6952,7389,7386,1.5,0.5,4.8
6953,7391,7388,4.5,0.5,50.5
6954,7409,7406,2.0,0.0,9.4
6955,7427,27976,2.0,0.0,5.2
6956,7437,7434,2.0,0.0,13.9
6957,7447,28000,9.0,0.0,4.7
6958,7465,15230,2.5,0.5,20.0
6959,7465,26072,4.0,0.0,26.5
6960,7467,7464,9.5,84.5,26.0
6961,7471,7468,2.5,0.5,22.7
6962,7483,14312,2.0,0.0,14.5
6963,7485,7482,4.5,0.333,32.6
6964,7487,27906,1.667,0.333,13.0
6965,7489,7486,2.0,0.0,15.3
6966,7503,20450,2.333,0.333,15.1
6967,7505,7518,4.0,0.0,31.5
6968,7515,7512,1.333,0.333,10.5
6969,7517,7514,1.5,0.5,10.4
6970,7535,7532,2.0,0.0,14.0
6971,7541,7538,2.0,0.0,14.6
6972,7543,7540,2.0,0.0,10.4
6973,7545,7542,2.0,0.0,14.5
6974,7563,11242,2.0,0.0,13.2
6975,7583,23530,7.0,0.0,1.3
6976,7597,16524,5.865,397.12,17.1
6977,7609,7078,2.0,0.0,9.5
6978,7613,7610,2.0,0.0,10.4
6979,7637,37238,1.75,4.092,3.1
6980,7639,7636,1.792,3.389,10.5
6981,7641,7638,1.091,0.087,10.5
6982,7647,8068,3.5,0.5,21.8
6983,7647,32028,2.0,0.0,6.6
6984,7649,28718,2.0,0.0,13.7
6985,7649,7646,1.333,0.333,18.4
6986,7659,7666,3.0,0.0,11.5
6987,7673,19422,5.0,0.0,13.1
6988,7675,7672,2.0,0.0,11.4
6989,7727,22912,2.0,0.0,12.4
6990,7729,22914,2.0,0.0,9.1
6991,7733,7730,2.0,0.0,14.2
6992,7797,7758,2.0,0.0,14.3
6993,7831,5414,2.25,0.25,11.0
6994,7831,25850,3.0,0.0,20.6
6995,7833,7864,2.667,0.333,20.0
6996,7835,7832,1.333,0.333,10.6
6997,7837,7834,1.667,0.333,10.4
6998,7839,7836,2.0,0.0,11.2
6999,7843,7840,3.0,0.0,15.6
7000,7847,7830,1.5,0.333,10.5
7001,7855,7846,2.0,0.0,13.3
7002,7859,7856,1.333,0.333,9.7
7003,7861,7858,1.333,0.333,10.4
7004,7889,7994,4.0,0.0,6.6
7005,7891,7888,6.0,0.0,11.0
7006,7893,21938,1.25,0.25,10.8
7007,7895,7892,2.5,0.333,21.3
7008,7899,25258,3.222,4.694,15.4
7009,7899,12636,4.182,0.764,22.2
7010,7901,7898,1.111,0.111,3.3
7011,7903,30212,1.25,0.25,9.5
7012,7905,7902,2.0,0.0,8.1
7013,7907,28488,3.0,0.0,4.7
7014,7909,19014,3.0,0.0,13.9
7015,7911,19012,2.5,0.5,9.4
7016,7911,7908,7.0,0.0,14.7
7017,7913,7910,7.333,2.333,14.1
7018,7913,30228,4.0,0.0,14.2
7019,7913,28494,2.0,0.0,5.0
7020,7915,14312,2.0,0.5,14.5
7021,7917,7914,2.5,0.333,14.4
7022,7919,7916,2.0,0.0,14.4
7023,7921,7918,1.8,0.2,11.1
7024,7923,7920,1.2,0.2,11.2
7025,7925,28096,2.0,0.0,5.3
7026,7925,7922,1.8,0.2,13.8
7027,7927,7924,2.143,0.143,16.6
7028,7929,7926,1.857,0.143,13.5
7029,7933,7930,1.143,0.143,10.2
7030,7935,28500,1.25,0.25,10.2
7031,7937,7934,1.5,0.333,9.9
7032,7939,7936,3.0,0.0,18.4
7033,7953,7942,2.333,0.333,18.6
7034,7953,23880,4.75,0.25,24.6
7035,7955,7950,1.286,0.238,9.9
7036,7957,7954,1.429,0.286,13.9
7037,7961,24050,2.0,0.0,10.6
7038,7961,7958,1.875,0.125,23.3
7039,7967,25398,4.5,7.714,11.8
7040,7977,7974,1.2,0.2,14.4
7041,7991,33496,2.0,0.0,3.5
7042,7993,7990,2.0,0.0,5.0
7043,8007,23634,2.0,0.0,9.5
7044,8009,8006,3.0,0.0,14.4
7045,8025,22866,3.0,0.0,16.0
7046,8027,8024,2.0,0.0,14.4
7047,8027,28972,2.0,0.0,14.5
7048,8029,8026,2.0,0.0,14.7
7049,8029,28622,2.5,0.5,4.7
7050,8031,31752,2.0,0.0,18.0
7051,8033,8030,2.0,0.0,14.4
7052,8053,2830,2.333,0.267,16.4
7053,8059,12626,3.455,0.673,17.1
7054,8059,14130,3.667,0.333,31.5
7055,8059,32298,1.75,0.25,9.1
7056,8061,30506,2.0,0.0,12.9
7057,8061,8058,1.133,0.267,11.1
7058,8063,30500,3.0,0.0,21.7
7059,8063,8060,1.733,0.21,23.2
7060,8065,9786,3.0,0.0,18.9
7061,8065,8062,1.562,0.396,19.4
7062,8071,23052,2.0,0.0,11.2
7063,8071,8056,2.0,0.0,15.8
7064,8079,28670,2.0,0.0,7.0
7065,8079,8072,2.0,0.0,12.2
7066,8081,8078,2.5,0.5,13.2
7067,8083,8080,2.0,0.0,14.4
7068,8089,28684,2.0,0.0,4.8
7069,8091,9938,3.5,0.5,23.0
7070,8091,7246,3.476,1.262,33.3
7071,8091,35442,2.0,0.0,8.2
7072,8101,5624,1.067,0.067,9.4
7073,8117,7646,3.0,0.0,18.3
7074,8119,8116,2.0,0.0,9.6
7075,8131,8294,2.0,0.0,9.2
7076,8143,33202,2.5,0.5,19.2
7077,8143,4924,3.0,0.0,19.2
7078,8151,12004,1.5,0.5,12.6
7079,8155,8152,2.0,0.0,28.1
7080,8187,28776,3.0,0.0,12.5
7081,8191,8188,3.0,0.0,13.3
7082,8193,36274,3.0,0.0,14.7
7083,8199,3718,3.0,0.0,14.9
7084,8201,8192,1.5,0.5,8.6
7085,8205,28788,2.0,0.0,14.5
7086,8211,14704,3.0,0.0,15.5
7087,8233,28820,2.0,0.0,4.9
7088,8235,8232,2.0,0.0,15.3
7089,8257,8254,2.0,0.0,14.4
7090,8261,2126,2.0,0.0,13.6
7091,8265,8260,2.0,0.0,14.6
7092,8269,3724,5.0,2.0,38.8
7093,8273,8270,2.0,0.0,14.2
7094,8275,8272,2.0,0.0,15.2
7095,8279,3730,2.143,0.143,14.8
7096,8281,8278,1.286,0.238,13.2
7097,8285,8282,1.5,0.5,8.1
7098,8289,3732,2.0,0.0,10.3
7099,8295,34056,2.0,0.0,7.7
7100,8325,28878,2.0,0.0,14.1
7101,8331,36112,2.0,0.0,7.5
7102,8333,8330,4.0,0.0,12.6
7103,8345,8272,2.0,0.0,9.8
7104,8345,28880,2.0,0.0,15.1
7105,8357,28728,2.0,0.0,13.9
7106,8369,2778,2.0,0.0,16.2
7107,8387,8384,2.0,0.0,10.4
7108,8389,8386,1.333,0.333,12.0
7109,8391,16004,2.0,0.0,11.7
7110,8393,41312,1.5,0.5,7.1
7111,8393,8390,1.5,0.333,10.4
7112,8395,8392,1.333,0.267,11.7
7113,8405,28536,2.333,0.333,10.6
7114,8409,8406,3.0,0.0,14.6
7115,8415,8412,2.0,0.0,8.2
7116,8441,8438,1.333,0.333,10.7
7117,8443,8440,1.667,0.333,15.7
7118,8453,23874,2.0,0.0,12.6
7119,8453,8450,1.5,0.5,9.5
7120,8461,32570,4.0,0.0,15.5
7121,8473,17344,2.0,0.667,10.9
7122,8475,8472,1.5,0.5,14.3
7123,8487,32920,1.429,0.286,7.7
7124,8497,33298,2.0,0.0,16.4
7125,8509,29122,3.0,0.0,4.7
7126,8549,14226,2.5,0.333,19.0
7127,8551,8548,2.0,0.0,14.2
7128,8553,8550,2.0,0.0,14.3
7129,8555,8552,1.333,0.333,10.4
7130,8557,8554,2.0,0.0,15.0
7131,8561,8558,2.0,0.0,10.4
7132,8567,37420,2.0,0.0,17.8
7133,8569,8566,4.0,0.0,30.1
7134,8577,8574,2.0,0.0,14.8
7135,8579,8576,2.0,0.0,15.0
7136,8581,8578,2.0,0.0,13.9
7137,8607,20206,3.0,0.0,14.3
7138,8607,29228,2.0,0.0,4.7
7139,8639,8636,1.5,0.5,10.4
7140,8645,8642,1.5,0.5,13.3
7141,8647,8644,2.5,0.5,18.8
7142,8649,8646,1.333,0.333,10.5
7143,8653,8650,1.4,0.3,10.7
7144,8659,15006,2.0,0.0,14.6
7145,8673,39942,1.5,0.5,7.8
7146,8677,11602,2.0,0.0,9.3
7147,8677,32696,3.0,0.0,14.4
7148,8679,8676,2.0,0.0,14.3
7149,8681,8676,2.0,0.0,9.6
7150,8701,17012,3.0,0.0,21.1
7151,8703,8700,2.0,0.0,14.4
7152,8723,5436,4.0,2.0,33.8
7153,8725,8722,2.0,0.0,14.6
7154,8749,29386,2.0,0.0,4.7
7155,8753,11084,2.333,0.333,17.8
7156,8755,8752,2.333,0.333,14.9
7157,8757,8754,2.0,0.0,12.0
7158,8815,8922,4.0,0.0,34.0
7159,8851,8472,2.0,0.0,14.1
7160,8857,8814,2.0,0.0,15.7
7161,8861,8858,2.0,0.0,16.1
7162,8865,8862,2.0,0.0,15.0
7163,8897,9088,1.5,0.5,8.5
7164,8901,37040,5.0,0.0,18.8
7165,8921,14492,2.0,0.0,15.2
7166,8923,8920,2.0,0.0,17.1
7167,8927,8924,2.0,0.0,10.4
7168,8929,8926,2.0,0.0,14.8
7169,8937,29386,2.0,0.0,14.1
7170,8943,8722,2.0,0.0,14.2
7171,8949,29612,2.0,0.0,9.2
7172,8949,8946,2.0,0.0,14.3
7173,8973,41660,2.0,0.0,10.6
7174,8983,11610,2.5,0.5,14.7
7175,8989,8986,2.0,0.0,14.4
7176,9001,15730,1.5,0.5,9.1
7177,9001,37446,3.0,0.0,14.3
7178,9017,9126,2.0,0.0,10.3
7179,9019,9016,3.0,0.0,14.2
7180,9021,9018,2.0,0.0,9.4
7181,9049,25632,3.667,0.333,19.4
7182,9049,22182,3.8,0.7,40.2
7183,9049,7202,4.833,5.424,20.0
7184,9051,9048,1.421,0.257,10.0
7185,9053,9050,1.4,0.463,15.6
7186,9055,9052,2.05,0.155,23.5
7187,9077,5866,1.056,0.056,13.2
7188,9085,8776,2.0,0.0,29.9
7189,9087,34080,1.8,0.2,9.7
7190,9089,9086,2.0,0.0,14.0
7191,9127,2472,2.0,0.0,11.1
7192,9161,31068,2.0,0.0,10.0
7193,9179,5444,3.0,0.0,14.8
7194,9181,9178,2.0,0.0,13.4
7195,9185,31122,2.0,0.0,10.5
7196,9189,9186,1.333,0.333,10.5
7197,9191,9188,1.333,0.333,10.4
7198,9193,9190,2.0,0.0,15.7
7199,9195,9192,2.0,0.0,14.4
7200,9197,9194,1.333,0.333,10.0
7201,9205,29090,1.5,0.5,9.4
7202,9205,9202,2.0,0.0,14.3
7203,9207,9204,1.333,0.333,10.6
7204,9211,18016,2.0,0.0,9.3
7205,9223,41888,2.0,0.0,12.7
7206,9239,40184,78.0,0.0,17.2
7207,9245,9932,2.625,0.554,16.3
7208,9247,9244,2.0,0.0,14.3
7209,9249,9246,1.75,0.214,14.4
7210,9249,2286,2.0,0.0,14.5
7211,9251,9248,1.375,0.268,10.4
7212,9265,19490,3.0,0.0,13.3
7213,9267,9264,2.5,0.5,13.3
7214,9301,9022,2.0,0.0,14.3
7215,9361,30126,2.0,0.0,14.0
7216,9387,30106,3.0,0.0,14.2
7217,9447,15868,2.0,0.0,15.8
7218,9447,22246,3.0,0.0,14.6
7219,9449,9446,1.8,0.2,10.3
7220,9465,15734,2.0,0.0,9.0
7221,9465,37450,2.0,0.0,13.0
7222,9469,2394,2.0,0.0,18.7
7223,9471,9468,3.0,0.0,10.6
7224,9489,41232,1.25,0.25,9.9
7225,9489,19024,2.0,0.0,14.9
7226,9495,35690,1.375,0.268,8.1
7227,9499,9496,1.286,0.238,5.0
7228,9501,9498,1.833,0.167,11.9
7229,9507,9504,1.5,0.5,10.2
7230,9511,9508,1.5,0.5,10.4
7231,9511,30246,6.0,0.0,1.4
7232,9517,9514,1.5,0.5,10.4
7233,9523,5270,2.0,0.0,9.7
7234,9545,30302,2.25,0.25,14.7
7235,9551,9548,2.5,0.333,17.7
7236,9571,9706,2.0,0.0,14.7
7237,9573,9570,2.0,0.0,17.1
7238,9573,30310,2.0,0.0,4.7
7239,9575,9572,1.75,0.25,14.5
7240,9577,9574,2.0,0.0,15.5
7241,9579,9576,2.0,0.0,14.8
7242,9583,9672,2.0,0.0,5.6
7243,9585,9582,2.0,0.0,14.7
7244,9591,25218,2.0,0.0,7.7
7245,9593,9590,2.0,0.0,15.4
7246,9597,9594,2.0,0.0,14.3
7247,9599,9596,2.0,0.0,10.5
7248,9621,28148,1.5,0.5,12.6
7249,9623,9620,2.0,0.0,16.1
7250,9629,34064,2.0,0.0,12.5
7251,9639,9646,2.0,0.0,14.7
7252,9641,9638,1.5,0.5,10.4
7253,9645,9510,1.5,0.5,11.3
7254,9647,9644,1.5,0.5,11.3
7255,9651,5276,2.0,0.0,9.1
7256,9653,9650,2.0,0.0,14.4
7257,9665,9650,3.0,0.0,14.2
7258,9705,9702,2.0,0.0,14.6
7259,9705,30400,2.0,0.0,14.4
7260,9761,8060,2.0,2.0,11.2
7261,9761,28658,6.0,0.0,26.4
7262,9763,9760,4.0,0.0,14.5
7263,9767,8058,3.0,0.0,13.2
7264,9767,28656,3.0,0.0,18.7
7265,9773,9760,3.5,0.5,14.3
7266,9783,30504,2.0,0.0,8.8
7267,9785,9782,3.0,0.0,14.4
7268,9787,9784,3.0,0.0,14.3
7269,9787,41576,3.0,0.0,14.2
7270,9789,9766,3.0,0.0,14.4
7271,9797,33878,3.0,0.0,12.6
7272,9807,21798,1.75,0.25,20.3
7273,9829,30548,3.0,0.0,36.2
7274,9837,30590,3.0,0.0,24.0
7275,9895,9892,2.0,0.0,12.6
7276,9923,11756,1.263,0.205,16.1
7277,9925,9936,2.769,33.526,8.6
7278,9929,9926,1.043,0.043,14.8
7279,9931,9928,1.6,0.884,14.3
7280,9933,9930,1.1,0.095,14.2
7281,9935,9932,1.143,0.143,12.0
7282,9937,8090,5.556,117.085,7.7
7283,9945,9992,1.436,6.568,8.6
7284,9955,9952,1.164,0.139,13.6
7285,9957,9954,1.25,0.191,16.6
7286,9961,9958,1.073,0.07,13.1
7287,9975,9972,1.386,0.243,19.8
7288,9981,9974,1.091,0.085,14.0
7289,9989,9986,1.349,0.28,15.9
7290,9991,9996,2.231,0.259,24.2
7291,9991,27616,16.0,0.0,10.1
7292,9993,9990,1.246,0.26,14.5
7293,9997,9994,1.062,0.06,9.5
7294,9999,5024,1.111,0.216,7.9
7295,10003,21170,2.0,0.0,9.4
7296,10005,10002,2.0,0.0,10.5
7297,10011,10008,2.0,0.0,10.4
7298,10041,30880,2.0,0.0,4.7
7299,10045,30896,2.0,0.0,15.1
7300,10047,10044,2.0,0.0,14.5
7301,10049,10046,2.0,0.0,14.9
7302,10057,10042,2.0,0.0,16.3
7303,10071,25744,2.0,0.0,9.8
7304,10071,5324,2.0,0.0,14.7
7305,10073,10070,2.0,0.0,10.4
7306,10091,19842,2.3,3.168,20.8
7307,10093,10090,1.609,0.522,19.0
7308,10099,10096,1.053,0.053,13.7
7309,10101,10098,1.842,0.14,23.0
7310,10119,7282,2.0,0.0,9.2
7311,10149,38704,4.0,0.0,13.4
7312,10151,10148,4.0,0.0,14.4
7313,10153,10150,4.0,0.0,14.0
7314,10159,9566,2.0,0.0,15.8
7315,10161,10158,2.5,0.5,21.0
7316,10167,7896,2.0,0.0,13.1
7317,10167,41840,1.471,0.265,16.1
7318,10181,10178,1.059,0.059,12.6
7319,10183,10180,1.294,0.221,14.7
7320,10185,10182,1.176,0.154,14.1
7321,10187,10184,1.471,0.265,17.1
7322,10229,9020,3.5,0.5,15.0
7323,10253,33524,2.0,0.0,9.2
7324,10275,8766,2.0,0.0,15.2
7325,10277,10274,2.0,0.0,17.3
7326,10301,8762,2.0,0.0,9.4
7327,10313,31576,2.0,0.0,14.5
7328,10341,10338,2.0,0.0,11.0
7329,10349,9922,2.0,0.0,7.4
7330,10349,9916,3.778,0.694,41.4
7331,10349,35802,14.667,152.333,4.2
7332,10385,10382,2.0,0.0,16.0
7333,10393,10390,2.0,0.0,14.5
7334,10423,25320,4.0,0.0,40.7
7335,10429,25402,2.333,0.333,18.6
7336,10431,10428,1.333,0.333,10.5
7337,10465,10480,3.0,0.0,14.2
7338,10479,20622,2.0,0.0,9.0
7339,10481,10478,2.0,0.0,14.4
7340,10549,7582,2.375,0.268,14.8
7341,10587,6156,2.0,0.0,14.4
7342,10597,9998,4.2,0.7,21.5
7343,10597,41874,2.333,0.333,9.3
7344,10601,19900,2.375,0.268,14.3
7345,10601,336,4.467,1.016,46.0
7346,10605,10602,1.08,0.077,9.4
7347,10645,19454,2.0,0.0,18.6
7348,10647,19454,2.5,0.5,15.5
7349,10683,33714,4.0,0.0,10.7
7350,10703,8058,3.0,0.0,14.6
7351,10709,21070,3.0,0.0,16.3
7352,10747,27736,4.0,0.0,21.7
7353,10749,10746,4.0,0.0,14.5
7354,10763,15490,1.094,0.088,13.4
7355,10783,4982,2.0,0.0,12.2
7356,10785,10782,2.0,0.0,10.9
7357,10789,10786,2.0,0.0,14.5
7358,10791,10788,2.0,0.0,11.8
7359,10799,3512,2.0,0.0,8.2
7360,10815,8474,2.0,0.0,14.4
7361,10817,10814,5.5,0.5,21.2
7362,10823,750,1.242,0.189,14.3
7363,10825,23740,2.0,0.0,17.4
7364,10825,12236,2.044,1.453,21.4
7365,10833,10830,1.8,0.2,26.1
7366,10835,31812,3.0,0.0,17.6
7367,10843,31802,3.5,0.5,19.5
7368,10845,10842,1.5,0.5,6.2
7369,10851,10834,2.333,0.333,14.3
7370,10877,10874,2.462,0.269,29.9
7371,10877,27078,2.0,0.0,19.6
7372,10879,10844,1.5,0.5,11.0
7373,10893,10882,2.0,0.0,10.6
7374,10895,10892,3.0,0.0,14.3
7375,10897,10894,3.0,0.0,14.2
7376,10925,19444,2.0,0.0,13.5
7377,10927,10924,3.5,0.5,15.8
7378,10933,14476,3.0,2.0,19.6
7379,10963,21036,7.0,0.0,12.9
7380,10971,10962,7.5,0.5,14.1
7381,10973,10970,8.0,0.0,20.9
7382,10997,5114,1.167,0.167,13.0
7383,11003,11000,1.667,0.333,15.6
7384,11021,3354,3.116,0.581,31.6
7385,11021,6070,29.667,281.333,17.2
7386,11023,28212,4.222,0.694,28.4
7387,11023,8068,3.25,0.867,34.9
7388,11023,11852,6.0,0.0,6.6
7389,11031,21010,4.0,0.0,3.8
7390,11033,11030,2.0,0.0,11.3
7391,11035,11032,1.5,0.5,10.4
7392,11053,8844,3.0,0.0,14.2
7393,11055,11052,3.0,0.0,14.4
7394,11075,11100,2.0,0.0,5.0
7395,11077,11074,2.0,0.0,4.4
7396,11083,6864,2.25,0.25,13.5
7397,11085,11082,1.25,0.25,7.8
7398,11087,11084,2.0,0.0,11.6
7399,11089,11086,3.0,0.0,27.5
7400,11091,11088,2.0,0.0,14.8
7401,11093,11090,2.0,0.0,14.0
7402,11101,11092,3.0,0.0,13.2
7403,11103,738,4.0,0.0,14.5
7404,11103,37714,5.0,0.0,24.7
7405,11105,11102,3.0,0.0,16.7
7406,11109,37850,1.667,0.333,9.0
7407,11109,19198,2.0,0.0,14.2
7408,11113,33102,2.0,0.4,12.2
7409,11115,11112,1.667,0.267,14.5
7410,11117,11114,2.0,0.0,14.6
7411,11119,11116,1.5,0.3,14.6
7412,11131,18148,1.5,0.5,9.7
7413,11143,1610,1.056,0.056,12.7
7414,11145,11140,1.167,0.147,14.8
7415,11147,11144,1.111,0.105,12.2
7416,11149,11146,1.176,0.154,14.4
7417,11183,32218,1.333,0.333,14.5
7418,11185,11186,1.333,0.333,14.4
7419,11189,11184,2.0,0.0,14.4
7420,11197,4084,2.25,0.214,14.2
7421,11229,19038,1.5,0.5,13.5
7422,11231,15714,5.0,96.16,13.9
7423,11233,11230,4.259,8.43,25.1
7424,11235,11232,1.296,0.293,10.4
7425,11237,11234,1.105,0.099,5.0
7426,11239,11236,1.2,0.167,10.4
7427,11241,11238,1.214,0.175,11.3
7428,11253,24222,2.0,0.0,9.5
7429,11263,15722,4.0,0.0,23.0
7430,11265,28654,3.0,0.0,14.2
7431,11265,12626,3.333,0.333,32.6
7432,11267,21082,1.447,0.416,12.7
7433,11273,10994,2.0,0.0,14.5
7434,11275,11272,2.0,0.0,8.8
7435,11277,17886,1.132,0.117,22.6
7436,11321,14070,2.0,0.0,14.2
7437,11337,14076,3.0,0.0,12.6
7438,11339,11336,5.0,0.0,10.5
7439,11341,11338,6.0,0.0,14.2
7440,11343,32394,2.0,0.0,9.6
7441,11361,39210,2.0,0.0,14.1
7442,11379,33722,3.0,0.0,14.4
7443,11385,27158,2.0,0.0,13.5
7444,11395,7656,4.5,0.5,25.5
7445,11399,11396,3.5,0.5,15.1
7446,11403,37734,2.0,0.0,9.3
7447,11403,16380,3.0,0.0,14.4
7448,11407,39984,2.0,0.5,9.7
7449,11407,568,5.0,0.0,18.7
7450,11421,14054,1.6,0.3,18.9
7451,11437,3810,3.0,0.0,16.4
7452,11445,11442,1.5,0.5,7.6
7453,11491,15944,12.9,558.093,22.7
7454,11493,11490,4.5,182.037,9.9
7455,11495,11492,3.13,49.391,8.3
7456,11497,41932,1.143,0.143,14.6
7457,11497,11494,1.267,0.271,12.9
7458,11499,11496,1.038,0.038,9.9
7459,11505,32642,3.464,55.665,11.5
7460,11507,16528,2.0,0.0,8.9
7461,11573,8286,2.0,0.0,6.5
7462,11577,11378,4.0,0.0,23.7
7463,11595,15902,4.0,0.4,43.1
7464,11595,19344,3.929,0.379,47.0
7465,11599,11618,2.889,0.222,35.0
7466,11603,11600,1.389,0.252,17.3
7467,11605,11602,1.167,0.147,13.6
7468,11611,11608,1.211,0.175,13.5
7469,11613,11610,1.118,0.11,13.6
7470,11621,11642,1.25,0.25,14.4
7471,11635,39522,1.5,0.5,7.5
7472,11639,11636,1.3,0.233,17.1
7473,11641,5090,3.5,0.5,32.3
7474,11641,146,1.5,0.5,13.8
7475,11643,11640,1.25,0.25,15.5
7476,11645,7222,1.966,0.534,15.5
7477,11647,11644,1.931,0.138,25.0
7478,11651,11648,1.923,0.634,20.0
7479,11653,11650,1.08,0.077,14.3
7480,11657,17262,3.0,0.0,15.6
7481,11661,11658,2.385,0.246,28.2
7482,11663,17038,3.643,1.016,43.9
7483,11663,26984,6.571,0.619,32.1
7484,11665,11662,1.55,0.892,14.6
7485,11687,5648,2.077,0.077,17.0
7486,11689,11686,1.077,0.077,9.7
7487,11691,23832,2.0,0.0,13.0
7488,11693,11690,3.0,0.0,13.0
7489,11695,11692,3.0,0.0,14.4
7490,11707,23832,4.0,0.0,14.3
7491,11743,35578,3.0,0.0,13.5
7492,11753,11750,1.222,0.194,13.4
7493,11755,22410,1.125,0.125,6.4
7494,11755,11752,1.4,0.267,13.4
7495,11757,11754,1.2,0.171,9.3
7496,11759,22504,1.333,0.333,9.0
7497,11775,32238,2.0,0.0,13.7
7498,11791,5140,1.724,0.778,13.4
7499,11793,11790,1.318,0.323,9.4
7500,11795,14054,3.0,0.0,17.0
7501,11805,11802,2.0,0.0,8.0
7502,11823,10194,1.8,0.171,14.8
7503,11823,12118,2.75,12.25,3.8
7504,11829,32968,2.0,0.0,4.7
7505,11831,19724,3.0,0.0,21.0
7506,11833,11830,2.0,0.0,14.7
7507,11893,11230,3.0,0.0,26.1
7508,11895,33874,2.0,0.0,8.9
7509,11897,11894,2.0,0.0,20.0
7510,11915,11912,1.5,8.34,9.4
7511,11919,33484,2.0,0.0,12.9
7512,11929,20212,2.0,0.0,9.2
7513,11931,11928,4.0,0.0,15.4
7514,11933,11930,3.0,0.0,14.6
7515,11983,11980,1.158,0.137,25.4
7516,11989,1054,1.2,0.5,8.7
7517,11997,11994,1.194,0.161,13.5
7518,11999,12006,1.609,1.431,16.0
7519,12001,11998,3.3,52.9,4.0
7520,12007,2962,1.067,0.067,9.2
7521,12009,12002,1.44,0.423,14.2
7522,12011,12008,1.174,0.241,10.1
7523,12017,12014,1.129,0.116,13.1
7524,12023,12010,1.217,0.269,9.2
7525,12033,12030,1.062,0.062,11.9
7526,12037,4924,1.682,0.227,24.4
7527,12037,28746,3.25,6.917,3.2
7528,12055,9914,3.0,0.0,11.9
7529,12055,16986,3.429,0.952,29.6
7530,12081,28528,2.0,0.0,9.6
7531,12085,12082,4.0,0.0,15.2
7532,12087,12084,3.0,0.0,13.8
7533,12089,12086,3.0,0.0,14.4
7534,12101,37452,3.0,0.0,14.0
7535,12111,11022,1.231,0.265,14.3
7536,12113,31326,3.0,0.0,11.5
7537,12115,11422,1.333,0.267,13.5
7538,12117,12114,1.167,0.167,9.4
7539,12119,12116,2.833,0.167,20.7
7540,12127,12124,1.75,0.25,14.4
7541,12129,12126,4.0,0.0,31.6
7542,12131,28222,2.0,0.0,13.5
7543,12131,12128,4.0,8.0,18.6
7544,12133,12130,1.25,0.25,10.5
7545,12141,26668,3.0,0.0,15.3
7546,12141,17874,3.765,1.441,30.9
7547,12143,12140,1.214,0.181,7.0
7548,12143,31432,4.0,0.0,1.5
7549,12175,12172,3.0,0.0,39.3
7550,12183,12180,3.0,0.0,23.0
7551,12197,12194,2.125,0.125,26.2
7552,12221,12218,2.0,0.0,10.1
7553,12237,4928,1.6,0.3,1.0
7554,12275,12272,2.0,0.0,14.9
7555,12281,12278,2.0,0.0,13.4
7556,12287,12290,2.0,0.0,6.9
7557,12291,29856,2.0,0.0,7.5
7558,12293,33496,2.0,0.0,4.7
7559,12295,33498,11.0,0.0,1.4
7560,12301,22056,2.0,0.0,10.6
7561,12303,17552,1.5,0.5,7.2
7562,12303,12300,3.0,0.0,14.4
7563,12305,12302,1.75,0.25,10.9
7564,12309,12306,2.0,0.0,8.3
7565,12337,9300,2.0,0.0,14.4
7566,12349,12346,2.0,0.0,13.9
7567,12353,12350,2.0,0.0,14.7
7568,12367,12374,2.0,0.0,8.6
7569,12387,12384,2.0,0.0,15.0
7570,12395,12390,1.474,0.263,19.0
7571,12397,31036,2.0,0.0,8.5
7572,12397,12392,1.833,0.232,22.3
7573,12405,12402,2.0,0.0,10.4
7574,12433,35326,2.0,0.0,12.6
7575,12439,31628,2.5,0.5,9.0
7576,12447,14176,3.0,0.0,35.1
7577,12455,12452,1.667,0.333,14.3
7578,12459,33716,2.75,0.25,16.9
7579,12499,8724,2.0,0.0,7.4
7580,12511,12508,6.0,0.0,14.5
7581,12513,12510,4.0,0.0,9.0
7582,12515,12512,7.0,0.0,13.4
7583,12517,12514,6.0,0.0,13.0
7584,12535,34762,2.0,0.0,14.4
7585,12537,12534,1.333,0.333,9.0
7586,12539,15752,2.667,1.333,12.1
7587,12539,16500,2.333,0.333,20.9
7588,12551,15956,1.75,0.25,14.5
7589,12553,12550,1.5,0.333,14.4
7590,12579,15542,2.0,0.0,12.8
7591,12581,12578,3.5,0.5,14.4
7592,12597,12594,1.164,0.139,14.2
7593,12601,12598,1.044,0.043,9.4
7594,12605,35952,1.231,0.192,17.0
7595,12607,12604,1.071,0.071,13.4
7596,12611,12608,1.533,0.267,18.9
7597,12637,33924,1.4,0.349,15.9
7598,12643,12996,3.5,0.5,14.1
7599,12645,41600,3.0,0.0,9.1
7600,12647,12644,3.0,0.0,14.3
7601,12703,12716,4.5,0.5,21.4
7602,12717,30956,2.5,0.5,13.6
7603,12725,13632,4.0,1.0,20.6
7604,12733,12702,3.0,0.0,14.5
7605,12735,12732,3.0,0.0,14.5
7606,12737,12734,3.0,0.0,14.5
7607,12739,12736,3.0,0.0,14.5
7608,12747,28954,4.0,0.0,12.8
7609,12753,34056,2.0,0.0,4.7
7610,12755,19178,1.4,0.257,16.0
7611,12757,24512,5.667,0.333,46.0
7612,12757,5870,5.714,0.571,46.4
7613,12757,5872,15.0,0.0,4.6
7614,12763,12766,2.0,0.0,14.3
7615,12773,12770,1.929,0.225,21.1
7616,12777,12774,1.231,0.359,14.6
7617,12793,12816,3.0,0.0,13.6
7618,12805,25514,5.0,0.0,20.5
7619,12817,25516,3.0,0.0,14.3
7620,12825,32954,2.0,0.0,9.0
7621,12853,2166,3.0,0.0,20.5
7622,12855,12852,3.0,0.0,14.4
7623,12883,34198,2.0,0.0,14.2
7624,12897,2150,2.0,0.0,7.5
7625,12981,12992,4.0,0.0,18.6
7626,12989,33942,3.0,0.0,14.5
7627,12991,12988,3.0,0.0,17.4
7628,12993,12990,4.0,0.0,19.0
7629,12995,12646,4.0,0.0,14.5
7630,12997,12994,4.0,0.0,14.6
7631,12997,41610,3.0,0.0,14.3
7632,13013,24638,1.333,0.333,4.7
7633,13037,13034,3.0,0.0,14.4
7634,13061,7218,3.0,0.0,12.6
7635,13087,40602,2.0,0.0,9.4
7636,13087,13084,2.5,0.5,14.4
7637,13089,13086,2.667,0.333,14.4
7638,13153,14218,2.875,0.125,21.5
7639,13153,7082,5.0,0.0,7.0
7640,13155,13152,1.778,0.194,13.0
7641,13171,13168,2.0,0.0,14.4
7642,13307,13304,1.25,0.214,19.6
7643,13377,7244,3.0,0.0,16.4
7644,13379,13376,2.0,0.0,10.4
7645,13383,13380,2.0,0.0,15.0
7646,13411,40358,3.0,0.0,15.2
7647,13425,2158,4.0,0.0,51.4
7648,13445,15496,2.0,0.0,15.9
7649,13451,13448,2.0,0.0,23.0
7650,13471,3606,2.0,0.0,7.5
7651,13521,34830,2.0,0.0,4.7
7652,13523,34830,3.0,0.0,14.2
7653,13599,12054,8.667,129.867,8.5
7654,13601,13598,1.125,0.125,10.4
7655,13603,21816,2.0,0.0,7.5
7656,13605,13602,6.5,0.5,13.5
7657,13607,35588,2.0,0.0,15.9
7658,13611,19706,8.176,355.529,13.9
7659,13613,13610,1.062,0.062,10.4
7660,13615,5136,4.0,0.0,15.5
7661,13617,13614,3.0,0.0,14.1
7662,13633,19844,1.333,0.333,8.5
7663,13637,34976,2.0,0.0,4.7
7664,13655,22572,2.333,0.333,18.0
7665,13657,13654,1.667,0.333,14.3
7666,13659,13656,2.0,0.0,14.6
7667,13863,13860,3.0,0.0,20.7
7668,13865,13862,2.0,0.0,14.9
7669,13871,32882,1.5,0.5,9.4
7670,13871,11750,2.0,0.0,14.7
7671,13873,13870,2.667,0.333,15.4
7672,13907,94,3.4,6.8,25.8
7673,13911,26620,5.25,72.25,4.2
7674,13971,13968,2.0,0.0,13.0
7675,14029,14026,1.4,0.3,16.9
7676,14031,12610,1.312,0.362,10.9
7677,14045,9940,3.0,0.0,13.0
7678,14047,14044,2.0,0.0,14.3
7679,14057,14276,1.167,0.167,14.1
7680,14069,14066,2.0,0.667,13.9
7681,14071,14068,4.25,0.25,31.4
7682,14073,14070,3.333,0.333,27.9
7683,14075,14072,2.0,0.0,14.3
7684,14077,14074,4.0,0.0,25.1
7685,14079,14076,1.5,0.5,10.5
7686,14091,35510,2.0,0.0,9.2
7687,14091,14086,2.0,0.0,14.4
7688,14117,35556,2.0,0.0,4.7
7689,14119,24514,2.0,0.0,18.2
7690,14119,4216,1.667,0.333,21.0
7691,14123,19710,1.667,0.267,7.0
7692,14123,16,3.167,1.367,28.9
7693,14133,7074,1.5,0.286,9.0
7694,14135,14132,2.25,0.214,16.0
7695,14137,14300,1.5,0.333,10.9
7696,14139,14136,2.5,0.333,17.5
7697,14141,14138,1.667,0.267,11.0
7698,14143,14140,1.333,0.267,10.4
7699,14147,37486,2.0,0.0,10.6
7700,14149,14146,2.333,0.333,14.5
7701,14151,15598,1.5,0.5,12.6
7702,14159,334,1.089,0.083,13.6
7703,14161,14158,1.109,0.099,13.6
7704,14173,14170,2.0,0.0,19.7
7705,14179,14216,1.4,0.3,16.6
7706,14183,14180,1.125,0.125,14.9
7707,14189,14208,2.0,0.0,13.6
7708,14191,14188,1.5,0.5,13.1
7709,14209,14206,2.0,0.0,14.7
7710,14215,27710,1.8,0.2,11.2
7711,14219,30230,3.667,21.333,3.5
7712,14253,35726,3.0,0.0,4.7
7713,14257,14254,1.182,0.164,18.4
7714,14261,14258,1.615,0.256,17.4
7715,14263,14260,1.1,0.1,9.4
7716,14265,26074,1.412,0.257,8.4
7717,14289,34310,3.0,0.0,14.3
7718,14301,14298,1.333,0.333,11.2
7719,14301,4228,4.0,0.0,3.0
7720,14303,9922,4.6,0.267,37.8
7721,14303,9916,11.5,84.5,10.7
7722,14305,14302,2.917,0.083,17.8
7723,14307,14304,1.385,0.256,10.4
7724,14309,14306,1.417,0.265,10.4
7725,14311,14308,2.222,0.444,14.4
7726,14313,14310,1.333,0.25,10.4
7727,14337,41926,3.0,0.0,11.9
7728,14353,11320,2.0,0.0,14.1
7729,14383,39192,5.0,0.0,21.1
7730,14385,31462,2.75,0.25,13.5
7731,14385,14382,3.0,0.0,15.9
7732,14387,14384,2.5,0.333,12.6
7733,14389,14386,2.75,0.917,12.6
7734,14389,35894,2.0,0.0,4.7
7735,14391,14388,3.25,0.25,14.4
7736,14393,14390,2.5,0.333,12.5
7737,14395,14392,2.5,0.333,12.7
7738,14405,30596,1.812,0.162,26.0
7739,14427,9876,3.0,0.0,14.4
7740,14431,14428,2.0,0.0,10.4
7741,14433,33872,1.333,0.235,17.8
7742,14437,38812,2.0,0.0,16.5
7743,14437,5724,2.0,0.0,18.5
7744,14469,26332,2.0,0.0,16.5
7745,14471,14468,1.25,0.25,10.4
7746,14487,14484,1.5,0.5,13.8
7747,14533,38270,2.4,0.3,14.7
7748,14535,14532,1.333,0.333,5.1
7749,14537,10850,3.0,0.0,15.5
7750,14553,2684,1.5,0.5,10.0
7751,14553,14550,2.0,0.0,15.3
7752,14555,14116,3.0,0.0,10.9
7753,14559,14556,5.0,0.0,10.1
7754,14561,26996,2.0,0.0,14.9
7755,14593,14590,3.375,0.268,25.3
7756,14599,28116,2.0,0.0,8.8
7757,14623,36172,6.0,0.0,14.9
7758,14665,10054,2.0,0.0,11.9
7759,14669,36232,2.0,0.0,9.0
7760,14699,28796,2.0,0.0,8.2
7761,14699,8190,3.0,0.0,14.9
7762,14701,14698,2.5,0.5,14.4
7763,14703,14700,2.0,0.0,13.9
7764,14705,14702,2.0,0.0,14.5
7765,14709,14142,2.0,0.0,10.1
7766,14711,14708,2.0,0.0,11.8
7767,14721,14142,1.8,0.2,15.2
7768,14725,14722,1.8,0.2,14.6
7769,14727,14724,1.8,0.2,14.6
7770,14729,14726,1.6,0.3,10.5
7771,14831,14828,2.0,0.0,13.8
7772,14835,5314,2.0,0.0,15.3
7773,14837,14834,2.0,0.0,17.9
7774,14843,26338,2.0,0.0,7.7
7775,14869,12538,1.2,0.2,9.0
7776,14873,11460,1.333,0.333,5.0
7777,14881,14878,1.5,0.5,5.1
7778,14893,14558,4.0,0.0,8.2
7779,14907,14950,1.062,0.062,15.7
7780,14911,11984,2.65,0.239,45.6
7781,14927,7244,9.0,0.0,10.7
7782,14929,14926,3.0,0.0,14.2
7783,14935,36538,3.0,0.0,14.9
7784,14961,14958,1.5,0.5,22.3
7785,14973,8442,3.0,0.0,20.8
7786,14975,14972,2.333,0.333,17.6
7787,15005,26546,3.0,0.0,11.6
7788,15007,15004,2.0,0.0,16.0
7789,15199,15364,2.0,0.0,12.6
7790,15201,15198,3.0,0.0,13.7
7791,15215,1206,8.0,0.0,14.2
7792,15217,15214,5.0,0.0,9.0
7793,15219,15216,8.0,0.0,14.4
7794,15225,41720,2.8,0.7,22.8
7795,15225,13540,3.15,0.555,39.5
7796,15227,15228,1.577,0.254,26.5
7797,15233,10604,1.474,0.364,14.8
7798,15235,15232,1.036,0.036,8.0
7799,15259,33934,2.0,0.0,8.6
7800,15263,36890,2.5,0.5,14.2
7801,15271,36904,3.0,0.0,14.4
7802,15273,15262,2.0,0.0,9.2
7803,15273,15270,2.0,0.0,14.3
7804,15273,36898,2.0,0.0,4.6
7805,15285,36892,2.0,0.0,9.0
7806,15293,36900,2.0,0.0,14.4
7807,15377,8864,2.0,0.0,19.3
7808,15389,37070,3.0,0.0,14.2
7809,15421,15400,2.0,0.0,14.2
7810,15423,15420,2.0,0.0,14.5
7811,15425,15422,2.0,0.0,14.5
7812,15427,15424,2.0,0.0,14.4
7813,15429,15426,3.0,0.0,14.4
7814,15431,15428,2.0,0.0,8.9
7815,15459,26106,2.333,0.333,12.6
7816,15483,14150,2.0,0.0,20.9
7817,15487,9996,2.0,1.0,8.7
7818,15487,27616,3.5,0.333,34.5
7819,15487,30830,5.04,0.54,23.5
7820,15489,15486,3.031,15.58,16.1
7821,15491,15488,1.24,1.023,9.2
7822,15493,17300,2.667,0.333,14.0
7823,15497,7582,1.692,0.231,14.8
7824,15499,628,3.562,1.196,19.0
7825,15501,15498,1.786,0.181,6.9
7826,15503,15500,2.667,0.333,14.3
7827,15505,15502,3.0,0.0,15.5
7828,15507,15504,4.0,0.0,16.8
7829,15513,13916,4.0,0.0,23.5
7830,15513,17244,6.25,0.5,63.2
7831,15513,27608,9.0,0.0,64.4
7832,15515,15512,1.2,0.4,10.4
7833,15517,15514,1.5,0.5,14.3
7834,15525,29072,3.0,0.286,20.8
7835,15525,8494,9.0,166.0,3.6
7836,15541,15538,1.5,0.5,10.2
7837,15543,32936,1.5,0.5,10.6
7838,15559,15556,2.0,0.0,10.4
7839,15595,15592,1.667,0.333,9.6
7840,15601,1592,2.0,0.0,18.0
7841,15649,34826,2.0,0.0,9.1
7842,15653,15650,4.0,0.0,14.5
7843,15659,15632,2.0,0.0,9.0
7844,15663,9000,3.0,0.0,14.2
7845,15665,15662,3.0,0.0,14.4
7846,15667,15664,4.0,0.0,14.4
7847,15669,15666,3.0,0.0,14.4
7848,15673,34834,2.0,0.0,9.0
7849,15675,15676,2.0,0.0,9.0
7850,15677,9464,15.0,0.0,14.3
7851,15693,19598,3.0,2.0,14.7
7852,15695,15692,2.5,0.5,15.3
7853,15695,622,9.0,0.0,15.0
7854,15711,15712,1.586,4.894,8.4
7855,15713,11498,4.389,149.844,23.7
7856,15713,10222,89.0,0.0,2.3
7857,15715,15710,2.378,11.408,12.9
7858,15723,11854,3.5,0.5,29.3
7859,15737,15734,1.154,0.141,8.3
7860,15743,33516,5.0,16.0,4.2
7861,15747,12396,3.154,0.808,25.1
7862,15749,14870,1.667,0.333,13.1
7863,15753,15754,7.111,322.611,8.4
7864,15755,10596,2.0,0.857,20.0
7865,15801,13610,2.0,0.0,9.6
7866,15833,40204,2.333,0.333,16.4
7867,15835,15852,3.5,0.5,14.8
7868,15837,16040,2.0,0.0,9.1
7869,15837,15834,3.0,0.0,14.9
7870,15839,15832,2.667,0.333,13.7
7871,15841,15838,3.5,0.5,14.6
7872,15843,15840,3.5,0.5,14.5
7873,15845,15842,3.0,0.0,15.4
7874,15851,24858,2.0,0.0,9.1
7875,15853,15850,2.5,0.5,14.8
7876,15867,15864,2.0,0.0,13.3
7877,15869,15880,3.0,0.0,24.0
7878,15869,37606,2.0,0.0,4.7
7879,15873,15870,2.0,0.0,14.3
7880,15875,15872,2.0,0.0,14.7
7881,15875,2754,2.0,0.0,14.5
7882,15877,8368,1.5,0.5,9.5
7883,15877,15874,2.0,0.0,14.0
7884,15879,15876,2.0,0.0,16.0
7885,15881,15878,5.5,0.333,40.7
7886,15891,37628,2.0,0.0,4.7
7887,15899,15234,3.0,0.5,28.0
7888,15899,8076,3.0,0.0,39.8
7889,15905,15234,2.697,0.405,29.5
7890,15905,8076,11.5,97.1,2.3
7891,15907,15916,2.25,0.25,11.9
7892,15911,15908,1.25,0.25,9.4
7893,15913,15910,2.0,0.667,15.3
7894,15945,16066,3.421,0.591,36.1
7895,15945,32996,14.091,281.691,10.1
7896,15947,32120,4.0,0.0,16.9
7897,15947,738,2.938,0.462,27.8
7898,15957,19038,1.25,0.25,8.7
7899,15971,1046,2.0,0.0,9.0
7900,16017,37794,2.0,0.0,4.7
7901,16041,37818,2.0,0.0,4.7
7902,16051,37828,2.0,0.0,4.7
7903,16063,4540,2.0,0.0,7.5
7904,16065,16062,7.0,0.0,13.3
7905,16067,2560,1.158,0.14,13.1
7906,16077,16074,1.105,0.099,20.3
7907,16225,16222,1.333,0.333,14.0
7908,16227,16224,1.333,0.333,14.3
7909,16237,5222,5.0,0.0,31.1
7910,16243,16240,2.0,0.0,10.6
7911,16247,16244,2.0,0.0,10.4
7912,16249,16246,3.0,0.0,21.8
7913,16251,16248,2.0,0.0,8.0
7914,16275,10088,1.059,0.059,13.0
7915,16345,14182,1.125,0.125,15.5
7916,16347,16344,1.625,0.268,19.6
7917,16349,16346,1.222,0.194,16.7
7918,16379,23722,3.0,0.0,16.3
7919,16381,32254,2.0,0.0,9.0
7920,16383,32132,1.25,0.25,9.4
7921,16385,16382,1.5,0.333,10.3
7922,16389,5984,1.8,0.2,14.5
7923,16395,24864,2.333,0.333,22.1
7924,16395,5610,2.091,0.182,32.8
7925,16397,38242,1.667,0.333,4.7
7926,16419,36062,2.0,0.0,14.8
7927,16429,15600,2.0,0.0,9.0
7928,16433,7464,15.5,220.5,28.2
7929,16445,15768,2.0,0.0,8.4
7930,16511,30956,2.0,0.0,11.6
7931,16523,7596,1.9,11.128,8.0
7932,16525,32300,16.027,1232.471,31.9
7933,16533,25306,2.0,0.0,7.6
7934,16535,16532,1.5,0.5,5.0
7935,16567,11404,1.333,0.333,9.1
7936,16591,32068,2.0,0.0,14.2
7937,16635,1836,2.0,0.0,9.4
7938,16651,8494,3.0,0.0,14.2
7939,16687,16684,4.0,0.0,33.3
7940,16689,16686,2.0,0.0,14.9
7941,16693,16690,2.125,0.125,14.6
7942,16697,16694,1.625,0.268,14.3
7943,16697,8276,8.5,112.5,3.0
7944,16705,16702,1.091,0.091,13.7
7945,16759,16816,3.0,0.0,14.2
7946,16761,16758,3.0,0.0,14.4
7947,16763,16760,3.0,0.0,14.4
7948,16813,31016,2.0,0.0,11.1
7949,16815,16812,3.0,0.0,13.6
7950,16821,38716,2.0,0.0,8.6
7951,16859,12774,3.0,0.0,14.4
7952,16901,38800,1.304,0.312,14.4
7953,16909,16906,2.0,0.0,13.2
7954,16909,38818,3.0,0.0,14.8
7955,16927,15972,3.529,0.515,33.2
7956,16927,15970,2.5,0.5,12.1
7957,16945,12160,2.385,0.246,29.6
7958,16947,2846,1.692,0.382,20.0
7959,16957,16954,1.625,0.554,19.6
7960,16959,16956,1.2,0.178,13.4
7961,16959,25228,8.0,0.0,4.1
7962,16961,16958,1.182,0.164,13.2
7963,16973,17290,3.0,0.667,18.6
7964,16981,39820,3.0,0.0,20.9
7965,16987,5142,5.455,73.673,15.9
7966,16991,23734,3.0,0.0,9.7
7967,16991,22578,4.0,0.0,20.7
7968,16993,17016,2.0,0.0,14.3
7969,16999,16996,4.0,0.0,22.9
7970,17003,8746,2.0,0.0,4.8
7971,17015,2600,1.667,0.333,14.8
7972,17031,26386,2.0,0.0,11.4
7973,17041,21364,2.941,0.809,34.6
7974,17043,17040,1.412,0.382,17.5
7975,17129,17140,3.0,0.0,14.7
7976,17177,25014,52.0,0.0,2.6
7977,17179,24972,2.0,0.0,8.8
7978,17187,17188,4.6,64.8,8.4
7979,17189,39182,2.0,0.0,11.8
7980,17189,39172,4.0,0.0,18.0
7981,17195,30740,5.0,0.0,30.6
7982,17201,4496,1.357,0.238,21.2
7983,17211,38064,4.0,0.0,14.4
7984,17213,5524,2.0,0.0,14.3
7985,17233,18268,1.688,0.222,22.1
7986,17235,17232,1.536,0.258,7.6
7987,17235,5912,2.5,0.5,18.6
7988,17237,17234,1.538,0.436,13.1
7989,17237,5036,11.0,200.0,3.7
7990,17239,17236,1.4,0.4,13.4
7991,17243,17240,1.133,0.124,13.4
7992,17257,2922,3.5,1.667,23.4
7993,17257,23994,2.0,0.0,6.3
7994,17263,2974,2.0,0.0,12.4
7995,17265,11856,1.9,0.231,28.0
7996,17267,17268,1.15,0.134,16.3
7997,17271,17272,4.25,36.205,3.0
7998,17273,4490,2.217,0.36,24.4
7999,17275,5884,3.0,0.0,14.0
8000,17289,39328,1.077,0.077,4.1
8001,17291,17288,2.259,0.199,16.7
8002,17293,19142,1.882,0.485,21.9
8003,17297,28604,3.0,0.0,14.0
8004,17311,17318,1.75,0.25,9.5
8005,17313,17310,1.75,0.25,6.7
8006,17345,39406,2.5,0.5,13.7
8007,17345,39400,2.0,0.0,6.2
8008,17411,138,2.0,0.0,8.2
8009,17413,17410,2.0,0.0,9.1
8010,17415,17412,2.0,0.0,10.1
8011,17449,7316,2.0,0.0,7.6
8012,17517,29272,2.0,0.0,11.8
8013,17551,17548,2.0,0.0,13.3
8014,17567,28370,2.0,0.0,7.8
8015,17593,10072,3.0,0.0,12.8
8016,17603,10070,2.5,0.5,12.6
8017,17645,21922,2.0,0.0,13.9
8018,17715,38940,3.0,0.0,19.2
8019,17717,17714,3.0,0.0,19.3
8020,17719,17716,2.0,0.0,15.1
8021,17761,8760,2.0,0.0,12.7
8022,17765,27172,2.0,0.0,11.7
8023,17777,17774,3.0,0.0,13.8
8024,17777,39884,1.5,0.5,4.7
8025,17779,17776,3.0,0.0,14.2
8026,17781,17776,4.0,0.0,14.3
8027,17785,28054,2.0,0.0,7.0
8028,17787,29588,2.0,0.0,9.2
8029,17805,7756,2.0,0.0,8.0
8030,17821,39928,2.0,0.0,4.7
8031,17839,33392,4.0,0.0,17.4
8032,17849,15226,3.0,0.0,15.2
8033,17857,25868,2.0,0.0,8.5
8034,17859,17856,4.0,0.0,14.7
8035,17861,17858,3.0,0.0,13.8
8036,17885,592,1.158,0.137,22.8
8037,17961,26912,2.0,0.0,7.5
8038,17969,17966,2.0,0.0,5.0
8039,17971,17968,4.0,0.0,12.1
8040,17983,22280,2.0,0.0,12.6
8041,18011,264,5.857,31.81,18.7
8042,18021,18016,1.111,0.111,13.2
8043,18023,12282,3.0,0.0,20.6
8044,18025,40718,2.0,0.0,8.0
8045,18027,12024,4.143,104.929,6.7
8046,18033,15370,4.0,1.0,24.8
8047,18045,20836,5.0,2.0,28.1
8048,18047,18048,7.682,716.513,8.2
8049,18049,12012,4.381,0.548,48.0
8050,18049,20982,1.333,0.333,8.9
8051,18051,35532,1.222,0.194,5.5
8052,18051,12016,4.294,0.721,46.1
8053,18151,11854,4.0,0.0,17.8
8054,18267,10764,1.129,0.116,13.9
8055,18269,18266,1.065,0.062,13.4
8056,18325,40510,2.0,0.0,9.2
8057,18359,40552,2.0,0.0,11.8
8058,18363,18360,2.0,0.0,11.9
8059,18423,34366,2.0,0.0,14.0
8060,18445,10708,3.0,0.0,15.1
8061,18451,1254,4.0,0.0,16.3
8062,18479,40792,4.533,0.671,46.8
8063,18483,18480,1.321,2.893,11.2
8064,18487,18482,2.033,0.585,21.9
8065,18507,8768,2.0,0.0,12.0
8066,18509,18506,3.0,0.0,13.4
8067,18511,18508,3.0,0.0,14.4
8068,18591,28100,3.0,0.0,12.8
8069,18593,36300,2.0,0.0,9.8
8070,18633,632,1.5,0.333,14.6
8071,18645,26422,2.0,0.0,7.6
8072,18647,18644,5.0,0.0,14.4
8073,18649,18646,3.0,0.0,14.4
8074,18727,18730,2.0,0.0,9.0
8075,18741,18726,2.0,0.0,9.0
8076,18787,41008,3.0,0.0,13.6
8077,18807,18786,2.0,0.0,11.0
8078,18829,36272,2.0,0.0,13.4
8079,18857,39548,3.0,0.0,12.2
8080,18869,17760,2.0,0.0,9.1
8081,18881,41104,4.0,0.0,15.7
8082,18887,41094,3.0,0.0,10.7
8083,18889,18886,3.0,0.0,15.4
8084,18891,18888,3.0,0.0,15.2
8085,18945,7846,3.0,0.0,14.2
8086,18947,18944,3.0,0.0,14.4
8087,18961,7968,2.0,0.0,12.8
8088,18965,32886,2.0,0.0,7.6
8089,19013,9492,1.5,0.333,10.4
8090,19015,31220,2.0,0.0,6.7
8091,19021,12634,2.0,0.0,8.8
8092,19023,19020,1.5,0.5,10.4
8093,19025,19022,2.0,0.0,10.1
8094,19027,19024,2.0,0.0,12.5
8095,19029,19026,1.5,0.5,14.1
8096,19035,19032,2.0,0.0,13.1
8097,19039,11118,2.5,0.3,20.9
8098,19045,2484,2.0,0.0,15.2
8099,19057,11124,2.0,0.0,19.9
8100,19081,14430,2.0,0.0,10.6
8101,19115,19106,2.0,0.0,14.8
8102,19119,19114,3.0,0.0,14.6
8103,19143,19144,1.588,0.257,19.4
8104,19155,41384,2.0,0.0,9.0
8105,19157,19154,3.0,0.0,14.4
8106,19167,15936,1.3,0.233,13.6
8107,19169,19166,1.2,0.178,13.1
8108,19171,19168,1.2,0.178,12.3
8109,19173,19170,1.2,0.178,11.8
8110,19175,19172,1.1,0.1,13.4
8111,19199,11774,2.0,0.0,14.4
8112,19223,30516,3.0,0.0,14.2
8113,19229,41488,2.0,0.0,9.1
8114,19231,9766,2.0,0.0,14.2
8115,19241,19336,4.0,0.0,14.2
8116,19253,19228,2.0,0.0,12.4
8117,19257,9772,2.0,0.0,9.2
8118,19261,19270,2.0,0.0,8.0
8119,19269,7656,4.0,2.0,26.9
8120,19271,19268,1.25,0.25,11.1
8121,19273,19270,1.667,0.333,9.5
8122,19275,11398,3.5,0.5,15.9
8123,19277,19274,2.0,0.0,11.3
8124,19279,19276,3.0,0.0,13.4
8125,19285,17264,2.3,0.747,28.7
8126,19285,20318,8.5,40.5,16.2
8127,19287,19284,1.083,0.083,8.2
8128,19313,19330,4.0,0.0,18.6
8129,19329,19326,2.0,0.0,7.6
8130,19331,8062,3.0,0.0,21.1
8131,19337,19334,3.0,0.0,14.4
8132,19345,5728,1.857,0.132,22.3
8133,19407,19424,2.0,0.0,11.2
8134,19409,19406,2.0,0.0,15.6
8135,19425,19422,2.0,0.0,11.4
8136,19439,37228,1.444,0.278,6.8
8137,19439,12782,3.625,0.554,33.4
8138,19439,35692,11.333,101.333,8.7
8139,19441,19458,1.071,0.071,13.6
8140,19445,19442,1.571,0.571,13.7
8141,19447,19444,1.25,0.214,8.0
8142,19449,19438,1.125,0.117,7.1
8143,19451,19448,1.2,0.178,5.1
8144,19455,19452,1.895,0.099,24.2
8145,19457,19454,1.75,0.2,22.5
8146,19459,19456,1.133,0.124,14.3
8147,19469,546,2.0,0.0,10.5
8148,19473,19470,2.0,0.0,12.9
8149,19477,41754,3.0,0.0,12.7
8150,19485,4534,2.0,0.0,9.0
8151,19491,41754,2.5,0.333,12.8
8152,19493,19490,3.5,0.5,17.2
8153,19495,41750,3.0,0.0,13.5
8154,19515,34264,3.0,0.0,14.6
8155,19535,32144,1.667,0.333,13.6
8156,19537,14252,2.0,0.0,11.2
8157,19539,37054,2.0,0.0,18.5
8158,19539,19536,2.0,0.0,12.8
8159,19555,31034,1.826,0.968,14.3
8160,19555,7896,3.0,12.0,22.1
8161,19557,41850,14.3,206.9,5.7
8162,19565,41532,2.0,0.0,7.8
8163,19569,36854,2.0,0.0,12.0
8164,19573,9208,1.667,0.333,12.6
8165,19573,11012,2.0,0.0,17.6
8166,19593,19594,1.143,0.132,16.3
8167,19595,35560,3.625,0.554,29.6
8168,19595,19710,12.5,319.5,8.5
8169,19597,15668,2.0,0.0,9.1
8170,19599,19600,3.0,0.0,14.4
8171,19601,15646,2.0,0.0,9.2
8172,19601,24,2.0,0.0,4.7
8173,19615,42,5.0,0.0,29.4
8174,19619,19620,3.0,0.0,26.7
8175,19625,12756,1.091,0.091,8.3
8176,19655,19256,3.0,0.0,14.2
8177,19657,9762,4.0,0.0,14.2
8178,19669,2064,3.0,0.0,9.7
8179,19677,25856,3.0,0.467,23.9
8180,19679,2916,1.889,0.111,10.2
8181,19679,20258,2.289,0.86,22.9
8182,19681,25896,11.091,20.335,54.3
8183,19683,25896,6.5,0.3,34.3
8184,19685,25856,4.833,0.618,49.1
8185,19687,19690,1.535,0.338,16.0
8186,19689,19696,3.405,0.692,35.4
8187,19691,19688,5.649,140.012,12.9
8188,19691,19680,2.606,30.121,13.5
8189,19693,19696,7.273,1.418,47.5
8190,19697,12238,2.729,0.329,32.7
8191,19707,19708,1.357,0.555,7.7
8192,19709,25858,3.933,0.638,17.6
8193,19709,25818,4.0,2.0,28.0
8194,19713,26200,1.444,0.278,18.7
8195,19717,35774,1.095,0.09,13.2
8196,19719,19720,1.182,0.164,14.1
8197,19721,19722,1.091,0.091,11.0
8198,19723,19724,2.182,0.164,11.7
8199,19725,19726,1.667,0.242,14.7
8200,19731,25408,2.167,0.152,26.5
8201,19743,142,2.0,0.0,4.7
8202,19747,19748,1.667,0.333,15.1
8203,19749,35846,1.667,0.333,9.4
8204,19761,22700,3.5,0.5,15.6
8205,19769,21920,3.0,0.0,10.3
8206,19801,19700,4.0,0.0,27.8
8207,19815,25586,3.4,0.257,40.0
8208,19819,5014,2.056,0.054,19.1
8209,19821,204,1.5,0.5,4.7
8210,19829,1602,1.5,0.5,7.0
8211,19831,36296,2.0,0.0,9.8
8212,19843,19844,1.381,0.348,9.3
8213,19845,34634,1.348,0.419,9.5
8214,19861,230,1.5,0.5,4.7
8215,19867,19868,3.0,0.0,15.3
8216,19869,19884,3.0,0.0,14.1
8217,19889,34460,2.0,0.0,28.1
8218,19901,40170,1.727,0.218,18.8
8219,19971,28572,2.653,0.565,28.9
8220,19973,19974,1.14,0.164,9.8
8221,19975,35616,1.458,0.528,13.6
8222,19977,31532,5.731,2.285,45.9
8223,19989,19990,1.5,0.5,11.6
8224,19991,19992,2.0,0.0,16.1
8225,19993,19994,2.0,0.0,12.2
8226,20015,9180,2.0,0.0,7.6
8227,20033,392,2.0,0.0,4.7
8228,20105,3462,2.0,0.0,15.0
8229,20107,20108,4.0,0.0,15.7
8230,20109,22232,4.0,0.0,17.9
8231,20121,476,2.0,0.0,6.2
8232,20147,730,1.4,0.3,6.5
8233,20151,13448,3.5,0.5,22.3
8234,20157,22960,1.091,0.087,12.3
8235,20171,1022,4.0,0.0,16.6
8236,20199,20200,3.0,0.0,16.2
8237,20203,41728,2.0,0.0,10.7
8238,20209,19486,2.0,0.0,10.8
8239,20213,20170,3.0,0.0,14.3
8240,20229,32476,2.0,0.0,13.4
8241,20231,19044,3.0,0.0,16.4
8242,20255,20256,5.038,92.278,8.2
8243,20257,25824,5.0,18.25,28.6
8244,20259,20260,2.966,34.606,8.2
8245,20261,25818,3.385,0.806,34.4
8246,20261,25792,11.294,244.846,10.8
8247,20263,40026,1.207,0.17,22.6
8248,20275,20276,2.25,2.5,9.8
8249,20277,39454,1.5,0.286,9.3
8250,20279,40014,1.667,1.333,6.9
8251,20313,20314,1.4,0.3,15.4
8252,20317,40848,1.5,0.333,14.4
8253,20325,36862,1.889,0.111,8.1
8254,20327,640,2.0,0.0,4.7
8255,20329,648,2.0,0.0,10.2
8256,20343,20344,2.75,0.25,14.4
8257,20345,20346,3.2,0.2,14.4
8258,20347,20324,3.333,0.25,14.5
8259,20351,20352,3.0,0.0,15.7
8260,20351,20328,3.0,0.0,16.1
8261,20353,20346,2.0,0.0,9.0
8262,20355,33820,2.0,0.0,9.3
8263,20397,716,2.0,0.0,4.7
8264,20409,20410,3.0,0.0,14.4
8265,20411,20412,2.0,0.0,7.0
8266,20413,502,2.0,0.0,11.3
8267,20421,37714,2.421,0.813,24.9
8268,20421,32120,3.083,9.356,10.9
8269,20423,22538,4.0,2.0,17.8
8270,20423,20424,2.611,1.193,23.2
8271,20423,20428,3.692,13.731,11.9
8272,20427,27378,1.8,0.7,20.4
8273,20427,32770,10.714,161.758,20.6
8274,20433,24598,4.0,0.667,16.1
8275,20439,19714,1.045,0.045,12.7
8276,20439,35410,1.409,0.387,17.7
8277,20443,4974,3.0,0.0,35.0
8278,20445,37006,2.094,0.475,14.1
8279,20447,17250,1.333,0.235,20.0
8280,20449,35412,2.167,0.928,15.5
8281,20451,20452,1.3,0.217,14.5
8282,20453,31780,1.3,0.286,14.1
8283,20455,37010,2.312,0.609,11.9
8284,20457,20458,1.136,0.123,8.4
8285,20459,20460,1.656,0.684,14.9
8286,20463,20464,1.867,0.189,25.8
8287,20467,25412,4.684,4.339,41.1
8288,20467,25392,10.0,33.5,27.5
8289,20469,20470,4.0,0.0,14.4
8290,20471,20472,3.0,0.0,14.4
8291,20473,20474,3.0,0.0,14.4
8292,20475,20476,3.0,0.0,14.4
8293,20477,20478,4.0,0.0,14.4
8294,20479,20570,3.0,0.0,14.2
8295,20499,20608,4.0,0.0,14.2
8296,20533,20538,3.0,0.0,14.4
8297,20557,20468,3.0,0.0,11.3
8298,20557,20532,2.5,0.5,10.4
8299,20563,35494,2.0,0.0,9.0
8300,20569,31370,2.0,0.0,14.2
8301,20571,20498,2.0,0.0,9.0
8302,20609,20552,2.0,0.0,9.0
8303,20623,31366,2.0,0.0,14.2
8304,20649,20650,2.0,0.0,14.4
8305,20651,20562,2.0,0.0,9.1
8306,20655,24602,1.333,0.25,6.1
8307,20655,20656,2.286,0.238,17.5
8308,20657,20658,2.429,0.286,18.8
8309,20659,19532,1.667,0.333,9.1
8310,20659,24388,2.0,0.0,13.7
8311,20689,20690,2.5,0.5,10.8
8312,20691,20692,3.0,0.0,14.4
8313,20693,24364,3.0,0.0,14.2
8314,20727,20728,3.0,0.0,14.5
8315,20729,962,2.0,0.0,9.0
8316,20743,20796,2.0,0.0,10.1
8317,20761,1018,4.0,0.0,14.9
8318,20773,20726,3.0,0.0,14.4
8319,20797,20770,2.0,0.0,9.1
8320,20837,20838,1.056,0.056,13.3
8321,20841,20846,4.0,0.0,15.5
8322,20847,20866,2.0,0.0,9.0
8323,20867,20876,2.0,0.0,9.6
8324,20885,1058,4.0,0.0,14.7
8325,20895,20916,3.2,0.622,14.4
8326,20897,20898,3.333,1.333,14.9
8327,20899,20900,2.667,0.333,14.9
8328,20901,20902,3.5,0.5,15.5
8329,20903,20904,3.5,0.5,15.5
8330,20905,20906,3.0,0.0,14.4
8331,20905,1114,2.0,0.0,4.7
8332,20907,20908,3.0,0.0,14.4
8333,20917,20938,3.1,0.1,14.4
8334,20927,20928,4.0,0.0,14.4
8335,20929,20930,3.0,0.0,14.4
8336,20931,20932,3.0,0.0,14.4
8337,20933,20934,2.5,0.5,14.4
8338,20935,20936,2.0,0.0,14.4
8339,20937,20940,2.5,0.5,13.5
8340,20939,20942,3.1,0.322,14.4
8341,20941,1160,1.5,0.5,8.0
8342,20943,20944,3.2,0.4,14.4
8343,20945,20946,3.25,0.5,14.4
8344,20947,20948,3.0,0.286,14.4
8345,20949,24760,2.0,0.0,9.4
8346,20949,20950,2.833,0.167,14.0
8347,20951,20952,3.0,1.0,14.0
8348,20951,1150,3.0,1.0,13.3
8349,20953,20896,3.0,1.0,14.8
8350,20981,40214,3.8,1.2,29.7
8351,20981,12012,2.5,0.5,13.3
8352,21015,21016,1.071,0.069,11.5
8353,21025,21026,7.0,0.0,14.3
8354,21027,21010,3.5,0.5,14.7
8355,21033,40438,4.308,1.064,43.5
8356,21055,40634,4.0,0.0,16.4
8357,21079,31664,4.0,0.0,18.7
8358,21083,21084,18.579,1851.385,17.1
8359,21085,39042,2.5,0.527,26.4
8360,21093,21094,2.0,0.0,9.6
8361,21095,21096,2.0,0.0,11.8
8362,21097,21098,3.0,0.0,17.1
8363,21101,21102,2.0,0.0,5.3
8364,21103,1292,2.0,0.0,4.7
8365,21107,21092,4.0,0.0,23.1
8366,21109,21104,2.0,0.0,9.1
8367,21145,21146,3.0,0.0,14.6
8368,21145,1332,2.0,0.0,4.7
8369,21161,40004,1.2,0.171,10.6
8370,21173,4984,2.0,0.0,17.8
8371,21185,21234,2.0,0.0,9.0
8372,21213,21214,1.667,0.333,8.0
8373,21215,21216,2.333,1.333,10.0
8374,21217,21218,2.0,0.0,7.8
8375,21217,21566,1.5,0.5,7.4
8376,21219,21220,3.0,0.0,11.3
8377,21233,1406,2.0,0.0,4.7
8378,21237,21376,3.0,0.0,14.8
8379,21239,21236,3.0,0.0,14.1
8380,21243,13540,3.0,0.4,23.0
8381,21243,36846,4.833,0.967,38.9
8382,21247,21248,2.0,0.0,11.2
8383,21249,38272,2.0,0.0,8.8
8384,21251,21252,2.0,0.0,14.4
8385,21259,21260,2.516,0.258,22.3
8386,21259,19080,11.0,0.0,6.3
8387,21261,21262,1.226,0.181,14.8
8388,21265,21010,2.2,0.51,22.6
8389,21265,32048,13.0,0.0,6.1
8390,21269,21270,1.031,0.031,9.4
8391,21275,27802,1.243,0.189,13.4
8392,21289,21290,6.0,0.0,14.4
8393,21289,1458,2.0,0.0,4.7
8394,21301,22574,2.0,0.0,10.1
8395,21301,21302,5.5,4.5,23.6
8396,21301,18482,4.0,0.0,24.8
8397,21341,1512,2.0,0.0,4.7
8398,21351,32790,1.5,0.5,8.1
8399,21365,41906,2.0,0.0,31.6
8400,21365,21366,3.25,7.0,32.8
8401,21367,5018,6.5,9.667,34.8
8402,21367,25412,4.75,2.75,34.6
8403,21379,31832,3.0,0.0,15.0
8404,21405,21406,3.0,0.0,13.4
8405,21417,1572,4.0,0.0,16.4
8406,21427,21404,3.0,0.0,14.5
8407,21447,21448,1.071,0.071,9.4
8408,21451,19976,3.609,53.794,14.2
8409,21453,21454,11.621,699.315,8.2
8410,21455,29930,3.154,1.015,31.7
8411,21455,32712,2.875,0.125,14.0
8412,21457,21460,1.087,0.083,10.0
8413,21459,21462,5.7,397.941,13.5
8414,21463,21464,1.586,0.323,16.7
8415,21465,32164,1.241,0.19,13.0
8416,21469,1644,2.0,0.0,10.1
8417,21473,21474,3.429,0.725,31.1
8418,21475,33406,1.267,0.21,9.8
8419,21479,26344,4.667,48.424,18.8
8420,21481,21482,2.0,0.0,8.6
8421,21487,7656,4.5,0.5,27.7
8422,21505,20438,1.296,0.293,10.6
8423,21511,21374,1.714,0.238,23.7
8424,21529,21530,3.0,0.0,27.0
8425,21531,7792,2.0,0.0,13.8
8426,21543,35466,2.0,0.0,14.8
8427,21545,21542,2.5,0.5,17.8
8428,21549,32840,2.0,0.0,7.5
8429,21553,21554,1.04,0.04,9.0
8430,21555,39472,1.04,0.04,7.0
8431,21577,21578,1.733,0.638,10.8
8432,21579,26074,1.1,0.1,8.0
8433,21629,21630,3.0,0.0,14.2
8434,21631,21640,3.0,0.0,14.0
8435,21633,21634,3.0,0.0,14.5
8436,21635,21636,3.0,0.0,14.4
8437,21639,13474,2.0,0.0,11.3
8438,21639,40802,3.0,0.0,18.3
8439,21641,21642,2.5,0.5,14.3
8440,21643,21644,2.5,0.5,13.8
8441,21645,21646,2.0,0.0,13.6
8442,21647,21676,3.0,0.0,14.1
8443,21651,21652,3.0,0.0,13.9
8444,21653,21632,3.0,0.0,14.1
8445,21801,25772,1.5,0.333,14.3
8446,21819,21820,1.2,0.2,13.9
8447,21833,38896,1.605,5.245,15.3
8448,21837,16432,5.0,0.0,22.2
8449,21849,21850,3.0,0.0,14.4
8450,21851,21852,3.0,0.0,14.4
8451,21853,21854,3.0,0.0,12.7
8452,21855,21856,2.5,0.5,12.1
8453,21857,21858,2.333,0.333,13.8
8454,21859,21862,2.667,0.333,14.4
8455,21863,21864,3.0,0.0,14.4
8456,21865,27120,2.0,0.0,9.0
8457,21865,21866,2.5,0.5,14.4
8458,21867,21868,3.0,0.0,14.4
8459,21869,19492,3.0,0.0,14.9
8460,21873,19472,2.0,0.0,9.0
8461,21923,21924,1.5,0.5,13.9
8462,21925,21926,1.5,0.5,10.5
8463,21935,33490,2.0,0.0,12.2
8464,21939,33486,1.5,0.5,9.8
8465,21953,21954,2.833,0.567,5.0
8466,21953,2060,6.0,0.0,1.4
8467,21955,21956,2.833,0.567,5.1
8468,21957,2064,2.667,0.333,4.7
8469,21961,2130,2.0,0.0,13.9
8470,21967,33590,2.333,0.333,13.8
8471,21977,21978,3.0,0.0,19.4
8472,21989,33500,2.0,0.0,7.2
8473,21995,21996,1.619,0.248,21.9
8474,21995,23754,5.0,0.0,1.9
8475,21997,33752,2.0,0.0,12.0
8476,21999,36196,3.0,0.0,19.3
8477,21999,22000,1.176,0.154,10.9
8478,22001,10166,1.722,0.33,14.8
8479,22009,33418,6.0,0.0,15.3
8480,22013,22020,3.2,0.2,24.6
8481,22017,22018,2.0,0.0,13.1
8482,22019,44,1.286,0.238,9.4
8483,22021,22018,1.4,0.3,9.5
8484,22031,22032,2.0,0.0,4.8
8485,22033,22034,3.0,0.0,6.2
8486,22035,22010,3.0,0.0,10.2
8487,22045,21968,2.0,0.0,12.1
8488,22057,22058,2.0,0.0,13.4
8489,22059,22060,2.0,0.0,12.2
8490,22061,21958,1.5,0.5,8.1
8491,22083,19618,2.0,0.0,14.4
8492,22085,22086,2.0,0.0,14.2
8493,22087,34908,1.667,0.333,11.3
8494,22089,22014,2.0,0.0,6.3
8495,22109,2122,2.0,0.0,4.7
8496,22119,21984,2.0,0.0,8.1
8497,22119,17316,3.5,0.5,17.7
8498,22129,33426,1.667,0.233,12.3
8499,22131,22116,2.0,0.0,15.5
8500,22149,22150,1.176,0.148,16.7
8501,22151,35950,2.294,0.346,34.8
8502,22151,37026,2.559,0.254,34.5
8503,22181,16624,2.5,0.3,18.1
8504,22181,23554,2.429,0.286,25.3
8505,22183,22196,1.583,0.265,19.2
8506,22185,22186,1.333,0.25,14.7
8507,22187,12792,2.0,0.0,13.4
8508,22189,22190,1.125,0.125,14.4
8509,22191,34726,4.0,0.0,40.3
8510,22191,22192,4.0,0.0,52.0
8511,22195,22198,3.333,0.333,33.4
8512,22197,25534,8.0,0.0,60.6
8513,22197,22204,5.0,0.444,62.4
8514,22199,25520,2.0,0.0,12.6
8515,22199,22200,1.5,0.5,14.4
8516,22203,39198,1.5,0.5,14.2
8517,22207,12804,2.0,0.0,11.3
8518,22207,22208,2.444,0.278,32.0
8519,22209,22184,1.111,0.111,14.2
8520,22225,22226,1.029,0.029,8.6
8521,22227,22228,1.81,0.256,21.8
8522,22229,22230,1.238,0.186,14.3
8523,22231,27754,1.317,0.622,13.8
8524,22233,20104,3.0,0.0,16.7
8525,22235,23596,1.333,0.267,7.3
8526,22257,22258,2.0,0.0,23.4
8527,22267,19812,2.0,0.0,8.6
8528,22281,22282,3.0,0.0,32.4
8529,22283,15598,3.0,0.0,15.8
8530,22293,32980,3.0,0.0,15.5
8531,22299,116,2.5,0.5,15.8
8532,22303,22298,1.5,0.5,6.6
8533,22315,2272,2.0,0.0,4.7
8534,22317,22318,2.5,0.333,14.3
8535,22319,32786,1.5,0.333,6.9
8536,22327,22320,2.0,0.0,14.3
8537,22341,22342,2.0,0.0,14.2
8538,22343,11502,4.0,2.0,34.5
8539,22367,26960,1.64,0.24,30.4
8540,22369,24710,3.261,0.292,48.8
8541,22415,22416,1.25,0.214,15.8
8542,22417,22418,1.125,0.125,13.6
8543,22419,22420,1.625,0.268,19.5
8544,22421,22422,1.25,0.214,14.5
8545,22423,22424,1.375,0.268,15.8
8546,22427,12192,1.25,0.214,16.4
8547,22431,20450,2.074,0.071,26.1
8548,22433,22434,3.333,0.333,27.1
8549,22435,22436,2.0,0.0,14.3
8550,22437,22438,1.667,0.333,15.2
8551,22439,32276,2.0,0.0,13.6
8552,22445,2396,2.276,0.421,9.4
8553,22491,22492,1.4,0.3,9.2
8554,22495,22496,2.667,0.333,21.0
8555,22495,29592,2.0,0.0,6.8
8556,22497,41896,69.333,1542.333,9.3
8557,22505,17778,2.0,0.0,7.8
8558,22507,41896,55.0,2738.0,9.4
8559,22533,22534,1.2,0.2,13.5
8560,22535,22536,2.0,0.0,30.0
8561,22537,21896,1.75,0.25,15.7
8562,22539,22540,2.0,0.0,7.9
8563,22541,10224,2.0,0.0,9.1
8564,22543,22544,3.5,0.5,13.9
8565,22545,22546,3.5,0.5,17.0
8566,22547,26734,3.5,0.5,14.5
8567,22553,41250,2.0,0.0,15.4
8568,22561,22562,7.094,164.668,14.4
8569,22563,29766,5.938,5.802,62.6
8570,22563,18018,27.0,0.0,9.7
8571,22567,22568,2.0,0.0,15.6
8572,22569,22570,3.0,0.667,23.1
8573,22577,30746,2.0,0.4,27.8
8574,22577,30738,4.844,92.523,27.2
8575,22579,22580,1.054,0.053,9.1
8576,22581,35974,2.462,0.436,25.6
8577,22581,37848,6.529,14.378,29.9
8578,22585,38894,2.698,71.638,17.2
8579,22601,22602,3.0,0.0,14.4
8580,22603,22592,2.0,0.0,9.0
8581,22635,22636,15.471,3205.14,5.9
8582,22637,22638,10.107,662.396,29.6
8583,22639,37846,10.107,669.507,13.0
8584,22663,22664,1.5,0.333,10.4
8585,22665,31098,1.25,0.25,7.8
8586,22677,38974,2.0,0.0,14.8
8587,22691,2618,3.5,0.5,17.3
8588,22701,2762,3.0,0.0,13.7
8589,22727,2642,1.667,0.333,4.7
8590,22739,2652,2.0,0.0,4.7
8591,22745,9000,3.0,0.0,9.1
8592,22763,22764,2.167,0.167,14.8
8593,22765,22766,2.0,0.4,13.4
8594,22767,22768,1.5,0.3,9.7
8595,22769,22770,1.167,0.167,8.8
8596,22771,36084,2.333,0.267,15.2
8597,22781,38472,1.5,0.5,18.0
8598,22823,15430,2.0,0.0,9.1
8599,22823,22824,12.0,0.0,52.5
8600,22863,22864,3.5,0.5,14.7
8601,22865,2618,2.0,0.0,9.0
8602,22913,22914,1.667,0.333,14.4
8603,22915,12052,2.75,0.25,23.1
8604,22923,22924,1.111,0.105,13.8
8605,22925,23076,2.933,1.067,23.6
8606,22925,28646,3.75,0.25,20.7
8607,22929,31794,1.111,0.105,14.0
8608,22933,22934,1.367,0.24,16.8
8609,22937,2858,1.812,0.162,16.6
8610,22951,14910,1.15,0.134,12.3
8611,22955,22956,1.038,0.038,6.4
8612,22957,30194,1.154,0.215,10.7
8613,22961,38852,1.864,0.219,20.1
8614,22963,35430,1.333,0.333,9.8
8615,22967,35740,2.0,1.0,11.3
8616,22979,22980,2.269,0.205,32.1
8617,22985,22986,1.048,0.048,9.7
8618,22987,25240,3.538,1.698,21.0
8619,23015,2882,2.0,0.0,9.0
8620,23037,28952,1.6,0.267,8.5
8621,23037,26198,1.878,0.41,21.5
8622,23041,23042,1.778,1.444,7.4
8623,23043,35424,1.2,0.178,9.1
8624,23045,23046,2.5,0.5,34.0
8625,23053,23054,1.111,0.111,13.2
8626,23057,20258,3.0,0.8,16.8
8627,23057,19686,5.429,0.418,23.7
8628,23063,39276,3.0,0.0,23.4
8629,23065,25380,1.75,0.25,14.3
8630,23071,22160,2.0,0.0,6.0
8631,23075,2904,2.0,0.0,21.1
8632,23077,39774,2.556,0.278,27.7
8633,23077,36878,4.0,0.4,23.6
8634,23079,23080,2.0,0.0,10.4
8635,23081,23082,2.0,0.0,14.5
8636,23085,23086,1.333,0.333,10.4
8637,23101,33176,1.474,0.374,8.9
8638,23117,26786,2.0,0.0,7.2
8639,23387,23718,2.0,0.0,12.4
8640,23403,23404,4.0,0.0,14.9
8641,23403,3246,3.0,0.0,4.7
8642,23407,2978,2.0,0.0,14.1
8643,23459,23466,4.0,0.0,16.2
8644,23495,14928,7.0,0.0,30.8
8645,23513,6140,2.0,0.0,13.8
8646,23515,6070,1.25,0.214,6.7
8647,23515,32024,2.909,0.689,32.7
8648,23515,19746,16.5,364.5,16.6
8649,23527,23528,1.75,0.25,19.8
8650,23529,3368,26.0,0.0,1.4
8651,23531,31476,2.0,0.0,8.4
8652,23531,37194,2.0,0.0,14.3
8653,23545,15190,3.0,0.0,16.5
8654,23555,3396,1.875,0.696,9.3
8655,23589,5150,1.25,0.214,8.9
8656,23591,37538,2.0,0.0,11.7
8657,23597,23598,1.333,0.267,10.5
8658,23599,23606,1.667,0.267,10.8
8659,23599,3436,2.0,0.0,4.7
8660,23603,23604,2.0,0.0,11.2
8661,23605,3442,2.0,0.0,4.7
8662,23607,23608,1.833,0.567,12.4
8663,23609,23610,1.333,0.267,10.1
8664,23611,23612,2.167,0.167,14.8
8665,23613,23614,1.667,0.267,10.6
8666,23615,23616,1.2,0.2,6.8
8667,23617,23618,2.0,0.0,9.2
8668,23617,8028,2.25,0.25,15.6
8669,23617,28634,2.0,0.0,15.3
8670,23649,3510,6.5,0.5,14.3
8671,23649,3488,2.0,0.0,4.7
8672,23665,16378,2.0,0.0,10.4
8673,23673,23386,2.0,0.0,8.4
8674,23719,23720,2.0,0.0,10.2
8675,23721,23662,2.0,0.0,8.7
8676,23723,23684,2.0,0.0,8.1
8677,23737,37704,1.459,0.255,18.8
8678,23739,12236,2.0,0.0,19.7
8679,23739,31784,3.0,0.0,26.6
8680,23741,19272,1.667,0.333,11.1
8681,23755,3548,1.333,0.333,6.3
8682,23755,23756,3.0,2.0,10.3
8683,23757,23766,3.0,0.0,9.8
8684,23757,23758,3.0,0.0,14.1
8685,23761,23768,4.0,0.0,12.1
8686,23763,23764,2.0,0.0,14.6
8687,23765,3538,5.0,0.0,11.4
8688,23767,23760,3.0,0.0,9.2
8689,23775,3558,2.0,0.0,4.7
8690,23777,9240,2.0,0.0,12.0
8691,23783,23776,3.0,0.0,14.3
8692,23799,40222,1.4,0.267,11.9
8693,23799,40220,6.667,8.75,34.3
8694,23833,23504,3.0,0.0,12.6
8695,23837,3610,2.0,0.0,4.7
8696,23847,39322,1.667,0.333,13.9
8697,23849,3618,2.0,0.0,4.7
8698,23853,11742,3.0,0.0,12.6
8699,23857,23848,2.0,0.0,14.2
8700,23875,23876,3.5,0.5,14.6
8701,23877,3644,1.5,0.5,4.8
8702,23881,26512,3.273,0.218,15.8
8703,23889,23890,3.0,0.0,14.2
8704,23891,3658,2.0,0.0,4.7
8705,23909,160,2.0,0.0,12.1
8706,23919,22690,3.0,0.0,14.0
8707,23921,23922,3.0,0.0,14.4
8708,23925,23926,2.0,0.0,8.5
8709,23927,23908,2.0,0.0,8.5
8710,23977,3746,2.0,0.0,4.7
8711,23985,3754,2.0,0.0,4.7
8712,23995,39280,2.0,0.0,12.1
8713,23995,3764,2.0,0.0,4.8
8714,24037,3806,2.0,0.0,4.7
8715,24047,24062,3.0,0.0,14.3
8716,24053,3822,2.0,0.0,4.7
8717,24063,24064,3.0,0.0,14.4
8718,24065,24066,2.0,0.0,9.0
8719,24075,26896,2.0,0.0,9.0
8720,24077,24078,3.0,0.0,10.3
8721,24079,3848,2.0,0.0,4.7
8722,24093,3860,2.0,0.0,4.7
8723,24119,25374,2.0,0.0,9.8
8724,24139,38016,3.0,0.0,15.9
8725,24145,9584,2.333,0.333,17.8
8726,24227,29884,2.0,0.0,14.4
8727,24245,22676,3.0,0.0,22.3
8728,24341,24342,1.067,0.067,5.4
8729,24343,24344,1.784,0.396,22.8
8730,24345,24346,1.222,0.178,13.6
8731,24347,24348,1.074,0.071,7.9
8732,24349,5000,1.875,0.125,11.0
8733,24349,25350,3.75,1.009,38.3
8734,24349,25322,22.0,0.0,25.8
8735,24381,24608,2.0,0.0,9.8
8736,24387,4490,2.0,0.5,11.2
8737,24399,30592,2.5,0.3,24.3
8738,24407,25308,1.727,0.208,21.3
8739,24409,24410,2.0,0.0,14.7
8740,24413,24414,2.0,0.0,15.2
8741,24415,24416,4.0,0.0,30.1
8742,24415,13956,2.0,0.0,11.2
8743,24417,24418,2.0,0.0,14.5
8744,24419,14292,2.0,0.0,14.5
8745,24421,24436,1.429,0.286,20.0
8746,24461,24462,1.286,0.22,16.8
8747,24465,24466,1.071,0.071,14.1
8748,24473,24470,2.0,0.0,13.8
8749,24499,4416,2.0,0.0,14.4
8750,24513,35558,1.5,0.3,20.5
8751,24517,19178,2.0,0.0,16.0
8752,24531,26446,2.0,0.0,14.7
8753,24537,4308,4.5,0.333,21.8
8754,24537,24600,4.5,0.5,19.9
8755,24537,4276,3.333,0.333,19.8
8756,24541,17268,2.0,0.0,16.3
8757,24545,20654,1.818,0.364,14.2
8758,24547,20654,2.0,0.0,16.2
8759,24561,24562,3.5,0.333,14.4
8760,24563,24564,3.0,0.0,13.0
8761,24565,24584,3.5,0.5,16.0
8762,24567,24568,2.5,0.5,12.4
8763,24569,24570,3.0,0.0,14.4
8764,24571,24572,3.0,0.0,14.4
8765,24573,24574,3.0,0.0,14.4
8766,24575,4308,6.0,0.0,28.0
8767,24585,4284,1.333,0.333,4.7
8768,24599,24560,3.0,0.0,14.4
8769,24601,4298,2.0,0.0,4.7
8770,24603,24604,2.111,0.111,10.4
8771,24605,24606,1.889,0.361,9.0
8772,24609,4306,1.5,0.5,4.7
8773,24647,24648,1.8,0.2,14.4
8774,24647,13012,2.0,0.0,14.2
8775,24649,24650,2.0,0.0,14.4
8776,24651,16388,3.0,0.0,23.0
8777,24661,24662,2.0,0.0,14.1
8778,24663,24646,2.0,0.0,14.1
8779,24679,24682,2.0,0.0,7.8
8780,24689,4380,2.0,0.0,4.7
8781,24697,23836,3.0,0.0,14.2
8782,24737,4444,2.0,0.0,9.1
8783,24761,24736,2.0,0.0,14.3
8784,24771,4460,2.0,0.0,4.7
8785,24795,24796,3.0,0.0,14.1
8786,24797,33198,2.0,0.0,14.3
8787,24801,39292,2.455,2.873,23.9
8788,24801,32124,5.111,57.361,6.2
8789,24805,39192,1.667,0.333,20.8
8790,24817,33898,2.2,0.2,18.2
8791,24831,24836,2.0,0.0,9.0
8792,24837,24838,3.0,0.0,14.2
8793,24839,24844,3.0,0.0,13.8
8794,24845,24850,3.0,0.0,9.0
8795,24851,17838,3.0,0.0,9.4
8796,24861,5610,2.0,0.0,11.6
8797,24907,24908,3.0,0.0,14.4
8798,24945,41948,5.269,170.045,9.2
8799,24947,39592,3.0,0.0,13.2
8800,24963,27742,3.0,0.0,19.5
8801,24965,35764,2.0,0.0,18.4
8802,24973,17180,2.0,0.0,9.1
8803,25009,25010,2.0,0.0,14.4
8804,25011,4682,2.0,0.0,4.7
8805,25015,17178,2.0,0.0,13.5
8806,25057,16510,2.0,0.0,14.8
8807,25113,25114,3.0,0.0,14.5
8808,25115,25116,3.0,0.0,14.5
8809,25117,4848,2.0,0.0,9.5
8810,25129,25072,2.0,0.0,8.8
8811,25181,25416,5.0,0.0,31.9
8812,25181,9982,4.0,2.0,30.3
8813,25197,4868,2.0,0.0,4.7
8814,25213,19560,1.918,0.243,21.7
8815,25219,25220,7.0,0.0,32.0
8816,25223,30354,3.0,0.0,9.9
8817,25241,35746,1.538,0.418,11.5
8818,25243,19290,3.0,0.0,9.0
8819,25243,25244,2.5,0.5,12.3
8820,25245,15010,2.0,0.0,6.2
8821,25245,38980,2.0,0.0,16.1
8822,25255,25256,3.5,50.0,5.1
8823,25257,33202,2.136,0.314,23.9
8824,25259,25260,1.238,0.19,14.2
8825,25291,25270,2.0,0.0,23.7
8826,25291,25318,1.5,0.5,5.8
8827,25317,12142,1.474,0.263,21.1
8828,25319,25320,2.0,0.0,28.0
8829,25321,20440,3.0,0.0,35.2
8830,25327,25254,1.391,0.34,15.3
8831,25329,25330,1.042,0.042,13.9
8832,25335,25336,1.522,0.261,17.0
8833,25337,25338,1.059,0.059,9.4
8834,25339,25340,1.167,0.147,6.8
8835,25341,25324,1.048,0.048,9.4
8836,25345,23062,1.25,0.25,9.0
8837,25349,31300,1.75,0.25,11.5
8838,25351,25352,1.209,0.169,14.2
8839,25353,25354,1.146,0.128,11.8
8840,25355,25356,1.186,0.155,14.0
8841,25357,25358,1.186,0.25,13.5
8842,25359,25942,4.4,0.971,50.1
8843,25359,31066,4.214,0.471,50.8
8844,25365,24082,3.0,0.0,18.6
8845,25365,25366,1.615,0.246,19.5
8846,25367,25392,2.0,0.0,9.6
8847,25367,38998,5.909,7.706,39.4
8848,25367,5018,22.0,0.0,13.6
8849,25367,25412,32.0,0.0,3.3
8850,25369,41938,1.167,0.145,7.0
8851,25379,25362,1.857,0.349,21.7
8852,25383,25344,1.25,0.25,10.3
8853,25387,25388,1.789,1.62,13.1
8854,25389,25390,2.778,29.007,8.3
8855,25391,25322,5.062,4.996,45.0
8856,25391,25360,7.667,17.333,23.4
8857,25393,6582,2.429,0.619,17.0
8858,25393,39002,3.533,1.41,36.6
8859,25401,25402,1.174,0.15,15.6
8860,25407,39264,2.0,0.0,19.1
8861,25409,25410,2.167,1.606,14.3
8862,25411,25412,2.0,0.0,7.2
8863,25411,25392,7.8,21.067,36.6
8864,25417,25418,1.471,0.257,18.3
8865,25421,27736,1.513,0.256,20.9
8866,25423,25424,2.0,0.0,18.9
8867,25429,25432,1.1,0.1,14.8
8868,25431,39254,1.333,0.267,9.1
8869,25431,17234,2.471,0.64,14.1
8870,25435,25436,1.7,0.456,14.5
8871,25437,25438,1.2,0.178,16.6
8872,25439,25440,2.7,0.456,35.6
8873,25443,25444,1.7,0.233,23.6
8874,25447,25430,1.188,0.296,6.4
8875,25449,32304,1.784,0.619,17.0
8876,25451,25452,34.217,3997.632,14.6
8877,25451,41890,27.714,2521.297,14.8
8878,25453,40442,1.667,0.333,13.3
8879,25453,40440,4.45,0.997,43.5
8880,25455,25456,2.0,0.0,15.0
8881,25457,25464,3.0,0.0,24.0
8882,25459,25460,1.2,0.2,12.5
8883,25463,35630,2.4,0.3,14.5
8884,25465,25466,2.0,0.0,13.6
8885,25469,25470,1.75,0.25,16.2
8886,25471,25472,1.75,0.25,12.9
8887,25473,25474,1.8,0.2,13.5
8888,25475,25476,2.0,0.0,15.8
8889,25477,25458,2.2,0.2,14.4
8890,25481,15748,3.0,0.0,21.3
8891,25483,32532,1.75,0.25,16.2
8892,25487,25488,2.0,0.0,9.6
8893,25489,146,4.0,0.0,36.9
8894,25489,32754,4.333,0.333,40.9
8895,25505,31240,2.0,0.0,10.4
8896,25515,13034,3.0,0.0,14.2
8897,25517,34740,2.0,0.0,6.4
8898,25521,34170,2.0,0.0,14.4
8899,25535,13036,3.5,0.5,14.4
8900,25545,16814,1.333,0.333,7.4
8901,25555,25556,1.043,0.043,9.4
8902,25557,32930,1.219,0.176,13.4
8903,25561,38948,19.235,1160.441,15.9
8904,25563,25564,1.5,0.5,14.5
8905,25565,22484,2.0,0.0,14.5
8906,25567,25568,1.25,0.386,9.9
8907,25569,25904,2.0,0.0,22.7
8908,25569,19814,3.923,24.41,8.4
8909,25573,25574,1.077,0.077,13.4
8910,25575,25566,1.5,0.5,2.8
8911,25585,16688,3.0,0.0,20.5
8912,25587,14394,1.25,0.25,9.4
8913,25587,25588,1.667,0.788,15.8
8914,25589,25590,1.462,0.436,10.5
8915,25591,25592,15.786,1229.566,15.2
8916,25593,25560,6.933,387.495,8.4
8917,25601,20894,8.0,0.0,1.9
8918,25609,23102,2.5,0.5,29.7
8919,25623,25624,1.25,0.25,14.4
8920,25633,25634,1.533,0.257,18.4
8921,25635,27764,1.103,0.096,14.5
8922,25655,25656,1.25,0.25,10.5
8923,25657,25658,1.5,0.333,10.4
8924,25661,5264,2.0,0.0,14.4
8925,25671,25672,1.333,0.333,10.4
8926,25673,25674,2.0,0.0,14.6
8927,25675,25676,1.5,0.5,10.4
8928,25677,25678,2.5,0.5,17.1
8929,25679,25680,1.5,0.333,10.4
8930,25681,25682,1.5,0.333,10.6
8931,25683,5242,1.75,0.25,10.0
8932,25695,30392,2.0,0.0,14.2
8933,25729,25730,2.0,0.0,16.4
8934,25733,25734,4.0,0.0,22.8
8935,25737,25738,2.0,0.0,9.6
8936,25743,25744,1.167,0.167,13.4
8937,25775,25776,1.167,0.167,13.7
8938,25779,25780,2.667,0.267,32.6
8939,25783,25784,1.167,0.167,14.0
8940,25787,25788,1.167,0.167,13.7
8941,25793,34950,1.095,0.09,13.2
8942,25803,25804,1.2,0.2,9.2
8943,25815,39034,1.333,0.267,15.0
8944,25817,38918,1.08,0.077,12.8
8945,25819,25820,2.769,45.305,8.7
8946,25821,25822,4.571,3.587,32.7
8947,25823,28744,2.0,0.0,13.3
8948,25823,18484,1.103,0.096,12.9
8949,25825,25826,3.891,55.566,11.9
8950,25827,25792,2.5,0.333,14.5
8951,25827,25858,3.477,0.72,34.5
8952,25839,25840,2.0,0.0,11.2
8953,25845,24450,4.0,0.0,16.4
8954,25847,25848,1.487,3.204,12.8
8955,25849,25850,1.75,0.25,20.5
8956,25855,20664,1.111,0.102,13.0
8957,25857,19678,1.938,3.124,16.6
8958,25859,25860,1.935,9.485,8.2
8959,25861,19686,2.263,0.59,19.6
8960,25861,2916,3.0,2.0,13.9
8961,25863,25864,1.091,0.091,13.6
8962,25865,25866,1.091,0.091,13.2
8963,25865,29774,3.0,3.0,8.7
8964,25877,25878,1.235,0.185,13.5
8965,25881,25882,1.471,0.802,13.4
8966,25883,25552,1.571,0.487,16.3
8967,25885,25886,2.474,0.256,31.7
8968,25889,24244,2.5,0.5,19.0
8969,25889,25890,2.667,0.8,25.3
8970,25891,25876,2.306,0.675,20.4
8971,25897,25898,1.795,0.799,10.3
8972,25899,25900,2.667,86.914,11.5
8973,25903,1690,5.231,278.182,12.6
8974,25909,25910,2.0,0.0,28.1
8975,25933,25934,1.286,0.238,22.5
8976,25943,40216,2.5,0.5,9.0
8977,25943,35532,3.111,0.611,36.5
8978,25943,12016,7.0,0.0,39.3
8979,25955,25956,4.0,0.0,15.4
8980,25957,5490,3.0,0.0,14.6
8981,25975,26264,2.0,0.0,14.8
8982,25981,25982,2.071,0.379,14.4
8983,25983,5206,1.714,0.374,9.0
8984,25985,25986,2.0,0.0,14.1
8985,25987,39212,1.667,0.242,9.1
8986,25987,17210,2.0,0.0,14.2
8987,25993,25994,1.667,0.333,14.7
8988,25995,25996,2.0,0.0,14.6
8989,25997,25998,1.75,0.25,14.9
8990,25999,38006,1.25,0.25,11.1
8991,26027,5564,2.0,0.0,4.7
8992,26073,21212,3.5,0.5,33.0
8993,26073,38240,2.286,0.22,32.9
8994,26073,24864,6.667,36.333,8.1
8995,26075,26076,1.036,0.036,9.4
8996,26077,26078,1.087,0.083,9.7
8997,26079,26080,1.12,0.11,9.4
8998,26081,26082,1.308,0.702,9.5
8999,26083,39160,1.038,0.038,9.5
9000,26105,26106,1.5,0.286,10.4
9001,26107,26108,1.75,0.25,10.4
9002,26107,37144,1.4,0.8,3.2
9003,26129,5666,2.0,0.0,4.7
9004,26147,5212,2.0,0.0,14.8
9005,26195,38812,1.5,0.5,24.4
9006,26197,5728,2.0,0.0,16.7
9007,26197,35274,2.286,0.238,19.9
9008,26199,38922,1.056,0.054,10.6
9009,26201,35274,1.889,0.111,22.4
9010,26203,36876,2.667,0.25,24.5
9011,26213,26214,2.0,0.0,15.3
9012,26215,26216,1.5,0.5,10.4
9013,26253,26254,2.0,0.0,14.4
9014,26255,26146,2.0,0.0,18.1
9015,26293,33716,3.0,0.0,28.2
9016,26309,26292,2.0,0.0,14.2
9017,26327,26328,2.0,0.0,18.5
9018,26327,38012,2.0,0.0,17.4
9019,26331,5028,2.0,0.0,18.6
9020,26337,36422,1.5,0.333,7.7
9021,26343,5872,3.385,0.756,37.7
9022,26343,34060,5.0,0.0,46.3
9023,26345,24512,3.667,0.333,45.6
9024,26345,5870,2.125,4.125,7.2
9025,26347,5874,1.333,0.333,4.7
9026,26353,26354,2.0,0.0,8.6
9027,26361,5892,2.0,0.0,4.7
9028,26363,26322,1.5,0.5,5.6
9029,26363,26364,1.118,0.11,13.5
9030,26367,26368,1.176,0.154,13.8
9031,26369,26370,1.875,0.117,22.3
9032,26371,26372,1.188,0.162,14.2
9033,26373,26374,1.75,0.2,19.5
9034,26375,26376,1.062,0.062,13.4
9035,26377,26378,1.188,0.162,13.4
9036,26379,26380,1.625,0.25,19.6
9037,26381,39252,2.0,1.636,18.6
9038,26381,17232,13.75,444.917,6.2
9039,26387,35986,4.0,0.0,22.4
9040,26391,26392,3.0,0.0,21.0
9041,26423,26424,2.0,0.0,10.6
9042,26425,26426,2.0,0.0,16.2
9043,26447,26448,2.833,0.167,20.7
9044,26449,17360,1.5,0.3,9.0
9045,26451,26452,2.0,0.0,14.4
9046,26453,38234,2.0,0.0,14.5
9047,26455,26456,2.167,0.167,14.4
9048,26501,6060,2.0,0.0,14.2
9049,26513,6052,2.0,0.0,9.0
9050,26513,26514,3.3,0.233,14.4
9051,26515,6032,2.0,0.0,9.0
9052,26515,26524,3.111,0.111,14.4
9053,26525,6034,1.75,0.25,9.0
9054,26525,26526,3.0,0.0,14.4
9055,26527,26528,3.0,0.0,14.4
9056,26527,6056,2.0,0.0,4.7
9057,26529,26508,2.0,0.0,9.0
9058,26529,26530,2.0,0.0,14.4
9059,26529,6058,2.0,0.0,4.7
9060,26531,26532,3.0,0.0,14.4
9061,26537,26500,2.0,0.0,9.2
9062,26541,19746,4.0,0.0,34.4
9063,26541,3354,3.167,1.242,18.0
9064,26545,26546,1.085,0.08,13.9
9065,26569,26570,2.0,0.0,14.2
9066,26571,25770,2.0,0.0,17.7
9067,26589,25444,2.286,0.374,20.4
9068,26591,26592,2.0,0.0,14.0
9069,26635,6154,2.0,0.0,4.7
9070,26655,26656,2.0,0.0,14.4
9071,26657,6176,2.0,0.0,4.7
9072,26669,22822,2.5,0.5,12.2
9073,26673,20648,2.0,0.0,14.6
9074,26679,26680,1.038,0.038,13.1
9075,26681,20462,1.6,0.248,20.6
9076,26689,10896,3.0,0.0,13.7
9077,26711,6342,3.0,0.0,14.4
9078,26735,26736,4.0,0.0,14.6
9079,26735,6232,2.0,0.0,4.7
9080,26737,6234,2.0,0.0,4.7
9081,26767,33190,1.333,0.333,9.1
9082,26789,26790,3.0,0.0,14.4
9083,26791,26890,2.0,0.0,9.0
9084,26891,26898,2.0,0.0,9.1
9085,26897,39276,2.0,0.0,14.4
9086,26923,27824,2.0,0.0,13.4
9087,26925,28464,5.0,0.0,14.2
9088,26933,26934,2.0,0.0,14.7
9089,26933,26936,2.0,0.0,14.7
9090,26937,26938,2.0,0.0,14.6
9091,26939,6424,2.5,0.5,4.7
9092,26951,6422,2.0,0.0,14.6
9093,26987,31844,7.0,0.0,0.3
9094,27051,40330,2.0,0.0,8.7
9095,27063,27064,1.5,0.5,15.2
9096,27063,32644,3.0,0.0,14.0
9097,27095,21364,4.667,2.333,31.7
9098,27099,27102,2.0,0.0,14.3
9099,27141,6628,2.0,0.0,4.7
9100,27149,27150,1.5,0.5,14.5
9101,27151,36992,2.0,0.0,9.1
9102,27173,26212,2.0,0.0,14.4
9103,27203,27206,1.333,0.25,9.0
9104,27203,27204,2.0,0.0,14.4
9105,27205,32530,1.25,0.25,5.2
9106,27205,32730,1.333,0.235,13.6
9107,27229,6710,2.0,0.0,4.7
9108,27269,27228,3.0,0.0,14.2
9109,27305,27306,2.0,0.0,15.6
9110,27305,27820,2.0,0.0,16.4
9111,27379,17134,3.0,0.0,27.5
9112,27381,6856,1.8,0.2,4.7
9113,27389,27390,8.75,220.25,10.6
9114,27391,19900,6.333,0.333,51.2
9115,27391,336,7.0,0.0,44.4
9116,27393,27394,1.25,0.25,6.9
9117,27395,22656,1.6,0.3,12.5
9118,27413,27428,4.0,0.0,22.2
9119,27429,27456,2.0,0.0,10.5
9120,27479,27480,2.0,0.0,14.0
9121,27481,27482,2.0,0.0,14.4
9122,27483,27484,2.0,0.0,14.4
9123,27487,8804,4.0,0.0,18.6
9124,27491,6974,2.0,0.0,9.4
9125,27497,27488,2.0,0.0,9.2
9126,27497,27498,2.0,0.0,14.4
9127,27501,27508,2.0,0.0,11.6
9128,27523,27524,2.0,0.0,14.1
9129,27591,41936,1.71,0.746,11.1
9130,27593,25322,1.875,0.125,8.4
9131,27593,25360,4.167,2.319,38.5
9132,27619,27620,1.25,0.25,15.4
9133,27623,34442,2.0,0.0,20.3
9134,27623,14218,2.0,0.0,18.3
9135,27625,31270,2.0,0.0,14.5
9136,27651,27652,3.0,0.0,14.2
9137,27655,27656,2.0,0.0,8.4
9138,27659,27522,2.0,0.0,14.2
9139,27711,27712,1.5,0.333,10.6
9140,27713,27714,1.75,0.25,10.4
9141,27715,27716,1.5,0.333,10.5
9142,27717,27718,1.75,0.25,10.6
9143,27719,27720,1.5,0.333,10.3
9144,27721,22726,3.5,0.5,20.5
9145,27721,27722,3.0,0.0,25.8
9146,27721,22716,3.0,0.0,23.0
9147,27723,27724,2.0,0.0,10.4
9148,27725,22730,2.0,0.0,10.8
9149,27737,27738,1.282,0.208,14.9
9150,27739,27740,2.154,0.344,24.8
9151,27741,27742,1.355,1.037,11.1
9152,27743,27744,1.474,0.58,13.6
9153,27747,27748,1.079,0.075,13.8
9154,27755,27756,1.643,7.796,14.1
9155,27757,29728,5.875,1.268,33.4
9156,27757,25632,5.222,1.949,56.0
9157,27757,22182,7.0,1.0,45.4
9158,27763,26542,1.609,0.243,21.8
9159,27769,13070,2.0,0.0,14.7
9160,27769,27770,1.172,0.148,14.8
9161,27771,27772,1.038,0.038,12.6
9162,27773,27774,1.517,0.259,18.6
9163,27775,27776,1.091,0.087,9.6
9164,27777,32758,1.828,0.648,15.1
9165,27781,27782,1.091,0.091,14.6
9166,27783,27784,1.182,0.164,14.3
9167,27789,37470,2.667,0.75,25.5
9168,27791,16350,1.556,0.278,5.9
9169,27791,25420,2.316,0.871,20.8
9170,27793,27778,3.0,1.0,34.7
9171,27793,35068,5.75,0.25,38.1
9172,27797,14936,2.0,0.0,11.3
9173,27799,27758,1.75,0.25,22.3
9174,27799,34678,7.333,69.867,19.7
9175,27801,35442,2.571,0.286,13.8
9176,27801,28686,3.5,0.571,36.3
9177,27807,27808,1.417,0.364,13.3
9178,27809,27810,1.892,0.21,21.8
9179,27813,27814,1.075,0.071,14.1
9180,27817,21560,3.171,0.145,38.3
9181,27821,27844,3.0,0.0,20.3
9182,27843,7288,2.0,0.0,4.7
9183,27857,7290,2.0,0.0,14.2
9184,27859,7304,2.0,0.0,4.7
9185,27867,27874,2.0,0.0,14.4
9186,27875,27876,2.0,0.0,10.8
9187,27881,27882,2.0,0.0,15.6
9188,27883,27884,2.0,0.0,10.4
9189,27895,8432,3.0,0.0,13.8
9190,27909,35794,2.0,0.0,13.2
9191,27915,27916,5.0,0.0,43.3
9192,27943,27944,4.0,0.0,49.6
9193,27957,29062,1.25,0.25,12.8
9194,27977,27978,6.0,0.0,14.3
9195,27985,7374,2.0,0.0,14.6
9196,28001,4134,3.0,0.0,14.0
9197,28041,28042,4.9,0.767,32.6
9198,28043,7354,2.0,0.0,9.0
9199,28043,35794,2.2,0.178,14.0
9200,28045,28046,2.0,0.0,16.0
9201,28047,28038,2.0,0.0,9.4
9202,28047,7488,2.0,0.0,4.7
9203,28053,28054,1.5,0.5,9.1
9204,28055,7936,2.333,0.333,12.2
9205,28081,2384,3.0,0.0,24.7
9206,28095,2386,2.0,0.0,9.3
9207,28097,28098,2.0,0.0,14.6
9208,28101,28102,2.0,0.0,14.5
9209,28103,32280,2.0,0.0,14.8
9210,28111,28510,2.0,0.0,8.8
9211,28113,11444,2.0,0.0,8.4
9212,28117,28112,2.0,0.0,9.8
9213,28119,21258,3.0,0.0,32.4
9214,28121,14308,1.667,0.333,9.2
9215,28141,6072,3.0,0.0,10.3
9216,28141,26544,2.0,0.0,18.8
9217,28155,28156,2.0,0.0,14.3
9218,28157,28158,3.0,0.0,15.4
9219,28159,28160,2.0,0.0,14.5
9220,28161,33802,2.0,0.0,16.1
9221,28163,17454,3.333,0.333,18.5
9222,28163,28164,4.667,0.333,21.3
9223,28163,21108,2.0,0.0,14.7
9224,28165,28166,2.333,0.333,10.9
9225,28169,28170,1.333,0.333,5.0
9226,28171,23480,5.0,0.0,18.0
9227,28171,36812,4.0,0.0,16.5
9228,28171,7606,2.0,0.0,4.7
9229,28177,25654,2.0,0.0,16.6
9230,28211,32772,2.476,0.262,28.3
9231,28213,29986,2.0,0.0,14.4
9232,28213,28214,1.444,0.278,18.1
9233,28217,28218,1.778,0.194,13.0
9234,28219,30770,1.167,0.167,8.4
9235,28223,28224,3.5,0.5,26.9
9236,28233,7658,3.0,0.0,9.8
9237,28251,28252,2.0,0.0,14.4
9238,28255,2816,2.0,0.0,14.4
9239,28263,33430,2.0,0.0,9.7
9240,28309,28338,2.0,0.0,14.2
9241,28339,28340,1.333,0.333,10.6
9242,28341,28360,1.5,0.5,14.4
9243,28369,39662,2.0,0.0,8.0
9244,28371,28372,2.0,0.0,14.7
9245,28373,28374,2.0,0.0,10.4
9246,28375,1670,2.0,0.0,5.4
9247,28379,28380,2.0,0.0,10.4
9248,28393,28394,10.0,0.0,17.3
9249,28395,24340,2.5,0.5,9.5
9250,28413,28428,2.0,0.0,10.5
9251,28415,28416,2.0,0.0,11.0
9252,28429,28436,3.0,0.0,13.2
9253,28431,28432,2.0,0.0,11.4
9254,28435,7844,2.0,0.0,8.5
9255,28437,28438,2.0,0.0,6.8
9256,28441,28442,2.0,0.0,10.4
9257,28443,28444,2.0,0.0,9.4
9258,28447,28414,4.0,0.0,19.8
9259,28463,28464,5.0,0.0,14.4
9260,28465,7836,3.5,0.5,15.4
9261,28479,41840,3.0,0.0,13.7
9262,28479,31034,5.0,0.0,19.9
9263,28483,33208,1.045,0.045,13.0
9264,28489,28490,7.333,2.333,14.0
9265,28491,19012,3.667,1.333,14.6
9266,28497,28498,2.333,0.267,14.4
9267,28497,11246,4.5,24.5,4.1
9268,28499,28500,1.75,0.25,14.5
9269,28501,28502,1.5,0.286,11.1
9270,28503,28504,1.625,0.268,11.2
9271,28505,28506,1.75,0.214,13.1
9272,28507,28508,2.143,0.143,16.6
9273,28509,28510,1.714,0.238,13.8
9274,28513,28514,1.625,0.268,10.6
9275,28515,7978,2.0,0.0,13.9
9276,28515,23078,3.0,0.0,23.3
9277,28517,28518,1.333,0.333,9.6
9278,28519,28520,2.0,0.0,17.4
9279,28525,23880,1.875,0.125,10.8
9280,28525,28532,2.5,0.333,21.0
9281,28531,25398,3.455,1.073,28.7
9282,28533,28534,1.25,0.25,9.9
9283,28535,28536,1.25,0.25,13.8
9284,28539,28540,1.571,0.286,22.9
9285,28555,28556,1.167,0.167,14.4
9286,28559,7932,3.0,0.0,22.3
9287,28569,28570,1.5,0.5,10.2
9288,28571,33636,3.0,0.0,23.1
9289,28571,22004,2.0,0.0,9.8
9290,28573,39170,1.044,0.043,11.2
9291,28577,28578,2.0,0.0,18.3
9292,28581,29780,2.5,0.5,25.6
9293,28583,26578,2.0,0.0,16.4
9294,28597,39158,1.375,0.268,10.7
9295,28605,28606,2.0,0.0,14.9
9296,28609,28610,3.0,0.0,14.1
9297,28635,28908,3.0,0.0,22.7
9298,28637,34980,2.0,0.0,14.3
9299,28651,23052,1.4,0.3,13.8
9300,28653,18024,1.4,0.3,14.9
9301,28657,31656,1.25,0.25,9.9
9302,28657,28658,1.85,0.134,22.6
9303,28659,28660,1.4,0.253,19.4
9304,28659,9786,4.0,0.0,3.4
9305,28663,28664,1.105,0.211,8.3
9306,28665,32028,3.4,0.989,32.2
9307,28673,37646,4.0,0.0,20.0
9308,28673,37640,5.0,0.0,39.4
9309,28685,28650,2.0,0.0,10.7
9310,28721,8118,2.0,0.0,4.7
9311,28729,28730,2.5,0.5,15.1
9312,28731,8294,2.0,0.0,14.5
9313,28745,34050,7.5,4.5,14.5
9314,28757,28758,2.333,0.267,28.6
9315,28759,28760,1.167,0.167,5.2
9316,28761,26102,2.0,0.0,13.7
9317,28761,24532,2.0,0.0,1.6
9318,28777,28778,3.0,0.0,12.1
9319,28779,28780,2.0,0.0,9.0
9320,28781,28782,3.0,0.0,13.0
9321,28783,28784,3.0,0.0,14.4
9322,28785,28786,3.0,0.0,13.9
9323,28787,28788,3.0,2.0,14.2
9324,28789,8280,2.333,0.333,13.0
9325,28795,36274,3.0,0.0,11.7
9326,28803,8198,2.0,0.0,4.7
9327,28817,8344,1.667,0.333,8.5
9328,28879,28880,2.0,0.0,15.7
9329,28881,28882,1.25,0.25,6.5
9330,28883,38566,1.75,0.25,11.0
9331,28897,8286,2.0,0.0,4.7
9332,28909,8306,2.0,0.0,9.1
9333,28923,1444,3.0,0.0,15.7
9334,28955,28956,2.0,0.0,13.3
9335,28957,8288,1.5,0.5,9.0
9336,28963,24466,2.0,0.0,11.0
9337,28965,41588,2.0,0.0,11.3
9338,28973,28974,2.0,0.0,14.5
9339,28999,29000,1.333,0.333,10.4
9340,29001,29002,1.333,0.333,9.9
9341,29003,29004,1.333,0.333,11.1
9342,29005,29006,1.5,0.333,10.4
9343,29007,29008,1.25,0.25,11.7
9344,29021,23888,3.0,0.0,9.7
9345,29031,8416,2.0,0.0,4.7
9346,29045,32628,3.0,0.0,23.2
9347,29063,29064,1.2,0.2,9.5
9348,29065,23064,3.571,0.286,26.0
9349,29123,33714,2.0,0.0,5.4
9350,29139,29140,2.0,0.0,10.6
9351,29163,29164,2.0,0.0,14.3
9352,29175,8560,2.0,0.0,4.7
9353,29229,25608,2.0,0.0,9.4
9354,29229,5188,2.0,0.0,14.4
9355,29247,29248,2.0,0.0,10.3
9356,29259,29260,2.0,0.0,10.4
9357,29261,29264,2.0,0.0,10.4
9358,29263,30828,1.333,0.333,4.7
9359,29263,9986,3.5,0.5,16.2
9360,29265,29266,2.0,0.0,13.3
9361,29267,29268,2.333,0.333,19.1
9362,29269,29270,1.333,0.333,10.5
9363,29271,29272,1.5,0.333,10.4
9364,29273,29274,1.4,0.3,10.6
9365,29281,8658,2.0,0.0,4.7
9366,29301,16998,2.0,0.0,14.6
9367,29303,29304,2.0,0.0,10.4
9368,29309,8688,2.0,0.0,14.1
9369,29317,29318,2.0,0.0,9.9
9370,29319,17860,2.0,0.0,7.6
9371,29335,29336,2.333,0.333,14.5
9372,29341,22484,2.333,0.333,10.1
9373,29353,29598,2.0,0.0,15.8
9374,29371,29372,2.0,0.0,10.6
9375,29373,29374,2.0,0.0,19.5
9376,29375,29376,4.0,0.0,30.4
9377,29387,5428,3.0,0.667,18.4
9378,29393,8754,2.0,0.0,4.7
9379,29407,40702,2.0,0.0,6.7
9380,29415,29770,2.0,0.0,28.7
9381,29441,19456,3.0,0.0,16.1
9382,29445,29446,1.5,0.5,10.4
9383,29447,27412,2.0,0.0,5.9
9384,29451,27496,2.5,0.5,15.4
9385,29451,6956,3.0,0.0,17.3
9386,29451,29452,4.0,0.0,23.2
9387,29453,29454,3.0,0.0,13.2
9388,29455,29456,3.0,0.0,14.4
9389,29457,27404,3.0,0.0,14.2
9390,29461,29514,2.0,0.0,8.1
9391,29461,33574,2.0,0.0,15.4
9392,29467,35644,1.5,0.5,13.9
9393,29471,29450,1.4,0.3,9.5
9394,29487,29464,2.0,0.0,10.3
9395,29515,8856,4.0,0.0,1.4
9396,29517,29518,2.0,0.0,16.1
9397,29521,29522,2.0,0.0,14.7
9398,29523,37040,2.0,0.0,19.2
9399,29559,29570,2.0,0.0,17.7
9400,29571,8910,2.0,0.0,4.7
9401,29581,29582,2.0,0.0,18.3
9402,29583,29460,4.0,0.0,28.7
9403,29587,29588,2.0,0.0,15.0
9404,29589,10194,2.0,0.0,10.3
9405,29589,12118,3.0,0.0,15.8
9406,29595,29386,2.0,0.0,9.0
9407,29599,2598,2.0,0.0,13.2
9408,29603,29604,2.0,0.0,14.8
9409,29607,29608,2.0,0.0,14.1
9410,29609,18014,2.0,0.0,15.6
9411,29643,29644,2.0,0.0,16.5
9412,29645,29646,2.0,0.0,14.3
9413,29647,29648,2.0,0.0,14.3
9414,29653,38148,2.0,0.0,11.2
9415,29653,19408,2.0,0.0,16.3
9416,29653,8982,2.0,0.0,4.7
9417,29657,29662,3.0,0.0,14.3
9418,29673,37380,2.0,1.0,9.1
9419,29695,29696,3.0,0.0,14.5
9420,29697,29698,2.0,0.0,9.2
9421,29725,29726,2.0,0.0,10.4
9422,29727,37682,2.0,0.0,10.6
9423,29731,29732,1.083,0.083,14.6
9424,29731,36324,3.0,0.0,3.9
9425,29733,29734,1.667,0.25,22.7
9426,29733,27048,3.667,21.333,4.7
9427,29745,31792,4.0,0.0,22.5
9428,29767,40180,2.774,77.381,8.2
9429,29773,36016,1.667,0.333,13.9
9430,29775,29776,2.0,0.0,13.3
9431,29777,29778,2.0,0.0,12.1
9432,29779,33528,2.0,0.0,9.7
9433,29781,29782,7.35,150.029,8.2
9434,29783,32712,1.667,0.333,6.4
9435,29783,33238,2.842,0.807,31.2
9436,29783,32726,3.0,0.0,11.7
9437,29789,29790,2.0,0.0,13.7
9438,29807,29808,2.0,0.0,14.8
9439,29809,29810,2.0,0.0,16.4
9440,29811,29812,2.0,0.0,10.5
9441,29813,1608,2.0,0.0,18.2
9442,29857,33088,3.0,0.0,14.3
9443,29879,29880,2.0,0.0,14.1
9444,29883,29884,2.0,0.0,15.1
9445,29885,5430,2.5,0.5,10.4
9446,29901,29902,2.0,0.0,14.4
9447,29903,29904,2.0,0.0,10.2
9448,29905,32172,3.0,0.0,12.3
9449,29905,11146,4.0,0.0,18.8
9450,29911,29912,2.0,0.0,14.1
9451,29917,41942,3.5,0.5,13.5
9452,29921,9212,2.0,0.0,4.9
9453,29923,8896,2.0,0.0,10.5
9454,29927,29928,1.5,0.333,5.0
9455,29929,37844,2.286,0.238,17.5
9456,29931,21456,3.2,2.717,28.4
9457,29953,19976,2.0,0.0,10.2
9458,29963,29964,2.0,0.0,14.2
9459,29965,29966,2.2,0.2,14.4
9460,29967,29968,1.6,0.3,10.4
9461,29969,39240,2.2,0.7,12.4
9462,29975,21872,2.0,0.0,9.5
9463,29983,29984,2.0,0.0,13.6
9464,29997,29998,1.067,0.067,4.9
9465,29999,36876,2.034,0.034,21.5
9466,30107,10252,2.0,0.0,14.5
9467,30139,16590,3.0,0.0,14.2
9468,30143,31620,3.0,0.0,9.0
9469,30145,12438,6.0,0.0,12.6
9470,30169,30170,1.333,0.333,10.0
9471,30173,22568,2.0,0.0,14.7
9472,30179,30182,6.0,0.0,31.0
9473,30179,9456,2.0,0.0,4.7
9474,30191,13520,3.0,0.0,14.3
9475,30215,41236,2.0,0.0,11.1
9476,30219,13152,2.0,0.0,12.4
9477,30219,34444,2.0,0.0,14.7
9478,30229,19010,2.0,0.0,4.7
9479,30235,30236,1.667,0.333,11.9
9480,30237,25654,2.0,0.0,11.7
9481,30239,30240,1.5,0.5,10.5
9482,30241,30242,1.5,0.5,10.3
9483,30245,30246,1.5,0.5,10.5
9484,30247,30384,2.0,0.0,15.9
9485,30251,30252,1.5,0.5,10.4
9486,30255,25678,2.5,0.5,16.8
9487,30285,30286,2.0,0.0,17.6
9488,30289,9952,3.5,0.5,19.2
9489,30303,31026,2.25,0.25,9.8
9490,30309,30310,2.0,0.0,17.1
9491,30311,30312,2.0,0.0,14.5
9492,30313,30314,2.0,0.0,15.5
9493,30315,30316,1.5,0.5,14.9
9494,30317,14158,4.0,0.0,19.5
9495,30323,30324,2.0,0.0,15.0
9496,30325,3904,2.0,0.0,10.7
9497,30371,15744,2.0,0.0,9.6
9498,30379,30380,1.667,0.333,10.4
9499,30381,37304,1.5,0.5,7.5
9500,30381,15584,2.0,0.0,12.5
9501,30385,30386,1.25,0.25,11.1
9502,30387,30378,2.333,0.333,14.6
9503,30393,30406,2.0,0.0,9.0
9504,30401,30402,2.0,0.0,14.4
9505,30403,5586,2.0,0.0,7.6
9506,30413,30414,3.0,0.0,14.4
9507,30415,30322,2.0,0.0,14.4
9508,30417,9674,2.0,0.0,4.7
9509,30439,9652,2.0,0.0,14.4
9510,30451,24148,2.0,0.0,14.2
9511,30501,30502,3.0,0.0,14.5
9512,30503,19658,6.0,0.0,14.3
9513,30507,41470,2.0,0.0,9.1
9514,30507,30528,3.0,0.0,14.4
9515,30517,19240,2.0,0.0,9.2
9516,30527,28660,4.0,0.0,22.3
9517,30529,66,3.0,0.0,17.0
9518,30529,19252,4.0,0.0,18.5
9519,30533,37914,3.0,0.0,16.6
9520,30549,23036,3.667,2.333,29.1
9521,30595,35912,1.5,0.5,25.9
9522,30597,37182,1.5,0.267,13.4
9523,30601,37190,2.0,0.0,10.6
9524,30607,27858,4.0,0.0,14.2
9525,30651,30652,3.0,0.0,14.4
9526,30689,33814,2.537,0.305,36.2
9527,30697,30694,1.118,0.11,8.0
9528,30703,30704,1.043,0.043,13.1
9529,30705,36126,1.056,0.056,3.2
9530,30707,30708,1.032,0.032,13.8
9531,30713,39186,3.75,1.071,40.8
9532,30713,35974,2.818,0.564,29.2
9533,30723,9914,2.542,0.52,27.8
9534,30723,16986,16.0,267.333,10.6
9535,30725,33908,2.75,1.039,29.6
9536,30725,29768,5.0,0.0,32.4
9537,30727,32544,2.657,0.644,26.8
9538,30729,30730,5.676,93.741,10.0
9539,30731,25892,6.917,1.964,54.5
9540,30733,30734,1.308,0.231,13.4
9541,30735,33908,3.538,0.603,29.4
9542,30737,30740,2.969,1.644,25.6
9543,30739,30736,5.692,225.742,8.2
9544,30741,30742,1.032,0.032,12.1
9545,30743,30744,1.316,0.546,14.4
9546,30745,38950,2.0,0.0,9.0
9547,30745,23734,1.972,0.656,21.8
9548,30747,35976,2.0,3.2,14.0
9549,30749,31228,3.667,0.667,41.3
9550,30749,9922,4.429,19.286,4.6
9551,30753,21258,2.933,0.133,34.5
9552,30755,9916,2.667,0.333,18.6
9553,30755,35802,4.824,0.404,37.9
9554,30755,31228,10.857,57.143,11.9
9555,30759,30760,1.3,0.233,14.6
9556,30761,30762,1.571,0.952,14.4
9557,30763,30764,1.125,0.125,14.1
9558,30765,30766,1.1,0.1,12.8
9559,30767,33930,1.857,5.143,8.2
9560,30771,35442,4.0,0.571,38.4
9561,30771,28686,8.5,0.5,33.4
9562,30773,32990,4.25,0.821,46.9
9563,30773,29794,5.0,0.0,3.8
9564,30775,28652,1.4,0.3,7.4
9565,30775,30772,2.027,16.749,13.7
9566,30777,38542,4.087,0.97,44.2
9567,30779,30780,1.25,0.386,9.4
9568,30781,27800,1.273,0.218,7.2
9569,30783,33286,5.387,0.645,52.2
9570,30785,30786,1.096,0.089,9.5
9571,30787,30788,1.071,0.068,9.8
9572,30791,30792,1.017,0.017,9.8
9573,30793,30794,1.18,0.15,13.6
9574,30795,30796,1.435,0.25,16.6
9575,30797,25212,1.109,0.136,9.0
9576,30799,30800,1.056,0.054,13.3
9577,30801,30802,1.037,0.037,9.6
9578,30803,30804,1.034,0.034,10.9
9579,30811,30812,1.037,0.037,9.4
9580,30813,30814,1.576,0.314,19.6
9581,30815,30820,1.061,0.059,13.7
9582,30817,30818,2.278,15.806,8.4
9583,30819,27790,2.452,21.327,10.0
9584,30823,25416,2.469,0.838,26.6
9585,30825,30826,1.1,0.162,9.0
9586,30827,30828,1.545,0.381,16.0
9587,30827,25208,6.0,0.0,7.6
9588,30831,30832,1.406,0.372,13.9
9589,30833,30784,1.106,0.097,8.0
9590,30835,30836,1.059,0.057,9.6
9591,30837,30830,2.8,0.882,22.4
9592,30839,41874,3.13,0.482,31.8
9593,30839,37470,5.0,0.4,50.8
9594,30845,30846,2.0,0.0,10.3
9595,30847,30848,2.0,0.0,9.8
9596,30855,25728,3.0,0.0,17.1
9597,30899,10074,2.0,0.0,9.2
9598,30915,10058,2.0,0.0,14.4
9599,30937,22932,2.467,0.671,21.0
9600,30939,22140,2.111,3.611,22.9
9601,30939,30936,2.533,9.085,23.3
9602,30941,22930,2.111,0.861,21.4
9603,30941,22926,2.385,0.756,13.2
9604,30945,30958,1.029,0.029,8.0
9605,30947,25636,2.6,1.167,28.4
9606,30947,5222,4.0,15.333,8.1
9607,30955,38084,1.217,0.178,13.2
9608,30957,30960,1.574,0.467,18.9
9609,30959,36618,1.5,0.5,6.9
9610,30959,30956,2.045,0.649,21.8
9611,30959,34022,1.5,0.5,5.2
9612,30961,30962,1.189,0.269,9.3
9613,30963,30964,1.206,0.229,9.5
9614,30965,30966,1.065,0.062,14.0
9615,30965,25984,3.733,19.067,3.5
9616,30967,30968,1.844,0.201,23.1
9617,30969,30946,1.08,0.077,8.6
9618,31017,31018,2.667,0.333,14.4
9619,31019,31020,3.0,0.0,14.3
9620,31021,40072,3.0,0.0,11.0
9621,31021,17718,5.0,0.0,19.1
9622,31027,31028,3.25,0.917,21.0
9623,31029,31030,1.667,0.333,10.2
9624,31031,25670,2.0,0.0,9.1
9625,31035,41880,1.333,0.333,6.0
9626,31035,2092,2.048,0.048,15.2
9627,31037,21106,2.333,0.333,14.4
9628,31037,21100,4.0,0.0,14.4
9629,31039,20422,2.471,1.105,26.3
9630,31051,31052,1.333,0.333,13.9
9631,31063,32962,2.0,0.0,14.8
9632,31067,36858,1.778,7.179,13.4
9633,31069,31070,2.0,0.0,14.4
9634,31071,33350,1.667,0.333,8.5
9635,31085,9160,2.0,0.0,14.4
9636,31087,31088,1.107,0.099,16.1
9637,31099,37426,67.0,14247.333,27.8
9638,31099,11498,37.0,0.0,24.1
9639,31111,37036,3.143,0.857,31.8
9640,31117,31118,2.0,0.0,17.9
9641,31119,31122,5.0,0.0,34.9
9642,31121,1610,2.0,0.0,15.2
9643,31123,31124,2.0,0.0,13.6
9644,31127,31128,1.667,0.333,10.7
9645,31129,31130,5.0,0.0,37.0
9646,31131,31120,1.333,0.333,9.8
9647,31145,10644,2.0,0.0,14.6
9648,31177,41708,3.0,0.0,15.1
9649,31179,10300,2.0,0.0,4.7
9650,31183,19458,2.0,0.0,10.8
9651,31203,31204,3.0,0.0,25.3
9652,31205,31206,2.0,0.0,13.7
9653,31207,31240,2.0,0.0,12.6
9654,31231,31232,2.0,0.0,9.0
9655,31233,38556,6.0,0.0,36.5
9656,31261,31262,1.5,0.5,10.8
9657,31263,31264,2.0,0.0,14.9
9658,31269,39124,1.333,0.333,17.8
9659,31271,31272,1.5,0.333,14.7
9660,31273,31274,1.25,0.25,12.3
9661,31277,31278,1.25,0.25,10.4
9662,31279,31280,2.0,0.0,13.8
9663,31281,38894,3.0,0.0,14.1
9664,31285,14882,2.0,0.0,21.9
9665,31297,31298,1.892,6.266,10.6
9666,31301,8452,3.0,0.0,24.0
9667,31315,25402,4.0,0.0,26.8
9668,31317,31318,1.111,0.111,10.4
9669,31321,31322,1.375,0.268,10.4
9670,31325,23084,1.5,0.5,9.4
9671,31325,22432,2.167,0.167,15.9
9672,31327,33800,3.0,0.0,14.4
9673,31329,31356,1.333,0.333,7.2
9674,31335,31400,2.0,0.0,8.6
9675,31357,20556,1.333,0.333,7.9
9676,31391,20568,3.0,0.0,14.2
9677,31401,31402,2.0,0.0,12.8
9678,31403,31340,2.0,0.0,8.8
9679,31419,33814,2.25,0.333,37.0
9680,31423,31390,2.0,0.0,9.0
9681,31423,10470,3.0,0.0,14.2
9682,31425,31426,3.0,0.0,16.8
9683,31427,24498,3.0,0.0,14.4
9684,31433,31424,2.0,0.0,10.6
9685,31437,41384,3.0,0.0,12.6
9686,31445,10516,2.0,0.0,4.7
9687,31463,4494,2.667,0.333,16.5
9688,31463,24804,4.0,0.0,19.3
9689,31513,31514,2.0,0.0,10.4
9690,31515,34776,2.0,0.0,9.7
9691,31529,16500,2.278,0.212,21.7
9692,31529,33826,4.333,4.333,16.3
9693,31535,31536,1.071,0.069,9.4
9694,31537,36854,1.567,0.392,15.6
9695,31537,29370,39.0,0.0,3.2
9696,31565,29316,2.0,0.0,13.7
9697,31577,31144,2.0,0.0,9.5
9698,31589,10638,2.0,0.0,13.9
9699,31601,36042,2.0,0.0,10.0
9700,31607,10646,2.0,0.0,14.2
9701,31615,32490,2.0,0.0,14.3
9702,31621,31622,2.0,0.0,14.4
9703,31623,31624,2.0,0.0,14.4
9704,31625,31626,2.0,0.0,10.4
9705,31627,31628,2.0,0.0,14.2
9706,31629,33294,2.333,0.333,14.3
9707,31649,24906,3.0,0.0,14.7
9708,31657,31658,2.333,0.333,14.4
9709,31659,23744,2.0,0.0,11.5
9710,31665,40634,3.0,0.0,15.5
9711,31671,10422,3.0,0.0,17.3
9712,31691,31692,2.0,0.0,14.4
9713,31703,31704,3.0,0.0,14.8
9714,31705,10748,2.0,0.0,4.7
9715,31743,31744,2.0,0.0,14.6
9716,31749,31750,2.0,0.0,14.4
9717,31753,35152,2.0,0.0,13.9
9718,31759,14030,2.062,1.129,19.4
9719,31771,10816,1.5,0.5,4.7
9720,31777,31778,2.0,0.0,10.0
9721,31779,33312,2.0,0.0,9.3
9722,31781,31782,1.182,0.251,9.0
9723,31783,24408,4.0,0.0,20.9
9724,31783,25846,2.966,0.392,33.6
9725,31791,31792,2.091,0.091,26.0
9726,31799,31800,1.038,0.038,4.6
9727,31801,19970,1.194,0.218,9.3
9728,31803,21246,2.0,0.0,14.5
9729,31803,10864,5.0,0.0,4.1
9730,31813,31814,1.8,0.2,6.4
9731,31815,31848,2.0,0.0,15.2
9732,31833,31834,2.0,0.0,14.7
9733,31835,21246,2.0,0.0,14.3
9734,31845,31846,3.3,0.456,29.8
9735,31851,33196,1.158,0.14,9.6
9736,31877,31878,1.333,0.854,8.7
9737,31879,35738,1.545,0.318,9.7
9738,31939,31946,4.0,0.0,9.0
9739,31947,21042,7.0,0.0,16.7
9740,31947,10970,3.0,0.0,4.7
9741,31975,31976,2.0,0.0,14.5
9742,31989,12308,2.0,0.0,9.1
9743,31993,33502,3.0,0.0,8.1
9744,32003,32004,3.0,0.0,15.7
9745,32005,32006,2.0,0.0,9.4
9746,32029,33280,1.192,0.162,14.4
9747,32035,32036,1.069,0.067,6.7
9748,32037,32038,2.533,0.8,26.8
9749,32039,32040,1.34,2.229,8.2
9750,32041,32584,3.5,24.071,22.9
9751,32041,41852,4.265,30.116,22.5
9752,32047,22038,2.0,0.0,5.7
9753,32049,32050,2.0,0.0,10.6
9754,32051,32052,1.5,0.5,10.4
9755,32055,41388,2.0,0.0,19.4
9756,32055,11036,2.0,0.0,4.7
9757,32069,8844,2.0,0.0,9.0
9758,32121,20432,1.833,0.167,8.6
9759,32121,32122,3.333,1.067,14.5
9760,32125,32126,3.889,0.611,8.7
9761,32127,27380,3.0,0.5,9.0
9762,32127,19534,3.0,0.0,16.1
9763,32127,17276,9.0,0.0,20.9
9764,32133,41270,2.0,0.0,14.4
9765,32135,41244,2.0,0.0,20.4
9766,32145,32146,2.0,0.0,14.4
9767,32147,41426,2.0,0.0,17.0
9768,32149,41272,2.5,0.3,19.9
9769,32167,32168,1.345,0.377,14.7
9770,32169,32170,1.286,0.36,12.3
9771,32171,32172,1.536,0.702,14.2
9772,32173,22634,1.964,0.332,18.2
9773,32219,32220,2.0,0.0,14.5
9774,32221,32222,2.0,0.0,14.6
9775,32223,4084,1.333,0.333,9.0
9776,32239,32244,2.0,0.0,14.3
9777,32253,41454,4.5,0.5,20.7
9778,32257,24770,3.0,0.0,14.4
9779,32265,32266,2.222,1.092,25.0
9780,32271,32272,1.219,0.241,10.4
9781,32273,32274,1.971,0.558,11.2
9782,32275,15526,1.088,0.083,4.8
9783,32275,23556,2.0,0.0,14.5
9784,32281,7914,2.0,0.0,9.3
9785,32297,19780,4.0,0.0,32.5
9786,32301,23802,1.333,0.667,12.2
9787,32301,40222,2.267,0.271,25.6
9788,32303,35266,2.2,0.2,26.6
9789,32303,25448,4.368,29.05,26.6
9790,32305,35252,2.514,0.812,27.5
9791,32353,40386,2.0,0.0,8.3
9792,32353,32354,1.5,0.333,10.8
9793,32355,32356,1.5,0.333,10.4
9794,32357,40390,2.0,0.0,9.1
9795,32359,32360,2.333,0.333,16.1
9796,32361,40382,2.0,0.0,8.9
9797,32361,32362,2.5,0.5,17.7
9798,32395,32396,2.0,0.0,9.1
9799,32421,25628,3.5,0.5,14.3
9800,32445,32446,3.0,0.0,25.1
9801,32459,32460,3.0,0.0,15.2
9802,32461,32462,3.0,0.0,15.0
9803,32463,41504,2.0,0.0,12.1
9804,32463,19274,2.0,0.0,4.7
9805,32475,12138,2.0,0.0,14.1
9806,32489,32490,1.333,0.333,13.5
9807,32491,33294,1.4,0.3,13.5
9808,32527,32528,1.667,0.333,12.9
9809,32529,37636,1.667,0.333,9.9
9810,32545,28028,2.214,0.249,29.8
9811,32545,35372,2.455,0.26,29.8
9812,32565,32566,1.73,8.258,10.5
9813,32567,32568,2.241,14.118,8.2
9814,32569,32570,1.45,0.715,13.2
9815,32571,32572,1.711,1.725,9.9
9816,32573,37426,6.641,46.499,23.8
9817,32575,2560,2.5,0.5,14.5
9818,32579,32580,1.057,0.114,8.2
9819,32581,39400,1.694,0.634,18.1
9820,32585,32586,1.455,0.355,11.7
9821,32587,1528,1.071,0.071,5.8
9822,32591,31796,3.875,0.982,21.1
9823,32595,40182,1.333,0.333,11.5
9824,32605,8444,3.0,0.0,18.1
9825,32639,12084,3.0,0.0,14.0
9826,32643,30782,3.346,47.435,11.1
9827,32675,26308,2.0,0.0,16.1
9828,32693,29656,2.0,0.0,9.2
9829,32693,32694,1.417,0.265,17.2
9830,32695,32696,1.071,0.071,13.8
9831,32699,25570,1.25,0.205,15.5
9832,32699,25562,3.0,0.0,4.2
9833,32701,32702,1.111,0.105,13.6
9834,32703,32704,1.2,0.171,13.5
9835,32709,36952,2.0,0.0,14.5
9836,32711,32690,2.846,0.308,34.7
9837,32711,17004,2.0,0.0,9.2
9838,32713,32714,1.114,0.163,8.6
9839,32715,32716,1.848,0.754,19.3
9840,32717,30776,2.139,42.18,8.2
9841,32719,25450,2.216,10.841,14.1
9842,32725,40032,1.161,0.14,10.8
9843,32729,30728,1.44,2.257,7.8
9844,32731,16080,1.526,0.263,13.5
9845,32733,27202,1.4,0.267,14.0
9846,32739,11648,4.0,0.0,20.3
9847,32751,32752,1.333,0.333,17.0
9848,32755,32756,1.667,0.333,15.0
9849,32757,32734,1.333,0.333,14.4
9850,32759,32760,2.0,0.154,25.3
9851,32759,13374,5.0,32.0,4.3
9852,32761,40622,2.0,0.0,12.9
9853,32761,32762,1.08,0.077,11.6
9854,32763,11624,1.7,0.456,10.1
9855,32763,32764,2.25,1.0,20.2
9856,32765,34664,4.0,0.0,2.9
9857,32767,27786,1.143,0.143,8.7
9858,32771,20424,3.857,0.747,29.7
9859,32787,32788,2.0,0.0,14.3
9860,32787,11674,2.0,0.0,4.7
9861,32789,22340,2.25,0.917,13.3
9862,32801,31788,1.167,0.167,14.2
9863,32803,35440,11.0,162.0,23.1
9864,32815,32816,3.0,0.0,13.0
9865,32817,32818,4.0,0.0,14.4
9866,32819,32820,3.0,0.0,14.4
9867,32821,32822,3.0,0.0,14.4
9868,32823,32824,3.0,0.0,14.4
9869,32825,32826,3.0,0.0,14.3
9870,32839,36924,4.0,0.0,15.0
9871,32845,22264,1.19,0.162,26.2
9872,32845,33896,1.154,0.141,26.4
9873,32847,22762,3.833,0.567,36.2
9874,32873,3622,2.0,0.0,7.5
9875,32881,32882,1.286,0.214,13.4
9876,32883,32884,1.13,0.119,13.4
9877,32887,30754,1.444,0.718,16.3
9878,32889,32930,2.0,0.0,9.4
9879,32921,13014,1.25,0.25,4.7
9880,32925,16044,4.0,0.0,12.6
9881,32925,15836,4.0,0.0,19.0
9882,32947,32948,2.0,0.0,8.6
9883,32949,34154,3.0,0.0,12.8
9884,32955,12806,3.0,0.0,14.3
9885,32967,14492,1.6,0.267,13.4
9886,32981,32982,2.5,0.5,14.4
9887,32981,2258,3.0,0.0,14.2
9888,32983,22302,2.0,0.0,11.1
9889,32991,32992,6.389,313.502,8.0
9890,32993,33238,1.25,0.25,5.7
9891,32993,32726,2.886,0.81,31.7
9892,32995,32592,1.125,0.117,12.0
9893,32997,33544,1.13,0.116,9.7
9894,32999,33000,1.036,0.036,8.3
9895,33001,33002,1.306,0.733,8.1
9896,33003,33004,3.595,158.859,7.1
9897,33005,37712,2.833,0.567,12.8
9898,33005,37226,5.457,7.667,39.3
9899,33005,16066,13.0,0.0,11.5
9900,33007,33008,1.115,0.104,13.5
9901,33015,33016,4.5,132.615,8.2
9902,33017,35692,2.364,0.469,27.6
9903,33017,41694,1.875,0.125,8.5
9904,33023,37436,3.167,0.967,29.6
9905,33025,39286,2.2,0.178,28.9
9906,33089,33090,3.0,0.0,14.4
9907,33091,33092,4.0,0.0,19.4
9908,33093,11918,2.0,0.0,9.1
9909,33097,33098,3.0,0.0,14.7
9910,33099,5186,3.0,0.0,13.8
9911,33103,33104,1.75,0.214,13.4
9912,33105,33106,1.25,0.214,14.5
9913,33107,33108,1.875,0.125,14.4
9914,33109,33110,2.125,0.125,14.7
9915,33113,11196,2.0,0.0,14.7
9916,33153,33154,1.267,0.202,25.8
9917,33155,33156,1.074,0.071,18.4
9918,33157,36504,2.903,1.49,45.3
9919,33165,33166,1.235,0.316,13.5
9920,33167,33182,1.5,0.269,9.4
9921,33169,33170,28.0,2376.4,4.1
9922,33171,35434,1.636,0.623,11.4
9923,33173,33178,1.143,0.132,14.2
9924,33175,20834,1.19,0.162,13.6
9925,33175,28754,9.5,144.5,1.6
9926,33177,33168,1.682,0.608,14.3
9927,33183,33184,10.611,429.428,11.2
9928,33185,40216,4.545,0.673,45.9
9929,33185,35532,6.75,2.214,38.1
9930,33187,33188,1.05,0.05,9.5
9931,33189,20836,2.938,0.462,36.2
9932,33189,40210,2.5,0.333,14.4
9933,33193,40192,5.3,91.567,7.3
9934,33195,12034,2.0,0.0,30.8
9935,33195,12038,19.0,919.0,7.0
9936,33197,33198,1.435,0.893,12.2
9937,33199,33200,1.167,0.145,10.5
9938,33201,12038,3.2,0.379,15.5
9939,33201,12026,3.714,1.905,31.4
9940,33203,33204,1.158,0.14,9.1
9941,33205,12026,2.0,0.0,10.8
9942,33205,16418,3.75,0.917,33.4
9943,33205,12034,3.429,8.11,12.1
9944,33217,25386,2.095,0.19,25.2
9945,33217,2820,6.333,16.333,5.1
9946,33223,37530,2.0,0.0,17.6
9947,33239,21446,1.062,0.062,10.8
9948,33249,23402,4.0,2.0,17.9
9949,33255,12088,2.0,0.0,4.7
9950,33259,33260,2.0,0.0,14.4
9951,33259,12090,2.0,0.0,4.7
9952,33271,12102,2.0,0.0,4.7
9953,33281,33282,1.5,0.74,13.1
9954,33283,21994,3.4,1.257,32.5
9955,33283,19822,3.636,0.255,19.6
9956,33287,30774,3.424,57.689,8.2
9957,33293,39152,3.8,0.314,36.6
9958,33295,33296,1.25,0.214,9.5
9959,33297,33298,2.875,0.125,20.7
9960,33299,32962,1.571,0.286,9.5
9961,33299,8928,2.0,0.0,15.7
9962,33299,10194,2.0,0.0,15.1
9963,33303,33304,1.167,0.167,9.4
9964,33305,33306,2.0,0.4,14.2
9965,33307,33308,4.333,0.267,31.4
9966,33309,33310,2.4,0.3,18.6
9967,33309,28222,3.0,0.0,20.7
9968,33311,33312,1.636,0.255,10.5
9969,33313,33314,1.167,0.152,7.5
9970,33315,33316,1.25,0.205,8.8
9971,33319,33320,1.067,0.067,8.4
9972,33321,11404,19.0,0.0,2.2
9973,33325,24406,1.455,0.26,18.5
9974,33343,34448,3.053,0.164,27.8
9975,33343,38850,2.0,0.0,29.7
9976,33351,33352,1.667,0.333,8.3
9977,33353,33354,1.667,0.333,18.1
9978,33355,33356,3.0,0.0,39.3
9979,33363,33364,2.0,0.0,21.5
9980,33369,22966,1.333,0.333,13.1
9981,33375,2382,1.333,0.333,16.4
9982,33377,33378,2.0,0.0,26.3
9983,33383,33384,1.2,0.2,9.5
9984,33385,33386,1.4,0.3,9.6
9985,33387,23102,2.0,0.0,18.0
9986,33387,5190,5.0,2.0,23.9
9987,33423,12234,2.0,0.0,4.7
9988,33429,39368,1.35,0.239,9.5
9989,33431,39152,3.8,1.067,30.7
9990,33431,40320,2.0,0.0,7.7
9991,33433,31784,1.565,0.257,22.7
9992,33435,19682,4.5,0.3,32.8
9993,33435,19684,7.167,50.5,32.7
9994,33469,27388,2.25,0.25,17.0
9995,33469,33470,2.2,0.2,16.0
9996,33475,33476,1.8,0.2,13.4
9997,33479,40184,14.6,537.3,21.0
9998,33481,32016,1.333,0.333,11.3
9999,33481,15720,3.0,0.0,19.4
10000,33483,33484,2.0,0.0,10.5
10001,33485,33480,2.0,0.0,15.3
10002,33487,33488,2.0,0.0,12.5
10003,33489,2052,2.0,0.0,11.8
10004,33493,33494,2.0,0.0,13.4
10005,33497,33498,6.0,2.0,11.2
10006,33499,17290,7.667,4.333,21.2
10007,33501,33504,2.0,0.0,11.6
10008,33503,33500,3.0,0.0,10.6
10009,33505,33506,1.667,0.333,9.2
10010,33507,33508,2.0,0.0,15.6
10011,33509,33510,1.333,0.333,11.6
10012,33511,27794,2.333,0.333,17.9
10013,33529,8898,2.0,0.0,9.1
10014,33529,29922,2.0,0.0,13.0
10015,33545,33546,1.121,0.485,5.8
10016,33547,33548,1.032,0.032,5.5
10017,33549,33550,1.636,6.364,8.2
10018,33551,33006,1.923,0.7,19.3
10019,33577,33578,3.0,0.0,18.7
10020,33579,33580,2.0,0.0,13.9
10021,33581,33582,3.0,0.0,21.3
10022,33583,33584,2.0,0.0,10.3
10023,33585,21144,3.0,0.0,15.1
10024,33587,38924,1.125,0.125,7.9
10025,33591,33592,2.0,0.0,14.4
10026,33593,33594,1.333,0.333,4.7
10027,33595,33596,1.667,0.333,12.0
10028,33599,33600,1.6,0.3,14.5
10029,33601,22010,1.75,0.25,11.8
10030,33611,33612,2.0,0.0,7.2
10031,33615,15540,1.5,0.5,7.6
10032,33641,38890,5.0,0.0,24.4
10033,33643,33644,2.0,0.0,13.6
10034,33645,33646,2.0,0.0,14.0
10035,33647,33648,2.0,0.0,12.1
10036,33653,29794,5.0,0.0,39.4
10037,33653,38542,4.0,0.0,40.1
10038,33655,32990,4.333,0.333,26.7
10039,33657,33658,1.4,0.247,19.0
10040,33657,28162,3.5,12.5,3.0
10041,33659,33660,1.52,6.76,8.6
10042,33661,33662,2.088,1.053,23.6
10043,33663,37466,3.0,0.923,24.5
10044,33663,41842,1.733,1.638,6.9
10045,33665,33666,2.2,0.2,21.0
10046,33667,33668,1.4,0.3,10.4
10047,33669,33670,1.6,0.3,10.4
10048,33671,33672,1.6,0.3,10.4
10049,33673,33674,2.0,0.0,14.7
10050,33675,33676,1.6,0.3,10.4
10051,33677,33678,1.6,0.3,10.4
10052,33679,25570,2.0,0.0,11.5
10053,33679,11606,2.667,0.333,15.6
10054,33715,31614,3.0,0.0,12.6
10055,33721,33722,1.267,0.21,13.5
10056,33723,33724,1.062,0.062,14.2
10057,33727,26362,1.25,0.2,14.6
10058,33781,3488,5.0,0.0,10.1
10059,33785,33786,7.7,2.432,14.4
10060,33787,3490,4.0,0.0,9.2
10061,33787,33788,7.333,1.667,14.3
10062,33789,33790,6.923,1.91,13.6
10063,33791,33792,6.5,1.389,12.6
10064,33791,33776,7.0,0.0,13.0
10065,33793,23648,5.0,0.667,10.4
10066,33793,33794,8.0,2.0,14.6
10067,33795,12518,2.0,0.4,4.7
10068,33801,9274,2.0,0.0,11.4
10069,33803,35640,2.0,0.0,9.2
10070,33815,35968,1.364,1.455,7.6
10071,33819,20354,1.667,0.333,4.7
10072,33821,33822,2.333,0.333,9.0
10073,33823,632,2.75,0.25,12.9
10074,33825,35252,4.0,1.158,32.1
10075,33853,33854,2.0,0.0,14.4
10076,33855,13426,3.0,0.0,21.0
10077,33863,33864,1.125,0.112,13.9
10078,33871,30834,1.269,1.005,8.5
10079,33873,33874,1.056,0.056,13.4
10080,33875,33876,1.111,0.105,13.0
10081,33877,33878,2.0,1.059,20.2
10082,33879,35406,1.111,0.222,12.7
10083,33913,33914,1.333,0.353,10.0
10084,33915,14130,3.0,0.0,15.5
10085,33915,32298,2.5,0.5,31.0
10086,33915,28654,2.467,7.41,9.6
10087,33925,33926,2.0,7.615,7.6
10088,33927,36088,3.318,1.18,35.1
10089,33927,18026,3.722,22.33,10.8
10090,33929,28480,2.571,0.286,11.3
10091,33929,25258,4.143,1.516,40.7
10092,33931,33430,1.5,0.278,9.2
10093,33935,16890,3.0,0.0,14.2
10094,34023,40104,4.0,0.0,21.6
10095,34023,12724,3.0,1.0,14.7
10096,34035,38760,3.0,0.0,14.4
10097,34037,12702,3.0,0.0,14.3
10098,34039,34008,2.0,0.0,9.3
10099,34039,34040,4.0,0.0,14.6
10100,34041,34042,3.0,0.0,14.5
10101,34043,34044,3.0,0.0,14.5
10102,34045,34046,3.0,0.0,14.5
10103,34051,8356,2.5,0.5,11.7
10104,34059,23846,1.667,0.333,7.3
10105,34059,26342,3.067,26.352,13.0
10106,34065,21478,1.083,0.083,10.8
10107,34079,34080,1.083,0.083,13.6
10108,34081,18018,5.857,1.476,60.9
10109,34081,25892,13.5,40.5,16.1
10110,34083,34084,1.917,0.083,21.6
10111,34087,34088,1.333,0.242,14.7
10112,34089,34090,1.273,0.218,13.1
10113,34093,34094,1.273,0.418,9.6
10114,34095,41694,3.667,0.5,36.5
10115,34095,37228,15.667,36.333,12.0
10116,34105,16432,5.0,0.0,22.8
10117,34171,5120,2.0,0.0,9.2
10118,34171,12854,2.0,0.0,4.7
10119,34199,12896,2.0,0.0,14.3
10120,34229,12918,3.0,0.0,13.3
10121,34265,41782,3.0,0.0,8.1
10122,34311,36502,3.0,0.0,18.7
10123,34345,21948,3.0,0.0,23.7
10124,34359,13130,2.0,0.0,9.0
10125,34367,7214,3.0,0.0,24.3
10126,34445,34446,1.182,0.164,8.8
10127,34447,24158,1.1,0.1,8.4
10128,34451,11984,4.222,0.418,45.8
10129,34463,34464,2.0,0.0,14.4
10130,34471,34472,2.0,0.0,14.6
10131,34473,27268,2.0,0.0,11.4
10132,34477,11572,2.0,0.0,12.2
10133,34617,27956,3.0,0.0,17.0
10134,34619,3862,2.0,0.0,10.1
10135,34635,34636,1.333,0.333,9.7
10136,34637,30940,1.895,6.433,8.2
10137,34643,34646,2.0,0.0,16.4
10138,34647,2224,2.0,0.0,16.0
10139,34667,17562,2.0,0.0,7.3
10140,34681,34682,1.5,0.3,10.4
10141,34683,34684,2.0,0.0,14.7
10142,34683,13396,2.0,0.0,14.2
10143,34687,25548,1.333,0.333,8.2
10144,34707,13410,3.0,0.0,15.1
10145,34753,13450,2.0,0.0,4.7
10146,34755,13456,3.0,0.0,14.4
10147,34775,34776,1.857,16.306,12.5
10148,34777,40798,1.737,0.871,6.6
10149,34777,36840,3.05,0.921,30.7
10150,34781,40800,2.0,0.0,6.6
10151,34781,21832,2.889,0.718,29.7
10152,34781,40798,21.0,0.0,12.2
10153,34827,34828,4.0,0.0,14.0
10154,34829,34830,3.0,1.0,14.4
10155,34831,9464,2.2,0.2,9.1
10156,34835,15652,2.0,0.0,9.0
10157,34837,15658,2.0,0.0,9.2
10158,34851,36846,2.909,0.491,38.8
10159,34851,41720,3.824,0.904,36.8
10160,34855,35374,2.684,0.784,24.7
10161,34867,25316,1.789,0.175,22.1
10162,34911,34912,3.0,0.0,22.4
10163,34915,196,2.0,0.0,13.8
10164,34919,39270,1.148,0.208,9.5
10165,34921,37010,1.172,0.862,9.9
10166,34939,17198,2.0,0.0,10.4
10167,34945,11384,2.0,0.0,7.7
10168,34955,13622,2.5,0.5,14.0
10169,34965,34966,3.0,0.0,14.4
10170,34977,30944,3.0,0.0,20.5
10171,34981,34982,2.0,0.0,13.5
10172,34983,34984,2.0,0.0,14.3
10173,34995,34996,2.0,0.0,14.4
10174,34997,36588,2.0,0.0,14.7
10175,35085,35086,3.0,0.0,15.7
10176,35153,13658,2.0,0.0,14.1
10177,35201,35202,2.0,0.0,10.3
10178,35215,35216,2.0,0.0,15.4
10179,35217,13872,2.0,0.0,4.7
10180,35221,35222,1.5,0.5,10.4
10181,35223,13864,2.0,0.0,13.8
10182,35249,28042,4.0,0.0,27.0
10183,35253,34774,1.25,1.355,8.2
10184,35257,35258,1.2,0.2,12.6
10185,35265,17244,6.333,0.333,59.1
10186,35265,37210,3.0,8.0,2.1
10187,35275,32686,3.812,0.563,46.4
10188,35295,35296,3.0,0.0,4.7
10189,35303,35304,1.5,0.333,10.3
10190,35307,21990,2.0,0.0,8.3
10191,35313,35314,2.0,0.0,14.5
10192,35315,4122,3.5,0.5,24.1
10193,35329,25838,2.0,0.0,15.5
10194,35375,35376,1.116,0.248,8.2
10195,35377,20446,1.176,0.154,11.0
10196,35379,35412,1.308,0.324,14.3
10197,35381,20438,1.538,0.255,19.7
10198,35403,35404,1.667,0.333,16.3
10199,35407,10802,2.263,0.76,19.8
10200,35409,37016,1.106,0.532,8.9
10201,35411,35374,2.091,0.596,24.7
10202,35413,35414,1.32,3.977,8.2
10203,35415,35408,1.321,2.731,11.6
10204,35427,35430,1.158,0.14,9.5
10205,35429,35740,1.367,0.24,10.0
10206,35431,22950,1.1,0.095,5.6
10207,35435,40214,4.364,0.338,47.6
10208,35439,22928,3.111,0.575,31.7
10209,35441,9938,3.5,0.5,36.9
10210,35441,7246,5.429,11.286,14.8
10211,35443,21576,14.438,291.862,30.8
10212,35467,35468,5.4,1.3,37.1
10213,35469,35470,2.0,0.0,14.5
10214,35471,3734,1.833,0.167,13.5
10215,35473,35474,1.8,0.2,14.3
10216,35475,35476,4.0,1.0,31.0
10217,35477,35478,3.8,0.2,27.8
10218,35479,35480,1.8,0.2,14.5
10219,35481,35482,3.2,0.2,25.1
10220,35483,35484,1.2,0.2,10.4
10221,35489,32390,1.8,0.2,9.2
10222,35511,8550,2.0,0.0,9.4
10223,35531,12016,1.167,0.152,6.0
10224,35531,35536,3.5,1.389,34.1
10225,35531,40216,5.0,0.0,36.1
10226,35535,36858,1.115,0.106,13.0
10227,35557,16436,3.0,0.0,20.9
10228,35559,39324,1.143,0.143,9.5
10229,35563,33424,2.889,2.861,8.2
10230,35565,35566,1.083,0.083,7.3
10231,35567,35568,1.3,0.233,8.3
10232,35571,28654,3.0,0.75,31.6
10233,35571,12626,14.0,0.0,8.4
10234,35577,35578,2.455,0.273,17.7
10235,35579,35580,1.417,0.265,10.7
10236,35581,35582,1.417,0.265,10.4
10237,35583,36296,1.9,0.1,15.0
10238,35587,35588,2.0,0.0,14.2
10239,35601,14148,2.0,0.0,11.2
10240,35603,30594,1.667,0.333,10.6
10241,35609,35490,2.5,0.333,21.4
10242,35617,35618,1.527,0.55,13.7
10243,35619,35620,1.156,0.18,9.3
10244,35621,23514,1.377,0.509,12.4
10245,35629,35630,2.0,0.0,19.2
10246,35635,33716,2.5,0.5,34.4
10247,35645,35646,2.0,0.0,9.3
10248,35649,35650,1.095,0.088,13.4
10249,35651,35652,3.031,36.031,8.5
10250,35653,37228,2.559,0.618,28.2
10251,35653,12782,2.0,0.5,8.5
10252,35655,35656,1.265,1.898,8.2
10253,35657,39182,1.783,0.663,18.6
10254,35661,35662,2.0,0.0,13.8
10255,35663,36400,3.0,0.0,19.3
10256,35669,35670,2.0,0.0,15.3
10257,35671,35672,1.5,0.5,10.4
10258,35673,35674,1.5,0.5,10.4
10259,35675,35676,3.0,0.0,14.3
10260,35679,35680,3.0,0.0,14.9
10261,35681,35660,2.0,0.0,14.1
10262,35691,34442,3.0,0.5,21.2
10263,35693,35654,1.109,0.099,13.4
10264,35693,14184,7.0,0.0,5.9
10265,35701,29162,2.0,0.0,11.2
10266,35701,35702,2.0,0.0,19.2
10267,35703,14090,2.0,0.0,6.6
10268,35727,41806,2.0,0.0,11.4
10269,35729,35730,1.419,0.252,18.5
10270,35733,35734,1.355,0.237,17.6
10271,35735,35736,1.048,0.048,9.4
10272,35737,30748,1.15,0.134,8.0
10273,35739,27372,1.167,0.145,5.6
10274,35741,22936,1.25,0.2,6.7
10275,35741,36986,1.056,0.056,9.6
10276,35745,35738,1.125,0.125,8.3
10277,35747,22958,1.154,0.135,7.6
10278,35747,35426,1.4,0.253,10.8
10279,35775,35776,1.476,0.262,18.4
10280,35785,35786,1.333,0.588,12.2
10281,35785,41902,2.5,5.667,11.5
10282,35789,34852,1.105,0.099,14.8
10283,35793,4126,2.5,0.333,23.6
10284,35795,35796,1.5,0.273,10.4
10285,35799,4228,2.0,0.0,8.0
10286,35799,35800,1.455,0.273,11.2
10287,35801,35576,1.182,0.164,10.6
10288,35803,35804,2.6,0.253,17.9
10289,35805,35806,1.579,0.257,10.4
10290,35807,35808,2.105,2.988,10.4
10291,35809,35810,2.0,0.118,14.4
10292,35811,35812,1.722,0.212,10.4
10293,35813,28040,1.1,0.1,5.7
10294,35813,28496,1.75,0.214,14.5
10295,35847,25242,3.667,0.333,16.0
10296,35885,30742,1.4,0.8,11.9
10297,35887,35884,1.2,0.2,17.3
10298,35887,30712,6.737,99.538,17.7
10299,35895,35896,3.5,0.5,14.4
10300,35897,35898,3.0,0.0,12.5
10301,35899,35900,1.333,0.333,7.9
10302,35901,25588,2.0,0.0,10.7
10303,35901,5168,2.0,0.0,14.6
10304,35909,32846,2.667,0.267,22.7
10305,35909,35910,2.0,0.0,23.3
10306,35911,38472,2.0,0.0,19.9
10307,35949,37036,6.667,6.333,33.7
10308,35951,22934,2.118,0.11,16.8
10309,35957,29770,3.0,0.0,22.7
10310,35969,37698,2.944,0.879,29.0
10311,35987,14452,4.0,0.0,21.8
10312,35999,14466,2.0,0.0,4.7
10313,36009,22530,2.0,0.0,17.8
10314,36017,15378,2.667,0.333,24.8
10315,36023,11826,1.65,0.239,13.5
10316,36043,36044,1.5,0.5,14.5
10317,36045,36046,2.0,0.0,14.0
10318,36047,36048,1.667,0.333,14.6
10319,36049,36050,2.0,0.0,14.5
10320,36051,41710,2.0,0.0,20.6
10321,36051,19452,2.667,0.333,15.2
10322,36067,41760,2.5,0.5,11.4
10323,36067,19498,3.0,0.0,18.6
10324,36069,14536,1.5,0.5,4.7
10325,36083,36084,2.0,0.0,15.3
10326,36085,23590,4.0,0.0,23.6
10327,36089,37460,4.522,243.625,8.2
10328,36113,6642,2.0,0.0,13.5
10329,36129,36130,1.952,0.242,23.7
10330,36131,39194,1.452,0.303,15.7
10331,36137,36138,4.0,0.0,25.9
10332,36155,7974,2.0,0.0,9.2
10333,36175,30804,2.0,0.0,17.5
10334,36195,25770,2.0,0.0,9.2
10335,36197,36202,3.667,0.333,7.5
10336,36201,28478,3.0,0.0,10.3
10337,36203,36220,5.333,0.333,10.0
10338,36213,36214,10.0,2.0,18.6
10339,36215,36216,2.5,0.5,5.3
10340,36217,36200,4.0,0.0,5.6
10341,36221,36212,5.5,0.5,9.1
10342,36233,36234,2.0,0.0,14.5
10343,36235,36236,3.0,0.0,17.1
10344,36239,20838,3.0,0.0,10.9
10345,36275,36276,3.0,0.0,14.3
10346,36277,36278,3.667,0.333,14.2
10347,36279,36280,3.0,1.0,14.5
10348,36281,28814,3.667,0.333,16.0
10349,36299,36300,1.909,0.091,14.6
10350,36301,36302,2.0,0.727,14.8
10351,36303,36304,1.417,0.265,10.5
10352,36331,36332,3.0,0.0,14.2
10353,36333,36334,2.0,0.0,14.4
10354,36335,36354,3.0,0.0,15.2
10355,36423,26340,3.5,1.316,10.9
10356,36431,14848,2.0,0.0,4.7
10357,36433,14858,3.0,0.0,14.5
10358,36435,14848,7.0,0.0,30.0
10359,36447,8412,3.0,0.0,15.8
10360,36449,20408,2.0,0.0,9.0
10361,36451,36452,2.783,11.952,19.0
10362,36453,22578,1.911,0.719,19.0
10363,36453,38950,2.0,0.0,7.1
10364,36467,37468,1.667,0.333,13.2
10365,36555,36556,2.0,0.0,22.3
10366,36569,36570,3.0,0.0,17.6
10367,36571,25318,2.0,0.0,14.5
10368,36589,36590,2.0,0.0,14.3
10369,36601,36602,8.0,0.0,13.2
10370,36605,28134,2.5,0.5,8.8
10371,36607,36608,3.0,0.0,4.9
10372,36609,36600,6.0,0.0,8.4
10373,36727,36756,3.0,0.0,14.2
10374,36757,15160,3.0,0.0,14.2
10375,36801,22030,2.0,0.0,6.3
10376,36803,15188,5.0,0.0,9.9
10377,36813,15196,5.0,0.0,21.1
10378,36817,38750,3.0,0.0,14.4
10379,36825,36826,2.0,0.0,5.0
10380,36827,27894,2.0,0.0,6.6
10381,36831,29062,3.0,0.0,12.4
10382,36841,38900,1.333,0.27,14.7
10383,36849,36850,1.529,0.265,26.4
10384,36853,26072,2.118,1.11,26.0
10385,36855,36856,1.583,5.993,8.6
10386,36857,37646,2.444,0.641,27.2
10387,36857,37640,13.75,174.917,11.3
10388,36859,39230,1.66,0.267,13.6
10389,36863,15500,2.556,0.278,10.2
10390,36877,30584,1.143,0.143,5.5
10391,36877,23038,1.103,0.096,13.8
10392,36891,15284,3.0,0.0,16.0
10393,36895,15294,3.0,0.0,14.3
10394,36905,36906,2.0,0.0,9.0
10395,36925,36926,3.0,0.0,14.5
10396,36927,36928,3.0,0.0,14.6
10397,36929,36930,3.0,0.0,14.6
10398,36931,36932,3.0,0.0,13.6
10399,36933,11706,3.0,0.0,13.8
10400,36953,38766,5.0,0.0,25.6
10401,36987,35746,1.105,0.099,10.1
10402,36993,5546,1.25,0.25,16.0
10403,37001,37002,1.2,0.2,5.8
10404,37007,37008,1.091,0.224,6.8
10405,37009,19818,1.257,0.255,12.3
10406,37009,35378,1.158,0.191,11.0
10407,37011,37012,1.156,0.316,7.3
10408,37013,38194,1.467,0.257,9.7
10409,37013,35380,1.128,0.167,12.9
10410,37015,37006,1.186,0.155,13.2
10411,37017,37018,1.079,0.129,7.3
10412,37019,22428,1.208,0.172,10.6
10413,37019,34920,1.147,0.493,11.9
10414,37025,31794,1.619,0.348,14.0
10415,37027,22930,3.273,0.642,27.0
10416,37029,39008,1.452,0.303,17.0
10417,37031,37032,1.477,0.302,16.6
10418,37031,34228,36.0,0.0,10.0
10419,37033,27530,2.0,0.0,14.5
10420,37033,22224,1.643,0.479,18.2
10421,37035,39010,1.356,0.234,17.1
10422,37039,35438,4.0,55.286,9.5
10423,37043,14486,2.0,0.0,17.2
10424,37053,38086,1.875,0.125,8.5
10425,37055,41824,3.0,0.0,28.8
10426,37059,26570,2.0,0.0,14.1
10427,37071,37100,3.0,0.0,14.2
10428,37101,37102,3.0,0.0,14.4
10429,37103,37104,2.0,0.0,6.2
10430,37105,2728,2.0,0.0,13.2
10431,37145,15460,1.5,0.3,4.7
10432,37159,5114,2.0,0.0,9.2
10433,37163,40656,1.5,0.5,6.9
10434,37163,18474,3.0,0.0,11.7
10435,37171,37172,1.25,0.25,15.9
10436,37183,37184,1.143,0.132,11.4
10437,37185,37186,1.167,0.333,10.1
10438,37195,34746,3.0,0.0,23.5
10439,37197,15498,2.0,0.0,4.7
10440,37199,15240,4.0,0.0,14.3
10441,37199,15500,2.0,0.0,4.7
10442,37217,33824,1.778,1.359,8.1
10443,37227,37844,1.206,0.168,11.6
10444,37231,37232,1.111,0.101,14.0
10445,37233,37234,1.038,0.038,8.1
10446,37237,27392,1.6,0.3,5.6
10447,37237,32998,1.974,0.499,19.5
10448,37239,37240,2.95,68.155,9.9
10449,37241,11240,2.071,0.069,14.4
10450,37243,37244,3.0,0.0,14.8
10451,37245,37246,3.333,0.333,16.4
10452,37247,39946,4.5,0.5,20.1
10453,37289,21166,2.0,0.0,17.8
10454,37309,37310,1.333,0.333,9.7
10455,37311,37312,1.5,0.5,9.5
10456,37313,37314,1.333,0.333,10.0
10457,37315,21816,1.333,0.333,13.4
10458,37317,35608,1.5,0.333,13.0
10459,37381,37382,3.0,0.0,14.4
10460,37383,37384,4.0,0.0,14.3
10461,37383,34836,2.5,0.5,14.2
10462,37385,37386,4.0,0.0,14.4
10463,37387,37388,3.0,0.0,14.5
10464,37389,37390,4.0,0.0,14.2
10465,37405,22744,3.0,0.0,14.2
10466,37419,15702,2.0,0.0,4.7
10467,37421,37422,2.0,0.0,13.1
10468,37427,37428,3.167,21.508,8.1
10469,37429,37430,3.405,12.1,12.7
10470,37431,21890,2.0,0.0,19.6
10471,37431,32264,2.367,22.102,2.9
10472,37437,32296,2.8,0.2,20.8
10473,37439,37440,1.111,0.111,10.6
10474,37439,15694,1.667,1.333,3.1
10475,37445,29672,5.5,40.5,2.8
10476,37455,37456,1.091,0.091,13.3
10477,37461,37462,1.304,0.767,8.1
10478,37463,37464,1.24,0.19,5.0
10479,37465,40320,3.053,0.608,17.2
10480,37465,39148,3.25,1.0,33.8
10481,37469,25454,3.0,0.0,21.5
10482,37471,31526,1.7,0.221,20.1
10483,37487,39218,4.0,0.0,16.1
10484,37525,19618,1.5,0.5,13.9
10485,37539,37540,3.0,0.0,23.3
10486,37541,35090,3.0,0.0,25.9
10487,37567,37574,3.0,0.0,14.2
10488,37575,37576,3.0,0.0,14.5
10489,37577,37578,3.0,0.0,14.5
10490,37603,37604,2.0,0.0,12.1
10491,37607,30168,2.333,0.333,15.6
10492,37609,37610,2.0,0.0,14.2
10493,37611,37612,2.0,0.0,14.6
10494,37613,37614,2.0,0.0,13.6
10495,37615,37616,2.0,0.0,15.5
10496,37617,37618,5.0,0.0,40.3
10497,37619,37606,3.0,0.0,25.1
10498,37629,29722,2.0,0.0,14.2
10499,37633,37634,1.083,0.079,11.2
10500,37635,39040,1.857,0.174,23.8
10501,37641,37642,1.25,0.25,11.3
10502,37645,32686,5.667,0.333,47.7
10503,37651,37652,1.333,0.267,9.4
10504,37653,37654,2.0,0.4,15.3
10505,37659,37648,1.667,0.667,12.5
10506,37677,37678,1.029,0.029,9.2
10507,37679,37680,1.391,0.243,16.0
10508,37681,37682,1.87,0.16,21.9
10509,37683,37684,1.644,5.78,9.9
10510,37685,39244,1.478,0.477,14.0
10511,37693,34778,1.056,0.056,8.2
10512,37695,32996,4.049,1.548,38.7
10513,37695,37712,41.375,671.982,16.0
10514,37697,41394,1.091,0.087,13.7
10515,37699,37700,1.5,0.265,18.8
10516,37707,37708,1.077,0.074,8.2
10517,37709,39172,1.757,0.523,18.8
10518,37713,32564,4.805,120.711,21.1
10519,37723,33102,1.5,0.5,7.4
10520,37735,37736,3.0,0.0,14.3
10521,37735,32258,3.0,0.0,14.3
10522,37743,15970,2.0,0.0,18.8
10523,37743,38834,3.19,0.262,33.6
10524,37745,5648,2.0,0.0,13.9
10525,37747,15976,2.0,0.0,4.7
10526,37773,37776,2.0,0.0,10.8
10527,37777,37778,3.0,0.0,14.4
10528,37779,37780,3.0,0.0,14.1
10529,37783,29004,2.0,0.0,9.6
10530,37787,37788,2.0,0.0,14.4
10531,37789,37790,2.0,0.0,14.5
10532,37797,37798,4.0,0.0,13.6
10533,37799,32044,2.0,0.0,11.5
10534,37827,15844,3.0,0.0,14.9
10535,37829,37830,5.0,0.0,10.4
10536,37831,37832,2.0,0.0,5.0
10537,37833,37834,5.0,0.0,10.4
10538,37835,37836,4.0,0.0,10.4
10539,37837,37838,5.0,0.0,10.4
10540,37839,37840,4.0,0.0,9.4
10541,37845,39406,1.773,0.366,20.1
10542,37847,37712,3.815,1.464,36.6
10543,37847,37226,8.0,0.0,15.8
10544,37849,35976,2.529,1.226,14.2
10545,37851,37852,1.333,0.333,5.3
10546,37861,38364,12.75,552.25,1.3
10547,37863,32732,1.636,0.255,13.2
10548,37867,37692,1.259,0.353,11.8
10549,37915,60,3.0,0.0,9.0
10550,38011,38012,1.125,0.125,17.8
10551,38013,26142,2.0,0.0,8.9
10552,38013,25426,1.222,0.194,16.0
10553,38015,38018,2.0,0.0,14.1
10554,38021,38794,1.542,0.259,18.9
10555,38023,38026,1.143,0.129,17.7
10556,38023,39206,1.667,0.333,17.7
10557,38027,38802,1.19,0.162,15.7
10558,38029,38030,1.167,0.167,14.3
10559,38033,38034,1.167,0.167,14.6
10560,38059,38060,2.0,0.0,8.0
10561,38065,38066,7.0,0.0,14.4
10562,38085,40796,1.125,0.25,8.6
10563,38087,39316,2.714,0.238,12.9
10564,38091,36724,2.0,0.0,18.9
10565,38093,6906,1.5,0.333,9.5
10566,38149,38146,3.0,0.0,13.7
10567,38163,38164,1.5,0.5,19.8
10568,38169,25420,2.0,0.0,7.6
10569,38177,38292,3.0,0.0,14.2
10570,38195,26678,1.185,0.157,10.4
10571,38199,23722,2.0,0.0,11.4
10572,38201,14470,4.0,0.0,26.4
10573,38201,16378,2.0,0.0,4.8
10574,38209,38210,1.333,0.267,10.2
10575,38213,24534,3.0,0.4,18.6
10576,38215,38216,2.0,0.0,14.4
10577,38219,568,3.0,0.0,15.4
10578,38219,32476,2.0,0.0,15.3
10579,38229,38230,2.0,0.0,11.5
10580,38235,4340,3.0,0.0,23.0
10581,38243,12032,3.0,0.0,17.2
10582,38271,12038,3.8,0.7,33.6
10583,38273,38274,2.5,0.5,14.5
10584,38275,38276,2.0,0.0,11.2
10585,38277,38278,2.0,0.0,11.2
10586,38277,38282,2.0,0.0,9.0
10587,38287,12040,2.0,0.0,15.1
10588,38293,1588,2.0,0.0,14.0
10589,38341,38346,3.0,0.0,14.2
10590,38347,38348,3.0,0.0,14.4
10591,38349,38350,3.0,0.0,14.4
10592,38351,38352,4.0,0.0,14.4
10593,38353,38354,3.0,0.0,14.4
10594,38355,38902,2.0,0.0,17.2
10595,38365,33826,2.5,0.5,15.4
10596,38365,15752,2.857,0.476,22.5
10597,38389,23796,1.467,0.255,16.2
10598,38431,38432,1.158,0.14,8.4
10599,38433,26958,2.0,0.0,12.1
10600,38433,23098,1.833,0.147,23.3
10601,38491,23554,3.0,0.0,13.0
10602,38491,2148,3.833,1.767,26.9
10603,38541,28742,2.0,0.0,10.4
10604,38541,11552,3.0,0.0,13.2
10605,38541,33286,7.545,1.273,78.4
10606,38543,28702,1.611,0.252,9.7
10607,38543,29960,1.4,0.306,16.4
10608,38545,33284,2.562,1.862,12.1
10609,38545,40188,6.833,1.794,73.4
10610,38545,28742,5.0,0.0,40.8
10611,38557,38558,2.0,0.0,14.9
10612,38559,5166,4.0,0.0,35.0
10613,38561,38562,2.067,0.21,15.2
10614,38565,38566,1.733,0.21,14.5
10615,38567,38568,1.111,0.105,12.7
10616,38569,38570,1.474,0.596,13.9
10617,38571,38572,1.5,0.278,5.7
10618,38573,38574,1.6,0.568,13.8
10619,38575,38576,19.474,781.708,8.7
10620,38577,23056,13.6,637.621,6.3
10621,38581,32252,2.5,0.5,11.6
10622,38607,38612,2.0,0.0,16.4
10623,38609,38714,2.0,0.0,16.5
10624,38611,38718,6.0,0.0,42.9
10625,38611,38700,7.0,0.0,56.7
10626,38613,16820,3.0,0.0,14.3
10627,38613,38682,2.0,0.0,11.1
10628,38651,38652,3.0,0.0,14.4
10629,38657,38710,2.0,0.0,9.0
10630,38677,38650,2.0,0.0,9.0
10631,38681,38656,2.0,0.0,8.9
10632,38683,38680,2.0,0.0,9.1
10633,38701,38624,2.0,0.0,12.8
10634,38701,19888,5.0,0.0,36.0
10635,38705,38706,4.0,0.0,14.3
10636,38715,38676,3.0,0.0,15.9
10637,38717,10130,3.0,0.0,14.0
10638,38731,38732,2.0,0.0,14.4
10639,38733,38734,2.0,0.0,19.1
10640,38739,31788,1.8,0.2,11.9
10641,38751,16856,2.0,0.0,4.7
10642,38761,38762,3.0,0.0,13.2
10643,38795,37024,1.048,0.048,14.5
10644,38799,16218,1.826,0.241,18.3
10645,38801,38806,2.783,0.542,17.6
10646,38807,38024,1.962,1.798,18.0
10647,38811,38806,1.333,0.333,9.1
10648,38811,38804,3.0,1.0,23.0
10649,38815,38816,3.0,0.0,14.8
10650,38851,22962,1.333,0.333,9.6
10651,38861,38862,1.357,0.247,19.2
10652,38863,38864,1.067,0.067,13.4
10653,38865,38866,1.154,0.308,13.2
10654,38867,26540,1.571,0.418,11.8
10655,38869,38872,2.0,0.0,5.0
10656,38873,38874,2.0,0.0,5.0
10657,38875,38876,2.0,0.0,5.6
10658,38877,38878,2.0,0.0,6.6
10659,38879,38880,3.0,0.0,6.0
10660,38883,38884,2.0,0.0,5.0
10661,38885,38870,4.0,0.0,9.1
10662,38887,38888,4.0,0.0,9.4
10663,38889,19804,5.0,0.0,23.8
10664,38891,38868,2.0,0.0,5.0
10665,38895,41892,1.75,0.6,19.4
10666,38895,40434,5.538,159.518,19.5
10667,38897,41858,1.3,0.233,8.3
10668,38899,5054,1.882,0.652,16.6
10669,38901,38904,1.08,0.075,13.0
10670,38903,38900,2.5,0.5,17.0
10671,38903,37692,3.5,0.5,29.1
10672,38905,38906,1.042,0.041,13.0
10673,38909,38910,3.388,0.284,40.9
10674,38911,23036,2.312,0.305,28.6
10675,38913,21628,3.0,0.0,14.8
10676,38923,15904,1.741,9.661,8.8
10677,38929,38930,1.647,0.243,12.0
10678,38931,27794,1.867,0.124,14.0
10679,38931,22124,3.0,0.0,18.0
10680,38931,12304,2.0,0.0,14.3
10681,38935,38936,2.0,0.0,12.8
10682,38941,38942,2.0,0.0,14.6
10683,38943,38934,2.0,0.0,14.2
10684,38943,3386,2.0,0.0,4.7
10685,38949,32544,2.133,0.124,12.2
10686,38949,9914,7.25,40.917,12.0
10687,38997,7236,2.0,0.0,6.8
10688,38999,39000,1.615,0.326,20.3
10689,39001,21504,1.889,1.718,20.4
10690,39003,39006,1.4,0.257,17.4
10691,39005,26984,5.0,0.0,28.3
10692,39005,32774,3.417,0.447,43.9
10693,39019,23032,2.0,0.0,23.2
10694,39037,39032,1.167,0.167,12.8
10695,39041,32302,1.049,0.048,13.2
10696,39043,39044,6.724,869.707,7.9
10697,39045,32718,5.758,569.564,11.2
10698,39121,17130,3.0,0.0,13.0
10699,39125,12108,1.333,0.333,9.8
10700,39127,14968,2.0,0.0,13.0
10701,39145,24342,3.0,0.0,14.1
10702,39155,39156,1.88,0.11,22.3
10703,39157,18026,3.429,0.619,15.9
10704,39157,40218,3.611,1.075,35.1
10705,39159,17176,1.5,0.286,13.1
10706,39161,24944,2.138,24.909,12.1
10707,39173,35646,1.15,0.131,13.4
10708,39183,39184,1.029,0.029,9.8
10709,39185,36450,1.771,0.351,19.6
10710,39191,13600,2.0,0.0,18.5
10711,39195,37028,1.061,0.059,8.2
10712,39199,23050,2.5,0.5,29.9
10713,39207,38038,3.333,0.333,27.1
10714,39211,39212,3.0,0.0,14.4
10715,39213,25980,2.143,0.132,14.4
10716,39231,39232,1.358,0.234,13.9
10717,39233,39234,1.509,0.255,19.7
10718,39235,39236,1.038,0.037,13.3
10719,39239,39240,1.067,0.109,12.9
10720,39241,39242,2.806,69.19,8.0
10721,39243,31796,4.469,0.921,49.7
10722,39243,11502,13.0,0.0,30.2
10723,39245,35528,3.565,66.802,22.3
10724,39245,31064,1.87,0.119,22.1
10725,39251,39252,3.2,0.2,14.1
10726,39253,5036,1.25,0.25,4.9
10727,39253,39254,1.077,0.077,13.2
10728,39257,39258,1.071,0.071,9.4
10729,39259,39260,1.167,0.147,13.3
10730,39261,39262,1.278,0.33,11.5
10731,39263,37210,5.842,1.14,63.9
10732,39271,20444,1.75,0.258,19.7
10733,39277,28546,4.333,0.333,30.9
10734,39281,3752,3.0,0.0,14.2
10735,39287,41522,3.0,1.333,34.1
10736,39289,25932,2.833,0.967,24.3
10737,39289,24546,1.2,0.2,4.6
10738,39323,1620,2.5,0.333,17.5
10739,39327,39338,2.0,0.0,16.7
10740,39329,39330,1.85,1.503,8.1
10741,39331,39340,3.043,0.407,22.1
10742,39339,38932,3.5,0.5,19.5
10743,39341,33656,1.043,0.043,9.8
10744,39367,21952,2.857,0.476,7.2
10745,39369,17290,3.111,0.105,24.6
10746,39369,38932,3.6,0.3,20.6
10747,39391,20686,2.5,0.5,12.3
10748,39393,40666,3.333,0.333,14.7
10749,39401,39402,3.0,139.944,8.5
10750,39403,37694,9.24,371.533,11.1
10751,39425,5980,2.0,0.0,14.6
10752,39459,39460,2.333,7.536,7.2
10753,39461,39462,1.379,0.315,10.2
10754,39463,39470,1.043,0.043,4.7
10755,39469,26960,3.429,0.286,32.1
10756,39471,21330,2.478,0.261,23.7
10757,39473,1616,2.654,0.235,31.5
10758,39485,39488,3.0,0.0,14.7
10759,39523,39524,3.0,0.0,14.4
10760,39525,40362,3.0,0.0,13.5
10761,39549,40768,2.0,0.0,11.4
10762,39593,39594,3.0,0.0,14.4
10763,39605,39606,3.0,0.0,14.4
10764,39613,17516,1.5,0.5,4.7
10765,39623,39624,3.0,0.0,14.7
10766,39663,17566,2.0,0.0,4.7
10767,39695,17602,3.0,0.0,14.2
10768,39737,39738,4.0,0.0,14.6
10769,39749,17644,1.5,0.5,4.7
10770,39799,17690,2.0,0.0,4.7
10771,39821,39822,3.0,0.0,18.2
10772,39823,39824,2.0,0.0,15.6
10773,39825,10152,3.0,0.0,17.1
10774,39881,22502,2.0,0.0,9.0
10775,39887,22506,1.5,0.5,7.8
10776,39895,17786,2.0,0.0,4.7
10777,39913,17804,2.0,0.0,4.7
10778,39929,10102,2.0,0.0,14.0
10779,39947,4532,2.5,0.5,14.2
10780,39953,39954,3.0,0.0,14.1
10781,39955,33096,3.0,0.0,8.7
10782,39985,39986,1.4,0.3,7.8
10783,39989,41264,1.2,0.2,5.1
10784,39997,33322,3.864,4.123,30.6
10785,39997,26668,20.0,0.0,15.7
10786,40013,39454,1.062,0.062,9.3
10787,40015,40010,1.333,0.333,9.3
10788,40017,20278,1.667,0.333,7.7
10789,40029,32322,1.172,0.148,22.9
10790,40033,35428,1.103,0.096,9.5
10791,40037,20154,1.045,0.045,7.1
10792,40073,23534,3.0,0.0,13.1
10793,40105,34038,3.0,0.0,14.5
10794,40175,40176,1.182,0.164,13.2
10795,40177,40178,1.455,0.473,13.1
10796,40179,25862,5.636,0.655,60.2
10797,40181,29930,1.5,0.333,6.6
10798,40181,32712,3.111,0.73,31.5
10799,40183,38542,2.75,0.917,19.2
10800,40185,40186,1.333,0.267,6.7
10801,40187,33652,12.667,657.467,17.8
10802,40193,40218,1.667,0.333,6.3
10803,40193,36088,5.231,0.692,28.7
10804,40199,26102,1.25,0.25,7.3
10805,40201,17970,3.0,0.0,17.1
10806,40205,40206,1.571,0.286,10.5
10807,40211,40212,1.1,0.1,14.6
10808,40213,40200,3.333,0.267,38.2
10809,40213,40198,6.0,0.667,31.3
10810,40215,20832,1.889,0.103,24.6
10811,40217,25940,2.0,0.154,24.5
10812,40219,33928,1.571,0.357,18.1
10813,40221,38388,1.178,0.149,12.6
10814,40223,40438,1.5,0.269,8.1
10815,40223,40436,2.37,0.473,30.1
10816,40227,32794,2.0,0.0,16.4
10817,40331,40332,2.0,0.0,9.8
10818,40333,40334,2.0,0.0,13.2
10819,40387,18214,2.0,0.0,4.7
10820,40435,40442,3.733,0.21,42.0
10821,40435,40440,3.348,16.055,16.1
10822,40437,37632,1.407,0.251,18.0
10823,40439,24130,1.463,0.255,17.9
10824,40441,40220,6.889,3.359,28.6
10825,40441,23802,3.833,0.167,36.4
10826,40441,40222,2.0,0.0,15.8
10827,40455,41246,2.0,0.0,9.1
10828,40457,39250,1.2,0.2,22.0
10829,40493,40494,3.0,0.0,14.6
10830,40501,18316,2.0,0.0,11.3
10831,40511,11558,2.0,0.0,14.6
10832,40553,10548,2.0,0.0,13.7
10833,40635,40636,3.0,0.0,13.5
10834,40635,18444,2.0,0.0,4.7
10835,40637,18450,3.0,0.0,11.2
10836,40659,32794,2.0,0.0,16.9
10837,40667,39390,2.5,0.5,12.6
10838,40669,40672,2.083,0.265,9.3
10839,40669,40680,2.606,0.434,25.8
10840,40671,40680,3.0,0.0,17.2
10841,40671,40684,3.636,0.255,26.1
10842,40675,40676,1.097,0.09,11.8
10843,40677,40678,1.727,0.205,20.9
10844,40677,1470,5.0,0.0,24.3
10845,40679,20254,2.286,16.714,5.4
10846,40681,40682,1.037,0.037,10.2
10847,40683,18488,4.029,0.382,47.9
10848,40685,16522,1.714,3.571,1.5
10849,40787,18590,2.0,0.0,4.7
10850,40793,40794,2.233,33.909,14.2
10851,40795,40684,2.414,0.251,27.7
10852,40797,36840,1.167,0.167,5.0
10853,40797,40800,6.0,0.0,33.2
10854,40797,21832,3.235,0.566,18.0
10855,40801,13474,2.0,0.0,12.7
10856,40803,36840,2.5,0.5,9.8
10857,40841,40842,2.0,0.0,25.4
10858,40843,23798,1.438,3.062,8.2
10859,40845,19034,2.0,0.0,17.0
10860,40845,40846,1.909,0.091,25.4
10861,40851,18634,1.25,0.25,4.7
10862,40903,40904,3.0,0.0,14.2
10863,40905,35894,3.0,0.0,14.2
10864,40907,14384,3.0,0.0,14.2
10865,40921,40922,3.0,0.0,14.1
10866,40947,40942,2.0,0.0,14.5
10867,40985,29270,2.0,0.0,8.1
10868,41005,18808,2.0,0.0,9.1
10869,41009,41004,2.5,0.5,14.2
10870,41019,41020,3.0,0.0,10.5
10871,41021,18786,2.0,0.0,12.6
10872,41025,41026,2.5,0.5,13.7
10873,41027,41028,2.5,0.5,13.8
10874,41029,41030,3.0,0.0,14.4
10875,41031,41016,3.0,0.0,12.7
10876,41097,18880,2.0,0.0,4.7
10877,41105,41106,3.0,0.0,15.2
10878,41107,8476,2.0,0.0,11.1
10879,41177,18960,1.5,0.5,4.7
10880,41181,18964,1.5,0.5,4.7
10881,41215,8972,2.0,0.0,11.1
10882,41231,41232,2.0,0.0,13.6
10883,41233,41234,1.875,0.125,14.3
10884,41235,41236,1.375,0.268,11.0
10885,41237,26358,2.0,0.0,9.8
10886,41237,41238,1.4,0.267,11.2
10887,41239,41240,1.7,0.233,12.9
10888,41241,40842,4.0,0.889,32.1
10889,41247,31720,3.0,0.0,15.8
10890,41251,570,2.0,0.0,9.5
10891,41267,41268,1.2,0.2,9.8
10892,41269,38208,1.333,0.267,9.5
10893,41273,26454,2.0,0.0,14.4
10894,41313,19118,1.5,0.5,9.4
10895,41367,41368,1.429,0.418,10.7
10896,41369,41370,1.857,0.286,19.0
10897,41371,39340,2.071,0.533,22.0
10898,41385,4120,4.0,0.0,19.8
10899,41395,41396,1.045,0.045,13.1
10900,41399,41400,1.045,0.045,11.8
10901,41401,41402,1.182,0.156,13.4
10902,41409,41410,1.143,0.143,4.0
10903,41411,34058,5.444,42.497,16.3
10904,41411,4220,8.0,0.0,3.6
10905,41427,37722,2.0,0.0,14.4
10906,41427,32134,2.0,0.0,14.2
10907,41449,41450,2.0,0.0,11.3
10908,41451,41456,2.0,0.0,11.4
10909,41455,12558,2.0,0.0,7.5
10910,41465,41466,3.0,0.0,14.4
10911,41471,41472,3.0,0.0,14.2
10912,41473,30532,3.0,0.0,12.6
10913,41489,41490,2.0,0.0,10.2
10914,41491,41492,2.0,0.0,12.1
10915,41493,9788,3.0,0.0,14.5
10916,41497,76,2.0,0.0,9.2
10917,41497,19256,2.0,0.0,4.7
10918,41505,19264,2.0,0.0,4.7
10919,41507,41508,1.5,0.5,9.5
10920,41525,41824,1.962,0.598,28.2
10921,41533,41534,3.0,0.0,14.9
10922,41535,19296,2.0,0.0,4.7
10923,41545,19702,1.091,0.091,21.2
10924,41553,19312,2.0,0.0,9.1
10925,41573,19328,3.0,0.0,14.4
10926,41577,41464,3.0,0.0,9.1
10927,41589,112,2.5,0.5,21.5
10928,41611,34304,3.0,0.0,14.4
10929,41661,8982,2.0,0.0,9.0
10930,41689,162,2.0,0.0,8.8
10931,41699,41700,1.238,0.19,13.8
10932,41707,41708,1.105,0.099,12.5
10933,41709,41710,2.19,0.262,24.7
10934,41711,41712,1.773,0.47,22.5
10935,41713,41714,1.143,0.129,14.2
10936,41715,41696,1.682,0.703,13.6
10937,41717,41718,1.091,0.087,13.4
10938,41751,41752,4.0,0.0,18.6
10939,41751,29982,3.0,0.0,17.1
10940,41753,1988,3.0,0.0,15.2
10941,41755,41756,1.167,0.167,6.7
10942,41757,38286,1.4,0.3,6.6
10943,41761,37242,6.0,0.0,29.6
10944,41779,19514,2.0,0.0,4.7
10945,41785,17204,2.0,0.0,13.3
10946,41809,41810,1.857,0.143,12.6
10947,41815,41806,2.143,0.143,11.8
10948,41827,41522,3.562,0.396,33.9
10949,41827,17264,3.4,0.489,35.8
10950,41829,39392,3.667,0.333,15.7
10951,41837,38896,2.5,0.5,11.5
10952,41841,19556,1.529,0.515,13.4
10953,41843,19554,1.095,0.09,13.7
10954,41845,41846,1.167,0.167,5.2
10955,41847,19554,1.667,0.267,13.2
10956,41849,37466,3.5,1.0,18.7
10957,41851,12396,2.0,0.462,12.2
10958,41853,37674,4.0,0.609,44.6
10959,41853,2300,5.0,0.0,44.7
10960,41855,35788,2.0,0.0,11.6
10961,41857,4884,2.036,0.217,23.9
10962,41859,23838,3.4,0.711,29.3
10963,41863,9998,2.895,0.637,33.0
10964,41863,41872,8.0,0.0,8.8
10965,41865,27788,1.222,0.194,5.2
10966,41865,41862,1.692,0.377,14.8
10967,41873,41870,3.0,0.0,10.8
10968,41875,41876,1.407,0.251,16.0
10969,41889,29942,3.0,0.0,16.9
10970,41891,40438,3.5,0.577,35.6
10971,41893,37632,1.933,0.924,17.1
10972,41895,37700,2.0,0.0,19.0
10973,41897,25552,2.0,0.0,7.1
10974,41897,5434,5.0,0.0,22.1
10975,41901,25864,2.0,1.0,14.1
10976,41903,31328,3.0,0.0,21.3
10977,41903,10464,3.0,0.0,13.9
10978,41903,35776,2.0,0.0,14.5
10979,41907,38998,2.5,1.0,10.5
10980,41909,38798,1.045,0.045,11.8
10981,41915,24366,1.667,0.333,4.7
10982,41921,41922,1.636,0.255,9.4
10983,41927,35616,2.0,0.0,24.1
10984,41929,2912,3.0,1.0,15.4
10985,41935,29926,1.571,0.619,17.9
10986,41937,27592,1.094,0.088,12.2
10987,41939,25370,1.519,0.259,14.5
10988,41941,19144,2.5,1.0,20.6
10989,41943,11148,2.0,0.0,13.7
10990,41949,32038,2.889,0.179,31.8
