{
"type": "FeatureCollection",
"features": [
{ "type": "Feature", "properties": { "node_index": 0, "is_stop_only": false }, "geometry": { "type": "Point", "coordinates": [ 584667.774367724661715, 4507499.057657770812511 ] } },
{ "type": "Feature", "properties": { "node_index": 1, "is_stop_only": false }, "geometry": { "type": "Point", "coordinates": [ 584627.593756100977771, 4507467.513309463858604 ] } },
{ "type": "Feature", "properties": { "node_index": 2, "is_stop_only": false }, "geometry": { "type": "Point", "coordinates": [ 587655.096113771083765, 4512660.692079809494317 ] } },
{ "type": "Feature", "properties": { "node_index": 3, "is_stop_only": false }, "geometry": { "type": "Point", "coordinates": [ 587000.373637009528466, 4513013.541380636394024 ] } },
{ "type": "Feature", "properties": { "node_index": 4, "is_stop_only": false }, "geometry": { "type": "Point", "coordinates": [ 586981.479220174020156, 4513023.799996485933661 ] } },
{ "type": "Feature", "properties": { "node_index": 5, "is_stop_only": false }, "geometry": { "type": "Point", "coordinates": [ 584339.446016591275111, 4507000.475700235925615 ] } },
{ "type": "Feature", "properties": { "node_index": 6, "is_stop_only": false }, "geometry": { "type": "Point", "coordinates": [ 587263.685428774449974, 4512872.076375371776521 ] } },
{ "type": "Feature", "properties": { "node_index": 7, "is_stop_only": false }, "geometry": { "type": "Point", "coordinates": [ 589954.26650142960716, 4524232.509433874860406 ] } },
{ "type": "Feature", "properties": { "node_index": 8, "is_stop_only": false }, "geometry": { "type": "Point", "coordinates": [ 584984.051151871914044, 4508266.277831830084324 ] } },
{ "type": "Feature", "properties": { "node_index": 9, "is_stop_only": false }, "geometry": { "type": "Point", "coordinates": [ 584964.93431193055585, 4508195.638031512498856 ] } },
{ "type": "Feature", "properties": { "node_index": 10, "is_stop_only": false }, "geometry": { "type": "Point", "coordinates": [ 584952.549509155680425, 4508172.181707463227212 ] } },
{ "type": "Feature", "properties": { "node_index": 11, "is_stop_only": false }, "geometry": { "type": "Point", "coordinates": [ 586561.053475810214877, 4509756.856467871926725 ] } },
{ "type": "Feature", "properties": { "node_index": 12, "is_stop_only": false }, "geometry": { "type": "Point", "coordinates": [ 583542.861416905769147, 4509238.388540821149945 ] } },
{ "type": "Feature", "properties": { "node_index": 13, "is_stop_only": false }, "geometry": { "type": "Point", "coordinates": [ 583332.602215845487081, 4506695.972194272093475 ] } },
{ "type": "Feature", "properties": { "node_index": 14, "is_stop_only": false }, "geometry": { "type": "Point", "coordinates": [ 583295.351371607161127, 4506715.648627270013094 ] } },
{ "type": "Feature", "properties": { "node_index": 15, "is_stop_only": false }, "geometry": { "type": "Point", "coordinates": [ 586431.462676320108585, 4511222.370108548551798 ] } },
{ "type": "Feature", "properties": { "node_index": 16, "is_stop_only": false }, "geometry": { "type": "Point", "coordinates": [ 590089.558798625599593, 4524280.779823936522007 ] } },
{ "type": "Feature", "properties": { "node_index": 17, "is_stop_only": false }, "geometry": { "type": "Point", "coordinates": [ 586752.355233626789413, 4510712.774486400187016 ] } },
{ "type": "Feature", "properties": { "node_index": 18, "is_stop_only": false }, "geometry": { "type": "Point", "coordinates": [ 590050.538173007545993, 4524198.888014085590839 ] } },
{ "type": "Feature", "properties": { "node_index": 19, "is_stop_only": false }, "geometry": { "type": "Point", "coordinates": [ 583445.935000103432685, 4506922.495075541548431 ] } },
{ "type": "Feature", "properties": { "node_index": 20, "is_stop_only": false }, "geometry": { "type": "Point", "coordinates": [ 585461.303553253994323, 4510839.482300608418882 ] } },
{ "type": "Feature", "properties": { "node_index": 21, "is_stop_only": false }, "geometry": { "type": "Point", "coordinates": [ 584945.757130198995583, 4511116.749046120792627 ] } },
{ "type": "Feature", "properties": { "node_index": 22, "is_stop_only": false }, "geometry": { "type": "Point", "coordinates": [ 583089.368207983556204, 4506462.111640796996653 ] } },
{ "type": "Feature", "properties": { "node_index": 23, "is_stop_only": false }, "geometry": { "type": "Point", "coordinates": [ 584705.121816358761862, 4511247.642265390604734 ] } },
{ "type": "Feature", "properties": { "node_index": 24, "is_stop_only": false }, "geometry": { "type": "Point", "coordinates": [ 584223.027446052059531, 4511508.431879825890064 ] } },
{ "type": "Feature", "properties": { "node_index": 25, "is_stop_only": false }, "geometry": { "type": "Point", "coordinates": [ 583777.338111779186875, 4511744.694936492480338 ] } },
{ "type": "Feature", "properties": { "node_index": 26, "is_stop_only": false }, "geometry": { "type": "Point", "coordinates": [ 585883.134931871201843, 4507152.752506346441805 ] } },
{ "type": "Feature", "properties": { "node_index": 27, "is_stop_only": false }, "geometry": { "type": "Point", "coordinates": [ 585877.832554174703546, 4507210.877458907663822 ] } },
{ "type": "Feature", "properties": { "node_index": 28, "is_stop_only": false }, "geometry": { "type": "Point", "coordinates": [ 583952.714468678459525, 4508192.260403915308416 ] } },
{ "type": "Feature", "properties": { "node_index": 29, "is_stop_only": false }, "geometry": { "type": "Point", "coordinates": [ 583914.363246668945067, 4508196.955560361966491 ] } },
{ "type": "Feature", "properties": { "node_index": 30, "is_stop_only": false }, "geometry": { "type": "Point", "coordinates": [ 583940.123974942951463, 4508641.186207747086883 ] } },
{ "type": "Feature", "properties": { "node_index": 31, "is_stop_only": false }, "geometry": { "type": "Point", "coordinates": [ 583893.089838263229467, 4508199.568137718364596 ] } },
{ "type": "Feature", "properties": { "node_index": 32, "is_stop_only": false }, "geometry": { "type": "Point", "coordinates": [ 583955.497457077843137, 4508782.090363811701536 ] } },
{ "type": "Feature", "properties": { "node_index": 33, "is_stop_only": false }, "geometry": { "type": "Point", "coordinates": [ 583947.561842483002692, 4508709.381733799353242 ] } },
{ "type": "Feature", "properties": { "node_index": 34, "is_stop_only": false }, "geometry": { "type": "Point", "coordinates": [ 586617.754871722310781, 4510199.853519103489816 ] } },
{ "type": "Feature", "properties": { "node_index": 35, "is_stop_only": false }, "geometry": { "type": "Point", "coordinates": [ 583979.023495149798691, 4508158.952238984405994 ] } },
{ "type": "Feature", "properties": { "node_index": 36, "is_stop_only": false }, "geometry": { "type": "Point", "coordinates": [ 585004.537535489769652, 4508341.940455785952508 ] } },
{ "type": "Feature", "properties": { "node_index": 37, "is_stop_only": false }, "geometry": { "type": "Point", "coordinates": [ 583610.952345640864223, 4508231.409230693243444 ] } },
{ "type": "Feature", "properties": { "node_index": 38, "is_stop_only": false }, "geometry": { "type": "Point", "coordinates": [ 588655.454688137746416, 4516082.563541540876031 ] } },
{ "type": "Feature", "properties": { "node_index": 39, "is_stop_only": false }, "geometry": { "type": "Point", "coordinates": [ 588781.928776980843395, 4516013.324450482614338 ] } },
{ "type": "Feature", "properties": { "node_index": 40, "is_stop_only": false }, "geometry": { "type": "Point", "coordinates": [ 588917.640800778521225, 4515939.535459546372294 ] } },
{ "type": "Feature", "properties": { "node_index": 41, "is_stop_only": false }, "geometry": { "type": "Point", "coordinates": [ 588371.132556251483038, 4516233.807342897169292 ] } },
{ "type": "Feature", "properties": { "node_index": 42, "is_stop_only": false }, "geometry": { "type": "Point", "coordinates": [ 588507.434072409989312, 4516160.82855000346899 ] } },
{ "type": "Feature", "properties": { "node_index": 43, "is_stop_only": false }, "geometry": { "type": "Point", "coordinates": [ 589309.119587739580311, 4515728.252662550657988 ] } },
{ "type": "Feature", "properties": { "node_index": 44, "is_stop_only": false }, "geometry": { "type": "Point", "coordinates": [ 589106.460533375618979, 4515836.123061894439161 ] } },
{ "type": "Feature", "properties": { "node_index": 45, "is_stop_only": false }, "geometry": { "type": "Point", "coordinates": [ 586665.427384423092008, 4510295.00176337826997 ] } },
{ "type": "Feature", "properties": { "node_index": 46, "is_stop_only": false }, "geometry": { "type": "Point", "coordinates": [ 586581.590963948401622, 4511048.740696463733912 ] } },
{ "type": "Feature", "properties": { "node_index": 47, "is_stop_only": false }, "geometry": { "type": "Point", "coordinates": [ 589803.325910857412964, 4520210.062297785654664 ] } },
{ "type": "Feature", "properties": { "node_index": 48, "is_stop_only": false }, "geometry": { "type": "Point", "coordinates": [ 585764.609229428577237, 4511401.960286086425185 ] } },
{ "type": "Feature", "properties": { "node_index": 49, "is_stop_only": false }, "geometry": { "type": "Point", "coordinates": [ 587982.230810473207384, 4512662.772395138628781 ] } },
{ "type": "Feature", "properties": { "node_index": 50, "is_stop_only": false }, "geometry": { "type": "Point", "coordinates": [ 585900.799362418591045, 4511329.153109417296946 ] } },
{ "type": "Feature", "properties": { "node_index": 51, "is_stop_only": false }, "geometry": { "type": "Point", "coordinates": [ 586046.236510500195436, 4511251.370930209755898 ] } },
{ "type": "Feature", "properties": { "node_index": 52, "is_stop_only": false }, "geometry": { "type": "Point", "coordinates": [ 586175.667061171378009, 4511180.910464046522975 ] } },
{ "type": "Feature", "properties": { "node_index": 53, "is_stop_only": false }, "geometry": { "type": "Point", "coordinates": [ 583772.293773236335255, 4511229.798595990985632 ] } },
{ "type": "Feature", "properties": { "node_index": 54, "is_stop_only": false }, "geometry": { "type": "Point", "coordinates": [ 586314.223643180448562, 4511106.450670851394534 ] } },
{ "type": "Feature", "properties": { "node_index": 55, "is_stop_only": false }, "geometry": { "type": "Point", "coordinates": [ 586383.55525096564088, 4511068.722741350531578 ] } },
{ "type": "Feature", "properties": { "node_index": 56, "is_stop_only": false }, "geometry": { "type": "Point", "coordinates": [ 586445.842803323990665, 4510418.802976397797465 ] } },
{ "type": "Feature", "properties": { "node_index": 57, "is_stop_only": false }, "geometry": { "type": "Point", "coordinates": [ 585672.363579803379253, 4507941.931631735526025 ] } },
{ "type": "Feature", "properties": { "node_index": 58, "is_stop_only": false }, "geometry": { "type": "Point", "coordinates": [ 586502.300831770757213, 4511004.193993185646832 ] } },
{ "type": "Feature", "properties": { "node_index": 59, "is_stop_only": false }, "geometry": { "type": "Point", "coordinates": [ 586557.071981691406108, 4510974.868615525774658 ] } },
{ "type": "Feature", "properties": { "node_index": 60, "is_stop_only": false }, "geometry": { "type": "Point", "coordinates": [ 586703.680220090202056, 4510896.357727745547891 ] } },
{ "type": "Feature", "properties": { "node_index": 61, "is_stop_only": false }, "geometry": { "type": "Point", "coordinates": [ 583126.257236213539727, 4506661.839358844794333 ] } },
{ "type": "Feature", "properties": { "node_index": 62, "is_stop_only": false }, "geometry": { "type": "Point", "coordinates": [ 584833.984427137416787, 4513639.541058417409658 ] } },
{ "type": "Feature", "properties": { "node_index": 63, "is_stop_only": false }, "geometry": { "type": "Point", "coordinates": [ 589735.055718798306771, 4521729.704781530424953 ] } },
{ "type": "Feature", "properties": { "node_index": 64, "is_stop_only": false }, "geometry": { "type": "Point", "coordinates": [ 583084.849188306485303, 4506483.143777162767947 ] } },
{ "type": "Feature", "properties": { "node_index": 65, "is_stop_only": false }, "geometry": { "type": "Point", "coordinates": [ 589611.043513536453247, 4521796.313170995563269 ] } },
{ "type": "Feature", "properties": { "node_index": 66, "is_stop_only": false }, "geometry": { "type": "Point", "coordinates": [ 584451.266522673657164, 4508920.601090647280216 ] } },
{ "type": "Feature", "properties": { "node_index": 67, "is_stop_only": false }, "geometry": { "type": "Point", "coordinates": [ 589150.124819510499947, 4522044.649773699231446 ] } },
{ "type": "Feature", "properties": { "node_index": 68, "is_stop_only": false }, "geometry": { "type": "Point", "coordinates": [ 585190.796132130897604, 4508100.052713088691235 ] } },
{ "type": "Feature", "properties": { "node_index": 69, "is_stop_only": false }, "geometry": { "type": "Point", "coordinates": [ 583825.361799050820991, 4506856.229479379951954 ] } },
{ "type": "Feature", "properties": { "node_index": 70, "is_stop_only": false }, "geometry": { "type": "Point", "coordinates": [ 584820.968842156929895, 4513715.431015873327851 ] } },
{ "type": "Feature", "properties": { "node_index": 71, "is_stop_only": false }, "geometry": { "type": "Point", "coordinates": [ 583843.1348479463486, 4506730.077810524962842 ] } },
{ "type": "Feature", "properties": { "node_index": 72, "is_stop_only": false }, "geometry": { "type": "Point", "coordinates": [ 585118.404250346240588, 4508128.098227074369788 ] } },
{ "type": "Feature", "properties": { "node_index": 73, "is_stop_only": false }, "geometry": { "type": "Point", "coordinates": [ 586686.861406136071309, 4509207.212514463812113 ] } },
{ "type": "Feature", "properties": { "node_index": 74, "is_stop_only": false }, "geometry": { "type": "Point", "coordinates": [ 585383.487889043637551, 4508025.375017517246306 ] } },
{ "type": "Feature", "properties": { "node_index": 75, "is_stop_only": false }, "geometry": { "type": "Point", "coordinates": [ 585319.265391722903587, 4508050.259728965349495 ] } },
{ "type": "Feature", "properties": { "node_index": 76, "is_stop_only": false }, "geometry": { "type": "Point", "coordinates": [ 583760.415108427754603, 4511263.303762383759022 ] } },
{ "type": "Feature", "properties": { "node_index": 77, "is_stop_only": false }, "geometry": { "type": "Point", "coordinates": [ 585452.275767473620363, 4507998.722695051692426 ] } },
{ "type": "Feature", "properties": { "node_index": 78, "is_stop_only": false }, "geometry": { "type": "Point", "coordinates": [ 590093.354826065478846, 4524521.453386343084276 ] } },
{ "type": "Feature", "properties": { "node_index": 79, "is_stop_only": false }, "geometry": { "type": "Point", "coordinates": [ 585519.239930498064496, 4507972.771610412746668 ] } },
{ "type": "Feature", "properties": { "node_index": 80, "is_stop_only": false }, "geometry": { "type": "Point", "coordinates": [ 585589.241132700466551, 4507941.349498351104558 ] } },
{ "type": "Feature", "properties": { "node_index": 81, "is_stop_only": false }, "geometry": { "type": "Point", "coordinates": [ 589104.50986465101596, 4518234.118228928185999 ] } },
{ "type": "Feature", "properties": { "node_index": 82, "is_stop_only": false }, "geometry": { "type": "Point", "coordinates": [ 584057.38209430675488, 4507316.126257342286408 ] } },
{ "type": "Feature", "properties": { "node_index": 83, "is_stop_only": false }, "geometry": { "type": "Point", "coordinates": [ 589758.142632589442655, 4521594.345332366414368 ] } },
{ "type": "Feature", "properties": { "node_index": 84, "is_stop_only": false }, "geometry": { "type": "Point", "coordinates": [ 589696.890247531468049, 4521658.495622070506215 ] } },
{ "type": "Feature", "properties": { "node_index": 85, "is_stop_only": false }, "geometry": { "type": "Point", "coordinates": [ 588987.66146979725454, 4517379.42013871204108 ] } },
{ "type": "Feature", "properties": { "node_index": 86, "is_stop_only": false }, "geometry": { "type": "Point", "coordinates": [ 585443.130469167488627, 4507775.530990210361779 ] } },
{ "type": "Feature", "properties": { "node_index": 87, "is_stop_only": false }, "geometry": { "type": "Point", "coordinates": [ 589124.829636145150289, 4517305.46421080082655 ] } },
{ "type": "Feature", "properties": { "node_index": 88, "is_stop_only": false }, "geometry": { "type": "Point", "coordinates": [ 585682.655794825637713, 4508397.893783526495099 ] } },
{ "type": "Feature", "properties": { "node_index": 89, "is_stop_only": false }, "geometry": { "type": "Point", "coordinates": [ 589272.963815736817196, 4517225.603380243293941 ] } },
{ "type": "Feature", "properties": { "node_index": 90, "is_stop_only": false }, "geometry": { "type": "Point", "coordinates": [ 589399.072288425872102, 4517157.625260908156633 ] } },
{ "type": "Feature", "properties": { "node_index": 91, "is_stop_only": false }, "geometry": { "type": "Point", "coordinates": [ 589535.178777716122568, 4517084.252332841977477 ] } },
{ "type": "Feature", "properties": { "node_index": 92, "is_stop_only": false }, "geometry": { "type": "Point", "coordinates": [ 589725.717175147612579, 4516981.543078129179776 ] } },
{ "type": "Feature", "properties": { "node_index": 93, "is_stop_only": false }, "geometry": { "type": "Point", "coordinates": [ 589927.174347843974829, 4516872.953793553635478 ] } },
{ "type": "Feature", "properties": { "node_index": 94, "is_stop_only": false }, "geometry": { "type": "Point", "coordinates": [ 590117.919178576674312, 4516770.145848660729825 ] } },
{ "type": "Feature", "properties": { "node_index": 95, "is_stop_only": false }, "geometry": { "type": "Point", "coordinates": [ 586033.290828115539625, 4513715.363548008725047 ] } },
{ "type": "Feature", "properties": { "node_index": 96, "is_stop_only": false }, "geometry": { "type": "Point", "coordinates": [ 586071.610779382754117, 4513784.39873558934778 ] } },
{ "type": "Feature", "properties": { "node_index": 97, "is_stop_only": false }, "geometry": { "type": "Point", "coordinates": [ 586109.622740219230764, 4513854.451975251547992 ] } },
{ "type": "Feature", "properties": { "node_index": 98, "is_stop_only": false }, "geometry": { "type": "Point", "coordinates": [ 586147.550860186223872, 4513924.393439118750393 ] } },
{ "type": "Feature", "properties": { "node_index": 99, "is_stop_only": false }, "geometry": { "type": "Point", "coordinates": [ 583199.655198071501218, 4507013.241832722909749 ] } },
{ "type": "Feature", "properties": { "node_index": 100, "is_stop_only": false }, "geometry": { "type": "Point", "coordinates": [ 586185.972965376917273, 4513995.340080273337662 ] } },
{ "type": "Feature", "properties": { "node_index": 101, "is_stop_only": false }, "geometry": { "type": "Point", "coordinates": [ 586260.407676445320249, 4514133.764260983094573 ] } },
{ "type": "Feature", "properties": { "node_index": 102, "is_stop_only": false }, "geometry": { "type": "Point", "coordinates": [ 586298.16537444293499, 4514203.593596613965929 ] } },
{ "type": "Feature", "properties": { "node_index": 103, "is_stop_only": false }, "geometry": { "type": "Point", "coordinates": [ 583231.171655917074531, 4507157.411069876514375 ] } },
{ "type": "Feature", "properties": { "node_index": 104, "is_stop_only": false }, "geometry": { "type": "Point", "coordinates": [ 583318.605367829557508, 4507619.549134121276438 ] } },
{ "type": "Feature", "properties": { "node_index": 105, "is_stop_only": false }, "geometry": { "type": "Point", "coordinates": [ 586336.407547042937949, 4514274.516826629638672 ] } },
{ "type": "Feature", "properties": { "node_index": 106, "is_stop_only": false }, "geometry": { "type": "Point", "coordinates": [ 584959.549883233848959, 4507525.56355754006654 ] } },
{ "type": "Feature", "properties": { "node_index": 107, "is_stop_only": false }, "geometry": { "type": "Point", "coordinates": [ 586373.507205736357719, 4514343.47294775955379 ] } },
{ "type": "Feature", "properties": { "node_index": 108, "is_stop_only": false }, "geometry": { "type": "Point", "coordinates": [ 586414.772582774283364, 4514419.905345592647791 ] } },
{ "type": "Feature", "properties": { "node_index": 109, "is_stop_only": false }, "geometry": { "type": "Point", "coordinates": [ 585043.332308633020148, 4507933.171947641298175 ] } },
{ "type": "Feature", "properties": { "node_index": 110, "is_stop_only": false }, "geometry": { "type": "Point", "coordinates": [ 583419.889620553236455, 4508181.48561985231936 ] } },
{ "type": "Feature", "properties": { "node_index": 111, "is_stop_only": false }, "geometry": { "type": "Point", "coordinates": [ 583359.153813489130698, 4507839.758679238148034 ] } },
{ "type": "Feature", "properties": { "node_index": 112, "is_stop_only": false }, "geometry": { "type": "Point", "coordinates": [ 585276.851076749735512, 4508554.341939438134432 ] } },
{ "type": "Feature", "properties": { "node_index": 113, "is_stop_only": false }, "geometry": { "type": "Point", "coordinates": [ 583344.674150716513395, 4507757.907072241418064 ] } },
{ "type": "Feature", "properties": { "node_index": 114, "is_stop_only": false }, "geometry": { "type": "Point", "coordinates": [ 586494.204088958911598, 4514566.928209634497762 ] } },
{ "type": "Feature", "properties": { "node_index": 115, "is_stop_only": false }, "geometry": { "type": "Point", "coordinates": [ 585609.356788258999586, 4511114.516212890855968 ] } },
{ "type": "Feature", "properties": { "node_index": 116, "is_stop_only": false }, "geometry": { "type": "Point", "coordinates": [ 586532.61934763728641, 4514637.876824071630836 ] } },
{ "type": "Feature", "properties": { "node_index": 117, "is_stop_only": false }, "geometry": { "type": "Point", "coordinates": [ 586571.031252150190994, 4514709.047672890126705 ] } },
{ "type": "Feature", "properties": { "node_index": 118, "is_stop_only": false }, "geometry": { "type": "Point", "coordinates": [ 586841.587499360437505, 4515216.7732098037377 ] } },
{ "type": "Feature", "properties": { "node_index": 119, "is_stop_only": false }, "geometry": { "type": "Point", "coordinates": [ 586960.347419691388495, 4515435.262788428924978 ] } },
{ "type": "Feature", "properties": { "node_index": 120, "is_stop_only": false }, "geometry": { "type": "Point", "coordinates": [ 584370.95890027761925, 4511784.24955263081938 ] } },
{ "type": "Feature", "properties": { "node_index": 121, "is_stop_only": false }, "geometry": { "type": "Point", "coordinates": [ 587038.613878849893808, 4515580.435648169368505 ] } },
{ "type": "Feature", "properties": { "node_index": 122, "is_stop_only": false }, "geometry": { "type": "Point", "coordinates": [ 583212.408602205221541, 4506456.795780164189637 ] } },
{ "type": "Feature", "properties": { "node_index": 123, "is_stop_only": false }, "geometry": { "type": "Point", "coordinates": [ 587151.68485960108228, 4515790.157583009451628 ] } },
{ "type": "Feature", "properties": { "node_index": 124, "is_stop_only": false }, "geometry": { "type": "Point", "coordinates": [ 587189.497356158681214, 4515860.31472553126514 ] } },
{ "type": "Feature", "properties": { "node_index": 125, "is_stop_only": false }, "geometry": { "type": "Point", "coordinates": [ 587227.507677361485548, 4515930.807491765357554 ] } },
{ "type": "Feature", "properties": { "node_index": 126, "is_stop_only": false }, "geometry": { "type": "Point", "coordinates": [ 587264.881094562355429, 4516000.14942613337189 ] } },
{ "type": "Feature", "properties": { "node_index": 127, "is_stop_only": false }, "geometry": { "type": "Point", "coordinates": [ 587302.782485256902874, 4516070.452609395608306 ] } },
{ "type": "Feature", "properties": { "node_index": 128, "is_stop_only": false }, "geometry": { "type": "Point", "coordinates": [ 586572.428455244633369, 4508217.491207924671471 ] } },
{ "type": "Feature", "properties": { "node_index": 129, "is_stop_only": false }, "geometry": { "type": "Point", "coordinates": [ 587536.470828832825646, 4516502.875733981840312 ] } },
{ "type": "Feature", "properties": { "node_index": 130, "is_stop_only": false }, "geometry": { "type": "Point", "coordinates": [ 587574.410541324876249, 4516573.05883480142802 ] } },
{ "type": "Feature", "properties": { "node_index": 131, "is_stop_only": false }, "geometry": { "type": "Point", "coordinates": [ 587612.473295322386548, 4516643.476765337400138 ] } },
{ "type": "Feature", "properties": { "node_index": 132, "is_stop_only": false }, "geometry": { "type": "Point", "coordinates": [ 587650.39504629583098, 4516713.626791580580175 ] } },
{ "type": "Feature", "properties": { "node_index": 133, "is_stop_only": false }, "geometry": { "type": "Point", "coordinates": [ 587688.415052742348053, 4516783.966945411637425 ] } },
{ "type": "Feature", "properties": { "node_index": 134, "is_stop_only": false }, "geometry": { "type": "Point", "coordinates": [ 591052.565740082412958, 4524177.231924769468606 ] } },
{ "type": "Feature", "properties": { "node_index": 135, "is_stop_only": false }, "geometry": { "type": "Point", "coordinates": [ 587808.125923105631955, 4517005.436573459766805 ] } },
{ "type": "Feature", "properties": { "node_index": 136, "is_stop_only": false }, "geometry": { "type": "Point", "coordinates": [ 587845.576198467402719, 4517075.893013319931924 ] } },
{ "type": "Feature", "properties": { "node_index": 137, "is_stop_only": false }, "geometry": { "type": "Point", "coordinates": [ 587869.709601897513494, 4517118.890634336508811 ] } },
{ "type": "Feature", "properties": { "node_index": 138, "is_stop_only": false }, "geometry": { "type": "Point", "coordinates": [ 590916.731794891180471, 4523921.439580729231238 ] } },
{ "type": "Feature", "properties": { "node_index": 139, "is_stop_only": false }, "geometry": { "type": "Point", "coordinates": [ 587638.655890810536221, 4517273.525559462606907 ] } },
{ "type": "Feature", "properties": { "node_index": 140, "is_stop_only": false }, "geometry": { "type": "Point", "coordinates": [ 587718.293407712480985, 4517597.54958719573915 ] } },
{ "type": "Feature", "properties": { "node_index": 141, "is_stop_only": false }, "geometry": { "type": "Point", "coordinates": [ 588775.787782740895636, 4513803.90640184469521 ] } },
{ "type": "Feature", "properties": { "node_index": 142, "is_stop_only": false }, "geometry": { "type": "Point", "coordinates": [ 587737.67970021488145, 4517679.348951452411711 ] } },
{ "type": "Feature", "properties": { "node_index": 143, "is_stop_only": false }, "geometry": { "type": "Point", "coordinates": [ 589787.942797234863974, 4518234.126332539133728 ] } },
{ "type": "Feature", "properties": { "node_index": 144, "is_stop_only": false }, "geometry": { "type": "Point", "coordinates": [ 588854.501196735771373, 4513949.15945418458432 ] } },
{ "type": "Feature", "properties": { "node_index": 145, "is_stop_only": false }, "geometry": { "type": "Point", "coordinates": [ 589754.209293390624225, 4520597.443752246908844 ] } },
{ "type": "Feature", "properties": { "node_index": 146, "is_stop_only": false }, "geometry": { "type": "Point", "coordinates": [ 589743.098975308355875, 4520602.638001756742597 ] } },
{ "type": "Feature", "properties": { "node_index": 147, "is_stop_only": false }, "geometry": { "type": "Point", "coordinates": [ 587610.91238561773207, 4518393.795785032212734 ] } },
{ "type": "Feature", "properties": { "node_index": 148, "is_stop_only": false }, "geometry": { "type": "Point", "coordinates": [ 589727.682751896558329, 4520571.452450660057366 ] } },
{ "type": "Feature", "properties": { "node_index": 149, "is_stop_only": false }, "geometry": { "type": "Point", "coordinates": [ 587516.424300360842608, 4514015.211635114625096 ] } },
{ "type": "Feature", "properties": { "node_index": 150, "is_stop_only": false }, "geometry": { "type": "Point", "coordinates": [ 587531.155661192140542, 4518247.020898660644889 ] } },
{ "type": "Feature", "properties": { "node_index": 151, "is_stop_only": false }, "geometry": { "type": "Point", "coordinates": [ 589725.626700253225863, 4520540.073902034200728 ] } },
{ "type": "Feature", "properties": { "node_index": 152, "is_stop_only": false }, "geometry": { "type": "Point", "coordinates": [ 587950.147261858102866, 4518122.527978951111436 ] } },
{ "type": "Feature", "properties": { "node_index": 153, "is_stop_only": false }, "geometry": { "type": "Point", "coordinates": [ 589738.197477400535718, 4520565.307226588018239 ] } },
{ "type": "Feature", "properties": { "node_index": 154, "is_stop_only": false }, "geometry": { "type": "Point", "coordinates": [ 589007.371573887648992, 4514232.45259708352387 ] } },
{ "type": "Feature", "properties": { "node_index": 155, "is_stop_only": false }, "geometry": { "type": "Point", "coordinates": [ 589710.147494263364933, 4520511.974137688986957 ] } },
{ "type": "Feature", "properties": { "node_index": 156, "is_stop_only": false }, "geometry": { "type": "Point", "coordinates": [ 589699.987550504505634, 4520490.978000857867301 ] } },
{ "type": "Feature", "properties": { "node_index": 157, "is_stop_only": false }, "geometry": { "type": "Point", "coordinates": [ 588829.050194301409647, 4517084.630796301178634 ] } },
{ "type": "Feature", "properties": { "node_index": 158, "is_stop_only": false }, "geometry": { "type": "Point", "coordinates": [ 588966.055214738473296, 4517011.213911542668939 ] } },
{ "type": "Feature", "properties": { "node_index": 159, "is_stop_only": false }, "geometry": { "type": "Point", "coordinates": [ 589089.021639663726091, 4514383.983360251411796 ] } },
{ "type": "Feature", "properties": { "node_index": 160, "is_stop_only": false }, "geometry": { "type": "Point", "coordinates": [ 589114.535614862805232, 4516931.653760223649442 ] } },
{ "type": "Feature", "properties": { "node_index": 161, "is_stop_only": false }, "geometry": { "type": "Point", "coordinates": [ 583155.080859250505455, 4506469.841965976171196 ] } },
{ "type": "Feature", "properties": { "node_index": 162, "is_stop_only": false }, "geometry": { "type": "Point", "coordinates": [ 589240.430261187953874, 4516864.192108377814293 ] } },
{ "type": "Feature", "properties": { "node_index": 163, "is_stop_only": false }, "geometry": { "type": "Point", "coordinates": [ 589376.772828608634882, 4516791.129910554736853 ] } },
{ "type": "Feature", "properties": { "node_index": 164, "is_stop_only": false }, "geometry": { "type": "Point", "coordinates": [ 589769.085798704647459, 4516580.947970010340214 ] } },
{ "type": "Feature", "properties": { "node_index": 165, "is_stop_only": false }, "geometry": { "type": "Point", "coordinates": [ 589960.821662888512947, 4516478.236719234846532 ] } },
{ "type": "Feature", "properties": { "node_index": 166, "is_stop_only": false }, "geometry": { "type": "Point", "coordinates": [ 586173.835557853337377, 4509905.555572626180947 ] } },
{ "type": "Feature", "properties": { "node_index": 167, "is_stop_only": false }, "geometry": { "type": "Point", "coordinates": [ 583273.256872759782709, 4506424.427604547701776 ] } },
{ "type": "Feature", "properties": { "node_index": 168, "is_stop_only": false }, "geometry": { "type": "Point", "coordinates": [ 587673.952923243283294, 4513177.8725427063182 ] } },
{ "type": "Feature", "properties": { "node_index": 169, "is_stop_only": false }, "geometry": { "type": "Point", "coordinates": [ 587641.204864859115332, 4513193.905226579867303 ] } },
{ "type": "Feature", "properties": { "node_index": 170, "is_stop_only": false }, "geometry": { "type": "Point", "coordinates": [ 587647.554199737613089, 4513205.193720883689821 ] } },
{ "type": "Feature", "properties": { "node_index": 171, "is_stop_only": false }, "geometry": { "type": "Point", "coordinates": [ 591111.228249829960987, 4523905.074716244824231 ] } },
{ "type": "Feature", "properties": { "node_index": 172, "is_stop_only": false }, "geometry": { "type": "Point", "coordinates": [ 590954.476824677200057, 4523991.29626655112952 ] } },
{ "type": "Feature", "properties": { "node_index": 173, "is_stop_only": false }, "geometry": { "type": "Point", "coordinates": [ 585057.371821550070308, 4511323.530782002955675 ] } },
{ "type": "Feature", "properties": { "node_index": 174, "is_stop_only": false }, "geometry": { "type": "Point", "coordinates": [ 585095.147123198723421, 4511394.130332112312317 ] } },
{ "type": "Feature", "properties": { "node_index": 175, "is_stop_only": false }, "geometry": { "type": "Point", "coordinates": [ 584503.750495381071232, 4507484.542171899229288 ] } },
{ "type": "Feature", "properties": { "node_index": 176, "is_stop_only": false }, "geometry": { "type": "Point", "coordinates": [ 584498.484068966703489, 4507541.957719217054546 ] } },
{ "type": "Feature", "properties": { "node_index": 177, "is_stop_only": false }, "geometry": { "type": "Point", "coordinates": [ 588011.981951700756326, 4512735.091171868145466 ] } },
{ "type": "Feature", "properties": { "node_index": 178, "is_stop_only": false }, "geometry": { "type": "Point", "coordinates": [ 584519.554123908048496, 4507703.444583262316883 ] } },
{ "type": "Feature", "properties": { "node_index": 179, "is_stop_only": false }, "geometry": { "type": "Point", "coordinates": [ 584578.563705294858664, 4507837.91968063171953 ] } },
{ "type": "Feature", "properties": { "node_index": 180, "is_stop_only": false }, "geometry": { "type": "Point", "coordinates": [ 584633.539379090885632, 4507954.097442016936839 ] } },
{ "type": "Feature", "properties": { "node_index": 181, "is_stop_only": false }, "geometry": { "type": "Point", "coordinates": [ 584686.092760700499639, 4508085.480116777122021 ] } },
{ "type": "Feature", "properties": { "node_index": 182, "is_stop_only": false }, "geometry": { "type": "Point", "coordinates": [ 584815.338715605554171, 4508533.994885168969631 ] } },
{ "type": "Feature", "properties": { "node_index": 183, "is_stop_only": false }, "geometry": { "type": "Point", "coordinates": [ 584844.552397521445528, 4508612.499117972329259 ] } },
{ "type": "Feature", "properties": { "node_index": 184, "is_stop_only": false }, "geometry": { "type": "Point", "coordinates": [ 583047.842088302830234, 4506456.095795631408691 ] } },
{ "type": "Feature", "properties": { "node_index": 185, "is_stop_only": false }, "geometry": { "type": "Point", "coordinates": [ 584883.946916964836419, 4508717.987174185924232 ] } },
{ "type": "Feature", "properties": { "node_index": 186, "is_stop_only": false }, "geometry": { "type": "Point", "coordinates": [ 587639.627022891421802, 4514879.332374551333487 ] } },
{ "type": "Feature", "properties": { "node_index": 187, "is_stop_only": false }, "geometry": { "type": "Point", "coordinates": [ 587776.163016429869458, 4514805.065789330750704 ] } },
{ "type": "Feature", "properties": { "node_index": 188, "is_stop_only": false }, "geometry": { "type": "Point", "coordinates": [ 587924.916658205213025, 4514724.884892440401018 ] } },
{ "type": "Feature", "properties": { "node_index": 189, "is_stop_only": false }, "geometry": { "type": "Point", "coordinates": [ 588050.424981930176727, 4514657.242472859099507 ] } },
{ "type": "Feature", "properties": { "node_index": 190, "is_stop_only": false }, "geometry": { "type": "Point", "coordinates": [ 584437.497495993389748, 4512935.748265302740037 ] } },
{ "type": "Feature", "properties": { "node_index": 191, "is_stop_only": false }, "geometry": { "type": "Point", "coordinates": [ 588186.579128942335956, 4514583.855798453092575 ] } },
{ "type": "Feature", "properties": { "node_index": 192, "is_stop_only": false }, "geometry": { "type": "Point", "coordinates": [ 584528.259329825174063, 4513068.222511110827327 ] } },
{ "type": "Feature", "properties": { "node_index": 193, "is_stop_only": false }, "geometry": { "type": "Point", "coordinates": [ 588376.693224403541535, 4514481.39455836173147 ] } },
{ "type": "Feature", "properties": { "node_index": 194, "is_stop_only": false }, "geometry": { "type": "Point", "coordinates": [ 584603.382104307995178, 4513207.580288477241993 ] } },
{ "type": "Feature", "properties": { "node_index": 195, "is_stop_only": false }, "geometry": { "type": "Point", "coordinates": [ 588578.174931545974687, 4514372.423760451376438 ] } },
{ "type": "Feature", "properties": { "node_index": 196, "is_stop_only": false }, "geometry": { "type": "Point", "coordinates": [ 584678.774523288826458, 4513347.463821559213102 ] } },
{ "type": "Feature", "properties": { "node_index": 197, "is_stop_only": false }, "geometry": { "type": "Point", "coordinates": [ 588969.308305051876232, 4514162.049942752346396 ] } },
{ "type": "Feature", "properties": { "node_index": 198, "is_stop_only": false }, "geometry": { "type": "Point", "coordinates": [ 584377.139545591198839, 4512878.07281680777669 ] } },
{ "type": "Feature", "properties": { "node_index": 199, "is_stop_only": false }, "geometry": { "type": "Point", "coordinates": [ 583935.703132897382602, 4508567.60702751763165 ] } },
{ "type": "Feature", "properties": { "node_index": 200, "is_stop_only": false }, "geometry": { "type": "Point", "coordinates": [ 584488.945843514753506, 4512998.862575232051313 ] } },
{ "type": "Feature", "properties": { "node_index": 201, "is_stop_only": false }, "geometry": { "type": "Point", "coordinates": [ 584565.945084092672914, 4513138.130306492559612 ] } },
{ "type": "Feature", "properties": { "node_index": 202, "is_stop_only": false }, "geometry": { "type": "Point", "coordinates": [ 585791.825186472153291, 4507833.034714641049504 ] } },
{ "type": "Feature", "properties": { "node_index": 203, "is_stop_only": false }, "geometry": { "type": "Point", "coordinates": [ 584641.239833998843096, 4513277.823551344685256 ] } },
{ "type": "Feature", "properties": { "node_index": 204, "is_stop_only": false }, "geometry": { "type": "Point", "coordinates": [ 585933.67750743648503, 4507778.710738534107804 ] } },
{ "type": "Feature", "properties": { "node_index": 205, "is_stop_only": false }, "geometry": { "type": "Point", "coordinates": [ 586006.634949132334441, 4507752.011834479868412 ] } },
{ "type": "Feature", "properties": { "node_index": 206, "is_stop_only": false }, "geometry": { "type": "Point", "coordinates": [ 586078.062448236276396, 4507723.985826043412089 ] } },
{ "type": "Feature", "properties": { "node_index": 207, "is_stop_only": false }, "geometry": { "type": "Point", "coordinates": [ 590399.543579654768109, 4523455.126676282845438 ] } },
{ "type": "Feature", "properties": { "node_index": 208, "is_stop_only": false }, "geometry": { "type": "Point", "coordinates": [ 584314.371606423985213, 4512812.521211798302829 ] } },
{ "type": "Feature", "properties": { "node_index": 209, "is_stop_only": false }, "geometry": { "type": "Point", "coordinates": [ 586219.318855216028169, 4507669.70469961501658 ] } },
{ "type": "Feature", "properties": { "node_index": 210, "is_stop_only": false }, "geometry": { "type": "Point", "coordinates": [ 586291.229054153664038, 4507641.719619920477271 ] } },
{ "type": "Feature", "properties": { "node_index": 211, "is_stop_only": false }, "geometry": { "type": "Point", "coordinates": [ 586357.56393109774217, 4507607.242161423899233 ] } },
{ "type": "Feature", "properties": { "node_index": 212, "is_stop_only": false }, "geometry": { "type": "Point", "coordinates": [ 584031.352010204107501, 4510098.793673327192664 ] } },
{ "type": "Feature", "properties": { "node_index": 213, "is_stop_only": false }, "geometry": { "type": "Point", "coordinates": [ 584084.779883901006542, 4510164.458000002428889 ] } },
{ "type": "Feature", "properties": { "node_index": 214, "is_stop_only": false }, "geometry": { "type": "Point", "coordinates": [ 584221.823796752956696, 4510345.40213399194181 ] } },
{ "type": "Feature", "properties": { "node_index": 215, "is_stop_only": false }, "geometry": { "type": "Point", "coordinates": [ 584263.385791185311973, 4510423.522859085351229 ] } },
{ "type": "Feature", "properties": { "node_index": 216, "is_stop_only": false }, "geometry": { "type": "Point", "coordinates": [ 584299.133733112947084, 4510494.527859948575497 ] } },
{ "type": "Feature", "properties": { "node_index": 217, "is_stop_only": false }, "geometry": { "type": "Point", "coordinates": [ 584334.89218591817189, 4510560.83697356749326 ] } },
{ "type": "Feature", "properties": { "node_index": 218, "is_stop_only": false }, "geometry": { "type": "Point", "coordinates": [ 584261.487976247444749, 4509579.395404063165188 ] } },
{ "type": "Feature", "properties": { "node_index": 219, "is_stop_only": false }, "geometry": { "type": "Point", "coordinates": [ 584120.161007783608511, 4510207.036425653845072 ] } },
{ "type": "Feature", "properties": { "node_index": 220, "is_stop_only": false }, "geometry": { "type": "Point", "coordinates": [ 584405.572207323042676, 4510691.880856396630406 ] } },
{ "type": "Feature", "properties": { "node_index": 221, "is_stop_only": false }, "geometry": { "type": "Point", "coordinates": [ 583700.278062070719898, 4509465.247783722355962 ] } },
{ "type": "Feature", "properties": { "node_index": 222, "is_stop_only": false }, "geometry": { "type": "Point", "coordinates": [ 584553.32367070869077, 4510965.179313571192324 ] } },
{ "type": "Feature", "properties": { "node_index": 223, "is_stop_only": false }, "geometry": { "type": "Point", "coordinates": [ 583574.523139065364376, 4509478.983467788435519 ] } },
{ "type": "Feature", "properties": { "node_index": 224, "is_stop_only": false }, "geometry": { "type": "Point", "coordinates": [ 584630.352324474952184, 4511108.92123372387141 ] } },
{ "type": "Feature", "properties": { "node_index": 225, "is_stop_only": false }, "geometry": { "type": "Point", "coordinates": [ 583928.199605639325455, 4508497.723275137133896 ] } },
{ "type": "Feature", "properties": { "node_index": 226, "is_stop_only": false }, "geometry": { "type": "Point", "coordinates": [ 584667.567912553087808, 4511177.968848583288491 ] } },
{ "type": "Feature", "properties": { "node_index": 227, "is_stop_only": false }, "geometry": { "type": "Point", "coordinates": [ 584741.600355132948607, 4511315.305209572426975 ] } },
{ "type": "Feature", "properties": { "node_index": 228, "is_stop_only": false }, "geometry": { "type": "Point", "coordinates": [ 584927.652575303101912, 4511660.503895609639585 ] } },
{ "type": "Feature", "properties": { "node_index": 229, "is_stop_only": false }, "geometry": { "type": "Point", "coordinates": [ 584135.835400311974809, 4508417.021216780878603 ] } },
{ "type": "Feature", "properties": { "node_index": 230, "is_stop_only": false }, "geometry": { "type": "Point", "coordinates": [ 584968.491763051482849, 4511736.27828745637089 ] } },
{ "type": "Feature", "properties": { "node_index": 231, "is_stop_only": false }, "geometry": { "type": "Point", "coordinates": [ 585008.48097903362941, 4511810.266832366585732 ] } },
{ "type": "Feature", "properties": { "node_index": 232, "is_stop_only": false }, "geometry": { "type": "Point", "coordinates": [ 585045.746375108486973, 4511879.494819255545735 ] } },
{ "type": "Feature", "properties": { "node_index": 233, "is_stop_only": false }, "geometry": { "type": "Point", "coordinates": [ 585082.622717879363336, 4511947.985806670039892 ] } },
{ "type": "Feature", "properties": { "node_index": 234, "is_stop_only": false }, "geometry": { "type": "Point", "coordinates": [ 585157.184220430091955, 4512086.39878919813782 ] } },
{ "type": "Feature", "properties": { "node_index": 235, "is_stop_only": false }, "geometry": { "type": "Point", "coordinates": [ 584268.548109618248418, 4508333.818971484899521 ] } },
{ "type": "Feature", "properties": { "node_index": 236, "is_stop_only": false }, "geometry": { "type": "Point", "coordinates": [ 585194.313103106454946, 4512155.503934940323234 ] } },
{ "type": "Feature", "properties": { "node_index": 237, "is_stop_only": false }, "geometry": { "type": "Point", "coordinates": [ 585231.661000468768179, 4512224.58960865624249 ] } },
{ "type": "Feature", "properties": { "node_index": 238, "is_stop_only": false }, "geometry": { "type": "Point", "coordinates": [ 585271.715407028212212, 4512299.046816463582218 ] } },
{ "type": "Feature", "properties": { "node_index": 239, "is_stop_only": false }, "geometry": { "type": "Point", "coordinates": [ 584468.648636769154109, 4508205.72324663028121 ] } },
{ "type": "Feature", "properties": { "node_index": 240, "is_stop_only": false }, "geometry": { "type": "Point", "coordinates": [ 585350.101705373264849, 4512444.111860230565071 ] } },
{ "type": "Feature", "properties": { "node_index": 241, "is_stop_only": false }, "geometry": { "type": "Point", "coordinates": [ 584822.715061407303438, 4508026.379323521628976 ] } },
{ "type": "Feature", "properties": { "node_index": 242, "is_stop_only": false }, "geometry": { "type": "Point", "coordinates": [ 585425.696118931984529, 4512584.305079878307879 ] } },
{ "type": "Feature", "properties": { "node_index": 243, "is_stop_only": false }, "geometry": { "type": "Point", "coordinates": [ 589314.047127602505498, 4523096.95499805174768 ] } },
{ "type": "Feature", "properties": { "node_index": 244, "is_stop_only": false }, "geometry": { "type": "Point", "coordinates": [ 585463.153261485160328, 4512653.781922248192132 ] } },
{ "type": "Feature", "properties": { "node_index": 245, "is_stop_only": false }, "geometry": { "type": "Point", "coordinates": [ 585500.973637273302302, 4512723.907103157602251 ] } },
{ "type": "Feature", "properties": { "node_index": 246, "is_stop_only": false }, "geometry": { "type": "Point", "coordinates": [ 584981.015699057024904, 4507957.637340755201876 ] } },
{ "type": "Feature", "properties": { "node_index": 247, "is_stop_only": false }, "geometry": { "type": "Point", "coordinates": [ 585576.727524423622526, 4512864.403682277537882 ] } },
{ "type": "Feature", "properties": { "node_index": 248, "is_stop_only": false }, "geometry": { "type": "Point", "coordinates": [ 585614.165385910077021, 4512933.836764152161777 ] } },
{ "type": "Feature", "properties": { "node_index": 249, "is_stop_only": false }, "geometry": { "type": "Point", "coordinates": [ 585245.923507605446503, 4507855.118058431893587 ] } },
{ "type": "Feature", "properties": { "node_index": 250, "is_stop_only": false }, "geometry": { "type": "Point", "coordinates": [ 585378.030324252089486, 4507802.336908736266196 ] } },
{ "type": "Feature", "properties": { "node_index": 251, "is_stop_only": false }, "geometry": { "type": "Point", "coordinates": [ 585651.78448958741501, 4513003.594123037531972 ] } },
{ "type": "Feature", "properties": { "node_index": 252, "is_stop_only": false }, "geometry": { "type": "Point", "coordinates": [ 585689.105180788552389, 4513072.815339423716068 ] } },
{ "type": "Feature", "properties": { "node_index": 253, "is_stop_only": false }, "geometry": { "type": "Point", "coordinates": [ 583713.51838792685885, 4510897.280711750499904 ] } },
{ "type": "Feature", "properties": { "node_index": 254, "is_stop_only": false }, "geometry": { "type": "Point", "coordinates": [ 585728.164863470825367, 4513144.155225895345211 ] } },
{ "type": "Feature", "properties": { "node_index": 255, "is_stop_only": false }, "geometry": { "type": "Point", "coordinates": [ 585764.686397070181556, 4513213.012353524565697 ] } },
{ "type": "Feature", "properties": { "node_index": 256, "is_stop_only": false }, "geometry": { "type": "Point", "coordinates": [ 585843.530422370415181, 4513358.388415457680821 ] } },
{ "type": "Feature", "properties": { "node_index": 257, "is_stop_only": false }, "geometry": { "type": "Point", "coordinates": [ 585882.614587501739152, 4513435.35835690330714 ] } },
{ "type": "Feature", "properties": { "node_index": 258, "is_stop_only": false }, "geometry": { "type": "Point", "coordinates": [ 585872.551016399171203, 4507611.681526233442128 ] } },
{ "type": "Feature", "properties": { "node_index": 259, "is_stop_only": false }, "geometry": { "type": "Point", "coordinates": [ 586157.389710442395881, 4507506.782592786476016 ] } },
{ "type": "Feature", "properties": { "node_index": 260, "is_stop_only": false }, "geometry": { "type": "Point", "coordinates": [ 587895.905171167454682, 4517167.24200632609427 ] } },
{ "type": "Feature", "properties": { "node_index": 261, "is_stop_only": false }, "geometry": { "type": "Point", "coordinates": [ 587922.06743755901698, 4517215.526473975740373 ] } },
{ "type": "Feature", "properties": { "node_index": 262, "is_stop_only": false }, "geometry": { "type": "Point", "coordinates": [ 587960.018080033129081, 4517285.578736091963947 ] } },
{ "type": "Feature", "properties": { "node_index": 263, "is_stop_only": false }, "geometry": { "type": "Point", "coordinates": [ 588916.559368327376433, 4520899.628244217485189 ] } },
{ "type": "Feature", "properties": { "node_index": 264, "is_stop_only": false }, "geometry": { "type": "Point", "coordinates": [ 585596.429055505781434, 4507960.43931442219764 ] } },
{ "type": "Feature", "properties": { "node_index": 265, "is_stop_only": false }, "geometry": { "type": "Point", "coordinates": [ 588036.393885591300204, 4517425.32319718785584 ] } },
{ "type": "Feature", "properties": { "node_index": 266, "is_stop_only": false }, "geometry": { "type": "Point", "coordinates": [ 588074.364835755317472, 4517495.609522022306919 ] } },
{ "type": "Feature", "properties": { "node_index": 267, "is_stop_only": false }, "geometry": { "type": "Point", "coordinates": [ 588115.14281852170825, 4517570.981118263676763 ] } },
{ "type": "Feature", "properties": { "node_index": 268, "is_stop_only": false }, "geometry": { "type": "Point", "coordinates": [ 589879.187926427461207, 4522293.525330201722682 ] } },
{ "type": "Feature", "properties": { "node_index": 269, "is_stop_only": false }, "geometry": { "type": "Point", "coordinates": [ 588155.831624898011796, 4517646.684981127269566 ] } },
{ "type": "Feature", "properties": { "node_index": 270, "is_stop_only": false }, "geometry": { "type": "Point", "coordinates": [ 588231.516383342794143, 4517787.145163707435131 ] } },
{ "type": "Feature", "properties": { "node_index": 271, "is_stop_only": false }, "geometry": { "type": "Point", "coordinates": [ 588307.198182461201213, 4517927.606197141110897 ] } },
{ "type": "Feature", "properties": { "node_index": 272, "is_stop_only": false }, "geometry": { "type": "Point", "coordinates": [ 588344.743421310093254, 4517997.778001327067614 ] } },
{ "type": "Feature", "properties": { "node_index": 273, "is_stop_only": false }, "geometry": { "type": "Point", "coordinates": [ 583739.156386167742312, 4508594.372604950331151 ] } },
{ "type": "Feature", "properties": { "node_index": 274, "is_stop_only": false }, "geometry": { "type": "Point", "coordinates": [ 583664.30473966547288, 4508666.213085725903511 ] } },
{ "type": "Feature", "properties": { "node_index": 275, "is_stop_only": false }, "geometry": { "type": "Point", "coordinates": [ 583881.865194333018735, 4508469.810209237970412 ] } },
{ "type": "Feature", "properties": { "node_index": 276, "is_stop_only": false }, "geometry": { "type": "Point", "coordinates": [ 588381.846938199130818, 4518068.144587586633861 ] } },
{ "type": "Feature", "properties": { "node_index": 277, "is_stop_only": false }, "geometry": { "type": "Point", "coordinates": [ 588419.891739724087529, 4518138.744693368673325 ] } },
{ "type": "Feature", "properties": { "node_index": 278, "is_stop_only": false }, "geometry": { "type": "Point", "coordinates": [ 583894.85818749142345, 4511478.119032198563218 ] } },
{ "type": "Feature", "properties": { "node_index": 279, "is_stop_only": false }, "geometry": { "type": "Point", "coordinates": [ 588460.870519320247695, 4518214.354023256339133 ] } },
{ "type": "Feature", "properties": { "node_index": 280, "is_stop_only": false }, "geometry": { "type": "Point", "coordinates": [ 583781.286875540623441, 4508554.01499287225306 ] } },
{ "type": "Feature", "properties": { "node_index": 281, "is_stop_only": false }, "geometry": { "type": "Point", "coordinates": [ 588540.253898021765053, 4518359.835972075350583 ] } },
{ "type": "Feature", "properties": { "node_index": 282, "is_stop_only": false }, "geometry": { "type": "Point", "coordinates": [ 587225.675471251597628, 4512801.584197947755456 ] } },
{ "type": "Feature", "properties": { "node_index": 283, "is_stop_only": false }, "geometry": { "type": "Point", "coordinates": [ 588578.135958594502881, 4518429.680093147791922 ] } },
{ "type": "Feature", "properties": { "node_index": 284, "is_stop_only": false }, "geometry": { "type": "Point", "coordinates": [ 588688.541747327079065, 4518634.733925672248006 ] } },
{ "type": "Feature", "properties": { "node_index": 285, "is_stop_only": false }, "geometry": { "type": "Point", "coordinates": [ 583865.153884405619465, 4511429.011052410118282 ] } },
{ "type": "Feature", "properties": { "node_index": 286, "is_stop_only": false }, "geometry": { "type": "Point", "coordinates": [ 583957.163113360758871, 4507252.842066735029221 ] } },
{ "type": "Feature", "properties": { "node_index": 287, "is_stop_only": false }, "geometry": { "type": "Point", "coordinates": [ 588659.758383723441511, 4513765.445203026756644 ] } },
{ "type": "Feature", "properties": { "node_index": 288, "is_stop_only": false }, "geometry": { "type": "Point", "coordinates": [ 588802.829071521526203, 4518846.164684637449682 ] } },
{ "type": "Feature", "properties": { "node_index": 289, "is_stop_only": false }, "geometry": { "type": "Point", "coordinates": [ 588843.089063103194349, 4518921.257088538259268 ] } },
{ "type": "Feature", "properties": { "node_index": 290, "is_stop_only": false }, "geometry": { "type": "Point", "coordinates": [ 588883.599884337047115, 4518996.463784671388566 ] } },
{ "type": "Feature", "properties": { "node_index": 291, "is_stop_only": false }, "geometry": { "type": "Point", "coordinates": [ 588921.306578930583782, 4519066.307808641344309 ] } },
{ "type": "Feature", "properties": { "node_index": 292, "is_stop_only": false }, "geometry": { "type": "Point", "coordinates": [ 588959.013876076089218, 4519136.04103516228497 ] } },
{ "type": "Feature", "properties": { "node_index": 293, "is_stop_only": false }, "geometry": { "type": "Point", "coordinates": [ 588996.46877785876859, 4519205.660417782142758 ] } },
{ "type": "Feature", "properties": { "node_index": 294, "is_stop_only": false }, "geometry": { "type": "Point", "coordinates": [ 589071.442797102266923, 4519344.989428957924247 ] } },
{ "type": "Feature", "properties": { "node_index": 295, "is_stop_only": false }, "geometry": { "type": "Point", "coordinates": [ 589109.080778611125425, 4519414.633876467123628 ] } },
{ "type": "Feature", "properties": { "node_index": 296, "is_stop_only": false }, "geometry": { "type": "Point", "coordinates": [ 589146.783083699876443, 4519484.479164208285511 ] } },
{ "type": "Feature", "properties": { "node_index": 297, "is_stop_only": false }, "geometry": { "type": "Point", "coordinates": [ 589184.235686246771365, 4519553.98858371283859 ] } },
{ "type": "Feature", "properties": { "node_index": 298, "is_stop_only": false }, "geometry": { "type": "Point", "coordinates": [ 588911.506739125121385, 4522406.246922278776765 ] } },
{ "type": "Feature", "properties": { "node_index": 299, "is_stop_only": false }, "geometry": { "type": "Point", "coordinates": [ 589265.499197897268459, 4519704.076358309946954 ] } },
{ "type": "Feature", "properties": { "node_index": 300, "is_stop_only": false }, "geometry": { "type": "Point", "coordinates": [ 589303.029807474697009, 4519773.92048458289355 ] } },
{ "type": "Feature", "properties": { "node_index": 301, "is_stop_only": false }, "geometry": { "type": "Point", "coordinates": [ 589340.64401255233679, 4519843.765839924104512 ] } },
{ "type": "Feature", "properties": { "node_index": 302, "is_stop_only": false }, "geometry": { "type": "Point", "coordinates": [ 589394.680975643568672, 4519943.342767997644842 ] } },
{ "type": "Feature", "properties": { "node_index": 303, "is_stop_only": false }, "geometry": { "type": "Point", "coordinates": [ 589415.854063535109162, 4519982.702015101909637 ] } },
{ "type": "Feature", "properties": { "node_index": 304, "is_stop_only": false }, "geometry": { "type": "Point", "coordinates": [ 586376.731997533584945, 4516712.388657669536769 ] } },
{ "type": "Feature", "properties": { "node_index": 305, "is_stop_only": false }, "geometry": { "type": "Point", "coordinates": [ 589453.321651225094683, 4520052.635073258541524 ] } },
{ "type": "Feature", "properties": { "node_index": 306, "is_stop_only": false }, "geometry": { "type": "Point", "coordinates": [ 586323.590601100819185, 4516617.975805584341288 ] } },
{ "type": "Feature", "properties": { "node_index": 307, "is_stop_only": false }, "geometry": { "type": "Point", "coordinates": [ 589491.017255820799619, 4520122.482290678657591 ] } },
{ "type": "Feature", "properties": { "node_index": 308, "is_stop_only": false }, "geometry": { "type": "Point", "coordinates": [ 587042.906616595806554, 4517700.159650708548725 ] } },
{ "type": "Feature", "properties": { "node_index": 309, "is_stop_only": false }, "geometry": { "type": "Point", "coordinates": [ 589528.54213745391462, 4520192.438684944063425 ] } },
{ "type": "Feature", "properties": { "node_index": 310, "is_stop_only": false }, "geometry": { "type": "Point", "coordinates": [ 589566.07032435387373, 4520262.062261851504445 ] } },
{ "type": "Feature", "properties": { "node_index": 311, "is_stop_only": false }, "geometry": { "type": "Point", "coordinates": [ 587854.99103877088055, 4517145.56138689443469 ] } },
{ "type": "Feature", "properties": { "node_index": 312, "is_stop_only": false }, "geometry": { "type": "Point", "coordinates": [ 584709.8104085176019, 4507359.939733743667603 ] } },
{ "type": "Feature", "properties": { "node_index": 313, "is_stop_only": false }, "geometry": { "type": "Point", "coordinates": [ 584933.930573983234353, 4507386.627055939286947 ] } },
{ "type": "Feature", "properties": { "node_index": 314, "is_stop_only": false }, "geometry": { "type": "Point", "coordinates": [ 585004.683813578216359, 4507395.242198321036994 ] } },
{ "type": "Feature", "properties": { "node_index": 315, "is_stop_only": false }, "geometry": { "type": "Point", "coordinates": [ 583314.441976511036046, 4506188.383442541584373 ] } },
{ "type": "Feature", "properties": { "node_index": 316, "is_stop_only": false }, "geometry": { "type": "Point", "coordinates": [ 585299.559212668798864, 4507430.900644404813647 ] } },
{ "type": "Feature", "properties": { "node_index": 317, "is_stop_only": false }, "geometry": { "type": "Point", "coordinates": [ 585109.921571080340073, 4507408.217012162320316 ] } },
{ "type": "Feature", "properties": { "node_index": 318, "is_stop_only": false }, "geometry": { "type": "Point", "coordinates": [ 585428.3374558564974, 4507446.304520956240594 ] } },
{ "type": "Feature", "properties": { "node_index": 319, "is_stop_only": false }, "geometry": { "type": "Point", "coordinates": [ 583284.144718267139979, 4506931.268633878789842 ] } },
{ "type": "Feature", "properties": { "node_index": 320, "is_stop_only": false }, "geometry": { "type": "Point", "coordinates": [ 585555.946124609559774, 4507463.462397799827158 ] } },
{ "type": "Feature", "properties": { "node_index": 321, "is_stop_only": false }, "geometry": { "type": "Point", "coordinates": [ 583239.009073063964024, 4507079.307357006706297 ] } },
{ "type": "Feature", "properties": { "node_index": 322, "is_stop_only": false }, "geometry": { "type": "Point", "coordinates": [ 583214.812136775464751, 4506970.224902766756713 ] } },
{ "type": "Feature", "properties": { "node_index": 323, "is_stop_only": false }, "geometry": { "type": "Point", "coordinates": [ 585727.767188507248648, 4507483.042834560386837 ] } },
{ "type": "Feature", "properties": { "node_index": 324, "is_stop_only": false }, "geometry": { "type": "Point", "coordinates": [ 588477.373931936919689, 4519396.585746379569173 ] } },
{ "type": "Feature", "properties": { "node_index": 325, "is_stop_only": false }, "geometry": { "type": "Point", "coordinates": [ 588299.637146588182077, 4519491.950794724747539 ] } },
{ "type": "Feature", "properties": { "node_index": 326, "is_stop_only": false }, "geometry": { "type": "Point", "coordinates": [ 589424.571788843371905, 4517506.917510856874287 ] } },
{ "type": "Feature", "properties": { "node_index": 327, "is_stop_only": false }, "geometry": { "type": "Point", "coordinates": [ 587695.828764581703581, 4519107.178515177220106 ] } },
{ "type": "Feature", "properties": { "node_index": 328, "is_stop_only": false }, "geometry": { "type": "Point", "coordinates": [ 587660.532827566494234, 4519081.335257749073207 ] } },
{ "type": "Feature", "properties": { "node_index": 329, "is_stop_only": false }, "geometry": { "type": "Point", "coordinates": [ 589715.49354047595989, 4518727.241642020642757 ] } },
{ "type": "Feature", "properties": { "node_index": 330, "is_stop_only": false }, "geometry": { "type": "Point", "coordinates": [ 587329.566464583389461, 4518062.424411869607866 ] } },
{ "type": "Feature", "properties": { "node_index": 331, "is_stop_only": false }, "geometry": { "type": "Point", "coordinates": [ 589447.304449627059512, 4518872.476421310566366 ] } },
{ "type": "Feature", "properties": { "node_index": 332, "is_stop_only": false }, "geometry": { "type": "Point", "coordinates": [ 587262.438713573967107, 4518032.055070337839425 ] } },
{ "type": "Feature", "properties": { "node_index": 333, "is_stop_only": false }, "geometry": { "type": "Point", "coordinates": [ 584513.43325312982779, 4512521.814558172598481 ] } },
{ "type": "Feature", "properties": { "node_index": 334, "is_stop_only": false }, "geometry": { "type": "Point", "coordinates": [ 589191.76892344688531, 4519010.801053748466074 ] } },
{ "type": "Feature", "properties": { "node_index": 335, "is_stop_only": false }, "geometry": { "type": "Point", "coordinates": [ 586220.057046002475545, 4512245.720626778900623 ] } },
{ "type": "Feature", "properties": { "node_index": 336, "is_stop_only": false }, "geometry": { "type": "Point", "coordinates": [ 584980.569369987468235, 4512913.99365618173033 ] } },
{ "type": "Feature", "properties": { "node_index": 337, "is_stop_only": false }, "geometry": { "type": "Point", "coordinates": [ 588841.772016302216798, 4519199.247292694635689 ] } },
{ "type": "Feature", "properties": { "node_index": 338, "is_stop_only": false }, "geometry": { "type": "Point", "coordinates": [ 589444.48715337458998, 4518500.208940635435283 ] } },
{ "type": "Feature", "properties": { "node_index": 339, "is_stop_only": false }, "geometry": { "type": "Point", "coordinates": [ 589416.167708964436315, 4518515.709612168371677 ] } },
{ "type": "Feature", "properties": { "node_index": 340, "is_stop_only": false }, "geometry": { "type": "Point", "coordinates": [ 589393.525050323805772, 4518527.748440071009099 ] } },
{ "type": "Feature", "properties": { "node_index": 341, "is_stop_only": false }, "geometry": { "type": "Point", "coordinates": [ 589410.435524487518705, 4521729.009467327035964 ] } },
{ "type": "Feature", "properties": { "node_index": 342, "is_stop_only": false }, "geometry": { "type": "Point", "coordinates": [ 588321.149024372454733, 4519106.896981615573168 ] } },
{ "type": "Feature", "properties": { "node_index": 343, "is_stop_only": false }, "geometry": { "type": "Point", "coordinates": [ 589421.91115286690183, 4521767.996232531964779 ] } },
{ "type": "Feature", "properties": { "node_index": 344, "is_stop_only": false }, "geometry": { "type": "Point", "coordinates": [ 589291.907234651851468, 4518582.698934868909419 ] } },
{ "type": "Feature", "properties": { "node_index": 345, "is_stop_only": false }, "geometry": { "type": "Point", "coordinates": [ 589036.807145585422404, 4518720.734550192952156 ] } },
{ "type": "Feature", "properties": { "node_index": 346, "is_stop_only": false }, "geometry": { "type": "Point", "coordinates": [ 584667.645672195125371, 4509262.371826694346964 ] } },
{ "type": "Feature", "properties": { "node_index": 347, "is_stop_only": false }, "geometry": { "type": "Point", "coordinates": [ 583776.471494647208601, 4508512.971705256029963 ] } },
{ "type": "Feature", "properties": { "node_index": 348, "is_stop_only": false }, "geometry": { "type": "Point", "coordinates": [ 583647.246193408849649, 4508528.909982894547284 ] } },
{ "type": "Feature", "properties": { "node_index": 349, "is_stop_only": false }, "geometry": { "type": "Point", "coordinates": [ 587067.670141214621253, 4517377.438656297512352 ] } },
{ "type": "Feature", "properties": { "node_index": 350, "is_stop_only": false }, "geometry": { "type": "Point", "coordinates": [ 583579.444919967558235, 4508537.282555602490902 ] } },
{ "type": "Feature", "properties": { "node_index": 351, "is_stop_only": false }, "geometry": { "type": "Point", "coordinates": [ 587075.981810436584055, 4517399.508115368895233 ] } },
{ "type": "Feature", "properties": { "node_index": 352, "is_stop_only": false }, "geometry": { "type": "Point", "coordinates": [ 587093.057465463411063, 4517390.183356549590826 ] } },
{ "type": "Feature", "properties": { "node_index": 353, "is_stop_only": false }, "geometry": { "type": "Point", "coordinates": [ 583492.705997367855161, 4508547.984885957092047 ] } },
{ "type": "Feature", "properties": { "node_index": 354, "is_stop_only": false }, "geometry": { "type": "Point", "coordinates": [ 586496.561893378035165, 4516644.243901777081192 ] } },
{ "type": "Feature", "properties": { "node_index": 355, "is_stop_only": false }, "geometry": { "type": "Point", "coordinates": [ 586545.427347617456689, 4516675.568948160856962 ] } },
{ "type": "Feature", "properties": { "node_index": 356, "is_stop_only": false }, "geometry": { "type": "Point", "coordinates": [ 586302.65879507351201, 4516258.415911743417382 ] } },
{ "type": "Feature", "properties": { "node_index": 357, "is_stop_only": false }, "geometry": { "type": "Point", "coordinates": [ 583572.976011106511578, 4507936.743148507550359 ] } },
{ "type": "Feature", "properties": { "node_index": 358, "is_stop_only": false }, "geometry": { "type": "Point", "coordinates": [ 583593.027825150871649, 4508084.548861252143979 ] } },
{ "type": "Feature", "properties": { "node_index": 359, "is_stop_only": false }, "geometry": { "type": "Point", "coordinates": [ 583602.152284775627777, 4508159.335314554162323 ] } },
{ "type": "Feature", "properties": { "node_index": 360, "is_stop_only": false }, "geometry": { "type": "Point", "coordinates": [ 583620.638857703655958, 4508309.499385671690106 ] } },
{ "type": "Feature", "properties": { "node_index": 361, "is_stop_only": false }, "geometry": { "type": "Point", "coordinates": [ 583629.58669732871931, 4508384.161800167523324 ] } },
{ "type": "Feature", "properties": { "node_index": 362, "is_stop_only": false }, "geometry": { "type": "Point", "coordinates": [ 585934.398202762822621, 4510405.616741901263595 ] } },
{ "type": "Feature", "properties": { "node_index": 363, "is_stop_only": false }, "geometry": { "type": "Point", "coordinates": [ 590611.626443838933483, 4523939.315132585354149 ] } },
{ "type": "Feature", "properties": { "node_index": 364, "is_stop_only": false }, "geometry": { "type": "Point", "coordinates": [ 583638.470780695555732, 4508456.969473522156477 ] } },
{ "type": "Feature", "properties": { "node_index": 365, "is_stop_only": false }, "geometry": { "type": "Point", "coordinates": [ 583656.012323849252425, 4508602.40470177680254 ] } },
{ "type": "Feature", "properties": { "node_index": 366, "is_stop_only": false }, "geometry": { "type": "Point", "coordinates": [ 583665.687887533567846, 4508676.875585656613111 ] } },
{ "type": "Feature", "properties": { "node_index": 367, "is_stop_only": false }, "geometry": { "type": "Point", "coordinates": [ 585026.449183502001688, 4508422.915213011205196 ] } },
{ "type": "Feature", "properties": { "node_index": 368, "is_stop_only": false }, "geometry": { "type": "Point", "coordinates": [ 583681.687833505100571, 4508813.611731108278036 ] } },
{ "type": "Feature", "properties": { "node_index": 369, "is_stop_only": false }, "geometry": { "type": "Point", "coordinates": [ 583691.287337636342272, 4508896.264066307805479 ] } },
{ "type": "Feature", "properties": { "node_index": 370, "is_stop_only": false }, "geometry": { "type": "Point", "coordinates": [ 584090.74977871729061, 4510171.941944232210517 ] } },
{ "type": "Feature", "properties": { "node_index": 371, "is_stop_only": false }, "geometry": { "type": "Point", "coordinates": [ 583775.640443144715391, 4511277.320246884599328 ] } },
{ "type": "Feature", "properties": { "node_index": 372, "is_stop_only": false }, "geometry": { "type": "Point", "coordinates": [ 583700.683015649439767, 4508976.74922274146229 ] } },
{ "type": "Feature", "properties": { "node_index": 373, "is_stop_only": false }, "geometry": { "type": "Point", "coordinates": [ 583709.992755709099583, 4509057.344457558356225 ] } },
{ "type": "Feature", "properties": { "node_index": 374, "is_stop_only": false }, "geometry": { "type": "Point", "coordinates": [ 590542.937669050064869, 4523911.070778072811663 ] } },
{ "type": "Feature", "properties": { "node_index": 375, "is_stop_only": false }, "geometry": { "type": "Point", "coordinates": [ 588575.549009048379958, 4513448.319540148600936 ] } },
{ "type": "Feature", "properties": { "node_index": 376, "is_stop_only": false }, "geometry": { "type": "Point", "coordinates": [ 583720.051489350851625, 4509136.660334303043783 ] } },
{ "type": "Feature", "properties": { "node_index": 377, "is_stop_only": false }, "geometry": { "type": "Point", "coordinates": [ 590966.575900070136413, 4524123.01188628654927 ] } },
{ "type": "Feature", "properties": { "node_index": 378, "is_stop_only": false }, "geometry": { "type": "Point", "coordinates": [ 583735.580628644209355, 4509216.915084269829094 ] } },
{ "type": "Feature", "properties": { "node_index": 379, "is_stop_only": false }, "geometry": { "type": "Point", "coordinates": [ 583826.416455542785116, 4511359.617322041653097 ] } },
{ "type": "Feature", "properties": { "node_index": 380, "is_stop_only": false }, "geometry": { "type": "Point", "coordinates": [ 583750.958985176985152, 4509296.280015151016414 ] } },
{ "type": "Feature", "properties": { "node_index": 381, "is_stop_only": false }, "geometry": { "type": "Point", "coordinates": [ 583766.771367222070694, 4509376.815620686858892 ] } },
{ "type": "Feature", "properties": { "node_index": 382, "is_stop_only": false }, "geometry": { "type": "Point", "coordinates": [ 583782.883151314570569, 4509456.233350918628275 ] } },
{ "type": "Feature", "properties": { "node_index": 383, "is_stop_only": false }, "geometry": { "type": "Point", "coordinates": [ 587538.357099304441363, 4512445.303323190659285 ] } },
{ "type": "Feature", "properties": { "node_index": 384, "is_stop_only": false }, "geometry": { "type": "Point", "coordinates": [ 583806.257165904040448, 4509577.521537062712014 ] } },
{ "type": "Feature", "properties": { "node_index": 385, "is_stop_only": false }, "geometry": { "type": "Point", "coordinates": [ 584588.09763737837784, 4512396.568274742923677 ] } },
{ "type": "Feature", "properties": { "node_index": 386, "is_stop_only": false }, "geometry": { "type": "Point", "coordinates": [ 583819.76257992151659, 4509657.320709836669266 ] } },
{ "type": "Feature", "properties": { "node_index": 387, "is_stop_only": false }, "geometry": { "type": "Point", "coordinates": [ 583834.242090461659245, 4509736.087342913262546 ] } },
{ "type": "Feature", "properties": { "node_index": 388, "is_stop_only": false }, "geometry": { "type": "Point", "coordinates": [ 583848.875607424881309, 4509813.900983042083681 ] } },
{ "type": "Feature", "properties": { "node_index": 389, "is_stop_only": false }, "geometry": { "type": "Point", "coordinates": [ 584594.663267824449576, 4512418.947545352391899 ] } },
{ "type": "Feature", "properties": { "node_index": 390, "is_stop_only": false }, "geometry": { "type": "Point", "coordinates": [ 583862.922040018835105, 4509895.804706694558263 ] } },
{ "type": "Feature", "properties": { "node_index": 391, "is_stop_only": false }, "geometry": { "type": "Point", "coordinates": [ 583877.447593978256918, 4509972.651334306225181 ] } },
{ "type": "Feature", "properties": { "node_index": 392, "is_stop_only": false }, "geometry": { "type": "Point", "coordinates": [ 584548.860564410570078, 4512417.114514996297657 ] } },
{ "type": "Feature", "properties": { "node_index": 393, "is_stop_only": false }, "geometry": { "type": "Point", "coordinates": [ 583886.967618309194222, 4510032.110959274694324 ] } },
{ "type": "Feature", "properties": { "node_index": 394, "is_stop_only": false }, "geometry": { "type": "Point", "coordinates": [ 583887.151450929464772, 4510097.948575991205871 ] } },
{ "type": "Feature", "properties": { "node_index": 395, "is_stop_only": false }, "geometry": { "type": "Point", "coordinates": [ 583887.842875498929061, 4510163.70312749966979 ] } },
{ "type": "Feature", "properties": { "node_index": 396, "is_stop_only": false }, "geometry": { "type": "Point", "coordinates": [ 583702.554765866254456, 4511520.974288979545236 ] } },
{ "type": "Feature", "properties": { "node_index": 397, "is_stop_only": false }, "geometry": { "type": "Point", "coordinates": [ 583888.029480178025551, 4510303.902774022892118 ] } },
{ "type": "Feature", "properties": { "node_index": 398, "is_stop_only": false }, "geometry": { "type": "Point", "coordinates": [ 584967.69670842110645, 4507062.043945482932031 ] } },
{ "type": "Feature", "properties": { "node_index": 399, "is_stop_only": false }, "geometry": { "type": "Point", "coordinates": [ 583293.396626546513289, 4506709.154200965538621 ] } },
{ "type": "Feature", "properties": { "node_index": 400, "is_stop_only": false }, "geometry": { "type": "Point", "coordinates": [ 588682.069331398117356, 4517454.065887960605323 ] } },
{ "type": "Feature", "properties": { "node_index": 401, "is_stop_only": false }, "geometry": { "type": "Point", "coordinates": [ 583323.432866927352734, 4506809.065551398321986 ] } },
{ "type": "Feature", "properties": { "node_index": 402, "is_stop_only": false }, "geometry": { "type": "Point", "coordinates": [ 583351.267035719007254, 4506893.59820690471679 ] } },
{ "type": "Feature", "properties": { "node_index": 403, "is_stop_only": false }, "geometry": { "type": "Point", "coordinates": [ 583366.011260065948591, 4506940.048243907280266 ] } },
{ "type": "Feature", "properties": { "node_index": 404, "is_stop_only": false }, "geometry": { "type": "Point", "coordinates": [ 583373.074485433520749, 4506961.80988759920001 ] } },
{ "type": "Feature", "properties": { "node_index": 405, "is_stop_only": false }, "geometry": { "type": "Point", "coordinates": [ 583265.57953571039252, 4506620.714100765064359 ] } },
{ "type": "Feature", "properties": { "node_index": 406, "is_stop_only": false }, "geometry": { "type": "Point", "coordinates": [ 584172.038273681304418, 4509805.99491317756474 ] } },
{ "type": "Feature", "properties": { "node_index": 407, "is_stop_only": false }, "geometry": { "type": "Point", "coordinates": [ 589533.808431861922145, 4523247.38141336850822 ] } },
{ "type": "Feature", "properties": { "node_index": 408, "is_stop_only": false }, "geometry": { "type": "Point", "coordinates": [ 590580.794966279761866, 4523924.680857573635876 ] } },
{ "type": "Feature", "properties": { "node_index": 409, "is_stop_only": false }, "geometry": { "type": "Point", "coordinates": [ 583722.274220739956945, 4509712.395726822316647 ] } },
{ "type": "Feature", "properties": { "node_index": 410, "is_stop_only": false }, "geometry": { "type": "Point", "coordinates": [ 583586.952942101168446, 4509685.877885146997869 ] } },
{ "type": "Feature", "properties": { "node_index": 411, "is_stop_only": false }, "geometry": { "type": "Point", "coordinates": [ 589093.045498001738451, 4514926.850778598338366 ] } },
{ "type": "Feature", "properties": { "node_index": 412, "is_stop_only": false }, "geometry": { "type": "Point", "coordinates": [ 584241.435940065071918, 4506734.25590960867703 ] } },
{ "type": "Feature", "properties": { "node_index": 413, "is_stop_only": false }, "geometry": { "type": "Point", "coordinates": [ 583828.905411955434829, 4506404.182914867997169 ] } },
{ "type": "Feature", "properties": { "node_index": 414, "is_stop_only": false }, "geometry": { "type": "Point", "coordinates": [ 585797.380394080420956, 4510479.157928206957877 ] } },
{ "type": "Feature", "properties": { "node_index": 415, "is_stop_only": false }, "geometry": { "type": "Point", "coordinates": [ 583803.516612824401818, 4507231.498693007975817 ] } },
{ "type": "Feature", "properties": { "node_index": 416, "is_stop_only": false }, "geometry": { "type": "Point", "coordinates": [ 590437.299448793870397, 4522818.720797760412097 ] } },
{ "type": "Feature", "properties": { "node_index": 417, "is_stop_only": false }, "geometry": { "type": "Point", "coordinates": [ 590345.774146769545041, 4522865.885417236946523 ] } },
{ "type": "Feature", "properties": { "node_index": 418, "is_stop_only": false }, "geometry": { "type": "Point", "coordinates": [ 590223.213711823918857, 4522932.012519044801593 ] } },
{ "type": "Feature", "properties": { "node_index": 419, "is_stop_only": false }, "geometry": { "type": "Point", "coordinates": [ 590000.453200003248639, 4523052.08812375087291 ] } },
{ "type": "Feature", "properties": { "node_index": 420, "is_stop_only": false }, "geometry": { "type": "Point", "coordinates": [ 584025.747213709168136, 4508484.417345940135419 ] } },
{ "type": "Feature", "properties": { "node_index": 421, "is_stop_only": false }, "geometry": { "type": "Point", "coordinates": [ 589797.001678089844063, 4523151.643282731994987 ] } },
{ "type": "Feature", "properties": { "node_index": 422, "is_stop_only": false }, "geometry": { "type": "Point", "coordinates": [ 589676.817985648522153, 4523196.424538468010724 ] } },
{ "type": "Feature", "properties": { "node_index": 423, "is_stop_only": false }, "geometry": { "type": "Point", "coordinates": [ 589528.112934071919881, 4523248.511411441490054 ] } },
{ "type": "Feature", "properties": { "node_index": 424, "is_stop_only": false }, "geometry": { "type": "Point", "coordinates": [ 583750.748013569624163, 4508295.65772186871618 ] } },
{ "type": "Feature", "properties": { "node_index": 425, "is_stop_only": false }, "geometry": { "type": "Point", "coordinates": [ 583553.113380252732895, 4508315.710454219020903 ] } },
{ "type": "Feature", "properties": { "node_index": 426, "is_stop_only": false }, "geometry": { "type": "Point", "coordinates": [ 583889.199608954018913, 4506462.228536929935217 ] } },
{ "type": "Feature", "properties": { "node_index": 427, "is_stop_only": false }, "geometry": { "type": "Point", "coordinates": [ 583460.93506603455171, 4508326.163207396864891 ] } },
{ "type": "Feature", "properties": { "node_index": 428, "is_stop_only": false }, "geometry": { "type": "Point", "coordinates": [ 583684.743103496264666, 4507724.588260398246348 ] } },
{ "type": "Feature", "properties": { "node_index": 429, "is_stop_only": false }, "geometry": { "type": "Point", "coordinates": [ 584009.803021880448796, 4506573.758566062897444 ] } },
{ "type": "Feature", "properties": { "node_index": 430, "is_stop_only": false }, "geometry": { "type": "Point", "coordinates": [ 583704.364997188793495, 4507917.097445297986269 ] } },
{ "type": "Feature", "properties": { "node_index": 431, "is_stop_only": false }, "geometry": { "type": "Point", "coordinates": [ 583709.22361103782896, 4507955.887393871322274 ] } },
{ "type": "Feature", "properties": { "node_index": 432, "is_stop_only": false }, "geometry": { "type": "Point", "coordinates": [ 583713.939867594512179, 4507996.80734019447118 ] } },
{ "type": "Feature", "properties": { "node_index": 433, "is_stop_only": false }, "geometry": { "type": "Point", "coordinates": [ 583719.536100423196331, 4508039.8355174632743 ] } },
{ "type": "Feature", "properties": { "node_index": 434, "is_stop_only": false }, "geometry": { "type": "Point", "coordinates": [ 583723.255603857105598, 4508069.520032641477883 ] } },
{ "type": "Feature", "properties": { "node_index": 435, "is_stop_only": false }, "geometry": { "type": "Point", "coordinates": [ 589424.074719169409946, 4522817.380878037773073 ] } },
{ "type": "Feature", "properties": { "node_index": 436, "is_stop_only": false }, "geometry": { "type": "Point", "coordinates": [ 583732.277505136211403, 4508143.550579672679305 ] } },
{ "type": "Feature", "properties": { "node_index": 437, "is_stop_only": false }, "geometry": { "type": "Point", "coordinates": [ 583768.069454569602385, 4508441.734660599380732 ] } },
{ "type": "Feature", "properties": { "node_index": 438, "is_stop_only": false }, "geometry": { "type": "Point", "coordinates": [ 583705.839377923053689, 4510831.069735461845994 ] } },
{ "type": "Feature", "properties": { "node_index": 439, "is_stop_only": false }, "geometry": { "type": "Point", "coordinates": [ 583802.852674720692448, 4508724.997630699537694 ] } },
{ "type": "Feature", "properties": { "node_index": 440, "is_stop_only": false }, "geometry": { "type": "Point", "coordinates": [ 583811.675200358615257, 4508798.570955522358418 ] } },
{ "type": "Feature", "properties": { "node_index": 441, "is_stop_only": false }, "geometry": { "type": "Point", "coordinates": [ 583821.834458645316772, 4508881.640599535778165 ] } },
{ "type": "Feature", "properties": { "node_index": 442, "is_stop_only": false }, "geometry": { "type": "Point", "coordinates": [ 583830.895632770727389, 4508962.455237439833581 ] } },
{ "type": "Feature", "properties": { "node_index": 443, "is_stop_only": false }, "geometry": { "type": "Point", "coordinates": [ 583838.620126213761978, 4509042.69968365970999 ] } },
{ "type": "Feature", "properties": { "node_index": 444, "is_stop_only": false }, "geometry": { "type": "Point", "coordinates": [ 583848.57266328507103, 4509122.325426603667438 ] } },
{ "type": "Feature", "properties": { "node_index": 445, "is_stop_only": false }, "geometry": { "type": "Point", "coordinates": [ 584433.19632006471511, 4512477.778589582070708 ] } },
{ "type": "Feature", "properties": { "node_index": 446, "is_stop_only": false }, "geometry": { "type": "Point", "coordinates": [ 583857.954677003552206, 4509203.088262126781046 ] } },
{ "type": "Feature", "properties": { "node_index": 447, "is_stop_only": false }, "geometry": { "type": "Point", "coordinates": [ 583866.697211001883261, 4509284.365690565668046 ] } },
{ "type": "Feature", "properties": { "node_index": 448, "is_stop_only": false }, "geometry": { "type": "Point", "coordinates": [ 583875.697092585032806, 4509364.524744157679379 ] } },
{ "type": "Feature", "properties": { "node_index": 449, "is_stop_only": false }, "geometry": { "type": "Point", "coordinates": [ 583884.666515506105497, 4509445.116461533121765 ] } },
{ "type": "Feature", "properties": { "node_index": 450, "is_stop_only": false }, "geometry": { "type": "Point", "coordinates": [ 583893.429140535648912, 4509529.036496640183032 ] } },
{ "type": "Feature", "properties": { "node_index": 451, "is_stop_only": false }, "geometry": { "type": "Point", "coordinates": [ 583901.588594280881807, 4509599.072099273093045 ] } },
{ "type": "Feature", "properties": { "node_index": 452, "is_stop_only": false }, "geometry": { "type": "Point", "coordinates": [ 583909.480780428741127, 4509675.543920328840613 ] } },
{ "type": "Feature", "properties": { "node_index": 453, "is_stop_only": false }, "geometry": { "type": "Point", "coordinates": [ 583918.595546496100724, 4509752.917772002518177 ] } },
{ "type": "Feature", "properties": { "node_index": 454, "is_stop_only": false }, "geometry": { "type": "Point", "coordinates": [ 583927.298853350104764, 4509830.064948901534081 ] } },
{ "type": "Feature", "properties": { "node_index": 455, "is_stop_only": false }, "geometry": { "type": "Point", "coordinates": [ 583936.172275035176426, 4509909.323478111065924 ] } },
{ "type": "Feature", "properties": { "node_index": 456, "is_stop_only": false }, "geometry": { "type": "Point", "coordinates": [ 583945.021190757630393, 4509985.506469695828855 ] } },
{ "type": "Feature", "properties": { "node_index": 457, "is_stop_only": false }, "geometry": { "type": "Point", "coordinates": [ 582957.542128313798457, 4506694.833813684992492 ] } },
{ "type": "Feature", "properties": { "node_index": 458, "is_stop_only": false }, "geometry": { "type": "Point", "coordinates": [ 583947.944774377741851, 4510059.179912091232836 ] } },
{ "type": "Feature", "properties": { "node_index": 459, "is_stop_only": false }, "geometry": { "type": "Point", "coordinates": [ 583952.856271828524768, 4510098.992218296974897 ] } },
{ "type": "Feature", "properties": { "node_index": 460, "is_stop_only": false }, "geometry": { "type": "Point", "coordinates": [ 587987.207526098005474, 4515522.875297786667943 ] } },
{ "type": "Feature", "properties": { "node_index": 461, "is_stop_only": false }, "geometry": { "type": "Point", "coordinates": [ 586477.074028563802131, 4511197.822327843867242 ] } },
{ "type": "Feature", "properties": { "node_index": 462, "is_stop_only": false }, "geometry": { "type": "Point", "coordinates": [ 588271.931147764320485, 4515368.512501053512096 ] } },
{ "type": "Feature", "properties": { "node_index": 463, "is_stop_only": false }, "geometry": { "type": "Point", "coordinates": [ 583960.460468038218096, 4510164.247781259939075 ] } },
{ "type": "Feature", "properties": { "node_index": 464, "is_stop_only": false }, "geometry": { "type": "Point", "coordinates": [ 588924.120523629477248, 4515014.770918076857924 ] } },
{ "type": "Feature", "properties": { "node_index": 465, "is_stop_only": false }, "geometry": { "type": "Point", "coordinates": [ 583975.991381513536908, 4510305.753716419450939 ] } },
{ "type": "Feature", "properties": { "node_index": 466, "is_stop_only": false }, "geometry": { "type": "Point", "coordinates": [ 583823.752137663774192, 4507889.902226611971855 ] } },
{ "type": "Feature", "properties": { "node_index": 467, "is_stop_only": false }, "geometry": { "type": "Point", "coordinates": [ 583932.831497739069164, 4507826.399495092220604 ] } },
{ "type": "Feature", "properties": { "node_index": 468, "is_stop_only": false }, "geometry": { "type": "Point", "coordinates": [ 583997.874648214667104, 4510465.628025620244443 ] } },
{ "type": "Feature", "properties": { "node_index": 469, "is_stop_only": false }, "geometry": { "type": "Point", "coordinates": [ 585284.808951730257832, 4508081.915322012268007 ] } },
{ "type": "Feature", "properties": { "node_index": 470, "is_stop_only": false }, "geometry": { "type": "Point", "coordinates": [ 587172.375501429545693, 4514011.774207812733948 ] } },
{ "type": "Feature", "properties": { "node_index": 471, "is_stop_only": false }, "geometry": { "type": "Point", "coordinates": [ 587308.745055903447792, 4513938.207384942099452 ] } },
{ "type": "Feature", "properties": { "node_index": 472, "is_stop_only": false }, "geometry": { "type": "Point", "coordinates": [ 587457.460172376362607, 4513857.983107432723045 ] } },
{ "type": "Feature", "properties": { "node_index": 473, "is_stop_only": false }, "geometry": { "type": "Point", "coordinates": [ 587582.520418571075425, 4513790.516010503284633 ] } },
{ "type": "Feature", "properties": { "node_index": 474, "is_stop_only": false }, "geometry": { "type": "Point", "coordinates": [ 587718.974725067499094, 4513716.913134798407555 ] } },
{ "type": "Feature", "properties": { "node_index": 475, "is_stop_only": false }, "geometry": { "type": "Point", "coordinates": [ 587909.376760825398378, 4513614.198763027787209 ] } },
{ "type": "Feature", "properties": { "node_index": 476, "is_stop_only": false }, "geometry": { "type": "Point", "coordinates": [ 585261.934326759772375, 4508090.733881949447095 ] } },
{ "type": "Feature", "properties": { "node_index": 477, "is_stop_only": false }, "geometry": { "type": "Point", "coordinates": [ 586690.133317613741383, 4512443.620551761239767 ] } },
{ "type": "Feature", "properties": { "node_index": 478, "is_stop_only": false }, "geometry": { "type": "Point", "coordinates": [ 588110.233405458624475, 4513505.873641807585955 ] } },
{ "type": "Feature", "properties": { "node_index": 479, "is_stop_only": false }, "geometry": { "type": "Point", "coordinates": [ 587347.341617209953256, 4512088.99612707644701 ] } },
{ "type": "Feature", "properties": { "node_index": 480, "is_stop_only": false }, "geometry": { "type": "Point", "coordinates": [ 586754.381523271673359, 4513236.031922816298902 ] } },
{ "type": "Feature", "properties": { "node_index": 481, "is_stop_only": false }, "geometry": { "type": "Point", "coordinates": [ 586890.488782165688463, 4513162.609572518616915 ] } },
{ "type": "Feature", "properties": { "node_index": 482, "is_stop_only": false }, "geometry": { "type": "Point", "coordinates": [ 587037.457414151052944, 4513083.9104885160923 ] } },
{ "type": "Feature", "properties": { "node_index": 483, "is_stop_only": false }, "geometry": { "type": "Point", "coordinates": [ 587164.555090643116273, 4513014.77256135828793 ] } },
{ "type": "Feature", "properties": { "node_index": 484, "is_stop_only": false }, "geometry": { "type": "Point", "coordinates": [ 589394.426026194589213, 4519350.865272810682654 ] } },
{ "type": "Feature", "properties": { "node_index": 485, "is_stop_only": false }, "geometry": { "type": "Point", "coordinates": [ 587300.887566145276651, 4512941.571147816255689 ] } },
{ "type": "Feature", "properties": { "node_index": 486, "is_stop_only": false }, "geometry": { "type": "Point", "coordinates": [ 589210.837068519555032, 4522740.480503983795643 ] } },
{ "type": "Feature", "properties": { "node_index": 487, "is_stop_only": false }, "geometry": { "type": "Point", "coordinates": [ 587490.148665741435252, 4512839.376302479766309 ] } },
{ "type": "Feature", "properties": { "node_index": 488, "is_stop_only": false }, "geometry": { "type": "Point", "coordinates": [ 587691.896959353471175, 4512730.361751613207161 ] } },
{ "type": "Feature", "properties": { "node_index": 489, "is_stop_only": false }, "geometry": { "type": "Point", "coordinates": [ 587835.728952878154814, 4515241.673430006019771 ] } },
{ "type": "Feature", "properties": { "node_index": 490, "is_stop_only": false }, "geometry": { "type": "Point", "coordinates": [ 587971.829080658149906, 4515168.204737878404558 ] } },
{ "type": "Feature", "properties": { "node_index": 491, "is_stop_only": false }, "geometry": { "type": "Point", "coordinates": [ 588120.630290926317684, 4515087.873001975007355 ] } },
{ "type": "Feature", "properties": { "node_index": 492, "is_stop_only": false }, "geometry": { "type": "Point", "coordinates": [ 588246.059194140136242, 4515020.177522776648402 ] } },
{ "type": "Feature", "properties": { "node_index": 493, "is_stop_only": false }, "geometry": { "type": "Point", "coordinates": [ 588382.244062118697912, 4514946.672775260172784 ] } },
{ "type": "Feature", "properties": { "node_index": 494, "is_stop_only": false }, "geometry": { "type": "Point", "coordinates": [ 588572.149771731463261, 4514844.1808822741732 ] } },
{ "type": "Feature", "properties": { "node_index": 495, "is_stop_only": false }, "geometry": { "type": "Point", "coordinates": [ 588773.460790384327993, 4514735.524354262277484 ] } },
{ "type": "Feature", "properties": { "node_index": 496, "is_stop_only": false }, "geometry": { "type": "Point", "coordinates": [ 586449.362245749449357, 4507657.449595618061721 ] } },
{ "type": "Feature", "properties": { "node_index": 497, "is_stop_only": false }, "geometry": { "type": "Point", "coordinates": [ 589161.627097456133924, 4514527.978688935749233 ] } },
{ "type": "Feature", "properties": { "node_index": 498, "is_stop_only": false }, "geometry": { "type": "Point", "coordinates": [ 589588.932383905979805, 4521460.869869101792574 ] } },
{ "type": "Feature", "properties": { "node_index": 499, "is_stop_only": false }, "geometry": { "type": "Point", "coordinates": [ 585318.117461985908449, 4507190.086977739818394 ] } },
{ "type": "Feature", "properties": { "node_index": 500, "is_stop_only": false }, "geometry": { "type": "Point", "coordinates": [ 583959.655065636849031, 4508708.053166897967458 ] } },
{ "type": "Feature", "properties": { "node_index": 501, "is_stop_only": false }, "geometry": { "type": "Point", "coordinates": [ 587523.986353609710932, 4514666.264412451535463 ] } },
{ "type": "Feature", "properties": { "node_index": 502, "is_stop_only": false }, "geometry": { "type": "Point", "coordinates": [ 587809.900535775930621, 4514511.564422238618135 ] } },
{ "type": "Feature", "properties": { "node_index": 503, "is_stop_only": false }, "geometry": { "type": "Point", "coordinates": [ 588462.571278655552305, 4514158.46414003521204 ] } },
{ "type": "Feature", "properties": { "node_index": 504, "is_stop_only": false }, "geometry": { "type": "Point", "coordinates": [ 585484.113811186747625, 4510558.826692303642631 ] } },
{ "type": "Feature", "properties": { "node_index": 505, "is_stop_only": false }, "geometry": { "type": "Point", "coordinates": [ 585399.005943409865722, 4508490.411470816470683 ] } },
{ "type": "Feature", "properties": { "node_index": 506, "is_stop_only": false }, "geometry": { "type": "Point", "coordinates": [ 585627.605651425896212, 4510481.457756680436432 ] } },
{ "type": "Feature", "properties": { "node_index": 507, "is_stop_only": false }, "geometry": { "type": "Point", "coordinates": [ 585760.18971572490409, 4510409.982694810256362 ] } },
{ "type": "Feature", "properties": { "node_index": 508, "is_stop_only": false }, "geometry": { "type": "Point", "coordinates": [ 585896.129003676702268, 4510337.03892663307488 ] } },
{ "type": "Feature", "properties": { "node_index": 509, "is_stop_only": false }, "geometry": { "type": "Point", "coordinates": [ 585802.221477353945374, 4511471.451532038860023 ] } },
{ "type": "Feature", "properties": { "node_index": 510, "is_stop_only": false }, "geometry": { "type": "Point", "coordinates": [ 586086.144098878256045, 4510234.816106879152358 ] } },
{ "type": "Feature", "properties": { "node_index": 511, "is_stop_only": false }, "geometry": { "type": "Point", "coordinates": [ 584562.898682123515755, 4512139.897894718684256 ] } },
{ "type": "Feature", "properties": { "node_index": 512, "is_stop_only": false }, "geometry": { "type": "Point", "coordinates": [ 586288.089863999630325, 4510125.953456658869982 ] } },
{ "type": "Feature", "properties": { "node_index": 513, "is_stop_only": false }, "geometry": { "type": "Point", "coordinates": [ 588408.190853993990459, 4516303.085045015439391 ] } },
{ "type": "Feature", "properties": { "node_index": 514, "is_stop_only": false }, "geometry": { "type": "Point", "coordinates": [ 588544.021508500096388, 4516232.010931530967355 ] } },
{ "type": "Feature", "properties": { "node_index": 515, "is_stop_only": false }, "geometry": { "type": "Point", "coordinates": [ 583198.695731673855335, 4506636.183961905539036 ] } },
{ "type": "Feature", "properties": { "node_index": 516, "is_stop_only": false }, "geometry": { "type": "Point", "coordinates": [ 588693.339501715148799, 4516152.429938036948442 ] } },
{ "type": "Feature", "properties": { "node_index": 517, "is_stop_only": false }, "geometry": { "type": "Point", "coordinates": [ 589701.149030077271163, 4518377.960405236110091 ] } },
{ "type": "Feature", "properties": { "node_index": 518, "is_stop_only": false }, "geometry": { "type": "Point", "coordinates": [ 587047.111893810215406, 4511528.805222559720278 ] } },
{ "type": "Feature", "properties": { "node_index": 519, "is_stop_only": false }, "geometry": { "type": "Point", "coordinates": [ 588819.159209039527923, 4516082.106718949973583 ] } },
{ "type": "Feature", "properties": { "node_index": 520, "is_stop_only": false }, "geometry": { "type": "Point", "coordinates": [ 586232.987724756938405, 4511596.112460263073444 ] } },
{ "type": "Feature", "properties": { "node_index": 521, "is_stop_only": false }, "geometry": { "type": "Point", "coordinates": [ 586571.46237811865285, 4511412.642705667763948 ] } },
{ "type": "Feature", "properties": { "node_index": 522, "is_stop_only": false }, "geometry": { "type": "Point", "coordinates": [ 588955.106653332244605, 4516009.020710899494588 ] } },
{ "type": "Feature", "properties": { "node_index": 523, "is_stop_only": false }, "geometry": { "type": "Point", "coordinates": [ 586759.395409429096617, 4511311.556667971424758 ] } },
{ "type": "Feature", "properties": { "node_index": 524, "is_stop_only": false }, "geometry": { "type": "Point", "coordinates": [ 589145.128775317105465, 4515906.567486426793039 ] } },
{ "type": "Feature", "properties": { "node_index": 525, "is_stop_only": false }, "geometry": { "type": "Point", "coordinates": [ 586889.961617695749737, 4511241.987783511169255 ] } },
{ "type": "Feature", "properties": { "node_index": 526, "is_stop_only": false }, "geometry": { "type": "Point", "coordinates": [ 589347.319272046443075, 4515798.958972404710948 ] } },
{ "type": "Feature", "properties": { "node_index": 527, "is_stop_only": false }, "geometry": { "type": "Point", "coordinates": [ 588566.268703962676227, 4516595.970257971435785 ] } },
{ "type": "Feature", "properties": { "node_index": 528, "is_stop_only": false }, "geometry": { "type": "Point", "coordinates": [ 588702.427891179104336, 4516522.527140340767801 ] } },
{ "type": "Feature", "properties": { "node_index": 529, "is_stop_only": false }, "geometry": { "type": "Point", "coordinates": [ 588851.73797868762631, 4516443.981853045523167 ] } },
{ "type": "Feature", "properties": { "node_index": 530, "is_stop_only": false }, "geometry": { "type": "Point", "coordinates": [ 584846.84175583824981, 4507716.795292518101633 ] } },
{ "type": "Feature", "properties": { "node_index": 531, "is_stop_only": false }, "geometry": { "type": "Point", "coordinates": [ 588976.673841328825802, 4516374.616671670228243 ] } },
{ "type": "Feature", "properties": { "node_index": 532, "is_stop_only": false }, "geometry": { "type": "Point", "coordinates": [ 589112.671495621441863, 4516301.267775853164494 ] } },
{ "type": "Feature", "properties": { "node_index": 533, "is_stop_only": false }, "geometry": { "type": "Point", "coordinates": [ 589301.361208834103309, 4516196.237949652597308 ] } },
{ "type": "Feature", "properties": { "node_index": 534, "is_stop_only": false }, "geometry": { "type": "Point", "coordinates": [ 589502.743824417353608, 4516087.313949253410101 ] } },
{ "type": "Feature", "properties": { "node_index": 535, "is_stop_only": false }, "geometry": { "type": "Point", "coordinates": [ 583872.489832566468976, 4508051.499873752705753 ] } },
{ "type": "Feature", "properties": { "node_index": 536, "is_stop_only": false }, "geometry": { "type": "Point", "coordinates": [ 589363.231225865893066, 4520468.433526495471597 ] } },
{ "type": "Feature", "properties": { "node_index": 537, "is_stop_only": false }, "geometry": { "type": "Point", "coordinates": [ 583902.231973769841716, 4508024.602854860946536 ] } },
{ "type": "Feature", "properties": { "node_index": 538, "is_stop_only": false }, "geometry": { "type": "Point", "coordinates": [ 583695.329586166655645, 4510628.947988606989384 ] } },
{ "type": "Feature", "properties": { "node_index": 539, "is_stop_only": false }, "geometry": { "type": "Point", "coordinates": [ 586315.427597790607251, 4509727.61361725255847 ] } },
{ "type": "Feature", "properties": { "node_index": 540, "is_stop_only": false }, "geometry": { "type": "Point", "coordinates": [ 586446.005621149088256, 4512666.209827870130539 ] } },
{ "type": "Feature", "properties": { "node_index": 541, "is_stop_only": false }, "geometry": { "type": "Point", "coordinates": [ 586582.571170924929902, 4512592.453966346569359 ] } },
{ "type": "Feature", "properties": { "node_index": 542, "is_stop_only": false }, "geometry": { "type": "Point", "coordinates": [ 586514.932345048524439, 4509621.692634837701917 ] } },
{ "type": "Feature", "properties": { "node_index": 543, "is_stop_only": false }, "geometry": { "type": "Point", "coordinates": [ 587385.477566879475489, 4511888.52775652334094 ] } },
{ "type": "Feature", "properties": { "node_index": 544, "is_stop_only": false }, "geometry": { "type": "Point", "coordinates": [ 586727.941192209604196, 4512513.940850554034114 ] } },
{ "type": "Feature", "properties": { "node_index": 545, "is_stop_only": false }, "geometry": { "type": "Point", "coordinates": [ 586857.129566273302771, 4512444.166970361955464 ] } },
{ "type": "Feature", "properties": { "node_index": 546, "is_stop_only": false }, "geometry": { "type": "Point", "coordinates": [ 586994.727791773271747, 4512370.175264036282897 ] } },
{ "type": "Feature", "properties": { "node_index": 547, "is_stop_only": false }, "geometry": { "type": "Point", "coordinates": [ 587183.348790851887316, 4512269.397067938931286 ] } },
{ "type": "Feature", "properties": { "node_index": 548, "is_stop_only": false }, "geometry": { "type": "Point", "coordinates": [ 587385.115845998981968, 4512158.953087915666401 ] } },
{ "type": "Feature", "properties": { "node_index": 549, "is_stop_only": false }, "geometry": { "type": "Point", "coordinates": [ 587547.714379016542807, 4512070.011792001314461 ] } },
{ "type": "Feature", "properties": { "node_index": 550, "is_stop_only": false }, "geometry": { "type": "Point", "coordinates": [ 587633.262913036742248, 4512104.308032213710248 ] } },
{ "type": "Feature", "properties": { "node_index": 551, "is_stop_only": false }, "geometry": { "type": "Point", "coordinates": [ 585269.225012399838306, 4509493.607227304019034 ] } },
{ "type": "Feature", "properties": { "node_index": 552, "is_stop_only": false }, "geometry": { "type": "Point", "coordinates": [ 589295.783934992039576, 4517950.914592238143086 ] } },
{ "type": "Feature", "properties": { "node_index": 553, "is_stop_only": false }, "geometry": { "type": "Point", "coordinates": [ 589029.501451519667171, 4518094.589172690175474 ] } },
{ "type": "Feature", "properties": { "node_index": 554, "is_stop_only": false }, "geometry": { "type": "Point", "coordinates": [ 588775.348241009283811, 4518232.922996573150158 ] } },
{ "type": "Feature", "properties": { "node_index": 555, "is_stop_only": false }, "geometry": { "type": "Point", "coordinates": [ 588292.953839505207725, 4518491.662046361714602 ] } },
{ "type": "Feature", "properties": { "node_index": 556, "is_stop_only": false }, "geometry": { "type": "Point", "coordinates": [ 588116.889511202811264, 4518585.264371011406183 ] } },
{ "type": "Feature", "properties": { "node_index": 557, "is_stop_only": false }, "geometry": { "type": "Point", "coordinates": [ 585671.609203871106729, 4510903.649916300550103 ] } },
{ "type": "Feature", "properties": { "node_index": 558, "is_stop_only": false }, "geometry": { "type": "Point", "coordinates": [ 585813.725188436801545, 4510827.312369241379201 ] } },
{ "type": "Feature", "properties": { "node_index": 559, "is_stop_only": false }, "geometry": { "type": "Point", "coordinates": [ 585946.375715641188435, 4510755.575032600201666 ] } },
{ "type": "Feature", "properties": { "node_index": 560, "is_stop_only": false }, "geometry": { "type": "Point", "coordinates": [ 586082.484484192798845, 4510682.2148442203179 ] } },
{ "type": "Feature", "properties": { "node_index": 561, "is_stop_only": false }, "geometry": { "type": "Point", "coordinates": [ 586270.96365137048997, 4510580.856110229156911 ] } },
{ "type": "Feature", "properties": { "node_index": 562, "is_stop_only": false }, "geometry": { "type": "Point", "coordinates": [ 586474.480582887190394, 4510470.684680351056159 ] } },
{ "type": "Feature", "properties": { "node_index": 563, "is_stop_only": false }, "geometry": { "type": "Point", "coordinates": [ 584004.919177713454701, 4508341.14207387343049 ] } },
{ "type": "Feature", "properties": { "node_index": 564, "is_stop_only": false }, "geometry": { "type": "Point", "coordinates": [ 584079.019741581985727, 4508456.089064324274659 ] } },
{ "type": "Feature", "properties": { "node_index": 565, "is_stop_only": false }, "geometry": { "type": "Point", "coordinates": [ 584027.208075028611347, 4508337.586551809683442 ] } },
{ "type": "Feature", "properties": { "node_index": 566, "is_stop_only": false }, "geometry": { "type": "Point", "coordinates": [ 584129.258046220173128, 4508535.183917011134326 ] } },
{ "type": "Feature", "properties": { "node_index": 567, "is_stop_only": false }, "geometry": { "type": "Point", "coordinates": [ 586020.451438948744908, 4508583.335692615248263 ] } },
{ "type": "Feature", "properties": { "node_index": 568, "is_stop_only": false }, "geometry": { "type": "Point", "coordinates": [ 586166.553650428541005, 4508495.859129222109914 ] } },
{ "type": "Feature", "properties": { "node_index": 569, "is_stop_only": false }, "geometry": { "type": "Point", "coordinates": [ 586367.960900739417411, 4508387.280036021023989 ] } },
{ "type": "Feature", "properties": { "node_index": 570, "is_stop_only": false }, "geometry": { "type": "Point", "coordinates": [ 584229.727584963315167, 4508695.195423159748316 ] } },
{ "type": "Feature", "properties": { "node_index": 571, "is_stop_only": false }, "geometry": { "type": "Point", "coordinates": [ 588927.306375076761469, 4517595.458422379568219 ] } },
{ "type": "Feature", "properties": { "node_index": 572, "is_stop_only": false }, "geometry": { "type": "Point", "coordinates": [ 585579.451850981684402, 4508812.344679922796786 ] } },
{ "type": "Feature", "properties": { "node_index": 573, "is_stop_only": false }, "geometry": { "type": "Point", "coordinates": [ 586074.056104420567863, 4508805.74586708471179 ] } },
{ "type": "Feature", "properties": { "node_index": 574, "is_stop_only": false }, "geometry": { "type": "Point", "coordinates": [ 584315.863672817242332, 4508834.795206147246063 ] } },
{ "type": "Feature", "properties": { "node_index": 575, "is_stop_only": false }, "geometry": { "type": "Point", "coordinates": [ 584398.775859817280434, 4508971.66159741114825 ] } },
{ "type": "Feature", "properties": { "node_index": 576, "is_stop_only": false }, "geometry": { "type": "Point", "coordinates": [ 585768.131168470950797, 4508710.941371879540384 ] } },
{ "type": "Feature", "properties": { "node_index": 577, "is_stop_only": false }, "geometry": { "type": "Point", "coordinates": [ 585965.322834069258533, 4508604.312367438338697 ] } },
{ "type": "Feature", "properties": { "node_index": 578, "is_stop_only": false }, "geometry": { "type": "Point", "coordinates": [ 584562.701920293038711, 4509232.552888511680067 ] } },
{ "type": "Feature", "properties": { "node_index": 579, "is_stop_only": false }, "geometry": { "type": "Point", "coordinates": [ 584607.084625882911496, 4509299.860721396282315 ] } },
{ "type": "Feature", "properties": { "node_index": 580, "is_stop_only": false }, "geometry": { "type": "Point", "coordinates": [ 586621.770007710438222, 4510745.020012767985463 ] } },
{ "type": "Feature", "properties": { "node_index": 581, "is_stop_only": false }, "geometry": { "type": "Point", "coordinates": [ 589928.358038393198512, 4522087.904704507440329 ] } },
{ "type": "Feature", "properties": { "node_index": 582, "is_stop_only": false }, "geometry": { "type": "Point", "coordinates": [ 589804.154774427530356, 4522154.607366315089166 ] } },
{ "type": "Feature", "properties": { "node_index": 583, "is_stop_only": false }, "geometry": { "type": "Point", "coordinates": [ 589581.21394985052757, 4522274.360665769316256 ] } },
{ "type": "Feature", "properties": { "node_index": 584, "is_stop_only": false }, "geometry": { "type": "Point", "coordinates": [ 588523.504834760911763, 4517162.270471080206335 ] } },
{ "type": "Feature", "properties": { "node_index": 585, "is_stop_only": false }, "geometry": { "type": "Point", "coordinates": [ 589169.198663903051056, 4522385.173160030506551 ] } },
{ "type": "Feature", "properties": { "node_index": 586, "is_stop_only": false }, "geometry": { "type": "Point", "coordinates": [ 588644.156978851999156, 4517383.566049828194082 ] } },
{ "type": "Feature", "properties": { "node_index": 587, "is_stop_only": false }, "geometry": { "type": "Point", "coordinates": [ 588719.633585263160057, 4517523.984445234760642 ] } },
{ "type": "Feature", "properties": { "node_index": 588, "is_stop_only": false }, "geometry": { "type": "Point", "coordinates": [ 585962.359309977386147, 4511104.325492692179978 ] } },
{ "type": "Feature", "properties": { "node_index": 589, "is_stop_only": false }, "geometry": { "type": "Point", "coordinates": [ 586004.713172352639958, 4511177.025781712494791 ] } },
{ "type": "Feature", "properties": { "node_index": 590, "is_stop_only": false }, "geometry": { "type": "Point", "coordinates": [ 584357.989689728594385, 4509292.392797959968448 ] } },
{ "type": "Feature", "properties": { "node_index": 591, "is_stop_only": false }, "geometry": { "type": "Point", "coordinates": [ 588834.15852180251386, 4517733.952180588617921 ] } },
{ "type": "Feature", "properties": { "node_index": 592, "is_stop_only": false }, "geometry": { "type": "Point", "coordinates": [ 584408.06260987278074, 4509706.416912252083421 ] } },
{ "type": "Feature", "properties": { "node_index": 593, "is_stop_only": false }, "geometry": { "type": "Point", "coordinates": [ 588909.709412385360338, 4517874.595737464725971 ] } },
{ "type": "Feature", "properties": { "node_index": 594, "is_stop_only": false }, "geometry": { "type": "Point", "coordinates": [ 588950.361374885425903, 4517950.448170415125787 ] } },
{ "type": "Feature", "properties": { "node_index": 595, "is_stop_only": false }, "geometry": { "type": "Point", "coordinates": [ 589066.911298944847658, 4518164.163713136687875 ] } },
{ "type": "Feature", "properties": { "node_index": 596, "is_stop_only": false }, "geometry": { "type": "Point", "coordinates": [ 589141.976094300393015, 4518303.79380620084703 ] } },
{ "type": "Feature", "properties": { "node_index": 597, "is_stop_only": false }, "geometry": { "type": "Point", "coordinates": [ 589332.191057657473721, 4518657.638921796344221 ] } },
{ "type": "Feature", "properties": { "node_index": 598, "is_stop_only": false }, "geometry": { "type": "Point", "coordinates": [ 589073.847637056722306, 4522183.665725138969719 ] } },
{ "type": "Feature", "properties": { "node_index": 599, "is_stop_only": false }, "geometry": { "type": "Point", "coordinates": [ 585498.832696436205879, 4509285.510270743630826 ] } },
{ "type": "Feature", "properties": { "node_index": 600, "is_stop_only": false }, "geometry": { "type": "Point", "coordinates": [ 583714.338220223551616, 4509554.378739953972399 ] } },
{ "type": "Feature", "properties": { "node_index": 601, "is_stop_only": false }, "geometry": { "type": "Point", "coordinates": [ 585061.376368416822515, 4508168.066670573316514 ] } },
{ "type": "Feature", "properties": { "node_index": 602, "is_stop_only": false }, "geometry": { "type": "Point", "coordinates": [ 583608.015205872012302, 4509530.863702343776822 ] } },
{ "type": "Feature", "properties": { "node_index": 603, "is_stop_only": false }, "geometry": { "type": "Point", "coordinates": [ 583577.031124172732234, 4509524.707949763163924 ] } },
{ "type": "Feature", "properties": { "node_index": 604, "is_stop_only": false }, "geometry": { "type": "Point", "coordinates": [ 587403.138528315233998, 4514442.589808464981616 ] } },
{ "type": "Feature", "properties": { "node_index": 605, "is_stop_only": false }, "geometry": { "type": "Point", "coordinates": [ 587540.294066183385439, 4514367.770967637188733 ] } },
{ "type": "Feature", "properties": { "node_index": 606, "is_stop_only": false }, "geometry": { "type": "Point", "coordinates": [ 587688.6916423747316, 4514286.792732257395983 ] } },
{ "type": "Feature", "properties": { "node_index": 607, "is_stop_only": false }, "geometry": { "type": "Point", "coordinates": [ 587815.677461999817751, 4514220.951215493492782 ] } },
{ "type": "Feature", "properties": { "node_index": 608, "is_stop_only": false }, "geometry": { "type": "Point", "coordinates": [ 587949.578378397738561, 4514144.435792507603765 ] } },
{ "type": "Feature", "properties": { "node_index": 609, "is_stop_only": false }, "geometry": { "type": "Point", "coordinates": [ 588142.801946698687971, 4514043.737307197414339 ] } },
{ "type": "Feature", "properties": { "node_index": 610, "is_stop_only": false }, "geometry": { "type": "Point", "coordinates": [ 588342.485590947559103, 4513936.15963361505419 ] } },
{ "type": "Feature", "properties": { "node_index": 611, "is_stop_only": false }, "geometry": { "type": "Point", "coordinates": [ 585510.162986816139892, 4510263.242857806384563 ] } },
{ "type": "Feature", "properties": { "node_index": 612, "is_stop_only": false }, "geometry": { "type": "Point", "coordinates": [ 591183.016719512408599, 4524991.913876708596945 ] } },
{ "type": "Feature", "properties": { "node_index": 613, "is_stop_only": false }, "geometry": { "type": "Point", "coordinates": [ 591258.539728455827571, 4525066.23646427039057 ] } },
{ "type": "Feature", "properties": { "node_index": 614, "is_stop_only": false }, "geometry": { "type": "Point", "coordinates": [ 585091.76401291845832, 4509776.61611579824239 ] } },
{ "type": "Feature", "properties": { "node_index": 615, "is_stop_only": false }, "geometry": { "type": "Point", "coordinates": [ 585295.533527917228639, 4509667.492158292792737 ] } },
{ "type": "Feature", "properties": { "node_index": 616, "is_stop_only": false }, "geometry": { "type": "Point", "coordinates": [ 585481.195002813241445, 4509567.057682026177645 ] } },
{ "type": "Feature", "properties": { "node_index": 617, "is_stop_only": false }, "geometry": { "type": "Point", "coordinates": [ 585671.500680258614011, 4509464.216715855523944 ] } },
{ "type": "Feature", "properties": { "node_index": 618, "is_stop_only": false }, "geometry": { "type": "Point", "coordinates": [ 585873.734546256484464, 4509355.023878796026111 ] } },
{ "type": "Feature", "properties": { "node_index": 619, "is_stop_only": false }, "geometry": { "type": "Point", "coordinates": [ 586061.250181274372153, 4509254.125425817444921 ] } },
{ "type": "Feature", "properties": { "node_index": 620, "is_stop_only": false }, "geometry": { "type": "Point", "coordinates": [ 584763.573211984825321, 4508677.075611785985529 ] } },
{ "type": "Feature", "properties": { "node_index": 621, "is_stop_only": false }, "geometry": { "type": "Point", "coordinates": [ 586258.598450617748313, 4509147.728263446129858 ] } },
{ "type": "Feature", "properties": { "node_index": 622, "is_stop_only": false }, "geometry": { "type": "Point", "coordinates": [ 586359.170642058248632, 4509094.187333962880075 ] } },
{ "type": "Feature", "properties": { "node_index": 623, "is_stop_only": false }, "geometry": { "type": "Point", "coordinates": [ 586458.865233471267857, 4509039.982470223680139 ] } },
{ "type": "Feature", "properties": { "node_index": 624, "is_stop_only": false }, "geometry": { "type": "Point", "coordinates": [ 590706.339299376588315, 4524641.300138015300035 ] } },
{ "type": "Feature", "properties": { "node_index": 625, "is_stop_only": false }, "geometry": { "type": "Point", "coordinates": [ 584000.704652353771962, 4509133.717300172895193 ] } },
{ "type": "Feature", "properties": { "node_index": 626, "is_stop_only": false }, "geometry": { "type": "Point", "coordinates": [ 590983.068625584710389, 4524776.051927933469415 ] } },
{ "type": "Feature", "properties": { "node_index": 627, "is_stop_only": false }, "geometry": { "type": "Point", "coordinates": [ 585833.772607828374021, 4507147.629394301213324 ] } },
{ "type": "Feature", "properties": { "node_index": 628, "is_stop_only": false }, "geometry": { "type": "Point", "coordinates": [ 589740.602832299889997, 4520168.698243539780378 ] } },
{ "type": "Feature", "properties": { "node_index": 629, "is_stop_only": false }, "geometry": { "type": "Point", "coordinates": [ 589816.691734147258103, 4520214.321597510948777 ] } },
{ "type": "Feature", "properties": { "node_index": 630, "is_stop_only": false }, "geometry": { "type": "Point", "coordinates": [ 585826.995867663645186, 4507205.437557535246015 ] } },
{ "type": "Feature", "properties": { "node_index": 631, "is_stop_only": false }, "geometry": { "type": "Point", "coordinates": [ 586379.719413515995257, 4508094.941100280731916 ] } },
{ "type": "Feature", "properties": { "node_index": 632, "is_stop_only": false }, "geometry": { "type": "Point", "coordinates": [ 587024.540943135274574, 4516131.912308997474611 ] } },
{ "type": "Feature", "properties": { "node_index": 633, "is_stop_only": false }, "geometry": { "type": "Point", "coordinates": [ 586785.375951646594331, 4516259.910676089115441 ] } },
{ "type": "Feature", "properties": { "node_index": 634, "is_stop_only": false }, "geometry": { "type": "Point", "coordinates": [ 586367.295110329170711, 4516485.824226529337466 ] } },
{ "type": "Feature", "properties": { "node_index": 635, "is_stop_only": false }, "geometry": { "type": "Point", "coordinates": [ 587553.87793925171718, 4517685.907995169982314 ] } },
{ "type": "Feature", "properties": { "node_index": 636, "is_stop_only": false }, "geometry": { "type": "Point", "coordinates": [ 583309.217660480644554, 4507443.753822048194706 ] } },
{ "type": "Feature", "properties": { "node_index": 637, "is_stop_only": false }, "geometry": { "type": "Point", "coordinates": [ 583330.767832491546869, 4507525.718017660081387 ] } },
{ "type": "Feature", "properties": { "node_index": 638, "is_stop_only": false }, "geometry": { "type": "Point", "coordinates": [ 585334.879880479769781, 4509936.73953867610544 ] } },
{ "type": "Feature", "properties": { "node_index": 639, "is_stop_only": false }, "geometry": { "type": "Point", "coordinates": [ 585369.911282003158703, 4510001.113612397573888 ] } },
{ "type": "Feature", "properties": { "node_index": 640, "is_stop_only": false }, "geometry": { "type": "Point", "coordinates": [ 583417.350487970863469, 4508038.484725378453732 ] } },
{ "type": "Feature", "properties": { "node_index": 641, "is_stop_only": false }, "geometry": { "type": "Point", "coordinates": [ 587515.930339017650113, 4517616.179826341569424 ] } },
{ "type": "Feature", "properties": { "node_index": 642, "is_stop_only": false }, "geometry": { "type": "Point", "coordinates": [ 586873.550092764082365, 4515851.102633845992386 ] } },
{ "type": "Feature", "properties": { "node_index": 643, "is_stop_only": false }, "geometry": { "type": "Point", "coordinates": [ 586634.128443341935053, 4515979.602598698809743 ] } },
{ "type": "Feature", "properties": { "node_index": 644, "is_stop_only": false }, "geometry": { "type": "Point", "coordinates": [ 587397.833475801395252, 4517959.257093651220202 ] } },
{ "type": "Feature", "properties": { "node_index": 645, "is_stop_only": false }, "geometry": { "type": "Point", "coordinates": [ 586246.888163654948585, 4516187.943028134293854 ] } },
{ "type": "Feature", "properties": { "node_index": 646, "is_stop_only": false }, "geometry": { "type": "Point", "coordinates": [ 583565.259898924618028, 4509319.264311243779957 ] } },
{ "type": "Feature", "properties": { "node_index": 647, "is_stop_only": false }, "geometry": { "type": "Point", "coordinates": [ 585861.079355377121828, 4508013.7797472178936 ] } },
{ "type": "Feature", "properties": { "node_index": 648, "is_stop_only": false }, "geometry": { "type": "Point", "coordinates": [ 585790.54387733375188, 4508040.952108609490097 ] } },
{ "type": "Feature", "properties": { "node_index": 649, "is_stop_only": false }, "geometry": { "type": "Point", "coordinates": [ 583582.514077815925702, 4509605.437571018002927 ] } },
{ "type": "Feature", "properties": { "node_index": 650, "is_stop_only": false }, "geometry": { "type": "Point", "coordinates": [ 585718.744709340156987, 4508068.610120166093111 ] } },
{ "type": "Feature", "properties": { "node_index": 651, "is_stop_only": false }, "geometry": { "type": "Point", "coordinates": [ 585647.61626788508147, 4508096.021208805963397 ] } },
{ "type": "Feature", "properties": { "node_index": 652, "is_stop_only": false }, "geometry": { "type": "Point", "coordinates": [ 585576.378185719018802, 4508123.465007672086358 ] } },
{ "type": "Feature", "properties": { "node_index": 653, "is_stop_only": false }, "geometry": { "type": "Point", "coordinates": [ 585509.382900642813183, 4508149.281967069022357 ] } },
{ "type": "Feature", "properties": { "node_index": 654, "is_stop_only": false }, "geometry": { "type": "Point", "coordinates": [ 587894.052396561717615, 4517971.145568933337927 ] } },
{ "type": "Feature", "properties": { "node_index": 655, "is_stop_only": false }, "geometry": { "type": "Point", "coordinates": [ 583591.158723474480212, 4509760.764538129791617 ] } },
{ "type": "Feature", "properties": { "node_index": 656, "is_stop_only": false }, "geometry": { "type": "Point", "coordinates": [ 583605.29564636934083, 4510028.084890870377421 ] } },
{ "type": "Feature", "properties": { "node_index": 657, "is_stop_only": false }, "geometry": { "type": "Point", "coordinates": [ 587167.805343097425066, 4517983.442777564749122 ] } },
{ "type": "Feature", "properties": { "node_index": 658, "is_stop_only": false }, "geometry": { "type": "Point", "coordinates": [ 585440.156738504418172, 4508175.950889842584729 ] } },
{ "type": "Feature", "properties": { "node_index": 659, "is_stop_only": false }, "geometry": { "type": "Point", "coordinates": [ 587206.453339254949242, 4517601.188143174163997 ] } },
{ "type": "Feature", "properties": { "node_index": 660, "is_stop_only": false }, "geometry": { "type": "Point", "coordinates": [ 585376.276348164537922, 4508200.561471323482692 ] } },
{ "type": "Feature", "properties": { "node_index": 661, "is_stop_only": false }, "geometry": { "type": "Point", "coordinates": [ 585335.68617802252993, 4508216.214649478904903 ] } },
{ "type": "Feature", "properties": { "node_index": 662, "is_stop_only": false }, "geometry": { "type": "Point", "coordinates": [ 585313.049527034396306, 4508224.93586304038763 ] } },
{ "type": "Feature", "properties": { "node_index": 663, "is_stop_only": false }, "geometry": { "type": "Point", "coordinates": [ 585175.272830370347947, 4508278.585452642291784 ] } },
{ "type": "Feature", "properties": { "node_index": 664, "is_stop_only": false }, "geometry": { "type": "Point", "coordinates": [ 585111.137364903464913, 4508302.029620166867971 ] } },
{ "type": "Feature", "properties": { "node_index": 665, "is_stop_only": false }, "geometry": { "type": "Point", "coordinates": [ 584993.245255311718211, 4508346.27409288007766 ] } },
{ "type": "Feature", "properties": { "node_index": 666, "is_stop_only": false }, "geometry": { "type": "Point", "coordinates": [ 587776.336080809589475, 4517755.970239109359682 ] } },
{ "type": "Feature", "properties": { "node_index": 667, "is_stop_only": false }, "geometry": { "type": "Point", "coordinates": [ 587224.532359550241381, 4518051.725323827937245 ] } },
{ "type": "Feature", "properties": { "node_index": 668, "is_stop_only": false }, "geometry": { "type": "Point", "coordinates": [ 586149.252225328120403, 4507902.680035199970007 ] } },
{ "type": "Feature", "properties": { "node_index": 669, "is_stop_only": false }, "geometry": { "type": "Point", "coordinates": [ 584726.550602130591869, 4507280.3512157863006 ] } },
{ "type": "Feature", "properties": { "node_index": 670, "is_stop_only": false }, "geometry": { "type": "Point", "coordinates": [ 583120.689381659263745, 4506715.410864039324224 ] } },
{ "type": "Feature", "properties": { "node_index": 671, "is_stop_only": false }, "geometry": { "type": "Point", "coordinates": [ 584789.094657190144062, 4506961.391949151642621 ] } },
{ "type": "Feature", "properties": { "node_index": 672, "is_stop_only": false }, "geometry": { "type": "Point", "coordinates": [ 584247.362242462811992, 4509067.749320158734918 ] } },
{ "type": "Feature", "properties": { "node_index": 673, "is_stop_only": false }, "geometry": { "type": "Point", "coordinates": [ 587633.709244429599494, 4517832.594903671182692 ] } },
{ "type": "Feature", "properties": { "node_index": 674, "is_stop_only": false }, "geometry": { "type": "Point", "coordinates": [ 584266.634805221576244, 4512741.245927258394659 ] } },
{ "type": "Feature", "properties": { "node_index": 675, "is_stop_only": false }, "geometry": { "type": "Point", "coordinates": [ 584358.921028243377805, 4512889.333824681118131 ] } },
{ "type": "Feature", "properties": { "node_index": 676, "is_stop_only": false }, "geometry": { "type": "Point", "coordinates": [ 584509.38012596545741, 4513078.221056972630322 ] } },
{ "type": "Feature", "properties": { "node_index": 677, "is_stop_only": false }, "geometry": { "type": "Point", "coordinates": [ 588871.302105681737885, 4517163.299585929140449 ] } },
{ "type": "Feature", "properties": { "node_index": 678, "is_stop_only": false }, "geometry": { "type": "Point", "coordinates": [ 588603.082081136875786, 4517310.086398342624307 ] } },
{ "type": "Feature", "properties": { "node_index": 679, "is_stop_only": false }, "geometry": { "type": "Point", "coordinates": [ 584696.809791684849188, 4513425.230098848231137 ] } },
{ "type": "Feature", "properties": { "node_index": 680, "is_stop_only": false }, "geometry": { "type": "Point", "coordinates": [ 587991.417875430779532, 4517638.098602891899645 ] } },
{ "type": "Feature", "properties": { "node_index": 681, "is_stop_only": false }, "geometry": { "type": "Point", "coordinates": [ 588181.667369648697786, 4515882.709271869622171 ] } },
{ "type": "Feature", "properties": { "node_index": 682, "is_stop_only": false }, "geometry": { "type": "Point", "coordinates": [ 588465.675733367213979, 4515730.232994176447392 ] } },
{ "type": "Feature", "properties": { "node_index": 683, "is_stop_only": false }, "geometry": { "type": "Point", "coordinates": [ 587874.023256250424311, 4517698.754005188122392 ] } },
{ "type": "Feature", "properties": { "node_index": 684, "is_stop_only": false }, "geometry": { "type": "Point", "coordinates": [ 588718.703737925970927, 4516879.909702796489 ] } },
{ "type": "Feature", "properties": { "node_index": 685, "is_stop_only": false }, "geometry": { "type": "Point", "coordinates": [ 590332.121980923111551, 4523453.7794174477458 ] } },
{ "type": "Feature", "properties": { "node_index": 686, "is_stop_only": false }, "geometry": { "type": "Point", "coordinates": [ 588448.381416612188332, 4517022.724578387103975 ] } },
{ "type": "Feature", "properties": { "node_index": 687, "is_stop_only": false }, "geometry": { "type": "Point", "coordinates": [ 590059.49563519959338, 4523415.752314878627658 ] } },
{ "type": "Feature", "properties": { "node_index": 688, "is_stop_only": false }, "geometry": { "type": "Point", "coordinates": [ 588194.521536675165407, 4517158.473283481784165 ] } },
{ "type": "Feature", "properties": { "node_index": 689, "is_stop_only": false }, "geometry": { "type": "Point", "coordinates": [ 586145.561903486959636, 4507511.230427345260978 ] } },
{ "type": "Feature", "properties": { "node_index": 690, "is_stop_only": false }, "geometry": { "type": "Point", "coordinates": [ 585468.237098037265241, 4508605.228091799654067 ] } },
{ "type": "Feature", "properties": { "node_index": 691, "is_stop_only": false }, "geometry": { "type": "Point", "coordinates": [ 587838.768649975885637, 4517350.707642479799688 ] } },
{ "type": "Feature", "properties": { "node_index": 692, "is_stop_only": false }, "geometry": { "type": "Point", "coordinates": [ 585656.582157649565488, 4508503.818027029745281 ] } },
{ "type": "Feature", "properties": { "node_index": 693, "is_stop_only": false }, "geometry": { "type": "Point", "coordinates": [ 587477.470182945835404, 4517545.502113073132932 ] } },
{ "type": "Feature", "properties": { "node_index": 694, "is_stop_only": false }, "geometry": { "type": "Point", "coordinates": [ 587100.182401817874052, 4517748.640932038426399 ] } },
{ "type": "Feature", "properties": { "node_index": 695, "is_stop_only": false }, "geometry": { "type": "Point", "coordinates": [ 585852.77562334574759, 4508396.175237495452166 ] } },
{ "type": "Feature", "properties": { "node_index": 696, "is_stop_only": false }, "geometry": { "type": "Point", "coordinates": [ 586931.732196024968289, 4512584.486824708990753 ] } },
{ "type": "Feature", "properties": { "node_index": 697, "is_stop_only": false }, "geometry": { "type": "Point", "coordinates": [ 586053.594336909707636, 4508287.891727542504668 ] } },
{ "type": "Feature", "properties": { "node_index": 698, "is_stop_only": false }, "geometry": { "type": "Point", "coordinates": [ 586254.308467674301937, 4508176.77013900782913 ] } },
{ "type": "Feature", "properties": { "node_index": 699, "is_stop_only": false }, "geometry": { "type": "Point", "coordinates": [ 585385.99326794676017, 4510700.880459192208946 ] } },
{ "type": "Feature", "properties": { "node_index": 700, "is_stop_only": false }, "geometry": { "type": "Point", "coordinates": [ 584147.252934894524515, 4511369.204812713898718 ] } },
{ "type": "Feature", "properties": { "node_index": 701, "is_stop_only": false }, "geometry": { "type": "Point", "coordinates": [ 590422.8135612946935, 4524653.17497799918056 ] } },
{ "type": "Feature", "properties": { "node_index": 702, "is_stop_only": false }, "geometry": { "type": "Point", "coordinates": [ 585404.982748503680341, 4510067.81979301199317 ] } },
{ "type": "Feature", "properties": { "node_index": 703, "is_stop_only": false }, "geometry": { "type": "Point", "coordinates": [ 585673.122686923714355, 4509923.099621331319213 ] } },
{ "type": "Feature", "properties": { "node_index": 704, "is_stop_only": false }, "geometry": { "type": "Point", "coordinates": [ 590721.166090193903074, 4524737.853502300567925 ] } },
{ "type": "Feature", "properties": { "node_index": 705, "is_stop_only": false }, "geometry": { "type": "Point", "coordinates": [ 585863.463406721130013, 4509820.352919755503535 ] } },
{ "type": "Feature", "properties": { "node_index": 706, "is_stop_only": false }, "geometry": { "type": "Point", "coordinates": [ 586066.642272899160162, 4509710.676813591271639 ] } },
{ "type": "Feature", "properties": { "node_index": 707, "is_stop_only": false }, "geometry": { "type": "Point", "coordinates": [ 586603.045544319902547, 4515345.59578406251967 ] } },
{ "type": "Feature", "properties": { "node_index": 708, "is_stop_only": false }, "geometry": { "type": "Point", "coordinates": [ 586362.193669338477775, 4515475.675650303252041 ] } },
{ "type": "Feature", "properties": { "node_index": 709, "is_stop_only": false }, "geometry": { "type": "Point", "coordinates": [ 584900.727899977820925, 4507518.994912507943809 ] } },
{ "type": "Feature", "properties": { "node_index": 710, "is_stop_only": false }, "geometry": { "type": "Point", "coordinates": [ 585961.831703402101994, 4515691.938460633158684 ] } },
{ "type": "Feature", "properties": { "node_index": 711, "is_stop_only": false }, "geometry": { "type": "Point", "coordinates": [ 589646.353780579636805, 4521228.179859679192305 ] } },
{ "type": "Feature", "properties": { "node_index": 712, "is_stop_only": false }, "geometry": { "type": "Point", "coordinates": [ 585128.432921159896068, 4507544.219402506016195 ] } },
{ "type": "Feature", "properties": { "node_index": 713, "is_stop_only": false }, "geometry": { "type": "Point", "coordinates": [ 589505.225379549665377, 4521303.131425584666431 ] } },
{ "type": "Feature", "properties": { "node_index": 714, "is_stop_only": false }, "geometry": { "type": "Point", "coordinates": [ 588964.94946450588759, 4521646.988713894970715 ] } },
{ "type": "Feature", "properties": { "node_index": 715, "is_stop_only": false }, "geometry": { "type": "Point", "coordinates": [ 589388.119040673016571, 4516608.365122484043241 ] } },
{ "type": "Feature", "properties": { "node_index": 716, "is_stop_only": false }, "geometry": { "type": "Point", "coordinates": [ 589586.801854629185982, 4516497.234911601990461 ] } },
{ "type": "Feature", "properties": { "node_index": 717, "is_stop_only": false }, "geometry": { "type": "Point", "coordinates": [ 587893.297823850181885, 4518760.463521050289273 ] } },
{ "type": "Feature", "properties": { "node_index": 718, "is_stop_only": false }, "geometry": { "type": "Point", "coordinates": [ 585305.512442584498785, 4508785.429675098508596 ] } },
{ "type": "Feature", "properties": { "node_index": 719, "is_stop_only": false }, "geometry": { "type": "Point", "coordinates": [ 585506.770670135039836, 4508676.94811718724668 ] } },
{ "type": "Feature", "properties": { "node_index": 720, "is_stop_only": false }, "geometry": { "type": "Point", "coordinates": [ 585695.117065811064094, 4508575.317026187665761 ] } },
{ "type": "Feature", "properties": { "node_index": 721, "is_stop_only": false }, "geometry": { "type": "Point", "coordinates": [ 585892.47621127741877, 4508469.021039753220975 ] } },
{ "type": "Feature", "properties": { "node_index": 722, "is_stop_only": false }, "geometry": { "type": "Point", "coordinates": [ 586092.765335148083977, 4508361.132160008884966 ] } },
{ "type": "Feature", "properties": { "node_index": 723, "is_stop_only": false }, "geometry": { "type": "Point", "coordinates": [ 586294.781396108330227, 4508251.980787413194776 ] } },
{ "type": "Feature", "properties": { "node_index": 724, "is_stop_only": false }, "geometry": { "type": "Point", "coordinates": [ 586028.100751494406722, 4511891.181528594344854 ] } },
{ "type": "Feature", "properties": { "node_index": 725, "is_stop_only": false }, "geometry": { "type": "Point", "coordinates": [ 585513.18905618856661, 4512168.892639952711761 ] } },
{ "type": "Feature", "properties": { "node_index": 726, "is_stop_only": false }, "geometry": { "type": "Point", "coordinates": [ 585030.479928309563547, 4512429.067065861076117 ] } },
{ "type": "Feature", "properties": { "node_index": 727, "is_stop_only": false }, "geometry": { "type": "Point", "coordinates": [ 584789.117096850764938, 4512559.171225915662944 ] } },
{ "type": "Feature", "properties": { "node_index": 728, "is_stop_only": false }, "geometry": { "type": "Point", "coordinates": [ 588367.26866140391212, 4519545.040674446150661 ] } },
{ "type": "Feature", "properties": { "node_index": 729, "is_stop_only": false }, "geometry": { "type": "Point", "coordinates": [ 584292.335998015943915, 4512824.649307362735271 ] } },
{ "type": "Feature", "properties": { "node_index": 730, "is_stop_only": false }, "geometry": { "type": "Point", "coordinates": [ 586130.185696845990606, 4514474.531318761408329 ] } },
{ "type": "Feature", "properties": { "node_index": 731, "is_stop_only": false }, "geometry": { "type": "Point", "coordinates": [ 583939.621700221090578, 4508090.017471577972174 ] } },
{ "type": "Feature", "properties": { "node_index": 732, "is_stop_only": false }, "geometry": { "type": "Point", "coordinates": [ 584050.1385229062289, 4508024.734225782565773 ] } },
{ "type": "Feature", "properties": { "node_index": 733, "is_stop_only": false }, "geometry": { "type": "Point", "coordinates": [ 583225.749979619169608, 4507012.635226769372821 ] } },
{ "type": "Feature", "properties": { "node_index": 734, "is_stop_only": false }, "geometry": { "type": "Point", "coordinates": [ 587436.005741051631048, 4512739.071478082798421 ] } },
{ "type": "Feature", "properties": { "node_index": 735, "is_stop_only": false }, "geometry": { "type": "Point", "coordinates": [ 583086.389590665698051, 4507039.727668389678001 ] } },
{ "type": "Feature", "properties": { "node_index": 736, "is_stop_only": false }, "geometry": { "type": "Point", "coordinates": [ 582986.535048731369898, 4507070.472951350733638 ] } },
{ "type": "Feature", "properties": { "node_index": 737, "is_stop_only": false }, "geometry": { "type": "Point", "coordinates": [ 586980.239567612297833, 4513655.350735104642808 ] } },
{ "type": "Feature", "properties": { "node_index": 738, "is_stop_only": false }, "geometry": { "type": "Point", "coordinates": [ 587116.537450273288414, 4513581.790547963231802 ] } },
{ "type": "Feature", "properties": { "node_index": 739, "is_stop_only": false }, "geometry": { "type": "Point", "coordinates": [ 587263.759551339666359, 4513504.031639594584703 ] } },
{ "type": "Feature", "properties": { "node_index": 740, "is_stop_only": false }, "geometry": { "type": "Point", "coordinates": [ 590123.933241900987923, 4522259.004000013694167 ] } },
{ "type": "Feature", "properties": { "node_index": 741, "is_stop_only": false }, "geometry": { "type": "Point", "coordinates": [ 587390.763824611902237, 4513433.819661517627537 ] } },
{ "type": "Feature", "properties": { "node_index": 742, "is_stop_only": false }, "geometry": { "type": "Point", "coordinates": [ 590082.102798252133653, 4522253.086597135290504 ] } },
{ "type": "Feature", "properties": { "node_index": 743, "is_stop_only": false }, "geometry": { "type": "Point", "coordinates": [ 587526.696130824740976, 4513360.47345214150846 ] } },
{ "type": "Feature", "properties": { "node_index": 744, "is_stop_only": false }, "geometry": { "type": "Point", "coordinates": [ 587717.036675866693258, 4513257.764391120523214 ] } },
{ "type": "Feature", "properties": { "node_index": 745, "is_stop_only": false }, "geometry": { "type": "Point", "coordinates": [ 584068.489430931047536, 4506864.44234558288008 ] } },
{ "type": "Feature", "properties": { "node_index": 746, "is_stop_only": false }, "geometry": { "type": "Point", "coordinates": [ 587918.180718180490658, 4513149.237496928311884 ] } },
{ "type": "Feature", "properties": { "node_index": 747, "is_stop_only": false }, "geometry": { "type": "Point", "coordinates": [ 589935.718414950068109, 4524465.249597021378577 ] } },
{ "type": "Feature", "properties": { "node_index": 748, "is_stop_only": false }, "geometry": { "type": "Point", "coordinates": [ 584963.863954263040796, 4507113.447203746065497 ] } },
{ "type": "Feature", "properties": { "node_index": 749, "is_stop_only": false }, "geometry": { "type": "Point", "coordinates": [ 585125.551692774053663, 4507154.058015670627356 ] } },
{ "type": "Feature", "properties": { "node_index": 750, "is_stop_only": false }, "geometry": { "type": "Point", "coordinates": [ 585146.007439683307894, 4507158.222890980541706 ] } },
{ "type": "Feature", "properties": { "node_index": 751, "is_stop_only": false }, "geometry": { "type": "Point", "coordinates": [ 585329.983066188404337, 4507192.632597043178976 ] } },
{ "type": "Feature", "properties": { "node_index": 752, "is_stop_only": false }, "geometry": { "type": "Point", "coordinates": [ 585587.945148905506358, 4507229.23231306206435 ] } },
{ "type": "Feature", "properties": { "node_index": 753, "is_stop_only": false }, "geometry": { "type": "Point", "coordinates": [ 585746.706970630795695, 4507252.081852735951543 ] } },
{ "type": "Feature", "properties": { "node_index": 754, "is_stop_only": false }, "geometry": { "type": "Point", "coordinates": [ 583851.348470764234662, 4506504.132860636338592 ] } },
{ "type": "Feature", "properties": { "node_index": 755, "is_stop_only": false }, "geometry": { "type": "Point", "coordinates": [ 585669.034830858348869, 4510094.125938178040087 ] } },
{ "type": "Feature", "properties": { "node_index": 756, "is_stop_only": false }, "geometry": { "type": "Point", "coordinates": [ 584128.846963804564439, 4511911.202688370831311 ] } },
{ "type": "Feature", "properties": { "node_index": 757, "is_stop_only": false }, "geometry": { "type": "Point", "coordinates": [ 585703.524471542099491, 4510159.028346156701446 ] } },
{ "type": "Feature", "properties": { "node_index": 758, "is_stop_only": false }, "geometry": { "type": "Point", "coordinates": [ 589391.590287438360974, 4522564.093229765072465 ] } },
{ "type": "Feature", "properties": { "node_index": 759, "is_stop_only": false }, "geometry": { "type": "Point", "coordinates": [ 583632.427694349898957, 4506497.776689718477428 ] } },
{ "type": "Feature", "properties": { "node_index": 760, "is_stop_only": false }, "geometry": { "type": "Point", "coordinates": [ 583559.48025611275807, 4507147.523568287491798 ] } },
{ "type": "Feature", "properties": { "node_index": 761, "is_stop_only": false }, "geometry": { "type": "Point", "coordinates": [ 584676.489013418671675, 4507491.951861057430506 ] } },
{ "type": "Feature", "properties": { "node_index": 762, "is_stop_only": false }, "geometry": { "type": "Point", "coordinates": [ 583611.384179664892145, 4507268.288029379211366 ] } },
{ "type": "Feature", "properties": { "node_index": 763, "is_stop_only": false }, "geometry": { "type": "Point", "coordinates": [ 584737.433510179282166, 4507607.077121825888753 ] } },
{ "type": "Feature", "properties": { "node_index": 764, "is_stop_only": false }, "geometry": { "type": "Point", "coordinates": [ 583649.071927445475012, 4507339.321933088824153 ] } },
{ "type": "Feature", "properties": { "node_index": 765, "is_stop_only": false }, "geometry": { "type": "Point", "coordinates": [ 589892.302719044149853, 4517254.788503136485815 ] } },
{ "type": "Feature", "properties": { "node_index": 766, "is_stop_only": false }, "geometry": { "type": "Point", "coordinates": [ 584846.326669461093843, 4507861.527631541714072 ] } },
{ "type": "Feature", "properties": { "node_index": 767, "is_stop_only": false }, "geometry": { "type": "Point", "coordinates": [ 589354.258800326148048, 4522534.852391116321087 ] } },
{ "type": "Feature", "properties": { "node_index": 768, "is_stop_only": false }, "geometry": { "type": "Point", "coordinates": [ 584897.426999982912093, 4507991.185519537888467 ] } },
{ "type": "Feature", "properties": { "node_index": 769, "is_stop_only": false }, "geometry": { "type": "Point", "coordinates": [ 586158.182950993883424, 4511458.074103139340878 ] } },
{ "type": "Feature", "properties": { "node_index": 770, "is_stop_only": false }, "geometry": { "type": "Point", "coordinates": [ 584972.593163411947899, 4508270.320948574692011 ] } },
{ "type": "Feature", "properties": { "node_index": 771, "is_stop_only": false }, "geometry": { "type": "Point", "coordinates": [ 585015.412460207473487, 4508427.806850372813642 ] } },
{ "type": "Feature", "properties": { "node_index": 772, "is_stop_only": false }, "geometry": { "type": "Point", "coordinates": [ 585071.383460900164209, 4508633.671621290966868 ] } },
{ "type": "Feature", "properties": { "node_index": 773, "is_stop_only": false }, "geometry": { "type": "Point", "coordinates": [ 585091.944572509499267, 4508709.268826903775334 ] } },
{ "type": "Feature", "properties": { "node_index": 774, "is_stop_only": false }, "geometry": { "type": "Point", "coordinates": [ 586496.432849393924698, 4511274.687046263366938 ] } },
{ "type": "Feature", "properties": { "node_index": 775, "is_stop_only": false }, "geometry": { "type": "Point", "coordinates": [ 585114.782503872644156, 4508793.241052492521703 ] } },
{ "type": "Feature", "properties": { "node_index": 776, "is_stop_only": false }, "geometry": { "type": "Point", "coordinates": [ 586686.209458645666018, 4511172.832368931733072 ] } },
{ "type": "Feature", "properties": { "node_index": 777, "is_stop_only": false }, "geometry": { "type": "Point", "coordinates": [ 586815.847087516798638, 4511104.106156840920448 ] } },
{ "type": "Feature", "properties": { "node_index": 778, "is_stop_only": false }, "geometry": { "type": "Point", "coordinates": [ 585723.023794600740075, 4511326.983206493780017 ] } },
{ "type": "Feature", "properties": { "node_index": 779, "is_stop_only": false }, "geometry": { "type": "Point", "coordinates": [ 585210.386209659045562, 4511607.306773037649691 ] } },
{ "type": "Feature", "properties": { "node_index": 780, "is_stop_only": false }, "geometry": { "type": "Point", "coordinates": [ 585131.603373414021917, 4513193.938761887140572 ] } },
{ "type": "Feature", "properties": { "node_index": 781, "is_stop_only": false }, "geometry": { "type": "Point", "coordinates": [ 584725.713458759128116, 4511867.989627183414996 ] } },
{ "type": "Feature", "properties": { "node_index": 782, "is_stop_only": false }, "geometry": { "type": "Point", "coordinates": [ 584485.255470865406096, 4511997.63686833716929 ] } },
{ "type": "Feature", "properties": { "node_index": 783, "is_stop_only": false }, "geometry": { "type": "Point", "coordinates": [ 589820.8492657848401, 4523658.123007430694997 ] } },
{ "type": "Feature", "properties": { "node_index": 784, "is_stop_only": false }, "geometry": { "type": "Point", "coordinates": [ 589836.569095933693461, 4523681.07466656435281 ] } },
{ "type": "Feature", "properties": { "node_index": 785, "is_stop_only": false }, "geometry": { "type": "Point", "coordinates": [ 584005.948873928049579, 4512255.018436609767377 ] } },
{ "type": "Feature", "properties": { "node_index": 786, "is_stop_only": false }, "geometry": { "type": "Point", "coordinates": [ 589836.066966579994187, 4523703.62904286570847 ] } },
{ "type": "Feature", "properties": { "node_index": 787, "is_stop_only": false }, "geometry": { "type": "Point", "coordinates": [ 589872.059614346828312, 4523712.027803845703602 ] } },
{ "type": "Feature", "properties": { "node_index": 788, "is_stop_only": false }, "geometry": { "type": "Point", "coordinates": [ 585573.082251902902499, 4511046.584736940450966 ] } },
{ "type": "Feature", "properties": { "node_index": 789, "is_stop_only": false }, "geometry": { "type": "Point", "coordinates": [ 584573.750627028290182, 4511587.899595517665148 ] } },
{ "type": "Feature", "properties": { "node_index": 790, "is_stop_only": false }, "geometry": { "type": "Point", "coordinates": [ 584333.425312255509198, 4511715.743738239631057 ] } },
{ "type": "Feature", "properties": { "node_index": 791, "is_stop_only": false }, "geometry": { "type": "Point", "coordinates": [ 583855.390718978713267, 4511976.02520866971463 ] } },
{ "type": "Feature", "properties": { "node_index": 792, "is_stop_only": false }, "geometry": { "type": "Point", "coordinates": [ 589482.133345558773726, 4523040.790890102274716 ] } },
{ "type": "Feature", "properties": { "node_index": 793, "is_stop_only": false }, "geometry": { "type": "Point", "coordinates": [ 590140.85994514846243, 4522779.233938839286566 ] } },
{ "type": "Feature", "properties": { "node_index": 794, "is_stop_only": false }, "geometry": { "type": "Point", "coordinates": [ 589991.759213420562446, 4517843.08709775749594 ] } },
{ "type": "Feature", "properties": { "node_index": 795, "is_stop_only": false }, "geometry": { "type": "Point", "coordinates": [ 585251.861284681479447, 4514137.024763725697994 ] } },
{ "type": "Feature", "properties": { "node_index": 796, "is_stop_only": false }, "geometry": { "type": "Point", "coordinates": [ 584491.914106590091251, 4507244.313556578010321 ] } },
{ "type": "Feature", "properties": { "node_index": 797, "is_stop_only": false }, "geometry": { "type": "Point", "coordinates": [ 584578.69610531872604, 4507255.782750609330833 ] } },
{ "type": "Feature", "properties": { "node_index": 798, "is_stop_only": false }, "geometry": { "type": "Point", "coordinates": [ 584943.760582065908238, 4507308.70288619119674 ] } },
{ "type": "Feature", "properties": { "node_index": 799, "is_stop_only": false }, "geometry": { "type": "Point", "coordinates": [ 585878.854116805829108, 4507799.836048198863864 ] } },
{ "type": "Feature", "properties": { "node_index": 800, "is_stop_only": false }, "geometry": { "type": "Point", "coordinates": [ 585861.907456473563798, 4507780.233306215144694 ] } },
{ "type": "Feature", "properties": { "node_index": 801, "is_stop_only": false }, "geometry": { "type": "Point", "coordinates": [ 585309.70432539540343, 4507350.149433831684291 ] } },
{ "type": "Feature", "properties": { "node_index": 802, "is_stop_only": false }, "geometry": { "type": "Point", "coordinates": [ 585438.200103482231498, 4507365.994279308244586 ] } },
{ "type": "Feature", "properties": { "node_index": 803, "is_stop_only": false }, "geometry": { "type": "Point", "coordinates": [ 585570.443947399267927, 4507382.772765703499317 ] } },
{ "type": "Feature", "properties": { "node_index": 804, "is_stop_only": false }, "geometry": { "type": "Point", "coordinates": [ 585727.914197598583996, 4507403.06470893882215 ] } },
{ "type": "Feature", "properties": { "node_index": 805, "is_stop_only": false }, "geometry": { "type": "Point", "coordinates": [ 586203.779756779549643, 4507489.036246065981686 ] } },
{ "type": "Feature", "properties": { "node_index": 806, "is_stop_only": false }, "geometry": { "type": "Point", "coordinates": [ 589797.573247593012638, 4517076.286611988209188 ] } },
{ "type": "Feature", "properties": { "node_index": 807, "is_stop_only": false }, "geometry": { "type": "Point", "coordinates": [ 589923.02021933614742, 4517310.374622269533575 ] } },
{ "type": "Feature", "properties": { "node_index": 808, "is_stop_only": false }, "geometry": { "type": "Point", "coordinates": [ 589781.40133462054655, 4517044.859001123346388 ] } },
{ "type": "Feature", "properties": { "node_index": 809, "is_stop_only": false }, "geometry": { "type": "Point", "coordinates": [ 587759.808068697107956, 4517205.161443473771214 ] } },
{ "type": "Feature", "properties": { "node_index": 810, "is_stop_only": false }, "geometry": { "type": "Point", "coordinates": [ 589456.171824053861201, 4518590.691318292170763 ] } },
{ "type": "Feature", "properties": { "node_index": 811, "is_stop_only": false }, "geometry": { "type": "Point", "coordinates": [ 587760.191697342204861, 4515101.453701923601329 ] } },
{ "type": "Feature", "properties": { "node_index": 812, "is_stop_only": false }, "geometry": { "type": "Point", "coordinates": [ 588045.020853243302554, 4514947.638334637507796 ] } },
{ "type": "Feature", "properties": { "node_index": 813, "is_stop_only": false }, "geometry": { "type": "Point", "coordinates": [ 588697.997209185501561, 4514595.07365801371634 ] } },
{ "type": "Feature", "properties": { "node_index": 814, "is_stop_only": false }, "geometry": { "type": "Point", "coordinates": [ 582998.138094862340949, 4506762.743646202608943 ] } },
{ "type": "Feature", "properties": { "node_index": 815, "is_stop_only": false }, "geometry": { "type": "Point", "coordinates": [ 586641.283426032983698, 4509407.052492381073534 ] } },
{ "type": "Feature", "properties": { "node_index": 816, "is_stop_only": false }, "geometry": { "type": "Point", "coordinates": [ 585839.860865713912062, 4508169.90804096031934 ] } },
{ "type": "Feature", "properties": { "node_index": 817, "is_stop_only": false }, "geometry": { "type": "Point", "coordinates": [ 586578.796022451017052, 4509265.157924819737673 ] } },
{ "type": "Feature", "properties": { "node_index": 818, "is_stop_only": false }, "geometry": { "type": "Point", "coordinates": [ 586525.357205039006658, 4510251.576518284156919 ] } },
{ "type": "Feature", "properties": { "node_index": 819, "is_stop_only": false }, "geometry": { "type": "Point", "coordinates": [ 585417.358576013473794, 4514588.806842170655727 ] } },
{ "type": "Feature", "properties": { "node_index": 820, "is_stop_only": false }, "geometry": { "type": "Point", "coordinates": [ 589741.290726428967901, 4519988.456963455304503 ] } },
{ "type": "Feature", "properties": { "node_index": 821, "is_stop_only": false }, "geometry": { "type": "Point", "coordinates": [ 585346.557317528873682, 4514627.691790027543902 ] } },
{ "type": "Feature", "properties": { "node_index": 822, "is_stop_only": false }, "geometry": { "type": "Point", "coordinates": [ 587166.474739172495902, 4517528.817766234278679 ] } },
{ "type": "Feature", "properties": { "node_index": 823, "is_stop_only": false }, "geometry": { "type": "Point", "coordinates": [ 587855.363319559837691, 4517900.318646864965558 ] } },
{ "type": "Feature", "properties": { "node_index": 824, "is_stop_only": false }, "geometry": { "type": "Point", "coordinates": [ 587919.738351503852755, 4518040.785564033314586 ] } },
{ "type": "Feature", "properties": { "node_index": 825, "is_stop_only": false }, "geometry": { "type": "Point", "coordinates": [ 587825.343700317200273, 4518187.603429290466011 ] } },
{ "type": "Feature", "properties": { "node_index": 826, "is_stop_only": false }, "geometry": { "type": "Point", "coordinates": [ 587861.831929665757343, 4518257.538116536103189 ] } },
{ "type": "Feature", "properties": { "node_index": 827, "is_stop_only": false }, "geometry": { "type": "Point", "coordinates": [ 589708.128186519723386, 4522910.524809505790472 ] } },
{ "type": "Feature", "properties": { "node_index": 828, "is_stop_only": false }, "geometry": { "type": "Point", "coordinates": [ 585308.269524139235727, 4510558.221617634408176 ] } },
{ "type": "Feature", "properties": { "node_index": 829, "is_stop_only": false }, "geometry": { "type": "Point", "coordinates": [ 583689.01551693060901, 4510708.023676892742515 ] } },
{ "type": "Feature", "properties": { "node_index": 830, "is_stop_only": false }, "geometry": { "type": "Point", "coordinates": [ 584794.290667102322914, 4510835.350655529648066 ] } },
{ "type": "Feature", "properties": { "node_index": 831, "is_stop_only": false }, "geometry": { "type": "Point", "coordinates": [ 584680.082338660606183, 4508236.810991455800831 ] } },
{ "type": "Feature", "properties": { "node_index": 832, "is_stop_only": false }, "geometry": { "type": "Point", "coordinates": [ 584307.99927663966082, 4511097.297479102388024 ] } },
{ "type": "Feature", "properties": { "node_index": 833, "is_stop_only": false }, "geometry": { "type": "Point", "coordinates": [ 584070.189092311309651, 4511225.778490668162704 ] } },
{ "type": "Feature", "properties": { "node_index": 834, "is_stop_only": false }, "geometry": { "type": "Point", "coordinates": [ 587567.313937416533008, 4516849.646184099838138 ] } },
{ "type": "Feature", "properties": { "node_index": 835, "is_stop_only": false }, "geometry": { "type": "Point", "coordinates": [ 587446.864233653759584, 4516913.936153717339039 ] } },
{ "type": "Feature", "properties": { "node_index": 836, "is_stop_only": false }, "geometry": { "type": "Point", "coordinates": [ 587206.372833139263093, 4517044.236397701315582 ] } },
{ "type": "Feature", "properties": { "node_index": 837, "is_stop_only": false }, "geometry": { "type": "Point", "coordinates": [ 589873.654036705614999, 4523405.937387944199145 ] } },
{ "type": "Feature", "properties": { "node_index": 838, "is_stop_only": false }, "geometry": { "type": "Point", "coordinates": [ 586838.539807957946323, 4517241.849285014905035 ] } },
{ "type": "Feature", "properties": { "node_index": 839, "is_stop_only": false }, "geometry": { "type": "Point", "coordinates": [ 590645.469616923015565, 4524368.204032009467483 ] } },
{ "type": "Feature", "properties": { "node_index": 840, "is_stop_only": false }, "geometry": { "type": "Point", "coordinates": [ 590803.540901235770434, 4524447.755097597837448 ] } },
{ "type": "Feature", "properties": { "node_index": 841, "is_stop_only": false }, "geometry": { "type": "Point", "coordinates": [ 591078.552146975533105, 4524585.597872075624764 ] } },
{ "type": "Feature", "properties": { "node_index": 842, "is_stop_only": false }, "geometry": { "type": "Point", "coordinates": [ 591145.63044406066183, 4524620.733448996208608 ] } },
{ "type": "Feature", "properties": { "node_index": 843, "is_stop_only": false }, "geometry": { "type": "Point", "coordinates": [ 589599.662257016985677, 4518513.601333651691675 ] } },
{ "type": "Feature", "properties": { "node_index": 844, "is_stop_only": false }, "geometry": { "type": "Point", "coordinates": [ 589739.541486486443318, 4518439.612230210565031 ] } },
{ "type": "Feature", "properties": { "node_index": 845, "is_stop_only": false }, "geometry": { "type": "Point", "coordinates": [ 589830.354587079375051, 4518391.264574097469449 ] } },
{ "type": "Feature", "properties": { "node_index": 846, "is_stop_only": false }, "geometry": { "type": "Point", "coordinates": [ 589857.892562879249454, 4518531.77952236123383 ] } },
{ "type": "Feature", "properties": { "node_index": 847, "is_stop_only": false }, "geometry": { "type": "Point", "coordinates": [ 583839.307584621827118, 4510551.506052642129362 ] } },
{ "type": "Feature", "properties": { "node_index": 848, "is_stop_only": false }, "geometry": { "type": "Point", "coordinates": [ 590373.394147406332195, 4523211.414843926206231 ] } },
{ "type": "Feature", "properties": { "node_index": 849, "is_stop_only": false }, "geometry": { "type": "Point", "coordinates": [ 590150.578655480640009, 4523330.930000542663038 ] } },
{ "type": "Feature", "properties": { "node_index": 850, "is_stop_only": false }, "geometry": { "type": "Point", "coordinates": [ 584818.834964320994914, 4512290.62746939714998 ] } },
{ "type": "Feature", "properties": { "node_index": 851, "is_stop_only": false }, "geometry": { "type": "Point", "coordinates": [ 583738.391344422008842, 4510603.81073119957 ] } },
{ "type": "Feature", "properties": { "node_index": 852, "is_stop_only": false }, "geometry": { "type": "Point", "coordinates": [ 584749.71605227002874, 4509519.902056421153247 ] } },
{ "type": "Feature", "properties": { "node_index": 853, "is_stop_only": false }, "geometry": { "type": "Point", "coordinates": [ 584610.69205675215926, 4509595.02985955029726 ] } },
{ "type": "Feature", "properties": { "node_index": 854, "is_stop_only": false }, "geometry": { "type": "Point", "coordinates": [ 585206.07015787193086, 4507870.469588681124151 ] } },
{ "type": "Feature", "properties": { "node_index": 855, "is_stop_only": false }, "geometry": { "type": "Point", "coordinates": [ 585155.183807497611269, 4507739.479679550044239 ] } },
{ "type": "Feature", "properties": { "node_index": 856, "is_stop_only": false }, "geometry": { "type": "Point", "coordinates": [ 585107.199926276225597, 4507613.785898258909583 ] } },
{ "type": "Feature", "properties": { "node_index": 857, "is_stop_only": false }, "geometry": { "type": "Point", "coordinates": [ 585092.936630442854948, 4507540.470418753102422 ] } },
{ "type": "Feature", "properties": { "node_index": 858, "is_stop_only": false }, "geometry": { "type": "Point", "coordinates": [ 585067.118111071875319, 4507571.62660756520927 ] } },
{ "type": "Feature", "properties": { "node_index": 859, "is_stop_only": false }, "geometry": { "type": "Point", "coordinates": [ 585070.705559920868836, 4507537.983924645930529 ] } },
{ "type": "Feature", "properties": { "node_index": 860, "is_stop_only": false }, "geometry": { "type": "Point", "coordinates": [ 590032.451793249929324, 4522578.064424027688801 ] } },
{ "type": "Feature", "properties": { "node_index": 861, "is_stop_only": false }, "geometry": { "type": "Point", "coordinates": [ 585051.705688461195678, 4507535.867605834268034 ] } },
{ "type": "Feature", "properties": { "node_index": 862, "is_stop_only": false }, "geometry": { "type": "Point", "coordinates": [ 585087.668561466736719, 4507621.200103626586497 ] } },
{ "type": "Feature", "properties": { "node_index": 863, "is_stop_only": false }, "geometry": { "type": "Point", "coordinates": [ 585161.222577606211416, 4510283.283841833472252 ] } },
{ "type": "Feature", "properties": { "node_index": 864, "is_stop_only": false }, "geometry": { "type": "Point", "coordinates": [ 585185.180444790865295, 4507878.522947211749852 ] } },
{ "type": "Feature", "properties": { "node_index": 865, "is_stop_only": false }, "geometry": { "type": "Point", "coordinates": [ 583921.993891040212475, 4510951.097092112526298 ] } },
{ "type": "Feature", "properties": { "node_index": 866, "is_stop_only": false }, "geometry": { "type": "Point", "coordinates": [ 586563.847628029761836, 4508069.010315867140889 ] } },
{ "type": "Feature", "properties": { "node_index": 867, "is_stop_only": false }, "geometry": { "type": "Point", "coordinates": [ 583536.395357895526104, 4507405.297468503005803 ] } },
{ "type": "Feature", "properties": { "node_index": 868, "is_stop_only": false }, "geometry": { "type": "Point", "coordinates": [ 589466.08658094285056, 4520314.809183448553085 ] } },
{ "type": "Feature", "properties": { "node_index": 869, "is_stop_only": false }, "geometry": { "type": "Point", "coordinates": [ 589083.869987991871312, 4520521.371710281819105 ] } },
{ "type": "Feature", "properties": { "node_index": 870, "is_stop_only": false }, "geometry": { "type": "Point", "coordinates": [ 584655.873130106367171, 4507643.27134452201426 ] } },
{ "type": "Feature", "properties": { "node_index": 871, "is_stop_only": false }, "geometry": { "type": "Point", "coordinates": [ 584450.223936431575567, 4507734.040592281147838 ] } },
{ "type": "Feature", "properties": { "node_index": 872, "is_stop_only": false }, "geometry": { "type": "Point", "coordinates": [ 584373.941916901618242, 4508795.976702734827995 ] } },
{ "type": "Feature", "properties": { "node_index": 873, "is_stop_only": false }, "geometry": { "type": "Point", "coordinates": [ 583759.234496098011732, 4510650.608553041703999 ] } },
{ "type": "Feature", "properties": { "node_index": 874, "is_stop_only": false }, "geometry": { "type": "Point", "coordinates": [ 586799.340667563606985, 4515709.676134533248842 ] } },
{ "type": "Feature", "properties": { "node_index": 875, "is_stop_only": false }, "geometry": { "type": "Point", "coordinates": [ 586068.848620164440945, 4511966.483893405646086 ] } },
{ "type": "Feature", "properties": { "node_index": 876, "is_stop_only": false }, "geometry": { "type": "Point", "coordinates": [ 586558.442377201165073, 4515839.349234092980623 ] } },
{ "type": "Feature", "properties": { "node_index": 877, "is_stop_only": false }, "geometry": { "type": "Point", "coordinates": [ 584122.901980888447724, 4507390.042673041112721 ] } },
{ "type": "Feature", "properties": { "node_index": 878, "is_stop_only": false }, "geometry": { "type": "Point", "coordinates": [ 584829.722009057062678, 4512634.420572008006275 ] } },
{ "type": "Feature", "properties": { "node_index": 879, "is_stop_only": false }, "geometry": { "type": "Point", "coordinates": [ 586104.118294290150516, 4516085.104627160355449 ] } },
{ "type": "Feature", "properties": { "node_index": 880, "is_stop_only": false }, "geometry": { "type": "Point", "coordinates": [ 586111.397213763324544, 4507168.598750976845622 ] } },
{ "type": "Feature", "properties": { "node_index": 881, "is_stop_only": false }, "geometry": { "type": "Point", "coordinates": [ 585959.781139389262535, 4507160.368028749711812 ] } },
{ "type": "Feature", "properties": { "node_index": 882, "is_stop_only": false }, "geometry": { "type": "Point", "coordinates": [ 583570.92710749048274, 4508464.912064531818032 ] } },
{ "type": "Feature", "properties": { "node_index": 883, "is_stop_only": false }, "geometry": { "type": "Point", "coordinates": [ 587750.519905655295588, 4518964.27318228688091 ] } },
{ "type": "Feature", "properties": { "node_index": 884, "is_stop_only": false }, "geometry": { "type": "Point", "coordinates": [ 587649.160890139639378, 4519018.915778588503599 ] } },
{ "type": "Feature", "properties": { "node_index": 885, "is_stop_only": false }, "geometry": { "type": "Point", "coordinates": [ 584276.846368686878122, 4506678.981124063022435 ] } },
{ "type": "Feature", "properties": { "node_index": 886, "is_stop_only": false }, "geometry": { "type": "Point", "coordinates": [ 590078.639658644562587, 4517154.923875764012337 ] } },
{ "type": "Feature", "properties": { "node_index": 887, "is_stop_only": false }, "geometry": { "type": "Point", "coordinates": [ 590124.998524572583847, 4517165.48090267367661 ] } },
{ "type": "Feature", "properties": { "node_index": 888, "is_stop_only": false }, "geometry": { "type": "Point", "coordinates": [ 584555.217957615270279, 4507851.031554565764964 ] } },
{ "type": "Feature", "properties": { "node_index": 889, "is_stop_only": false }, "geometry": { "type": "Point", "coordinates": [ 587576.37950345990248, 4512793.099638518877327 ] } },
{ "type": "Feature", "properties": { "node_index": 890, "is_stop_only": false }, "geometry": { "type": "Point", "coordinates": [ 586594.254348500515334, 4511042.427164417691529 ] } },
{ "type": "Feature", "properties": { "node_index": 891, "is_stop_only": false }, "geometry": { "type": "Point", "coordinates": [ 587729.067987410584465, 4516859.179193507879972 ] } },
{ "type": "Feature", "properties": { "node_index": 892, "is_stop_only": false }, "geometry": { "type": "Point", "coordinates": [ 587607.573424243601039, 4516923.953797098249197 ] } },
{ "type": "Feature", "properties": { "node_index": 893, "is_stop_only": false }, "geometry": { "type": "Point", "coordinates": [ 587487.683498016092926, 4516990.203736278228462 ] } },
{ "type": "Feature", "properties": { "node_index": 894, "is_stop_only": false }, "geometry": { "type": "Point", "coordinates": [ 587248.370352450059727, 4517118.029588383622468 ] } },
{ "type": "Feature", "properties": { "node_index": 895, "is_stop_only": false }, "geometry": { "type": "Point", "coordinates": [ 587053.960522528272122, 4517223.365085893310606 ] } },
{ "type": "Feature", "properties": { "node_index": 896, "is_stop_only": false }, "geometry": { "type": "Point", "coordinates": [ 587005.788697130628861, 4517249.743661877699196 ] } },
{ "type": "Feature", "properties": { "node_index": 897, "is_stop_only": false }, "geometry": { "type": "Point", "coordinates": [ 586879.073804592131637, 4517317.62157379835844 ] } },
{ "type": "Feature", "properties": { "node_index": 898, "is_stop_only": false }, "geometry": { "type": "Point", "coordinates": [ 585739.337436781614088, 4510689.072719158604741 ] } },
{ "type": "Feature", "properties": { "node_index": 899, "is_stop_only": false }, "geometry": { "type": "Point", "coordinates": [ 586488.358343369676732, 4515132.877581642009318 ] } },
{ "type": "Feature", "properties": { "node_index": 900, "is_stop_only": false }, "geometry": { "type": "Point", "coordinates": [ 590093.181105708586983, 4517183.634415745735168 ] } },
{ "type": "Feature", "properties": { "node_index": 901, "is_stop_only": false }, "geometry": { "type": "Point", "coordinates": [ 583523.762405941961333, 4507076.190405995585024 ] } },
{ "type": "Feature", "properties": { "node_index": 902, "is_stop_only": false }, "geometry": { "type": "Point", "coordinates": [ 587888.541455917176791, 4519334.247538599185646 ] } },
{ "type": "Feature", "properties": { "node_index": 903, "is_stop_only": false }, "geometry": { "type": "Point", "coordinates": [ 586247.383942089625634, 4515262.93763573281467 ] } },
{ "type": "Feature", "properties": { "node_index": 904, "is_stop_only": false }, "geometry": { "type": "Point", "coordinates": [ 591127.648928881855682, 4525052.960670438595116 ] } },
{ "type": "Feature", "properties": { "node_index": 905, "is_stop_only": false }, "geometry": { "type": "Point", "coordinates": [ 586098.149846067884937, 4515343.478987240232527 ] } },
{ "type": "Feature", "properties": { "node_index": 906, "is_stop_only": false }, "geometry": { "type": "Point", "coordinates": [ 586005.144362303777598, 4515393.690069782547653 ] } },
{ "type": "Feature", "properties": { "node_index": 907, "is_stop_only": false }, "geometry": { "type": "Point", "coordinates": [ 589193.03886379126925, 4522845.961819460615516 ] } },
{ "type": "Feature", "properties": { "node_index": 908, "is_stop_only": false }, "geometry": { "type": "Point", "coordinates": [ 585891.904092270880938, 4515454.81409156601876 ] } },
{ "type": "Feature", "properties": { "node_index": 909, "is_stop_only": false }, "geometry": { "type": "Point", "coordinates": [ 591692.826745366910473, 4524691.742433401755989 ] } },
{ "type": "Feature", "properties": { "node_index": 910, "is_stop_only": false }, "geometry": { "type": "Point", "coordinates": [ 590068.176628481247462, 4523688.060925356112421 ] } },
{ "type": "Feature", "properties": { "node_index": 911, "is_stop_only": false }, "geometry": { "type": "Point", "coordinates": [ 590170.966460746363737, 4523627.285718271508813 ] } },
{ "type": "Feature", "properties": { "node_index": 912, "is_stop_only": false }, "geometry": { "type": "Point", "coordinates": [ 590381.056738936691545, 4523659.610452314838767 ] } },
{ "type": "Feature", "properties": { "node_index": 913, "is_stop_only": false }, "geometry": { "type": "Point", "coordinates": [ 591415.207190874032676, 4524842.458377724513412 ] } },
{ "type": "Feature", "properties": { "node_index": 914, "is_stop_only": false }, "geometry": { "type": "Point", "coordinates": [ 585580.615377081674524, 4510225.276050127111375 ] } },
{ "type": "Feature", "properties": { "node_index": 915, "is_stop_only": false }, "geometry": { "type": "Point", "coordinates": [ 585643.021414538030513, 4510191.635589997284114 ] } },
{ "type": "Feature", "properties": { "node_index": 916, "is_stop_only": false }, "geometry": { "type": "Point", "coordinates": [ 590450.5019166986458, 4523763.9376913132146 ] } },
{ "type": "Feature", "properties": { "node_index": 917, "is_stop_only": false }, "geometry": { "type": "Point", "coordinates": [ 586879.750288551789708, 4515287.076985139399767 ] } },
{ "type": "Feature", "properties": { "node_index": 918, "is_stop_only": false }, "geometry": { "type": "Point", "coordinates": [ 590193.680810826132074, 4522580.187703397125006 ] } },
{ "type": "Feature", "properties": { "node_index": 919, "is_stop_only": false }, "geometry": { "type": "Point", "coordinates": [ 586641.02266573428642, 4515416.029354447498918 ] } },
{ "type": "Feature", "properties": { "node_index": 920, "is_stop_only": false }, "geometry": { "type": "Point", "coordinates": [ 590069.134229801595211, 4522646.459703158587217 ] } },
{ "type": "Feature", "properties": { "node_index": 921, "is_stop_only": false }, "geometry": { "type": "Point", "coordinates": [ 586400.205822991789319, 4515546.130569179542363 ] } },
{ "type": "Feature", "properties": { "node_index": 922, "is_stop_only": false }, "geometry": { "type": "Point", "coordinates": [ 586254.362906656926498, 4515624.920824842527509 ] } },
{ "type": "Feature", "properties": { "node_index": 923, "is_stop_only": false }, "geometry": { "type": "Point", "coordinates": [ 586157.877728917403147, 4515677.043387274257839 ] } },
{ "type": "Feature", "properties": { "node_index": 924, "is_stop_only": false }, "geometry": { "type": "Point", "coordinates": [ 589846.291746214497834, 4522765.87292040605098 ] } },
{ "type": "Feature", "properties": { "node_index": 925, "is_stop_only": false }, "geometry": { "type": "Point", "coordinates": [ 585967.552238229545765, 4515779.879617793485522 ] } },
{ "type": "Feature", "properties": { "node_index": 926, "is_stop_only": false }, "geometry": { "type": "Point", "coordinates": [ 586459.280718810856342, 4508770.370461497455835 ] } },
{ "type": "Feature", "properties": { "node_index": 927, "is_stop_only": false }, "geometry": { "type": "Point", "coordinates": [ 589451.681542560923845, 4522908.068052612245083 ] } },
{ "type": "Feature", "properties": { "node_index": 928, "is_stop_only": false }, "geometry": { "type": "Point", "coordinates": [ 585319.471964147873223, 4507274.323242624290287 ] } },
{ "type": "Feature", "properties": { "node_index": 929, "is_stop_only": false }, "geometry": { "type": "Point", "coordinates": [ 589724.416051525622606, 4522007.195147927850485 ] } },
{ "type": "Feature", "properties": { "node_index": 930, "is_stop_only": false }, "geometry": { "type": "Point", "coordinates": [ 587723.740939581301063, 4519158.88069349899888 ] } },
{ "type": "Feature", "properties": { "node_index": 931, "is_stop_only": false }, "geometry": { "type": "Point", "coordinates": [ 589446.281895906548016, 4518229.851704239845276 ] } },
{ "type": "Feature", "properties": { "node_index": 932, "is_stop_only": false }, "geometry": { "type": "Point", "coordinates": [ 587982.235327316331677, 4518478.487207124941051 ] } },
{ "type": "Feature", "properties": { "node_index": 933, "is_stop_only": false }, "geometry": { "type": "Point", "coordinates": [ 589179.490863442886621, 4518373.581211265176535 ] } },
{ "type": "Feature", "properties": { "node_index": 934, "is_stop_only": false }, "geometry": { "type": "Point", "coordinates": [ 589572.612929187598638, 4521725.345709287561476 ] } },
{ "type": "Feature", "properties": { "node_index": 935, "is_stop_only": false }, "geometry": { "type": "Point", "coordinates": [ 588922.806679309112951, 4518509.669916939921677 ] } },
{ "type": "Feature", "properties": { "node_index": 936, "is_stop_only": false }, "geometry": { "type": "Point", "coordinates": [ 587727.462100108503364, 4518612.21911908686161 ] } },
{ "type": "Feature", "properties": { "node_index": 937, "is_stop_only": false }, "geometry": { "type": "Point", "coordinates": [ 588310.784134645946324, 4518842.046231781132519 ] } },
{ "type": "Feature", "properties": { "node_index": 938, "is_stop_only": false }, "geometry": { "type": "Point", "coordinates": [ 588208.178803093614988, 4518897.421393359079957 ] } },
{ "type": "Feature", "properties": { "node_index": 939, "is_stop_only": false }, "geometry": { "type": "Point", "coordinates": [ 587653.528428946505301, 4518650.589154537767172 ] } },
{ "type": "Feature", "properties": { "node_index": 940, "is_stop_only": false }, "geometry": { "type": "Point", "coordinates": [ 584703.747551197069697, 4507564.648746931925416 ] } },
{ "type": "Feature", "properties": { "node_index": 941, "is_stop_only": false }, "geometry": { "type": "Point", "coordinates": [ 584728.448334640124813, 4507611.248800909146667 ] } },
{ "type": "Feature", "properties": { "node_index": 942, "is_stop_only": false }, "geometry": { "type": "Point", "coordinates": [ 589443.875546913710423, 4520791.060833865776658 ] } },
{ "type": "Feature", "properties": { "node_index": 943, "is_stop_only": false }, "geometry": { "type": "Point", "coordinates": [ 589278.007131084799767, 4520881.449634524993598 ] } },
{ "type": "Feature", "properties": { "node_index": 944, "is_stop_only": false }, "geometry": { "type": "Point", "coordinates": [ 583689.294820026261732, 4509385.566182875074446 ] } },
{ "type": "Feature", "properties": { "node_index": 945, "is_stop_only": false }, "geometry": { "type": "Point", "coordinates": [ 584786.711728090536781, 4509587.415299758315086 ] } },
{ "type": "Feature", "properties": { "node_index": 946, "is_stop_only": false }, "geometry": { "type": "Point", "coordinates": [ 589734.464312202995643, 4519076.024179650470614 ] } },
{ "type": "Feature", "properties": { "node_index": 947, "is_stop_only": false }, "geometry": { "type": "Point", "coordinates": [ 584508.298748831148259, 4509727.120840487070382 ] } },
{ "type": "Feature", "properties": { "node_index": 948, "is_stop_only": false }, "geometry": { "type": "Point", "coordinates": [ 589584.562445443705656, 4519157.441333695314825 ] } },
{ "type": "Feature", "properties": { "node_index": 949, "is_stop_only": false }, "geometry": { "type": "Point", "coordinates": [ 587770.028651530505158, 4512417.435880898497999 ] } },
{ "type": "Feature", "properties": { "node_index": 950, "is_stop_only": false }, "geometry": { "type": "Point", "coordinates": [ 589966.653348851948977, 4517832.678310664370656 ] } },
{ "type": "Feature", "properties": { "node_index": 951, "is_stop_only": false }, "geometry": { "type": "Point", "coordinates": [ 589344.230215697782114, 4519288.295226761139929 ] } },
{ "type": "Feature", "properties": { "node_index": 952, "is_stop_only": false }, "geometry": { "type": "Point", "coordinates": [ 589000.324365653563291, 4519473.83195595536381 ] } },
{ "type": "Feature", "properties": { "node_index": 953, "is_stop_only": false }, "geometry": { "type": "Point", "coordinates": [ 588744.031976215657778, 4519612.306592523120344 ] } },
{ "type": "Feature", "properties": { "node_index": 954, "is_stop_only": false }, "geometry": { "type": "Point", "coordinates": [ 588627.604812385630794, 4519675.170535384677351 ] } },
{ "type": "Feature", "properties": { "node_index": 955, "is_stop_only": false }, "geometry": { "type": "Point", "coordinates": [ 588568.496342742815614, 4519707.092062012292445 ] } },
{ "type": "Feature", "properties": { "node_index": 956, "is_stop_only": false }, "geometry": { "type": "Point", "coordinates": [ 587327.371134868008085, 4514301.140052434056997 ] } },
{ "type": "Feature", "properties": { "node_index": 957, "is_stop_only": false }, "geometry": { "type": "Point", "coordinates": [ 588223.737330315634608, 4519893.264356474392116 ] } },
{ "type": "Feature", "properties": { "node_index": 958, "is_stop_only": false }, "geometry": { "type": "Point", "coordinates": [ 584870.204632147448137, 4513696.877219866961241 ] } },
{ "type": "Feature", "properties": { "node_index": 959, "is_stop_only": false }, "geometry": { "type": "Point", "coordinates": [ 585299.877104729181156, 4514475.430328 ] } },
{ "type": "Feature", "properties": { "node_index": 960, "is_stop_only": false }, "geometry": { "type": "Point", "coordinates": [ 584881.221372646163218, 4513782.868075768463314 ] } },
{ "type": "Feature", "properties": { "node_index": 961, "is_stop_only": false }, "geometry": { "type": "Point", "coordinates": [ 585325.822845470160246, 4514547.749668122269213 ] } },
{ "type": "Feature", "properties": { "node_index": 962, "is_stop_only": false }, "geometry": { "type": "Point", "coordinates": [ 584919.16905726166442, 4513859.486680578440428 ] } },
{ "type": "Feature", "properties": { "node_index": 963, "is_stop_only": false }, "geometry": { "type": "Point", "coordinates": [ 585367.066953977453522, 4514705.866140423342586 ] } },
{ "type": "Feature", "properties": { "node_index": 964, "is_stop_only": false }, "geometry": { "type": "Point", "coordinates": [ 585394.310137314954773, 4514778.245160550810397 ] } },
{ "type": "Feature", "properties": { "node_index": 965, "is_stop_only": false }, "geometry": { "type": "Point", "coordinates": [ 587613.453852300764993, 4514147.255853604525328 ] } },
{ "type": "Feature", "properties": { "node_index": 966, "is_stop_only": false }, "geometry": { "type": "Point", "coordinates": [ 588266.715747000882402, 4513795.921259550377727 ] } },
{ "type": "Feature", "properties": { "node_index": 967, "is_stop_only": false }, "geometry": { "type": "Point", "coordinates": [ 583734.551464574295096, 4506394.90217374637723 ] } },
{ "type": "Feature", "properties": { "node_index": 968, "is_stop_only": false }, "geometry": { "type": "Point", "coordinates": [ 583774.248129497631453, 4506351.164056427776814 ] } },
{ "type": "Feature", "properties": { "node_index": 969, "is_stop_only": false }, "geometry": { "type": "Point", "coordinates": [ 583821.011747850221582, 4506297.425301307812333 ] } },
{ "type": "Feature", "properties": { "node_index": 970, "is_stop_only": false }, "geometry": { "type": "Point", "coordinates": [ 584963.727107287850231, 4514021.946073167026043 ] } },
{ "type": "Feature", "properties": { "node_index": 971, "is_stop_only": false }, "geometry": { "type": "Point", "coordinates": [ 583719.960846330504864, 4506380.615760062821209 ] } },
{ "type": "Feature", "properties": { "node_index": 972, "is_stop_only": false }, "geometry": { "type": "Point", "coordinates": [ 583804.396439273492433, 4506284.359285698272288 ] } },
{ "type": "Feature", "properties": { "node_index": 973, "is_stop_only": false }, "geometry": { "type": "Point", "coordinates": [ 585995.821463705622591, 4513644.251239634118974 ] } },
{ "type": "Feature", "properties": { "node_index": 974, "is_stop_only": false }, "geometry": { "type": "Point", "coordinates": [ 585891.719166144728661, 4513700.497044491581619 ] } },
{ "type": "Feature", "properties": { "node_index": 975, "is_stop_only": false }, "geometry": { "type": "Point", "coordinates": [ 585756.184313722886145, 4513775.076329998672009 ] } },
{ "type": "Feature", "properties": { "node_index": 976, "is_stop_only": false }, "geometry": { "type": "Point", "coordinates": [ 584107.053824500180781, 4510164.721813129261136 ] } },
{ "type": "Feature", "properties": { "node_index": 977, "is_stop_only": false }, "geometry": { "type": "Point", "coordinates": [ 586521.713717158185318, 4509634.739159964956343 ] } },
{ "type": "Feature", "properties": { "node_index": 978, "is_stop_only": false }, "geometry": { "type": "Point", "coordinates": [ 585514.736112849903293, 4513904.144999508745968 ] } },
{ "type": "Feature", "properties": { "node_index": 979, "is_stop_only": false }, "geometry": { "type": "Point", "coordinates": [ 585272.217265205690637, 4514034.585685001686215 ] } },
{ "type": "Feature", "properties": { "node_index": 980, "is_stop_only": false }, "geometry": { "type": "Point", "coordinates": [ 586443.559135162853636, 4516631.911343639716506 ] } },
{ "type": "Feature", "properties": { "node_index": 981, "is_stop_only": false }, "geometry": { "type": "Point", "coordinates": [ 583745.647389341611415, 4510162.650297157466412 ] } },
{ "type": "Feature", "properties": { "node_index": 982, "is_stop_only": false }, "geometry": { "type": "Point", "coordinates": [ 586567.138117676484399, 4509886.679137258790433 ] } },
{ "type": "Feature", "properties": { "node_index": 983, "is_stop_only": false }, "geometry": { "type": "Point", "coordinates": [ 587076.321377710788511, 4515650.379950323142111 ] } },
{ "type": "Feature", "properties": { "node_index": 984, "is_stop_only": false }, "geometry": { "type": "Point", "coordinates": [ 586837.165202125092037, 4515779.842608677223325 ] } },
{ "type": "Feature", "properties": { "node_index": 985, "is_stop_only": false }, "geometry": { "type": "Point", "coordinates": [ 586596.186678524944, 4515909.291461911983788 ] } },
{ "type": "Feature", "properties": { "node_index": 986, "is_stop_only": false }, "geometry": { "type": "Point", "coordinates": [ 586466.31758385070134, 4515979.060605318285525 ] } },
{ "type": "Feature", "properties": { "node_index": 987, "is_stop_only": false }, "geometry": { "type": "Point", "coordinates": [ 586354.470262822578661, 4516039.805166820064187 ] } },
{ "type": "Feature", "properties": { "node_index": 988, "is_stop_only": false }, "geometry": { "type": "Point", "coordinates": [ 586164.235012902645394, 4516142.670580822043121 ] } },
{ "type": "Feature", "properties": { "node_index": 989, "is_stop_only": false }, "geometry": { "type": "Point", "coordinates": [ 584591.993902453454211, 4508849.608404371887445 ] } },
{ "type": "Feature", "properties": { "node_index": 990, "is_stop_only": false }, "geometry": { "type": "Point", "coordinates": [ 583132.409175880835392, 4507204.619834604673088 ] } },
{ "type": "Feature", "properties": { "node_index": 991, "is_stop_only": false }, "geometry": { "type": "Point", "coordinates": [ 583719.712624807143584, 4506931.296676920726895 ] } },
{ "type": "Feature", "properties": { "node_index": 992, "is_stop_only": false }, "geometry": { "type": "Point", "coordinates": [ 583252.345594597863965, 4507144.32618965767324 ] } },
{ "type": "Feature", "properties": { "node_index": 993, "is_stop_only": false }, "geometry": { "type": "Point", "coordinates": [ 583966.40468220168259, 4506612.346612360328436 ] } },
{ "type": "Feature", "properties": { "node_index": 994, "is_stop_only": false }, "geometry": { "type": "Point", "coordinates": [ 583399.16891455440782, 4507049.942489626817405 ] } },
{ "type": "Feature", "properties": { "node_index": 995, "is_stop_only": false }, "geometry": { "type": "Point", "coordinates": [ 583483.992374657187611, 4507000.026865884661674 ] } },
{ "type": "Feature", "properties": { "node_index": 996, "is_stop_only": false }, "geometry": { "type": "Point", "coordinates": [ 583580.280445102835074, 4506941.936989351175725 ] } },
{ "type": "Feature", "properties": { "node_index": 997, "is_stop_only": false }, "geometry": { "type": "Point", "coordinates": [ 583679.873237968189642, 4506883.108453007414937 ] } },
{ "type": "Feature", "properties": { "node_index": 998, "is_stop_only": false }, "geometry": { "type": "Point", "coordinates": [ 583774.080238809343427, 4506785.130084979347885 ] } },
{ "type": "Feature", "properties": { "node_index": 999, "is_stop_only": false }, "geometry": { "type": "Point", "coordinates": [ 586414.068122749100439, 4516749.118277575820684 ] } },
{ "type": "Feature", "properties": { "node_index": 1000, "is_stop_only": false }, "geometry": { "type": "Point", "coordinates": [ 586322.002634156844579, 4509740.268975385464728 ] } },
{ "type": "Feature", "properties": { "node_index": 1001, "is_stop_only": false }, "geometry": { "type": "Point", "coordinates": [ 589966.581491667311639, 4517290.764496797695756 ] } },
{ "type": "Feature", "properties": { "node_index": 1002, "is_stop_only": false }, "geometry": { "type": "Point", "coordinates": [ 584431.781655321712606, 4506862.705449231900275 ] } },
{ "type": "Feature", "properties": { "node_index": 1003, "is_stop_only": false }, "geometry": { "type": "Point", "coordinates": [ 584460.478259772644378, 4506813.94974962528795 ] } },
{ "type": "Feature", "properties": { "node_index": 1004, "is_stop_only": false }, "geometry": { "type": "Point", "coordinates": [ 587485.512314407620579, 4514595.376306023448706 ] } },
{ "type": "Feature", "properties": { "node_index": 1005, "is_stop_only": false }, "geometry": { "type": "Point", "coordinates": [ 587622.93746894155629, 4514521.150643592700362 ] } },
{ "type": "Feature", "properties": { "node_index": 1006, "is_stop_only": false }, "geometry": { "type": "Point", "coordinates": [ 587771.730807845713571, 4514440.789426351897418 ] } },
{ "type": "Feature", "properties": { "node_index": 1007, "is_stop_only": false }, "geometry": { "type": "Point", "coordinates": [ 587897.099570671329275, 4514373.087177654728293 ] } },
{ "type": "Feature", "properties": { "node_index": 1008, "is_stop_only": false }, "geometry": { "type": "Point", "coordinates": [ 588033.242069869418629, 4514299.55314563959837 ] } },
{ "type": "Feature", "properties": { "node_index": 1009, "is_stop_only": false }, "geometry": { "type": "Point", "coordinates": [ 588223.507845581742004, 4514196.812120414339006 ] } },
{ "type": "Feature", "properties": { "node_index": 1010, "is_stop_only": false }, "geometry": { "type": "Point", "coordinates": [ 590022.921550283324905, 4524155.650537901557982 ] } },
{ "type": "Feature", "properties": { "node_index": 1011, "is_stop_only": false }, "geometry": { "type": "Point", "coordinates": [ 588424.797341006109491, 4514088.112315160222352 ] } },
{ "type": "Feature", "properties": { "node_index": 1012, "is_stop_only": false }, "geometry": { "type": "Point", "coordinates": [ 588815.593689743313007, 4513877.115521081723273 ] } },
{ "type": "Feature", "properties": { "node_index": 1013, "is_stop_only": false }, "geometry": { "type": "Point", "coordinates": [ 585753.195111399167217, 4507197.989510393701494 ] } },
{ "type": "Feature", "properties": { "node_index": 1014, "is_stop_only": false }, "geometry": { "type": "Point", "coordinates": [ 585760.283540854579769, 4507140.93984399922192 ] } },
{ "type": "Feature", "properties": { "node_index": 1015, "is_stop_only": false }, "geometry": { "type": "Point", "coordinates": [ 585498.040693633491173, 4510907.751555 ] } },
{ "type": "Feature", "properties": { "node_index": 1016, "is_stop_only": false }, "geometry": { "type": "Point", "coordinates": [ 584983.037065401440486, 4511185.821267391555011 ] } },
{ "type": "Feature", "properties": { "node_index": 1017, "is_stop_only": false }, "geometry": { "type": "Point", "coordinates": [ 589700.993404495879076, 4520517.181104255840182 ] } },
{ "type": "Feature", "properties": { "node_index": 1018, "is_stop_only": false }, "geometry": { "type": "Point", "coordinates": [ 591037.162556292605586, 4524136.517167090438306 ] } },
{ "type": "Feature", "properties": { "node_index": 1019, "is_stop_only": false }, "geometry": { "type": "Point", "coordinates": [ 591111.569788527209312, 4524270.656362249515951 ] } },
{ "type": "Feature", "properties": { "node_index": 1020, "is_stop_only": false }, "geometry": { "type": "Point", "coordinates": [ 591020.161860156920739, 4524152.184263319708407 ] } },
{ "type": "Feature", "properties": { "node_index": 1021, "is_stop_only": false }, "geometry": { "type": "Point", "coordinates": [ 591072.79607785504777, 4524196.289483234286308 ] } },
{ "type": "Feature", "properties": { "node_index": 1022, "is_stop_only": false }, "geometry": { "type": "Point", "coordinates": [ 585796.482330520171672, 4509211.977241924032569 ] } },
{ "type": "Feature", "properties": { "node_index": 1023, "is_stop_only": false }, "geometry": { "type": "Point", "coordinates": [ 585984.192829522886313, 4509111.234479851089418 ] } },
{ "type": "Feature", "properties": { "node_index": 1024, "is_stop_only": false }, "geometry": { "type": "Point", "coordinates": [ 586181.45791990600992, 4509004.945273611694574 ] } },
{ "type": "Feature", "properties": { "node_index": 1025, "is_stop_only": false }, "geometry": { "type": "Point", "coordinates": [ 586382.951012426055968, 4508896.55660426709801 ] } },
{ "type": "Feature", "properties": { "node_index": 1026, "is_stop_only": false }, "geometry": { "type": "Point", "coordinates": [ 583795.611713996971957, 4511280.810103385709226 ] } },
{ "type": "Feature", "properties": { "node_index": 1027, "is_stop_only": false }, "geometry": { "type": "Point", "coordinates": [ 585004.158399775158614, 4509639.276621293276548 ] } },
{ "type": "Feature", "properties": { "node_index": 1028, "is_stop_only": false }, "geometry": { "type": "Point", "coordinates": [ 584272.893649965757504, 4506649.859914378263056 ] } },
{ "type": "Feature", "properties": { "node_index": 1029, "is_stop_only": false }, "geometry": { "type": "Point", "coordinates": [ 585614.915757919894531, 4508424.012000470422208 ] } },
{ "type": "Feature", "properties": { "node_index": 1030, "is_stop_only": false }, "geometry": { "type": "Point", "coordinates": [ 586821.817033057915978, 4510833.103599269874394 ] } },
{ "type": "Feature", "properties": { "node_index": 1031, "is_stop_only": false }, "geometry": { "type": "Point", "coordinates": [ 583208.682855209568515, 4506446.984223452396691 ] } },
{ "type": "Feature", "properties": { "node_index": 1032, "is_stop_only": false }, "geometry": { "type": "Point", "coordinates": [ 587546.143596725887619, 4518239.360060370527208 ] } },
{ "type": "Feature", "properties": { "node_index": 1033, "is_stop_only": false }, "geometry": { "type": "Point", "coordinates": [ 584330.388755213818513, 4506987.905119339935482 ] } },
{ "type": "Feature", "properties": { "node_index": 1034, "is_stop_only": false }, "geometry": { "type": "Point", "coordinates": [ 585732.241175156552345, 4508644.579511249437928 ] } },
{ "type": "Feature", "properties": { "node_index": 1035, "is_stop_only": false }, "geometry": { "type": "Point", "coordinates": [ 584498.147801799699664, 4511448.326518913730979 ] } },
{ "type": "Feature", "properties": { "node_index": 1036, "is_stop_only": false }, "geometry": { "type": "Point", "coordinates": [ 584259.219396380940452, 4511576.311180450953543 ] } },
{ "type": "Feature", "properties": { "node_index": 1037, "is_stop_only": false }, "geometry": { "type": "Point", "coordinates": [ 589917.846398887573741, 4522366.051755661144853 ] } },
{ "type": "Feature", "properties": { "node_index": 1038, "is_stop_only": false }, "geometry": { "type": "Point", "coordinates": [ 587784.824899076949805, 4518112.491776114329696 ] } },
{ "type": "Feature", "properties": { "node_index": 1039, "is_stop_only": false }, "geometry": { "type": "Point", "coordinates": [ 583799.553205391741358, 4511822.139372293837368 ] } },
{ "type": "Feature", "properties": { "node_index": 1040, "is_stop_only": false }, "geometry": { "type": "Point", "coordinates": [ 585928.855707891052589, 4508536.832626349292696 ] } },
{ "type": "Feature", "properties": { "node_index": 1041, "is_stop_only": false }, "geometry": { "type": "Point", "coordinates": [ 589177.296854474465363, 4517730.876963829621673 ] } },
{ "type": "Feature", "properties": { "node_index": 1042, "is_stop_only": false }, "geometry": { "type": "Point", "coordinates": [ 589312.073509803856723, 4517656.895755144767463 ] } },
{ "type": "Feature", "properties": { "node_index": 1043, "is_stop_only": false }, "geometry": { "type": "Point", "coordinates": [ 589462.346143755014054, 4517577.009127922356129 ] } },
{ "type": "Feature", "properties": { "node_index": 1044, "is_stop_only": false }, "geometry": { "type": "Point", "coordinates": [ 585750.594334546709433, 4515432.591575108468533 ] } },
{ "type": "Feature", "properties": { "node_index": 1045, "is_stop_only": false }, "geometry": { "type": "Point", "coordinates": [ 589588.30157881998457, 4517508.799311908893287 ] } },
{ "type": "Feature", "properties": { "node_index": 1046, "is_stop_only": false }, "geometry": { "type": "Point", "coordinates": [ 589724.512441937811673, 4517435.508936630561948 ] } },
{ "type": "Feature", "properties": { "node_index": 1047, "is_stop_only": false }, "geometry": { "type": "Point", "coordinates": [ 590109.06140012468677, 4517212.550043650902808 ] } },
{ "type": "Feature", "properties": { "node_index": 1048, "is_stop_only": false }, "geometry": { "type": "Point", "coordinates": [ 583962.056618378381245, 4508270.613645634613931 ] } },
{ "type": "Feature", "properties": { "node_index": 1049, "is_stop_only": false }, "geometry": { "type": "Point", "coordinates": [ 583971.931117874570191, 4508345.198232132941484 ] } },
{ "type": "Feature", "properties": { "node_index": 1050, "is_stop_only": false }, "geometry": { "type": "Point", "coordinates": [ 585818.437584071885794, 4515694.137543946504593 ] } },
{ "type": "Feature", "properties": { "node_index": 1051, "is_stop_only": false }, "geometry": { "type": "Point", "coordinates": [ 585139.425479078199714, 4509851.858681860379875 ] } },
{ "type": "Feature", "properties": { "node_index": 1052, "is_stop_only": false }, "geometry": { "type": "Point", "coordinates": [ 587213.198389116907492, 4514087.995034471154213 ] } },
{ "type": "Feature", "properties": { "node_index": 1053, "is_stop_only": false }, "geometry": { "type": "Point", "coordinates": [ 584837.911904144799337, 4513866.193427015095949 ] } },
{ "type": "Feature", "properties": { "node_index": 1054, "is_stop_only": false }, "geometry": { "type": "Point", "coordinates": [ 587349.841242572525516, 4514014.076931957155466 ] } },
{ "type": "Feature", "properties": { "node_index": 1055, "is_stop_only": false }, "geometry": { "type": "Point", "coordinates": [ 586130.120377885526977, 4508428.478688289411366 ] } },
{ "type": "Feature", "properties": { "node_index": 1056, "is_stop_only": false }, "geometry": { "type": "Point", "coordinates": [ 587498.320216422551312, 4513933.750787701457739 ] } },
{ "type": "Feature", "properties": { "node_index": 1057, "is_stop_only": false }, "geometry": { "type": "Point", "coordinates": [ 586274.734997267369181, 4508697.955358400940895 ] } },
{ "type": "Feature", "properties": { "node_index": 1058, "is_stop_only": false }, "geometry": { "type": "Point", "coordinates": [ 587623.585826063994318, 4513865.975962728261948 ] } },
{ "type": "Feature", "properties": { "node_index": 1059, "is_stop_only": false }, "geometry": { "type": "Point", "coordinates": [ 587759.676303945947438, 4513792.369549158029258 ] } },
{ "type": "Feature", "properties": { "node_index": 1060, "is_stop_only": false }, "geometry": { "type": "Point", "coordinates": [ 587949.885166340274736, 4513689.465214775875211 ] } },
{ "type": "Feature", "properties": { "node_index": 1061, "is_stop_only": false }, "geometry": { "type": "Point", "coordinates": [ 588150.67622332344763, 4513580.862879485823214 ] } },
{ "type": "Feature", "properties": { "node_index": 1062, "is_stop_only": false }, "geometry": { "type": "Point", "coordinates": [ 588561.125161618227139, 4513405.103142927400768 ] } },
{ "type": "Feature", "properties": { "node_index": 1063, "is_stop_only": false }, "geometry": { "type": "Point", "coordinates": [ 583988.83840783056803, 4509025.592744850553572 ] } },
{ "type": "Feature", "properties": { "node_index": 1064, "is_stop_only": false }, "geometry": { "type": "Point", "coordinates": [ 585364.501712133991532, 4514440.192931025288999 ] } },
{ "type": "Feature", "properties": { "node_index": 1065, "is_stop_only": false }, "geometry": { "type": "Point", "coordinates": [ 585443.424370764405467, 4514664.480916697531939 ] } },
{ "type": "Feature", "properties": { "node_index": 1066, "is_stop_only": false }, "geometry": { "type": "Point", "coordinates": [ 585469.747693130280823, 4514737.537946840748191 ] } },
{ "type": "Feature", "properties": { "node_index": 1067, "is_stop_only": false }, "geometry": { "type": "Point", "coordinates": [ 588361.945538157830015, 4519182.537132263183594 ] } },
{ "type": "Feature", "properties": { "node_index": 1068, "is_stop_only": false }, "geometry": { "type": "Point", "coordinates": [ 588475.059552370221354, 4519127.012380274944007 ] } },
{ "type": "Feature", "properties": { "node_index": 1069, "is_stop_only": false }, "geometry": { "type": "Point", "coordinates": [ 585545.990550236427225, 4510160.317156540229917 ] } },
{ "type": "Feature", "properties": { "node_index": 1070, "is_stop_only": false }, "geometry": { "type": "Point", "coordinates": [ 589428.704587349435315, 4521459.027970367111266 ] } },
{ "type": "Feature", "properties": { "node_index": 1071, "is_stop_only": false }, "geometry": { "type": "Point", "coordinates": [ 589500.871531731798314, 4521592.133504280820489 ] } },
{ "type": "Feature", "properties": { "node_index": 1072, "is_stop_only": false }, "geometry": { "type": "Point", "coordinates": [ 586370.197558924555779, 4514914.225549463182688 ] } },
{ "type": "Feature", "properties": { "node_index": 1073, "is_stop_only": false }, "geometry": { "type": "Point", "coordinates": [ 589647.158672296674922, 4521863.477882325649261 ] } },
{ "type": "Feature", "properties": { "node_index": 1074, "is_stop_only": false }, "geometry": { "type": "Point", "coordinates": [ 586127.296883963630535, 4515040.436832405626774 ] } },
{ "type": "Feature", "properties": { "node_index": 1075, "is_stop_only": false }, "geometry": { "type": "Point", "coordinates": [ 585733.506761702359654, 4515251.881572754122317 ] } },
{ "type": "Feature", "properties": { "node_index": 1076, "is_stop_only": false }, "geometry": { "type": "Point", "coordinates": [ 589841.58809019671753, 4522224.009713175706565 ] } },
{ "type": "Feature", "properties": { "node_index": 1077, "is_stop_only": false }, "geometry": { "type": "Point", "coordinates": [ 590104.499788096291013, 4522712.174496058374643 ] } },
{ "type": "Feature", "properties": { "node_index": 1078, "is_stop_only": false }, "geometry": { "type": "Point", "coordinates": [ 586432.069443735177629, 4512312.329180419445038 ] } },
{ "type": "Feature", "properties": { "node_index": 1079, "is_stop_only": false }, "geometry": { "type": "Point", "coordinates": [ 586577.730177713325247, 4512234.53808568790555 ] } },
{ "type": "Feature", "properties": { "node_index": 1080, "is_stop_only": false }, "geometry": { "type": "Point", "coordinates": [ 586706.065886737895198, 4512164.318554539233446 ] } },
{ "type": "Feature", "properties": { "node_index": 1081, "is_stop_only": false }, "geometry": { "type": "Point", "coordinates": [ 586844.177480286103673, 4512090.041334854438901 ] } },
{ "type": "Feature", "properties": { "node_index": 1082, "is_stop_only": false }, "geometry": { "type": "Point", "coordinates": [ 586617.430488808196969, 4510119.214262102730572 ] } },
{ "type": "Feature", "properties": { "node_index": 1083, "is_stop_only": false }, "geometry": { "type": "Point", "coordinates": [ 587032.492570570087992, 4511988.400743431411684 ] } },
{ "type": "Feature", "properties": { "node_index": 1084, "is_stop_only": false }, "geometry": { "type": "Point", "coordinates": [ 587379.672291870694607, 4511801.628291735425591 ] } },
{ "type": "Feature", "properties": { "node_index": 1085, "is_stop_only": false }, "geometry": { "type": "Point", "coordinates": [ 589003.478641901281662, 4517734.222970016300678 ] } },
{ "type": "Feature", "properties": { "node_index": 1086, "is_stop_only": false }, "geometry": { "type": "Point", "coordinates": [ 588871.620377059909515, 4517804.425513880327344 ] } },
{ "type": "Feature", "properties": { "node_index": 1087, "is_stop_only": false }, "geometry": { "type": "Point", "coordinates": [ 588617.97493565606419, 4517941.372071599587798 ] } },
{ "type": "Feature", "properties": { "node_index": 1088, "is_stop_only": false }, "geometry": { "type": "Point", "coordinates": [ 587932.362633378477767, 4512600.329117522574961 ] } },
{ "type": "Feature", "properties": { "node_index": 1089, "is_stop_only": false }, "geometry": { "type": "Point", "coordinates": [ 588258.986098304158077, 4518134.712694336660206 ] } },
{ "type": "Feature", "properties": { "node_index": 1090, "is_stop_only": false }, "geometry": { "type": "Point", "coordinates": [ 588141.496985634090379, 4518198.082710197195411 ] } },
{ "type": "Feature", "properties": { "node_index": 1091, "is_stop_only": false }, "geometry": { "type": "Point", "coordinates": [ 587901.054921329137869, 4518327.982929944992065 ] } },
{ "type": "Feature", "properties": { "node_index": 1092, "is_stop_only": false }, "geometry": { "type": "Point", "coordinates": [ 585705.491585764684714, 4515396.708284958265722 ] } },
{ "type": "Feature", "properties": { "node_index": 1093, "is_stop_only": false }, "geometry": { "type": "Point", "coordinates": [ 588578.99666997406166, 4515940.236310645006597 ] } },
{ "type": "Feature", "properties": { "node_index": 1094, "is_stop_only": false }, "geometry": { "type": "Point", "coordinates": [ 588706.021036135382019, 4515872.39028016012162 ] } },
{ "type": "Feature", "properties": { "node_index": 1095, "is_stop_only": false }, "geometry": { "type": "Point", "coordinates": [ 590260.803420865559019, 4523001.752291025593877 ] } },
{ "type": "Feature", "properties": { "node_index": 1096, "is_stop_only": false }, "geometry": { "type": "Point", "coordinates": [ 588842.363489691866562, 4515799.651060164906085 ] } },
{ "type": "Feature", "properties": { "node_index": 1097, "is_stop_only": false }, "geometry": { "type": "Point", "coordinates": [ 590334.415840759756975, 4523138.215611256659031 ] } },
{ "type": "Feature", "properties": { "node_index": 1098, "is_stop_only": false }, "geometry": { "type": "Point", "coordinates": [ 588295.524328776402399, 4516092.792246178723872 ] } },
{ "type": "Feature", "properties": { "node_index": 1099, "is_stop_only": false }, "geometry": { "type": "Point", "coordinates": [ 588431.65090147301089, 4516020.476079148240387 ] } },
{ "type": "Feature", "properties": { "node_index": 1100, "is_stop_only": false }, "geometry": { "type": "Point", "coordinates": [ 589031.697767237899825, 4515697.153285058215261 ] } },
{ "type": "Feature", "properties": { "node_index": 1101, "is_stop_only": false }, "geometry": { "type": "Point", "coordinates": [ 589233.4283245599363, 4515588.114936615340412 ] } },
{ "type": "Feature", "properties": { "node_index": 1102, "is_stop_only": false }, "geometry": { "type": "Point", "coordinates": [ 583752.797383391996846, 4510299.64232487604022 ] } },
{ "type": "Feature", "properties": { "node_index": 1103, "is_stop_only": false }, "geometry": { "type": "Point", "coordinates": [ 585837.956698050606064, 4515385.609269892796874 ] } },
{ "type": "Feature", "properties": { "node_index": 1104, "is_stop_only": false }, "geometry": { "type": "Point", "coordinates": [ 589370.302463740343228, 4518089.518989289179444 ] } },
{ "type": "Feature", "properties": { "node_index": 1105, "is_stop_only": false }, "geometry": { "type": "Point", "coordinates": [ 586300.389406894566491, 4509225.308204935863614 ] } },
{ "type": "Feature", "properties": { "node_index": 1106, "is_stop_only": false }, "geometry": { "type": "Point", "coordinates": [ 586102.997663383022882, 4509332.658512308262289 ] } },
{ "type": "Feature", "properties": { "node_index": 1107, "is_stop_only": false }, "geometry": { "type": "Point", "coordinates": [ 586331.416950464132242, 4508319.35328733548522 ] } },
{ "type": "Feature", "properties": { "node_index": 1108, "is_stop_only": false }, "geometry": { "type": "Point", "coordinates": [ 587675.013988287886605, 4519068.628200452774763 ] } },
{ "type": "Feature", "properties": { "node_index": 1109, "is_stop_only": false }, "geometry": { "type": "Point", "coordinates": [ 586476.769971075002104, 4508588.83148331195116 ] } },
{ "type": "Feature", "properties": { "node_index": 1110, "is_stop_only": false }, "geometry": { "type": "Point", "coordinates": [ 587685.504026677110232, 4519088.048661532811821 ] } },
{ "type": "Feature", "properties": { "node_index": 1111, "is_stop_only": false }, "geometry": { "type": "Point", "coordinates": [ 587908.955466254032217, 4519426.185410493984818 ] } },
{ "type": "Feature", "properties": { "node_index": 1112, "is_stop_only": false }, "geometry": { "type": "Point", "coordinates": [ 587870.823689127806574, 4519446.8043741742149 ] } },
{ "type": "Feature", "properties": { "node_index": 1113, "is_stop_only": false }, "geometry": { "type": "Point", "coordinates": [ 585166.606113950838335, 4514272.112495358102024 ] } },
{ "type": "Feature", "properties": { "node_index": 1114, "is_stop_only": false }, "geometry": { "type": "Point", "coordinates": [ 585210.683185496483929, 4514158.899478670209646 ] } },
{ "type": "Feature", "properties": { "node_index": 1115, "is_stop_only": false }, "geometry": { "type": "Point", "coordinates": [ 585860.856529146898538, 4509653.145987061783671 ] } },
{ "type": "Feature", "properties": { "node_index": 1116, "is_stop_only": false }, "geometry": { "type": "Point", "coordinates": [ 589357.02110788540449, 4522592.219451597891748 ] } },
{ "type": "Feature", "properties": { "node_index": 1117, "is_stop_only": false }, "geometry": { "type": "Point", "coordinates": [ 584895.769627956906334, 4509789.911992118693888 ] } },
{ "type": "Feature", "properties": { "node_index": 1118, "is_stop_only": false }, "geometry": { "type": "Point", "coordinates": [ 584382.294063957408071, 4510067.175943627022207 ] } },
{ "type": "Feature", "properties": { "node_index": 1119, "is_stop_only": false }, "geometry": { "type": "Point", "coordinates": [ 584108.466179100214504, 4510099.790413752198219 ] } },
{ "type": "Feature", "properties": { "node_index": 1120, "is_stop_only": false }, "geometry": { "type": "Point", "coordinates": [ 590025.101404152461328, 4522266.802566161379218 ] } },
{ "type": "Feature", "properties": { "node_index": 1121, "is_stop_only": false }, "geometry": { "type": "Point", "coordinates": [ 583725.10964618017897, 4510988.637809971347451 ] } },
{ "type": "Feature", "properties": { "node_index": 1122, "is_stop_only": false }, "geometry": { "type": "Point", "coordinates": [ 585725.140737361973152, 4509726.182054022327065 ] } },
{ "type": "Feature", "properties": { "node_index": 1123, "is_stop_only": false }, "geometry": { "type": "Point", "coordinates": [ 583742.000692918081768, 4510096.751383242197335 ] } },
{ "type": "Feature", "properties": { "node_index": 1124, "is_stop_only": false }, "geometry": { "type": "Point", "coordinates": [ 583606.848829145659693, 4510095.525480072014034 ] } },
{ "type": "Feature", "properties": { "node_index": 1125, "is_stop_only": false }, "geometry": { "type": "Point", "coordinates": [ 590993.804668067023158, 4524066.712916940450668 ] } },
{ "type": "Feature", "properties": { "node_index": 1126, "is_stop_only": false }, "geometry": { "type": "Point", "coordinates": [ 590670.473080678028055, 4524713.581694524735212 ] } },
{ "type": "Feature", "properties": { "node_index": 1127, "is_stop_only": false }, "geometry": { "type": "Point", "coordinates": [ 585743.66169833263848, 4510053.944025278091431 ] } },
{ "type": "Feature", "properties": { "node_index": 1128, "is_stop_only": false }, "geometry": { "type": "Point", "coordinates": [ 585934.165172686451115, 4509951.534129719249904 ] } },
{ "type": "Feature", "properties": { "node_index": 1129, "is_stop_only": false }, "geometry": { "type": "Point", "coordinates": [ 586136.816219327738509, 4509842.742049558088183 ] } },
{ "type": "Feature", "properties": { "node_index": 1130, "is_stop_only": false }, "geometry": { "type": "Point", "coordinates": [ 586597.527376134647056, 4509595.711894084699452 ] } },
{ "type": "Feature", "properties": { "node_index": 1131, "is_stop_only": false }, "geometry": { "type": "Point", "coordinates": [ 585475.282643890473992, 4510198.436785070225596 ] } },
{ "type": "Feature", "properties": { "node_index": 1132, "is_stop_only": false }, "geometry": { "type": "Point", "coordinates": [ 584619.337453397689387, 4508113.483789780177176 ] } },
{ "type": "Feature", "properties": { "node_index": 1133, "is_stop_only": false }, "geometry": { "type": "Point", "coordinates": [ 588975.362731904839166, 4520040.902220407500863 ] } },
{ "type": "Feature", "properties": { "node_index": 1134, "is_stop_only": false }, "geometry": { "type": "Point", "coordinates": [ 588858.753522638580762, 4520103.849060163833201 ] } },
{ "type": "Feature", "properties": { "node_index": 1135, "is_stop_only": false }, "geometry": { "type": "Point", "coordinates": [ 588501.961218880489469, 4520296.425043916329741 ] } },
{ "type": "Feature", "properties": { "node_index": 1136, "is_stop_only": false }, "geometry": { "type": "Point", "coordinates": [ 589573.481093090726063, 4519718.883347272872925 ] } },
{ "type": "Feature", "properties": { "node_index": 1137, "is_stop_only": false }, "geometry": { "type": "Point", "coordinates": [ 585360.877500850125216, 4510652.762919986620545 ] } },
{ "type": "Feature", "properties": { "node_index": 1138, "is_stop_only": false }, "geometry": { "type": "Point", "coordinates": [ 589256.774795091710985, 4519888.716712166555226 ] } },
{ "type": "Feature", "properties": { "node_index": 1139, "is_stop_only": false }, "geometry": { "type": "Point", "coordinates": [ 583821.406382817658596, 4507059.030461078509688 ] } },
{ "type": "Feature", "properties": { "node_index": 1140, "is_stop_only": false }, "geometry": { "type": "Point", "coordinates": [ 585169.173131506075151, 4509258.967784369364381 ] } },
{ "type": "Feature", "properties": { "node_index": 1141, "is_stop_only": false }, "geometry": { "type": "Point", "coordinates": [ 585226.191293575102463, 4509264.008325586095452 ] } },
{ "type": "Feature", "properties": { "node_index": 1142, "is_stop_only": false }, "geometry": { "type": "Point", "coordinates": [ 583579.302868463099003, 4510201.817226485349238 ] } },
{ "type": "Feature", "properties": { "node_index": 1143, "is_stop_only": false }, "geometry": { "type": "Point", "coordinates": [ 583596.892086792271584, 4510234.833407192490995 ] } },
{ "type": "Feature", "properties": { "node_index": 1144, "is_stop_only": false }, "geometry": { "type": "Point", "coordinates": [ 584205.635918640880845, 4507114.228709912858903 ] } },
{ "type": "Feature", "properties": { "node_index": 1145, "is_stop_only": false }, "geometry": { "type": "Point", "coordinates": [ 583138.34248048660811, 4506703.729464457370341 ] } },
{ "type": "Feature", "properties": { "node_index": 1146, "is_stop_only": false }, "geometry": { "type": "Point", "coordinates": [ 585360.367984163109213, 4513619.456297394819558 ] } },
{ "type": "Feature", "properties": { "node_index": 1147, "is_stop_only": false }, "geometry": { "type": "Point", "coordinates": [ 587382.165646736277267, 4517967.3098916253075 ] } },
{ "type": "Feature", "properties": { "node_index": 1148, "is_stop_only": false }, "geometry": { "type": "Point", "coordinates": [ 587457.119780083885416, 4518286.69071906991303 ] } },
{ "type": "Feature", "properties": { "node_index": 1149, "is_stop_only": false }, "geometry": { "type": "Point", "coordinates": [ 585090.912580380099826, 4510152.414471001364291 ] } },
{ "type": "Feature", "properties": { "node_index": 1150, "is_stop_only": false }, "geometry": { "type": "Point", "coordinates": [ 584575.829285021638498, 4510429.957108572125435 ] } },
{ "type": "Feature", "properties": { "node_index": 1151, "is_stop_only": false }, "geometry": { "type": "Point", "coordinates": [ 586904.556106360745616, 4513516.127373175695539 ] } },
{ "type": "Feature", "properties": { "node_index": 1152, "is_stop_only": false }, "geometry": { "type": "Point", "coordinates": [ 584090.494928607018664, 4510692.318028097972274 ] } },
{ "type": "Feature", "properties": { "node_index": 1153, "is_stop_only": false }, "geometry": { "type": "Point", "coordinates": [ 587187.726098738145083, 4513363.291276101954281 ] } },
{ "type": "Feature", "properties": { "node_index": 1154, "is_stop_only": false }, "geometry": { "type": "Point", "coordinates": [ 586778.449122378602624, 4511033.524089772254229 ] } },
{ "type": "Feature", "properties": { "node_index": 1155, "is_stop_only": false }, "geometry": { "type": "Point", "coordinates": [ 583851.616581107722595, 4510820.405517470091581 ] } },
{ "type": "Feature", "properties": { "node_index": 1156, "is_stop_only": false }, "geometry": { "type": "Point", "coordinates": [ 587842.526742316316813, 4513009.938057956285775 ] } },
{ "type": "Feature", "properties": { "node_index": 1157, "is_stop_only": false }, "geometry": { "type": "Point", "coordinates": [ 583729.659272863878869, 4510889.380721751600504 ] } },
{ "type": "Feature", "properties": { "node_index": 1158, "is_stop_only": false }, "geometry": { "type": "Point", "coordinates": [ 587056.595258502056822, 4513794.58288408536464 ] } },
{ "type": "Feature", "properties": { "node_index": 1159, "is_stop_only": false }, "geometry": { "type": "Point", "coordinates": [ 587338.745564303710125, 4513642.440154884010553 ] } },
{ "type": "Feature", "properties": { "node_index": 1160, "is_stop_only": false }, "geometry": { "type": "Point", "coordinates": [ 587993.483215192332864, 4513289.455136148259044 ] } },
{ "type": "Feature", "properties": { "node_index": 1161, "is_stop_only": false }, "geometry": { "type": "Point", "coordinates": [ 586308.998620205791667, 4514026.560750433243811 ] } },
{ "type": "Feature", "properties": { "node_index": 1162, "is_stop_only": false }, "geometry": { "type": "Point", "coordinates": [ 591173.055329135851935, 4524399.152022528462112 ] } },
{ "type": "Feature", "properties": { "node_index": 1163, "is_stop_only": false }, "geometry": { "type": "Point", "coordinates": [ 585994.756227816455066, 4509579.647185844369233 ] } },
{ "type": "Feature", "properties": { "node_index": 1164, "is_stop_only": false }, "geometry": { "type": "Point", "coordinates": [ 584184.730170212336816, 4508916.504489959217608 ] } },
{ "type": "Feature", "properties": { "node_index": 1165, "is_stop_only": false }, "geometry": { "type": "Point", "coordinates": [ 588397.487929518567398, 4515300.443694677203894 ] } },
{ "type": "Feature", "properties": { "node_index": 1166, "is_stop_only": false }, "geometry": { "type": "Point", "coordinates": [ 583979.757888251682743, 4508945.155110386200249 ] } },
{ "type": "Feature", "properties": { "node_index": 1167, "is_stop_only": false }, "geometry": { "type": "Point", "coordinates": [ 584525.71085794409737, 4512071.006342901848257 ] } },
{ "type": "Feature", "properties": { "node_index": 1168, "is_stop_only": false }, "geometry": { "type": "Point", "coordinates": [ 589698.151133412960917, 4521483.168227997608483 ] } },
{ "type": "Feature", "properties": { "node_index": 1169, "is_stop_only": false }, "geometry": { "type": "Point", "coordinates": [ 584750.438185186241753, 4512487.430259346030653 ] } },
{ "type": "Feature", "properties": { "node_index": 1170, "is_stop_only": false }, "geometry": { "type": "Point", "coordinates": [ 588253.30172704171855, 4518228.593661962077022 ] } },
{ "type": "Feature", "properties": { "node_index": 1171, "is_stop_only": false }, "geometry": { "type": "Point", "coordinates": [ 584943.34003740909975, 4512844.999318554066122 ] } },
{ "type": "Feature", "properties": { "node_index": 1172, "is_stop_only": false }, "geometry": { "type": "Point", "coordinates": [ 589032.007232136209495, 4514380.632821058854461 ] } },
{ "type": "Feature", "properties": { "node_index": 1173, "is_stop_only": false }, "geometry": { "type": "Point", "coordinates": [ 587562.426669123349711, 4514737.085734190419316 ] } },
{ "type": "Feature", "properties": { "node_index": 1174, "is_stop_only": false }, "geometry": { "type": "Point", "coordinates": [ 589436.133083126624115, 4515510.691251953132451 ] } },
{ "type": "Feature", "properties": { "node_index": 1175, "is_stop_only": false }, "geometry": { "type": "Point", "coordinates": [ 587699.593618194106966, 4514663.136033044196665 ] } },
{ "type": "Feature", "properties": { "node_index": 1176, "is_stop_only": false }, "geometry": { "type": "Point", "coordinates": [ 587848.374888945603743, 4514582.920581079088151 ] } },
{ "type": "Feature", "properties": { "node_index": 1177, "is_stop_only": false }, "geometry": { "type": "Point", "coordinates": [ 587973.867954399203882, 4514515.276650900952518 ] } },
{ "type": "Feature", "properties": { "node_index": 1178, "is_stop_only": false }, "geometry": { "type": "Point", "coordinates": [ 588110.007112049381249, 4514441.877253396436572 ] } },
{ "type": "Feature", "properties": { "node_index": 1179, "is_stop_only": false }, "geometry": { "type": "Point", "coordinates": [ 586541.219665680779144, 4511075.647222036495805 ] } },
{ "type": "Feature", "properties": { "node_index": 1180, "is_stop_only": false }, "geometry": { "type": "Point", "coordinates": [ 588300.370240096817724, 4514339.261536330915987 ] } },
{ "type": "Feature", "properties": { "node_index": 1181, "is_stop_only": false }, "geometry": { "type": "Point", "coordinates": [ 589745.226917774416506, 4521630.2716981805861 ] } },
{ "type": "Feature", "properties": { "node_index": 1182, "is_stop_only": false }, "geometry": { "type": "Point", "coordinates": [ 586220.336404436384328, 4511602.948526331223547 ] } },
{ "type": "Feature", "properties": { "node_index": 1183, "is_stop_only": false }, "geometry": { "type": "Point", "coordinates": [ 588501.501782038714737, 4514230.850645150057971 ] } },
{ "type": "Feature", "properties": { "node_index": 1184, "is_stop_only": false }, "geometry": { "type": "Point", "coordinates": [ 586283.08503329672385, 4511851.636459983885288 ] } },
{ "type": "Feature", "properties": { "node_index": 1185, "is_stop_only": false }, "geometry": { "type": "Point", "coordinates": [ 586199.434130233130418, 4511574.405710878781974 ] } },
{ "type": "Feature", "properties": { "node_index": 1186, "is_stop_only": false }, "geometry": { "type": "Point", "coordinates": [ 588892.687839763471857, 4514020.018112308345735 ] } },
{ "type": "Feature", "properties": { "node_index": 1187, "is_stop_only": false }, "geometry": { "type": "Point", "coordinates": [ 586514.151045733364299, 4507791.808524859137833 ] } },
{ "type": "Feature", "properties": { "node_index": 1188, "is_stop_only": false }, "geometry": { "type": "Point", "coordinates": [ 591336.432223649928346, 4524697.147814742289484 ] } },
{ "type": "Feature", "properties": { "node_index": 1189, "is_stop_only": false }, "geometry": { "type": "Point", "coordinates": [ 586591.598510071635246, 4508052.914106037467718 ] } },
{ "type": "Feature", "properties": { "node_index": 1190, "is_stop_only": false }, "geometry": { "type": "Point", "coordinates": [ 585950.727354196715169, 4511110.585437677800655 ] } },
{ "type": "Feature", "properties": { "node_index": 1191, "is_stop_only": false }, "geometry": { "type": "Point", "coordinates": [ 585989.206557706231251, 4511185.394523812457919 ] } },
{ "type": "Feature", "properties": { "node_index": 1192, "is_stop_only": false }, "geometry": { "type": "Point", "coordinates": [ 586029.9487935496727, 4511260.119092204608023 ] } },
{ "type": "Feature", "properties": { "node_index": 1193, "is_stop_only": false }, "geometry": { "type": "Point", "coordinates": [ 586104.492943589459173, 4511397.719976335763931 ] } },
{ "type": "Feature", "properties": { "node_index": 1194, "is_stop_only": false }, "geometry": { "type": "Point", "coordinates": [ 586067.167218392714858, 4511329.207461993210018 ] } },
{ "type": "Feature", "properties": { "node_index": 1195, "is_stop_only": false }, "geometry": { "type": "Point", "coordinates": [ 586141.902949470211752, 4511466.910920845344663 ] } },
{ "type": "Feature", "properties": { "node_index": 1196, "is_stop_only": false }, "geometry": { "type": "Point", "coordinates": [ 586178.630757568054833, 4511535.894305598922074 ] } },
{ "type": "Feature", "properties": { "node_index": 1197, "is_stop_only": false }, "geometry": { "type": "Point", "coordinates": [ 585131.774231218034402, 4511461.719318216666579 ] } },
{ "type": "Feature", "properties": { "node_index": 1198, "is_stop_only": false }, "geometry": { "type": "Point", "coordinates": [ 586207.414528189226985, 4511550.317897593602538 ] } },
{ "type": "Feature", "properties": { "node_index": 1199, "is_stop_only": false }, "geometry": { "type": "Point", "coordinates": [ 586214.601666057133116, 4511606.012620973400772 ] } },
{ "type": "Feature", "properties": { "node_index": 1200, "is_stop_only": false }, "geometry": { "type": "Point", "coordinates": [ 586226.631933453376405, 4511599.580100052058697 ] } },
{ "type": "Feature", "properties": { "node_index": 1201, "is_stop_only": false }, "geometry": { "type": "Point", "coordinates": [ 586252.076808317215182, 4511675.227163794450462 ] } },
{ "type": "Feature", "properties": { "node_index": 1202, "is_stop_only": false }, "geometry": { "type": "Point", "coordinates": [ 586270.811970585375093, 4511665.064709667116404 ] } },
{ "type": "Feature", "properties": { "node_index": 1203, "is_stop_only": false }, "geometry": { "type": "Point", "coordinates": [ 589227.359623227617703, 4522758.721835611388087 ] } },
{ "type": "Feature", "properties": { "node_index": 1204, "is_stop_only": false }, "geometry": { "type": "Point", "coordinates": [ 585618.557064756168984, 4515231.021848691627383 ] } },
{ "type": "Feature", "properties": { "node_index": 1205, "is_stop_only": false }, "geometry": { "type": "Point", "coordinates": [ 589874.984698000480421, 4517988.952585643157363 ] } },
{ "type": "Feature", "properties": { "node_index": 1206, "is_stop_only": false }, "geometry": { "type": "Point", "coordinates": [ 585702.851975672179833, 4514253.765438857488334 ] } },
{ "type": "Feature", "properties": { "node_index": 1207, "is_stop_only": false }, "geometry": { "type": "Point", "coordinates": [ 585543.897247371729463, 4508746.098644175566733 ] } },
{ "type": "Feature", "properties": { "node_index": 1208, "is_stop_only": false }, "geometry": { "type": "Point", "coordinates": [ 588950.034508498734795, 4517309.244075841270387 ] } },
{ "type": "Feature", "properties": { "node_index": 1209, "is_stop_only": false }, "geometry": { "type": "Point", "coordinates": [ 589086.949013616074808, 4517235.406504154205322 ] } },
{ "type": "Feature", "properties": { "node_index": 1210, "is_stop_only": false }, "geometry": { "type": "Point", "coordinates": [ 589888.443392644519918, 4522013.864156312309206 ] } },
{ "type": "Feature", "properties": { "node_index": 1211, "is_stop_only": false }, "geometry": { "type": "Point", "coordinates": [ 589235.169295196188614, 4517155.479320347309113 ] } },
{ "type": "Feature", "properties": { "node_index": 1212, "is_stop_only": false }, "geometry": { "type": "Point", "coordinates": [ 589361.176940131234005, 4517087.532629785127938 ] } },
{ "type": "Feature", "properties": { "node_index": 1213, "is_stop_only": false }, "geometry": { "type": "Point", "coordinates": [ 589497.428913051495329, 4517014.060825362801552 ] } },
{ "type": "Feature", "properties": { "node_index": 1214, "is_stop_only": false }, "geometry": { "type": "Point", "coordinates": [ 589687.790429411106743, 4516911.426146395504475 ] } },
{ "type": "Feature", "properties": { "node_index": 1215, "is_stop_only": false }, "geometry": { "type": "Point", "coordinates": [ 589888.62927190202754, 4516803.139158362522721 ] } },
{ "type": "Feature", "properties": { "node_index": 1216, "is_stop_only": false }, "geometry": { "type": "Point", "coordinates": [ 590003.279083675006405, 4522226.900313623249531 ] } },
{ "type": "Feature", "properties": { "node_index": 1217, "is_stop_only": false }, "geometry": { "type": "Point", "coordinates": [ 586101.652701778803021, 4509776.419790382497013 ] } },
{ "type": "Feature", "properties": { "node_index": 1218, "is_stop_only": false }, "geometry": { "type": "Point", "coordinates": [ 590079.563869222067297, 4516700.088251836597919 ] } },
{ "type": "Feature", "properties": { "node_index": 1219, "is_stop_only": false }, "geometry": { "type": "Point", "coordinates": [ 587357.47766898793634, 4517882.728783767670393 ] } },
{ "type": "Feature", "properties": { "node_index": 1220, "is_stop_only": false }, "geometry": { "type": "Point", "coordinates": [ 586325.202777184196748, 4510194.997269044630229 ] } },
{ "type": "Feature", "properties": { "node_index": 1221, "is_stop_only": false }, "geometry": { "type": "Point", "coordinates": [ 590183.177342889714055, 4516643.906490201130509 ] } },
{ "type": "Feature", "properties": { "node_index": 1222, "is_stop_only": false }, "geometry": { "type": "Point", "coordinates": [ 585342.84591322299093, 4507195.145298227667809 ] } },
{ "type": "Feature", "properties": { "node_index": 1223, "is_stop_only": false }, "geometry": { "type": "Point", "coordinates": [ 585322.38360691757407, 4507351.70521395187825 ] } },
{ "type": "Feature", "properties": { "node_index": 1224, "is_stop_only": false }, "geometry": { "type": "Point", "coordinates": [ 585332.313268927275203, 4507275.758776023983955 ] } },
{ "type": "Feature", "properties": { "node_index": 1225, "is_stop_only": false }, "geometry": { "type": "Point", "coordinates": [ 584165.328594776568934, 4508735.764052958227694 ] } },
{ "type": "Feature", "properties": { "node_index": 1226, "is_stop_only": false }, "geometry": { "type": "Point", "coordinates": [ 584250.407104132929817, 4508874.840364610776305 ] } },
{ "type": "Feature", "properties": { "node_index": 1227, "is_stop_only": false }, "geometry": { "type": "Point", "coordinates": [ 586741.456178849679418, 4510965.789154638536274 ] } },
{ "type": "Feature", "properties": { "node_index": 1228, "is_stop_only": false }, "geometry": { "type": "Point", "coordinates": [ 584333.160532900015824, 4509013.103073443286121 ] } },
{ "type": "Feature", "properties": { "node_index": 1229, "is_stop_only": false }, "geometry": { "type": "Point", "coordinates": [ 584497.94019067636691, 4509273.314291084185243 ] } },
{ "type": "Feature", "properties": { "node_index": 1230, "is_stop_only": false }, "geometry": { "type": "Point", "coordinates": [ 584541.376383779454045, 4509341.443598366342485 ] } },
{ "type": "Feature", "properties": { "node_index": 1231, "is_stop_only": false }, "geometry": { "type": "Point", "coordinates": [ 586955.203157782321796, 4511390.335473344661295 ] } },
{ "type": "Feature", "properties": { "node_index": 1232, "is_stop_only": false }, "geometry": { "type": "Point", "coordinates": [ 587143.901955819223076, 4511742.240701040253043 ] } },
{ "type": "Feature", "properties": { "node_index": 1233, "is_stop_only": false }, "geometry": { "type": "Point", "coordinates": [ 587256.422403882141225, 4511920.646491356194019 ] } },
{ "type": "Feature", "properties": { "node_index": 1234, "is_stop_only": false }, "geometry": { "type": "Point", "coordinates": [ 587271.724471208057366, 4511948.993238192051649 ] } },
{ "type": "Feature", "properties": { "node_index": 1235, "is_stop_only": false }, "geometry": { "type": "Point", "coordinates": [ 588789.956891295034438, 4516383.553403560072184 ] } },
{ "type": "Feature", "properties": { "node_index": 1236, "is_stop_only": false }, "geometry": { "type": "Point", "coordinates": [ 587251.171481896541081, 4514158.875619318336248 ] } },
{ "type": "Feature", "properties": { "node_index": 1237, "is_stop_only": false }, "geometry": { "type": "Point", "coordinates": [ 587387.840081817470491, 4514084.84751520678401 ] } },
{ "type": "Feature", "properties": { "node_index": 1238, "is_stop_only": false }, "geometry": { "type": "Point", "coordinates": [ 587536.412638460053131, 4514004.378927580080926 ] } },
{ "type": "Feature", "properties": { "node_index": 1239, "is_stop_only": false }, "geometry": { "type": "Point", "coordinates": [ 587661.856642840895802, 4513936.440339826978743 ] } },
{ "type": "Feature", "properties": { "node_index": 1240, "is_stop_only": false }, "geometry": { "type": "Point", "coordinates": [ 587797.70111641427502, 4513862.865036096423864 ] } },
{ "type": "Feature", "properties": { "node_index": 1241, "is_stop_only": false }, "geometry": { "type": "Point", "coordinates": [ 588708.604395687812939, 4516234.015904429368675 ] } },
{ "type": "Feature", "properties": { "node_index": 1242, "is_stop_only": false }, "geometry": { "type": "Point", "coordinates": [ 587987.731533228419721, 4513759.959581394679844 ] } },
{ "type": "Feature", "properties": { "node_index": 1243, "is_stop_only": false }, "geometry": { "type": "Point", "coordinates": [ 588188.709752908209339, 4513651.127377248369157 ] } },
{ "type": "Feature", "properties": { "node_index": 1244, "is_stop_only": false }, "geometry": { "type": "Point", "coordinates": [ 588633.320960723096505, 4516094.588717021048069 ] } },
{ "type": "Feature", "properties": { "node_index": 1245, "is_stop_only": false }, "geometry": { "type": "Point", "coordinates": [ 590009.596753163146786, 4517477.543390669859946 ] } },
{ "type": "Feature", "properties": { "node_index": 1246, "is_stop_only": false }, "geometry": { "type": "Point", "coordinates": [ 587422.96387085376773, 4512229.033265069127083 ] } },
{ "type": "Feature", "properties": { "node_index": 1247, "is_stop_only": false }, "geometry": { "type": "Point", "coordinates": [ 584471.525811446248554, 4508066.568950492888689 ] } },
{ "type": "Feature", "properties": { "node_index": 1248, "is_stop_only": false }, "geometry": { "type": "Point", "coordinates": [ 584405.109525733743794, 4508105.669391402974725 ] } },
{ "type": "Feature", "properties": { "node_index": 1249, "is_stop_only": false }, "geometry": { "type": "Point", "coordinates": [ 584269.064583740662783, 4508191.717997011728585 ] } },
{ "type": "Feature", "properties": { "node_index": 1250, "is_stop_only": false }, "geometry": { "type": "Point", "coordinates": [ 586446.97135211690329, 4512033.703257784247398 ] } },
{ "type": "Feature", "properties": { "node_index": 1251, "is_stop_only": false }, "geometry": { "type": "Point", "coordinates": [ 589970.046789271291345, 4517402.597670547664165 ] } },
{ "type": "Feature", "properties": { "node_index": 1252, "is_stop_only": false }, "geometry": { "type": "Point", "coordinates": [ 588718.886749796452932, 4518987.934472638182342 ] } },
{ "type": "Feature", "properties": { "node_index": 1253, "is_stop_only": false }, "geometry": { "type": "Point", "coordinates": [ 588765.930864298483357, 4519059.999211948364973 ] } },
{ "type": "Feature", "properties": { "node_index": 1254, "is_stop_only": false }, "geometry": { "type": "Point", "coordinates": [ 588803.982310183113441, 4519129.291639235801995 ] } },
{ "type": "Feature", "properties": { "node_index": 1255, "is_stop_only": false }, "geometry": { "type": "Point", "coordinates": [ 588879.481993399793282, 4519268.758109134621918 ] } },
{ "type": "Feature", "properties": { "node_index": 1256, "is_stop_only": false }, "geometry": { "type": "Point", "coordinates": [ 588954.416933628846891, 4519407.95220410078764 ] } },
{ "type": "Feature", "properties": { "node_index": 1257, "is_stop_only": false }, "geometry": { "type": "Point", "coordinates": [ 586560.100993922795169, 4512244.057636126875877 ] } },
{ "type": "Feature", "properties": { "node_index": 1258, "is_stop_only": false }, "geometry": { "type": "Point", "coordinates": [ 588979.798848998732865, 4519483.354993630200624 ] } },
{ "type": "Feature", "properties": { "node_index": 1259, "is_stop_only": false }, "geometry": { "type": "Point", "coordinates": [ 586597.299900025129318, 4512313.226534644141793 ] } },
{ "type": "Feature", "properties": { "node_index": 1260, "is_stop_only": false }, "geometry": { "type": "Point", "coordinates": [ 589251.779642158770002, 4520071.847811941988766 ] } },
{ "type": "Feature", "properties": { "node_index": 1261, "is_stop_only": false }, "geometry": { "type": "Point", "coordinates": [ 586635.084812449174933, 4512383.479420527815819 ] } },
{ "type": "Feature", "properties": { "node_index": 1262, "is_stop_only": false }, "geometry": { "type": "Point", "coordinates": [ 585168.341303055756725, 4511529.330024870112538 ] } },
{ "type": "Feature", "properties": { "node_index": 1263, "is_stop_only": false }, "geometry": { "type": "Point", "coordinates": [ 586522.207215251866728, 4512173.604074981063604 ] } },
{ "type": "Feature", "properties": { "node_index": 1264, "is_stop_only": false }, "geometry": { "type": "Point", "coordinates": [ 585085.267896338249557, 4507404.792319570668042 ] } },
{ "type": "Feature", "properties": { "node_index": 1265, "is_stop_only": false }, "geometry": { "type": "Point", "coordinates": [ 584684.525019606109709, 4512024.248147159814835 ] } },
{ "type": "Feature", "properties": { "node_index": 1266, "is_stop_only": false }, "geometry": { "type": "Point", "coordinates": [ 586710.354920640238561, 4512523.438332836143672 ] } },
{ "type": "Feature", "properties": { "node_index": 1267, "is_stop_only": false }, "geometry": { "type": "Point", "coordinates": [ 584683.285382159403525, 4511985.720512247644365 ] } },
{ "type": "Feature", "properties": { "node_index": 1268, "is_stop_only": false }, "geometry": { "type": "Point", "coordinates": [ 586785.597300390712917, 4512663.353385124355555 ] } },
{ "type": "Feature", "properties": { "node_index": 1269, "is_stop_only": false }, "geometry": { "type": "Point", "coordinates": [ 589393.183783112210222, 4520417.01370313949883 ] } },
{ "type": "Feature", "properties": { "node_index": 1270, "is_stop_only": false }, "geometry": { "type": "Point", "coordinates": [ 584834.442601416842081, 4512068.185100912116468 ] } },
{ "type": "Feature", "properties": { "node_index": 1271, "is_stop_only": false }, "geometry": { "type": "Point", "coordinates": [ 587578.86615778983105, 4512519.97890844848007 ] } },
{ "type": "Feature", "properties": { "node_index": 1272, "is_stop_only": false }, "geometry": { "type": "Point", "coordinates": [ 586672.538492641644552, 4512453.118025852367282 ] } },
{ "type": "Feature", "properties": { "node_index": 1273, "is_stop_only": false }, "geometry": { "type": "Point", "coordinates": [ 586747.774031474371441, 4512593.021456778980792 ] } },
{ "type": "Feature", "properties": { "node_index": 1274, "is_stop_only": false }, "geometry": { "type": "Point", "coordinates": [ 587731.1435522910906, 4512800.171627982519567 ] } },
{ "type": "Feature", "properties": { "node_index": 1275, "is_stop_only": false }, "geometry": { "type": "Point", "coordinates": [ 589347.242042154190131, 4520476.8001908082515 ] } },
{ "type": "Feature", "properties": { "node_index": 1276, "is_stop_only": false }, "geometry": { "type": "Point", "coordinates": [ 587018.434596976730973, 4513093.612383893691003 ] } },
{ "type": "Feature", "properties": { "node_index": 1277, "is_stop_only": false }, "geometry": { "type": "Point", "coordinates": [ 588384.169972875155509, 4514012.797192939557135 ] } },
{ "type": "Feature", "properties": { "node_index": 1278, "is_stop_only": false }, "geometry": { "type": "Point", "coordinates": [ 586863.802477303310297, 4512808.799690512008965 ] } },
{ "type": "Feature", "properties": { "node_index": 1279, "is_stop_only": false }, "geometry": { "type": "Point", "coordinates": [ 586343.42343841213733, 4507339.337710967287421 ] } },
{ "type": "Feature", "properties": { "node_index": 1280, "is_stop_only": false }, "geometry": { "type": "Point", "coordinates": [ 586358.850564010208473, 4507428.501131054013968 ] } },
{ "type": "Feature", "properties": { "node_index": 1281, "is_stop_only": false }, "geometry": { "type": "Point", "coordinates": [ 588616.056841645040549, 4514443.377302546054125 ] } },
{ "type": "Feature", "properties": { "node_index": 1282, "is_stop_only": false }, "geometry": { "type": "Point", "coordinates": [ 586905.026584290666506, 4512885.511608282104135 ] } },
{ "type": "Feature", "properties": { "node_index": 1283, "is_stop_only": false }, "geometry": { "type": "Point", "coordinates": [ 586943.105205333675258, 4512955.403360669501126 ] } },
{ "type": "Feature", "properties": { "node_index": 1284, "is_stop_only": false }, "geometry": { "type": "Point", "coordinates": [ 586019.918753991369158, 4507145.466507109813392 ] } },
{ "type": "Feature", "properties": { "node_index": 1285, "is_stop_only": false }, "geometry": { "type": "Point", "coordinates": [ 588848.765051247319207, 4514874.941495575010777 ] } },
{ "type": "Feature", "properties": { "node_index": 1286, "is_stop_only": false }, "geometry": { "type": "Point", "coordinates": [ 586823.618111732997932, 4512734.05422524549067 ] } },
{ "type": "Feature", "properties": { "node_index": 1287, "is_stop_only": false }, "geometry": { "type": "Point", "coordinates": [ 584183.405588664347306, 4509011.601195727474988 ] } },
{ "type": "Feature", "properties": { "node_index": 1288, "is_stop_only": false }, "geometry": { "type": "Point", "coordinates": [ 589196.159360242076218, 4515518.419737340882421 ] } },
{ "type": "Feature", "properties": { "node_index": 1289, "is_stop_only": false }, "geometry": { "type": "Point", "coordinates": [ 587130.24996448343154, 4513303.794735408388078 ] } },
{ "type": "Feature", "properties": { "node_index": 1290, "is_stop_only": false }, "geometry": { "type": "Point", "coordinates": [ 589400.743956770282239, 4520724.70072119962424 ] } },
{ "type": "Feature", "properties": { "node_index": 1291, "is_stop_only": false }, "geometry": { "type": "Point", "coordinates": [ 585748.196794887073338, 4515480.736606953665614 ] } },
{ "type": "Feature", "properties": { "node_index": 1292, "is_stop_only": false }, "geometry": { "type": "Point", "coordinates": [ 589384.96821665961761, 4515867.69372212793678 ] } },
{ "type": "Feature", "properties": { "node_index": 1293, "is_stop_only": false }, "geometry": { "type": "Point", "coordinates": [ 589499.016658134874888, 4520854.458008214831352 ] } },
{ "type": "Feature", "properties": { "node_index": 1294, "is_stop_only": false }, "geometry": { "type": "Point", "coordinates": [ 587244.306072151521221, 4513514.527230901643634 ] } },
{ "type": "Feature", "properties": { "node_index": 1295, "is_stop_only": false }, "geometry": { "type": "Point", "coordinates": [ 589560.085916054900736, 4520971.330722301267087 ] } },
{ "type": "Feature", "properties": { "node_index": 1296, "is_stop_only": false }, "geometry": { "type": "Point", "coordinates": [ 589542.616656301659532, 4516160.295452694408596 ] } },
{ "type": "Feature", "properties": { "node_index": 1297, "is_stop_only": false }, "geometry": { "type": "Point", "coordinates": [ 589590.034722853335552, 4521060.625266153365374 ] } },
{ "type": "Feature", "properties": { "node_index": 1298, "is_stop_only": false }, "geometry": { "type": "Point", "coordinates": [ 587206.347946052672341, 4513443.502693866379559 ] } },
{ "type": "Feature", "properties": { "node_index": 1299, "is_stop_only": false }, "geometry": { "type": "Point", "coordinates": [ 589617.94646579073742, 4516300.721085463650525 ] } },
{ "type": "Feature", "properties": { "node_index": 1300, "is_stop_only": false }, "geometry": { "type": "Point", "coordinates": [ 589619.337907143984921, 4521147.469570917077363 ] } },
{ "type": "Feature", "properties": { "node_index": 1301, "is_stop_only": false }, "geometry": { "type": "Point", "coordinates": [ 587055.433502925210632, 4513163.969506939873099 ] } },
{ "type": "Feature", "properties": { "node_index": 1302, "is_stop_only": false }, "geometry": { "type": "Point", "coordinates": [ 589671.435903033590876, 4521301.428087024949491 ] } },
{ "type": "Feature", "properties": { "node_index": 1303, "is_stop_only": false }, "geometry": { "type": "Point", "coordinates": [ 589810.595151005662046, 4516657.681417406536639 ] } },
{ "type": "Feature", "properties": { "node_index": 1304, "is_stop_only": false }, "geometry": { "type": "Point", "coordinates": [ 587599.616225936217234, 4519129.16395038831979 ] } },
{ "type": "Feature", "properties": { "node_index": 1305, "is_stop_only": false }, "geometry": { "type": "Point", "coordinates": [ 587093.202997743850574, 4513234.058347684331238 ] } },
{ "type": "Feature", "properties": { "node_index": 1306, "is_stop_only": false }, "geometry": { "type": "Point", "coordinates": [ 587357.48284005979076, 4513724.107818613760173 ] } },
{ "type": "Feature", "properties": { "node_index": 1307, "is_stop_only": false }, "geometry": { "type": "Point", "coordinates": [ 587281.538944165338762, 4513584.000219510868192 ] } },
{ "type": "Feature", "properties": { "node_index": 1308, "is_stop_only": false }, "geometry": { "type": "Point", "coordinates": [ 587394.597741017816588, 4513793.380223526619375 ] } },
{ "type": "Feature", "properties": { "node_index": 1309, "is_stop_only": false }, "geometry": { "type": "Point", "coordinates": [ 587319.139499465352856, 4513653.011461216956377 ] } },
{ "type": "Feature", "properties": { "node_index": 1310, "is_stop_only": false }, "geometry": { "type": "Point", "coordinates": [ 587168.425335459294729, 4513373.700051244348288 ] } },
{ "type": "Feature", "properties": { "node_index": 1311, "is_stop_only": false }, "geometry": { "type": "Point", "coordinates": [ 587536.019825324765407, 4512636.635050880722702 ] } },
{ "type": "Feature", "properties": { "node_index": 1312, "is_stop_only": false }, "geometry": { "type": "Point", "coordinates": [ 589348.624952583806589, 4517365.986264255829155 ] } },
{ "type": "Feature", "properties": { "node_index": 1313, "is_stop_only": false }, "geometry": { "type": "Point", "coordinates": [ 589727.981269343756139, 4521716.540005961433053 ] } },
{ "type": "Feature", "properties": { "node_index": 1314, "is_stop_only": false }, "geometry": { "type": "Point", "coordinates": [ 587593.288290197611786, 4514158.10845585912466 ] } },
{ "type": "Feature", "properties": { "node_index": 1315, "is_stop_only": false }, "geometry": { "type": "Point", "coordinates": [ 587555.059037633356638, 4514087.034257438033819 ] } },
{ "type": "Feature", "properties": { "node_index": 1316, "is_stop_only": false }, "geometry": { "type": "Point", "coordinates": [ 587631.225073850946501, 4514228.158002555370331 ] } },
{ "type": "Feature", "properties": { "node_index": 1317, "is_stop_only": false }, "geometry": { "type": "Point", "coordinates": [ 587437.616611803998239, 4513868.684515156783164 ] } },
{ "type": "Feature", "properties": { "node_index": 1318, "is_stop_only": false }, "geometry": { "type": "Point", "coordinates": [ 589411.402067249640822, 4520442.581224073655903 ] } },
{ "type": "Feature", "properties": { "node_index": 1319, "is_stop_only": false }, "geometry": { "type": "Point", "coordinates": [ 586639.660248311120085, 4509428.149933957494795 ] } },
{ "type": "Feature", "properties": { "node_index": 1320, "is_stop_only": false }, "geometry": { "type": "Point", "coordinates": [ 587478.40849105338566, 4513944.51789181958884 ] } },
{ "type": "Feature", "properties": { "node_index": 1321, "is_stop_only": false }, "geometry": { "type": "Point", "coordinates": [ 584556.505959650850855, 4507330.413417690433562 ] } },
{ "type": "Feature", "properties": { "node_index": 1322, "is_stop_only": false }, "geometry": { "type": "Point", "coordinates": [ 584506.062159950495698, 4508712.549981657415628 ] } },
{ "type": "Feature", "properties": { "node_index": 1323, "is_stop_only": false }, "geometry": { "type": "Point", "coordinates": [ 587865.958136923843995, 4514665.120195058174431 ] } },
{ "type": "Feature", "properties": { "node_index": 1324, "is_stop_only": false }, "geometry": { "type": "Point", "coordinates": [ 584799.134823616012, 4509179.076415728777647 ] } },
{ "type": "Feature", "properties": { "node_index": 1325, "is_stop_only": false }, "geometry": { "type": "Point", "coordinates": [ 587668.439580762060359, 4514297.843942381441593 ] } },
{ "type": "Feature", "properties": { "node_index": 1326, "is_stop_only": false }, "geometry": { "type": "Point", "coordinates": [ 584460.303256167448126, 4510215.700634967535734 ] } },
{ "type": "Feature", "properties": { "node_index": 1327, "is_stop_only": false }, "geometry": { "type": "Point", "coordinates": [ 584840.938952390220948, 4509245.723378074355423 ] } },
{ "type": "Feature", "properties": { "node_index": 1328, "is_stop_only": false }, "geometry": { "type": "Point", "coordinates": [ 584501.561777964234352, 4510292.886688286438584 ] } },
{ "type": "Feature", "properties": { "node_index": 1329, "is_stop_only": false }, "geometry": { "type": "Point", "coordinates": [ 587751.259489596704952, 4514451.84890699852258 ] } },
{ "type": "Feature", "properties": { "node_index": 1330, "is_stop_only": false }, "geometry": { "type": "Point", "coordinates": [ 584946.909619190031663, 4509414.323745660483837 ] } },
{ "type": "Feature", "properties": { "node_index": 1331, "is_stop_only": false }, "geometry": { "type": "Point", "coordinates": [ 584540.606828120653518, 4510364.16361868288368 ] } },
{ "type": "Feature", "properties": { "node_index": 1332, "is_stop_only": false }, "geometry": { "type": "Point", "coordinates": [ 587709.912020002491772, 4514374.95250487793237 ] } },
{ "type": "Feature", "properties": { "node_index": 1333, "is_stop_only": false }, "geometry": { "type": "Point", "coordinates": [ 584646.364307783776894, 4510560.879561268724501 ] } },
{ "type": "Feature", "properties": { "node_index": 1334, "is_stop_only": false }, "geometry": { "type": "Point", "coordinates": [ 584716.985005061957054, 4510691.470693765208125 ] } },
{ "type": "Feature", "properties": { "node_index": 1335, "is_stop_only": false }, "geometry": { "type": "Point", "coordinates": [ 587789.35274295322597, 4514522.678399542346597 ] } },
{ "type": "Feature", "properties": { "node_index": 1336, "is_stop_only": false }, "geometry": { "type": "Point", "coordinates": [ 584871.682754535460845, 4510978.788440105505288 ] } },
{ "type": "Feature", "properties": { "node_index": 1337, "is_stop_only": false }, "geometry": { "type": "Point", "coordinates": [ 583936.01939197385218, 4508571.007846351712942 ] } },
{ "type": "Feature", "properties": { "node_index": 1338, "is_stop_only": false }, "geometry": { "type": "Point", "coordinates": [ 584908.664553708396852, 4511048.212089750915766 ] } },
{ "type": "Feature", "properties": { "node_index": 1339, "is_stop_only": false }, "geometry": { "type": "Point", "coordinates": [ 588061.351307715754956, 4515028.469152186997235 ] } },
{ "type": "Feature", "properties": { "node_index": 1340, "is_stop_only": false }, "geometry": { "type": "Point", "coordinates": [ 588390.133563509909436, 4517520.982383662834764 ] } },
{ "type": "Feature", "properties": { "node_index": 1341, "is_stop_only": false }, "geometry": { "type": "Point", "coordinates": [ 588428.270706897601485, 4517591.161605204455554 ] } },
{ "type": "Feature", "properties": { "node_index": 1342, "is_stop_only": false }, "geometry": { "type": "Point", "coordinates": [ 588466.620304609416053, 4517660.444295838475227 ] } },
{ "type": "Feature", "properties": { "node_index": 1343, "is_stop_only": false }, "geometry": { "type": "Point", "coordinates": [ 588542.212092184694484, 4517801.128765256144106 ] } },
{ "type": "Feature", "properties": { "node_index": 1344, "is_stop_only": false }, "geometry": { "type": "Point", "coordinates": [ 588579.925851830514148, 4517871.19278665445745 ] } },
{ "type": "Feature", "properties": { "node_index": 1345, "is_stop_only": false }, "geometry": { "type": "Point", "coordinates": [ 588023.998432292486541, 4514958.990250607021153 ] } },
{ "type": "Feature", "properties": { "node_index": 1346, "is_stop_only": false }, "geometry": { "type": "Point", "coordinates": [ 588655.772897940361872, 4518011.32652029953897 ] } },
{ "type": "Feature", "properties": { "node_index": 1347, "is_stop_only": false }, "geometry": { "type": "Point", "coordinates": [ 588696.537332129664719, 4518087.090052116662264 ] } },
{ "type": "Feature", "properties": { "node_index": 1348, "is_stop_only": false }, "geometry": { "type": "Point", "coordinates": [ 588736.806826795218512, 4518161.848679794929922 ] } },
{ "type": "Feature", "properties": { "node_index": 1349, "is_stop_only": false }, "geometry": { "type": "Point", "coordinates": [ 587904.123362838872708, 4514736.095548304729164 ] } },
{ "type": "Feature", "properties": { "node_index": 1350, "is_stop_only": false }, "geometry": { "type": "Point", "coordinates": [ 588811.571280992939137, 4518300.305880135856569 ] } },
{ "type": "Feature", "properties": { "node_index": 1351, "is_stop_only": false }, "geometry": { "type": "Point", "coordinates": [ 587827.742711797589436, 4514594.044550088234246 ] } },
{ "type": "Feature", "properties": { "node_index": 1352, "is_stop_only": false }, "geometry": { "type": "Point", "coordinates": [ 588849.361466881120577, 4518370.594441797584295 ] } },
{ "type": "Feature", "properties": { "node_index": 1353, "is_stop_only": false }, "geometry": { "type": "Point", "coordinates": [ 589104.001692018355243, 4521830.446905484423041 ] } },
{ "type": "Feature", "properties": { "node_index": 1354, "is_stop_only": false }, "geometry": { "type": "Point", "coordinates": [ 587942.10641313821543, 4514806.713686452247202 ] } },
{ "type": "Feature", "properties": { "node_index": 1355, "is_stop_only": false }, "geometry": { "type": "Point", "coordinates": [ 588885.995484965620562, 4518438.759854675270617 ] } },
{ "type": "Feature", "properties": { "node_index": 1356, "is_stop_only": false }, "geometry": { "type": "Point", "coordinates": [ 589077.255209416151047, 4518794.087436830624938 ] } },
{ "type": "Feature", "properties": { "node_index": 1357, "is_stop_only": false }, "geometry": { "type": "Point", "coordinates": [ 588250.467329053208232, 4515380.147154890932143 ] } },
{ "type": "Feature", "properties": { "node_index": 1358, "is_stop_only": false }, "geometry": { "type": "Point", "coordinates": [ 589118.762290685204789, 4518869.784865793772042 ] } },
{ "type": "Feature", "properties": { "node_index": 1359, "is_stop_only": false }, "geometry": { "type": "Point", "coordinates": [ 588099.455196618335322, 4515099.311699516139925 ] } },
{ "type": "Feature", "properties": { "node_index": 1360, "is_stop_only": false }, "geometry": { "type": "Point", "coordinates": [ 589155.162422061548568, 4518939.436719680204988 ] } },
{ "type": "Feature", "properties": { "node_index": 1361, "is_stop_only": false }, "geometry": { "type": "Point", "coordinates": [ 589230.36354795191437, 4519080.213354172185063 ] } },
{ "type": "Feature", "properties": { "node_index": 1362, "is_stop_only": false }, "geometry": { "type": "Point", "coordinates": [ 589306.806837035575882, 4519218.463402786292136 ] } },
{ "type": "Feature", "properties": { "node_index": 1363, "is_stop_only": false }, "geometry": { "type": "Point", "coordinates": [ 588137.095727197476663, 4515169.31627450697124 ] } },
{ "type": "Feature", "properties": { "node_index": 1364, "is_stop_only": false }, "geometry": { "type": "Point", "coordinates": [ 589381.767732960404828, 4519357.695650605484843 ] } },
{ "type": "Feature", "properties": { "node_index": 1365, "is_stop_only": false }, "geometry": { "type": "Point", "coordinates": [ 584900.556628310238011, 4507755.390205956064165 ] } },
{ "type": "Feature", "properties": { "node_index": 1366, "is_stop_only": false }, "geometry": { "type": "Point", "coordinates": [ 588174.719045951380394, 4515239.287556348368526 ] } },
{ "type": "Feature", "properties": { "node_index": 1367, "is_stop_only": false }, "geometry": { "type": "Point", "coordinates": [ 587983.507054404472001, 4514884.400472477078438 ] } },
{ "type": "Feature", "properties": { "node_index": 1368, "is_stop_only": false }, "geometry": { "type": "Point", "coordinates": [ 588405.460237416555174, 4515672.191607620567083 ] } },
{ "type": "Feature", "properties": { "node_index": 1369, "is_stop_only": false }, "geometry": { "type": "Point", "coordinates": [ 588443.588660903740674, 4515741.826315170153975 ] } },
{ "type": "Feature", "properties": { "node_index": 1370, "is_stop_only": false }, "geometry": { "type": "Point", "coordinates": [ 588324.924747431185097, 4515518.616320498287678 ] } },
{ "type": "Feature", "properties": { "node_index": 1371, "is_stop_only": false }, "geometry": { "type": "Point", "coordinates": [ 589419.386169049772434, 4519427.319321896880865 ] } },
{ "type": "Feature", "properties": { "node_index": 1372, "is_stop_only": false }, "geometry": { "type": "Point", "coordinates": [ 583329.325047687394544, 4506690.628620341420174 ] } },
{ "type": "Feature", "properties": { "node_index": 1373, "is_stop_only": false }, "geometry": { "type": "Point", "coordinates": [ 588287.972831302555278, 4515449.906745260581374 ] } },
{ "type": "Feature", "properties": { "node_index": 1374, "is_stop_only": false }, "geometry": { "type": "Point", "coordinates": [ 584882.693199678556994, 4509448.704330758191645 ] } },
{ "type": "Feature", "properties": { "node_index": 1375, "is_stop_only": false }, "geometry": { "type": "Point", "coordinates": [ 588212.184887869399972, 4515308.957415536046028 ] } },
{ "type": "Feature", "properties": { "node_index": 1376, "is_stop_only": false }, "geometry": { "type": "Point", "coordinates": [ 589500.222142716869712, 4519577.626618262380362 ] } },
{ "type": "Feature", "properties": { "node_index": 1377, "is_stop_only": false }, "geometry": { "type": "Point", "coordinates": [ 589537.256950081093237, 4519647.199498708359897 ] } },
{ "type": "Feature", "properties": { "node_index": 1378, "is_stop_only": false }, "geometry": { "type": "Point", "coordinates": [ 589648.816523709101602, 4519858.367495784536004 ] } },
{ "type": "Feature", "properties": { "node_index": 1379, "is_stop_only": false }, "geometry": { "type": "Point", "coordinates": [ 589686.162384950206615, 4519927.090112062171102 ] } },
{ "type": "Feature", "properties": { "node_index": 1380, "is_stop_only": false }, "geometry": { "type": "Point", "coordinates": [ 586591.321378369699232, 4508297.32556885946542 ] } },
{ "type": "Feature", "properties": { "node_index": 1381, "is_stop_only": false }, "geometry": { "type": "Point", "coordinates": [ 588749.205516552552581, 4516309.455321588553488 ] } },
{ "type": "Feature", "properties": { "node_index": 1382, "is_stop_only": false }, "geometry": { "type": "Point", "coordinates": [ 585480.463921047281474, 4508475.840224239043891 ] } },
{ "type": "Feature", "properties": { "node_index": 1383, "is_stop_only": false }, "geometry": { "type": "Point", "coordinates": [ 587404.230446798843332, 4512517.327607104554772 ] } },
{ "type": "Feature", "properties": { "node_index": 1384, "is_stop_only": false }, "geometry": { "type": "Point", "coordinates": [ 587445.898590685450472, 4512591.150146383792162 ] } },
{ "type": "Feature", "properties": { "node_index": 1385, "is_stop_only": false }, "geometry": { "type": "Point", "coordinates": [ 585249.908829252934083, 4511679.881305829621851 ] } },
{ "type": "Feature", "properties": { "node_index": 1386, "is_stop_only": false }, "geometry": { "type": "Point", "coordinates": [ 585286.779919530963525, 4511750.22731808014214 ] } },
{ "type": "Feature", "properties": { "node_index": 1387, "is_stop_only": false }, "geometry": { "type": "Point", "coordinates": [ 585323.55358066840563, 4511817.974502990953624 ] } },
{ "type": "Feature", "properties": { "node_index": 1388, "is_stop_only": false }, "geometry": { "type": "Point", "coordinates": [ 585398.623661112505943, 4511955.951740943826735 ] } },
{ "type": "Feature", "properties": { "node_index": 1389, "is_stop_only": false }, "geometry": { "type": "Point", "coordinates": [ 588594.632510784314945, 4516022.703498343937099 ] } },
{ "type": "Feature", "properties": { "node_index": 1390, "is_stop_only": false }, "geometry": { "type": "Point", "coordinates": [ 585435.548166691092774, 4512025.810718108899891 ] } },
{ "type": "Feature", "properties": { "node_index": 1391, "is_stop_only": false }, "geometry": { "type": "Point", "coordinates": [ 585471.992346785031259, 4512094.798391059972346 ] } },
{ "type": "Feature", "properties": { "node_index": 1392, "is_stop_only": false }, "geometry": { "type": "Point", "coordinates": [ 588483.167778143193573, 4515814.986955152824521 ] } },
{ "type": "Feature", "properties": { "node_index": 1393, "is_stop_only": false }, "geometry": { "type": "Point", "coordinates": [ 585553.76330587558914, 4512244.178999322466552 ] } },
{ "type": "Feature", "properties": { "node_index": 1394, "is_stop_only": false }, "geometry": { "type": "Point", "coordinates": [ 585590.518033550702967, 4512314.592009468004107 ] } },
{ "type": "Feature", "properties": { "node_index": 1395, "is_stop_only": false }, "geometry": { "type": "Point", "coordinates": [ 585667.108015481499024, 4512453.844462747685611 ] } },
{ "type": "Feature", "properties": { "node_index": 1396, "is_stop_only": false }, "geometry": { "type": "Point", "coordinates": [ 585704.86545115779154, 4512523.503664731048048 ] } },
{ "type": "Feature", "properties": { "node_index": 1397, "is_stop_only": false }, "geometry": { "type": "Point", "coordinates": [ 585742.536808234755881, 4512593.972552687861025 ] } },
{ "type": "Feature", "properties": { "node_index": 1398, "is_stop_only": false }, "geometry": { "type": "Point", "coordinates": [ 585818.883339218562469, 4512734.056642333976924 ] } },
{ "type": "Feature", "properties": { "node_index": 1399, "is_stop_only": false }, "geometry": { "type": "Point", "coordinates": [ 588366.473930609645322, 4515595.896544266492128 ] } },
{ "type": "Feature", "properties": { "node_index": 1400, "is_stop_only": false }, "geometry": { "type": "Point", "coordinates": [ 585855.497589895734563, 4512803.770087271928787 ] } },
{ "type": "Feature", "properties": { "node_index": 1401, "is_stop_only": false }, "geometry": { "type": "Point", "coordinates": [ 584367.384237724705599, 4507051.00803021620959 ] } },
{ "type": "Feature", "properties": { "node_index": 1402, "is_stop_only": false }, "geometry": { "type": "Point", "coordinates": [ 585893.026308503933251, 4512873.183482724241912 ] } },
{ "type": "Feature", "properties": { "node_index": 1403, "is_stop_only": false }, "geometry": { "type": "Point", "coordinates": [ 589969.914239812176675, 4522273.490934862755239 ] } },
{ "type": "Feature", "properties": { "node_index": 1404, "is_stop_only": false }, "geometry": { "type": "Point", "coordinates": [ 590052.222845765878446, 4522228.895978908054531 ] } },
{ "type": "Feature", "properties": { "node_index": 1405, "is_stop_only": false }, "geometry": { "type": "Point", "coordinates": [ 585930.668476482271217, 4512942.942581161856651 ] } },
{ "type": "Feature", "properties": { "node_index": 1406, "is_stop_only": false }, "geometry": { "type": "Point", "coordinates": [ 584375.515290337265469, 4507066.265933682210743 ] } },
{ "type": "Feature", "properties": { "node_index": 1407, "is_stop_only": false }, "geometry": { "type": "Point", "coordinates": [ 590074.74387284507975, 4522174.867924284189939 ] } },
{ "type": "Feature", "properties": { "node_index": 1408, "is_stop_only": false }, "geometry": { "type": "Point", "coordinates": [ 585969.078178175492212, 4513013.421352014876902 ] } },
{ "type": "Feature", "properties": { "node_index": 1409, "is_stop_only": false }, "geometry": { "type": "Point", "coordinates": [ 586006.162851354340091, 4513083.085598568432033 ] } },
{ "type": "Feature", "properties": { "node_index": 1410, "is_stop_only": false }, "geometry": { "type": "Point", "coordinates": [ 586608.806030858424492, 4509546.205644767731428 ] } },
{ "type": "Feature", "properties": { "node_index": 1411, "is_stop_only": false }, "geometry": { "type": "Point", "coordinates": [ 586084.487812524079345, 4513228.547075041569769 ] } },
{ "type": "Feature", "properties": { "node_index": 1412, "is_stop_only": false }, "geometry": { "type": "Point", "coordinates": [ 586126.123434668406844, 4513305.903269150294363 ] } },
{ "type": "Feature", "properties": { "node_index": 1413, "is_stop_only": false }, "geometry": { "type": "Point", "coordinates": [ 589046.254122612881474, 4519539.889931748621166 ] } },
{ "type": "Feature", "properties": { "node_index": 1414, "is_stop_only": false }, "geometry": { "type": "Point", "coordinates": [ 589091.274163296213374, 4519604.382906147278845 ] } },
{ "type": "Feature", "properties": { "node_index": 1415, "is_stop_only": false }, "geometry": { "type": "Point", "coordinates": [ 589181.827135768136941, 4519750.074119394645095 ] } },
{ "type": "Feature", "properties": { "node_index": 1416, "is_stop_only": false }, "geometry": { "type": "Point", "coordinates": [ 588942.013324545812793, 4516666.393782873637974 ] } },
{ "type": "Feature", "properties": { "node_index": 1417, "is_stop_only": false }, "geometry": { "type": "Point", "coordinates": [ 586163.762377733015455, 4513379.904747522436082 ] } },
{ "type": "Feature", "properties": { "node_index": 1418, "is_stop_only": false }, "geometry": { "type": "Point", "coordinates": [ 589219.400971916737035, 4519819.873922273516655 ] } },
{ "type": "Feature", "properties": { "node_index": 1419, "is_stop_only": false }, "geometry": { "type": "Point", "coordinates": [ 589331.674176461296156, 4520027.626051682047546 ] } },
{ "type": "Feature", "properties": { "node_index": 1420, "is_stop_only": false }, "geometry": { "type": "Point", "coordinates": [ 590020.752227290184237, 4524193.905904649756849 ] } },
{ "type": "Feature", "properties": { "node_index": 1421, "is_stop_only": false }, "geometry": { "type": "Point", "coordinates": [ 588903.431608934770338, 4516594.563511403277516 ] } },
{ "type": "Feature", "properties": { "node_index": 1422, "is_stop_only": false }, "geometry": { "type": "Point", "coordinates": [ 589369.202403764706105, 4520097.470585493370891 ] } },
{ "type": "Feature", "properties": { "node_index": 1423, "is_stop_only": false }, "geometry": { "type": "Point", "coordinates": [ 585894.414279592223465, 4508316.266596342436969 ] } },
{ "type": "Feature", "properties": { "node_index": 1424, "is_stop_only": false }, "geometry": { "type": "Point", "coordinates": [ 589406.317691534641199, 4520166.533164527267218 ] } },
{ "type": "Feature", "properties": { "node_index": 1425, "is_stop_only": false }, "geometry": { "type": "Point", "coordinates": [ 585966.585329609224573, 4508288.448098843917251 ] } },
{ "type": "Feature", "properties": { "node_index": 1426, "is_stop_only": false }, "geometry": { "type": "Point", "coordinates": [ 589442.729472213773988, 4520237.918970869854093 ] } },
{ "type": "Feature", "properties": { "node_index": 1427, "is_stop_only": false }, "geometry": { "type": "Point", "coordinates": [ 590436.432386961649172, 4524554.272996079176664 ] } },
{ "type": "Feature", "properties": { "node_index": 1428, "is_stop_only": false }, "geometry": { "type": "Point", "coordinates": [ 588828.722744110273197, 4516455.696076398715377 ] } },
{ "type": "Feature", "properties": { "node_index": 1429, "is_stop_only": false }, "geometry": { "type": "Point", "coordinates": [ 587876.528903205879033, 4517509.909567260183394 ] } },
{ "type": "Feature", "properties": { "node_index": 1430, "is_stop_only": false }, "geometry": { "type": "Point", "coordinates": [ 586276.64095476991497, 4513917.703204434365034 ] } },
{ "type": "Feature", "properties": { "node_index": 1431, "is_stop_only": false }, "geometry": { "type": "Point", "coordinates": [ 587872.11518914217595, 4517600.907982545904815 ] } },
{ "type": "Feature", "properties": { "node_index": 1432, "is_stop_only": false }, "geometry": { "type": "Point", "coordinates": [ 583920.966985558276065, 4507176.372300609946251 ] } },
{ "type": "Feature", "properties": { "node_index": 1433, "is_stop_only": false }, "geometry": { "type": "Point", "coordinates": [ 587914.02322540874593, 4517776.480060626752675 ] } },
{ "type": "Feature", "properties": { "node_index": 1434, "is_stop_only": false }, "geometry": { "type": "Point", "coordinates": [ 587951.661272414261475, 4517846.317758408375084 ] } },
{ "type": "Feature", "properties": { "node_index": 1435, "is_stop_only": false }, "geometry": { "type": "Point", "coordinates": [ 587989.62937372806482, 4517916.714724013581872 ] } },
{ "type": "Feature", "properties": { "node_index": 1436, "is_stop_only": false }, "geometry": { "type": "Point", "coordinates": [ 588866.085640470380895, 4516525.157543667592108 ] } },
{ "type": "Feature", "properties": { "node_index": 1437, "is_stop_only": false }, "geometry": { "type": "Point", "coordinates": [ 588065.737325496505946, 4518057.067272673361003 ] } },
{ "type": "Feature", "properties": { "node_index": 1438, "is_stop_only": false }, "geometry": { "type": "Point", "coordinates": [ 584836.484125045128167, 4512188.478491682559252 ] } },
{ "type": "Feature", "properties": { "node_index": 1439, "is_stop_only": false }, "geometry": { "type": "Point", "coordinates": [ 588103.20109177113045, 4518127.125825275667012 ] } },
{ "type": "Feature", "properties": { "node_index": 1440, "is_stop_only": false }, "geometry": { "type": "Point", "coordinates": [ 589784.102797747706063, 4520240.871378345414996 ] } },
{ "type": "Feature", "properties": { "node_index": 1441, "is_stop_only": false }, "geometry": { "type": "Point", "coordinates": [ 587612.174049858585931, 4512864.344658361747861 ] } },
{ "type": "Feature", "properties": { "node_index": 1442, "is_stop_only": false }, "geometry": { "type": "Point", "coordinates": [ 589607.317279213340953, 4520335.128532812930644 ] } },
{ "type": "Feature", "properties": { "node_index": 1443, "is_stop_only": false }, "geometry": { "type": "Point", "coordinates": [ 588178.88022958021611, 4518267.69664447195828 ] } },
{ "type": "Feature", "properties": { "node_index": 1444, "is_stop_only": false }, "geometry": { "type": "Point", "coordinates": [ 588220.316076434333809, 4518344.02061621285975 ] } },
{ "type": "Feature", "properties": { "node_index": 1445, "is_stop_only": false }, "geometry": { "type": "Point", "coordinates": [ 588258.801721640862525, 4518420.087583234533668 ] } },
{ "type": "Feature", "properties": { "node_index": 1446, "is_stop_only": false }, "geometry": { "type": "Point", "coordinates": [ 583740.2217462771805, 4511676.130386720411479 ] } },
{ "type": "Feature", "properties": { "node_index": 1447, "is_stop_only": false }, "geometry": { "type": "Point", "coordinates": [ 584591.028967735473998, 4511992.016104796901345 ] } },
{ "type": "Feature", "properties": { "node_index": 1448, "is_stop_only": false }, "geometry": { "type": "Point", "coordinates": [ 586332.800112019991502, 4512456.166939780116081 ] } },
{ "type": "Feature", "properties": { "node_index": 1449, "is_stop_only": false }, "geometry": { "type": "Point", "coordinates": [ 588670.157459395937622, 4516162.521714492700994 ] } },
{ "type": "Feature", "properties": { "node_index": 1450, "is_stop_only": false }, "geometry": { "type": "Point", "coordinates": [ 586647.775161940371618, 4510219.411248657852411 ] } },
{ "type": "Feature", "properties": { "node_index": 1451, "is_stop_only": false }, "geometry": { "type": "Point", "coordinates": [ 589780.846741846646182, 4520674.663648725487292 ] } },
{ "type": "Feature", "properties": { "node_index": 1452, "is_stop_only": false }, "geometry": { "type": "Point", "coordinates": [ 585440.029644884169102, 4510132.938269079662859 ] } },
{ "type": "Feature", "properties": { "node_index": 1453, "is_stop_only": false }, "geometry": { "type": "Point", "coordinates": [ 585335.335767904762179, 4512994.400864619761705 ] } },
{ "type": "Feature", "properties": { "node_index": 1454, "is_stop_only": false }, "geometry": { "type": "Point", "coordinates": [ 584468.326603025314398, 4511731.946541818790138 ] } },
{ "type": "Feature", "properties": { "node_index": 1455, "is_stop_only": false }, "geometry": { "type": "Point", "coordinates": [ 585093.91015160724055, 4513124.427526121027768 ] } },
{ "type": "Feature", "properties": { "node_index": 1456, "is_stop_only": false }, "geometry": { "type": "Point", "coordinates": [ 585664.483638813602738, 4510549.995869885198772 ] } },
{ "type": "Feature", "properties": { "node_index": 1457, "is_stop_only": false }, "geometry": { "type": "Point", "coordinates": [ 589788.543209485244006, 4520170.41311932913959 ] } },
{ "type": "Feature", "properties": { "node_index": 1458, "is_stop_only": false }, "geometry": { "type": "Point", "coordinates": [ 584683.234913058346137, 4512329.099356939084828 ] } },
{ "type": "Feature", "properties": { "node_index": 1459, "is_stop_only": false }, "geometry": { "type": "Point", "coordinates": [ 585887.953277750406414, 4510965.240159219130874 ] } },
{ "type": "Feature", "properties": { "node_index": 1460, "is_stop_only": false }, "geometry": { "type": "Point", "coordinates": [ 583802.157307138899341, 4511906.14543701056391 ] } },
{ "type": "Feature", "properties": { "node_index": 1461, "is_stop_only": false }, "geometry": { "type": "Point", "coordinates": [ 589211.72255674994085, 4517168.119721005670726 ] } },
{ "type": "Feature", "properties": { "node_index": 1462, "is_stop_only": false }, "geometry": { "type": "Point", "coordinates": [ 587910.949488952057436, 4515381.312953851185739 ] } },
{ "type": "Feature", "properties": { "node_index": 1463, "is_stop_only": false }, "geometry": { "type": "Point", "coordinates": [ 584821.605833315290511, 4512227.065851618535817 ] } },
{ "type": "Feature", "properties": { "node_index": 1464, "is_stop_only": false }, "geometry": { "type": "Point", "coordinates": [ 584546.832839385373518, 4510968.669046988710761 ] } },
{ "type": "Feature", "properties": { "node_index": 1465, "is_stop_only": false }, "geometry": { "type": "Point", "coordinates": [ 588196.071727125905454, 4515227.795683928765357 ] } },
{ "type": "Feature", "properties": { "node_index": 1466, "is_stop_only": false }, "geometry": { "type": "Point", "coordinates": [ 589774.47982817213051, 4520161.782101164571941 ] } },
{ "type": "Feature", "properties": { "node_index": 1467, "is_stop_only": false }, "geometry": { "type": "Point", "coordinates": [ 584802.278130226535723, 4512146.231565686874092 ] } },
{ "type": "Feature", "properties": { "node_index": 1468, "is_stop_only": false }, "geometry": { "type": "Point", "coordinates": [ 586923.768133297446184, 4512875.350919312797487 ] } },
{ "type": "Feature", "properties": { "node_index": 1469, "is_stop_only": false }, "geometry": { "type": "Point", "coordinates": [ 589173.921122395899147, 4517097.796077477745712 ] } },
{ "type": "Feature", "properties": { "node_index": 1470, "is_stop_only": false }, "geometry": { "type": "Point", "coordinates": [ 584579.497793612419628, 4511991.895541456528008 ] } },
{ "type": "Feature", "properties": { "node_index": 1471, "is_stop_only": false }, "geometry": { "type": "Point", "coordinates": [ 584664.394592589465901, 4512531.232450127601624 ] } },
{ "type": "Feature", "properties": { "node_index": 1472, "is_stop_only": false }, "geometry": { "type": "Point", "coordinates": [ 589832.801971936831251, 4518658.431800423189998 ] } },
{ "type": "Feature", "properties": { "node_index": 1473, "is_stop_only": false }, "geometry": { "type": "Point", "coordinates": [ 584555.654865961638279, 4511963.146276182495058 ] } },
{ "type": "Feature", "properties": { "node_index": 1474, "is_stop_only": false }, "geometry": { "type": "Point", "coordinates": [ 589709.71354723838158, 4518455.615306845866144 ] } },
{ "type": "Feature", "properties": { "node_index": 1475, "is_stop_only": false }, "geometry": { "type": "Point", "coordinates": [ 586765.359931730781682, 4512583.546265655197203 ] } },
{ "type": "Feature", "properties": { "node_index": 1476, "is_stop_only": false }, "geometry": { "type": "Point", "coordinates": [ 584461.371668279636651, 4511735.475452575832605 ] } },
{ "type": "Feature", "properties": { "node_index": 1477, "is_stop_only": false }, "geometry": { "type": "Point", "coordinates": [ 584443.204980075825006, 4511690.826395383104682 ] } },
{ "type": "Feature", "properties": { "node_index": 1478, "is_stop_only": false }, "geometry": { "type": "Point", "coordinates": [ 589132.925325924530625, 4517021.538755752146244 ] } },
{ "type": "Feature", "properties": { "node_index": 1479, "is_stop_only": false }, "geometry": { "type": "Point", "coordinates": [ 584454.170217096339911, 4511702.120163540355861 ] } },
{ "type": "Feature", "properties": { "node_index": 1480, "is_stop_only": false }, "geometry": { "type": "Point", "coordinates": [ 589744.511995985289104, 4518159.389904510229826 ] } },
{ "type": "Feature", "properties": { "node_index": 1481, "is_stop_only": false }, "geometry": { "type": "Point", "coordinates": [ 589871.893082566559315, 4518976.683179350569844 ] } },
{ "type": "Feature", "properties": { "node_index": 1482, "is_stop_only": false }, "geometry": { "type": "Point", "coordinates": [ 589833.337380787357688, 4518954.475763062015176 ] } },
{ "type": "Feature", "properties": { "node_index": 1483, "is_stop_only": false }, "geometry": { "type": "Point", "coordinates": [ 584660.183267914573662, 4513357.420858119614422 ] } },
{ "type": "Feature", "properties": { "node_index": 1484, "is_stop_only": false }, "geometry": { "type": "Point", "coordinates": [ 589663.171619227854535, 4518757.049890625290573 ] } },
{ "type": "Feature", "properties": { "node_index": 1485, "is_stop_only": false }, "geometry": { "type": "Point", "coordinates": [ 584675.481738767819479, 4512348.583875507116318 ] } },
{ "type": "Feature", "properties": { "node_index": 1486, "is_stop_only": false }, "geometry": { "type": "Point", "coordinates": [ 584127.848367655300535, 4506758.579699113965034 ] } },
{ "type": "Feature", "properties": { "node_index": 1487, "is_stop_only": false }, "geometry": { "type": "Point", "coordinates": [ 589768.919832208775915, 4518145.930216928943992 ] } },
{ "type": "Feature", "properties": { "node_index": 1488, "is_stop_only": false }, "geometry": { "type": "Point", "coordinates": [ 584001.693641227204353, 4508360.434274965897202 ] } },
{ "type": "Feature", "properties": { "node_index": 1489, "is_stop_only": false }, "geometry": { "type": "Point", "coordinates": [ 589091.301703992648982, 4516944.097272215411067 ] } },
{ "type": "Feature", "properties": { "node_index": 1490, "is_stop_only": false }, "geometry": { "type": "Point", "coordinates": [ 584008.475853183656, 4506940.222537867724895 ] } },
{ "type": "Feature", "properties": { "node_index": 1491, "is_stop_only": false }, "geometry": { "type": "Point", "coordinates": [ 583926.701137458323501, 4506990.588637761771679 ] } },
{ "type": "Feature", "properties": { "node_index": 1492, "is_stop_only": false }, "geometry": { "type": "Point", "coordinates": [ 589543.445343186962418, 4517727.507828212343156 ] } },
{ "type": "Feature", "properties": { "node_index": 1493, "is_stop_only": false }, "geometry": { "type": "Point", "coordinates": [ 584530.684304908034392, 4510923.876360245049 ] } },
{ "type": "Feature", "properties": { "node_index": 1494, "is_stop_only": false }, "geometry": { "type": "Point", "coordinates": [ 589581.159678029944189, 4517797.488388853147626 ] } },
{ "type": "Feature", "properties": { "node_index": 1495, "is_stop_only": false }, "geometry": { "type": "Point", "coordinates": [ 583815.210765162017196, 4507063.046026406809688 ] } },
{ "type": "Feature", "properties": { "node_index": 1496, "is_stop_only": false }, "geometry": { "type": "Point", "coordinates": [ 589618.493615963147022, 4517866.77620505541563 ] } },
{ "type": "Feature", "properties": { "node_index": 1497, "is_stop_only": false }, "geometry": { "type": "Point", "coordinates": [ 589654.658032039646059, 4517937.837557466700673 ] } },
{ "type": "Feature", "properties": { "node_index": 1498, "is_stop_only": false }, "geometry": { "type": "Point", "coordinates": [ 583583.807210646802559, 4507206.316497336141765 ] } },
{ "type": "Feature", "properties": { "node_index": 1499, "is_stop_only": false }, "geometry": { "type": "Point", "coordinates": [ 588980.842678944696672, 4516738.615849298425019 ] } },
{ "type": "Feature", "properties": { "node_index": 1500, "is_stop_only": false }, "geometry": { "type": "Point", "coordinates": [ 589731.390677219955251, 4518076.283881417475641 ] } },
{ "type": "Feature", "properties": { "node_index": 1501, "is_stop_only": false }, "geometry": { "type": "Point", "coordinates": [ 589693.687705300166272, 4518006.302580771967769 ] } },
{ "type": "Feature", "properties": { "node_index": 1502, "is_stop_only": false }, "geometry": { "type": "Point", "coordinates": [ 589706.927147741080262, 4518089.454355259425938 ] } },
{ "type": "Feature", "properties": { "node_index": 1503, "is_stop_only": false }, "geometry": { "type": "Point", "coordinates": [ 589404.886384135461412, 4521056.194799098186195 ] } },
{ "type": "Feature", "properties": { "node_index": 1504, "is_stop_only": false }, "geometry": { "type": "Point", "coordinates": [ 589631.584137014579028, 4517949.781657604500651 ] } },
{ "type": "Feature", "properties": { "node_index": 1505, "is_stop_only": false }, "geometry": { "type": "Point", "coordinates": [ 589594.250675052404404, 4517879.805402239784598 ] } },
{ "type": "Feature", "properties": { "node_index": 1506, "is_stop_only": false }, "geometry": { "type": "Point", "coordinates": [ 589556.893968456424773, 4517810.295386021025479 ] } },
{ "type": "Feature", "properties": { "node_index": 1507, "is_stop_only": false }, "geometry": { "type": "Point", "coordinates": [ 589519.371467053075321, 4517740.483811908401549 ] } },
{ "type": "Feature", "properties": { "node_index": 1508, "is_stop_only": false }, "geometry": { "type": "Point", "coordinates": [ 589669.300470841117203, 4518019.429697771556675 ] } },
{ "type": "Feature", "properties": { "node_index": 1509, "is_stop_only": false }, "geometry": { "type": "Point", "coordinates": [ 586791.633141563273966, 4513305.857746068388224 ] } },
{ "type": "Feature", "properties": { "node_index": 1510, "is_stop_only": false }, "geometry": { "type": "Point", "coordinates": [ 589828.210938782081939, 4518380.935400715097785 ] } },
{ "type": "Feature", "properties": { "node_index": 1511, "is_stop_only": false }, "geometry": { "type": "Point", "coordinates": [ 586444.488188974210061, 4511217.548254417255521 ] } },
{ "type": "Feature", "properties": { "node_index": 1512, "is_stop_only": false }, "geometry": { "type": "Point", "coordinates": [ 589363.086111168027855, 4517449.707079952582717 ] } },
{ "type": "Feature", "properties": { "node_index": 1513, "is_stop_only": false }, "geometry": { "type": "Point", "coordinates": [ 585547.588939424254932, 4510332.7858254481107 ] } },
{ "type": "Feature", "properties": { "node_index": 1514, "is_stop_only": false }, "geometry": { "type": "Point", "coordinates": [ 588447.076605331967585, 4516374.716315422207117 ] } },
{ "type": "Feature", "properties": { "node_index": 1515, "is_stop_only": false }, "geometry": { "type": "Point", "coordinates": [ 585679.889771689544432, 4510261.128389750607312 ] } },
{ "type": "Feature", "properties": { "node_index": 1516, "is_stop_only": false }, "geometry": { "type": "Point", "coordinates": [ 585815.652854793006554, 4510187.514942697249353 ] } },
{ "type": "Feature", "properties": { "node_index": 1517, "is_stop_only": false }, "geometry": { "type": "Point", "coordinates": [ 588604.492355319787748, 4516666.262256630696356 ] } },
{ "type": "Feature", "properties": { "node_index": 1518, "is_stop_only": false }, "geometry": { "type": "Point", "coordinates": [ 586005.747873743530363, 4510084.447171614505351 ] } },
{ "type": "Feature", "properties": { "node_index": 1519, "is_stop_only": false }, "geometry": { "type": "Point", "coordinates": [ 584358.985386468120851, 4511702.090422960929573 ] } },
{ "type": "Feature", "properties": { "node_index": 1520, "is_stop_only": false }, "geometry": { "type": "Point", "coordinates": [ 583835.775736331241205, 4511986.727711725048721 ] } },
{ "type": "Feature", "properties": { "node_index": 1521, "is_stop_only": false }, "geometry": { "type": "Point", "coordinates": [ 583759.227898202487268, 4506985.698623478412628 ] } },
{ "type": "Feature", "properties": { "node_index": 1522, "is_stop_only": false }, "geometry": { "type": "Point", "coordinates": [ 589287.512932479381561, 4517309.125214789994061 ] } },
{ "type": "Feature", "properties": { "node_index": 1523, "is_stop_only": false }, "geometry": { "type": "Point", "coordinates": [ 583855.678770466241986, 4506896.22858270816505 ] } },
{ "type": "Feature", "properties": { "node_index": 1524, "is_stop_only": false }, "geometry": { "type": "Point", "coordinates": [ 583920.261677105212584, 4506842.858413787558675 ] } },
{ "type": "Feature", "properties": { "node_index": 1525, "is_stop_only": false }, "geometry": { "type": "Point", "coordinates": [ 584009.929803305421956, 4506750.61578925140202 ] } },
{ "type": "Feature", "properties": { "node_index": 1526, "is_stop_only": false }, "geometry": { "type": "Point", "coordinates": [ 584051.24120142951142, 4506691.854124932549894 ] } },
{ "type": "Feature", "properties": { "node_index": 1527, "is_stop_only": false }, "geometry": { "type": "Point", "coordinates": [ 584089.216832864913158, 4506642.713670149445534 ] } },
{ "type": "Feature", "properties": { "node_index": 1528, "is_stop_only": false }, "geometry": { "type": "Point", "coordinates": [ 584148.817996392026544, 4506575.267052985727787 ] } },
{ "type": "Feature", "properties": { "node_index": 1529, "is_stop_only": false }, "geometry": { "type": "Point", "coordinates": [ 589324.940862059476785, 4517378.756659061647952 ] } },
{ "type": "Feature", "properties": { "node_index": 1530, "is_stop_only": false }, "geometry": { "type": "Point", "coordinates": [ 589249.440770687768236, 4517238.287147114053369 ] } },
{ "type": "Feature", "properties": { "node_index": 1531, "is_stop_only": false }, "geometry": { "type": "Point", "coordinates": [ 589473.452794042532332, 4518950.521497764624655 ] } },
{ "type": "Feature", "properties": { "node_index": 1532, "is_stop_only": false }, "geometry": { "type": "Point", "coordinates": [ 589547.789215259836055, 4519089.070567961782217 ] } },
{ "type": "Feature", "properties": { "node_index": 1533, "is_stop_only": false }, "geometry": { "type": "Point", "coordinates": [ 587004.738279838347808, 4511450.191965320147574 ] } },
{ "type": "Feature", "properties": { "node_index": 1534, "is_stop_only": false }, "geometry": { "type": "Point", "coordinates": [ 589622.365986385149881, 4519227.734434762038291 ] } },
{ "type": "Feature", "properties": { "node_index": 1535, "is_stop_only": false }, "geometry": { "type": "Point", "coordinates": [ 589855.899129865807481, 4517740.013540311716497 ] } },
{ "type": "Feature", "properties": { "node_index": 1536, "is_stop_only": false }, "geometry": { "type": "Point", "coordinates": [ 587444.039207244873978, 4514518.95734038669616 ] } },
{ "type": "Feature", "properties": { "node_index": 1537, "is_stop_only": false }, "geometry": { "type": "Point", "coordinates": [ 589478.993502149591222, 4517665.36422507930547 ] } },
{ "type": "Feature", "properties": { "node_index": 1538, "is_stop_only": false }, "geometry": { "type": "Point", "coordinates": [ 589438.375577154336497, 4517589.786787115968764 ] } },
{ "type": "Feature", "properties": { "node_index": 1539, "is_stop_only": false }, "geometry": { "type": "Point", "coordinates": [ 585824.135900263325311, 4508343.35273724142462 ] } },
{ "type": "Feature", "properties": { "node_index": 1540, "is_stop_only": false }, "geometry": { "type": "Point", "coordinates": [ 589400.694124969653785, 4517519.674213756807148 ] } },
{ "type": "Feature", "properties": { "node_index": 1541, "is_stop_only": false }, "geometry": { "type": "Point", "coordinates": [ 585585.054344939766452, 4507720.712724629789591 ] } },
{ "type": "Feature", "properties": { "node_index": 1542, "is_stop_only": false }, "geometry": { "type": "Point", "coordinates": [ 587189.360663312487304, 4511823.156050332821906 ] } },
{ "type": "Feature", "properties": { "node_index": 1543, "is_stop_only": false }, "geometry": { "type": "Point", "coordinates": [ 589123.428839920670725, 4515190.232866053469479 ] } },
{ "type": "Feature", "properties": { "node_index": 1544, "is_stop_only": false }, "geometry": { "type": "Point", "coordinates": [ 586926.462258540093899, 4511300.347482702694833 ] } },
{ "type": "Feature", "properties": { "node_index": 1545, "is_stop_only": false }, "geometry": { "type": "Point", "coordinates": [ 587239.388174536870793, 4511878.068461050279438 ] } },
{ "type": "Feature", "properties": { "node_index": 1546, "is_stop_only": false }, "geometry": { "type": "Point", "coordinates": [ 585590.309836944681592, 4514864.164710493758321 ] } },
{ "type": "Feature", "properties": { "node_index": 1547, "is_stop_only": false }, "geometry": { "type": "Point", "coordinates": [ 587483.83520695369225, 4513280.896235182881355 ] } },
{ "type": "Feature", "properties": { "node_index": 1548, "is_stop_only": false }, "geometry": { "type": "Point", "coordinates": [ 583747.369064919650555, 4511033.297843487933278 ] } },
{ "type": "Feature", "properties": { "node_index": 1549, "is_stop_only": false }, "geometry": { "type": "Point", "coordinates": [ 587520.981765682576224, 4513273.31931433826685 ] } },
{ "type": "Feature", "properties": { "node_index": 1550, "is_stop_only": false }, "geometry": { "type": "Point", "coordinates": [ 587515.738040430820547, 4513263.465094328857958 ] } },
{ "type": "Feature", "properties": { "node_index": 1551, "is_stop_only": false }, "geometry": { "type": "Point", "coordinates": [ 586907.548698281869292, 4511275.889390580356121 ] } },
{ "type": "Feature", "properties": { "node_index": 1552, "is_stop_only": false }, "geometry": { "type": "Point", "coordinates": [ 589754.483863675850444, 4518801.313497924245894 ] } },
{ "type": "Feature", "properties": { "node_index": 1553, "is_stop_only": false }, "geometry": { "type": "Point", "coordinates": [ 585602.169819783535786, 4507113.70111520588398 ] } },
{ "type": "Feature", "properties": { "node_index": 1554, "is_stop_only": false }, "geometry": { "type": "Point", "coordinates": [ 586935.956080635078251, 4511304.377964516170323 ] } },
{ "type": "Feature", "properties": { "node_index": 1555, "is_stop_only": false }, "geometry": { "type": "Point", "coordinates": [ 584955.983829046133906, 4507700.480916703119874 ] } },
{ "type": "Feature", "properties": { "node_index": 1556, "is_stop_only": false }, "geometry": { "type": "Point", "coordinates": [ 586370.5637203612132, 4512526.218355448916554 ] } },
{ "type": "Feature", "properties": { "node_index": 1557, "is_stop_only": false }, "geometry": { "type": "Point", "coordinates": [ 586507.283203421276994, 4512452.44066346809268 ] } },
{ "type": "Feature", "properties": { "node_index": 1558, "is_stop_only": false }, "geometry": { "type": "Point", "coordinates": [ 587229.923923413502052, 4511883.075167641974986 ] } },
{ "type": "Feature", "properties": { "node_index": 1559, "is_stop_only": false }, "geometry": { "type": "Point", "coordinates": [ 586652.696630956721492, 4512373.982054160907865 ] } },
{ "type": "Feature", "properties": { "node_index": 1560, "is_stop_only": false }, "geometry": { "type": "Point", "coordinates": [ 586781.478091844241135, 4512304.490722140297294 ] } },
{ "type": "Feature", "properties": { "node_index": 1561, "is_stop_only": false }, "geometry": { "type": "Point", "coordinates": [ 586919.42936298251152, 4512230.05762895103544 ] } },
{ "type": "Feature", "properties": { "node_index": 1562, "is_stop_only": false }, "geometry": { "type": "Point", "coordinates": [ 587107.911405304912478, 4512128.376550305634737 ] } },
{ "type": "Feature", "properties": { "node_index": 1563, "is_stop_only": false }, "geometry": { "type": "Point", "coordinates": [ 587309.525231953593902, 4512018.97227574698627 ] } },
{ "type": "Feature", "properties": { "node_index": 1564, "is_stop_only": false }, "geometry": { "type": "Point", "coordinates": [ 587423.833245067624375, 4511957.925515837036073 ] } },
{ "type": "Feature", "properties": { "node_index": 1565, "is_stop_only": false }, "geometry": { "type": "Point", "coordinates": [ 587414.925822097109631, 4512699.786940474994481 ] } },
{ "type": "Feature", "properties": { "node_index": 1566, "is_stop_only": false }, "geometry": { "type": "Point", "coordinates": [ 587451.614052284392528, 4511943.26532113365829 ] } },
{ "type": "Feature", "properties": { "node_index": 1567, "is_stop_only": false }, "geometry": { "type": "Point", "coordinates": [ 585040.67081460787449, 4508475.435925696976483 ] } },
{ "type": "Feature", "properties": { "node_index": 1568, "is_stop_only": false }, "geometry": { "type": "Point", "coordinates": [ 585082.287893629050814, 4508629.244844754226506 ] } },
{ "type": "Feature", "properties": { "node_index": 1569, "is_stop_only": false }, "geometry": { "type": "Point", "coordinates": [ 590228.038914458709769, 4516525.679110034368932 ] } },
{ "type": "Feature", "properties": { "node_index": 1570, "is_stop_only": false }, "geometry": { "type": "Point", "coordinates": [ 587164.641130833653733, 4511722.589398154057562 ] } },
{ "type": "Feature", "properties": { "node_index": 1571, "is_stop_only": false }, "geometry": { "type": "Point", "coordinates": [ 591066.306380584836006, 4524200.339584197849035 ] } },
{ "type": "Feature", "properties": { "node_index": 1572, "is_stop_only": false }, "geometry": { "type": "Point", "coordinates": [ 591224.283294643857516, 4524114.979421089403331 ] } },
{ "type": "Feature", "properties": { "node_index": 1573, "is_stop_only": false }, "geometry": { "type": "Point", "coordinates": [ 587206.993992396863177, 4511794.075785895809531 ] } },
{ "type": "Feature", "properties": { "node_index": 1574, "is_stop_only": false }, "geometry": { "type": "Point", "coordinates": [ 587459.161426015547477, 4518474.201225504279137 ] } },
{ "type": "Feature", "properties": { "node_index": 1575, "is_stop_only": false }, "geometry": { "type": "Point", "coordinates": [ 590115.447260018088855, 4516492.3980992436409 ] } },
{ "type": "Feature", "properties": { "node_index": 1576, "is_stop_only": false }, "geometry": { "type": "Point", "coordinates": [ 591324.582185451989062, 4524061.039687355048954 ] } },
{ "type": "Feature", "properties": { "node_index": 1577, "is_stop_only": false }, "geometry": { "type": "Point", "coordinates": [ 583450.231298744678497, 4506931.103067838586867 ] } },
{ "type": "Feature", "properties": { "node_index": 1578, "is_stop_only": false }, "geometry": { "type": "Point", "coordinates": [ 587536.400972390896641, 4518433.814434190280735 ] } },
{ "type": "Feature", "properties": { "node_index": 1579, "is_stop_only": false }, "geometry": { "type": "Point", "coordinates": [ 590080.800969869596884, 4516414.192120166495442 ] } },
{ "type": "Feature", "properties": { "node_index": 1580, "is_stop_only": false }, "geometry": { "type": "Point", "coordinates": [ 584683.005801849300042, 4507501.9959337413311 ] } },
{ "type": "Feature", "properties": { "node_index": 1581, "is_stop_only": false }, "geometry": { "type": "Point", "coordinates": [ 588749.461754783173092, 4513717.958133555948734 ] } },
{ "type": "Feature", "properties": { "node_index": 1582, "is_stop_only": false }, "geometry": { "type": "Point", "coordinates": [ 583667.211708718794398, 4509224.492041300982237 ] } },
{ "type": "Feature", "properties": { "node_index": 1583, "is_stop_only": false }, "geometry": { "type": "Point", "coordinates": [ 588687.201501958770677, 4513612.339063140563667 ] } },
{ "type": "Feature", "properties": { "node_index": 1584, "is_stop_only": false }, "geometry": { "type": "Point", "coordinates": [ 583559.859560177312233, 4509236.40408087708056 ] } },
{ "type": "Feature", "properties": { "node_index": 1585, "is_stop_only": false }, "geometry": { "type": "Point", "coordinates": [ 584819.544119822792709, 4509070.908621264621615 ] } },
{ "type": "Feature", "properties": { "node_index": 1586, "is_stop_only": false }, "geometry": { "type": "Point", "coordinates": [ 584624.980409767478704, 4509193.351296591572464 ] } },
{ "type": "Feature", "properties": { "node_index": 1587, "is_stop_only": false }, "geometry": { "type": "Point", "coordinates": [ 587613.368605165160261, 4512127.454156058840454 ] } },
{ "type": "Feature", "properties": { "node_index": 1588, "is_stop_only": false }, "geometry": { "type": "Point", "coordinates": [ 587651.075868624029681, 4512196.423654516227543 ] } },
{ "type": "Feature", "properties": { "node_index": 1589, "is_stop_only": false }, "geometry": { "type": "Point", "coordinates": [ 587689.012061927584, 4512265.962299728766084 ] } },
{ "type": "Feature", "properties": { "node_index": 1590, "is_stop_only": false }, "geometry": { "type": "Point", "coordinates": [ 587094.092552586691454, 4517841.662673219107091 ] } },
{ "type": "Feature", "properties": { "node_index": 1591, "is_stop_only": false }, "geometry": { "type": "Point", "coordinates": [ 589340.248790246900171, 4520668.056546290405095 ] } },
{ "type": "Feature", "properties": { "node_index": 1592, "is_stop_only": false }, "geometry": { "type": "Point", "coordinates": [ 584813.368335501174442, 4513642.091528312303126 ] } },
{ "type": "Feature", "properties": { "node_index": 1593, "is_stop_only": false }, "geometry": { "type": "Point", "coordinates": [ 583677.968718049349263, 4509305.558784485794604 ] } },
{ "type": "Feature", "properties": { "node_index": 1594, "is_stop_only": false }, "geometry": { "type": "Point", "coordinates": [ 586612.011513195349835, 4514784.245635071769357 ] } },
{ "type": "Feature", "properties": { "node_index": 1595, "is_stop_only": false }, "geometry": { "type": "Point", "coordinates": [ 589861.199488277547061, 4519009.838520021177828 ] } },
{ "type": "Feature", "properties": { "node_index": 1596, "is_stop_only": false }, "geometry": { "type": "Point", "coordinates": [ 583038.134616437717341, 4506924.91430264338851 ] } },
{ "type": "Feature", "properties": { "node_index": 1597, "is_stop_only": false }, "geometry": { "type": "Point", "coordinates": [ 583055.478507713647559, 4506958.159155083820224 ] } },
{ "type": "Feature", "properties": { "node_index": 1598, "is_stop_only": false }, "geometry": { "type": "Point", "coordinates": [ 585213.146953448653221, 4507573.55792985111475 ] } },
{ "type": "Feature", "properties": { "node_index": 1599, "is_stop_only": false }, "geometry": { "type": "Point", "coordinates": [ 585259.874561490374617, 4507699.648768816143274 ] } },
{ "type": "Feature", "properties": { "node_index": 1600, "is_stop_only": false }, "geometry": { "type": "Point", "coordinates": [ 585310.035434148856439, 4507830.420145716518164 ] } },
{ "type": "Feature", "properties": { "node_index": 1601, "is_stop_only": false }, "geometry": { "type": "Point", "coordinates": [ 584976.670802275766619, 4509939.707707020454109 ] } },
{ "type": "Feature", "properties": { "node_index": 1602, "is_stop_only": false }, "geometry": { "type": "Point", "coordinates": [ 585291.682760978350416, 4509769.498945995233953 ] } },
{ "type": "Feature", "properties": { "node_index": 1603, "is_stop_only": false }, "geometry": { "type": "Point", "coordinates": [ 585522.661098007345572, 4509643.985465523786843 ] } },
{ "type": "Feature", "properties": { "node_index": 1604, "is_stop_only": false }, "geometry": { "type": "Point", "coordinates": [ 585713.09159771585837, 4509541.191440266557038 ] } },
{ "type": "Feature", "properties": { "node_index": 1605, "is_stop_only": false }, "geometry": { "type": "Point", "coordinates": [ 585915.677468094509095, 4509433.569251126609743 ] } },
{ "type": "Feature", "properties": { "node_index": 1606, "is_stop_only": false }, "geometry": { "type": "Point", "coordinates": [ 586499.914124583709054, 4509118.065611469559371 ] } },
{ "type": "Feature", "properties": { "node_index": 1607, "is_stop_only": false }, "geometry": { "type": "Point", "coordinates": [ 585290.001829441753216, 4507543.577239559963346 ] } },
{ "type": "Feature", "properties": { "node_index": 1608, "is_stop_only": false }, "geometry": { "type": "Point", "coordinates": [ 589016.734313514549285, 4521612.961708497256041 ] } },
{ "type": "Feature", "properties": { "node_index": 1609, "is_stop_only": false }, "geometry": { "type": "Point", "coordinates": [ 583759.420161915943027, 4508368.440960892476141 ] } },
{ "type": "Feature", "properties": { "node_index": 1610, "is_stop_only": false }, "geometry": { "type": "Point", "coordinates": [ 585148.76570158591494, 4507598.009382435120642 ] } },
{ "type": "Feature", "properties": { "node_index": 1611, "is_stop_only": false }, "geometry": { "type": "Point", "coordinates": [ 587275.616692381561734, 4516456.993899274617434 ] } },
{ "type": "Feature", "properties": { "node_index": 1612, "is_stop_only": false }, "geometry": { "type": "Point", "coordinates": [ 584946.496013892814517, 4507674.03804793022573 ] } },
{ "type": "Feature", "properties": { "node_index": 1613, "is_stop_only": false }, "geometry": { "type": "Point", "coordinates": [ 584716.390566001762636, 4507777.209681293927133 ] } },
{ "type": "Feature", "properties": { "node_index": 1614, "is_stop_only": false }, "geometry": { "type": "Point", "coordinates": [ 584518.198543042410165, 4507884.693103212863207 ] } },
{ "type": "Feature", "properties": { "node_index": 1615, "is_stop_only": false }, "geometry": { "type": "Point", "coordinates": [ 586222.90241999796126, 4514063.938085256144404 ] } },
{ "type": "Feature", "properties": { "node_index": 1616, "is_stop_only": false }, "geometry": { "type": "Point", "coordinates": [ 584414.128296276903711, 4507981.206478794105351 ] } },
{ "type": "Feature", "properties": { "node_index": 1617, "is_stop_only": false }, "geometry": { "type": "Point", "coordinates": [ 584238.528337177238427, 4508144.187211987562478 ] } },
{ "type": "Feature", "properties": { "node_index": 1618, "is_stop_only": false }, "geometry": { "type": "Point", "coordinates": [ 587343.994205498835072, 4516146.90139542799443 ] } },
{ "type": "Feature", "properties": { "node_index": 1619, "is_stop_only": false }, "geometry": { "type": "Point", "coordinates": [ 584182.130050159757957, 4508196.115286096930504 ] } },
{ "type": "Feature", "properties": { "node_index": 1620, "is_stop_only": false }, "geometry": { "type": "Point", "coordinates": [ 585451.510760286240838, 4514117.499604721553624 ] } },
{ "type": "Feature", "properties": { "node_index": 1621, "is_stop_only": false }, "geometry": { "type": "Point", "coordinates": [ 584162.172810443793423, 4508214.484799569472671 ] } },
{ "type": "Feature", "properties": { "node_index": 1622, "is_stop_only": false }, "geometry": { "type": "Point", "coordinates": [ 584065.366828885977156, 4508303.613602093420923 ] } },
{ "type": "Feature", "properties": { "node_index": 1623, "is_stop_only": false }, "geometry": { "type": "Point", "coordinates": [ 584895.706960659357719, 4507696.415789821185172 ] } },
{ "type": "Feature", "properties": { "node_index": 1624, "is_stop_only": false }, "geometry": { "type": "Point", "coordinates": [ 584881.858595118974335, 4507703.318257965147495 ] } },
{ "type": "Feature", "properties": { "node_index": 1625, "is_stop_only": false }, "geometry": { "type": "Point", "coordinates": [ 583921.005366191617213, 4508434.082414230331779 ] } },
{ "type": "Feature", "properties": { "node_index": 1626, "is_stop_only": false }, "geometry": { "type": "Point", "coordinates": [ 583718.946952074766159, 4508626.296058767475188 ] } },
{ "type": "Feature", "properties": { "node_index": 1627, "is_stop_only": false }, "geometry": { "type": "Point", "coordinates": [ 583598.200164329493418, 4508734.722352869808674 ] } },
{ "type": "Feature", "properties": { "node_index": 1628, "is_stop_only": false }, "geometry": { "type": "Point", "coordinates": [ 583526.686854666564614, 4508790.126318071037531 ] } },
{ "type": "Feature", "properties": { "node_index": 1629, "is_stop_only": false }, "geometry": { "type": "Point", "coordinates": [ 583600.039966737967916, 4508708.631004641763866 ] } },
{ "type": "Feature", "properties": { "node_index": 1630, "is_stop_only": false }, "geometry": { "type": "Point", "coordinates": [ 585917.175188988447189, 4511040.430022327229381 ] } },
{ "type": "Feature", "properties": { "node_index": 1631, "is_stop_only": false }, "geometry": { "type": "Point", "coordinates": [ 585324.157842637388967, 4509942.344834887422621 ] } },
{ "type": "Feature", "properties": { "node_index": 1632, "is_stop_only": false }, "geometry": { "type": "Point", "coordinates": [ 585395.490543955471367, 4510072.972862301394343 ] } },
{ "type": "Feature", "properties": { "node_index": 1633, "is_stop_only": false }, "geometry": { "type": "Point", "coordinates": [ 585465.876010934123769, 4510203.501931507140398 ] } },
{ "type": "Feature", "properties": { "node_index": 1634, "is_stop_only": false }, "geometry": { "type": "Point", "coordinates": [ 585618.437081003328785, 4510486.403331325389445 ] } },
{ "type": "Feature", "properties": { "node_index": 1635, "is_stop_only": false }, "geometry": { "type": "Point", "coordinates": [ 585767.481034347089007, 4510762.817228943109512 ] } },
{ "type": "Feature", "properties": { "node_index": 1636, "is_stop_only": false }, "geometry": { "type": "Point", "coordinates": [ 585730.338926103315316, 4510693.931302014738321 ] } },
{ "type": "Feature", "properties": { "node_index": 1637, "is_stop_only": false }, "geometry": { "type": "Point", "coordinates": [ 585693.055528156110086, 4510624.788603258319199 ] } },
{ "type": "Feature", "properties": { "node_index": 1638, "is_stop_only": false }, "geometry": { "type": "Point", "coordinates": [ 585841.796377171529457, 4510900.634489424526691 ] } },
{ "type": "Feature", "properties": { "node_index": 1639, "is_stop_only": false }, "geometry": { "type": "Point", "coordinates": [ 590472.402505088364705, 4524590.242425580509007 ] } },
{ "type": "Feature", "properties": { "node_index": 1640, "is_stop_only": false }, "geometry": { "type": "Point", "coordinates": [ 585283.743043014546856, 4509872.380185885354877 ] } },
{ "type": "Feature", "properties": { "node_index": 1641, "is_stop_only": false }, "geometry": { "type": "Point", "coordinates": [ 585359.688894593156874, 4510006.602486555464566 ] } },
{ "type": "Feature", "properties": { "node_index": 1642, "is_stop_only": false }, "geometry": { "type": "Point", "coordinates": [ 585430.596601542783901, 4510138.091974321752787 ] } },
{ "type": "Feature", "properties": { "node_index": 1643, "is_stop_only": false }, "geometry": { "type": "Point", "coordinates": [ 585500.799266835441813, 4510268.252943057566881 ] } },
{ "type": "Feature", "properties": { "node_index": 1644, "is_stop_only": false }, "geometry": { "type": "Point", "coordinates": [ 585538.317771617905237, 4510337.830236988142133 ] } },
{ "type": "Feature", "properties": { "node_index": 1645, "is_stop_only": false }, "geometry": { "type": "Point", "coordinates": [ 585578.720737393479794, 4510412.770102696493268 ] } },
{ "type": "Feature", "properties": { "node_index": 1646, "is_stop_only": false }, "geometry": { "type": "Point", "coordinates": [ 585655.349796100403182, 4510554.86408385168761 ] } },
{ "type": "Feature", "properties": { "node_index": 1647, "is_stop_only": false }, "geometry": { "type": "Point", "coordinates": [ 585804.837575620505959, 4510832.08332606498152 ] } },
{ "type": "Feature", "properties": { "node_index": 1648, "is_stop_only": false }, "geometry": { "type": "Point", "coordinates": [ 585879.16786040191073, 4510969.9455960188061 ] } },
{ "type": "Feature", "properties": { "node_index": 1649, "is_stop_only": false }, "geometry": { "type": "Point", "coordinates": [ 584210.114012260921299, 4506784.414791684597731 ] } },
{ "type": "Feature", "properties": { "node_index": 1650, "is_stop_only": false }, "geometry": { "type": "Point", "coordinates": [ 589779.91985323606059, 4520385.91963929310441 ] } },
{ "type": "Feature", "properties": { "node_index": 1651, "is_stop_only": false }, "geometry": { "type": "Point", "coordinates": [ 583562.606476870714687, 4508392.266265958547592 ] } },
{ "type": "Feature", "properties": { "node_index": 1652, "is_stop_only": false }, "geometry": { "type": "Point", "coordinates": [ 583472.129719675518572, 4508403.215417737141252 ] } },
{ "type": "Feature", "properties": { "node_index": 1653, "is_stop_only": false }, "geometry": { "type": "Point", "coordinates": [ 584062.401853191433474, 4507003.559966870583594 ] } },
{ "type": "Feature", "properties": { "node_index": 1654, "is_stop_only": false }, "geometry": { "type": "Point", "coordinates": [ 585680.29511335096322, 4513635.752638678066432 ] } },
{ "type": "Feature", "properties": { "node_index": 1655, "is_stop_only": false }, "geometry": { "type": "Point", "coordinates": [ 585437.35496767971199, 4513762.919242175295949 ] } },
{ "type": "Feature", "properties": { "node_index": 1656, "is_stop_only": false }, "geometry": { "type": "Point", "coordinates": [ 589743.084730467526242, 4520492.733763502910733 ] } },
{ "type": "Feature", "properties": { "node_index": 1657, "is_stop_only": false }, "geometry": { "type": "Point", "coordinates": [ 584805.29488222009968, 4508746.052739290520549 ] } },
{ "type": "Feature", "properties": { "node_index": 1658, "is_stop_only": false }, "geometry": { "type": "Point", "coordinates": [ 584122.188625149661675, 4510021.676166390068829 ] } },
{ "type": "Feature", "properties": { "node_index": 1659, "is_stop_only": false }, "geometry": { "type": "Point", "coordinates": [ 585006.366014308528975, 4508662.879608272574842 ] } },
{ "type": "Feature", "properties": { "node_index": 1660, "is_stop_only": false }, "geometry": { "type": "Point", "coordinates": [ 583733.85625070752576, 4509945.326552012003958 ] } },
{ "type": "Feature", "properties": { "node_index": 1661, "is_stop_only": false }, "geometry": { "type": "Point", "coordinates": [ 583599.272205150919035, 4509919.7159599997103 ] } },
{ "type": "Feature", "properties": { "node_index": 1662, "is_stop_only": false }, "geometry": { "type": "Point", "coordinates": [ 586521.702993142302148, 4512805.761071596294641 ] } },
{ "type": "Feature", "properties": { "node_index": 1663, "is_stop_only": false }, "geometry": { "type": "Point", "coordinates": [ 585523.193219033651985, 4513342.946584023535252 ] } },
{ "type": "Feature", "properties": { "node_index": 1664, "is_stop_only": false }, "geometry": { "type": "Point", "coordinates": [ 589689.710704196826555, 4520484.469274119473994 ] } },
{ "type": "Feature", "properties": { "node_index": 1665, "is_stop_only": false }, "geometry": { "type": "Point", "coordinates": [ 585282.81476648140233, 4513475.055157110095024 ] } },
{ "type": "Feature", "properties": { "node_index": 1666, "is_stop_only": false }, "geometry": { "type": "Point", "coordinates": [ 584833.722624703194015, 4513711.746873210184276 ] } },
{ "type": "Feature", "properties": { "node_index": 1667, "is_stop_only": false }, "geometry": { "type": "Point", "coordinates": [ 583471.464536485844292, 4507367.885443115606904 ] } },
{ "type": "Feature", "properties": { "node_index": 1668, "is_stop_only": false }, "geometry": { "type": "Point", "coordinates": [ 583741.243105952162296, 4508219.556684971787035 ] } },
{ "type": "Feature", "properties": { "node_index": 1669, "is_stop_only": false }, "geometry": { "type": "Point", "coordinates": [ 590131.262777468771674, 4524481.036462146788836 ] } },
{ "type": "Feature", "properties": { "node_index": 1670, "is_stop_only": false }, "geometry": { "type": "Point", "coordinates": [ 583782.634764779824764, 4508565.543080734089017 ] } },
{ "type": "Feature", "properties": { "node_index": 1671, "is_stop_only": false }, "geometry": { "type": "Point", "coordinates": [ 590183.873876190977171, 4524427.254202324897051 ] } },
{ "type": "Feature", "properties": { "node_index": 1672, "is_stop_only": false }, "geometry": { "type": "Point", "coordinates": [ 590305.032401309348643, 4524394.462163468822837 ] } },
{ "type": "Feature", "properties": { "node_index": 1673, "is_stop_only": false }, "geometry": { "type": "Point", "coordinates": [ 586560.903990503866225, 4508046.194276377558708 ] } },
{ "type": "Feature", "properties": { "node_index": 1674, "is_stop_only": false }, "geometry": { "type": "Point", "coordinates": [ 586418.40442373091355, 4507580.361771576106548 ] } },
{ "type": "Feature", "properties": { "node_index": 1675, "is_stop_only": false }, "geometry": { "type": "Point", "coordinates": [ 585419.066046147723682, 4508483.126341391354799 ] } },
{ "type": "Feature", "properties": { "node_index": 1676, "is_stop_only": false }, "geometry": { "type": "Point", "coordinates": [ 583976.064724566764198, 4510233.690678508020937 ] } },
{ "type": "Feature", "properties": { "node_index": 1677, "is_stop_only": false }, "geometry": { "type": "Point", "coordinates": [ 583961.487029795651324, 4510098.967852475121617 ] } },
{ "type": "Feature", "properties": { "node_index": 1678, "is_stop_only": false }, "geometry": { "type": "Point", "coordinates": [ 584155.425165817141533, 4509876.815461286343634 ] } },
{ "type": "Feature", "properties": { "node_index": 1679, "is_stop_only": false }, "geometry": { "type": "Point", "coordinates": [ 583726.294562722323462, 4509788.623756256885827 ] } },
{ "type": "Feature", "properties": { "node_index": 1680, "is_stop_only": false }, "geometry": { "type": "Point", "coordinates": [ 587846.717662713723257, 4512559.100208753719926 ] } },
{ "type": "Feature", "properties": { "node_index": 1681, "is_stop_only": false }, "geometry": { "type": "Point", "coordinates": [ 587742.323197132209316, 4519327.891579858027399 ] } },
{ "type": "Feature", "properties": { "node_index": 1682, "is_stop_only": false }, "geometry": { "type": "Point", "coordinates": [ 585958.005539528327063, 4513530.94653903786093 ] } },
{ "type": "Feature", "properties": { "node_index": 1683, "is_stop_only": false }, "geometry": { "type": "Point", "coordinates": [ 590286.486169910058379, 4516680.561486848630011 ] } },
{ "type": "Feature", "properties": { "node_index": 1684, "is_stop_only": false }, "geometry": { "type": "Point", "coordinates": [ 587661.930374832474627, 4518838.31972262263298 ] } },
{ "type": "Feature", "properties": { "node_index": 1685, "is_stop_only": false }, "geometry": { "type": "Point", "coordinates": [ 585965.565102759748697, 4513505.798868030309677 ] } },
{ "type": "Feature", "properties": { "node_index": 1686, "is_stop_only": false }, "geometry": { "type": "Point", "coordinates": [ 589780.722484844387509, 4520057.516319723799825 ] } },
{ "type": "Feature", "properties": { "node_index": 1687, "is_stop_only": false }, "geometry": { "type": "Point", "coordinates": [ 587915.499274152098224, 4519600.693790973164141 ] } },
{ "type": "Feature", "properties": { "node_index": 1688, "is_stop_only": false }, "geometry": { "type": "Point", "coordinates": [ 585998.78087726875674, 4513469.391691518947482 ] } },
{ "type": "Feature", "properties": { "node_index": 1689, "is_stop_only": false }, "geometry": { "type": "Point", "coordinates": [ 587693.11500558280386, 4519265.522503790445626 ] } },
{ "type": "Feature", "properties": { "node_index": 1690, "is_stop_only": false }, "geometry": { "type": "Point", "coordinates": [ 587617.988042111159302, 4519151.109164971858263 ] } },
{ "type": "Feature", "properties": { "node_index": 1691, "is_stop_only": false }, "geometry": { "type": "Point", "coordinates": [ 587555.462052417453378, 4519074.982754718512297 ] } },
{ "type": "Feature", "properties": { "node_index": 1692, "is_stop_only": false }, "geometry": { "type": "Point", "coordinates": [ 587542.204764344147407, 4518613.298159022815526 ] } },
{ "type": "Feature", "properties": { "node_index": 1693, "is_stop_only": false }, "geometry": { "type": "Point", "coordinates": [ 586484.775562426890247, 4512103.999901985749602 ] } },
{ "type": "Feature", "properties": { "node_index": 1694, "is_stop_only": false }, "geometry": { "type": "Point", "coordinates": [ 591170.275195219204761, 4524848.554017109796405 ] } },
{ "type": "Feature", "properties": { "node_index": 1695, "is_stop_only": false }, "geometry": { "type": "Point", "coordinates": [ 587522.252072837087326, 4518595.78654605243355 ] } },
{ "type": "Feature", "properties": { "node_index": 1696, "is_stop_only": false }, "geometry": { "type": "Point", "coordinates": [ 583730.334450340946205, 4509871.33564908336848 ] } },
{ "type": "Feature", "properties": { "node_index": 1697, "is_stop_only": false }, "geometry": { "type": "Point", "coordinates": [ 587438.214345565997064, 4518438.014947582036257 ] } },
{ "type": "Feature", "properties": { "node_index": 1698, "is_stop_only": false }, "geometry": { "type": "Point", "coordinates": [ 587529.523136007133871, 4518622.86260440852493 ] } },
{ "type": "Feature", "properties": { "node_index": 1699, "is_stop_only": false }, "geometry": { "type": "Point", "coordinates": [ 583162.245517944917083, 4506775.905138312838972 ] } },
{ "type": "Feature", "properties": { "node_index": 1700, "is_stop_only": false }, "geometry": { "type": "Point", "coordinates": [ 584058.509797526872717, 4508696.927443969063461 ] } },
{ "type": "Feature", "properties": { "node_index": 1701, "is_stop_only": false }, "geometry": { "type": "Point", "coordinates": [ 589781.787432239158079, 4517869.179049352183938 ] } },
{ "type": "Feature", "properties": { "node_index": 1702, "is_stop_only": false }, "geometry": { "type": "Point", "coordinates": [ 587244.247633969993331, 4511889.128049698658288 ] } },
{ "type": "Feature", "properties": { "node_index": 1703, "is_stop_only": false }, "geometry": { "type": "Point", "coordinates": [ 587607.398844370385632, 4518849.697144599631429 ] } },
{ "type": "Feature", "properties": { "node_index": 1704, "is_stop_only": false }, "geometry": { "type": "Point", "coordinates": [ 584847.106161347939633, 4512341.643863237462938 ] } },
{ "type": "Feature", "properties": { "node_index": 1705, "is_stop_only": false }, "geometry": { "type": "Point", "coordinates": [ 587605.694602864095941, 4518941.538392061367631 ] } },
{ "type": "Feature", "properties": { "node_index": 1706, "is_stop_only": false }, "geometry": { "type": "Point", "coordinates": [ 587540.557856736937538, 4518874.87381327431649 ] } },
{ "type": "Feature", "properties": { "node_index": 1707, "is_stop_only": false }, "geometry": { "type": "Point", "coordinates": [ 588686.740894351853058, 4521300.341757738031447 ] } },
{ "type": "Feature", "properties": { "node_index": 1708, "is_stop_only": false }, "geometry": { "type": "Point", "coordinates": [ 586918.533069114084356, 4515357.699132515117526 ] } },
{ "type": "Feature", "properties": { "node_index": 1709, "is_stop_only": false }, "geometry": { "type": "Point", "coordinates": [ 584746.744762154296041, 4512082.702146315947175 ] } },
{ "type": "Feature", "properties": { "node_index": 1710, "is_stop_only": false }, "geometry": { "type": "Point", "coordinates": [ 584716.614626522408798, 4512056.034232745878398 ] } },
{ "type": "Feature", "properties": { "node_index": 1711, "is_stop_only": false }, "geometry": { "type": "Point", "coordinates": [ 583950.676119725685567, 4508640.20654899999499 ] } },
{ "type": "Feature", "properties": { "node_index": 1712, "is_stop_only": false }, "geometry": { "type": "Point", "coordinates": [ 587381.94767825352028, 4518463.951033076271415 ] } },
{ "type": "Feature", "properties": { "node_index": 1713, "is_stop_only": false }, "geometry": { "type": "Point", "coordinates": [ 587128.205523579614237, 4517914.163444993086159 ] } },
{ "type": "Feature", "properties": { "node_index": 1714, "is_stop_only": false }, "geometry": { "type": "Point", "coordinates": [ 587038.199375579948537, 4517701.580858369357884 ] } },
{ "type": "Feature", "properties": { "node_index": 1715, "is_stop_only": false }, "geometry": { "type": "Point", "coordinates": [ 588386.703026855480857, 4515585.157882790081203 ] } },
{ "type": "Feature", "properties": { "node_index": 1716, "is_stop_only": false }, "geometry": { "type": "Point", "coordinates": [ 586937.750018327264115, 4517471.945687568746507 ] } },
{ "type": "Feature", "properties": { "node_index": 1717, "is_stop_only": false }, "geometry": { "type": "Point", "coordinates": [ 586779.53410685248673, 4517183.5687475502491 ] } },
{ "type": "Feature", "properties": { "node_index": 1718, "is_stop_only": false }, "geometry": { "type": "Point", "coordinates": [ 584348.163581623928621, 4506721.124462031759322 ] } },
{ "type": "Feature", "properties": { "node_index": 1719, "is_stop_only": false }, "geometry": { "type": "Point", "coordinates": [ 584708.240060499985702, 4512089.222807851620018 ] } },
{ "type": "Feature", "properties": { "node_index": 1720, "is_stop_only": false }, "geometry": { "type": "Point", "coordinates": [ 586755.059781190240756, 4517136.041086262091994 ] } },
{ "type": "Feature", "properties": { "node_index": 1721, "is_stop_only": false }, "geometry": { "type": "Point", "coordinates": [ 585740.655355724389665, 4507912.323035246692598 ] } },
{ "type": "Feature", "properties": { "node_index": 1722, "is_stop_only": false }, "geometry": { "type": "Point", "coordinates": [ 587107.981777092441916, 4518240.191025744192302 ] } },
{ "type": "Feature", "properties": { "node_index": 1723, "is_stop_only": false }, "geometry": { "type": "Point", "coordinates": [ 584188.244217277388088, 4509735.358513974584639 ] } },
{ "type": "Feature", "properties": { "node_index": 1724, "is_stop_only": false }, "geometry": { "type": "Point", "coordinates": [ 584566.769367686356418, 4512418.318159425631166 ] } },
{ "type": "Feature", "properties": { "node_index": 1725, "is_stop_only": false }, "geometry": { "type": "Point", "coordinates": [ 583717.823195434757508, 4509635.407904719933867 ] } },
{ "type": "Feature", "properties": { "node_index": 1726, "is_stop_only": false }, "geometry": { "type": "Point", "coordinates": [ 586529.689689667080529, 4516684.39993061684072 ] } },
{ "type": "Feature", "properties": { "node_index": 1727, "is_stop_only": false }, "geometry": { "type": "Point", "coordinates": [ 586737.431247105589136, 4513605.71722024679184 ] } },
{ "type": "Feature", "properties": { "node_index": 1728, "is_stop_only": false }, "geometry": { "type": "Point", "coordinates": [ 589244.7244315528078, 4522797.246665137819946 ] } },
{ "type": "Feature", "properties": { "node_index": 1729, "is_stop_only": false }, "geometry": { "type": "Point", "coordinates": [ 583483.897761298227124, 4507436.36956780962646 ] } },
{ "type": "Feature", "properties": { "node_index": 1730, "is_stop_only": false }, "geometry": { "type": "Point", "coordinates": [ 585814.98837858857587, 4514461.810970061458647 ] } },
{ "type": "Feature", "properties": { "node_index": 1731, "is_stop_only": false }, "geometry": { "type": "Point", "coordinates": [ 585077.174273425131105, 4507479.982938772067428 ] } },
{ "type": "Feature", "properties": { "node_index": 1732, "is_stop_only": false }, "geometry": { "type": "Point", "coordinates": [ 586502.537569918204099, 4512094.69266193266958 ] } },
{ "type": "Feature", "properties": { "node_index": 1733, "is_stop_only": false }, "geometry": { "type": "Point", "coordinates": [ 586464.700615773908794, 4512024.317826915532351 ] } },
{ "type": "Feature", "properties": { "node_index": 1734, "is_stop_only": false }, "geometry": { "type": "Point", "coordinates": [ 587624.307160797063261, 4519032.865512617863715 ] } },
{ "type": "Feature", "properties": { "node_index": 1735, "is_stop_only": false }, "geometry": { "type": "Point", "coordinates": [ 586327.792932342854328, 4507694.480663127265871 ] } },
{ "type": "Feature", "properties": { "node_index": 1736, "is_stop_only": false }, "geometry": { "type": "Point", "coordinates": [ 587902.993390988674946, 4519492.76247333176434 ] } },
{ "type": "Feature", "properties": { "node_index": 1737, "is_stop_only": false }, "geometry": { "type": "Point", "coordinates": [ 588332.983389624976553, 4516163.961708302609622 ] } },
{ "type": "Feature", "properties": { "node_index": 1738, "is_stop_only": false }, "geometry": { "type": "Point", "coordinates": [ 586362.364899731590413, 4516397.158989357762039 ] } },
{ "type": "Feature", "properties": { "node_index": 1739, "is_stop_only": false }, "geometry": { "type": "Point", "coordinates": [ 586340.6659462103853, 4516318.856352613307536 ] } },
{ "type": "Feature", "properties": { "node_index": 1740, "is_stop_only": false }, "geometry": { "type": "Point", "coordinates": [ 586298.4178203237243, 4516250.905678385868669 ] } },
{ "type": "Feature", "properties": { "node_index": 1741, "is_stop_only": false }, "geometry": { "type": "Point", "coordinates": [ 586704.667655915836804, 4510287.21173345670104 ] } },
{ "type": "Feature", "properties": { "node_index": 1742, "is_stop_only": false }, "geometry": { "type": "Point", "coordinates": [ 585778.607622381299734, 4510118.785455920733511 ] } },
{ "type": "Feature", "properties": { "node_index": 1743, "is_stop_only": false }, "geometry": { "type": "Point", "coordinates": [ 586736.560689926263876, 4510407.910898469388485 ] } },
{ "type": "Feature", "properties": { "node_index": 1744, "is_stop_only": false }, "geometry": { "type": "Point", "coordinates": [ 585978.833754622843117, 4514196.302913214080036 ] } },
{ "type": "Feature", "properties": { "node_index": 1745, "is_stop_only": false }, "geometry": { "type": "Point", "coordinates": [ 586024.849183921702206, 4515938.753382908180356 ] } },
{ "type": "Feature", "properties": { "node_index": 1746, "is_stop_only": false }, "geometry": { "type": "Point", "coordinates": [ 589706.870343725662678, 4519966.433486220426857 ] } },
{ "type": "Feature", "properties": { "node_index": 1747, "is_stop_only": false }, "geometry": { "type": "Point", "coordinates": [ 585984.362422394915484, 4515862.565047509968281 ] } },
{ "type": "Feature", "properties": { "node_index": 1748, "is_stop_only": false }, "geometry": { "type": "Point", "coordinates": [ 589731.725217364379205, 4519993.459064330905676 ] } },
{ "type": "Feature", "properties": { "node_index": 1749, "is_stop_only": false }, "geometry": { "type": "Point", "coordinates": [ 585701.496209155186079, 4515458.246373223140836 ] } },
{ "type": "Feature", "properties": { "node_index": 1750, "is_stop_only": false }, "geometry": { "type": "Point", "coordinates": [ 585938.679933522827923, 4515520.916224237531424 ] } },
{ "type": "Feature", "properties": { "node_index": 1751, "is_stop_only": false }, "geometry": { "type": "Point", "coordinates": [ 587386.97562288469635, 4516226.324577026069164 ] } },
{ "type": "Feature", "properties": { "node_index": 1752, "is_stop_only": false }, "geometry": { "type": "Point", "coordinates": [ 587732.758277119952254, 4519332.89625468570739 ] } },
{ "type": "Feature", "properties": { "node_index": 1753, "is_stop_only": false }, "geometry": { "type": "Point", "coordinates": [ 585637.854392438195646, 4515029.228145875036716 ] } },
{ "type": "Feature", "properties": { "node_index": 1754, "is_stop_only": false }, "geometry": { "type": "Point", "coordinates": [ 585687.796797169139609, 4515185.249190625734627 ] } },
{ "type": "Feature", "properties": { "node_index": 1755, "is_stop_only": false }, "geometry": { "type": "Point", "coordinates": [ 585661.840368720935658, 4515107.077329378575087 ] } },
{ "type": "Feature", "properties": { "node_index": 1756, "is_stop_only": false }, "geometry": { "type": "Point", "coordinates": [ 589084.268036131281406, 4514931.796720154583454 ] } },
{ "type": "Feature", "properties": { "node_index": 1757, "is_stop_only": false }, "geometry": { "type": "Point", "coordinates": [ 588806.396612012642436, 4521314.069946410134435 ] } },
{ "type": "Feature", "properties": { "node_index": 1758, "is_stop_only": false }, "geometry": { "type": "Point", "coordinates": [ 588896.181674001738429, 4520993.898686880245805 ] } },
{ "type": "Feature", "properties": { "node_index": 1759, "is_stop_only": false }, "geometry": { "type": "Point", "coordinates": [ 588871.825777963385917, 4521370.480545421130955 ] } },
{ "type": "Feature", "properties": { "node_index": 1760, "is_stop_only": false }, "geometry": { "type": "Point", "coordinates": [ 588897.315123408101499, 4521445.507262801751494 ] } },
{ "type": "Feature", "properties": { "node_index": 1761, "is_stop_only": false }, "geometry": { "type": "Point", "coordinates": [ 588964.950419831555337, 4516654.123859457671642 ] } },
{ "type": "Feature", "properties": { "node_index": 1762, "is_stop_only": false }, "geometry": { "type": "Point", "coordinates": [ 586387.541775364428759, 4516562.700026837177575 ] } },
{ "type": "Feature", "properties": { "node_index": 1763, "is_stop_only": false }, "geometry": { "type": "Point", "coordinates": [ 584709.579233424621634, 4507500.778332761488855 ] } },
{ "type": "Feature", "properties": { "node_index": 1764, "is_stop_only": false }, "geometry": { "type": "Point", "coordinates": [ 589886.620522182900459, 4524099.31977563817054 ] } },
{ "type": "Feature", "properties": { "node_index": 1765, "is_stop_only": false }, "geometry": { "type": "Point", "coordinates": [ 588559.820856121834368, 4520443.560166129842401 ] } },
{ "type": "Feature", "properties": { "node_index": 1766, "is_stop_only": false }, "geometry": { "type": "Point", "coordinates": [ 588577.921342250076123, 4520523.49304594937712 ] } },
{ "type": "Feature", "properties": { "node_index": 1767, "is_stop_only": false }, "geometry": { "type": "Point", "coordinates": [ 588594.315090839052573, 4520605.070898027159274 ] } },
{ "type": "Feature", "properties": { "node_index": 1768, "is_stop_only": false }, "geometry": { "type": "Point", "coordinates": [ 589810.923576820758171, 4520252.455320285633206 ] } },
{ "type": "Feature", "properties": { "node_index": 1769, "is_stop_only": false }, "geometry": { "type": "Point", "coordinates": [ 588554.364498165203258, 4520715.838904874399304 ] } },
{ "type": "Feature", "properties": { "node_index": 1770, "is_stop_only": false }, "geometry": { "type": "Point", "coordinates": [ 589864.651290832669474, 4518839.001626442186534 ] } },
{ "type": "Feature", "properties": { "node_index": 1771, "is_stop_only": false }, "geometry": { "type": "Point", "coordinates": [ 588604.478518545860425, 4520900.219456965103745 ] } },
{ "type": "Feature", "properties": { "node_index": 1772, "is_stop_only": false }, "geometry": { "type": "Point", "coordinates": [ 587452.849303336930461, 4511844.347386098466814 ] } },
{ "type": "Feature", "properties": { "node_index": 1773, "is_stop_only": false }, "geometry": { "type": "Point", "coordinates": [ 585186.191412601736374, 4514082.489556805230677 ] } },
{ "type": "Feature", "properties": { "node_index": 1774, "is_stop_only": false }, "geometry": { "type": "Point", "coordinates": [ 589872.603131685173139, 4518769.818599806167185 ] } },
{ "type": "Feature", "properties": { "node_index": 1775, "is_stop_only": false }, "geometry": { "type": "Point", "coordinates": [ 584709.586218711687252, 4508589.640134633518755 ] } },
{ "type": "Feature", "properties": { "node_index": 1776, "is_stop_only": false }, "geometry": { "type": "Point", "coordinates": [ 590616.361127621727064, 4523953.251567509956658 ] } },
{ "type": "Feature", "properties": { "node_index": 1777, "is_stop_only": false }, "geometry": { "type": "Point", "coordinates": [ 590671.166422645095736, 4523975.319506376981735 ] } },
{ "type": "Feature", "properties": { "node_index": 1778, "is_stop_only": false }, "geometry": { "type": "Point", "coordinates": [ 586597.287097976077348, 4516828.011538085527718 ] } },
{ "type": "Feature", "properties": { "node_index": 1779, "is_stop_only": false }, "geometry": { "type": "Point", "coordinates": [ 590644.465751989861019, 4523966.842163252644241 ] } },
{ "type": "Feature", "properties": { "node_index": 1780, "is_stop_only": false }, "geometry": { "type": "Point", "coordinates": [ 586673.835535864927806, 4516968.564586726017296 ] } },
{ "type": "Feature", "properties": { "node_index": 1781, "is_stop_only": false }, "geometry": { "type": "Point", "coordinates": [ 584398.585052801645361, 4506911.232432948425412 ] } },
{ "type": "Feature", "properties": { "node_index": 1782, "is_stop_only": false }, "geometry": { "type": "Point", "coordinates": [ 590558.682832692051306, 4523919.368892324157059 ] } },
{ "type": "Feature", "properties": { "node_index": 1783, "is_stop_only": false }, "geometry": { "type": "Point", "coordinates": [ 590629.360238751163706, 4523927.064625264145434 ] } },
{ "type": "Feature", "properties": { "node_index": 1784, "is_stop_only": false }, "geometry": { "type": "Point", "coordinates": [ 586724.667597008403391, 4517031.233695673756301 ] } },
{ "type": "Feature", "properties": { "node_index": 1785, "is_stop_only": false }, "geometry": { "type": "Point", "coordinates": [ 590589.928441250696778, 4523929.111892661079764 ] } },
{ "type": "Feature", "properties": { "node_index": 1786, "is_stop_only": false }, "geometry": { "type": "Point", "coordinates": [ 586762.990419970243238, 4517101.516972216777503 ] } },
{ "type": "Feature", "properties": { "node_index": 1787, "is_stop_only": false }, "geometry": { "type": "Point", "coordinates": [ 590677.391475776676089, 4523966.735929846763611 ] } },
{ "type": "Feature", "properties": { "node_index": 1788, "is_stop_only": false }, "geometry": { "type": "Point", "coordinates": [ 590811.944976851576939, 4524036.061079838313162 ] } },
{ "type": "Feature", "properties": { "node_index": 1789, "is_stop_only": false }, "geometry": { "type": "Point", "coordinates": [ 586799.994585647480562, 4517171.951534075662494 ] } },
{ "type": "Feature", "properties": { "node_index": 1790, "is_stop_only": false }, "geometry": { "type": "Point", "coordinates": [ 586956.079882259713486, 4517462.113554265350103 ] } },
{ "type": "Feature", "properties": { "node_index": 1791, "is_stop_only": false }, "geometry": { "type": "Point", "coordinates": [ 590648.514082716661505, 4523957.732208783738315 ] } },
{ "type": "Feature", "properties": { "node_index": 1792, "is_stop_only": false }, "geometry": { "type": "Point", "coordinates": [ 586995.229859623126686, 4517534.128798297606409 ] } },
{ "type": "Feature", "properties": { "node_index": 1793, "is_stop_only": false }, "geometry": { "type": "Point", "coordinates": [ 590970.252446085913107, 4524114.68580283690244 ] } },
{ "type": "Feature", "properties": { "node_index": 1794, "is_stop_only": false }, "geometry": { "type": "Point", "coordinates": [ 590186.371748062432744, 4517391.465516899712384 ] } },
{ "type": "Feature", "properties": { "node_index": 1795, "is_stop_only": false }, "geometry": { "type": "Point", "coordinates": [ 587048.058711860561743, 4517592.149758282117546 ] } },
{ "type": "Feature", "properties": { "node_index": 1796, "is_stop_only": false }, "geometry": { "type": "Point", "coordinates": [ 584947.442661670036614, 4508463.909270895645022 ] } },
{ "type": "Feature", "properties": { "node_index": 1797, "is_stop_only": false }, "geometry": { "type": "Point", "coordinates": [ 587071.541083683259785, 4517673.473579027689993 ] } },
{ "type": "Feature", "properties": { "node_index": 1798, "is_stop_only": false }, "geometry": { "type": "Point", "coordinates": [ 587971.678822495043278, 4519488.716885909438133 ] } },
{ "type": "Feature", "properties": { "node_index": 1799, "is_stop_only": false }, "geometry": { "type": "Point", "coordinates": [ 586083.546537039801478, 4511320.560367985628545 ] } },
{ "type": "Feature", "properties": { "node_index": 1800, "is_stop_only": false }, "geometry": { "type": "Point", "coordinates": [ 588025.174346297979355, 4519550.528375308960676 ] } },
{ "type": "Feature", "properties": { "node_index": 1801, "is_stop_only": false }, "geometry": { "type": "Point", "coordinates": [ 588088.315155653981492, 4519694.613424097187817 ] } },
{ "type": "Feature", "properties": { "node_index": 1802, "is_stop_only": false }, "geometry": { "type": "Point", "coordinates": [ 588174.270844029029831, 4519827.757825491018593 ] } },
{ "type": "Feature", "properties": { "node_index": 1803, "is_stop_only": false }, "geometry": { "type": "Point", "coordinates": [ 588285.243656226317398, 4519949.100506003014743 ] } },
{ "type": "Feature", "properties": { "node_index": 1804, "is_stop_only": false }, "geometry": { "type": "Point", "coordinates": [ 588325.002334106480703, 4520016.634572082199156 ] } },
{ "type": "Feature", "properties": { "node_index": 1805, "is_stop_only": false }, "geometry": { "type": "Point", "coordinates": [ 587496.226759452139959, 4516428.424492775462568 ] } },
{ "type": "Feature", "properties": { "node_index": 1806, "is_stop_only": false }, "geometry": { "type": "Point", "coordinates": [ 588425.536924378247932, 4520157.062063228338957 ] } },
{ "type": "Feature", "properties": { "node_index": 1807, "is_stop_only": false }, "geometry": { "type": "Point", "coordinates": [ 588463.756752363289706, 4520226.132896261289716 ] } },
{ "type": "Feature", "properties": { "node_index": 1808, "is_stop_only": false }, "geometry": { "type": "Point", "coordinates": [ 589156.186387293622829, 4517008.929168246686459 ] } },
{ "type": "Feature", "properties": { "node_index": 1809, "is_stop_only": false }, "geometry": { "type": "Point", "coordinates": [ 584218.213579480419867, 4509667.17663242854178 ] } },
{ "type": "Feature", "properties": { "node_index": 1810, "is_stop_only": false }, "geometry": { "type": "Point", "coordinates": [ 583800.471014393959194, 4508536.623843546956778 ] } },
{ "type": "Feature", "properties": { "node_index": 1811, "is_stop_only": false }, "geometry": { "type": "Point", "coordinates": [ 585111.969217407866381, 4514216.006217638030648 ] } },
{ "type": "Feature", "properties": { "node_index": 1812, "is_stop_only": false }, "geometry": { "type": "Point", "coordinates": [ 588989.888646472129039, 4521631.057280257344246 ] } },
{ "type": "Feature", "properties": { "node_index": 1813, "is_stop_only": false }, "geometry": { "type": "Point", "coordinates": [ 588777.873428672552109, 4521330.680594213306904 ] } },
{ "type": "Feature", "properties": { "node_index": 1814, "is_stop_only": false }, "geometry": { "type": "Point", "coordinates": [ 586333.230471545830369, 4516592.297597835771739 ] } },
{ "type": "Feature", "properties": { "node_index": 1815, "is_stop_only": false }, "geometry": { "type": "Point", "coordinates": [ 588923.03060636552982, 4520831.392376814968884 ] } },
{ "type": "Feature", "properties": { "node_index": 1816, "is_stop_only": false }, "geometry": { "type": "Point", "coordinates": [ 588665.934767624014057, 4520871.457504498772323 ] } },
{ "type": "Feature", "properties": { "node_index": 1817, "is_stop_only": false }, "geometry": { "type": "Point", "coordinates": [ 588558.897488707560115, 4520696.463877458125353 ] } },
{ "type": "Feature", "properties": { "node_index": 1818, "is_stop_only": false }, "geometry": { "type": "Point", "coordinates": [ 588585.764619476045482, 4520891.945703332312405 ] } },
{ "type": "Feature", "properties": { "node_index": 1819, "is_stop_only": false }, "geometry": { "type": "Point", "coordinates": [ 590335.706771028810181, 4517030.424920069985092 ] } },
{ "type": "Feature", "properties": { "node_index": 1820, "is_stop_only": false }, "geometry": { "type": "Point", "coordinates": [ 583524.562104197451845, 4507657.214176405221224 ] } },
{ "type": "Feature", "properties": { "node_index": 1821, "is_stop_only": false }, "geometry": { "type": "Point", "coordinates": [ 583584.282921473262832, 4508013.541412411257625 ] } },
{ "type": "Feature", "properties": { "node_index": 1822, "is_stop_only": false }, "geometry": { "type": "Point", "coordinates": [ 583551.665788911515847, 4507802.334660560823977 ] } },
{ "type": "Feature", "properties": { "node_index": 1823, "is_stop_only": false }, "geometry": { "type": "Point", "coordinates": [ 587093.307377590448596, 4511274.295713866129518 ] } },
{ "type": "Feature", "properties": { "node_index": 1824, "is_stop_only": false }, "geometry": { "type": "Point", "coordinates": [ 588093.400504393619485, 4519707.375255289487541 ] } },
{ "type": "Feature", "properties": { "node_index": 1825, "is_stop_only": false }, "geometry": { "type": "Point", "coordinates": [ 584192.210172451450489, 4509041.010725669562817 ] } },
{ "type": "Feature", "properties": { "node_index": 1826, "is_stop_only": false }, "geometry": { "type": "Point", "coordinates": [ 583799.064137131907046, 4506532.851665045134723 ] } },
{ "type": "Feature", "properties": { "node_index": 1827, "is_stop_only": false }, "geometry": { "type": "Point", "coordinates": [ 588965.616026123752818, 4517665.576035608537495 ] } },
{ "type": "Feature", "properties": { "node_index": 1828, "is_stop_only": false }, "geometry": { "type": "Point", "coordinates": [ 589040.538575475220568, 4517804.314882499165833 ] } },
{ "type": "Feature", "properties": { "node_index": 1829, "is_stop_only": false }, "geometry": { "type": "Point", "coordinates": [ 590151.221114117885008, 4517490.715215450152755 ] } },
{ "type": "Feature", "properties": { "node_index": 1830, "is_stop_only": false }, "geometry": { "type": "Point", "coordinates": [ 587510.806957871303894, 4511898.889011241495609 ] } },
{ "type": "Feature", "properties": { "node_index": 1831, "is_stop_only": false }, "geometry": { "type": "Point", "coordinates": [ 589714.702762276865542, 4520545.192741416394711 ] } },
{ "type": "Feature", "properties": { "node_index": 1832, "is_stop_only": false }, "geometry": { "type": "Point", "coordinates": [ 590254.865589975845069, 4523273.649237607605755 ] } },
{ "type": "Feature", "properties": { "node_index": 1833, "is_stop_only": false }, "geometry": { "type": "Point", "coordinates": [ 590070.260771112516522, 4524741.691864663735032 ] } },
{ "type": "Feature", "properties": { "node_index": 1834, "is_stop_only": false }, "geometry": { "type": "Point", "coordinates": [ 590335.383344569592737, 4524387.639161768369377 ] } },
{ "type": "Feature", "properties": { "node_index": 1835, "is_stop_only": false }, "geometry": { "type": "Point", "coordinates": [ 586626.832905031857081, 4513130.077355318702757 ] } },
{ "type": "Feature", "properties": { "node_index": 1836, "is_stop_only": false }, "geometry": { "type": "Point", "coordinates": [ 590359.188563586794771, 4524353.012839679606259 ] } },
{ "type": "Feature", "properties": { "node_index": 1837, "is_stop_only": false }, "geometry": { "type": "Point", "coordinates": [ 590087.807049501221627, 4524527.814071116968989 ] } },
{ "type": "Feature", "properties": { "node_index": 1838, "is_stop_only": false }, "geometry": { "type": "Point", "coordinates": [ 589509.586446258239448, 4523255.947514581494033 ] } },
{ "type": "Feature", "properties": { "node_index": 1839, "is_stop_only": false }, "geometry": { "type": "Point", "coordinates": [ 589800.499597546178848, 4523998.336716070771217 ] } },
{ "type": "Feature", "properties": { "node_index": 1840, "is_stop_only": false }, "geometry": { "type": "Point", "coordinates": [ 586716.86947721557226, 4513166.758378459140658 ] } },
{ "type": "Feature", "properties": { "node_index": 1841, "is_stop_only": false }, "geometry": { "type": "Point", "coordinates": [ 585905.344603191362694, 4514054.561966811306775 ] } },
{ "type": "Feature", "properties": { "node_index": 1842, "is_stop_only": false }, "geometry": { "type": "Point", "coordinates": [ 583726.211254293099046, 4506466.893637482076883 ] } },
{ "type": "Feature", "properties": { "node_index": 1843, "is_stop_only": false }, "geometry": { "type": "Point", "coordinates": [ 587832.81010018766392, 4519365.23806234728545 ] } },
{ "type": "Feature", "properties": { "node_index": 1844, "is_stop_only": false }, "geometry": { "type": "Point", "coordinates": [ 584902.917092632618733, 4508307.059277548454702 ] } },
{ "type": "Feature", "properties": { "node_index": 1845, "is_stop_only": false }, "geometry": { "type": "Point", "coordinates": [ 584696.762987275025807, 4508414.490977241657674 ] } },
{ "type": "Feature", "properties": { "node_index": 1846, "is_stop_only": false }, "geometry": { "type": "Point", "coordinates": [ 590067.710333483526483, 4522242.763261761516333 ] } },
{ "type": "Feature", "properties": { "node_index": 1847, "is_stop_only": false }, "geometry": { "type": "Point", "coordinates": [ 584624.757921475917101, 4508454.236133545637131 ] } },
{ "type": "Feature", "properties": { "node_index": 1848, "is_stop_only": false }, "geometry": { "type": "Point", "coordinates": [ 583141.417162840487435, 4507236.061816971749067 ] } },
{ "type": "Feature", "properties": { "node_index": 1849, "is_stop_only": false }, "geometry": { "type": "Point", "coordinates": [ 584485.771277051069774, 4508536.350303155370057 ] } },
{ "type": "Feature", "properties": { "node_index": 1850, "is_stop_only": false }, "geometry": { "type": "Point", "coordinates": [ 584421.285027965670452, 4508576.915780764073133 ] } },
{ "type": "Feature", "properties": { "node_index": 1851, "is_stop_only": false }, "geometry": { "type": "Point", "coordinates": [ 584288.075631542713381, 4508659.443484556861222 ] } },
{ "type": "Feature", "properties": { "node_index": 1852, "is_stop_only": false }, "geometry": { "type": "Point", "coordinates": [ 583679.732316116103902, 4510641.006393489427865 ] } },
{ "type": "Feature", "properties": { "node_index": 1853, "is_stop_only": false }, "geometry": { "type": "Point", "coordinates": [ 584611.735394125571474, 4507412.876640134491026 ] } },
{ "type": "Feature", "properties": { "node_index": 1854, "is_stop_only": false }, "geometry": { "type": "Point", "coordinates": [ 583967.838237686082721, 4508780.520369895733893 ] } },
{ "type": "Feature", "properties": { "node_index": 1855, "is_stop_only": false }, "geometry": { "type": "Point", "coordinates": [ 583744.719363361247815, 4508806.318697706796229 ] } },
{ "type": "Feature", "properties": { "node_index": 1856, "is_stop_only": false }, "geometry": { "type": "Point", "coordinates": [ 583613.201614081626758, 4508821.532118648290634 ] } },
{ "type": "Feature", "properties": { "node_index": 1857, "is_stop_only": false }, "geometry": { "type": "Point", "coordinates": [ 583531.097762458142824, 4508831.187077952548862 ] } },
{ "type": "Feature", "properties": { "node_index": 1858, "is_stop_only": false }, "geometry": { "type": "Point", "coordinates": [ 585662.093675615731627, 4515459.910668726079166 ] } },
{ "type": "Feature", "properties": { "node_index": 1859, "is_stop_only": false }, "geometry": { "type": "Point", "coordinates": [ 584813.574796358938329, 4507787.801425482146442 ] } },
{ "type": "Feature", "properties": { "node_index": 1860, "is_stop_only": false }, "geometry": { "type": "Point", "coordinates": [ 585074.160019263625145, 4511580.650315204635262 ] } },
{ "type": "Feature", "properties": { "node_index": 1861, "is_stop_only": false }, "geometry": { "type": "Point", "coordinates": [ 584426.376340316724963, 4507531.455710462294519 ] } },
{ "type": "Feature", "properties": { "node_index": 1862, "is_stop_only": false }, "geometry": { "type": "Point", "coordinates": [ 584793.574763723649085, 4507742.431600766256452 ] } },
{ "type": "Feature", "properties": { "node_index": 1863, "is_stop_only": false }, "geometry": { "type": "Point", "coordinates": [ 590012.475447376025841, 4524793.590914422646165 ] } },
{ "type": "Feature", "properties": { "node_index": 1864, "is_stop_only": false }, "geometry": { "type": "Point", "coordinates": [ 590933.246274555684067, 4524872.697090899571776 ] } },
{ "type": "Feature", "properties": { "node_index": 1865, "is_stop_only": false }, "geometry": { "type": "Point", "coordinates": [ 588193.051601442857645, 4517717.495966916903853 ] } },
{ "type": "Feature", "properties": { "node_index": 1866, "is_stop_only": false }, "geometry": { "type": "Point", "coordinates": [ 587933.800748394220136, 4518956.325885416008532 ] } },
{ "type": "Feature", "properties": { "node_index": 1867, "is_stop_only": false }, "geometry": { "type": "Point", "coordinates": [ 587962.97591574548278, 4514795.470738491974771 ] } },
{ "type": "Feature", "properties": { "node_index": 1868, "is_stop_only": false }, "geometry": { "type": "Point", "coordinates": [ 589651.574480722774751, 4523074.58901775162667 ] } },
{ "type": "Feature", "properties": { "node_index": 1869, "is_stop_only": false }, "geometry": { "type": "Point", "coordinates": [ 585627.140609545283951, 4514113.300605684518814 ] } },
{ "type": "Feature", "properties": { "node_index": 1870, "is_stop_only": false }, "geometry": { "type": "Point", "coordinates": [ 585664.513321815407835, 4514182.633591079153121 ] } },
{ "type": "Feature", "properties": { "node_index": 1871, "is_stop_only": false }, "geometry": { "type": "Point", "coordinates": [ 585778.229911997215822, 4514393.61666702106595 ] } },
{ "type": "Feature", "properties": { "node_index": 1872, "is_stop_only": false }, "geometry": { "type": "Point", "coordinates": [ 583669.823840119643137, 4506149.893974757753313 ] } },
{ "type": "Feature", "properties": { "node_index": 1873, "is_stop_only": false }, "geometry": { "type": "Point", "coordinates": [ 585853.390150970080867, 4514533.066564198583364 ] } },
{ "type": "Feature", "properties": { "node_index": 1874, "is_stop_only": false }, "geometry": { "type": "Point", "coordinates": [ 585933.447274094563909, 4514680.823176803067327 ] } },
{ "type": "Feature", "properties": { "node_index": 1875, "is_stop_only": false }, "geometry": { "type": "Point", "coordinates": [ 583781.10230306268204, 4507259.344856042414904 ] } },
{ "type": "Feature", "properties": { "node_index": 1876, "is_stop_only": false }, "geometry": { "type": "Point", "coordinates": [ 583931.961045239935629, 4507503.152789602987468 ] } },
{ "type": "Feature", "properties": { "node_index": 1877, "is_stop_only": false }, "geometry": { "type": "Point", "coordinates": [ 583816.910324596217833, 4508582.73894748929888 ] } },
{ "type": "Feature", "properties": { "node_index": 1878, "is_stop_only": false }, "geometry": { "type": "Point", "coordinates": [ 586012.184507125522941, 4514827.133243161253631 ] } },
{ "type": "Feature", "properties": { "node_index": 1879, "is_stop_only": false }, "geometry": { "type": "Point", "coordinates": [ 586050.393591462867334, 4514897.932570674456656 ] } },
{ "type": "Feature", "properties": { "node_index": 1880, "is_stop_only": false }, "geometry": { "type": "Point", "coordinates": [ 586087.990545982960612, 4514967.603671644814312 ] } },
{ "type": "Feature", "properties": { "node_index": 1881, "is_stop_only": false }, "geometry": { "type": "Point", "coordinates": [ 586205.790142765035853, 4515187.456958066672087 ] } },
{ "type": "Feature", "properties": { "node_index": 1882, "is_stop_only": false }, "geometry": { "type": "Point", "coordinates": [ 586285.654476114199497, 4515333.861190942116082 ] } },
{ "type": "Feature", "properties": { "node_index": 1883, "is_stop_only": false }, "geometry": { "type": "Point", "coordinates": [ 585113.691980974050239, 4508744.756592495366931 ] } },
{ "type": "Feature", "properties": { "node_index": 1884, "is_stop_only": false }, "geometry": { "type": "Point", "coordinates": [ 583817.789147894014604, 4508530.391450214199722 ] } },
{ "type": "Feature", "properties": { "node_index": 1885, "is_stop_only": false }, "geometry": { "type": "Point", "coordinates": [ 586438.7131001369562, 4515617.479680182412267 ] } },
{ "type": "Feature", "properties": { "node_index": 1886, "is_stop_only": false }, "geometry": { "type": "Point", "coordinates": [ 586479.91217471123673, 4515693.823216874152422 ] } },
{ "type": "Feature", "properties": { "node_index": 1887, "is_stop_only": false }, "geometry": { "type": "Point", "coordinates": [ 585162.144918560516089, 4508951.71282603405416 ] } },
{ "type": "Feature", "properties": { "node_index": 1888, "is_stop_only": false }, "geometry": { "type": "Point", "coordinates": [ 585147.505246742628515, 4508870.299215245991945 ] } },
{ "type": "Feature", "properties": { "node_index": 1889, "is_stop_only": false }, "geometry": { "type": "Point", "coordinates": [ 585125.587303259642795, 4508788.646668369881809 ] } },
{ "type": "Feature", "properties": { "node_index": 1890, "is_stop_only": false }, "geometry": { "type": "Point", "coordinates": [ 585102.917909363401122, 4508705.453491069376469 ] } },
{ "type": "Feature", "properties": { "node_index": 1891, "is_stop_only": false }, "geometry": { "type": "Point", "coordinates": [ 586671.862835853360593, 4516049.545151302590966 ] } },
{ "type": "Feature", "properties": { "node_index": 1892, "is_stop_only": false }, "geometry": { "type": "Point", "coordinates": [ 586709.695784518145956, 4516119.655613825656474 ] } },
{ "type": "Feature", "properties": { "node_index": 1893, "is_stop_only": false }, "geometry": { "type": "Point", "coordinates": [ 585713.935447519412264, 4507133.032433201558888 ] } },
{ "type": "Feature", "properties": { "node_index": 1894, "is_stop_only": false }, "geometry": { "type": "Point", "coordinates": [ 586747.635330007877201, 4516189.967389297671616 ] } },
{ "type": "Feature", "properties": { "node_index": 1895, "is_stop_only": false }, "geometry": { "type": "Point", "coordinates": [ 585766.91531003266573, 4507116.824946954846382 ] } },
{ "type": "Feature", "properties": { "node_index": 1896, "is_stop_only": false }, "geometry": { "type": "Point", "coordinates": [ 585713.639336340478621, 4507481.858191265724599 ] } },
{ "type": "Feature", "properties": { "node_index": 1897, "is_stop_only": false }, "geometry": { "type": "Point", "coordinates": [ 585724.266228489810601, 4507447.531037124805152 ] } },
{ "type": "Feature", "properties": { "node_index": 1898, "is_stop_only": false }, "geometry": { "type": "Point", "coordinates": [ 590056.911311027244665, 4517541.78117463644594 ] } },
{ "type": "Feature", "properties": { "node_index": 1899, "is_stop_only": false }, "geometry": { "type": "Point", "coordinates": [ 590092.248224920360371, 4517544.842891699634492 ] } },
{ "type": "Feature", "properties": { "node_index": 1900, "is_stop_only": false }, "geometry": { "type": "Point", "coordinates": [ 586823.18189858016558, 4516329.977075234986842 ] } },
{ "type": "Feature", "properties": { "node_index": 1901, "is_stop_only": false }, "geometry": { "type": "Point", "coordinates": [ 586863.637997742160223, 4516404.948743622750044 ] } },
{ "type": "Feature", "properties": { "node_index": 1902, "is_stop_only": false }, "geometry": { "type": "Point", "coordinates": [ 586904.894108283566311, 4516481.417778194881976 ] } },
{ "type": "Feature", "properties": { "node_index": 1903, "is_stop_only": false }, "geometry": { "type": "Point", "coordinates": [ 586979.79674508923199, 4516621.854718414135277 ] } },
{ "type": "Feature", "properties": { "node_index": 1904, "is_stop_only": false }, "geometry": { "type": "Point", "coordinates": [ 589316.075748336617835, 4522426.140438879840076 ] } },
{ "type": "Feature", "properties": { "node_index": 1905, "is_stop_only": false }, "geometry": { "type": "Point", "coordinates": [ 587019.888277886551805, 4516694.547093008644879 ] } },
{ "type": "Feature", "properties": { "node_index": 1906, "is_stop_only": false }, "geometry": { "type": "Point", "coordinates": [ 587055.104596272460185, 4516762.741390205919743 ] } },
{ "type": "Feature", "properties": { "node_index": 1907, "is_stop_only": false }, "geometry": { "type": "Point", "coordinates": [ 584454.49183286819607, 4506959.862859912216663 ] } },
{ "type": "Feature", "properties": { "node_index": 1908, "is_stop_only": false }, "geometry": { "type": "Point", "coordinates": [ 587092.455096587422304, 4516833.781009978614748 ] } },
{ "type": "Feature", "properties": { "node_index": 1909, "is_stop_only": false }, "geometry": { "type": "Point", "coordinates": [ 584635.611610588617623, 4507455.581206265836954 ] } },
{ "type": "Feature", "properties": { "node_index": 1910, "is_stop_only": false }, "geometry": { "type": "Point", "coordinates": [ 587129.399347072234377, 4516905.582123861648142 ] } },
{ "type": "Feature", "properties": { "node_index": 1911, "is_stop_only": false }, "geometry": { "type": "Point", "coordinates": [ 585353.377402510493994, 4514533.201439053751528 ] } },
{ "type": "Feature", "properties": { "node_index": 1912, "is_stop_only": false }, "geometry": { "type": "Point", "coordinates": [ 587168.313781343749724, 4516974.087060848250985 ] } },
{ "type": "Feature", "properties": { "node_index": 1913, "is_stop_only": false }, "geometry": { "type": "Point", "coordinates": [ 584592.636115132481791, 4507430.55541069060564 ] } },
{ "type": "Feature", "properties": { "node_index": 1914, "is_stop_only": false }, "geometry": { "type": "Point", "coordinates": [ 587326.762412423966452, 4517263.341244332492352 ] } },
{ "type": "Feature", "properties": { "node_index": 1915, "is_stop_only": false }, "geometry": { "type": "Point", "coordinates": [ 587365.152306897216477, 4517334.505736695602536 ] } },
{ "type": "Feature", "properties": { "node_index": 1916, "is_stop_only": false }, "geometry": { "type": "Point", "coordinates": [ 587400.018891515559517, 4517403.197393082082272 ] } },
{ "type": "Feature", "properties": { "node_index": 1917, "is_stop_only": false }, "geometry": { "type": "Point", "coordinates": [ 587439.438454239629209, 4517475.629065924324095 ] } },
{ "type": "Feature", "properties": { "node_index": 1918, "is_stop_only": false }, "geometry": { "type": "Point", "coordinates": [ 587833.369012877345085, 4512394.083586610853672 ] } },
{ "type": "Feature", "properties": { "node_index": 1919, "is_stop_only": false }, "geometry": { "type": "Point", "coordinates": [ 587591.667826728662476, 4517755.356958004646003 ] } },
{ "type": "Feature", "properties": { "node_index": 1920, "is_stop_only": false }, "geometry": { "type": "Point", "coordinates": [ 587711.519264608039521, 4517976.594239205121994 ] } },
{ "type": "Feature", "properties": { "node_index": 1921, "is_stop_only": false }, "geometry": { "type": "Point", "coordinates": [ 587187.164289272157475, 4516872.977914998307824 ] } },
{ "type": "Feature", "properties": { "node_index": 1922, "is_stop_only": false }, "geometry": { "type": "Point", "coordinates": [ 587749.637560055591166, 4518047.258182595483959 ] } },
{ "type": "Feature", "properties": { "node_index": 1923, "is_stop_only": false }, "geometry": { "type": "Point", "coordinates": [ 588541.602900160709396, 4515870.753942023031414 ] } },
{ "type": "Feature", "properties": { "node_index": 1924, "is_stop_only": false }, "geometry": { "type": "Point", "coordinates": [ 587832.775478133233264, 4519101.288284507580101 ] } },
{ "type": "Feature", "properties": { "node_index": 1925, "is_stop_only": false }, "geometry": { "type": "Point", "coordinates": [ 587913.461056707892567, 4519057.315968669019639 ] } },
{ "type": "Feature", "properties": { "node_index": 1926, "is_stop_only": false }, "geometry": { "type": "Point", "coordinates": [ 588028.238221661536954, 4518563.779715953394771 ] } },
{ "type": "Feature", "properties": { "node_index": 1927, "is_stop_only": false }, "geometry": { "type": "Point", "coordinates": [ 587969.833957781782374, 4519023.669044073671103 ] } },
{ "type": "Feature", "properties": { "node_index": 1928, "is_stop_only": false }, "geometry": { "type": "Point", "coordinates": [ 588074.586578061338514, 4518649.720609480515122 ] } },
{ "type": "Feature", "properties": { "node_index": 1929, "is_stop_only": false }, "geometry": { "type": "Point", "coordinates": [ 588095.301214282633737, 4518688.115420390851796 ] } },
{ "type": "Feature", "properties": { "node_index": 1930, "is_stop_only": false }, "geometry": { "type": "Point", "coordinates": [ 588133.090055653825402, 4518758.189268897287548 ] } },
{ "type": "Feature", "properties": { "node_index": 1931, "is_stop_only": false }, "geometry": { "type": "Point", "coordinates": [ 588170.531622523907572, 4518827.615254233591259 ] } },
{ "type": "Feature", "properties": { "node_index": 1932, "is_stop_only": false }, "geometry": { "type": "Point", "coordinates": [ 587366.855203113867901, 4518794.546699713915586 ] } },
{ "type": "Feature", "properties": { "node_index": 1933, "is_stop_only": false }, "geometry": { "type": "Point", "coordinates": [ 588401.69313981058076, 4519256.244268507696688 ] } },
{ "type": "Feature", "properties": { "node_index": 1934, "is_stop_only": false }, "geometry": { "type": "Point", "coordinates": [ 588514.536668706336059, 4519465.499673505313694 ] } },
{ "type": "Feature", "properties": { "node_index": 1935, "is_stop_only": false }, "geometry": { "type": "Point", "coordinates": [ 588589.412761190556921, 4519604.356197607703507 ] } },
{ "type": "Feature", "properties": { "node_index": 1936, "is_stop_only": false }, "geometry": { "type": "Point", "coordinates": [ 588665.200585082522593, 4519745.711485031992197 ] } },
{ "type": "Feature", "properties": { "node_index": 1937, "is_stop_only": false }, "geometry": { "type": "Point", "coordinates": [ 588701.96503516798839, 4519813.078466797247529 ] } },
{ "type": "Feature", "properties": { "node_index": 1938, "is_stop_only": false }, "geometry": { "type": "Point", "coordinates": [ 588783.384540039347485, 4519964.061984073370695 ] } },
{ "type": "Feature", "properties": { "node_index": 1939, "is_stop_only": false }, "geometry": { "type": "Point", "coordinates": [ 583569.816649053595029, 4509399.028669944033027 ] } },
{ "type": "Feature", "properties": { "node_index": 1940, "is_stop_only": false }, "geometry": { "type": "Point", "coordinates": [ 588821.003473826101981, 4520033.826945415697992 ] } },
{ "type": "Feature", "properties": { "node_index": 1941, "is_stop_only": false }, "geometry": { "type": "Point", "coordinates": [ 588933.641328740632161, 4520242.731921722181141 ] } },
{ "type": "Feature", "properties": { "node_index": 1942, "is_stop_only": false }, "geometry": { "type": "Point", "coordinates": [ 588970.993263820302673, 4520312.017135752364993 ] } },
{ "type": "Feature", "properties": { "node_index": 1943, "is_stop_only": false }, "geometry": { "type": "Point", "coordinates": [ 589008.674535265774466, 4520381.906068982556462 ] } },
{ "type": "Feature", "properties": { "node_index": 1944, "is_stop_only": false }, "geometry": { "type": "Point", "coordinates": [ 589046.627438575960696, 4520452.287006583996117 ] } },
{ "type": "Feature", "properties": { "node_index": 1945, "is_stop_only": false }, "geometry": { "type": "Point", "coordinates": [ 585543.90138700848911, 4508451.380904679186642 ] } },
{ "type": "Feature", "properties": { "node_index": 1946, "is_stop_only": false }, "geometry": { "type": "Point", "coordinates": [ 589124.568119779112749, 4520596.848955099470913 ] } },
{ "type": "Feature", "properties": { "node_index": 1947, "is_stop_only": false }, "geometry": { "type": "Point", "coordinates": [ 589203.924391090054996, 4520744.038031130097806 ] } },
{ "type": "Feature", "properties": { "node_index": 1948, "is_stop_only": false }, "geometry": { "type": "Point", "coordinates": [ 588730.69699172640685, 4516221.879442083649337 ] } },
{ "type": "Feature", "properties": { "node_index": 1949, "is_stop_only": false }, "geometry": { "type": "Point", "coordinates": [ 589240.215612628613599, 4520811.346848749555647 ] } },
{ "type": "Feature", "properties": { "node_index": 1950, "is_stop_only": false }, "geometry": { "type": "Point", "coordinates": [ 589315.764369195327163, 4520950.142205730080605 ] } },
{ "type": "Feature", "properties": { "node_index": 1951, "is_stop_only": false }, "geometry": { "type": "Point", "coordinates": [ 589353.274681718670763, 4521021.063619685359299 ] } },
{ "type": "Feature", "properties": { "node_index": 1952, "is_stop_only": false }, "geometry": { "type": "Point", "coordinates": [ 584814.19675418548286, 4506966.375031593255699 ] } },
{ "type": "Feature", "properties": { "node_index": 1953, "is_stop_only": false }, "geometry": { "type": "Point", "coordinates": [ 584801.145019697025418, 4507026.909905880689621 ] } },
{ "type": "Feature", "properties": { "node_index": 1954, "is_stop_only": false }, "geometry": { "type": "Point", "coordinates": [ 588620.889845369616523, 4520232.234862207435071 ] } },
{ "type": "Feature", "properties": { "node_index": 1955, "is_stop_only": false }, "geometry": { "type": "Point", "coordinates": [ 589423.752130599576049, 4521156.301602463237941 ] } },
{ "type": "Feature", "properties": { "node_index": 1956, "is_stop_only": false }, "geometry": { "type": "Point", "coordinates": [ 588695.329591866931878, 4520370.754595172591507 ] } },
{ "type": "Feature", "properties": { "node_index": 1957, "is_stop_only": false }, "geometry": { "type": "Point", "coordinates": [ 589463.453508053673431, 4521230.636460442095995 ] } },
{ "type": "Feature", "properties": { "node_index": 1958, "is_stop_only": false }, "geometry": { "type": "Point", "coordinates": [ 589541.670056204078719, 4521370.532619209960103 ] } },
{ "type": "Feature", "properties": { "node_index": 1959, "is_stop_only": false }, "geometry": { "type": "Point", "coordinates": [ 589553.44618966197595, 4521392.380876845680177 ] } },
{ "type": "Feature", "properties": { "node_index": 1960, "is_stop_only": false }, "geometry": { "type": "Point", "coordinates": [ 589624.645920235780068, 4521524.465590143576264 ] } },
{ "type": "Feature", "properties": { "node_index": 1961, "is_stop_only": false }, "geometry": { "type": "Point", "coordinates": [ 586614.887416245532222, 4512303.651076281443238 ] } },
{ "type": "Feature", "properties": { "node_index": 1962, "is_stop_only": false }, "geometry": { "type": "Point", "coordinates": [ 589661.687882384867407, 4521593.184811526909471 ] } },
{ "type": "Feature", "properties": { "node_index": 1963, "is_stop_only": false }, "geometry": { "type": "Point", "coordinates": [ 589771.613959082518704, 4521797.119757067412138 ] } },
{ "type": "Feature", "properties": { "node_index": 1964, "is_stop_only": false }, "geometry": { "type": "Point", "coordinates": [ 589847.571762544917874, 4521938.024697751738131 ] } },
{ "type": "Feature", "properties": { "node_index": 1965, "is_stop_only": false }, "geometry": { "type": "Point", "coordinates": [ 589966.449547931435518, 4522158.581410209648311 ] } },
{ "type": "Feature", "properties": { "node_index": 1966, "is_stop_only": false }, "geometry": { "type": "Point", "coordinates": [ 587074.505182601511478, 4513153.69096414744854 ] } },
{ "type": "Feature", "properties": { "node_index": 1967, "is_stop_only": false }, "geometry": { "type": "Point", "coordinates": [ 590042.36665209417697, 4522299.432638019323349 ] } },
{ "type": "Feature", "properties": { "node_index": 1968, "is_stop_only": false }, "geometry": { "type": "Point", "coordinates": [ 590122.925207475549541, 4522449.345615148544312 ] } },
{ "type": "Feature", "properties": { "node_index": 1969, "is_stop_only": false }, "geometry": { "type": "Point", "coordinates": [ 590143.516062162001617, 4522487.1126419454813 ] } },
{ "type": "Feature", "properties": { "node_index": 1970, "is_stop_only": false }, "geometry": { "type": "Point", "coordinates": [ 590156.475819134153426, 4522511.15256083291024 ] } },
{ "type": "Feature", "properties": { "node_index": 1971, "is_stop_only": false }, "geometry": { "type": "Point", "coordinates": [ 589152.86033581616357, 4521219.43125675059855 ] } },
{ "type": "Feature", "properties": { "node_index": 1972, "is_stop_only": false }, "geometry": { "type": "Point", "coordinates": [ 590223.914600827964023, 4522647.705630200915039 ] } },
{ "type": "Feature", "properties": { "node_index": 1973, "is_stop_only": false }, "geometry": { "type": "Point", "coordinates": [ 587730.281820761505514, 4514363.925011015497148 ] } },
{ "type": "Feature", "properties": { "node_index": 1974, "is_stop_only": false }, "geometry": { "type": "Point", "coordinates": [ 590304.922688233666122, 4522790.565125597640872 ] } },
{ "type": "Feature", "properties": { "node_index": 1975, "is_stop_only": false }, "geometry": { "type": "Point", "coordinates": [ 588374.138231076183729, 4516884.822131584398448 ] } },
{ "type": "Feature", "properties": { "node_index": 1976, "is_stop_only": false }, "geometry": { "type": "Point", "coordinates": [ 590383.828855678671971, 4522936.142242239788175 ] } },
{ "type": "Feature", "properties": { "node_index": 1977, "is_stop_only": false }, "geometry": { "type": "Point", "coordinates": [ 590421.603438916732557, 4523005.807422150857747 ] } },
{ "type": "Feature", "properties": { "node_index": 1978, "is_stop_only": false }, "geometry": { "type": "Point", "coordinates": [ 590457.277687039342709, 4523072.760252483189106 ] } },
{ "type": "Feature", "properties": { "node_index": 1979, "is_stop_only": false }, "geometry": { "type": "Point", "coordinates": [ 591053.541832408052869, 4524686.234681216999888 ] } },
{ "type": "Feature", "properties": { "node_index": 1980, "is_stop_only": false }, "geometry": { "type": "Point", "coordinates": [ 586451.921983202919364, 4508075.642965598963201 ] } },
{ "type": "Feature", "properties": { "node_index": 1981, "is_stop_only": false }, "geometry": { "type": "Point", "coordinates": [ 588888.828861099318601, 4516512.896151733584702 ] } },
{ "type": "Feature", "properties": { "node_index": 1982, "is_stop_only": false }, "geometry": { "type": "Point", "coordinates": [ 586527.743195701390505, 4507791.789427848532796 ] } },
{ "type": "Feature", "properties": { "node_index": 1983, "is_stop_only": false }, "geometry": { "type": "Point", "coordinates": [ 590052.548084653448313, 4517598.717182888649404 ] } },
{ "type": "Feature", "properties": { "node_index": 1984, "is_stop_only": false }, "geometry": { "type": "Point", "coordinates": [ 585193.153640020405874, 4508586.775209698826075 ] } },
{ "type": "Feature", "properties": { "node_index": 1985, "is_stop_only": false }, "geometry": { "type": "Point", "coordinates": [ 585219.937559075420722, 4508629.393208395689726 ] } },
{ "type": "Feature", "properties": { "node_index": 1986, "is_stop_only": false }, "geometry": { "type": "Point", "coordinates": [ 585226.282690643682145, 4508640.990150416269898 ] } },
{ "type": "Feature", "properties": { "node_index": 1987, "is_stop_only": false }, "geometry": { "type": "Point", "coordinates": [ 585266.775893195183016, 4508713.619568787515163 ] } },
{ "type": "Feature", "properties": { "node_index": 1988, "is_stop_only": false }, "geometry": { "type": "Point", "coordinates": [ 585341.981290144380182, 4508853.128321617841721 ] } },
{ "type": "Feature", "properties": { "node_index": 1989, "is_stop_only": false }, "geometry": { "type": "Point", "coordinates": [ 585379.261330830398947, 4508921.469335638917983 ] } },
{ "type": "Feature", "properties": { "node_index": 1990, "is_stop_only": false }, "geometry": { "type": "Point", "coordinates": [ 585415.92904642294161, 4508989.381627497263253 ] } },
{ "type": "Feature", "properties": { "node_index": 1991, "is_stop_only": false }, "geometry": { "type": "Point", "coordinates": [ 585522.833755639614537, 4509188.265665009617805 ] } },
{ "type": "Feature", "properties": { "node_index": 1992, "is_stop_only": false }, "geometry": { "type": "Point", "coordinates": [ 585594.586684124777094, 4509321.64243071898818 ] } },
{ "type": "Feature", "properties": { "node_index": 1993, "is_stop_only": false }, "geometry": { "type": "Point", "coordinates": [ 585633.053660803940147, 4509392.829655209556222 ] } },
{ "type": "Feature", "properties": { "node_index": 1994, "is_stop_only": false }, "geometry": { "type": "Point", "coordinates": [ 586878.890631235321052, 4510978.534717955626547 ] } },
{ "type": "Feature", "properties": { "node_index": 1995, "is_stop_only": false }, "geometry": { "type": "Point", "coordinates": [ 585828.291801173239946, 4509755.24207301158458 ] } },
{ "type": "Feature", "properties": { "node_index": 1996, "is_stop_only": false }, "geometry": { "type": "Point", "coordinates": [ 585898.791595092858188, 4509885.74332610797137 ] } },
{ "type": "Feature", "properties": { "node_index": 1997, "is_stop_only": false }, "geometry": { "type": "Point", "coordinates": [ 586633.981957903713919, 4508675.154123362153769 ] } },
{ "type": "Feature", "properties": { "node_index": 1998, "is_stop_only": false }, "geometry": { "type": "Point", "coordinates": [ 586604.43713457765989, 4508690.996032637543976 ] } },
{ "type": "Feature", "properties": { "node_index": 1999, "is_stop_only": false }, "geometry": { "type": "Point", "coordinates": [ 586046.460593070136383, 4510159.348831295035779 ] } },
{ "type": "Feature", "properties": { "node_index": 2000, "is_stop_only": false }, "geometry": { "type": "Point", "coordinates": [ 586123.023412271286361, 4510303.722943436354399 ] } },
{ "type": "Feature", "properties": { "node_index": 2001, "is_stop_only": false }, "geometry": { "type": "Point", "coordinates": [ 589099.572556298458949, 4515209.063969730399549 ] } },
{ "type": "Feature", "properties": { "node_index": 2002, "is_stop_only": false }, "geometry": { "type": "Point", "coordinates": [ 589042.038890096591786, 4515231.864212890155613 ] } },
{ "type": "Feature", "properties": { "node_index": 2003, "is_stop_only": false }, "geometry": { "type": "Point", "coordinates": [ 589092.797957858652808, 4515196.980692972429097 ] } },
{ "type": "Feature", "properties": { "node_index": 2004, "is_stop_only": false }, "geometry": { "type": "Point", "coordinates": [ 586196.821364361676387, 4510441.604316325858235 ] } },
{ "type": "Feature", "properties": { "node_index": 2005, "is_stop_only": false }, "geometry": { "type": "Point", "coordinates": [ 586234.343179812422022, 4510511.718297343701124 ] } },
{ "type": "Feature", "properties": { "node_index": 2006, "is_stop_only": false }, "geometry": { "type": "Point", "coordinates": [ 586309.47844719607383, 4510650.415871314704418 ] } },
{ "type": "Feature", "properties": { "node_index": 2007, "is_stop_only": false }, "geometry": { "type": "Point", "coordinates": [ 586346.758112099138089, 4510719.384153318591416 ] } },
{ "type": "Feature", "properties": { "node_index": 2008, "is_stop_only": false }, "geometry": { "type": "Point", "coordinates": [ 586384.610272979713045, 4510788.437038291245699 ] } },
{ "type": "Feature", "properties": { "node_index": 2009, "is_stop_only": false }, "geometry": { "type": "Point", "coordinates": [ 586421.221568875480443, 4510855.22191983088851 ] } },
{ "type": "Feature", "properties": { "node_index": 2010, "is_stop_only": false }, "geometry": { "type": "Point", "coordinates": [ 586578.371365258586593, 4511142.905593396164477 ] } },
{ "type": "Feature", "properties": { "node_index": 2011, "is_stop_only": false }, "geometry": { "type": "Point", "coordinates": [ 586613.870662786881439, 4511211.3328014947474 ] } },
{ "type": "Feature", "properties": { "node_index": 2012, "is_stop_only": false }, "geometry": { "type": "Point", "coordinates": [ 586651.304141787462868, 4511281.092889155261219 ] } },
{ "type": "Feature", "properties": { "node_index": 2013, "is_stop_only": false }, "geometry": { "type": "Point", "coordinates": [ 586688.21958062867634, 4511349.603680036962032 ] } },
{ "type": "Feature", "properties": { "node_index": 2014, "is_stop_only": false }, "geometry": { "type": "Point", "coordinates": [ 586765.842532144160941, 4511494.286446209996939 ] } },
{ "type": "Feature", "properties": { "node_index": 2015, "is_stop_only": false }, "geometry": { "type": "Point", "coordinates": [ 586806.503679853165522, 4511568.63715357799083 ] } },
{ "type": "Feature", "properties": { "node_index": 2016, "is_stop_only": false }, "geometry": { "type": "Point", "coordinates": [ 590179.897006019135006, 4524055.378619445487857 ] } },
{ "type": "Feature", "properties": { "node_index": 2017, "is_stop_only": false }, "geometry": { "type": "Point", "coordinates": [ 586843.675494177732617, 4511638.794967509806156 ] } },
{ "type": "Feature", "properties": { "node_index": 2018, "is_stop_only": false }, "geometry": { "type": "Point", "coordinates": [ 590223.272738422616385, 4524026.442432560957968 ] } },
{ "type": "Feature", "properties": { "node_index": 2019, "is_stop_only": false }, "geometry": { "type": "Point", "coordinates": [ 586881.608952300623059, 4511708.73988164961338 ] } },
{ "type": "Feature", "properties": { "node_index": 2020, "is_stop_only": false }, "geometry": { "type": "Point", "coordinates": [ 586956.169944891124032, 4511846.772069476544857 ] } },
{ "type": "Feature", "properties": { "node_index": 2021, "is_stop_only": false }, "geometry": { "type": "Point", "coordinates": [ 586995.069850007421337, 4511918.349922104738653 ] } },
{ "type": "Feature", "properties": { "node_index": 2022, "is_stop_only": false }, "geometry": { "type": "Point", "coordinates": [ 587070.337939400225878, 4512058.345726037397981 ] } },
{ "type": "Feature", "properties": { "node_index": 2023, "is_stop_only": false }, "geometry": { "type": "Point", "coordinates": [ 587145.430536205647513, 4512197.940657355822623 ] } },
{ "type": "Feature", "properties": { "node_index": 2024, "is_stop_only": false }, "geometry": { "type": "Point", "coordinates": [ 587220.530306058353744, 4512338.113862355239689 ] } },
{ "type": "Feature", "properties": { "node_index": 2025, "is_stop_only": false }, "geometry": { "type": "Point", "coordinates": [ 587259.399475532583892, 4512409.704040664248168 ] } },
{ "type": "Feature", "properties": { "node_index": 2026, "is_stop_only": false }, "geometry": { "type": "Point", "coordinates": [ 587296.845072154421359, 4512478.812963829375803 ] } },
{ "type": "Feature", "properties": { "node_index": 2027, "is_stop_only": false }, "geometry": { "type": "Point", "coordinates": [ 587377.42532828298863, 4512629.799605367705226 ] } },
{ "type": "Feature", "properties": { "node_index": 2028, "is_stop_only": false }, "geometry": { "type": "Point", "coordinates": [ 587527.77663977642078, 4512909.820991913788021 ] } },
{ "type": "Feature", "properties": { "node_index": 2029, "is_stop_only": false }, "geometry": { "type": "Point", "coordinates": [ 587641.329129182966426, 4513118.499728911556304 ] } },
{ "type": "Feature", "properties": { "node_index": 2030, "is_stop_only": false }, "geometry": { "type": "Point", "coordinates": [ 587679.548627201816998, 4513187.93088686466217 ] } },
{ "type": "Feature", "properties": { "node_index": 2031, "is_stop_only": false }, "geometry": { "type": "Point", "coordinates": [ 587792.427716529346071, 4513397.847757066600025 ] } },
{ "type": "Feature", "properties": { "node_index": 2032, "is_stop_only": false }, "geometry": { "type": "Point", "coordinates": [ 587867.95599553338252, 4513537.500638395547867 ] } },
{ "type": "Feature", "properties": { "node_index": 2033, "is_stop_only": false }, "geometry": { "type": "Point", "coordinates": [ 588065.477236807462759, 4513904.148671820759773 ] } },
{ "type": "Feature", "properties": { "node_index": 2034, "is_stop_only": false }, "geometry": { "type": "Point", "coordinates": [ 585948.175550025422126, 4507583.84716413076967 ] } },
{ "type": "Feature", "properties": { "node_index": 2035, "is_stop_only": false }, "geometry": { "type": "Point", "coordinates": [ 588103.644147470360622, 4513974.469891504384577 ] } },
{ "type": "Feature", "properties": { "node_index": 2036, "is_stop_only": false }, "geometry": { "type": "Point", "coordinates": [ 588183.499388271477073, 4514121.150226473808289 ] } },
{ "type": "Feature", "properties": { "node_index": 2037, "is_stop_only": false }, "geometry": { "type": "Point", "coordinates": [ 588261.47623988520354, 4514267.242928163148463 ] } },
{ "type": "Feature", "properties": { "node_index": 2038, "is_stop_only": false }, "geometry": { "type": "Point", "coordinates": [ 588338.611370335798711, 4514410.051325806416571 ] } },
{ "type": "Feature", "properties": { "node_index": 2039, "is_stop_only": false }, "geometry": { "type": "Point", "coordinates": [ 588414.920478670974262, 4514551.807152390480042 ] } },
{ "type": "Feature", "properties": { "node_index": 2040, "is_stop_only": false }, "geometry": { "type": "Point", "coordinates": [ 588496.929662437643856, 4514703.624176102690399 ] } },
{ "type": "Feature", "properties": { "node_index": 2041, "is_stop_only": false }, "geometry": { "type": "Point", "coordinates": [ 588534.385133575997315, 4514773.450923906639218 ] } },
{ "type": "Feature", "properties": { "node_index": 2042, "is_stop_only": false }, "geometry": { "type": "Point", "coordinates": [ 588609.788091509020887, 4514914.121279202401638 ] } },
{ "type": "Feature", "properties": { "node_index": 2043, "is_stop_only": false }, "geometry": { "type": "Point", "coordinates": [ 588647.765198763576336, 4514983.899417256005108 ] } },
{ "type": "Feature", "properties": { "node_index": 2044, "is_stop_only": false }, "geometry": { "type": "Point", "coordinates": [ 588685.197884601075202, 4515053.271567661315203 ] } },
{ "type": "Feature", "properties": { "node_index": 2045, "is_stop_only": false }, "geometry": { "type": "Point", "coordinates": [ 589617.948485874803737, 4520888.752305376343429 ] } },
{ "type": "Feature", "properties": { "node_index": 2046, "is_stop_only": false }, "geometry": { "type": "Point", "coordinates": [ 588723.366987203480676, 4515123.807413139380515 ] } },
{ "type": "Feature", "properties": { "node_index": 2047, "is_stop_only": false }, "geometry": { "type": "Point", "coordinates": [ 588762.013771212426946, 4515194.560158849693835 ] } },
{ "type": "Feature", "properties": { "node_index": 2048, "is_stop_only": false }, "geometry": { "type": "Point", "coordinates": [ 583738.701438508345746, 4510029.990440440364182 ] } },
{ "type": "Feature", "properties": { "node_index": 2049, "is_stop_only": false }, "geometry": { "type": "Point", "coordinates": [ 588840.30029573792126, 4515340.330485769547522 ] } },
{ "type": "Feature", "properties": { "node_index": 2050, "is_stop_only": false }, "geometry": { "type": "Point", "coordinates": [ 588880.58587587531656, 4515417.076711630448699 ] } },
{ "type": "Feature", "properties": { "node_index": 2051, "is_stop_only": false }, "geometry": { "type": "Point", "coordinates": [ 588954.297789585893042, 4515556.198643745854497 ] } },
{ "type": "Feature", "properties": { "node_index": 2052, "is_stop_only": false }, "geometry": { "type": "Point", "coordinates": [ 588992.694624390103854, 4515627.005275522358716 ] } },
{ "type": "Feature", "properties": { "node_index": 2053, "is_stop_only": false }, "geometry": { "type": "Point", "coordinates": [ 589183.733179498463869, 4515976.644991762004793 ] } },
{ "type": "Feature", "properties": { "node_index": 2054, "is_stop_only": false }, "geometry": { "type": "Point", "coordinates": [ 589224.622863217256963, 4516053.078677507117391 ] } },
{ "type": "Feature", "properties": { "node_index": 2055, "is_stop_only": false }, "geometry": { "type": "Point", "coordinates": [ 589340.840181901585311, 4516269.102560613304377 ] } },
{ "type": "Feature", "properties": { "node_index": 2056, "is_stop_only": false }, "geometry": { "type": "Point", "coordinates": [ 589417.781882271170616, 4516411.81047157663852 ] } },
{ "type": "Feature", "properties": { "node_index": 2057, "is_stop_only": false }, "geometry": { "type": "Point", "coordinates": [ 589456.09526451502461, 4516482.485616617836058 ] } },
{ "type": "Feature", "properties": { "node_index": 2058, "is_stop_only": false }, "geometry": { "type": "Point", "coordinates": [ 589492.338824540376663, 4516549.827414550818503 ] } },
{ "type": "Feature", "properties": { "node_index": 2059, "is_stop_only": false }, "geometry": { "type": "Point", "coordinates": [ 589609.461540541145951, 4516767.099458180367947 ] } },
{ "type": "Feature", "properties": { "node_index": 2060, "is_stop_only": false }, "geometry": { "type": "Point", "coordinates": [ 589649.906065354123712, 4516841.23223371990025 ] } },
{ "type": "Feature", "properties": { "node_index": 2061, "is_stop_only": false }, "geometry": { "type": "Point", "coordinates": [ 589764.166717295418493, 4517053.709433975629508 ] } },
{ "type": "Feature", "properties": { "node_index": 2062, "is_stop_only": false }, "geometry": { "type": "Point", "coordinates": [ 589801.315048765391111, 4517122.496167375706136 ] } },
{ "type": "Feature", "properties": { "node_index": 2063, "is_stop_only": false }, "geometry": { "type": "Point", "coordinates": [ 589838.329062661156058, 4517192.558268813416362 ] } },
{ "type": "Feature", "properties": { "node_index": 2064, "is_stop_only": false }, "geometry": { "type": "Point", "coordinates": [ 589876.196511417860165, 4517263.841125986538827 ] } },
{ "type": "Feature", "properties": { "node_index": 2065, "is_stop_only": false }, "geometry": { "type": "Point", "coordinates": [ 589955.292555042891763, 4517410.800570465624332 ] } },
{ "type": "Feature", "properties": { "node_index": 2066, "is_stop_only": false }, "geometry": { "type": "Point", "coordinates": [ 590030.221763337263837, 4517556.044878629036248 ] } },
{ "type": "Feature", "properties": { "node_index": 2067, "is_stop_only": false }, "geometry": { "type": "Point", "coordinates": [ 590061.706845282809809, 4517615.604604437015951 ] } },
{ "type": "Feature", "properties": { "node_index": 2068, "is_stop_only": false }, "geometry": { "type": "Point", "coordinates": [ 585210.123056369717233, 4508580.120150496251881 ] } },
{ "type": "Feature", "properties": { "node_index": 2069, "is_stop_only": false }, "geometry": { "type": "Point", "coordinates": [ 583394.782143630436622, 4506194.625849780626595 ] } },
{ "type": "Feature", "properties": { "node_index": 2070, "is_stop_only": false }, "geometry": { "type": "Point", "coordinates": [ 586572.462226018076763, 4511131.945253948681056 ] } },
{ "type": "Feature", "properties": { "node_index": 2071, "is_stop_only": false }, "geometry": { "type": "Point", "coordinates": [ 586560.696779229911044, 4511097.546290161088109 ] } },
{ "type": "Feature", "properties": { "node_index": 2072, "is_stop_only": false }, "geometry": { "type": "Point", "coordinates": [ 586547.82249521499034, 4511068.430167084559798 ] } },
{ "type": "Feature", "properties": { "node_index": 2073, "is_stop_only": false }, "geometry": { "type": "Point", "coordinates": [ 587733.411322763306089, 4518799.643138498999178 ] } },
{ "type": "Feature", "properties": { "node_index": 2074, "is_stop_only": false }, "geometry": { "type": "Point", "coordinates": [ 590231.230146449874155, 4517371.362044028937817 ] } },
{ "type": "Feature", "properties": { "node_index": 2075, "is_stop_only": false }, "geometry": { "type": "Point", "coordinates": [ 589661.034631564980373, 4516185.488918403163552 ] } },
{ "type": "Feature", "properties": { "node_index": 2076, "is_stop_only": false }, "geometry": { "type": "Point", "coordinates": [ 589697.23681294801645, 4516252.742377880960703 ] } },
{ "type": "Feature", "properties": { "node_index": 2077, "is_stop_only": false }, "geometry": { "type": "Point", "coordinates": [ 589753.142431082436815, 4520985.78678228892386 ] } },
{ "type": "Feature", "properties": { "node_index": 2078, "is_stop_only": false }, "geometry": { "type": "Point", "coordinates": [ 587416.832861319649965, 4511871.467088913545012 ] } },
{ "type": "Feature", "properties": { "node_index": 2079, "is_stop_only": false }, "geometry": { "type": "Point", "coordinates": [ 586463.187280263169669, 4511209.151090312749147 ] } },
{ "type": "Feature", "properties": { "node_index": 2080, "is_stop_only": false }, "geometry": { "type": "Point", "coordinates": [ 587665.663708262844011, 4518455.930011481046677 ] } },
{ "type": "Feature", "properties": { "node_index": 2081, "is_stop_only": false }, "geometry": { "type": "Point", "coordinates": [ 587625.24606233718805, 4518385.805387794040143 ] } },
{ "type": "Feature", "properties": { "node_index": 2082, "is_stop_only": false }, "geometry": { "type": "Point", "coordinates": [ 587017.176714009605348, 4511175.423804332502186 ] } },
{ "type": "Feature", "properties": { "node_index": 2083, "is_stop_only": false }, "geometry": { "type": "Point", "coordinates": [ 584816.663253338658251, 4511454.57488620467484 ] } },
{ "type": "Feature", "properties": { "node_index": 2084, "is_stop_only": false }, "geometry": { "type": "Point", "coordinates": [ 584853.949597126920708, 4511523.76870640181005 ] } },
{ "type": "Feature", "properties": { "node_index": 2085, "is_stop_only": false }, "geometry": { "type": "Point", "coordinates": [ 586586.23028291889932, 4510110.256614565849304 ] } },
{ "type": "Feature", "properties": { "node_index": 2086, "is_stop_only": false }, "geometry": { "type": "Point", "coordinates": [ 586969.965239025186747, 4511481.425166514702141 ] } },
{ "type": "Feature", "properties": { "node_index": 2087, "is_stop_only": false }, "geometry": { "type": "Point", "coordinates": [ 586557.945409195264801, 4510070.035979567095637 ] } },
{ "type": "Feature", "properties": { "node_index": 2088, "is_stop_only": false }, "geometry": { "type": "Point", "coordinates": [ 588005.141909501864575, 4515888.079390984028578 ] } },
{ "type": "Feature", "properties": { "node_index": 2089, "is_stop_only": false }, "geometry": { "type": "Point", "coordinates": [ 588143.702339576906525, 4515813.388759511522949 ] } },
{ "type": "Feature", "properties": { "node_index": 2090, "is_stop_only": false }, "geometry": { "type": "Point", "coordinates": [ 582971.703566398704425, 4506802.726138568483293 ] } },
{ "type": "Feature", "properties": { "node_index": 2091, "is_stop_only": false }, "geometry": { "type": "Point", "coordinates": [ 588103.091555128805339, 4515738.008369219489396 ] } },
{ "type": "Feature", "properties": { "node_index": 2092, "is_stop_only": false }, "geometry": { "type": "Point", "coordinates": [ 586525.197558918967843, 4515201.221043112687767 ] } },
{ "type": "Feature", "properties": { "node_index": 2093, "is_stop_only": false }, "geometry": { "type": "Point", "coordinates": [ 585316.291780371684581, 4509260.925657637417316 ] } },
{ "type": "Feature", "properties": { "node_index": 2094, "is_stop_only": false }, "geometry": { "type": "Point", "coordinates": [ 585379.674401619588025, 4509267.006507813930511 ] } },
{ "type": "Feature", "properties": { "node_index": 2095, "is_stop_only": false }, "geometry": { "type": "Point", "coordinates": [ 585916.169301111949608, 4513467.211415666155517 ] } },
{ "type": "Feature", "properties": { "node_index": 2096, "is_stop_only": false }, "geometry": { "type": "Point", "coordinates": [ 585830.185010743560269, 4513914.689876439981163 ] } },
{ "type": "Feature", "properties": { "node_index": 2097, "is_stop_only": false }, "geometry": { "type": "Point", "coordinates": [ 585899.557231659302488, 4514057.969821745529771 ] } },
{ "type": "Feature", "properties": { "node_index": 2098, "is_stop_only": false }, "geometry": { "type": "Point", "coordinates": [ 584200.09634078561794, 4507348.497358310036361 ] } },
{ "type": "Feature", "properties": { "node_index": 2099, "is_stop_only": false }, "geometry": { "type": "Point", "coordinates": [ 586016.700797748402692, 4514265.63242497202009 ] } },
{ "type": "Feature", "properties": { "node_index": 2100, "is_stop_only": false }, "geometry": { "type": "Point", "coordinates": [ 586056.407549945055507, 4514334.91693086642772 ] } },
{ "type": "Feature", "properties": { "node_index": 2101, "is_stop_only": false }, "geometry": { "type": "Point", "coordinates": [ 586094.199751676176675, 4514404.023977666161954 ] } },
{ "type": "Feature", "properties": { "node_index": 2102, "is_stop_only": false }, "geometry": { "type": "Point", "coordinates": [ 586173.348214631201699, 4514551.261971776373684 ] } },
{ "type": "Feature", "properties": { "node_index": 2103, "is_stop_only": false }, "geometry": { "type": "Point", "coordinates": [ 586251.493825010606088, 4514698.822314727120101 ] } },
{ "type": "Feature", "properties": { "node_index": 2104, "is_stop_only": false }, "geometry": { "type": "Point", "coordinates": [ 585934.997283551376313, 4513546.811049211770296 ] } },
{ "type": "Feature", "properties": { "node_index": 2105, "is_stop_only": false }, "geometry": { "type": "Point", "coordinates": [ 585925.860714845126495, 4513466.380182509310544 ] } },
{ "type": "Feature", "properties": { "node_index": 2106, "is_stop_only": false }, "geometry": { "type": "Point", "coordinates": [ 586290.345499522285536, 4514768.664498814381659 ] } },
{ "type": "Feature", "properties": { "node_index": 2107, "is_stop_only": false }, "geometry": { "type": "Point", "coordinates": [ 589882.635993792442605, 4517727.326361424289644 ] } },
{ "type": "Feature", "properties": { "node_index": 2108, "is_stop_only": false }, "geometry": { "type": "Point", "coordinates": [ 586329.536281760549173, 4514838.311028631404042 ] } },
{ "type": "Feature", "properties": { "node_index": 2109, "is_stop_only": false }, "geometry": { "type": "Point", "coordinates": [ 586447.462506484356709, 4515057.026193312369287 ] } },
{ "type": "Feature", "properties": { "node_index": 2110, "is_stop_only": false }, "geometry": { "type": "Point", "coordinates": [ 586456.324850587639958, 4508089.971691554412246 ] } },
{ "type": "Feature", "properties": { "node_index": 2111, "is_stop_only": false }, "geometry": { "type": "Point", "coordinates": [ 586679.502809591591358, 4515487.401634913869202 ] } },
{ "type": "Feature", "properties": { "node_index": 2112, "is_stop_only": false }, "geometry": { "type": "Point", "coordinates": [ 586533.044441275880672, 4508070.16078108176589 ] } },
{ "type": "Feature", "properties": { "node_index": 2113, "is_stop_only": false }, "geometry": { "type": "Point", "coordinates": [ 589877.622733602998778, 4519089.554458074271679 ] } },
{ "type": "Feature", "properties": { "node_index": 2114, "is_stop_only": false }, "geometry": { "type": "Point", "coordinates": [ 586720.641542582889087, 4515563.71252965927124 ] } },
{ "type": "Feature", "properties": { "node_index": 2115, "is_stop_only": false }, "geometry": { "type": "Point", "coordinates": [ 585896.091716836788692, 4513536.767258550040424 ] } },
{ "type": "Feature", "properties": { "node_index": 2116, "is_stop_only": false }, "geometry": { "type": "Point", "coordinates": [ 589868.753612370928749, 4519186.327225304208696 ] } },
{ "type": "Feature", "properties": { "node_index": 2117, "is_stop_only": false }, "geometry": { "type": "Point", "coordinates": [ 588111.72677140776068, 4512764.554810076020658 ] } },
{ "type": "Feature", "properties": { "node_index": 2118, "is_stop_only": false }, "geometry": { "type": "Point", "coordinates": [ 586949.300470535526983, 4515991.837546606548131 ] } },
{ "type": "Feature", "properties": { "node_index": 2119, "is_stop_only": false }, "geometry": { "type": "Point", "coordinates": [ 586031.25365728023462, 4507528.877509701997042 ] } },
{ "type": "Feature", "properties": { "node_index": 2120, "is_stop_only": false }, "geometry": { "type": "Point", "coordinates": [ 586985.505962721887045, 4516061.66389359626919 ] } },
{ "type": "Feature", "properties": { "node_index": 2121, "is_stop_only": false }, "geometry": { "type": "Point", "coordinates": [ 587061.330136137432419, 4516201.490593072958291 ] } },
{ "type": "Feature", "properties": { "node_index": 2122, "is_stop_only": false }, "geometry": { "type": "Point", "coordinates": [ 586029.321076688822359, 4507554.934060225263238 ] } },
{ "type": "Feature", "properties": { "node_index": 2123, "is_stop_only": false }, "geometry": { "type": "Point", "coordinates": [ 587102.632268266170286, 4516276.851035918109119 ] } },
{ "type": "Feature", "properties": { "node_index": 2124, "is_stop_only": false }, "geometry": { "type": "Point", "coordinates": [ 587143.412106283474714, 4516352.7829116191715 ] } },
{ "type": "Feature", "properties": { "node_index": 2125, "is_stop_only": false }, "geometry": { "type": "Point", "coordinates": [ 589706.10008583648596, 4516034.64206307567656 ] } },
{ "type": "Feature", "properties": { "node_index": 2126, "is_stop_only": false }, "geometry": { "type": "Point", "coordinates": [ 589651.225821197149344, 4515954.616558094508946 ] } },
{ "type": "Feature", "properties": { "node_index": 2127, "is_stop_only": false }, "geometry": { "type": "Point", "coordinates": [ 590098.915166201768443, 4522404.342451167292893 ] } },
{ "type": "Feature", "properties": { "node_index": 2128, "is_stop_only": false }, "geometry": { "type": "Point", "coordinates": [ 587260.735533756087534, 4516568.341610325500369 ] } },
{ "type": "Feature", "properties": { "node_index": 2129, "is_stop_only": false }, "geometry": { "type": "Point", "coordinates": [ 587407.820101584424265, 4516841.597843068651855 ] } },
{ "type": "Feature", "properties": { "node_index": 2130, "is_stop_only": false }, "geometry": { "type": "Point", "coordinates": [ 587565.369307042332366, 4517135.04332787822932 ] } },
{ "type": "Feature", "properties": { "node_index": 2131, "is_stop_only": false }, "geometry": { "type": "Point", "coordinates": [ 588440.117549796123058, 4513229.449758007191122 ] } },
{ "type": "Feature", "properties": { "node_index": 2132, "is_stop_only": false }, "geometry": { "type": "Point", "coordinates": [ 588531.146351978648454, 4513367.340789993293583 ] } },
{ "type": "Feature", "properties": { "node_index": 2133, "is_stop_only": false }, "geometry": { "type": "Point", "coordinates": [ 587603.284605673281476, 4517206.258978854864836 ] } },
{ "type": "Feature", "properties": { "node_index": 2134, "is_stop_only": false }, "geometry": { "type": "Point", "coordinates": [ 584136.40302101499401, 4507091.938569714315236 ] } },
{ "type": "Feature", "properties": { "node_index": 2135, "is_stop_only": false }, "geometry": { "type": "Point", "coordinates": [ 589023.807263879687525, 4521018.417905008420348 ] } },
{ "type": "Feature", "properties": { "node_index": 2136, "is_stop_only": false }, "geometry": { "type": "Point", "coordinates": [ 590009.784646332613192, 4523227.067847139202058 ] } },
{ "type": "Feature", "properties": { "node_index": 2137, "is_stop_only": false }, "geometry": { "type": "Point", "coordinates": [ 590045.808485208195634, 4523293.900772172957659 ] } },
{ "type": "Feature", "properties": { "node_index": 2138, "is_stop_only": false }, "geometry": { "type": "Point", "coordinates": [ 590202.135002268943936, 4523475.172150142490864 ] } },
{ "type": "Feature", "properties": { "node_index": 2139, "is_stop_only": false }, "geometry": { "type": "Point", "coordinates": [ 584760.875891750911251, 4507659.535935751162469 ] } },
{ "type": "Feature", "properties": { "node_index": 2140, "is_stop_only": false }, "geometry": { "type": "Point", "coordinates": [ 588982.771236602100544, 4521130.014497452415526 ] } },
{ "type": "Feature", "properties": { "node_index": 2141, "is_stop_only": false }, "geometry": { "type": "Point", "coordinates": [ 589005.186022474546917, 4521207.558107992634177 ] } },
{ "type": "Feature", "properties": { "node_index": 2142, "is_stop_only": false }, "geometry": { "type": "Point", "coordinates": [ 589027.885757701587863, 4521286.604084914550185 ] } },
{ "type": "Feature", "properties": { "node_index": 2143, "is_stop_only": false }, "geometry": { "type": "Point", "coordinates": [ 589049.406265850411728, 4521362.005411302670836 ] } },
{ "type": "Feature", "properties": { "node_index": 2144, "is_stop_only": false }, "geometry": { "type": "Point", "coordinates": [ 589072.58407199755311, 4521441.1794637395069 ] } },
{ "type": "Feature", "properties": { "node_index": 2145, "is_stop_only": false }, "geometry": { "type": "Point", "coordinates": [ 585428.950709951110184, 4508530.601962136104703 ] } },
{ "type": "Feature", "properties": { "node_index": 2146, "is_stop_only": false }, "geometry": { "type": "Point", "coordinates": [ 589104.858119458658621, 4521554.703561835922301 ] } },
{ "type": "Feature", "properties": { "node_index": 2147, "is_stop_only": false }, "geometry": { "type": "Point", "coordinates": [ 589168.578904216410592, 4521773.193382104858756 ] } },
{ "type": "Feature", "properties": { "node_index": 2148, "is_stop_only": false }, "geometry": { "type": "Point", "coordinates": [ 590350.664924500160851, 4523718.41533238068223 ] } },
{ "type": "Feature", "properties": { "node_index": 2149, "is_stop_only": false }, "geometry": { "type": "Point", "coordinates": [ 590312.381200375384651, 4523795.33205674495548 ] } },
{ "type": "Feature", "properties": { "node_index": 2150, "is_stop_only": false }, "geometry": { "type": "Point", "coordinates": [ 589190.1242567532463, 4521846.286229030229151 ] } },
{ "type": "Feature", "properties": { "node_index": 2151, "is_stop_only": false }, "geometry": { "type": "Point", "coordinates": [ 590278.079696796834469, 4523863.74865747615695 ] } },
{ "type": "Feature", "properties": { "node_index": 2152, "is_stop_only": false }, "geometry": { "type": "Point", "coordinates": [ 589220.737209197715856, 4521916.935122357681394 ] } },
{ "type": "Feature", "properties": { "node_index": 2153, "is_stop_only": false }, "geometry": { "type": "Point", "coordinates": [ 586257.186279893503524, 4512316.063759249635041 ] } },
{ "type": "Feature", "properties": { "node_index": 2154, "is_stop_only": false }, "geometry": { "type": "Point", "coordinates": [ 589261.889752233983018, 4521984.713871407322586 ] } },
{ "type": "Feature", "properties": { "node_index": 2155, "is_stop_only": false }, "geometry": { "type": "Point", "coordinates": [ 589828.908051993581466, 4518133.324705678969622 ] } },
{ "type": "Feature", "properties": { "node_index": 2156, "is_stop_only": false }, "geometry": { "type": "Point", "coordinates": [ 585259.612429109984078, 4512853.918265800923109 ] } },
{ "type": "Feature", "properties": { "node_index": 2157, "is_stop_only": false }, "geometry": { "type": "Point", "coordinates": [ 589290.287350451457314, 4522055.780427354387939 ] } },
{ "type": "Feature", "properties": { "node_index": 2158, "is_stop_only": false }, "geometry": { "type": "Point", "coordinates": [ 585018.285519864875823, 4512983.904177262447774 ] } },
{ "type": "Feature", "properties": { "node_index": 2159, "is_stop_only": false }, "geometry": { "type": "Point", "coordinates": [ 589312.7216183594428, 4522131.882160300388932 ] } },
{ "type": "Feature", "properties": { "node_index": 2160, "is_stop_only": false }, "geometry": { "type": "Point", "coordinates": [ 589335.16076635196805, 4522207.539940604008734 ] } },
{ "type": "Feature", "properties": { "node_index": 2161, "is_stop_only": false }, "geometry": { "type": "Point", "coordinates": [ 589349.70190689782612, 4522260.008918015286326 ] } },
{ "type": "Feature", "properties": { "node_index": 2162, "is_stop_only": false }, "geometry": { "type": "Point", "coordinates": [ 589372.545600783312693, 4522337.00405159406364 ] } },
{ "type": "Feature", "properties": { "node_index": 2163, "is_stop_only": false }, "geometry": { "type": "Point", "coordinates": [ 584584.655063152778894, 4513217.580376447178423 ] } },
{ "type": "Feature", "properties": { "node_index": 2164, "is_stop_only": false }, "geometry": { "type": "Point", "coordinates": [ 589393.19744967808947, 4522406.978128279559314 ] } },
{ "type": "Feature", "properties": { "node_index": 2165, "is_stop_only": false }, "geometry": { "type": "Point", "coordinates": [ 586106.659183864248917, 4512036.567625393159688 ] } },
{ "type": "Feature", "properties": { "node_index": 2166, "is_stop_only": false }, "geometry": { "type": "Point", "coordinates": [ 585108.801879920065403, 4512574.128758567385375 ] } },
{ "type": "Feature", "properties": { "node_index": 2167, "is_stop_only": false }, "geometry": { "type": "Point", "coordinates": [ 584867.374960551038384, 4512704.207369029521942 ] } },
{ "type": "Feature", "properties": { "node_index": 2168, "is_stop_only": false }, "geometry": { "type": "Point", "coordinates": [ 588501.962671553948894, 4518288.87692991271615 ] } },
{ "type": "Feature", "properties": { "node_index": 2169, "is_stop_only": false }, "geometry": { "type": "Point", "coordinates": [ 589463.201723052305169, 4522645.432019338943064 ] } },
{ "type": "Feature", "properties": { "node_index": 2170, "is_stop_only": false }, "geometry": { "type": "Point", "coordinates": [ 584420.131031337194145, 4512946.319399536587298 ] } },
{ "type": "Feature", "properties": { "node_index": 2171, "is_stop_only": false }, "geometry": { "type": "Point", "coordinates": [ 587178.256606079172343, 4511770.922382752411067 ] } },
{ "type": "Feature", "properties": { "node_index": 2172, "is_stop_only": false }, "geometry": { "type": "Point", "coordinates": [ 589493.593048714799806, 4522749.154174085706472 ] } },
{ "type": "Feature", "properties": { "node_index": 2173, "is_stop_only": false }, "geometry": { "type": "Point", "coordinates": [ 589437.126311078667641, 4519971.346223634667695 ] } },
{ "type": "Feature", "properties": { "node_index": 2174, "is_stop_only": false }, "geometry": { "type": "Point", "coordinates": [ 589531.148138380958699, 4522884.949888375587761 ] } },
{ "type": "Feature", "properties": { "node_index": 2175, "is_stop_only": false }, "geometry": { "type": "Point", "coordinates": [ 589049.828529152902775, 4520180.391844557598233 ] } },
{ "type": "Feature", "properties": { "node_index": 2176, "is_stop_only": false }, "geometry": { "type": "Point", "coordinates": [ 585912.597739351098426, 4507854.86049560084939 ] } },
{ "type": "Feature", "properties": { "node_index": 2177, "is_stop_only": false }, "geometry": { "type": "Point", "coordinates": [ 583956.573225789936259, 4507030.982832797802985 ] } },
{ "type": "Feature", "properties": { "node_index": 2178, "is_stop_only": false }, "geometry": { "type": "Point", "coordinates": [ 584092.751224659499712, 4507486.233393056318164 ] } },
{ "type": "Feature", "properties": { "node_index": 2179, "is_stop_only": false }, "geometry": { "type": "Point", "coordinates": [ 589561.829833698924631, 4523024.326320039108396 ] } },
{ "type": "Feature", "properties": { "node_index": 2180, "is_stop_only": false }, "geometry": { "type": "Point", "coordinates": [ 589604.295302175916731, 4523218.581709857098758 ] } },
{ "type": "Feature", "properties": { "node_index": 2181, "is_stop_only": false }, "geometry": { "type": "Point", "coordinates": [ 589711.301856958889402, 4523440.156818689778447 ] } },
{ "type": "Feature", "properties": { "node_index": 2182, "is_stop_only": false }, "geometry": { "type": "Point", "coordinates": [ 586695.975372161017731, 4512802.048099520616233 ] } },
{ "type": "Feature", "properties": { "node_index": 2183, "is_stop_only": false }, "geometry": { "type": "Point", "coordinates": [ 586841.178594448138028, 4512724.567818183451891 ] } },
{ "type": "Feature", "properties": { "node_index": 2184, "is_stop_only": false }, "geometry": { "type": "Point", "coordinates": [ 586970.162731152726337, 4512654.005299599841237 ] } },
{ "type": "Feature", "properties": { "node_index": 2185, "is_stop_only": false }, "geometry": { "type": "Point", "coordinates": [ 587107.569889165926725, 4512580.246644238941371 ] } },
{ "type": "Feature", "properties": { "node_index": 2186, "is_stop_only": false }, "geometry": { "type": "Point", "coordinates": [ 587497.61840684118215, 4512369.270797533914447 ] } },
{ "type": "Feature", "properties": { "node_index": 2187, "is_stop_only": false }, "geometry": { "type": "Point", "coordinates": [ 583973.658847297541797, 4507227.738248628564179 ] } },
{ "type": "Feature", "properties": { "node_index": 2188, "is_stop_only": false }, "geometry": { "type": "Point", "coordinates": [ 587726.304155582445674, 4512245.831285402178764 ] } },
{ "type": "Feature", "properties": { "node_index": 2189, "is_stop_only": false }, "geometry": { "type": "Point", "coordinates": [ 584110.472756352042779, 4507062.390612739138305 ] } },
{ "type": "Feature", "properties": { "node_index": 2190, "is_stop_only": false }, "geometry": { "type": "Point", "coordinates": [ 588564.743733436800539, 4520916.430017800070345 ] } },
{ "type": "Feature", "properties": { "node_index": 2191, "is_stop_only": false }, "geometry": { "type": "Point", "coordinates": [ 583926.997669356991537, 4506705.935217801481485 ] } },
{ "type": "Feature", "properties": { "node_index": 2192, "is_stop_only": false }, "geometry": { "type": "Point", "coordinates": [ 583993.546258796006441, 4506638.07748887874186 ] } },
{ "type": "Feature", "properties": { "node_index": 2193, "is_stop_only": false }, "geometry": { "type": "Point", "coordinates": [ 584033.982632731320336, 4506595.448213838972151 ] } },
{ "type": "Feature", "properties": { "node_index": 2194, "is_stop_only": false }, "geometry": { "type": "Point", "coordinates": [ 584097.514952487312257, 4506532.242289674468338 ] } },
{ "type": "Feature", "properties": { "node_index": 2195, "is_stop_only": false }, "geometry": { "type": "Point", "coordinates": [ 583455.843414118979126, 4507265.104573265649378 ] } },
{ "type": "Feature", "properties": { "node_index": 2196, "is_stop_only": false }, "geometry": { "type": "Point", "coordinates": [ 588781.739261129288934, 4519681.927982590161264 ] } },
{ "type": "Feature", "properties": { "node_index": 2197, "is_stop_only": false }, "geometry": { "type": "Point", "coordinates": [ 588635.944482718012296, 4519760.38217363320291 ] } },
{ "type": "Feature", "properties": { "node_index": 2198, "is_stop_only": false }, "geometry": { "type": "Point", "coordinates": [ 584654.201310066622682, 4506934.672147898934782 ] } },
{ "type": "Feature", "properties": { "node_index": 2199, "is_stop_only": false }, "geometry": { "type": "Point", "coordinates": [ 584158.861589136300609, 4507447.615112647414207 ] } },
{ "type": "Feature", "properties": { "node_index": 2200, "is_stop_only": false }, "geometry": { "type": "Point", "coordinates": [ 584206.602586851688102, 4507483.827838433906436 ] } },
{ "type": "Feature", "properties": { "node_index": 2201, "is_stop_only": false }, "geometry": { "type": "Point", "coordinates": [ 583037.895019642077386, 4506562.808093469589949 ] } },
{ "type": "Feature", "properties": { "node_index": 2202, "is_stop_only": false }, "geometry": { "type": "Point", "coordinates": [ 585230.935892216162756, 4510412.948077219538391 ] } },
{ "type": "Feature", "properties": { "node_index": 2203, "is_stop_only": false }, "geometry": { "type": "Point", "coordinates": [ 584230.666947362478822, 4510953.7221614215523 ] } },
{ "type": "Feature", "properties": { "node_index": 2204, "is_stop_only": false }, "geometry": { "type": "Point", "coordinates": [ 583992.570628175977618, 4511081.103356135077775 ] } },
{ "type": "Feature", "properties": { "node_index": 2205, "is_stop_only": false }, "geometry": { "type": "Point", "coordinates": [ 583769.605562673998065, 4511201.702019831165671 ] } },
{ "type": "Feature", "properties": { "node_index": 2206, "is_stop_only": false }, "geometry": { "type": "Point", "coordinates": [ 585647.532875627861358, 4511185.889349847100675 ] } },
{ "type": "Feature", "properties": { "node_index": 2207, "is_stop_only": false }, "geometry": { "type": "Point", "coordinates": [ 584282.782471552025527, 4507618.528570818714797 ] } },
{ "type": "Feature", "properties": { "node_index": 2208, "is_stop_only": false }, "geometry": { "type": "Point", "coordinates": [ 584319.649436221108772, 4507682.273841603659093 ] } },
{ "type": "Feature", "properties": { "node_index": 2209, "is_stop_only": false }, "geometry": { "type": "Point", "coordinates": [ 584391.867050340282731, 4507814.421733114868402 ] } },
{ "type": "Feature", "properties": { "node_index": 2210, "is_stop_only": false }, "geometry": { "type": "Point", "coordinates": [ 584436.943880058708601, 4507891.428154949098825 ] } },
{ "type": "Feature", "properties": { "node_index": 2211, "is_stop_only": false }, "geometry": { "type": "Point", "coordinates": [ 584463.299512664671056, 4507935.914570359513164 ] } },
{ "type": "Feature", "properties": { "node_index": 2212, "is_stop_only": false }, "geometry": { "type": "Point", "coordinates": [ 584506.964735426241532, 4508009.163989284075797 ] } },
{ "type": "Feature", "properties": { "node_index": 2213, "is_stop_only": false }, "geometry": { "type": "Point", "coordinates": [ 584523.146858261665329, 4508036.071135563775897 ] } },
{ "type": "Feature", "properties": { "node_index": 2214, "is_stop_only": false }, "geometry": { "type": "Point", "coordinates": [ 584583.067838279646821, 4508135.551853893324733 ] } },
{ "type": "Feature", "properties": { "node_index": 2215, "is_stop_only": false }, "geometry": { "type": "Point", "coordinates": [ 584654.072366809239611, 4508251.05783763807267 ] } },
{ "type": "Feature", "properties": { "node_index": 2216, "is_stop_only": false }, "geometry": { "type": "Point", "coordinates": [ 585793.626762703759596, 4507640.744126499630511 ] } },
{ "type": "Feature", "properties": { "node_index": 2217, "is_stop_only": false }, "geometry": { "type": "Point", "coordinates": [ 585845.879145417246036, 4507741.123651695437729 ] } },
{ "type": "Feature", "properties": { "node_index": 2218, "is_stop_only": false }, "geometry": { "type": "Point", "coordinates": [ 585864.598982418770902, 4507805.322020304389298 ] } },
{ "type": "Feature", "properties": { "node_index": 2219, "is_stop_only": false }, "geometry": { "type": "Point", "coordinates": [ 585885.979025685926899, 4507859.337269975803792 ] } },
{ "type": "Feature", "properties": { "node_index": 2220, "is_stop_only": false }, "geometry": { "type": "Point", "coordinates": [ 585937.019809790072031, 4507984.572355104610324 ] } },
{ "type": "Feature", "properties": { "node_index": 2221, "is_stop_only": false }, "geometry": { "type": "Point", "coordinates": [ 585984.857896630768664, 4508114.13388451281935 ] } },
{ "type": "Feature", "properties": { "node_index": 2222, "is_stop_only": false }, "geometry": { "type": "Point", "coordinates": [ 589090.858814572682604, 4514884.857332676649094 ] } },
{ "type": "Feature", "properties": { "node_index": 2223, "is_stop_only": false }, "geometry": { "type": "Point", "coordinates": [ 589097.900246419478208, 4514867.089415987953544 ] } },
{ "type": "Feature", "properties": { "node_index": 2224, "is_stop_only": false }, "geometry": { "type": "Point", "coordinates": [ 586034.067257333081216, 4508246.209689076058567 ] } },
{ "type": "Feature", "properties": { "node_index": 2225, "is_stop_only": false }, "geometry": { "type": "Point", "coordinates": [ 585196.749721306376159, 4510348.584313180297613 ] } },
{ "type": "Feature", "properties": { "node_index": 2226, "is_stop_only": false }, "geometry": { "type": "Point", "coordinates": [ 584923.146481047500856, 4510496.211717181839049 ] } },
{ "type": "Feature", "properties": { "node_index": 2227, "is_stop_only": false }, "geometry": { "type": "Point", "coordinates": [ 585119.789243048988283, 4507327.906501432880759 ] } },
{ "type": "Feature", "properties": { "node_index": 2228, "is_stop_only": false }, "geometry": { "type": "Point", "coordinates": [ 584681.67307360318955, 4510626.341545939445496 ] } },
{ "type": "Feature", "properties": { "node_index": 2229, "is_stop_only": false }, "geometry": { "type": "Point", "coordinates": [ 584439.978285244433209, 4510756.654151520691812 ] } },
{ "type": "Feature", "properties": { "node_index": 2230, "is_stop_only": false }, "geometry": { "type": "Point", "coordinates": [ 583845.242338537238538, 4507102.808754010125995 ] } },
{ "type": "Feature", "properties": { "node_index": 2231, "is_stop_only": false }, "geometry": { "type": "Point", "coordinates": [ 584195.242640132200904, 4510888.571902084164321 ] } },
{ "type": "Feature", "properties": { "node_index": 2232, "is_stop_only": false }, "geometry": { "type": "Point", "coordinates": [ 583957.139376379898749, 4511016.442675822414458 ] } },
{ "type": "Feature", "properties": { "node_index": 2233, "is_stop_only": false }, "geometry": { "type": "Point", "coordinates": [ 583759.629650259274058, 4511122.8973587481305 ] } },
{ "type": "Feature", "properties": { "node_index": 2234, "is_stop_only": false }, "geometry": { "type": "Point", "coordinates": [ 587920.5775507313665, 4512528.501513782888651 ] } },
{ "type": "Feature", "properties": { "node_index": 2235, "is_stop_only": false }, "geometry": { "type": "Point", "coordinates": [ 583067.620193086680956, 4506822.939186885021627 ] } },
{ "type": "Feature", "properties": { "node_index": 2236, "is_stop_only": false }, "geometry": { "type": "Point", "coordinates": [ 588132.577173409983516, 4512771.020206841640174 ] } },
{ "type": "Feature", "properties": { "node_index": 2237, "is_stop_only": false }, "geometry": { "type": "Point", "coordinates": [ 583002.005717105930671, 4506858.064453340135515 ] } },
{ "type": "Feature", "properties": { "node_index": 2238, "is_stop_only": false }, "geometry": { "type": "Point", "coordinates": [ 585272.126833518734202, 4509067.251220369711518 ] } },
{ "type": "Feature", "properties": { "node_index": 2239, "is_stop_only": false }, "geometry": { "type": "Point", "coordinates": [ 586243.332347836229019, 4511775.10102342441678 ] } },
{ "type": "Feature", "properties": { "node_index": 2240, "is_stop_only": false }, "geometry": { "type": "Point", "coordinates": [ 586319.537558421376161, 4511920.772898578085005 ] } },
{ "type": "Feature", "properties": { "node_index": 2241, "is_stop_only": false }, "geometry": { "type": "Point", "coordinates": [ 585075.867228158633225, 4510779.647527070716023 ] } },
{ "type": "Feature", "properties": { "node_index": 2242, "is_stop_only": false }, "geometry": { "type": "Point", "coordinates": [ 586357.382161949877627, 4511991.380165070295334 ] } },
{ "type": "Feature", "properties": { "node_index": 2243, "is_stop_only": false }, "geometry": { "type": "Point", "coordinates": [ 586432.959619537461549, 4512131.128559526987374 ] } },
{ "type": "Feature", "properties": { "node_index": 2244, "is_stop_only": false }, "geometry": { "type": "Point", "coordinates": [ 584834.434070874704048, 4510909.750521826557815 ] } },
{ "type": "Feature", "properties": { "node_index": 2245, "is_stop_only": false }, "geometry": { "type": "Point", "coordinates": [ 584593.103140247520059, 4511039.795733251608908 ] } },
{ "type": "Feature", "properties": { "node_index": 2246, "is_stop_only": false }, "geometry": { "type": "Point", "coordinates": [ 589161.090195523924194, 4517376.8793122805655 ] } },
{ "type": "Feature", "properties": { "node_index": 2247, "is_stop_only": false }, "geometry": { "type": "Point", "coordinates": [ 589311.153788971947506, 4517296.454097223468125 ] } },
{ "type": "Feature", "properties": { "node_index": 2248, "is_stop_only": false }, "geometry": { "type": "Point", "coordinates": [ 589437.596322620287538, 4517228.691631997004151 ] } },
{ "type": "Feature", "properties": { "node_index": 2249, "is_stop_only": false }, "geometry": { "type": "Point", "coordinates": [ 589573.806893533212133, 4517155.70927747618407 ] } },
{ "type": "Feature", "properties": { "node_index": 2250, "is_stop_only": false }, "geometry": { "type": "Point", "coordinates": [ 589965.699630320887081, 4516945.721678862348199 ] } },
{ "type": "Feature", "properties": { "node_index": 2251, "is_stop_only": false }, "geometry": { "type": "Point", "coordinates": [ 590157.191562270047143, 4516843.12370434589684 ] } },
{ "type": "Feature", "properties": { "node_index": 2252, "is_stop_only": false }, "geometry": { "type": "Point", "coordinates": [ 584393.474002324626781, 4507379.11595765221864 ] } },
{ "type": "Feature", "properties": { "node_index": 2253, "is_stop_only": false }, "geometry": { "type": "Point", "coordinates": [ 583879.147851812187582, 4507228.056882112286985 ] } },
{ "type": "Feature", "properties": { "node_index": 2254, "is_stop_only": false }, "geometry": { "type": "Point", "coordinates": [ 584348.314439597306773, 4511171.729912577196956 ] } },
{ "type": "Feature", "properties": { "node_index": 2255, "is_stop_only": false }, "geometry": { "type": "Point", "coordinates": [ 584110.21201990544796, 4511300.061955994926393 ] } },
{ "type": "Feature", "properties": { "node_index": 2256, "is_stop_only": false }, "geometry": { "type": "Point", "coordinates": [ 583720.210012875963002, 4511506.707688587717712 ] } },
{ "type": "Feature", "properties": { "node_index": 2257, "is_stop_only": false }, "geometry": { "type": "Point", "coordinates": [ 591745.057762803277001, 4525080.08711823541671 ] } },
{ "type": "Feature", "properties": { "node_index": 2258, "is_stop_only": false }, "geometry": { "type": "Point", "coordinates": [ 591628.862047114758752, 4525143.81588636431843 ] } },
{ "type": "Feature", "properties": { "node_index": 2259, "is_stop_only": false }, "geometry": { "type": "Point", "coordinates": [ 588369.444235199596733, 4518450.83078720420599 ] } },
{ "type": "Feature", "properties": { "node_index": 2260, "is_stop_only": false }, "geometry": { "type": "Point", "coordinates": [ 588407.244370235363021, 4518520.562007383443415 ] } },
{ "type": "Feature", "properties": { "node_index": 2261, "is_stop_only": false }, "geometry": { "type": "Point", "coordinates": [ 588444.196385633549653, 4518590.616375019773841 ] } },
{ "type": "Feature", "properties": { "node_index": 2262, "is_stop_only": false }, "geometry": { "type": "Point", "coordinates": [ 588482.337731497595087, 4518659.908018517307937 ] } },
{ "type": "Feature", "properties": { "node_index": 2263, "is_stop_only": false }, "geometry": { "type": "Point", "coordinates": [ 585332.453422907623462, 4507070.393366973847151 ] } },
{ "type": "Feature", "properties": { "node_index": 2264, "is_stop_only": false }, "geometry": { "type": "Point", "coordinates": [ 590138.776468441588804, 4522126.720199882984161 ] } },
{ "type": "Feature", "properties": { "node_index": 2265, "is_stop_only": false }, "geometry": { "type": "Point", "coordinates": [ 585838.682746956241317, 4511540.385651981458068 ] } },
{ "type": "Feature", "properties": { "node_index": 2266, "is_stop_only": false }, "geometry": { "type": "Point", "coordinates": [ 584599.439677631016821, 4512207.705360316671431 ] } },
{ "type": "Feature", "properties": { "node_index": 2267, "is_stop_only": false }, "geometry": { "type": "Point", "coordinates": [ 583880.43035609065555, 4509407.487916088663042 ] } },
{ "type": "Feature", "properties": { "node_index": 2268, "is_stop_only": false }, "geometry": { "type": "Point", "coordinates": [ 583897.474457278149202, 4509563.365575389005244 ] } },
{ "type": "Feature", "properties": { "node_index": 2269, "is_stop_only": false }, "geometry": { "type": "Point", "coordinates": [ 583915.017676233663224, 4509719.093552138656378 ] } },
{ "type": "Feature", "properties": { "node_index": 2270, "is_stop_only": false }, "geometry": { "type": "Point", "coordinates": [ 583932.242287237662822, 4509873.796627091243863 ] } },
{ "type": "Feature", "properties": { "node_index": 2271, "is_stop_only": false }, "geometry": { "type": "Point", "coordinates": [ 589913.983577036997303, 4517334.734641346149147 ] } },
{ "type": "Feature", "properties": { "node_index": 2272, "is_stop_only": false }, "geometry": { "type": "Point", "coordinates": [ 589906.109209953341633, 4517319.706057507544756 ] } },
{ "type": "Feature", "properties": { "node_index": 2273, "is_stop_only": false }, "geometry": { "type": "Point", "coordinates": [ 590249.493736164993607, 4517339.021250338293612 ] } },
{ "type": "Feature", "properties": { "node_index": 2274, "is_stop_only": false }, "geometry": { "type": "Point", "coordinates": [ 589585.862691955058835, 4520069.451293805614114 ] } },
{ "type": "Feature", "properties": { "node_index": 2275, "is_stop_only": false }, "geometry": { "type": "Point", "coordinates": [ 588571.836527762468904, 4519075.778924412094057 ] } },
{ "type": "Feature", "properties": { "node_index": 2276, "is_stop_only": false }, "geometry": { "type": "Point", "coordinates": [ 586280.834215386770666, 4512032.565718853846192 ] } },
{ "type": "Feature", "properties": { "node_index": 2277, "is_stop_only": false }, "geometry": { "type": "Point", "coordinates": [ 584209.772752148797736, 4509093.501095068641007 ] } },
{ "type": "Feature", "properties": { "node_index": 2278, "is_stop_only": false }, "geometry": { "type": "Point", "coordinates": [ 584205.915786197059788, 4509082.843675686046481 ] } },
{ "type": "Feature", "properties": { "node_index": 2279, "is_stop_only": false }, "geometry": { "type": "Point", "coordinates": [ 586555.005144445458427, 4511884.662429214455187 ] } },
{ "type": "Feature", "properties": { "node_index": 2280, "is_stop_only": false }, "geometry": { "type": "Point", "coordinates": [ 586693.805845421506092, 4511810.234958973713219 ] } },
{ "type": "Feature", "properties": { "node_index": 2281, "is_stop_only": false }, "geometry": { "type": "Point", "coordinates": [ 587085.716863989364356, 4511600.413334182463586 ] } },
{ "type": "Feature", "properties": { "node_index": 2282, "is_stop_only": false }, "geometry": { "type": "Point", "coordinates": [ 589997.824629956390709, 4522513.913389699533582 ] } },
{ "type": "Feature", "properties": { "node_index": 2283, "is_stop_only": false }, "geometry": { "type": "Point", "coordinates": [ 589774.719817341421731, 4522633.880752761848271 ] } },
{ "type": "Feature", "properties": { "node_index": 2284, "is_stop_only": false }, "geometry": { "type": "Point", "coordinates": [ 588332.173551424755715, 4513023.200865843333304 ] } },
{ "type": "Feature", "properties": { "node_index": 2285, "is_stop_only": false }, "geometry": { "type": "Point", "coordinates": [ 589631.021682998980395, 4522699.638489765115082 ] } },
{ "type": "Feature", "properties": { "node_index": 2286, "is_stop_only": false }, "geometry": { "type": "Point", "coordinates": [ 589412.983231379184872, 4522778.154393040575087 ] } },
{ "type": "Feature", "properties": { "node_index": 2287, "is_stop_only": false }, "geometry": { "type": "Point", "coordinates": [ 584556.001181576400995, 4506885.458183672279119 ] } },
{ "type": "Feature", "properties": { "node_index": 2288, "is_stop_only": false }, "geometry": { "type": "Point", "coordinates": [ 584974.865293911076151, 4506998.211233953014016 ] } },
{ "type": "Feature", "properties": { "node_index": 2289, "is_stop_only": false }, "geometry": { "type": "Point", "coordinates": [ 588668.198889641556889, 4519472.615352082066238 ] } },
{ "type": "Feature", "properties": { "node_index": 2290, "is_stop_only": false }, "geometry": { "type": "Point", "coordinates": [ 585147.298329819692299, 4507031.751350148580968 ] } },
{ "type": "Feature", "properties": { "node_index": 2291, "is_stop_only": false }, "geometry": { "type": "Point", "coordinates": [ 586078.320285612368025, 4507536.506664610467851 ] } },
{ "type": "Feature", "properties": { "node_index": 2292, "is_stop_only": false }, "geometry": { "type": "Point", "coordinates": [ 586082.196443175082095, 4507460.179907592013478 ] } },
{ "type": "Feature", "properties": { "node_index": 2293, "is_stop_only": false }, "geometry": { "type": "Point", "coordinates": [ 585164.535249111242592, 4507035.213201680220664 ] } },
{ "type": "Feature", "properties": { "node_index": 2294, "is_stop_only": false }, "geometry": { "type": "Point", "coordinates": [ 586096.195144133642316, 4507310.163504705764353 ] } },
{ "type": "Feature", "properties": { "node_index": 2295, "is_stop_only": false }, "geometry": { "type": "Point", "coordinates": [ 586104.594478232203983, 4507233.556205484084785 ] } },
{ "type": "Feature", "properties": { "node_index": 2296, "is_stop_only": false }, "geometry": { "type": "Point", "coordinates": [ 584150.893266501254402, 4509541.013755993917584 ] } },
{ "type": "Feature", "properties": { "node_index": 2297, "is_stop_only": false }, "geometry": { "type": "Point", "coordinates": [ 584139.068787054624408, 4509512.824505364522338 ] } },
{ "type": "Feature", "properties": { "node_index": 2298, "is_stop_only": false }, "geometry": { "type": "Point", "coordinates": [ 586641.504307863186114, 4513028.318972676061094 ] } },
{ "type": "Feature", "properties": { "node_index": 2299, "is_stop_only": false }, "geometry": { "type": "Point", "coordinates": [ 586586.6236568990862, 4513058.141739400103688 ] } },
{ "type": "Feature", "properties": { "node_index": 2300, "is_stop_only": false }, "geometry": { "type": "Point", "coordinates": [ 590411.489370998926461, 4523280.939632067456841 ] } },
{ "type": "Feature", "properties": { "node_index": 2301, "is_stop_only": false }, "geometry": { "type": "Point", "coordinates": [ 590292.947444326011464, 4523344.327907140366733 ] } },
{ "type": "Feature", "properties": { "node_index": 2302, "is_stop_only": false }, "geometry": { "type": "Point", "coordinates": [ 590207.189441528287716, 4523390.609799586236477 ] } },
{ "type": "Feature", "properties": { "node_index": 2303, "is_stop_only": false }, "geometry": { "type": "Point", "coordinates": [ 589996.386498016538098, 4522298.505685915239155 ] } },
{ "type": "Feature", "properties": { "node_index": 2304, "is_stop_only": false }, "geometry": { "type": "Point", "coordinates": [ 590010.281335985986516, 4523525.067801844328642 ] } },
{ "type": "Feature", "properties": { "node_index": 2305, "is_stop_only": false }, "geometry": { "type": "Point", "coordinates": [ 589930.686374186654575, 4523554.296652388758957 ] } },
{ "type": "Feature", "properties": { "node_index": 2306, "is_stop_only": false }, "geometry": { "type": "Point", "coordinates": [ 585535.63186681875959, 4510977.318729846738279 ] } },
{ "type": "Feature", "properties": { "node_index": 2307, "is_stop_only": false }, "geometry": { "type": "Point", "coordinates": [ 585384.889199043507688, 4511058.324903399683535 ] } },
{ "type": "Feature", "properties": { "node_index": 2308, "is_stop_only": false }, "geometry": { "type": "Point", "coordinates": [ 583647.128742696717381, 4506140.2014215355739 ] } },
{ "type": "Feature", "properties": { "node_index": 2309, "is_stop_only": false }, "geometry": { "type": "Point", "coordinates": [ 585261.959833593922667, 4511124.932542484253645 ] } },
{ "type": "Feature", "properties": { "node_index": 2310, "is_stop_only": false }, "geometry": { "type": "Point", "coordinates": [ 585785.591444137040526, 4515627.509292516857386 ] } },
{ "type": "Feature", "properties": { "node_index": 2311, "is_stop_only": false }, "geometry": { "type": "Point", "coordinates": [ 585020.366048368974589, 4511254.971980516798794 ] } },
{ "type": "Feature", "properties": { "node_index": 2312, "is_stop_only": false }, "geometry": { "type": "Point", "coordinates": [ 584779.202337555470876, 4511385.07952375151217 ] } },
{ "type": "Feature", "properties": { "node_index": 2313, "is_stop_only": false }, "geometry": { "type": "Point", "coordinates": [ 584534.812488807365298, 4511516.023872627876699 ] } },
{ "type": "Feature", "properties": { "node_index": 2314, "is_stop_only": false }, "geometry": { "type": "Point", "coordinates": [ 584296.981567558017559, 4511645.629625031724572 ] } },
{ "type": "Feature", "properties": { "node_index": 2315, "is_stop_only": false }, "geometry": { "type": "Point", "coordinates": [ 584055.311303845141083, 4511775.798768745735288 ] } },
{ "type": "Feature", "properties": { "node_index": 2316, "is_stop_only": false }, "geometry": { "type": "Point", "coordinates": [ 583820.595962158869952, 4511900.18124982342124 ] } },
{ "type": "Feature", "properties": { "node_index": 2317, "is_stop_only": false }, "geometry": { "type": "Point", "coordinates": [ 584966.325556518509984, 4507390.528472545556724 ] } },
{ "type": "Feature", "properties": { "node_index": 2318, "is_stop_only": false }, "geometry": { "type": "Point", "coordinates": [ 589640.767884326633066, 4518589.419026290997863 ] } },
{ "type": "Feature", "properties": { "node_index": 2319, "is_stop_only": false }, "geometry": { "type": "Point", "coordinates": [ 584994.58712169888895, 4507315.002588883973658 ] } },
{ "type": "Feature", "properties": { "node_index": 2320, "is_stop_only": false }, "geometry": { "type": "Point", "coordinates": [ 583881.109762947773561, 4506347.497337090782821 ] } },
{ "type": "Feature", "properties": { "node_index": 2321, "is_stop_only": false }, "geometry": { "type": "Point", "coordinates": [ 590176.368580377078615, 4524001.29903644323349 ] } },
{ "type": "Feature", "properties": { "node_index": 2322, "is_stop_only": false }, "geometry": { "type": "Point", "coordinates": [ 590202.754738406511024, 4524013.46800493542105 ] } },
{ "type": "Feature", "properties": { "node_index": 2323, "is_stop_only": false }, "geometry": { "type": "Point", "coordinates": [ 583945.698156999191269, 4506402.37235557474196 ] } },
{ "type": "Feature", "properties": { "node_index": 2324, "is_stop_only": false }, "geometry": { "type": "Point", "coordinates": [ 590293.48146416945383, 4524059.287796876393259 ] } },
{ "type": "Feature", "properties": { "node_index": 2325, "is_stop_only": false }, "geometry": { "type": "Point", "coordinates": [ 590363.85269634402357, 4524093.956669967621565 ] } },
{ "type": "Feature", "properties": { "node_index": 2326, "is_stop_only": false }, "geometry": { "type": "Point", "coordinates": [ 589937.256854726583697, 4521408.391344481147826 ] } },
{ "type": "Feature", "properties": { "node_index": 2327, "is_stop_only": false }, "geometry": { "type": "Point", "coordinates": [ 590434.474336743005551, 4524129.462000983767211 ] } },
{ "type": "Feature", "properties": { "node_index": 2328, "is_stop_only": false }, "geometry": { "type": "Point", "coordinates": [ 584074.282899443176575, 4506512.672564068809152 ] } },
{ "type": "Feature", "properties": { "node_index": 2329, "is_stop_only": false }, "geometry": { "type": "Point", "coordinates": [ 590510.87637674389407, 4524167.814585043117404 ] } },
{ "type": "Feature", "properties": { "node_index": 2330, "is_stop_only": false }, "geometry": { "type": "Point", "coordinates": [ 590698.863922691438347, 4524262.052639864385128 ] } },
{ "type": "Feature", "properties": { "node_index": 2331, "is_stop_only": false }, "geometry": { "type": "Point", "coordinates": [ 590856.602618586854078, 4524341.378638152033091 ] } },
{ "type": "Feature", "properties": { "node_index": 2332, "is_stop_only": false }, "geometry": { "type": "Point", "coordinates": [ 591014.759356798604131, 4524420.713270503096282 ] } },
{ "type": "Feature", "properties": { "node_index": 2333, "is_stop_only": false }, "geometry": { "type": "Point", "coordinates": [ 591132.032858543330804, 4524479.672562025487423 ] } },
{ "type": "Feature", "properties": { "node_index": 2334, "is_stop_only": false }, "geometry": { "type": "Point", "coordinates": [ 591248.573522968450561, 4524536.404177535325289 ] } },
{ "type": "Feature", "properties": { "node_index": 2335, "is_stop_only": false }, "geometry": { "type": "Point", "coordinates": [ 589173.896737066796049, 4520113.685444500297308 ] } },
{ "type": "Feature", "properties": { "node_index": 2336, "is_stop_only": false }, "geometry": { "type": "Point", "coordinates": [ 589211.563570383936167, 4520182.609322258271277 ] } },
{ "type": "Feature", "properties": { "node_index": 2337, "is_stop_only": false }, "geometry": { "type": "Point", "coordinates": [ 591139.803885465138592, 4523891.393790937028825 ] } },
{ "type": "Feature", "properties": { "node_index": 2338, "is_stop_only": false }, "geometry": { "type": "Point", "coordinates": [ 583612.855864719720557, 4509612.35215677600354 ] } },
{ "type": "Feature", "properties": { "node_index": 2339, "is_stop_only": false }, "geometry": { "type": "Point", "coordinates": [ 584180.022312899003737, 4506827.449125720188022 ] } },
{ "type": "Feature", "properties": { "node_index": 2340, "is_stop_only": false }, "geometry": { "type": "Point", "coordinates": [ 589249.26205263461452, 4520252.344285358674824 ] } },
{ "type": "Feature", "properties": { "node_index": 2341, "is_stop_only": false }, "geometry": { "type": "Point", "coordinates": [ 589287.365306820371188, 4520323.416662435978651 ] } },
{ "type": "Feature", "properties": { "node_index": 2342, "is_stop_only": false }, "geometry": { "type": "Point", "coordinates": [ 589357.726516534108669, 4520458.496801578439772 ] } },
{ "type": "Feature", "properties": { "node_index": 2343, "is_stop_only": false }, "geometry": { "type": "Point", "coordinates": [ 586763.726481920690276, 4515070.17528357822448 ] } },
{ "type": "Feature", "properties": { "node_index": 2344, "is_stop_only": false }, "geometry": { "type": "Point", "coordinates": [ 584359.122946475981735, 4507432.803529050201178 ] } },
{ "type": "Feature", "properties": { "node_index": 2345, "is_stop_only": false }, "geometry": { "type": "Point", "coordinates": [ 586696.304281388642266, 4510439.092367391102016 ] } },
{ "type": "Feature", "properties": { "node_index": 2346, "is_stop_only": false }, "geometry": { "type": "Point", "coordinates": [ 586703.648023572051898, 4510451.612776283174753 ] } },
{ "type": "Feature", "properties": { "node_index": 2347, "is_stop_only": false }, "geometry": { "type": "Point", "coordinates": [ 583680.536235617706552, 4506427.243755469098687 ] } },
{ "type": "Feature", "properties": { "node_index": 2348, "is_stop_only": false }, "geometry": { "type": "Point", "coordinates": [ 587883.453152397763915, 4512627.060323701240122 ] } },
{ "type": "Feature", "properties": { "node_index": 2349, "is_stop_only": false }, "geometry": { "type": "Point", "coordinates": [ 587921.559986057458445, 4512697.490540101192892 ] } },
{ "type": "Feature", "properties": { "node_index": 2350, "is_stop_only": false }, "geometry": { "type": "Point", "coordinates": [ 583258.619176169391721, 4506271.932508297264576 ] } },
{ "type": "Feature", "properties": { "node_index": 2351, "is_stop_only": false }, "geometry": { "type": "Point", "coordinates": [ 587956.152781361481175, 4512766.624683545902371 ] } },
{ "type": "Feature", "properties": { "node_index": 2352, "is_stop_only": false }, "geometry": { "type": "Point", "coordinates": [ 583379.830944003304467, 4506269.496452052146196 ] } },
{ "type": "Feature", "properties": { "node_index": 2353, "is_stop_only": false }, "geometry": { "type": "Point", "coordinates": [ 587995.409641244797967, 4512837.479779203422368 ] } },
{ "type": "Feature", "properties": { "node_index": 2354, "is_stop_only": false }, "geometry": { "type": "Point", "coordinates": [ 588033.241666571469977, 4512907.407783229835331 ] } },
{ "type": "Feature", "properties": { "node_index": 2355, "is_stop_only": false }, "geometry": { "type": "Point", "coordinates": [ 583416.391770828515291, 4506279.85472328774631 ] } },
{ "type": "Feature", "properties": { "node_index": 2356, "is_stop_only": false }, "geometry": { "type": "Point", "coordinates": [ 588071.056207966408692, 4512977.324697901494801 ] } },
{ "type": "Feature", "properties": { "node_index": 2357, "is_stop_only": false }, "geometry": { "type": "Point", "coordinates": [ 588108.506696655298583, 4513046.560259202495217 ] } },
{ "type": "Feature", "properties": { "node_index": 2358, "is_stop_only": false }, "geometry": { "type": "Point", "coordinates": [ 588146.518113482976332, 4513116.835231597535312 ] } },
{ "type": "Feature", "properties": { "node_index": 2359, "is_stop_only": false }, "geometry": { "type": "Point", "coordinates": [ 588184.26451896247454, 4513186.618767988868058 ] } },
{ "type": "Feature", "properties": { "node_index": 2360, "is_stop_only": false }, "geometry": { "type": "Point", "coordinates": [ 588766.632244124775752, 4515658.674055499956012 ] } },
{ "type": "Feature", "properties": { "node_index": 2361, "is_stop_only": false }, "geometry": { "type": "Point", "coordinates": [ 588222.538852285011671, 4513257.374718274921179 ] } },
{ "type": "Feature", "properties": { "node_index": 2362, "is_stop_only": false }, "geometry": { "type": "Point", "coordinates": [ 588260.407737343339249, 4513327.382204580120742 ] } },
{ "type": "Feature", "properties": { "node_index": 2363, "is_stop_only": false }, "geometry": { "type": "Point", "coordinates": [ 588301.430706645012833, 4513403.234055360779166 ] } },
{ "type": "Feature", "properties": { "node_index": 2364, "is_stop_only": false }, "geometry": { "type": "Point", "coordinates": [ 588342.659436482121237, 4513479.45499870646745 ] } },
{ "type": "Feature", "properties": { "node_index": 2365, "is_stop_only": false }, "geometry": { "type": "Point", "coordinates": [ 584541.364147664513439, 4511869.702715292572975 ] } },
{ "type": "Feature", "properties": { "node_index": 2366, "is_stop_only": false }, "geometry": { "type": "Point", "coordinates": [ 588381.02698873821646, 4513551.334336126223207 ] } },
{ "type": "Feature", "properties": { "node_index": 2367, "is_stop_only": false }, "geometry": { "type": "Point", "coordinates": [ 588419.121097369585186, 4513622.722132 ] } },
{ "type": "Feature", "properties": { "node_index": 2368, "is_stop_only": false }, "geometry": { "type": "Point", "coordinates": [ 588457.28077277878765, 4513694.210857127793133 ] } },
{ "type": "Feature", "properties": { "node_index": 2369, "is_stop_only": false }, "geometry": { "type": "Point", "coordinates": [ 588494.091432687127963, 4513762.686044003814459 ] } },
{ "type": "Feature", "properties": { "node_index": 2370, "is_stop_only": false }, "geometry": { "type": "Point", "coordinates": [ 588533.489344825968146, 4513833.557183586992323 ] } },
{ "type": "Feature", "properties": { "node_index": 2371, "is_stop_only": false }, "geometry": { "type": "Point", "coordinates": [ 584524.644039506209083, 4511878.893261816352606 ] } },
{ "type": "Feature", "properties": { "node_index": 2372, "is_stop_only": false }, "geometry": { "type": "Point", "coordinates": [ 589930.743030746583827, 4521431.594109476543963 ] } },
{ "type": "Feature", "properties": { "node_index": 2373, "is_stop_only": false }, "geometry": { "type": "Point", "coordinates": [ 588574.877493982901797, 4513910.858442581258714 ] } },
{ "type": "Feature", "properties": { "node_index": 2374, "is_stop_only": false }, "geometry": { "type": "Point", "coordinates": [ 588615.719914392684586, 4513985.022564007900655 ] } },
{ "type": "Feature", "properties": { "node_index": 2375, "is_stop_only": false }, "geometry": { "type": "Point", "coordinates": [ 588653.384516686783172, 4514055.240849079564214 ] } },
{ "type": "Feature", "properties": { "node_index": 2376, "is_stop_only": false }, "geometry": { "type": "Point", "coordinates": [ 588692.77645447908435, 4514127.756036672741175 ] } },
{ "type": "Feature", "properties": { "node_index": 2377, "is_stop_only": false }, "geometry": { "type": "Point", "coordinates": [ 588730.635706907487474, 4514198.510018166154623 ] } },
{ "type": "Feature", "properties": { "node_index": 2378, "is_stop_only": false }, "geometry": { "type": "Point", "coordinates": [ 583803.838426386704668, 4506544.007628197781742 ] } },
{ "type": "Feature", "properties": { "node_index": 2379, "is_stop_only": false }, "geometry": { "type": "Point", "coordinates": [ 588769.357169438269921, 4514269.796373050659895 ] } },
{ "type": "Feature", "properties": { "node_index": 2380, "is_stop_only": false }, "geometry": { "type": "Point", "coordinates": [ 588807.132529408321716, 4514340.383260749280453 ] } },
{ "type": "Feature", "properties": { "node_index": 2381, "is_stop_only": false }, "geometry": { "type": "Point", "coordinates": [ 588848.593789239646867, 4514416.732343019917607 ] } },
{ "type": "Feature", "properties": { "node_index": 2382, "is_stop_only": false }, "geometry": { "type": "Point", "coordinates": [ 583987.747903745621443, 4507923.331623155623674 ] } },
{ "type": "Feature", "properties": { "node_index": 2383, "is_stop_only": false }, "geometry": { "type": "Point", "coordinates": [ 588889.20808555954136, 4514491.850256106816232 ] } },
{ "type": "Feature", "properties": { "node_index": 2384, "is_stop_only": false }, "geometry": { "type": "Point", "coordinates": [ 583901.029849135549739, 4506675.777030964381993 ] } },
{ "type": "Feature", "properties": { "node_index": 2385, "is_stop_only": false }, "geometry": { "type": "Point", "coordinates": [ 584014.233329941169359, 4507957.326379792764783 ] } },
{ "type": "Feature", "properties": { "node_index": 2386, "is_stop_only": false }, "geometry": { "type": "Point", "coordinates": [ 588926.97169351822231, 4514561.81596864014864 ] } },
{ "type": "Feature", "properties": { "node_index": 2387, "is_stop_only": false }, "geometry": { "type": "Point", "coordinates": [ 588964.915144319878891, 4514632.205954619683325 ] } },
{ "type": "Feature", "properties": { "node_index": 2388, "is_stop_only": false }, "geometry": { "type": "Point", "coordinates": [ 589002.53449213213753, 4514702.114862532354891 ] } },
{ "type": "Feature", "properties": { "node_index": 2389, "is_stop_only": false }, "geometry": { "type": "Point", "coordinates": [ 589042.288435186492279, 4514776.224175008013844 ] } },
{ "type": "Feature", "properties": { "node_index": 2390, "is_stop_only": false }, "geometry": { "type": "Point", "coordinates": [ 589078.608115247450769, 4514846.006866826675832 ] } },
{ "type": "Feature", "properties": { "node_index": 2391, "is_stop_only": false }, "geometry": { "type": "Point", "coordinates": [ 586406.218924296088517, 4514980.527069456875324 ] } },
{ "type": "Feature", "properties": { "node_index": 2392, "is_stop_only": false }, "geometry": { "type": "Point", "coordinates": [ 586165.14875579404179, 4515110.555439045652747 ] } },
{ "type": "Feature", "properties": { "node_index": 2393, "is_stop_only": false }, "geometry": { "type": "Point", "coordinates": [ 586015.682577569154091, 4515191.284529092721641 ] } },
{ "type": "Feature", "properties": { "node_index": 2394, "is_stop_only": false }, "geometry": { "type": "Point", "coordinates": [ 589217.897027546656318, 4517805.975311733782291 ] } },
{ "type": "Feature", "properties": { "node_index": 2395, "is_stop_only": false }, "geometry": { "type": "Point", "coordinates": [ 589355.116242408519611, 4517732.246425921097398 ] } },
{ "type": "Feature", "properties": { "node_index": 2396, "is_stop_only": false }, "geometry": { "type": "Point", "coordinates": [ 585921.761306339409202, 4515241.763596409000456 ] } },
{ "type": "Feature", "properties": { "node_index": 2397, "is_stop_only": false }, "geometry": { "type": "Point", "coordinates": [ 585784.13626170612406, 4515316.284222995862365 ] } },
{ "type": "Feature", "properties": { "node_index": 2398, "is_stop_only": false }, "geometry": { "type": "Point", "coordinates": [ 589503.040625169756822, 4517652.52101260330528 ] } },
{ "type": "Feature", "properties": { "node_index": 2399, "is_stop_only": false }, "geometry": { "type": "Point", "coordinates": [ 589628.660398781532422, 4517585.484701812267303 ] } },
{ "type": "Feature", "properties": { "node_index": 2400, "is_stop_only": false }, "geometry": { "type": "Point", "coordinates": [ 589764.914122194051743, 4517513.45019066426903 ] } },
{ "type": "Feature", "properties": { "node_index": 2401, "is_stop_only": false }, "geometry": { "type": "Point", "coordinates": [ 590157.504875947954133, 4517300.528220578096807 ] } },
{ "type": "Feature", "properties": { "node_index": 2402, "is_stop_only": false }, "geometry": { "type": "Point", "coordinates": [ 590080.043907809304073, 4522369.327782553620636 ] } },
{ "type": "Feature", "properties": { "node_index": 2403, "is_stop_only": false }, "geometry": { "type": "Point", "coordinates": [ 589955.607934163650498, 4522436.013891100883484 ] } },
{ "type": "Feature", "properties": { "node_index": 2404, "is_stop_only": false }, "geometry": { "type": "Point", "coordinates": [ 589837.641532427514903, 4522499.8607770903036 ] } },
{ "type": "Feature", "properties": { "node_index": 2405, "is_stop_only": false }, "geometry": { "type": "Point", "coordinates": [ 589733.088909843936563, 4522556.211732522584498 ] } },
{ "type": "Feature", "properties": { "node_index": 2406, "is_stop_only": false }, "geometry": { "type": "Point", "coordinates": [ 589654.497817622614093, 4522599.223172964528203 ] } },
{ "type": "Feature", "properties": { "node_index": 2407, "is_stop_only": false }, "geometry": { "type": "Point", "coordinates": [ 583260.982818689430133, 4506323.328082306310534 ] } },
{ "type": "Feature", "properties": { "node_index": 2408, "is_stop_only": false }, "geometry": { "type": "Point", "coordinates": [ 583369.959775623283349, 4506321.631691386923194 ] } },
{ "type": "Feature", "properties": { "node_index": 2409, "is_stop_only": false }, "geometry": { "type": "Point", "coordinates": [ 587520.594076572917402, 4511995.916563495062292 ] } },
{ "type": "Feature", "properties": { "node_index": 2410, "is_stop_only": false }, "geometry": { "type": "Point", "coordinates": [ 588024.394218793837354, 4515591.908074202015996 ] } },
{ "type": "Feature", "properties": { "node_index": 2411, "is_stop_only": false }, "geometry": { "type": "Point", "coordinates": [ 588160.963839195901528, 4515518.337505651637912 ] } },
{ "type": "Feature", "properties": { "node_index": 2412, "is_stop_only": false }, "geometry": { "type": "Point", "coordinates": [ 589380.282219637418166, 4522666.666143724694848 ] } },
{ "type": "Feature", "properties": { "node_index": 2413, "is_stop_only": false }, "geometry": { "type": "Point", "coordinates": [ 588309.54607056605164, 4515438.284611056558788 ] } },
{ "type": "Feature", "properties": { "node_index": 2414, "is_stop_only": false }, "geometry": { "type": "Point", "coordinates": [ 589298.835429557831958, 4522687.463794137351215 ] } },
{ "type": "Feature", "properties": { "node_index": 2415, "is_stop_only": false }, "geometry": { "type": "Point", "coordinates": [ 588435.334599176188931, 4515370.530094898305833 ] } },
{ "type": "Feature", "properties": { "node_index": 2416, "is_stop_only": false }, "geometry": { "type": "Point", "coordinates": [ 589233.28418856987264, 4522447.78860564250499 ] } },
{ "type": "Feature", "properties": { "node_index": 2417, "is_stop_only": false }, "geometry": { "type": "Point", "coordinates": [ 588570.171344122732989, 4515299.310976064763963 ] } },
{ "type": "Feature", "properties": { "node_index": 2418, "is_stop_only": false }, "geometry": { "type": "Point", "coordinates": [ 589891.683357016881928, 4524231.036233899183571 ] } },
{ "type": "Feature", "properties": { "node_index": 2419, "is_stop_only": false }, "geometry": { "type": "Point", "coordinates": [ 587863.287072673905641, 4512450.416305677033961 ] } },
{ "type": "Feature", "properties": { "node_index": 2420, "is_stop_only": false }, "geometry": { "type": "Point", "coordinates": [ 588963.09487706515938, 4515086.250331505201757 ] } },
{ "type": "Feature", "properties": { "node_index": 2421, "is_stop_only": false }, "geometry": { "type": "Point", "coordinates": [ 589329.424536646460183, 4522795.217843520455062 ] } },
{ "type": "Feature", "properties": { "node_index": 2422, "is_stop_only": false }, "geometry": { "type": "Point", "coordinates": [ 589457.504392136353999, 4523167.061753403395414 ] } },
{ "type": "Feature", "properties": { "node_index": 2423, "is_stop_only": false }, "geometry": { "type": "Point", "coordinates": [ 589517.761054155300371, 4523270.746463139541447 ] } },
{ "type": "Feature", "properties": { "node_index": 2424, "is_stop_only": false }, "geometry": { "type": "Point", "coordinates": [ 589628.206539187580347, 4523466.115520881488919 ] } },
{ "type": "Feature", "properties": { "node_index": 2425, "is_stop_only": false }, "geometry": { "type": "Point", "coordinates": [ 585251.351996296318248, 4510066.617489389143884 ] } },
{ "type": "Feature", "properties": { "node_index": 2426, "is_stop_only": false }, "geometry": { "type": "Point", "coordinates": [ 585267.851769020897336, 4510141.61369461286813 ] } },
{ "type": "Feature", "properties": { "node_index": 2427, "is_stop_only": false }, "geometry": { "type": "Point", "coordinates": [ 585282.155385149875656, 4510218.094581189565361 ] } },
{ "type": "Feature", "properties": { "node_index": 2428, "is_stop_only": false }, "geometry": { "type": "Point", "coordinates": [ 589918.863602646277286, 4522345.524366408586502 ] } },
{ "type": "Feature", "properties": { "node_index": 2429, "is_stop_only": false }, "geometry": { "type": "Point", "coordinates": [ 585296.957093465607613, 4510294.559040429070592 ] } },
{ "type": "Feature", "properties": { "node_index": 2430, "is_stop_only": false }, "geometry": { "type": "Point", "coordinates": [ 585311.434916349826381, 4510369.787477220408618 ] } },
{ "type": "Feature", "properties": { "node_index": 2431, "is_stop_only": false }, "geometry": { "type": "Point", "coordinates": [ 586086.015848525916226, 4507533.620584565214813 ] } },
{ "type": "Feature", "properties": { "node_index": 2432, "is_stop_only": false }, "geometry": { "type": "Point", "coordinates": [ 585494.471687970333733, 4515000.136688715778291 ] } },
{ "type": "Feature", "properties": { "node_index": 2433, "is_stop_only": false }, "geometry": { "type": "Point", "coordinates": [ 589866.923087855568156, 4521270.629542195238173 ] } },
{ "type": "Feature", "properties": { "node_index": 2434, "is_stop_only": false }, "geometry": { "type": "Point", "coordinates": [ 585330.106730256578885, 4510451.103829139843583 ] } },
{ "type": "Feature", "properties": { "node_index": 2435, "is_stop_only": false }, "geometry": { "type": "Point", "coordinates": [ 585347.234972458216362, 4510538.097893021069467 ] } },
{ "type": "Feature", "properties": { "node_index": 2436, "is_stop_only": false }, "geometry": { "type": "Point", "coordinates": [ 585348.859623880241998, 4510633.129074541851878 ] } },
{ "type": "Feature", "properties": { "node_index": 2437, "is_stop_only": false }, "geometry": { "type": "Point", "coordinates": [ 585342.585805399925448, 4510724.771961798891425 ] } },
{ "type": "Feature", "properties": { "node_index": 2438, "is_stop_only": false }, "geometry": { "type": "Point", "coordinates": [ 585353.218035430763848, 4510808.982359318993986 ] } },
{ "type": "Feature", "properties": { "node_index": 2439, "is_stop_only": false }, "geometry": { "type": "Point", "coordinates": [ 585365.819306598859839, 4510890.095757398754358 ] } },
{ "type": "Feature", "properties": { "node_index": 2440, "is_stop_only": false }, "geometry": { "type": "Point", "coordinates": [ 585376.676099843578413, 4510973.820315036922693 ] } },
{ "type": "Feature", "properties": { "node_index": 2441, "is_stop_only": false }, "geometry": { "type": "Point", "coordinates": [ 585395.733432191540487, 4511143.092985522933304 ] } },
{ "type": "Feature", "properties": { "node_index": 2442, "is_stop_only": false }, "geometry": { "type": "Point", "coordinates": [ 585407.2866731651593, 4511225.659937077201903 ] } },
{ "type": "Feature", "properties": { "node_index": 2443, "is_stop_only": false }, "geometry": { "type": "Point", "coordinates": [ 585447.039805045584217, 4511574.782855348661542 ] } },
{ "type": "Feature", "properties": { "node_index": 2444, "is_stop_only": false }, "geometry": { "type": "Point", "coordinates": [ 585457.929045262513682, 4511658.430334752425551 ] } },
{ "type": "Feature", "properties": { "node_index": 2445, "is_stop_only": false }, "geometry": { "type": "Point", "coordinates": [ 589893.708812875091098, 4522312.010254329070449 ] } },
{ "type": "Feature", "properties": { "node_index": 2446, "is_stop_only": false }, "geometry": { "type": "Point", "coordinates": [ 585469.668978512054309, 4511740.766499487683177 ] } },
{ "type": "Feature", "properties": { "node_index": 2447, "is_stop_only": false }, "geometry": { "type": "Point", "coordinates": [ 585486.041353657841682, 4511820.380601561628282 ] } },
{ "type": "Feature", "properties": { "node_index": 2448, "is_stop_only": false }, "geometry": { "type": "Point", "coordinates": [ 585502.701483141514473, 4511901.363652688451111 ] } },
{ "type": "Feature", "properties": { "node_index": 2449, "is_stop_only": false }, "geometry": { "type": "Point", "coordinates": [ 591302.335031148395501, 4524262.23353037238121 ] } },
{ "type": "Feature", "properties": { "node_index": 2450, "is_stop_only": false }, "geometry": { "type": "Point", "coordinates": [ 585520.658580602845177, 4511979.663896373473108 ] } },
{ "type": "Feature", "properties": { "node_index": 2451, "is_stop_only": false }, "geometry": { "type": "Point", "coordinates": [ 586678.680190248414874, 4513097.588146732188761 ] } },
{ "type": "Feature", "properties": { "node_index": 2452, "is_stop_only": false }, "geometry": { "type": "Point", "coordinates": [ 585538.95748280826956, 4512059.766709520481527 ] } },
{ "type": "Feature", "properties": { "node_index": 2453, "is_stop_only": false }, "geometry": { "type": "Point", "coordinates": [ 585558.364957244950347, 4512144.722959998063743 ] } },
{ "type": "Feature", "properties": { "node_index": 2454, "is_stop_only": false }, "geometry": { "type": "Point", "coordinates": [ 583945.803617081604898, 4509608.409905861131847 ] } },
{ "type": "Feature", "properties": { "node_index": 2455, "is_stop_only": false }, "geometry": { "type": "Point", "coordinates": [ 585630.193697075010277, 4512384.2174316002056 ] } },
{ "type": "Feature", "properties": { "node_index": 2456, "is_stop_only": false }, "geometry": { "type": "Point", "coordinates": [ 585667.555946030654013, 4512543.577857414260507 ] } },
{ "type": "Feature", "properties": { "node_index": 2457, "is_stop_only": false }, "geometry": { "type": "Point", "coordinates": [ 585688.79176102951169, 4512622.749270364642143 ] } },
{ "type": "Feature", "properties": { "node_index": 2458, "is_stop_only": false }, "geometry": { "type": "Point", "coordinates": [ 585717.299206974799745, 4512697.952606522478163 ] } },
{ "type": "Feature", "properties": { "node_index": 2459, "is_stop_only": false }, "geometry": { "type": "Point", "coordinates": [ 585751.291192963602953, 4512770.41071171592921 ] } },
{ "type": "Feature", "properties": { "node_index": 2460, "is_stop_only": false }, "geometry": { "type": "Point", "coordinates": [ 585785.747325810254551, 4512841.364471074193716 ] } },
{ "type": "Feature", "properties": { "node_index": 2461, "is_stop_only": false }, "geometry": { "type": "Point", "coordinates": [ 585819.613954164320603, 4512912.866697446443141 ] } },
{ "type": "Feature", "properties": { "node_index": 2462, "is_stop_only": false }, "geometry": { "type": "Point", "coordinates": [ 585851.83115147636272, 4512985.326980382204056 ] } },
{ "type": "Feature", "properties": { "node_index": 2463, "is_stop_only": false }, "geometry": { "type": "Point", "coordinates": [ 585880.358883473905735, 4513061.419485421851277 ] } },
{ "type": "Feature", "properties": { "node_index": 2464, "is_stop_only": false }, "geometry": { "type": "Point", "coordinates": [ 585901.605292381136678, 4513139.337244745343924 ] } },
{ "type": "Feature", "properties": { "node_index": 2465, "is_stop_only": false }, "geometry": { "type": "Point", "coordinates": [ 585919.344856114825234, 4513218.990757149644196 ] } },
{ "type": "Feature", "properties": { "node_index": 2466, "is_stop_only": false }, "geometry": { "type": "Point", "coordinates": [ 585930.566688983351924, 4513311.802580694667995 ] } },
{ "type": "Feature", "properties": { "node_index": 2467, "is_stop_only": false }, "geometry": { "type": "Point", "coordinates": [ 585941.158940850757062, 4513404.285170080140233 ] } },
{ "type": "Feature", "properties": { "node_index": 2468, "is_stop_only": false }, "geometry": { "type": "Point", "coordinates": [ 589855.736942053306848, 4518008.825278255157173 ] } },
{ "type": "Feature", "properties": { "node_index": 2469, "is_stop_only": false }, "geometry": { "type": "Point", "coordinates": [ 583275.199251109384932, 4506436.550608110614121 ] } },
{ "type": "Feature", "properties": { "node_index": 2470, "is_stop_only": false }, "geometry": { "type": "Point", "coordinates": [ 589835.605053238454275, 4518169.511415319517255 ] } },
{ "type": "Feature", "properties": { "node_index": 2471, "is_stop_only": false }, "geometry": { "type": "Point", "coordinates": [ 589735.455537853413261, 4518431.535522694699466 ] } },
{ "type": "Feature", "properties": { "node_index": 2472, "is_stop_only": false }, "geometry": { "type": "Point", "coordinates": [ 583356.41766181087587, 4506574.972191113047302 ] } },
{ "type": "Feature", "properties": { "node_index": 2473, "is_stop_only": false }, "geometry": { "type": "Point", "coordinates": [ 583463.722404091851786, 4506751.668217497877777 ] } },
{ "type": "Feature", "properties": { "node_index": 2474, "is_stop_only": false }, "geometry": { "type": "Point", "coordinates": [ 583521.705283159157261, 4506846.910034636035562 ] } },
{ "type": "Feature", "properties": { "node_index": 2475, "is_stop_only": false }, "geometry": { "type": "Point", "coordinates": [ 583541.052913784165867, 4506879.10172659624368 ] } },
{ "type": "Feature", "properties": { "node_index": 2476, "is_stop_only": false }, "geometry": { "type": "Point", "coordinates": [ 583555.047209643875249, 4506902.018492274917662 ] } },
{ "type": "Feature", "properties": { "node_index": 2477, "is_stop_only": false }, "geometry": { "type": "Point", "coordinates": [ 589725.764806385384873, 4518739.279299351386726 ] } },
{ "type": "Feature", "properties": { "node_index": 2478, "is_stop_only": false }, "geometry": { "type": "Point", "coordinates": [ 583626.262213775888085, 4507014.840451030991971 ] } },
{ "type": "Feature", "properties": { "node_index": 2479, "is_stop_only": false }, "geometry": { "type": "Point", "coordinates": [ 583663.199762282543816, 4507073.098551962524652 ] } },
{ "type": "Feature", "properties": { "node_index": 2480, "is_stop_only": false }, "geometry": { "type": "Point", "coordinates": [ 583668.920575280208141, 4507082.710827734321356 ] } },
{ "type": "Feature", "properties": { "node_index": 2481, "is_stop_only": false }, "geometry": { "type": "Point", "coordinates": [ 583703.04432373540476, 4507135.719454286620021 ] } },
{ "type": "Feature", "properties": { "node_index": 2482, "is_stop_only": false }, "geometry": { "type": "Point", "coordinates": [ 583738.668706258176826, 4507191.953686672262847 ] } },
{ "type": "Feature", "properties": { "node_index": 2483, "is_stop_only": false }, "geometry": { "type": "Point", "coordinates": [ 589791.866923684021458, 4521134.054592644795775 ] } },
{ "type": "Feature", "properties": { "node_index": 2484, "is_stop_only": false }, "geometry": { "type": "Point", "coordinates": [ 589899.900462651043199, 4518986.782881563529372 ] } },
{ "type": "Feature", "properties": { "node_index": 2485, "is_stop_only": false }, "geometry": { "type": "Point", "coordinates": [ 583966.595775687485002, 4507559.932148525491357 ] } },
{ "type": "Feature", "properties": { "node_index": 2486, "is_stop_only": false }, "geometry": { "type": "Point", "coordinates": [ 589470.852628007531166, 4518681.010153276845813 ] } },
{ "type": "Feature", "properties": { "node_index": 2487, "is_stop_only": false }, "geometry": { "type": "Point", "coordinates": [ 584005.301318472018465, 4507621.964659148827195 ] } },
{ "type": "Feature", "properties": { "node_index": 2488, "is_stop_only": false }, "geometry": { "type": "Point", "coordinates": [ 584042.144502359791659, 4507680.55685539636761 ] } },
{ "type": "Feature", "properties": { "node_index": 2489, "is_stop_only": false }, "geometry": { "type": "Point", "coordinates": [ 584079.127030050149187, 4507739.472795251756907 ] } },
{ "type": "Feature", "properties": { "node_index": 2490, "is_stop_only": false }, "geometry": { "type": "Point", "coordinates": [ 589420.179439176339656, 4522501.399069814942777 ] } },
{ "type": "Feature", "properties": { "node_index": 2491, "is_stop_only": false }, "geometry": { "type": "Point", "coordinates": [ 584120.986446143244393, 4507804.794636555947363 ] } },
{ "type": "Feature", "properties": { "node_index": 2492, "is_stop_only": false }, "geometry": { "type": "Point", "coordinates": [ 584161.89837680675555, 4507869.428762744180858 ] } },
{ "type": "Feature", "properties": { "node_index": 2493, "is_stop_only": false }, "geometry": { "type": "Point", "coordinates": [ 584202.547627768013626, 4507934.815100252628326 ] } },
{ "type": "Feature", "properties": { "node_index": 2494, "is_stop_only": false }, "geometry": { "type": "Point", "coordinates": [ 587873.438664045999758, 4515311.677452569827437 ] } },
{ "type": "Feature", "properties": { "node_index": 2495, "is_stop_only": false }, "geometry": { "type": "Point", "coordinates": [ 588009.767595881130546, 4515238.056758567690849 ] } },
{ "type": "Feature", "properties": { "node_index": 2496, "is_stop_only": false }, "geometry": { "type": "Point", "coordinates": [ 584245.239824576303363, 4508002.478614278137684 ] } },
{ "type": "Feature", "properties": { "node_index": 2497, "is_stop_only": false }, "geometry": { "type": "Point", "coordinates": [ 588158.355594982975163, 4515157.834287625737488 ] } },
{ "type": "Feature", "properties": { "node_index": 2498, "is_stop_only": false }, "geometry": { "type": "Point", "coordinates": [ 588283.80097468465101, 4515090.106352698989213 ] } },
{ "type": "Feature", "properties": { "node_index": 2499, "is_stop_only": false }, "geometry": { "type": "Point", "coordinates": [ 584281.542643115390092, 4508059.966890692710876 ] } },
{ "type": "Feature", "properties": { "node_index": 2500, "is_stop_only": false }, "geometry": { "type": "Point", "coordinates": [ 589757.454836497083306, 4520069.957146158441901 ] } },
{ "type": "Feature", "properties": { "node_index": 2501, "is_stop_only": false }, "geometry": { "type": "Point", "coordinates": [ 588419.959664147580042, 4515016.60200375225395 ] } },
{ "type": "Feature", "properties": { "node_index": 2502, "is_stop_only": false }, "geometry": { "type": "Point", "coordinates": [ 584336.801781200803816, 4508147.746469334699214 ] } },
{ "type": "Feature", "properties": { "node_index": 2503, "is_stop_only": false }, "geometry": { "type": "Point", "coordinates": [ 584299.306463977321982, 4508088.234858903102577 ] } },
{ "type": "Feature", "properties": { "node_index": 2504, "is_stop_only": false }, "geometry": { "type": "Point", "coordinates": [ 588811.114974155905657, 4514805.443785568699241 ] } },
{ "type": "Feature", "properties": { "node_index": 2505, "is_stop_only": false }, "geometry": { "type": "Point", "coordinates": [ 584401.518819363205694, 4508251.221481377258897 ] } },
{ "type": "Feature", "properties": { "node_index": 2506, "is_stop_only": false }, "geometry": { "type": "Point", "coordinates": [ 584467.027520408271812, 4508354.739445845596492 ] } },
{ "type": "Feature", "properties": { "node_index": 2507, "is_stop_only": false }, "geometry": { "type": "Point", "coordinates": [ 589838.113403815194033, 4520214.260056832805276 ] } },
{ "type": "Feature", "properties": { "node_index": 2508, "is_stop_only": false }, "geometry": { "type": "Point", "coordinates": [ 584553.589932639268227, 4508492.492729074321687 ] } },
{ "type": "Feature", "properties": { "node_index": 2509, "is_stop_only": false }, "geometry": { "type": "Point", "coordinates": [ 589790.062440829002298, 4520238.323601402342319 ] } },
{ "type": "Feature", "properties": { "node_index": 2510, "is_stop_only": false }, "geometry": { "type": "Point", "coordinates": [ 585616.415823451825418, 4508880.827615161426365 ] } },
{ "type": "Feature", "properties": { "node_index": 2511, "is_stop_only": false }, "geometry": { "type": "Point", "coordinates": [ 584638.786708445404656, 4508628.244272935204208 ] } },
{ "type": "Feature", "properties": { "node_index": 2512, "is_stop_only": false }, "geometry": { "type": "Point", "coordinates": [ 585804.928916754899547, 4508779.090281111188233 ] } },
{ "type": "Feature", "properties": { "node_index": 2513, "is_stop_only": false }, "geometry": { "type": "Point", "coordinates": [ 584727.57928500988055, 4508769.833300837315619 ] } },
{ "type": "Feature", "properties": { "node_index": 2514, "is_stop_only": false }, "geometry": { "type": "Point", "coordinates": [ 586002.201242667390034, 4508672.685256781056523 ] } },
{ "type": "Feature", "properties": { "node_index": 2515, "is_stop_only": false }, "geometry": { "type": "Point", "coordinates": [ 586203.733296059304848, 4508564.369770420715213 ] } },
{ "type": "Feature", "properties": { "node_index": 2516, "is_stop_only": false }, "geometry": { "type": "Point", "coordinates": [ 589803.953899975400418, 4520437.316735159605742 ] } },
{ "type": "Feature", "properties": { "node_index": 2517, "is_stop_only": false }, "geometry": { "type": "Point", "coordinates": [ 586405.426704239216633, 4508455.772839995101094 ] } },
{ "type": "Feature", "properties": { "node_index": 2518, "is_stop_only": false }, "geometry": { "type": "Point", "coordinates": [ 586585.821883272146806, 4508360.321812430396676 ] } },
{ "type": "Feature", "properties": { "node_index": 2519, "is_stop_only": false }, "geometry": { "type": "Point", "coordinates": [ 584847.406063495553099, 4508961.027614203281701 ] } },
{ "type": "Feature", "properties": { "node_index": 2520, "is_stop_only": false }, "geometry": { "type": "Point", "coordinates": [ 589256.215356741566211, 4522537.119383024983108 ] } },
{ "type": "Feature", "properties": { "node_index": 2521, "is_stop_only": false }, "geometry": { "type": "Point", "coordinates": [ 584890.57111674011685, 4509029.866403125226498 ] } },
{ "type": "Feature", "properties": { "node_index": 2522, "is_stop_only": false }, "geometry": { "type": "Point", "coordinates": [ 584931.848343005636707, 4509095.331002186983824 ] } },
{ "type": "Feature", "properties": { "node_index": 2523, "is_stop_only": false }, "geometry": { "type": "Point", "coordinates": [ 584973.736247457447462, 4509161.979682922363281 ] } },
{ "type": "Feature", "properties": { "node_index": 2524, "is_stop_only": false }, "geometry": { "type": "Point", "coordinates": [ 585013.965004712459631, 4509225.945088953711092 ] } },
{ "type": "Feature", "properties": { "node_index": 2525, "is_stop_only": false }, "geometry": { "type": "Point", "coordinates": [ 589914.395426605129614, 4521346.915663036517799 ] } },
{ "type": "Feature", "properties": { "node_index": 2526, "is_stop_only": false }, "geometry": { "type": "Point", "coordinates": [ 588818.348309356253594, 4519750.237401566468179 ] } },
{ "type": "Feature", "properties": { "node_index": 2527, "is_stop_only": false }, "geometry": { "type": "Point", "coordinates": [ 585048.881491454434581, 4509281.745232657529414 ] } },
{ "type": "Feature", "properties": { "node_index": 2528, "is_stop_only": false }, "geometry": { "type": "Point", "coordinates": [ 589339.602820834261365, 4522517.01086039468646 ] } },
{ "type": "Feature", "properties": { "node_index": 2529, "is_stop_only": false }, "geometry": { "type": "Point", "coordinates": [ 585085.482247460982762, 4509340.129484858363867 ] } },
{ "type": "Feature", "properties": { "node_index": 2530, "is_stop_only": false }, "geometry": { "type": "Point", "coordinates": [ 585125.186082176282071, 4509403.301287347450852 ] } },
{ "type": "Feature", "properties": { "node_index": 2531, "is_stop_only": false }, "geometry": { "type": "Point", "coordinates": [ 586910.609300814103335, 4515920.927481946535408 ] } },
{ "type": "Feature", "properties": { "node_index": 2532, "is_stop_only": false }, "geometry": { "type": "Point", "coordinates": [ 585163.216789625352249, 4509467.964000540785491 ] } },
{ "type": "Feature", "properties": { "node_index": 2533, "is_stop_only": false }, "geometry": { "type": "Point", "coordinates": [ 585176.918584200786427, 4509546.336092742159963 ] } },
{ "type": "Feature", "properties": { "node_index": 2534, "is_stop_only": false }, "geometry": { "type": "Point", "coordinates": [ 587909.304909342085011, 4517135.837133599445224 ] } },
{ "type": "Feature", "properties": { "node_index": 2535, "is_stop_only": false }, "geometry": { "type": "Point", "coordinates": [ 591570.570738786249422, 4524758.450171058997512 ] } },
{ "type": "Feature", "properties": { "node_index": 2536, "is_stop_only": false }, "geometry": { "type": "Point", "coordinates": [ 585190.720210785744712, 4509631.426180938258767 ] } },
{ "type": "Feature", "properties": { "node_index": 2537, "is_stop_only": false }, "geometry": { "type": "Point", "coordinates": [ 585204.01611508091446, 4509716.399480872787535 ] } },
{ "type": "Feature", "properties": { "node_index": 2538, "is_stop_only": false }, "geometry": { "type": "Point", "coordinates": [ 585222.219074795139022, 4509807.180155642330647 ] } },
{ "type": "Feature", "properties": { "node_index": 2539, "is_stop_only": false }, "geometry": { "type": "Point", "coordinates": [ 591612.207844394491985, 4524833.022057019174099 ] } },
{ "type": "Feature", "properties": { "node_index": 2540, "is_stop_only": false }, "geometry": { "type": "Point", "coordinates": [ 591706.71539142250549, 4525012.572239546105266 ] } },
{ "type": "Feature", "properties": { "node_index": 2541, "is_stop_only": false }, "geometry": { "type": "Point", "coordinates": [ 583979.415648209163919, 4510476.0435780743137 ] } },
{ "type": "Feature", "properties": { "node_index": 2542, "is_stop_only": false }, "geometry": { "type": "Point", "coordinates": [ 583913.18169907014817, 4508351.405475227162242 ] } },
{ "type": "Feature", "properties": { "node_index": 2543, "is_stop_only": false }, "geometry": { "type": "Point", "coordinates": [ 583362.783470959053375, 4506373.808317946270108 ] } },
{ "type": "Feature", "properties": { "node_index": 2544, "is_stop_only": false }, "geometry": { "type": "Point", "coordinates": [ 584054.660020660259761, 4510625.92043627705425 ] } },
{ "type": "Feature", "properties": { "node_index": 2545, "is_stop_only": false }, "geometry": { "type": "Point", "coordinates": [ 583350.968593611032702, 4506483.174911241978407 ] } },
{ "type": "Feature", "properties": { "node_index": 2546, "is_stop_only": false }, "geometry": { "type": "Point", "coordinates": [ 584160.097691813949496, 4510823.302884442731738 ] } },
{ "type": "Feature", "properties": { "node_index": 2547, "is_stop_only": false }, "geometry": { "type": "Point", "coordinates": [ 589439.584367024479434, 4522571.224987808614969 ] } },
{ "type": "Feature", "properties": { "node_index": 2548, "is_stop_only": false }, "geometry": { "type": "Point", "coordinates": [ 588408.874908099765889, 4513156.023195321671665 ] } },
{ "type": "Feature", "properties": { "node_index": 2549, "is_stop_only": false }, "geometry": { "type": "Point", "coordinates": [ 588836.903202828485519, 4513866.113371085375547 ] } },
{ "type": "Feature", "properties": { "node_index": 2550, "is_stop_only": false }, "geometry": { "type": "Point", "coordinates": [ 584384.973877201089635, 4511239.39305582921952 ] } },
{ "type": "Feature", "properties": { "node_index": 2551, "is_stop_only": false }, "geometry": { "type": "Point", "coordinates": [ 588880.740028463769704, 4513935.329975195229053 ] } },
{ "type": "Feature", "properties": { "node_index": 2552, "is_stop_only": false }, "geometry": { "type": "Point", "coordinates": [ 586604.798869974329136, 4508323.684108540415764 ] } },
{ "type": "Feature", "properties": { "node_index": 2553, "is_stop_only": false }, "geometry": { "type": "Point", "coordinates": [ 584423.005202329251915, 4511309.603328446857631 ] } },
{ "type": "Feature", "properties": { "node_index": 2554, "is_stop_only": false }, "geometry": { "type": "Point", "coordinates": [ 589661.304528528358787, 4519298.963035390712321 ] } },
{ "type": "Feature", "properties": { "node_index": 2555, "is_stop_only": false }, "geometry": { "type": "Point", "coordinates": [ 585896.868738062679768, 4513606.576164733618498 ] } },
{ "type": "Feature", "properties": { "node_index": 2556, "is_stop_only": false }, "geometry": { "type": "Point", "coordinates": [ 584685.94444448268041, 4511792.251041640527546 ] } },
{ "type": "Feature", "properties": { "node_index": 2557, "is_stop_only": false }, "geometry": { "type": "Point", "coordinates": [ 584208.278833577875048, 4509677.866140034049749 ] } },
{ "type": "Feature", "properties": { "node_index": 2558, "is_stop_only": false }, "geometry": { "type": "Point", "coordinates": [ 588961.804923388292082, 4521607.747806935571134 ] } },
{ "type": "Feature", "properties": { "node_index": 2559, "is_stop_only": false }, "geometry": { "type": "Point", "coordinates": [ 585889.764533314621076, 4513791.135426011867821 ] } },
{ "type": "Feature", "properties": { "node_index": 2560, "is_stop_only": false }, "geometry": { "type": "Point", "coordinates": [ 584764.743491642177105, 4511941.832630405202508 ] } },
{ "type": "Feature", "properties": { "node_index": 2561, "is_stop_only": false }, "geometry": { "type": "Point", "coordinates": [ 583986.336022575036623, 4512265.576228262856603 ] } },
{ "type": "Feature", "properties": { "node_index": 2562, "is_stop_only": false }, "geometry": { "type": "Point", "coordinates": [ 589567.81816481356509, 4516688.777891648001969 ] } },
{ "type": "Feature", "properties": { "node_index": 2563, "is_stop_only": false }, "geometry": { "type": "Point", "coordinates": [ 585888.036556489649229, 4513884.063515487127006 ] } },
{ "type": "Feature", "properties": { "node_index": 2564, "is_stop_only": false }, "geometry": { "type": "Point", "coordinates": [ 584802.484106044052169, 4512010.243241431191564 ] } },
{ "type": "Feature", "properties": { "node_index": 2565, "is_stop_only": false }, "geometry": { "type": "Point", "coordinates": [ 585884.553577887476422, 4514017.683262057602406 ] } },
{ "type": "Feature", "properties": { "node_index": 2566, "is_stop_only": false }, "geometry": { "type": "Point", "coordinates": [ 585882.281472339178436, 4514068.027880735695362 ] } },
{ "type": "Feature", "properties": { "node_index": 2567, "is_stop_only": false }, "geometry": { "type": "Point", "coordinates": [ 585878.490783653454855, 4514159.788546219468117 ] } },
{ "type": "Feature", "properties": { "node_index": 2568, "is_stop_only": false }, "geometry": { "type": "Point", "coordinates": [ 585880.526141775539145, 4514249.163211049512029 ] } },
{ "type": "Feature", "properties": { "node_index": 2569, "is_stop_only": false }, "geometry": { "type": "Point", "coordinates": [ 585882.023194906883873, 4514339.097861036658287 ] } },
{ "type": "Feature", "properties": { "node_index": 2570, "is_stop_only": false }, "geometry": { "type": "Point", "coordinates": [ 584915.85164428956341, 4512217.121179702691734 ] } },
{ "type": "Feature", "properties": { "node_index": 2571, "is_stop_only": false }, "geometry": { "type": "Point", "coordinates": [ 585883.661241942434572, 4514428.512354403734207 ] } },
{ "type": "Feature", "properties": { "node_index": 2572, "is_stop_only": false }, "geometry": { "type": "Point", "coordinates": [ 584952.763807780691423, 4512285.378835516050458 ] } },
{ "type": "Feature", "properties": { "node_index": 2573, "is_stop_only": false }, "geometry": { "type": "Point", "coordinates": [ 585884.769760067923926, 4514516.277581451460719 ] } },
{ "type": "Feature", "properties": { "node_index": 2574, "is_stop_only": false }, "geometry": { "type": "Point", "coordinates": [ 584994.190215382259339, 4512361.870820106007159 ] } },
{ "type": "Feature", "properties": { "node_index": 2575, "is_stop_only": false }, "geometry": { "type": "Point", "coordinates": [ 585071.167725295992568, 4512504.307615282945335 ] } },
{ "type": "Feature", "properties": { "node_index": 2576, "is_stop_only": false }, "geometry": { "type": "Point", "coordinates": [ 585896.726397703983821, 4514699.759306614287198 ] } },
{ "type": "Feature", "properties": { "node_index": 2577, "is_stop_only": false }, "geometry": { "type": "Point", "coordinates": [ 585184.53928682859987, 4512714.631965151056647 ] } },
{ "type": "Feature", "properties": { "node_index": 2578, "is_stop_only": false }, "geometry": { "type": "Point", "coordinates": [ 585221.865456956322305, 4512783.884008338674903 ] } },
{ "type": "Feature", "properties": { "node_index": 2579, "is_stop_only": false }, "geometry": { "type": "Point", "coordinates": [ 585913.338915296713822, 4514789.614122024737298 ] } },
{ "type": "Feature", "properties": { "node_index": 2580, "is_stop_only": false }, "geometry": { "type": "Point", "coordinates": [ 585930.459963552304544, 4514871.248111908324063 ] } },
{ "type": "Feature", "properties": { "node_index": 2581, "is_stop_only": false }, "geometry": { "type": "Point", "coordinates": [ 585372.807891636504792, 4513063.921910678036511 ] } },
{ "type": "Feature", "properties": { "node_index": 2582, "is_stop_only": false }, "geometry": { "type": "Point", "coordinates": [ 585947.169651900185272, 4514951.933691084384918 ] } },
{ "type": "Feature", "properties": { "node_index": 2583, "is_stop_only": false }, "geometry": { "type": "Point", "coordinates": [ 585410.449365884065628, 4513134.06685112323612 ] } },
{ "type": "Feature", "properties": { "node_index": 2584, "is_stop_only": false }, "geometry": { "type": "Point", "coordinates": [ 585967.246917005046271, 4515034.734572747722268 ] } },
{ "type": "Feature", "properties": { "node_index": 2585, "is_stop_only": false }, "geometry": { "type": "Point", "coordinates": [ 585987.85919867339544, 4515114.299880164675415 ] } },
{ "type": "Feature", "properties": { "node_index": 2586, "is_stop_only": false }, "geometry": { "type": "Point", "coordinates": [ 585485.530629246728495, 4513274.088605230674148 ] } },
{ "type": "Feature", "properties": { "node_index": 2587, "is_stop_only": false }, "geometry": { "type": "Point", "coordinates": [ 586056.741438060998917, 4515267.934709439985454 ] } },
{ "type": "Feature", "properties": { "node_index": 2588, "is_stop_only": false }, "geometry": { "type": "Point", "coordinates": [ 585601.823276867624372, 4513488.85044926777482 ] } },
{ "type": "Feature", "properties": { "node_index": 2589, "is_stop_only": false }, "geometry": { "type": "Point", "coordinates": [ 585642.017321002786048, 4513563.422732099890709 ] } },
{ "type": "Feature", "properties": { "node_index": 2590, "is_stop_only": false }, "geometry": { "type": "Point", "coordinates": [ 586136.130031948210672, 4515414.054201590828598 ] } },
{ "type": "Feature", "properties": { "node_index": 2591, "is_stop_only": false }, "geometry": { "type": "Point", "coordinates": [ 586175.34166884876322, 4515483.167373288422823 ] } },
{ "type": "Feature", "properties": { "node_index": 2592, "is_stop_only": false }, "geometry": { "type": "Point", "coordinates": [ 591073.976191155845299, 4523836.333558104000986 ] } },
{ "type": "Feature", "properties": { "node_index": 2593, "is_stop_only": false }, "geometry": { "type": "Point", "coordinates": [ 586214.702480119536631, 4515555.346754747442901 ] } },
{ "type": "Feature", "properties": { "node_index": 2594, "is_stop_only": false }, "geometry": { "type": "Point", "coordinates": [ 588792.250904045882635, 4521231.719063935801387 ] } },
{ "type": "Feature", "properties": { "node_index": 2595, "is_stop_only": false }, "geometry": { "type": "Point", "coordinates": [ 591148.960589482798241, 4523975.820501370355487 ] } },
{ "type": "Feature", "properties": { "node_index": 2596, "is_stop_only": false }, "geometry": { "type": "Point", "coordinates": [ 586296.867807350354269, 4515692.19682448823005 ] } },
{ "type": "Feature", "properties": { "node_index": 2597, "is_stop_only": false }, "geometry": { "type": "Point", "coordinates": [ 591186.374273503548466, 4524045.008197422139347 ] } },
{ "type": "Feature", "properties": { "node_index": 2598, "is_stop_only": false }, "geometry": { "type": "Point", "coordinates": [ 586344.3011170392856, 4515767.324432389810681 ] } },
{ "type": "Feature", "properties": { "node_index": 2599, "is_stop_only": false }, "geometry": { "type": "Point", "coordinates": [ 586389.529467870015651, 4515838.252162562683225 ] } },
{ "type": "Feature", "properties": { "node_index": 2600, "is_stop_only": false }, "geometry": { "type": "Point", "coordinates": [ 588317.338175057666376, 4517946.679163699038327 ] } },
{ "type": "Feature", "properties": { "node_index": 2601, "is_stop_only": false }, "geometry": { "type": "Point", "coordinates": [ 588723.097340905340388, 4520951.68218526057899 ] } },
{ "type": "Feature", "properties": { "node_index": 2602, "is_stop_only": false }, "geometry": { "type": "Point", "coordinates": [ 588699.548554487410001, 4520907.866460895165801 ] } },
{ "type": "Feature", "properties": { "node_index": 2603, "is_stop_only": false }, "geometry": { "type": "Point", "coordinates": [ 586427.759889661334455, 4515907.888298768550158 ] } },
{ "type": "Feature", "properties": { "node_index": 2604, "is_stop_only": false }, "geometry": { "type": "Point", "coordinates": [ 587451.786616587196477, 4512768.123797787353396 ] } },
{ "type": "Feature", "properties": { "node_index": 2605, "is_stop_only": false }, "geometry": { "type": "Point", "coordinates": [ 586503.666093806037679, 4516048.220584242604673 ] } },
{ "type": "Feature", "properties": { "node_index": 2606, "is_stop_only": false }, "geometry": { "type": "Point", "coordinates": [ 586806.082213222747669, 4508937.446869595907629 ] } },
{ "type": "Feature", "properties": { "node_index": 2607, "is_stop_only": false }, "geometry": { "type": "Point", "coordinates": [ 583869.84916761436034, 4508648.007125682197511 ] } },
{ "type": "Feature", "properties": { "node_index": 2608, "is_stop_only": false }, "geometry": { "type": "Point", "coordinates": [ 588606.894219136913307, 4520909.729968104511499 ] } },
{ "type": "Feature", "properties": { "node_index": 2609, "is_stop_only": false }, "geometry": { "type": "Point", "coordinates": [ 586542.216315306257457, 4516119.182310521602631 ] } },
{ "type": "Feature", "properties": { "node_index": 2610, "is_stop_only": false }, "geometry": { "type": "Point", "coordinates": [ 585948.042603896465153, 4513473.73197029531002 ] } },
{ "type": "Feature", "properties": { "node_index": 2611, "is_stop_only": false }, "geometry": { "type": "Point", "coordinates": [ 586579.817233896814287, 4516189.722369841299951 ] } },
{ "type": "Feature", "properties": { "node_index": 2612, "is_stop_only": false }, "geometry": { "type": "Point", "coordinates": [ 586617.975662467535585, 4516260.147049659863114 ] } },
{ "type": "Feature", "properties": { "node_index": 2613, "is_stop_only": false }, "geometry": { "type": "Point", "coordinates": [ 588717.850885989610106, 4520898.438171281479299 ] } },
{ "type": "Feature", "properties": { "node_index": 2614, "is_stop_only": false }, "geometry": { "type": "Point", "coordinates": [ 586654.825822560000233, 4516329.823875029571354 ] } },
{ "type": "Feature", "properties": { "node_index": 2615, "is_stop_only": false }, "geometry": { "type": "Point", "coordinates": [ 586690.502409213688225, 4516401.663216471672058 ] } },
{ "type": "Feature", "properties": { "node_index": 2616, "is_stop_only": false }, "geometry": { "type": "Point", "coordinates": [ 586731.573837151518092, 4516476.763482363894582 ] } },
{ "type": "Feature", "properties": { "node_index": 2617, "is_stop_only": false }, "geometry": { "type": "Point", "coordinates": [ 586773.623754514963366, 4516549.655016979202628 ] } },
{ "type": "Feature", "properties": { "node_index": 2618, "is_stop_only": false }, "geometry": { "type": "Point", "coordinates": [ 586814.102606848347932, 4516620.46334614790976 ] } },
{ "type": "Feature", "properties": { "node_index": 2619, "is_stop_only": false }, "geometry": { "type": "Point", "coordinates": [ 586851.898655255092308, 4516690.463260336779058 ] } },
{ "type": "Feature", "properties": { "node_index": 2620, "is_stop_only": false }, "geometry": { "type": "Point", "coordinates": [ 586889.502375707612373, 4516760.971844118088484 ] } },
{ "type": "Feature", "properties": { "node_index": 2621, "is_stop_only": false }, "geometry": { "type": "Point", "coordinates": [ 586925.49573658616282, 4516829.885186531580985 ] } },
{ "type": "Feature", "properties": { "node_index": 2622, "is_stop_only": false }, "geometry": { "type": "Point", "coordinates": [ 586963.131178986281157, 4516901.160634672269225 ] } },
{ "type": "Feature", "properties": { "node_index": 2623, "is_stop_only": false }, "geometry": { "type": "Point", "coordinates": [ 587001.580937729915604, 4516972.001786501146853 ] } },
{ "type": "Feature", "properties": { "node_index": 2624, "is_stop_only": false }, "geometry": { "type": "Point", "coordinates": [ 587028.563874103943817, 4517048.603585364297032 ] } },
{ "type": "Feature", "properties": { "node_index": 2625, "is_stop_only": false }, "geometry": { "type": "Point", "coordinates": [ 589396.465633456245996, 4520963.253479393199086 ] } },
{ "type": "Feature", "properties": { "node_index": 2626, "is_stop_only": false }, "geometry": { "type": "Point", "coordinates": [ 587046.180060873040929, 4517128.181717438623309 ] } },
{ "type": "Feature", "properties": { "node_index": 2627, "is_stop_only": false }, "geometry": { "type": "Point", "coordinates": [ 587060.128841368481517, 4517317.874464110471308 ] } },
{ "type": "Feature", "properties": { "node_index": 2628, "is_stop_only": false }, "geometry": { "type": "Point", "coordinates": [ 583090.467208838905208, 4506452.998086958192289 ] } },
{ "type": "Feature", "properties": { "node_index": 2629, "is_stop_only": false }, "geometry": { "type": "Point", "coordinates": [ 587114.446230988018215, 4517469.495301068760455 ] } },
{ "type": "Feature", "properties": { "node_index": 2630, "is_stop_only": false }, "geometry": { "type": "Point", "coordinates": [ 583154.133389205671847, 4506457.885574644431472 ] } },
{ "type": "Feature", "properties": { "node_index": 2631, "is_stop_only": false }, "geometry": { "type": "Point", "coordinates": [ 587151.529553541331552, 4517536.34666914306581 ] } },
{ "type": "Feature", "properties": { "node_index": 2632, "is_stop_only": false }, "geometry": { "type": "Point", "coordinates": [ 583588.207954078097828, 4508609.611424965783954 ] } },
{ "type": "Feature", "properties": { "node_index": 2633, "is_stop_only": false }, "geometry": { "type": "Point", "coordinates": [ 584022.647825664491393, 4510553.726659951731563 ] } },
{ "type": "Feature", "properties": { "node_index": 2634, "is_stop_only": false }, "geometry": { "type": "Point", "coordinates": [ 587191.196343918098137, 4517609.412736852653325 ] } },
{ "type": "Feature", "properties": { "node_index": 2635, "is_stop_only": false }, "geometry": { "type": "Point", "coordinates": [ 583502.876026048907079, 4508619.952004358172417 ] } },
{ "type": "Feature", "properties": { "node_index": 2636, "is_stop_only": false }, "geometry": { "type": "Point", "coordinates": [ 588763.954853976611048, 4521281.329172067344189 ] } },
{ "type": "Feature", "properties": { "node_index": 2637, "is_stop_only": false }, "geometry": { "type": "Point", "coordinates": [ 588754.191326888976619, 4521306.514472930692136 ] } },
{ "type": "Feature", "properties": { "node_index": 2638, "is_stop_only": false }, "geometry": { "type": "Point", "coordinates": [ 587228.628399622859433, 4517679.47724621091038 ] } },
{ "type": "Feature", "properties": { "node_index": 2639, "is_stop_only": false }, "geometry": { "type": "Point", "coordinates": [ 589234.857030672486871, 4517519.070118559524417 ] } },
{ "type": "Feature", "properties": { "node_index": 2640, "is_stop_only": false }, "geometry": { "type": "Point", "coordinates": [ 589386.821465996326879, 4517436.870815159752965 ] } },
{ "type": "Feature", "properties": { "node_index": 2641, "is_stop_only": false }, "geometry": { "type": "Point", "coordinates": [ 584165.805101937730797, 4510274.611436367966235 ] } },
{ "type": "Feature", "properties": { "node_index": 2642, "is_stop_only": false }, "geometry": { "type": "Point", "coordinates": [ 589512.836877773865126, 4517368.715919385664165 ] } },
{ "type": "Feature", "properties": { "node_index": 2643, "is_stop_only": false }, "geometry": { "type": "Point", "coordinates": [ 587266.38855737040285, 4517749.556946934200823 ] } },
{ "type": "Feature", "properties": { "node_index": 2644, "is_stop_only": false }, "geometry": { "type": "Point", "coordinates": [ 586184.144636040553451, 4508037.4660200541839 ] } },
{ "type": "Feature", "properties": { "node_index": 2645, "is_stop_only": false }, "geometry": { "type": "Point", "coordinates": [ 589648.739919091691263, 4517295.209440962411463 ] } },
{ "type": "Feature", "properties": { "node_index": 2646, "is_stop_only": false }, "geometry": { "type": "Point", "coordinates": [ 585234.828750254702754, 4513964.777236836962402 ] } },
{ "type": "Feature", "properties": { "node_index": 2647, "is_stop_only": false }, "geometry": { "type": "Point", "coordinates": [ 587304.054277621442452, 4517819.71346973720938 ] } },
{ "type": "Feature", "properties": { "node_index": 2648, "is_stop_only": false }, "geometry": { "type": "Point", "coordinates": [ 588796.139786153682508, 4517664.127422468736768 ] } },
{ "type": "Feature", "properties": { "node_index": 2649, "is_stop_only": false }, "geometry": { "type": "Point", "coordinates": [ 587342.373678404605016, 4517890.888251325115561 ] } },
{ "type": "Feature", "properties": { "node_index": 2650, "is_stop_only": false }, "geometry": { "type": "Point", "coordinates": [ 588183.118787000305019, 4517994.360885531641543 ] } },
{ "type": "Feature", "properties": { "node_index": 2651, "is_stop_only": false }, "geometry": { "type": "Point", "coordinates": [ 587131.496331662521698, 4513935.242111453786492 ] } },
{ "type": "Feature", "properties": { "node_index": 2652, "is_stop_only": false }, "geometry": { "type": "Point", "coordinates": [ 587267.477187200216576, 4513861.792061158455908 ] } },
{ "type": "Feature", "properties": { "node_index": 2653, "is_stop_only": false }, "geometry": { "type": "Point", "coordinates": [ 587573.121949663152918, 4518323.991273592226207 ] } },
{ "type": "Feature", "properties": { "node_index": 2654, "is_stop_only": false }, "geometry": { "type": "Point", "coordinates": [ 587414.348206208087504, 4513782.710905808955431 ] } },
{ "type": "Feature", "properties": { "node_index": 2655, "is_stop_only": false }, "geometry": { "type": "Point", "coordinates": [ 587541.664272724068724, 4513713.704308568499982 ] } },
{ "type": "Feature", "properties": { "node_index": 2656, "is_stop_only": false }, "geometry": { "type": "Point", "coordinates": [ 587677.636373903951608, 4513640.27258850261569 ] } },
{ "type": "Feature", "properties": { "node_index": 2657, "is_stop_only": false }, "geometry": { "type": "Point", "coordinates": [ 587808.17416569206398, 4518762.394014569930732 ] } },
{ "type": "Feature", "properties": { "node_index": 2658, "is_stop_only": false }, "geometry": { "type": "Point", "coordinates": [ 588789.461179288686253, 4520778.414455228485167 ] } },
{ "type": "Feature", "properties": { "node_index": 2659, "is_stop_only": false }, "geometry": { "type": "Point", "coordinates": [ 587845.048773149843328, 4518832.222323411144316 ] } },
{ "type": "Feature", "properties": { "node_index": 2660, "is_stop_only": false }, "geometry": { "type": "Point", "coordinates": [ 588068.985608527553268, 4513428.943274511955678 ] } },
{ "type": "Feature", "properties": { "node_index": 2661, "is_stop_only": false }, "geometry": { "type": "Point", "coordinates": [ 587879.444354732404463, 4518894.826992648653686 ] } },
{ "type": "Feature", "properties": { "node_index": 2662, "is_stop_only": false }, "geometry": { "type": "Point", "coordinates": [ 587917.359655496897176, 4518964.978955201804638 ] } },
{ "type": "Feature", "properties": { "node_index": 2663, "is_stop_only": false }, "geometry": { "type": "Point", "coordinates": [ 588356.988573577255011, 4515882.824662108905613 ] } },
{ "type": "Feature", "properties": { "node_index": 2664, "is_stop_only": false }, "geometry": { "type": "Point", "coordinates": [ 587954.479526632232592, 4519033.86709906719625 ] } },
{ "type": "Feature", "properties": { "node_index": 2665, "is_stop_only": false }, "geometry": { "type": "Point", "coordinates": [ 588504.21352498838678, 4515801.549402406439185 ] } },
{ "type": "Feature", "properties": { "node_index": 2666, "is_stop_only": false }, "geometry": { "type": "Point", "coordinates": [ 588630.643715939950198, 4515732.71792705822736 ] } },
{ "type": "Feature", "properties": { "node_index": 2667, "is_stop_only": false }, "geometry": { "type": "Point", "coordinates": [ 587991.283188701141626, 4519103.750911544077098 ] } },
{ "type": "Feature", "properties": { "node_index": 2668, "is_stop_only": false }, "geometry": { "type": "Point", "coordinates": [ 589157.151089272694662, 4515446.638745767064393 ] } },
{ "type": "Feature", "properties": { "node_index": 2669, "is_stop_only": false }, "geometry": { "type": "Point", "coordinates": [ 588029.163618365419097, 4519173.814295487478375 ] } },
{ "type": "Feature", "properties": { "node_index": 2670, "is_stop_only": false }, "geometry": { "type": "Point", "coordinates": [ 582946.153371149906889, 4506889.835578324273229 ] } },
{ "type": "Feature", "properties": { "node_index": 2671, "is_stop_only": false }, "geometry": { "type": "Point", "coordinates": [ 588623.640374062699266, 4521142.450584830716252 ] } },
{ "type": "Feature", "properties": { "node_index": 2672, "is_stop_only": false }, "geometry": { "type": "Point", "coordinates": [ 588107.866473566042259, 4519319.550231631845236 ] } },
{ "type": "Feature", "properties": { "node_index": 2673, "is_stop_only": false }, "geometry": { "type": "Point", "coordinates": [ 583128.150558097520843, 4507882.41821850463748 ] } },
{ "type": "Feature", "properties": { "node_index": 2674, "is_stop_only": false }, "geometry": { "type": "Point", "coordinates": [ 588184.627779132104479, 4519462.33290995284915 ] } },
{ "type": "Feature", "properties": { "node_index": 2675, "is_stop_only": false }, "geometry": { "type": "Point", "coordinates": [ 588222.781742304097861, 4519533.18896699976176 ] } },
{ "type": "Feature", "properties": { "node_index": 2676, "is_stop_only": false }, "geometry": { "type": "Point", "coordinates": [ 588260.257166114752181, 4519602.183034258894622 ] } },
{ "type": "Feature", "properties": { "node_index": 2677, "is_stop_only": false }, "geometry": { "type": "Point", "coordinates": [ 588297.804316411959007, 4519671.466839756816626 ] } },
{ "type": "Feature", "properties": { "node_index": 2678, "is_stop_only": false }, "geometry": { "type": "Point", "coordinates": [ 588335.491178824100643, 4519740.996787684969604 ] } },
{ "type": "Feature", "properties": { "node_index": 2679, "is_stop_only": false }, "geometry": { "type": "Point", "coordinates": [ 590054.200051390449516, 4523648.032000941224396 ] } },
{ "type": "Feature", "properties": { "node_index": 2680, "is_stop_only": false }, "geometry": { "type": "Point", "coordinates": [ 588373.619731686078012, 4519812.319735392928123 ] } },
{ "type": "Feature", "properties": { "node_index": 2681, "is_stop_only": false }, "geometry": { "type": "Point", "coordinates": [ 583439.590961233247072, 4508178.942819548770785 ] } },
{ "type": "Feature", "properties": { "node_index": 2682, "is_stop_only": false }, "geometry": { "type": "Point", "coordinates": [ 590103.365807276684791, 4523698.738152327015996 ] } },
{ "type": "Feature", "properties": { "node_index": 2683, "is_stop_only": false }, "geometry": { "type": "Point", "coordinates": [ 590116.169349353760481, 4523698.805651845410466 ] } },
{ "type": "Feature", "properties": { "node_index": 2684, "is_stop_only": false }, "geometry": { "type": "Point", "coordinates": [ 588410.718030435615219, 4519881.576624255627394 ] } },
{ "type": "Feature", "properties": { "node_index": 2685, "is_stop_only": false }, "geometry": { "type": "Point", "coordinates": [ 590078.259792044409551, 4523725.233401779085398 ] } },
{ "type": "Feature", "properties": { "node_index": 2686, "is_stop_only": false }, "geometry": { "type": "Point", "coordinates": [ 588448.127420168137178, 4519950.149096551351249 ] } },
{ "type": "Feature", "properties": { "node_index": 2687, "is_stop_only": false }, "geometry": { "type": "Point", "coordinates": [ 590083.976425459724851, 4523674.697464446537197 ] } },
{ "type": "Feature", "properties": { "node_index": 2688, "is_stop_only": false }, "geometry": { "type": "Point", "coordinates": [ 583756.850999137270264, 4511668.202703791670501 ] } },
{ "type": "Feature", "properties": { "node_index": 2689, "is_stop_only": false }, "geometry": { "type": "Point", "coordinates": [ 588489.397427335148677, 4520026.573060793802142 ] } },
{ "type": "Feature", "properties": { "node_index": 2690, "is_stop_only": false }, "geometry": { "type": "Point", "coordinates": [ 583517.2754994595889, 4508720.587931966409087 ] } },
{ "type": "Feature", "properties": { "node_index": 2691, "is_stop_only": false }, "geometry": { "type": "Point", "coordinates": [ 584184.431996459374204, 4511438.016385712660849 ] } },
{ "type": "Feature", "properties": { "node_index": 2692, "is_stop_only": false }, "geometry": { "type": "Point", "coordinates": [ 588529.22984825191088, 4520101.13705216255039 ] } },
{ "type": "Feature", "properties": { "node_index": 2693, "is_stop_only": false }, "geometry": { "type": "Point", "coordinates": [ 588566.692311506951228, 4520170.721172590740025 ] } },
{ "type": "Feature", "properties": { "node_index": 2694, "is_stop_only": false }, "geometry": { "type": "Point", "coordinates": [ 588604.753707263385877, 4520240.934432197362185 ] } },
{ "type": "Feature", "properties": { "node_index": 2695, "is_stop_only": false }, "geometry": { "type": "Point", "coordinates": [ 588641.346256999881007, 4520309.098537686280906 ] } },
{ "type": "Feature", "properties": { "node_index": 2696, "is_stop_only": false }, "geometry": { "type": "Point", "coordinates": [ 588679.185491907526739, 4520379.431698041968048 ] } },
{ "type": "Feature", "properties": { "node_index": 2697, "is_stop_only": false }, "geometry": { "type": "Point", "coordinates": [ 588716.570628184243105, 4520448.893632634542882 ] } },
{ "type": "Feature", "properties": { "node_index": 2698, "is_stop_only": false }, "geometry": { "type": "Point", "coordinates": [ 588754.506339909275994, 4520518.795395548455417 ] } },
{ "type": "Feature", "properties": { "node_index": 2699, "is_stop_only": false }, "geometry": { "type": "Point", "coordinates": [ 588792.148203264339827, 4520588.527311906218529 ] } },
{ "type": "Feature", "properties": { "node_index": 2700, "is_stop_only": false }, "geometry": { "type": "Point", "coordinates": [ 588870.634970817132853, 4520734.236636969260871 ] } },
{ "type": "Feature", "properties": { "node_index": 2701, "is_stop_only": false }, "geometry": { "type": "Point", "coordinates": [ 588910.220052050426602, 4520807.678651838563383 ] } },
{ "type": "Feature", "properties": { "node_index": 2702, "is_stop_only": false }, "geometry": { "type": "Point", "coordinates": [ 588949.773003432666883, 4520880.920677367597818 ] } },
{ "type": "Feature", "properties": { "node_index": 2703, "is_stop_only": false }, "geometry": { "type": "Point", "coordinates": [ 588985.683824293781072, 4520947.735122423619032 ] } },
{ "type": "Feature", "properties": { "node_index": 2704, "is_stop_only": false }, "geometry": { "type": "Point", "coordinates": [ 589061.122969889547676, 4521088.191869482398033 ] } },
{ "type": "Feature", "properties": { "node_index": 2705, "is_stop_only": false }, "geometry": { "type": "Point", "coordinates": [ 589098.968712173867971, 4521157.306292039342225 ] } },
{ "type": "Feature", "properties": { "node_index": 2706, "is_stop_only": false }, "geometry": { "type": "Point", "coordinates": [ 589136.717484085238539, 4521228.107350163161755 ] } },
{ "type": "Feature", "properties": { "node_index": 2707, "is_stop_only": false }, "geometry": { "type": "Point", "coordinates": [ 589172.826779197901487, 4521294.259080335497856 ] } },
{ "type": "Feature", "properties": { "node_index": 2708, "is_stop_only": false }, "geometry": { "type": "Point", "coordinates": [ 589211.69202124455478, 4521366.750538934022188 ] } },
{ "type": "Feature", "properties": { "node_index": 2709, "is_stop_only": false }, "geometry": { "type": "Point", "coordinates": [ 583824.974834219086915, 4507642.661829827353358 ] } },
{ "type": "Feature", "properties": { "node_index": 2710, "is_stop_only": false }, "geometry": { "type": "Point", "coordinates": [ 589256.965927889570594, 4521451.010649672709405 ] } },
{ "type": "Feature", "properties": { "node_index": 2711, "is_stop_only": false }, "geometry": { "type": "Point", "coordinates": [ 583717.209369677118957, 4507705.614797851070762 ] } },
{ "type": "Feature", "properties": { "node_index": 2712, "is_stop_only": false }, "geometry": { "type": "Point", "coordinates": [ 589298.36628360953182, 4521527.785540096461773 ] } },
{ "type": "Feature", "properties": { "node_index": 2713, "is_stop_only": false }, "geometry": { "type": "Point", "coordinates": [ 589373.814529075752944, 4521661.606732133775949 ] } },
{ "type": "Feature", "properties": { "node_index": 2714, "is_stop_only": false }, "geometry": { "type": "Point", "coordinates": [ 589422.602385972393677, 4521722.051147878170013 ] } },
{ "type": "Feature", "properties": { "node_index": 2715, "is_stop_only": false }, "geometry": { "type": "Point", "coordinates": [ 585860.796860510134138, 4511254.637679221108556 ] } },
{ "type": "Feature", "properties": { "node_index": 2716, "is_stop_only": false }, "geometry": { "type": "Point", "coordinates": [ 588741.074406176805496, 4520942.649738241918385 ] } },
{ "type": "Feature", "properties": { "node_index": 2717, "is_stop_only": false }, "geometry": { "type": "Point", "coordinates": [ 589423.135025206371211, 4521807.580543018877506 ] } },
{ "type": "Feature", "properties": { "node_index": 2718, "is_stop_only": false }, "geometry": { "type": "Point", "coordinates": [ 589428.652738323668018, 4521895.024443960748613 ] } },
{ "type": "Feature", "properties": { "node_index": 2719, "is_stop_only": false }, "geometry": { "type": "Point", "coordinates": [ 588787.201691593392752, 4520968.506637732498348 ] } },
{ "type": "Feature", "properties": { "node_index": 2720, "is_stop_only": false }, "geometry": { "type": "Point", "coordinates": [ 589440.500026558642276, 4521974.995288077741861 ] } },
{ "type": "Feature", "properties": { "node_index": 2721, "is_stop_only": false }, "geometry": { "type": "Point", "coordinates": [ 586135.49628321477212, 4511106.502581157721579 ] } },
{ "type": "Feature", "properties": { "node_index": 2722, "is_stop_only": false }, "geometry": { "type": "Point", "coordinates": [ 587498.410830626264215, 4518185.547856035642326 ] } },
{ "type": "Feature", "properties": { "node_index": 2723, "is_stop_only": false }, "geometry": { "type": "Point", "coordinates": [ 587512.965885016019456, 4518176.693868346512318 ] } },
{ "type": "Feature", "properties": { "node_index": 2724, "is_stop_only": false }, "geometry": { "type": "Point", "coordinates": [ 587459.773317869286984, 4518113.002790234051645 ] } },
{ "type": "Feature", "properties": { "node_index": 2725, "is_stop_only": false }, "geometry": { "type": "Point", "coordinates": [ 587474.754159928299487, 4518104.531244138255715 ] } },
{ "type": "Feature", "properties": { "node_index": 2726, "is_stop_only": false }, "geometry": { "type": "Point", "coordinates": [ 589452.959024634561501, 4522058.037884588353336 ] } },
{ "type": "Feature", "properties": { "node_index": 2727, "is_stop_only": false }, "geometry": { "type": "Point", "coordinates": [ 589467.799532991251908, 4522140.73188860155642 ] } },
{ "type": "Feature", "properties": { "node_index": 2728, "is_stop_only": false }, "geometry": { "type": "Point", "coordinates": [ 586339.169098316575401, 4510996.773693290539086 ] } },
{ "type": "Feature", "properties": { "node_index": 2729, "is_stop_only": false }, "geometry": { "type": "Point", "coordinates": [ 586273.118396948208101, 4511032.608455396257341 ] } },
{ "type": "Feature", "properties": { "node_index": 2730, "is_stop_only": false }, "geometry": { "type": "Point", "coordinates": [ 589485.860963278566487, 4522225.463437390513718 ] } },
{ "type": "Feature", "properties": { "node_index": 2731, "is_stop_only": false }, "geometry": { "type": "Point", "coordinates": [ 586517.867676715250127, 4510900.347775569185615 ] } },
{ "type": "Feature", "properties": { "node_index": 2732, "is_stop_only": false }, "geometry": { "type": "Point", "coordinates": [ 589503.74680761876516, 4522307.950207380577922 ] } },
{ "type": "Feature", "properties": { "node_index": 2733, "is_stop_only": false }, "geometry": { "type": "Point", "coordinates": [ 586663.346100035239942, 4510821.778471452184021 ] } },
{ "type": "Feature", "properties": { "node_index": 2734, "is_stop_only": false }, "geometry": { "type": "Point", "coordinates": [ 586785.201470272382721, 4510756.879689232446253 ] } },
{ "type": "Feature", "properties": { "node_index": 2735, "is_stop_only": false }, "geometry": { "type": "Point", "coordinates": [ 589519.007884437567554, 4522377.41521786339581 ] } },
{ "type": "Feature", "properties": { "node_index": 2736, "is_stop_only": false }, "geometry": { "type": "Point", "coordinates": [ 589523.944076938438229, 4522394.461991772986948 ] } },
{ "type": "Feature", "properties": { "node_index": 2737, "is_stop_only": false }, "geometry": { "type": "Point", "coordinates": [ 589547.180447040591389, 4522470.17460844386369 ] } },
{ "type": "Feature", "properties": { "node_index": 2738, "is_stop_only": false }, "geometry": { "type": "Point", "coordinates": [ 585708.642124355421402, 4510972.434403204359114 ] } },
{ "type": "Feature", "properties": { "node_index": 2739, "is_stop_only": false }, "geometry": { "type": "Point", "coordinates": [ 589602.113313449430279, 4522534.991706708446145 ] } },
{ "type": "Feature", "properties": { "node_index": 2740, "is_stop_only": false }, "geometry": { "type": "Point", "coordinates": [ 585850.624706728151068, 4510895.873993378132582 ] } },
{ "type": "Feature", "properties": { "node_index": 2741, "is_stop_only": false }, "geometry": { "type": "Point", "coordinates": [ 585983.621922858757898, 4510824.751976801082492 ] } },
{ "type": "Feature", "properties": { "node_index": 2742, "is_stop_only": false }, "geometry": { "type": "Point", "coordinates": [ 589710.446883896365762, 4522670.448569846339524 ] } },
{ "type": "Feature", "properties": { "node_index": 2743, "is_stop_only": false }, "geometry": { "type": "Point", "coordinates": [ 586120.487504290649667, 4510751.590020986273885 ] } },
{ "type": "Feature", "properties": { "node_index": 2744, "is_stop_only": false }, "geometry": { "type": "Point", "coordinates": [ 588423.917514650616795, 4520574.929048148915172 ] } },
{ "type": "Feature", "properties": { "node_index": 2745, "is_stop_only": false }, "geometry": { "type": "Point", "coordinates": [ 589734.684251967119053, 4522737.092140954919159 ] } },
{ "type": "Feature", "properties": { "node_index": 2746, "is_stop_only": false }, "geometry": { "type": "Point", "coordinates": [ 586512.007598682539538, 4510541.566259841434658 ] } },
{ "type": "Feature", "properties": { "node_index": 2747, "is_stop_only": false }, "geometry": { "type": "Point", "coordinates": [ 589762.705953790456988, 4522810.709834807552397 ] } },
{ "type": "Feature", "properties": { "node_index": 2748, "is_stop_only": false }, "geometry": { "type": "Point", "coordinates": [ 589731.422771184006706, 4516511.200488291680813 ] } },
{ "type": "Feature", "properties": { "node_index": 2749, "is_stop_only": false }, "geometry": { "type": "Point", "coordinates": [ 589787.741185196908191, 4522880.294405407272279 ] } },
{ "type": "Feature", "properties": { "node_index": 2750, "is_stop_only": false }, "geometry": { "type": "Point", "coordinates": [ 589922.750046905712225, 4516410.27076879888773 ] } },
{ "type": "Feature", "properties": { "node_index": 2751, "is_stop_only": false }, "geometry": { "type": "Point", "coordinates": [ 583010.286557930172421, 4506465.212236879393458 ] } },
{ "type": "Feature", "properties": { "node_index": 2752, "is_stop_only": false }, "geometry": { "type": "Point", "coordinates": [ 587934.893792872084305, 4512564.898347171023488 ] } },
{ "type": "Feature", "properties": { "node_index": 2753, "is_stop_only": false }, "geometry": { "type": "Point", "coordinates": [ 589815.999777616816573, 4522955.136514799669385 ] } },
{ "type": "Feature", "properties": { "node_index": 2754, "is_stop_only": false }, "geometry": { "type": "Point", "coordinates": [ 588502.71839269681368, 4520691.505074955523014 ] } },
{ "type": "Feature", "properties": { "node_index": 2755, "is_stop_only": false }, "geometry": { "type": "Point", "coordinates": [ 589835.340370840742253, 4523007.665044781751931 ] } },
{ "type": "Feature", "properties": { "node_index": 2756, "is_stop_only": false }, "geometry": { "type": "Point", "coordinates": [ 589181.906940371613018, 4522458.226000974886119 ] } },
{ "type": "Feature", "properties": { "node_index": 2757, "is_stop_only": false }, "geometry": { "type": "Point", "coordinates": [ 584205.432820695103146, 4507665.022747738286853 ] } },
{ "type": "Feature", "properties": { "node_index": 2758, "is_stop_only": false }, "geometry": { "type": "Point", "coordinates": [ 589875.315052038640715, 4523114.425636064261198 ] } },
{ "type": "Feature", "properties": { "node_index": 2759, "is_stop_only": false }, "geometry": { "type": "Point", "coordinates": [ 584245.847016854560934, 4507729.607262890785933 ] } },
{ "type": "Feature", "properties": { "node_index": 2760, "is_stop_only": false }, "geometry": { "type": "Point", "coordinates": [ 589906.713212905451655, 4523245.574359197169542 ] } },
{ "type": "Feature", "properties": { "node_index": 2761, "is_stop_only": false }, "geometry": { "type": "Point", "coordinates": [ 584285.695623070700094, 4507791.121420280076563 ] } },
{ "type": "Feature", "properties": { "node_index": 2762, "is_stop_only": false }, "geometry": { "type": "Point", "coordinates": [ 584328.323330314597115, 4507854.810113057494164 ] } },
{ "type": "Feature", "properties": { "node_index": 2763, "is_stop_only": false }, "geometry": { "type": "Point", "coordinates": [ 589951.575437049614266, 4523375.79928751476109 ] } },
{ "type": "Feature", "properties": { "node_index": 2764, "is_stop_only": false }, "geometry": { "type": "Point", "coordinates": [ 584376.243220323929563, 4507925.486982414498925 ] } },
{ "type": "Feature", "properties": { "node_index": 2765, "is_stop_only": false }, "geometry": { "type": "Point", "coordinates": [ 589962.244406245532446, 4523399.577855492942035 ] } },
{ "type": "Feature", "properties": { "node_index": 2766, "is_stop_only": false }, "geometry": { "type": "Point", "coordinates": [ 584537.937779770232737, 4508162.792594449594617 ] } },
{ "type": "Feature", "properties": { "node_index": 2767, "is_stop_only": false }, "geometry": { "type": "Point", "coordinates": [ 590028.663017882732674, 4523573.033204448409379 ] } },
{ "type": "Feature", "properties": { "node_index": 2768, "is_stop_only": false }, "geometry": { "type": "Point", "coordinates": [ 584750.032181160873733, 4508568.564128813333809 ] } },
{ "type": "Feature", "properties": { "node_index": 2769, "is_stop_only": false }, "geometry": { "type": "Point", "coordinates": [ 584799.28757087525446, 4508648.72941720765084 ] } },
{ "type": "Feature", "properties": { "node_index": 2770, "is_stop_only": false }, "geometry": { "type": "Point", "coordinates": [ 584849.900969311594963, 4508732.652027152478695 ] } },
{ "type": "Feature", "properties": { "node_index": 2771, "is_stop_only": false }, "geometry": { "type": "Point", "coordinates": [ 584944.488792214775458, 4508898.745931099168956 ] } },
{ "type": "Feature", "properties": { "node_index": 2772, "is_stop_only": false }, "geometry": { "type": "Point", "coordinates": [ 583620.041237765341066, 4510295.223543302156031 ] } },
{ "type": "Feature", "properties": { "node_index": 2773, "is_stop_only": false }, "geometry": { "type": "Point", "coordinates": [ 586486.435218162834644, 4510464.395982853136957 ] } },
{ "type": "Feature", "properties": { "node_index": 2774, "is_stop_only": false }, "geometry": { "type": "Point", "coordinates": [ 585025.85685528209433, 4509035.901743185706437 ] } },
{ "type": "Feature", "properties": { "node_index": 2775, "is_stop_only": false }, "geometry": { "type": "Point", "coordinates": [ 588451.278843640000559, 4520535.787239861674607 ] } },
{ "type": "Feature", "properties": { "node_index": 2776, "is_stop_only": false }, "geometry": { "type": "Point", "coordinates": [ 585196.913861377397552, 4509280.580423864535987 ] } },
{ "type": "Feature", "properties": { "node_index": 2777, "is_stop_only": false }, "geometry": { "type": "Point", "coordinates": [ 585233.555704725091346, 4509343.373465477488935 ] } },
{ "type": "Feature", "properties": { "node_index": 2778, "is_stop_only": false }, "geometry": { "type": "Point", "coordinates": [ 590113.69556894688867, 4523837.202859847806394 ] } },
{ "type": "Feature", "properties": { "node_index": 2779, "is_stop_only": false }, "geometry": { "type": "Point", "coordinates": [ 585245.713808819069527, 4509337.073995531536639 ] } },
{ "type": "Feature", "properties": { "node_index": 2780, "is_stop_only": false }, "geometry": { "type": "Point", "coordinates": [ 591131.071561075630598, 4523806.028623485006392 ] } },
{ "type": "Feature", "properties": { "node_index": 2781, "is_stop_only": false }, "geometry": { "type": "Point", "coordinates": [ 591213.120383890694939, 4523941.306740196421742 ] } },
{ "type": "Feature", "properties": { "node_index": 2782, "is_stop_only": false }, "geometry": { "type": "Point", "coordinates": [ 591220.417783220415004, 4524026.054774067364633 ] } },
{ "type": "Feature", "properties": { "node_index": 2783, "is_stop_only": false }, "geometry": { "type": "Point", "coordinates": [ 590173.273048942559399, 4524146.328093305230141 ] } },
{ "type": "Feature", "properties": { "node_index": 2784, "is_stop_only": false }, "geometry": { "type": "Point", "coordinates": [ 585675.405646498780698, 4515491.617470593191683 ] } },
{ "type": "Feature", "properties": { "node_index": 2785, "is_stop_only": false }, "geometry": { "type": "Point", "coordinates": [ 583971.122713638236746, 4508864.900179299525917 ] } },
{ "type": "Feature", "properties": { "node_index": 2786, "is_stop_only": false }, "geometry": { "type": "Point", "coordinates": [ 589678.102225419832394, 4518658.27436797786504 ] } },
{ "type": "Feature", "properties": { "node_index": 2787, "is_stop_only": false }, "geometry": { "type": "Point", "coordinates": [ 589410.298098395345733, 4518802.926761058159173 ] } },
{ "type": "Feature", "properties": { "node_index": 2788, "is_stop_only": false }, "geometry": { "type": "Point", "coordinates": [ 590265.728740995517001, 4524285.652872976846993 ] } },
{ "type": "Feature", "properties": { "node_index": 2789, "is_stop_only": false }, "geometry": { "type": "Point", "coordinates": [ 590331.934743829071522, 4524333.349465595558286 ] } },
{ "type": "Feature", "properties": { "node_index": 2790, "is_stop_only": false }, "geometry": { "type": "Point", "coordinates": [ 590401.994209106196649, 4524383.603085730224848 ] } },
{ "type": "Feature", "properties": { "node_index": 2791, "is_stop_only": false }, "geometry": { "type": "Point", "coordinates": [ 590519.254500563838519, 4524439.932096133008599 ] } },
{ "type": "Feature", "properties": { "node_index": 2792, "is_stop_only": false }, "geometry": { "type": "Point", "coordinates": [ 590591.895981880370528, 4524475.352821249514818 ] } },
{ "type": "Feature", "properties": { "node_index": 2793, "is_stop_only": false }, "geometry": { "type": "Point", "coordinates": [ 584929.176296654157341, 4507825.494617303833365 ] } },
{ "type": "Feature", "properties": { "node_index": 2794, "is_stop_only": false }, "geometry": { "type": "Point", "coordinates": [ 590750.665589993004687, 4524552.801886665634811 ] } },
{ "type": "Feature", "properties": { "node_index": 2795, "is_stop_only": false }, "geometry": { "type": "Point", "coordinates": [ 590909.239915393060073, 4524631.473359034396708 ] } },
{ "type": "Feature", "properties": { "node_index": 2796, "is_stop_only": false }, "geometry": { "type": "Point", "coordinates": [ 584771.050385535578243, 4507894.273057244718075 ] } },
{ "type": "Feature", "properties": { "node_index": 2797, "is_stop_only": false }, "geometry": { "type": "Point", "coordinates": [ 591031.847478383802809, 4524678.694735880941153 ] } },
{ "type": "Feature", "properties": { "node_index": 2798, "is_stop_only": false }, "geometry": { "type": "Point", "coordinates": [ 591132.011203082744032, 4524720.267249434255064 ] } },
{ "type": "Feature", "properties": { "node_index": 2799, "is_stop_only": false }, "geometry": { "type": "Point", "coordinates": [ 584564.216057508718222, 4507984.248342540115118 ] } },
{ "type": "Feature", "properties": { "node_index": 2800, "is_stop_only": false }, "geometry": { "type": "Point", "coordinates": [ 591212.947871542070061, 4524766.011196859180927 ] } },
{ "type": "Feature", "properties": { "node_index": 2801, "is_stop_only": false }, "geometry": { "type": "Point", "coordinates": [ 585328.595963270985521, 4507673.116603752598166 ] } },
{ "type": "Feature", "properties": { "node_index": 2802, "is_stop_only": false }, "geometry": { "type": "Point", "coordinates": [ 591283.823145118542016, 4524815.606332925148308 ] } },
{ "type": "Feature", "properties": { "node_index": 2803, "is_stop_only": false }, "geometry": { "type": "Point", "coordinates": [ 585195.951854896033183, 4507723.971836597658694 ] } },
{ "type": "Feature", "properties": { "node_index": 2804, "is_stop_only": false }, "geometry": { "type": "Point", "coordinates": [ 591358.644721476361156, 4524876.542481483891606 ] } },
{ "type": "Feature", "properties": { "node_index": 2805, "is_stop_only": false }, "geometry": { "type": "Point", "coordinates": [ 591418.350850960705429, 4524938.369075771421194 ] } },
{ "type": "Feature", "properties": { "node_index": 2806, "is_stop_only": false }, "geometry": { "type": "Point", "coordinates": [ 586014.676561400410719, 4507560.437446437776089 ] } },
{ "type": "Feature", "properties": { "node_index": 2807, "is_stop_only": false }, "geometry": { "type": "Point", "coordinates": [ 590807.548700045095757, 4524043.978685300797224 ] } },
{ "type": "Feature", "properties": { "node_index": 2808, "is_stop_only": false }, "geometry": { "type": "Point", "coordinates": [ 589264.231517442851327, 4522703.199551876634359 ] } },
{ "type": "Feature", "properties": { "node_index": 2809, "is_stop_only": false }, "geometry": { "type": "Point", "coordinates": [ 590753.305166979902424, 4524153.13882088009268 ] } },
{ "type": "Feature", "properties": { "node_index": 2810, "is_stop_only": false }, "geometry": { "type": "Point", "coordinates": [ 590547.915096212876961, 4524563.301080041565001 ] } },
{ "type": "Feature", "properties": { "node_index": 2811, "is_stop_only": false }, "geometry": { "type": "Point", "coordinates": [ 589188.372151546180248, 4522713.063325386494398 ] } },
{ "type": "Feature", "properties": { "node_index": 2812, "is_stop_only": false }, "geometry": { "type": "Point", "coordinates": [ 590512.918692892300896, 4524633.484530791640282 ] } },
{ "type": "Feature", "properties": { "node_index": 2813, "is_stop_only": false }, "geometry": { "type": "Point", "coordinates": [ 591572.894665874890052, 4525084.56529332511127 ] } },
{ "type": "Feature", "properties": { "node_index": 2814, "is_stop_only": false }, "geometry": { "type": "Point", "coordinates": [ 590879.735989254666492, 4523851.603444847278297 ] } },
{ "type": "Feature", "properties": { "node_index": 2815, "is_stop_only": false }, "geometry": { "type": "Point", "coordinates": [ 585913.46665181487333, 4511678.464830663986504 ] } },
{ "type": "Feature", "properties": { "node_index": 2816, "is_stop_only": false }, "geometry": { "type": "Point", "coordinates": [ 586049.387846446945332, 4511605.257651070132852 ] } },
{ "type": "Feature", "properties": { "node_index": 2817, "is_stop_only": false }, "geometry": { "type": "Point", "coordinates": [ 586195.201607730705291, 4511527.449532338418067 ] } },
{ "type": "Feature", "properties": { "node_index": 2818, "is_stop_only": false }, "geometry": { "type": "Point", "coordinates": [ 586324.645553109468892, 4511457.01408916991204 ] } },
{ "type": "Feature", "properties": { "node_index": 2819, "is_stop_only": false }, "geometry": { "type": "Point", "coordinates": [ 586463.851036565029062, 4511382.364879456348717 ] } },
{ "type": "Feature", "properties": { "node_index": 2820, "is_stop_only": false }, "geometry": { "type": "Point", "coordinates": [ 588615.765589607413858, 4518499.410385674796999 ] } },
{ "type": "Feature", "properties": { "node_index": 2821, "is_stop_only": false }, "geometry": { "type": "Point", "coordinates": [ 586534.089294738369063, 4511344.215983394533396 ] } },
{ "type": "Feature", "properties": { "node_index": 2822, "is_stop_only": false }, "geometry": { "type": "Point", "coordinates": [ 586723.936661720159464, 4511241.985644922591746 ] } },
{ "type": "Feature", "properties": { "node_index": 2823, "is_stop_only": false }, "geometry": { "type": "Point", "coordinates": [ 586853.785040877992287, 4511173.939816256985068 ] } },
{ "type": "Feature", "properties": { "node_index": 2824, "is_stop_only": false }, "geometry": { "type": "Point", "coordinates": [ 590404.838634341722354, 4522736.385955777950585 ] } },
{ "type": "Feature", "properties": { "node_index": 2825, "is_stop_only": false }, "geometry": { "type": "Point", "coordinates": [ 590182.163026927271858, 4522855.680151937529445 ] } },
{ "type": "Feature", "properties": { "node_index": 2826, "is_stop_only": false }, "geometry": { "type": "Point", "coordinates": [ 589959.486609541694634, 4522975.647025306709111 ] } },
{ "type": "Feature", "properties": { "node_index": 2827, "is_stop_only": false }, "geometry": { "type": "Point", "coordinates": [ 589755.731213909108192, 4523037.672903570346534 ] } },
{ "type": "Feature", "properties": { "node_index": 2828, "is_stop_only": false }, "geometry": { "type": "Point", "coordinates": [ 587719.564976705471054, 4515026.741671374067664 ] } },
{ "type": "Feature", "properties": { "node_index": 2829, "is_stop_only": false }, "geometry": { "type": "Point", "coordinates": [ 583954.804370373021811, 4508116.5789584973827 ] } },
{ "type": "Feature", "properties": { "node_index": 2830, "is_stop_only": false }, "geometry": { "type": "Point", "coordinates": [ 583883.033546622376889, 4508125.281399897299707 ] } },
{ "type": "Feature", "properties": { "node_index": 2831, "is_stop_only": false }, "geometry": { "type": "Point", "coordinates": [ 587855.709290104568936, 4514953.326828041113913 ] } },
{ "type": "Feature", "properties": { "node_index": 2832, "is_stop_only": false }, "geometry": { "type": "Point", "coordinates": [ 588004.453013077378273, 4514873.103041403926909 ] } },
{ "type": "Feature", "properties": { "node_index": 2833, "is_stop_only": false }, "geometry": { "type": "Point", "coordinates": [ 588129.994057044270448, 4514805.406881188042462 ] } },
{ "type": "Feature", "properties": { "node_index": 2834, "is_stop_only": false }, "geometry": { "type": "Point", "coordinates": [ 586661.212770050624385, 4508931.045018302276731 ] } },
{ "type": "Feature", "properties": { "node_index": 2835, "is_stop_only": false }, "geometry": { "type": "Point", "coordinates": [ 588266.401506082271226, 4514731.858191297389567 ] } },
{ "type": "Feature", "properties": { "node_index": 2836, "is_stop_only": false }, "geometry": { "type": "Point", "coordinates": [ 588456.394640988204628, 4514629.419810456223786 ] } },
{ "type": "Feature", "properties": { "node_index": 2837, "is_stop_only": false }, "geometry": { "type": "Point", "coordinates": [ 588657.631775108166039, 4514520.91460576467216 ] } },
{ "type": "Feature", "properties": { "node_index": 2838, "is_stop_only": false }, "geometry": { "type": "Point", "coordinates": [ 589017.343287487281486, 4514044.020496522076428 ] } },
{ "type": "Feature", "properties": { "node_index": 2839, "is_stop_only": false }, "geometry": { "type": "Point", "coordinates": [ 589005.500543949310668, 4514331.907593967393041 ] } },
{ "type": "Feature", "properties": { "node_index": 2840, "is_stop_only": false }, "geometry": { "type": "Point", "coordinates": [ 587797.51485802733805, 4515170.731044700369239 ] } },
{ "type": "Feature", "properties": { "node_index": 2841, "is_stop_only": false }, "geometry": { "type": "Point", "coordinates": [ 589048.448520443635061, 4514309.764113906770945 ] } },
{ "type": "Feature", "properties": { "node_index": 2842, "is_stop_only": false }, "geometry": { "type": "Point", "coordinates": [ 587933.733863013563678, 4515097.274147676303983 ] } },
{ "type": "Feature", "properties": { "node_index": 2843, "is_stop_only": false }, "geometry": { "type": "Point", "coordinates": [ 588082.466811162536032, 4515017.085145612247288 ] } },
{ "type": "Feature", "properties": { "node_index": 2844, "is_stop_only": false }, "geometry": { "type": "Point", "coordinates": [ 583970.539985208539292, 4506729.964187901467085 ] } },
{ "type": "Feature", "properties": { "node_index": 2845, "is_stop_only": false }, "geometry": { "type": "Point", "coordinates": [ 588208.176038475474343, 4514949.303525950759649 ] } },
{ "type": "Feature", "properties": { "node_index": 2846, "is_stop_only": false }, "geometry": { "type": "Point", "coordinates": [ 583894.989576940541156, 4506801.272980040870607 ] } },
{ "type": "Feature", "properties": { "node_index": 2847, "is_stop_only": false }, "geometry": { "type": "Point", "coordinates": [ 588344.139741651015356, 4514876.017471891827881 ] } },
{ "type": "Feature", "properties": { "node_index": 2848, "is_stop_only": false }, "geometry": { "type": "Point", "coordinates": [ 588735.602364492602646, 4514664.980959590524435 ] } },
{ "type": "Feature", "properties": { "node_index": 2849, "is_stop_only": false }, "geometry": { "type": "Point", "coordinates": [ 589078.333699380862527, 4522196.887458419427276 ] } },
{ "type": "Feature", "properties": { "node_index": 2850, "is_stop_only": false }, "geometry": { "type": "Point", "coordinates": [ 589126.283991643227637, 4514455.520623533055186 ] } },
{ "type": "Feature", "properties": { "node_index": 2851, "is_stop_only": false }, "geometry": { "type": "Point", "coordinates": [ 584934.387768234242685, 4509861.51914425753057 ] } },
{ "type": "Feature", "properties": { "node_index": 2852, "is_stop_only": false }, "geometry": { "type": "Point", "coordinates": [ 584660.522906046011485, 4510008.820402780547738 ] } },
{ "type": "Feature", "properties": { "node_index": 2853, "is_stop_only": false }, "geometry": { "type": "Point", "coordinates": [ 584419.786379929282703, 4510138.567698954604566 ] } },
{ "type": "Feature", "properties": { "node_index": 2854, "is_stop_only": false }, "geometry": { "type": "Point", "coordinates": [ 584230.727905627572909, 4510234.35987810511142 ] } },
{ "type": "Feature", "properties": { "node_index": 2855, "is_stop_only": false }, "geometry": { "type": "Point", "coordinates": [ 583777.677784226718359, 4510683.346233382821083 ] } },
{ "type": "Feature", "properties": { "node_index": 2856, "is_stop_only": false }, "geometry": { "type": "Point", "coordinates": [ 583706.995174687006511, 4510719.772939874790609 ] } },
{ "type": "Feature", "properties": { "node_index": 2857, "is_stop_only": false }, "geometry": { "type": "Point", "coordinates": [ 584175.25986166158691, 4510269.678438461385667 ] } },
{ "type": "Feature", "properties": { "node_index": 2858, "is_stop_only": false }, "geometry": { "type": "Point", "coordinates": [ 591261.848986305645667, 4524560.217069951817393 ] } },
{ "type": "Feature", "properties": { "node_index": 2859, "is_stop_only": false }, "geometry": { "type": "Point", "coordinates": [ 584106.190074906684458, 4510307.818413740023971 ] } },
{ "type": "Feature", "properties": { "node_index": 2860, "is_stop_only": false }, "geometry": { "type": "Point", "coordinates": [ 587814.14485816587694, 4519493.726859969086945 ] } },
{ "type": "Feature", "properties": { "node_index": 2861, "is_stop_only": false }, "geometry": { "type": "Point", "coordinates": [ 583983.895090219448321, 4510374.343366655521095 ] } },
{ "type": "Feature", "properties": { "node_index": 2862, "is_stop_only": false }, "geometry": { "type": "Point", "coordinates": [ 584396.818050604779273, 4507633.180890620686114 ] } },
{ "type": "Feature", "properties": { "node_index": 2863, "is_stop_only": false }, "geometry": { "type": "Point", "coordinates": [ 583797.413799615809694, 4510473.284117764793336 ] } },
{ "type": "Feature", "properties": { "node_index": 2864, "is_stop_only": false }, "geometry": { "type": "Point", "coordinates": [ 586957.936971921590157, 4511487.612276340834796 ] } },
{ "type": "Feature", "properties": { "node_index": 2865, "is_stop_only": false }, "geometry": { "type": "Point", "coordinates": [ 586403.7920807847986, 4516556.93897283449769 ] } },
{ "type": "Feature", "properties": { "node_index": 2866, "is_stop_only": false }, "geometry": { "type": "Point", "coordinates": [ 583692.002637248020619, 4510530.98975876159966 ] } },
{ "type": "Feature", "properties": { "node_index": 2867, "is_stop_only": false }, "geometry": { "type": "Point", "coordinates": [ 588812.588997196289711, 4516371.434769383631647 ] } },
{ "type": "Feature", "properties": { "node_index": 2868, "is_stop_only": false }, "geometry": { "type": "Point", "coordinates": [ 588938.633492828463204, 4516303.969652813859284 ] } },
{ "type": "Feature", "properties": { "node_index": 2869, "is_stop_only": false }, "geometry": { "type": "Point", "coordinates": [ 589074.829155163373798, 4516231.066522012464702 ] } },
{ "type": "Feature", "properties": { "node_index": 2870, "is_stop_only": false }, "geometry": { "type": "Point", "coordinates": [ 589808.011232813820243, 4521868.008086158894002 ] } },
{ "type": "Feature", "properties": { "node_index": 2871, "is_stop_only": false }, "geometry": { "type": "Point", "coordinates": [ 588528.711243805824779, 4516526.352602886036038 ] } },
{ "type": "Feature", "properties": { "node_index": 2872, "is_stop_only": false }, "geometry": { "type": "Point", "coordinates": [ 589685.419174642069265, 4521934.443722573108971 ] } },
{ "type": "Feature", "properties": { "node_index": 2873, "is_stop_only": false }, "geometry": { "type": "Point", "coordinates": [ 588664.603266927879304, 4516452.039585897698998 ] } },
{ "type": "Feature", "properties": { "node_index": 2874, "is_stop_only": false }, "geometry": { "type": "Point", "coordinates": [ 586445.049850691342726, 4516602.54088618978858 ] } },
{ "type": "Feature", "properties": { "node_index": 2875, "is_stop_only": false }, "geometry": { "type": "Point", "coordinates": [ 590336.895004741498269, 4516820.535517482087016 ] } },
{ "type": "Feature", "properties": { "node_index": 2876, "is_stop_only": false }, "geometry": { "type": "Point", "coordinates": [ 590141.529963539564051, 4517309.171080980449915 ] } },
{ "type": "Feature", "properties": { "node_index": 2877, "is_stop_only": false }, "geometry": { "type": "Point", "coordinates": [ 589567.280141669441946, 4521998.181912750937045 ] } },
{ "type": "Feature", "properties": { "node_index": 2878, "is_stop_only": false }, "geometry": { "type": "Point", "coordinates": [ 589464.519740534480661, 4522053.748018234036863 ] } },
{ "type": "Feature", "properties": { "node_index": 2879, "is_stop_only": false }, "geometry": { "type": "Point", "coordinates": [ 584475.248924229876138, 4510821.826059578917921 ] } },
{ "type": "Feature", "properties": { "node_index": 2880, "is_stop_only": false }, "geometry": { "type": "Point", "coordinates": [ 589135.211150437127799, 4522225.441219432279468 ] } },
{ "type": "Feature", "properties": { "node_index": 2881, "is_stop_only": false }, "geometry": { "type": "Point", "coordinates": [ 585312.657218470005319, 4512374.813451107591391 ] } },
{ "type": "Feature", "properties": { "node_index": 2882, "is_stop_only": false }, "geometry": { "type": "Point", "coordinates": [ 585445.216580064734444, 4510485.847570156678557 ] } },
{ "type": "Feature", "properties": { "node_index": 2883, "is_stop_only": false }, "geometry": { "type": "Point", "coordinates": [ 585521.750668086344376, 4510626.073875733651221 ] } },
{ "type": "Feature", "properties": { "node_index": 2884, "is_stop_only": false }, "geometry": { "type": "Point", "coordinates": [ 585597.204936888301745, 4510765.955542987212539 ] } },
{ "type": "Feature", "properties": { "node_index": 2885, "is_stop_only": false }, "geometry": { "type": "Point", "coordinates": [ 585085.768829608568922, 4513955.524180103093386 ] } },
{ "type": "Feature", "properties": { "node_index": 2886, "is_stop_only": false }, "geometry": { "type": "Point", "coordinates": [ 585634.174169905949384, 4510834.527928003109992 ] } },
{ "type": "Feature", "properties": { "node_index": 2887, "is_stop_only": false }, "geometry": { "type": "Point", "coordinates": [ 583713.994913949398324, 4506517.014767949469388 ] } },
{ "type": "Feature", "properties": { "node_index": 2888, "is_stop_only": false }, "geometry": { "type": "Point", "coordinates": [ 587300.075413200771436, 4516542.948370792903006 ] } },
{ "type": "Feature", "properties": { "node_index": 2889, "is_stop_only": false }, "geometry": { "type": "Point", "coordinates": [ 583710.599656312610023, 4506542.377943548373878 ] } },
{ "type": "Feature", "properties": { "node_index": 2890, "is_stop_only": false }, "geometry": { "type": "Point", "coordinates": [ 585145.752138257492334, 4514014.433924491517246 ] } },
{ "type": "Feature", "properties": { "node_index": 2891, "is_stop_only": false }, "geometry": { "type": "Point", "coordinates": [ 585745.849833546672016, 4511041.37655474524945 ] } },
{ "type": "Feature", "properties": { "node_index": 2892, "is_stop_only": false }, "geometry": { "type": "Point", "coordinates": [ 585783.136808180250227, 4511112.162803716957569 ] } },
{ "type": "Feature", "properties": { "node_index": 2893, "is_stop_only": false }, "geometry": { "type": "Point", "coordinates": [ 585820.74043372028973, 4511180.332813100889325 ] } },
{ "type": "Feature", "properties": { "node_index": 2894, "is_stop_only": false }, "geometry": { "type": "Point", "coordinates": [ 583059.717818413046189, 4506641.32156269159168 ] } },
{ "type": "Feature", "properties": { "node_index": 2895, "is_stop_only": false }, "geometry": { "type": "Point", "coordinates": [ 585937.909368358436041, 4511398.195148757658899 ] } },
{ "type": "Feature", "properties": { "node_index": 2896, "is_stop_only": false }, "geometry": { "type": "Point", "coordinates": [ 585975.651046979124658, 4511467.311343532986939 ] } },
{ "type": "Feature", "properties": { "node_index": 2897, "is_stop_only": false }, "geometry": { "type": "Point", "coordinates": [ 586012.385661406326108, 4511535.838750296272337 ] } },
{ "type": "Feature", "properties": { "node_index": 2898, "is_stop_only": false }, "geometry": { "type": "Point", "coordinates": [ 589485.560529040871188, 4518302.160124597139657 ] } },
{ "type": "Feature", "properties": { "node_index": 2899, "is_stop_only": false }, "geometry": { "type": "Point", "coordinates": [ 586086.891902175615542, 4511674.294016655534506 ] } },
{ "type": "Feature", "properties": { "node_index": 2900, "is_stop_only": false }, "geometry": { "type": "Point", "coordinates": [ 589217.731036610668525, 4518444.709886524826288 ] } },
{ "type": "Feature", "properties": { "node_index": 2901, "is_stop_only": false }, "geometry": { "type": "Point", "coordinates": [ 586164.203306121984497, 4511817.401294475421309 ] } },
{ "type": "Feature", "properties": { "node_index": 2902, "is_stop_only": false }, "geometry": { "type": "Point", "coordinates": [ 586205.796649672673084, 4511893.247171142138541 ] } },
{ "type": "Feature", "properties": { "node_index": 2903, "is_stop_only": false }, "geometry": { "type": "Point", "coordinates": [ 588962.243621758883819, 4518581.022580025717616 ] } },
{ "type": "Feature", "properties": { "node_index": 2904, "is_stop_only": false }, "geometry": { "type": "Point", "coordinates": [ 586243.068364949896932, 4511962.403859261423349 ] } },
{ "type": "Feature", "properties": { "node_index": 2905, "is_stop_only": false }, "geometry": { "type": "Point", "coordinates": [ 588727.494670800166205, 4518706.479188429191709 ] } },
{ "type": "Feature", "properties": { "node_index": 2906, "is_stop_only": false }, "geometry": { "type": "Point", "coordinates": [ 586355.915872705983929, 4512171.474865178577602 ] } },
{ "type": "Feature", "properties": { "node_index": 2907, "is_stop_only": false }, "geometry": { "type": "Point", "coordinates": [ 587761.143659837311134, 4519228.159807722084224 ] } },
{ "type": "Feature", "properties": { "node_index": 2908, "is_stop_only": false }, "geometry": { "type": "Point", "coordinates": [ 586394.135119838756509, 4512242.386520724743605 ] } },
{ "type": "Feature", "properties": { "node_index": 2909, "is_stop_only": false }, "geometry": { "type": "Point", "coordinates": [ 586469.578386231674813, 4512382.489140998572111 ] } },
{ "type": "Feature", "properties": { "node_index": 2910, "is_stop_only": false }, "geometry": { "type": "Point", "coordinates": [ 586544.610171429347247, 4512522.154842502437532 ] } },
{ "type": "Feature", "properties": { "node_index": 2911, "is_stop_only": false }, "geometry": { "type": "Point", "coordinates": [ 589025.202006172155961, 4517449.706405089236796 ] } },
{ "type": "Feature", "properties": { "node_index": 2912, "is_stop_only": false }, "geometry": { "type": "Point", "coordinates": [ 586620.352094470639713, 4512662.207194996997714 ] } },
{ "type": "Feature", "properties": { "node_index": 2913, "is_stop_only": false }, "geometry": { "type": "Point", "coordinates": [ 589104.168952197418548, 4514973.792470866814256 ] } },
{ "type": "Feature", "properties": { "node_index": 2914, "is_stop_only": false }, "geometry": { "type": "Point", "coordinates": [ 586622.144234814448282, 4516904.986503847874701 ] } },
{ "type": "Feature", "properties": { "node_index": 2915, "is_stop_only": false }, "geometry": { "type": "Point", "coordinates": [ 586658.164100473280996, 4512732.127541373483837 ] } },
{ "type": "Feature", "properties": { "node_index": 2916, "is_stop_only": false }, "geometry": { "type": "Point", "coordinates": [ 583717.692937816958874, 4507459.909395291469991 ] } },
{ "type": "Feature", "properties": { "node_index": 2917, "is_stop_only": false }, "geometry": { "type": "Point", "coordinates": [ 586777.975387249607593, 4512954.321443736553192 ] } },
{ "type": "Feature", "properties": { "node_index": 2918, "is_stop_only": false }, "geometry": { "type": "Point", "coordinates": [ 583608.710278245969675, 4507522.783618082292378 ] } },
{ "type": "Feature", "properties": { "node_index": 2919, "is_stop_only": false }, "geometry": { "type": "Point", "coordinates": [ 583505.459098040359095, 4507579.462355411611497 ] } },
{ "type": "Feature", "properties": { "node_index": 2920, "is_stop_only": false }, "geometry": { "type": "Point", "coordinates": [ 586815.564247656264342, 4513023.57395591493696 ] } },
{ "type": "Feature", "properties": { "node_index": 2921, "is_stop_only": false }, "geometry": { "type": "Point", "coordinates": [ 586852.693877209443599, 4513093.054447799921036 ] } },
{ "type": "Feature", "properties": { "node_index": 2922, "is_stop_only": false }, "geometry": { "type": "Point", "coordinates": [ 583347.137963313842192, 4507613.052999152801931 ] } },
{ "type": "Feature", "properties": { "node_index": 2923, "is_stop_only": false }, "geometry": { "type": "Point", "coordinates": [ 591039.189055921975523, 4524164.243309865705669 ] } },
{ "type": "Feature", "properties": { "node_index": 2924, "is_stop_only": false }, "geometry": { "type": "Point", "coordinates": [ 586928.027669030125253, 4513232.339548598043621 ] } },
{ "type": "Feature", "properties": { "node_index": 2925, "is_stop_only": false }, "geometry": { "type": "Point", "coordinates": [ 583239.358341874671169, 4507635.456876321695745 ] } },
{ "type": "Feature", "properties": { "node_index": 2926, "is_stop_only": false }, "geometry": { "type": "Point", "coordinates": [ 587041.433400874375366, 4513442.250604500062764 ] } },
{ "type": "Feature", "properties": { "node_index": 2927, "is_stop_only": false }, "geometry": { "type": "Point", "coordinates": [ 587078.963277126895264, 4513511.781507374718785 ] } },
{ "type": "Feature", "properties": { "node_index": 2928, "is_stop_only": false }, "geometry": { "type": "Point", "coordinates": [ 583147.180905875167809, 4507649.655124481767416 ] } },
{ "type": "Feature", "properties": { "node_index": 2929, "is_stop_only": false }, "geometry": { "type": "Point", "coordinates": [ 587191.905253597302362, 4513721.623128354549408 ] } },
{ "type": "Feature", "properties": { "node_index": 2930, "is_stop_only": false }, "geometry": { "type": "Point", "coordinates": [ 584737.109546739025973, 4506940.914225480519235 ] } },
{ "type": "Feature", "properties": { "node_index": 2931, "is_stop_only": false }, "geometry": { "type": "Point", "coordinates": [ 587464.431056957342662, 4514227.417775499634445 ] } },
{ "type": "Feature", "properties": { "node_index": 2932, "is_stop_only": false }, "geometry": { "type": "Point", "coordinates": [ 583163.138514301739633, 4507678.25523417070508 ] } },
{ "type": "Feature", "properties": { "node_index": 2933, "is_stop_only": false }, "geometry": { "type": "Point", "coordinates": [ 587502.590867731138133, 4514297.946682840585709 ] } },
{ "type": "Feature", "properties": { "node_index": 2934, "is_stop_only": false }, "geometry": { "type": "Point", "coordinates": [ 583070.671876918990165, 4507732.673864088021219 ] } },
{ "type": "Feature", "properties": { "node_index": 2935, "is_stop_only": false }, "geometry": { "type": "Point", "coordinates": [ 584975.478685756446794, 4507527.344703297130764 ] } },
{ "type": "Feature", "properties": { "node_index": 2936, "is_stop_only": false }, "geometry": { "type": "Point", "coordinates": [ 587579.828363641398028, 4514445.410980594344437 ] } },
{ "type": "Feature", "properties": { "node_index": 2937, "is_stop_only": false }, "geometry": { "type": "Point", "coordinates": [ 585020.411970695480704, 4507646.740982916206121 ] } },
{ "type": "Feature", "properties": { "node_index": 2938, "is_stop_only": false }, "geometry": { "type": "Point", "coordinates": [ 585067.649598073330708, 4507772.791987839154899 ] } },
{ "type": "Feature", "properties": { "node_index": 2939, "is_stop_only": false }, "geometry": { "type": "Point", "coordinates": [ 587661.174346600309946, 4514592.036672527901828 ] } },
{ "type": "Feature", "properties": { "node_index": 2940, "is_stop_only": false }, "geometry": { "type": "Point", "coordinates": [ 585117.370042426278815, 4507904.644957143813372 ] } },
{ "type": "Feature", "properties": { "node_index": 2941, "is_stop_only": false }, "geometry": { "type": "Point", "coordinates": [ 585155.739541122689843, 4508006.736428007483482 ] } },
{ "type": "Feature", "properties": { "node_index": 2942, "is_stop_only": false }, "geometry": { "type": "Point", "coordinates": [ 585196.738484529778361, 4508115.874892473220825 ] } },
{ "type": "Feature", "properties": { "node_index": 2943, "is_stop_only": false }, "geometry": { "type": "Point", "coordinates": [ 585247.286371980793774, 4508250.280822684057057 ] } },
{ "type": "Feature", "properties": { "node_index": 2944, "is_stop_only": false }, "geometry": { "type": "Point", "coordinates": [ 587738.004349902272224, 4514734.18000846914947 ] } },
{ "type": "Feature", "properties": { "node_index": 2945, "is_stop_only": false }, "geometry": { "type": "Point", "coordinates": [ 585404.796437993878499, 4509253.418142198584974 ] } },
{ "type": "Feature", "properties": { "node_index": 2946, "is_stop_only": false }, "geometry": { "type": "Point", "coordinates": [ 585408.755920722382143, 4509270.41675113234669 ] } },
{ "type": "Feature", "properties": { "node_index": 2947, "is_stop_only": false }, "geometry": { "type": "Point", "coordinates": [ 585295.782864346168935, 4508379.279044261202216 ] } },
{ "type": "Feature", "properties": { "node_index": 2948, "is_stop_only": false }, "geometry": { "type": "Point", "coordinates": [ 587814.401353071210906, 4514875.575260241515934 ] } },
{ "type": "Feature", "properties": { "node_index": 2949, "is_stop_only": false }, "geometry": { "type": "Point", "coordinates": [ 587896.302524394122884, 4515027.93930472061038 ] } },
{ "type": "Feature", "properties": { "node_index": 2950, "is_stop_only": false }, "geometry": { "type": "Point", "coordinates": [ 585126.367083302116953, 4510218.268832274712622 ] } },
{ "type": "Feature", "properties": { "node_index": 2951, "is_stop_only": false }, "geometry": { "type": "Point", "coordinates": [ 584852.614344955887645, 4510365.39758531562984 ] } },
{ "type": "Feature", "properties": { "node_index": 2952, "is_stop_only": false }, "geometry": { "type": "Point", "coordinates": [ 584610.970469004125334, 4510495.416797090321779 ] } },
{ "type": "Feature", "properties": { "node_index": 2953, "is_stop_only": false }, "geometry": { "type": "Point", "coordinates": [ 584370.247772965813056, 4510626.131402371451259 ] } },
{ "type": "Feature", "properties": { "node_index": 2954, "is_stop_only": false }, "geometry": { "type": "Point", "coordinates": [ 584125.089587338967249, 4510758.568512629717588 ] } },
{ "type": "Feature", "properties": { "node_index": 2955, "is_stop_only": false }, "geometry": { "type": "Point", "coordinates": [ 583886.847768585663289, 4510885.751691097393632 ] } },
{ "type": "Feature", "properties": { "node_index": 2956, "is_stop_only": false }, "geometry": { "type": "Point", "coordinates": [ 583739.040925190085545, 4510966.291219718754292 ] } },
{ "type": "Feature", "properties": { "node_index": 2957, "is_stop_only": false }, "geometry": { "type": "Point", "coordinates": [ 587093.496948685613461, 4513864.961444365791976 ] } },
{ "type": "Feature", "properties": { "node_index": 2958, "is_stop_only": false }, "geometry": { "type": "Point", "coordinates": [ 588047.427853021188639, 4515307.827974058687687 ] } },
{ "type": "Feature", "properties": { "node_index": 2959, "is_stop_only": false }, "geometry": { "type": "Point", "coordinates": [ 587229.85229972936213, 4513792.036900711245835 ] } },
{ "type": "Feature", "properties": { "node_index": 2960, "is_stop_only": false }, "geometry": { "type": "Point", "coordinates": [ 587377.206670058658347, 4513713.560210691764951 ] } },
{ "type": "Feature", "properties": { "node_index": 2961, "is_stop_only": false }, "geometry": { "type": "Point", "coordinates": [ 588085.027258569723926, 4515377.687503399327397 ] } },
{ "type": "Feature", "properties": { "node_index": 2962, "is_stop_only": false }, "geometry": { "type": "Point", "coordinates": [ 588123.724228659644723, 4515448.859300754964352 ] } },
{ "type": "Feature", "properties": { "node_index": 2963, "is_stop_only": false }, "geometry": { "type": "Point", "coordinates": [ 587504.635393484728411, 4513645.087202477268875 ] } },
{ "type": "Feature", "properties": { "node_index": 2964, "is_stop_only": false }, "geometry": { "type": "Point", "coordinates": [ 587560.789143055560999, 4519071.726235073059797 ] } },
{ "type": "Feature", "properties": { "node_index": 2965, "is_stop_only": false }, "geometry": { "type": "Point", "coordinates": [ 587640.914172640768811, 4513572.202430253848433 ] } },
{ "type": "Feature", "properties": { "node_index": 2966, "is_stop_only": false }, "geometry": { "type": "Point", "coordinates": [ 587831.647744634421542, 4513470.211587280966341 ] } },
{ "type": "Feature", "properties": { "node_index": 2967, "is_stop_only": false }, "geometry": { "type": "Point", "coordinates": [ 588032.92913803178817, 4513362.588803943246603 ] } },
{ "type": "Feature", "properties": { "node_index": 2968, "is_stop_only": false }, "geometry": { "type": "Point", "coordinates": [ 584344.924897101940587, 4509464.571267855353653 ] } },
{ "type": "Feature", "properties": { "node_index": 2969, "is_stop_only": false }, "geometry": { "type": "Point", "coordinates": [ 584194.891003258177079, 4509389.525331875309348 ] } },
{ "type": "Feature", "properties": { "node_index": 2970, "is_stop_only": false }, "geometry": { "type": "Point", "coordinates": [ 588239.728845472447574, 4515664.273559573106468 ] } },
{ "type": "Feature", "properties": { "node_index": 2971, "is_stop_only": false }, "geometry": { "type": "Point", "coordinates": [ 591667.545124514494091, 4524939.72910584602505 ] } },
{ "type": "Feature", "properties": { "node_index": 2972, "is_stop_only": false }, "geometry": { "type": "Point", "coordinates": [ 591514.411362341372296, 4525022.19739650003612 ] } },
{ "type": "Feature", "properties": { "node_index": 2973, "is_stop_only": false }, "geometry": { "type": "Point", "coordinates": [ 591423.086545707774349, 4525070.383280473761261 ] } },
{ "type": "Feature", "properties": { "node_index": 2974, "is_stop_only": false }, "geometry": { "type": "Point", "coordinates": [ 591319.407673753681593, 4525126.055979480966926 ] } },
{ "type": "Feature", "properties": { "node_index": 2975, "is_stop_only": false }, "geometry": { "type": "Point", "coordinates": [ 591243.210878521902487, 4525167.636459929868579 ] } },
{ "type": "Feature", "properties": { "node_index": 2976, "is_stop_only": false }, "geometry": { "type": "Point", "coordinates": [ 588279.999256049864925, 4515739.106639638543129 ] } },
{ "type": "Feature", "properties": { "node_index": 2977, "is_stop_only": false }, "geometry": { "type": "Point", "coordinates": [ 591134.380897856317461, 4525224.358246247284114 ] } },
{ "type": "Feature", "properties": { "node_index": 2978, "is_stop_only": false }, "geometry": { "type": "Point", "coordinates": [ 588317.968652080395259, 4515809.404930762946606 ] } },
{ "type": "Feature", "properties": { "node_index": 2979, "is_stop_only": false }, "geometry": { "type": "Point", "coordinates": [ 587376.665306417504326, 4518329.216433190740645 ] } },
{ "type": "Feature", "properties": { "node_index": 2980, "is_stop_only": false }, "geometry": { "type": "Point", "coordinates": [ 588758.564003076055087, 4517593.886311373673379 ] } },
{ "type": "Feature", "properties": { "node_index": 2981, "is_stop_only": false }, "geometry": { "type": "Point", "coordinates": [ 588323.828536141780205, 4517827.771898492239416 ] } },
{ "type": "Feature", "properties": { "node_index": 2982, "is_stop_only": false }, "geometry": { "type": "Point", "coordinates": [ 588269.231792696285993, 4517857.318559432402253 ] } },
{ "type": "Feature", "properties": { "node_index": 2983, "is_stop_only": false }, "geometry": { "type": "Point", "coordinates": [ 588145.36684040480759, 4517923.710076679475605 ] } },
{ "type": "Feature", "properties": { "node_index": 2984, "is_stop_only": false }, "geometry": { "type": "Point", "coordinates": [ 588027.768068172037601, 4517986.891895073466003 ] } },
{ "type": "Feature", "properties": { "node_index": 2985, "is_stop_only": false }, "geometry": { "type": "Point", "coordinates": [ 588583.128588472027332, 4516301.291871479712427 ] } },
{ "type": "Feature", "properties": { "node_index": 2986, "is_stop_only": false }, "geometry": { "type": "Point", "coordinates": [ 584953.480604126350954, 4508200.036496946588159 ] } },
{ "type": "Feature", "properties": { "node_index": 2987, "is_stop_only": false }, "geometry": { "type": "Point", "coordinates": [ 588624.499478126643226, 4516378.049890449270606 ] } },
{ "type": "Feature", "properties": { "node_index": 2988, "is_stop_only": false }, "geometry": { "type": "Point", "coordinates": [ 589063.464203913812526, 4522171.472013181075454 ] } },
{ "type": "Feature", "properties": { "node_index": 2989, "is_stop_only": false }, "geometry": { "type": "Point", "coordinates": [ 585124.254972898983397, 4508143.819374853745103 ] } },
{ "type": "Feature", "properties": { "node_index": 2990, "is_stop_only": false }, "geometry": { "type": "Point", "coordinates": [ 585055.345880809472874, 4508152.543351613916457 ] } },
{ "type": "Feature", "properties": { "node_index": 2991, "is_stop_only": false }, "geometry": { "type": "Point", "coordinates": [ 585279.526560688158497, 4508066.011839500628412 ] } },
{ "type": "Feature", "properties": { "node_index": 2992, "is_stop_only": false }, "geometry": { "type": "Point", "coordinates": [ 588740.429867764236405, 4516592.939326910302043 ] } },
{ "type": "Feature", "properties": { "node_index": 2993, "is_stop_only": false }, "geometry": { "type": "Point", "coordinates": [ 585325.44208819011692, 4508066.251244148239493 ] } },
{ "type": "Feature", "properties": { "node_index": 2994, "is_stop_only": false }, "geometry": { "type": "Point", "coordinates": [ 588816.442022438510321, 4516733.597932224161923 ] } },
{ "type": "Feature", "properties": { "node_index": 2995, "is_stop_only": false }, "geometry": { "type": "Point", "coordinates": [ 585389.213383740512654, 4508041.661152044311166 ] } },
{ "type": "Feature", "properties": { "node_index": 2996, "is_stop_only": false }, "geometry": { "type": "Point", "coordinates": [ 588855.512716395664029, 4516806.166397845372558 ] } },
{ "type": "Feature", "properties": { "node_index": 2997, "is_stop_only": false }, "geometry": { "type": "Point", "coordinates": [ 585458.440839850110933, 4508014.969541505910456 ] } },
{ "type": "Feature", "properties": { "node_index": 2998, "is_stop_only": false }, "geometry": { "type": "Point", "coordinates": [ 589008.137809061678126, 4517089.148704001680017 ] } },
{ "type": "Feature", "properties": { "node_index": 2999, "is_stop_only": false }, "geometry": { "type": "Point", "coordinates": [ 589049.062157205538824, 4517165.104690533131361 ] } },
{ "type": "Feature", "properties": { "node_index": 3000, "is_stop_only": false }, "geometry": { "type": "Point", "coordinates": [ 585525.454149853088893, 4507989.1412054579705 ] } },
{ "type": "Feature", "properties": { "node_index": 3001, "is_stop_only": false }, "geometry": { "type": "Point", "coordinates": [ 589196.484674039529637, 4517447.995509082451463 ] } },
{ "type": "Feature", "properties": { "node_index": 3002, "is_stop_only": false }, "geometry": { "type": "Point", "coordinates": [ 589272.069145944085903, 4517588.354554088786244 ] } },
{ "type": "Feature", "properties": { "node_index": 3003, "is_stop_only": false }, "geometry": { "type": "Point", "coordinates": [ 589432.225954847177491, 4517878.52118786983192 ] } },
{ "type": "Feature", "properties": { "node_index": 3004, "is_stop_only": false }, "geometry": { "type": "Point", "coordinates": [ 589470.851938750478439, 4517946.380544977262616 ] } },
{ "type": "Feature", "properties": { "node_index": 3005, "is_stop_only": false }, "geometry": { "type": "Point", "coordinates": [ 583906.043548813089728, 4507680.914616559632123 ] } },
{ "type": "Feature", "properties": { "node_index": 3006, "is_stop_only": false }, "geometry": { "type": "Point", "coordinates": [ 589546.168270061491057, 4518085.718120110221207 ] } },
{ "type": "Feature", "properties": { "node_index": 3007, "is_stop_only": false }, "geometry": { "type": "Point", "coordinates": [ 589583.767508611315861, 4518155.286600646562874 ] } },
{ "type": "Feature", "properties": { "node_index": 3008, "is_stop_only": false }, "geometry": { "type": "Point", "coordinates": [ 585292.662312985165045, 4507505.416518035344779 ] } },
{ "type": "Feature", "properties": { "node_index": 3009, "is_stop_only": false }, "geometry": { "type": "Point", "coordinates": [ 589622.380849527078681, 4518226.732812297530472 ] } },
{ "type": "Feature", "properties": { "node_index": 3010, "is_stop_only": false }, "geometry": { "type": "Point", "coordinates": [ 585811.782659590360709, 4507885.923072203993797 ] } },
{ "type": "Feature", "properties": { "node_index": 3011, "is_stop_only": false }, "geometry": { "type": "Point", "coordinates": [ 585956.809575333725661, 4507837.498222157359123 ] } },
{ "type": "Feature", "properties": { "node_index": 3012, "is_stop_only": false }, "geometry": { "type": "Point", "coordinates": [ 586029.019118977943435, 4507809.691768682561815 ] } },
{ "type": "Feature", "properties": { "node_index": 3013, "is_stop_only": false }, "geometry": { "type": "Point", "coordinates": [ 586102.368753118324094, 4507781.233108108863235 ] } },
{ "type": "Feature", "properties": { "node_index": 3014, "is_stop_only": false }, "geometry": { "type": "Point", "coordinates": [ 586242.289552231086418, 4507727.680781289003789 ] } },
{ "type": "Feature", "properties": { "node_index": 3015, "is_stop_only": false }, "geometry": { "type": "Point", "coordinates": [ 588991.934227956924587, 4518024.713188286870718 ] } },
{ "type": "Feature", "properties": { "node_index": 3016, "is_stop_only": false }, "geometry": { "type": "Point", "coordinates": [ 586314.223984001902863, 4507699.751727329567075 ] } },
{ "type": "Feature", "properties": { "node_index": 3017, "is_stop_only": false }, "geometry": { "type": "Point", "coordinates": [ 588197.453672627336346, 4518301.780624512583017 ] } },
{ "type": "Feature", "properties": { "node_index": 3018, "is_stop_only": false }, "geometry": { "type": "Point", "coordinates": [ 588150.347630028380081, 4518382.59966894518584 ] } },
{ "type": "Feature", "properties": { "node_index": 3019, "is_stop_only": false }, "geometry": { "type": "Point", "coordinates": [ 583941.077423052862287, 4507739.685675544664264 ] } },
{ "type": "Feature", "properties": { "node_index": 3020, "is_stop_only": false }, "geometry": { "type": "Point", "coordinates": [ 585900.741192422690801, 4514048.313485813327134 ] } },
{ "type": "Feature", "properties": { "node_index": 3021, "is_stop_only": false }, "geometry": { "type": "Point", "coordinates": [ 583897.045545780216344, 4507765.443945175036788 ] } },
{ "type": "Feature", "properties": { "node_index": 3022, "is_stop_only": false }, "geometry": { "type": "Point", "coordinates": [ 583788.633882542722858, 4507828.865937682799995 ] } },
{ "type": "Feature", "properties": { "node_index": 3023, "is_stop_only": false }, "geometry": { "type": "Point", "coordinates": [ 583699.960323041188531, 4507880.743978717364371 ] } },
{ "type": "Feature", "properties": { "node_index": 3024, "is_stop_only": false }, "geometry": { "type": "Point", "coordinates": [ 587969.93613916169852, 4518805.29640241805464 ] } },
{ "type": "Feature", "properties": { "node_index": 3025, "is_stop_only": false }, "geometry": { "type": "Point", "coordinates": [ 583610.911643871804699, 4506780.192226324230433 ] } },
{ "type": "Feature", "properties": { "node_index": 3026, "is_stop_only": false }, "geometry": { "type": "Point", "coordinates": [ 591610.957247800310142, 4525156.350527074187994 ] } },
{ "type": "Feature", "properties": { "node_index": 3027, "is_stop_only": false }, "geometry": { "type": "Point", "coordinates": [ 583713.630666255718097, 4506699.084205717779696 ] } },
{ "type": "Feature", "properties": { "node_index": 3028, "is_stop_only": false }, "geometry": { "type": "Point", "coordinates": [ 583845.191160156973638, 4506600.42908076569438 ] } },
{ "type": "Feature", "properties": { "node_index": 3029, "is_stop_only": false }, "geometry": { "type": "Point", "coordinates": [ 591731.61127852962818, 4524768.588921279646456 ] } },
{ "type": "Feature", "properties": { "node_index": 3030, "is_stop_only": false }, "geometry": { "type": "Point", "coordinates": [ 583903.677617015899159, 4506553.684384094551206 ] } },
{ "type": "Feature", "properties": { "node_index": 3031, "is_stop_only": false }, "geometry": { "type": "Point", "coordinates": [ 591455.487402976606973, 4524917.789733846671879 ] } },
{ "type": "Feature", "properties": { "node_index": 3032, "is_stop_only": false }, "geometry": { "type": "Point", "coordinates": [ 591502.880680305301212, 4525028.405114724300802 ] } },
{ "type": "Feature", "properties": { "node_index": 3033, "is_stop_only": false }, "geometry": { "type": "Point", "coordinates": [ 591455.423842663527466, 4524977.987756544724107 ] } },
{ "type": "Feature", "properties": { "node_index": 3034, "is_stop_only": false }, "geometry": { "type": "Point", "coordinates": [ 591686.498901803046465, 4525211.747797970660031 ] } },
{ "type": "Feature", "properties": { "node_index": 3035, "is_stop_only": false }, "geometry": { "type": "Point", "coordinates": [ 584764.383784621604718, 4507073.018721778877079 ] } },
{ "type": "Feature", "properties": { "node_index": 3036, "is_stop_only": false }, "geometry": { "type": "Point", "coordinates": [ 585821.368629100499675, 4508120.422669311054051 ] } },
{ "type": "Feature", "properties": { "node_index": 3037, "is_stop_only": false }, "geometry": { "type": "Point", "coordinates": [ 589024.238061781041324, 4519834.17391643114388 ] } },
{ "type": "Feature", "properties": { "node_index": 3038, "is_stop_only": false }, "geometry": { "type": "Point", "coordinates": [ 589168.187070721294731, 4520205.945019119419158 ] } },
{ "type": "Feature", "properties": { "node_index": 3039, "is_stop_only": false }, "geometry": { "type": "Point", "coordinates": [ 585424.192313262843527, 4510770.642730168998241 ] } },
{ "type": "Feature", "properties": { "node_index": 3040, "is_stop_only": false }, "geometry": { "type": "Point", "coordinates": [ 585559.837299487204291, 4510696.723739422857761 ] } },
{ "type": "Feature", "properties": { "node_index": 3041, "is_stop_only": false }, "geometry": { "type": "Point", "coordinates": [ 585776.428317419020459, 4510758.002508114092052 ] } },
{ "type": "Feature", "properties": { "node_index": 3042, "is_stop_only": false }, "geometry": { "type": "Point", "coordinates": [ 585909.109076316235587, 4510686.642313773743808 ] } },
{ "type": "Feature", "properties": { "node_index": 3043, "is_stop_only": false }, "geometry": { "type": "Point", "coordinates": [ 585702.105138746555895, 4510619.897258408367634 ] } },
{ "type": "Feature", "properties": { "node_index": 3044, "is_stop_only": false }, "geometry": { "type": "Point", "coordinates": [ 585834.64647521043662, 4510548.323145728558302 ] } },
{ "type": "Feature", "properties": { "node_index": 3045, "is_stop_only": false }, "geometry": { "type": "Point", "coordinates": [ 586045.607850669999607, 4510613.21933981962502 ] } },
{ "type": "Feature", "properties": { "node_index": 3046, "is_stop_only": false }, "geometry": { "type": "Point", "coordinates": [ 585970.997307621641085, 4510474.697212373837829 ] } },
{ "type": "Feature", "properties": { "node_index": 3047, "is_stop_only": false }, "geometry": { "type": "Point", "coordinates": [ 583892.775197392445989, 4509597.273738059215248 ] } },
{ "type": "Feature", "properties": { "node_index": 3048, "is_stop_only": false }, "geometry": { "type": "Point", "coordinates": [ 586159.943462650990114, 4510372.697076527401805 ] } },
{ "type": "Feature", "properties": { "node_index": 3049, "is_stop_only": false }, "geometry": { "type": "Point", "coordinates": [ 583858.24174621491693, 4509285.235933942720294 ] } },
{ "type": "Feature", "properties": { "node_index": 3050, "is_stop_only": false }, "geometry": { "type": "Point", "coordinates": [ 586437.250169352628291, 4510403.270671042613685 ] } },
{ "type": "Feature", "properties": { "node_index": 3051, "is_stop_only": false }, "geometry": { "type": "Point", "coordinates": [ 586273.974903009831905, 4510312.006571797654033 ] } },
{ "type": "Feature", "properties": { "node_index": 3052, "is_stop_only": false }, "geometry": { "type": "Point", "coordinates": [ 583902.269587424816564, 4508271.424733249470592 ] } },
{ "type": "Feature", "properties": { "node_index": 3053, "is_stop_only": false }, "geometry": { "type": "Point", "coordinates": [ 583909.512254747212864, 4509751.105228135362267 ] } },
{ "type": "Feature", "properties": { "node_index": 3054, "is_stop_only": false }, "geometry": { "type": "Point", "coordinates": [ 583926.952444863505661, 4509907.653688658960164 ] } },
{ "type": "Feature", "properties": { "node_index": 3055, "is_stop_only": false }, "geometry": { "type": "Point", "coordinates": [ 590039.836345971794799, 4524774.706120087765157 ] } },
{ "type": "Feature", "properties": { "node_index": 3056, "is_stop_only": false }, "geometry": { "type": "Point", "coordinates": [ 586362.813826761674136, 4510264.713230875320733 ] } },
{ "type": "Feature", "properties": { "node_index": 3057, "is_stop_only": false }, "geometry": { "type": "Point", "coordinates": [ 583876.109144799411297, 4509446.052139564417303 ] } },
{ "type": "Feature", "properties": { "node_index": 3058, "is_stop_only": false }, "geometry": { "type": "Point", "coordinates": [ 583862.631487322039902, 4509246.583668337203562 ] } },
{ "type": "Feature", "properties": { "node_index": 3059, "is_stop_only": false }, "geometry": { "type": "Point", "coordinates": [ 587537.157281899475493, 4512723.246502925641835 ] } },
{ "type": "Feature", "properties": { "node_index": 3060, "is_stop_only": false }, "geometry": { "type": "Point", "coordinates": [ 585606.880155424471013, 4515238.824887806549668 ] } },
{ "type": "Feature", "properties": { "node_index": 3061, "is_stop_only": false }, "geometry": { "type": "Point", "coordinates": [ 591069.511579521931708, 4524995.707923158071935 ] } },
{ "type": "Feature", "properties": { "node_index": 3062, "is_stop_only": false }, "geometry": { "type": "Point", "coordinates": [ 589763.335933003225364, 4522079.279719238169491 ] } },
{ "type": "Feature", "properties": { "node_index": 3063, "is_stop_only": false }, "geometry": { "type": "Point", "coordinates": [ 588982.744248386006802, 4522282.012757575139403 ] } },
{ "type": "Feature", "properties": { "node_index": 3064, "is_stop_only": false }, "geometry": { "type": "Point", "coordinates": [ 589540.310628597508185, 4522198.922231545671821 ] } },
{ "type": "Feature", "properties": { "node_index": 3065, "is_stop_only": false }, "geometry": { "type": "Point", "coordinates": [ 591374.151201567030512, 4524768.449989094398916 ] } },
{ "type": "Feature", "properties": { "node_index": 3066, "is_stop_only": false }, "geometry": { "type": "Point", "coordinates": [ 585185.757034936104901, 4509026.967948128469288 ] } },
{ "type": "Feature", "properties": { "node_index": 3067, "is_stop_only": false }, "geometry": { "type": "Point", "coordinates": [ 586408.16425304801669, 4512595.712975388392806 ] } },
{ "type": "Feature", "properties": { "node_index": 3068, "is_stop_only": false }, "geometry": { "type": "Point", "coordinates": [ 586829.560533119831234, 4513375.580685107968748 ] } },
{ "type": "Feature", "properties": { "node_index": 3069, "is_stop_only": false }, "geometry": { "type": "Point", "coordinates": [ 586965.834996547433548, 4513302.150610874406993 ] } },
{ "type": "Feature", "properties": { "node_index": 3070, "is_stop_only": false }, "geometry": { "type": "Point", "coordinates": [ 587112.378400877467357, 4513224.280728223733604 ] } },
{ "type": "Feature", "properties": { "node_index": 3071, "is_stop_only": false }, "geometry": { "type": "Point", "coordinates": [ 587239.887169963563792, 4513154.505027122795582 ] } },
{ "type": "Feature", "properties": { "node_index": 3072, "is_stop_only": false }, "geometry": { "type": "Point", "coordinates": [ 585169.581437692046165, 4513264.308363527990878 ] } },
{ "type": "Feature", "properties": { "node_index": 3073, "is_stop_only": false }, "geometry": { "type": "Point", "coordinates": [ 587376.067951183067635, 4513081.13670922908932 ] } },
{ "type": "Feature", "properties": { "node_index": 3074, "is_stop_only": false }, "geometry": { "type": "Point", "coordinates": [ 587566.436807133024558, 4512978.579450877383351 ] } },
{ "type": "Feature", "properties": { "node_index": 3075, "is_stop_only": false }, "geometry": { "type": "Point", "coordinates": [ 587768.983784975949675, 4512870.34255226701498 ] } },
{ "type": "Feature", "properties": { "node_index": 3076, "is_stop_only": false }, "geometry": { "type": "Point", "coordinates": [ 585740.504106678417884, 4514323.62390320468694 ] } },
{ "type": "Feature", "properties": { "node_index": 3077, "is_stop_only": false }, "geometry": { "type": "Point", "coordinates": [ 586719.158062823000364, 4510477.074025752954185 ] } },
{ "type": "Feature", "properties": { "node_index": 3078, "is_stop_only": false }, "geometry": { "type": "Point", "coordinates": [ 584736.402997469063848, 4513498.53578323405236 ] } },
{ "type": "Feature", "properties": { "node_index": 3079, "is_stop_only": false }, "geometry": { "type": "Point", "coordinates": [ 583682.910773869021796, 4507398.766497841104865 ] } },
{ "type": "Feature", "properties": { "node_index": 3080, "is_stop_only": false }, "geometry": { "type": "Point", "coordinates": [ 583572.324893185053952, 4507463.677060446701944 ] } },
{ "type": "Feature", "properties": { "node_index": 3081, "is_stop_only": false }, "geometry": { "type": "Point", "coordinates": [ 583490.654329486889765, 4507511.573191428557038 ] } },
{ "type": "Feature", "properties": { "node_index": 3082, "is_stop_only": false }, "geometry": { "type": "Point", "coordinates": [ 586528.612816068343818, 4508054.688145828433335 ] } },
{ "type": "Feature", "properties": { "node_index": 3083, "is_stop_only": false }, "geometry": { "type": "Point", "coordinates": [ 589287.654207881772891, 4522329.315477125346661 ] } },
{ "type": "Feature", "properties": { "node_index": 3084, "is_stop_only": false }, "geometry": { "type": "Point", "coordinates": [ 589295.428605971042998, 4522355.722549435682595 ] } },
{ "type": "Feature", "properties": { "node_index": 3085, "is_stop_only": false }, "geometry": { "type": "Point", "coordinates": [ 584881.412461019353941, 4508230.963434780016541 ] } },
{ "type": "Feature", "properties": { "node_index": 3086, "is_stop_only": false }, "geometry": { "type": "Point", "coordinates": [ 584814.862326087197289, 4508259.533896138891578 ] } },
{ "type": "Feature", "properties": { "node_index": 3087, "is_stop_only": false }, "geometry": { "type": "Point", "coordinates": [ 584744.883405809290707, 4508289.575650623068213 ] } },
{ "type": "Feature", "properties": { "node_index": 3088, "is_stop_only": false }, "geometry": { "type": "Point", "coordinates": [ 586381.902417376404628, 4507678.990207589231431 ] } },
{ "type": "Feature", "properties": { "node_index": 3089, "is_stop_only": false }, "geometry": { "type": "Point", "coordinates": [ 584675.007046852027997, 4508319.563711751252413 ] } },
{ "type": "Feature", "properties": { "node_index": 3090, "is_stop_only": false }, "geometry": { "type": "Point", "coordinates": [ 584642.114680984988809, 4508333.687611700035632 ] } },
{ "type": "Feature", "properties": { "node_index": 3091, "is_stop_only": false }, "geometry": { "type": "Point", "coordinates": [ 587289.193151168408804, 4514229.868023037910461 ] } },
{ "type": "Feature", "properties": { "node_index": 3092, "is_stop_only": false }, "geometry": { "type": "Point", "coordinates": [ 587426.286803053924814, 4514156.22313675750047 ] } },
{ "type": "Feature", "properties": { "node_index": 3093, "is_stop_only": false }, "geometry": { "type": "Point", "coordinates": [ 587575.156560436240397, 4514076.236255330964923 ] } },
{ "type": "Feature", "properties": { "node_index": 3094, "is_stop_only": false }, "geometry": { "type": "Point", "coordinates": [ 587700.737559818546288, 4514008.777363242581487 ] } },
{ "type": "Feature", "properties": { "node_index": 3095, "is_stop_only": false }, "geometry": { "type": "Point", "coordinates": [ 587836.939290451817214, 4513935.60671313200146 ] } },
{ "type": "Feature", "properties": { "node_index": 3096, "is_stop_only": false }, "geometry": { "type": "Point", "coordinates": [ 588027.3834309525555, 4513833.295633348636329 ] } },
{ "type": "Feature", "properties": { "node_index": 3097, "is_stop_only": false }, "geometry": { "type": "Point", "coordinates": [ 587365.250984709011391, 4514371.864774140529335 ] } },
{ "type": "Feature", "properties": { "node_index": 3098, "is_stop_only": false }, "geometry": { "type": "Point", "coordinates": [ 588228.570617597782984, 4513725.233084117993712 ] } },
{ "type": "Feature", "properties": { "node_index": 3099, "is_stop_only": false }, "geometry": { "type": "Point", "coordinates": [ 587651.494299886166118, 4514217.80633888579905 ] } },
{ "type": "Feature", "properties": { "node_index": 3100, "is_stop_only": false }, "geometry": { "type": "Point", "coordinates": [ 587776.990343727287836, 4514150.258946934714913 ] } },
{ "type": "Feature", "properties": { "node_index": 3101, "is_stop_only": false }, "geometry": { "type": "Point", "coordinates": [ 587913.183463374967687, 4514076.95640323124826 ] } },
{ "type": "Feature", "properties": { "node_index": 3102, "is_stop_only": false }, "geometry": { "type": "Point", "coordinates": [ 588304.10290029051248, 4513864.990776679478586 ] } },
{ "type": "Feature", "properties": { "node_index": 3103, "is_stop_only": false }, "geometry": { "type": "Point", "coordinates": [ 584065.680746744503267, 4508769.194569232873619 ] } },
{ "type": "Feature", "properties": { "node_index": 3104, "is_stop_only": false }, "geometry": { "type": "Point", "coordinates": [ 585950.909760814392939, 4511747.732931966893375 ] } },
{ "type": "Feature", "properties": { "node_index": 3105, "is_stop_only": false }, "geometry": { "type": "Point", "coordinates": [ 584051.460202924557962, 4508625.116899062879384 ] } },
{ "type": "Feature", "properties": { "node_index": 3106, "is_stop_only": false }, "geometry": { "type": "Point", "coordinates": [ 588946.441653197165579, 4522088.013719392009079 ] } },
{ "type": "Feature", "properties": { "node_index": 3107, "is_stop_only": false }, "geometry": { "type": "Point", "coordinates": [ 584006.44280845602043, 4507962.00093637034297 ] } },
{ "type": "Feature", "properties": { "node_index": 3108, "is_stop_only": false }, "geometry": { "type": "Point", "coordinates": [ 584021.516480903839692, 4508042.184379340149462 ] } },
{ "type": "Feature", "properties": { "node_index": 3109, "is_stop_only": false }, "geometry": { "type": "Point", "coordinates": [ 584711.998213595361449, 4512416.136343278922141 ] } },
{ "type": "Feature", "properties": { "node_index": 3110, "is_stop_only": false }, "geometry": { "type": "Point", "coordinates": [ 584879.954304229468107, 4513879.398462098091841 ] } },
{ "type": "Feature", "properties": { "node_index": 3111, "is_stop_only": false }, "geometry": { "type": "Point", "coordinates": [ 584612.837523219524883, 4512470.813605333678424 ] } },
{ "type": "Feature", "properties": { "node_index": 3112, "is_stop_only": false }, "geometry": { "type": "Point", "coordinates": [ 584018.630713330814615, 4508135.120541796088219 ] } },
{ "type": "Feature", "properties": { "node_index": 3113, "is_stop_only": false }, "geometry": { "type": "Point", "coordinates": [ 584015.417686569038779, 4508221.902454377152026 ] } },
{ "type": "Feature", "properties": { "node_index": 3114, "is_stop_only": false }, "geometry": { "type": "Point", "coordinates": [ 584012.550366791663691, 4508264.746232897974551 ] } },
{ "type": "Feature", "properties": { "node_index": 3115, "is_stop_only": false }, "geometry": { "type": "Point", "coordinates": [ 584002.035455929813907, 4508398.118635035119951 ] } },
{ "type": "Feature", "properties": { "node_index": 3116, "is_stop_only": false }, "geometry": { "type": "Point", "coordinates": [ 585048.125408266088925, 4509708.392194449901581 ] } },
{ "type": "Feature", "properties": { "node_index": 3117, "is_stop_only": false }, "geometry": { "type": "Point", "coordinates": [ 584048.298606384545565, 4508553.8056216891855 ] } },
{ "type": "Feature", "properties": { "node_index": 3118, "is_stop_only": false }, "geometry": { "type": "Point", "coordinates": [ 585283.093196940841153, 4509581.640344321727753 ] } },
{ "type": "Feature", "properties": { "node_index": 3119, "is_stop_only": false }, "geometry": { "type": "Point", "coordinates": [ 584065.428774092113599, 4508614.839263102039695 ] } },
{ "type": "Feature", "properties": { "node_index": 3120, "is_stop_only": false }, "geometry": { "type": "Point", "coordinates": [ 585442.621876145945862, 4509495.514747465960681 ] } },
{ "type": "Feature", "properties": { "node_index": 3121, "is_stop_only": false }, "geometry": { "type": "Point", "coordinates": [ 584109.684100725804456, 4508764.109187164343894 ] } },
{ "type": "Feature", "properties": { "node_index": 3122, "is_stop_only": false }, "geometry": { "type": "Point", "coordinates": [ 584134.175736182020046, 4508846.209508937783539 ] } },
{ "type": "Feature", "properties": { "node_index": 3123, "is_stop_only": false }, "geometry": { "type": "Point", "coordinates": [ 585834.725455666310154, 4509284.151040326803923 ] } },
{ "type": "Feature", "properties": { "node_index": 3124, "is_stop_only": false }, "geometry": { "type": "Point", "coordinates": [ 584157.352140581002459, 4508925.075399277731776 ] } },
{ "type": "Feature", "properties": { "node_index": 3125, "is_stop_only": false }, "geometry": { "type": "Point", "coordinates": [ 584180.95278589182999, 4509003.724159330129623 ] } },
{ "type": "Feature", "properties": { "node_index": 3126, "is_stop_only": false }, "geometry": { "type": "Point", "coordinates": [ 586022.636796313803643, 4509182.734366715885699 ] } },
{ "type": "Feature", "properties": { "node_index": 3127, "is_stop_only": false }, "geometry": { "type": "Point", "coordinates": [ 586220.409874899196438, 4509076.230070479214191 ] } },
{ "type": "Feature", "properties": { "node_index": 3128, "is_stop_only": false }, "geometry": { "type": "Point", "coordinates": [ 586421.722220699070022, 4508967.2963697751984 ] } },
{ "type": "Feature", "properties": { "node_index": 3129, "is_stop_only": false }, "geometry": { "type": "Point", "coordinates": [ 584262.157840691856109, 4509236.591841417364776 ] } },
{ "type": "Feature", "properties": { "node_index": 3130, "is_stop_only": false }, "geometry": { "type": "Point", "coordinates": [ 586622.35510495165363, 4508859.20381997525692 ] } },
{ "type": "Feature", "properties": { "node_index": 3131, "is_stop_only": false }, "geometry": { "type": "Point", "coordinates": [ 584300.182736471178941, 4509325.519049835391343 ] } },
{ "type": "Feature", "properties": { "node_index": 3132, "is_stop_only": false }, "geometry": { "type": "Point", "coordinates": [ 584323.768634364707395, 4509382.929866924881935 ] } },
{ "type": "Feature", "properties": { "node_index": 3133, "is_stop_only": false }, "geometry": { "type": "Point", "coordinates": [ 590911.384159231325611, 4524232.359084244817495 ] } },
{ "type": "Feature", "properties": { "node_index": 3134, "is_stop_only": false }, "geometry": { "type": "Point", "coordinates": [ 591146.243290765909478, 4524345.949863973073661 ] } },
{ "type": "Feature", "properties": { "node_index": 3135, "is_stop_only": false }, "geometry": { "type": "Point", "coordinates": [ 584361.718939226353541, 4509454.526190248318017 ] } },
{ "type": "Feature", "properties": { "node_index": 3136, "is_stop_only": false }, "geometry": { "type": "Point", "coordinates": [ 584629.344209813512862, 4507583.616818193346262 ] } },
{ "type": "Feature", "properties": { "node_index": 3137, "is_stop_only": false }, "geometry": { "type": "Point", "coordinates": [ 584398.357844742247835, 4509522.555126406252384 ] } },
{ "type": "Feature", "properties": { "node_index": 3138, "is_stop_only": false }, "geometry": { "type": "Point", "coordinates": [ 584435.158621669514105, 4509591.141218882985413 ] } },
{ "type": "Feature", "properties": { "node_index": 3139, "is_stop_only": false }, "geometry": { "type": "Point", "coordinates": [ 584480.047859262907878, 4509673.186653164215386 ] } },
{ "type": "Feature", "properties": { "node_index": 3140, "is_stop_only": false }, "geometry": { "type": "Point", "coordinates": [ 583377.888773495447822, 4506786.740453561767936 ] } },
{ "type": "Feature", "properties": { "node_index": 3141, "is_stop_only": false }, "geometry": { "type": "Point", "coordinates": [ 584546.97576821455732, 4509798.360159887000918 ] } },
{ "type": "Feature", "properties": { "node_index": 3142, "is_stop_only": false }, "geometry": { "type": "Point", "coordinates": [ 585914.941104300087318, 4513600.701810180209577 ] } },
{ "type": "Feature", "properties": { "node_index": 3143, "is_stop_only": false }, "geometry": { "type": "Point", "coordinates": [ 584583.360395864234306, 4509866.165195373818278 ] } },
{ "type": "Feature", "properties": { "node_index": 3144, "is_stop_only": false }, "geometry": { "type": "Point", "coordinates": [ 583257.410905300406739, 4506835.957413173280656 ] } },
{ "type": "Feature", "properties": { "node_index": 3145, "is_stop_only": false }, "geometry": { "type": "Point", "coordinates": [ 584622.149959740927443, 4509937.772616231814027 ] } },
{ "type": "Feature", "properties": { "node_index": 3146, "is_stop_only": false }, "geometry": { "type": "Point", "coordinates": [ 584701.946943281101994, 4510086.231503671035171 ] } },
{ "type": "Feature", "properties": { "node_index": 3147, "is_stop_only": false }, "geometry": { "type": "Point", "coordinates": [ 584743.551653259317391, 4510162.534719364717603 ] } },
{ "type": "Feature", "properties": { "node_index": 3148, "is_stop_only": false }, "geometry": { "type": "Point", "coordinates": [ 583187.875455705448985, 4506864.309232958592474 ] } },
{ "type": "Feature", "properties": { "node_index": 3149, "is_stop_only": false }, "geometry": { "type": "Point", "coordinates": [ 584781.830154175171629, 4510234.248270905576646 ] } },
{ "type": "Feature", "properties": { "node_index": 3150, "is_stop_only": false }, "geometry": { "type": "Point", "coordinates": [ 584817.223841754719615, 4510299.711828470230103 ] } },
{ "type": "Feature", "properties": { "node_index": 3151, "is_stop_only": false }, "geometry": { "type": "Point", "coordinates": [ 585907.268286720267497, 4513873.506350694224238 ] } },
{ "type": "Feature", "properties": { "node_index": 3152, "is_stop_only": false }, "geometry": { "type": "Point", "coordinates": [ 585891.576527758617885, 4514603.909102004021406 ] } },
{ "type": "Feature", "properties": { "node_index": 3153, "is_stop_only": false }, "geometry": { "type": "Point", "coordinates": [ 584958.368737409706227, 4510561.674078669399023 ] } },
{ "type": "Feature", "properties": { "node_index": 3154, "is_stop_only": false }, "geometry": { "type": "Point", "coordinates": [ 584887.758534075110219, 4510430.414584056474268 ] } },
{ "type": "Feature", "properties": { "node_index": 3155, "is_stop_only": false }, "geometry": { "type": "Point", "coordinates": [ 584995.325197794474661, 4510630.487170265987515 ] } },
{ "type": "Feature", "properties": { "node_index": 3156, "is_stop_only": false }, "geometry": { "type": "Point", "coordinates": [ 586071.918876040494069, 4515259.584659879095852 ] } },
{ "type": "Feature", "properties": { "node_index": 3157, "is_stop_only": false }, "geometry": { "type": "Point", "coordinates": [ 585035.591898655984551, 4510705.111583126708865 ] } },
{ "type": "Feature", "properties": { "node_index": 3158, "is_stop_only": false }, "geometry": { "type": "Point", "coordinates": [ 585112.810711444239132, 4510848.660977093502879 ] } },
{ "type": "Feature", "properties": { "node_index": 3159, "is_stop_only": false }, "geometry": { "type": "Point", "coordinates": [ 585150.500550844124518, 4510918.060687514953315 ] } },
{ "type": "Feature", "properties": { "node_index": 3160, "is_stop_only": false }, "geometry": { "type": "Point", "coordinates": [ 585187.473042203462683, 4510986.630808212794363 ] } },
{ "type": "Feature", "properties": { "node_index": 3161, "is_stop_only": false }, "geometry": { "type": "Point", "coordinates": [ 583894.741478626034223, 4507441.081999938935041 ] } },
{ "type": "Feature", "properties": { "node_index": 3162, "is_stop_only": false }, "geometry": { "type": "Point", "coordinates": [ 588992.103235448012128, 4521694.279567920602858 ] } },
{ "type": "Feature", "properties": { "node_index": 3163, "is_stop_only": false }, "geometry": { "type": "Point", "coordinates": [ 585224.677135939942673, 4511055.559072877280414 ] } },
{ "type": "Feature", "properties": { "node_index": 3164, "is_stop_only": false }, "geometry": { "type": "Point", "coordinates": [ 589015.799532663775608, 4521770.262215139344335 ] } },
{ "type": "Feature", "properties": { "node_index": 3165, "is_stop_only": false }, "geometry": { "type": "Point", "coordinates": [ 584445.049742668517865, 4511921.550459009595215 ] } },
{ "type": "Feature", "properties": { "node_index": 3166, "is_stop_only": false }, "geometry": { "type": "Point", "coordinates": [ 583855.558882467215881, 4507376.990859234705567 ] } },
{ "type": "Feature", "properties": { "node_index": 3167, "is_stop_only": false }, "geometry": { "type": "Point", "coordinates": [ 589022.919421139871702, 4521894.463273609057069 ] } },
{ "type": "Feature", "properties": { "node_index": 3168, "is_stop_only": false }, "geometry": { "type": "Point", "coordinates": [ 589025.089402196812443, 4521955.753228978253901 ] } },
{ "type": "Feature", "properties": { "node_index": 3169, "is_stop_only": false }, "geometry": { "type": "Point", "coordinates": [ 585299.161223091883585, 4511193.972224416211247 ] } },
{ "type": "Feature", "properties": { "node_index": 3170, "is_stop_only": false }, "geometry": { "type": "Point", "coordinates": [ 589041.294250363251194, 4522116.602345508523285 ] } },
{ "type": "Feature", "properties": { "node_index": 3171, "is_stop_only": false }, "geometry": { "type": "Point", "coordinates": [ 583986.179320573341101, 4507276.940010406076908 ] } },
{ "type": "Feature", "properties": { "node_index": 3172, "is_stop_only": false }, "geometry": { "type": "Point", "coordinates": [ 589059.427014811662957, 4522232.875893983058631 ] } },
{ "type": "Feature", "properties": { "node_index": 3173, "is_stop_only": false }, "geometry": { "type": "Point", "coordinates": [ 585337.221992969280109, 4511263.110834403894842 ] } },
{ "type": "Feature", "properties": { "node_index": 3174, "is_stop_only": false }, "geometry": { "type": "Point", "coordinates": [ 583952.94435304007493, 4507265.073212412185967 ] } },
{ "type": "Feature", "properties": { "node_index": 3175, "is_stop_only": false }, "geometry": { "type": "Point", "coordinates": [ 583964.444380413508043, 4512179.264135040342808 ] } },
{ "type": "Feature", "properties": { "node_index": 3176, "is_stop_only": false }, "geometry": { "type": "Point", "coordinates": [ 585374.992822735803202, 4511332.435063165612519 ] } },
{ "type": "Feature", "properties": { "node_index": 3177, "is_stop_only": false }, "geometry": { "type": "Point", "coordinates": [ 589049.574266387848184, 4522389.902476920746267 ] } },
{ "type": "Feature", "properties": { "node_index": 3178, "is_stop_only": false }, "geometry": { "type": "Point", "coordinates": [ 585411.834164415951818, 4511401.027153386734426 ] } },
{ "type": "Feature", "properties": { "node_index": 3179, "is_stop_only": false }, "geometry": { "type": "Point", "coordinates": [ 589094.283559792442247, 4522503.077185789123178 ] } },
{ "type": "Feature", "properties": { "node_index": 3180, "is_stop_only": false }, "geometry": { "type": "Point", "coordinates": [ 589096.858266894472763, 4522544.720613248646259 ] } },
{ "type": "Feature", "properties": { "node_index": 3181, "is_stop_only": false }, "geometry": { "type": "Point", "coordinates": [ 585453.580974103999324, 4511477.614102704450488 ] } },
{ "type": "Feature", "properties": { "node_index": 3182, "is_stop_only": false }, "geometry": { "type": "Point", "coordinates": [ 585910.910026057157665, 4514640.415716470219195 ] } },
{ "type": "Feature", "properties": { "node_index": 3183, "is_stop_only": false }, "geometry": { "type": "Point", "coordinates": [ 585492.133593283826485, 4511549.967827890999615 ] } },
{ "type": "Feature", "properties": { "node_index": 3184, "is_stop_only": false }, "geometry": { "type": "Point", "coordinates": [ 585530.090467710164376, 4511619.739192632958293 ] } },
{ "type": "Feature", "properties": { "node_index": 3185, "is_stop_only": false }, "geometry": { "type": "Point", "coordinates": [ 587046.558767672395334, 4517038.656685581430793 ] } },
{ "type": "Feature", "properties": { "node_index": 3186, "is_stop_only": false }, "geometry": { "type": "Point", "coordinates": [ 585565.167084867483936, 4511688.089736869558692 ] } },
{ "type": "Feature", "properties": { "node_index": 3187, "is_stop_only": false }, "geometry": { "type": "Point", "coordinates": [ 585947.020438912208192, 4514862.31432786770165 ] } },
{ "type": "Feature", "properties": { "node_index": 3188, "is_stop_only": false }, "geometry": { "type": "Point", "coordinates": [ 585684.426277796039358, 4511253.484230252914131 ] } },
{ "type": "Feature", "properties": { "node_index": 3189, "is_stop_only": false }, "geometry": { "type": "Point", "coordinates": [ 585602.532779418164864, 4511757.022031925618649 ] } },
{ "type": "Feature", "properties": { "node_index": 3190, "is_stop_only": false }, "geometry": { "type": "Point", "coordinates": [ 586789.256174333277158, 4516541.933539348654449 ] } },
{ "type": "Feature", "properties": { "node_index": 3191, "is_stop_only": false }, "geometry": { "type": "Point", "coordinates": [ 585640.487393270130269, 4511826.072371866554022 ] } },
{ "type": "Feature", "properties": { "node_index": 3192, "is_stop_only": false }, "geometry": { "type": "Point", "coordinates": [ 585677.530967950704508, 4511895.72301850002259 ] } },
{ "type": "Feature", "properties": { "node_index": 3193, "is_stop_only": false }, "geometry": { "type": "Point", "coordinates": [ 585908.898902391665615, 4513780.987914620898664 ] } },
{ "type": "Feature", "properties": { "node_index": 3194, "is_stop_only": false }, "geometry": { "type": "Point", "coordinates": [ 584392.117492405930534, 4507385.484226196072996 ] } },
{ "type": "Feature", "properties": { "node_index": 3195, "is_stop_only": false }, "geometry": { "type": "Point", "coordinates": [ 585714.191938062664121, 4511964.814338934607804 ] } },
{ "type": "Feature", "properties": { "node_index": 3196, "is_stop_only": false }, "geometry": { "type": "Point", "coordinates": [ 584579.816500860382803, 4507438.347241347655654 ] } },
{ "type": "Feature", "properties": { "node_index": 3197, "is_stop_only": false }, "geometry": { "type": "Point", "coordinates": [ 585753.687865200568922, 4512039.10121828969568 ] } },
{ "type": "Feature", "properties": { "node_index": 3198, "is_stop_only": false }, "geometry": { "type": "Point", "coordinates": [ 588678.993130557239056, 4516807.156666689552367 ] } },
{ "type": "Feature", "properties": { "node_index": 3199, "is_stop_only": false }, "geometry": { "type": "Point", "coordinates": [ 585794.522022574092261, 4512114.403038019314408 ] } },
{ "type": "Feature", "properties": { "node_index": 3200, "is_stop_only": false }, "geometry": { "type": "Point", "coordinates": [ 588410.323341088602319, 4516952.035627696663141 ] } },
{ "type": "Feature", "properties": { "node_index": 3201, "is_stop_only": false }, "geometry": { "type": "Point", "coordinates": [ 586113.214908058871515, 4515335.349762754514813 ] } },
{ "type": "Feature", "properties": { "node_index": 3202, "is_stop_only": false }, "geometry": { "type": "Point", "coordinates": [ 585832.327692591235973, 4512184.329849194735289 ] } },
{ "type": "Feature", "properties": { "node_index": 3203, "is_stop_only": false }, "geometry": { "type": "Point", "coordinates": [ 585899.37969464645721, 4514239.112362632527947 ] } },
{ "type": "Feature", "properties": { "node_index": 3204, "is_stop_only": false }, "geometry": { "type": "Point", "coordinates": [ 588155.642763638868928, 4517087.842503411695361 ] } },
{ "type": "Feature", "properties": { "node_index": 3205, "is_stop_only": false }, "geometry": { "type": "Point", "coordinates": [ 585869.90878229518421, 4512254.631752891466022 ] } },
{ "type": "Feature", "properties": { "node_index": 3206, "is_stop_only": false }, "geometry": { "type": "Point", "coordinates": [ 585907.780955690890551, 4512323.793720176443458 ] } },
{ "type": "Feature", "properties": { "node_index": 3207, "is_stop_only": false }, "geometry": { "type": "Point", "coordinates": [ 587800.875097877695225, 4517280.756616927683353 ] } },
{ "type": "Feature", "properties": { "node_index": 3208, "is_stop_only": false }, "geometry": { "type": "Point", "coordinates": [ 585945.482877361006103, 4512393.742191330529749 ] } },
{ "type": "Feature", "properties": { "node_index": 3209, "is_stop_only": false }, "geometry": { "type": "Point", "coordinates": [ 585983.20603908773046, 4512463.979786340147257 ] } },
{ "type": "Feature", "properties": { "node_index": 3210, "is_stop_only": false }, "geometry": { "type": "Point", "coordinates": [ 586021.071057343739085, 4512534.296963981352746 ] } },
{ "type": "Feature", "properties": { "node_index": 3211, "is_stop_only": false }, "geometry": { "type": "Point", "coordinates": [ 586059.517420995864086, 4512605.376070281490684 ] } },
{ "type": "Feature", "properties": { "node_index": 3212, "is_stop_only": false }, "geometry": { "type": "Point", "coordinates": [ 586096.320153423235752, 4512673.993802452459931 ] } },
{ "type": "Feature", "properties": { "node_index": 3213, "is_stop_only": false }, "geometry": { "type": "Point", "coordinates": [ 589241.242765304166824, 4522445.708693482913077 ] } },
{ "type": "Feature", "properties": { "node_index": 3214, "is_stop_only": false }, "geometry": { "type": "Point", "coordinates": [ 589262.303269884316251, 4522535.649727235548198 ] } },
{ "type": "Feature", "properties": { "node_index": 3215, "is_stop_only": false }, "geometry": { "type": "Point", "coordinates": [ 586133.920043122256175, 4512742.965184269472957 ] } },
{ "type": "Feature", "properties": { "node_index": 3216, "is_stop_only": false }, "geometry": { "type": "Point", "coordinates": [ 586229.172881865408272, 4515547.532810053788126 ] } },
{ "type": "Feature", "properties": { "node_index": 3217, "is_stop_only": false }, "geometry": { "type": "Point", "coordinates": [ 586171.960020526079461, 4512813.229765763506293 ] } },
{ "type": "Feature", "properties": { "node_index": 3218, "is_stop_only": false }, "geometry": { "type": "Point", "coordinates": [ 586209.641354570281692, 4512883.057407195679843 ] } },
{ "type": "Feature", "properties": { "node_index": 3219, "is_stop_only": false }, "geometry": { "type": "Point", "coordinates": [ 586247.766713586635888, 4512953.112483846023679 ] } },
{ "type": "Feature", "properties": { "node_index": 3220, "is_stop_only": false }, "geometry": { "type": "Point", "coordinates": [ 586285.330744216335006, 4513022.739357879385352 ] } },
{ "type": "Feature", "properties": { "node_index": 3221, "is_stop_only": false }, "geometry": { "type": "Point", "coordinates": [ 585983.72308757994324, 4515025.766591033898294 ] } },
{ "type": "Feature", "properties": { "node_index": 3222, "is_stop_only": false }, "geometry": { "type": "Point", "coordinates": [ 586325.735278682783246, 4513098.461398650892079 ] } },
{ "type": "Feature", "properties": { "node_index": 3223, "is_stop_only": false }, "geometry": { "type": "Point", "coordinates": [ 588560.900460263481364, 4517231.730887989513576 ] } },
{ "type": "Feature", "properties": { "node_index": 3224, "is_stop_only": false }, "geometry": { "type": "Point", "coordinates": [ 586368.359209827613086, 4513177.062859888188541 ] } },
{ "type": "Feature", "properties": { "node_index": 3225, "is_stop_only": false }, "geometry": { "type": "Point", "coordinates": [ 587063.300892001949251, 4517119.368118481710553 ] } },
{ "type": "Feature", "properties": { "node_index": 3226, "is_stop_only": false }, "geometry": { "type": "Point", "coordinates": [ 588307.99304649955593, 4517370.07387413457036 ] } },
{ "type": "Feature", "properties": { "node_index": 3227, "is_stop_only": false }, "geometry": { "type": "Point", "coordinates": [ 587950.400883089401759, 4517562.891398765146732 ] } },
{ "type": "Feature", "properties": { "node_index": 3228, "is_stop_only": false }, "geometry": { "type": "Point", "coordinates": [ 586406.30012302484829, 4513248.915284506976604 ] } },
{ "type": "Feature", "properties": { "node_index": 3229, "is_stop_only": false }, "geometry": { "type": "Point", "coordinates": [ 586712.653324966086075, 4516389.965609600767493 ] } },
{ "type": "Feature", "properties": { "node_index": 3230, "is_stop_only": false }, "geometry": { "type": "Point", "coordinates": [ 586904.408199836383574, 4516753.308694905601442 ] } },
{ "type": "Feature", "properties": { "node_index": 3231, "is_stop_only": false }, "geometry": { "type": "Point", "coordinates": [ 585903.784532945137471, 4514506.095401551574469 ] } },
{ "type": "Feature", "properties": { "node_index": 3232, "is_stop_only": false }, "geometry": { "type": "Point", "coordinates": [ 591030.788864554138854, 4524129.110784051939845 ] } },
{ "type": "Feature", "properties": { "node_index": 3233, "is_stop_only": false }, "geometry": { "type": "Point", "coordinates": [ 583174.66956603503786, 4507698.568031850270927 ] } },
{ "type": "Feature", "properties": { "node_index": 3234, "is_stop_only": false }, "geometry": { "type": "Point", "coordinates": [ 586358.934543796698563, 4515759.257295437157154 ] } },
{ "type": "Feature", "properties": { "node_index": 3235, "is_stop_only": false }, "geometry": { "type": "Point", "coordinates": [ 585903.139269551844336, 4514419.157111280597746 ] } },
{ "type": "Feature", "properties": { "node_index": 3236, "is_stop_only": false }, "geometry": { "type": "Point", "coordinates": [ 583230.655179333407432, 4507821.618256320245564 ] } },
{ "type": "Feature", "properties": { "node_index": 3237, "is_stop_only": false }, "geometry": { "type": "Point", "coordinates": [ 583252.974456059397198, 4507808.679489727132022 ] } },
{ "type": "Feature", "properties": { "node_index": 3238, "is_stop_only": false }, "geometry": { "type": "Point", "coordinates": [ 586940.975112299551256, 4516822.228853370063007 ] } },
{ "type": "Feature", "properties": { "node_index": 3239, "is_stop_only": false }, "geometry": { "type": "Point", "coordinates": [ 585964.132036441122182, 4514943.259968403726816 ] } },
{ "type": "Feature", "properties": { "node_index": 3240, "is_stop_only": false }, "geometry": { "type": "Point", "coordinates": [ 586404.035863384604454, 4515830.216940076090395 ] } },
{ "type": "Feature", "properties": { "node_index": 3241, "is_stop_only": false }, "geometry": { "type": "Point", "coordinates": [ 586151.814819529885426, 4515405.599202214740217 ] } },
{ "type": "Feature", "properties": { "node_index": 3242, "is_stop_only": false }, "geometry": { "type": "Point", "coordinates": [ 583117.096009947825223, 4507597.19389592949301 ] } },
{ "type": "Feature", "properties": { "node_index": 3243, "is_stop_only": false }, "geometry": { "type": "Point", "coordinates": [ 586786.677026287885383, 4517179.511384326033294 ] } },
{ "type": "Feature", "properties": { "node_index": 3244, "is_stop_only": false }, "geometry": { "type": "Point", "coordinates": [ 584185.876331318868324, 4509084.847647928632796 ] } },
{ "type": "Feature", "properties": { "node_index": 3245, "is_stop_only": false }, "geometry": { "type": "Point", "coordinates": [ 587071.420257351011969, 4517212.978962775319815 ] } },
{ "type": "Feature", "properties": { "node_index": 3246, "is_stop_only": false }, "geometry": { "type": "Point", "coordinates": [ 587132.519292774843052, 4517911.760650689713657 ] } },
{ "type": "Feature", "properties": { "node_index": 3247, "is_stop_only": false }, "geometry": { "type": "Point", "coordinates": [ 587172.126212206785567, 4517981.151114434935153 ] } },
{ "type": "Feature", "properties": { "node_index": 3248, "is_stop_only": false }, "geometry": { "type": "Point", "coordinates": [ 587228.877988074207678, 4518049.478395868092775 ] } },
{ "type": "Feature", "properties": { "node_index": 3249, "is_stop_only": false }, "geometry": { "type": "Point", "coordinates": [ 588469.813102079788223, 4516090.633234795182943 ] } },
{ "type": "Feature", "properties": { "node_index": 3250, "is_stop_only": false }, "geometry": { "type": "Point", "coordinates": [ 587299.274638469796628, 4518178.075623653829098 ] } },
{ "type": "Feature", "properties": { "node_index": 3251, "is_stop_only": false }, "geometry": { "type": "Point", "coordinates": [ 588504.147047228296287, 4517730.749891185201705 ] } },
{ "type": "Feature", "properties": { "node_index": 3252, "is_stop_only": false }, "geometry": { "type": "Point", "coordinates": [ 587295.064274946576916, 4518180.301901525817811 ] } },
{ "type": "Feature", "properties": { "node_index": 3253, "is_stop_only": false }, "geometry": { "type": "Point", "coordinates": [ 588617.36466911167372, 4516011.451438645832241 ] } },
{ "type": "Feature", "properties": { "node_index": 3254, "is_stop_only": false }, "geometry": { "type": "Point", "coordinates": [ 588743.669765629223548, 4515942.29847298655659 ] } },
{ "type": "Feature", "properties": { "node_index": 3255, "is_stop_only": false }, "geometry": { "type": "Point", "coordinates": [ 588879.390032283728942, 4515868.597681600600481 ] } },
{ "type": "Feature", "properties": { "node_index": 3256, "is_stop_only": false }, "geometry": { "type": "Point", "coordinates": [ 587098.455129947513342, 4517839.415866729803383 ] } },
{ "type": "Feature", "properties": { "node_index": 3257, "is_stop_only": false }, "geometry": { "type": "Point", "coordinates": [ 589068.978264763369225, 4515766.636850886046886 ] } },
{ "type": "Feature", "properties": { "node_index": 3258, "is_stop_only": false }, "geometry": { "type": "Point", "coordinates": [ 589271.28905709949322, 4515657.66205654386431 ] } },
{ "type": "Feature", "properties": { "node_index": 3259, "is_stop_only": false }, "geometry": { "type": "Point", "coordinates": [ 586942.022581518627703, 4517469.475679864175618 ] } },
{ "type": "Feature", "properties": { "node_index": 3260, "is_stop_only": false }, "geometry": { "type": "Point", "coordinates": [ 585637.736570838140324, 4509857.454315810464323 ] } },
{ "type": "Feature", "properties": { "node_index": 3261, "is_stop_only": false }, "geometry": { "type": "Point", "coordinates": [ 587345.913226959877647, 4518264.647859958931804 ] } },
{ "type": "Feature", "properties": { "node_index": 3262, "is_stop_only": false }, "geometry": { "type": "Point", "coordinates": [ 585760.368124641710892, 4509791.670499841682613 ] } },
{ "type": "Feature", "properties": { "node_index": 3263, "is_stop_only": false }, "geometry": { "type": "Point", "coordinates": [ 586519.227865289547481, 4516040.830764991231263 ] } },
{ "type": "Feature", "properties": { "node_index": 3264, "is_stop_only": false }, "geometry": { "type": "Point", "coordinates": [ 586269.257934922818094, 4515616.867659241892397 ] } },
{ "type": "Feature", "properties": { "node_index": 3265, "is_stop_only": false }, "geometry": { "type": "Point", "coordinates": [ 585904.13367816968821, 4513966.162779754959047 ] } },
{ "type": "Feature", "properties": { "node_index": 3266, "is_stop_only": false }, "geometry": { "type": "Point", "coordinates": [ 585896.139772366499528, 4509718.8466816842556 ] } },
{ "type": "Feature", "properties": { "node_index": 3267, "is_stop_only": false }, "geometry": { "type": "Point", "coordinates": [ 589085.385482084704563, 4522633.335965608246624 ] } },
{ "type": "Feature", "properties": { "node_index": 3268, "is_stop_only": false }, "geometry": { "type": "Point", "coordinates": [ 586031.778117988491431, 4509646.101453619077802 ] } },
{ "type": "Feature", "properties": { "node_index": 3269, "is_stop_only": false }, "geometry": { "type": "Point", "coordinates": [ 586004.092380450223573, 4515105.895340221002698 ] } },
{ "type": "Feature", "properties": { "node_index": 3270, "is_stop_only": false }, "geometry": { "type": "Point", "coordinates": [ 584301.0759583277395, 4509521.781364791095257 ] } },
{ "type": "Feature", "properties": { "node_index": 3271, "is_stop_only": false }, "geometry": { "type": "Point", "coordinates": [ 583562.312901429599151, 4507864.259770124219358 ] } },
{ "type": "Feature", "properties": { "node_index": 3272, "is_stop_only": false }, "geometry": { "type": "Point", "coordinates": [ 583607.914119650376961, 4507857.990264398045838 ] } },
{ "type": "Feature", "properties": { "node_index": 3273, "is_stop_only": false }, "geometry": { "type": "Point", "coordinates": [ 583969.01538358500693, 4510024.802171509712934 ] } },
{ "type": "Feature", "properties": { "node_index": 3274, "is_stop_only": false }, "geometry": { "type": "Point", "coordinates": [ 585897.689073263900355, 4514149.142165591940284 ] } },
{ "type": "Feature", "properties": { "node_index": 3275, "is_stop_only": false }, "geometry": { "type": "Point", "coordinates": [ 585942.450425471412018, 4514124.881415619514883 ] } },
{ "type": "Feature", "properties": { "node_index": 3276, "is_stop_only": false }, "geometry": { "type": "Point", "coordinates": [ 583695.461922958609648, 4507845.954851912334561 ] } },
{ "type": "Feature", "properties": { "node_index": 3277, "is_stop_only": false }, "geometry": { "type": "Point", "coordinates": [ 587078.33180320635438, 4517308.118843865580857 ] } },
{ "type": "Feature", "properties": { "node_index": 3278, "is_stop_only": false }, "geometry": { "type": "Point", "coordinates": [ 589435.351682364358567, 4520888.437885365448892 ] } },
{ "type": "Feature", "properties": { "node_index": 3279, "is_stop_only": false }, "geometry": { "type": "Point", "coordinates": [ 584175.874028414720669, 4507499.843571987934411 ] } },
{ "type": "Feature", "properties": { "node_index": 3280, "is_stop_only": false }, "geometry": { "type": "Point", "coordinates": [ 585578.931675490224734, 4513859.078897216357291 ] } },
{ "type": "Feature", "properties": { "node_index": 3281, "is_stop_only": false }, "geometry": { "type": "Point", "coordinates": [ 589730.219013659283519, 4518444.584019941277802 ] } },
{ "type": "Feature", "properties": { "node_index": 3282, "is_stop_only": false }, "geometry": { "type": "Point", "coordinates": [ 585719.306725028902292, 4510335.813393279910088 ] } },
{ "type": "Feature", "properties": { "node_index": 3283, "is_stop_only": false }, "geometry": { "type": "Point", "coordinates": [ 589742.831677774665877, 4518445.836264681071043 ] } },
{ "type": "Feature", "properties": { "node_index": 3284, "is_stop_only": false }, "geometry": { "type": "Point", "coordinates": [ 586828.891430747113191, 4516612.720951344817877 ] } },
{ "type": "Feature", "properties": { "node_index": 3285, "is_stop_only": false }, "geometry": { "type": "Point", "coordinates": [ 586866.364332704921253, 4516682.928092739544809 ] } },
{ "type": "Feature", "properties": { "node_index": 3286, "is_stop_only": false }, "geometry": { "type": "Point", "coordinates": [ 586557.123936219722964, 4516111.440748914144933 ] } },
{ "type": "Feature", "properties": { "node_index": 3287, "is_stop_only": false }, "geometry": { "type": "Point", "coordinates": [ 585871.854025824693963, 4510617.376876882277429 ] } },
{ "type": "Feature", "properties": { "node_index": 3288, "is_stop_only": false }, "geometry": { "type": "Point", "coordinates": [ 586021.02924449625425, 4510893.808880547061563 ] } },
{ "type": "Feature", "properties": { "node_index": 3289, "is_stop_only": false }, "geometry": { "type": "Point", "coordinates": [ 586058.61733108246699, 4510964.688862575218081 ] } },
{ "type": "Feature", "properties": { "node_index": 3290, "is_stop_only": false }, "geometry": { "type": "Point", "coordinates": [ 586095.502614823519252, 4511032.041493444703519 ] } },
{ "type": "Feature", "properties": { "node_index": 3291, "is_stop_only": false }, "geometry": { "type": "Point", "coordinates": [ 586595.420466859475709, 4516181.655958098359406 ] } },
{ "type": "Feature", "properties": { "node_index": 3292, "is_stop_only": false }, "geometry": { "type": "Point", "coordinates": [ 590177.266322225448675, 4524013.367454579100013 ] } },
{ "type": "Feature", "properties": { "node_index": 3293, "is_stop_only": false }, "geometry": { "type": "Point", "coordinates": [ 586759.000645322958007, 4508877.043842870742083 ] } },
{ "type": "Feature", "properties": { "node_index": 3294, "is_stop_only": false }, "geometry": { "type": "Point", "coordinates": [ 583862.772381162038073, 4507706.615085246041417 ] } },
{ "type": "Feature", "properties": { "node_index": 3295, "is_stop_only": false }, "geometry": { "type": "Point", "coordinates": [ 586212.8623472036561, 4511249.732860067859292 ] } },
{ "type": "Feature", "properties": { "node_index": 3296, "is_stop_only": false }, "geometry": { "type": "Point", "coordinates": [ 586249.524241379811428, 4511317.894228600896895 ] } },
{ "type": "Feature", "properties": { "node_index": 3297, "is_stop_only": false }, "geometry": { "type": "Point", "coordinates": [ 583754.782796409795992, 4507770.763987545855343 ] } },
{ "type": "Feature", "properties": { "node_index": 3298, "is_stop_only": false }, "geometry": { "type": "Point", "coordinates": [ 586287.244323722552508, 4511387.933302928693593 ] } },
{ "type": "Feature", "properties": { "node_index": 3299, "is_stop_only": false }, "geometry": { "type": "Point", "coordinates": [ 586361.719155112281442, 4511525.891431578435004 ] } },
{ "type": "Feature", "properties": { "node_index": 3300, "is_stop_only": false }, "geometry": { "type": "Point", "coordinates": [ 583691.791234962176532, 4507808.177511777728796 ] } },
{ "type": "Feature", "properties": { "node_index": 3301, "is_stop_only": false }, "geometry": { "type": "Point", "coordinates": [ 585932.625130470376462, 4514779.257544042542577 ] } },
{ "type": "Feature", "properties": { "node_index": 3302, "is_stop_only": false }, "geometry": { "type": "Point", "coordinates": [ 586441.20571096194908, 4511671.136449301615357 ] } },
{ "type": "Feature", "properties": { "node_index": 3303, "is_stop_only": false }, "geometry": { "type": "Point", "coordinates": [ 590962.369291622657329, 4524130.576456896960735 ] } },
{ "type": "Feature", "properties": { "node_index": 3304, "is_stop_only": false }, "geometry": { "type": "Point", "coordinates": [ 590604.532538180821575, 4523918.432792408391833 ] } },
{ "type": "Feature", "properties": { "node_index": 3305, "is_stop_only": false }, "geometry": { "type": "Point", "coordinates": [ 590804.235838062711991, 4524051.532134017907083 ] } },
{ "type": "Feature", "properties": { "node_index": 3306, "is_stop_only": false }, "geometry": { "type": "Point", "coordinates": [ 586481.250578794628382, 4515971.330285965465009 ] } },
{ "type": "Feature", "properties": { "node_index": 3307, "is_stop_only": false }, "geometry": { "type": "Point", "coordinates": [ 588950.895245225634426, 4513989.641663289628923 ] } },
{ "type": "Feature", "properties": { "node_index": 3308, "is_stop_only": false }, "geometry": { "type": "Point", "coordinates": [ 586479.807397648110054, 4511744.895079263485968 ] } },
{ "type": "Feature", "properties": { "node_index": 3309, "is_stop_only": false }, "geometry": { "type": "Point", "coordinates": [ 583835.352262203814462, 4511354.888994175009429 ] } },
{ "type": "Feature", "properties": { "node_index": 3310, "is_stop_only": false }, "geometry": { "type": "Point", "coordinates": [ 583874.224119778256863, 4508202.152492578141391 ] } },
{ "type": "Feature", "properties": { "node_index": 3311, "is_stop_only": false }, "geometry": { "type": "Point", "coordinates": [ 585913.644932378781959, 4513687.672971945255995 ] } },
{ "type": "Feature", "properties": { "node_index": 3312, "is_stop_only": false }, "geometry": { "type": "Point", "coordinates": [ 586517.49170115205925, 4511814.724131679162383 ] } },
{ "type": "Feature", "properties": { "node_index": 3313, "is_stop_only": false }, "geometry": { "type": "Point", "coordinates": [ 583906.445899056387134, 4511500.154773733578622 ] } },
{ "type": "Feature", "properties": { "node_index": 3314, "is_stop_only": false }, "geometry": { "type": "Point", "coordinates": [ 583942.333319290308282, 4511568.339859242551029 ] } },
{ "type": "Feature", "properties": { "node_index": 3315, "is_stop_only": false }, "geometry": { "type": "Point", "coordinates": [ 583979.730135636636987, 4511635.88722606189549 ] } },
{ "type": "Feature", "properties": { "node_index": 3316, "is_stop_only": false }, "geometry": { "type": "Point", "coordinates": [ 589012.43548477825243, 4522197.624928642995656 ] } },
{ "type": "Feature", "properties": { "node_index": 3317, "is_stop_only": false }, "geometry": { "type": "Point", "coordinates": [ 586630.502563656307757, 4512023.823531326837838 ] } },
{ "type": "Feature", "properties": { "node_index": 3318, "is_stop_only": false }, "geometry": { "type": "Point", "coordinates": [ 584016.648113307426684, 4511705.394457003101707 ] } },
{ "type": "Feature", "properties": { "node_index": 3319, "is_stop_only": false }, "geometry": { "type": "Point", "coordinates": [ 585900.881226301426068, 4514327.914641458541155 ] } },
{ "type": "Feature", "properties": { "node_index": 3320, "is_stop_only": false }, "geometry": { "type": "Point", "coordinates": [ 586668.765624047839083, 4512093.005196783691645 ] } },
{ "type": "Feature", "properties": { "node_index": 3321, "is_stop_only": false }, "geometry": { "type": "Point", "coordinates": [ 586632.349889870965853, 4516252.54372860211879 ] } },
{ "type": "Feature", "properties": { "node_index": 3322, "is_stop_only": false }, "geometry": { "type": "Point", "coordinates": [ 586743.910726679605432, 4512234.483869246207178 ] } },
{ "type": "Feature", "properties": { "node_index": 3323, "is_stop_only": false }, "geometry": { "type": "Point", "coordinates": [ 584093.715955482330173, 4511845.856208105571568 ] } },
{ "type": "Feature", "properties": { "node_index": 3324, "is_stop_only": false }, "geometry": { "type": "Point", "coordinates": [ 586819.066943172365427, 4512374.04285145085305 ] } },
{ "type": "Feature", "properties": { "node_index": 3325, "is_stop_only": false }, "geometry": { "type": "Point", "coordinates": [ 586895.039381466107443, 4512514.30062201153487 ] } },
{ "type": "Feature", "properties": { "node_index": 3326, "is_stop_only": false }, "geometry": { "type": "Point", "coordinates": [ 586978.996723798336461, 4516892.942703157663345 ] } },
{ "type": "Feature", "properties": { "node_index": 3327, "is_stop_only": false }, "geometry": { "type": "Point", "coordinates": [ 586031.757501751184464, 4515182.689474102109671 ] } },
{ "type": "Feature", "properties": { "node_index": 3328, "is_stop_only": false }, "geometry": { "type": "Point", "coordinates": [ 586751.714497317443602, 4516465.952818502672017 ] } },
{ "type": "Feature", "properties": { "node_index": 3329, "is_stop_only": false }, "geometry": { "type": "Point", "coordinates": [ 587051.39377969619818, 4512807.460658265277743 ] } },
{ "type": "Feature", "properties": { "node_index": 3330, "is_stop_only": false }, "geometry": { "type": "Point", "coordinates": [ 587089.374581846408546, 4512875.542356847785413 ] } },
{ "type": "Feature", "properties": { "node_index": 3331, "is_stop_only": false }, "geometry": { "type": "Point", "coordinates": [ 586442.931165632326156, 4515899.994148813188076 ] } },
{ "type": "Feature", "properties": { "node_index": 3332, "is_stop_only": false }, "geometry": { "type": "Point", "coordinates": [ 584203.810646491590887, 4512052.196955949999392 ] } },
{ "type": "Feature", "properties": { "node_index": 3333, "is_stop_only": false }, "geometry": { "type": "Point", "coordinates": [ 587017.381818482303061, 4516962.817273057997227 ] } },
{ "type": "Feature", "properties": { "node_index": 3334, "is_stop_only": false }, "geometry": { "type": "Point", "coordinates": [ 584243.473806809983216, 4512127.143434123136103 ] } },
{ "type": "Feature", "properties": { "node_index": 3335, "is_stop_only": false }, "geometry": { "type": "Point", "coordinates": [ 586189.947553384350613, 4515475.321621002629399 ] } },
{ "type": "Feature", "properties": { "node_index": 3336, "is_stop_only": false }, "geometry": { "type": "Point", "coordinates": [ 587128.348483881680295, 4512946.689092142507434 ] } },
{ "type": "Feature", "properties": { "node_index": 3337, "is_stop_only": false }, "geometry": { "type": "Point", "coordinates": [ 584283.61299690278247, 4512202.473045043647289 ] } },
{ "type": "Feature", "properties": { "node_index": 3338, "is_stop_only": false }, "geometry": { "type": "Point", "coordinates": [ 584320.214106005034409, 4512271.123529634438455 ] } },
{ "type": "Feature", "properties": { "node_index": 3339, "is_stop_only": false }, "geometry": { "type": "Point", "coordinates": [ 587202.396612951764837, 4513084.463114346377552 ] } },
{ "type": "Feature", "properties": { "node_index": 3340, "is_stop_only": false }, "geometry": { "type": "Point", "coordinates": [ 584356.181116292253137, 4512338.312614446505904 ] } },
{ "type": "Feature", "properties": { "node_index": 3341, "is_stop_only": false }, "geometry": { "type": "Point", "coordinates": [ 584393.292961559141986, 4512407.213575329631567 ] } },
{ "type": "Feature", "properties": { "node_index": 3342, "is_stop_only": false }, "geometry": { "type": "Point", "coordinates": [ 586311.796780279139057, 4515684.843587587587535 ] } },
{ "type": "Feature", "properties": { "node_index": 3343, "is_stop_only": false }, "geometry": { "type": "Point", "coordinates": [ 586670.566568534821272, 4516321.526087415404618 ] } },
{ "type": "Feature", "properties": { "node_index": 3344, "is_stop_only": false }, "geometry": { "type": "Point", "coordinates": [ 584472.239027780597098, 4512544.537085129879415 ] } },
{ "type": "Feature", "properties": { "node_index": 3345, "is_stop_only": false }, "geometry": { "type": "Point", "coordinates": [ 584507.266196465468965, 4512613.947824951261282 ] } },
{ "type": "Feature", "properties": { "node_index": 3346, "is_stop_only": false }, "geometry": { "type": "Point", "coordinates": [ 584546.524571197805926, 4512689.790813313797116 ] } },
{ "type": "Feature", "properties": { "node_index": 3347, "is_stop_only": false }, "geometry": { "type": "Point", "coordinates": [ 587315.391732503776439, 4513294.395834835246205 ] } },
{ "type": "Feature", "properties": { "node_index": 3348, "is_stop_only": false }, "geometry": { "type": "Point", "coordinates": [ 584586.527805730933324, 4512765.387197177857161 ] } },
{ "type": "Feature", "properties": { "node_index": 3349, "is_stop_only": false }, "geometry": { "type": "Point", "coordinates": [ 584624.63072135602124, 4512834.345206593163311 ] } },
{ "type": "Feature", "properties": { "node_index": 3350, "is_stop_only": false }, "geometry": { "type": "Point", "coordinates": [ 585430.210711594088934, 4514852.889169584959745 ] } },
{ "type": "Feature", "properties": { "node_index": 3351, "is_stop_only": false }, "geometry": { "type": "Point", "coordinates": [ 587353.028682428062893, 4513364.00713861361146 ] } },
{ "type": "Feature", "properties": { "node_index": 3352, "is_stop_only": false }, "geometry": { "type": "Point", "coordinates": [ 584662.567274947534315, 4512904.500573846511543 ] } },
{ "type": "Feature", "properties": { "node_index": 3353, "is_stop_only": false }, "geometry": { "type": "Point", "coordinates": [ 584701.236892481218092, 4512974.70895561017096 ] } },
{ "type": "Feature", "properties": { "node_index": 3354, "is_stop_only": false }, "geometry": { "type": "Point", "coordinates": [ 584738.601452451199293, 4513044.558464954607189 ] } },
{ "type": "Feature", "properties": { "node_index": 3355, "is_stop_only": false }, "geometry": { "type": "Point", "coordinates": [ 587466.143843920785002, 4513573.755165150389075 ] } },
{ "type": "Feature", "properties": { "node_index": 3356, "is_stop_only": false }, "geometry": { "type": "Point", "coordinates": [ 583465.494510850752704, 4506102.818758256733418 ] } },
{ "type": "Feature", "properties": { "node_index": 3357, "is_stop_only": false }, "geometry": { "type": "Point", "coordinates": [ 584776.654841784387827, 4513114.638119302690029 ] } },
{ "type": "Feature", "properties": { "node_index": 3358, "is_stop_only": false }, "geometry": { "type": "Point", "coordinates": [ 584814.805417874711566, 4513184.275021150708199 ] } },
{ "type": "Feature", "properties": { "node_index": 3359, "is_stop_only": false }, "geometry": { "type": "Point", "coordinates": [ 587738.984063026029617, 4514079.741513202898204 ] } },
{ "type": "Feature", "properties": { "node_index": 3360, "is_stop_only": false }, "geometry": { "type": "Point", "coordinates": [ 584851.813734275638126, 4513254.820540860295296 ] } },
{ "type": "Feature", "properties": { "node_index": 3361, "is_stop_only": false }, "geometry": { "type": "Point", "coordinates": [ 584890.06089881178923, 4513324.003800343722105 ] } },
{ "type": "Feature", "properties": { "node_index": 3362, "is_stop_only": false }, "geometry": { "type": "Point", "coordinates": [ 583820.419060317100957, 4506266.865782177075744 ] } },
{ "type": "Feature", "properties": { "node_index": 3363, "is_stop_only": false }, "geometry": { "type": "Point", "coordinates": [ 584929.146897482452914, 4513394.318229028955102 ] } },
{ "type": "Feature", "properties": { "node_index": 3364, "is_stop_only": false }, "geometry": { "type": "Point", "coordinates": [ 583715.587621868820861, 4506196.816562852822244 ] } },
{ "type": "Feature", "properties": { "node_index": 3365, "is_stop_only": false }, "geometry": { "type": "Point", "coordinates": [ 587856.635800461401232, 4514298.62074182741344 ] } },
{ "type": "Feature", "properties": { "node_index": 3366, "is_stop_only": false }, "geometry": { "type": "Point", "coordinates": [ 584965.248550838790834, 4513462.034033915959299 ] } },
{ "type": "Feature", "properties": { "node_index": 3367, "is_stop_only": false }, "geometry": { "type": "Point", "coordinates": [ 587935.287085012882017, 4514443.718716225586832 ] } },
{ "type": "Feature", "properties": { "node_index": 3368, "is_stop_only": false }, "geometry": { "type": "Point", "coordinates": [ 586840.814795985468663, 4509102.421679944731295 ] } },
{ "type": "Feature", "properties": { "node_index": 3369, "is_stop_only": false }, "geometry": { "type": "Point", "coordinates": [ 585003.922821876243688, 4513534.997617548331618 ] } },
{ "type": "Feature", "properties": { "node_index": 3370, "is_stop_only": false }, "geometry": { "type": "Point", "coordinates": [ 585041.194823284517042, 4513604.314898968674242 ] } },
{ "type": "Feature", "properties": { "node_index": 3371, "is_stop_only": false }, "geometry": { "type": "Point", "coordinates": [ 585078.707686133100651, 4513674.645464695058763 ] } },
{ "type": "Feature", "properties": { "node_index": 3372, "is_stop_only": false }, "geometry": { "type": "Point", "coordinates": [ 588012.092061202740297, 4514586.253250577487051 ] } },
{ "type": "Feature", "properties": { "node_index": 3373, "is_stop_only": false }, "geometry": { "type": "Point", "coordinates": [ 585119.064674115157686, 4513750.082663576118648 ] } },
{ "type": "Feature", "properties": { "node_index": 3374, "is_stop_only": false }, "geometry": { "type": "Point", "coordinates": [ 585159.486124312505126, 4513823.511351073160768 ] } },
{ "type": "Feature", "properties": { "node_index": 3375, "is_stop_only": false }, "geometry": { "type": "Point", "coordinates": [ 588088.560305027524009, 4514727.752168602310121 ] } },
{ "type": "Feature", "properties": { "node_index": 3376, "is_stop_only": false }, "geometry": { "type": "Point", "coordinates": [ 585197.002334755961783, 4513895.552383410744369 ] } },
{ "type": "Feature", "properties": { "node_index": 3377, "is_stop_only": false }, "geometry": { "type": "Point", "coordinates": [ 588170.443312180694193, 4514879.908159116283059 ] } },
{ "type": "Feature", "properties": { "node_index": 3378, "is_stop_only": false }, "geometry": { "type": "Point", "coordinates": [ 588321.675438210484572, 4515160.1702149072662 ] } },
{ "type": "Feature", "properties": { "node_index": 3379, "is_stop_only": false }, "geometry": { "type": "Point", "coordinates": [ 584010.652643419103697, 4509202.396595881320536 ] } },
{ "type": "Feature", "properties": { "node_index": 3380, "is_stop_only": false }, "geometry": { "type": "Point", "coordinates": [ 588359.169770591659471, 4515229.497002393938601 ] } },
{ "type": "Feature", "properties": { "node_index": 3381, "is_stop_only": false }, "geometry": { "type": "Point", "coordinates": [ 584048.149567681131884, 4509297.200556694529951 ] } },
{ "type": "Feature", "properties": { "node_index": 3382, "is_stop_only": false }, "geometry": { "type": "Point", "coordinates": [ 588514.004289434640668, 4515517.078632136806846 ] } },
{ "type": "Feature", "properties": { "node_index": 3383, "is_stop_only": false }, "geometry": { "type": "Point", "coordinates": [ 584066.902146399021149, 4509341.599549521692097 ] } },
{ "type": "Feature", "properties": { "node_index": 3384, "is_stop_only": false }, "geometry": { "type": "Point", "coordinates": [ 588554.804721699096262, 4515592.596831249073148 ] } },
{ "type": "Feature", "properties": { "node_index": 3385, "is_stop_only": false }, "geometry": { "type": "Point", "coordinates": [ 583482.440647708834149, 4508475.461618521250784 ] } },
{ "type": "Feature", "properties": { "node_index": 3386, "is_stop_only": false }, "geometry": { "type": "Point", "coordinates": [ 588592.439576470642351, 4515663.203429105691612 ] } },
{ "type": "Feature", "properties": { "node_index": 3387, "is_stop_only": false }, "geometry": { "type": "Point", "coordinates": [ 584086.171508927829564, 4509387.325611032545567 ] } },
{ "type": "Feature", "properties": { "node_index": 3388, "is_stop_only": false }, "geometry": { "type": "Point", "coordinates": [ 588668.152473158901557, 4515802.457467355765402 ] } },
{ "type": "Feature", "properties": { "node_index": 3389, "is_stop_only": false }, "geometry": { "type": "Point", "coordinates": [ 588857.720055123092607, 4516153.170075763016939 ] } },
{ "type": "Feature", "properties": { "node_index": 3390, "is_stop_only": false }, "geometry": { "type": "Point", "coordinates": [ 584122.069777533994056, 4509472.497462910600007 ] } },
{ "type": "Feature", "properties": { "node_index": 3391, "is_stop_only": false }, "geometry": { "type": "Point", "coordinates": [ 588898.010164550621994, 4516229.128408174030483 ] } },
{ "type": "Feature", "properties": { "node_index": 3392, "is_stop_only": false }, "geometry": { "type": "Point", "coordinates": [ 589014.657191657577641, 4516445.030077445320785 ] } },
{ "type": "Feature", "properties": { "node_index": 3393, "is_stop_only": false }, "geometry": { "type": "Point", "coordinates": [ 584184.56502621085383, 4509621.320174548774958 ] } },
{ "type": "Feature", "properties": { "node_index": 3394, "is_stop_only": false }, "geometry": { "type": "Point", "coordinates": [ 584202.4736429520417, 4509664.033572943881154 ] } },
{ "type": "Feature", "properties": { "node_index": 3395, "is_stop_only": false }, "geometry": { "type": "Point", "coordinates": [ 589091.042418670142069, 4516586.650872957892716 ] } },
{ "type": "Feature", "properties": { "node_index": 3396, "is_stop_only": false }, "geometry": { "type": "Point", "coordinates": [ 584236.711742060957476, 4509745.678961264900863 ] } },
{ "type": "Feature", "properties": { "node_index": 3397, "is_stop_only": false }, "geometry": { "type": "Point", "coordinates": [ 589129.724957577884197, 4516658.37236203532666 ] } },
{ "type": "Feature", "properties": { "node_index": 3398, "is_stop_only": false }, "geometry": { "type": "Point", "coordinates": [ 584271.731072674272582, 4509826.878232361748815 ] } },
{ "type": "Feature", "properties": { "node_index": 3399, "is_stop_only": false }, "geometry": { "type": "Point", "coordinates": [ 589282.072253332473338, 4516940.724272275343537 ] } },
{ "type": "Feature", "properties": { "node_index": 3400, "is_stop_only": false }, "geometry": { "type": "Point", "coordinates": [ 589323.299735035165213, 4517017.27390312217176 ] } },
{ "type": "Feature", "properties": { "node_index": 3401, "is_stop_only": false }, "geometry": { "type": "Point", "coordinates": [ 584294.169320128858089, 4509878.880357714369893 ] } },
{ "type": "Feature", "properties": { "node_index": 3402, "is_stop_only": false }, "geometry": { "type": "Point", "coordinates": [ 583196.446221065125428, 4506999.561452050693333 ] } },
{ "type": "Feature", "properties": { "node_index": 3403, "is_stop_only": false }, "geometry": { "type": "Point", "coordinates": [ 589474.799703571363352, 4517297.976961465552449 ] } },
{ "type": "Feature", "properties": { "node_index": 3404, "is_stop_only": false }, "geometry": { "type": "Point", "coordinates": [ 589550.596582614583895, 4517438.619055635295808 ] } },
{ "type": "Feature", "properties": { "node_index": 3405, "is_stop_only": false }, "geometry": { "type": "Point", "coordinates": [ 589707.368204311700538, 4517729.07276972848922 ] } },
{ "type": "Feature", "properties": { "node_index": 3406, "is_stop_only": false }, "geometry": { "type": "Point", "coordinates": [ 589744.904139331309125, 4517799.029840127564967 ] } },
{ "type": "Feature", "properties": { "node_index": 3407, "is_stop_only": false }, "geometry": { "type": "Point", "coordinates": [ 589818.634707048302516, 4517938.761805279180408 ] } },
{ "type": "Feature", "properties": { "node_index": 3408, "is_stop_only": false }, "geometry": { "type": "Point", "coordinates": [ 584306.634549299953505, 4509907.798829017207026 ] } },
{ "type": "Feature", "properties": { "node_index": 3409, "is_stop_only": false }, "geometry": { "type": "Point", "coordinates": [ 584343.676654736511409, 4509993.662198561243713 ] } },
{ "type": "Feature", "properties": { "node_index": 3410, "is_stop_only": false }, "geometry": { "type": "Point", "coordinates": [ 585225.128323661512695, 4509092.701007837429643 ] } },
{ "type": "Feature", "properties": { "node_index": 3411, "is_stop_only": false }, "geometry": { "type": "Point", "coordinates": [ 588461.86761301686056, 4513317.340466703288257 ] } },
{ "type": "Feature", "properties": { "node_index": 3412, "is_stop_only": false }, "geometry": { "type": "Point", "coordinates": [ 586942.232015933957882, 4513585.514950686134398 ] } },
{ "type": "Feature", "properties": { "node_index": 3413, "is_stop_only": false }, "geometry": { "type": "Point", "coordinates": [ 587225.72506929829251, 4513433.050510184839368 ] } },
{ "type": "Feature", "properties": { "node_index": 3414, "is_stop_only": false }, "geometry": { "type": "Point", "coordinates": [ 584038.110783182550222, 4506975.429714670404792 ] } },
{ "type": "Feature", "properties": { "node_index": 3415, "is_stop_only": false }, "geometry": { "type": "Point", "coordinates": [ 587489.046118680853397, 4513290.672328135930002 ] } },
{ "type": "Feature", "properties": { "node_index": 3416, "is_stop_only": false }, "geometry": { "type": "Point", "coordinates": [ 587880.446017289883457, 4513079.666478585451841 ] } },
{ "type": "Feature", "properties": { "node_index": 3417, "is_stop_only": false }, "geometry": { "type": "Point", "coordinates": [ 584821.004595874459483, 4509651.94465790502727 ] } },
{ "type": "Feature", "properties": { "node_index": 3418, "is_stop_only": false }, "geometry": { "type": "Point", "coordinates": [ 584963.3421148796333, 4509575.193413186818361 ] } },
{ "type": "Feature", "properties": { "node_index": 3419, "is_stop_only": false }, "geometry": { "type": "Point", "coordinates": [ 584126.406378541025333, 4508156.614608191885054 ] } },
{ "type": "Feature", "properties": { "node_index": 3420, "is_stop_only": false }, "geometry": { "type": "Point", "coordinates": [ 589395.587905145948753, 4515457.342614152468741 ] } },
{ "type": "Feature", "properties": { "node_index": 3421, "is_stop_only": false }, "geometry": { "type": "Point", "coordinates": [ 589321.847606025752611, 4515417.638036923483014 ] } },
{ "type": "Feature", "properties": { "node_index": 3422, "is_stop_only": false }, "geometry": { "type": "Point", "coordinates": [ 588882.913525409298018, 4521687.202419996261597 ] } },
{ "type": "Feature", "properties": { "node_index": 3423, "is_stop_only": false }, "geometry": { "type": "Point", "coordinates": [ 588499.557486543664709, 4513392.931603201664984 ] } },
{ "type": "Feature", "properties": { "node_index": 3424, "is_stop_only": false }, "geometry": { "type": "Point", "coordinates": [ 584088.626022903015837, 4508094.536290180869401 ] } },
{ "type": "Feature", "properties": { "node_index": 3425, "is_stop_only": false }, "geometry": { "type": "Point", "coordinates": [ 584506.990009904373437, 4507860.140779064968228 ] } },
{ "type": "Feature", "properties": { "node_index": 3426, "is_stop_only": false }, "geometry": { "type": "Point", "coordinates": [ 585257.625638550962321, 4509417.557270771823823 ] } },
{ "type": "Feature", "properties": { "node_index": 3427, "is_stop_only": false }, "geometry": { "type": "Point", "coordinates": [ 585367.945952314999886, 4509356.998792297206819 ] } },
{ "type": "Feature", "properties": { "node_index": 3428, "is_stop_only": false }, "geometry": { "type": "Point", "coordinates": [ 587374.00582251069136, 4516492.861362624913454 ] } },
{ "type": "Feature", "properties": { "node_index": 3429, "is_stop_only": false }, "geometry": { "type": "Point", "coordinates": [ 587414.979347507702187, 4516568.486292003653944 ] } },
{ "type": "Feature", "properties": { "node_index": 3430, "is_stop_only": false }, "geometry": { "type": "Point", "coordinates": [ 587452.847451322129928, 4516638.368144089356065 ] } },
{ "type": "Feature", "properties": { "node_index": 3431, "is_stop_only": false }, "geometry": { "type": "Point", "coordinates": [ 588902.712156935944222, 4521725.64452485460788 ] } },
{ "type": "Feature", "properties": { "node_index": 3432, "is_stop_only": false }, "geometry": { "type": "Point", "coordinates": [ 587491.044911974575371, 4516708.875846451148391 ] } },
{ "type": "Feature", "properties": { "node_index": 3433, "is_stop_only": false }, "geometry": { "type": "Point", "coordinates": [ 585558.38870580366347, 4509254.300761932507157 ] } },
{ "type": "Feature", "properties": { "node_index": 3434, "is_stop_only": false }, "geometry": { "type": "Point", "coordinates": [ 587529.02714622602798, 4516778.970439083874226 ] } },
{ "type": "Feature", "properties": { "node_index": 3435, "is_stop_only": false }, "geometry": { "type": "Point", "coordinates": [ 585760.007876874413341, 4509146.008036243729293 ] } },
{ "type": "Feature", "properties": { "node_index": 3436, "is_stop_only": false }, "geometry": { "type": "Point", "coordinates": [ 587686.83478178747464, 4517070.26777062099427 ] } },
{ "type": "Feature", "properties": { "node_index": 3437, "is_stop_only": false }, "geometry": { "type": "Point", "coordinates": [ 585947.976742980885319, 4509044.201515669934452 ] } },
{ "type": "Feature", "properties": { "node_index": 3438, "is_stop_only": false }, "geometry": { "type": "Point", "coordinates": [ 587724.846282308106311, 4517140.419370801188052 ] } },
{ "type": "Feature", "properties": { "node_index": 3439, "is_stop_only": false }, "geometry": { "type": "Point", "coordinates": [ 586145.33006225398276, 4508937.690304762683809 ] } },
{ "type": "Feature", "properties": { "node_index": 3440, "is_stop_only": false }, "geometry": { "type": "Point", "coordinates": [ 587912.878455944824964, 4517492.422316764481366 ] } },
{ "type": "Feature", "properties": { "node_index": 3441, "is_stop_only": false }, "geometry": { "type": "Point", "coordinates": [ 586346.713008111109957, 4508830.886961198411882 ] } },
{ "type": "Feature", "properties": { "node_index": 3442, "is_stop_only": false }, "geometry": { "type": "Point", "coordinates": [ 588031.78041715582367, 4517713.642450447194278 ] } },
{ "type": "Feature", "properties": { "node_index": 3443, "is_stop_only": false }, "geometry": { "type": "Point", "coordinates": [ 588069.763941305340268, 4517783.451569795608521 ] } },
{ "type": "Feature", "properties": { "node_index": 3444, "is_stop_only": false }, "geometry": { "type": "Point", "coordinates": [ 586591.229135764879175, 4510095.116065143607557 ] } },
{ "type": "Feature", "properties": { "node_index": 3445, "is_stop_only": false }, "geometry": { "type": "Point", "coordinates": [ 586548.367847602581605, 4508721.560816716402769 ] } },
{ "type": "Feature", "properties": { "node_index": 3446, "is_stop_only": false }, "geometry": { "type": "Point", "coordinates": [ 586688.328615617123432, 4508646.057527230121195 ] } },
{ "type": "Feature", "properties": { "node_index": 3447, "is_stop_only": false }, "geometry": { "type": "Point", "coordinates": [ 588107.641673478647135, 4517853.581621689721942 ] } },
{ "type": "Feature", "properties": { "node_index": 3448, "is_stop_only": false }, "geometry": { "type": "Point", "coordinates": [ 590153.298284190823324, 4522148.558631456457078 ] } },
{ "type": "Feature", "properties": { "node_index": 3449, "is_stop_only": false }, "geometry": { "type": "Point", "coordinates": [ 589571.413762254058383, 4522720.787133563309908 ] } },
{ "type": "Feature", "properties": { "node_index": 3450, "is_stop_only": false }, "geometry": { "type": "Point", "coordinates": [ 588219.8817268027924, 4518064.411685527302325 ] } },
{ "type": "Feature", "properties": { "node_index": 3451, "is_stop_only": false }, "geometry": { "type": "Point", "coordinates": [ 589824.42959134245757, 4518937.169709721580148 ] } },
{ "type": "Feature", "properties": { "node_index": 3452, "is_stop_only": false }, "geometry": { "type": "Point", "coordinates": [ 586718.780456632957794, 4510376.549973906949162 ] } },
{ "type": "Feature", "properties": { "node_index": 3453, "is_stop_only": false }, "geometry": { "type": "Point", "coordinates": [ 584533.416048896149732, 4506910.158325994387269 ] } },
{ "type": "Feature", "properties": { "node_index": 3454, "is_stop_only": false }, "geometry": { "type": "Point", "coordinates": [ 590320.854106582934037, 4516820.661596013233066 ] } },
{ "type": "Feature", "properties": { "node_index": 3455, "is_stop_only": false }, "geometry": { "type": "Point", "coordinates": [ 586537.39881319750566, 4507912.693798621185124 ] } },
{ "type": "Feature", "properties": { "node_index": 3456, "is_stop_only": false }, "geometry": { "type": "Point", "coordinates": [ 590270.231235986459069, 4517124.05228272639215 ] } },
{ "type": "Feature", "properties": { "node_index": 3457, "is_stop_only": false }, "geometry": { "type": "Point", "coordinates": [ 585309.947603096021339, 4514104.698048377409577 ] } },
{ "type": "Feature", "properties": { "node_index": 3458, "is_stop_only": false }, "geometry": { "type": "Point", "coordinates": [ 585347.627595966914669, 4514174.721232722513378 ] } },
{ "type": "Feature", "properties": { "node_index": 3459, "is_stop_only": false }, "geometry": { "type": "Point", "coordinates": [ 585384.915976831689477, 4514244.973266072571278 ] } },
{ "type": "Feature", "properties": { "node_index": 3460, "is_stop_only": false }, "geometry": { "type": "Point", "coordinates": [ 585422.078440309269354, 4514315.834684966132045 ] } },
{ "type": "Feature", "properties": { "node_index": 3461, "is_stop_only": false }, "geometry": { "type": "Point", "coordinates": [ 585255.968155488953926, 4508074.789250541478395 ] } },
{ "type": "Feature", "properties": { "node_index": 3462, "is_stop_only": false }, "geometry": { "type": "Point", "coordinates": [ 585461.260069982381538, 4514387.918672539293766 ] } },
{ "type": "Feature", "properties": { "node_index": 3463, "is_stop_only": false }, "geometry": { "type": "Point", "coordinates": [ 585611.282743725692853, 4514662.690189647488296 ] } },
{ "type": "Feature", "properties": { "node_index": 3464, "is_stop_only": false }, "geometry": { "type": "Point", "coordinates": [ 585648.273337641963735, 4514733.439895774237812 ] } },
{ "type": "Feature", "properties": { "node_index": 3465, "is_stop_only": false }, "geometry": { "type": "Point", "coordinates": [ 585690.697489927290007, 4514810.081412593834102 ] } },
{ "type": "Feature", "properties": { "node_index": 3466, "is_stop_only": false }, "geometry": { "type": "Point", "coordinates": [ 588777.493939479580149, 4519503.149189940653741 ] } },
{ "type": "Feature", "properties": { "node_index": 3467, "is_stop_only": false }, "geometry": { "type": "Point", "coordinates": [ 585731.927097260369919, 4514887.042436664924026 ] } },
{ "type": "Feature", "properties": { "node_index": 3468, "is_stop_only": false }, "geometry": { "type": "Point", "coordinates": [ 585769.247214494971558, 4514958.285151566378772 ] } },
{ "type": "Feature", "properties": { "node_index": 3469, "is_stop_only": false }, "geometry": { "type": "Point", "coordinates": [ 585807.347910117008723, 4515029.104143541306257 ] } },
{ "type": "Feature", "properties": { "node_index": 3470, "is_stop_only": false }, "geometry": { "type": "Point", "coordinates": [ 585846.747489474364556, 4515099.194573316723108 ] } },
{ "type": "Feature", "properties": { "node_index": 3471, "is_stop_only": false }, "geometry": { "type": "Point", "coordinates": [ 585885.300904815667309, 4515170.141399037092924 ] } },
{ "type": "Feature", "properties": { "node_index": 3472, "is_stop_only": false }, "geometry": { "type": "Point", "coordinates": [ 588705.829576450865716, 4519541.7135637588799 ] } },
{ "type": "Feature", "properties": { "node_index": 3473, "is_stop_only": false }, "geometry": { "type": "Point", "coordinates": [ 585964.484672660124488, 4515317.566600352525711 ] } },
{ "type": "Feature", "properties": { "node_index": 3474, "is_stop_only": false }, "geometry": { "type": "Point", "coordinates": [ 588501.129526775679551, 4519651.860638519749045 ] } },
{ "type": "Feature", "properties": { "node_index": 3475, "is_stop_only": false }, "geometry": { "type": "Point", "coordinates": [ 586042.750361262820661, 4515463.838557333685458 ] } },
{ "type": "Feature", "properties": { "node_index": 3476, "is_stop_only": false }, "geometry": { "type": "Point", "coordinates": [ 586080.812326129991561, 4515534.62539860419929 ] } },
{ "type": "Feature", "properties": { "node_index": 3477, "is_stop_only": false }, "geometry": { "type": "Point", "coordinates": [ 586119.473579122917727, 4515606.785021543502808 ] } },
{ "type": "Feature", "properties": { "node_index": 3478, "is_stop_only": false }, "geometry": { "type": "Point", "coordinates": [ 586195.526078539085574, 4515747.648449208587408 ] } },
{ "type": "Feature", "properties": { "node_index": 3479, "is_stop_only": false }, "geometry": { "type": "Point", "coordinates": [ 589111.125005935784429, 4521887.855265176855028 ] } },
{ "type": "Feature", "properties": { "node_index": 3480, "is_stop_only": false }, "geometry": { "type": "Point", "coordinates": [ 589536.737180211697705, 4521659.183547896333039 ] } },
{ "type": "Feature", "properties": { "node_index": 3481, "is_stop_only": false }, "geometry": { "type": "Point", "coordinates": [ 586237.691165308700874, 4515824.512565310113132 ] } },
{ "type": "Feature", "properties": { "node_index": 3482, "is_stop_only": false }, "geometry": { "type": "Point", "coordinates": [ 586278.015124375931919, 4515899.989900356158614 ] } },
{ "type": "Feature", "properties": { "node_index": 3483, "is_stop_only": false }, "geometry": { "type": "Point", "coordinates": [ 586315.291139115346596, 4515968.31534188054502 ] } },
{ "type": "Feature", "properties": { "node_index": 3484, "is_stop_only": false }, "geometry": { "type": "Point", "coordinates": [ 585515.475222482229583, 4507747.587910091504455 ] } },
{ "type": "Feature", "properties": { "node_index": 3485, "is_stop_only": false }, "geometry": { "type": "Point", "coordinates": [ 585752.084700198844075, 4508371.129570919089019 ] } },
{ "type": "Feature", "properties": { "node_index": 3486, "is_stop_only": false }, "geometry": { "type": "Point", "coordinates": [ 586391.152199079631828, 4516109.745049129240215 ] } },
{ "type": "Feature", "properties": { "node_index": 3487, "is_stop_only": false }, "geometry": { "type": "Point", "coordinates": [ 589080.749572915025055, 4522092.375061142258346 ] } },
{ "type": "Feature", "properties": { "node_index": 3488, "is_stop_only": false }, "geometry": { "type": "Point", "coordinates": [ 589095.111992596532218, 4522275.818031510338187 ] } },
{ "type": "Feature", "properties": { "node_index": 3489, "is_stop_only": false }, "geometry": { "type": "Point", "coordinates": [ 586428.53717823070474, 4516180.115241688676178 ] } },
{ "type": "Feature", "properties": { "node_index": 3490, "is_stop_only": false }, "geometry": { "type": "Point", "coordinates": [ 589190.309374318690971, 4522558.983249369077384 ] } },
{ "type": "Feature", "properties": { "node_index": 3491, "is_stop_only": false }, "geometry": { "type": "Point", "coordinates": [ 586466.657233376870863, 4516251.060460708104074 ] } },
{ "type": "Feature", "properties": { "node_index": 3492, "is_stop_only": false }, "geometry": { "type": "Point", "coordinates": [ 589756.314337694551796, 4516134.91788774356246 ] } },
{ "type": "Feature", "properties": { "node_index": 3493, "is_stop_only": false }, "geometry": { "type": "Point", "coordinates": [ 586504.222449596389197, 4516321.044615719467402 ] } },
{ "type": "Feature", "properties": { "node_index": 3494, "is_stop_only": false }, "geometry": { "type": "Point", "coordinates": [ 586541.351868690457195, 4516391.43467683903873 ] } },
{ "type": "Feature", "properties": { "node_index": 3495, "is_stop_only": false }, "geometry": { "type": "Point", "coordinates": [ 586579.441540003637783, 4516461.181152348406613 ] } },
{ "type": "Feature", "properties": { "node_index": 3496, "is_stop_only": false }, "geometry": { "type": "Point", "coordinates": [ 586622.257456482271664, 4516535.801609804853797 ] } },
{ "type": "Feature", "properties": { "node_index": 3497, "is_stop_only": false }, "geometry": { "type": "Point", "coordinates": [ 586662.83114303892944, 4516611.606233080849051 ] } },
{ "type": "Feature", "properties": { "node_index": 3498, "is_stop_only": false }, "geometry": { "type": "Point", "coordinates": [ 586700.488617898779921, 4516681.315047984011471 ] } },
{ "type": "Feature", "properties": { "node_index": 3499, "is_stop_only": false }, "geometry": { "type": "Point", "coordinates": [ 586737.460843334672973, 4516751.837620007805526 ] } },
{ "type": "Feature", "properties": { "node_index": 3500, "is_stop_only": false }, "geometry": { "type": "Point", "coordinates": [ 586775.82011542271357, 4516822.731951820664108 ] } },
{ "type": "Feature", "properties": { "node_index": 3501, "is_stop_only": false }, "geometry": { "type": "Point", "coordinates": [ 586813.721821672166698, 4516893.010510655120015 ] } },
{ "type": "Feature", "properties": { "node_index": 3502, "is_stop_only": false }, "geometry": { "type": "Point", "coordinates": [ 585136.409280676511116, 4507746.480558157898486 ] } },
{ "type": "Feature", "properties": { "node_index": 3503, "is_stop_only": false }, "geometry": { "type": "Point", "coordinates": [ 586851.45250590890646, 4516963.420511352829635 ] } },
{ "type": "Feature", "properties": { "node_index": 3504, "is_stop_only": false }, "geometry": { "type": "Point", "coordinates": [ 586889.20692741824314, 4517032.465420727618039 ] } },
{ "type": "Feature", "properties": { "node_index": 3505, "is_stop_only": false }, "geometry": { "type": "Point", "coordinates": [ 586927.497678090934642, 4517103.193310184404254 ] } },
{ "type": "Feature", "properties": { "node_index": 3506, "is_stop_only": false }, "geometry": { "type": "Point", "coordinates": [ 586963.972633691970259, 4517173.300546766258776 ] } },
{ "type": "Feature", "properties": { "node_index": 3507, "is_stop_only": false }, "geometry": { "type": "Point", "coordinates": [ 587042.972558517474681, 4517326.15472939889878 ] } },
{ "type": "Feature", "properties": { "node_index": 3508, "is_stop_only": false }, "geometry": { "type": "Point", "coordinates": [ 585094.944002081640065, 4507327.166297742165625 ] } },
{ "type": "Feature", "properties": { "node_index": 3509, "is_stop_only": false }, "geometry": { "type": "Point", "coordinates": [ 583897.455392135540023, 4510329.100251740776002 ] } },
{ "type": "Feature", "properties": { "node_index": 3510, "is_stop_only": false }, "geometry": { "type": "Point", "coordinates": [ 583758.962510928628035, 4510401.207518748007715 ] } },
{ "type": "Feature", "properties": { "node_index": 3511, "is_stop_only": false }, "geometry": { "type": "Point", "coordinates": [ 583674.354053145856597, 4510448.734766061417758 ] } },
{ "type": "Feature", "properties": { "node_index": 3512, "is_stop_only": false }, "geometry": { "type": "Point", "coordinates": [ 584985.515158094000071, 4508972.123759046196938 ] } },
{ "type": "Feature", "properties": { "node_index": 3513, "is_stop_only": false }, "geometry": { "type": "Point", "coordinates": [ 585136.593125260784291, 4508876.157977296039462 ] } },
{ "type": "Feature", "properties": { "node_index": 3514, "is_stop_only": false }, "geometry": { "type": "Point", "coordinates": [ 590473.060662158648483, 4523876.572832331992686 ] } },
{ "type": "Feature", "properties": { "node_index": 3515, "is_stop_only": false }, "geometry": { "type": "Point", "coordinates": [ 590325.83567897696048, 4524169.877348619513214 ] } },
{ "type": "Feature", "properties": { "node_index": 3516, "is_stop_only": false }, "geometry": { "type": "Point", "coordinates": [ 587698.755251847440377, 4517518.557403105311096 ] } },
{ "type": "Feature", "properties": { "node_index": 3517, "is_stop_only": false }, "geometry": { "type": "Point", "coordinates": [ 586848.933630117913708, 4510886.889766924083233 ] } },
{ "type": "Feature", "properties": { "node_index": 3518, "is_stop_only": false }, "geometry": { "type": "Point", "coordinates": [ 587119.216641275212169, 4517828.635784585028887 ] } },
{ "type": "Feature", "properties": { "node_index": 3519, "is_stop_only": false }, "geometry": { "type": "Point", "coordinates": [ 588485.761756014311686, 4517092.173275267705321 ] } },
{ "type": "Feature", "properties": { "node_index": 3520, "is_stop_only": false }, "geometry": { "type": "Point", "coordinates": [ 588361.254882195265964, 4517159.519738514907658 ] } },
{ "type": "Feature", "properties": { "node_index": 3521, "is_stop_only": false }, "geometry": { "type": "Point", "coordinates": [ 588232.228591983788647, 4517228.957088510505855 ] } },
{ "type": "Feature", "properties": { "node_index": 3522, "is_stop_only": false }, "geometry": { "type": "Point", "coordinates": [ 587997.976286109071225, 4517355.642413147725165 ] } },
{ "type": "Feature", "properties": { "node_index": 3523, "is_stop_only": false }, "geometry": { "type": "Point", "coordinates": [ 587874.645939429756254, 4517421.301075487397611 ] } },
{ "type": "Feature", "properties": { "node_index": 3524, "is_stop_only": false }, "geometry": { "type": "Point", "coordinates": [ 586846.342394454753958, 4510870.228231383487582 ] } },
{ "type": "Feature", "properties": { "node_index": 3525, "is_stop_only": false }, "geometry": { "type": "Point", "coordinates": [ 584610.058374148793519, 4511654.938270795159042 ] } },
{ "type": "Feature", "properties": { "node_index": 3526, "is_stop_only": false }, "geometry": { "type": "Point", "coordinates": [ 584014.315566148608923, 4510558.006439292803407 ] } },
{ "type": "Feature", "properties": { "node_index": 3527, "is_stop_only": false }, "geometry": { "type": "Point", "coordinates": [ 584044.590439637191594, 4510607.676458581350744 ] } },
{ "type": "Feature", "properties": { "node_index": 3528, "is_stop_only": false }, "geometry": { "type": "Point", "coordinates": [ 586159.901108306017704, 4510194.728168085217476 ] } },
{ "type": "Feature", "properties": { "node_index": 3529, "is_stop_only": false }, "geometry": { "type": "Point", "coordinates": [ 586222.556492925388739, 4510161.694926270283759 ] } },
{ "type": "Feature", "properties": { "node_index": 3530, "is_stop_only": false }, "geometry": { "type": "Point", "coordinates": [ 583970.433346848236397, 4510481.048782481811941 ] } },
{ "type": "Feature", "properties": { "node_index": 3531, "is_stop_only": false }, "geometry": { "type": "Point", "coordinates": [ 583936.347152098082006, 4510399.483949990943074 ] } },
{ "type": "Feature", "properties": { "node_index": 3532, "is_stop_only": false }, "geometry": { "type": "Point", "coordinates": [ 590811.964612764073536, 4524824.794114708900452 ] } },
{ "type": "Feature", "properties": { "node_index": 3533, "is_stop_only": false }, "geometry": { "type": "Point", "coordinates": [ 590829.072246265597641, 4524790.697471892461181 ] } },
{ "type": "Feature", "properties": { "node_index": 3534, "is_stop_only": false }, "geometry": { "type": "Point", "coordinates": [ 590866.829956630128436, 4524718.228987377136946 ] } },
{ "type": "Feature", "properties": { "node_index": 3535, "is_stop_only": false }, "geometry": { "type": "Point", "coordinates": [ 590961.530041969614103, 4524526.864536435343325 ] } },
{ "type": "Feature", "properties": { "node_index": 3536, "is_stop_only": false }, "geometry": { "type": "Point", "coordinates": [ 591069.542726629297249, 4524311.694848605431616 ] } },
{ "type": "Feature", "properties": { "node_index": 3537, "is_stop_only": false }, "geometry": { "type": "Point", "coordinates": [ 591104.398458456038497, 4524274.620294100604951 ] } },
{ "type": "Feature", "properties": { "node_index": 3538, "is_stop_only": false }, "geometry": { "type": "Point", "coordinates": [ 591264.826651890296489, 4524189.979650555178523 ] } },
{ "type": "Feature", "properties": { "node_index": 3539, "is_stop_only": false }, "geometry": { "type": "Point", "coordinates": [ 585253.016198208206333, 4509386.551452286541462 ] } },
{ "type": "Feature", "properties": { "node_index": 3540, "is_stop_only": false }, "geometry": { "type": "Point", "coordinates": [ 584025.524445788469166, 4509432.767290008254349 ] } },
{ "type": "Feature", "properties": { "node_index": 3541, "is_stop_only": false }, "geometry": { "type": "Point", "coordinates": [ 583934.317040333757177, 4509440.660247728228569 ] } },
{ "type": "Feature", "properties": { "node_index": 3542, "is_stop_only": false }, "geometry": { "type": "Point", "coordinates": [ 584925.044309965451248, 4514038.222176171839237 ] } },
{ "type": "Feature", "properties": { "node_index": 3543, "is_stop_only": false }, "geometry": { "type": "Point", "coordinates": [ 587503.964667396037839, 4516153.732313193380833 ] } },
{ "type": "Feature", "properties": { "node_index": 3544, "is_stop_only": false }, "geometry": { "type": "Point", "coordinates": [ 589127.310342601384036, 4522457.40020873490721 ] } },
{ "type": "Feature", "properties": { "node_index": 3545, "is_stop_only": false }, "geometry": { "type": "Point", "coordinates": [ 586854.545377397327684, 4510905.196531420573592 ] } },
{ "type": "Feature", "properties": { "node_index": 3546, "is_stop_only": false }, "geometry": { "type": "Point", "coordinates": [ 584878.363591743051074, 4513926.120579975657165 ] } },
{ "type": "Feature", "properties": { "node_index": 3547, "is_stop_only": false }, "geometry": { "type": "Point", "coordinates": [ 584843.040811482002027, 4513800.893435815349221 ] } },
{ "type": "Feature", "properties": { "node_index": 3548, "is_stop_only": false }, "geometry": { "type": "Point", "coordinates": [ 584865.040634922450408, 4513790.987046571448445 ] } },
{ "type": "Feature", "properties": { "node_index": 3549, "is_stop_only": false }, "geometry": { "type": "Point", "coordinates": [ 591557.373351423069835, 4525093.832148088142276 ] } },
{ "type": "Feature", "properties": { "node_index": 3550, "is_stop_only": false }, "geometry": { "type": "Point", "coordinates": [ 587115.027487217914313, 4515722.168116236105561 ] } },
{ "type": "Feature", "properties": { "node_index": 3551, "is_stop_only": false }, "geometry": { "type": "Point", "coordinates": [ 585296.192544067860581, 4509865.640081322751939 ] } },
{ "type": "Feature", "properties": { "node_index": 3552, "is_stop_only": false }, "geometry": { "type": "Point", "coordinates": [ 585428.277650145813823, 4509794.13099920656532 ] } },
{ "type": "Feature", "properties": { "node_index": 3553, "is_stop_only": false }, "geometry": { "type": "Point", "coordinates": [ 588463.964012102689594, 4520570.134787054732442 ] } },
{ "type": "Feature", "properties": { "node_index": 3554, "is_stop_only": false }, "geometry": { "type": "Point", "coordinates": [ 587860.089651425252669, 4517158.822711043991148 ] } },
{ "type": "Feature", "properties": { "node_index": 3555, "is_stop_only": false }, "geometry": { "type": "Point", "coordinates": [ 585563.977389928768389, 4509720.645332383923233 ] } },
{ "type": "Feature", "properties": { "node_index": 3556, "is_stop_only": false }, "geometry": { "type": "Point", "coordinates": [ 585686.359199696686119, 4509654.679746266454458 ] } },
{ "type": "Feature", "properties": { "node_index": 3557, "is_stop_only": false }, "geometry": { "type": "Point", "coordinates": [ 585754.432153431465849, 4509617.83046936430037 ] } },
{ "type": "Feature", "properties": { "node_index": 3558, "is_stop_only": false }, "geometry": { "type": "Point", "coordinates": [ 585821.992713963845745, 4509581.530978634953499 ] } },
{ "type": "Feature", "properties": { "node_index": 3559, "is_stop_only": false }, "geometry": { "type": "Point", "coordinates": [ 585956.696592624066398, 4509508.673608054406941 ] } },
{ "type": "Feature", "properties": { "node_index": 3560, "is_stop_only": false }, "geometry": { "type": "Point", "coordinates": [ 586540.856078922981396, 4509195.104157833382487 ] } },
{ "type": "Feature", "properties": { "node_index": 3561, "is_stop_only": false }, "geometry": { "type": "Point", "coordinates": [ 585016.903517815866508, 4510015.45275813061744 ] } },
{ "type": "Feature", "properties": { "node_index": 3562, "is_stop_only": false }, "geometry": { "type": "Point", "coordinates": [ 584146.011589511297643, 4510235.895622442476451 ] } },
{ "type": "Feature", "properties": { "node_index": 3563, "is_stop_only": false }, "geometry": { "type": "Point", "coordinates": [ 584107.446005307836458, 4510234.347690370865166 ] } },
{ "type": "Feature", "properties": { "node_index": 3564, "is_stop_only": false }, "geometry": { "type": "Point", "coordinates": [ 583968.101910929079168, 4510233.655977329239249 ] } },
{ "type": "Feature", "properties": { "node_index": 3565, "is_stop_only": false }, "geometry": { "type": "Point", "coordinates": [ 583887.908296448644251, 4510232.536989889107645 ] } },
{ "type": "Feature", "properties": { "node_index": 3566, "is_stop_only": false }, "geometry": { "type": "Point", "coordinates": [ 583749.186234604450874, 4510230.612995679490268 ] } },
{ "type": "Feature", "properties": { "node_index": 3567, "is_stop_only": false }, "geometry": { "type": "Point", "coordinates": [ 584136.443371504312381, 4509189.734375290572643 ] } },
{ "type": "Feature", "properties": { "node_index": 3568, "is_stop_only": false }, "geometry": { "type": "Point", "coordinates": [ 584110.430004291934893, 4509247.103581089526415 ] } },
{ "type": "Feature", "properties": { "node_index": 3569, "is_stop_only": false }, "geometry": { "type": "Point", "coordinates": [ 584080.502392572816461, 4509311.556036005727947 ] } },
{ "type": "Feature", "properties": { "node_index": 3570, "is_stop_only": false }, "geometry": { "type": "Point", "coordinates": [ 584052.644623491098173, 4509373.012296411208808 ] } },
{ "type": "Feature", "properties": { "node_index": 3571, "is_stop_only": false }, "geometry": { "type": "Point", "coordinates": [ 584010.903415955021046, 4509464.986446507275105 ] } },
{ "type": "Feature", "properties": { "node_index": 3572, "is_stop_only": false }, "geometry": { "type": "Point", "coordinates": [ 583980.198176838341169, 4509532.627877647988498 ] } },
{ "type": "Feature", "properties": { "node_index": 3573, "is_stop_only": false }, "geometry": { "type": "Point", "coordinates": [ 586559.548632875899784, 4512875.703522920608521 ] } },
{ "type": "Feature", "properties": { "node_index": 3574, "is_stop_only": false }, "geometry": { "type": "Point", "coordinates": [ 586043.554909225320444, 4513152.387254667468369 ] } },
{ "type": "Feature", "properties": { "node_index": 3575, "is_stop_only": false }, "geometry": { "type": "Point", "coordinates": [ 585801.881147120147943, 4513281.98851035349071 ] } },
{ "type": "Feature", "properties": { "node_index": 3576, "is_stop_only": false }, "geometry": { "type": "Point", "coordinates": [ 585561.402319593471475, 4513414.120361958630383 ] } },
{ "type": "Feature", "properties": { "node_index": 3577, "is_stop_only": false }, "geometry": { "type": "Point", "coordinates": [ 585320.050632428727113, 4513544.384583089500666 ] } },
{ "type": "Feature", "properties": { "node_index": 3578, "is_stop_only": false }, "geometry": { "type": "Point", "coordinates": [ 583475.145441917004064, 4507347.821047607809305 ] } },
{ "type": "Feature", "properties": { "node_index": 3579, "is_stop_only": false }, "geometry": { "type": "Point", "coordinates": [ 584057.882187368813902, 4507428.562614872120321 ] } },
{ "type": "Feature", "properties": { "node_index": 3580, "is_stop_only": false }, "geometry": { "type": "Point", "coordinates": [ 583791.806250769412145, 4507586.155050743371248 ] } },
{ "type": "Feature", "properties": { "node_index": 3581, "is_stop_only": false }, "geometry": { "type": "Point", "coordinates": [ 583683.859829212306067, 4507650.127857390791178 ] } },
{ "type": "Feature", "properties": { "node_index": 3582, "is_stop_only": false }, "geometry": { "type": "Point", "coordinates": [ 583539.14178419788368, 4507735.281492638401687 ] } },
{ "type": "Feature", "properties": { "node_index": 3583, "is_stop_only": false }, "geometry": { "type": "Point", "coordinates": [ 586614.552247517975047, 4510088.738328568637371 ] } },
{ "type": "Feature", "properties": { "node_index": 3584, "is_stop_only": false }, "geometry": { "type": "Point", "coordinates": [ 583383.233487567165866, 4507825.785387743264437 ] } },
{ "type": "Feature", "properties": { "node_index": 3585, "is_stop_only": false }, "geometry": { "type": "Point", "coordinates": [ 583292.75634948303923, 4507878.314069326967001 ] } },
{ "type": "Feature", "properties": { "node_index": 3586, "is_stop_only": false }, "geometry": { "type": "Point", "coordinates": [ 583269.892915041302331, 4507891.579666789621115 ] } },
{ "type": "Feature", "properties": { "node_index": 3587, "is_stop_only": false }, "geometry": { "type": "Point", "coordinates": [ 587880.171106932801194, 4519566.477750053629279 ] } },
{ "type": "Feature", "properties": { "node_index": 3588, "is_stop_only": false }, "geometry": { "type": "Point", "coordinates": [ 584691.098984227632172, 4507517.509140538051724 ] } },
{ "type": "Feature", "properties": { "node_index": 3589, "is_stop_only": false }, "geometry": { "type": "Point", "coordinates": [ 589123.590775032993406, 4520050.760116523131728 ] } },
{ "type": "Feature", "properties": { "node_index": 3590, "is_stop_only": false }, "geometry": { "type": "Point", "coordinates": [ 586867.652080340078101, 4513445.638840400613844 ] } },
{ "type": "Feature", "properties": { "node_index": 3591, "is_stop_only": false }, "geometry": { "type": "Point", "coordinates": [ 587003.654949052841403, 4513372.261803935281932 ] } },
{ "type": "Feature", "properties": { "node_index": 3592, "is_stop_only": false }, "geometry": { "type": "Point", "coordinates": [ 587149.474497389048338, 4513293.418268179520965 ] } },
{ "type": "Feature", "properties": { "node_index": 3593, "is_stop_only": false }, "geometry": { "type": "Point", "coordinates": [ 587277.80992872826755, 4513224.341307234950364 ] } },
{ "type": "Feature", "properties": { "node_index": 3594, "is_stop_only": false }, "geometry": { "type": "Point", "coordinates": [ 587413.761570017668419, 4513151.004305315203965 ] } },
{ "type": "Feature", "properties": { "node_index": 3595, "is_stop_only": false }, "geometry": { "type": "Point", "coordinates": [ 587603.884579799836501, 4513048.434028579853475 ] } },
{ "type": "Feature", "properties": { "node_index": 3596, "is_stop_only": false }, "geometry": { "type": "Point", "coordinates": [ 587804.938674116041511, 4512939.98063712194562 ] } },
{ "type": "Feature", "properties": { "node_index": 3597, "is_stop_only": false }, "geometry": { "type": "Point", "coordinates": [ 590168.518416321370751, 4524633.353440561331809 ] } },
{ "type": "Feature", "properties": { "node_index": 3598, "is_stop_only": false }, "geometry": { "type": "Point", "coordinates": [ 587018.324253932922147, 4513725.742763957940042 ] } },
{ "type": "Feature", "properties": { "node_index": 3599, "is_stop_only": false }, "geometry": { "type": "Point", "coordinates": [ 587154.306779091246426, 4513652.368321618065238 ] } },
{ "type": "Feature", "properties": { "node_index": 3600, "is_stop_only": false }, "geometry": { "type": "Point", "coordinates": [ 587301.060341532574967, 4513573.461119929328561 ] } },
{ "type": "Feature", "properties": { "node_index": 3601, "is_stop_only": false }, "geometry": { "type": "Point", "coordinates": [ 587428.599170148605481, 4513504.377442661672831 ] } },
{ "type": "Feature", "properties": { "node_index": 3602, "is_stop_only": false }, "geometry": { "type": "Point", "coordinates": [ 587564.71733086486347, 4513430.945323931053281 ] } },
{ "type": "Feature", "properties": { "node_index": 3603, "is_stop_only": false }, "geometry": { "type": "Point", "coordinates": [ 587755.335046921274625, 4513328.251650805585086 ] } },
{ "type": "Feature", "properties": { "node_index": 3604, "is_stop_only": false }, "geometry": { "type": "Point", "coordinates": [ 587955.952408842276782, 4513219.897203213535249 ] } },
{ "type": "Feature", "properties": { "node_index": 3605, "is_stop_only": false }, "geometry": { "type": "Point", "coordinates": [ 586532.504486928228289, 4509940.253753220662475 ] } },
{ "type": "Feature", "properties": { "node_index": 3606, "is_stop_only": false }, "geometry": { "type": "Point", "coordinates": [ 583567.684750773012638, 4506133.866466734558344 ] } },
{ "type": "Feature", "properties": { "node_index": 3607, "is_stop_only": false }, "geometry": { "type": "Point", "coordinates": [ 583287.754761354648508, 4507454.048669325187802 ] } },
{ "type": "Feature", "properties": { "node_index": 3608, "is_stop_only": false }, "geometry": { "type": "Point", "coordinates": [ 586563.446456162957475, 4509949.69663299992681 ] } },
{ "type": "Feature", "properties": { "node_index": 3609, "is_stop_only": false }, "geometry": { "type": "Point", "coordinates": [ 589182.395139870117418, 4522834.475314621813595 ] } },
{ "type": "Feature", "properties": { "node_index": 3610, "is_stop_only": false }, "geometry": { "type": "Point", "coordinates": [ 584840.132802157429978, 4512078.508689662441611 ] } },
{ "type": "Feature", "properties": { "node_index": 3611, "is_stop_only": false }, "geometry": { "type": "Point", "coordinates": [ 589238.993980023660697, 4522908.647117926739156 ] } },
{ "type": "Feature", "properties": { "node_index": 3612, "is_stop_only": false }, "geometry": { "type": "Point", "coordinates": [ 589408.746874195872806, 4518159.785104755312204 ] } },
{ "type": "Feature", "properties": { "node_index": 3613, "is_stop_only": false }, "geometry": { "type": "Point", "coordinates": [ 584234.905014248215593, 4509301.140720291994512 ] } },
{ "type": "Feature", "properties": { "node_index": 3614, "is_stop_only": false }, "geometry": { "type": "Point", "coordinates": [ 584205.979383164667524, 4509365.037873688153923 ] } },
{ "type": "Feature", "properties": { "node_index": 3615, "is_stop_only": false }, "geometry": { "type": "Point", "coordinates": [ 583863.648935241624713, 4507957.087768602184951 ] } },
{ "type": "Feature", "properties": { "node_index": 3616, "is_stop_only": false }, "geometry": { "type": "Point", "coordinates": [ 584178.362230045255274, 4509426.052337790839374 ] } },
{ "type": "Feature", "properties": { "node_index": 3617, "is_stop_only": false }, "geometry": { "type": "Point", "coordinates": [ 583970.813557332381606, 4507893.286405723541975 ] } },
{ "type": "Feature", "properties": { "node_index": 3618, "is_stop_only": false }, "geometry": { "type": "Point", "coordinates": [ 584164.449839129112661, 4509456.791571982204914 ] } },
{ "type": "Feature", "properties": { "node_index": 3619, "is_stop_only": false }, "geometry": { "type": "Point", "coordinates": [ 584105.029158294666559, 4509586.944549427367747 ] } },
{ "type": "Feature", "properties": { "node_index": 3620, "is_stop_only": false }, "geometry": { "type": "Point", "coordinates": [ 584081.143159050261602, 4509639.308728503994644 ] } },
{ "type": "Feature", "properties": { "node_index": 3621, "is_stop_only": false }, "geometry": { "type": "Point", "coordinates": [ 584054.231205120915547, 4509706.826362429186702 ] } },
{ "type": "Feature", "properties": { "node_index": 3622, "is_stop_only": false }, "geometry": { "type": "Point", "coordinates": [ 584037.819056271808222, 4509777.882561721839011 ] } },
{ "type": "Feature", "properties": { "node_index": 3623, "is_stop_only": false }, "geometry": { "type": "Point", "coordinates": [ 584021.436317197512835, 4509849.349908707663417 ] } },
{ "type": "Feature", "properties": { "node_index": 3624, "is_stop_only": false }, "geometry": { "type": "Point", "coordinates": [ 584003.969583783880807, 4509923.347392060793936 ] } },
{ "type": "Feature", "properties": { "node_index": 3625, "is_stop_only": false }, "geometry": { "type": "Point", "coordinates": [ 587600.981736566405743, 4514808.130689073354006 ] } },
{ "type": "Feature", "properties": { "node_index": 3626, "is_stop_only": false }, "geometry": { "type": "Point", "coordinates": [ 585037.939621004043147, 4508769.588962278328836 ] } },
{ "type": "Feature", "properties": { "node_index": 3627, "is_stop_only": false }, "geometry": { "type": "Point", "coordinates": [ 587886.666786165907979, 4514653.941731377504766 ] } },
{ "type": "Feature", "properties": { "node_index": 3628, "is_stop_only": false }, "geometry": { "type": "Point", "coordinates": [ 585420.792396885692142, 4508498.977887729182839 ] } },
{ "type": "Feature", "properties": { "node_index": 3629, "is_stop_only": false }, "geometry": { "type": "Point", "coordinates": [ 588148.239704653155059, 4514512.776957631111145 ] } },
{ "type": "Feature", "properties": { "node_index": 3630, "is_stop_only": false }, "geometry": { "type": "Point", "coordinates": [ 583500.307430750224739, 4506478.847581730224192 ] } },
{ "type": "Feature", "properties": { "node_index": 3631, "is_stop_only": false }, "geometry": { "type": "Point", "coordinates": [ 588539.607261555967852, 4514301.584364514797926 ] } },
{ "type": "Feature", "properties": { "node_index": 3632, "is_stop_only": false }, "geometry": { "type": "Point", "coordinates": [ 588930.615183545625769, 4514090.618526002392173 ] } },
{ "type": "Feature", "properties": { "node_index": 3633, "is_stop_only": false }, "geometry": { "type": "Point", "coordinates": [ 583499.654351307777688, 4506396.474242669530213 ] } },
{ "type": "Feature", "properties": { "node_index": 3634, "is_stop_only": false }, "geometry": { "type": "Point", "coordinates": [ 583499.341404918464832, 4506371.724289763718843 ] } },
{ "type": "Feature", "properties": { "node_index": 3635, "is_stop_only": false }, "geometry": { "type": "Point", "coordinates": [ 585746.617164497612976, 4508356.733468660153449 ] } },
{ "type": "Feature", "properties": { "node_index": 3636, "is_stop_only": false }, "geometry": { "type": "Point", "coordinates": [ 585538.41035668621771, 4508436.795955752022564 ] } },
{ "type": "Feature", "properties": { "node_index": 3637, "is_stop_only": false }, "geometry": { "type": "Point", "coordinates": [ 585889.149026573635638, 4508301.928237454965711 ] } },
{ "type": "Feature", "properties": { "node_index": 3638, "is_stop_only": false }, "geometry": { "type": "Point", "coordinates": [ 585474.931071480270475, 4508461.210433990694582 ] } },
{ "type": "Feature", "properties": { "node_index": 3639, "is_stop_only": false }, "geometry": { "type": "Point", "coordinates": [ 584719.383610565564595, 4508756.772382879629731 ] } },
{ "type": "Feature", "properties": { "node_index": 3640, "is_stop_only": false }, "geometry": { "type": "Point", "coordinates": [ 584583.872699602041394, 4508836.670611343346536 ] } },
{ "type": "Feature", "properties": { "node_index": 3641, "is_stop_only": false }, "geometry": { "type": "Point", "coordinates": [ 584390.932391835725866, 4508958.793792391195893 ] } },
{ "type": "Feature", "properties": { "node_index": 3642, "is_stop_only": false }, "geometry": { "type": "Point", "coordinates": [ 583499.426026372006163, 4506315.39352968800813 ] } },
{ "type": "Feature", "properties": { "node_index": 3643, "is_stop_only": false }, "geometry": { "type": "Point", "coordinates": [ 586040.072079066187143, 4508260.123751061968505 ] } },
{ "type": "Feature", "properties": { "node_index": 3644, "is_stop_only": false }, "geometry": { "type": "Point", "coordinates": [ 585961.081782514811493, 4508274.273456727154553 ] } },
{ "type": "Feature", "properties": { "node_index": 3645, "is_stop_only": false }, "geometry": { "type": "Point", "coordinates": [ 585817.708853954449296, 4508329.4006652161479 ] } },
{ "type": "Feature", "properties": { "node_index": 3646, "is_stop_only": false }, "geometry": { "type": "Point", "coordinates": [ 585677.019235550891608, 4508383.495782304555178 ] } },
{ "type": "Feature", "properties": { "node_index": 3647, "is_stop_only": false }, "geometry": { "type": "Point", "coordinates": [ 590001.201843097573146, 4516554.047127378173172 ] } },
{ "type": "Feature", "properties": { "node_index": 3648, "is_stop_only": false }, "geometry": { "type": "Point", "coordinates": [ 584646.616414014832117, 4508796.96374314557761 ] } },
{ "type": "Feature", "properties": { "node_index": 3649, "is_stop_only": false }, "geometry": { "type": "Point", "coordinates": [ 584519.232379618450068, 4508877.588712081313133 ] } },
{ "type": "Feature", "properties": { "node_index": 3650, "is_stop_only": false }, "geometry": { "type": "Point", "coordinates": [ 585608.635048842756078, 4508409.795354146510363 ] } },
{ "type": "Feature", "properties": { "node_index": 3651, "is_stop_only": false }, "geometry": { "type": "Point", "coordinates": [ 583506.313778745126911, 4506254.409855784848332 ] } },
{ "type": "Feature", "properties": { "node_index": 3652, "is_stop_only": false }, "geometry": { "type": "Point", "coordinates": [ 590042.138235346646979, 4516629.842354223132133 ] } },
{ "type": "Feature", "properties": { "node_index": 3653, "is_stop_only": false }, "geometry": { "type": "Point", "coordinates": [ 584325.511610335786827, 4509000.204244910739362 ] } },
{ "type": "Feature", "properties": { "node_index": 3654, "is_stop_only": false }, "geometry": { "type": "Point", "coordinates": [ 584261.997209056513384, 4509040.404587138444185 ] } },
{ "type": "Feature", "properties": { "node_index": 3655, "is_stop_only": false }, "geometry": { "type": "Point", "coordinates": [ 588332.805613873759285, 4517454.082500171847641 ] } },
{ "type": "Feature", "properties": { "node_index": 3656, "is_stop_only": false }, "geometry": { "type": "Point", "coordinates": [ 583537.603185002808459, 4506124.324228923767805 ] } },
{ "type": "Feature", "properties": { "node_index": 3657, "is_stop_only": false }, "geometry": { "type": "Point", "coordinates": [ 588599.76993662037421, 4516763.962545178830624 ] } },
{ "type": "Feature", "properties": { "node_index": 3658, "is_stop_only": false }, "geometry": { "type": "Point", "coordinates": [ 586961.93974158517085, 4512945.221657630987465 ] } },
{ "type": "Feature", "properties": { "node_index": 3659, "is_stop_only": false }, "geometry": { "type": "Point", "coordinates": [ 587617.928578606108204, 4512591.273633026517928 ] } },
{ "type": "Feature", "properties": { "node_index": 3660, "is_stop_only": false }, "geometry": { "type": "Point", "coordinates": [ 587808.033630916615948, 4512487.386823281645775 ] } },
{ "type": "Feature", "properties": { "node_index": 3661, "is_stop_only": false }, "geometry": { "type": "Point", "coordinates": [ 586803.166336694266647, 4512653.866986021399498 ] } },
{ "type": "Feature", "properties": { "node_index": 3662, "is_stop_only": false }, "geometry": { "type": "Point", "coordinates": [ 584635.757301684934646, 4507350.990018147975206 ] } },
{ "type": "Feature", "properties": { "node_index": 3663, "is_stop_only": false }, "geometry": { "type": "Point", "coordinates": [ 584655.087853451143019, 4507267.16770754288882 ] } },
{ "type": "Feature", "properties": { "node_index": 3664, "is_stop_only": false }, "geometry": { "type": "Point", "coordinates": [ 586796.554297495400533, 4509251.361463663168252 ] } },
{ "type": "Feature", "properties": { "node_index": 3665, "is_stop_only": false }, "geometry": { "type": "Point", "coordinates": [ 587070.369717449764721, 4512510.986153866164386 ] } },
{ "type": "Feature", "properties": { "node_index": 3666, "is_stop_only": false }, "geometry": { "type": "Point", "coordinates": [ 585826.477230883901939, 4507418.226327899843454 ] } },
{ "type": "Feature", "properties": { "node_index": 3667, "is_stop_only": false }, "geometry": { "type": "Point", "coordinates": [ 585851.988098121830262, 4507208.113676119595766 ] } },
{ "type": "Feature", "properties": { "node_index": 3668, "is_stop_only": false }, "geometry": { "type": "Point", "coordinates": [ 587459.979074545088224, 4512299.514614765532315 ] } },
{ "type": "Feature", "properties": { "node_index": 3669, "is_stop_only": false }, "geometry": { "type": "Point", "coordinates": [ 589816.205041412496939, 4517114.261293952353299 ] } },
{ "type": "Feature", "properties": { "node_index": 3670, "is_stop_only": false }, "geometry": { "type": "Point", "coordinates": [ 589853.00131340418011, 4517183.488139878027141 ] } },
{ "type": "Feature", "properties": { "node_index": 3671, "is_stop_only": false }, "geometry": { "type": "Point", "coordinates": [ 589865.619264334556647, 4517244.19441703800112 ] } },
{ "type": "Feature", "properties": { "node_index": 3672, "is_stop_only": false }, "geometry": { "type": "Point", "coordinates": [ 587685.317659518914297, 4512177.954989407211542 ] } },
{ "type": "Feature", "properties": { "node_index": 3673, "is_stop_only": false }, "geometry": { "type": "Point", "coordinates": [ 584809.834868458332494, 4512137.314205246977508 ] } },
{ "type": "Feature", "properties": { "node_index": 3674, "is_stop_only": false }, "geometry": { "type": "Point", "coordinates": [ 584952.181034372188151, 4507229.208298686891794 ] } },
{ "type": "Feature", "properties": { "node_index": 3675, "is_stop_only": false }, "geometry": { "type": "Point", "coordinates": [ 585223.303274202044122, 4508407.067126813344657 ] } },
{ "type": "Feature", "properties": { "node_index": 3676, "is_stop_only": false }, "geometry": { "type": "Point", "coordinates": [ 585104.479568245471455, 4507248.550592629238963 ] } },
{ "type": "Feature", "properties": { "node_index": 3677, "is_stop_only": false }, "geometry": { "type": "Point", "coordinates": [ 585360.925600979826413, 4508354.182744025252759 ] } },
{ "type": "Feature", "properties": { "node_index": 3678, "is_stop_only": false }, "geometry": { "type": "Point", "coordinates": [ 585384.503606933401898, 4508345.106150642037392 ] } },
{ "type": "Feature", "properties": { "node_index": 3679, "is_stop_only": false }, "geometry": { "type": "Point", "coordinates": [ 585425.15218446101062, 4508329.465027435682714 ] } },
{ "type": "Feature", "properties": { "node_index": 3680, "is_stop_only": false }, "geometry": { "type": "Point", "coordinates": [ 584770.000892782933079, 4508376.325991714373231 ] } },
{ "type": "Feature", "properties": { "node_index": 3681, "is_stop_only": false }, "geometry": { "type": "Point", "coordinates": [ 585488.743478149874136, 4508304.940372072160244 ] } },
{ "type": "Feature", "properties": { "node_index": 3682, "is_stop_only": false }, "geometry": { "type": "Point", "coordinates": [ 585558.162765187560581, 4508278.285254888236523 ] } },
{ "type": "Feature", "properties": { "node_index": 3683, "is_stop_only": false }, "geometry": { "type": "Point", "coordinates": [ 585625.275325054768473, 4508252.470111395232379 ] } },
{ "type": "Feature", "properties": { "node_index": 3684, "is_stop_only": false }, "geometry": { "type": "Point", "coordinates": [ 585696.596838610013947, 4508225.027768907137215 ] } },
{ "type": "Feature", "properties": { "node_index": 3685, "is_stop_only": false }, "geometry": { "type": "Point", "coordinates": [ 585768.436399667290971, 4508197.392250751145184 ] } },
{ "type": "Feature", "properties": { "node_index": 3686, "is_stop_only": false }, "geometry": { "type": "Point", "coordinates": [ 585910.573078845161945, 4508142.70491170976311 ] } },
{ "type": "Feature", "properties": { "node_index": 3687, "is_stop_only": false }, "geometry": { "type": "Point", "coordinates": [ 585029.474539568647742, 4508479.515255549922585 ] } },
{ "type": "Feature", "properties": { "node_index": 3688, "is_stop_only": false }, "geometry": { "type": "Point", "coordinates": [ 585159.630728635005653, 4508431.470957458019257 ] } },
{ "type": "Feature", "properties": { "node_index": 3689, "is_stop_only": false }, "geometry": { "type": "Point", "coordinates": [ 584162.394085881416686, 4507148.132288422435522 ] } },
{ "type": "Feature", "properties": { "node_index": 3690, "is_stop_only": false }, "geometry": { "type": "Point", "coordinates": [ 585019.063722288236022, 4508059.169281118549407 ] } },
{ "type": "Feature", "properties": { "node_index": 3691, "is_stop_only": false }, "geometry": { "type": "Point", "coordinates": [ 585767.88465889391955, 4507770.996606421656907 ] } },
{ "type": "Feature", "properties": { "node_index": 3692, "is_stop_only": false }, "geometry": { "type": "Point", "coordinates": [ 585627.084157496574335, 4507825.047208010219038 ] } },
{ "type": "Feature", "properties": { "node_index": 3693, "is_stop_only": false }, "geometry": { "type": "Point", "coordinates": [ 585555.29765963961836, 4507852.951224843040109 ] } },
{ "type": "Feature", "properties": { "node_index": 3694, "is_stop_only": false }, "geometry": { "type": "Point", "coordinates": [ 585658.117112616426311, 4507906.473372530192137 ] } },
{ "type": "Feature", "properties": { "node_index": 3695, "is_stop_only": false }, "geometry": { "type": "Point", "coordinates": [ 585484.111647477489896, 4507880.10789758246392 ] } },
{ "type": "Feature", "properties": { "node_index": 3696, "is_stop_only": false }, "geometry": { "type": "Point", "coordinates": [ 585416.909916872857139, 4507906.089885312132537 ] } },
{ "type": "Feature", "properties": { "node_index": 3697, "is_stop_only": false }, "geometry": { "type": "Point", "coordinates": [ 584182.051041999598965, 4507132.645862706936896 ] } },
{ "type": "Feature", "properties": { "node_index": 3698, "is_stop_only": false }, "geometry": { "type": "Point", "coordinates": [ 585348.445857001235709, 4507932.435417605563998 ] } },
{ "type": "Feature", "properties": { "node_index": 3699, "is_stop_only": false }, "geometry": { "type": "Point", "coordinates": [ 585284.469543859944679, 4507957.156745737418532 ] } },
{ "type": "Feature", "properties": { "node_index": 3700, "is_stop_only": false }, "geometry": { "type": "Point", "coordinates": [ 585243.396716375253163, 4507972.81600586976856 ] } },
{ "type": "Feature", "properties": { "node_index": 3701, "is_stop_only": false }, "geometry": { "type": "Point", "coordinates": [ 585221.505125608760864, 4507981.335134480148554 ] } },
{ "type": "Feature", "properties": { "node_index": 3702, "is_stop_only": false }, "geometry": { "type": "Point", "coordinates": [ 585081.758209508028813, 4508035.574523428454995 ] } },
{ "type": "Feature", "properties": { "node_index": 3703, "is_stop_only": false }, "geometry": { "type": "Point", "coordinates": [ 588270.371697578462772, 4517299.601752188056707 ] } },
{ "type": "Feature", "properties": { "node_index": 3704, "is_stop_only": false }, "geometry": { "type": "Point", "coordinates": [ 584082.045639736345038, 4508601.927175772376359 ] } },
{ "type": "Feature", "properties": { "node_index": 3705, "is_stop_only": false }, "geometry": { "type": "Point", "coordinates": [ 584145.433104152791202, 4508561.235314666293561 ] } },
{ "type": "Feature", "properties": { "node_index": 3706, "is_stop_only": false }, "geometry": { "type": "Point", "coordinates": [ 584201.950861058430746, 4508521.587289694696665 ] } },
{ "type": "Feature", "properties": { "node_index": 3707, "is_stop_only": false }, "geometry": { "type": "Point", "coordinates": [ 584269.652427997905761, 4508478.96926824003458 ] } },
{ "type": "Feature", "properties": { "node_index": 3708, "is_stop_only": false }, "geometry": { "type": "Point", "coordinates": [ 584335.01509547769092, 4508437.835135355591774 ] } },
{ "type": "Feature", "properties": { "node_index": 3709, "is_stop_only": false }, "geometry": { "type": "Point", "coordinates": [ 584398.821713539538905, 4508397.671940912492573 ] } },
{ "type": "Feature", "properties": { "node_index": 3710, "is_stop_only": false }, "geometry": { "type": "Point", "coordinates": [ 584537.118897337582894, 4508314.671191731467843 ] } },
{ "type": "Feature", "properties": { "node_index": 3711, "is_stop_only": false }, "geometry": { "type": "Point", "coordinates": [ 588397.799084719037637, 4516958.691716128960252 ] } },
{ "type": "Feature", "properties": { "node_index": 3712, "is_stop_only": false }, "geometry": { "type": "Point", "coordinates": [ 584608.093495398294181, 4508275.734970888122916 ] } },
{ "type": "Feature", "properties": { "node_index": 3713, "is_stop_only": false }, "geometry": { "type": "Point", "coordinates": [ 584269.434318932006136, 4509053.367554591037333 ] } },
{ "type": "Feature", "properties": { "node_index": 3714, "is_stop_only": false }, "geometry": { "type": "Point", "coordinates": [ 588473.813679368235171, 4517098.636281602084637 ] } },
{ "type": "Feature", "properties": { "node_index": 3715, "is_stop_only": false }, "geometry": { "type": "Point", "coordinates": [ 584654.566625881008804, 4508810.077287714928389 ] } },
{ "type": "Feature", "properties": { "node_index": 3716, "is_stop_only": false }, "geometry": { "type": "Point", "coordinates": [ 588858.111042202683166, 4517811.701803919859231 ] } },
{ "type": "Feature", "properties": { "node_index": 3717, "is_stop_only": false }, "geometry": { "type": "Point", "coordinates": [ 588896.845214497298002, 4517881.546638677828014 ] } },
{ "type": "Feature", "properties": { "node_index": 3718, "is_stop_only": false }, "geometry": { "type": "Point", "coordinates": [ 588511.726344043505378, 4517168.668829954229295 ] } },
{ "type": "Feature", "properties": { "node_index": 3719, "is_stop_only": false }, "geometry": { "type": "Point", "coordinates": [ 588936.939904968021438, 4517957.447808383964002 ] } },
{ "type": "Feature", "properties": { "node_index": 3720, "is_stop_only": false }, "geometry": { "type": "Point", "coordinates": [ 589596.814045931445435, 4519150.806205471977592 ] } },
{ "type": "Feature", "properties": { "node_index": 3721, "is_stop_only": false }, "geometry": { "type": "Point", "coordinates": [ 584724.936203261022456, 4508213.054019152186811 ] } },
{ "type": "Feature", "properties": { "node_index": 3722, "is_stop_only": false }, "geometry": { "type": "Point", "coordinates": [ 584459.245176292024553, 4508933.459398051723838 ] } },
{ "type": "Feature", "properties": { "node_index": 3723, "is_stop_only": false }, "geometry": { "type": "Point", "coordinates": [ 589204.342173321871087, 4518451.85375252738595 ] } },
{ "type": "Feature", "properties": { "node_index": 3724, "is_stop_only": false }, "geometry": { "type": "Point", "coordinates": [ 589672.928814862505533, 4519292.575784146785736 ] } },
{ "type": "Feature", "properties": { "node_index": 3725, "is_stop_only": false }, "geometry": { "type": "Point", "coordinates": [ 584792.064957676688209, 4508178.205568447709084 ] } },
{ "type": "Feature", "properties": { "node_index": 3726, "is_stop_only": false }, "geometry": { "type": "Point", "coordinates": [ 583997.665016241371632, 4509107.548517489805818 ] } },
{ "type": "Feature", "properties": { "node_index": 3727, "is_stop_only": false }, "geometry": { "type": "Point", "coordinates": [ 589090.042214375571348, 4518241.859941537491977 ] } },
{ "type": "Feature", "properties": { "node_index": 3728, "is_stop_only": false }, "geometry": { "type": "Point", "coordinates": [ 588707.210540310363285, 4517530.696723255328834 ] } },
{ "type": "Feature", "properties": { "node_index": 3729, "is_stop_only": false }, "geometry": { "type": "Point", "coordinates": [ 584413.962333511910401, 4512131.360235679894686 ] } },
{ "type": "Feature", "properties": { "node_index": 3730, "is_stop_only": false }, "geometry": { "type": "Point", "coordinates": [ 584372.644235786632635, 4512153.68226205650717 ] } },
{ "type": "Feature", "properties": { "node_index": 3731, "is_stop_only": false }, "geometry": { "type": "Point", "coordinates": [ 584931.536595537094399, 4508101.098421140573919 ] } },
{ "type": "Feature", "properties": { "node_index": 3732, "is_stop_only": false }, "geometry": { "type": "Point", "coordinates": [ 584457.08026057400275, 4512197.776426466181874 ] } },
{ "type": "Feature", "properties": { "node_index": 3733, "is_stop_only": false }, "geometry": { "type": "Point", "coordinates": [ 584418.995820828480646, 4512218.614062638953328 ] } },
{ "type": "Feature", "properties": { "node_index": 3734, "is_stop_only": false }, "geometry": { "type": "Point", "coordinates": [ 583554.188652916112915, 4509157.304426335729659 ] } },
{ "type": "Feature", "properties": { "node_index": 3735, "is_stop_only": false }, "geometry": { "type": "Point", "coordinates": [ 583656.127144988975488, 4509143.987841321155429 ] } },
{ "type": "Feature", "properties": { "node_index": 3736, "is_stop_only": false }, "geometry": { "type": "Point", "coordinates": [ 584857.578336695325561, 4508145.803898747079074 ] } },
{ "type": "Feature", "properties": { "node_index": 3737, "is_stop_only": false }, "geometry": { "type": "Point", "coordinates": [ 584467.848452137550339, 4509718.05568063724786 ] } },
{ "type": "Feature", "properties": { "node_index": 3738, "is_stop_only": false }, "geometry": { "type": "Point", "coordinates": [ 583671.604868263122626, 4506634.88446855917573 ] } },
{ "type": "Feature", "properties": { "node_index": 3739, "is_stop_only": false }, "geometry": { "type": "Point", "coordinates": [ 584440.787599764647894, 4509786.491786799393594 ] } },
{ "type": "Feature", "properties": { "node_index": 3740, "is_stop_only": false }, "geometry": { "type": "Point", "coordinates": [ 583795.126867220969871, 4506814.921395375393331 ] } },
{ "type": "Feature", "properties": { "node_index": 3741, "is_stop_only": false }, "geometry": { "type": "Point", "coordinates": [ 584407.664756899001077, 4509854.836754160001874 ] } },
{ "type": "Feature", "properties": { "node_index": 3742, "is_stop_only": false }, "geometry": { "type": "Point", "coordinates": [ 584375.977954290923662, 4509923.198206265456975 ] } },
{ "type": "Feature", "properties": { "node_index": 3743, "is_stop_only": false }, "geometry": { "type": "Point", "coordinates": [ 584311.841059712460265, 4510060.3568957420066 ] } },
{ "type": "Feature", "properties": { "node_index": 3744, "is_stop_only": false }, "geometry": { "type": "Point", "coordinates": [ 584286.563384562148713, 4510114.791822358965874 ] } },
{ "type": "Feature", "properties": { "node_index": 3745, "is_stop_only": false }, "geometry": { "type": "Point", "coordinates": [ 583996.263724794029258, 4507084.633152378723025 ] } },
{ "type": "Feature", "properties": { "node_index": 3746, "is_stop_only": false }, "geometry": { "type": "Point", "coordinates": [ 584262.397379550850019, 4510166.552751819603145 ] } },
{ "type": "Feature", "properties": { "node_index": 3747, "is_stop_only": false }, "geometry": { "type": "Point", "coordinates": [ 589261.916817068820819, 4515350.99975286796689 ] } },
{ "type": "Feature", "properties": { "node_index": 3748, "is_stop_only": false }, "geometry": { "type": "Point", "coordinates": [ 584198.066059354925528, 4510304.087629071436822 ] } },
{ "type": "Feature", "properties": { "node_index": 3749, "is_stop_only": false }, "geometry": { "type": "Point", "coordinates": [ 589683.786418593022972, 4521329.423243208788335 ] } },
{ "type": "Feature", "properties": { "node_index": 3750, "is_stop_only": false }, "geometry": { "type": "Point", "coordinates": [ 589647.823124171351083, 4521391.960332036949694 ] } },
{ "type": "Feature", "properties": { "node_index": 3751, "is_stop_only": false }, "geometry": { "type": "Point", "coordinates": [ 588293.491672657197341, 4518580.821103194728494 ] } },
{ "type": "Feature", "properties": { "node_index": 3752, "is_stop_only": false }, "geometry": { "type": "Point", "coordinates": [ 588295.658205295563675, 4518670.621363821439445 ] } },
{ "type": "Feature", "properties": { "node_index": 3753, "is_stop_only": false }, "geometry": { "type": "Point", "coordinates": [ 589599.860032285796478, 4521479.654717759229243 ] } },
{ "type": "Feature", "properties": { "node_index": 3754, "is_stop_only": false }, "geometry": { "type": "Point", "coordinates": [ 589464.780191560275853, 4521526.25779657997191 ] } },
{ "type": "Feature", "properties": { "node_index": 3755, "is_stop_only": false }, "geometry": { "type": "Point", "coordinates": [ 588302.873422003583983, 4518755.796713929623365 ] } },
{ "type": "Feature", "properties": { "node_index": 3756, "is_stop_only": false }, "geometry": { "type": "Point", "coordinates": [ 589390.417213769629598, 4521565.426465917378664 ] } },
{ "type": "Feature", "properties": { "node_index": 3757, "is_stop_only": false }, "geometry": { "type": "Point", "coordinates": [ 584565.616924856323749, 4507547.92957672290504 ] } },
{ "type": "Feature", "properties": { "node_index": 3758, "is_stop_only": false }, "geometry": { "type": "Point", "coordinates": [ 584559.185854460578412, 4507601.501598480157554 ] } },
{ "type": "Feature", "properties": { "node_index": 3759, "is_stop_only": false }, "geometry": { "type": "Point", "coordinates": [ 584589.920798231614754, 4507672.383637107908726 ] } },
{ "type": "Feature", "properties": { "node_index": 3760, "is_stop_only": false }, "geometry": { "type": "Point", "coordinates": [ 584650.867671674233861, 4507805.782314408570528 ] } },
{ "type": "Feature", "properties": { "node_index": 3761, "is_stop_only": false }, "geometry": { "type": "Point", "coordinates": [ 586815.088806884596124, 4509074.975508702918887 ] } },
{ "type": "Feature", "properties": { "node_index": 3762, "is_stop_only": false }, "geometry": { "type": "Point", "coordinates": [ 584704.433919227449223, 4507923.254583015106618 ] } },
{ "type": "Feature", "properties": { "node_index": 3763, "is_stop_only": false }, "geometry": { "type": "Point", "coordinates": [ 588900.028426921111532, 4519901.15875294432044 ] } },
{ "type": "Feature", "properties": { "node_index": 3764, "is_stop_only": false }, "geometry": { "type": "Point", "coordinates": [ 588937.551859586266801, 4519971.089710689149797 ] } },
{ "type": "Feature", "properties": { "node_index": 3765, "is_stop_only": false }, "geometry": { "type": "Point", "coordinates": [ 584756.277546309982426, 4508055.30689958203584 ] } },
{ "type": "Feature", "properties": { "node_index": 3766, "is_stop_only": false }, "geometry": { "type": "Point", "coordinates": [ 589114.157932949019596, 4520235.003497315570712 ] } },
{ "type": "Feature", "properties": { "node_index": 3767, "is_stop_only": false }, "geometry": { "type": "Point", "coordinates": [ 584838.421554958098568, 4508340.671194696798921 ] } },
{ "type": "Feature", "properties": { "node_index": 3768, "is_stop_only": false }, "geometry": { "type": "Point", "coordinates": [ 584883.197037630714476, 4508497.923315276391804 ] } },
{ "type": "Feature", "properties": { "node_index": 3769, "is_stop_only": false }, "geometry": { "type": "Point", "coordinates": [ 584945.619423478958197, 4508690.183098280802369 ] } },
{ "type": "Feature", "properties": { "node_index": 3770, "is_stop_only": false }, "geometry": { "type": "Point", "coordinates": [ 585587.924295998644084, 4510407.724962120875716 ] } },
{ "type": "Feature", "properties": { "node_index": 3771, "is_stop_only": false }, "geometry": { "type": "Point", "coordinates": [ 585067.09645703190472, 4508617.879615568555892 ] } },
{ "type": "Feature", "properties": { "node_index": 3772, "is_stop_only": false }, "geometry": { "type": "Point", "coordinates": [ 585856.166659288457595, 4510262.202288500033319 ] } },
{ "type": "Feature", "properties": { "node_index": 3773, "is_stop_only": false }, "geometry": { "type": "Point", "coordinates": [ 584878.166920214425772, 4508703.466042389161885 ] } },
{ "type": "Feature", "properties": { "node_index": 3774, "is_stop_only": false }, "geometry": { "type": "Point", "coordinates": [ 586249.952004989376292, 4510049.859129969961941 ] } },
{ "type": "Feature", "properties": { "node_index": 3775, "is_stop_only": false }, "geometry": { "type": "Point", "coordinates": [ 585345.30133665970061, 4508511.06495213881135 ] } },
{ "type": "Feature", "properties": { "node_index": 3776, "is_stop_only": false }, "geometry": { "type": "Point", "coordinates": [ 585207.050277579342946, 4508564.530746141448617 ] } },
{ "type": "Feature", "properties": { "node_index": 3777, "is_stop_only": false }, "geometry": { "type": "Point", "coordinates": [ 584796.781003495911136, 4508733.49879218544811 ] } },
{ "type": "Feature", "properties": { "node_index": 3778, "is_stop_only": false }, "geometry": { "type": "Point", "coordinates": [ 586539.42096362367738, 4509891.784494935534894 ] } },
{ "type": "Feature", "properties": { "node_index": 3779, "is_stop_only": false }, "geometry": { "type": "Point", "coordinates": [ 587948.707437505829148, 4515451.39570473600179 ] } },
{ "type": "Feature", "properties": { "node_index": 3780, "is_stop_only": false }, "geometry": { "type": "Point", "coordinates": [ 585271.422047347063199, 4508539.469255054369569 ] } },
{ "type": "Feature", "properties": { "node_index": 3781, "is_stop_only": false }, "geometry": { "type": "Point", "coordinates": [ 588233.58898671308998, 4515297.388550228439271 ] } },
{ "type": "Feature", "properties": { "node_index": 3782, "is_stop_only": false }, "geometry": { "type": "Point", "coordinates": [ 584842.027269695186988, 4508719.516938978806138 ] } },
{ "type": "Feature", "properties": { "node_index": 3783, "is_stop_only": false }, "geometry": { "type": "Point", "coordinates": [ 585001.72189996112138, 4508647.283387740142643 ] } },
{ "type": "Feature", "properties": { "node_index": 3784, "is_stop_only": false }, "geometry": { "type": "Point", "coordinates": [ 584940.462129039457068, 4508675.136146594770253 ] } },
{ "type": "Feature", "properties": { "node_index": 3785, "is_stop_only": false }, "geometry": { "type": "Point", "coordinates": [ 588496.274327205261216, 4515157.204442816786468 ] } },
{ "type": "Feature", "properties": { "node_index": 3786, "is_stop_only": false }, "geometry": { "type": "Point", "coordinates": [ 588657.38284142233897, 4516765.82972614094615 ] } },
{ "type": "Feature", "properties": { "node_index": 3787, "is_stop_only": false }, "geometry": { "type": "Point", "coordinates": [ 585078.05824424570892, 4508613.608920182101429 ] } },
{ "type": "Feature", "properties": { "node_index": 3788, "is_stop_only": false }, "geometry": { "type": "Point", "coordinates": [ 589090.911713256733492, 4522180.918312415480614 ] } },
{ "type": "Feature", "properties": { "node_index": 3789, "is_stop_only": false }, "geometry": { "type": "Point", "coordinates": [ 588887.603900830028579, 4514946.585363803431392 ] } },
{ "type": "Feature", "properties": { "node_index": 3790, "is_stop_only": false }, "geometry": { "type": "Point", "coordinates": [ 588670.776164125651121, 4516726.843106667511165 ] } },
{ "type": "Feature", "properties": { "node_index": 3791, "is_stop_only": false }, "geometry": { "type": "Point", "coordinates": [ 589377.906590892118402, 4521391.742301573976874 ] } },
{ "type": "Feature", "properties": { "node_index": 3792, "is_stop_only": false }, "geometry": { "type": "Point", "coordinates": [ 588626.647134025814012, 4516708.672478881664574 ] } },
{ "type": "Feature", "properties": { "node_index": 3793, "is_stop_only": false }, "geometry": { "type": "Point", "coordinates": [ 583147.107566702761687, 4506732.026818432845175 ] } },
{ "type": "Feature", "properties": { "node_index": 3794, "is_stop_only": false }, "geometry": { "type": "Point", "coordinates": [ 586539.88638166745659, 4512164.151629706844687 ] } },
{ "type": "Feature", "properties": { "node_index": 3795, "is_stop_only": false }, "geometry": { "type": "Point", "coordinates": [ 586806.633295154199004, 4512020.167700678110123 ] } },
{ "type": "Feature", "properties": { "node_index": 3796, "is_stop_only": false }, "geometry": { "type": "Point", "coordinates": [ 589508.197073896648362, 4518015.457001449540257 ] } },
{ "type": "Feature", "properties": { "node_index": 3797, "is_stop_only": false }, "geometry": { "type": "Point", "coordinates": [ 585988.102764366194606, 4511816.665279300883412 ] } },
{ "type": "Feature", "properties": { "node_index": 3798, "is_stop_only": false }, "geometry": { "type": "Point", "coordinates": [ 586124.227307008462958, 4511743.250922466628253 ] } },
{ "type": "Feature", "properties": { "node_index": 3799, "is_stop_only": false }, "geometry": { "type": "Point", "coordinates": [ 586399.050641815061681, 4511595.038447006605566 ] } },
{ "type": "Feature", "properties": { "node_index": 3800, "is_stop_only": false }, "geometry": { "type": "Point", "coordinates": [ 586538.043064926052466, 4511520.41038431506604 ] } },
{ "type": "Feature", "properties": { "node_index": 3801, "is_stop_only": false }, "geometry": { "type": "Point", "coordinates": [ 586608.659689132939093, 4511482.322142242453992 ] } },
{ "type": "Feature", "properties": { "node_index": 3802, "is_stop_only": false }, "geometry": { "type": "Point", "coordinates": [ 586725.59382500150241, 4511419.252481078729033 ] } },
{ "type": "Feature", "properties": { "node_index": 3803, "is_stop_only": false }, "geometry": { "type": "Point", "coordinates": [ 586198.586406541056931, 4507876.341522354632616 ] } },
{ "type": "Feature", "properties": { "node_index": 3804, "is_stop_only": false }, "geometry": { "type": "Point", "coordinates": [ 588724.899589384323917, 4520911.856938045471907 ] } },
{ "type": "Feature", "properties": { "node_index": 3805, "is_stop_only": false }, "geometry": { "type": "Point", "coordinates": [ 586876.596555081661791, 4511337.676851905882359 ] } },
{ "type": "Feature", "properties": { "node_index": 3806, "is_stop_only": false }, "geometry": { "type": "Point", "coordinates": [ 590406.211675503989682, 4523842.556765887886286 ] } },
{ "type": "Feature", "properties": { "node_index": 3807, "is_stop_only": false }, "geometry": { "type": "Point", "coordinates": [ 587059.918034016387537, 4511245.87011275999248 ] } },
{ "type": "Feature", "properties": { "node_index": 3808, "is_stop_only": false }, "geometry": { "type": "Point", "coordinates": [ 586455.871162817580625, 4514496.091807307675481 ] } },
{ "type": "Feature", "properties": { "node_index": 3809, "is_stop_only": false }, "geometry": { "type": "Point", "coordinates": [ 586212.959698582766578, 4514628.462253401055932 ] } },
{ "type": "Feature", "properties": { "node_index": 3810, "is_stop_only": false }, "geometry": { "type": "Point", "coordinates": [ 585974.364640026120469, 4514756.183229891583323 ] } },
{ "type": "Feature", "properties": { "node_index": 3811, "is_stop_only": false }, "geometry": { "type": "Point", "coordinates": [ 587300.175222568679601, 4518011.78347148001194 ] } },
{ "type": "Feature", "properties": { "node_index": 3812, "is_stop_only": false }, "geometry": { "type": "Point", "coordinates": [ 587389.192448307061568, 4512623.443590595386922 ] } },
{ "type": "Feature", "properties": { "node_index": 3813, "is_stop_only": false }, "geometry": { "type": "Point", "coordinates": [ 587423.23490034264978, 4518223.861140876077116 ] } },
{ "type": "Feature", "properties": { "node_index": 3814, "is_stop_only": false }, "geometry": { "type": "Point", "coordinates": [ 585613.997701198444702, 4514950.370252409949899 ] } },
{ "type": "Feature", "properties": { "node_index": 3815, "is_stop_only": false }, "geometry": { "type": "Point", "coordinates": [ 587130.388900088146329, 4517461.089883655309677 ] } },
{ "type": "Feature", "properties": { "node_index": 3816, "is_stop_only": false }, "geometry": { "type": "Point", "coordinates": [ 586295.287707188515924, 4512386.229693097062409 ] } },
{ "type": "Feature", "properties": { "node_index": 3817, "is_stop_only": false }, "geometry": { "type": "Point", "coordinates": [ 587244.470982384053059, 4517670.948773798532784 ] } },
{ "type": "Feature", "properties": { "node_index": 3818, "is_stop_only": false }, "geometry": { "type": "Point", "coordinates": [ 587282.179118930944242, 4517741.138967202976346 ] } },
{ "type": "Feature", "properties": { "node_index": 3819, "is_stop_only": false }, "geometry": { "type": "Point", "coordinates": [ 587319.794652744662017, 4517811.250570177100599 ] } },
{ "type": "Feature", "properties": { "node_index": 3820, "is_stop_only": false }, "geometry": { "type": "Point", "coordinates": [ 585781.222802522359416, 4512663.509721046313643 ] } },
{ "type": "Feature", "properties": { "node_index": 3821, "is_stop_only": false }, "geometry": { "type": "Point", "coordinates": [ 587587.354898593854159, 4518315.966300828382373 ] } },
{ "type": "Feature", "properties": { "node_index": 3822, "is_stop_only": false }, "geometry": { "type": "Point", "coordinates": [ 585538.28235488187056, 4512794.415172806940973 ] } },
{ "type": "Feature", "properties": { "node_index": 3823, "is_stop_only": false }, "geometry": { "type": "Point", "coordinates": [ 588344.275107718771324, 4517402.171329907141626 ] } },
{ "type": "Feature", "properties": { "node_index": 3824, "is_stop_only": false }, "geometry": { "type": "Point", "coordinates": [ 587743.460283068940043, 4518603.260593950748444 ] } },
{ "type": "Feature", "properties": { "node_index": 3825, "is_stop_only": false }, "geometry": { "type": "Point", "coordinates": [ 587857.273839396308176, 4518815.658455910161138 ] } },
{ "type": "Feature", "properties": { "node_index": 3826, "is_stop_only": false }, "geometry": { "type": "Point", "coordinates": [ 587896.752094817114994, 4518887.072336629033089 ] } },
{ "type": "Feature", "properties": { "node_index": 3827, "is_stop_only": false }, "geometry": { "type": "Point", "coordinates": [ 585297.414937320398167, 4512924.197631200775504 ] } },
{ "type": "Feature", "properties": { "node_index": 3828, "is_stop_only": false }, "geometry": { "type": "Point", "coordinates": [ 589333.497891734004952, 4518020.316547955386341 ] } },
{ "type": "Feature", "properties": { "node_index": 3829, "is_stop_only": false }, "geometry": { "type": "Point", "coordinates": [ 588007.280667572631501, 4519094.792962301522493 ] } },
{ "type": "Feature", "properties": { "node_index": 3830, "is_stop_only": false }, "geometry": { "type": "Point", "coordinates": [ 588045.160997230792418, 4519164.85642892960459 ] } },
{ "type": "Feature", "properties": { "node_index": 3831, "is_stop_only": false }, "geometry": { "type": "Point", "coordinates": [ 585056.19929657666944, 4513054.183560259640217 ] } },
{ "type": "Feature", "properties": { "node_index": 3832, "is_stop_only": false }, "geometry": { "type": "Point", "coordinates": [ 588084.55556798260659, 4519234.482963500544429 ] } },
{ "type": "Feature", "properties": { "node_index": 3833, "is_stop_only": false }, "geometry": { "type": "Point", "coordinates": [ 588124.004096524091437, 4519310.838465500622988 ] } },
{ "type": "Feature", "properties": { "node_index": 3834, "is_stop_only": false }, "geometry": { "type": "Point", "coordinates": [ 588162.081378125119954, 4519385.412562051787972 ] } },
{ "type": "Feature", "properties": { "node_index": 3835, "is_stop_only": false }, "geometry": { "type": "Point", "coordinates": [ 588147.71353314560838, 4519393.545818326994777 ] } },
{ "type": "Feature", "properties": { "node_index": 3836, "is_stop_only": false }, "geometry": { "type": "Point", "coordinates": [ 588238.935387184028514, 4519524.522059035487473 ] } },
{ "type": "Feature", "properties": { "node_index": 3837, "is_stop_only": false }, "geometry": { "type": "Point", "coordinates": [ 588200.624745506327599, 4519453.375382789410651 ] } },
{ "type": "Feature", "properties": { "node_index": 3838, "is_stop_only": false }, "geometry": { "type": "Point", "coordinates": [ 583987.376095896703191, 4509994.834629707038403 ] } },
{ "type": "Feature", "properties": { "node_index": 3839, "is_stop_only": false }, "geometry": { "type": "Point", "coordinates": [ 588276.402409452828579, 4519593.505007365718484 ] } },
{ "type": "Feature", "properties": { "node_index": 3840, "is_stop_only": false }, "geometry": { "type": "Point", "coordinates": [ 588313.957890866557136, 4519662.788996438495815 ] } },
{ "type": "Feature", "properties": { "node_index": 3841, "is_stop_only": false }, "geometry": { "type": "Point", "coordinates": [ 588351.627918477868661, 4519732.30772499460727 ] } },
{ "type": "Feature", "properties": { "node_index": 3842, "is_stop_only": false }, "geometry": { "type": "Point", "coordinates": [ 584622.613812440773472, 4513287.858002412132919 ] } },
{ "type": "Feature", "properties": { "node_index": 3843, "is_stop_only": false }, "geometry": { "type": "Point", "coordinates": [ 588389.756631730822846, 4519803.608554996550083 ] } },
{ "type": "Feature", "properties": { "node_index": 3844, "is_stop_only": false }, "geometry": { "type": "Point", "coordinates": [ 588426.862995441653766, 4519872.887828321196139 ] } },
{ "type": "Feature", "properties": { "node_index": 3845, "is_stop_only": false }, "geometry": { "type": "Point", "coordinates": [ 584230.798856758046895, 4512673.781139330007136 ] } },
{ "type": "Feature", "properties": { "node_index": 3846, "is_stop_only": false }, "geometry": { "type": "Point", "coordinates": [ 588464.255685762269422, 4519941.437979431822896 ] } },
{ "type": "Feature", "properties": { "node_index": 3847, "is_stop_only": false }, "geometry": { "type": "Point", "coordinates": [ 588505.345575629966334, 4520018.10413309559226 ] } },
{ "type": "Feature", "properties": { "node_index": 3848, "is_stop_only": false }, "geometry": { "type": "Point", "coordinates": [ 588545.366191394277848, 4520092.437315681017935 ] } },
{ "type": "Feature", "properties": { "node_index": 3849, "is_stop_only": false }, "geometry": { "type": "Point", "coordinates": [ 588657.498626163811423, 4520300.44365430995822 ] } },
{ "type": "Feature", "properties": { "node_index": 3850, "is_stop_only": false }, "geometry": { "type": "Point", "coordinates": [ 588582.828419345081784, 4520162.032619589939713 ] } },
{ "type": "Feature", "properties": { "node_index": 3851, "is_stop_only": false }, "geometry": { "type": "Point", "coordinates": [ 588732.714625898282975, 4520440.216612240299582 ] } },
{ "type": "Feature", "properties": { "node_index": 3852, "is_stop_only": false }, "geometry": { "type": "Point", "coordinates": [ 588770.642070055240765, 4520510.096155724488199 ] } },
{ "type": "Feature", "properties": { "node_index": 3853, "is_stop_only": false }, "geometry": { "type": "Point", "coordinates": [ 588808.308592585730366, 4520579.872862744145095 ] } },
{ "type": "Feature", "properties": { "node_index": 3854, "is_stop_only": false }, "geometry": { "type": "Point", "coordinates": [ 588886.630119751091115, 4520725.280607808381319 ] } },
{ "type": "Feature", "properties": { "node_index": 3855, "is_stop_only": false }, "geometry": { "type": "Point", "coordinates": [ 588926.388282322208397, 4520799.046766761690378 ] } },
{ "type": "Feature", "properties": { "node_index": 3856, "is_stop_only": false }, "geometry": { "type": "Point", "coordinates": [ 588965.916499766055495, 4520872.233070546761155 ] } },
{ "type": "Feature", "properties": { "node_index": 3857, "is_stop_only": false }, "geometry": { "type": "Point", "coordinates": [ 588428.008506824844517, 4515660.148483318276703 ] } },
{ "type": "Feature", "properties": { "node_index": 3858, "is_stop_only": false }, "geometry": { "type": "Point", "coordinates": [ 589001.942452367627993, 4520939.282136064954102 ] } },
{ "type": "Feature", "properties": { "node_index": 3859, "is_stop_only": false }, "geometry": { "type": "Point", "coordinates": [ 588691.344583642901853, 4515519.868224710226059 ] } },
{ "type": "Feature", "properties": { "node_index": 3860, "is_stop_only": false }, "geometry": { "type": "Point", "coordinates": [ 589039.802006648154929, 4521009.462210417725146 ] } },
{ "type": "Feature", "properties": { "node_index": 3861, "is_stop_only": false }, "geometry": { "type": "Point", "coordinates": [ 589077.29921646672301, 4521079.560419603250921 ] } },
{ "type": "Feature", "properties": { "node_index": 3862, "is_stop_only": false }, "geometry": { "type": "Point", "coordinates": [ 589082.809629937517457, 4515308.85055638756603 ] } },
{ "type": "Feature", "properties": { "node_index": 3863, "is_stop_only": false }, "geometry": { "type": "Point", "coordinates": [ 589115.128262914251536, 4521148.652520570904016 ] } },
{ "type": "Feature", "properties": { "node_index": 3864, "is_stop_only": false }, "geometry": { "type": "Point", "coordinates": [ 589272.960052388138138, 4521442.055464429780841 ] } },
{ "type": "Feature", "properties": { "node_index": 3865, "is_stop_only": false }, "geometry": { "type": "Point", "coordinates": [ 589227.6862663468346, 4521357.795254774391651 ] } },
{ "type": "Feature", "properties": { "node_index": 3866, "is_stop_only": false }, "geometry": { "type": "Point", "coordinates": [ 589314.360298409825191, 4521518.830445300787687 ] } },
{ "type": "Feature", "properties": { "node_index": 3867, "is_stop_only": false }, "geometry": { "type": "Point", "coordinates": [ 589386.248855454032309, 4521654.151973568834364 ] } },
{ "type": "Feature", "properties": { "node_index": 3868, "is_stop_only": false }, "geometry": { "type": "Point", "coordinates": [ 589189.845266909105703, 4521286.381921019405127 ] } },
{ "type": "Feature", "properties": { "node_index": 3869, "is_stop_only": false }, "geometry": { "type": "Point", "coordinates": [ 585332.174005656386726, 4509290.640169786289334 ] } },
{ "type": "Feature", "properties": { "node_index": 3870, "is_stop_only": false }, "geometry": { "type": "Point", "coordinates": [ 585723.994910794659518, 4509080.244208901189268 ] } },
{ "type": "Feature", "properties": { "node_index": 3871, "is_stop_only": false }, "geometry": { "type": "Point", "coordinates": [ 585912.500734220491722, 4508978.842654405161738 ] } },
{ "type": "Feature", "properties": { "node_index": 3872, "is_stop_only": false }, "geometry": { "type": "Point", "coordinates": [ 586110.024121568771079, 4508872.332452401518822 ] } },
{ "type": "Feature", "properties": { "node_index": 3873, "is_stop_only": false }, "geometry": { "type": "Point", "coordinates": [ 586310.456244086497463, 4508764.595578687265515 ] } },
{ "type": "Feature", "properties": { "node_index": 3874, "is_stop_only": false }, "geometry": { "type": "Point", "coordinates": [ 586512.484785813838243, 4508655.195069963112473 ] } },
{ "type": "Feature", "properties": { "node_index": 3875, "is_stop_only": false }, "geometry": { "type": "Point", "coordinates": [ 589706.067717458936386, 4519370.418001776561141 ] } },
{ "type": "Feature", "properties": { "node_index": 3876, "is_stop_only": false }, "geometry": { "type": "Point", "coordinates": [ 584923.276195546495728, 4509511.896200692281127 ] } },
{ "type": "Feature", "properties": { "node_index": 3877, "is_stop_only": false }, "geometry": { "type": "Point", "coordinates": [ 589747.292417528457008, 4519444.95010978076607 ] } },
{ "type": "Feature", "properties": { "node_index": 3878, "is_stop_only": false }, "geometry": { "type": "Point", "coordinates": [ 589786.033968737348914, 4519514.145304292440414 ] } },
{ "type": "Feature", "properties": { "node_index": 3879, "is_stop_only": false }, "geometry": { "type": "Point", "coordinates": [ 583641.58396964869462, 4506569.932134519331157 ] } },
{ "type": "Feature", "properties": { "node_index": 3880, "is_stop_only": false }, "geometry": { "type": "Point", "coordinates": [ 584857.315789976157248, 4509718.64001443143934 ] } },
{ "type": "Feature", "properties": { "node_index": 3881, "is_stop_only": false }, "geometry": { "type": "Point", "coordinates": [ 586702.084147371118888, 4510435.873717658221722 ] } },
{ "type": "Feature", "properties": { "node_index": 3882, "is_stop_only": false }, "geometry": { "type": "Point", "coordinates": [ 584138.257337577058934, 4509951.149122509174049 ] } },
{ "type": "Feature", "properties": { "node_index": 3883, "is_stop_only": false }, "geometry": { "type": "Point", "coordinates": [ 586144.221708980388939, 4512106.137990084476769 ] } },
{ "type": "Feature", "properties": { "node_index": 3884, "is_stop_only": false }, "geometry": { "type": "Point", "coordinates": [ 588592.161585294525139, 4517864.566885767504573 ] } },
{ "type": "Feature", "properties": { "node_index": 3885, "is_stop_only": false }, "geometry": { "type": "Point", "coordinates": [ 585387.899215980200097, 4512514.213914668187499 ] } },
{ "type": "Feature", "properties": { "node_index": 3886, "is_stop_only": false }, "geometry": { "type": "Point", "coordinates": [ 588442.391571137937717, 4517583.536569385789335 ] } },
{ "type": "Feature", "properties": { "node_index": 3887, "is_stop_only": false }, "geometry": { "type": "Point", "coordinates": [ 588787.023701032856479, 4518226.55715758074075 ] } },
{ "type": "Feature", "properties": { "node_index": 3888, "is_stop_only": false }, "geometry": { "type": "Point", "coordinates": [ 589549.810621800716035, 4519640.623484005220234 ] } },
{ "type": "Feature", "properties": { "node_index": 3889, "is_stop_only": false }, "geometry": { "type": "Point", "coordinates": [ 589050.052119883708656, 4518713.577560222707689 ] } },
{ "type": "Feature", "properties": { "node_index": 3890, "is_stop_only": false }, "geometry": { "type": "Point", "coordinates": [ 585146.57598993065767, 4512644.195977510884404 ] } },
{ "type": "Feature", "properties": { "node_index": 3891, "is_stop_only": false }, "geometry": { "type": "Point", "coordinates": [ 584905.159432150772773, 4512774.24014048371464 ] } },
{ "type": "Feature", "properties": { "node_index": 3892, "is_stop_only": false }, "geometry": { "type": "Point", "coordinates": [ 589431.95067802129779, 4519420.565592806786299 ] } },
{ "type": "Feature", "properties": { "node_index": 3893, "is_stop_only": false }, "geometry": { "type": "Point", "coordinates": [ 588518.025174390524626, 4517723.655015093274415 ] } },
{ "type": "Feature", "properties": { "node_index": 3894, "is_stop_only": false }, "geometry": { "type": "Point", "coordinates": [ 588404.901700442424044, 4517512.854299356229603 ] } },
{ "type": "Feature", "properties": { "node_index": 3895, "is_stop_only": false }, "geometry": { "type": "Point", "coordinates": [ 588135.169742147438228, 4517014.633455341681838 ] } },
{ "type": "Feature", "properties": { "node_index": 3896, "is_stop_only": false }, "geometry": { "type": "Point", "coordinates": [ 588169.938015605555847, 4517079.797121703624725 ] } },
{ "type": "Feature", "properties": { "node_index": 3897, "is_stop_only": false }, "geometry": { "type": "Point", "coordinates": [ 588750.094514016644098, 4518154.702754268422723 ] } },
{ "type": "Feature", "properties": { "node_index": 3898, "is_stop_only": false }, "geometry": { "type": "Point", "coordinates": [ 583102.740390945808031, 4506656.202574027702212 ] } },
{ "type": "Feature", "properties": { "node_index": 3899, "is_stop_only": false }, "geometry": { "type": "Point", "coordinates": [ 583595.748722899472341, 4509846.50228778552264 ] } },
{ "type": "Feature", "properties": { "node_index": 3900, "is_stop_only": false }, "geometry": { "type": "Point", "coordinates": [ 588709.078203234123066, 4518080.323678007349372 ] } },
{ "type": "Feature", "properties": { "node_index": 3901, "is_stop_only": false }, "geometry": { "type": "Point", "coordinates": [ 588480.656066067633219, 4517652.87382884696126 ] } },
{ "type": "Feature", "properties": { "node_index": 3902, "is_stop_only": false }, "geometry": { "type": "Point", "coordinates": [ 589626.479309122078121, 4519780.156816491857171 ] } },
{ "type": "Feature", "properties": { "node_index": 3903, "is_stop_only": false }, "geometry": { "type": "Point", "coordinates": [ 589244.481563169509172, 4519072.667570981197059 ] } },
{ "type": "Feature", "properties": { "node_index": 3904, "is_stop_only": false }, "geometry": { "type": "Point", "coordinates": [ 588362.333004575688392, 4517437.170979780144989 ] } },
{ "type": "Feature", "properties": { "node_index": 3905, "is_stop_only": false }, "geometry": { "type": "Point", "coordinates": [ 589130.588483692379668, 4518863.454707320779562 ] } },
{ "type": "Feature", "properties": { "node_index": 3906, "is_stop_only": false }, "geometry": { "type": "Point", "coordinates": [ 588861.986224244581535, 4518363.840444019064307 ] } },
{ "type": "Feature", "properties": { "node_index": 3907, "is_stop_only": false }, "geometry": { "type": "Point", "coordinates": [ 588555.059073467738926, 4517794.188149928115308 ] } },
{ "type": "Feature", "properties": { "node_index": 3908, "is_stop_only": false }, "geometry": { "type": "Point", "coordinates": [ 588668.602365452214144, 4518004.41920439619571 ] } },
{ "type": "Feature", "properties": { "node_index": 3909, "is_stop_only": false }, "geometry": { "type": "Point", "coordinates": [ 591097.954906818107702, 4523730.710141682066023 ] } },
{ "type": "Feature", "properties": { "node_index": 3910, "is_stop_only": false }, "geometry": { "type": "Point", "coordinates": [ 588898.160578602226451, 4518432.344570112414658 ] } },
{ "type": "Feature", "properties": { "node_index": 3911, "is_stop_only": false }, "geometry": { "type": "Point", "coordinates": [ 589320.942347733769566, 4519210.85136553645134 ] } },
{ "type": "Feature", "properties": { "node_index": 3912, "is_stop_only": false }, "geometry": { "type": "Point", "coordinates": [ 589012.659967122483067, 4518644.169719957746565 ] } },
{ "type": "Feature", "properties": { "node_index": 3913, "is_stop_only": false }, "geometry": { "type": "Point", "coordinates": [ 591035.478364775539376, 4523766.022877292707562 ] } },
{ "type": "Feature", "properties": { "node_index": 3914, "is_stop_only": false }, "geometry": { "type": "Point", "coordinates": [ 589471.405892827082425, 4519495.851861559785903 ] } },
{ "type": "Feature", "properties": { "node_index": 3915, "is_stop_only": false }, "geometry": { "type": "Point", "coordinates": [ 589700.08158697350882, 4519919.853678834624588 ] } },
{ "type": "Feature", "properties": { "node_index": 3916, "is_stop_only": false }, "geometry": { "type": "Point", "coordinates": [ 589281.68773176742252, 4519141.7414320865646 ] } },
{ "type": "Feature", "properties": { "node_index": 3917, "is_stop_only": false }, "geometry": { "type": "Point", "coordinates": [ 589512.413683328428306, 4519571.012845191173255 ] } },
{ "type": "Feature", "properties": { "node_index": 3918, "is_stop_only": false }, "geometry": { "type": "Point", "coordinates": [ 589663.255994300474413, 4519850.659894621931016 ] } },
{ "type": "Feature", "properties": { "node_index": 3919, "is_stop_only": false }, "geometry": { "type": "Point", "coordinates": [ 588286.287488060072064, 4517291.476021046750247 ] } },
{ "type": "Feature", "properties": { "node_index": 3920, "is_stop_only": false }, "geometry": { "type": "Point", "coordinates": [ 588824.526926661841571, 4518293.400357164442539 ] } },
{ "type": "Feature", "properties": { "node_index": 3921, "is_stop_only": false }, "geometry": { "type": "Point", "coordinates": [ 588210.196477505611256, 4517150.044747021049261 ] } },
{ "type": "Feature", "properties": { "node_index": 3922, "is_stop_only": false }, "geometry": { "type": "Point", "coordinates": [ 587769.926621617865749, 4516934.760516935959458 ] } },
{ "type": "Feature", "properties": { "node_index": 3923, "is_stop_only": false }, "geometry": { "type": "Point", "coordinates": [ 587648.723809104994871, 4516999.90426937956363 ] } },
{ "type": "Feature", "properties": { "node_index": 3924, "is_stop_only": false }, "geometry": { "type": "Point", "coordinates": [ 589089.378539548488334, 4518787.605356712825596 ] } },
{ "type": "Feature", "properties": { "node_index": 3925, "is_stop_only": false }, "geometry": { "type": "Point", "coordinates": [ 586210.193807188188657, 4509973.601856512017548 ] } },
{ "type": "Feature", "properties": { "node_index": 3926, "is_stop_only": false }, "geometry": { "type": "Point", "coordinates": [ 588974.647247797809541, 4518574.399348028935492 ] } },
{ "type": "Feature", "properties": { "node_index": 3927, "is_stop_only": false }, "geometry": { "type": "Point", "coordinates": [ 589511.89764213305898, 4520020.92507098428905 ] } },
{ "type": "Feature", "properties": { "node_index": 3928, "is_stop_only": false }, "geometry": { "type": "Point", "coordinates": [ 587527.795077386661433, 4517064.886662629432976 ] } },
{ "type": "Feature", "properties": { "node_index": 3929, "is_stop_only": false }, "geometry": { "type": "Point", "coordinates": [ 589356.812823666143231, 4519281.452765540219843 ] } },
{ "type": "Feature", "properties": { "node_index": 3930, "is_stop_only": false }, "geometry": { "type": "Point", "coordinates": [ 588630.448228574008681, 4517934.62695583421737 ] } },
{ "type": "Feature", "properties": { "node_index": 3931, "is_stop_only": false }, "geometry": { "type": "Point", "coordinates": [ 589167.66764899273403, 4518932.748430170118809 ] } },
{ "type": "Feature", "properties": { "node_index": 3932, "is_stop_only": false }, "geometry": { "type": "Point", "coordinates": [ 589206.524768678238615, 4519002.829895726405084 ] } },
{ "type": "Feature", "properties": { "node_index": 3933, "is_stop_only": false }, "geometry": { "type": "Point", "coordinates": [ 583707.614072279538959, 4510623.113791245035827 ] } },
{ "type": "Feature", "properties": { "node_index": 3934, "is_stop_only": false }, "geometry": { "type": "Point", "coordinates": [ 588247.96376368298661, 4517221.128883291967213 ] } },
{ "type": "Feature", "properties": { "node_index": 3935, "is_stop_only": false }, "geometry": { "type": "Point", "coordinates": [ 588323.403667852981016, 4517361.853373364545405 ] } },
{ "type": "Feature", "properties": { "node_index": 3936, "is_stop_only": false }, "geometry": { "type": "Point", "coordinates": [ 589661.774422020534985, 4520120.799747848883271 ] } },
{ "type": "Feature", "properties": { "node_index": 3937, "is_stop_only": false }, "geometry": { "type": "Point", "coordinates": [ 587289.123018984682858, 4517193.573634934611619 ] } },
{ "type": "Feature", "properties": { "node_index": 3938, "is_stop_only": false }, "geometry": { "type": "Point", "coordinates": [ 589587.933979396824725, 4519711.475525915622711 ] } },
{ "type": "Feature", "properties": { "node_index": 3939, "is_stop_only": false }, "geometry": { "type": "Point", "coordinates": [ 588936.338934583589435, 4518502.493968859314919 ] } },
{ "type": "Feature", "properties": { "node_index": 3940, "is_stop_only": false }, "geometry": { "type": "Point", "coordinates": [ 586919.870966791408136, 4517392.464610907249153 ] } },
{ "type": "Feature", "properties": { "node_index": 3941, "is_stop_only": false }, "geometry": { "type": "Point", "coordinates": [ 589458.204271245980635, 4520930.904235754162073 ] } },
{ "type": "Feature", "properties": { "node_index": 3942, "is_stop_only": false }, "geometry": { "type": "Point", "coordinates": [ 589497.449884019908495, 4521004.656373311765492 ] } },
{ "type": "Feature", "properties": { "node_index": 3943, "is_stop_only": false }, "geometry": { "type": "Point", "coordinates": [ 590621.346431202837266, 4523944.030974985100329 ] } },
{ "type": "Feature", "properties": { "node_index": 3944, "is_stop_only": false }, "geometry": { "type": "Point", "coordinates": [ 590565.997844531433657, 4524058.241645414382219 ] } },
{ "type": "Feature", "properties": { "node_index": 3945, "is_stop_only": false }, "geometry": { "type": "Point", "coordinates": [ 585551.864203497767448, 4513973.652146560139954 ] } },
{ "type": "Feature", "properties": { "node_index": 3946, "is_stop_only": false }, "geometry": { "type": "Point", "coordinates": [ 590458.258997972821817, 4524272.644470062106848 ] } },
{ "type": "Feature", "properties": { "node_index": 3947, "is_stop_only": false }, "geometry": { "type": "Point", "coordinates": [ 589078.232131134020165, 4522328.307054702192545 ] } },
{ "type": "Feature", "properties": { "node_index": 3948, "is_stop_only": false }, "geometry": { "type": "Point", "coordinates": [ 589060.84006712550763, 4522155.563727132044733 ] } },
{ "type": "Feature", "properties": { "node_index": 3949, "is_stop_only": false }, "geometry": { "type": "Point", "coordinates": [ 590334.878518706653267, 4524457.102180573157966 ] } },
{ "type": "Feature", "properties": { "node_index": 3950, "is_stop_only": false }, "geometry": { "type": "Point", "coordinates": [ 588912.060967340134084, 4520986.118196236900985 ] } },
{ "type": "Feature", "properties": { "node_index": 3951, "is_stop_only": false }, "geometry": { "type": "Point", "coordinates": [ 587677.850272638257593, 4514949.763228178024292 ] } },
{ "type": "Feature", "properties": { "node_index": 3952, "is_stop_only": false }, "geometry": { "type": "Point", "coordinates": [ 590278.099115863093175, 4524516.694583123549819 ] } },
{ "type": "Feature", "properties": { "node_index": 3953, "is_stop_only": false }, "geometry": { "type": "Point", "coordinates": [ 590224.790814802632667, 4524573.032363729551435 ] } },
{ "type": "Feature", "properties": { "node_index": 3954, "is_stop_only": false }, "geometry": { "type": "Point", "coordinates": [ 586146.463897434645332, 4508219.114982401952147 ] } },
{ "type": "Feature", "properties": { "node_index": 3955, "is_stop_only": false }, "geometry": { "type": "Point", "coordinates": [ 588903.219378738896921, 4520967.559400704689324 ] } },
{ "type": "Feature", "properties": { "node_index": 3956, "is_stop_only": false }, "geometry": { "type": "Point", "coordinates": [ 589054.490566227352247, 4522196.877424724400043 ] } },
{ "type": "Feature", "properties": { "node_index": 3957, "is_stop_only": false }, "geometry": { "type": "Point", "coordinates": [ 586599.94775880582165, 4512951.005146183073521 ] } },
{ "type": "Feature", "properties": { "node_index": 3958, "is_stop_only": false }, "geometry": { "type": "Point", "coordinates": [ 586736.558993968064897, 4512877.374850055202842 ] } },
{ "type": "Feature", "properties": { "node_index": 3959, "is_stop_only": false }, "geometry": { "type": "Point", "coordinates": [ 586881.37102085351944, 4512799.335680126212537 ] } },
{ "type": "Feature", "properties": { "node_index": 3960, "is_stop_only": false }, "geometry": { "type": "Point", "coordinates": [ 585130.00966563669499, 4507244.846731924451888 ] } },
{ "type": "Feature", "properties": { "node_index": 3961, "is_stop_only": false }, "geometry": { "type": "Point", "coordinates": [ 589192.651997984852642, 4520282.825445114634931 ] } },
{ "type": "Feature", "properties": { "node_index": 3962, "is_stop_only": false }, "geometry": { "type": "Point", "coordinates": [ 585135.642637933022343, 4507255.314049861393869 ] } },
{ "type": "Feature", "properties": { "node_index": 3963, "is_stop_only": false }, "geometry": { "type": "Point", "coordinates": [ 587010.800692552002147, 4512729.578476970084012 ] } },
{ "type": "Feature", "properties": { "node_index": 3964, "is_stop_only": false }, "geometry": { "type": "Point", "coordinates": [ 587146.168582984013483, 4512656.862418674863875 ] } },
{ "type": "Feature", "properties": { "node_index": 3965, "is_stop_only": false }, "geometry": { "type": "Point", "coordinates": [ 587337.058937093708664, 4512553.650224276818335 ] } },
{ "type": "Feature", "properties": { "node_index": 3966, "is_stop_only": false }, "geometry": { "type": "Point", "coordinates": [ 587729.636802809196524, 4512342.238804754801095 ] } },
{ "type": "Feature", "properties": { "node_index": 3967, "is_stop_only": false }, "geometry": { "type": "Point", "coordinates": [ 587762.945668205269612, 4512324.092527193948627 ] } },
{ "type": "Feature", "properties": { "node_index": 3968, "is_stop_only": false }, "geometry": { "type": "Point", "coordinates": [ 591051.259364400058985, 4525137.508109371177852 ] } },
{ "type": "Feature", "properties": { "node_index": 3969, "is_stop_only": false }, "geometry": { "type": "Point", "coordinates": [ 588348.601437362493016, 4517444.678696247749031 ] } },
{ "type": "Feature", "properties": { "node_index": 3970, "is_stop_only": false }, "geometry": { "type": "Point", "coordinates": [ 588338.471787636401132, 4517548.276570946909487 ] } },
{ "type": "Feature", "properties": { "node_index": 3971, "is_stop_only": false }, "geometry": { "type": "Point", "coordinates": [ 588334.239528606878594, 4517641.264376437291503 ] } },
{ "type": "Feature", "properties": { "node_index": 3972, "is_stop_only": false }, "geometry": { "type": "Point", "coordinates": [ 588329.158526077051647, 4517734.686154053546488 ] } },
{ "type": "Feature", "properties": { "node_index": 3973, "is_stop_only": false }, "geometry": { "type": "Point", "coordinates": [ 588318.74902484822087, 4517921.082697551697493 ] } },
{ "type": "Feature", "properties": { "node_index": 3974, "is_stop_only": false }, "geometry": { "type": "Point", "coordinates": [ 588313.578618315397762, 4518014.947546702809632 ] } },
{ "type": "Feature", "properties": { "node_index": 3975, "is_stop_only": false }, "geometry": { "type": "Point", "coordinates": [ 585925.867938929353841, 4511035.701352681964636 ] } },
{ "type": "Feature", "properties": { "node_index": 3976, "is_stop_only": false }, "geometry": { "type": "Point", "coordinates": [ 588307.993196585448459, 4518108.252331211231649 ] } },
{ "type": "Feature", "properties": { "node_index": 3977, "is_stop_only": false }, "geometry": { "type": "Point", "coordinates": [ 588300.61542015557643, 4518203.31211363710463 ] } },
{ "type": "Feature", "properties": { "node_index": 3978, "is_stop_only": false }, "geometry": { "type": "Point", "coordinates": [ 588340.885523005388677, 4518278.2905617877841 ] } },
{ "type": "Feature", "properties": { "node_index": 3979, "is_stop_only": false }, "geometry": { "type": "Point", "coordinates": [ 586195.255817918223329, 4510889.849247997626662 ] } },
{ "type": "Feature", "properties": { "node_index": 3980, "is_stop_only": false }, "geometry": { "type": "Point", "coordinates": [ 588381.315508280065842, 4518353.937319093383849 ] } },
{ "type": "Feature", "properties": { "node_index": 3981, "is_stop_only": false }, "geometry": { "type": "Point", "coordinates": [ 588430.747940321802162, 4518417.368290487676859 ] } },
{ "type": "Feature", "properties": { "node_index": 3982, "is_stop_only": false }, "geometry": { "type": "Point", "coordinates": [ 588478.828720799880102, 4518480.894469750113785 ] } },
{ "type": "Feature", "properties": { "node_index": 3983, "is_stop_only": false }, "geometry": { "type": "Point", "coordinates": [ 588526.717382007976994, 4518546.306107848882675 ] } },
{ "type": "Feature", "properties": { "node_index": 3984, "is_stop_only": false }, "geometry": { "type": "Point", "coordinates": [ 588664.446650558500551, 4518829.182107851840556 ] } },
{ "type": "Feature", "properties": { "node_index": 3985, "is_stop_only": false }, "geometry": { "type": "Point", "coordinates": [ 588690.610591377713718, 4518905.214814448729157 ] } },
{ "type": "Feature", "properties": { "node_index": 3986, "is_stop_only": false }, "geometry": { "type": "Point", "coordinates": [ 584337.786679563927464, 4511356.327707287855446 ] } },
{ "type": "Feature", "properties": { "node_index": 3987, "is_stop_only": false }, "geometry": { "type": "Point", "coordinates": [ 585055.437357948394492, 4510086.837619422003627 ] } },
{ "type": "Feature", "properties": { "node_index": 3988, "is_stop_only": false }, "geometry": { "type": "Point", "coordinates": [ 589049.987127225263976, 4514118.710328019224107 ] } },
{ "type": "Feature", "properties": { "node_index": 3989, "is_stop_only": false }, "geometry": { "type": "Point", "coordinates": [ 588746.828901057364419, 4519070.31718310713768 ] } },
{ "type": "Feature", "properties": { "node_index": 3990, "is_stop_only": false }, "geometry": { "type": "Point", "coordinates": [ 588772.572047183173709, 4519146.123154825530946 ] } },
{ "type": "Feature", "properties": { "node_index": 3991, "is_stop_only": false }, "geometry": { "type": "Point", "coordinates": [ 588798.153972859028727, 4519221.26115455199033 ] } },
{ "type": "Feature", "properties": { "node_index": 3992, "is_stop_only": false }, "geometry": { "type": "Point", "coordinates": [ 588824.056669481331483, 4519297.735419245436788 ] } },
{ "type": "Feature", "properties": { "node_index": 3993, "is_stop_only": false }, "geometry": { "type": "Point", "coordinates": [ 583816.30785933509469, 4510754.392530255019665 ] } },
{ "type": "Feature", "properties": { "node_index": 3994, "is_stop_only": false }, "geometry": { "type": "Point", "coordinates": [ 588849.717817968339659, 4519373.207671750336885 ] } },
{ "type": "Feature", "properties": { "node_index": 3995, "is_stop_only": false }, "geometry": { "type": "Point", "coordinates": [ 588876.069702040171251, 4519450.10946199297905 ] } },
{ "type": "Feature", "properties": { "node_index": 3996, "is_stop_only": false }, "geometry": { "type": "Point", "coordinates": [ 583719.692176015116274, 4510807.467682111077011 ] } },
{ "type": "Feature", "properties": { "node_index": 3997, "is_stop_only": false }, "geometry": { "type": "Point", "coordinates": [ 588983.10167738806922, 4519759.613693642430007 ] } },
{ "type": "Feature", "properties": { "node_index": 3998, "is_stop_only": false }, "geometry": { "type": "Point", "coordinates": [ 589061.767529859906062, 4519904.238823296502233 ] } },
{ "type": "Feature", "properties": { "node_index": 3999, "is_stop_only": false }, "geometry": { "type": "Point", "coordinates": [ 589099.384605185361579, 4519973.971929831430316 ] } },
{ "type": "Feature", "properties": { "node_index": 4000, "is_stop_only": false }, "geometry": { "type": "Point", "coordinates": [ 583139.956152366823517, 4506780.640171671286225 ] } },
{ "type": "Feature", "properties": { "node_index": 4001, "is_stop_only": false }, "geometry": { "type": "Point", "coordinates": [ 589146.037404204951599, 4520128.648530660197139 ] } },
{ "type": "Feature", "properties": { "node_index": 4002, "is_stop_only": false }, "geometry": { "type": "Point", "coordinates": [ 589213.925818509072997, 4520362.731737188994884 ] } },
{ "type": "Feature", "properties": { "node_index": 4003, "is_stop_only": false }, "geometry": { "type": "Point", "coordinates": [ 589236.256487266276963, 4520442.37331566400826 ] } },
{ "type": "Feature", "properties": { "node_index": 4004, "is_stop_only": false }, "geometry": { "type": "Point", "coordinates": [ 589260.487504793680273, 4520523.825450925156474 ] } },
{ "type": "Feature", "properties": { "node_index": 4005, "is_stop_only": false }, "geometry": { "type": "Point", "coordinates": [ 589299.711367592681199, 4520689.027609660290182 ] } },
{ "type": "Feature", "properties": { "node_index": 4006, "is_stop_only": false }, "geometry": { "type": "Point", "coordinates": [ 589317.812944108853117, 4520769.551021864637733 ] } },
{ "type": "Feature", "properties": { "node_index": 4007, "is_stop_only": false }, "geometry": { "type": "Point", "coordinates": [ 589341.593694483162835, 4520846.223989320918918 ] } },
{ "type": "Feature", "properties": { "node_index": 4008, "is_stop_only": false }, "geometry": { "type": "Point", "coordinates": [ 589366.951305186725222, 4520924.947896702215075 ] } },
{ "type": "Feature", "properties": { "node_index": 4009, "is_stop_only": false }, "geometry": { "type": "Point", "coordinates": [ 583819.464421386714093, 4507320.650772565975785 ] } },
{ "type": "Feature", "properties": { "node_index": 4010, "is_stop_only": false }, "geometry": { "type": "Point", "coordinates": [ 589388.157026850152761, 4520989.943349655717611 ] } },
{ "type": "Feature", "properties": { "node_index": 4011, "is_stop_only": false }, "geometry": { "type": "Point", "coordinates": [ 589379.034717266331427, 4521072.73559804353863 ] } },
{ "type": "Feature", "properties": { "node_index": 4012, "is_stop_only": false }, "geometry": { "type": "Point", "coordinates": [ 589365.766500070691109, 4521105.12769867759198 ] } },
{ "type": "Feature", "properties": { "node_index": 4013, "is_stop_only": false }, "geometry": { "type": "Point", "coordinates": [ 589353.22746976884082, 4521199.236541604623199 ] } },
{ "type": "Feature", "properties": { "node_index": 4014, "is_stop_only": false }, "geometry": { "type": "Point", "coordinates": [ 589367.177223151549697, 4521282.641038068570197 ] } },
{ "type": "Feature", "properties": { "node_index": 4015, "is_stop_only": false }, "geometry": { "type": "Point", "coordinates": [ 588659.692047691904008, 4513585.597061975859106 ] } },
{ "type": "Feature", "properties": { "node_index": 4016, "is_stop_only": false }, "geometry": { "type": "Point", "coordinates": [ 589378.623206034069881, 4521371.544347681105137 ] } },
{ "type": "Feature", "properties": { "node_index": 4017, "is_stop_only": false }, "geometry": { "type": "Point", "coordinates": [ 589003.82313947903458, 4516726.235546662472188 ] } },
{ "type": "Feature", "properties": { "node_index": 4018, "is_stop_only": false }, "geometry": { "type": "Point", "coordinates": [ 589374.076421782257967, 4521488.765482207760215 ] } },
{ "type": "Feature", "properties": { "node_index": 4019, "is_stop_only": false }, "geometry": { "type": "Point", "coordinates": [ 583871.984773610020056, 4507237.70130835659802 ] } },
{ "type": "Feature", "properties": { "node_index": 4020, "is_stop_only": false }, "geometry": { "type": "Point", "coordinates": [ 589406.130011878092773, 4521642.390773667022586 ] } },
{ "type": "Feature", "properties": { "node_index": 4021, "is_stop_only": false }, "geometry": { "type": "Point", "coordinates": [ 589265.701297344989143, 4516585.103809148073196 ] } },
{ "type": "Feature", "properties": { "node_index": 4022, "is_stop_only": false }, "geometry": { "type": "Point", "coordinates": [ 589458.954907401814125, 4521788.584901194088161 ] } },
{ "type": "Feature", "properties": { "node_index": 4023, "is_stop_only": false }, "geometry": { "type": "Point", "coordinates": [ 589656.885771497967653, 4516372.559533975087106 ] } },
{ "type": "Feature", "properties": { "node_index": 4024, "is_stop_only": false }, "geometry": { "type": "Point", "coordinates": [ 589492.03705122298561, 4521860.541683662682772 ] } },
{ "type": "Feature", "properties": { "node_index": 4025, "is_stop_only": false }, "geometry": { "type": "Point", "coordinates": [ 589529.020222764229402, 4521927.10568127501756 ] } },
{ "type": "Feature", "properties": { "node_index": 4026, "is_stop_only": false }, "geometry": { "type": "Point", "coordinates": [ 589606.44640346406959, 4522070.934754020534456 ] } },
{ "type": "Feature", "properties": { "node_index": 4027, "is_stop_only": false }, "geometry": { "type": "Point", "coordinates": [ 589812.251929562189616, 4520225.736551628448069 ] } },
{ "type": "Feature", "properties": { "node_index": 4028, "is_stop_only": false }, "geometry": { "type": "Point", "coordinates": [ 589645.45000934926793, 4522143.130730275996029 ] } },
{ "type": "Feature", "properties": { "node_index": 4029, "is_stop_only": false }, "geometry": { "type": "Point", "coordinates": [ 589686.020802998449653, 4522218.121619801968336 ] } },
{ "type": "Feature", "properties": { "node_index": 4030, "is_stop_only": false }, "geometry": { "type": "Point", "coordinates": [ 589723.622112849494442, 4522287.636419923044741 ] } },
{ "type": "Feature", "properties": { "node_index": 4031, "is_stop_only": false }, "geometry": { "type": "Point", "coordinates": [ 584468.986510370392352, 4506833.93042519968003 ] } },
{ "type": "Feature", "properties": { "node_index": 4032, "is_stop_only": false }, "geometry": { "type": "Point", "coordinates": [ 589760.704763837740757, 4522358.144365868531168 ] } },
{ "type": "Feature", "properties": { "node_index": 4033, "is_stop_only": false }, "geometry": { "type": "Point", "coordinates": [ 589800.217784571577795, 4522429.792342413216829 ] } },
{ "type": "Feature", "properties": { "node_index": 4034, "is_stop_only": false }, "geometry": { "type": "Point", "coordinates": [ 589879.524583816877566, 4522577.533471195027232 ] } },
{ "type": "Feature", "properties": { "node_index": 4035, "is_stop_only": false }, "geometry": { "type": "Point", "coordinates": [ 589914.236732066259719, 4522641.684971824288368 ] } },
{ "type": "Feature", "properties": { "node_index": 4036, "is_stop_only": false }, "geometry": { "type": "Point", "coordinates": [ 589951.258432596572675, 4522709.972756412811577 ] } },
{ "type": "Feature", "properties": { "node_index": 4037, "is_stop_only": false }, "geometry": { "type": "Point", "coordinates": [ 589986.539050553110428, 4522775.796961089596152 ] } },
{ "type": "Feature", "properties": { "node_index": 4038, "is_stop_only": false }, "geometry": { "type": "Point", "coordinates": [ 590022.645695806131698, 4522842.963743130676448 ] } },
{ "type": "Feature", "properties": { "node_index": 4039, "is_stop_only": false }, "geometry": { "type": "Point", "coordinates": [ 590063.865307822008617, 4522919.408260032534599 ] } },
{ "type": "Feature", "properties": { "node_index": 4040, "is_stop_only": false }, "geometry": { "type": "Point", "coordinates": [ 590105.002460491261445, 4522995.629982160404325 ] } },
{ "type": "Feature", "properties": { "node_index": 4041, "is_stop_only": false }, "geometry": { "type": "Point", "coordinates": [ 590142.678565097507089, 4523065.259166041389108 ] } },
{ "type": "Feature", "properties": { "node_index": 4042, "is_stop_only": false }, "geometry": { "type": "Point", "coordinates": [ 590180.351225580088794, 4523135.110580234788358 ] } },
{ "type": "Feature", "properties": { "node_index": 4043, "is_stop_only": false }, "geometry": { "type": "Point", "coordinates": [ 590216.458315091440454, 4523201.945375974290073 ] } },
{ "type": "Feature", "properties": { "node_index": 4044, "is_stop_only": false }, "geometry": { "type": "Point", "coordinates": [ 587009.127347241388634, 4511118.119338028132915 ] } },
{ "type": "Feature", "properties": { "node_index": 4045, "is_stop_only": false }, "geometry": { "type": "Point", "coordinates": [ 590318.078812870779075, 4523391.710469103418291 ] } },
{ "type": "Feature", "properties": { "node_index": 4046, "is_stop_only": false }, "geometry": { "type": "Point", "coordinates": [ 590330.035462513333187, 4523413.495785852894187 ] } },
{ "type": "Feature", "properties": { "node_index": 4047, "is_stop_only": false }, "geometry": { "type": "Point", "coordinates": [ 588371.926791573292576, 4516972.460413835011423 ] } },
{ "type": "Feature", "properties": { "node_index": 4048, "is_stop_only": false }, "geometry": { "type": "Point", "coordinates": [ 588366.59079310670495, 4517065.990068563260138 ] } },
{ "type": "Feature", "properties": { "node_index": 4049, "is_stop_only": false }, "geometry": { "type": "Point", "coordinates": [ 588356.086443391279317, 4517253.162447698414326 ] } },
{ "type": "Feature", "properties": { "node_index": 4050, "is_stop_only": false }, "geometry": { "type": "Point", "coordinates": [ 585206.310257738921791, 4513332.410060439258814 ] } },
{ "type": "Feature", "properties": { "node_index": 4051, "is_stop_only": false }, "geometry": { "type": "Point", "coordinates": [ 588352.284997814334929, 4517345.378186852671206 ] } },
{ "type": "Feature", "properties": { "node_index": 4052, "is_stop_only": false }, "geometry": { "type": "Point", "coordinates": [ 588619.338484551757574, 4513514.858175608329475 ] } },
{ "type": "Feature", "properties": { "node_index": 4053, "is_stop_only": false }, "geometry": { "type": "Point", "coordinates": [ 590777.135912633500993, 4523660.940730975940824 ] } },
{ "type": "Feature", "properties": { "node_index": 4054, "is_stop_only": false }, "geometry": { "type": "Point", "coordinates": [ 584333.285133735509589, 4508293.58806265424937 ] } },
{ "type": "Feature", "properties": { "node_index": 4055, "is_stop_only": false }, "geometry": { "type": "Point", "coordinates": [ 583728.755266810185276, 4506595.606141568161547 ] } },
{ "type": "Feature", "properties": { "node_index": 4056, "is_stop_only": false }, "geometry": { "type": "Point", "coordinates": [ 584570.721710638958029, 4508671.543142915703356 ] } },
{ "type": "Feature", "properties": { "node_index": 4057, "is_stop_only": false }, "geometry": { "type": "Point", "coordinates": [ 584863.024447333649732, 4509138.729482284747064 ] } },
{ "type": "Feature", "properties": { "node_index": 4058, "is_stop_only": false }, "geometry": { "type": "Point", "coordinates": [ 584905.672718089539558, 4509205.386476173996925 ] } },
{ "type": "Feature", "properties": { "node_index": 4059, "is_stop_only": false }, "geometry": { "type": "Point", "coordinates": [ 584301.407077813171782, 4506845.502531610429287 ] } },
{ "type": "Feature", "properties": { "node_index": 4060, "is_stop_only": false }, "geometry": { "type": "Point", "coordinates": [ 585013.795002954080701, 4509378.508822415024042 ] } },
{ "type": "Feature", "properties": { "node_index": 4061, "is_stop_only": false }, "geometry": { "type": "Point", "coordinates": [ 591299.443467402714305, 4524628.075434482656419 ] } },
{ "type": "Feature", "properties": { "node_index": 4062, "is_stop_only": false }, "geometry": { "type": "Point", "coordinates": [ 584330.38719452614896, 4506795.517242390662432 ] } },
{ "type": "Feature", "properties": { "node_index": 4063, "is_stop_only": false }, "geometry": { "type": "Point", "coordinates": [ 583754.617153720697388, 4507522.819684491492808 ] } },
{ "type": "Feature", "properties": { "node_index": 4064, "is_stop_only": false }, "geometry": { "type": "Point", "coordinates": [ 583646.03511900070589, 4507586.175261144526303 ] } },
{ "type": "Feature", "properties": { "node_index": 4065, "is_stop_only": false }, "geometry": { "type": "Point", "coordinates": [ 584361.874713500030339, 4506743.495580742135644 ] } },
{ "type": "Feature", "properties": { "node_index": 4066, "is_stop_only": false }, "geometry": { "type": "Point", "coordinates": [ 584259.739580035675317, 4506915.427489325404167 ] } },
{ "type": "Feature", "properties": { "node_index": 4067, "is_stop_only": false }, "geometry": { "type": "Point", "coordinates": [ 583369.230766288121231, 4507746.614684193395078 ] } },
{ "type": "Feature", "properties": { "node_index": 4068, "is_stop_only": false }, "geometry": { "type": "Point", "coordinates": [ 584311.804064421681687, 4506852.4595398446545 ] } },
{ "type": "Feature", "properties": { "node_index": 4069, "is_stop_only": false }, "geometry": { "type": "Point", "coordinates": [ 584348.332717187236995, 4506808.81056147813797 ] } },
{ "type": "Feature", "properties": { "node_index": 4070, "is_stop_only": false }, "geometry": { "type": "Point", "coordinates": [ 589502.995018444256857, 4522126.525233256630599 ] } },
{ "type": "Feature", "properties": { "node_index": 4071, "is_stop_only": false }, "geometry": { "type": "Point", "coordinates": [ 584386.513261321582831, 4506761.094976830296218 ] } },
{ "type": "Feature", "properties": { "node_index": 4072, "is_stop_only": false }, "geometry": { "type": "Point", "coordinates": [ 583971.267811501631513, 4510265.033129876479506 ] } },
{ "type": "Feature", "properties": { "node_index": 4073, "is_stop_only": false }, "geometry": { "type": "Point", "coordinates": [ 589618.810533498879522, 4522344.318964313715696 ] } },
{ "type": "Feature", "properties": { "node_index": 4074, "is_stop_only": false }, "geometry": { "type": "Point", "coordinates": [ 583956.975850511458702, 4510131.923350700177252 ] } },
{ "type": "Feature", "properties": { "node_index": 4075, "is_stop_only": false }, "geometry": { "type": "Point", "coordinates": [ 589656.241833911044523, 4522413.942398096434772 ] } },
{ "type": "Feature", "properties": { "node_index": 4076, "is_stop_only": false }, "geometry": { "type": "Point", "coordinates": [ 586941.41710268764291, 4516551.325465399771929 ] } },
{ "type": "Feature", "properties": { "node_index": 4077, "is_stop_only": false }, "geometry": { "type": "Point", "coordinates": [ 589695.324611780815758, 4522486.361755562014878 ] } },
{ "type": "Feature", "properties": { "node_index": 4078, "is_stop_only": false }, "geometry": { "type": "Point", "coordinates": [ 589809.512819375377148, 4522698.365809451788664 ] } },
{ "type": "Feature", "properties": { "node_index": 4079, "is_stop_only": false }, "geometry": { "type": "Point", "coordinates": [ 586582.303335739765316, 4516745.789813859388232 ] } },
{ "type": "Feature", "properties": { "node_index": 4080, "is_stop_only": false }, "geometry": { "type": "Point", "coordinates": [ 589881.819116315688007, 4522832.254744295030832 ] } },
{ "type": "Feature", "properties": { "node_index": 4081, "is_stop_only": false }, "geometry": { "type": "Point", "coordinates": [ 589918.183332332409918, 4522899.091060804203153 ] } },
{ "type": "Feature", "properties": { "node_index": 4082, "is_stop_only": false }, "geometry": { "type": "Point", "coordinates": [ 584337.824907111935318, 4509691.50671421457082 ] } },
{ "type": "Feature", "properties": { "node_index": 4083, "is_stop_only": false }, "geometry": { "type": "Point", "coordinates": [ 584346.948125111404806, 4509646.757924106903374 ] } },
{ "type": "Feature", "properties": { "node_index": 4084, "is_stop_only": false }, "geometry": { "type": "Point", "coordinates": [ 584321.479694522218779, 4509762.374382579699159 ] } },
{ "type": "Feature", "properties": { "node_index": 4085, "is_stop_only": false }, "geometry": { "type": "Point", "coordinates": [ 590036.063232597545721, 4523121.136430712416768 ] } },
{ "type": "Feature", "properties": { "node_index": 4086, "is_stop_only": false }, "geometry": { "type": "Point", "coordinates": [ 590074.0226910301717, 4523189.647371339611709 ] } },
{ "type": "Feature", "properties": { "node_index": 4087, "is_stop_only": false }, "geometry": { "type": "Point", "coordinates": [ 584305.04401793202851, 4509833.796164230443537 ] } },
{ "type": "Feature", "properties": { "node_index": 4088, "is_stop_only": false }, "geometry": { "type": "Point", "coordinates": [ 590111.8591949964175, 4523257.81285288464278 ] } },
{ "type": "Feature", "properties": { "node_index": 4089, "is_stop_only": false }, "geometry": { "type": "Point", "coordinates": [ 584288.402219743235037, 4509904.061017111875117 ] } },
{ "type": "Feature", "properties": { "node_index": 4090, "is_stop_only": false }, "geometry": { "type": "Point", "coordinates": [ 584271.322703114477918, 4509978.68406683113426 ] } },
{ "type": "Feature", "properties": { "node_index": 4091, "is_stop_only": false }, "geometry": { "type": "Point", "coordinates": [ 584255.143892740248702, 4510048.388048632070422 ] } },
{ "type": "Feature", "properties": { "node_index": 4092, "is_stop_only": false }, "geometry": { "type": "Point", "coordinates": [ 584558.841334355063736, 4509513.281687620095909 ] } },
{ "type": "Feature", "properties": { "node_index": 4093, "is_stop_only": false }, "geometry": { "type": "Point", "coordinates": [ 584380.423827921506017, 4509625.345398894511163 ] } },
{ "type": "Feature", "properties": { "node_index": 4094, "is_stop_only": false }, "geometry": { "type": "Point", "coordinates": [ 584978.702436678577214, 4506975.939953867346048 ] } },
{ "type": "Feature", "properties": { "node_index": 4095, "is_stop_only": false }, "geometry": { "type": "Point", "coordinates": [ 584301.4214858696796, 4509674.83915045671165 ] } },
{ "type": "Feature", "properties": { "node_index": 4096, "is_stop_only": false }, "geometry": { "type": "Point", "coordinates": [ 589971.236170693882741, 4516955.981108441017568 ] } },
{ "type": "Feature", "properties": { "node_index": 4097, "is_stop_only": false }, "geometry": { "type": "Point", "coordinates": [ 583055.437831474351697, 4506490.04195611551404 ] } },
{ "type": "Feature", "properties": { "node_index": 4098, "is_stop_only": false }, "geometry": { "type": "Point", "coordinates": [ 584945.732910935534164, 4509269.349576852284372 ] } },
{ "type": "Feature", "properties": { "node_index": 4099, "is_stop_only": false }, "geometry": { "type": "Point", "coordinates": [ 584881.250256997765973, 4509309.911041790619493 ] } },
{ "type": "Feature", "properties": { "node_index": 4100, "is_stop_only": false }, "geometry": { "type": "Point", "coordinates": [ 584817.484572055516765, 4509350.614478764124215 ] } },
{ "type": "Feature", "properties": { "node_index": 4101, "is_stop_only": false }, "geometry": { "type": "Point", "coordinates": [ 585477.02009944897145, 4514909.473853728733957 ] } },
{ "type": "Feature", "properties": { "node_index": 4102, "is_stop_only": false }, "geometry": { "type": "Point", "coordinates": [ 586120.676828300463967, 4511389.170615253970027 ] } },
{ "type": "Feature", "properties": { "node_index": 4103, "is_stop_only": false }, "geometry": { "type": "Point", "coordinates": [ 586389.523674942902289, 4511244.096600757911801 ] } },
{ "type": "Feature", "properties": { "node_index": 4104, "is_stop_only": false }, "geometry": { "type": "Point", "coordinates": [ 584739.279242753284052, 4507202.160189212299883 ] } },
{ "type": "Feature", "properties": { "node_index": 4105, "is_stop_only": false }, "geometry": { "type": "Point", "coordinates": [ 586649.324485330842435, 4511103.800182939507067 ] } },
{ "type": "Feature", "properties": { "node_index": 4106, "is_stop_only": false }, "geometry": { "type": "Point", "coordinates": [ 585260.811415022355504, 4514401.982973133213818 ] } },
{ "type": "Feature", "properties": { "node_index": 4107, "is_stop_only": false }, "geometry": { "type": "Point", "coordinates": [ 585292.291677079861984, 4514385.170459482818842 ] } },
{ "type": "Feature", "properties": { "node_index": 4108, "is_stop_only": false }, "geometry": { "type": "Point", "coordinates": [ 585906.484296399401501, 4514595.62217472307384 ] } },
{ "type": "Feature", "properties": { "node_index": 4109, "is_stop_only": false }, "geometry": { "type": "Point", "coordinates": [ 584239.293220256222412, 4512738.181547740474343 ] } },
{ "type": "Feature", "properties": { "node_index": 4110, "is_stop_only": false }, "geometry": { "type": "Point", "coordinates": [ 584775.6253307556035, 4507021.522415045648813 ] } },
{ "type": "Feature", "properties": { "node_index": 4111, "is_stop_only": false }, "geometry": { "type": "Point", "coordinates": [ 583963.74749485286884, 4506807.601733139716089 ] } },
{ "type": "Feature", "properties": { "node_index": 4112, "is_stop_only": false }, "geometry": { "type": "Point", "coordinates": [ 585497.537040680763312, 4514815.141751524992287 ] } },
{ "type": "Feature", "properties": { "node_index": 4113, "is_stop_only": false }, "geometry": { "type": "Point", "coordinates": [ 589164.910605430253781, 4520671.67821793910116 ] } },
{ "type": "Feature", "properties": { "node_index": 4114, "is_stop_only": false }, "geometry": { "type": "Point", "coordinates": [ 585478.821103758062236, 4514826.605154611170292 ] } },
{ "type": "Feature", "properties": { "node_index": 4115, "is_stop_only": false }, "geometry": { "type": "Point", "coordinates": [ 590449.064536061603576, 4523351.568534567020833 ] } },
{ "type": "Feature", "properties": { "node_index": 4116, "is_stop_only": false }, "geometry": { "type": "Point", "coordinates": [ 584457.284235961968079, 4506887.47577207442373 ] } },
{ "type": "Feature", "properties": { "node_index": 4117, "is_stop_only": false }, "geometry": { "type": "Point", "coordinates": [ 585299.388243598048575, 4514291.538166860118508 ] } },
{ "type": "Feature", "properties": { "node_index": 4118, "is_stop_only": false }, "geometry": { "type": "Point", "coordinates": [ 585261.293396633584052, 4514222.376407897099853 ] } },
{ "type": "Feature", "properties": { "node_index": 4119, "is_stop_only": false }, "geometry": { "type": "Point", "coordinates": [ 589272.960767532815225, 4515384.795542871579528 ] } },
{ "type": "Feature", "properties": { "node_index": 4120, "is_stop_only": false }, "geometry": { "type": "Point", "coordinates": [ 584106.881979570956901, 4506801.562355483882129 ] } },
{ "type": "Feature", "properties": { "node_index": 4121, "is_stop_only": false }, "geometry": { "type": "Point", "coordinates": [ 585217.436059289611876, 4514335.525061720050871 ] } },
{ "type": "Feature", "properties": { "node_index": 4122, "is_stop_only": false }, "geometry": { "type": "Point", "coordinates": [ 589144.108760789269581, 4515278.16886917129159 ] } },
{ "type": "Feature", "properties": { "node_index": 4123, "is_stop_only": false }, "geometry": { "type": "Point", "coordinates": [ 584698.005396053893492, 4509425.975453463383019 ] } },
{ "type": "Feature", "properties": { "node_index": 4124, "is_stop_only": false }, "geometry": { "type": "Point", "coordinates": [ 585900.751246871077456, 4507885.054386549629271 ] } },
{ "type": "Feature", "properties": { "node_index": 4125, "is_stop_only": false }, "geometry": { "type": "Point", "coordinates": [ 589131.082095999852754, 4521966.813128164038062 ] } },
{ "type": "Feature", "properties": { "node_index": 4126, "is_stop_only": false }, "geometry": { "type": "Point", "coordinates": [ 584061.777092237723991, 4509683.353237218223512 ] } },
{ "type": "Feature", "properties": { "node_index": 4127, "is_stop_only": false }, "geometry": { "type": "Point", "coordinates": [ 584070.925592925399542, 4509636.972428169101477 ] } },
{ "type": "Feature", "properties": { "node_index": 4128, "is_stop_only": false }, "geometry": { "type": "Point", "coordinates": [ 589159.259781509754248, 4522126.030693064443767 ] } },
{ "type": "Feature", "properties": { "node_index": 4129, "is_stop_only": false }, "geometry": { "type": "Point", "coordinates": [ 589116.117257555946708, 4514840.074519300833344 ] } },
{ "type": "Feature", "properties": { "node_index": 4130, "is_stop_only": false }, "geometry": { "type": "Point", "coordinates": [ 589143.614954431192018, 4514794.386153621599078 ] } },
{ "type": "Feature", "properties": { "node_index": 4131, "is_stop_only": false }, "geometry": { "type": "Point", "coordinates": [ 583503.872108771465719, 4508780.521422416903079 ] } },
{ "type": "Feature", "properties": { "node_index": 4132, "is_stop_only": false }, "geometry": { "type": "Point", "coordinates": [ 587933.472784589859657, 4512590.727685292251408 ] } },
{ "type": "Feature", "properties": { "node_index": 4133, "is_stop_only": false }, "geometry": { "type": "Point", "coordinates": [ 584776.701147378771566, 4509287.065691775642335 ] } },
{ "type": "Feature", "properties": { "node_index": 4134, "is_stop_only": false }, "geometry": { "type": "Point", "coordinates": [ 588912.070723878918216, 4517238.953158459626138 ] } },
{ "type": "Feature", "properties": { "node_index": 4135, "is_stop_only": false }, "geometry": { "type": "Point", "coordinates": [ 589197.291553625720553, 4517085.199043557047844 ] } },
{ "type": "Feature", "properties": { "node_index": 4136, "is_stop_only": false }, "geometry": { "type": "Point", "coordinates": [ 589459.467278512078337, 4516943.878079738467932 ] } },
{ "type": "Feature", "properties": { "node_index": 4137, "is_stop_only": false }, "geometry": { "type": "Point", "coordinates": [ 584530.005421645473689, 4506879.53323111217469 ] } },
{ "type": "Feature", "properties": { "node_index": 4138, "is_stop_only": false }, "geometry": { "type": "Point", "coordinates": [ 583297.18232624407392, 4506977.754881960339844 ] } },
{ "type": "Feature", "properties": { "node_index": 4139, "is_stop_only": false }, "geometry": { "type": "Point", "coordinates": [ 589850.991914835060015, 4516732.858372083865106 ] } },
{ "type": "Feature", "properties": { "node_index": 4140, "is_stop_only": false }, "geometry": { "type": "Point", "coordinates": [ 589409.081999885267578, 4515467.786502149887383 ] } },
{ "type": "Feature", "properties": { "node_index": 4141, "is_stop_only": false }, "geometry": { "type": "Point", "coordinates": [ 586247.713976270053536, 4508163.470761240459979 ] } },
{ "type": "Feature", "properties": { "node_index": 4142, "is_stop_only": false }, "geometry": { "type": "Point", "coordinates": [ 585404.188469991786405, 4509424.240103240124881 ] } },
{ "type": "Feature", "properties": { "node_index": 4143, "is_stop_only": false }, "geometry": { "type": "Point", "coordinates": [ 585602.548364214599133, 4509792.166758059524 ] } },
{ "type": "Feature", "properties": { "node_index": 4144, "is_stop_only": false }, "geometry": { "type": "Point", "coordinates": [ 585708.326502772397362, 4509988.38774180226028 ] } },
{ "type": "Feature", "properties": { "node_index": 4145, "is_stop_only": false }, "geometry": { "type": "Point", "coordinates": [ 589613.808240154990926, 4515844.026917099952698 ] } },
{ "type": "Feature", "properties": { "node_index": 4146, "is_stop_only": false }, "geometry": { "type": "Point", "coordinates": [ 585418.466494542080909, 4511309.099693289026618 ] } },
{ "type": "Feature", "properties": { "node_index": 4147, "is_stop_only": false }, "geometry": { "type": "Point", "coordinates": [ 586008.443374199443497, 4510543.499061219394207 ] } },
{ "type": "Feature", "properties": { "node_index": 4148, "is_stop_only": false }, "geometry": { "type": "Point", "coordinates": [ 584693.526888108579442, 4507433.593880406580865 ] } },
{ "type": "Feature", "properties": { "node_index": 4149, "is_stop_only": false }, "geometry": { "type": "Point", "coordinates": [ 584924.599743339116685, 4507461.548285720869899 ] } },
{ "type": "Feature", "properties": { "node_index": 4150, "is_stop_only": false }, "geometry": { "type": "Point", "coordinates": [ 586158.023834647843614, 4510820.371576207689941 ] } },
{ "type": "Feature", "properties": { "node_index": 4151, "is_stop_only": false }, "geometry": { "type": "Point", "coordinates": [ 585058.125738198403269, 4507477.677313629537821 ] } },
{ "type": "Feature", "properties": { "node_index": 4152, "is_stop_only": false }, "geometry": { "type": "Point", "coordinates": [ 586232.608417402487248, 4510957.607692338526249 ] } },
{ "type": "Feature", "properties": { "node_index": 4153, "is_stop_only": false }, "geometry": { "type": "Point", "coordinates": [ 585098.745152756338939, 4507482.59509966429323 ] } },
{ "type": "Feature", "properties": { "node_index": 4154, "is_stop_only": false }, "geometry": { "type": "Point", "coordinates": [ 584976.406070238444954, 4507467.770292480476201 ] } },
{ "type": "Feature", "properties": { "node_index": 4155, "is_stop_only": false }, "geometry": { "type": "Point", "coordinates": [ 586352.342556607560255, 4511174.918168654665351 ] } },
{ "type": "Feature", "properties": { "node_index": 4156, "is_stop_only": false }, "geometry": { "type": "Point", "coordinates": [ 585419.228320629801601, 4507521.349944786168635 ] } },
{ "type": "Feature", "properties": { "node_index": 4157, "is_stop_only": false }, "geometry": { "type": "Point", "coordinates": [ 585547.995450139977038, 4507537.566276821307838 ] } },
{ "type": "Feature", "properties": { "node_index": 4158, "is_stop_only": false }, "geometry": { "type": "Point", "coordinates": [ 585702.377845985349268, 4507555.768265948630869 ] } },
{ "type": "Feature", "properties": { "node_index": 4159, "is_stop_only": false }, "geometry": { "type": "Point", "coordinates": [ 586894.159176073269919, 4511328.290444429032505 ] } },
{ "type": "Feature", "properties": { "node_index": 4160, "is_stop_only": false }, "geometry": { "type": "Point", "coordinates": [ 586426.555484647047706, 4511312.98484621103853 ] } },
{ "type": "Feature", "properties": { "node_index": 4161, "is_stop_only": false }, "geometry": { "type": "Point", "coordinates": [ 585755.997472318587825, 4507562.149925413541496 ] } },
{ "type": "Feature", "properties": { "node_index": 4162, "is_stop_only": false }, "geometry": { "type": "Point", "coordinates": [ 585880.116897873347625, 4507576.930565122514963 ] } },
{ "type": "Feature", "properties": { "node_index": 4163, "is_stop_only": false }, "geometry": { "type": "Point", "coordinates": [ 586500.666335714515299, 4511450.873545276001096 ] } },
{ "type": "Feature", "properties": { "node_index": 4164, "is_stop_only": false }, "geometry": { "type": "Point", "coordinates": [ 585900.403188397991471, 4507601.434743785299361 ] } },
{ "type": "Feature", "properties": { "node_index": 4165, "is_stop_only": false }, "geometry": { "type": "Point", "coordinates": [ 586578.666584781254642, 4511595.991696557030082 ] } },
{ "type": "Feature", "properties": { "node_index": 4166, "is_stop_only": false }, "geometry": { "type": "Point", "coordinates": [ 586618.595059967483394, 4511670.288378079421818 ] } },
{ "type": "Feature", "properties": { "node_index": 4167, "is_stop_only": false }, "geometry": { "type": "Point", "coordinates": [ 586803.090484267217107, 4515146.121566770598292 ] } },
{ "type": "Feature", "properties": { "node_index": 4168, "is_stop_only": false }, "geometry": { "type": "Point", "coordinates": [ 586564.547397385467775, 4515274.190440087579191 ] } },
{ "type": "Feature", "properties": { "node_index": 4169, "is_stop_only": false }, "geometry": { "type": "Point", "coordinates": [ 586656.109906028723344, 4511740.093966526910663 ] } },
{ "type": "Feature", "properties": { "node_index": 4170, "is_stop_only": false }, "geometry": { "type": "Point", "coordinates": [ 586323.346184033784084, 4515403.701295948587358 ] } },
{ "type": "Feature", "properties": { "node_index": 4171, "is_stop_only": false }, "geometry": { "type": "Point", "coordinates": [ 585956.212774424115196, 4515602.499694370664656 ] } },
{ "type": "Feature", "properties": { "node_index": 4172, "is_stop_only": false }, "geometry": { "type": "Point", "coordinates": [ 586768.253596880240366, 4511948.763487624004483 ] } },
{ "type": "Feature", "properties": { "node_index": 4173, "is_stop_only": false }, "geometry": { "type": "Point", "coordinates": [ 586882.084803185774945, 4512160.563377499580383 ] } },
{ "type": "Feature", "properties": { "node_index": 4174, "is_stop_only": false }, "geometry": { "type": "Point", "coordinates": [ 584125.041269391076639, 4508248.668759370222688 ] } },
{ "type": "Feature", "properties": { "node_index": 4175, "is_stop_only": false }, "geometry": { "type": "Point", "coordinates": [ 584203.636580986669287, 4508374.603552614338696 ] } },
{ "type": "Feature", "properties": { "node_index": 4176, "is_stop_only": false }, "geometry": { "type": "Point", "coordinates": [ 584356.631847148877569, 4508617.368882764130831 ] } },
{ "type": "Feature", "properties": { "node_index": 4177, "is_stop_only": false }, "geometry": { "type": "Point", "coordinates": [ 584441.743664877139963, 4508753.339208950288594 ] } },
{ "type": "Feature", "properties": { "node_index": 4178, "is_stop_only": false }, "geometry": { "type": "Point", "coordinates": [ 586956.855919313617051, 4512299.697387808002532 ] } },
{ "type": "Feature", "properties": { "node_index": 4179, "is_stop_only": false }, "geometry": { "type": "Point", "coordinates": [ 587032.557630743016489, 4512440.575151718221605 ] } },
{ "type": "Feature", "properties": { "node_index": 4180, "is_stop_only": false }, "geometry": { "type": "Point", "coordinates": [ 586846.886963977711275, 4511280.529424158856273 ] } },
{ "type": "Feature", "properties": { "node_index": 4181, "is_stop_only": false }, "geometry": { "type": "Point", "coordinates": [ 584527.252558826468885, 4508890.503077558241785 ] } },
{ "type": "Feature", "properties": { "node_index": 4182, "is_stop_only": false }, "geometry": { "type": "Point", "coordinates": [ 587188.027242406620644, 4512734.005303173325956 ] } },
{ "type": "Feature", "properties": { "node_index": 4183, "is_stop_only": false }, "geometry": { "type": "Point", "coordinates": [ 584734.7144136010902, 4509220.849992563948035 ] } },
{ "type": "Feature", "properties": { "node_index": 4184, "is_stop_only": false }, "geometry": { "type": "Point", "coordinates": [ 585448.421192160109058, 4513204.049288458190858 ] } },
{ "type": "Feature", "properties": { "node_index": 4185, "is_stop_only": false }, "geometry": { "type": "Point", "coordinates": [ 587338.196353053441271, 4513011.267233380116522 ] } },
{ "type": "Feature", "properties": { "node_index": 4186, "is_stop_only": false }, "geometry": { "type": "Point", "coordinates": [ 587451.444837051793002, 4513220.971919255331159 ] } },
{ "type": "Feature", "properties": { "node_index": 4187, "is_stop_only": false }, "geometry": { "type": "Point", "coordinates": [ 585876.357926587341353, 4511609.422865517437458 ] } },
{ "type": "Feature", "properties": { "node_index": 4188, "is_stop_only": false }, "geometry": { "type": "Point", "coordinates": [ 587602.184139524237253, 4513500.411650441586971 ] } },
{ "type": "Feature", "properties": { "node_index": 4189, "is_stop_only": false }, "geometry": { "type": "Point", "coordinates": [ 585361.252056319732219, 4511887.464496117085218 ] } },
{ "type": "Feature", "properties": { "node_index": 4190, "is_stop_only": false }, "geometry": { "type": "Point", "coordinates": [ 585119.486219078535214, 4512016.798819627612829 ] } },
{ "type": "Feature", "properties": { "node_index": 4191, "is_stop_only": false }, "geometry": { "type": "Point", "coordinates": [ 584811.589546952862293, 4512278.265484135597944 ] } },
{ "type": "Feature", "properties": { "node_index": 4192, "is_stop_only": false }, "geometry": { "type": "Point", "coordinates": [ 587875.168957909336314, 4514006.493667506612837 ] } },
{ "type": "Feature", "properties": { "node_index": 4193, "is_stop_only": false }, "geometry": { "type": "Point", "coordinates": [ 584878.269028078764677, 4512147.634810192510486 ] } },
{ "type": "Feature", "properties": { "node_index": 4194, "is_stop_only": false }, "geometry": { "type": "Point", "coordinates": [ 584410.436415254487656, 4507032.424324858002365 ] } },
{ "type": "Feature", "properties": { "node_index": 4195, "is_stop_only": false }, "geometry": { "type": "Point", "coordinates": [ 588257.935137298190966, 4518600.07004423905164 ] } },
{ "type": "Feature", "properties": { "node_index": 4196, "is_stop_only": false }, "geometry": { "type": "Point", "coordinates": [ 587992.711314657819457, 4514224.407908019609749 ] } },
{ "type": "Feature", "properties": { "node_index": 4197, "is_stop_only": false }, "geometry": { "type": "Point", "coordinates": [ 583497.426865395042114, 4508723.584017544984818 ] } },
{ "type": "Feature", "properties": { "node_index": 4198, "is_stop_only": false }, "geometry": { "type": "Point", "coordinates": [ 587824.977559698047116, 4518753.800512537360191 ] } },
{ "type": "Feature", "properties": { "node_index": 4199, "is_stop_only": false }, "geometry": { "type": "Point", "coordinates": [ 588071.302790574729443, 4514370.128383048810065 ] } },
{ "type": "Feature", "properties": { "node_index": 4200, "is_stop_only": false }, "geometry": { "type": "Point", "coordinates": [ 588224.628666814416647, 4514654.409599587321281 ] } },
{ "type": "Feature", "properties": { "node_index": 4201, "is_stop_only": false }, "geometry": { "type": "Point", "coordinates": [ 584636.840868250001222, 4512277.010552651248872 ] } },
{ "type": "Feature", "properties": { "node_index": 4202, "is_stop_only": false }, "geometry": { "type": "Point", "coordinates": [ 588306.596293829148635, 4514806.390503634698689 ] } },
{ "type": "Feature", "properties": { "node_index": 4203, "is_stop_only": false }, "geometry": { "type": "Point", "coordinates": [ 588457.847750335931778, 4515086.866585483774543 ] } },
{ "type": "Feature", "properties": { "node_index": 4204, "is_stop_only": false }, "geometry": { "type": "Point", "coordinates": [ 587646.695643338141963, 4512936.096621814183891 ] } },
{ "type": "Feature", "properties": { "node_index": 4205, "is_stop_only": false }, "geometry": { "type": "Point", "coordinates": [ 588532.485318536986597, 4515227.860196246765554 ] } },
{ "type": "Feature", "properties": { "node_index": 4206, "is_stop_only": false }, "geometry": { "type": "Point", "coordinates": [ 588649.285967680392787, 4515443.79016335401684 ] } },
{ "type": "Feature", "properties": { "node_index": 4207, "is_stop_only": false }, "geometry": { "type": "Point", "coordinates": [ 588728.495120236300863, 4515589.270666662603617 ] } },
{ "type": "Feature", "properties": { "node_index": 4208, "is_stop_only": false }, "geometry": { "type": "Point", "coordinates": [ 588750.819982344517484, 4521074.098392704501748 ] } },
{ "type": "Feature", "properties": { "node_index": 4209, "is_stop_only": false }, "geometry": { "type": "Point", "coordinates": [ 588698.448493020492606, 4520974.901279886253178 ] } },
{ "type": "Feature", "properties": { "node_index": 4210, "is_stop_only": false }, "geometry": { "type": "Point", "coordinates": [ 588804.124511098605581, 4515729.013634475879371 ] } },
{ "type": "Feature", "properties": { "node_index": 4211, "is_stop_only": false }, "geometry": { "type": "Point", "coordinates": [ 588993.256820988492109, 4516079.780087947845459 ] } },
{ "type": "Feature", "properties": { "node_index": 4212, "is_stop_only": false }, "geometry": { "type": "Point", "coordinates": [ 589034.196024792385288, 4516155.713681276887655 ] } },
{ "type": "Feature", "properties": { "node_index": 4213, "is_stop_only": false }, "geometry": { "type": "Point", "coordinates": [ 589150.63710331148468, 4516371.681683248840272 ] } },
{ "type": "Feature", "properties": { "node_index": 4214, "is_stop_only": false }, "geometry": { "type": "Point", "coordinates": [ 589227.242874623509124, 4516513.76177800539881 ] } },
{ "type": "Feature", "properties": { "node_index": 4215, "is_stop_only": false }, "geometry": { "type": "Point", "coordinates": [ 589417.778374715941027, 4516867.18886330537498 ] } },
{ "type": "Feature", "properties": { "node_index": 4216, "is_stop_only": false }, "geometry": { "type": "Point", "coordinates": [ 589610.768412580480799, 4517224.69261191599071 ] } },
{ "type": "Feature", "properties": { "node_index": 4217, "is_stop_only": false }, "geometry": { "type": "Point", "coordinates": [ 589686.553906949586235, 4517365.43591854069382 ] } },
{ "type": "Feature", "properties": { "node_index": 4218, "is_stop_only": false }, "geometry": { "type": "Point", "coordinates": [ 589843.032252969336696, 4517656.82163289655 ] } },
{ "type": "Feature", "properties": { "node_index": 4219, "is_stop_only": false }, "geometry": { "type": "Point", "coordinates": [ 582959.898203359800391, 4506604.245494860224426 ] } },
{ "type": "Feature", "properties": { "node_index": 4220, "is_stop_only": false }, "geometry": { "type": "Point", "coordinates": [ 582989.501906657591462, 4506677.550076158717275 ] } },
{ "type": "Feature", "properties": { "node_index": 4221, "is_stop_only": false }, "geometry": { "type": "Point", "coordinates": [ 587205.154595108120702, 4516779.030807737261057 ] } },
{ "type": "Feature", "properties": { "node_index": 4222, "is_stop_only": false }, "geometry": { "type": "Point", "coordinates": [ 583026.942578386515379, 4506747.312124312855303 ] } },
{ "type": "Feature", "properties": { "node_index": 4223, "is_stop_only": false }, "geometry": { "type": "Point", "coordinates": [ 584526.293872169102542, 4506917.593298057094216 ] } },
{ "type": "Feature", "properties": { "node_index": 4224, "is_stop_only": false }, "geometry": { "type": "Point", "coordinates": [ 588119.860259496839717, 4517022.822255649603903 ] } },
{ "type": "Feature", "properties": { "node_index": 4225, "is_stop_only": false }, "geometry": { "type": "Point", "coordinates": [ 585793.250218789675273, 4513843.262827434577048 ] } },
{ "type": "Feature", "properties": { "node_index": 4226, "is_stop_only": false }, "geometry": { "type": "Point", "coordinates": [ 585969.033592992112972, 4510016.408887228928506 ] } },
{ "type": "Feature", "properties": { "node_index": 4227, "is_stop_only": false }, "geometry": { "type": "Point", "coordinates": [ 589510.50396592495963, 4519019.73899588175118 ] } },
{ "type": "Feature", "properties": { "node_index": 4228, "is_stop_only": false }, "geometry": { "type": "Point", "coordinates": [ 584855.664128121105023, 4513704.004714977927506 ] } },
{ "type": "Feature", "properties": { "node_index": 4229, "is_stop_only": false }, "geometry": { "type": "Point", "coordinates": [ 589268.826394317205995, 4519148.602862900123 ] } },
{ "type": "Feature", "properties": { "node_index": 4230, "is_stop_only": false }, "geometry": { "type": "Point", "coordinates": [ 589034.087606271845289, 4519275.61506718210876 ] } },
{ "type": "Feature", "properties": { "node_index": 4231, "is_stop_only": false }, "geometry": { "type": "Point", "coordinates": [ 588916.762904345523566, 4519338.819107800722122 ] } },
{ "type": "Feature", "properties": { "node_index": 4232, "is_stop_only": false }, "geometry": { "type": "Point", "coordinates": [ 588552.012360122287646, 4519534.983790497295558 ] } },
{ "type": "Feature", "properties": { "node_index": 4233, "is_stop_only": false }, "geometry": { "type": "Point", "coordinates": [ 588433.74795367650222, 4519598.483797782100737 ] } },
{ "type": "Feature", "properties": { "node_index": 4234, "is_stop_only": false }, "geometry": { "type": "Point", "coordinates": [ 584583.83839128294494, 4511606.533174410462379 ] } },
{ "type": "Feature", "properties": { "node_index": 4235, "is_stop_only": false }, "geometry": { "type": "Point", "coordinates": [ 585827.178155065979809, 4515391.623813581652939 ] } },
{ "type": "Feature", "properties": { "node_index": 4236, "is_stop_only": false }, "geometry": { "type": "Point", "coordinates": [ 588134.35298897465691, 4519759.223537406884134 ] } },
{ "type": "Feature", "properties": { "node_index": 4237, "is_stop_only": false }, "geometry": { "type": "Point", "coordinates": [ 584289.521159564959817, 4509593.225358897820115 ] } },
{ "type": "Feature", "properties": { "node_index": 4238, "is_stop_only": false }, "geometry": { "type": "Point", "coordinates": [ 584222.607246912550181, 4509638.738507069647312 ] } },
{ "type": "Feature", "properties": { "node_index": 4239, "is_stop_only": false }, "geometry": { "type": "Point", "coordinates": [ 585717.531544294208288, 4513703.185724339447916 ] } },
{ "type": "Feature", "properties": { "node_index": 4240, "is_stop_only": false }, "geometry": { "type": "Point", "coordinates": [ 583447.277137148194015, 4506225.380123076960444 ] } },
{ "type": "Feature", "properties": { "node_index": 4241, "is_stop_only": false }, "geometry": { "type": "Point", "coordinates": [ 584574.930255746818148, 4513154.80849979352206 ] } },
{ "type": "Feature", "properties": { "node_index": 4242, "is_stop_only": false }, "geometry": { "type": "Point", "coordinates": [ 590298.30810912232846, 4523071.491242409683764 ] } },
{ "type": "Feature", "properties": { "node_index": 4243, "is_stop_only": false }, "geometry": { "type": "Point", "coordinates": [ 589825.970831312937662, 4523271.903749046847224 ] } },
{ "type": "Feature", "properties": { "node_index": 4244, "is_stop_only": false }, "geometry": { "type": "Point", "coordinates": [ 583536.274178592022508, 4509159.64494863897562 ] } },
{ "type": "Feature", "properties": { "node_index": 4245, "is_stop_only": false }, "geometry": { "type": "Point", "coordinates": [ 587519.771138448850252, 4515022.722025487571955 ] } },
{ "type": "Feature", "properties": { "node_index": 4246, "is_stop_only": false }, "geometry": { "type": "Point", "coordinates": [ 584235.248278494575061, 4508997.34643957670778 ] } },
{ "type": "Feature", "properties": { "node_index": 4247, "is_stop_only": false }, "geometry": { "type": "Point", "coordinates": [ 585476.279284195043147, 4513833.423681993968785 ] } },
{ "type": "Feature", "properties": { "node_index": 4248, "is_stop_only": false }, "geometry": { "type": "Point", "coordinates": [ 585399.8837962228572, 4513692.231955603696406 ] } },
{ "type": "Feature", "properties": { "node_index": 4249, "is_stop_only": false }, "geometry": { "type": "Point", "coordinates": [ 584926.148212151136249, 4513952.292510831728578 ] } },
{ "type": "Feature", "properties": { "node_index": 4250, "is_stop_only": false }, "geometry": { "type": "Point", "coordinates": [ 583299.730511532747187, 4506088.400037039071321 ] } },
{ "type": "Feature", "properties": { "node_index": 4251, "is_stop_only": false }, "geometry": { "type": "Point", "coordinates": [ 589485.895273946458474, 4518946.253324697725475 ] } },
{ "type": "Feature", "properties": { "node_index": 4252, "is_stop_only": false }, "geometry": { "type": "Point", "coordinates": [ 589240.998768709832802, 4518520.64304758515209 ] } },
{ "type": "Feature", "properties": { "node_index": 4253, "is_stop_only": false }, "geometry": { "type": "Point", "coordinates": [ 589559.763797733234242, 4519082.332098100334406 ] } },
{ "type": "Feature", "properties": { "node_index": 4254, "is_stop_only": false }, "geometry": { "type": "Point", "coordinates": [ 588548.637894024257548, 4517238.400950778275728 ] } },
{ "type": "Feature", "properties": { "node_index": 4255, "is_stop_only": false }, "geometry": { "type": "Point", "coordinates": [ 589279.005837185308337, 4518590.00398510042578 ] } },
{ "type": "Feature", "properties": { "node_index": 4256, "is_stop_only": false }, "geometry": { "type": "Point", "coordinates": [ 589165.550606311415322, 4518380.973854960873723 ] } },
{ "type": "Feature", "properties": { "node_index": 4257, "is_stop_only": false }, "geometry": { "type": "Point", "coordinates": [ 589128.223043320816942, 4518311.044447098858654 ] } },
{ "type": "Feature", "properties": { "node_index": 4258, "is_stop_only": false }, "geometry": { "type": "Point", "coordinates": [ 589522.391329007106833, 4519013.243662936612964 ] } },
{ "type": "Feature", "properties": { "node_index": 4259, "is_stop_only": false }, "geometry": { "type": "Point", "coordinates": [ 588631.275337441824377, 4517390.517215179279447 ] } },
{ "type": "Feature", "properties": { "node_index": 4260, "is_stop_only": false }, "geometry": { "type": "Point", "coordinates": [ 589397.546369156334549, 4518809.733797547407448 ] } },
{ "type": "Feature", "properties": { "node_index": 4261, "is_stop_only": false }, "geometry": { "type": "Point", "coordinates": [ 588591.660298642120324, 4517316.300159070640802 ] } },
{ "type": "Feature", "properties": { "node_index": 4262, "is_stop_only": false }, "geometry": { "type": "Point", "coordinates": [ 584755.351660421467386, 4513488.305478297173977 ] } },
{ "type": "Feature", "properties": { "node_index": 4263, "is_stop_only": false }, "geometry": { "type": "Point", "coordinates": [ 584715.424092573579401, 4513415.462157540023327 ] } },
{ "type": "Feature", "properties": { "node_index": 4264, "is_stop_only": false }, "geometry": { "type": "Point", "coordinates": [ 589319.342495882883668, 4518664.76689862832427 ] } },
{ "type": "Feature", "properties": { "node_index": 4265, "is_stop_only": false }, "geometry": { "type": "Point", "coordinates": [ 588782.758004354313016, 4517671.305463205091655 ] } },
{ "type": "Feature", "properties": { "node_index": 4266, "is_stop_only": false }, "geometry": { "type": "Point", "coordinates": [ 584829.132375150104053, 4513628.372148709371686 ] } },
{ "type": "Feature", "properties": { "node_index": 4267, "is_stop_only": false }, "geometry": { "type": "Point", "coordinates": [ 589360.181373694329523, 4518740.479847218841314 ] } },
{ "type": "Feature", "properties": { "node_index": 4268, "is_stop_only": false }, "geometry": { "type": "Point", "coordinates": [ 588745.096851299516857, 4517601.14111440628767 ] } },
{ "type": "Feature", "properties": { "node_index": 4269, "is_stop_only": false }, "geometry": { "type": "Point", "coordinates": [ 588362.5687515581958, 4516891.356460084207356 ] } },
{ "type": "Feature", "properties": { "node_index": 4270, "is_stop_only": false }, "geometry": { "type": "Point", "coordinates": [ 589635.152173338690773, 4519220.828291151672602 ] } },
{ "type": "Feature", "properties": { "node_index": 4271, "is_stop_only": false }, "geometry": { "type": "Point", "coordinates": [ 588668.491551957558841, 4517461.386121837422252 ] } },
{ "type": "Feature", "properties": { "node_index": 4272, "is_stop_only": false }, "geometry": { "type": "Point", "coordinates": [ 588820.61842670023907, 4517740.972814886830747 ] } },
{ "type": "Feature", "properties": { "node_index": 4273, "is_stop_only": false }, "geometry": { "type": "Point", "coordinates": [ 589053.021247424767353, 4518171.568281641229987 ] } },
{ "type": "Feature", "properties": { "node_index": 4274, "is_stop_only": false }, "geometry": { "type": "Point", "coordinates": [ 588977.695105570019223, 4518032.36905708629638 ] } },
{ "type": "Feature", "properties": { "node_index": 4275, "is_stop_only": false }, "geometry": { "type": "Point", "coordinates": [ 588435.636848748079501, 4517029.466785895638168 ] } },
{ "type": "Feature", "properties": { "node_index": 4276, "is_stop_only": false }, "geometry": { "type": "Point", "coordinates": [ 587199.446472040377557, 4511776.8228221796453 ] } },
{ "type": "Feature", "properties": { "node_index": 4277, "is_stop_only": false }, "geometry": { "type": "Point", "coordinates": [ 589015.711323746596463, 4518102.094938479363918 ] } },
{ "type": "Feature", "properties": { "node_index": 4278, "is_stop_only": false }, "geometry": { "type": "Point", "coordinates": [ 586978.453343575354666, 4511377.62982589751482 ] } },
{ "type": "Feature", "properties": { "node_index": 4279, "is_stop_only": false }, "geometry": { "type": "Point", "coordinates": [ 589434.984666774049401, 4518879.144286043941975 ] } },
{ "type": "Feature", "properties": { "node_index": 4280, "is_stop_only": false }, "geometry": { "type": "Point", "coordinates": [ 586570.248565002577379, 4509758.451538149267435 ] } },
{ "type": "Feature", "properties": { "node_index": 4281, "is_stop_only": false }, "geometry": { "type": "Point", "coordinates": [ 586548.479708704748191, 4511074.333132236264646 ] } },
{ "type": "Feature", "properties": { "node_index": 4282, "is_stop_only": false }, "geometry": { "type": "Point", "coordinates": [ 585102.366891059209593, 4508747.579784042201936 ] } },
{ "type": "Feature", "properties": { "node_index": 4283, "is_stop_only": false }, "geometry": { "type": "Point", "coordinates": [ 584977.617103811935522, 4508790.16914401575923 ] } },
{ "type": "Feature", "properties": { "node_index": 4284, "is_stop_only": false }, "geometry": { "type": "Point", "coordinates": [ 586483.857914488646202, 4512735.707824873737991 ] } },
{ "type": "Feature", "properties": { "node_index": 4285, "is_stop_only": false }, "geometry": { "type": "Point", "coordinates": [ 584917.252325500012375, 4508810.782630389556289 ] } },
{ "type": "Feature", "properties": { "node_index": 4286, "is_stop_only": false }, "geometry": { "type": "Point", "coordinates": [ 584901.555911357630976, 4508819.928691184148192 ] } },
{ "type": "Feature", "properties": { "node_index": 4287, "is_stop_only": false }, "geometry": { "type": "Point", "coordinates": [ 584865.610146095510572, 4508842.698471313342452 ] } },
{ "type": "Feature", "properties": { "node_index": 4288, "is_stop_only": false }, "geometry": { "type": "Point", "coordinates": [ 584799.521433622343466, 4508884.574581354856491 ] } },
{ "type": "Feature", "properties": { "node_index": 4289, "is_stop_only": false }, "geometry": { "type": "Point", "coordinates": [ 584730.156540287192911, 4508928.656456206925213 ] } },
{ "type": "Feature", "properties": { "node_index": 4290, "is_stop_only": false }, "geometry": { "type": "Point", "coordinates": [ 585244.567555592744611, 4513403.32732274569571 ] } },
{ "type": "Feature", "properties": { "node_index": 4291, "is_stop_only": false }, "geometry": { "type": "Point", "coordinates": [ 584601.516031808801927, 4509010.697809468954802 ] } },
{ "type": "Feature", "properties": { "node_index": 4292, "is_stop_only": false }, "geometry": { "type": "Point", "coordinates": [ 584535.191600895137526, 4509052.773354466073215 ] } },
{ "type": "Feature", "properties": { "node_index": 4293, "is_stop_only": false }, "geometry": { "type": "Point", "coordinates": [ 584474.09965461131651, 4509091.556245426647365 ] } },
{ "type": "Feature", "properties": { "node_index": 4294, "is_stop_only": false }, "geometry": { "type": "Point", "coordinates": [ 584409.571661646128632, 4509132.498726983554661 ] } },
{ "type": "Feature", "properties": { "node_index": 4295, "is_stop_only": false }, "geometry": { "type": "Point", "coordinates": [ 584344.932223245617934, 4509172.907584226690233 ] } },
{ "type": "Feature", "properties": { "node_index": 4296, "is_stop_only": false }, "geometry": { "type": "Point", "coordinates": [ 584402.440087462891825, 4509264.110880092717707 ] } },
{ "type": "Feature", "properties": { "node_index": 4297, "is_stop_only": false }, "geometry": { "type": "Point", "coordinates": [ 584433.545074845780618, 4509313.836171077564359 ] } },
{ "type": "Feature", "properties": { "node_index": 4298, "is_stop_only": false }, "geometry": { "type": "Point", "coordinates": [ 584476.56453158846125, 4509382.249003146775067 ] } },
{ "type": "Feature", "properties": { "node_index": 4299, "is_stop_only": false }, "geometry": { "type": "Point", "coordinates": [ 584517.844787766458467, 4509447.57809909619391 ] } },
{ "type": "Feature", "properties": { "node_index": 4300, "is_stop_only": false }, "geometry": { "type": "Point", "coordinates": [ 588487.601070999749936, 4516450.364290962927043 ] } },
{ "type": "Feature", "properties": { "node_index": 4301, "is_stop_only": false }, "geometry": { "type": "Point", "coordinates": [ 586182.157812980469316, 4512176.190315009094775 ] } },
{ "type": "Feature", "properties": { "node_index": 4302, "is_stop_only": false }, "geometry": { "type": "Point", "coordinates": [ 586318.702825458487496, 4512102.540257503278553 ] } },
{ "type": "Feature", "properties": { "node_index": 4303, "is_stop_only": false }, "geometry": { "type": "Point", "coordinates": [ 588771.987857071566395, 4516296.783241282217205 ] } },
{ "type": "Feature", "properties": { "node_index": 4304, "is_stop_only": false }, "geometry": { "type": "Point", "coordinates": [ 586395.251580309006386, 4512061.244091116823256 ] } },
{ "type": "Feature", "properties": { "node_index": 4305, "is_stop_only": false }, "geometry": { "type": "Point", "coordinates": [ 589425.808009980013594, 4515944.64975968375802 ] } },
{ "type": "Feature", "properties": { "node_index": 4306, "is_stop_only": false }, "geometry": { "type": "Point", "coordinates": [ 586592.837729516555555, 4511954.682390118017793 ] } },
{ "type": "Feature", "properties": { "node_index": 4307, "is_stop_only": false }, "geometry": { "type": "Point", "coordinates": [ 586731.434946954715997, 4511880.253263227641582 ] } },
{ "type": "Feature", "properties": { "node_index": 4308, "is_stop_only": false }, "geometry": { "type": "Point", "coordinates": [ 586919.87283194065094, 4511779.244007490575314 ] } },
{ "type": "Feature", "properties": { "node_index": 4309, "is_stop_only": false }, "geometry": { "type": "Point", "coordinates": [ 587122.643654788495041, 4511668.915508829988539 ] } },
{ "type": "Feature", "properties": { "node_index": 4310, "is_stop_only": false }, "geometry": { "type": "Point", "coordinates": [ 588359.140183032024652, 4518995.282851072959602 ] } },
{ "type": "Feature", "properties": { "node_index": 4311, "is_stop_only": false }, "geometry": { "type": "Point", "coordinates": [ 588282.505595700116828, 4519035.235277899540961 ] } },
{ "type": "Feature", "properties": { "node_index": 4312, "is_stop_only": false }, "geometry": { "type": "Point", "coordinates": [ 588102.696704192087054, 4519132.001540492288768 ] } },
{ "type": "Feature", "properties": { "node_index": 4313, "is_stop_only": false }, "geometry": { "type": "Point", "coordinates": [ 587798.685989862889983, 4519297.69615285564214 ] } },
{ "type": "Feature", "properties": { "node_index": 4314, "is_stop_only": false }, "geometry": { "type": "Point", "coordinates": [ 589254.592512751929462, 4518513.290776052512228 ] } },
{ "type": "Feature", "properties": { "node_index": 4315, "is_stop_only": false }, "geometry": { "type": "Point", "coordinates": [ 588998.650507430895232, 4518651.761673707515001 ] } },
{ "type": "Feature", "properties": { "node_index": 4316, "is_stop_only": false }, "geometry": { "type": "Point", "coordinates": [ 588765.286078592878766, 4518776.54536759853363 ] } },
{ "type": "Feature", "properties": { "node_index": 4317, "is_stop_only": false }, "geometry": { "type": "Point", "coordinates": [ 589258.410663266666234, 4517881.183894881978631 ] } },
{ "type": "Feature", "properties": { "node_index": 4318, "is_stop_only": false }, "geometry": { "type": "Point", "coordinates": [ 589395.632025294005871, 4517807.200448521412909 ] } },
{ "type": "Feature", "properties": { "node_index": 4319, "is_stop_only": false }, "geometry": { "type": "Point", "coordinates": [ 589669.717977771884762, 4517659.436503989621997 ] } },
{ "type": "Feature", "properties": { "node_index": 4320, "is_stop_only": false }, "geometry": { "type": "Point", "coordinates": [ 589804.947301456122659, 4517587.623479314148426 ] } },
{ "type": "Feature", "properties": { "node_index": 4321, "is_stop_only": false }, "geometry": { "type": "Point", "coordinates": [ 589996.101791973807849, 4517484.184979896992445 ] } },
{ "type": "Feature", "properties": { "node_index": 4322, "is_stop_only": false }, "geometry": { "type": "Point", "coordinates": [ 590182.529283838579431, 4517384.857078570872545 ] } },
{ "type": "Feature", "properties": { "node_index": 4323, "is_stop_only": false }, "geometry": { "type": "Point", "coordinates": [ 585297.922903935657814, 4509227.108085580170155 ] } },
{ "type": "Feature", "properties": { "node_index": 4324, "is_stop_only": false }, "geometry": { "type": "Point", "coordinates": [ 585487.851243354030885, 4509123.070024654269218 ] } },
{ "type": "Feature", "properties": { "node_index": 4325, "is_stop_only": false }, "geometry": { "type": "Point", "coordinates": [ 585688.276624182704836, 4509013.773447285406291 ] } },
{ "type": "Feature", "properties": { "node_index": 4326, "is_stop_only": false }, "geometry": { "type": "Point", "coordinates": [ 585876.699138414231129, 4508912.369998600333929 ] } },
{ "type": "Feature", "properties": { "node_index": 4327, "is_stop_only": false }, "geometry": { "type": "Point", "coordinates": [ 587000.748857998754829, 4515510.189950401894748 ] } },
{ "type": "Feature", "properties": { "node_index": 4328, "is_stop_only": false }, "geometry": { "type": "Point", "coordinates": [ 586761.077456961502321, 4515638.716472146101296 ] } },
{ "type": "Feature", "properties": { "node_index": 4329, "is_stop_only": false }, "geometry": { "type": "Point", "coordinates": [ 589718.151446608360857, 4518742.462132262997329 ] } },
{ "type": "Feature", "properties": { "node_index": 4330, "is_stop_only": false }, "geometry": { "type": "Point", "coordinates": [ 586519.962267570313998, 4515768.044138707220554 ] } },
{ "type": "Feature", "properties": { "node_index": 4331, "is_stop_only": false }, "geometry": { "type": "Point", "coordinates": [ 586065.819994374760427, 4516014.603431080467999 ] } },
{ "type": "Feature", "properties": { "node_index": 4332, "is_stop_only": false }, "geometry": { "type": "Point", "coordinates": [ 583452.938188498024829, 4508405.541812452487648 ] } },
{ "type": "Feature", "properties": { "node_index": 4333, "is_stop_only": false }, "geometry": { "type": "Point", "coordinates": [ 588061.885773610556498, 4515661.499811831861734 ] } },
{ "type": "Feature", "properties": { "node_index": 4334, "is_stop_only": false }, "geometry": { "type": "Point", "coordinates": [ 588198.249548075022176, 4515587.427890995517373 ] } },
{ "type": "Feature", "properties": { "node_index": 4335, "is_stop_only": false }, "geometry": { "type": "Point", "coordinates": [ 586910.472057309700176, 4511290.123467159457505 ] } },
{ "type": "Feature", "properties": { "node_index": 4336, "is_stop_only": false }, "geometry": { "type": "Point", "coordinates": [ 588346.532927289139479, 4515506.883689887821674 ] } },
{ "type": "Feature", "properties": { "node_index": 4337, "is_stop_only": false }, "geometry": { "type": "Point", "coordinates": [ 588472.997103325440548, 4515441.136327294632792 ] } },
{ "type": "Feature", "properties": { "node_index": 4338, "is_stop_only": false }, "geometry": { "type": "Point", "coordinates": [ 588608.036278916173615, 4515368.443716628476977 ] } },
{ "type": "Feature", "properties": { "node_index": 4339, "is_stop_only": false }, "geometry": { "type": "Point", "coordinates": [ 588799.093379257828929, 4515264.339522607624531 ] } },
{ "type": "Feature", "properties": { "node_index": 4340, "is_stop_only": false }, "geometry": { "type": "Point", "coordinates": [ 589000.271359344245866, 4515155.587796557694674 ] } },
{ "type": "Feature", "properties": { "node_index": 4341, "is_stop_only": false }, "geometry": { "type": "Point", "coordinates": [ 585261.162451535346918, 4509157.729797964915633 ] } },
{ "type": "Feature", "properties": { "node_index": 4342, "is_stop_only": false }, "geometry": { "type": "Point", "coordinates": [ 585307.711456262390129, 4509132.419400221668184 ] } },
{ "type": "Feature", "properties": { "node_index": 4343, "is_stop_only": false }, "geometry": { "type": "Point", "coordinates": [ 585450.675379043095745, 4509054.662976028397679 ] } },
{ "type": "Feature", "properties": { "node_index": 4344, "is_stop_only": false }, "geometry": { "type": "Point", "coordinates": [ 585651.395900689414702, 4508945.513108369894326 ] } },
{ "type": "Feature", "properties": { "node_index": 4345, "is_stop_only": false }, "geometry": { "type": "Point", "coordinates": [ 588894.905382429831661, 4517520.105089374817908 ] } },
{ "type": "Feature", "properties": { "node_index": 4346, "is_stop_only": false }, "geometry": { "type": "Point", "coordinates": [ 585839.906603614334017, 4508843.887678195722401 ] } },
{ "type": "Feature", "properties": { "node_index": 4347, "is_stop_only": false }, "geometry": { "type": "Point", "coordinates": [ 586037.432413744623773, 4508737.375525242649019 ] } },
{ "type": "Feature", "properties": { "node_index": 4348, "is_stop_only": false }, "geometry": { "type": "Point", "coordinates": [ 586238.371985072735697, 4508629.065230691805482 ] } },
{ "type": "Feature", "properties": { "node_index": 4349, "is_stop_only": false }, "geometry": { "type": "Point", "coordinates": [ 586439.809676171396859, 4508520.566203902475536 ] } },
{ "type": "Feature", "properties": { "node_index": 4350, "is_stop_only": false }, "geometry": { "type": "Point", "coordinates": [ 583803.056432872661389, 4507202.683649468235672 ] } },
{ "type": "Feature", "properties": { "node_index": 4351, "is_stop_only": false }, "geometry": { "type": "Point", "coordinates": [ 589459.621740783913992, 4519502.248585090972483 ] } },
{ "type": "Feature", "properties": { "node_index": 4352, "is_stop_only": false }, "geometry": { "type": "Point", "coordinates": [ 589224.691436260123737, 4519629.674163384363055 ] } },
{ "type": "Feature", "properties": { "node_index": 4353, "is_stop_only": false }, "geometry": { "type": "Point", "coordinates": [ 588353.005237346980721, 4513079.271985311992466 ] } },
{ "type": "Feature", "properties": { "node_index": 4354, "is_stop_only": false }, "geometry": { "type": "Point", "coordinates": [ 589139.535319450777024, 4519674.899526011198759 ] } },
{ "type": "Feature", "properties": { "node_index": 4355, "is_stop_only": false }, "geometry": { "type": "Point", "coordinates": [ 589060.849892624421045, 4519717.261662170290947 ] } },
{ "type": "Feature", "properties": { "node_index": 4356, "is_stop_only": false }, "geometry": { "type": "Point", "coordinates": [ 588798.514809378073551, 4513786.626085369847715 ] } },
{ "type": "Feature", "properties": { "node_index": 4357, "is_stop_only": false }, "geometry": { "type": "Point", "coordinates": [ 588859.216431250330061, 4519825.503992014564574 ] } },
{ "type": "Feature", "properties": { "node_index": 4358, "is_stop_only": false }, "geometry": { "type": "Point", "coordinates": [ 588742.395358998095617, 4519889.049699562601745 ] } },
{ "type": "Feature", "properties": { "node_index": 4359, "is_stop_only": false }, "geometry": { "type": "Point", "coordinates": [ 588370.839178609079681, 4520089.948243732564151 ] } },
{ "type": "Feature", "properties": { "node_index": 4360, "is_stop_only": false }, "geometry": { "type": "Point", "coordinates": [ 585269.087573694530874, 4510483.419432115741074 ] } },
{ "type": "Feature", "properties": { "node_index": 4361, "is_stop_only": false }, "geometry": { "type": "Point", "coordinates": [ 584754.275616895058192, 4510760.730461783707142 ] } },
{ "type": "Feature", "properties": { "node_index": 4362, "is_stop_only": false }, "geometry": { "type": "Point", "coordinates": [ 584512.954752665478736, 4510891.089318682439625 ] } },
{ "type": "Feature", "properties": { "node_index": 4363, "is_stop_only": false }, "geometry": { "type": "Point", "coordinates": [ 584267.421531303436495, 4511024.349996898323298 ] } },
{ "type": "Feature", "properties": { "node_index": 4364, "is_stop_only": false }, "geometry": { "type": "Point", "coordinates": [ 584030.083433418301865, 4511151.272290624678135 ] } },
{ "type": "Feature", "properties": { "node_index": 4365, "is_stop_only": false }, "geometry": { "type": "Point", "coordinates": [ 589349.305270101642236, 4515438.109334790147841 ] } },
{ "type": "Feature", "properties": { "node_index": 4366, "is_stop_only": false }, "geometry": { "type": "Point", "coordinates": [ 589610.844141596346162, 4519788.394015319645405 ] } },
{ "type": "Feature", "properties": { "node_index": 4367, "is_stop_only": false }, "geometry": { "type": "Point", "coordinates": [ 589378.683139787404798, 4519913.283478764817119 ] } },
{ "type": "Feature", "properties": { "node_index": 4368, "is_stop_only": false }, "geometry": { "type": "Point", "coordinates": [ 589294.224177446216345, 4519958.226782094687223 ] } },
{ "type": "Feature", "properties": { "node_index": 4369, "is_stop_only": false }, "geometry": { "type": "Point", "coordinates": [ 589012.64791988581419, 4520110.186800949275494 ] } },
{ "type": "Feature", "properties": { "node_index": 4370, "is_stop_only": false }, "geometry": { "type": "Point", "coordinates": [ 588895.892473798361607, 4520172.731588411144912 ] } },
{ "type": "Feature", "properties": { "node_index": 4371, "is_stop_only": false }, "geometry": { "type": "Point", "coordinates": [ 588527.483087223488837, 4520370.096033031120896 ] } },
{ "type": "Feature", "properties": { "node_index": 4372, "is_stop_only": false }, "geometry": { "type": "Point", "coordinates": [ 583463.579171018791385, 4508477.747288227081299 ] } },
{ "type": "Feature", "properties": { "node_index": 4373, "is_stop_only": false }, "geometry": { "type": "Point", "coordinates": [ 585387.288966685417108, 4509717.542292531579733 ] } },
{ "type": "Feature", "properties": { "node_index": 4374, "is_stop_only": false }, "geometry": { "type": "Point", "coordinates": [ 584574.875847409246489, 4513199.48311899974942 ] } },
{ "type": "Feature", "properties": { "node_index": 4375, "is_stop_only": false }, "geometry": { "type": "Point", "coordinates": [ 585466.388544900575653, 4509865.346639412455261 ] } },
{ "type": "Feature", "properties": { "node_index": 4376, "is_stop_only": false }, "geometry": { "type": "Point", "coordinates": [ 585501.324373436626047, 4509930.619522585533559 ] } },
{ "type": "Feature", "properties": { "node_index": 4377, "is_stop_only": false }, "geometry": { "type": "Point", "coordinates": [ 585536.705925103742629, 4509996.730400553904474 ] } },
{ "type": "Feature", "properties": { "node_index": 4378, "is_stop_only": false }, "geometry": { "type": "Point", "coordinates": [ 585571.665426444145851, 4510062.037242054007947 ] } },
{ "type": "Feature", "properties": { "node_index": 4379, "is_stop_only": false }, "geometry": { "type": "Point", "coordinates": [ 585606.747999616782181, 4510127.601043488830328 ] } },
{ "type": "Feature", "properties": { "node_index": 4380, "is_stop_only": false }, "geometry": { "type": "Point", "coordinates": [ 589373.035195241332985, 4518733.607364020310342 ] } },
{ "type": "Feature", "properties": { "node_index": 4381, "is_stop_only": false }, "geometry": { "type": "Point", "coordinates": [ 591259.89691524731461, 4524905.419730765745044 ] } },
{ "type": "Feature", "properties": { "node_index": 4382, "is_stop_only": false }, "geometry": { "type": "Point", "coordinates": [ 591365.711020895163529, 4525007.608428734354675 ] } },
{ "type": "Feature", "properties": { "node_index": 4383, "is_stop_only": false }, "geometry": { "type": "Point", "coordinates": [ 588778.535531882545911, 4516663.086522973142564 ] } },
{ "type": "Feature", "properties": { "node_index": 4384, "is_stop_only": false }, "geometry": { "type": "Point", "coordinates": [ 588926.304996291757561, 4516582.692387215793133 ] } },
{ "type": "Feature", "properties": { "node_index": 4385, "is_stop_only": false }, "geometry": { "type": "Point", "coordinates": [ 589051.729468987789005, 4516515.366123958490789 ] } },
{ "type": "Feature", "properties": { "node_index": 4386, "is_stop_only": false }, "geometry": { "type": "Point", "coordinates": [ 589188.461625076248311, 4516441.838756481185555 ] } },
{ "type": "Feature", "properties": { "node_index": 4387, "is_stop_only": false }, "geometry": { "type": "Point", "coordinates": [ 589378.619846398709342, 4516338.682760924100876 ] } },
{ "type": "Feature", "properties": { "node_index": 4388, "is_stop_only": false }, "geometry": { "type": "Point", "coordinates": [ 589579.65557507192716, 4516229.623485133983195 ] } },
{ "type": "Feature", "properties": { "node_index": 4389, "is_stop_only": false }, "geometry": { "type": "Point", "coordinates": [ 584519.994878131663427, 4506856.471191179938614 ] } },
{ "type": "Feature", "properties": { "node_index": 4390, "is_stop_only": false }, "geometry": { "type": "Point", "coordinates": [ 583641.806630651815794, 4506827.502072332426906 ] } },
{ "type": "Feature", "properties": { "node_index": 4391, "is_stop_only": false }, "geometry": { "type": "Point", "coordinates": [ 583462.421095584519207, 4506957.485402104444802 ] } },
{ "type": "Feature", "properties": { "node_index": 4392, "is_stop_only": false }, "geometry": { "type": "Point", "coordinates": [ 583385.55454444361385, 4507001.47339185886085 ] } },
{ "type": "Feature", "properties": { "node_index": 4393, "is_stop_only": false }, "geometry": { "type": "Point", "coordinates": [ 583871.9859120399924, 4506636.702530886046588 ] } },
{ "type": "Feature", "properties": { "node_index": 4394, "is_stop_only": false }, "geometry": { "type": "Point", "coordinates": [ 583743.630995267303661, 4506741.799238162115216 ] } },
{ "type": "Feature", "properties": { "node_index": 4395, "is_stop_only": false }, "geometry": { "type": "Point", "coordinates": [ 584615.505136104067788, 4511926.870510320179164 ] } },
{ "type": "Feature", "properties": { "node_index": 4396, "is_stop_only": false }, "geometry": { "type": "Point", "coordinates": [ 584694.452169799362309, 4512067.9265989176929 ] } },
{ "type": "Feature", "properties": { "node_index": 4397, "is_stop_only": false }, "geometry": { "type": "Point", "coordinates": [ 586920.492595287039876, 4511045.547280571423471 ] } },
{ "type": "Feature", "properties": { "node_index": 4398, "is_stop_only": false }, "geometry": { "type": "Point", "coordinates": [ 584881.74947564676404, 4512420.766443079337478 ] } },
{ "type": "Feature", "properties": { "node_index": 4399, "is_stop_only": false }, "geometry": { "type": "Point", "coordinates": [ 586466.713161809951998, 4507667.632675109431148 ] } },
{ "type": "Feature", "properties": { "node_index": 4400, "is_stop_only": false }, "geometry": { "type": "Point", "coordinates": [ 584919.651120979338884, 4512488.802168486639857 ] } },
{ "type": "Feature", "properties": { "node_index": 4401, "is_stop_only": false }, "geometry": { "type": "Point", "coordinates": [ 584653.714756056317128, 4512001.647228964604437 ] } },
{ "type": "Feature", "properties": { "node_index": 4402, "is_stop_only": false }, "geometry": { "type": "Point", "coordinates": [ 584489.285986360278912, 4511633.853647708892822 ] } },
{ "type": "Feature", "properties": { "node_index": 4403, "is_stop_only": false }, "geometry": { "type": "Point", "coordinates": [ 589822.855784399900585, 4523685.804007216356695 ] } },
{ "type": "Feature", "properties": { "node_index": 4404, "is_stop_only": false }, "geometry": { "type": "Point", "coordinates": [ 584393.947564612026326, 4506999.563333517871797 ] } },
{ "type": "Feature", "properties": { "node_index": 4405, "is_stop_only": false }, "geometry": { "type": "Point", "coordinates": [ 586462.19759668468032, 4510929.973824257962406 ] } },
{ "type": "Feature", "properties": { "node_index": 4406, "is_stop_only": false }, "geometry": { "type": "Point", "coordinates": [ 591704.773885165224783, 4525207.400638733059168 ] } },
{ "type": "Feature", "properties": { "node_index": 4407, "is_stop_only": false }, "geometry": { "type": "Point", "coordinates": [ 589844.701499853399582, 4523690.24448571074754 ] } },
{ "type": "Feature", "properties": { "node_index": 4408, "is_stop_only": false }, "geometry": { "type": "Point", "coordinates": [ 589982.614207410137169, 4524476.379931469447911 ] } },
{ "type": "Feature", "properties": { "node_index": 4409, "is_stop_only": false }, "geometry": { "type": "Point", "coordinates": [ 584372.445880888262764, 4512057.690643029287457 ] } },
{ "type": "Feature", "properties": { "node_index": 4410, "is_stop_only": false }, "geometry": { "type": "Point", "coordinates": [ 589954.009491976117715, 4524124.289100576192141 ] } }
]
}
